# Blender 5.1.1
# www.blender.org
mtllib gate_door_left.mtl
o gate_door_left
v -0.018052 0.000543 0.014188
v -0.017948 0.000712 -0.016240
v -0.004555 0.013906 0.014573
v 0.000027 0.015136 -0.016012
v -0.000811 0.500179 -0.015479
v 0.000162 0.015527 0.013065
v 0.070664 0.014872 0.014325
v -0.001237 0.417113 -0.015409
v 0.001398 0.481969 -0.014959
v -0.000894 0.127069 -0.015100
v -0.000008 0.120026 -0.014382
v -0.000987 0.434679 -0.015005
v -0.002451 0.458652 -0.005337
v 0.000411 0.483416 0.012914
v 0.000340 0.496623 0.012608
v 0.001075 0.486768 0.012916
v 0.000401 0.126843 0.012873
v -0.001388 0.460904 0.002589
v -0.002020 0.089454 -0.004496
v 0.001134 0.090685 0.003931
v 0.000416 0.126852 0.012922
v -0.001400 0.112177 -0.006526
v -0.000830 0.461901 -0.005084
v -0.000708 0.479743 -0.003016
v 0.000607 0.089022 -0.006535
v 0.000311 0.476981 -0.003422
v -0.001143 0.462077 -0.004869
v -0.000745 0.091066 0.004576
v 0.001032 0.089322 -0.005917
v 0.000038 0.129069 -0.000521
v -0.000746 0.417391 0.001322
v -0.000545 0.480696 -0.014579
v -0.000682 0.480478 0.013067
v -0.001035 0.104211 0.004772
v -0.000396 0.112457 0.002724
v -0.000124 0.119873 0.012535
v -0.002010 0.456419 -0.002935
v 0.002276 0.453814 0.002588
v 0.001356 0.453305 -0.003853
v 0.000595 0.497514 -0.014405
v 0.003159 0.496176 -0.014359
v -0.001037 0.117017 -0.004536
v 0.005211 0.457033 -0.005121
v -0.001046 0.117064 -0.004516
v -0.000209 0.015377 0.012928
v 0.001683 0.129187 0.012044
v -0.001534 0.434210 0.012489
v -0.001043 0.502066 -0.015643
v 0.001266 0.433464 -0.014314
v 0.001262 0.433500 -0.014330
v 0.001098 0.129175 -0.013815
v 0.001385 0.461833 0.003019
v 0.001459 0.461686 0.003105
v 0.000543 0.106251 -0.005579
v 0.001286 0.477018 0.000792
v 0.003028 0.113196 -0.003181
v -0.000058 0.129535 -0.014133
v 0.001467 0.126974 -0.014666
v 0.001206 0.497095 -0.014306
v -0.000542 0.471864 0.003077
v 0.001229 0.418029 -0.014210
v -0.000068 0.475899 0.000560
v -0.000656 0.480013 0.001968
v -0.000652 0.479783 -0.002974
v 0.003331 0.480314 0.003499
v 0.001432 0.480103 -0.001777
v 0.003213 0.479435 -0.002490
v 0.002028 0.479495 -0.001726
v 0.001265 0.119175 0.002962
v 0.001186 0.119318 0.002910
v 0.003283 0.112891 0.002343
v 0.000598 0.481566 -0.016585
v 0.001348 0.418078 0.001776
v -0.000573 0.480496 0.012571
v 0.001378 0.418148 0.012245
v -0.000137 0.098246 0.004773
v -0.000104 0.129266 -0.013774
v 0.001467 0.126974 -0.014666
v -0.000182 0.098227 0.004605
v 0.001283 0.431233 -0.014836
v 0.006489 0.098893 0.004183
v 0.006382 0.098899 0.004152
v 0.006157 0.431186 -0.014821
v 0.006621 0.418513 -0.014430
v 0.000937 0.418598 0.012634
v 0.000419 0.431014 0.012894
v 0.015552 0.486290 -0.014721
v 0.001388 0.433908 0.012443
v 0.002315 0.482087 0.012866
v 0.001075 0.486768 0.012916
v 0.006621 0.418513 -0.014430
v 0.004618 0.085857 0.004694
v 0.006022 0.115927 -0.003622
v 0.004398 0.119603 0.005300
v 0.004448 0.119274 0.005327
v 0.006309 0.099626 -0.006094
v 0.011536 0.433914 0.006343
v 0.011805 0.433699 -0.007342
v 0.013444 0.015288 0.012981
v 0.021322 0.434319 0.012539
v 0.001283 0.431233 -0.014836
v 0.006158 0.431189 -0.014808
v 0.014708 0.121257 0.012778
v 0.009321 0.126930 0.012780
v 0.005361 0.087027 -0.006494
v 0.017384 0.418351 -0.006044
v 0.001348 0.418103 0.001776
v 0.017384 0.418351 -0.006044
v 0.007244 0.471637 -0.003764
v 0.005098 0.457067 -0.004636
v 0.003286 0.458033 0.003667
v 0.003331 0.458040 0.003306
v 0.003879 0.465353 0.003086
v 0.002371 0.479452 -0.002688
v 0.005743 0.475710 -0.005156
v 0.003717 0.481423 -0.001768
v 0.009945 0.127087 -0.014663
v 0.009973 0.127076 -0.014628
v 0.003742 0.448896 -0.005428
v 0.004186 0.445578 0.000765
v 0.005016 0.474997 0.002006
v 0.003551 0.479376 0.000095
v 0.002784 0.479708 0.000573
v 0.004538 0.086975 -0.006853
v 0.006886 0.453119 -0.005141
v 0.005467 0.445546 -0.004577
v 0.003320 0.476908 0.003832
v 0.008551 0.449506 0.003621
v 0.005827 0.115788 0.001609
v 0.008503 0.496210 0.000464
v 0.008539 0.496126 -0.014130
v 0.005786 0.444954 -0.002664
v 0.007348 0.455348 0.002436
v 0.012462 0.127722 0.013756
v 0.008323 0.479965 -0.005494
v 0.005783 0.475780 -0.004579
v 0.015432 0.128856 0.009343
v 0.017652 0.129578 0.004755
v 0.013023 0.128951 -0.014079
v 0.017084 0.129580 -0.007332
v 0.004124 0.449431 -0.005003
v 0.005506 0.445893 -0.004609
v 0.006886 0.453119 -0.005141
v 0.006586 0.473660 0.002931
v 0.009446 0.479657 0.002442
v 0.004464 0.168761 -0.004427
v 0.004932 0.147933 -0.006227
v 0.006388 0.145373 0.004390
v 0.004665 0.168146 0.004470
v 0.015884 0.120075 -0.007273
v 0.009085 0.119933 0.004245
v 0.009085 0.119933 0.004245
v 0.005337 0.167971 -0.006485
v 0.006730 0.454944 0.002020
v 0.004581 0.446021 0.000695
v 0.005786 0.444954 -0.002664
v 0.009988 0.442175 0.002465
v 0.005841 0.446056 0.002814
v 0.004350 0.168752 -0.004975
v 0.004715 0.168143 0.004432
v 0.005628 0.168148 -0.005769
v 0.006620 0.418566 -0.014421
v 0.005707 0.455699 -0.003145
v 0.007036 0.472029 0.002458
v 0.002315 0.482087 0.012866
v 0.014647 0.088260 -0.005873
v 0.016494 0.075729 -0.006306
v 0.014772 0.088492 -0.006928
v 0.017846 0.087071 -0.006340
v 0.017345 0.149035 -0.006689
v 0.010314 0.140624 -0.006243
v 0.009129 0.178063 0.004271
v 0.008332 0.176982 -0.006245
v 0.006886 0.453119 -0.005141
v 0.007441 0.171549 0.004777
v 0.007441 0.171549 0.004777
v 0.012692 0.164195 0.004647
v 0.012721 0.170580 0.004727
v 0.007635 0.173494 0.004788
v 0.013617 0.015209 0.012909
v 0.016977 0.480642 0.012473
v 0.025031 0.480301 0.012296
v 0.008585 0.449773 0.002946
v 0.015906 0.128907 -0.013754
v 0.025312 0.482218 -0.012403
v 0.006409 0.456017 -0.003390
v 0.006989 0.455053 0.002182
v 0.010969 0.079820 0.004461
v 0.018731 0.418978 -0.011577
v 0.006621 0.418513 -0.014430
v 0.018768 0.418535 -0.011626
v 0.006960 0.472066 0.002395
v 0.009090 0.096069 0.004143
v 0.008553 0.475783 -0.004160
v 0.008783 0.475895 -0.004167
v 0.011676 0.447879 -0.004568
v 0.009226 0.095859 0.003927
v 0.016905 0.153525 0.004738
v 0.010569 0.447295 0.002529
v 0.007386 0.471519 -0.003854
v 0.008898 0.475630 -0.004375
v 0.025243 0.480667 0.012467
v 0.012721 0.170580 0.004727
v 0.010124 0.174661 -0.006716
v 0.010126 0.174663 -0.006640
v 0.015552 0.486290 -0.014721
v 0.013521 0.480346 -0.006985
v 0.014044 0.180083 0.004681
v 0.007635 0.173494 0.004788
v 0.012721 0.170580 0.004727
v 0.014042 0.180083 0.004687
v 0.008273 0.450856 0.003314
v 0.016506 0.480287 0.006944
v 0.008559 0.193100 -0.006222
v 0.009295 0.214187 0.004601
v 0.023328 0.131554 -0.006984
v 0.009389 0.191262 0.003396
v 0.009312 0.213957 -0.006165
v 0.017174 0.169793 -0.006632
v 0.013742 0.193994 -0.006512
v 0.017505 0.194745 -0.006599
v 0.017512 0.206034 -0.006663
v 0.017555 0.496388 0.002853
v 0.008503 0.496210 0.000464
v 0.021127 0.496976 -0.007009
v 0.008568 0.496212 -0.014177
v 0.017481 0.496247 0.002853
v 0.024488 0.495848 -0.013410
v 0.019252 0.123442 -0.015696
v 0.013443 0.138200 0.004359
v 0.012516 0.095123 0.002136
v 0.010437 0.447186 0.002774
v 0.013003 0.446465 0.002823
v 0.012905 0.479284 -0.000711
v 0.013368 0.127981 0.012703
v 0.013955 0.088624 0.004193
v 0.015414 0.096201 0.002993
v 0.011645 0.206415 0.004673
v 0.011425 0.194265 0.004677
v 0.011549 0.479475 0.000830
v 0.011549 0.479475 0.000830
v 0.011600 0.192441 -0.006588
v 0.019239 0.208085 -0.006645
v 0.018134 0.119312 0.004760
v 0.025816 0.495386 -0.014274
v 0.019283 0.123331 -0.014637
v 0.013429 0.120633 0.000686
v 0.013427 0.120627 0.000688
v 0.015529 0.191334 -0.005006
v 0.010099 0.191951 0.002391
v 0.015528 0.191358 -0.005002
v 0.018580 0.191852 0.004357
v 0.011754 0.092562 0.001371
v 0.036028 0.432854 0.012787
v 0.018615 0.144622 0.004657
v 0.017476 0.147778 0.004620
v 0.012734 0.094777 0.002926
v 0.038325 0.418748 -0.014268
v 0.025097 0.084191 0.004561
v 0.013472 0.479902 0.003020
v 0.011425 0.194265 0.004677
v 0.014429 0.436649 0.002966
v 0.021143 0.208769 0.004204
v 0.011644 0.206413 0.004697
v 0.022031 0.417067 0.004450
v 0.013505 0.089824 -0.005014
v 0.012850 0.090352 -0.001411
v 0.019623 0.181782 -0.006412
v 0.017480 0.179941 -0.006622
v 0.014389 0.437000 -0.004898
v 0.012584 0.479323 -0.000128
v 0.019807 0.185135 0.004287
v 0.011661 0.192502 -0.006409
v 0.013742 0.193994 -0.006512
v 0.019166 0.191674 -0.006099
v 0.012584 0.094613 0.002873
v 0.012850 0.090352 -0.001411
v 0.020559 0.217917 -0.005996
v 0.015330 0.479872 0.003316
v 0.012373 0.479023 -0.000119
v 0.013066 0.478271 -0.000936
v 0.012692 0.164195 0.004647
v 0.016725 0.153580 0.003572
v 0.012616 0.479216 -0.001510
v 0.013810 0.480300 -0.006745
v 0.017979 0.075455 0.004299
v 0.017139 0.444201 0.002766
v 0.013580 0.089865 -0.005045
v 0.014857 0.480445 0.002298
v 0.015659 0.214061 0.004685
v 0.015659 0.214061 0.004685
v 0.019825 0.442864 -0.005120
v 0.015855 0.444776 0.003491
v 0.015586 0.474252 0.002164
v 0.019574 0.216155 0.004605
v 0.025133 0.480393 -0.012878
v 0.015308 0.475008 -0.004832
v 0.017301 0.118375 -0.004914
v 0.016047 0.119523 0.002878
v 0.016169 0.118567 0.003232
v 0.034429 0.015247 0.003824
v 0.034501 0.015242 0.003608
v 0.021133 0.435722 0.006301
v 0.017505 0.194745 -0.006599
v 0.022184 0.433833 0.009139
v 0.024840 0.433967 0.012375
v 0.021207 0.480094 -0.007876
v 0.016213 0.134471 -0.005750
v 0.025857 0.433729 -0.014160
v 0.023303 0.179600 0.004717
v 0.023303 0.179600 0.004717
v 0.015236 0.088098 -0.006032
v 0.015454 0.128880 0.009260
v 0.013368 0.127981 0.012703
v 0.066178 0.128728 0.012114
v 0.035962 0.120142 0.012499
v 0.015504 0.096591 0.003052
v 0.015971 0.096683 0.004082
v 0.017474 0.156487 -0.006259
v 0.017447 0.165098 -0.005608
v 0.018706 0.479388 0.003803
v 0.016506 0.480287 0.006944
v 0.017403 0.163683 0.004403
v 0.017541 0.129794 0.006778
v 0.018576 0.097489 0.004345
v 0.017862 0.131142 0.006962
v 0.021049 0.479766 -0.008231
v 0.015597 0.096762 0.003951
v 0.018576 0.097489 0.004345
v 0.017102 0.099552 0.004060
v 0.019251 0.437379 0.003322
v 0.019291 0.444133 0.002320
v 0.019604 0.216059 0.004663
v 0.017517 0.137021 0.004941
v 0.016702 0.096374 -0.005544
v 0.022812 0.186245 -0.006243
v 0.014708 0.121257 0.012778
v 0.024910 0.126983 0.012784
v 0.017791 0.133024 0.004263
v 0.017480 0.179941 -0.006622
v 0.028709 0.175659 -0.006347
v 0.017339 0.169638 -0.006038
v 0.025230 0.480530 0.012469
v 0.016757 0.102510 -0.004948
v 0.018948 0.167506 0.004422
v 0.038166 0.418645 0.012653
v 0.021254 0.086149 -0.001961
v 0.016746 0.154997 0.004194
v 0.019138 0.168126 -0.006242
v 0.017095 0.110431 0.002113
v 0.016661 0.107177 -0.005597
v 0.017595 0.110354 0.001900
v 0.017439 0.106556 0.003203
v 0.018866 0.148669 -0.006157
v 0.027064 0.219036 -0.006885
v 0.018455 0.144777 0.005589
v 0.022753 0.169742 -0.006265
v 0.028257 0.098346 0.004082
v 0.017323 0.163695 0.004281
v 0.017439 0.106556 0.003203
v 0.023938 0.107506 0.003262
v 0.019052 0.198677 0.003938
v 0.017483 0.107110 -0.004807
v 0.017100 0.514398 -0.005459
v 0.017555 0.514142 0.002840
v 0.021978 0.511415 -0.002461
v 0.024454 0.143766 -0.005952
v 0.017535 0.526755 -0.006201
v 0.017602 0.543563 0.003752
v 0.018581 0.149192 -0.006238
v 0.017898 0.521754 0.004661
v 0.017572 0.543598 -0.005557
v 0.016792 0.102806 -0.005063
v 0.017467 0.163400 -0.006159
v 0.017467 0.163400 -0.006159
v 0.020179 0.098827 -0.006139
v 0.017389 0.533394 -0.006545
v 0.022000 0.534444 -0.007019
v 0.022195 0.499743 0.000380
v 0.020935 0.500011 0.000445
v 0.017711 0.514079 -0.005033
v 0.018185 0.111582 -0.004829
v 0.017512 0.206034 -0.006663
v 0.019563 0.208187 -0.006684
v 0.017744 0.130723 0.004116
v 0.017541 0.129794 0.006778
v 0.022271 0.130311 0.005710
v 0.019544 0.181910 -0.006626
v 0.025023 0.178499 -0.006739
v 0.017554 0.137355 0.004685
v 0.017546 0.543564 -0.005690
v 0.021933 0.544839 -0.005707
v 0.017797 0.522818 -0.005838
v 0.024013 0.443720 -0.005143
v 0.021722 0.465857 -0.004544
v 0.023332 0.473699 -0.004493
v 0.020211 0.117134 -0.005735
v 0.021239 0.524858 -0.007915
v 0.021821 0.183845 -0.006668
v 0.026331 0.086852 -0.006107
v 0.022584 0.086631 -0.006015
v 0.027282 0.084572 -0.006618
v 0.032316 0.076218 -0.006200
v 0.020159 0.098882 -0.005712
v 0.021153 0.513289 -0.007414
v 0.022177 0.511413 -0.002413
v 0.033702 0.494990 0.012477
v 0.023700 0.101218 0.004395
v 0.021576 0.545038 -0.005880
v 0.022596 0.533969 0.005250
v 0.028117 0.097936 -0.005909
v 0.021240 0.524595 0.005851
v 0.020275 0.117225 -0.005299
v 0.041967 0.119841 -0.009201
v 0.024788 0.470195 -0.005326
v 0.021830 0.512686 0.004736
v 0.077924 0.001920 -0.016393
v 0.025217 0.495464 -0.014048
v 0.023222 0.479457 0.002031
v 0.023990 0.469167 0.002601
v 0.019606 0.148282 0.004267
v 0.017931 0.480785 -0.014347
v 0.037145 0.480526 -0.013794
v 0.025126 0.480434 -0.012867
v 0.025408 0.482110 -0.014461
v 0.023855 0.447076 0.002375
v 0.026003 0.210452 -0.006656
v 0.023486 0.208917 -0.005935
v 0.019247 0.437416 0.003389
v 0.021094 0.435620 0.006274
v 0.022455 0.446023 0.002971
v 0.019288 0.444124 0.002298
v 0.027231 0.123145 -0.014615
v 0.023698 0.101208 0.004219
v 0.021566 0.464948 0.002038
v 0.021566 0.418814 -0.008764
v 0.022082 0.418512 -0.008532
v 0.022051 0.416246 -0.006309
v 0.021724 0.544733 0.003979
v 0.037366 0.129048 -0.011826
v 0.025023 0.178499 -0.006739
v 0.022818 0.496854 0.005833
v 0.024953 0.480192 0.004617
v 0.024998 0.210851 0.004721
v 0.024998 0.210851 0.004721
v 0.039510 0.118721 -0.006515
v 0.034354 0.117303 -0.006211
v 0.032845 0.076324 0.003408
v 0.031173 0.076944 0.004572
v 0.026349 0.098707 -0.005131
v 0.028950 0.121282 0.012772
v 0.024909 0.126983 0.012768
v 0.023502 0.447421 -0.003751
v 0.032191 0.487345 -0.014514
v 0.025408 0.482110 -0.014461
v 0.026292 0.112517 -0.004297
v 0.034354 0.117303 -0.006211
v 0.043714 0.119834 0.007094
v 0.022597 0.502861 -0.005154
v 0.024455 0.143635 -0.006276
v 0.030815 0.544845 -0.005667
v 0.034818 0.542804 -0.005542
v 0.034747 0.536305 -0.005726
v 0.046017 0.119838 0.011205
v 0.030821 0.436965 -0.006090
v 0.022757 0.169438 0.004260
v 0.033944 0.434781 0.004575
v 0.024454 0.186385 0.004332
v 0.021269 0.479637 -0.007909
v 0.024557 0.479705 -0.005318
v 0.025126 0.480434 -0.012867
v 0.022184 0.433833 0.009139
v 0.021369 0.433956 0.012392
v 0.038198 0.435330 0.012388
v 0.023122 0.473964 -0.004757
v 0.029541 0.537558 0.004432
v 0.023268 0.531994 -0.012909
v 0.023235 0.224715 -0.006030
v 0.035926 0.418127 -0.007331
v 0.022975 0.224560 0.004183
v 0.021891 0.511781 0.002529
v 0.022559 0.512718 0.004207
v 0.021980 0.500278 0.002654
v 0.025644 0.087768 0.001811
v 0.039694 0.423280 0.012499
v 0.023353 0.514260 0.011392
v 0.041303 0.131188 0.006687
v 0.024666 0.447634 0.002074
v 0.023224 0.513966 -0.012895
v 0.023753 0.533794 0.010996
v 0.021760 0.511745 0.002579
v 0.021980 0.500278 0.002654
v 0.022257 0.251607 -0.006252
v 0.021982 0.259582 0.002965
v 0.021954 0.252674 -0.004999
v 0.021983 0.249386 0.002969
v 0.021982 0.259582 0.002965
v 0.022918 0.252551 -0.004938
v 0.022741 0.236713 0.004108
v 0.021983 0.249386 0.002969
v 0.023076 0.555544 -0.005904
v 0.022152 0.296259 0.002985
v 0.021968 0.249335 0.002960
v 0.022364 0.255649 0.004419
v 0.022387 0.255628 0.004400
v 0.022747 0.555923 0.003902
v 0.022393 0.384983 -0.006201
v 0.022146 0.296282 0.002987
v 0.022074 0.380529 -0.005026
v 0.022115 0.387718 0.002996
v 0.022072 0.380528 -0.005026
v 0.022103 0.387690 0.002974
v 0.022408 0.384958 -0.006195
v 0.022166 0.318338 0.003001
v 0.028837 0.218558 0.004731
v 0.022927 0.236590 -0.005858
v 0.022105 0.373765 0.002953
v 0.023393 0.381949 0.003970
v 0.022775 0.375697 0.002977
v 0.022168 0.318358 0.003003
v 0.022348 0.305087 0.004207
v 0.022370 0.304984 0.004159
v 0.023600 0.254796 -0.006638
v 0.023635 0.381630 -0.006515
v 0.023613 0.254788 -0.006577
v 0.022904 0.555628 -0.006210
v 0.033835 0.434121 -0.009367
v 0.023628 0.381629 -0.006543
v 0.024791 0.208237 -0.006137
v 0.023759 0.383820 0.004663
v 0.023754 0.383827 0.004685
v 0.029405 0.552629 0.004271
v 0.025023 0.178499 -0.006739
v 0.021834 0.183831 -0.006626
v 0.027456 0.183888 -0.006675
v 0.046071 0.129472 0.006089
v 0.025711 0.099030 -0.006304
v 0.030878 0.500486 0.004173
v 0.031137 0.512618 0.004598
v 0.026067 0.174431 0.004327
v 0.028884 0.534011 0.011033
v 0.030693 0.513552 -0.012782
v 0.024788 0.208231 -0.006140
v 0.026264 0.496121 -0.007907
v 0.023318 0.447567 -0.004039
v 0.024315 0.448160 -0.005034
v 0.028862 0.235922 0.003949
v 0.031406 0.513849 0.011164
v 0.031311 0.490123 0.012779
v 0.028075 0.227283 0.004056
v 0.028074 0.236723 -0.006888
v 0.024390 0.104668 0.003578
v 0.024516 0.107046 -0.005021
v 0.028215 0.224461 -0.006736
v 0.029377 0.229625 -0.006163
v 0.030365 0.186387 0.004484
v 0.024445 0.186333 0.004333
v 0.024573 0.470592 -0.004761
v 0.026329 0.112144 0.002979
v 0.023973 0.443773 -0.005211
v 0.026340 0.142661 0.004443
v 0.022584 0.086631 -0.006015
v 0.026460 0.087162 -0.004895
v 0.027282 0.084572 -0.006618
v 0.024551 0.448018 0.003310
v 0.023435 0.453183 0.002819
v 0.030227 0.534893 -0.007635
v 0.027456 0.183888 -0.006675
v 0.029586 0.249605 0.004705
v 0.029586 0.249605 0.004712
v 0.031616 0.411863 -0.006035
v 0.029642 0.401567 -0.006606
v 0.031180 0.249517 -0.006742
v 0.029635 0.382628 -0.006534
v 0.031304 0.500656 -0.005222
v 0.031517 0.249061 -0.006478
v 0.031513 0.381179 -0.006153
v 0.031730 0.246274 0.004680
v 0.031380 0.320561 -0.006185
v 0.029602 0.382621 -0.006541
v 0.031925 0.417317 0.004474
v 0.028525 0.556011 -0.006086
v 0.031042 0.511801 -0.006524
v 0.030365 0.186387 0.004484
v 0.031862 0.414951 -0.006372
v 0.024308 0.104452 0.003200
v 0.024553 0.448018 0.003301
v 0.031630 0.329563 0.004239
v 0.031815 0.414636 -0.006771
v 0.029691 0.376470 0.004675
v 0.031025 0.377773 0.004134
v 0.029690 0.376470 0.004671
v 0.022986 0.186099 -0.006022
v 0.042139 0.186485 -0.006366
v 0.028481 0.556054 -0.005903
v 0.029280 0.463868 0.003327
v 0.029976 0.469459 0.002658
v 0.041559 0.130722 0.005940
v 0.028781 0.556001 0.003898
v 0.037959 0.128565 -0.014269
v 0.023973 0.443773 -0.005211
v 0.024315 0.448160 -0.005034
v 0.031242 0.436572 -0.006180
v 0.031061 0.512889 0.004945
v 0.023961 0.108222 0.002916
v 0.026297 0.112632 0.002461
v 0.032569 0.457968 -0.005225
v 0.032557 0.457857 -0.005183
v 0.024390 0.104668 0.003578
v 0.025852 0.102325 -0.003312
v 0.025600 0.103102 -0.002154
v 0.030663 0.480105 -0.007106
v 0.028723 0.480372 -0.004321
v 0.029653 0.534144 0.005597
v 0.027714 0.480405 0.000825
v 0.030972 0.479135 -0.006759
v 0.034685 0.129135 -0.013880
v 0.029909 0.469402 -0.004533
v 0.029430 0.468476 -0.003802
v 0.024953 0.480192 0.004617
v 0.027714 0.480405 0.000825
v 0.031725 0.479779 0.002923
v 0.025349 0.087000 0.004380
v 0.025090 0.084197 0.004693
v 0.025919 0.086179 0.004225
v 0.027944 0.088067 0.004299
v 0.032288 0.177578 -0.006696
v 0.033035 0.177320 -0.006628
v 0.031753 0.137373 -0.006813
v 0.031753 0.137373 -0.006813
v 0.032191 0.487345 -0.014514
v 0.037846 0.484063 -0.014475
v 0.029803 0.114093 -0.004848
v 0.034795 0.131272 -0.008603
v 0.031814 0.447251 0.003525
v 0.031814 0.447251 0.003525
v 0.035455 0.497437 0.003382
v 0.025993 0.210433 -0.006850
v 0.032066 0.205521 -0.005991
v 0.031386 0.078456 -0.006645
v 0.031504 0.078312 -0.006801
v 0.028778 0.532786 -0.012667
v 0.025230 0.480530 0.012469
v 0.033706 0.480632 0.012430
v 0.031229 0.076878 0.004675
v 0.031337 0.471841 -0.005119
v 0.032368 0.453101 0.003566
v 0.035094 0.204820 0.004242
v 0.026001 0.210436 -0.006702
v 0.028034 0.224391 -0.006638
v 0.033494 0.208108 -0.006653
v 0.033499 0.208105 -0.006640
v 0.035026 0.141262 -0.006876
v 0.030495 0.090745 -0.006203
v 0.027285 0.100798 -0.004813
v 0.025857 0.433729 -0.014160
v 0.033833 0.434025 -0.009374
v 0.038130 0.435182 -0.014368
v 0.035719 0.434335 -0.014338
v 0.031311 0.490123 0.012779
v 0.046386 0.120506 -0.013475
v 0.046091 0.120682 -0.013288
v 0.029935 0.113115 0.002268
v 0.031056 0.113476 0.002362
v 0.038003 0.115269 0.003935
v 0.028723 0.480372 -0.004321
v 0.037798 0.434667 0.012443
v 0.035507 0.213712 0.004611
v 0.028837 0.218558 0.004731
v 0.028026 0.227509 0.004068
v 0.029676 0.230441 0.004175
v 0.031684 0.233326 -0.006579
v 0.038826 0.096673 0.004554
v 0.039132 0.080624 0.004395
v 0.028115 0.235143 0.003981
v 0.029565 0.231475 0.004511
v 0.029462 0.236983 0.004633
v 0.028128 0.236972 -0.006625
v 0.031521 0.249205 -0.007538
v 0.037339 0.243207 -0.006100
v 0.031684 0.233326 -0.006579
v 0.035694 0.495608 -0.014156
v 0.035937 0.495699 -0.014832
v 0.031021 0.544755 0.004564
v 0.028781 0.556001 0.003898
v 0.039563 0.423543 -0.014598
v 0.042466 0.186339 0.004435
v 0.029052 0.552677 0.004065
v 0.035521 0.226093 -0.006658
v 0.035430 0.221694 0.004624
v 0.028837 0.218558 0.004731
v 0.035549 0.221753 0.004666
v 0.028950 0.121282 0.012772
v 0.035961 0.120144 0.012494
v 0.029280 0.463868 0.003327
v 0.032368 0.453101 0.003566
v 0.033761 0.465652 0.002469
v 0.029967 0.469478 0.002666
v 0.030616 0.480016 -0.007087
v 0.031765 0.246437 0.004762
v 0.034425 0.174078 0.004436
v 0.032015 0.259898 0.004121
v 0.029586 0.249605 0.004705
v 0.031344 0.251361 0.004504
v 0.032234 0.259880 0.004607
v 0.031344 0.251361 0.004504
v 0.031393 0.261035 -0.005601
v 0.029624 0.382600 -0.006488
v 0.029642 0.401567 -0.006606
v 0.031403 0.381192 -0.006098
v 0.039827 0.143109 0.004490
v 0.031841 0.412908 -0.005878
v 0.031040 0.544580 0.003782
v 0.037115 0.129055 -0.013831
v 0.035518 0.226094 -0.006617
v 0.031694 0.378404 0.004533
v 0.035377 0.496686 -0.006704
v 0.029930 0.114104 -0.004676
v 0.040907 0.108747 -0.005281
v 0.034376 0.117339 -0.006024
v 0.029884 0.469549 -0.004476
v 0.031444 0.471145 -0.004071
v 0.038172 0.493827 -0.014604
v 0.041860 0.143107 -0.006468
v 0.030056 0.113187 0.002521
v 0.035953 0.112726 0.003758
v 0.032084 0.526061 0.006146
v 0.038909 0.097977 0.004030
v 0.031908 0.525470 -0.008140
v 0.031898 0.477140 -0.004088
v 0.030534 0.510177 0.003860
v 0.031255 0.500129 0.003915
v 0.031440 0.512219 0.002889
v 0.032728 0.476486 -0.003436
v 0.031382 0.512456 0.004869
v 0.044721 0.435194 -0.014635
v 0.031328 0.249391 -0.006874
v 0.031329 0.260997 -0.005609
v 0.032233 0.250533 -0.005952
v 0.031791 0.250185 -0.005930
v 0.035293 0.514033 0.002830
v 0.035415 0.513884 -0.005774
v 0.031795 0.374880 0.003955
v 0.032933 0.076230 0.003490
v 0.035074 0.528107 0.003297
v 0.032345 0.250743 0.003965
v 0.031311 0.490123 0.012779
v 0.033706 0.480632 0.012430
v 0.035820 0.495746 0.012561
v 0.033665 0.495171 0.012436
v 0.035227 0.542835 0.003521
v 0.035083 0.543137 0.003817
v 0.031344 0.251361 0.004504
v 0.032169 0.250648 0.003508
v 0.031668 0.512153 0.002890
v 0.033337 0.077145 -0.006183
v 0.033748 0.076821 -0.006348
v 0.032585 0.453183 -0.003040
v 0.031555 0.468187 -0.005484
v 0.032569 0.457968 -0.005225
v 0.031786 0.374886 0.003946
v 0.035319 0.513776 0.002750
v 0.042939 0.236277 0.004046
v 0.032252 0.472881 -0.004151
v 0.035483 0.418436 -0.007213
v 0.032368 0.453101 0.003566
v 0.038777 0.097378 -0.006255
v 0.042962 0.235286 -0.005704
v 0.035316 0.479586 0.003950
v 0.035647 0.497451 0.003177
v 0.037845 0.484067 -0.014421
v 0.032308 0.076370 -0.005958
v 0.032813 0.453153 -0.003086
v 0.034289 0.463828 -0.003959
v 0.032569 0.457968 -0.005225
v 0.034105 0.463748 -0.003901
v 0.041900 0.475944 -0.003756
v 0.035421 0.466838 -0.004210
v 0.040297 0.481107 0.012240
v 0.036603 0.244928 0.004188
v 0.036057 0.205723 -0.005857
v 0.036220 0.205593 -0.005983
v 0.082630 0.000585 -0.015022
v 0.041802 0.485561 0.014285
v 0.039529 0.483956 0.012642
v 0.040439 0.173753 -0.006682
v 0.043788 0.172488 -0.006529
v 0.031753 0.137373 -0.006813
v 0.034937 0.141153 -0.006703
v 0.041517 0.128601 -0.007357
v 0.041875 0.473289 0.001721
v 0.035726 0.112566 0.003743
v 0.041472 0.480063 -0.005075
v 0.041789 0.478054 0.002615
v 0.035758 0.467020 -0.004184
v 0.034472 0.167363 0.004397
v 0.035071 0.166749 -0.006159
v 0.057842 0.015139 -0.001906
v 0.034714 0.129113 -0.013860
v 0.037413 0.128941 -0.011796
v 0.037542 0.128545 -0.014053
v 0.040262 0.166887 -0.006358
v 0.041916 0.143014 -0.006452
v 0.035033 0.528212 0.003725
v 0.039166 0.500693 0.012306
v 0.036940 0.223953 -0.006093
v 0.035719 0.214008 0.004977
v 0.039042 0.500663 -0.013966
v 0.039615 0.472021 -0.002649
v 0.038674 0.418888 -0.008777
v 0.035834 0.515361 0.003641
v 0.038548 0.418980 -0.008719
v 0.041631 0.486344 0.012727
v 0.039430 0.116868 -0.005600
v 0.038426 0.435166 -0.013160
v 0.044206 0.172131 0.004454
v 0.038566 0.500430 -0.001666
v 0.038566 0.500430 -0.001666
v 0.040563 0.167052 0.004338
v 0.038074 0.115319 0.004226
v 0.038982 0.500806 0.012221
v 0.035950 0.495728 -0.014149
v 0.038951 0.500901 -0.014079
v 0.038171 0.493827 -0.014640
v 0.044747 0.121311 0.012762
v 0.044747 0.121311 0.012762
v 0.038334 0.471291 -0.001363
v 0.038479 0.471538 -0.001648
v 0.039158 0.098165 0.003702
v 0.047853 0.134255 0.004267
v 0.041408 0.480005 0.002898
v 0.041813 0.481823 -0.005500
v 0.041752 0.129584 -0.008382
v 0.039886 0.117474 0.002763
v 0.045801 0.085734 -0.006384
v 0.043670 0.477843 -0.004039
v 0.039781 0.116857 -0.005561
v 0.039736 0.485999 -0.014479
v 0.041504 0.484322 -0.013788
v 0.039736 0.485999 -0.014479
v 0.058359 0.128332 -0.014419
v 0.044073 0.427151 0.012819
v 0.039926 0.436270 0.012443
v 0.048722 0.435181 0.012806
v 0.038584 0.435779 0.012305
v 0.042531 0.100785 0.004462
v 0.039735 0.486006 -0.014454
v 0.039739 0.422272 -0.006913
v 0.048502 0.501600 0.012147
v 0.038434 0.418691 -0.014085
v 0.039622 0.471911 -0.002537
v 0.038566 0.500430 -0.001666
v 0.052115 0.502125 -0.004558
v 0.039013 0.500645 0.012386
v 0.039454 0.098140 0.003449
v 0.041892 0.100294 0.004512
v 0.039708 0.422342 0.006922
v 0.039584 0.423629 -0.014193
v 0.048633 0.501490 0.012239
v 0.045518 0.146613 0.004868
v 0.041617 0.119618 -0.006956
v 0.041296 0.483715 0.011214
v 0.042544 0.115571 0.003474
v 0.042401 0.119124 0.003320
v 0.041663 0.119298 -0.007073
v 0.041025 0.100435 -0.002990
v 0.041385 0.100412 -0.003426
v 0.041836 0.473438 -0.001766
v 0.041828 0.472482 -0.002566
v 0.040740 0.129161 -0.007821
v 0.045975 0.436464 -0.014259
v 0.042517 0.115207 0.003163
v 0.041477 0.484366 -0.014073
v 0.044052 0.128592 -0.006969
v 0.040730 0.118597 0.002780
v 0.043339 0.114829 0.003684
v 0.044531 0.473073 -0.003644
v 0.046049 0.436634 0.012340
v 0.042234 0.106454 0.003787
v 0.046037 0.436713 0.012344
v 0.047137 0.437009 -0.001833
v 0.077270 0.128961 -0.013974
v 0.046529 0.436771 -0.013998
v 0.041788 0.483320 -0.005497
v 0.041610 0.484079 -0.007738
v 0.072642 0.120145 -0.014170
v 0.044090 0.474724 0.000086
v 0.042674 0.483418 0.003796
v 0.044179 0.424576 0.010784
v 0.043243 0.101535 -0.005057
v 0.043888 0.425169 -0.009482
v 0.042627 0.102009 -0.006223
v 0.043654 0.120244 -0.004096
v 0.043745 0.120025 0.004636
v 0.045735 0.146999 -0.006256
v 0.038791 0.096690 0.004627
v 0.056515 0.106825 0.004535
v 0.049706 0.108872 0.004325
v 0.051334 0.091029 0.004130
v 0.061978 0.095276 0.004150
v 0.041889 0.481863 0.003228
v 0.050320 0.501826 -0.014222
v 0.043356 0.485207 -0.013740
v 0.041533 0.484238 -0.014119
v 0.043447 0.485155 -0.013850
v 0.041769 0.483512 0.012612
v 0.043559 0.485097 0.012045
v 0.041483 0.484101 0.012266
v 0.043464 0.485269 0.011760
v 0.047476 0.086885 0.004262
v 0.044654 0.129126 -0.006973
v 0.044388 0.130670 0.004194
v 0.043997 0.130440 0.004319
v 0.041748 0.483401 0.003485
v 0.042929 0.485489 0.005123
v 0.043671 0.479602 -0.004201
v 0.041282 0.479987 -0.003228
v 0.043667 0.477803 -0.004225
v 0.042759 0.484377 -0.004917
v 0.041610 0.484079 -0.007738
v 0.041833 0.484222 -0.011291
v 0.043461 0.485455 -0.007051
v 0.042759 0.484377 -0.004917
v 0.044279 0.120253 -0.007129
v 0.043654 0.120244 -0.004096
v 0.043640 0.479551 0.002530
v 0.043111 0.481315 0.002121
v 0.041655 0.479928 0.003134
v 0.044010 0.479762 0.002769
v 0.043125 0.481559 0.004508
v 0.042274 0.483233 -0.006209
v 0.043033 0.482220 -0.006073
v 0.043203 0.481394 -0.003956
v 0.041833 0.484222 -0.011291
v 0.042728 0.484324 0.002883
v 0.046796 0.112968 0.003929
v 0.043871 0.477860 0.002620
v 0.041809 0.478040 0.002682
v 0.043871 0.477860 0.002620
v 0.041790 0.473036 -0.003005
v 0.056064 0.470177 -0.003426
v 0.044010 0.472034 -0.001092
v 0.041842 0.473116 0.001938
v 0.044187 0.472816 0.001491
v 0.045956 0.147110 -0.006509
v 0.044259 0.486051 0.003770
v 0.041899 0.475920 -0.003872
v 0.044531 0.473073 -0.003644
v 0.041943 0.119958 -0.009186
v 0.044036 0.120523 -0.007211
v 0.053209 0.095970 -0.006620
v 0.048462 0.172585 -0.006606
v 0.046194 0.172186 -0.006349
v 0.047302 0.171788 -0.006446
v 0.049757 0.108865 0.004245
v 0.046841 0.425620 -0.014398
v 0.042708 0.130043 0.000320
v 0.042843 0.130096 0.000311
v 0.043060 0.484230 0.000804
v 0.042728 0.484324 0.002883
v 0.044339 0.486214 0.003884
v 0.042782 0.485916 0.005492
v 0.042759 0.484377 -0.004917
v 0.043362 0.485661 -0.007149
v 0.044135 0.486352 -0.002345
v 0.044135 0.486352 -0.002345
v 0.043060 0.484230 0.000804
v 0.044288 0.486292 0.003890
v 0.053674 0.138063 -0.006328
v 0.041833 0.484222 -0.011291
v 0.044275 0.451653 -0.001220
v 0.054885 0.454487 0.001538
v 0.049898 0.479262 -0.003635
v 0.046224 0.112845 -0.005674
v 0.044550 0.451320 -0.000572
v 0.046075 0.451882 -0.002191
v 0.048873 0.449285 -0.003051
v 0.046849 0.425456 -0.014243
v 0.049369 0.425215 -0.013964
v 0.049369 0.425215 -0.013964
v 0.047734 0.133758 -0.005870
v 0.048117 0.112152 0.003798
v 0.043713 0.120100 0.004625
v 0.045790 0.120125 0.007376
v 0.045790 0.120125 0.007376
v 0.044024 0.426818 0.011784
v 0.043888 0.425169 -0.009482
v 0.059952 0.425766 0.012247
v 0.043826 0.120079 0.007265
v 0.046005 0.119901 0.011222
v 0.054692 0.474314 0.001567
v 0.049369 0.425215 -0.013964
v 0.059491 0.425492 -0.009225
v 0.060921 0.426029 -0.007521
v 0.048722 0.435181 0.012806
v 0.052403 0.180198 0.004386
v 0.050749 0.486459 0.002213
v 0.056591 0.094406 -0.006973
v 0.045595 0.451324 -0.002240
v 0.052750 0.486432 0.001719
v 0.080998 0.001688 0.013547
v 0.056767 0.487982 0.012535
v 0.053082 0.502625 0.012636
v 0.052322 0.474443 -0.003908
v 0.052389 0.474439 -0.004004
v 0.044718 0.435212 -0.014691
v 0.046949 0.437154 -0.013035
v 0.066150 0.431875 -0.014649
v 0.073433 0.119971 0.012444
v 0.052010 0.120136 0.007340
v 0.048874 0.169549 0.004415
v 0.050018 0.148761 0.004606
v 0.053877 0.486647 -0.007329
v 0.072126 0.128903 -0.007479
v 0.052010 0.120136 0.007340
v 0.065900 0.119279 0.004935
v 0.055396 0.503577 0.012693
v 0.054003 0.141728 -0.006651
v 0.058785 0.437665 -0.013974
v 0.048356 0.151149 -0.005935
v 0.046032 0.436666 0.012389
v 0.058608 0.437321 0.012388
v 0.048226 0.151126 0.004164
v 0.051307 0.181207 -0.006017
v 0.061048 0.168942 -0.006265
v 0.048542 0.170290 -0.006254
v 0.057068 0.456177 -0.003478
v 0.046360 0.147051 0.004598
v 0.048097 0.151079 0.004547
v 0.046966 0.449385 0.000350
v 0.047137 0.437009 -0.001833
v 0.071685 0.014790 -0.016196
v 0.060262 0.426261 -0.014287
v 0.051880 0.108355 -0.005840
v 0.052098 0.453414 -0.003599
v 0.051927 0.453237 -0.003418
v 0.055670 0.470101 0.001441
v 0.047137 0.437009 -0.001833
v 0.056985 0.437109 0.002471
v 0.059243 0.438330 -0.001295
v 0.058693 0.438634 -0.001079
v 0.059243 0.128410 -0.014583
v 0.048505 0.111547 0.003828
v 0.049769 0.091422 0.003495
v 0.050005 0.148765 0.004655
v 0.050454 0.164605 -0.006138
v 0.059722 0.488771 -0.014005
v 0.056238 0.447530 -0.003390
v 0.048074 0.150032 -0.005659
v 0.050713 0.154977 -0.005878
v 0.046345 0.147021 -0.006449
v 0.067132 0.013579 0.014686
v 0.050995 0.156797 0.004244
v 0.049550 0.150418 -0.005918
v 0.050487 0.163871 -0.006324
v 0.057773 0.487952 0.005800
v 0.058317 0.015277 -0.002313
v 0.056894 0.446478 0.001772
v 0.049775 0.109210 0.004178
v 0.052677 0.136921 0.002106
v 0.059491 0.425492 -0.009225
v 0.054948 0.107193 0.004071
v 0.053222 0.486100 -0.004094
v 0.062604 0.150296 -0.006404
v 0.058405 0.144060 -0.006277
v 0.054003 0.141728 -0.006651
v 0.057986 0.142783 0.004455
v 0.057950 0.142826 0.004439
v 0.062258 0.149673 0.004351
v 0.057455 0.504822 -0.014336
v 0.053843 0.092887 -0.006078
v 0.050997 0.090119 0.002855
v 0.053843 0.092887 -0.006078
v 0.064082 0.430542 0.012409
v 0.055902 0.473442 -0.002746
v 0.058505 0.109866 -0.005165
v 0.059879 0.094243 -0.006210
v 0.065384 0.101773 -0.006010
v 0.062013 0.167802 0.004450
v 0.055144 0.486594 0.002691
v 0.051881 0.453287 -0.003401
v 0.056194 0.455419 -0.003548
v 0.058131 0.505400 0.012468
v 0.066329 0.118951 0.004803
v 0.057089 0.504201 0.011321
v 0.053138 0.196088 0.004440
v 0.052224 0.207391 0.002809
v 0.052246 0.211009 -0.004771
v 0.053536 0.194730 -0.006355
v 0.054638 0.206976 0.002452
v 0.052224 0.207391 0.002809
v 0.053182 0.224734 0.004220
v 0.052246 0.211009 -0.004771
v 0.054720 0.207005 0.002469
v 0.053230 0.224998 -0.005936
v 0.053897 0.206905 -0.005791
v 0.054102 0.206928 -0.005647
v 0.057290 0.094422 -0.006192
v 0.055668 0.473483 -0.003606
v 0.052570 0.136997 0.001940
v 0.053698 0.137960 -0.006186
v 0.054593 0.138846 0.004236
v 0.061718 0.106080 0.004618
v 0.065858 0.119566 -0.007051
v 0.060867 0.183740 0.004390
v 0.056305 0.484410 0.000837
v 0.052977 0.486099 0.001777
v 0.056305 0.484410 0.000837
v 0.056657 0.484644 0.002389
v 0.056451 0.484768 0.002380
v 0.053222 0.486100 -0.004094
v 0.056371 0.484486 -0.004511
v 0.079980 0.126944 0.012811
v 0.056396 0.484615 -0.004480
v 0.057005 0.173532 0.004294
v 0.057648 0.486822 -0.004685
v 0.056059 0.447704 -0.003902
v 0.059426 0.473432 0.001128
v 0.056005 0.485660 -0.005833
v 0.058847 0.206787 0.004745
v 0.058847 0.206787 0.004745
v 0.062088 0.220482 0.004740
v 0.062843 0.211796 -0.006719
v 0.061711 0.226057 -0.006291
v 0.062843 0.211796 -0.006702
v 0.058640 0.094482 -0.006031
v 0.061536 0.095430 0.002814
v 0.057352 0.444728 -0.003697
v 0.054452 0.485705 0.002718
v 0.056028 0.485809 0.003619
v 0.058317 0.015277 -0.002313
v 0.072287 0.015306 0.002092
v 0.071619 0.014915 -0.016118
v 0.059049 0.474008 -0.002186
v 0.055775 0.473569 -0.002887
v 0.057486 0.474436 -0.003132
v 0.056212 0.469790 -0.003524
v 0.056005 0.485660 -0.005833
v 0.057999 0.485203 -0.005515
v 0.059125 0.505728 0.011948
v 0.057985 0.485289 0.003308
v 0.057985 0.485289 0.003308
v 0.065232 0.015278 0.013045
v 0.056555 0.445378 -0.004072
v 0.057346 0.466011 -0.003786
v 0.057772 0.465618 0.001694
v 0.057468 0.467271 -0.003394
v 0.060690 0.440478 0.003945
v 0.058072 0.457704 -0.003526
v 0.058314 0.460147 0.001634
v 0.064866 0.452477 0.001968
v 0.060457 0.480939 -0.004095
v 0.061603 0.226241 0.004104
v 0.077537 0.128598 -0.014840
v 0.060725 0.440788 0.006923
v 0.067006 0.010082 0.014629
v 0.060379 0.440960 -0.002489
v 0.067773 0.492169 0.012293
v 0.057960 0.466109 -0.003546
v 0.057772 0.465618 0.001694
v 0.059966 0.486395 -0.006373
v 0.060234 0.483950 -0.004866
v 0.057687 0.487002 -0.006932
v 0.060234 0.483950 -0.004866
v 0.058261 0.462076 0.001196
v 0.064705 0.472839 0.001929
v 0.061550 0.094485 -0.004581
v 0.059941 0.486755 0.004223
v 0.058154 0.457654 -0.003660
v 0.060156 0.484467 0.002995
v 0.059941 0.486755 0.004223
v 0.060464 0.444520 -0.005647
v 0.061204 0.489495 -0.008110
v 0.067227 0.177811 -0.006361
v 0.061421 0.445618 0.003807
v 0.060138 0.440470 0.003873
v 0.056985 0.437109 0.002471
v 0.058561 0.438739 -0.000978
v 0.061484 0.478554 0.000931
v 0.060024 0.440097 -0.002090
v 0.058634 0.459590 0.001446
v 0.061680 0.106098 0.004480
v 0.064863 0.109071 0.003265
v 0.058726 0.280832 -0.006165
v 0.060011 0.269784 0.004411
v 0.058573 0.282863 -0.000766
v 0.058726 0.280832 -0.006165
v 0.058573 0.282863 -0.000766
v 0.058753 0.283665 -0.006366
v 0.060112 0.269705 -0.006244
v 0.059067 0.282721 0.004435
v 0.059055 0.282628 0.003983
v 0.072857 0.000469 -0.002216
v 0.064280 0.453315 0.001848
v 0.061501 0.285093 0.005042
v 0.064375 0.450137 -0.002859
v 0.069863 0.203315 0.004727
v 0.058847 0.206787 0.004745
v 0.068303 0.215966 0.004701
v 0.062088 0.220482 0.004740
v 0.069700 0.203356 0.004247
v 0.059239 0.283754 -0.006323
v 0.060229 0.475357 -0.002596
v 0.062791 0.507839 0.012644
v 0.061939 0.285092 0.004691
v 0.061525 0.113329 0.003423
v 0.062992 0.507823 0.012754
v 0.062956 0.092680 -0.006592
v 0.060902 0.426298 -0.007455
v 0.061121 0.479388 -0.003839
v 0.064236 0.110771 -0.005165
v 0.059782 0.486588 -0.006108
v 0.063187 0.485555 -0.003912
v 0.063210 0.449735 -0.003013
v 0.063773 0.447110 -0.004563
v 0.068615 0.290165 -0.006226
v 0.062148 0.487049 0.003255
v 0.063388 0.447819 0.001635
v 0.060156 0.484467 0.002995
v 0.063507 0.285159 -0.006374
v 0.065025 0.474551 -0.003411
v 0.062989 0.093872 -0.006134
v 0.071148 0.188434 0.004438
v 0.060479 0.440858 0.006945
v 0.062232 0.284964 -0.006708
v 0.063347 0.485847 0.002962
v 0.061802 0.486326 0.003611
v 0.061908 0.444803 -0.014123
v 0.071076 0.187643 -0.006372
v 0.060263 0.482276 -0.004323
v 0.066857 0.113023 0.004164
v 0.061060 0.443079 0.007311
v 0.060366 0.443355 0.011336
v 0.068312 0.269242 -0.006706
v 0.061060 0.443079 0.007311
v 0.063177 0.449785 -0.002933
v 0.062443 0.429014 -0.007331
v 0.062267 0.430930 -0.001603
v 0.074212 0.129356 0.007028
v 0.062147 0.082998 -0.006503
v 0.061322 0.057954 -0.006318
v 0.062191 0.082706 0.004755
v 0.061101 0.443168 0.011032
v 0.061477 0.057841 0.003987
v 0.062743 0.445547 0.010959
v 0.062773 0.445692 0.011047
v 0.061750 0.094888 0.004668
v 0.066224 0.115663 -0.000020
v 0.067090 0.116616 -0.003994
v 0.072287 0.015306 0.002092
v 0.061550 0.094485 -0.004581
v 0.062475 0.093276 -0.005068
v 0.064704 0.430923 -0.007428
v 0.066365 0.054843 -0.006346
v 0.062479 0.489648 0.002909
v 0.063390 0.106985 0.002752
v 0.063554 0.106942 0.002799
v 0.066132 0.055305 0.004385
v 0.077590 0.001767 0.014610
v 0.061811 0.486354 0.003517
v 0.064589 0.485262 0.000324
v 0.070282 0.494429 -0.014231
v 0.064074 0.285168 0.004673
v 0.064074 0.285168 0.004673
v 0.061944 0.490371 -0.002174
v 0.062860 0.485400 -0.003068
v 0.062726 0.489469 0.002884
v 0.064217 0.491970 0.001070
v 0.063420 0.091859 0.003762
v 0.068303 0.215966 0.004701
v 0.070175 0.222438 0.004682
v 0.069557 0.229889 0.004663
v 0.076904 0.439673 0.012167
v 0.062232 0.284964 -0.006708
v 0.064202 0.285327 -0.006694
v 0.073987 0.278595 -0.006715
v 0.068312 0.269242 -0.006706
v 0.062833 0.093174 -0.006231
v 0.064160 0.492867 0.001122
v 0.062534 0.491285 0.001617
v 0.066576 0.116942 0.003038
v 0.066660 0.288743 0.004272
v 0.068703 0.447359 0.012022
v 0.071665 0.080403 -0.006441
v 0.071642 0.064634 -0.006520
v 0.065005 0.232284 0.004115
v 0.072008 0.063333 0.004350
v 0.072596 0.082104 0.004500
v 0.065084 0.231532 -0.006050
v 0.067226 0.445870 -0.011375
v 0.070112 0.445427 -0.014547
v 0.074566 0.432908 -0.013710
v 0.075745 0.437693 -0.014228
v 0.066747 0.492924 -0.008142
v 0.064918 0.446261 0.012133
v 0.067946 0.447021 0.007497
v 0.071563 0.220788 -0.005570
v 0.069859 0.219391 -0.006629
v 0.066461 0.446213 -0.007130
v 0.068770 0.510294 0.012454
v 0.064991 0.103234 0.003128
v 0.062778 0.082837 -0.006420
v 0.067225 0.431261 -0.007074
v 0.062866 0.082674 0.004555
v 0.073968 0.085345 0.003968
v 0.067964 0.431131 0.002927
v 0.063180 0.450662 -0.002383
v 0.063788 0.447141 -0.004401
v 0.063838 0.109090 0.002759
v 0.064793 0.102379 0.002871
v 0.065233 0.110695 0.003737
v 0.064824 0.485505 0.000629
v 0.068201 0.509749 0.012625
v 0.067819 0.101451 0.004126
v 0.069094 0.494048 0.002498
v 0.066405 0.446311 -0.007063
v 0.066343 0.446551 0.003394
v 0.073835 0.100682 0.004601
v 0.076515 0.276498 0.004908
v 0.066602 0.288751 0.004501
v 0.071583 0.080438 -0.006519
v 0.069813 0.266160 0.004455
v 0.072409 0.082132 0.004464
v 0.072184 0.289202 -0.006749
v 0.064202 0.285327 -0.006694
v 0.072194 0.289206 -0.006681
v 0.073987 0.278593 -0.006679
v 0.067115 0.177642 0.004474
v 0.067190 0.509367 -0.014340
v 0.076221 0.088916 -0.006508
v 0.065228 0.015303 0.013052
v 0.067174 0.013209 0.013020
v 0.072287 0.015306 0.002092
v 0.075228 0.119831 -0.012957
v 0.069100 0.102878 0.004307
v 0.065684 0.546686 -0.006124
v 0.066248 0.555135 0.004668
v 0.070727 0.568406 -0.006247
v 0.069950 0.553001 -0.007991
v 0.070264 0.492173 -0.003151
v 0.070225 0.492256 -0.003123
v 0.066406 0.546241 0.004768
v 0.069104 0.545489 -0.006930
v 0.069504 0.430078 0.004776
v 0.074122 0.432533 0.012053
v 0.064757 0.116468 -0.005503
v 0.068135 0.117392 -0.005797
v 0.068054 0.117437 -0.004347
v 0.065856 0.572040 -0.004948
v 0.066380 0.572110 0.003528
v 0.067008 0.113063 0.004268
v 0.067522 0.117246 0.003487
v 0.066305 0.116782 -0.003017
v 0.066224 0.115663 -0.000020
v 0.070105 0.233966 -0.006096
v 0.064918 0.446261 0.012133
v 0.068978 0.447660 0.012098
v 0.068012 0.446834 0.007510
v 0.066598 0.571659 -0.005417
v 0.066869 0.573090 -0.004261
v 0.066183 0.571823 -0.005565
v 0.066869 0.573090 -0.004261
v 0.071039 0.575257 -0.004619
v 0.069876 0.447253 0.000045
v 0.067869 0.445090 -0.010488
v 0.068880 0.230572 -0.006609
v 0.072102 0.222577 -0.006639
v 0.070221 0.222464 -0.006650
v 0.066310 0.572119 0.003601
v 0.069807 0.557149 0.005681
v 0.066698 0.568662 0.004246
v 0.070628 0.568738 0.004557
v 0.066345 0.446540 0.003394
v 0.069876 0.447253 0.000045
v 0.070058 0.544611 0.004463
v 0.066698 0.568662 0.004246
v 0.067985 0.570577 0.004244
v 0.068450 0.114963 0.004281
v 0.066429 0.114888 0.004020
v 0.066437 0.114865 0.003881
v 0.067169 0.445883 -0.011345
v 0.069594 0.447655 -0.014195
v 0.072369 0.232623 -0.006813
v 0.068097 0.429383 -0.004920
v 0.068333 0.115501 0.001893
v 0.068394 0.117310 0.004640
v 0.070996 0.430954 -0.006878
v 0.067985 0.570577 0.004244
v 0.071757 0.576427 -0.005252
v 0.076027 0.119135 -0.006840
v 0.067006 0.010082 0.014629
v 0.075334 0.013602 0.014663
v 0.075334 0.013602 0.014663
v 0.078038 0.119895 0.007265
v 0.075373 0.119744 0.011124
v 0.068407 0.447026 -0.006988
v 0.069481 0.046277 0.004335
v 0.071435 0.045965 -0.006016
v 0.068117 0.305148 -0.005944
v 0.068204 0.305148 0.004013
v 0.067847 0.311139 0.004413
v 0.068174 0.330061 0.004264
v 0.068316 0.167538 0.004043
v 0.071566 0.494777 -0.008174
v 0.069342 0.266403 -0.006300
v 0.074615 0.112488 -0.005274
v 0.074597 0.114313 0.002885
v 0.068037 0.328109 -0.000631
v 0.068685 0.328478 -0.006364
v 0.068094 0.168627 -0.006065
v 0.067961 0.431136 0.002881
v 0.068261 0.430860 -0.001392
v 0.069569 0.429671 0.005057
v 0.072128 0.165875 0.004772
v 0.068037 0.328109 -0.000631
v 0.068219 0.330010 0.004137
v 0.068483 0.332815 -0.006094
v 0.068483 0.332815 -0.006094
v 0.070205 0.568789 -0.006454
v 0.068311 0.304484 0.003984
v 0.067861 0.311161 0.004386
v 0.072205 0.181806 0.004645
v 0.070221 0.568928 0.004505
v 0.070297 0.574226 0.003623
v 0.071665 0.101730 0.004271
v 0.070249 0.232396 0.004670
v 0.071116 0.235679 0.003162
v 0.073870 0.113320 0.004221
v 0.068221 0.431162 -0.006959
v 0.070974 0.430592 -0.006994
v 0.068550 0.429511 -0.004773
v 0.070112 0.445427 -0.014547
v 0.068496 0.354447 0.003971
v 0.070259 0.322701 0.004755
v 0.074370 0.269471 0.004624
v 0.071958 0.114482 -0.005885
v 0.073867 0.117183 -0.006223
v 0.071958 0.114482 -0.005885
v 0.069926 0.220486 0.004707
v 0.069413 0.511697 0.013605
v 0.079210 0.258854 -0.006153
v 0.080660 0.258701 -0.006678
v 0.078722 0.259300 -0.006244
v 0.068409 0.410368 -0.005891
v 0.068417 0.383484 0.003996
v 0.068503 0.410232 0.004018
v 0.069255 0.363297 0.003280
v 0.068391 0.370024 -0.002498
v 0.068410 0.358062 0.001280
v 0.068978 0.363535 0.003726
v 0.068410 0.358062 0.001280
v 0.070557 0.371020 0.002870
v 0.068967 0.371757 -0.006486
v 0.068391 0.370024 -0.002498
v 0.074084 0.287455 0.004699
v 0.074084 0.287455 0.004699
v 0.069773 0.349073 -0.007481
v 0.068548 0.365740 -0.006110
v 0.073975 0.118770 0.005194
v 0.069443 0.305254 -0.002576
v 0.070593 0.324304 -0.006716
v 0.068678 0.371778 0.004163
v 0.070021 0.372004 -0.007167
v 0.068589 0.365702 -0.006070
v 0.074088 0.117224 0.004544
v 0.070163 0.363667 0.004698
v 0.073253 0.449558 -0.007558
v 0.070276 0.362057 -0.006622
v 0.074151 0.172334 0.004679
v 0.074095 0.181778 0.004683
v 0.074088 0.117224 0.004544
v 0.070316 0.381677 -0.006567
v 0.068685 0.328478 -0.006364
v 0.069443 0.305254 -0.002576
v 0.070216 0.370598 0.004678
v 0.070186 0.315558 0.004715
v 0.070186 0.315558 0.004715
v 0.074243 0.129417 0.009195
v 0.074669 0.514044 0.004785
v 0.070276 0.362057 -0.006622
v 0.071967 0.160022 -0.005519
v 0.070261 0.322701 0.004731
v 0.070594 0.324305 -0.006713
v 0.074064 0.061558 -0.006445
v 0.073945 0.055544 -0.006694
v 0.076022 0.278904 -0.006264
v 0.070532 0.426115 0.004762
v 0.070162 0.363667 0.004694
v 0.072294 0.182950 -0.005731
v 0.074076 0.181711 -0.006592
v 0.069876 0.447253 0.000045
v 0.072213 0.224481 -0.006664
v 0.068880 0.230572 -0.006609
v 0.072351 0.232598 -0.006697
v 0.078733 0.225320 -0.006366
v 0.072213 0.224481 -0.006664
v 0.074214 0.164076 -0.006516
v 0.076936 0.440173 -0.014297
v 0.077617 0.439763 -0.014326
v 0.074224 0.514501 -0.001175
v 0.076382 0.514019 0.012730
v 0.072999 0.308175 -0.004814
v 0.073286 0.307977 -0.004926
v 0.073916 0.224375 0.004670
v 0.072626 0.234379 0.004641
v 0.069557 0.229889 0.004663
v 0.073916 0.224375 0.004670
v 0.074793 0.238355 0.004514
v 0.080651 0.015128 -0.014995
v 0.071001 0.218820 0.004131
v 0.076522 0.044171 0.004652
v 0.071198 0.218514 -0.006021
v 0.071333 0.492771 0.003580
v 0.073724 0.495666 0.003908
v 0.071969 0.220787 0.004353
v 0.070935 0.197082 0.004344
v 0.072442 0.449682 0.002444
v 0.073878 0.451649 -0.005555
v 0.072442 0.449682 0.002444
v 0.072713 0.162224 -0.004818
v 0.072459 0.159877 0.003732
v 0.070118 0.220501 0.004322
v 0.070175 0.222438 0.004682
v 0.072253 0.183521 0.003567
v 0.076328 0.297414 -0.006159
v 0.074843 0.046087 -0.006618
v 0.075754 0.103150 -0.005784
v 0.071966 0.488091 -0.002959
v 0.078259 0.055875 0.004639
v 0.077475 0.404413 0.004369
v 0.070307 0.233808 -0.006209
v 0.071156 0.235551 0.003012
v 0.074577 0.238443 0.004586
v 0.076102 0.376843 0.004636
v 0.070213 0.370595 0.004691
v 0.071856 0.220697 -0.006365
v 0.075908 0.310790 -0.006216
v 0.071660 0.539250 -0.005317
v 0.076103 0.376843 0.004637
v 0.076317 0.387249 0.002845
v 0.080726 0.313584 0.004443
v 0.071424 0.546118 0.011269
v 0.077620 0.332091 0.004681
v 0.076010 0.388498 -0.006470
v 0.076203 0.331985 -0.006685
v 0.070221 0.222464 -0.006650
v 0.072108 0.222573 -0.006659
v 0.071859 0.220699 -0.006357
v 0.072360 0.568618 0.004953
v 0.072281 0.568657 0.005036
v 0.071210 0.564701 -0.013237
v 0.070249 0.232396 0.004670
v 0.072626 0.234379 0.004641
v 0.076092 0.371819 -0.006533
v 0.070254 0.372030 -0.006558
v 0.076127 0.371818 -0.006650
v 0.074133 0.343164 -0.006644
v 0.074480 0.431450 -0.007051
v 0.080848 0.417196 0.004660
v 0.077542 0.405231 -0.006269
v 0.070292 0.348350 -0.006659
v 0.074133 0.343164 -0.006644
v 0.075756 0.449947 0.012086
v 0.070317 0.381676 -0.006584
v 0.075986 0.380304 -0.006438
v 0.076092 0.371819 -0.006533
v 0.075986 0.380304 -0.006438
v 0.072065 0.545945 -0.012696
v 0.076349 0.295053 0.004681
v 0.076233 0.332016 -0.006889
v 0.082138 0.319603 -0.006744
v 0.081898 0.418938 -0.006504
v 0.072682 0.120240 -0.014126
v 0.075228 0.119832 -0.012957
v 0.072587 0.290958 -0.005824
v 0.075161 0.101783 -0.005168
v 0.084737 0.000433 0.013097
v 0.071097 0.582121 -0.005847
v 0.072511 0.449602 0.005302
v 0.072550 0.162452 0.003108
v 0.071166 0.582352 0.004127
v 0.081071 0.015001 0.014308
v 0.080908 0.052583 0.004587
v 0.071248 0.188186 0.004254
v 0.080062 0.013107 -0.014581
v 0.072669 0.567799 0.010648
v 0.077004 0.588114 0.003984
v 0.071538 0.587785 -0.002169
v 0.071054 0.582369 0.004111
v 0.071538 0.587785 -0.002169
v 0.071097 0.582121 -0.005847
v 0.070530 0.426117 0.004766
v 0.075083 0.431663 0.005365
v 0.075982 0.089028 0.004655
v 0.076513 0.588086 -0.006208
v 0.071914 0.220166 -0.001500
v 0.072231 0.185114 0.002911
v 0.073010 0.183671 0.002278
v 0.072434 0.185058 -0.000872
v 0.071085 0.218764 0.004332
v 0.071914 0.220166 -0.001500
v 0.072425 0.533169 0.003881
v 0.076024 0.567212 -0.009047
v 0.089231 0.451039 0.012744
v 0.078044 0.574327 -0.005753
v 0.077582 0.565242 -0.013068
v 0.071237 0.218460 -0.006165
v 0.072358 0.185069 -0.002897
v 0.078800 0.559541 0.011080
v 0.079868 0.546186 0.011270
v 0.071730 0.454241 -0.003119
v 0.071005 0.461160 0.003703
v 0.072520 0.452827 0.003508
v 0.071494 0.466313 -0.005664
v 0.072505 0.485942 0.003632
v 0.072857 0.000469 -0.002216
v 0.084479 0.002162 0.012829
v 0.072628 0.485962 0.003527
v 0.074394 0.566393 0.006799
v 0.071776 0.064485 -0.006371
v 0.071531 0.076514 -0.006155
v 0.074019 0.487847 -0.005597
v 0.071399 0.460934 0.003910
v 0.080215 0.468240 0.003195
v 0.073327 0.473367 0.003189
v 0.078222 0.471195 0.004410
v 0.072734 0.472901 0.004066
v 0.076012 0.588219 0.000210
v 0.076012 0.588219 0.000210
v 0.079804 0.546014 -0.012334
v 0.072193 0.491885 -0.005520
v 0.072208 0.076605 -0.007099
v 0.076374 0.514276 -0.014298
v 0.071718 0.488094 -0.002964
v 0.071762 0.482756 -0.002878
v 0.071762 0.482756 -0.002878
v 0.074124 0.431584 -0.007065
v 0.076014 0.060207 -0.007074
v 0.074389 0.487877 -0.005607
v 0.072917 0.084180 -0.005110
v 0.073963 0.524014 -0.005252
v 0.078547 0.566055 0.008997
v 0.077395 0.128371 -0.014476
v 0.074310 0.457157 0.004008
v 0.074310 0.457157 0.004008
v 0.076331 0.513821 0.012441
v 0.075955 0.514395 0.005528
v 0.073867 0.117183 -0.006223
v 0.074263 0.487797 0.003598
v 0.073084 0.159624 -0.003147
v 0.073895 0.183303 0.004144
v 0.072318 0.182670 0.003375
v 0.074265 0.183664 0.004373
v 0.074573 0.433827 -0.012893
v 0.072088 0.182996 -0.006529
v 0.074739 0.184412 -0.006088
v 0.074076 0.181711 -0.006592
v 0.074973 0.163935 0.004311
v 0.072131 0.165876 0.004602
v 0.075064 0.163916 0.004454
v 0.074151 0.172334 0.004679
v 0.074631 0.130836 0.003238
v 0.072207 0.128997 -0.007582
v 0.076947 0.129199 -0.009457
v 0.077245 0.128677 -0.014017
v 0.078884 0.569299 0.004646
v 0.072206 0.181806 0.004671
v 0.074095 0.181778 0.004683
v 0.072484 0.291035 -0.006801
v 0.073048 0.183873 0.002243
v 0.073221 0.183702 0.000070
v 0.072884 0.082206 -0.006231
v 0.074314 0.568188 -0.007164
v 0.074314 0.568188 -0.007164
v 0.077934 0.001907 -0.016413
v 0.081564 0.419763 0.004320
v 0.080848 0.417196 0.004660
v 0.072607 0.567519 0.007035
v 0.076272 0.580903 -0.006127
v 0.073197 0.183656 -0.001526
v 0.072358 0.185069 -0.002897
v 0.072403 0.181889 -0.000517
v 0.074652 0.130433 -0.006594
v 0.072321 0.162302 0.004410
v 0.074398 0.160726 0.003913
v 0.079668 0.577150 0.003917
v 0.073233 0.183813 0.000046
v 0.073832 0.100707 0.004678
v 0.072719 0.449268 0.004965
v 0.081617 0.545234 0.004958
v 0.072466 0.162015 -0.006312
v 0.074206 0.164056 -0.006499
v 0.074963 0.160517 -0.006144
v 0.074680 0.309769 -0.004897
v 0.074565 0.102607 -0.001835
v 0.081645 0.545261 -0.006567
v 0.074247 0.567923 0.006888
v 0.087254 0.234304 0.004513
v 0.082937 0.468799 -0.005031
v 0.079585 0.463562 -0.005486
v 0.074263 0.487797 0.003598
v 0.072766 0.453568 0.003591
v 0.078308 0.242747 -0.006601
v 0.072966 0.472925 0.004428
v 0.078954 0.470749 0.004265
v 0.082178 0.480558 0.003557
v 0.072287 0.015306 0.002092
v 0.081071 0.015001 0.014308
v 0.089497 0.015234 0.000870
v 0.079432 0.015257 -0.012760
v 0.073906 0.084489 -0.005052
v 0.075699 0.086974 0.004246
v 0.075535 0.518799 0.003844
v 0.074743 0.516430 -0.004509
v 0.079924 0.485007 0.003798
v 0.073084 0.159624 -0.003147
v 0.077934 0.566818 -0.007449
v 0.075373 0.119744 0.011124
v 0.073758 0.120328 0.012119
v 0.074673 0.309813 -0.004900
v 0.078953 0.497332 0.003185
v 0.081211 0.500970 0.012248
v 0.077097 0.298103 0.004072
v 0.077912 0.059538 0.003424
v 0.079417 0.498704 -0.013808
v 0.073832 0.100707 0.004711
v 0.076657 0.104371 0.004347
v 0.076683 0.104332 0.004292
v 0.074213 0.115398 -0.004940
v 0.074858 0.113675 -0.005421
v 0.073870 0.113320 0.004221
v 0.075477 0.115057 0.003814
v 0.075814 0.119074 0.004429
v 0.080774 0.227171 0.004269
v 0.078788 0.040256 0.003907
v 0.076353 0.057840 -0.006602
v 0.080287 0.054109 -0.006609
v 0.073945 0.055544 -0.006694
v 0.080285 0.054109 -0.006597
v 0.082762 0.046261 -0.006699
v 0.082762 0.046261 -0.006699
v 0.073975 0.118770 0.005194
v 0.076267 0.118667 0.004668
v 0.078076 0.120079 0.007229
v 0.077260 0.059625 -0.005054
v 0.074084 0.287455 0.004699
v 0.075701 0.281287 0.004583
v 0.076349 0.295053 0.004681
v 0.080954 0.541445 -0.005619
v 0.073018 0.567348 0.010166
v 0.077448 0.566708 0.007104
v 0.077042 0.567142 0.009895
v 0.078537 0.060121 -0.002814
v 0.075776 0.089100 -0.005037
v 0.074352 0.431427 -0.007239
v 0.074108 0.433574 -0.013019
v 0.074136 0.523790 -0.005207
v 0.076297 0.520474 -0.006510
v 0.075185 0.516036 -0.004518
v 0.076871 0.520131 -0.007306
v 0.074644 0.514196 0.004931
v 0.074289 0.514414 -0.001030
v 0.080441 0.498434 -0.005160
v 0.076389 0.263018 0.004664
v 0.076364 0.129455 0.006906
v 0.074469 0.128452 0.006563
v 0.076663 0.129380 0.006724
v 0.074265 0.129383 0.009177
v 0.076822 0.104358 -0.005893
v 0.079924 0.485007 0.003798
v 0.079942 0.313722 -0.006155
v 0.077964 0.040438 -0.000123
v 0.082365 0.452911 0.004189
v 0.076964 0.565188 -0.008747
v 0.074370 0.269471 0.004624
v 0.080961 0.274470 0.004386
v 0.077343 0.278859 0.004129
v 0.076389 0.263018 0.004664
v 0.074808 0.130561 0.002735
v 0.088837 0.235664 -0.006534
v 0.082618 0.000544 -0.015093
v 0.076475 0.436679 -0.007325
v 0.078777 0.292954 -0.006689
v 0.086381 0.289529 -0.006495
v 0.078777 0.292954 -0.006689
v 0.082229 0.484738 -0.005217
v 0.082128 0.484852 -0.005396
v 0.078037 0.103208 -0.006497
v 0.074504 0.102350 -0.006071
v 0.080347 0.104159 -0.007600
v 0.075623 0.100848 -0.006470
v 0.077092 0.129019 -0.009498
v 0.078700 0.039637 -0.005272
v 0.074565 0.102607 -0.001835
v 0.076050 0.102865 -0.003919
v 0.079924 0.485007 0.003798
v 0.074841 0.130167 -0.006607
v 0.075168 0.130222 0.002396
v 0.081132 0.135365 -0.006156
v 0.078137 0.243683 0.004146
v 0.077623 0.241325 0.004585
v 0.081498 0.522902 -0.006187
v 0.076279 0.310551 -0.006001
v 0.074763 0.434243 -0.013878
v 0.075825 0.514378 0.005580
v 0.075438 0.113653 -0.002397
v 0.076257 0.087427 -0.004842
v 0.079121 0.134463 0.003092
v 0.078834 0.041895 -0.006575
v 0.074843 0.046087 -0.006618
v 0.079081 0.041212 -0.004693
v 0.078044 0.088940 -0.000932
v 0.077486 0.088602 0.002998
v 0.082645 0.453770 -0.005125
v 0.074050 0.115435 -0.004687
v 0.076089 0.119029 -0.006535
v 0.078485 0.518863 0.005951
v 0.075895 0.115096 0.002678
v 0.093220 0.120156 -0.014084
v 0.077244 0.437837 0.005609
v 0.077590 0.001767 0.014610
v 0.078037 0.103208 -0.006497
v 0.075438 0.113653 -0.002397
v 0.075895 0.115096 0.002678
v 0.076789 0.278783 -0.005952
v 0.075477 0.115057 0.003814
v 0.075557 0.113448 0.002807
v 0.097135 0.120009 0.012443
v 0.079991 0.126959 0.012704
v 0.077593 0.587964 -0.002664
v 0.077801 0.089145 0.004315
v 0.076279 0.088882 -0.006790
v 0.116635 0.000558 0.014353
v 0.084276 0.001683 0.014622
v 0.080076 0.134583 0.003046
v 0.077205 0.312052 -0.005562
v 0.076343 0.275485 0.004645
v 0.077124 0.278945 0.003660
v 0.079938 0.126958 0.012763
v 0.091680 0.129008 0.012166
v 0.091116 0.129230 0.007509
v 0.076334 0.514117 0.012612
v 0.076010 0.388483 -0.006447
v 0.077989 0.383930 -0.005905
v 0.078024 0.373928 -0.005181
v 0.077701 0.332671 -0.006073
v 0.077396 0.386849 -0.004691
v 0.077754 0.384472 -0.005893
v 0.077593 0.587964 -0.002664
v 0.082389 0.328868 -0.006018
v 0.076089 0.059937 -0.006399
v 0.078755 0.059833 -0.006253
v 0.079626 0.057204 -0.006371
v 0.079626 0.057204 -0.006371
v 0.078033 0.373904 -0.005276
v 0.079804 0.431265 -0.005386
v 0.077580 0.374489 0.004133
v 0.076103 0.376843 0.004637
v 0.077761 0.386263 0.004063
v 0.076214 0.388143 0.004646
v 0.078192 0.373428 0.003463
v 0.074872 0.088959 -0.004810
v 0.082539 0.304595 -0.006186
v 0.077475 0.566294 -0.009083
v 0.083209 0.485961 -0.004736
v 0.078044 0.088940 -0.000932
v 0.083153 0.328900 0.004318
v 0.078592 0.519925 -0.007109
v 0.078726 0.518836 -0.014129
v 0.078656 0.579115 -0.004244
v 0.076272 0.580903 -0.006127
v 0.078644 0.578957 -0.004479
v 0.077917 0.574576 -0.005947
v 0.081742 0.520638 0.003928
v 0.086423 0.289723 0.004735
v 0.076353 0.057840 -0.006602
v 0.078487 0.260849 0.004304
v 0.080884 0.564760 0.004670
v 0.083651 0.451496 0.012388
v 0.083072 0.451230 0.012455
v 0.078410 0.044067 0.004593
v 0.076588 0.044229 0.004644
v 0.078384 0.044066 0.004638
v 0.080908 0.052583 0.004587
v 0.084393 0.238653 0.004705
v 0.082645 0.504525 -0.014401
v 0.078617 0.106658 -0.006013
v 0.078117 0.518813 0.012011
v 0.075812 0.089068 0.003943
v 0.077486 0.088602 0.002998
v 0.077998 0.565572 0.008789
v 0.082008 0.439456 -0.006972
v 0.078603 0.404079 -0.005184
v 0.077393 0.060634 -0.005784
v 0.095789 0.441897 0.012757
v 0.078216 0.518823 0.012101
v 0.077973 0.061028 0.004344
v 0.078654 0.060707 0.003563
v 0.077373 0.566672 0.007073
v 0.079121 0.565166 0.005258
v 0.077741 0.332072 0.004384
v 0.077671 0.374527 0.004261
v 0.077870 0.566801 -0.007434
v 0.087381 0.096673 0.004456
v 0.075741 0.388824 -0.005171
v 0.078117 0.243701 0.004207
v 0.078324 0.242689 -0.006891
v 0.077984 0.373417 0.003208
v 0.084548 0.452920 -0.006731
v 0.079237 0.405249 -0.004960
v 0.077814 0.392643 -0.004879
v 0.077590 0.001767 0.014614
v 0.080981 0.014757 0.014498
v 0.077623 0.241325 0.004585
v 0.080712 0.245645 0.005621
v 0.080597 0.244718 0.004673
v 0.081641 0.313976 -0.006295
v 0.083759 0.094619 -0.005917
v 0.079432 0.015257 -0.012760
v 0.080714 0.015137 -0.014982
v 0.079831 0.314230 -0.006131
v 0.077814 0.392643 -0.004879
v 0.083970 0.573816 0.003929
v 0.081620 0.439213 0.004366
v 0.078627 0.583065 -0.002529
v 0.078627 0.583065 -0.002529
v 0.079693 0.565107 -0.007072
v 0.079927 0.565027 -0.007146
v 0.077964 0.040438 -0.000123
v 0.079231 0.040474 -0.005588
v 0.086013 0.034463 0.004431
v 0.078755 0.040288 0.004214
v 0.084376 0.563328 -0.006319
v 0.082839 0.406209 0.002880
v 0.086451 0.289650 0.004639
v 0.078022 0.014840 -0.016152
v 0.080142 0.013497 -0.016399
v 0.082466 0.129094 -0.013931
v 0.086132 0.521070 0.012353
v 0.082635 0.519961 0.012622
v 0.084803 0.411173 0.004656
v 0.079834 0.431200 -0.006122
v 0.078261 0.055870 0.004632
v 0.092066 0.261679 -0.006352
v 0.093769 0.510204 -0.014127
v 0.082034 0.313906 -0.006208
v 0.078537 0.060121 -0.002814
v 0.078252 0.261205 0.004032
v 0.080094 0.254083 0.004459
v 0.077932 0.001893 -0.016461
v 0.084539 0.520680 -0.006954
v 0.081375 0.242793 -0.006693
v 0.084484 0.308875 0.004387
v 0.089170 0.453074 -0.013139
v 0.086373 0.131094 -0.008281
v 0.079582 0.109857 0.003323
v 0.079687 0.109457 -0.005866
v 0.081446 0.242787 -0.006642
v 0.080387 0.104293 -0.006570
v 0.080412 0.249206 -0.005885
v 0.080287 0.249104 0.003951
v 0.086240 0.034558 -0.005445
v 0.081214 0.135185 0.004640
v 0.086323 0.289711 -0.006721
v 0.088385 0.034290 -0.006607
v 0.078744 0.106487 -0.005974
v 0.079659 0.109596 -0.006033
v 0.080383 0.104290 -0.006628
v 0.080811 0.558211 0.005855
v 0.081448 0.556691 -0.007553
v 0.083567 0.470554 0.002938
v 0.080183 0.254249 -0.006138
v 0.083148 0.110825 0.003140
v 0.079665 0.109741 0.003236
v 0.083194 0.328745 0.004158
v 0.085348 0.052768 -0.005688
v 0.080093 0.431492 -0.006213
v 0.082642 0.548564 -0.006875
v 0.082878 0.111183 0.003055
v 0.081672 0.436775 -0.006146
v 0.084145 0.486376 0.003033
v 0.083815 0.486410 0.003172
v 0.084238 0.563374 -0.005898
v 0.084238 0.563374 -0.005898
v 0.083698 0.573962 -0.005900
v 0.082581 0.405961 -0.006073
v 0.084536 0.405059 -0.007219
v 0.080359 0.466824 -0.000412
v 0.083987 0.564556 0.003755
v 0.082240 0.054172 0.004068
v 0.083969 0.407169 0.003180
v 0.080204 0.249126 0.004161
v 0.080321 0.249248 -0.006069
v 0.089497 0.015234 0.000870
v 0.080715 0.247243 0.004191
v 0.080288 0.466959 -0.000237
v 0.081270 0.466774 -0.001434
v 0.084092 0.407146 -0.006645
v 0.080741 0.463232 -0.005893
v 0.082839 0.469031 -0.004754
v 0.090885 0.046711 0.004501
v 0.082682 0.419581 -0.004986
v 0.082115 0.419375 -0.004963
v 0.090968 0.099453 -0.006352
v 0.082557 0.097103 -0.006610
v 0.082660 0.503748 -0.005915
v 0.083514 0.503184 0.003749
v 0.102100 0.014900 0.014137
v 0.093926 0.260443 0.004325
v 0.084803 0.411173 0.004656
v 0.081034 0.462894 -0.005747
v 0.081431 0.457760 -0.004447
v 0.081431 0.457760 -0.004447
v 0.081759 0.466253 -0.002904
v 0.084016 0.309734 -0.005948
v 0.080597 0.244718 0.004673
v 0.084393 0.238653 0.004705
v 0.089497 0.015234 0.000870
v 0.085469 0.552893 -0.006308
v 0.086094 0.034316 -0.006414
v 0.081014 0.543273 -0.005673
v 0.083130 0.548639 -0.007478
v 0.082033 0.522214 -0.005986
v 0.084464 0.139177 0.002814
v 0.084549 0.139194 0.002810
v 0.082338 0.439531 -0.007004
v 0.082496 0.454006 -0.004895
v 0.083889 0.475610 0.002015
v 0.082551 0.479893 -0.004338
v 0.084662 0.475389 -0.005256
v 0.083099 0.482175 -0.004088
v 0.085001 0.547996 -0.005939
v 0.084461 0.520794 -0.006777
v 0.084314 0.520554 -0.006877
v 0.083847 0.309129 0.004392
v 0.082101 0.314221 -0.005851
v 0.085653 0.315140 -0.006466
v 0.087659 0.051213 0.004221
v 0.090550 0.046836 -0.006379
v 0.085289 0.518816 0.001853
v 0.084831 0.320247 -0.006053
v 0.085624 0.315189 -0.006490
v 0.082133 0.319594 -0.006690
v 0.082144 0.484641 -0.005102
v 0.083175 0.485950 -0.004674
v 0.090723 0.440497 -0.007681
v 0.086119 0.268812 0.004334
v 0.084103 0.322276 0.004295
v 0.084884 0.518463 -0.002530
v 0.090246 0.303756 -0.006612
v 0.084312 0.519873 -0.003126
v 0.087743 0.414435 -0.005728
v 0.094301 0.242227 0.004569
v 0.090077 0.128641 -0.013879
v 0.090009 0.128562 -0.013049
v 0.086106 0.417214 0.003220
v 0.083276 0.481841 -0.004369
v 0.084327 0.475720 -0.004343
v 0.089408 0.505914 -0.005931
v 0.087645 0.486082 -0.003387
v 0.094206 0.240730 -0.006401
v 0.093929 0.240780 -0.006370
v 0.082599 0.406015 -0.006081
v 0.085836 0.404299 -0.006338
v 0.083970 0.309621 -0.005984
v 0.082814 0.406069 0.002840
v 0.084666 0.404993 -0.002916
v 0.084666 0.404993 -0.002916
v 0.086065 0.452394 -0.008496
v 0.083273 0.111209 0.004183
v 0.085469 0.552893 -0.006308
v 0.087088 0.132193 -0.006950
v 0.087526 0.520220 0.005407
v 0.089841 0.486671 -0.000919
v 0.083235 0.407418 0.004656
v 0.086386 0.407081 0.004738
v 0.086378 0.407094 0.004702
v 0.085299 0.548054 0.004183
v 0.088460 0.112027 0.004417
v 0.087688 0.112207 0.004464
v 0.088625 0.487797 0.001683
v 0.091944 0.505798 0.001584
v 0.093575 0.451467 -0.014103
v 0.088910 0.521598 -0.013510
v 0.084376 0.321113 0.004089
v 0.088665 0.521722 0.012596
v 0.086033 0.417312 -0.004831
v 0.086462 0.519303 0.003067
v 0.090962 0.503941 -0.004078
v 0.091287 0.509240 0.012487
v 0.086030 0.319350 0.004077
v 0.083900 0.406242 -0.007286
v 0.087142 0.402549 -0.006912
v 0.087823 0.414539 -0.006587
v 0.096633 0.441084 0.011810
v 0.084238 0.563374 -0.005898
v 0.084391 0.476026 -0.006005
v 0.084303 0.473677 -0.004790
v 0.090723 0.440497 -0.007681
v 0.086171 0.097097 -0.006218
v 0.084200 0.094349 -0.006007
v 0.084855 0.405433 0.004344
v 0.100327 0.467400 0.001734
v 0.098687 0.467912 -0.003798
v 0.084312 0.519873 -0.003126
v 0.084995 0.519004 -0.002061
v 0.087815 0.519319 -0.002695
v 0.084402 0.520345 -0.006765
v 0.087137 0.415129 0.002689
v 0.095049 0.238941 0.003124
v 0.094164 0.242177 0.004537
v 0.089807 0.507741 0.003776
v 0.091215 0.306237 0.004436
v 0.088069 0.144210 0.005161
v 0.101641 0.112835 -0.006273
v 0.086147 0.097065 -0.006229
v 0.089614 0.317576 0.004074
v 0.085335 0.518772 0.002145
v 0.084803 0.411173 0.004656
v 0.088065 0.414679 0.004535
v 0.088162 0.414684 0.004504
v 0.090319 0.290125 -0.006188
v 0.086695 0.142264 0.004291
v 0.085671 0.075409 -0.006313
v 0.087003 0.084513 -0.005547
v 0.085614 0.075655 0.004078
v 0.091215 0.306237 0.004436
v 0.086712 0.076797 0.004220
v 0.084421 0.083615 0.004143
v 0.090125 0.299700 0.004700
v 0.088561 0.474759 -0.004226
v 0.094224 0.453147 0.012329
v 0.089215 0.451049 0.012774
v 0.085984 0.195944 -0.006139
v 0.085903 0.196700 0.004295
v 0.089076 0.521615 -0.013731
v 0.085211 0.080003 0.004175
v 0.087826 0.076130 0.003244
v 0.085642 0.083547 0.004392
v 0.087513 0.204837 0.004330
v 0.086611 0.203761 -0.006158
v 0.089720 0.085535 0.004268
v 0.096244 0.440867 -0.013700
v 0.085693 0.083528 0.000306
v 0.088030 0.083479 -0.005806
v 0.085953 0.416588 -0.004957
v 0.086381 0.416136 -0.005409
v 0.091325 0.112866 -0.005902
v 0.091929 0.316248 -0.006030
v 0.090158 0.317340 0.004251
v 0.090246 0.303756 -0.006612
v 0.086109 0.417221 0.003223
v 0.087594 0.415609 0.003180
v 0.088878 0.415034 -0.004990
v 0.088923 0.415118 -0.004959
v 0.090744 0.290307 0.004283
v 0.086239 0.521024 0.012370
v 0.092244 0.523932 0.012628
v 0.087526 0.520220 0.005407
v 0.086249 0.414959 0.004643
v 0.090246 0.303756 -0.006612
v 0.086357 0.131001 -0.008230
v 0.087066 0.132196 -0.006894
v 0.090423 0.128778 -0.014191
v 0.094827 0.027224 -0.005679
v 0.086462 0.519303 0.003067
v 0.087369 0.518701 0.001854
v 0.090526 0.130812 -0.006649
v 0.095442 0.453706 -0.013975
v 0.090274 0.099189 0.004140
v 0.097883 0.110696 0.004661
v 0.090280 0.146741 -0.006278
v 0.091614 0.147747 0.004846
v 0.089114 0.452614 -0.012869
v 0.086639 0.370553 -0.000632
v 0.086646 0.367801 0.003371
v 0.086936 0.372021 0.009006
v 0.086639 0.370553 -0.000632
v 0.086666 0.367307 -0.004416
v 0.086646 0.367801 0.003371
v 0.086926 0.374193 -0.008481
v 0.086666 0.367307 -0.004416
v 0.088551 0.378041 0.004108
v 0.088934 0.377923 -0.006447
v 0.087874 0.361644 0.010997
v 0.086936 0.372021 0.009006
v 0.088086 0.076105 0.004647
v 0.086926 0.374193 -0.008481
v 0.087831 0.360850 -0.012357
v 0.088389 0.034286 -0.006624
v 0.088954 0.070978 0.004655
v 0.092195 0.099336 0.004565
v 0.087202 0.096821 0.004077
v 0.096528 0.445758 -0.014433
v 0.090390 0.399608 -0.005303
v 0.087878 0.370097 -0.010977
v 0.088558 0.377340 -0.006568
v 0.087363 0.374222 -0.011052
v 0.087640 0.369983 -0.010845
v 0.090821 0.128549 -0.014218
v 0.089317 0.370233 0.009999
v 0.087543 0.374117 0.009676
v 0.088964 0.369971 0.010059
v 0.089179 0.487543 -0.000915
v 0.095932 0.400597 -0.007049
v 0.089762 0.298869 0.003396
v 0.098161 0.373923 -0.009840
v 0.093994 0.068838 -0.006202
v 0.096700 0.475500 0.001742
v 0.090748 0.070837 0.004331
v 0.089446 0.487196 -0.000938
v 0.092435 0.395037 0.003923
v 0.091889 0.208161 -0.005799
v 0.089941 0.398922 -0.005067
v 0.094674 0.476384 -0.002691
v 0.090877 0.130685 -0.006829
v 0.094448 0.194891 -0.006167
v 0.094608 0.194761 0.004008
v 0.090789 0.070388 0.004052
v 0.088989 0.071144 0.004589
v 0.094653 0.029831 -0.006595
v 0.094653 0.029831 -0.006595
v 0.100976 0.036141 0.004648
v 0.092895 0.208085 -0.006649
v 0.098510 0.200405 -0.006597
v 0.093508 0.353359 0.011327
v 0.095872 0.400744 0.005590
v 0.100607 0.200279 0.004227
v 0.092276 0.084090 -0.006096
v 0.104633 0.142531 0.004461
v 0.089190 0.390612 0.003340
v 0.089659 0.389716 -0.005350
v 0.098362 0.137536 -0.006329
v 0.094225 0.133593 -0.006123
v 0.091398 0.084672 -0.006079
v 0.092338 0.474848 -0.002766
v 0.097001 0.475025 -0.004077
v 0.097361 0.367412 -0.013087
v 0.094475 0.027950 0.004395
v 0.093164 0.210386 0.004277
v 0.094886 0.205502 0.004712
v 0.097883 0.110696 0.004661
v 0.094613 0.370403 0.011231
v 0.089821 0.380421 -0.005611
v 0.092477 0.522972 -0.002001
v 0.093646 0.451395 -0.014053
v 0.098187 0.445417 0.012775
v 0.098187 0.445417 0.012775
v 0.089497 0.015234 0.000870
v 0.102338 0.015284 0.014443
v 0.102199 0.015243 -0.004626
v 0.108133 0.015231 -0.006781
v 0.089491 0.388656 -0.005352
v 0.091369 0.393100 -0.004628
v 0.096500 0.381452 -0.007268
v 0.091366 0.393049 -0.004516
v 0.094611 0.370300 0.011022
v 0.096533 0.443435 -0.014443
v 0.091136 0.293680 -0.006146
v 0.090997 0.296039 0.004338
v 0.091929 0.315973 0.003867
v 0.091978 0.312360 0.004064
v 0.090942 0.498166 -0.001011
v 0.091136 0.293680 -0.006146
v 0.090942 0.498166 -0.001011
v 0.093332 0.131724 -0.006321
v 0.102995 0.127017 0.012788
v 0.107654 0.128656 0.012206
v 0.102986 0.127017 0.012797
v 0.094360 0.377143 0.005545
v 0.094654 0.239390 -0.005668
v 0.092492 0.099695 0.004470
v 0.093359 0.524877 0.012241
v 0.096321 0.364776 0.011467
v 0.093385 0.131478 -0.006075
v 0.091047 0.129933 0.005118
v 0.094092 0.393605 -0.006637
v 0.095158 0.027581 0.000486
v 0.096293 0.440461 -0.007182
v 0.096182 0.440649 -0.007199
v 0.095145 0.510258 0.003798
v 0.091503 0.502585 0.000428
v 0.092946 0.505047 -0.001281
v 0.090890 0.208605 -0.007477
v 0.092877 0.208117 -0.006738
v 0.098324 0.043436 0.004228
v 0.094566 0.352571 -0.013371
v 0.091390 0.301348 0.002974
v 0.090997 0.296039 0.004338
v 0.091390 0.301348 0.002974
v 0.091601 0.310939 0.004333
v 0.091685 0.129066 -0.008838
v 0.091503 0.502585 0.000428
v 0.096400 0.386702 0.005236
v 0.102929 0.099223 0.004388
v 0.097679 0.530504 -0.014036
v 0.093175 0.210354 0.004183
v 0.092055 0.504533 -0.000989
v 0.097592 0.367397 -0.013108
v 0.098774 0.042036 -0.005883
v 0.094950 0.510187 -0.005766
v 0.094489 0.082702 -0.006636
v 0.097534 0.153114 -0.006256
v 0.095214 0.133783 0.003931
v 0.097424 0.505393 -0.001002
v 0.094207 0.082094 0.004693
v 0.095134 0.082046 -0.001588
v 0.094539 0.082411 -0.006385
v 0.097634 0.410724 -0.005054
v 0.097389 0.476640 -0.003041
v 0.097883 0.110696 0.004661
v 0.096193 0.387749 -0.007626
v 0.095666 0.210921 0.004487
v 0.101921 0.074757 0.004685
v 0.101451 0.081628 0.004452
v 0.096877 0.068422 0.004240
v 0.096816 0.068188 0.004280
v 0.106667 0.069407 -0.006513
v 0.094260 0.525623 0.012367
v 0.105680 0.143447 -0.006366
v 0.100292 0.409555 -0.004829
v 0.095692 0.211073 0.004498
v 0.097608 0.505644 0.002095
v 0.104960 0.351558 -0.014798
v 0.106204 0.110509 0.004452
v 0.096995 0.451545 -0.014595
v 0.097061 0.451515 -0.014456
v 0.098678 0.151345 0.004646
v 0.096150 0.150887 0.004590
v 0.094133 0.239650 -0.005418
v 0.094137 0.239385 0.002787
v 0.106270 0.521038 0.012553
v 0.098476 0.136831 -0.005737
v 0.098653 0.198114 -0.006079
v 0.094176 0.081521 0.004271
v 0.096013 0.507061 -0.003803
v 0.100504 0.081508 -0.006186
v 0.100923 0.512441 -0.013252
v 0.107502 0.356345 0.013302
v 0.097066 0.455194 0.012703
v 0.102336 0.449577 0.012752
v 0.098412 0.137209 -0.005905
v 0.096623 0.029954 0.004659
v 0.100218 0.375457 0.007381
v 0.095123 0.028837 0.004752
v 0.095158 0.027581 0.000486
v 0.098647 0.025274 0.004343
v 0.096321 0.364776 0.011467
v 0.094653 0.029831 -0.006595
v 0.095106 0.027527 -0.004859
v 0.101347 0.035654 -0.006115
v 0.101536 0.023194 -0.004933
v 0.110900 0.017284 -0.006283
v 0.101420 0.035718 -0.006294
v 0.110646 0.030844 -0.006690
v 0.095134 0.082046 -0.001588
v 0.103268 0.518938 -0.013641
v 0.101929 0.519416 -0.014567
v 0.098514 0.200399 -0.006646
v 0.094886 0.205502 0.004712
v 0.100696 0.200226 0.004675
v 0.109986 0.207532 0.004230
v 0.098521 0.529985 0.012632
v 0.097934 0.530053 0.013193
v 0.097382 0.505056 -0.000988
v 0.099921 0.511016 0.003434
v 0.097678 0.198282 0.002376
v 0.095088 0.027435 -0.004890
v 0.102493 0.511513 -0.004934
v 0.101071 0.350187 0.011713
v 0.098306 0.398254 -0.012958
v 0.096551 0.389913 -0.012023
v 0.102748 0.099195 -0.006357
v 0.096254 0.150932 0.004429
v 0.104916 0.517847 -0.014072
v 0.096122 0.395395 0.011346
v 0.107430 0.210185 -0.006069
v 0.095682 0.441954 0.013449
v 0.097102 0.440412 0.012423
v 0.101013 0.446941 0.012299
v 0.101111 0.513397 0.012108
v 0.112277 0.401261 -0.007087
v 0.098664 0.151373 0.004844
v 0.096187 0.440895 -0.013534
v 0.096534 0.443436 -0.014476
v 0.099126 0.443264 -0.014329
v 0.096276 0.440492 0.006410
v 0.100453 0.368041 0.011868
v 0.100271 0.367852 0.011376
v 0.103367 0.389947 -0.014841
v 0.097438 0.478022 -0.003765
v 0.098584 0.447489 -0.014487
v 0.096528 0.445758 -0.014433
v 0.098584 0.447489 -0.014487
v 0.098903 0.443482 -0.014083
v 0.104875 0.534033 -0.014321
v 0.099762 0.382982 0.007911
v 0.121264 0.021219 0.005272
v 0.104559 0.033857 0.004646
v 0.104559 0.033857 0.004646
v 0.106022 0.110521 0.004430
v 0.099981 0.381456 -0.011505
v 0.103001 0.462494 0.011234
v 0.098446 0.457997 -0.013599
v 0.101431 0.502950 -0.002864
v 0.100884 0.449688 -0.014504
v 0.097061 0.451515 -0.014456
v 0.101189 0.447154 -0.014397
v 0.100884 0.449688 -0.014504
v 0.097109 0.455160 0.012638
v 0.102344 0.449569 0.012790
v 0.108390 0.453613 0.012766
v 0.102746 0.459487 0.012634
v 0.102734 0.459470 0.012736
v 0.106654 0.069207 0.004428
v 0.101921 0.074757 0.004685
v 0.099006 0.482793 0.002026
v 0.099042 0.482248 -0.003854
v 0.099555 0.503691 -0.002776
v 0.098364 0.481316 -0.003685
v 0.099578 0.503736 -0.002766
v 0.101762 0.399713 0.011721
v 0.097369 0.197580 0.003598
v 0.104131 0.533474 0.012231
v 0.099321 0.383675 0.011578
v 0.114277 0.128892 -0.014116
v 0.105540 0.406928 -0.005032
v 0.101381 0.408977 -0.004589
v 0.102449 0.472111 -0.003260
v 0.101282 0.157836 -0.005940
v 0.102984 0.373106 -0.009496
v 0.102373 0.140275 -0.005930
v 0.102664 0.140386 -0.006011
v 0.103978 0.037033 0.003113
v 0.101160 0.375512 -0.009842
v 0.102095 0.348421 -0.011585
v 0.104438 0.365713 -0.013963
v 0.120515 0.198748 -0.006269
v 0.108798 0.195323 -0.006466
v 0.098740 0.197767 -0.006119
v 0.102453 0.530648 0.012707
v 0.102453 0.530648 0.012707
v 0.108554 0.020389 0.004223
v 0.104641 0.365535 -0.013667
v 0.105532 0.478971 0.002086
v 0.113636 0.401680 0.005702
v 0.101647 0.458149 -0.014410
v 0.102723 0.461883 0.003456
v 0.105402 0.463911 -0.001554
v 0.101551 0.158394 0.004101
v 0.101124 0.484158 -0.004059
v 0.099456 0.482942 -0.003793
v 0.100736 0.483362 -0.003890
v 0.103034 0.461093 -0.014001
v 0.109693 0.482753 0.002833
v 0.108300 0.505701 0.002821
v 0.123342 0.013573 0.014461
v 0.105946 0.463991 0.007710
v 0.104757 0.462737 -0.008560
v 0.104457 0.486100 0.000000
v 0.102703 0.486368 -0.003405
v 0.105076 0.370731 0.007008
v 0.102064 0.375570 0.008980
v 0.109140 0.160846 0.004700
v 0.098872 0.197335 -0.006069
v 0.107519 0.195025 -0.005992
v 0.106744 0.195236 -0.006185
v 0.102265 0.513384 0.002573
v 0.104129 0.368017 0.011995
v 0.104664 0.389710 0.013496
v 0.103669 0.385158 -0.019081
v 0.101647 0.458149 -0.014410
v 0.103472 0.378608 -0.018717
v 0.106401 0.083849 0.004532
v 0.104129 0.368017 0.011995
v 0.110748 0.194072 0.004648
v 0.107443 0.194780 0.003963
v 0.110849 0.162627 0.003948
v 0.105208 0.497644 -0.002818
v 0.103232 0.345456 0.010285
v 0.110937 0.015690 0.004681
v 0.101493 0.502972 -0.002759
v 0.105600 0.497814 -0.002711
v 0.104724 0.349504 0.013682
v 0.106016 0.519398 -0.012896
v 0.105852 0.496712 -0.003752
v 0.104625 0.407111 0.004268
v 0.105576 0.406557 -0.004943
v 0.102938 0.484971 -0.003983
v 0.108384 0.370477 0.011729
v 0.112133 0.399023 -0.015004
v 0.103003 0.037875 -0.003376
v 0.108909 0.109756 -0.006089
v 0.106950 0.020977 -0.004788
v 0.102453 0.511164 -0.004838
v 0.109424 0.504640 -0.004713
v 0.104924 0.083063 0.004464
v 0.104931 0.083087 0.004563
v 0.107457 0.084122 -0.006378
v 0.104696 0.385284 0.017210
v 0.106056 0.347860 -0.013703
v 0.113590 0.015385 -0.007211
v 0.159922 0.013718 -0.016005
v 0.103905 0.037365 -0.004980
v 0.105128 0.377391 0.017772
v 0.110125 0.015780 -0.007113
v 0.106011 0.478972 -0.003432
v 0.102453 0.530648 0.012697
v 0.106277 0.521077 0.012553
v 0.108683 0.521515 0.012376
v 0.110858 0.536815 0.012765
v 0.111107 0.536555 0.012633
v 0.113104 0.014891 0.014197
v 0.113104 0.014891 0.014197
v 0.104456 0.035655 0.004613
v 0.100993 0.036129 0.004622
v 0.104552 0.035722 0.004854
v 0.104535 0.518136 -0.005667
v 0.107514 0.448995 -0.014006
v 0.104521 0.035701 -0.006488
v 0.108152 0.095640 -0.006161
v 0.104466 0.518152 -0.005661
v 0.104521 0.035701 -0.006488
v 0.109214 0.483840 -0.004502
v 0.107344 0.374452 -0.011119
v 0.107790 0.486467 0.000346
v 0.102723 0.461883 0.003456
v 0.105946 0.463991 0.007710
v 0.105402 0.463911 -0.001554
v 0.102734 0.459470 0.012736
v 0.117539 0.473523 0.012529
v 0.105226 0.463237 0.012391
v 0.108597 0.455641 0.012745
v 0.108750 0.455439 0.012790
v 0.103327 0.460363 -0.011994
v 0.116594 0.152162 -0.006451
v 0.107803 0.458559 -0.014386
v 0.109303 0.454384 -0.013819
v 0.105445 0.036761 -0.002155
v 0.103713 0.333670 -0.012094
v 0.103023 0.485702 -0.003621
v 0.103754 0.462312 0.012211
v 0.104055 0.461487 0.011070
v 0.109027 0.129078 0.012445
v 0.106054 0.329337 0.010606
v 0.108223 0.448974 0.012052
v 0.107983 0.021670 -0.004803
v 0.106949 0.096763 0.004560
v 0.120831 0.097474 -0.006447
v 0.104243 0.459850 -0.014290
v 0.104316 0.485928 -0.003478
v 0.108675 0.340602 -0.013337
v 0.106245 0.143748 -0.006195
v 0.105946 0.463991 0.007710
v 0.104757 0.462737 -0.008560
v 0.105969 0.036304 -0.004696
v 0.103931 0.037478 -0.004973
v 0.105969 0.036304 -0.004696
v 0.113336 0.375890 -0.022039
v 0.103057 0.038039 -0.003401
v 0.105445 0.036761 -0.002155
v 0.103909 0.037025 0.002914
v 0.105308 0.487002 -0.002791
v 0.147118 0.000499 -0.014948
v 0.107845 0.360991 0.013001
v 0.113027 0.128385 -0.013613
v 0.107845 0.360991 0.013001
v 0.108932 0.162575 -0.006314
v 0.106849 0.520848 0.002851
v 0.105440 0.486508 -0.002942
v 0.108776 0.485970 -0.002781
v 0.106769 0.487503 -0.003672
v 0.107842 0.370654 -0.012604
v 0.106968 0.520765 -0.008875
v 0.104665 0.485923 -0.000078
v 0.107482 0.487598 0.000636
v 0.106685 0.520862 -0.008771
v 0.113927 0.106142 0.004302
v 0.111187 0.109182 0.004340
v 0.112537 0.405134 -0.006746
v 0.107494 0.374397 0.008222
v 0.108325 0.359328 -0.014989
v 0.108630 0.359057 -0.014584
v 0.110021 0.333498 -0.013740
v 0.110229 0.322433 -0.012753
v 0.107841 0.458554 -0.014613
v 0.110315 0.373589 0.014529
v 0.120842 0.198602 0.004187
v 0.108391 0.084211 0.003901
v 0.117745 0.075383 -0.006449
v 0.108571 0.486129 -0.004333
v 0.108099 0.342457 0.010927
v 0.108703 0.162567 0.004059
v 0.108673 0.492699 -0.003745
v 0.105878 0.519187 -0.013351
v 0.118943 0.388098 -0.017353
v 0.109891 0.468517 -0.014166
v 0.120580 0.157557 0.003283
v 0.121249 0.127147 -0.014498
v 0.110231 0.468858 0.012256
v 0.108414 0.490520 -0.001628
v 0.109731 0.467952 0.006304
v 0.112531 0.405060 -0.006654
v 0.110552 0.034133 -0.006378
v 0.106944 0.349768 0.020835
v 0.106968 0.349752 -0.022717
v 0.110701 0.146004 0.004157
v 0.112870 0.400586 0.006979
v 0.117520 0.388207 0.015152
v 0.112699 0.400457 0.012800
v 0.115555 0.471362 0.004203
v 0.106968 0.520765 -0.008875
v 0.109068 0.034320 -0.006049
v 0.109307 0.493406 0.001675
v 0.110435 0.146040 -0.006162
v 0.107997 0.353654 0.022185
v 0.111914 0.375040 0.019728
v 0.110402 0.346197 -0.019138
v 0.108638 0.521574 0.012186
v 0.113687 0.033034 0.003933
v 0.114314 0.129083 0.012152
v 0.114610 0.128879 0.003304
v 0.109871 0.482198 0.001156
v 0.109252 0.334576 0.011473
v 0.112553 0.128899 -0.009697
v 0.106844 0.520867 0.002833
v 0.106811 0.520953 -0.008869
v 0.123629 0.383072 0.018911
v 0.110571 0.536319 -0.014402
v 0.117922 0.074446 0.004292
v 0.109282 0.485640 0.002733
v 0.108948 0.487645 0.002101
v 0.108261 0.092680 0.004434
v 0.114968 0.522904 -0.013859
v 0.113806 0.488983 -0.004156
v 0.113635 0.521813 -0.009007
v 0.113409 0.521734 -0.009011
v 0.107024 0.097013 0.004467
v 0.111063 0.373110 -0.018780
v 0.106678 0.486238 0.002168
v 0.109634 0.485259 0.000673
v 0.108967 0.020115 -0.005868
v 0.108649 0.084288 0.004628
v 0.110675 0.346239 0.016617
v 0.108217 0.195278 -0.005962
v 0.109290 0.192040 0.004057
v 0.107404 0.194645 0.004095
v 0.109272 0.192145 -0.006158
v 0.110572 0.320945 0.010645
v 0.109180 0.191786 0.004466
v 0.136108 0.384227 -0.020695
v 0.108261 0.092680 0.004434
v 0.110238 0.109453 0.004261
v 0.111275 0.109200 -0.001216
v 0.109241 0.454718 -0.014536
v 0.111701 0.359649 0.016433
v 0.110825 0.362444 0.014845
v 0.110825 0.362444 0.014845
v 0.115473 0.351573 0.024869
v 0.111014 0.482380 -0.003532
v 0.113173 0.360005 -0.020834
v 0.109909 0.453344 0.004875
v 0.109349 0.354099 -0.024925
v 0.109996 0.453963 0.011201
v 0.115593 0.404387 0.006474
v 0.111421 0.361785 -0.018047
v 0.111421 0.361785 -0.018047
v 0.118710 0.529642 0.012676
v 0.108390 0.453618 0.012718
v 0.109751 0.454077 0.011004
v 0.114809 0.329641 0.013806
v 0.110905 0.489204 -0.004230
v 0.110905 0.489204 -0.004230
v 0.112405 0.484355 -0.004708
v 0.120094 0.015292 0.012912
v 0.117818 0.015265 0.007235
v 0.114723 0.522996 0.011863
v 0.109942 0.454291 0.000915
v 0.110943 0.454096 -0.009240
v 0.112435 0.497373 0.002363
v 0.114325 0.347333 -0.019614
v 0.112507 0.487194 0.002317
v 0.110905 0.489204 -0.004230
v 0.109160 0.169642 -0.004739
v 0.111368 0.170258 -0.004775
v 0.109192 0.171580 0.002900
v 0.123002 0.530071 -0.014527
v 0.116875 0.032211 -0.006521
v 0.109302 0.169652 -0.004711
v 0.109192 0.171580 0.002900
v 0.114394 0.087892 0.004676
v 0.114394 0.087892 0.004676
v 0.113461 0.359701 0.018958
v 0.111195 0.174300 0.003486
v 0.110789 0.174588 0.003678
v 0.113438 0.483175 -0.004158
v 0.109221 0.483840 -0.004501
v 0.112405 0.484355 -0.004708
v 0.113552 0.483150 -0.004175
v 0.110948 0.187072 -0.006587
v 0.110948 0.187072 -0.006587
v 0.110757 0.194075 0.004706
v 0.112698 0.360912 -0.019613
v 0.112463 0.487653 0.002793
v 0.117115 0.325083 -0.014986
v 0.110928 0.334352 -0.020854
v 0.118653 0.163516 0.004700
v 0.110833 0.163701 0.004716
v 0.113783 0.360005 -0.023103
v 0.117570 0.352036 -0.027531
v 0.118899 0.017220 0.004767
v 0.116212 0.378881 0.020262
v 0.110912 0.178823 -0.006582
v 0.110554 0.173382 -0.004192
v 0.110862 0.170375 -0.006622
v 0.109909 0.453344 0.004875
v 0.110367 0.454143 0.001018
v 0.111150 0.455530 0.002313
v 0.116069 0.151900 -0.006179
v 0.111407 0.341561 0.019621
v 0.111486 0.333328 0.019238
v 0.110499 0.109710 0.004218
v 0.111275 0.109200 -0.001216
v 0.109827 0.482565 0.001228
v 0.110480 0.483667 -0.003436
v 0.113202 0.483303 0.003380
v 0.112790 0.331929 -0.015766
v 0.109616 0.454568 0.000935
v 0.111190 0.455491 0.002306
v 0.110943 0.454096 -0.009240
v 0.118048 0.347473 -0.019874
v 0.112104 0.361080 -0.020453
v 0.112770 0.107442 0.004103
v 0.115317 0.104492 -0.006637
v 0.114871 0.457234 -0.013555
v 0.112421 0.483170 0.002964
v 0.120317 0.155438 0.003958
v 0.114394 0.087892 0.004676
v 0.118788 0.192466 0.004662
v 0.118788 0.192466 0.004662
v 0.110826 0.015370 -0.006989
v 0.113281 0.359943 0.021440
v 0.118656 0.163516 0.004711
v 0.112115 0.362175 0.016081
v 0.112143 0.362176 0.016061
v 0.110833 0.163701 0.004716
v 0.109701 0.482758 0.002829
v 0.113441 0.486675 0.000899
v 0.113554 0.486982 0.003020
v 0.119860 0.179967 -0.006505
v 0.121084 0.163634 -0.005522
v 0.119742 0.164595 -0.006475
v 0.112405 0.484355 -0.004708
v 0.112116 0.539319 -0.014092
v 0.110948 0.187072 -0.006587
v 0.111902 0.539834 0.012471
v 0.113871 0.362325 0.019036
v 0.114024 0.106275 0.004198
v 0.117517 0.471162 0.003573
v 0.115040 0.105032 -0.006183
v 0.120743 0.350863 -0.019976
v 0.113115 0.362218 0.017442
v 0.111645 0.359696 0.016521
v 0.113115 0.362218 0.017442
v 0.121590 0.542226 0.013318
v 0.112019 0.539608 0.011905
v 0.114795 0.540013 0.012674
v 0.114730 0.540200 0.012691
v 0.116681 0.329784 0.018969
v 0.116190 0.472324 -0.014071
v 0.114024 0.365425 0.022921
v 0.116721 0.318136 0.012204
v 0.123600 0.463791 0.012477
v 0.115282 0.456823 0.001917
v 0.113800 0.488971 -0.004130
v 0.115282 0.456823 0.001917
v 0.112553 0.128899 -0.009697
v 0.114610 0.128879 0.003304
v 0.121070 0.129565 -0.007865
v 0.114243 0.128934 -0.013955
v 0.115095 0.151007 -0.005560
v 0.117003 0.405155 -0.006727
v 0.119074 0.348214 0.018227
v 0.115897 0.015783 -0.007193
v 0.116974 0.317849 -0.013495
v 0.114314 0.129149 0.012145
v 0.120327 0.129404 0.006254
v 0.113161 0.362500 -0.020158
v 0.112860 0.400740 0.007295
v 0.112913 0.400193 0.012663
v 0.115645 0.403738 0.006531
v 0.114004 0.362447 -0.023098
v 0.119975 0.458663 0.012176
v 0.115750 0.360511 -0.026385
v 0.144508 0.000425 0.013106
v 0.116968 0.405226 -0.006725
v 0.117671 0.401085 -0.017267
v 0.113021 0.360055 -0.020891
v 0.114004 0.362447 -0.023098
v 0.120517 0.457749 0.005341
v 0.113229 0.359857 0.018974
v 0.116905 0.329219 -0.020637
v 0.114554 0.524397 0.002640
v 0.113653 0.362288 0.019106
v 0.114060 0.486640 0.000874
v 0.116104 0.360203 0.025471
v 0.113590 0.359972 0.021191
v 0.116260 0.360144 0.025114
v 0.113705 0.360058 -0.023121
v 0.116680 0.360519 -0.026430
v 0.114632 0.364890 -0.025490
v 0.119845 0.179980 -0.006491
v 0.115737 0.524550 -0.009322
v 0.118772 0.015653 -0.006760
v 0.119416 0.129045 -0.014028
v 0.121426 0.527994 0.005493
v 0.116144 0.524590 -0.009136
v 0.119302 0.406242 -0.014751
v 0.121379 0.527508 -0.006442
v 0.120701 0.090207 0.004412
v 0.120233 0.098118 0.004376
v 0.120701 0.090207 0.004412
v 0.118968 0.541701 -0.014641
v 0.120796 0.459300 -0.013655
v 0.117267 0.401569 0.014371
v 0.117389 0.401441 0.014317
v 0.118941 0.099263 -0.006126
v 0.118696 0.473424 0.001153
v 0.121162 0.455868 0.003099
v 0.119286 0.456308 0.002986
v 0.127905 0.031778 -0.006654
v 0.128743 0.020356 -0.006191
v 0.118143 0.401215 0.015799
v 0.118855 0.473479 0.001083
v 0.117634 0.358054 0.025725
v 0.120205 0.155117 -0.006089
v 0.120588 0.527146 -0.007100
v 0.119142 0.405113 0.002034
v 0.119051 0.405396 -0.005969
v 0.136618 0.129015 0.012319
v 0.120037 0.457575 -0.007970
v 0.113234 0.014864 0.014162
v 0.123352 0.013587 0.014524
v 0.120110 0.015258 0.012899
v 0.118766 0.099650 -0.005848
v 0.122227 0.353362 0.025430
v 0.119123 0.405148 0.002047
v 0.121379 0.406910 -0.009158
v 0.118327 0.154019 -0.006170
v 0.172591 0.119824 0.012498
v 0.119096 0.015341 -0.006858
v 0.135125 0.120031 -0.014354
v 0.116702 0.000693 0.014328
v 0.119803 0.322278 0.019314
v 0.118712 0.529644 0.012872
v 0.126644 0.016128 -0.005134
v 0.120558 0.310850 0.007308
v 0.119872 0.312879 0.013470
v 0.120710 0.542618 -0.002614
v 0.120380 0.406566 0.012510
v 0.126364 0.360361 0.025289
v 0.129131 0.355675 -0.027176
v 0.129047 0.355589 -0.026093
v 0.119051 0.405396 -0.005969
v 0.120297 0.155024 -0.006157
v 0.118444 0.312939 -0.014097
v 0.119959 0.321983 -0.020084
v 0.127148 0.033640 -0.006397
v 0.118067 0.401345 0.015709
v 0.125553 0.352729 -0.027013
v 0.120234 0.319237 -0.015879
v 0.132728 0.014888 0.001979
v 0.119061 0.320067 0.014624
v 0.121179 0.356255 0.025687
v 0.117634 0.358054 0.025725
v 0.121179 0.356255 0.025687
v 0.124866 0.032760 -0.006269
v 0.117820 0.015310 0.007240
v 0.120094 0.015292 0.012912
v 0.118923 0.015800 0.004926
v 0.131840 0.015118 -0.014642
v 0.121383 0.312324 0.004089
v 0.122497 0.478805 0.012476
v 0.122693 0.352671 0.019421
v 0.121020 0.311779 -0.007261
v 0.132257 0.329968 0.018961
v 0.120852 0.090602 -0.006210
v 0.121296 0.312858 -0.012779
v 0.122652 0.313230 -0.008634
v 0.120215 0.162121 0.004285
v 0.120982 0.456352 -0.006802
v 0.120594 0.083763 -0.006027
v 0.120050 0.162313 0.004094
v 0.120334 0.189391 0.003484
v 0.136932 0.345854 -0.020255
v 0.129496 0.023223 0.004708
v 0.127256 0.033397 0.004168
v 0.126570 0.016104 0.002650
v 0.120388 0.189238 0.003284
v 0.120812 0.020890 0.003731
v 0.123343 0.544765 -0.015186
v 0.126969 0.483355 -0.014306
v 0.129005 0.534904 0.013258
v 0.130561 0.327045 -0.020599
v 0.129801 0.321504 -0.020656
v 0.131840 0.015118 -0.014642
v 0.127351 0.401026 0.015902
v 0.127351 0.400924 0.015764
v 0.119051 0.405396 -0.005969
v 0.121394 0.406803 -0.009122
v 0.123975 0.546570 -0.006343
v 0.123038 0.408247 0.004316
v 0.125335 0.531685 -0.007780
v 0.124968 0.526847 -0.004862
v 0.119259 0.128787 -0.013202
v 0.128556 0.312844 0.013301
v 0.130665 0.317530 0.013344
v 0.120436 0.184000 -0.004997
v 0.119893 0.164067 -0.006216
v 0.120454 0.183994 -0.005007
v 0.125047 0.407075 -0.008690
v 0.129423 0.406614 -0.014975
v 0.129639 0.321423 0.019647
v 0.132739 0.015202 0.001976
v 0.120779 0.162344 0.004489
v 0.119725 0.159367 0.003567
v 0.126669 0.372048 0.022000
v 0.125326 0.525386 0.002482
v 0.126877 0.352621 -0.022840
v 0.129493 0.400322 -0.017689
v 0.120570 0.159483 0.004631
v 0.122649 0.159492 0.004314
v 0.120577 0.162730 0.004142
v 0.121150 0.158290 0.002933
v 0.125540 0.384962 0.015539
v 0.120852 0.090602 -0.006210
v 0.123476 0.462858 0.005257
v 0.123511 0.462604 -0.006720
v 0.130196 0.023400 0.005053
v 0.121872 0.312034 -0.007619
v 0.122569 0.307520 -0.006175
v 0.121322 0.311884 0.005172
v 0.126121 0.465410 -0.014342
v 0.120867 0.163704 -0.000675
v 0.121222 0.162972 0.002916
v 0.121006 0.161842 -0.003006
v 0.121318 0.163338 -0.004925
v 0.121271 0.194949 -0.004808
v 0.120923 0.163703 -0.000674
v 0.120255 0.161786 -0.003059
v 0.122890 0.132468 0.004403
v 0.121835 0.311390 -0.008006
v 0.120966 0.312002 -0.009055
v 0.122680 0.311636 -0.008833
v 0.120986 0.456344 -0.006657
v 0.124536 0.452925 -0.005884
v 0.120993 0.455788 0.002955
v 0.122499 0.453389 -0.006072
v 0.134644 0.129512 0.005132
v 0.136845 0.128988 0.012173
v 0.125129 0.540447 0.013431
v 0.130195 0.320059 0.014498
v 0.121500 0.195550 0.002906
v 0.131024 0.346883 0.017524
v 0.121276 0.163364 -0.004964
v 0.129232 0.318699 -0.016179
v 0.126255 0.313272 -0.015158
v 0.123471 0.152876 0.004165
v 0.130422 0.388394 -0.017522
v 0.132751 0.472061 -0.014250
v 0.122315 0.453753 0.003744
v 0.122422 0.453644 0.003818
v 0.124214 0.547090 0.012426
v 0.123868 0.547234 -0.000002
v 0.122992 0.157785 -0.006303
v 0.126564 0.360414 0.025626
v 0.125129 0.540447 0.013431
v 0.121242 0.195506 0.002879
v 0.123854 0.158241 0.004267
v 0.123158 0.195828 0.004297
v 0.121175 0.312295 -0.012751
v 0.130146 0.314075 -0.015471
v 0.129434 0.129124 -0.014020
v 0.135066 0.120157 -0.014087
v 0.122955 0.185339 -0.006391
v 0.122983 0.157968 -0.006260
v 0.123548 0.200880 -0.006187
v 0.121291 0.311657 0.005232
v 0.122248 0.309388 0.004304
v 0.121457 0.311913 0.007600
v 0.121309 0.162970 0.002915
v 0.130717 0.536062 -0.013678
v 0.122814 0.409532 -0.006036
v 0.123320 0.312274 -0.015626
v 0.123176 0.311790 0.008571
v 0.123176 0.311790 0.008571
v 0.130184 0.405862 0.013296
v 0.129812 0.408223 0.004822
v 0.130293 0.534775 0.011179
v 0.122165 0.307298 0.004165
v 0.121945 0.593627 -0.004746
v 0.122130 0.591978 0.003226
v 0.123906 0.572166 -0.005379
v 0.122875 0.574551 0.003688
v 0.125235 0.480591 -0.006128
v 0.129011 0.378381 0.020019
v 0.123748 0.199097 0.004493
v 0.123158 0.195828 0.004303
v 0.121943 0.587579 0.003412
v 0.124154 0.572411 0.003784
v 0.128740 0.595299 0.005923
v 0.125629 0.480682 0.004857
v 0.126637 0.482810 0.004727
v 0.127712 0.595450 -0.007511
v 0.125687 0.531793 0.003670
v 0.128971 0.485613 0.012278
v 0.122893 0.574525 0.003689
v 0.125536 0.480839 0.004788
v 0.122566 0.275230 0.004212
v 0.122654 0.234772 -0.006129
v 0.122567 0.275342 0.004090
v 0.131019 0.287541 -0.006183
v 0.122602 0.234750 -0.006126
v 0.122714 0.237089 -0.000158
v 0.124957 0.237250 -0.006565
v 0.123395 0.232316 0.004520
v 0.124960 0.261894 0.004126
v 0.123740 0.266430 0.004601
v 0.125021 0.157479 0.004674
v 0.122831 0.236912 0.004054
v 0.124475 0.439823 0.004091
v 0.124729 0.237222 0.000551
v 0.124958 0.237248 -0.006555
v 0.122916 0.441057 -0.006160
v 0.124995 0.440922 0.004368
v 0.123207 0.445436 0.004139
v 0.123437 0.232385 0.004474
v 0.129434 0.129124 -0.014020
v 0.124823 0.406783 -0.008412
v 0.122910 0.436154 -0.001046
v 0.122948 0.440984 -0.006083
v 0.124851 0.215168 -0.006576
v 0.125013 0.194971 -0.006649
v 0.125065 0.452961 -0.006481
v 0.127839 0.465320 -0.007128
v 0.123068 0.132065 -0.006175
v 0.123082 0.148814 -0.005973
v 0.123784 0.572139 0.003846
v 0.122910 0.436154 -0.001046
v 0.123059 0.439863 0.004107
v 0.130087 0.466734 0.004988
v 0.124901 0.433647 -0.006514
v 0.123707 0.198984 0.004504
v 0.123081 0.164003 -0.006276
v 0.125025 0.155457 -0.006621
v 0.122970 0.185458 -0.006303
v 0.125040 0.195072 -0.006647
v 0.125026 0.155457 -0.006620
v 0.123188 0.163699 -0.006250
v 0.124188 0.572195 0.002871
v 0.129857 0.392944 0.015950
v 0.126106 0.546985 0.012262
v 0.130365 0.310301 0.004730
v 0.125332 0.526150 -0.005420
v 0.126134 0.350451 -0.019095
v 0.124523 0.547235 -0.014337
v 0.123190 0.435093 0.004089
v 0.124909 0.237185 0.004583
v 0.124891 0.237176 0.004699
v 0.124907 0.433639 -0.006495
v 0.128610 0.312768 0.013362
v 0.119973 0.312890 0.013370
v 0.124878 0.431718 0.004611
v 0.124947 0.440901 0.004631
v 0.128942 0.132340 0.005124
v 0.124885 0.449613 0.004609
v 0.130734 0.206415 0.004662
v 0.130697 0.219930 0.004041
v 0.129027 0.233466 -0.006624
v 0.127999 0.353012 0.025765
v 0.126921 0.548370 0.006142
v 0.124947 0.440901 0.004631
v 0.126903 0.548452 -0.002692
v 0.127657 0.572045 0.005331
v 0.130172 0.427131 -0.006451
v 0.123740 0.266430 0.004601
v 0.124888 0.261990 0.004668
v 0.128990 0.266725 0.004829
v 0.128957 0.266720 0.004677
v 0.123971 0.547027 0.000007
v 0.126921 0.548370 0.006142
v 0.126903 0.548452 -0.002692
v 0.123840 0.546848 -0.006348
v 0.126944 0.548793 -0.010278
v 0.127048 0.548598 -0.010286
v 0.124019 0.571989 0.002927
v 0.126669 0.372048 0.022000
v 0.129011 0.378381 0.020019
v 0.126994 0.548416 0.010635
v 0.124273 0.547171 0.012322
v 0.126994 0.548416 0.010635
v 0.131552 0.566809 -0.004417
v 0.130179 0.567259 0.002491
v 0.129373 0.399277 0.016126
v 0.127691 0.549058 -0.015203
v 0.124523 0.547235 -0.014337
v 0.129056 0.550491 -0.015580
v 0.125683 0.510845 -0.005070
v 0.124646 0.501643 -0.004383
v 0.125051 0.508699 0.003061
v 0.124870 0.501815 0.003134
v 0.124626 0.501644 -0.004393
v 0.132208 0.490192 0.003552
v 0.124914 0.501809 0.002933
v 0.124646 0.501643 -0.004383
v 0.125658 0.510286 -0.004629
v 0.125606 0.488784 -0.005816
v 0.126216 0.488538 -0.005244
v 0.125211 0.486329 -0.004722
v 0.124818 0.487806 0.003513
v 0.125112 0.486325 -0.004816
v 0.125969 0.483738 0.004885
v 0.124958 0.487809 0.003457
v 0.127162 0.487734 0.004278
v 0.126193 0.362502 0.024290
v 0.133689 0.376398 0.020922
v 0.131246 0.456791 -0.006144
v 0.131951 0.231027 -0.007209
v 0.124851 0.215168 -0.006576
v 0.131828 0.207987 -0.006353
v 0.130694 0.228296 -0.006413
v 0.125011 0.195051 -0.006660
v 0.124866 0.032760 -0.006269
v 0.127378 0.033645 -0.006454
v 0.127905 0.031778 -0.006655
v 0.128983 0.233352 0.004669
v 0.124890 0.237178 0.004682
v 0.128982 0.233352 0.004666
v 0.124927 0.449642 0.004646
v 0.131317 0.454221 0.004289
v 0.131234 0.454161 0.004299
v 0.130176 0.427342 -0.005946
v 0.133042 0.201109 -0.006660
v 0.129713 0.233161 -0.005415
v 0.131600 0.133017 -0.006354
v 0.124878 0.431718 0.004611
v 0.128955 0.435620 0.004625
v 0.130051 0.430266 0.003661
v 0.128955 0.435620 0.004625
v 0.129425 0.408509 -0.006628
v 0.133055 0.151540 0.004168
v 0.131255 0.154236 -0.006597
v 0.133106 0.153990 0.004670
v 0.140753 0.159728 0.004612
v 0.133106 0.153990 0.004670
v 0.125820 0.517955 0.003374
v 0.125863 0.488462 -0.005711
v 0.128910 0.486202 -0.007520
v 0.131271 0.456809 -0.006124
v 0.139402 0.162759 -0.006682
v 0.131256 0.154236 -0.006599
v 0.131228 0.200672 0.004689
v 0.130734 0.206415 0.004662
v 0.125137 0.508787 0.003024
v 0.127767 0.571743 -0.007364
v 0.126967 0.510793 0.003304
v 0.132941 0.538732 0.013491
v 0.129519 0.548436 0.013683
v 0.125129 0.540447 0.013431
v 0.132941 0.538732 0.013491
v 0.138649 0.541194 0.013653
v 0.137069 0.541091 0.013589
v 0.126967 0.510793 0.003304
v 0.126020 0.546898 0.012777
v 0.129519 0.548436 0.013683
v 0.133042 0.201109 -0.006660
v 0.141202 0.192123 -0.006435
v 0.123626 0.544941 -0.015094
v 0.129963 0.548838 -0.015499
v 0.130294 0.548872 -0.015355
v 0.140989 0.163803 0.004289
v 0.131646 0.566568 0.002347
v 0.125658 0.486184 0.003856
v 0.125658 0.486184 0.003856
v 0.129359 0.487239 0.004849
v 0.127160 0.487752 0.004336
v 0.136576 0.374649 -0.021327
v 0.125883 0.524546 -0.005266
v 0.129038 0.530908 0.004306
v 0.130194 0.487562 -0.006665
v 0.129066 0.486219 -0.007005
v 0.129322 0.529004 -0.006553
v 0.125883 0.524546 -0.005266
v 0.128993 0.528813 -0.006726
v 0.129390 0.408324 -0.006569
v 0.130433 0.535206 0.012823
v 0.134709 0.540628 -0.013800
v 0.129830 0.314460 -0.015105
v 0.137094 0.344126 0.018302
v 0.132122 0.364482 0.020595
v 0.135884 0.475453 0.012428
v 0.130713 0.533014 0.004631
v 0.131694 0.360876 -0.025467
v 0.132482 0.026338 -0.006129
v 0.152908 0.000674 -0.016102
v 0.127297 0.033592 0.004349
v 0.130145 0.038219 -0.006249
v 0.129012 0.528613 0.003867
v 0.130282 0.533239 -0.006215
v 0.130621 0.551070 0.013280
v 0.137903 0.350001 -0.022050
v 0.125815 0.517950 0.003414
v 0.132623 0.524037 0.003283
v 0.132447 0.523997 0.003487
v 0.129496 0.023223 0.004708
v 0.127999 0.353012 0.025765
v 0.130788 0.355177 0.025811
v 0.132616 0.488538 -0.004790
v 0.129181 0.487338 0.004924
v 0.128428 0.594819 0.009858
v 0.131252 0.386579 0.017111
v 0.127939 0.594412 -0.011993
v 0.130878 0.528533 0.003748
v 0.125835 0.525329 0.003537
v 0.130878 0.528533 0.003748
v 0.131157 0.465733 -0.005881
v 0.136826 0.000569 0.014145
v 0.144510 0.000797 0.013075
v 0.127262 0.400882 0.015701
v 0.129285 0.399227 0.015899
v 0.134824 0.474258 -0.014422
v 0.129262 0.572880 0.009889
v 0.131058 0.039217 0.004332
v 0.131376 0.534879 0.009833
v 0.134065 0.351794 0.025474
v 0.130788 0.355177 0.025811
v 0.129255 0.572602 -0.011552
v 0.136722 0.581409 -0.012959
v 0.130121 0.311362 -0.007098
v 0.132133 0.399966 -0.016051
v 0.130645 0.317863 0.011755
v 0.130732 0.402921 0.013325
v 0.129858 0.405170 0.013266
v 0.131594 0.417512 -0.005280
v 0.130518 0.533844 -0.005680
v 0.133149 0.529500 -0.004411
v 0.131218 0.423174 0.004405
v 0.131216 0.460904 0.004109
v 0.130487 0.236804 0.004525
v 0.131110 0.270645 0.004363
v 0.130826 0.280137 0.004101
v 0.130173 0.428544 0.002997
v 0.131110 0.270696 0.004347
v 0.130893 0.237266 0.004932
v 0.130118 0.487124 -0.006130
v 0.132529 0.026334 -0.006492
v 0.130647 0.530591 0.003942
v 0.129009 0.530929 0.004239
v 0.130661 0.530582 0.004006
v 0.131353 0.534137 0.003936
v 0.135972 0.385223 0.018560
v 0.135972 0.385223 0.018560
v 0.129012 0.528613 0.003867
v 0.130727 0.232964 -0.006440
v 0.132870 0.356159 -0.026382
v 0.132870 0.356159 -0.026382
v 0.136053 0.351507 -0.026011
v 0.129058 0.534924 0.013339
v 0.130579 0.535174 0.012834
v 0.134126 0.537685 0.013369
v 0.138415 0.572191 -0.006714
v 0.134619 0.128605 -0.008742
v 0.133894 0.487231 0.002921
v 0.141458 0.485462 0.012352
v 0.132619 0.594186 0.010170
v 0.133462 0.552353 0.004975
v 0.129541 0.393839 0.016172
v 0.134977 0.552330 0.013608
v 0.129519 0.548436 0.013683
v 0.137168 0.541088 0.014741
v 0.134977 0.552330 0.013608
v 0.139463 0.351170 0.020234
v 0.133521 0.552626 -0.006977
v 0.134767 0.552658 -0.010143
v 0.132229 0.467909 -0.008127
v 0.134801 0.552600 -0.014750
v 0.133039 0.317592 -0.012950
v 0.129427 0.317816 -0.015530
v 0.131223 0.314740 -0.014000
v 0.131201 0.314761 -0.013999
v 0.146464 0.003823 -0.016458
v 0.133340 0.486571 0.003133
v 0.134884 0.552753 0.007392
v 0.132578 0.593799 -0.011542
v 0.132195 0.402039 -0.009970
v 0.132872 0.551658 -0.015568
v 0.132129 0.546214 -0.015490
v 0.130544 0.408982 -0.004821
v 0.131134 0.409080 -0.004716
v 0.138674 0.575314 0.010427
v 0.130174 0.534458 -0.014544
v 0.134682 0.540378 -0.015297
v 0.131455 0.534718 -0.013043
v 0.132459 0.131078 0.004809
v 0.131399 0.402617 0.013324
v 0.150399 0.000465 0.000629
v 0.130995 0.299350 0.004136
v 0.130968 0.325284 -0.015761
v 0.130560 0.219188 0.004565
v 0.132790 0.401690 0.013058
v 0.130251 0.309449 0.004485
v 0.130790 0.389016 0.015375
v 0.131635 0.428714 -0.006796
v 0.131160 0.231320 0.004169
v 0.130345 0.533142 -0.006412
v 0.132033 0.407232 -0.004447
v 0.130808 0.415336 -0.004902
v 0.131219 0.200689 0.004999
v 0.131147 0.231417 -0.006008
v 0.130457 0.535788 0.010474
v 0.135841 0.537665 -0.005632
v 0.132168 0.026282 0.003709
v 0.131160 0.231418 -0.006030
v 0.134596 0.128841 -0.008765
v 0.135181 0.128878 -0.013970
v 0.131768 0.317839 0.012195
v 0.133404 0.151180 -0.004974
v 0.134750 0.593184 -0.007458
v 0.131691 0.405196 0.004603
v 0.132158 0.564858 0.003403
v 0.131079 0.422346 -0.005952
v 0.132447 0.534876 0.002604
v 0.131183 0.532889 0.004607
v 0.133988 0.203298 0.002895
v 0.134076 0.203515 -0.006275
v 0.132742 0.358293 0.026146
v 0.134050 0.351817 0.025443
v 0.134483 0.487457 -0.006933
v 0.134333 0.594824 0.004897
v 0.131571 0.315038 0.000320
v 0.136154 0.333495 -0.020793
v 0.136569 0.539522 0.004379
v 0.138675 0.573336 0.004829
v 0.131277 0.386456 0.017013
v 0.132066 0.317677 0.006197
v 0.131774 0.315409 0.005485
v 0.136332 0.204667 0.004241
v 0.131246 0.427435 -0.000013
v 0.136843 0.570870 0.004733
v 0.131179 0.465406 -0.001422
v 0.134694 0.329906 -0.014029
v 0.131316 0.428658 0.003003
v 0.131102 0.465729 -0.005774
v 0.131220 0.465406 -0.001421
v 0.131096 0.465738 -0.005821
v 0.131474 0.468144 -0.006871
v 0.139082 0.030224 -0.006408
v 0.131079 0.422346 -0.005952
v 0.131145 0.231320 0.004149
v 0.133312 0.329100 0.013586
v 0.131968 0.315818 0.010954
v 0.131216 0.460904 0.004109
v 0.132835 0.534173 0.003141
v 0.131246 0.427435 -0.000013
v 0.132954 0.534563 -0.004604
v 0.137150 0.582589 0.010507
v 0.131256 0.154236 -0.006599
v 0.135611 0.149609 -0.006030
v 0.134263 0.149866 -0.005086
v 0.139403 0.162761 -0.006691
v 0.140701 0.194156 0.004582
v 0.138436 0.576048 -0.012148
v 0.132692 0.318079 0.010580
v 0.132726 0.534539 -0.004784
v 0.131510 0.469313 -0.009066
v 0.144463 0.486722 -0.014499
v 0.132894 0.317721 -0.012819
v 0.131723 0.138305 0.002929
v 0.133634 0.552810 0.003118
v 0.131312 0.133280 0.004041
v 0.131723 0.138305 0.002929
v 0.131312 0.133280 0.004041
v 0.134596 0.128840 0.005154
v 0.131548 0.133037 -0.006207
v 0.133498 0.472573 -0.012977
v 0.133498 0.472573 -0.012977
v 0.132984 0.317917 -0.000294
v 0.131571 0.315038 0.000320
v 0.132984 0.317917 -0.000294
v 0.132630 0.317804 0.006556
v 0.132816 0.130144 -0.006768
v 0.133719 0.560504 0.003626
v 0.133834 0.151162 0.002971
v 0.134297 0.150842 0.003282
v 0.131332 0.316088 0.010658
v 0.131774 0.315409 0.005485
v 0.132692 0.318079 0.010580
v 0.131840 0.015119 -0.014642
v 0.148206 0.015201 -0.014805
v 0.148432 0.014998 -0.014773
v 0.136630 0.568994 -0.005434
v 0.132097 0.546506 -0.014744
v 0.138877 0.541407 -0.015332
v 0.133556 0.363645 -0.020233
v 0.134415 0.534002 -0.002901
v 0.133185 0.561681 0.004066
v 0.138061 0.565741 0.003578
v 0.136881 0.401041 0.005867
v 0.138746 0.400191 0.011515
v 0.138309 0.325569 0.010387
v 0.138993 0.329909 0.010008
v 0.141755 0.390241 -0.014977
v 0.135061 0.405026 -0.006109
v 0.135095 0.404968 -0.006119
v 0.136953 0.322652 -0.012697
v 0.135437 0.534683 0.001407
v 0.132527 0.472314 -0.014116
v 0.138591 0.400309 0.011288
v 0.137045 0.356067 0.022326
v 0.134403 0.485841 -0.006448
v 0.132964 0.025731 0.004672
v 0.133400 0.026690 0.004175
v 0.137713 0.476291 -0.014261
v 0.135495 0.532497 -0.002751
v 0.133236 0.486216 -0.002628
v 0.136294 0.321905 0.010693
v 0.137419 0.359846 0.017936
v 0.136061 0.351495 -0.026042
v 0.134622 0.552978 -0.015012
v 0.132890 0.488397 -0.004934
v 0.134099 0.487330 -0.004718
v 0.139921 0.031411 0.004502
v 0.135998 0.356028 -0.025351
v 0.139572 0.401487 -0.007484
v 0.140390 0.193437 -0.006526
v 0.140715 0.194132 0.004500
v 0.133105 0.153989 0.004611
v 0.133369 0.150391 0.004130
v 0.141034 0.160066 0.004769
v 0.134013 0.556334 -0.005545
v 0.147101 0.388893 0.012957
v 0.134337 0.561609 -0.005357
v 0.138913 0.476387 -0.014063
v 0.138136 0.049318 -0.006250
v 0.139404 0.050707 0.004428
v 0.135405 0.563372 -0.005641
v 0.134746 0.553293 0.004050
v 0.132904 0.553483 0.005035
v 0.134884 0.552753 0.007392
v 0.138172 0.365628 0.014340
v 0.136890 0.374062 0.017870
v 0.134370 0.534037 -0.002906
v 0.134683 0.552571 0.002411
v 0.133646 0.552360 -0.006952
v 0.134782 0.557234 -0.005432
v 0.134767 0.552658 -0.010143
v 0.134681 0.557128 0.003229
v 0.134924 0.560091 0.004936
v 0.138621 0.573602 -0.010721
v 0.137842 0.128836 0.003833
v 0.133210 0.356247 0.025481
v 0.135352 0.352488 0.025182
v 0.135399 0.352528 0.025346
v 0.134592 0.149784 -0.004935
v 0.134758 0.487030 -0.000968
v 0.141011 0.541825 -0.003910
v 0.137997 0.147990 0.003808
v 0.137579 0.560791 -0.005965
v 0.135839 0.558781 -0.006002
v 0.134337 0.561609 -0.005357
v 0.139413 0.560314 -0.005219
v 0.135839 0.558781 -0.006002
v 0.138004 0.485666 -0.000456
v 0.134758 0.487030 -0.000968
v 0.135741 0.531539 -0.002880
v 0.136325 0.531801 0.000003
v 0.136732 0.365263 -0.015919
v 0.138546 0.573830 0.008512
v 0.135620 0.149745 -0.005925
v 0.135231 0.558204 0.003270
v 0.137489 0.484924 -0.000544
v 0.137911 0.555966 -0.007925
v 0.136746 0.352436 -0.026208
v 0.136429 0.352813 -0.025693
v 0.142373 0.405445 0.004489
v 0.134967 0.552336 0.013683
v 0.139502 0.556678 0.005769
v 0.144457 0.378829 -0.019185
v 0.137095 0.565103 -0.004487
v 0.144456 0.406583 -0.005973
v 0.137842 0.128848 0.003833
v 0.138258 0.583667 0.004983
v 0.160128 0.128331 -0.014383
v 0.135191 0.561033 0.003747
v 0.138061 0.565741 0.003578
v 0.138492 0.585083 -0.006828
v 0.147176 0.128823 0.006800
v 0.144602 0.384764 0.017307
v 0.135405 0.563372 -0.005641
v 0.137065 0.564966 -0.005585
v 0.137579 0.560791 -0.005965
v 0.137006 0.372328 -0.013774
v 0.138727 0.334330 0.011119
v 0.137452 0.334199 -0.013709
v 0.137911 0.148031 -0.006035
v 0.140570 0.528617 -0.002772
v 0.136163 0.531949 0.000004
v 0.135825 0.531594 -0.002874
v 0.141302 0.529545 0.000438
v 0.137835 0.147729 -0.000688
v 0.140009 0.529226 -0.002687
v 0.144274 0.560155 -0.006631
v 0.137843 0.354227 -0.024703
v 0.137967 0.147870 0.004149
v 0.137911 0.148031 -0.006035
v 0.143105 0.401512 0.005096
v 0.137541 0.370185 0.012831
v 0.138435 0.325696 0.010470
v 0.183781 0.015384 0.005164
v 0.141450 0.539822 0.001030
v 0.138395 0.578383 0.010042
v 0.140067 0.031436 0.004609
v 0.148017 0.398855 -0.013285
v 0.137033 0.569035 -0.006027
v 0.137560 0.568872 -0.004732
v 0.137578 0.568888 -0.004827
v 0.140662 0.537919 -0.003028
v 0.141402 0.531621 -0.003720
v 0.137547 0.107897 -0.006221
v 0.137175 0.095523 -0.006074
v 0.139173 0.583091 -0.008619
v 0.138456 0.352157 0.020822
v 0.142084 0.369856 -0.013021
v 0.137342 0.106952 0.004402
v 0.147176 0.128823 0.006800
v 0.137687 0.094809 0.004046
v 0.139163 0.096452 0.004712
v 0.139167 0.581498 0.008241
v 0.139063 0.101747 -0.006475
v 0.137175 0.095523 -0.006074
v 0.139063 0.101747 -0.006475
v 0.136600 0.571533 0.003807
v 0.139731 0.571733 0.002965
v 0.138696 0.573330 0.004738
v 0.146847 0.388519 -0.014894
v 0.140650 0.529554 0.000499
v 0.141882 0.563412 0.003197
v 0.137207 0.094903 0.002936
v 0.139076 0.088493 0.004480
v 0.138982 0.094893 0.003861
v 0.137835 0.091599 -0.004780
v 0.137207 0.094903 0.002936
v 0.138998 0.351598 0.019628
v 0.142810 0.405830 -0.006380
v 0.137863 0.091606 -0.004780
v 0.137547 0.354115 -0.024566
v 0.138973 0.555633 0.013176
v 0.139306 0.089359 -0.005194
v 0.144864 0.543365 0.013220
v 0.144169 0.556089 0.013275
v 0.144169 0.556089 0.013275
v 0.141170 0.588545 -0.006504
v 0.140715 0.585089 -0.006632
v 0.138851 0.352463 -0.022881
v 0.138664 0.352380 -0.022750
v 0.137855 0.572593 -0.005479
v 0.140594 0.566524 -0.004936
v 0.143266 0.560449 -0.006449
v 0.146341 0.544100 0.007814
v 0.139200 0.354997 0.013412
v 0.138242 0.091888 0.004323
v 0.141268 0.143729 0.004103
v 0.146112 0.477332 0.012200
v 0.139722 0.352119 -0.016080
v 0.140383 0.529622 0.001149
v 0.141395 0.585772 0.003759
v 0.138712 0.575377 -0.010657
v 0.139954 0.352153 0.012595
v 0.144338 0.558853 -0.014182
v 0.138883 0.573193 -0.011094
v 0.141816 0.574715 -0.005314
v 0.139337 0.579544 -0.009654
v 0.137835 0.147729 -0.000688
v 0.138955 0.146897 -0.005543
v 0.138915 0.146815 -0.005877
v 0.147176 0.128823 0.006800
v 0.138878 0.146452 0.004438
v 0.143289 0.542254 -0.003839
v 0.138702 0.575380 -0.010652
v 0.139324 0.352350 0.017077
v 0.139615 0.349119 -0.013739
v 0.139382 0.089411 -0.005222
v 0.138107 0.575424 0.010155
v 0.139144 0.573868 0.009025
v 0.138876 0.575345 0.008795
v 0.138852 0.575361 0.008797
v 0.138107 0.576128 -0.011843
v 0.139337 0.579544 -0.009654
v 0.141242 0.373976 -0.009547
v 0.140491 0.374231 0.008661
v 0.139163 0.096452 0.004712
v 0.146207 0.476853 -0.014241
v 0.138395 0.578383 0.010042
v 0.139142 0.577228 0.008275
v 0.139122 0.577227 0.008263
v 0.146282 0.545345 0.007621
v 0.138628 0.506696 0.001413
v 0.140197 0.514864 -0.003915
v 0.139929 0.497074 -0.003565
v 0.143099 0.333402 0.009947
v 0.139079 0.330047 0.010264
v 0.140793 0.583223 0.004955
v 0.143602 0.487275 0.000533
v 0.142341 0.577995 0.004236
v 0.138786 0.333975 0.011227
v 0.140969 0.338768 0.011078
v 0.141940 0.330431 -0.011832
v 0.138795 0.583931 0.005185
v 0.140793 0.583223 0.004955
v 0.141564 0.585828 0.003983
v 0.139654 0.352482 0.016772
v 0.144455 0.036735 0.004542
v 0.141069 0.338548 0.011341
v 0.141235 0.347764 0.012075
v 0.140840 0.582981 -0.007136
v 0.138991 0.585122 -0.007122
v 0.140715 0.585089 -0.006632
v 0.140970 0.583030 -0.007375
v 0.140966 0.163553 -0.005929
v 0.141148 0.507594 -0.003930
v 0.141640 0.497666 -0.003842
v 0.146515 0.543953 0.003531
v 0.144807 0.098429 -0.006685
v 0.144880 0.098335 -0.007299
v 0.147950 0.216110 0.004534
v 0.143771 0.212127 -0.006341
v 0.153183 0.400759 -0.007050
v 0.139086 0.581373 0.008212
v 0.140438 0.352185 -0.015201
v 0.139118 0.583058 -0.008592
v 0.141164 0.192399 0.004167
v 0.148518 0.041102 -0.006348
v 0.146830 0.094585 0.004896
v 0.141099 0.191953 -0.006326
v 0.143260 0.487387 -0.007247
v 0.143343 0.487447 0.000518
v 0.143901 0.377411 0.017844
v 0.144360 0.486161 0.012660
v 0.147005 0.480126 0.012419
v 0.140183 0.370731 0.007182
v 0.139163 0.096452 0.004712
v 0.146638 0.094602 0.004682
v 0.149277 0.097187 0.004315
v 0.157633 0.108356 0.004028
v 0.157499 0.108272 0.004158
v 0.142673 0.492600 0.002617
v 0.143630 0.487868 -0.012873
v 0.151850 0.396598 0.011346
v 0.143398 0.087072 -0.006442
v 0.143307 0.086985 -0.006627
v 0.148799 0.088187 -0.006110
v 0.144545 0.141301 -0.006244
v 0.144509 0.141298 -0.005976
v 0.143256 0.086783 0.004299
v 0.141483 0.144031 0.004377
v 0.140972 0.352201 0.013047
v 0.141764 0.161231 -0.006146
v 0.142062 0.161016 -0.006149
v 0.142927 0.352475 -0.013654
v 0.146069 0.477130 -0.014146
v 0.143360 0.352829 0.011904
v 0.141942 0.519300 -0.002991
v 0.142353 0.524835 0.000795
v 0.141339 0.533821 0.000883
v 0.143229 0.035041 0.004702
v 0.140498 0.591336 0.002843
v 0.140203 0.588372 0.002911
v 0.141208 0.588309 -0.005850
v 0.144779 0.543462 -0.015056
v 0.140624 0.350340 0.013131
v 0.141235 0.347764 0.012075
v 0.142996 0.350198 0.012055
v 0.143364 0.352803 0.011975
v 0.140624 0.350340 0.013131
v 0.146785 0.376312 -0.010297
v 0.142922 0.352481 -0.013718
v 0.140986 0.163803 0.004205
v 0.141135 0.192410 0.004131
v 0.141287 0.519544 -0.002706
v 0.140333 0.514507 -0.004284
v 0.142062 0.052950 -0.006416
v 0.145456 0.350530 -0.012717
v 0.143532 0.400186 0.010991
v 0.143532 0.400186 0.010991
v 0.148587 0.399430 0.009159
v 0.140932 0.163473 -0.006163
v 0.142329 0.526001 -0.002256
v 0.141503 0.528738 -0.000514
v 0.152400 0.372056 0.010145
v 0.142227 0.541827 0.000987
v 0.142987 0.523970 -0.002254
v 0.140484 0.533857 0.000827
v 0.146852 0.350423 0.011670
v 0.145892 0.560254 0.003926
v 0.141148 0.507594 -0.003930
v 0.143981 0.505531 -0.003344
v 0.141634 0.497101 -0.004791
v 0.141738 0.528833 0.000202
v 0.144332 0.507536 0.001632
v 0.145925 0.494746 -0.004361
v 0.140633 0.192441 0.000397
v 0.140629 0.192454 0.000390
v 0.143793 0.108657 0.004070
v 0.143751 0.487196 0.011820
v 0.145794 0.494004 0.002847
v 0.143383 0.493965 -0.005166
v 0.143729 0.487480 -0.004526
v 0.145707 0.060303 0.004325
v 0.145998 0.558967 0.012122
v 0.152488 0.150419 -0.006255
v 0.213292 0.001686 0.014564
v 0.142432 0.523903 -0.001752
v 0.146108 0.060760 -0.006106
v 0.144650 0.141629 0.002612
v 0.146985 0.377182 0.009596
v 0.146722 0.200813 -0.000283
v 0.146722 0.200813 -0.000283
v 0.145048 0.342058 -0.011645
v 0.149741 0.373731 -0.008940
v 0.146670 0.349285 -0.013550
v 0.146626 0.544344 -0.005714
v 0.146123 0.541877 0.000766
v 0.145843 0.083988 -0.007130
v 0.146598 0.082372 0.004640
v 0.142996 0.350198 0.012055
v 0.146990 0.350460 0.011614
v 0.150390 0.374837 0.006946
v 0.142473 0.487594 -0.004654
v 0.143157 0.491437 -0.005081
v 0.143804 0.487952 -0.014043
v 0.145666 0.542074 0.000767
v 0.147156 0.204381 -0.006577
v 0.143523 0.493966 -0.004926
v 0.148272 0.370614 0.007812
v 0.147160 0.559716 -0.006911
v 0.146843 0.157067 0.004067
v 0.143175 0.487449 0.012328
v 0.144375 0.491535 0.005632
v 0.153729 0.149603 0.004307
v 0.144475 0.490588 -0.014048
v 0.154807 0.048505 0.004629
v 0.148552 0.399253 0.009167
v 0.143541 0.487790 -0.014244
v 0.144490 0.490538 -0.014036
v 0.144597 0.486461 -0.014539
v 0.150576 0.484254 0.012704
v 0.150882 0.490005 0.012706
v 0.144572 0.491016 0.012286
v 0.143698 0.487473 0.012398
v 0.144360 0.486161 0.012660
v 0.144572 0.491016 0.012286
v 0.144628 0.406983 -0.005950
v 0.153530 0.128876 0.007364
v 0.154894 0.129387 -0.006664
v 0.144644 0.141616 0.002616
v 0.151820 0.043555 0.004538
v 0.150864 0.515715 -0.002679
v 0.147499 0.559542 -0.010238
v 0.148370 0.408172 0.003153
v 0.149704 0.560577 0.012377
v 0.146034 0.558794 0.012074
v 0.151174 0.493304 -0.006305
v 0.163674 0.121220 0.012674
v 0.146141 0.084239 -0.006557
v 0.151473 0.491620 -0.014052
v 0.150882 0.490005 0.012706
v 0.151307 0.491550 0.012232
v 0.150399 0.000465 0.000629
v 0.147580 0.408369 -0.006183
v 0.145015 0.142108 -0.006021
v 0.149211 0.522813 0.000933
v 0.149053 0.522189 -0.003518
v 0.148740 0.548952 -0.014912
v 0.148876 0.522144 -0.003167
v 0.167421 0.119877 -0.014193
v 0.146088 0.477061 -0.014090
v 0.144566 0.486424 -0.015052
v 0.147883 0.480754 -0.013980
v 0.149442 0.097145 -0.006027
v 0.150762 0.515732 -0.001249
v 0.149357 0.400773 0.006496
v 0.147106 0.350291 -0.009027
v 0.153244 0.490342 -0.014462
v 0.153244 0.490342 -0.014462
v 0.147232 0.212294 -0.006678
v 0.151620 0.208173 -0.006699
v 0.150832 0.206200 0.004642
v 0.147498 0.560101 -0.006982
v 0.152521 0.563345 -0.006631
v 0.153550 0.405607 0.004677
v 0.151350 0.491652 -0.014006
v 0.144229 0.559189 -0.014206
v 0.149195 0.548421 -0.014620
v 0.147499 0.559542 -0.010238
v 0.151465 0.562371 -0.014210
v 0.151375 0.492553 0.005082
v 0.151563 0.492020 0.012288
v 0.154960 0.048894 -0.006350
v 0.167646 0.108771 -0.005788
v 0.147699 0.408589 -0.006960
v 0.152543 0.373883 -0.010590
v 0.146189 0.477239 0.012277
v 0.146093 0.476970 0.005151
v 0.148372 0.202727 0.004153
v 0.147349 0.479911 0.012378
v 0.149034 0.097057 0.004137
v 0.150984 0.538482 -0.003589
v 0.146094 0.201541 -0.000201
v 0.148500 0.202947 -0.006168
v 0.153194 0.351774 -0.013096
v 0.147531 0.349963 -0.009058
v 0.151969 0.521940 -0.003249
v 0.151264 0.547083 -0.014271
v 0.149075 0.086384 -0.006531
v 0.149119 0.084662 -0.006579
v 0.152846 0.525273 -0.002297
v 0.152605 0.391191 -0.012954
v 0.152572 0.545227 0.002801
v 0.150335 0.388301 -0.008849
v 0.154731 0.540178 -0.003883
v 0.152592 0.548509 0.012339
v 0.151114 0.546745 0.007769
v 0.153625 0.128911 0.007364
v 0.153910 0.548486 -0.007244
v 0.147149 0.204416 -0.006434
v 0.149301 0.084461 -0.007002
v 0.149304 0.215613 -0.006369
v 0.147232 0.212294 -0.006678
v 0.149304 0.215613 -0.006369
v 0.151620 0.208173 -0.006699
v 0.149198 0.384503 0.006600
v 0.150627 0.083597 0.004281
v 0.151918 0.044095 0.004296
v 0.153718 0.133904 0.004098
v 0.177184 0.000620 0.014208
v 0.153287 0.402869 -0.006752
v 0.150538 0.561590 0.012452
v 0.147594 0.408450 -0.006201
v 0.148190 0.408245 0.003784
v 0.147788 0.559633 -0.006864
v 0.148498 0.408434 0.004854
v 0.151798 0.537488 0.001712
v 0.160684 0.098910 -0.006740
v 0.160684 0.098910 -0.006740
v 0.148038 0.090652 0.000133
v 0.148312 0.090652 0.000090
v 0.153531 0.134507 -0.006353
v 0.154398 0.133701 0.004780
v 0.148747 0.088386 -0.003029
v 0.148747 0.088386 -0.003029
v 0.167389 0.119746 -0.014124
v 0.152541 0.481325 0.012263
v 0.155793 0.206487 0.004217
v 0.150826 0.206219 0.004591
v 0.152421 0.397271 0.007111
v 0.151284 0.402964 0.004203
v 0.151871 0.537244 0.001734
v 0.154035 0.352531 0.011345
v 0.160249 0.361697 0.010303
v 0.160693 0.374918 0.010138
v 0.150399 0.000465 0.000629
v 0.147118 0.000488 -0.014950
v 0.153502 0.389414 0.005821
v 0.151959 0.390703 0.010805
v 0.151114 0.546745 0.007769
v 0.148931 0.088181 -0.006155
v 0.150501 0.086062 -0.006070
v 0.152329 0.481618 0.012173
v 0.150998 0.546070 0.004647
v 0.152939 0.544643 -0.003592
v 0.151620 0.208173 -0.006699
v 0.151189 0.396546 -0.012636
v 0.149075 0.086384 -0.006531
v 0.150991 0.085926 -0.006105
v 0.151899 0.521997 -0.003355
v 0.153550 0.405607 0.004677
v 0.146464 0.003823 -0.016458
v 0.159925 0.013428 -0.016382
v 0.152854 0.000706 -0.016105
v 0.152615 0.563668 0.012039
v 0.159490 0.361089 -0.012142
v 0.153287 0.402869 -0.006752
v 0.151168 0.514076 -0.002220
v 0.148129 0.215559 0.004500
v 0.162752 0.215069 -0.006039
v 0.162991 0.214629 0.004329
v 0.153989 0.134002 -0.006107
v 0.221348 0.014750 0.014536
v 0.158588 0.208025 -0.006640
v 0.152496 0.563790 0.012041
v 0.152506 0.563805 -0.006658
v 0.155807 0.206267 -0.006057
v 0.154941 0.494075 -0.013836
v 0.157231 0.129304 0.011623
v 0.151087 0.517042 -0.002609
v 0.154751 0.516319 -0.002693
v 0.150943 0.516687 -0.002642
v 0.151389 0.514200 -0.001385
v 0.155252 0.514916 -0.003365
v 0.152644 0.548244 -0.013155
v 0.152843 0.548068 -0.013091
v 0.154876 0.399016 -0.006736
v 0.152342 0.547557 0.004739
v 0.150998 0.546070 0.004647
v 0.152354 0.547456 0.004764
v 0.156394 0.378771 -0.006503
v 0.154788 0.399035 0.004998
v 0.153203 0.400770 0.005708
v 0.156403 0.379676 0.004508
v 0.155036 0.403208 0.004650
v 0.157457 0.508073 -0.004362
v 0.153082 0.491392 0.012650
v 0.150576 0.484254 0.012704
v 0.153431 0.543637 0.001405
v 0.152595 0.521895 -0.003270
v 0.159341 0.564548 0.012689
v 0.165492 0.096027 -0.006028
v 0.164518 0.096017 0.004178
v 0.154620 0.549477 -0.005000
v 0.161502 0.486048 -0.014507
v 0.159027 0.482447 -0.013746
v 0.155077 0.514171 0.001458
v 0.153424 0.515399 -0.001286
v 0.151388 0.403254 0.004701
v 0.155036 0.403208 0.004650
v 0.152752 0.526581 -0.001209
v 0.153308 0.532755 -0.003735
v 0.153716 0.533072 0.001503
v 0.158588 0.208025 -0.006640
v 0.166796 0.119622 0.002394
v 0.157706 0.414354 0.004327
v 0.151755 0.537154 0.001725
v 0.153586 0.533008 0.001238
v 0.154294 0.539417 0.002097
v 0.159337 0.564660 -0.014422
v 0.153493 0.526672 -0.002486
v 0.154894 0.493995 -0.013420
v 0.154344 0.392412 -0.007109
v 0.155954 0.494015 0.011865
v 0.156044 0.493404 0.012099
v 0.152354 0.547456 0.004764
v 0.153354 0.543625 0.001433
v 0.153140 0.547297 0.002783
v 0.153057 0.547311 0.002795
v 0.154524 0.549602 0.002790
v 0.164058 0.483342 -0.004524
v 0.176380 0.015214 -0.014819
v 0.152060 0.526661 -0.001929
v 0.153185 0.529529 -0.003463
v 0.151696 0.525688 -0.003892
v 0.153213 0.529514 -0.003528
v 0.154211 0.526573 -0.002330
v 0.155096 0.526513 0.001090
v 0.155348 0.509900 0.001487
v 0.153706 0.548882 -0.006788
v 0.155750 0.401399 0.004758
v 0.154771 0.549309 0.002902
v 0.153082 0.491392 0.012650
v 0.150576 0.484254 0.012704
v 0.159672 0.487040 0.012695
v 0.160014 0.496229 0.012524
v 0.159672 0.487040 0.012695
v 0.154955 0.540085 0.001486
v 0.153203 0.400770 0.005708
v 0.155750 0.401399 0.004758
v 0.153236 0.400769 -0.007148
v 0.155171 0.401018 -0.006794
v 0.155171 0.401018 -0.006794
v 0.161491 0.486054 -0.014413
v 0.155802 0.531694 -0.004681
v 0.153247 0.532768 -0.003739
v 0.155802 0.531694 -0.004681
v 0.162424 0.404864 -0.006481
v 0.156890 0.511633 -0.005514
v 0.159201 0.376571 0.005845
v 0.168831 0.050609 0.004738
v 0.175204 0.060567 0.004422
v 0.157833 0.414512 -0.006448
v 0.153161 0.133678 0.006216
v 0.154248 0.133904 -0.006061
v 0.154565 0.131774 0.005274
v 0.154812 0.129977 0.006691
v 0.155213 0.130249 0.006765
v 0.159408 0.138511 0.005682
v 0.155274 0.526911 0.000669
v 0.159172 0.564791 0.012432
v 0.159021 0.564820 -0.009705
v 0.159021 0.564820 -0.009705
v 0.155837 0.133479 -0.007151
v 0.155713 0.049065 0.004506
v 0.154400 0.549927 -0.004973
v 0.154955 0.540085 0.001486
v 0.154397 0.527764 0.002013
v 0.160011 0.496434 -0.014132
v 0.157241 0.132824 -0.006125
v 0.155193 0.131068 -0.006689
v 0.162200 0.015599 -0.016530
v 0.155943 0.398306 0.002987
v 0.156840 0.399301 0.004281
v 0.159826 0.496131 0.012366
v 0.157074 0.511398 -0.004042
v 0.154475 0.131925 0.005636
v 0.158207 0.550745 0.012123
v 0.155559 0.133259 0.005512
v 0.156171 0.396919 -0.005729
v 0.163588 0.140648 -0.006310
v 0.154678 0.540030 -0.003717
v 0.156052 0.130727 -0.008233
v 0.154972 0.399393 0.003806
v 0.163010 0.404984 0.004321
v 0.155448 0.243191 0.004173
v 0.155205 0.232969 -0.005989
v 0.155441 0.233283 0.004388
v 0.156001 0.243301 -0.006220
v 0.157784 0.049871 0.004126
v 0.156730 0.526837 -0.002356
v 0.156730 0.526837 -0.002356
v 0.154908 0.398997 -0.006857
v 0.157337 0.399270 -0.006695
v 0.156876 0.399159 -0.006252
v 0.157271 0.527141 0.000811
v 0.157700 0.131076 0.006979
v 0.155231 0.130276 0.006776
v 0.157587 0.131260 0.007366
v 0.158137 0.135959 0.005006
v 0.155559 0.133259 0.005512
v 0.158281 0.136057 0.004825
v 0.155274 0.526911 0.000669
v 0.157278 0.527077 0.000836
v 0.154462 0.526453 0.002671
v 0.164191 0.528172 -0.004580
v 0.172082 0.425421 0.004752
v 0.162102 0.551111 -0.013497
v 0.167788 0.048646 -0.006321
v 0.167722 0.515701 0.002450
v 0.166251 0.000460 0.005775
v 0.166251 0.000460 0.005775
v 0.157686 0.527741 0.002151
v 0.162874 0.529360 0.002904
v 0.161339 0.504070 0.002922
v 0.164662 0.244531 0.004256
v 0.162370 0.533406 -0.005000
v 0.162370 0.533406 -0.005000
v 0.160425 0.513986 -0.003794
v 0.156040 0.130743 -0.008232
v 0.156089 0.397147 0.004059
v 0.156885 0.398332 0.002824
v 0.156266 0.396870 -0.005975
v 0.157438 0.399827 -0.006274
v 0.167913 0.228900 0.004227
v 0.162447 0.483773 0.012175
v 0.167842 0.228977 -0.006054
v 0.160575 0.375113 -0.011290
v 0.165347 0.127129 0.012519
v 0.163006 0.535253 -0.003884
v 0.164668 0.530991 -0.005109
v 0.168731 0.553717 0.012304
v 0.157167 0.129449 0.012296
v 0.157074 0.511398 -0.004042
v 0.157467 0.508743 -0.004431
v 0.160615 0.514191 -0.003412
v 0.164386 0.139938 0.004127
v 0.167784 0.048822 0.004451
v 0.174865 0.559284 -0.014529
v 0.167498 0.245117 -0.006743
v 0.167707 0.230725 -0.006687
v 0.159563 0.130030 -0.010826
v 0.160037 0.205306 -0.004993
v 0.161681 0.505741 0.002631
v 0.162108 0.204002 0.004558
v 0.171766 0.229549 0.004691
v 0.159535 0.129879 -0.010610
v 0.161534 0.363690 -0.001009
v 0.159691 0.495849 -0.014201
v 0.164199 0.421204 -0.006377
v 0.166393 0.136309 -0.007012
v 0.159764 0.506110 -0.004993
v 0.159774 0.506092 -0.004973
v 0.164627 0.516090 -0.002733
v 0.170916 0.108738 0.004087
v 0.171062 0.108530 0.003935
v 0.166115 0.528908 0.001396
v 0.162822 0.529362 0.002806
v 0.163645 0.488172 -0.014485
v 0.160922 0.505224 -0.003390
v 0.159046 0.401072 -0.005041
v 0.159444 0.400980 -0.005035
v 0.172631 0.106563 -0.006295
v 0.165791 0.099730 -0.006755
v 0.158944 0.138568 0.005890
v 0.161316 0.503702 -0.002656
v 0.169753 0.097283 0.005299
v 0.163510 0.211896 -0.006180
v 0.158588 0.208025 -0.006640
v 0.160048 0.204998 -0.005906
v 0.163538 0.211965 -0.006239
v 0.159244 0.564709 0.012461
v 0.161941 0.568034 -0.014252
v 0.159021 0.564820 -0.009705
v 0.162350 0.568094 -0.014629
v 0.162990 0.535492 0.002132
v 0.162486 0.404675 -0.004857
v 0.161449 0.500226 -0.000041
v 0.163716 0.486933 0.012682
v 0.171701 0.491307 0.012394
v 0.165346 0.127121 0.012460
v 0.165613 0.049429 0.004374
v 0.161214 0.567777 0.012269
v 0.160105 0.128194 -0.014181
v 0.166145 0.095562 -0.001020
v 0.159680 0.014860 -0.016903
v 0.163716 0.486933 0.012682
v 0.160707 0.499815 -0.013751
v 0.161280 0.202939 -0.000909
v 0.161502 0.203700 0.002910
v 0.159774 0.506092 -0.004973
v 0.160504 0.504946 -0.007225
v 0.160928 0.504982 -0.004558
v 0.159828 0.506460 -0.005348
v 0.160653 0.505012 -0.007010
v 0.160074 0.172599 0.004469
v 0.160814 0.180516 -0.006363
v 0.160755 0.158411 -0.006437
v 0.161088 0.158305 0.004085
v 0.160803 0.180847 0.004176
v 0.161194 0.503699 -0.002589
v 0.165814 0.423527 0.004362
v 0.175741 0.060499 -0.006388
v 0.160415 0.505003 -0.013879
v 0.160629 0.504877 0.012087
v 0.160831 0.504570 0.004752
v 0.164738 0.484011 0.002919
v 0.173069 0.166051 0.004888
v 0.160193 0.172540 0.004443
v 0.160936 0.180907 0.004211
v 0.170138 0.181495 0.004457
v 0.172929 0.166162 0.004679
v 0.160582 0.504794 0.012249
v 0.179652 0.416442 0.004212
v 0.160563 0.504509 -0.013908
v 0.174151 0.505079 -0.014262
v 0.160627 0.504685 0.012016
v 0.160635 0.505035 0.006748
v 0.167389 0.119910 -0.014237
v 0.161322 0.505081 0.002764
v 0.167345 0.570800 -0.013818
v 0.161177 0.504073 0.003185
v 0.161360 0.505781 0.003170
v 0.161037 0.180523 -0.006042
v 0.162532 0.569196 0.012109
v 0.167910 0.516986 -0.004578
v 0.167433 0.518642 -0.002993
v 0.164453 0.505684 -0.004673
v 0.165096 0.508408 0.000626
v 0.164852 0.506178 0.001084
v 0.177191 0.131538 -0.008950
v 0.175271 0.412396 -0.007085
v 0.175231 0.505234 0.013183
v 0.161569 0.203389 -0.000651
v 0.163590 0.198495 -0.002372
v 0.163777 0.198400 0.004515
v 0.163669 0.488292 -0.014169
v 0.164457 0.530291 -0.004014
v 0.167505 0.095073 -0.006869
v 0.166844 0.488952 -0.013236
v 0.164211 0.197572 -0.005628
v 0.162986 0.569749 0.012046
v 0.163476 0.198333 -0.002266
v 0.179221 0.128935 -0.014243
v 0.166796 0.119622 0.002394
v 0.194592 0.119484 -0.004991
v 0.172549 0.119766 0.012439
v 0.165167 0.529031 0.001896
v 0.166467 0.488131 -0.009793
v 0.166408 0.570922 0.011883
v 0.166150 0.570949 0.012206
v 0.173313 0.104625 0.004641
v 0.166537 0.404608 -0.005169
v 0.164016 0.505121 -0.004554
v 0.165010 0.508703 -0.003274
v 0.166145 0.095562 -0.001020
v 0.167772 0.095347 0.004309
v 0.164445 0.095895 0.004284
v 0.171388 0.237433 0.004727
v 0.163472 0.435858 -0.006304
v 0.163688 0.471314 0.004415
v 0.166426 0.507988 0.001241
v 0.163649 0.471040 -0.002485
v 0.163589 0.469104 -0.006191
v 0.164211 0.435417 0.004360
v 0.173252 0.240277 -0.006594
v 0.179427 0.417527 -0.005892
v 0.165316 0.210079 -0.001491
v 0.164743 0.198172 -0.005717
v 0.166250 0.484539 -0.005907
v 0.168738 0.205211 -0.004793
v 0.167679 0.197503 -0.006425
v 0.166788 0.432962 -0.006342
v 0.163502 0.469063 -0.006274
v 0.163706 0.471039 -0.002485
v 0.165637 0.472402 -0.006649
v 0.165637 0.472402 -0.006649
v 0.169075 0.489237 -0.006773
v 0.165777 0.479687 -0.005791
v 0.164445 0.095895 0.004284
v 0.167679 0.095228 0.004090
v 0.169752 0.097323 0.004711
v 0.165962 0.475029 0.004624
v 0.163675 0.121223 0.012660
v 0.172573 0.119910 0.012407
v 0.195863 0.121157 0.012740
v 0.163733 0.471294 0.004161
v 0.166068 0.488460 0.011302
v 0.177142 0.558315 -0.013902
v 0.165663 0.529304 -0.002369
v 0.179734 0.572522 0.012562
v 0.174464 0.170556 -0.006298
v 0.175150 0.170070 -0.006216
v 0.172747 0.454725 -0.006478
v 0.165794 0.504370 -0.001675
v 0.165042 0.508569 -0.003421
v 0.166006 0.475028 0.004561
v 0.169735 0.197603 0.004003
v 0.165316 0.210079 -0.001491
v 0.167633 0.197040 -0.006571
v 0.169623 0.487875 0.002942
v 0.167345 0.518965 -0.002917
v 0.169631 0.404393 0.004931
v 0.166591 0.481799 0.004572
v 0.169464 0.407246 0.004670
v 0.169232 0.206154 0.004152
v 0.167373 0.488645 -0.014274
v 0.167283 0.207930 -0.004937
v 0.167358 0.208025 -0.004903
v 0.168344 0.403186 -0.004941
v 0.167595 0.487462 0.004909
v 0.180752 0.436354 -0.006887
v 0.165460 0.095924 -0.006300
v 0.167745 0.095007 -0.006436
v 0.167468 0.247451 0.004527
v 0.173951 0.478274 -0.006255
v 0.173065 0.474573 0.004551
v 0.171245 0.570450 -0.014614
v 0.173240 0.156214 0.005035
v 0.167925 0.048210 0.004963
v 0.167496 0.428916 -0.006462
v 0.173861 0.478282 -0.006427
v 0.174792 0.503482 -0.000495
v 0.168647 0.142003 0.004647
v 0.173834 0.101389 -0.006670
v 0.165801 0.099730 -0.006692
v 0.173834 0.101389 -0.006670
v 0.173121 0.474570 0.004644
v 0.167477 0.428817 0.004378
v 0.165672 0.423491 0.004560
v 0.167409 0.428810 0.004605
v 0.174132 0.154967 -0.006225
v 0.172160 0.425416 0.004676
v 0.171545 0.181435 -0.006285
v 0.166183 0.487661 -0.013981
v 0.167229 0.488450 -0.013104
v 0.175443 0.165110 -0.006180
v 0.177192 0.000535 0.014214
v 0.179676 0.134126 0.005361
v 0.171468 0.142941 -0.006423
v 0.178261 0.413418 0.003046
v 0.166467 0.488131 -0.009793
v 0.171398 0.490673 -0.007423
v 0.170266 0.489290 -0.005897
v 0.166276 0.488395 0.011092
v 0.169289 0.490262 0.007674
v 0.177173 0.506479 0.012390
v 0.171090 0.092779 0.004217
v 0.174276 0.090388 0.004395
v 0.167175 0.345819 -0.006177
v 0.168564 0.387871 -0.004702
v 0.167292 0.382095 0.003989
v 0.170019 0.197641 -0.006028
v 0.169886 0.487824 -0.004472
v 0.168506 0.387668 -0.004731
v 0.168131 0.396730 -0.006025
v 0.166977 0.388079 -0.004813
v 0.168700 0.383390 0.002100
v 0.167740 0.398352 -0.006258
v 0.167549 0.487415 0.004892
v 0.167576 0.345282 0.004465
v 0.167708 0.381583 -0.005511
v 0.167791 0.381579 -0.006287
v 0.167292 0.251610 0.004596
v 0.167195 0.263014 -0.004481
v 0.167973 0.289970 0.004376
v 0.167128 0.277582 0.004241
v 0.167175 0.287161 -0.004898
v 0.167128 0.277582 0.004241
v 0.179509 0.129207 0.012228
v 0.169320 0.251164 -0.007015
v 0.167439 0.428958 -0.006300
v 0.167299 0.251686 0.004530
v 0.167925 0.289050 0.004626
v 0.167134 0.259039 -0.001633
v 0.167539 0.265645 -0.005560
v 0.169384 0.251133 -0.006934
v 0.167134 0.259039 -0.001633
v 0.167520 0.270904 -0.006443
v 0.167067 0.299856 0.005206
v 0.169463 0.279659 0.003128
v 0.167175 0.287161 -0.004898
v 0.167227 0.321238 0.004250
v 0.167240 0.345694 -0.006097
v 0.167319 0.331651 -0.006140
v 0.167274 0.338987 -0.001108
v 0.167274 0.338987 -0.001108
v 0.168415 0.283382 -0.005402
v 0.167878 0.330131 0.004667
v 0.167227 0.321238 0.004250
v 0.167332 0.331618 -0.006173
v 0.167266 0.326304 -0.000447
v 0.167274 0.338987 -0.001108
v 0.167825 0.334930 0.003113
v 0.167266 0.326304 -0.000447
v 0.168634 0.400499 0.004256
v 0.168303 0.399353 -0.001570
v 0.167912 0.334929 0.003077
v 0.167274 0.338987 -0.001108
v 0.167266 0.326304 -0.000447
v 0.167626 0.345160 0.004347
v 0.167309 0.277566 -0.006080
v 0.167975 0.284761 -0.006468
v 0.168559 0.334282 0.003186
v 0.169508 0.380796 0.004605
v 0.169565 0.279067 -0.006683
v 0.169492 0.337510 0.004684
v 0.169534 0.339049 -0.006548
v 0.171247 0.487909 0.003100
v 0.172455 0.502636 -0.000036
v 0.169649 0.404953 -0.006510
v 0.168171 0.403125 -0.000631
v 0.173892 0.571176 -0.013814
v 0.168680 0.488843 0.004877
v 0.167549 0.487415 0.004892
v 0.168766 0.488756 0.004880
v 0.169289 0.490262 0.007674
v 0.167949 0.228980 -0.006794
v 0.170678 0.224635 -0.006099
v 0.167611 0.244987 -0.006685
v 0.173262 0.240276 -0.006733
v 0.175703 0.139158 -0.006746
v 0.168089 0.228891 0.004314
v 0.167876 0.048606 0.004385
v 0.168150 0.048573 -0.005897
v 0.169492 0.337510 0.004684
v 0.167464 0.247279 0.004610
v 0.171388 0.237433 0.004727
v 0.176310 0.237711 0.004499
v 0.168336 0.226469 0.004315
v 0.175444 0.401844 -0.006447
v 0.167709 0.230730 -0.006685
v 0.179168 0.230960 -0.006892
v 0.167709 0.230730 -0.006685
v 0.179075 0.230841 -0.006705
v 0.170602 0.224592 -0.006259
v 0.168976 0.522349 -0.002539
v 0.169465 0.521953 -0.002447
v 0.169788 0.382288 -0.006431
v 0.169788 0.382288 -0.006431
v 0.169654 0.279792 0.004713
v 0.168713 0.227178 0.004220
v 0.169531 0.228689 0.004675
v 0.173667 0.348278 -0.006773
v 0.167867 0.385632 0.004380
v 0.169510 0.380793 0.004593
v 0.169861 0.402788 -0.005718
v 0.169459 0.332182 0.004688
v 0.167922 0.335950 0.004510
v 0.171933 0.144283 0.002822
v 0.169534 0.339049 -0.006548
v 0.176300 0.286541 0.004313
v 0.169459 0.332182 0.004688
v 0.175262 0.334526 0.004685
v 0.169567 0.279070 -0.006664
v 0.175015 0.484353 0.004350
v 0.174422 0.513726 0.002510
v 0.175849 0.378273 -0.006192
v 0.169534 0.339049 -0.006548
v 0.168682 0.537056 0.001673
v 0.169370 0.544914 0.001863
v 0.168815 0.544778 -0.003700
v 0.169732 0.535192 -0.003637
v 0.168303 0.399353 -0.001570
v 0.168171 0.403125 -0.000631
v 0.168626 0.400495 0.004298
v 0.176140 0.290667 -0.006352
v 0.180464 0.572630 0.012231
v 0.168259 0.403023 -0.004907
v 0.168459 0.399659 -0.005948
v 0.175562 0.104557 0.003447
v 0.175520 0.485124 -0.005638
v 0.169791 0.402637 -0.006397
v 0.168645 0.205202 -0.005249
v 0.169874 0.524334 0.003534
v 0.175785 0.535511 0.001951
v 0.183150 0.015645 -0.006175
v 0.176615 0.015224 -0.014838
v 0.168614 0.402966 -0.006070
v 0.175610 0.534534 -0.003347
v 0.170420 0.489746 0.003961
v 0.172767 0.532884 0.001712
v 0.169847 0.226825 0.004554
v 0.169531 0.228689 0.004675
v 0.170242 0.525785 -0.004918
v 0.176495 0.412217 0.004351
v 0.169781 0.404408 0.004591
v 0.169557 0.043064 0.004329
v 0.169637 0.043005 0.004423
v 0.176882 0.551366 -0.003040
v 0.171445 0.487966 -0.006886
v 0.170543 0.489315 -0.006465
v 0.171590 0.491373 0.012280
v 0.175453 0.401837 -0.006478
v 0.177977 0.558734 0.012323
v 0.169492 0.337510 0.004684
v 0.169464 0.407246 0.004670
v 0.170677 0.532434 0.001661
v 0.170163 0.530389 -0.003006
v 0.171166 0.531118 -0.002832
v 0.175330 0.340707 0.004706
v 0.169492 0.337510 0.004684
v 0.175255 0.334530 0.004665
v 0.175250 0.340683 0.004664
v 0.176054 0.290513 -0.006231
v 0.173549 0.336602 -0.006596
v 0.173341 0.377919 0.004578
v 0.173341 0.377919 0.004578
v 0.173549 0.336602 -0.006596
v 0.177731 0.172616 0.004544
v 0.169847 0.226825 0.004554
v 0.179234 0.417898 -0.006711
v 0.169649 0.404953 -0.006510
v 0.175767 0.286245 0.004161
v 0.171000 0.488511 0.000941
v 0.170998 0.488553 0.000979
v 0.172755 0.146056 0.004658
v 0.170908 0.488719 -0.003063
v 0.170481 0.488653 -0.003061
v 0.171589 0.488137 -0.005397
v 0.180151 0.053808 0.004391
v 0.175997 0.089080 0.004599
v 0.175426 0.104706 0.003666
v 0.173313 0.104625 0.004641
v 0.170397 0.027026 -0.006131
v 0.170542 0.026931 0.004281
v 0.174130 0.090788 -0.006096
v 0.174254 0.107200 -0.005851
v 0.171717 0.226429 0.004651
v 0.171765 0.229546 0.004674
v 0.170645 0.532920 -0.003785
v 0.170007 0.535129 -0.003636
v 0.173340 0.534463 -0.004224
v 0.174147 0.481894 -0.005984
v 0.170663 0.532854 -0.003812
v 0.170976 0.092658 0.004291
v 0.181248 0.496647 -0.014282
v 0.178161 0.559725 -0.003150
v 0.183025 0.050437 -0.006268
v 0.178424 0.037569 -0.006761
v 0.188842 0.034262 -0.006595
v 0.178424 0.037569 -0.006761
v 0.170513 0.488592 -0.003049
v 0.171270 0.488094 -0.004671
v 0.179075 0.230841 -0.006705
v 0.178339 0.220760 -0.006654
v 0.175743 0.535453 0.001512
v 0.173696 0.533321 0.002006
v 0.177954 0.135863 -0.006591
v 0.179531 0.129633 -0.011193
v 0.177433 0.185050 0.004250
v 0.177041 0.184806 -0.006327
v 0.171328 0.487811 0.003154
v 0.170998 0.488553 0.000979
v 0.177507 0.492892 0.007177
v 0.173407 0.156704 0.006060
v 0.173043 0.166181 0.004713
v 0.179861 0.494285 -0.013558
v 0.172156 0.142421 -0.006291
v 0.171528 0.145057 0.004343
v 0.171739 0.488671 -0.004352
v 0.172665 0.454139 0.004415
v 0.175042 0.492761 0.012213
v 0.174302 0.492083 0.012114
v 0.171784 0.226488 0.004662
v 0.177734 0.230599 0.004764
v 0.172883 0.465838 -0.005814
v 0.173907 0.471565 0.004309
v 0.178480 0.441856 -0.005617
v 0.175326 0.515698 -0.004803
v 0.182097 0.026052 0.003920
v 0.182122 0.025903 -0.006235
v 0.180077 0.129331 0.007336
v 0.183113 0.026779 0.004526
v 0.179617 0.223445 0.004654
v 0.177732 0.230593 0.004687
v 0.175907 0.551712 0.001584
v 0.174337 0.154254 0.003964
v 0.174253 0.090550 0.004262
v 0.175750 0.488192 0.004171
v 0.174682 0.107005 0.000654
v 0.176508 0.106313 -0.001199
v 0.177661 0.488153 -0.006152
v 0.175663 0.488111 -0.006075
v 0.172746 0.454262 -0.006313
v 0.172888 0.465559 -0.006154
v 0.182000 0.496802 0.012729
v 0.177090 0.102733 -0.006378
v 0.172634 0.106527 -0.006239
v 0.177056 0.102809 -0.006611
v 0.177069 0.449867 0.004244
v 0.178189 0.507198 0.004737
v 0.175396 0.492886 0.012291
v 0.173745 0.471562 0.004137
v 0.176714 0.449964 -0.005972
v 0.178522 0.441936 -0.006229
v 0.174874 0.559268 -0.014468
v 0.171245 0.570450 -0.014614
v 0.179947 0.217020 0.004360
v 0.173616 0.151440 0.004137
v 0.175988 0.373407 0.003655
v 0.175998 0.164369 0.004288
v 0.182314 0.180853 0.004690
v 0.175517 0.374092 0.004061
v 0.175360 0.169763 0.004158
v 0.173511 0.470090 -0.001366
v 0.173924 0.473816 -0.006115
v 0.173511 0.470090 -0.001366
v 0.173924 0.473816 -0.006115
v 0.173549 0.336602 -0.006596
v 0.173675 0.348372 -0.006574
v 0.175261 0.336923 -0.006438
v 0.175251 0.336922 -0.006419
v 0.176069 0.354557 -0.006283
v 0.176199 0.237663 -0.006032
v 0.173675 0.348372 -0.006574
v 0.175183 0.337385 -0.006091
v 0.176098 0.354679 -0.006169
v 0.176024 0.378162 -0.006073
v 0.175703 0.139158 -0.006746
v 0.178882 0.442631 0.004424
v 0.178365 0.507546 -0.005828
v 0.190121 0.093850 -0.006382
v 0.175593 0.572176 -0.014156
v 0.183731 0.572517 -0.014193
v 0.174171 0.479435 -0.006512
v 0.185553 0.158336 0.004320
v 0.179597 0.493780 -0.008649
v 0.177491 0.492770 -0.008777
v 0.179940 0.493487 0.009083
v 0.176870 0.104239 -0.005799
v 0.175464 0.485129 -0.005535
v 0.176354 0.088093 0.004415
v 0.174682 0.107005 0.000654
v 0.181759 0.101075 0.004343
v 0.176074 0.105524 -0.001696
v 0.176548 0.540335 -0.003565
v 0.176198 0.103973 -0.005063
v 0.177225 0.102863 -0.006685
v 0.178713 0.543618 0.001290
v 0.177421 0.171082 -0.004823
v 0.177426 0.171086 -0.004708
v 0.175360 0.169763 0.004158
v 0.177130 0.171416 0.004766
v 0.176445 0.413553 -0.005636
v 0.175273 0.411926 -0.005894
v 0.176403 0.410843 -0.006176
v 0.176048 0.337767 0.004311
v 0.175116 0.338905 0.003055
v 0.176049 0.337746 0.004331
v 0.179449 0.486936 0.003711
v 0.176074 0.333564 -0.006123
v 0.175261 0.336923 -0.006438
v 0.176017 0.341994 -0.006079
v 0.176035 0.333595 -0.006056
v 0.179608 0.494344 0.011567
v 0.179239 0.493760 0.011977
v 0.178937 0.494568 0.012417
v 0.177689 0.491913 -0.007080
v 0.180262 0.573039 -0.006871
v 0.180098 0.488444 0.003939
v 0.178386 0.542983 -0.002592
v 0.183348 0.542413 -0.003336
v 0.177757 0.490039 0.005015
v 0.175802 0.488151 -0.006636
v 0.180029 0.487569 -0.005826
v 0.185285 0.139190 -0.006319
v 0.181104 0.559539 -0.013905
v 0.181534 0.558864 -0.015057
v 0.177957 0.135858 -0.006746
v 0.183538 0.031095 0.004652
v 0.185168 0.046937 0.004320
v 0.183538 0.031095 0.004652
v 0.175750 0.488192 0.004171
v 0.180158 0.488428 0.004124
v 0.177924 0.490054 0.005604
v 0.175890 0.534741 -0.003721
v 0.176548 0.540335 -0.003565
v 0.185727 0.158014 -0.006264
v 0.181550 0.215365 -0.005841
v 0.176098 0.363465 0.001926
v 0.176017 0.336839 0.000770
v 0.176035 0.333595 -0.006056
v 0.176017 0.336839 0.000770
v 0.176146 0.339001 0.003022
v 0.177490 0.087221 0.004439
v 0.176098 0.363465 0.001926
v 0.176279 0.370766 0.002915
v 0.181482 0.083617 -0.006216
v 0.176559 0.278487 0.003066
v 0.176279 0.370766 0.002915
v 0.176465 0.278518 0.003045
v 0.176851 0.589501 0.004830
v 0.176804 0.589425 -0.006442
v 0.177234 0.413213 -0.006474
v 0.177254 0.413391 0.002998
v 0.183218 0.588773 0.006965
v 0.178135 0.415123 -0.004748
v 0.184143 0.015220 -0.014745
v 0.190310 0.119931 0.012404
v 0.190338 0.119941 0.012402
v 0.178402 0.086310 0.004313
v 0.183520 0.433027 -0.006662
v 0.185766 0.427036 -0.006642
v 0.180540 0.589487 0.010149
v 0.177943 0.542623 -0.002663
v 0.178320 0.415115 0.002586
v 0.177244 0.413403 0.002969
v 0.179512 0.133680 -0.006508
v 0.177167 0.131375 -0.008862
v 0.179475 0.129404 -0.011002
v 0.177189 0.558273 -0.013953
v 0.178370 0.559285 -0.002934
v 0.185583 0.139804 0.004262
v 0.179626 0.232349 0.004113
v 0.197180 0.174435 -0.006097
v 0.182511 0.512938 -0.004089
v 0.179563 0.492333 -0.007201
v 0.177491 0.492770 -0.008777
v 0.179632 0.493411 -0.008691
v 0.179760 0.492410 -0.007019
v 0.177519 0.492290 0.007207
v 0.179904 0.493613 0.009039
v 0.177538 0.415313 0.004400
v 0.178512 0.415733 0.002293
v 0.181439 0.417351 0.004692
v 0.181439 0.417351 0.004692
v 0.183066 0.559955 0.002191
v 0.183512 0.506193 0.012739
v 0.177562 0.506881 0.012392
v 0.177601 0.488321 -0.004908
v 0.177678 0.491987 -0.006960
v 0.184947 0.422550 0.004770
v 0.186721 0.548966 -0.003455
v 0.187077 0.186123 -0.006351
v 0.179617 0.223445 0.004654
v 0.185048 0.230615 0.004268
v 0.180742 0.573682 0.005051
v 0.181220 0.589377 -0.013852
v 0.183729 0.572610 -0.014330
v 0.182314 0.180853 0.004690
v 0.178679 0.085615 0.004248
v 0.180422 0.084391 0.004289
v 0.183583 0.507679 0.012573
v 0.192738 0.121564 -0.012774
v 0.178311 0.415440 -0.004634
v 0.178374 0.559553 -0.002963
v 0.183066 0.559955 0.002191
v 0.189570 0.560466 -0.007185
v 0.189450 0.559926 -0.006977
v 0.188726 0.034292 -0.006684
v 0.186289 0.186761 0.004167
v 0.178339 0.220760 -0.006654
v 0.185005 0.230518 -0.006172
v 0.185007 0.230520 -0.006178
v 0.189492 0.224197 -0.006632
v 0.180048 0.084844 0.004391
v 0.183073 0.100585 -0.004754
v 0.182171 0.588695 -0.009091
v 0.180096 0.487520 -0.003161
v 0.178937 0.494568 0.012417
v 0.179408 0.493687 0.011898
v 0.181736 0.495253 0.012005
v 0.181997 0.496783 0.012754
v 0.180125 0.415646 -0.006274
v 0.183158 0.100729 -0.004764
v 0.182587 0.512406 0.001271
v 0.193254 0.119568 0.011067
v 0.180986 0.436312 -0.007473
v 0.179206 0.129257 -0.014173
v 0.179248 0.417917 -0.006636
v 0.179790 0.415478 -0.006303
v 0.185766 0.427036 -0.006642
v 0.194171 0.418795 -0.006342
v 0.179381 0.494359 0.011970
v 0.188575 0.215043 -0.006730
v 0.191178 0.541495 0.002180
v 0.189803 0.547328 0.001541
v 0.186531 0.426729 0.004594
v 0.185562 0.506254 -0.014434
v 0.186116 0.498232 -0.014408
v 0.183863 0.507911 0.012439
v 0.184457 0.172079 0.004448
v 0.182801 0.542729 -0.003176
v 0.183627 0.228367 0.004617
v 0.183627 0.228367 0.004617
v 0.179880 0.494318 -0.013478
v 0.181276 0.496661 -0.014380
v 0.182800 0.586458 -0.004477
v 0.185826 0.510074 0.005148
v 0.182816 0.413342 -0.006161
v 0.185090 0.508639 -0.013683
v 0.180890 0.573143 0.012198
v 0.186271 0.509559 -0.007733
v 0.189986 0.093971 0.004375
v 0.181855 0.496060 0.006245
v 0.183605 0.433148 -0.006845
v 0.182542 0.083634 0.004333
v 0.180888 0.490170 -0.004617
v 0.180096 0.487520 -0.003161
v 0.180803 0.490165 -0.004601
v 0.194608 0.128865 -0.004241
v 0.195887 0.128319 -0.014323
v 0.182033 0.496194 -0.007770
v 0.182198 0.083591 0.004319
v 0.183327 0.412549 0.004284
v 0.182468 0.584311 0.002499
v 0.181529 0.580310 -0.005362
v 0.190642 0.574553 0.012198
v 0.185501 0.559675 0.006094
v 0.186116 0.498232 -0.014408
v 0.184947 0.422550 0.004770
v 0.190653 0.574623 0.011872
v 0.184952 0.433013 0.004228
v 0.187056 0.588534 -0.012303
v 0.191081 0.219662 0.004638
v 0.181722 0.589848 -0.012642
v 0.192981 0.589299 -0.012382
v 0.187056 0.588534 -0.012303
v 0.187369 0.589128 0.010417
v 0.183606 0.589798 0.007071
v 0.185850 0.587487 0.003715
v 0.185285 0.084304 0.004644
v 0.182900 0.026060 0.004173
v 0.183978 0.019199 0.004068
v 0.197524 0.086146 0.004460
v 0.183512 0.506193 0.012739
v 0.183383 0.019830 -0.005834
v 0.182699 0.024140 0.004245
v 0.185285 0.084304 0.004644
v 0.193348 0.560822 -0.014157
v 0.185229 0.573397 -0.007977
v 0.200057 0.190673 0.004758
v 0.186189 0.186437 0.003559
v 0.182099 0.025690 -0.006244
v 0.186046 0.019718 -0.005672
v 0.189719 0.209016 -0.006431
v 0.187631 0.210634 0.004405
v 0.183224 0.027697 0.004689
v 0.190565 0.561115 0.000066
v 0.193850 0.119510 -0.013033
v 0.185501 0.559675 0.006094
v 0.187435 0.038067 0.004457
v 0.185884 0.016302 -0.007606
v 0.186419 0.509160 0.009187
v 0.186000 0.409154 -0.006617
v 0.187367 0.496768 0.012266
v 0.184828 0.508791 0.012272
v 0.189731 0.508252 0.012697
v 0.183224 0.027697 0.004689
v 0.190370 0.032939 0.004349
v 0.187366 0.224392 0.004798
v 0.187919 0.573857 -0.013060
v 0.187883 0.077177 0.004409
v 0.188063 0.077018 -0.006286
v 0.187256 0.496733 0.011644
v 0.187396 0.224382 0.004973
v 0.198818 0.129018 0.011645
v 0.195761 0.576792 -0.006350
v 0.199132 0.573211 -0.014887
v 0.187030 0.507843 -0.014367
v 0.193172 0.560304 0.011970
v 0.186872 0.586668 -0.006711
v 0.189733 0.028792 0.004647
v 0.189733 0.028792 0.004647
v 0.186114 0.588981 0.007091
v 0.186449 0.097146 -0.004236
v 0.186055 0.426836 -0.005541
v 0.186120 0.588768 0.007104
v 0.184663 0.305807 -0.006213
v 0.184754 0.313330 -0.006048
v 0.190874 0.583995 0.002595
v 0.184143 0.015220 -0.014745
v 0.185889 0.016590 -0.008247
v 0.218491 0.015285 -0.015052
v 0.190714 0.583811 -0.005267
v 0.183911 0.308168 0.004295
v 0.189190 0.405780 -0.006449
v 0.204415 0.406141 -0.006267
v 0.190151 0.540653 -0.002623
v 0.193431 0.419221 0.004425
v 0.187911 0.573899 -0.013058
v 0.199461 0.574777 -0.014198
v 0.182194 0.588718 -0.009107
v 0.191544 0.588499 -0.006783
v 0.186902 0.587463 -0.006600
v 0.187555 0.585170 0.003056
v 0.186449 0.097146 -0.004236
v 0.189660 0.513000 -0.003401
v 0.189759 0.512917 0.002332
v 0.190293 0.514110 -0.001347
v 0.187829 0.512104 -0.005319
v 0.192221 0.539580 -0.002651
v 0.188759 0.300620 0.004509
v 0.195787 0.127094 0.012780
v 0.188753 0.225222 -0.005705
v 0.187454 0.427526 0.003110
v 0.194431 0.560072 0.004795
v 0.193172 0.560304 0.011970
v 0.185562 0.506254 -0.014434
v 0.187030 0.507843 -0.014367
v 0.184828 0.508791 0.012272
v 0.190567 0.510967 0.011190
v 0.190276 0.510343 0.011034
v 0.189129 0.225813 0.004280
v 0.189596 0.319269 0.003915
v 0.187665 0.189907 0.004428
v 0.187206 0.427039 -0.006086
v 0.185996 0.019894 -0.006329
v 0.191731 0.015539 -0.007172
v 0.191773 0.079836 0.004620
v 0.191773 0.079836 0.004620
v 0.191369 0.015584 0.004904
v 0.187574 0.587481 0.004200
v 0.185869 0.588556 0.003460
v 0.188989 0.206726 -0.005989
v 0.191470 0.019741 -0.004983
v 0.191789 0.019885 -0.004928
v 0.197207 0.128568 -0.014645
v 0.186006 0.510178 0.004835
v 0.186368 0.508778 0.009100
v 0.189845 0.512791 0.002178
v 0.186650 0.509471 -0.006531
v 0.194439 0.510674 -0.014000
v 0.184965 0.508756 -0.013803
v 0.196163 0.497906 -0.013998
v 0.187053 0.186952 0.004365
v 0.186656 0.187330 -0.006056
v 0.198846 0.309647 0.005109
v 0.195883 0.321509 0.004336
v 0.185969 0.187674 -0.007415
v 0.187958 0.185381 -0.006639
v 0.191151 0.400840 -0.006036
v 0.191589 0.400374 0.004423
v 0.199564 0.084496 -0.006422
v 0.252284 0.013541 -0.016467
v 0.188901 0.095001 -0.004989
v 0.188848 0.095261 -0.005087
v 0.226693 0.015285 0.013046
v 0.201612 0.128050 0.011060
v 0.192647 0.121490 -0.013006
v 0.253479 0.120181 -0.013945
v 0.193850 0.119510 -0.013033
v 0.196665 0.497399 0.012179
v 0.194019 0.573997 -0.012893
v 0.189717 0.319225 -0.006157
v 0.186924 0.426991 0.003625
v 0.193251 0.575717 0.005518
v 0.193601 0.589664 0.010217
v 0.190527 0.032995 -0.006425
v 0.191903 0.544224 -0.003400
v 0.188496 0.195667 -0.006058
v 0.188396 0.195646 -0.005621
v 0.188439 0.194353 0.004364
v 0.187426 0.585214 0.002985
v 0.191157 0.584019 0.003066
v 0.195721 0.589416 0.004115
v 0.189776 0.222607 0.004367
v 0.189126 0.225813 0.004263
v 0.186916 0.587375 -0.006637
v 0.191543 0.586343 -0.001217
v 0.189900 0.584180 -0.004875
v 0.191659 0.588172 -0.006917
v 0.187829 0.512104 -0.005319
v 0.189865 0.197275 0.004750
v 0.188360 0.192619 0.004305
v 0.189873 0.197270 0.004687
v 0.190988 0.213239 0.003758
v 0.196354 0.497384 0.012234
v 0.189812 0.513174 -0.003228
v 0.193684 0.513773 -0.004572
v 0.197744 0.306980 -0.006908
v 0.190317 0.224947 0.001156
v 0.193900 0.574784 -0.013042
v 0.188621 0.204179 0.004564
v 0.195877 0.399162 -0.006551
v 0.193558 0.291282 -0.006088
v 0.190450 0.224156 -0.005546
v 0.197890 0.180912 -0.006656
v 0.200348 0.066101 0.004372
v 0.188508 0.205453 -0.006129
v 0.189712 0.209073 -0.006629
v 0.189222 0.424778 0.004460
v 0.189340 0.208570 0.003930
v 0.188575 0.215043 -0.006730
v 0.189428 0.225933 -0.007187
v 0.190729 0.224675 -0.006069
v 0.197889 0.180915 -0.006604
v 0.189652 0.224192 0.004843
v 0.190402 0.032928 -0.006149
v 0.190384 0.514727 -0.001164
v 0.193626 0.545894 -0.001821
v 0.191472 0.093151 -0.004804
v 0.189407 0.223821 0.004094
v 0.193092 0.556913 -0.005357
v 0.197582 0.575011 0.012153
v 0.191664 0.025800 0.004218
v 0.191583 0.026089 0.004414
v 0.190108 0.508330 0.012771
v 0.191081 0.219662 0.004638
v 0.200088 0.214403 0.004503
v 0.191139 0.213449 0.004649
v 0.195165 0.536685 0.002658
v 0.190211 0.514473 -0.000982
v 0.199579 0.191066 0.004399
v 0.194323 0.579910 -0.005735
v 0.190290 0.032905 0.004163
v 0.191694 0.025817 0.004201
v 0.193173 0.120815 0.010857
v 0.195863 0.121166 0.012702
v 0.196511 0.321792 -0.006281
v 0.190317 0.224947 0.001156
v 0.192139 0.224031 0.002864
v 0.194202 0.222081 -0.006104
v 0.192139 0.224031 0.002864
v 0.196832 0.397060 -0.006278
v 0.195769 0.575409 0.012386
v 0.196705 0.575292 -0.009072
v 0.194246 0.579796 -0.005245
v 0.194702 0.220758 0.004423
v 0.195065 0.089396 -0.004966
v 0.202760 0.393416 -0.006378
v 0.193528 0.588483 -0.004860
v 0.192386 0.016066 0.000089
v 0.194814 0.589637 -0.007089
v 0.193528 0.588483 -0.004860
v 0.196329 0.561061 -0.007371
v 0.194368 0.560660 -0.005785
v 0.193003 0.578985 0.003616
v 0.194438 0.519919 -0.001684
v 0.196085 0.080539 0.004790
v 0.196085 0.080539 0.004790
v 0.194495 0.545659 0.002505
v 0.194387 0.290409 0.004163
v 0.200701 0.299498 -0.007169
v 0.194379 0.544887 -0.004344
v 0.191917 0.544408 -0.003634
v 0.194358 0.544880 -0.004449
v 0.192232 0.541146 -0.003874
v 0.194206 0.580926 0.001557
v 0.193171 0.539914 -0.002068
v 0.194356 0.558201 0.002380
v 0.193768 0.536813 -0.003051
v 0.192993 0.480677 -0.006154
v 0.192853 0.479777 0.004376
v 0.192480 0.461079 -0.000769
v 0.192625 0.462382 -0.006172
v 0.192725 0.462381 0.004179
v 0.193003 0.578985 0.003616
v 0.195207 0.516103 0.002937
v 0.193740 0.558466 -0.004999
v 0.192480 0.461079 -0.000769
v 0.192625 0.462382 -0.006172
v 0.193580 0.460077 -0.007456
v 0.195238 0.456570 0.004384
v 0.192725 0.462381 0.004179
v 0.194170 0.460275 -0.006674
v 0.193861 0.520773 -0.001577
v 0.192547 0.470206 0.004440
v 0.192656 0.476247 0.004265
v 0.192547 0.470206 0.004440
v 0.193770 0.480836 0.004283
v 0.198550 0.174791 0.004012
v 0.194206 0.580926 0.001557
v 0.194847 0.560944 0.011840
v 0.194752 0.561067 0.011866
v 0.195624 0.088507 -0.001334
v 0.194593 0.119501 -0.004993
v 0.254250 0.120081 0.012301
v 0.195830 0.397550 -0.000742
v 0.194853 0.589614 -0.007142
v 0.200300 0.501084 0.012894
v 0.198507 0.287865 -0.006129
v 0.193332 0.545715 -0.001831
v 0.193281 0.546522 -0.001195
v 0.195978 0.590396 -0.005584
v 0.200214 0.489297 0.005060
v 0.194139 0.546728 0.002123
v 0.195411 0.559852 -0.006176
v 0.195263 0.577407 0.003131
v 0.197192 0.087208 -0.004941
v 0.197829 0.512830 -0.005640
v 0.197748 0.512480 0.003861
v 0.200552 0.213736 -0.006225
v 0.196165 0.575176 0.009020
v 0.194694 0.530296 -0.005402
v 0.194567 0.530454 -0.005393
v 0.195660 0.575073 -0.011165
v 0.201151 0.297194 0.004982
v 0.196758 0.398125 0.003971
v 0.203314 0.467956 -0.006802
v 0.194776 0.522592 -0.005423
v 0.201906 0.466294 0.004698
v 0.203252 0.475634 0.004456
v 0.201906 0.466294 0.004698
v 0.203851 0.078320 0.004740
v 0.206157 0.464426 -0.006631
v 0.206157 0.464426 -0.006631
v 0.202682 0.449749 -0.006843
v 0.194678 0.522550 -0.005345
v 0.194112 0.520768 -0.001466
v 0.196072 0.577592 -0.004842
v 0.194185 0.525975 0.001002
v 0.194597 0.530062 0.003358
v 0.194185 0.525975 0.001002
v 0.194790 0.577044 0.002517
v 0.194871 0.541929 0.003055
v 0.194355 0.524282 0.002636
v 0.194359 0.524284 0.002627
v 0.194990 0.368387 0.004097
v 0.194298 0.368615 -0.006238
v 0.197763 0.351544 0.004621
v 0.198118 0.576457 0.001017
v 0.199460 0.527668 0.003571
v 0.194597 0.530062 0.003358
v 0.199460 0.527668 0.003571
v 0.199823 0.533377 0.003381
v 0.194534 0.530046 0.003453
v 0.199873 0.533380 0.003017
v 0.196352 0.358424 -0.006239
v 0.201455 0.539118 -0.004967
v 0.201952 0.538666 0.002780
v 0.201466 0.550884 0.003061
v 0.195853 0.576637 -0.006614
v 0.199572 0.568038 -0.014858
v 0.204273 0.566630 -0.015119
v 0.205342 0.565520 -0.014546
v 0.201873 0.549431 -0.004843
v 0.194840 0.522553 -0.005239
v 0.194865 0.530406 -0.005205
v 0.199233 0.517199 -0.005580
v 0.199714 0.516612 -0.006574
v 0.201140 0.534902 -0.005090
v 0.201346 0.535060 -0.005246
v 0.199460 0.527668 0.003571
v 0.196120 0.576735 -0.001330
v 0.196346 0.361387 -0.006600
v 0.196392 0.590177 -0.005761
v 0.200679 0.409049 0.004365
v 0.246852 0.015367 -0.014902
v 0.197315 0.086293 0.002797
v 0.196206 0.361380 -0.006337
v 0.196566 0.358477 -0.005713
v 0.199129 0.488640 0.003570
v 0.197413 0.326502 0.004782
v 0.196120 0.576735 -0.001330
v 0.199110 0.488778 -0.005836
v 0.198784 0.575836 0.003427
v 0.195583 0.575353 0.002968
v 0.199207 0.575108 0.003243
v 0.198418 0.575442 0.000948
v 0.196337 0.561037 -0.007372
v 0.200281 0.084712 0.000737
v 0.199421 0.085370 -0.004990
v 0.195624 0.088507 -0.001334
v 0.200281 0.084712 0.000737
v 0.199555 0.085399 -0.005039
v 0.198458 0.576703 -0.009254
v 0.195660 0.575073 -0.011165
v 0.198458 0.576703 -0.009254
v 0.197036 0.575123 -0.012360
v 0.199509 0.084176 0.004492
v 0.195787 0.127094 0.012780
v 0.226364 0.128881 0.012358
v 0.198599 0.127678 0.011894
v 0.199917 0.311769 0.008163
v 0.201092 0.560505 0.003808
v 0.195830 0.397550 -0.000742
v 0.198863 0.393887 0.004447
v 0.197474 0.398552 0.004648
v 0.196844 0.397105 -0.006215
v 0.205164 0.128866 -0.012945
v 0.195948 0.576485 -0.006518
v 0.198272 0.577194 -0.006956
v 0.195853 0.576637 -0.006614
v 0.198272 0.577194 -0.006956
v 0.196517 0.575482 -0.009074
v 0.200059 0.449677 -0.006108
v 0.201718 0.563221 0.011250
v 0.198103 0.576241 0.008963
v 0.195769 0.575409 0.012386
v 0.198376 0.574519 0.012820
v 0.198103 0.576242 0.008962
v 0.197193 0.128470 -0.014261
v 0.207734 0.506461 -0.014272
v 0.196194 0.398973 -0.006444
v 0.203608 0.518022 0.012319
v 0.199794 0.082427 0.004644
v 0.199517 0.084182 0.004543
v 0.201733 0.080420 0.004715
v 0.196327 0.575889 0.001285
v 0.198428 0.577642 -0.004983
v 0.196945 0.349846 0.003141
v 0.202304 0.367193 0.004477
v 0.201208 0.366043 -0.006641
v 0.200389 0.489134 0.004465
v 0.196195 0.345441 -0.005039
v 0.196589 0.349676 -0.006330
v 0.196035 0.349900 0.003126
v 0.196195 0.345441 -0.005039
v 0.196612 0.342064 0.004456
v 0.198283 0.347148 -0.005096
v 0.201139 0.365859 -0.005899
v 0.207898 0.404319 0.004138
v 0.202089 0.514432 -0.014325
v 0.199468 0.575016 -0.014917
v 0.197981 0.347010 -0.006714
v 0.196589 0.349676 -0.006330
v 0.199429 0.500614 0.012351
v 0.197867 0.351569 0.004709
v 0.198246 0.288113 -0.001717
v 0.200346 0.323638 0.007663
v 0.201117 0.287790 0.002762
v 0.197043 0.324966 -0.006539
v 0.197167 0.087229 -0.004853
v 0.198664 0.084895 -0.005973
v 0.201828 0.286231 -0.006663
v 0.197302 0.087141 0.003700
v 0.197494 0.085912 0.003902
v 0.199085 0.085725 0.004111
v 0.199116 0.085784 0.004194
v 0.199905 0.184007 0.004149
v 0.201207 0.561300 -0.006435
v 0.202274 0.448212 0.004417
v 0.200069 0.489587 0.000866
v 0.200020 0.489850 -0.002363
v 0.201436 0.560560 -0.005274
v 0.201324 0.561201 -0.006441
v 0.199895 0.565263 0.012864
v 0.207555 0.336858 0.005390
v 0.203887 0.360316 0.004303
v 0.201866 0.362240 0.004673
v 0.208447 0.352188 0.005667
v 0.208619 0.352113 0.005409
v 0.199900 0.181750 -0.006123
v 0.199959 0.181756 -0.006106
v 0.201624 0.368040 -0.006032
v 0.207529 0.404049 0.003816
v 0.198883 0.128425 0.011707
v 0.201628 0.287296 0.004615
v 0.207561 0.335076 -0.007053
v 0.213109 0.070385 -0.006654
v 0.200750 0.065763 -0.006378
v 0.202047 0.449797 0.004654
v 0.205961 0.463722 0.004671
v 0.208565 0.352051 -0.006826
v 0.200127 0.321123 -0.012491
v 0.199845 0.272692 0.004430
v 0.198898 0.255939 -0.006286
v 0.199111 0.256025 0.004481
v 0.200000 0.273754 -0.006658
v 0.199310 0.578856 -0.006205
v 0.198433 0.577604 -0.004992
v 0.198437 0.578634 -0.005752
v 0.200893 0.580709 0.013457
v 0.198246 0.288113 -0.001717
v 0.199988 0.286258 -0.003659
v 0.199860 0.286437 0.002783
v 0.211492 0.463041 -0.007095
v 0.212002 0.449585 -0.006732
v 0.200479 0.287502 0.003369
v 0.201440 0.580525 -0.015638
v 0.199428 0.287609 -0.005406
v 0.199944 0.286239 -0.003662
v 0.201845 0.286235 -0.006610
v 0.199895 0.565263 0.012864
v 0.203616 0.566235 0.013396
v 0.203054 0.570744 0.013488
v 0.223981 0.000615 0.014315
v 0.199517 0.084182 0.004543
v 0.199064 0.488587 0.004012
v 0.199889 0.489787 0.001020
v 0.199137 0.573210 -0.014851
v 0.202943 0.573192 -0.015537
v 0.202946 0.573191 -0.015516
v 0.198885 0.489208 -0.005830
v 0.199976 0.489922 -0.002325
v 0.201990 0.489983 -0.006693
v 0.202220 0.489505 -0.004870
v 0.202794 0.393666 -0.006698
v 0.211854 0.398315 -0.006476
v 0.201094 0.083806 0.004091
v 0.201097 0.083802 0.004078
v 0.202338 0.524604 0.004317
v 0.202761 0.524038 0.003690
v 0.199572 0.568038 -0.014858
v 0.203835 0.569316 -0.015638
v 0.203835 0.569316 -0.015638
v 0.200750 0.580136 -0.006956
v 0.200754 0.580112 -0.006950
v 0.203050 0.570698 0.013686
v 0.205107 0.128860 -0.012953
v 0.201483 0.082181 0.004517
v 0.199794 0.082427 0.004644
v 0.201483 0.082181 0.004517
v 0.201905 0.516558 -0.009119
v 0.202439 0.538544 0.003035
v 0.205505 0.567081 0.013088
v 0.202073 0.301359 0.011524
v 0.199870 0.183996 0.004083
v 0.206358 0.072854 0.004772
v 0.199912 0.320127 0.011586
v 0.202898 0.518150 0.005317
v 0.202447 0.488057 -0.006947
v 0.210965 0.266959 0.004133
v 0.201822 0.516621 -0.008863
v 0.207833 0.329132 -0.009521
v 0.205742 0.254922 -0.006419
v 0.208197 0.329032 0.007242
v 0.208407 0.254029 0.004508
v 0.204355 0.296560 -0.013261
v 0.202386 0.515136 -0.013321
v 0.201392 0.058522 0.004119
v 0.206422 0.478566 0.003477
v 0.203644 0.080205 0.004602
v 0.206510 0.502547 -0.013349
v 0.194608 0.128865 -0.004241
v 0.205175 0.128863 -0.012954
v 0.203941 0.379570 -0.006223
v 0.202601 0.448092 -0.000533
v 0.201136 0.050801 0.004260
v 0.200842 0.042235 0.004146
v 0.201102 0.050453 -0.006066
v 0.200868 0.040263 0.000625
v 0.200831 0.042247 0.004172
v 0.200868 0.040263 0.000625
v 0.201023 0.040707 -0.005947
v 0.202435 0.580688 -0.003911
v 0.202393 0.580787 -0.003914
v 0.203947 0.380038 0.004361
v 0.201023 0.040707 -0.005947
v 0.202916 0.036626 0.004358
v 0.202025 0.539282 0.000997
v 0.206797 0.546991 0.001174
v 0.204597 0.542795 -0.004269
v 0.201322 0.050629 0.003700
v 0.210018 0.506467 0.012380
v 0.201750 0.058615 -0.006080
v 0.204311 0.293448 -0.007383
v 0.204013 0.035768 -0.006094
v 0.206624 0.043662 -0.006636
v 0.202526 0.038429 -0.006404
v 0.210748 0.315056 -0.014237
v 0.206817 0.502351 0.011578
v 0.211059 0.311825 0.011345
v 0.201126 0.539098 -0.003723
v 0.204658 0.448203 -0.006143
v 0.202526 0.038429 -0.006404
v 0.203430 0.548725 -0.002805
v 0.203798 0.362001 -0.006306
v 0.207083 0.049128 -0.006068
v 0.201294 0.560530 -0.003011
v 0.201326 0.515882 -0.012905
v 0.202226 0.516181 -0.014296
v 0.201697 0.560474 -0.002846
v 0.207796 0.048064 0.004856
v 0.207472 0.490537 0.004411
v 0.203197 0.549999 -0.002979
v 0.201637 0.560532 -0.002849
v 0.207789 0.326867 -0.014145
v 0.202451 0.538829 -0.004220
v 0.201733 0.080420 0.004715
v 0.206546 0.282089 0.004717
v 0.205990 0.287503 0.004863
v 0.206264 0.287665 0.003894
v 0.203426 0.467286 0.004290
v 0.202836 0.473694 -0.006280
v 0.203436 0.563426 -0.001121
v 0.203436 0.563426 -0.001121
v 0.211159 0.063460 -0.006767
v 0.203581 0.080138 0.004387
v 0.203563 0.364183 0.004265
v 0.207935 0.287640 -0.006842
v 0.207935 0.287640 -0.006842
v 0.213701 0.281441 -0.006170
v 0.207632 0.502756 0.011988
v 0.205961 0.463722 0.004671
v 0.202384 0.538987 0.000926
v 0.205795 0.076262 0.004751
v 0.201866 0.362240 0.004673
v 0.203902 0.360239 0.004688
v 0.209725 0.274308 0.004683
v 0.212654 0.055592 0.004391
v 0.209930 0.400574 0.004406
v 0.203074 0.365549 0.000375
v 0.203780 0.476990 -0.006535
v 0.202231 0.449723 0.004774
v 0.213509 0.457560 0.004656
v 0.213511 0.457562 0.004689
v 0.202288 0.366904 0.004024
v 0.203523 0.364037 0.004237
v 0.203074 0.365549 0.000375
v 0.203930 0.048146 0.004600
v 0.209839 0.045895 0.004401
v 0.205564 0.295155 0.012013
v 0.203916 0.048160 0.004568
v 0.209039 0.322008 0.013237
v 0.202504 0.488029 -0.006616
v 0.202141 0.514275 -0.014418
v 0.207671 0.506535 -0.014540
v 0.213589 0.479360 0.004527
v 0.207472 0.490537 0.004411
v 0.208266 0.307828 -0.013418
v 0.204419 0.519498 0.003046
v 0.203971 0.518451 -0.006088
v 0.203893 0.519654 0.002919
v 0.203526 0.540878 0.002204
v 0.204587 0.540702 -0.004681
v 0.204543 0.565128 0.005267
v 0.205251 0.565998 0.007337
v 0.202601 0.448092 -0.000533
v 0.206624 0.043662 -0.006636
v 0.204658 0.448203 -0.006143
v 0.214501 0.446263 -0.006094
v 0.205481 0.565752 -0.001286
v 0.205114 0.564976 -0.011235
v 0.214327 0.055619 -0.006025
v 0.203099 0.468123 -0.006440
v 0.204838 0.477333 -0.006595
v 0.201624 0.368040 -0.006032
v 0.215593 0.489977 0.004502
v 0.210394 0.490494 -0.006111
v 0.208655 0.352084 -0.006808
v 0.202946 0.393471 -0.006618
v 0.211827 0.398206 -0.006614
v 0.203616 0.566235 0.013396
v 0.203477 0.541250 0.001799
v 0.205481 0.565752 -0.001286
v 0.207012 0.544608 -0.003789
v 0.206803 0.566916 -0.015385
v 0.204273 0.566353 -0.015372
v 0.206221 0.547915 -0.000978
v 0.206166 0.466209 -0.006065
v 0.203851 0.078319 0.004717
v 0.210660 0.075299 0.004368
v 0.205686 0.566839 0.013061
v 0.204001 0.542165 -0.003035
v 0.211697 0.074223 -0.006061
v 0.205985 0.478606 -0.006262
v 0.208062 0.359836 0.004254
v 0.205795 0.076262 0.004751
v 0.207673 0.327853 0.012060
v 0.207691 0.047805 0.004503
v 0.206358 0.072854 0.004772
v 0.203440 0.517760 -0.014240
v 0.206260 0.547448 -0.003810
v 0.214182 0.356117 -0.006812
v 0.209916 0.354180 -0.006756
v 0.216969 0.385492 0.004177
v 0.210259 0.063781 0.004644
v 0.210394 0.490494 -0.006111
v 0.206673 0.566800 -0.015345
v 0.216295 0.056350 -0.006588
v 0.204483 0.477800 -0.006324
v 0.208051 0.291326 -0.010353
v 0.205345 0.293996 0.007027
v 0.207066 0.544605 -0.004221
v 0.230127 0.543020 -0.003899
v 0.202818 0.449746 -0.006648
v 0.215922 0.379381 -0.006616
v 0.216961 0.518150 0.001989
v 0.216961 0.518150 0.001989
v 0.213848 0.068188 0.004653
v 0.211989 0.070354 0.004642
v 0.206546 0.282089 0.004717
v 0.206491 0.285960 0.004699
v 0.213817 0.281268 0.004164
v 0.207170 0.566581 -0.010735
v 0.206988 0.566732 -0.005948
v 0.205114 0.564976 -0.011235
v 0.207170 0.566581 -0.010735
v 0.206988 0.566732 -0.005948
v 0.211599 0.301679 -0.013735
v 0.207939 0.046054 0.004636
v 0.207224 0.567183 0.001319
v 0.205427 0.564025 0.005442
v 0.207269 0.567119 0.001323
v 0.210764 0.360016 -0.005894
v 0.205315 0.565722 -0.014438
v 0.205481 0.565752 -0.001286
v 0.208585 0.566538 -0.008016
v 0.208678 0.403615 0.004209
v 0.215560 0.374417 -0.005515
v 0.207163 0.547556 0.001821
v 0.210438 0.506980 -0.013697
v 0.210055 0.321500 -0.016605
v 0.213127 0.464272 0.004096
v 0.212006 0.459634 0.004660
v 0.213120 0.464279 0.004159
v 0.225297 0.294693 0.012885
v 0.211657 0.359471 0.004254
v 0.206039 0.287322 0.005011
v 0.208380 0.287617 0.005925
v 0.208667 0.289742 0.007431
v 0.208667 0.289742 0.007431
v 0.211989 0.070354 0.004642
v 0.211534 0.027141 0.004329
v 0.226708 0.541885 -0.002647
v 0.206469 0.478843 0.003882
v 0.213696 0.479161 0.004585
v 0.221245 0.015267 -0.000512
v 0.215850 0.262621 -0.006583
v 0.206003 0.548335 -0.002768
v 0.207163 0.547556 0.001821
v 0.211526 0.026896 -0.006038
v 0.214942 0.479238 -0.006304
v 0.212125 0.287811 -0.014380
v 0.208980 0.289092 -0.009132
v 0.235218 0.518149 0.006018
v 0.210376 0.350034 0.008603
v 0.209618 0.045799 -0.006987
v 0.213190 0.036888 -0.006715
v 0.213190 0.036888 -0.006715
v 0.210160 0.272504 0.004711
v 0.208476 0.567356 -0.008120
v 0.228659 0.479223 -0.007162
v 0.215907 0.478907 -0.006622
v 0.212002 0.449533 -0.006897
v 0.209986 0.567704 -0.006492
v 0.211556 0.287857 0.011762
v 0.213152 0.070497 -0.006641
v 0.212588 0.464124 -0.004995
v 0.224261 0.546429 0.001070
v 0.221666 0.548014 0.000501
v 0.218144 0.548202 0.000645
v 0.208248 0.503459 0.012008
v 0.207939 0.046054 0.004636
v 0.210238 0.269272 -0.006269
v 0.211230 0.463116 -0.006425
v 0.211408 0.462049 -0.005091
v 0.212228 0.289588 0.012447
v 0.212460 0.359598 0.003941
v 0.209946 0.289071 0.008111
v 0.209661 0.045889 0.004192
v 0.211388 0.315595 0.014093
v 0.222583 0.546747 -0.003480
v 0.208888 0.289131 -0.008919
v 0.210082 0.285400 -0.006658
v 0.212085 0.398025 0.004674
v 0.209523 0.287878 0.008599
v 0.213991 0.265223 0.004442
v 0.209806 0.334267 0.012489
v 0.210219 0.333871 -0.014130
v 0.210176 0.353521 0.005217
v 0.215911 0.380911 0.004640
v 0.210404 0.330284 0.018087
v 0.216508 0.247411 -0.006400
v 0.208380 0.287617 0.005925
v 0.209993 0.567624 -0.006496
v 0.211493 0.288857 -0.013227
v 0.210834 0.347127 -0.013396
v 0.210560 0.353420 -0.007085
v 0.210151 0.353691 -0.007480
v 0.210463 0.348243 -0.009689
v 0.211567 0.266376 -0.006029
v 0.210176 0.353521 0.005217
v 0.225778 0.541912 0.001863
v 0.213529 0.567562 -0.008660
v 0.207472 0.490537 0.004411
v 0.217191 0.487927 0.004709
v 0.217189 0.487928 0.004678
v 0.255963 0.001724 -0.016410
v 0.220401 0.490062 0.001607
v 0.210825 0.506349 0.012442
v 0.224516 0.580929 -0.001991
v 0.210213 0.400435 0.004321
v 0.217548 0.389046 -0.006158
v 0.216357 0.378877 -0.006802
v 0.210667 0.286762 -0.008567
v 0.209216 0.287816 0.007870
v 0.211181 0.317515 0.018575
v 0.211071 0.330935 -0.019389
v 0.210353 0.324324 -0.019713
v 0.220066 0.548202 -0.002869
v 0.208138 0.307804 -0.012944
v 0.210902 0.315295 -0.014838
v 0.213725 0.314661 -0.013283
v 0.211155 0.349807 0.012148
v 0.211931 0.287059 -0.011147
v 0.208075 0.291224 -0.010361
v 0.211866 0.287045 -0.011171
v 0.210667 0.286762 -0.008567
v 0.212101 0.354783 -0.006787
v 0.209881 0.045923 -0.006589
v 0.212407 0.353421 -0.008232
v 0.212454 0.353867 -0.006366
v 0.211596 0.301716 -0.013797
v 0.210387 0.321007 -0.016221
v 0.210334 0.324345 -0.019745
v 0.210066 0.285469 -0.006936
v 0.213529 0.567562 -0.008660
v 0.211941 0.354925 0.004706
v 0.211009 0.506586 0.010983
v 0.211654 0.287874 0.011811
v 0.210160 0.329573 -0.019568
v 0.211278 0.332411 -0.020223
v 0.212155 0.353514 0.005514
v 0.212155 0.353514 0.005514
v 0.217935 0.064073 0.004631
v 0.210259 0.063781 0.004644
v 0.219623 0.064186 0.004231
v 0.213848 0.068188 0.004653
v 0.217931 0.064073 0.004604
v 0.216889 0.265643 0.004107
v 0.212809 0.264660 -0.001555
v 0.221455 0.567551 -0.000951
v 0.209891 0.267138 -0.006160
v 0.217234 0.028286 -0.006729
v 0.211848 0.315934 -0.019789
v 0.220021 0.489089 -0.005892
v 0.220181 0.489008 -0.005268
v 0.211464 0.288829 -0.012762
v 0.212464 0.287640 -0.013786
v 0.228195 0.567556 -0.014634
v 0.242332 0.581035 -0.015901
v 0.215343 0.374398 0.003972
v 0.210835 0.506523 -0.012509
v 0.210236 0.506871 -0.014073
v 0.220059 0.244013 0.004498
v 0.211962 0.398256 0.004480
v 0.212664 0.506421 0.011942
v 0.210920 0.506481 0.010829
v 0.217919 0.375697 -0.006277
v 0.228472 0.483536 -0.006822
v 0.228200 0.128928 -0.012978
v 0.225977 0.046732 0.004320
v 0.218667 0.046329 0.004109
v 0.211618 0.462728 -0.007364
v 0.214288 0.459072 -0.006469
v 0.214463 0.332608 -0.020139
v 0.214467 0.332654 -0.020306
v 0.217405 0.284776 0.011791
v 0.211450 0.287683 0.011890
v 0.217006 0.285709 0.011181
v 0.217917 0.287453 0.012449
v 0.212234 0.289587 0.012411
v 0.214561 0.445996 0.004231
v 0.214401 0.265094 -0.006144
v 0.224516 0.580929 -0.001991
v 0.215062 0.045406 -0.006130
v 0.213511 0.457562 0.004689
v 0.212029 0.459669 0.004793
v 0.221932 0.390747 -0.006171
v 0.211901 0.290270 -0.014154
v 0.211901 0.290270 -0.014154
v 0.222130 0.279937 -0.013231
v 0.224650 0.291277 -0.015389
v 0.220533 0.288038 -0.015461
v 0.220147 0.287973 -0.014103
v 0.214756 0.045650 -0.006190
v 0.215756 0.285318 -0.007941
v 0.211941 0.354925 0.004706
v 0.213971 0.354682 0.004247
v 0.214158 0.354922 0.004788
v 0.214632 0.332201 0.018268
v 0.213566 0.461398 0.004174
v 0.213446 0.461217 0.004101
v 0.213825 0.280909 -0.007530
v 0.212130 0.429988 0.004060
v 0.212654 0.435991 -0.006417
v 0.214732 0.422713 -0.006325
v 0.213428 0.437851 0.003817
v 0.212207 0.428945 0.002722
v 0.214227 0.354832 -0.007070
v 0.214317 0.354487 -0.006911
v 0.212990 0.360460 0.003833
v 0.217917 0.287453 0.012449
v 0.212264 0.434662 0.003871
v 0.212620 0.429184 0.002791
v 0.213670 0.437750 0.004097
v 0.215617 0.422148 0.004374
v 0.216421 0.421097 0.002937
v 0.216386 0.420903 0.002937
v 0.214340 0.334148 -0.015476
v 0.215510 0.282628 -0.006308
v 0.212392 0.187824 0.003027
v 0.212746 0.196773 -0.006518
v 0.212248 0.187967 0.003031
v 0.212419 0.170447 0.003102
v 0.213271 0.155901 -0.006435
v 0.212419 0.170447 0.003102
v 0.212484 0.162465 -0.000725
v 0.213292 0.155811 0.004481
v 0.212484 0.162465 -0.000725
v 0.213922 0.437951 -0.005843
v 0.212808 0.157652 -0.001161
v 0.212808 0.157652 -0.001161
v 0.213121 0.463181 -0.002954
v 0.214428 0.459702 -0.004993
v 0.212486 0.464055 -0.004969
v 0.214287 0.459738 -0.004953
v 0.228089 0.128982 -0.013000
v 0.212851 0.199816 0.004312
v 0.224352 0.194205 -0.006332
v 0.221181 0.334664 -0.014661
v 0.222813 0.362090 -0.005331
v 0.219436 0.023996 -0.006090
v 0.218506 0.506414 0.012161
v 0.218584 0.506698 0.011871
v 0.213723 0.155293 0.000632
v 0.213723 0.155293 0.000632
v 0.226196 0.169631 0.004494
v 0.216958 0.200736 -0.006366
v 0.222311 0.361499 0.004002
v 0.221896 0.314205 0.019076
v 0.213120 0.464279 0.004159
v 0.222631 0.153908 -0.006741
v 0.224453 0.313055 -0.021040
v 0.213121 0.463181 -0.002954
v 0.220696 0.062039 -0.006604
v 0.211159 0.063460 -0.006767
v 0.217245 0.028293 -0.007116
v 0.223803 0.397356 0.004513
v 0.217173 0.202968 0.000798
v 0.225560 0.308784 0.010734
v 0.213269 0.001643 0.013925
v 0.221315 0.014721 0.014589
v 0.240793 0.580649 0.014110
v 0.220224 0.024624 0.004476
v 0.215610 0.489927 0.004338
v 0.221455 0.567551 -0.000951
v 0.213922 0.437951 -0.005843
v 0.217122 0.284223 0.004894
v 0.218192 0.056158 0.004640
v 0.222466 0.060402 0.004658
v 0.218139 0.062233 0.004654
v 0.212944 0.055827 0.004427
v 0.222458 0.060397 0.004589
v 0.218139 0.062233 0.004654
v 0.220178 0.154042 -0.000794
v 0.220139 0.154111 -0.000790
v 0.224398 0.153554 0.004761
v 0.217761 0.356286 -0.006409
v 0.220261 0.201858 0.003278
v 0.216448 0.376697 0.004590
v 0.219857 0.458507 0.004342
v 0.219584 0.458505 0.004589
v 0.220621 0.061990 -0.006651
v 0.218084 0.267927 0.004890
v 0.217116 0.354451 -0.014092
v 0.218005 0.356891 0.004915
v 0.214188 0.356112 -0.006769
v 0.217549 0.356024 -0.006763
v 0.218547 0.436529 0.004222
v 0.227936 0.431511 0.004339
v 0.216898 0.266464 -0.006060
v 0.252117 0.508780 -0.014522
v 0.257500 0.000396 -0.014959
v 0.214380 0.333956 -0.015226
v 0.217672 0.436768 -0.005951
v 0.217842 0.264816 -0.006654
v 0.216898 0.266464 -0.006060
v 0.216453 0.437929 -0.005800
v 0.227325 0.166596 -0.006392
v 0.217694 0.356195 0.004530
v 0.232797 0.518104 0.012419
v 0.217997 0.354901 0.011946
v 0.236722 0.328706 -0.020898
v 0.227680 0.305706 -0.013013
v 0.222485 0.370618 0.004251
v 0.222141 0.048248 -0.006968
v 0.220572 0.050420 0.003513
v 0.221402 0.050183 -0.006541
v 0.235311 0.291582 -0.015482
v 0.221969 0.360087 -0.006153
v 0.218655 0.282253 -0.004938
v 0.217600 0.389969 0.003003
v 0.215836 0.262642 -0.006710
v 0.217842 0.264816 -0.006654
v 0.229988 0.261404 -0.006708
v 0.227418 0.248906 -0.006687
v 0.227418 0.248906 -0.006687
v 0.215911 0.380911 0.004640
v 0.216448 0.376697 0.004590
v 0.217676 0.379876 0.002773
v 0.217269 0.384028 0.005311
v 0.219013 0.436169 -0.006238
v 0.218756 0.282394 -0.004886
v 0.217919 0.375697 -0.006277
v 0.231873 0.247953 0.004801
v 0.232396 0.257120 0.004151
v 0.223861 0.397886 0.004604
v 0.217906 0.477579 0.004336
v 0.218549 0.201146 0.001056
v 0.228687 0.273563 0.006269
v 0.224662 0.416454 -0.006329
v 0.220382 0.052635 -0.006623
v 0.216285 0.056337 -0.006645
v 0.220382 0.052635 -0.006623
v 0.220234 0.473028 -0.006092
v 0.230446 0.355627 0.012464
v 0.220964 0.376178 0.004388
v 0.224442 0.377210 0.004233
v 0.220964 0.376178 0.004388
v 0.222165 0.313173 0.011784
v 0.220156 0.054248 0.004711
v 0.218802 0.476235 -0.006246
v 0.216668 0.266209 0.004156
v 0.218802 0.270001 0.004384
v 0.226676 0.046680 -0.006336
v 0.217101 0.266284 -0.005988
v 0.217121 0.382482 0.004243
v 0.217836 0.264816 -0.006697
v 0.235223 0.518086 0.006024
v 0.217859 0.380012 0.002821
v 0.220222 0.488988 0.003678
v 0.219005 0.379289 -0.004019
v 0.216853 0.389335 0.004142
v 0.257053 0.569245 0.014580
v 0.226198 0.487510 0.004429
v 0.220871 0.489344 0.003203
v 0.227014 0.032669 -0.007215
v 0.225274 0.032007 -0.006618
v 0.222672 0.361621 0.004046
v 0.220086 0.434910 -0.006303
v 0.220493 0.281837 0.002695
v 0.228008 0.394134 -0.006638
v 0.225226 0.390304 -0.006585
v 0.220405 0.390476 0.003043
v 0.224286 0.394413 0.004733
v 0.220313 0.435068 -0.006342
v 0.218988 0.379362 -0.004460
v 0.222862 0.288714 0.012587
v 0.222599 0.288622 0.012803
v 0.218552 0.086603 0.004375
v 0.218326 0.101718 0.004090
v 0.220180 0.391159 0.004182
v 0.223874 0.369168 -0.005204
v 0.221156 0.374316 -0.006265
v 0.248527 0.507010 -0.014063
v 0.218314 0.087294 -0.006182
v 0.222332 0.107672 0.004465
v 0.219668 0.105763 -0.006402
v 0.223041 0.331354 0.018823
v 0.218144 0.548202 0.000645
v 0.224715 0.546691 0.001007
v 0.220115 0.548438 -0.002963
v 0.221625 0.280220 0.004781
v 0.220502 0.474035 0.004550
v 0.227603 0.478328 0.004646
v 0.222449 0.312877 -0.013608
v 0.221156 0.374316 -0.006265
v 0.223925 0.389810 0.004407
v 0.222542 0.361637 0.004045
v 0.218192 0.056158 0.004640
v 0.220174 0.054230 0.004626
v 0.219785 0.471180 -0.003155
v 0.221121 0.472765 -0.001189
v 0.220517 0.050160 0.002547
v 0.256754 0.119266 0.013370
v 0.227103 0.356589 -0.007480
v 0.220540 0.273976 0.004695
v 0.241062 0.459122 -0.006287
v 0.222343 0.048384 -0.006123
v 0.219566 0.282318 0.011566
v 0.227830 0.268389 -0.006719
v 0.227830 0.268389 -0.006719
v 0.220115 0.202039 0.002984
v 0.223362 0.033322 0.004587
v 0.221530 0.050345 -0.000306
v 0.223794 0.397327 -0.006328
v 0.223718 0.397309 -0.006311
v 0.228046 0.506632 0.012191
v 0.220426 0.508281 0.012796
v 0.220374 0.052479 0.004638
v 0.232076 0.159536 -0.006173
v 0.220296 0.279682 0.004699
v 0.220560 0.471985 0.003589
v 0.225927 0.474134 -0.006601
v 0.219211 0.282692 0.011872
v 0.235729 0.357651 -0.013872
v 0.237748 0.458316 0.004696
v 0.220584 0.473946 -0.006527
v 0.220213 0.472476 -0.004681
v 0.225653 0.238504 -0.006285
v 0.219866 0.271488 0.003997
v 0.221610 0.049914 -0.004723
v 0.221907 0.051611 -0.001298
v 0.221846 0.051149 0.001864
v 0.218525 0.015293 -0.014903
v 0.221245 0.015267 -0.000512
v 0.219991 0.377347 -0.006047
v 0.220491 0.472269 -0.006067
v 0.240992 0.505956 -0.006552
v 0.221688 0.277276 0.003460
v 0.223048 0.203029 -0.000047
v 0.223494 0.204586 -0.006232
v 0.230778 0.427261 -0.006308
v 0.229911 0.297285 0.011847
v 0.220773 0.471556 -0.004904
v 0.219473 0.470649 -0.004956
v 0.220001 0.470742 -0.002913
v 0.221156 0.374316 -0.006265
v 0.219984 0.472048 -0.000542
v 0.220652 0.471544 -0.001174
v 0.220484 0.471959 0.003740
v 0.228487 0.413479 0.002834
v 0.228509 0.413581 0.002821
v 0.224757 0.416528 0.004439
v 0.223593 0.078151 0.004380
v 0.221657 0.489608 -0.004689
v 0.222580 0.546762 -0.003502
v 0.223907 0.433129 -0.006166
v 0.223600 0.433422 -0.006016
v 0.221597 0.488678 0.002846
v 0.223140 0.390053 0.004383
v 0.221969 0.360087 -0.006153
v 0.222952 0.279217 0.011818
v 0.222515 0.283703 -0.014081
v 0.222595 0.289008 -0.014635
v 0.230007 0.099306 -0.006317
v 0.228940 0.095468 -0.005895
v 0.230520 0.088096 -0.006254
v 0.220374 0.052479 0.004638
v 0.223539 0.204759 0.004226
v 0.250122 0.446425 0.004399
v 0.229900 0.355935 0.006260
v 0.223113 0.372665 0.004574
v 0.223733 0.020958 0.004663
v 0.230750 0.426396 0.004423
v 0.222279 0.051788 0.004593
v 0.222279 0.051788 0.004593
v 0.224675 0.151638 0.003631
v 0.228728 0.059309 -0.006262
v 0.222629 0.052286 -0.005253
v 0.222432 0.052158 -0.006664
v 0.221966 0.489539 0.002984
v 0.220401 0.490062 0.001607
v 0.221966 0.489539 0.002984
v 0.226303 0.487467 0.002836
v 0.221657 0.489608 -0.004689
v 0.233391 0.518514 0.013040
v 0.220480 0.474020 0.004621
v 0.228268 0.478692 0.005358
v 0.222237 0.472256 -0.006315
v 0.221604 0.472679 -0.005456
v 0.224787 0.020208 -0.005861
v 0.241472 0.022624 -0.006687
v 0.223822 0.276727 0.005215
v 0.241501 0.581009 0.008969
v 0.222792 0.151522 -0.000020
v 0.224330 0.278525 0.009644
v 0.222413 0.277826 -0.006776
v 0.224650 0.077188 -0.006189
v 0.222279 0.051788 0.004593
v 0.220584 0.473946 -0.006527
v 0.226498 0.472015 -0.005838
v 0.225927 0.474134 -0.006601
v 0.220739 0.274940 0.004610
v 0.222694 0.277405 0.004809
v 0.222863 0.151947 -0.006220
v 0.224437 0.278057 0.009036
v 0.223113 0.372665 0.004574
v 0.221852 0.489248 0.004225
v 0.233648 0.332297 -0.015138
v 0.226502 0.331552 -0.020058
v 0.226442 0.280880 -0.014389
v 0.226690 0.015262 0.013039
v 0.228155 0.303076 0.011456
v 0.223024 0.203124 0.000001
v 0.258649 0.001726 0.013954
v 0.220949 0.277157 0.004848
v 0.228195 0.567544 -0.014637
v 0.239445 0.567419 0.007178
v 0.235161 0.331832 0.013092
v 0.226775 0.542717 -0.002539
v 0.235685 0.543282 -0.003763
v 0.222792 0.151522 -0.000020
v 0.224911 0.360338 -0.006378
v 0.224911 0.360338 -0.006378
v 0.223355 0.038161 -0.006053
v 0.224081 0.037428 0.003778
v 0.224372 0.041592 0.003992
v 0.228395 0.155615 0.004738
v 0.223672 0.291261 0.014149
v 0.224367 0.358805 0.004474
v 0.225817 0.378050 -0.005879
v 0.227268 0.282026 0.013713
v 0.223458 0.368785 0.003966
v 0.226017 0.046637 0.004625
v 0.222412 0.052185 -0.006597
v 0.238120 0.031435 0.004541
v 0.234211 0.020909 0.004757
v 0.243203 0.547454 -0.003847
v 0.235994 0.542949 -0.004337
v 0.230917 0.542976 -0.004307
v 0.225363 0.368582 -0.006216
v 0.235753 0.379628 -0.006306
v 0.222515 0.283703 -0.014081
v 0.222595 0.289008 -0.014635
v 0.225912 0.281401 -0.015394
v 0.222534 0.370762 0.004271
v 0.224203 0.366878 0.003899
v 0.223113 0.372665 0.004574
v 0.224367 0.358805 0.004474
v 0.225332 0.368586 -0.006350
v 0.225332 0.368586 -0.006350
v 0.223613 0.291104 0.014241
v 0.224357 0.291036 -0.015662
v 0.226343 0.362393 -0.006542
v 0.225025 0.150924 -0.006649
v 0.222681 0.153943 -0.006674
v 0.234105 0.140761 -0.006322
v 0.225025 0.150924 -0.006649
v 0.232210 0.159521 -0.006717
v 0.223782 0.276455 0.005417
v 0.223925 0.149847 0.002934
v 0.224451 0.151876 0.003752
v 0.223925 0.149847 0.002934
v 0.226452 0.471985 0.003934
v 0.222810 0.151920 -0.006368
v 0.224973 0.148562 -0.005905
v 0.222792 0.151522 -0.000020
v 0.226462 0.386884 0.004216
v 0.238151 0.314363 0.018725
v 0.240515 0.327460 0.018787
v 0.229377 0.059539 0.004157
v 0.237980 0.458544 0.004650
v 0.248817 0.507259 -0.013856
v 0.231603 0.277199 -0.013631
v 0.230346 0.277983 0.012116
v 0.231105 0.335638 -0.014796
v 0.231105 0.335638 -0.014796
v 0.237884 0.314257 -0.020425
v 0.225688 0.238973 0.002481
v 0.223412 0.368769 0.003978
v 0.224438 0.366980 0.003810
v 0.224033 0.369052 -0.004607
v 0.223140 0.390053 0.004383
v 0.225280 0.388834 0.003591
v 0.224285 0.394411 0.004663
v 0.263236 0.000661 -0.016092
v 0.228544 0.110580 -0.006080
v 0.231061 0.269098 -0.007554
v 0.228008 0.394134 -0.006638
v 0.228342 0.033727 0.003132
v 0.226349 0.486518 0.002691
v 0.225910 0.044536 0.003827
v 0.224519 0.277429 0.006673
v 0.226608 0.365840 -0.006554
v 0.224026 0.038276 0.004020
v 0.225585 0.188401 0.004129
v 0.230610 0.304966 0.019552
v 0.225894 0.044450 -0.006130
v 0.226518 0.034462 0.003112
v 0.224620 0.194235 -0.006280
v 0.224056 0.546524 0.002382
v 0.225725 0.541992 0.002165
v 0.233103 0.254898 -0.005916
v 0.225940 0.179147 -0.006017
v 0.227666 0.431140 -0.006194
v 0.230052 0.237608 -0.005556
v 0.227854 0.146843 0.004511
v 0.230195 0.374577 0.004575
v 0.230195 0.374577 0.004575
v 0.224446 0.153603 0.004661
v 0.228395 0.155615 0.004738
v 0.225501 0.288320 -0.019760
v 0.225654 0.291766 -0.019952
v 0.225501 0.288320 -0.019760
v 0.227459 0.277103 0.007620
v 0.224519 0.277429 0.006673
v 0.227300 0.277091 0.007689
v 0.227640 0.237638 0.004762
v 0.226363 0.362517 0.004533
v 0.230299 0.361872 0.004760
v 0.226363 0.362517 0.004533
v 0.225910 0.044536 0.003827
v 0.225347 0.289399 0.018600
v 0.224794 0.289414 0.019265
v 0.232973 0.346937 -0.014772
v 0.226363 0.362517 0.004533
v 0.226806 0.282846 0.017810
v 0.227206 0.387331 -0.004134
v 0.227064 0.387154 0.004331
v 0.225585 0.188401 0.004129
v 0.226343 0.362393 -0.006542
v 0.230356 0.113020 0.004253
v 0.234281 0.102697 0.004302
v 0.226682 0.283390 -0.019411
v 0.236012 0.058173 0.004695
v 0.225218 0.390293 -0.006626
v 0.228133 0.394295 -0.007184
v 0.227047 0.387154 -0.005242
v 0.231432 0.373816 -0.006178
v 0.226608 0.365840 -0.006554
v 0.250352 0.446139 -0.006411
v 0.226040 0.176240 0.002766
v 0.228958 0.096221 0.004291
v 0.225693 0.238562 -0.006200
v 0.229795 0.236595 -0.006181
v 0.225688 0.238973 0.002481
v 0.225654 0.291766 -0.019952
v 0.240886 0.541180 0.001691
v 0.226242 0.171732 -0.003642
v 0.226040 0.176240 0.002766
v 0.226464 0.279831 -0.015012
v 0.228253 0.045783 -0.005920
v 0.228216 0.045696 0.000749
v 0.225893 0.044454 -0.006124
v 0.227614 0.045934 -0.006094
v 0.228216 0.045696 0.000749
v 0.225172 0.045729 0.003713
v 0.228200 0.046018 0.004021
v 0.228807 0.381633 -0.006057
v 0.226278 0.171736 -0.003639
v 0.230213 0.304431 0.014891
v 0.230050 0.392393 0.004562
v 0.230854 0.393505 -0.005319
v 0.231014 0.304457 -0.020982
v 0.233091 0.368219 0.004032
v 0.226636 0.169355 -0.003022
v 0.228305 0.483579 0.002961
v 0.228579 0.045867 0.004201
v 0.226586 0.169329 -0.003023
v 0.228291 0.478459 -0.006338
v 0.231220 0.268206 0.005023
v 0.226343 0.362393 -0.006542
v 0.231739 0.362769 -0.006850
v 0.231739 0.362769 -0.006850
v 0.232016 0.291239 0.018180
v 0.230299 0.361872 0.004760
v 0.230647 0.383337 0.004314
v 0.251515 0.410537 -0.006219
v 0.232557 0.102398 -0.006864
v 0.232982 0.070936 -0.005938
v 0.231819 0.291036 -0.020093
v 0.231680 0.072308 0.004234
v 0.238048 0.032614 -0.004855
v 0.233764 0.032736 -0.006382
v 0.227574 0.167129 -0.000451
v 0.232414 0.365871 -0.006701
v 0.226908 0.387206 0.004186
v 0.227574 0.167129 -0.000451
v 0.243551 0.020963 0.004010
v 0.228824 0.384586 0.004340
v 0.227725 0.483761 0.003046
v 0.232477 0.290509 0.017580
v 0.227250 0.237748 0.004327
v 0.227053 0.387124 0.004143
v 0.227646 0.385463 0.004227
v 0.234348 0.288667 -0.019895
v 0.234351 0.288666 -0.019905
v 0.230714 0.033213 0.002482
v 0.251088 0.014211 0.012958
v 0.242687 0.047474 -0.005910
v 0.232225 0.252809 0.003800
v 0.255066 0.567572 0.013968
v 0.232056 0.302847 -0.014185
v 0.230410 0.162616 -0.001419
v 0.230410 0.162616 -0.001419
v 0.227667 0.483476 0.002960
v 0.240718 0.505669 0.004853
v 0.229983 0.261416 -0.006659
v 0.228598 0.273256 0.006703
v 0.231278 0.273395 0.008832
v 0.263483 0.000392 0.013117
v 0.243430 0.567765 -0.015839
v 0.231641 0.101581 0.003146
v 0.231689 0.391988 0.004276
v 0.228545 0.481463 0.001029
v 0.231770 0.112572 -0.005692
v 0.238037 0.071300 -0.006248
v 0.228214 0.483196 -0.006066
v 0.228545 0.481463 0.001029
v 0.238965 0.356018 -0.014765
v 0.230335 0.108932 -0.006472
v 0.231242 0.276830 -0.014224
v 0.236692 0.250075 -0.006995
v 0.230313 0.237577 -0.006720
v 0.240197 0.047800 0.004387
v 0.232884 0.271460 0.008706
v 0.231624 0.085915 0.004369
v 0.252498 0.507224 0.012212
v 0.247988 0.516461 0.012773
v 0.232592 0.391320 0.001629
v 0.238353 0.058508 -0.006598
v 0.237925 0.580980 -0.005406
v 0.237925 0.580980 -0.005406
v 0.242414 0.280158 -0.018973
v 0.239855 0.278628 -0.015637
v 0.230048 0.392386 0.004535
v 0.241404 0.073176 0.004355
v 0.237598 0.082440 0.004197
v 0.228619 0.110618 -0.005767
v 0.230335 0.108932 -0.006472
v 0.231616 0.161261 0.004633
v 0.230680 0.273333 0.008943
v 0.230713 0.427024 -0.006121
v 0.235930 0.358637 -0.009540
v 0.229704 0.412772 0.003936
v 0.229658 0.412648 0.004032
v 0.231695 0.236580 0.004780
v 0.230674 0.383239 0.004562
v 0.228817 0.237158 -0.006088
v 0.237122 0.406466 -0.006242
v 0.232426 0.411094 0.002897
v 0.230249 0.290901 0.017829
v 0.234371 0.232708 0.005258
v 0.231220 0.101960 -0.006069
v 0.230233 0.089652 -0.006371
v 0.240391 0.296153 -0.014090
v 0.246798 0.518155 -0.014179
v 0.230703 0.392913 -0.004932
v 0.236090 0.387699 -0.006031
v 0.234455 0.140603 0.004613
v 0.234490 0.301306 0.011656
v 0.232377 0.411044 0.002906
v 0.231749 0.369920 -0.004947
v 0.232057 0.290800 -0.019443
v 0.234225 0.257501 -0.006120
v 0.240379 0.311669 -0.020640
v 0.230791 0.372662 0.001523
v 0.232787 0.259111 -0.006262
v 0.232710 0.254789 0.003328
v 0.231579 0.392027 0.004539
v 0.231200 0.113021 -0.005751
v 0.230036 0.113513 0.004366
v 0.232437 0.160513 -0.005316
v 0.240155 0.152580 -0.006701
v 0.249358 0.113513 0.004094
v 0.232547 0.261239 0.004986
v 0.234310 0.046651 0.004299
v 0.230195 0.374577 0.004575
v 0.231276 0.372922 0.003731
v 0.236960 0.386291 0.004410
v 0.236653 0.291203 0.015302
v 0.232032 0.161171 0.002894
v 0.232032 0.161171 0.002894
v 0.232145 0.161206 -0.005026
v 0.232943 0.425698 -0.000654
v 0.231780 0.263083 0.004685
v 0.232544 0.103159 -0.006321
v 0.239832 0.154334 0.004400
v 0.232919 0.236889 -0.006971
v 0.232569 0.235003 -0.006585
v 0.254862 0.126734 -0.014739
v 0.234170 0.248746 0.004867
v 0.236216 0.251012 0.003688
v 0.230714 0.033213 0.002482
v 0.239813 0.034071 -0.000470
v 0.238222 0.033310 -0.005032
v 0.239942 0.421272 0.004366
v 0.232386 0.269033 0.006614
v 0.230680 0.273333 0.008943
v 0.232054 0.270630 0.008747
v 0.232555 0.270198 0.011979
v 0.232592 0.391320 0.001629
v 0.232771 0.270301 -0.013269
v 0.232475 0.234771 -0.006675
v 0.239445 0.567419 0.007178
v 0.234211 0.103069 0.004237
v 0.232973 0.346937 -0.014772
v 0.231873 0.247947 0.004794
v 0.231228 0.268268 0.004889
v 0.232334 0.262475 0.004574
v 0.233818 0.260670 0.005383
v 0.232386 0.269033 0.006614
v 0.234001 0.252569 -0.005685
v 0.232943 0.425698 -0.000654
v 0.236370 0.423657 -0.006108
v 0.243682 0.310889 0.018731
v 0.243666 0.547487 0.002167
v 0.231715 0.372810 0.000899
v 0.236269 0.059601 0.003305
v 0.236264 0.298312 0.010983
v 0.239808 0.301233 -0.015267
v 0.231431 0.369569 -0.004969
v 0.233704 0.084239 -0.006250
v 0.231739 0.362769 -0.006850
v 0.232422 0.365930 -0.006788
v 0.236545 0.364212 -0.007317
v 0.235433 0.359187 -0.010674
v 0.231978 0.159513 0.004155
v 0.234844 0.160362 0.002768
v 0.234819 0.159613 0.002594
v 0.233725 0.084062 -0.006053
v 0.232346 0.366082 -0.007499
v 0.231871 0.101409 -0.006041
v 0.232496 0.103237 -0.006158
v 0.231737 0.101484 0.004054
v 0.233922 0.160183 -0.006206
v 0.231873 0.161145 -0.006372
v 0.235709 0.363127 0.004710
v 0.235709 0.363127 0.004710
v 0.232119 0.270649 -0.013366
v 0.232032 0.161171 0.002894
v 0.234873 0.159272 -0.005228
v 0.234940 0.159623 -0.005063
v 0.236142 0.358958 0.007608
v 0.236398 0.365589 -0.005976
v 0.235407 0.160301 -0.005140
v 0.235056 0.268548 -0.013903
v 0.235056 0.268548 -0.013903
v 0.234130 0.291056 -0.018985
v 0.232556 0.252953 0.003975
v 0.232699 0.255243 0.003197
v 0.236606 0.059929 -0.006047
v 0.237385 0.359459 0.012004
v 0.233503 0.257617 0.005423
v 0.234515 0.260243 0.004848
v 0.249154 0.518163 -0.005038
v 0.236039 0.032550 0.003479
v 0.233137 0.269394 0.011749
v 0.234053 0.408717 0.004165
v 0.236530 0.407292 0.004955
v 0.236507 0.364259 -0.007492
v 0.237223 0.258792 -0.007879
v 0.232919 0.236889 -0.006971
v 0.234345 0.261767 -0.012848
v 0.246481 0.518793 0.012306
v 0.241736 0.240260 -0.007956
v 0.241736 0.240260 -0.007956
v 0.236351 0.423386 -0.006253
v 0.246669 0.346350 -0.014734
v 0.246669 0.346350 -0.014734
v 0.252208 0.367345 0.012029
v 0.233839 0.253896 -0.006228
v 0.234187 0.257287 -0.006029
v 0.234125 0.290757 -0.018773
v 0.243419 0.567764 -0.015775
v 0.255948 0.567201 -0.005271
v 0.235167 0.260766 0.011830
v 0.233118 0.192150 0.003378
v 0.232921 0.192763 -0.005845
v 0.234143 0.182618 0.004154
v 0.237361 0.082311 -0.005836
v 0.244948 0.300362 -0.019646
v 0.234492 0.262040 0.011300
v 0.236890 0.065446 0.004314
v 0.234095 0.183112 -0.005830
v 0.233958 0.183078 -0.005798
v 0.233297 0.190128 -0.006198
v 0.238459 0.261905 -0.013745
v 0.234164 0.192524 -0.005937
v 0.241235 0.196208 0.004445
v 0.233764 0.032736 -0.006382
v 0.241437 0.022667 -0.006632
v 0.236319 0.251398 0.003994
v 0.236519 0.251783 -0.006044
v 0.244840 0.049931 -0.006536
v 0.237239 0.406926 0.004285
v 0.237712 0.365244 0.004120
v 0.236981 0.258272 -0.003099
v 0.234131 0.192146 0.000609
v 0.235555 0.193444 -0.004702
v 0.236849 0.260071 0.011408
v 0.237466 0.259800 0.007757
v 0.235090 0.291261 -0.015491
v 0.236527 0.252077 -0.006206
v 0.235555 0.193444 -0.004702
v 0.234169 0.248745 0.004870
v 0.238461 0.248916 0.005710
v 0.236282 0.251109 0.003865
v 0.237425 0.258200 -0.002999
v 0.236371 0.252926 -0.001811
v 0.238017 0.071261 -0.006442
v 0.237391 0.258635 0.011869
v 0.236630 0.291260 0.015360
v 0.243436 0.316434 -0.020412
v 0.244977 0.237698 0.006845
v 0.242737 0.047813 0.004134
v 0.243220 0.298237 0.011713
v 0.237707 0.291615 -0.016303
v 0.245050 0.015321 0.005545
v 0.247299 0.015413 -0.011470
v 0.252714 0.298803 -0.019492
v 0.246914 0.276271 -0.013729
v 0.244323 0.103356 -0.006364
v 0.246289 0.184009 -0.005096
v 0.258419 0.000370 0.000587
v 0.238538 0.257827 -0.013180
v 0.236907 0.064071 -0.006357
v 0.238797 0.182154 -0.005781
v 0.238400 0.262026 -0.013978
v 0.237713 0.290709 -0.015413
v 0.246454 0.518707 0.012295
v 0.238797 0.182154 -0.005781
v 0.253390 0.140733 -0.006394
v 0.239071 0.025458 0.004734
v 0.244066 0.327535 -0.015321
v 0.246656 0.278576 0.012660
v 0.244643 0.281624 0.017420
v 0.240285 0.195819 -0.004962
v 0.240285 0.195819 -0.004962
v 0.235428 0.357993 -0.013889
v 0.241632 0.361935 -0.013731
v 0.237797 0.364396 0.003838
v 0.236075 0.032595 0.003547
v 0.237930 0.031859 0.004766
v 0.236516 0.060017 0.004413
v 0.238073 0.155296 -0.006362
v 0.238954 0.541533 -0.004384
v 0.239908 0.290639 0.015517
v 0.244013 0.183198 0.003942
v 0.236210 0.366144 -0.007000
v 0.239603 0.367552 -0.006675
v 0.239663 0.361428 -0.009515
v 0.239951 0.227236 0.005034
v 0.236667 0.060165 -0.006334
v 0.236262 0.251251 0.003902
v 0.238389 0.252425 0.004635
v 0.236006 0.254616 -0.003172
v 0.242679 0.071458 -0.006183
v 0.242368 0.368307 0.004932
v 0.245446 0.022591 0.004520
v 0.239087 0.253552 0.006948
v 0.244176 0.103469 -0.006203
v 0.235739 0.254784 -0.003555
v 0.236595 0.250921 -0.007080
v 0.236012 0.058173 0.004695
v 0.245942 0.049834 0.004555
v 0.245939 0.049839 0.004741
v 0.240511 0.226876 -0.006905
v 0.239174 0.251082 -0.008944
v 0.246077 0.327343 0.013138
v 0.242598 0.405659 0.004825
v 0.240274 0.033585 -0.000759
v 0.241394 0.196227 -0.006428
v 0.239908 0.291715 0.016544
v 0.239920 0.034193 -0.000314
v 0.246918 0.015320 -0.014876
v 0.244400 0.103370 0.004385
v 0.239142 0.250734 -0.008365
v 0.237222 0.062183 -0.006294
v 0.239626 0.355569 -0.015124
v 0.238367 0.405692 0.003951
v 0.238460 0.154936 -0.006256
v 0.255963 0.188090 0.004522
v 0.236885 0.259878 0.011702
v 0.238362 0.258929 0.011899
v 0.242055 0.261767 0.012087
v 0.251711 0.128860 -0.012572
v 0.251650 0.128874 -0.012646
v 0.237610 0.313793 0.016302
v 0.238081 0.314396 -0.013569
v 0.236871 0.063817 -0.006394
v 0.237146 0.259391 0.007377
v 0.238336 0.255218 -0.002684
v 0.238336 0.255218 -0.002684
v 0.238343 0.058525 -0.006631
v 0.255719 0.128834 0.008219
v 0.239359 0.253563 0.007001
v 0.244039 0.021202 0.000989
v 0.244903 0.021627 -0.005826
v 0.243045 0.418991 -0.005921
v 0.238446 0.254883 -0.012555
v 0.243494 0.315048 0.011848
v 0.238841 0.314132 0.011556
v 0.243492 0.316681 0.018228
v 0.239071 0.025458 0.004734
v 0.243752 0.539738 -0.004057
v 0.241788 0.034052 -0.006287
v 0.241517 0.292009 -0.019050
v 0.243573 0.315852 -0.013356
v 0.238644 0.257611 -0.012934
v 0.239724 0.254016 -0.011606
v 0.237852 0.367187 0.004461
v 0.242610 0.368493 0.005427
v 0.252010 0.053995 -0.006073
v 0.244840 0.049931 -0.006536
v 0.242242 0.363206 0.007507
v 0.244944 0.183292 -0.005904
v 0.242311 0.246931 -0.014110
v 0.242409 0.244440 -0.009442
v 0.257548 0.128732 0.013367
v 0.241330 0.246777 0.007497
v 0.250576 0.067545 0.004069
v 0.241676 0.292055 -0.019257
v 0.242359 0.246437 0.011932
v 0.241759 0.461258 0.005089
v 0.255050 0.111086 -0.006366
v 0.242525 0.399470 0.004125
v 0.252084 0.188453 -0.006169
v 0.242258 0.399522 -0.006276
v 0.240707 0.401827 0.004260
v 0.253985 0.336056 -0.014658
v 0.245428 0.022600 0.004474
v 0.253125 0.025787 0.003923
v 0.252649 0.038168 0.004708
v 0.244569 0.292782 0.016256
v 0.255635 0.290111 -0.018149
v 0.247348 0.233585 -0.008438
v 0.251829 0.516357 -0.014543
v 0.249668 0.023707 -0.006005
v 0.240446 0.581185 -0.009168
v 0.247667 0.299498 0.017257
v 0.242728 0.047259 0.004091
v 0.256669 0.008385 -0.016518
v 0.245323 0.417784 -0.005983
v 0.242864 0.153592 -0.006162
v 0.241568 0.368114 -0.006810
v 0.243348 0.046275 -0.002733
v 0.243227 0.046288 0.002864
v 0.244861 0.223940 0.006250
v 0.247600 0.538543 -0.003700
v 0.240657 0.459424 0.004576
v 0.242714 0.198131 0.000509
v 0.242714 0.198131 0.000509
v 0.244428 0.292897 0.017763
v 0.243697 0.292057 0.017031
v 0.240446 0.581185 -0.009168
v 0.240741 0.581204 -0.006439
v 0.240741 0.581204 -0.006439
v 0.242771 0.582811 -0.007916
v 0.242672 0.582894 -0.007900
v 0.243014 0.298839 -0.012890
v 0.247177 0.295034 -0.017621
v 0.243359 0.038729 0.004224
v 0.250055 0.309384 -0.019822
v 0.246118 0.223352 -0.008220
v 0.245568 0.583788 0.014172
v 0.253176 0.154635 0.004194
v 0.248454 0.505646 -0.007196
v 0.240707 0.401827 0.004260
v 0.242702 0.398951 0.004434
v 0.242611 0.405682 0.004716
v 0.248920 0.517830 0.000229
v 0.246149 0.364353 0.011399
v 0.241946 0.489593 0.002921
v 0.241402 0.488979 -0.006301
v 0.241950 0.489587 0.002956
v 0.241437 0.488989 -0.006213
v 0.243314 0.038887 0.004198
v 0.247108 0.021588 0.003686
v 0.244738 0.370019 -0.007002
v 0.246663 0.265295 0.011423
v 0.242641 0.493671 0.004707
v 0.242641 0.493672 0.004708
v 0.243419 0.567764 -0.015775
v 0.256646 0.566779 -0.016272
v 0.255870 0.567229 -0.005332
v 0.256413 0.566863 0.010879
v 0.248436 0.364952 -0.013157
v 0.245194 0.417499 -0.005803
v 0.257144 0.127002 0.014036
v 0.245303 0.292320 0.017149
v 0.252047 0.231011 0.007017
v 0.244966 0.370118 -0.007193
v 0.245019 0.312129 -0.013696
v 0.246490 0.265414 -0.012714
v 0.255221 0.264936 0.012444
v 0.246572 0.364582 0.008091
v 0.245325 0.312051 0.011824
v 0.242629 0.461881 0.004699
v 0.244103 0.587124 0.014251
v 0.243958 0.587191 -0.005841
v 0.249919 0.412086 0.003698
v 0.249376 0.411480 0.004390
v 0.249446 0.292612 -0.018632
v 0.256492 0.325636 -0.015146
v 0.244601 0.370339 0.005302
v 0.244630 0.370310 0.005148
v 0.251931 0.482966 0.004689
v 0.250611 0.501759 0.004656
v 0.251931 0.482966 0.004689
v 0.247898 0.233745 -0.007641
v 0.251950 0.473496 0.004698
v 0.247159 0.505794 0.005294
v 0.256064 0.360846 -0.015054
v 0.244567 0.200787 -0.003064
v 0.246498 0.200969 -0.006881
v 0.244672 0.200526 -0.002948
v 0.245063 0.378189 0.003880
v 0.243527 0.047836 0.003161
v 0.243806 0.046673 0.002200
v 0.245947 0.049835 0.004477
v 0.245500 0.391230 -0.006073
v 0.244680 0.393414 0.004145
v 0.244533 0.049728 -0.006092
v 0.254252 0.466580 0.004481
v 0.254252 0.466580 0.004481
v 0.245152 0.587208 -0.005717
v 0.246494 0.364584 -0.009402
v 0.244283 0.376332 -0.005035
v 0.245418 0.043758 -0.005795
v 0.242831 0.582700 0.013955
v 0.245593 0.583834 0.014540
v 0.243921 0.585271 0.014237
v 0.252694 0.154604 -0.005749
v 0.250765 0.154232 -0.005920
v 0.244166 0.536285 0.002038
v 0.255535 0.142483 -0.006077
v 0.243348 0.046275 -0.002733
v 0.250372 0.494055 -0.006705
v 0.243297 0.527698 0.001736
v 0.244033 0.526495 -0.003651
v 0.242696 0.045841 0.002659
v 0.246043 0.416867 -0.001515
v 0.251215 0.236044 -0.013331
v 0.256952 0.526303 0.002421
v 0.244683 0.393328 0.004148
v 0.253964 0.322420 0.017623
v 0.243987 0.588671 -0.016286
v 0.244030 0.588579 -0.002787
v 0.243874 0.588326 0.007527
v 0.243758 0.021188 0.003976
v 0.247040 0.021615 0.003639
v 0.245605 0.379238 -0.001257
v 0.244058 0.587246 0.014007
v 0.244660 0.589159 0.014032
v 0.243985 0.588600 -0.003121
v 0.244912 0.589194 -0.009147
v 0.256350 0.406988 -0.006819
v 0.244912 0.589194 -0.009147
v 0.244039 0.021202 0.000989
v 0.244903 0.021627 -0.005826
v 0.256073 0.576015 -0.016394
v 0.249463 0.569157 -0.016129
v 0.250919 0.309396 0.018339
v 0.249463 0.569157 -0.016129
v 0.252740 0.323491 -0.019605
v 0.248037 0.538974 0.001165
v 0.245467 0.378131 -0.005850
v 0.253060 0.410138 0.004466
v 0.247931 0.314619 -0.020368
v 0.244654 0.376256 -0.005003
v 0.245605 0.379238 -0.001257
v 0.244903 0.021627 -0.005826
v 0.246411 0.296225 0.014933
v 0.253406 0.590930 0.014278
v 0.248627 0.216356 0.004318
v 0.245189 0.292752 0.017789
v 0.246957 0.101015 -0.006033
v 0.247603 0.099080 -0.006121
v 0.250372 0.494055 -0.006705
v 0.252213 0.372010 0.005599
v 0.245502 0.378093 -0.005877
v 0.246387 0.205374 0.004421
v 0.246063 0.205098 -0.006015
v 0.250534 0.068010 -0.005874
v 0.248305 0.381139 0.004574
v 0.252495 0.375501 0.004826
v 0.250452 0.589558 0.001171
v 0.248641 0.237590 0.011421
v 0.252551 0.051772 -0.006485
v 0.252549 0.051770 -0.006532
v 0.248892 0.588562 -0.010196
v 0.252301 0.590110 -0.015973
v 0.250452 0.589558 0.001171
v 0.245161 0.378228 0.003479
v 0.246563 0.375032 -0.006655
v 0.246110 0.204946 -0.005961
v 0.251715 0.015328 0.001620
v 0.246335 0.184295 -0.004805
v 0.245050 0.015321 0.005545
v 0.251543 0.014040 0.013322
v 0.252911 0.015258 0.001190
v 0.246509 0.386068 0.004079
v 0.248305 0.381139 0.004574
v 0.248635 0.413761 0.000071
v 0.249533 0.518540 0.008924
v 0.252215 0.518357 0.004189
v 0.254237 0.141190 0.004361
v 0.252672 0.096752 -0.006106
v 0.249438 0.374154 -0.006795
v 0.248593 0.372231 -0.007275
v 0.248715 0.370058 -0.007980
v 0.247778 0.094438 0.004085
v 0.250751 0.024722 -0.006070
v 0.246563 0.375032 -0.006655
v 0.246085 0.387100 0.004316
v 0.246043 0.416867 -0.001515
v 0.257053 0.569245 0.014578
v 0.253974 0.336069 -0.014699
v 0.247843 0.216100 -0.005807
v 0.251986 0.051563 0.004533
v 0.250213 0.054372 0.003801
v 0.251986 0.051563 0.004533
v 0.246667 0.200932 -0.006579
v 0.249462 0.186358 -0.004731
v 0.248635 0.413761 0.000071
v 0.248305 0.381139 0.004574
v 0.248331 0.266064 -0.008965
v 0.249968 0.311286 0.011264
v 0.253426 0.315415 0.018006
v 0.249386 0.186202 -0.004781
v 0.250088 0.310642 -0.013227
v 0.252061 0.224377 -0.009109
v 0.250273 0.517860 0.010491
v 0.246454 0.518707 0.012295
v 0.250091 0.518660 0.012124
v 0.249533 0.518540 0.008924
v 0.253433 0.299443 0.017553
v 0.249438 0.374154 -0.006795
v 0.255852 0.526210 -0.003948
v 0.248240 0.094335 -0.005644
v 0.249935 0.292871 -0.019100
v 0.252404 0.505378 0.004740
v 0.249021 0.369646 -0.007411
v 0.256625 0.027230 -0.007216
v 0.248409 0.215846 -0.005778
v 0.252136 0.537529 -0.003599
v 0.252473 0.375524 0.004844
v 0.246814 0.518127 -0.014126
v 0.249153 0.518301 -0.005038
v 0.256496 0.517443 -0.014659
v 0.251829 0.516357 -0.014543
v 0.246870 0.015269 -0.014824
v 0.251129 0.015421 -0.015960
v 0.251129 0.015421 -0.015960
v 0.246956 0.215851 0.003882
v 0.252669 0.201488 -0.006737
v 0.252669 0.201488 -0.006737
v 0.256788 0.538295 0.002797
v 0.246998 0.267210 0.007108
v 0.253865 0.265988 0.005510
v 0.247613 0.098876 -0.005984
v 0.249528 0.270317 0.009075
v 0.254352 0.295567 0.016114
v 0.252553 0.294841 -0.018633
v 0.251494 0.280747 -0.011897
v 0.254705 0.264647 0.012149
v 0.251938 0.292428 0.016605
v 0.251938 0.292428 0.016605
v 0.252825 0.280268 0.007244
v 0.247453 0.215479 0.002884
v 0.261618 0.589220 -0.016509
v 0.250468 0.232771 -0.009799
v 0.251321 0.232778 -0.008952
v 0.252960 0.224480 0.007620
v 0.254918 0.009583 0.014641
v 0.252406 0.096858 -0.006291
v 0.256679 0.093699 0.004731
v 0.252467 0.517383 0.012524
v 0.247992 0.516462 0.012759
v 0.252467 0.517383 0.012524
v 0.249154 0.517334 0.011203
v 0.255804 0.375321 -0.008159
v 0.253383 0.312933 0.008872
v 0.252298 0.013527 -0.016440
v 0.251095 0.313007 -0.009866
v 0.251347 0.276088 -0.008633
v 0.252213 0.372010 0.005599
v 0.255592 0.394378 0.005258
v 0.248593 0.372206 -0.007267
v 0.252682 0.372130 -0.007924
v 0.255858 0.216844 0.004807
v 0.248956 0.587788 -0.010354
v 0.256714 0.219923 -0.007426
v 0.254102 0.313801 -0.011740
v 0.256410 0.217026 0.004373
v 0.249909 0.412310 0.003892
v 0.254129 0.270442 0.006930
v 0.247299 0.015413 -0.011470
v 0.257416 0.017107 -0.015988
v 0.248920 0.517830 0.000229
v 0.255721 0.519431 -0.007646
v 0.249153 0.518301 -0.005038
v 0.256005 0.372132 0.006414
v 0.252143 0.517673 0.004337
v 0.255043 0.187556 -0.001217
v 0.255513 0.518317 -0.010721
v 0.255513 0.518317 -0.010721
v 0.251715 0.015328 0.001620
v 0.255722 0.015455 0.000344
v 0.255126 0.264958 -0.013943
v 0.256073 0.576015 -0.016394
v 0.253735 0.026130 -0.004824
v 0.254488 0.283817 -0.016113
v 0.252837 0.374721 -0.006828
v 0.252725 0.372039 -0.007850
v 0.253872 0.409645 0.003931
v 0.252633 0.308055 0.011265
v 0.254230 0.235499 0.012871
v 0.253724 0.265845 -0.007394
v 0.252724 0.449202 0.003219
v 0.252141 0.025657 -0.005411
v 0.254109 0.283621 0.014189
v 0.250281 0.014814 0.014476
v 0.254840 0.009697 0.014851
v 0.256262 0.016430 0.014599
v 0.257597 0.016842 0.014277
v 0.253136 0.448830 -0.004948
v 0.254355 0.486774 -0.005280
v 0.256007 0.538122 -0.004348
v 0.255449 0.504036 -0.005170
v 0.254364 0.486653 -0.006282
v 0.256516 0.452096 -0.005326
v 0.252116 0.508801 -0.014465
v 0.253908 0.590627 -0.002665
v 0.252531 0.294832 -0.018550
v 0.256137 0.128929 -0.012995
v 0.256975 0.505501 -0.005171
v 0.250670 0.501882 0.004684
v 0.250906 0.496321 0.004658
v 0.252185 0.504726 0.004863
v 0.254090 0.155251 -0.004877
v 0.253021 0.234881 -0.013455
v 0.250797 0.236860 -0.013216
v 0.253029 0.234871 -0.013428
v 0.251061 0.235200 -0.012376
v 0.253654 0.307395 0.015386
v 0.253607 0.590903 -0.002853
v 0.250906 0.496321 0.004658
v 0.252153 0.473276 0.004707
v 0.254516 0.488615 0.004264
v 0.254844 0.487767 0.002426
v 0.256575 0.408261 0.005045
v 0.253793 0.155691 -0.005370
v 0.254679 0.279186 -0.010080
v 0.259043 0.014224 -0.016569
v 0.256332 0.094119 -0.006923
v 0.254692 0.128698 -0.013051
v 0.254224 0.307102 -0.016372
v 0.254300 0.295423 0.016074
v 0.255731 0.462083 0.002943
v 0.251946 0.052161 0.005940
v 0.252649 0.038168 0.004708
v 0.256542 0.055500 0.003072
v 0.256992 0.053860 0.002909
v 0.257109 0.053502 -0.006684
v 0.255870 0.451392 0.003531
v 0.253926 0.308333 -0.011906
v 0.257069 0.186559 -0.000529
v 0.252116 0.508801 -0.014465
v 0.254786 0.507359 -0.013986
v 0.256054 0.516214 -0.015002
v 0.255687 0.036732 0.004986
v 0.255702 0.030392 0.006135
v 0.256441 0.505769 0.003310
v 0.252190 0.053619 -0.006064
v 0.256450 0.053819 -0.007493
v 0.256582 0.188697 -0.007077
v 0.256839 0.518834 0.001486
v 0.256779 0.370522 -0.015571
v 0.255544 0.210334 -0.007461
v 0.257113 0.372523 0.007966
v 0.256669 0.008385 -0.016518
v 0.255875 0.025320 -0.005151
v 0.256137 0.295672 -0.017129
v 0.256621 0.313223 -0.016549
v 0.256856 0.506420 -0.014792
v 0.255456 0.094575 -0.006891
v 0.257862 0.520692 0.014234
v 0.256769 0.113013 0.003717
v 0.252473 0.508571 0.012427
v 0.254534 0.516203 0.012912
v 0.252515 0.507356 0.011435
v 0.257829 0.506503 0.014007
v 0.255411 0.512331 0.013129
v 0.254534 0.516203 0.012912
v 0.254929 0.155456 -0.007209
v 0.252495 0.375501 0.004826
v 0.257168 0.379028 0.006367
v 0.255547 0.372576 0.006920
v 0.257208 0.122326 -0.015328
v 0.258541 0.323762 -0.016178
v 0.248799 0.215260 -0.006587
v 0.254985 0.210716 -0.007928
v 0.256458 0.109346 0.005648
v 0.255449 0.289688 -0.017158
v 0.256955 0.312636 0.014139
v 0.256683 0.538560 -0.004899
v 0.255478 0.281659 0.013912
v 0.255717 0.036718 0.004968
v 0.256848 0.222084 0.008285
v 0.252837 0.374721 -0.006828
v 0.254802 0.375162 -0.006865
v 0.257142 0.372775 -0.009522
v 0.261471 0.597669 0.014155
v 0.254783 0.224529 -0.015346
v 0.255224 0.234402 -0.014602
v 0.256694 0.157604 -0.006900
v 0.261620 0.589217 -0.016472
v 0.259037 0.120718 0.014680
v 0.256574 0.222311 0.014784
v 0.255374 0.156493 -0.006036
v 0.256973 0.409240 0.002656
v 0.256530 0.409297 0.002857
v 0.256158 0.487436 -0.004836
v 0.256180 0.326490 -0.015180
v 0.255253 0.504325 0.003002
v 0.256417 0.408173 -0.004658
v 0.255261 0.142568 -0.000042
v 0.256834 0.025583 0.004421
v 0.254420 0.290433 0.016176
v 0.254506 0.282770 0.015059
v 0.257473 0.294954 0.015107
v 0.256905 0.119057 -0.015059
v 0.257296 0.023615 -0.004960
v 0.254405 0.290486 0.016064
v 0.257364 0.294956 0.014859
v 0.257763 0.324994 0.014232
v 0.257550 0.267520 0.014208
v 0.256101 0.455405 0.002790
v 0.256475 0.460943 0.002944
v 0.256052 0.487590 0.002172
v 0.255411 0.512331 0.013129
v 0.257142 0.112616 -0.007235
v 0.256612 0.017113 -0.000968
v 0.254567 0.129010 -0.012986
v 0.257474 0.130532 -0.014530
v 0.255076 0.126452 -0.014900
v 0.256737 0.017043 -0.000972
v 0.254802 0.567355 0.014071
v 0.254836 0.508880 -0.014729
v 0.256598 0.508528 -0.015269
v 0.254836 0.508880 -0.014729
v 0.256598 0.508528 -0.015269
v 0.257132 0.506321 -0.014642
v 0.254847 0.507222 -0.014043
v 0.256631 0.186195 -0.001169
v 0.258789 0.001720 0.014600
v 0.257074 0.157668 0.005393
v 0.256638 0.374508 -0.008659
v 0.256666 0.090786 -0.000922
v 0.255248 0.234400 -0.014740
v 0.257249 0.511090 0.014082
v 0.257485 0.267561 0.014311
v 0.257337 0.221628 -0.016156
v 0.256776 0.378223 0.006741
v 0.255248 0.504327 0.003008
v 0.255474 0.502315 -0.000105
v 0.255295 0.503791 -0.004947
v 0.256297 0.505929 0.003173
v 0.254871 0.155120 -0.007285
v 0.255374 0.156493 -0.006036
v 0.257477 0.158793 -0.008815
v 0.255474 0.502315 -0.000105
v 0.257386 0.277379 0.013863
v 0.257025 0.505816 -0.005050
v 0.256787 0.507140 -0.002029
v 0.256119 0.499456 0.000736
v 0.257249 0.511090 0.014082
v 0.256152 0.295674 -0.017167
v 0.259168 0.294961 -0.016561
v 0.256119 0.499456 0.000736
v 0.256143 0.518360 -0.007658
v 0.258012 0.521748 -0.016228
v 0.255890 0.128890 0.008403
v 0.257563 0.133212 -0.016247
v 0.256043 0.129060 -0.012840
v 0.256091 0.487366 -0.004935
v 0.257486 0.219674 -0.016663
v 0.257012 0.277316 0.013658
v 0.259168 0.294961 -0.016561
v 0.256766 0.212981 0.006831
v 0.255756 0.030516 0.005034
v 0.256637 0.030184 0.006677
v 0.256759 0.141167 0.005225
v 0.256154 0.372222 0.013633
v 0.256806 0.212989 0.006803
v 0.256352 0.491943 -0.002676
v 0.257537 0.278823 -0.016416
v 0.257100 0.121971 -0.015713
v 0.257003 0.143678 -0.009489
v 0.256548 0.488772 0.000385
v 0.257398 0.563927 0.014393
v 0.257415 0.564781 0.014446
v 0.255963 0.001714 -0.016438
v 0.257544 0.001809 -0.014702
v 0.256040 0.457537 0.002948
v 0.256244 0.456387 0.000898
v 0.256077 0.455420 0.000864
v 0.258419 0.000370 0.000587
v 0.256431 0.457645 0.000857
v 0.255715 0.409170 -0.005065
v 0.257474 0.129444 0.014059
v 0.256548 0.488772 0.000385
v 0.258770 0.321683 -0.016511
v 0.257541 0.019685 -0.001229
v 0.256352 0.491943 -0.002676
v 0.256337 0.457628 0.002820
v 0.256421 0.461827 0.003334
v 0.256337 0.457628 0.002820
v 0.257283 0.452047 0.006994
v 0.256969 0.463296 0.003374
v 0.256989 0.185607 -0.003825
v 0.256897 0.452036 -0.000690
v 0.257261 0.562933 -0.001902
v 0.257275 0.562933 -0.001901
v 0.257286 0.452066 0.006998
v 0.258150 0.508587 -0.013975
v 0.257437 0.377450 0.009126
v 0.257223 0.183553 0.006721
v 0.257418 0.097827 -0.009102
v 0.257541 0.019685 -0.001229
v 0.257428 0.510777 -0.015962
v 0.257513 0.508331 -0.016008
v 0.257453 0.027851 0.009136
v 0.256974 0.372960 -0.009853
v 0.257504 0.023462 -0.004874
v 0.258110 0.133488 -0.016252
v 0.257490 0.523907 -0.007081
v 0.258992 0.486129 -0.016816
v 0.256893 0.093168 -0.005260
v 0.257011 0.091236 -0.001138
v 0.257368 0.218100 -0.011061
v 0.257368 0.218100 -0.011061
v 0.257463 0.208746 -0.011174
v 0.257594 0.133711 0.014361
v 0.256989 0.185607 -0.003825
v 0.257076 0.184100 -0.001485
v 0.257515 0.027849 0.009113
v 0.257519 0.523591 -0.007087
v 0.257376 0.097819 -0.009108
v 0.258655 0.323790 -0.016367
v 0.256953 0.372964 0.008059
v 0.256786 0.054356 0.003032
v 0.257369 0.056395 0.002645
v 0.256912 0.054175 -0.005715
v 0.257399 0.218289 -0.014928
v 0.257303 0.543265 -0.004748
v 0.257274 0.502584 0.012369
v 0.258089 0.505054 -0.016231
v 0.259227 0.222191 0.014868
v 0.257431 0.144123 -0.009224
v 0.258887 0.568527 0.014740
v 0.256931 0.119339 -0.014973
v 0.257694 0.116749 -0.015154
v 0.257227 0.159031 -0.009121
v 0.258880 0.373882 -0.016357
v 0.257382 0.540865 -0.007181
v 0.257382 0.540865 -0.007181
v 0.257612 0.375349 -0.015963
v 0.257935 0.019220 0.014121
v 0.257411 0.179496 -0.014932
v 0.256989 0.185607 -0.003825
v 0.257411 0.179496 -0.014932
v 0.257076 0.184100 -0.001485
v 0.257635 0.104201 -0.011179
v 0.257570 0.444602 0.013176
v 0.257347 0.449399 0.007405
v 0.257094 0.493830 -0.001647
v 0.257274 0.502584 0.012369
v 0.257533 0.103431 0.014272
v 0.265475 0.216995 -0.016329
v 0.257058 0.127034 0.014269
v 0.258932 0.120856 0.015091
v 0.257129 0.485809 0.002060
v 0.257129 0.485809 0.002060
v 0.257314 0.183565 0.006137
v 0.257115 0.493829 -0.001646
v 0.257129 0.485809 0.002060
v 0.257544 0.494236 0.012794
v 0.257642 0.491664 -0.010931
v 0.257642 0.491664 -0.010931
v 0.257413 0.545424 0.014312
v 0.257544 0.494236 0.012794
v 0.257293 0.082349 0.000544
v 0.257293 0.082349 0.000544
v 0.257441 0.167411 -0.015003
v 0.257273 0.549973 -0.001458
v 0.257850 0.545382 0.014422
v 0.257405 0.183977 0.013083
v 0.257731 0.187057 0.014340
v 0.257367 0.211532 0.012752
v 0.257368 0.377427 0.009144
v 0.257441 0.167411 -0.015003
v 0.258548 0.213395 -0.014667
v 0.257700 0.161378 0.014359
v 0.257576 0.425390 -0.014958
v 0.257294 0.554387 -0.015122
v 0.257273 0.549973 -0.001458
v 0.257514 0.554490 -0.015540
v 0.257303 0.543265 -0.004748
v 0.257607 0.375352 -0.015972
v 0.258848 0.214831 -0.015653
v 0.257238 0.063942 -0.001885
v 0.257367 0.063945 -0.001887
v 0.257074 0.372998 0.012984
v 0.257158 0.376888 0.012833
v 0.257153 0.376898 0.012877
v 0.257382 0.540865 -0.007181
v 0.257396 0.211533 0.012745
v 0.257523 0.444733 0.013080
v 0.258031 0.489060 0.014268
v 0.257824 0.086965 -0.016444
v 0.257347 0.449399 0.007405
v 0.257521 0.425402 -0.014968
v 0.257425 0.183977 0.013077
v 0.257758 0.186925 0.014342
v 0.257463 0.208746 -0.011174
v 0.266403 0.297597 0.014678
v 0.266403 0.297597 0.014678
v 0.257398 0.000630 0.014217
v 0.263479 0.000433 0.013109
v 0.257398 0.000630 0.014217
v 0.273198 0.000890 0.013993
v 0.257852 0.212137 -0.016165
v 0.257399 0.218289 -0.014928
v 0.257411 0.179496 -0.014932
v 0.258669 0.187404 -0.016844
v 0.258763 0.187591 -0.016878
v 0.257816 0.079207 0.014522
v 0.258896 0.509909 -0.016494
v 0.257544 0.494236 0.012794
v 0.259272 0.490689 0.013646
v 0.257842 0.028885 0.014289
v 0.258694 0.506490 0.012503
v 0.257674 0.218423 0.014030
v 0.257894 0.028872 0.014202
v 0.258839 0.409388 0.014989
v 0.258157 0.051290 -0.016322
v 0.258896 0.509909 -0.016494
v 0.257884 0.439572 0.014654
v 0.257786 0.109528 -0.015098
v 0.258047 0.422547 -0.016379
v 0.257635 0.104201 -0.011179
v 0.258213 0.051302 -0.016313
v 0.257786 0.109528 -0.015098
v 0.258884 0.489818 -0.014989
v 0.258089 0.489161 -0.016206
v 0.258945 0.506559 0.014742
v 0.257519 0.521050 0.014729
v 0.257902 0.538864 0.014410
v 0.257716 0.134569 0.014380
v 0.257756 0.186934 0.014345
v 0.258906 0.184666 0.014827
v 0.257588 0.103695 0.014327
v 0.257845 0.216430 0.014122
v 0.257769 0.186899 0.014368
v 0.258931 0.184679 0.014727
v 0.259221 0.207009 0.014794
v 0.258143 0.422505 -0.016394
v 0.258879 0.373884 -0.016353
v 0.259100 0.500470 0.014734
v 0.257872 0.080296 0.014557
v 0.258917 0.431806 0.014781
v 0.258959 0.209227 -0.016547
v 0.259221 0.207009 0.014794
v 0.259086 0.490824 0.014743
v 0.264988 0.053979 -0.016596
v 0.258978 0.493566 -0.016520
v 0.264699 0.504568 -0.016532
v 0.264698 0.504567 -0.016526
v 0.265588 0.497224 -0.016522
v 0.263444 0.292308 -0.016450
v 0.273322 0.131213 0.014613
v 0.258770 0.321683 -0.016511
v 0.264394 0.311774 -0.016359
v 0.264138 0.383413 -0.016501
v 0.273773 0.323255 -0.016110
v 0.264028 0.193826 -0.016636
v 0.265006 0.188031 0.014803
v 0.258082 0.505057 -0.016270
v 0.264036 0.193835 -0.016590
v 0.258968 0.209238 -0.016514
v 0.264138 0.383413 -0.016501
v 0.265006 0.188031 0.014803
v 0.258912 0.431887 0.014827
v 0.259100 0.500470 0.014734
v 0.264746 0.511252 0.014841
v 0.272377 0.054994 -0.016246
v 0.273333 0.066950 0.014524
v 0.259105 0.408537 0.014746
v 0.262936 0.395449 0.014842
v 0.265476 0.216997 -0.016373
v 0.259298 0.486284 -0.016650
v 0.273565 0.299082 -0.016033
v 0.263444 0.292308 -0.016450
v 0.273539 0.534763 0.014503
v 0.273375 0.095865 -0.016037
v 0.272786 0.588607 -0.016013
v 0.273564 0.448265 -0.016035
v 0.273293 0.436607 0.014467
v 0.264984 0.053977 -0.016571
v 0.262936 0.395449 0.014842
v 0.265789 0.493294 0.014752
v 0.265789 0.493294 0.014752
v 0.264746 0.511252 0.014841
v 0.273509 0.487264 -0.015878
v 0.273127 0.048202 0.013825
v 0.264746 0.511252 0.014841
v 0.265645 0.380381 0.014739
v 0.265645 0.380381 0.014739
v 0.273123 0.157999 -0.015926
v 0.273549 0.417690 -0.016062
v 0.270636 0.492097 -0.016335
v 0.270636 0.492097 -0.016335
v 0.273450 0.381838 0.013973
v 0.273222 0.001008 0.014054
v 0.273482 0.417717 -0.016002
v 0.264394 0.311774 -0.016359
v 0.272646 0.593912 0.014272
v 0.273627 0.383434 -0.015999
v 0.270828 0.587786 -0.016199
v 0.259332 0.222045 0.014660
v 0.272030 0.205992 0.012894
v 0.272468 0.205520 0.014547
v 0.273632 0.493305 0.014265
v 0.271959 0.196257 0.013870
v 0.273586 0.299103 -0.015813
v 0.272335 0.200472 -0.016194
v 0.273479 0.185080 -0.016047
v 0.272335 0.200472 -0.016194
v 0.273541 0.383428 -0.015859
v 0.273362 0.189192 0.014343
v 0.273699 0.250267 -0.015886
v 0.272229 0.196602 0.014558
v 0.273330 0.000606 -0.016080
v 0.265588 0.497224 -0.016522
v 0.265789 0.493294 0.014752
v 0.272389 0.054995 -0.016280
v 0.272435 0.385675 0.014464
v 0.272444 0.385666 0.014485
v 0.273591 0.299047 -0.016027
v 0.272333 0.210265 -0.016148
v 0.272332 0.210266 -0.016142
v 0.270636 0.492097 -0.016335
v 0.272421 0.385667 0.014410
v 0.272472 0.293416 0.014462
v 0.273708 0.493314 0.014191
v 0.272443 0.293484 0.013996
v 0.273583 0.487205 -0.015967
v 0.273339 0.059273 -0.015943
v 0.273530 0.214039 -0.015872
v 0.273568 0.203628 0.014171
v 0.273520 0.197588 -0.015867
v 0.272272 0.199273 -0.014532
v 0.272166 0.210346 -0.015324
v 0.273338 0.059273 -0.015941
v 0.272456 0.384995 0.013053
v 0.273521 0.290870 0.014123
v 0.273479 0.298434 0.014077
v 0.273738 0.216058 0.014179
v 0.273095 0.588572 -0.003712
v 0.273095 0.588572 -0.003712
v 0.273263 0.576012 -0.002942
v 0.273356 0.158294 -0.016037
v 0.273277 0.576014 -0.002941
v 0.273622 0.536771 -0.004447
v 0.273332 0.095720 -0.015874
v 0.273326 0.085244 -0.005508
v 0.273382 0.067115 0.014395
v 0.273336 0.078717 0.008217
v 0.273483 0.060596 -0.001213
v 0.273477 0.531847 -0.014944
v 0.273474 0.085247 -0.005516
v 0.273472 0.183321 -0.016016
v 0.273336 0.078717 0.008217
v 0.273336 0.078717 0.008217
v 0.273483 0.060596 -0.001213
v 0.273574 0.483338 0.001877
v 0.273532 0.421782 -0.015974
v 0.273435 0.193957 0.009478
v 0.273758 0.199920 -0.000398
v 0.273495 0.494730 0.009492
v 0.273498 0.494730 0.009492
v 0.273333 0.461397 -0.016031
v 0.273795 0.522209 -0.002780
v 0.273435 0.193957 0.009478
v 0.273673 0.207248 0.007259
v 0.273739 0.204844 0.013056
v 0.273739 0.204844 0.013056
v 0.273758 0.199920 -0.000398
v 0.273507 0.513468 -0.011109
v 0.273560 0.501958 -0.003210
v 0.273456 0.531847 -0.014944
v 0.273622 0.536771 -0.004447
v 0.273795 0.522209 -0.002780
v 0.273824 0.383525 -0.016033
v 0.273521 0.290870 0.014123
v 0.273507 0.513468 -0.011109
v 0.273560 0.501958 -0.003210
v 0.273520 0.197588 -0.015867
v 0.273523 0.483338 0.001877
v 0.273625 0.385012 0.013077
v 0.273654 0.391703 -0.005337
v 0.273654 0.391703 -0.005337
v 0.273687 0.203416 -0.014963
v 0.273516 0.484690 -0.010295
v 0.273560 0.501958 -0.003210
v 0.273516 0.484690 -0.010295
v 0.273576 0.487224 -0.016011
v 0.273512 0.290302 0.008029
v 0.273592 0.302633 0.002322
v 0.273592 0.302633 0.002322
v 0.273736 0.201201 -0.012597
v 0.273736 0.201201 -0.012597
v 0.273526 0.214104 -0.015869
v 0.273687 0.203416 -0.014963
v 0.273707 0.340689 -0.015728
v 0.273717 0.246777 -0.015892
v 0.273582 0.383393 -0.015878
v 0.273745 0.288543 -0.015901
v 0.273816 0.301669 -0.009052
v 0.273512 0.290302 0.008029
v 0.273816 0.301669 -0.009052
v 0.273739 0.204844 0.013056
v 0.273678 0.378925 -0.009681
v 0.273649 0.215732 0.009034
v 0.273679 0.218847 -0.000219
v 0.273791 0.305868 -0.016037
v 0.273671 0.288459 -0.015949
v 0.273678 0.378925 -0.009681
v 0.273673 0.207248 0.007259
v 0.273649 0.215732 0.009034
v 0.273679 0.218847 -0.000219
v 0.273702 0.211794 -0.011431
v 0.273702 0.211794 -0.011431
v 0.087143 0.518926 0.001743
v 0.034584 0.131671 -0.008537
v 0.034584 0.131671 -0.008537
v 0.222694 0.277405 0.004809
v 0.167879 0.141122 0.004164
v 0.230482 0.159405 0.004509
v 0.230482 0.159405 0.004509
v 0.232257 0.159318 0.004820
v 0.184947 0.422550 0.004770
v 0.189189 0.424768 0.004436
v 0.185766 0.426974 0.004765
v 0.231695 0.236580 0.004780
v 0.213593 0.193991 -0.000965
v 0.195756 0.576118 0.008985
vn -0.0153 0.0480 0.9987
vn 0.0737 -0.9046 0.4199
vn -0.2092 0.6011 0.7713
vn 0.0115 0.6266 0.7792
vn 0.7513 -0.6487 0.1214
vn -0.3636 -0.9073 0.2112
vn -0.4193 -0.3588 0.8339
vn -0.3307 -0.6933 -0.6403
vn -0.7076 -0.3431 -0.6177
vn -0.5272 -0.3343 0.7812
vn 0.5742 0.2395 -0.7829
vn -0.2926 -0.1652 0.9419
vn 0.1608 0.0536 -0.9855
vn 0.2683 -0.1497 -0.9516
vn 0.0019 -0.0788 -0.9969
vn -0.2283 -0.1601 -0.9603
vn 0.0618 0.6350 0.7700
vn 0.6313 0.0409 0.7745
vn -0.1025 0.6161 0.7810
vn 0.2173 0.1220 -0.9685
vn 0.4519 0.4207 -0.7866
vn 0.0450 0.0620 -0.9971
vn 0.2120 -0.6718 -0.7098
vn 0.6691 0.5286 -0.5224
vn -0.3143 0.8481 -0.4266
vn 0.5600 -0.8263 0.0600
vn 0.7280 -0.6793 -0.0928
vn -0.2396 -0.9373 0.2532
vn 0.3154 -0.9280 -0.1983
vn 0.2292 0.7170 0.6583
vn 0.6546 0.7536 0.0595
vn 0.9277 0.3348 0.1655
vn -0.0107 -0.9965 -0.0831
vn 0.0950 -0.9714 -0.2176
vn -0.1843 -0.9191 -0.3482
vn 0.0641 -0.9979 0.0015
vn 0.8207 -0.5560 -0.1317
vn 0.1774 -0.9826 -0.0545
vn 0.4364 -0.8970 0.0705
vn 0.0811 -0.9950 0.0581
vn 0.0185 -0.9998 -0.0016
vn 0.2110 0.1631 -0.9638
vn 0.0558 -0.9922 0.1116
vn 0.1517 0.1955 0.9689
vn 0.5926 0.2368 0.7699
vn 0.0867 -0.0630 0.9942
vn 0.5113 -0.8413 0.1754
vn 0.2943 -0.9513 0.0914
vn 0.1287 -0.7631 0.6334
vn 0.0544 -0.9961 -0.0691
vn -0.0459 -0.0706 0.9965
vn -0.0561 -0.0955 0.9938
vn 0.3935 0.1834 -0.9009
vn 0.3657 0.9108 -0.1916
vn 0.3682 0.2694 -0.8899
vn 0.0587 0.1024 -0.9930
vn 0.1063 0.0290 -0.9939
vn 0.0194 -0.0245 -0.9995
vn 0.0243 0.0323 -0.9992
vn 0.1375 -0.6180 -0.7741
vn 0.0070 0.0179 -0.9998
vn 0.1206 0.0444 0.9917
vn 0.2834 -0.1579 0.9459
vn 0.0402 0.2368 0.9707
vn 0.1359 -0.0026 0.9907
vn 0.8307 0.4762 0.2882
vn -0.5400 -0.5161 0.6649
vn 0.0680 -0.9928 0.0983
vn 0.2468 0.8697 -0.4273
vn 0.6839 0.2978 -0.6660
vn 0.0277 0.1174 -0.9927
vn 0.2153 0.9725 -0.0886
vn -0.1086 0.9889 0.1017
vn -0.1143 0.9877 -0.1070
vn 0.3923 0.8488 0.3545
vn 0.0656 0.0972 -0.9931
vn 0.1920 0.8454 -0.4985
vn 0.0933 0.0925 -0.9913
vn 0.0206 0.9986 -0.0491
vn 0.0066 0.9998 0.0195
vn 0.0540 0.5199 -0.8525
vn -0.0035 0.0262 0.9997
vn -0.0564 -0.1233 0.9908
vn -0.0009 0.0069 1.0000
vn 0.0658 0.0351 -0.9972
vn -0.0205 -0.9997 -0.0107
vn 0.0690 0.0745 -0.9948
vn -0.4158 0.4907 -0.7657
vn 0.4454 -0.4216 -0.7899
vn 0.9183 0.2691 -0.2905
vn -0.3426 -0.0172 0.9393
vn 0.0276 0.1513 0.9881
vn 0.1039 -0.0135 0.9945
vn 0.6115 -0.0050 0.7912
vn 0.1110 0.2035 0.9728
vn -0.2831 -0.9325 0.2243
vn -0.1505 -0.3083 -0.9393
vn 0.0020 0.0914 -0.9958
vn -0.5525 0.5802 -0.5984
vn -0.0459 0.4693 -0.8818
vn -0.0667 0.1331 -0.9889
vn -0.8826 -0.2775 -0.3794
vn -0.8269 -0.4567 0.3281
vn -0.6793 0.6645 -0.3113
vn -0.8728 0.2337 -0.4284
vn -0.0215 0.3568 0.9339
vn 0.0839 0.2714 0.9588
vn 0.0240 0.0950 0.9952
vn -0.9271 -0.0960 0.3624
vn -0.4858 -0.8508 -0.2006
vn 0.0928 0.0256 -0.9954
vn -0.2554 -0.0516 0.9654
vn -0.4665 -0.1474 0.8721
vn 0.0422 0.9990 -0.0125
vn 0.1226 0.9905 -0.0621
vn -0.8877 -0.4363 0.1472
vn -0.8171 -0.5621 -0.1279
vn 0.9271 0.3317 0.1743
vn -0.2544 0.3449 0.9035
vn 0.1238 0.7839 0.6084
vn -0.0252 0.8097 0.5863
vn 0.3081 -0.8174 -0.4867
vn -0.1959 -0.0290 -0.9802
vn 0.2903 0.7940 0.5341
vn 0.0520 -0.6300 -0.7748
vn 0.0470 0.9851 0.1656
vn -0.5165 0.8562 -0.0086
vn 0.0765 0.9970 0.0139
vn -0.3274 0.8632 -0.3843
vn -0.0139 0.9707 -0.2398
vn -0.2198 0.9289 -0.2980
vn 0.0231 -0.0990 -0.9948
vn 0.2722 0.1167 -0.9551
vn -0.0480 -0.3084 -0.9501
vn 0.2356 -0.0545 0.9703
vn 0.3428 -0.8716 0.3504
vn -0.9862 -0.1271 -0.1063
vn -0.6434 -0.4238 0.6376
vn -0.3619 -0.1920 0.9122
vn -0.6699 -0.4455 -0.5940
vn -0.0629 -0.9720 -0.2264
vn 0.1070 -0.9936 -0.0356
vn 0.0116 -0.9984 -0.0559
vn -0.4466 -0.0855 -0.8906
vn 0.6858 0.4570 0.5664
vn -0.6215 -0.7769 0.1010
vn -0.2557 -0.9326 -0.2546
vn -0.4712 -0.5778 0.6664
vn -0.1690 -0.4677 0.8676
vn 0.9690 0.1546 -0.1928
vn 0.4682 -0.2143 0.8573
vn 0.0299 0.0711 0.9970
vn 0.1003 -0.6849 0.7217
vn 0.5421 -0.6185 0.5689
vn -0.2537 0.4942 0.8315
vn 0.1330 -0.9902 0.0435
vn 0.2700 0.2800 -0.9213
vn 0.0479 -0.3171 -0.9472
vn -0.0330 -0.0493 -0.9982
vn -0.0552 -0.7410 -0.6692
vn -0.4949 -0.5800 -0.6471
vn 0.1471 -0.0109 -0.9891
vn -0.8258 0.3745 -0.4216
vn -0.8861 0.4399 -0.1461
vn -0.4991 0.7551 0.4252
vn -0.6310 0.6464 -0.4289
vn 0.6696 0.3345 -0.6631
vn -0.0299 -0.0029 0.9995
vn -0.0276 -0.0332 0.9991
vn -0.0368 -0.0756 0.9965
vn 0.0458 -0.0260 0.9986
vn -0.2144 0.1296 0.9681
vn 0.0536 0.0440 0.9976
vn 0.0368 0.0081 0.9993
vn 0.1022 -0.4426 0.8909
vn 0.5890 0.5146 -0.6231
vn -0.3920 -0.0127 -0.9199
vn 0.0091 -0.7504 -0.6610
vn -0.1412 0.0935 -0.9855
vn -0.4224 -0.5914 0.6869
vn 0.0717 -0.6444 -0.7613
vn -0.0170 -0.9971 -0.0737
vn 0.0905 -0.9948 -0.0471
vn 0.9075 -0.3004 0.2937
vn 0.0237 0.1084 0.9938
vn 0.5071 0.2596 0.8219
vn 0.5652 -0.0662 -0.8223
vn 0.1589 -0.0315 -0.9868
vn 0.8650 0.4943 -0.0866
vn 0.5930 0.4000 -0.6988
vn 0.8924 0.4469 0.0627
vn 0.8834 0.4490 0.1341
vn 0.6849 0.6959 -0.2159
vn 0.0185 -0.0094 0.9998
vn 0.1710 -0.0348 0.9847
vn 0.1013 0.0880 0.9910
vn 0.9339 -0.3567 0.0243
vn 0.9066 -0.2708 0.3237
vn 0.0104 -0.0066 0.9999
vn -0.0888 0.0116 -0.9960
vn 0.1676 -0.0989 -0.9809
vn -0.0014 -0.9943 -0.1068
vn -0.0418 0.0478 0.9980
vn -0.0284 0.0369 0.9989
vn 0.1996 0.3013 0.9324
vn 0.5357 -0.4071 0.7398
vn -0.0067 0.0178 0.9998
vn 0.0171 -0.9969 0.0773
vn 0.8836 -0.3957 0.2505
vn -0.0523 0.3693 -0.9278
vn -0.9519 -0.1539 0.2648
vn -0.5443 0.5283 0.6516
vn -0.6438 -0.2788 -0.7126
vn -0.4676 0.6608 -0.5871
vn -0.0146 0.0037 -0.9999
vn 0.0220 -0.0341 -0.9992
vn 0.0343 -0.0062 -0.9994
vn -0.1527 0.6782 -0.7189
vn -0.0194 0.0096 -0.9998
vn -0.0588 0.9748 0.2154
vn -0.0269 0.9991 0.0330
vn -0.1448 0.9485 -0.2817
vn -0.0520 0.9875 -0.1487
vn -0.2187 0.9753 -0.0305
vn 0.0083 -0.3501 -0.9367
vn -0.3025 -0.4227 0.8543
vn 0.5582 0.8221 0.1121
vn -0.4925 -0.5263 0.6931
vn 0.2694 -0.9586 -0.0919
vn -0.5745 0.2393 -0.7828
vn -0.0014 0.1152 0.9933
vn 0.3979 0.5051 0.7659
vn 0.2336 0.9373 0.2585
vn -0.1941 -0.0346 0.9804
vn -0.5600 0.0655 0.8259
vn 0.1219 -0.9598 0.2529
vn 0.4801 -0.7561 0.4447
vn -0.1514 -0.8305 -0.5360
vn -0.0144 -0.0206 -0.9997
vn -0.1259 -0.8226 0.5546
vn 0.2053 0.9637 0.1705
vn -0.0675 0.1580 -0.9851
vn 0.0427 -0.9946 0.0943
vn -0.1693 -0.9801 -0.1037
vn -0.1710 -0.9707 -0.1688
vn -0.5604 0.4841 0.6720
vn 0.6726 0.6989 -0.2434
vn 0.0537 0.0422 0.9977
vn -0.0474 0.0057 0.9989
vn 0.0100 -0.0007 0.9999
vn 0.1944 0.8700 -0.4531
vn 0.5449 -0.0114 -0.8385
vn 0.0728 -0.0058 -0.9973
vn -0.1980 -0.6968 -0.6894
vn -0.0696 -0.9951 0.0706
vn 0.0279 0.2013 0.9791
vn 0.0733 -0.6799 -0.7296
vn -0.0455 -0.9412 0.3347
vn 0.6830 -0.4944 0.5376
vn -0.0419 -0.2653 0.9632
vn 0.2883 -0.4511 0.8446
vn 0.0500 -0.0152 0.9986
vn -0.0459 -0.9989 0.0012
vn -0.2866 -0.8898 0.3551
vn 0.8613 0.5080 0.0085
vn 0.9202 0.3766 0.1068
vn -0.0632 -0.0144 -0.9979
vn -0.0192 0.0139 -0.9997
vn -0.1175 -0.7423 0.6597
vn -0.2842 0.7797 0.5579
vn -0.2634 -0.3838 -0.8850
vn 0.0106 -0.0440 -0.9990
vn 0.6050 -0.3773 -0.7011
vn 0.3788 0.1711 -0.9095
vn 0.8738 0.4863 0.0029
vn 0.0174 -0.9671 -0.2537
vn -0.4634 0.6436 -0.6091
vn -0.0267 -0.9413 0.3364
vn 0.0650 -0.0397 0.9971
vn 0.0516 -0.1935 0.9797
vn 0.3247 -0.2505 0.9121
vn -0.6565 -0.4118 -0.6320
vn 0.0846 -0.7630 0.6409
vn 0.7917 0.6088 0.0498
vn 0.0055 -0.0393 0.9992
vn 0.0423 -0.0286 0.9987
vn 0.1432 0.1759 0.9739
vn -0.8091 -0.5758 -0.1175
vn -0.8767 -0.4381 -0.1989
vn -0.5682 -0.5339 -0.6262
vn -0.5712 -0.5339 0.6235
vn -0.7819 -0.4121 0.4678
vn 0.0313 0.4455 -0.8947
vn -0.3415 -0.5445 0.7661
vn 0.1150 0.9857 -0.1231
vn -0.4066 0.6835 0.6063
vn -0.4348 -0.5797 -0.6891
vn 0.0069 -0.2167 -0.9762
vn -0.7866 -0.4230 -0.4497
vn -0.8731 -0.4772 -0.0996
vn -0.9015 -0.1235 0.4148
vn 0.0015 1.0000 -0.0087
vn -0.1616 0.7613 0.6279
vn -0.0080 -0.0407 -0.9991
vn -0.0500 0.9838 0.1719
vn -0.0248 0.9413 0.3367
vn -0.0226 -0.9515 -0.3068
vn -0.0556 0.9954 -0.0784
vn 0.0339 -0.0147 0.9993
vn -0.0247 0.0608 0.9978
vn 0.2027 0.9700 0.1341
vn -0.0881 0.8565 0.5086
vn -0.0041 0.4749 0.8801
vn 0.1530 0.7590 0.6329
vn -0.0489 -0.9879 0.1475
vn 0.9031 -0.0086 0.4294
vn 0.8593 -0.0989 0.5018
vn -0.9207 -0.3316 0.2057
vn -0.0870 -0.7957 0.5994
vn -0.1588 -0.9841 0.0797
vn -0.4896 0.8715 -0.0279
vn 0.2749 -0.5098 -0.8152
vn -0.4099 0.3333 0.8491
vn -0.0349 0.0439 0.9984
vn -0.5958 0.2290 0.7698
vn -0.1824 0.4393 0.8796
vn 0.1080 -0.1461 0.9834
vn -0.0238 -0.0256 0.9994
vn -0.0588 -0.0142 0.9982
vn 0.1496 0.9259 0.3470
vn -0.9169 0.3898 -0.0856
vn -0.4472 -0.5752 -0.6850
vn -0.4702 0.6813 -0.5611
vn -0.0004 -0.0476 0.9989
vn 0.0503 0.0679 0.9964
vn -0.0053 -0.0289 -0.9996
vn 0.2797 -0.5602 -0.7797
vn 0.4993 -0.4202 -0.7577
vn 0.0212 -0.4920 0.8703
vn -0.9382 0.1276 -0.3218
vn -0.7274 -0.3931 0.5625
vn 0.0463 0.9980 -0.0440
vn 0.4723 -0.6969 -0.5397
vn -0.9985 -0.0144 0.0529
vn -0.9940 0.0490 0.0975
vn -0.9409 0.0353 0.3369
vn 0.8346 0.5206 -0.1798
vn -0.1411 0.0598 -0.9882
vn 0.9832 -0.1011 0.1520
vn 0.4066 0.0973 0.9084
vn 0.6655 0.4282 0.6114
vn 0.4579 -0.6450 -0.6119
vn 0.8100 -0.3708 0.4543
vn 0.0265 -0.6455 0.7633
vn -0.2032 0.1239 0.9713
vn -0.1367 -0.4814 0.8657
vn 0.8318 -0.1529 -0.5336
vn -0.9590 0.1277 0.2532
vn -0.9873 0.1278 -0.0940
vn -0.9400 -0.3017 0.1591
vn -0.7483 -0.6465 0.1487
vn -0.7667 -0.4399 0.4677
vn 0.1069 0.0298 -0.9938
vn -0.9964 -0.0067 0.0850
vn -0.6079 -0.1713 0.7753
vn -0.4133 0.6379 0.6498
vn 0.7880 0.5873 -0.1848
vn 0.9991 -0.0285 0.0299
vn -0.9984 0.0446 -0.0356
vn 0.9584 -0.0141 -0.2852
vn 0.9231 0.0552 -0.3806
vn -0.7393 0.6728 0.0256
vn -0.1431 0.0726 -0.9870
vn 0.6093 -0.7786 -0.1502
vn -0.2730 0.3837 0.8822
vn -0.7961 0.5995 0.0829
vn -0.3502 0.3036 0.8861
vn 0.0715 0.9781 0.1954
vn -0.1211 0.2506 0.9605
vn -0.0179 0.0576 -0.9982
vn -0.0623 -0.1527 -0.9863
vn -0.3704 -0.0971 0.9238
vn -0.7231 -0.5893 -0.3602
vn -0.4724 0.4301 -0.7693
vn -0.5572 -0.4087 -0.7228
vn -0.2181 0.1407 -0.9657
vn 0.1421 -0.0850 -0.9862
vn -0.1116 -0.2466 -0.9627
vn -0.8040 0.0338 -0.5936
vn -0.6679 -0.0797 -0.7400
vn -0.5325 0.4965 -0.6855
vn -0.1929 0.3393 -0.9207
vn -0.3541 0.2380 -0.9044
vn -0.4797 -0.2698 -0.8350
vn 0.1355 0.8890 -0.4374
vn 0.0450 0.9374 -0.3454
vn -0.0644 -0.0576 -0.9963
vn -0.0732 -0.6783 -0.7311
vn -0.0420 0.0685 -0.9968
vn -0.8335 -0.5497 -0.0558
vn -0.0738 0.1135 -0.9908
vn -0.2537 -0.0447 -0.9663
vn 0.0219 0.0268 -0.9994
vn -0.3206 0.8898 0.3247
vn 0.1322 0.0890 0.9872
vn -0.4096 0.3098 0.8580
vn -0.7537 0.0088 0.6572
vn 0.0521 -0.9819 -0.1823
vn 0.3397 -0.1262 -0.9320
vn 0.7097 -0.7039 -0.0301
vn 0.0010 0.9940 -0.1096
vn 0.0050 -0.1428 -0.9897
vn 0.0851 -0.1515 0.9848
vn 0.5129 -0.8024 0.3050
vn 0.1417 0.3063 0.9413
vn -0.0024 -0.3833 -0.9236
vn 0.2876 -0.8506 -0.4403
vn 0.0040 -0.9980 -0.0636
vn 0.0108 -0.0322 -0.9994
vn -0.6176 -0.5976 0.5113
vn -0.5430 0.7817 0.3068
vn -0.0312 -0.1399 -0.9897
vn 0.1732 -0.8406 -0.5132
vn 0.0100 0.3810 0.9245
vn -0.1249 -0.2458 0.9612
vn -0.2341 0.0018 0.9722
vn -0.0018 -0.0339 -0.9994
vn 0.1170 0.4448 -0.8879
vn -0.0803 0.1625 0.9834
vn -0.0328 0.0979 -0.9947
vn 0.4900 -0.6383 0.5936
vn 0.3570 -0.3647 0.8600
vn 0.3337 -0.7304 -0.5959
vn -0.6107 -0.6480 -0.4550
vn -0.0961 0.9502 -0.2965
vn -0.0612 -0.0726 -0.9955
vn -0.0145 -0.0114 0.9998
vn -0.0218 -0.7874 -0.6161
vn -0.0212 -0.1346 -0.9907
vn -0.4282 0.2141 0.8779
vn -0.8065 0.4094 0.4265
vn -0.2616 -0.9493 -0.1744
vn -0.0233 -0.4732 0.8806
vn 0.1992 -0.1451 -0.9692
vn 0.0086 -0.0081 0.9999
vn -0.0011 0.0553 0.9985
vn 0.0012 -0.0030 -1.0000
vn 0.0129 -0.0778 -0.9969
vn -0.8491 0.4554 -0.2676
vn 0.0360 -0.9221 -0.3853
vn -0.0277 -0.5927 -0.8050
vn -0.0308 -0.4180 -0.9079
vn 0.5293 -0.4954 -0.6888
vn 0.0809 -0.9845 0.1556
vn -0.6910 0.2205 -0.6884
vn 0.4500 0.8896 -0.0783
vn 0.1734 0.6101 0.7731
vn 0.4861 0.2768 -0.8289
vn 0.7683 0.3977 -0.5016
vn 0.8377 -0.0301 -0.5453
vn -0.0229 -0.9132 0.4068
vn -0.0795 0.5591 -0.8253
vn 0.1792 0.8733 0.4530
vn 0.2162 0.9596 0.1802
vn 0.1264 -0.9894 0.0710
vn 0.0694 0.9378 0.3402
vn 0.1262 -0.9061 -0.4037
vn 0.0559 -0.9869 -0.1513
vn 0.4315 -0.8855 -0.1724
vn 0.0177 0.9867 0.1617
vn -0.0735 0.9851 0.1557
vn -0.0762 0.9831 -0.1663
vn 0.9923 0.1099 0.0573
vn -0.0735 0.1802 0.9809
vn -0.5033 0.2954 -0.8121
vn 0.1160 -0.9296 -0.3497
vn 0.0098 -0.9684 -0.2491
vn -0.4865 0.5110 0.7086
vn -0.4913 0.7427 -0.4550
vn -0.9634 -0.2661 -0.0325
vn -0.1503 0.9807 0.1252
vn 0.4700 -0.4141 0.7795
vn -0.2702 -0.5432 0.7949
vn 0.0957 0.5007 0.8603
vn 0.1038 -0.0892 0.9906
vn -0.9762 0.0292 0.2147
vn -0.2907 -0.6497 -0.7024
vn -0.3247 0.6125 0.7207
vn -0.9975 0.0545 -0.0454
vn -0.9569 0.2817 0.0703
vn -0.9995 -0.0150 -0.0290
vn -0.9985 -0.0159 0.0526
vn -0.9991 0.0029 0.0417
vn -0.9070 0.3191 -0.2749
vn -0.4103 -0.7541 0.5129
vn -0.9982 -0.0435 0.0421
vn -0.7529 0.6488 0.1105
vn -0.9062 0.1294 -0.4026
vn -1.0000 0.0043 0.0033
vn -0.9498 0.0658 -0.3059
vn -0.3002 -0.0337 0.9533
vn -0.5920 0.4077 0.6952
vn -0.9494 -0.2303 0.2136
vn -0.6619 0.3446 0.6657
vn -0.9974 0.0164 -0.0704
vn -0.9774 0.2026 0.0606
vn -0.9997 -0.0001 -0.0262
vn -0.9375 -0.0295 0.3468
vn -0.6953 0.0117 -0.7186
vn -0.7594 -0.0233 0.6502
vn -0.1620 -0.2816 0.9458
vn -0.9970 0.0460 -0.0619
vn -0.9991 -0.0005 0.0414
vn -0.9991 0.0368 0.0215
vn -0.6215 -0.1196 -0.7742
vn -0.0078 -0.0209 0.9998
vn -0.0176 0.0493 0.9986
vn -0.4489 -0.4167 -0.7905
vn -0.7664 0.0196 0.6420
vn -0.9960 0.0059 0.0891
vn -0.8807 -0.0082 0.4735
vn -0.0137 0.0405 0.9991
vn -0.9869 -0.0128 0.1611
vn -0.4381 -0.0876 -0.8946
vn -0.0425 0.0773 -0.9961
vn -0.0795 0.0591 -0.9951
vn -0.0835 0.0380 -0.9958
vn -0.0824 0.9448 -0.3170
vn -0.2045 -0.0767 -0.9759
vn -0.1198 -0.9270 -0.3553
vn -0.4044 0.0372 0.9138
vn 0.0165 0.2938 0.9557
vn -0.3538 -0.0845 0.9315
vn -0.0030 -0.0109 -0.9999
vn -0.0327 0.0980 -0.9947
vn 0.0093 0.0861 -0.9962
vn 0.2135 0.9709 0.1084
vn -0.0514 -0.3569 -0.9327
vn 0.0513 0.0887 0.9947
vn -0.1569 -0.0324 0.9871
vn 0.4474 0.7542 0.4806
vn 0.3390 0.5266 -0.7796
vn 0.5280 -0.3938 -0.7524
vn -0.4059 -0.7297 -0.5503
vn 0.0435 0.9183 -0.3934
vn -0.9828 0.1165 -0.1431
vn -0.1050 -0.0093 -0.9944
vn -0.7205 -0.4761 0.5042
vn -0.0059 -0.0060 1.0000
vn -0.6735 0.6800 0.2900
vn -0.3729 -0.7383 -0.5621
vn 0.8467 0.2933 0.4440
vn 0.6718 -0.0244 -0.7404
vn -0.5718 0.3270 -0.7524
vn -0.1252 0.0762 -0.9892
vn -0.0036 0.8117 0.5841
vn -0.0353 0.6640 0.7469
vn 0.5918 0.7677 0.2459
vn -0.0975 0.0802 -0.9920
vn 0.0727 0.9917 -0.1063
vn -0.2490 0.9027 -0.3509
vn -0.0335 0.2301 -0.9726
vn 0.1215 0.0311 0.9921
vn -0.1504 0.0832 0.9851
vn 0.2120 0.6800 -0.7019
vn 0.0012 -0.0406 -0.9992
vn -0.0290 -0.0162 0.9994
vn -0.0110 -0.0882 -0.9960
vn 0.0252 0.0107 -0.9996
vn 0.6713 0.1556 -0.7246
vn 0.0402 0.0363 -0.9985
vn 0.0341 -0.0385 -0.9987
vn 0.5395 0.3381 -0.7711
vn 0.0114 -0.0161 0.9998
vn 0.2952 -0.2827 -0.9127
vn 0.0068 -0.2200 -0.9755
vn 0.4497 -0.8468 0.2840
vn 0.7179 -0.0542 -0.6940
vn -0.2288 -0.3870 -0.8932
vn -0.0310 0.0574 0.9979
vn -0.8077 0.0274 0.5890
vn 0.0634 0.0176 -0.9978
vn 0.6332 -0.0211 0.7737
vn 0.4740 -0.8275 -0.3009
vn -0.0839 0.1862 -0.9789
vn 0.1563 0.1750 0.9721
vn 0.8819 0.0756 0.4654
vn 0.0645 0.0153 0.9978
vn -0.0470 0.9723 -0.2288
vn 0.3189 0.6390 -0.7000
vn -0.0374 0.8115 0.5831
vn -0.2020 0.9792 0.0184
vn -0.0778 -0.0101 0.9969
vn -0.3094 0.8111 0.4964
vn 0.4557 0.8519 0.2582
vn -0.0755 0.0197 -0.9970
vn -0.1455 0.0909 -0.9852
vn -0.1627 0.0175 -0.9865
vn 0.5091 -0.0743 -0.8575
vn 0.6257 0.7369 -0.2556
vn 0.1427 -0.0004 -0.9898
vn 0.9779 -0.1603 0.1344
vn 0.8389 0.2802 0.4666
vn 0.9892 0.0789 -0.1234
vn 0.5107 -0.8597 0.0100
vn 0.8334 -0.1836 0.5213
vn 0.0108 -0.9930 -0.1179
vn 0.0105 -0.9951 0.0979
vn 0.4168 0.5051 0.7558
vn 0.0873 -0.9962 0.0067
vn 0.0710 -0.9257 -0.3715
vn 0.7872 0.4584 0.4125
vn 0.0445 0.9935 -0.1045
vn 0.0250 0.2784 0.9601
vn 0.8392 0.5405 0.0595
vn -0.0051 -0.9980 0.0632
vn 0.0064 -0.9991 -0.0424
vn -0.3457 -0.8897 0.2983
vn -0.2693 0.8387 0.4734
vn 0.0688 0.0469 0.9965
vn -0.3369 0.4676 0.8172
vn 0.0015 -0.0174 -0.9998
vn -0.2497 -0.6740 -0.6953
vn 0.0960 0.9884 0.1177
vn 0.0004 0.1392 -0.9903
vn -0.0014 0.0131 -0.9999
vn 0.1531 -0.1093 -0.9821
vn 0.0445 -0.6935 -0.7191
vn 0.6676 0.0710 0.7412
vn -0.4341 0.8540 0.2867
vn -0.0746 -0.2732 -0.9591
vn -0.0678 -0.8652 -0.4969
vn -0.5218 -0.3082 -0.7955
vn -0.0291 -0.5456 0.8375
vn 0.0323 -0.6392 0.7683
vn -0.1267 0.2451 -0.9612
vn 0.6498 -0.0280 0.7596
vn 0.4760 -0.0340 0.8788
vn 0.3843 -0.9158 0.1171
vn -0.0038 -0.0123 -0.9999
vn -0.0124 0.0129 -0.9998
vn 0.1537 0.0184 -0.9879
vn 0.4329 -0.8050 0.4057
vn -0.4083 0.7761 -0.4806
vn -0.5998 0.8002 -0.0010
vn -0.3822 0.6086 -0.6954
vn 0.9149 0.4033 0.0195
vn -0.0774 0.9967 -0.0227
vn -0.6494 0.6240 -0.4347
vn -0.1672 0.9858 0.0171
vn -0.1883 0.9537 0.2344
vn 0.0028 -0.0097 0.9999
vn -0.1965 -0.4856 -0.8518
vn -0.0964 -0.9741 -0.2044
vn -0.0315 0.0654 -0.9974
vn 0.4882 -0.8401 0.2363
vn 0.0188 -0.4088 0.9124
vn 0.0509 -0.9983 0.0299
vn -0.4602 0.7844 0.4159
vn -0.0037 -0.0950 0.9955
vn 0.0055 0.0002 1.0000
vn -0.9323 0.0555 0.3575
vn -0.3505 0.9282 -0.1250
vn 0.1318 -0.0431 -0.9903
vn -0.3631 0.1391 0.9213
vn 0.0604 -0.0562 0.9966
vn 0.4944 -0.5928 0.6357
vn -0.7271 -0.5189 0.4494
vn -0.8725 -0.1067 0.4768
vn -0.0711 -0.0128 0.9974
vn 0.0313 -0.0496 -0.9983
vn 0.3795 0.2997 -0.8753
vn 0.5510 0.4824 -0.6810
vn 0.0304 0.0180 -0.9994
vn 0.0530 0.0202 -0.9984
vn 0.1235 -0.9892 0.0784
vn 0.1101 0.9349 -0.3373
vn -0.0531 -0.0544 -0.9971
vn 0.1185 0.6897 0.7143
vn 0.1254 0.0137 -0.9920
vn 0.0719 -0.0133 0.9973
vn -0.0274 0.0688 0.9973
vn 0.7999 0.0481 0.5982
vn -0.0386 -0.0472 0.9981
vn 0.0413 0.0025 0.9991
vn -0.0140 -0.3074 0.9515
vn 0.7622 0.6429 0.0756
vn 0.9897 0.0987 -0.1038
vn 0.4799 0.4280 0.7658
vn 0.1129 0.0862 0.9899
vn 0.4971 -0.0538 0.8660
vn 0.6170 -0.1065 0.7797
vn -0.1693 0.1629 0.9720
vn -0.6756 -0.7306 0.0988
vn 0.2501 0.1712 0.9530
vn -0.2072 -0.3364 0.9186
vn 0.0337 -0.0417 0.9986
vn 0.2487 -0.0412 0.9677
vn 0.9943 -0.0838 0.0660
vn 0.2256 0.0377 0.9735
vn 0.9503 -0.0486 -0.3074
vn 0.0214 -0.1242 -0.9920
vn 0.0596 -0.0601 -0.9964
vn 0.1733 0.0319 -0.9844
vn 0.9891 0.0990 0.1088
vn 0.9868 -0.1342 0.0906
vn 0.7738 0.6317 -0.0463
vn 0.2240 0.9706 -0.0878
vn -0.0224 0.0355 -0.9991
vn 0.5489 0.0179 0.8357
vn 0.2476 -0.0908 0.9646
vn -0.0931 -0.9118 -0.4000
vn -0.0714 -0.2040 -0.9764
vn -0.5134 -0.3212 -0.7958
vn -0.4821 0.8085 0.3374
vn -0.9501 0.3118 -0.0120
vn 0.0700 0.1127 -0.9912
vn -0.0154 -0.0966 -0.9952
vn -0.2431 0.5783 0.7787
vn -0.5319 0.8454 0.0485
vn 0.0004 -0.9955 -0.0945
vn -0.3865 -0.8061 0.4481
vn -0.5386 0.5562 0.6329
vn 0.8698 0.0429 0.4915
vn 0.7141 0.0855 -0.6948
vn -0.8825 -0.4221 0.2074
vn 0.4694 -0.0385 0.8821
vn 0.8513 0.5247 -0.0023
vn 0.8301 -0.5571 0.0247
vn -0.4781 0.8716 -0.1081
vn 0.5583 -0.7737 0.2993
vn -0.2021 0.3090 -0.9293
vn 0.5391 -0.3043 -0.7854
vn 0.9799 0.1897 -0.0620
vn 0.6735 0.4916 -0.5521
vn 0.7721 -0.3230 0.5473
vn 0.8310 -0.2896 -0.4750
vn 0.8898 -0.0010 0.4563
vn 0.7844 0.4291 0.4479
vn 0.0506 -0.0123 0.9986
vn 0.0166 -0.6206 0.7839
vn -0.0093 -0.0201 0.9998
vn -0.0549 0.3123 0.9484
vn 0.2980 0.5014 0.8123
vn 0.6794 0.0814 0.7292
vn 0.5665 0.3187 0.7599
vn 0.5973 -0.7340 0.3231
vn 0.2173 -0.3540 -0.9097
vn 0.9772 -0.1934 -0.0879
vn 0.9457 0.2542 0.2027
vn 0.7921 0.5667 -0.2266
vn 0.9670 0.0793 0.2422
vn 0.6530 -0.7479 -0.1193
vn 0.8849 0.0552 0.4624
vn 0.4334 -0.9012 -0.0043
vn 0.5088 -0.0360 0.8601
vn -0.3914 0.5841 -0.7111
vn 0.7089 0.3108 -0.6332
vn 0.1752 0.9844 -0.0136
vn 0.0113 -0.0518 -0.9986
vn 0.9907 -0.1287 -0.0438
vn 0.9640 -0.2258 0.1404
vn 0.2010 0.0177 -0.9794
vn 0.3968 0.0783 -0.9146
vn 0.7941 -0.1781 -0.5811
vn -0.0263 -0.0076 -0.9996
vn 0.1344 -0.0532 -0.9895
vn -0.0208 -0.2104 -0.9774
vn 0.1782 0.0833 -0.9805
vn 0.5753 -0.7449 0.3379
vn 0.4501 -0.8848 0.1202
vn 0.0896 -0.6450 0.7589
vn 0.2994 -0.2080 -0.9312
vn 0.7974 0.5997 0.0679
vn 0.5696 0.4560 0.6838
vn 0.3840 -0.8536 0.3519
vn 0.3615 -0.7565 0.5450
vn -0.0921 -0.9789 -0.1823
vn 0.5008 -0.4248 0.7541
vn -0.0230 -0.0119 0.9997
vn 0.0125 0.0079 -0.9999
vn 0.8364 0.3867 -0.3884
vn -0.0287 0.1197 -0.9924
vn -0.0047 0.0668 -0.9978
vn 0.1469 0.2287 -0.9623
vn 0.3515 -0.6998 0.6219
vn -0.2668 0.1519 0.9517
vn 0.1370 -0.3636 -0.9214
vn 0.0766 -0.1776 0.9811
vn 0.7906 -0.5875 0.1728
vn -0.6834 -0.6042 0.4098
vn -0.4656 -0.5594 -0.6858
vn 0.4050 -0.8623 -0.3039
vn 0.0035 0.9998 -0.0178
vn 0.1655 0.9273 -0.3359
vn 0.0454 0.8745 -0.4828
vn 0.0354 0.9919 -0.1218
vn 0.5418 -0.6908 -0.4789
vn 0.0105 -0.0144 -0.9998
vn -0.2961 0.8834 0.3632
vn 0.7377 -0.0639 -0.6721
vn 0.9358 0.0526 0.3487
vn -0.5748 0.7509 -0.3251
vn 0.9923 -0.1148 -0.0456
vn 0.3170 -0.4984 -0.8069
vn 0.6617 -0.7495 0.0193
vn 0.8763 -0.4817 0.0034
vn 0.0509 -0.0875 0.9949
vn -0.1472 -0.2292 -0.9622
vn -0.1150 0.9599 0.2556
vn 0.4413 0.6030 -0.6646
vn 0.9939 0.0208 0.1083
vn 0.2375 -0.5321 0.8127
vn 0.5899 -0.5786 0.5632
vn -0.2094 0.3782 -0.9017
vn 0.1002 0.7425 -0.6623
vn 0.2177 0.0689 -0.9736
vn 0.0624 -0.4988 0.8645
vn -0.0028 -0.1344 0.9909
vn 0.3740 -0.5343 -0.7580
vn -0.3470 0.9373 -0.0310
vn -0.7303 0.6807 -0.0572
vn 0.3728 -0.8131 -0.4471
vn 0.4013 -0.3770 0.8347
vn 0.5962 -0.7703 -0.2263
vn 0.7267 -0.4791 0.4922
vn 0.6497 -0.3223 -0.6885
vn -0.2148 0.9767 -0.0020
vn 0.4874 0.7835 -0.3855
vn 0.7267 -0.5379 0.4273
vn 0.1293 -0.3042 -0.9438
vn 0.0249 -0.0372 -0.9990
vn 0.4235 -0.5951 -0.6830
vn 0.1164 -0.1695 -0.9786
vn 0.0489 -0.2205 0.9742
vn -0.0967 0.8729 0.4783
vn -0.0031 0.0438 0.9990
vn -0.5311 0.7412 0.4104
vn -0.0427 0.2085 0.9771
vn -0.1756 0.1613 0.9712
vn -0.1410 0.0208 0.9898
vn -0.2946 0.9555 0.0152
vn -0.2811 0.9596 0.0148
vn -0.2568 0.9449 0.2033
vn 0.4667 -0.8812 0.0751
vn 0.8046 -0.5833 -0.1113
vn 0.3078 -0.9081 0.2840
vn 0.9805 -0.1957 0.0164
vn 0.7623 -0.6466 0.0283
vn -0.2371 0.9688 -0.0718
vn 0.3570 -0.9337 -0.0266
vn 0.8884 -0.4561 0.0527
vn 0.4102 0.7815 0.4701
vn 0.5098 -0.8574 0.0703
vn -0.7185 0.6870 -0.1086
vn -0.6311 0.7751 0.0311
vn -0.8287 0.4764 0.2938
vn -0.9825 0.1278 -0.1353
vn 0.7338 0.0900 -0.6734
vn -0.1873 0.7415 -0.6442
vn 0.1218 0.9851 -0.1215
vn 0.6292 -0.7741 0.0698
vn 0.9480 -0.2919 -0.1266
vn 0.0377 -0.6553 -0.7544
vn 0.1122 -0.8410 0.5293
vn -0.0327 0.9174 0.3966
vn -0.5231 -0.2285 0.8211
vn 0.5504 0.8020 0.2320
vn -0.1526 0.9880 0.0216
vn -0.1496 0.9887 -0.0001
vn -0.0926 0.9957 -0.0063
vn 0.0019 0.2595 -0.9657
vn -0.1553 0.9876 0.0212
vn 0.9749 -0.2190 -0.0399
vn 0.9111 -0.1668 -0.3770
vn -0.1689 -0.7936 -0.5846
vn 0.1618 -0.8975 0.4101
vn 0.3411 -0.9296 0.1396
vn 0.7008 -0.6437 0.3074
vn 0.1543 -0.9297 0.3344
vn -0.1493 0.5623 -0.8134
vn 0.1029 -0.9945 0.0198
vn 0.3380 -0.9411 0.0074
vn 0.3728 -0.9193 -0.1264
vn -0.7944 0.5910 -0.1403
vn -0.4504 0.4781 0.7540
vn 0.5527 -0.4876 0.6758
vn -0.0028 -0.0183 0.9998
vn -0.0025 -0.0268 0.9996
vn -0.0471 0.1356 0.9896
vn 0.4328 -0.5451 0.7180
vn 0.1200 -0.3031 0.9454
vn 0.9104 -0.1768 -0.3741
vn 0.3336 -0.1730 -0.9267
vn 0.0815 -0.0245 -0.9964
vn 0.4184 -0.8034 -0.4237
vn 0.5469 -0.2286 0.8054
vn 0.0581 -0.6259 0.7778
vn 0.5446 0.6384 0.5440
vn 0.9001 -0.3719 0.2270
vn 0.8198 -0.5704 -0.0502
vn 0.6645 -0.7448 0.0602
vn 0.7686 -0.5876 -0.2528
vn 0.2766 -0.0805 -0.9576
vn 0.9329 -0.3279 -0.1486
vn 0.8029 -0.5901 -0.0846
vn 0.6283 -0.7779 0.0102
vn 0.5062 -0.8606 0.0562
vn 0.9096 -0.3940 -0.1319
vn 0.0627 -0.9940 0.0899
vn 0.3297 -0.9441 -0.0029
vn 0.1823 0.2797 0.9426
vn 0.6814 0.0827 0.7272
vn 0.2077 -0.9552 0.2107
vn 0.4770 -0.1488 0.8662
vn 0.9424 -0.1220 0.3114
vn 0.8602 0.5052 -0.0699
vn 0.5530 -0.8297 0.0760
vn 0.3678 -0.9267 -0.0764
vn 0.5209 -0.8495 -0.0836
vn 0.8324 -0.2598 0.4895
vn -0.0193 0.0269 0.9995
vn 0.0541 0.1768 0.9828
vn 0.1619 0.9868 -0.0026
vn 0.6179 -0.2724 0.7375
vn -0.0184 -0.0201 0.9996
vn 0.0324 -0.2952 0.9549
vn -0.0014 -0.1652 0.9863
vn -0.4850 -0.8164 -0.3136
vn -0.6077 -0.6937 -0.3866
vn -0.1911 -0.9773 -0.0915
vn -0.4096 0.0137 -0.9122
vn -0.0444 -0.1735 -0.9838
vn -0.0089 0.0843 -0.9964
vn -0.0387 -0.2674 -0.9628
vn 0.2091 -0.9775 0.0286
vn 0.0705 -0.9971 -0.0300
vn -0.0035 0.0265 -0.9996
vn 0.0157 -0.0033 -0.9999
vn -0.0672 -0.5067 -0.8595
vn -0.0307 0.0780 0.9965
vn 0.2441 0.0664 0.9675
vn 0.8042 -0.4884 0.3387
vn 0.4676 -0.3873 0.7946
vn -0.0973 0.7023 -0.7052
vn 0.9183 -0.3006 -0.2577
vn 0.9550 -0.2537 -0.1537
vn 0.6958 -0.3458 0.6296
vn 0.1064 -0.9916 0.0733
vn 0.2728 -0.9551 0.1159
vn 0.9746 0.2073 0.0847
vn 0.7901 0.5465 -0.2778
vn 0.3584 -0.9334 0.0201
vn 0.9499 -0.2466 -0.1920
vn 0.2914 -0.9564 -0.0178
vn 0.2219 -0.9731 0.0620
vn 0.9790 -0.2032 -0.0189
vn 0.2854 -0.9584 -0.0058
vn 0.2868 -0.5756 -0.7657
vn 0.7654 -0.6414 0.0530
vn -0.3562 0.9064 0.2271
vn -0.7677 0.4012 0.4996
vn -0.1986 0.5689 0.7980
vn 0.5528 0.7135 -0.4305
vn -0.0540 -0.3842 -0.9217
vn -0.4164 -0.3434 -0.8419
vn -0.2386 -0.4612 -0.8546
vn -0.5130 -0.5839 0.6292
vn 0.1371 -0.9870 0.0835
vn 0.9762 -0.0532 -0.2102
vn 0.9373 -0.3370 -0.0885
vn 0.4941 -0.1631 -0.8540
vn 0.6532 0.7572 0.0020
vn 0.6430 -0.7523 0.1435
vn 0.1199 -0.9927 0.0109
vn 0.1200 -0.9922 0.0340
vn -0.0205 -0.9998 0.0071
vn -0.1628 -0.8571 0.4888
vn 0.0843 -0.9960 0.0300
vn 0.3547 -0.6718 0.6503
vn 0.0903 -0.2154 0.9723
vn 0.3384 0.5264 0.7800
vn 0.0235 -0.9983 -0.0525
vn -0.0335 -0.9686 0.2465
vn 0.1141 -0.9890 -0.0938
vn 0.2991 0.6326 -0.7144
vn -0.0117 -0.0344 0.9993
vn -0.5966 -0.8020 0.0306
vn 0.5758 0.4341 0.6929
vn -0.0725 -0.9973 0.0100
vn 0.1673 0.1463 -0.9750
vn 0.0566 -0.7715 0.6337
vn 0.1230 0.0421 0.9915
vn 0.2463 -0.6908 0.6798
vn 0.2201 0.0822 -0.9720
vn 0.0237 -0.0596 -0.9979
vn 0.0259 0.1692 -0.9852
vn -0.0483 0.8879 -0.4575
vn 0.3181 -0.5928 -0.7399
vn 0.0219 0.0329 -0.9992
vn 0.0003 -0.0413 -0.9991
vn -0.0149 -0.9775 0.2106
vn -0.2419 -0.7333 0.6354
vn 0.1049 -0.9576 0.2683
vn 0.0002 -0.9962 -0.0871
vn -0.1087 -0.9643 -0.2415
vn 0.0240 -0.0355 0.9991
vn 0.0994 -0.9795 -0.1752
vn -0.1635 0.9844 -0.0652
vn -0.0348 -0.9989 0.0311
vn -0.4721 -0.3197 0.8215
vn -0.4520 0.8917 -0.0214
vn 0.0350 -0.0350 -0.9988
vn -0.0594 -0.0332 -0.9977
vn -0.4778 0.3665 -0.7984
vn -0.0689 0.9286 0.3647
vn -0.0765 0.4338 0.8978
vn -0.8738 0.4863 -0.0010
vn -0.8764 0.4791 -0.0490
vn 0.7376 0.5397 -0.4059
vn 0.5878 0.2163 -0.7796
vn -0.6907 -0.3088 -0.6539
vn -0.4681 0.2709 -0.8411
vn -0.8072 0.5876 0.0566
vn -0.3804 -0.9239 0.0418
vn -0.0784 0.9955 0.0523
vn 0.4685 -0.6037 -0.6450
vn -0.1827 0.3657 -0.9126
vn -0.3162 -0.5702 0.7582
vn -0.1123 0.9932 -0.0305
vn -0.2585 0.9608 0.1002
vn -0.0071 0.9865 0.1633
vn -0.3979 0.9174 0.0084
vn -0.0145 0.0665 -0.9977
vn 0.4193 0.4475 0.7899
vn 0.1534 0.0542 -0.9867
vn 0.0689 -0.0906 -0.9935
vn -0.0107 0.0371 0.9993
vn 0.0116 0.0533 0.9985
vn -0.4577 0.6029 0.6535
vn 0.3483 -0.6927 -0.6315
vn -0.7876 0.3559 0.5031
vn -0.0510 0.0068 -0.9987
vn -0.0797 0.0903 -0.9927
vn -0.0387 0.4101 0.9112
vn -0.9043 0.0276 -0.4259
vn -0.9908 0.0652 -0.1184
vn 0.6155 0.7880 -0.0133
vn 0.0125 0.2937 -0.9558
vn -0.2107 -0.0775 -0.9745
vn -0.9646 -0.2566 0.0603
vn 0.2556 -0.9097 0.3273
vn 0.0020 1.0000 0.0028
vn 0.0023 1.0000 -0.0062
vn -0.4908 -0.4197 0.7635
vn -0.0078 -0.9988 -0.0486
vn 0.0660 -0.9977 -0.0175
vn -0.6710 -0.7246 -0.1571
vn 0.6368 -0.7354 0.2316
vn 0.8059 -0.1438 -0.5744
vn 0.6003 -0.3900 -0.6983
vn 0.0503 0.0666 -0.9965
vn 0.5771 -0.4838 0.6579
vn 0.5980 -0.6781 0.4273
vn 0.7539 -0.0422 0.6556
vn -0.2663 0.6188 -0.7390
vn 0.4350 -0.8722 -0.2239
vn 0.8968 -0.4413 0.0322
vn 0.4708 -0.8546 -0.2192
vn 0.3095 -0.4871 0.8166
vn 0.0134 0.1228 -0.9923
vn -0.3945 0.6195 -0.6786
vn 0.2104 0.3207 -0.9235
vn 0.2752 0.9396 -0.2035
vn 0.8200 0.1084 0.5620
vn 0.5450 0.3870 0.7438
vn -0.3101 -0.6464 0.6972
vn -0.4706 0.8815 -0.0389
vn 0.1034 -0.9331 0.3444
vn -0.0986 0.9543 0.2822
vn -0.1361 0.1030 0.9853
vn -0.6729 -0.3106 0.6714
vn -0.8536 0.0231 0.5204
vn -0.9722 -0.0440 -0.2301
vn -0.6869 -0.1764 -0.7050
vn -0.1625 0.1905 0.9681
vn -0.6661 -0.0066 0.7459
vn -0.5775 0.7245 0.3763
vn -0.9422 -0.0015 -0.3351
vn -0.2205 -0.1520 0.9635
vn -0.6085 0.6515 -0.4531
vn -0.2436 -0.1266 -0.9616
vn -0.1227 0.0973 -0.9877
vn 0.0977 -0.3655 -0.9257
vn 0.0378 -0.0455 -0.9982
vn 0.6217 -0.7831 0.0139
vn 0.7347 -0.6111 -0.2947
vn 0.7464 -0.6650 -0.0268
vn 0.2262 0.0563 0.9725
vn -0.1672 -0.9402 -0.2967
vn -0.5397 -0.5954 0.5952
vn -0.3913 -0.9197 -0.0313
vn -0.2887 -0.9558 0.0565
vn 0.2157 -0.9762 -0.0225
vn -0.2724 -0.8491 0.4526
vn -0.1729 -0.2520 0.9522
vn -0.2882 -0.9576 -0.0002
vn -0.4364 -0.8368 -0.3307
vn -0.0956 0.3888 0.9164
vn -0.3703 -0.8490 -0.3768
vn 0.0042 -0.7548 -0.6559
vn -0.0852 0.0159 -0.9962
vn -0.0535 0.0295 -0.9981
vn -0.0579 0.1439 -0.9879
vn -0.1401 0.4651 0.8741
vn 0.3074 -0.4465 -0.8403
vn -0.1912 0.0778 0.9785
vn -0.3570 -0.0881 0.9299
vn -0.0310 0.0385 0.9988
vn -0.0140 0.0022 -0.9999
vn -0.2515 0.4888 -0.8354
vn -0.0424 0.0211 -0.9989
vn 0.2709 -0.9587 -0.0869
vn 0.4870 -0.8633 0.1322
vn -0.7124 -0.6990 -0.0618
vn -0.3119 -0.8708 0.3801
vn -0.0795 -0.7697 0.6334
vn 0.0012 1.0000 -0.0071
vn 0.0048 1.0000 -0.0029
vn 0.1062 0.8206 -0.5615
vn -0.7506 0.6568 0.0720
vn -0.1949 0.1104 -0.9746
vn -0.1108 0.0474 -0.9927
vn 0.0310 -0.0915 -0.9953
vn -0.0044 -0.7839 -0.6209
vn -0.1594 -0.5898 -0.7917
vn -0.2482 0.0355 0.9680
vn -0.0611 -0.6428 0.7636
vn -0.3087 -0.6653 0.6798
vn -0.0027 0.9993 0.0366
vn -0.9958 -0.0901 0.0154
vn -0.3519 -0.1691 0.9206
vn -0.4678 -0.1101 -0.8770
vn -0.9448 0.2519 0.2095
vn 0.3907 -0.2465 0.8869
vn -0.9634 0.0703 0.2586
vn -0.7253 -0.6884 0.0062
vn -0.2721 0.5884 0.7614
vn -0.1277 -0.0784 -0.9887
vn -0.9149 0.3966 -0.0758
vn -0.0032 -0.0094 1.0000
vn -0.9608 -0.2475 0.1251
vn -0.2072 0.6639 -0.7186
vn -0.9602 0.0564 -0.2737
vn -0.4664 -0.0922 0.8798
vn -0.0234 -0.3597 -0.9328
vn -0.7534 -0.4860 -0.4429
vn 0.2296 -0.6381 -0.7349
vn 0.2209 -0.2295 -0.9479
vn -0.1378 0.0177 0.9903
vn 0.6344 0.1365 0.7609
vn 0.0586 -0.0393 -0.9975
vn 0.3029 -0.4571 0.8362
vn 0.1295 0.0624 -0.9896
vn 0.0096 -0.4058 0.9139
vn 0.1400 -0.5099 0.8488
vn -0.5764 0.2804 -0.7676
vn -0.4900 -0.1794 -0.8531
vn 0.6189 -0.7854 -0.0080
vn -0.8749 0.4788 0.0731
vn -0.2536 0.9658 0.0548
vn -0.6744 0.7383 -0.0023
vn -0.6762 -0.1857 0.7130
vn -0.9406 0.2499 -0.2297
vn 0.3632 -0.5303 -0.7661
vn 0.1116 0.1811 0.9771
vn 0.1418 -0.2588 0.9555
vn -0.9935 -0.0579 -0.0980
vn -0.5917 -0.5314 0.6062
vn -0.9973 0.0650 0.0331
vn -0.9876 -0.1569 -0.0099
vn -0.8536 0.5186 0.0491
vn -0.9141 0.3994 0.0705
vn -0.2224 -0.7019 -0.6767
vn -0.6729 -0.2055 0.7106
vn -0.8238 0.5421 0.1656
vn -0.0025 -1.0000 -0.0067
vn -0.4354 0.6938 0.5737
vn -0.1386 0.0256 0.9900
vn 0.9259 0.1320 0.3540
vn -0.8053 0.5872 0.0815
vn -0.1987 -0.9757 -0.0920
vn 0.3421 0.0592 -0.9378
vn 0.7341 -0.6724 0.0947
vn 0.5165 -0.5320 0.6710
vn 0.0084 -0.0183 0.9998
vn 0.0220 -0.0235 0.9995
vn 0.0542 -0.0233 0.9983
vn -0.0002 0.0046 1.0000
vn 0.1083 -0.1890 0.9760
vn -0.5555 0.1052 -0.8249
vn -0.0144 -0.0098 0.9998
vn -0.3882 0.6771 0.6251
vn -0.0363 0.0016 0.9993
vn 0.7061 -0.6997 -0.1085
vn -0.2284 0.0680 0.9712
vn -0.0449 -0.0383 -0.9983
vn 0.2630 -0.0522 -0.9634
vn 0.4623 -0.4275 -0.7769
vn 0.7965 -0.2257 -0.5610
vn 0.2554 -0.1369 -0.9571
vn 0.2867 0.1813 -0.9407
vn -0.1468 0.4587 -0.8764
vn 0.4451 -0.0637 0.8932
vn -0.2405 0.4815 -0.8428
vn -0.4064 0.9137 0.0064
vn 0.5419 0.6450 0.5389
vn 0.1962 -0.4502 0.8711
vn -0.3668 0.6077 -0.7044
vn 0.0562 -0.0668 -0.9962
vn 0.7054 0.1616 -0.6902
vn -0.4594 -0.7581 0.4628
vn 0.1151 0.2073 0.9715
vn -0.4472 -0.2018 -0.8714
vn -0.9653 0.2593 -0.0297
vn -0.0388 -0.0070 -0.9992
vn 0.3889 -0.2373 0.8902
vn 0.2659 -0.5049 0.8212
vn -0.3030 0.5784 -0.7574
vn 0.7318 -0.0562 -0.6792
vn -0.0601 0.1202 0.9909
vn -0.9441 0.2673 -0.1932
vn -0.7075 0.3208 0.6296
vn -0.0120 -0.0023 -0.9999
vn -0.9909 0.1344 0.0003
vn 0.0787 0.0106 -0.9968
vn 0.6713 -0.7389 -0.0589
vn 0.7860 -0.5639 0.2533
vn -0.1968 0.9803 -0.0133
vn -0.9018 -0.1798 -0.3930
vn -0.5616 -0.4153 -0.7156
vn -0.9125 -0.2370 0.3335
vn -0.9068 0.3802 0.1821
vn -0.8049 -0.4256 0.4136
vn -0.4495 0.8803 0.1520
vn 0.9109 -0.4038 -0.0847
vn -0.6080 0.5285 -0.5924
vn -0.6221 0.7824 0.0298
vn 0.0009 1.0000 -0.0028
vn 0.3973 -0.9132 -0.0910
vn -0.3129 -0.6119 0.7264
vn -0.2011 -0.9689 0.1439
vn -0.9935 -0.0900 -0.0692
vn -0.7445 0.3884 -0.5430
vn -0.3171 -0.4263 0.8471
vn -0.3997 -0.3563 -0.8446
vn 0.7875 -0.4162 0.4545
vn 0.0447 -0.4536 0.8901
vn -0.1241 -0.8983 0.4215
vn -0.0096 0.0117 0.9999
vn 0.7884 0.3197 -0.5255
vn 0.3533 -0.9338 -0.0567
vn -0.0228 0.0704 -0.9973
vn 0.7798 -0.5992 -0.1810
vn 0.5439 -0.8345 -0.0883
vn -0.5187 -0.0965 0.8495
vn 0.0021 0.0011 1.0000
vn 0.0058 0.0019 1.0000
vn -0.0454 0.0147 0.9989
vn 0.9417 0.3164 0.1146
vn 0.2555 -0.3027 0.9182
vn -0.0375 0.0016 -0.9993
vn -0.0092 0.0179 -0.9998
vn 0.0140 0.0200 -0.9997
vn -0.0286 -0.0267 -0.9992
vn 0.3507 -0.6425 -0.6814
vn 0.4696 -0.8793 -0.0800
vn -0.6164 0.7086 0.3433
vn -0.4133 0.8878 0.2023
vn -0.0797 -0.0110 0.9968
vn -0.0259 -0.0717 -0.9971
vn -0.0268 0.0687 -0.9973
vn -0.4679 0.5551 0.6877
vn -0.2665 -0.6802 -0.6829
vn 0.4901 0.1680 0.8553
vn 0.7364 -0.4073 0.5402
vn -0.4258 0.6669 -0.6116
vn 0.8772 0.4750 0.0706
vn 0.1894 -0.1163 0.9750
vn -0.2790 0.9546 -0.1045
vn -0.0521 0.2175 -0.9747
vn 0.2455 -0.7709 -0.5878
vn -0.0001 -0.1283 -0.9917
vn -0.2856 0.9195 0.2700
vn -0.2655 0.9640 -0.0139
vn -0.0330 -0.1765 -0.9838
vn 0.1121 -0.0185 -0.9935
vn -0.3429 0.6377 -0.6898
vn -0.3149 0.9054 -0.2847
vn 0.5822 0.2485 0.7742
vn 0.6498 0.7084 -0.2757
vn -0.1852 -0.9635 0.1934
vn -0.0429 0.1095 0.9931
vn 0.1627 0.1183 0.9796
vn -0.1608 -0.9864 -0.0348
vn 0.9730 -0.2308 0.0026
vn 0.6047 0.7962 -0.0210
vn 0.3734 -0.9174 -0.1380
vn 0.9971 -0.0754 0.0039
vn 0.5262 0.8499 0.0282
vn -0.2734 0.2224 -0.9358
vn -0.0828 -0.9789 0.1866
vn -0.1316 0.9779 0.1626
vn 0.9826 -0.0669 0.1733
vn -0.0613 -0.0238 0.9978
vn 0.0053 -0.0088 0.9999
vn -0.3727 0.6611 0.6512
vn -0.1433 0.0064 -0.9897
vn 0.2732 0.1662 -0.9475
vn 0.7492 -0.0214 0.6619
vn -0.6228 0.7335 0.2721
vn 0.1953 0.9697 -0.1466
vn 0.0410 0.3016 -0.9526
vn -0.0068 0.0163 -0.9998
vn -0.0393 -0.0250 -0.9989
vn 0.0554 0.0505 -0.9972
vn -0.5450 -0.4250 0.7227
vn 0.5291 -0.2585 -0.8082
vn -0.1248 -0.9817 -0.1440
vn 0.0688 0.9935 -0.0911
vn -0.6163 -0.7160 -0.3279
vn -0.4914 0.2142 -0.8442
vn -0.8731 0.1622 -0.4598
vn -0.3875 -0.8882 -0.2471
vn -0.6566 -0.7528 0.0462
vn -0.5898 -0.5634 0.5785
vn -0.5948 -0.1823 0.7830
vn -0.4982 -0.6718 -0.5482
vn -0.0479 -0.9193 0.3907
vn 0.6548 -0.5140 0.5542
vn -0.9764 0.1257 0.1755
vn -0.8999 -0.0399 -0.4342
vn -0.9464 0.3216 -0.0304
vn -0.9908 -0.1333 -0.0248
vn -0.6968 -0.6306 0.3417
vn -0.8594 0.5078 0.0599
vn -0.5807 0.7963 -0.1695
vn -0.2884 0.9497 0.1216
vn -0.1900 0.9763 -0.1034
vn -0.4511 0.8919 -0.0330
vn -0.2116 -0.3304 -0.9198
vn -0.5875 0.2480 -0.7703
vn -0.7091 0.7042 -0.0358
vn -0.0561 0.1308 -0.9898
vn -0.4418 0.8952 -0.0581
vn 0.2200 0.9648 -0.1443
vn -0.0465 0.0111 -0.9989
vn -0.0045 -0.0089 -1.0000
vn -0.1728 -0.3284 -0.9286
vn -0.8625 -0.0074 -0.5060
vn -0.5558 0.0866 0.8268
vn -0.7799 0.6164 -0.1084
vn -0.3998 0.0616 0.9145
vn -0.3711 0.3292 0.8683
vn -0.7523 0.0558 0.6565
vn -0.0774 0.9945 0.0702
vn -0.4453 0.8949 -0.0307
vn -0.5021 -0.6309 0.5914
vn -0.2599 0.0878 0.9616
vn -0.0929 0.1469 0.9848
vn -0.3760 0.5071 0.7755
vn -0.0347 -0.0628 0.9974
vn -0.0194 -0.0775 0.9968
vn -0.1779 0.0543 0.9825
vn -0.1412 0.2130 -0.9668
vn -0.9278 0.2713 0.2560
vn -0.0587 -0.2633 0.9629
vn -0.2290 0.4182 -0.8790
vn 0.5253 -0.2856 0.8016
vn 0.2886 -0.4378 0.8515
vn 0.1477 -0.9708 -0.1892
vn -0.0749 0.1319 0.9884
vn -0.9446 0.3251 -0.0458
vn -0.0572 -0.8324 -0.5512
vn -0.2002 0.4605 0.8648
vn -0.1025 0.4360 0.8941
vn -0.1424 0.1459 0.9790
vn 0.0177 0.0259 0.9995
vn 0.0390 -0.9939 0.1029
vn -0.2183 -0.9601 -0.1749
vn -0.7674 0.6412 -0.0007
vn -0.4171 0.9084 -0.0282
vn -0.3877 0.6604 -0.6431
vn -0.3247 -0.6183 0.7158
vn -0.2841 -0.5935 -0.7530
vn -0.9768 0.1596 0.1430
vn -0.9849 -0.0828 0.1519
vn -0.9360 0.3155 -0.1562
vn -0.8255 -0.4119 0.3858
vn 0.3771 -0.8634 -0.3351
vn -0.5162 -0.6054 -0.6058
vn -0.0467 -0.5639 -0.8246
vn 0.0785 -0.9911 0.1078
vn 0.7813 -0.5060 -0.3654
vn -0.9998 0.0044 -0.0214
vn -0.7623 -0.1777 -0.6224
vn -0.3403 -0.9392 -0.0456
vn -0.6399 -0.7628 0.0927
vn -0.9720 -0.1934 0.1336
vn -0.6463 0.7625 -0.0293
vn -0.2849 -0.2399 0.9281
vn -0.9971 0.0752 0.0071
vn -0.8506 0.2004 0.4861
vn -0.9953 0.0079 -0.0961
vn -0.9875 -0.0302 -0.1548
vn -0.4834 -0.0083 -0.8754
vn -0.0714 0.3510 -0.9337
vn 0.0240 0.1040 0.9943
vn -0.1847 0.1127 0.9763
vn -0.1780 0.9403 0.2902
vn -0.0859 0.1802 0.9799
vn -0.4538 0.8890 0.0612
vn 0.2733 -0.8424 0.4644
vn 0.0015 -0.9937 -0.1118
vn -0.3111 -0.2689 -0.9115
vn -0.8337 -0.3213 -0.4492
vn -0.0798 0.0837 -0.9933
vn -0.8631 0.1383 0.4858
vn -0.0246 -0.0235 0.9994
vn -0.0233 -0.1342 -0.9907
vn -0.1542 -0.1041 -0.9825
vn -0.0653 -0.0655 -0.9957
vn 0.2604 -0.1444 0.9546
vn -0.8853 -0.4623 0.0512
vn -0.0564 -0.0263 -0.9981
vn -0.6094 -0.5254 -0.5937
vn -0.7856 -0.1041 0.6099
vn -0.7182 0.0184 0.6956
vn -0.8580 0.0419 -0.5120
vn -0.9181 0.3612 0.1632
vn -0.9928 0.1151 0.0342
vn -0.9897 0.0457 0.1357
vn -0.9244 0.1538 0.3491
vn -0.0015 0.0191 0.9998
vn -0.9111 -0.1817 -0.3700
vn -0.6595 0.1865 -0.7282
vn -0.7474 0.0575 0.6619
vn -0.9997 -0.0224 -0.0115
vn -0.0050 -0.7181 0.6959
vn -0.9964 0.0381 -0.0752
vn 0.4092 -0.9105 -0.0594
vn -0.0575 0.0426 -0.9974
vn -0.8619 0.0212 0.5066
vn -0.9147 0.1537 -0.3737
vn -0.9958 0.0173 -0.0901
vn -0.1008 -0.1403 0.9850
vn -0.1219 -0.0201 0.9923
vn -0.9174 -0.1276 -0.3769
vn -0.4641 0.8712 -0.1601
vn -0.2055 -0.0638 -0.9766
vn 0.0332 0.0239 0.9992
vn 0.0675 0.0067 0.9977
vn 0.0697 -0.1914 0.9790
vn -0.1559 0.0620 -0.9858
vn -0.8377 -0.0303 0.5452
vn 0.6294 -0.5961 0.4985
vn 0.0048 -0.0388 0.9992
vn -0.1525 0.9787 0.1371
vn -0.0704 0.0090 0.9975
vn -0.0980 -0.0100 0.9951
vn -0.0501 -0.0272 -0.9984
vn 0.0546 0.0987 -0.9936
vn -0.0215 0.0067 -0.9997
vn 0.3526 -0.1038 -0.9300
vn -0.1832 0.1012 0.9778
vn -0.0119 -0.1173 0.9930
vn -0.0128 -0.0426 0.9990
vn -0.7159 0.1822 0.6740
vn 0.2251 0.0891 -0.9703
vn -0.0344 0.1791 -0.9832
vn 0.0760 0.0732 -0.9944
vn -0.4300 0.9027 -0.0151
vn 0.1356 -0.7498 -0.6477
vn -0.0007 -0.0089 -1.0000
vn 0.0096 -0.0017 -1.0000
vn 0.0155 0.0924 -0.9956
vn 0.5552 -0.5187 -0.6501
vn 0.0196 0.0352 -0.9992
vn 0.1049 -0.3177 -0.9424
vn -0.1952 -0.2948 -0.9354
vn 0.1108 0.0712 -0.9913
vn 0.4408 -0.3527 -0.8254
vn -0.0142 -0.0438 -0.9989
vn -0.4462 0.8935 0.0508
vn -0.0064 -0.0449 0.9990
vn -0.0982 0.1485 -0.9840
vn 0.5955 -0.8032 0.0180
vn 0.6643 -0.7466 0.0344
vn 0.5232 -0.5021 -0.6886
vn 0.0162 -0.0168 0.9997
vn -0.0072 0.0175 0.9998
vn 0.0055 0.0176 0.9998
vn 0.0659 -0.0640 0.9958
vn -0.0392 0.0156 0.9991
vn 0.1474 0.5818 -0.7999
vn 0.7255 -0.2368 0.6462
vn -0.5046 -0.4501 0.7367
vn 0.3876 -0.2867 -0.8761
vn -0.4755 -0.2481 0.8440
vn 0.3276 -0.7219 0.6095
vn 0.6203 -0.6811 0.3891
vn 0.7465 0.0253 0.6649
vn -0.8480 0.5263 -0.0632
vn -0.6093 0.3850 -0.6932
vn -0.9384 0.3455 0.0024
vn 0.5840 -0.0391 -0.8108
vn 0.0299 -0.7513 0.6593
vn 0.8312 -0.2804 0.4800
vn 0.1002 -0.1803 0.9785
vn 0.7050 0.3621 0.6097
vn -0.5261 0.5184 -0.6741
vn -0.0739 -0.0909 -0.9931
vn -0.5461 0.2618 -0.7958
vn -0.9171 -0.3808 0.1183
vn 0.0316 0.0586 0.9978
vn 0.5037 -0.2839 0.8159
vn -0.4057 0.6419 -0.6507
vn -0.7692 0.5294 0.3579
vn -0.6502 0.7597 -0.0070
vn 0.0914 -0.0676 0.9935
vn -0.0424 -0.0007 0.9991
vn -0.0172 0.0420 0.9990
vn 0.4691 -0.4231 -0.7752
vn -0.1111 0.1729 0.9787
vn 0.5889 0.0172 0.8080
vn 0.0806 -0.4374 0.8956
vn 0.3438 0.0433 -0.9380
vn 0.0132 -0.0332 -0.9994
vn 0.1471 -0.0730 -0.9864
vn 0.7938 -0.4814 -0.3717
vn 0.0365 0.4620 0.8861
vn -0.3516 0.4213 0.8360
vn -0.3877 0.2988 0.8720
vn 0.0507 0.0044 -0.9987
vn 0.1463 -0.0197 -0.9890
vn 0.0003 -0.0118 0.9999
vn 0.0535 -0.1497 -0.9873
vn 0.0250 -0.0028 -0.9997
vn -0.0659 -0.0010 -0.9978
vn -0.0659 0.0549 -0.9963
vn 0.2751 -0.0088 -0.9614
vn -0.0840 0.0085 -0.9964
vn -0.0526 0.0004 -0.9986
vn 0.1671 -0.0294 -0.9855
vn 0.2444 0.0112 -0.9696
vn 0.1156 0.0033 -0.9933
vn -0.6468 -0.3241 -0.6903
vn -0.6680 0.4982 -0.5528
vn -0.5089 -0.4509 -0.7333
vn -0.3933 0.2423 0.8869
vn -0.0394 0.0104 0.9992
vn -0.0561 0.0410 0.9976
vn -0.5811 0.5766 0.5743
vn 0.2009 0.1285 -0.9711
vn 0.0807 0.0514 -0.9954
vn 0.0638 -0.0499 -0.9967
vn 0.4780 0.1119 -0.8712
vn 0.1069 0.0322 -0.9938
vn -0.3246 -0.6498 0.6874
vn 0.0012 -0.9580 0.2867
vn -0.8429 -0.0339 -0.5371
vn -0.4411 0.8497 0.2889
vn 0.6265 -0.0230 0.7791
vn -0.8525 -0.0611 0.5192
vn -0.0300 0.9011 0.4327
vn 0.0729 0.8107 0.5810
vn 0.0420 -0.3350 -0.9413
vn -0.0074 0.0075 0.9999
vn 0.1555 -0.0900 -0.9837
vn -0.5818 0.2844 0.7620
vn 0.5635 0.5929 0.5753
vn -0.7677 0.5197 0.3748
vn -0.9447 0.0877 0.3160
vn -0.8251 0.4950 -0.2724
vn -0.8583 0.1821 -0.4797
vn -0.1028 -0.0219 0.9945
vn 0.3819 -0.3623 0.8502
vn 0.9969 0.0122 -0.0780
vn -0.1271 -0.0860 0.9882
vn 0.2987 0.7947 -0.5284
vn 0.7027 -0.7107 0.0325
vn 0.9818 0.1309 0.1373
vn 0.8894 0.4543 0.0512
vn 0.9047 0.4261 -0.0004
vn 0.7080 0.6061 0.3624
vn 0.3522 0.9310 0.0960
vn -0.7386 -0.2828 0.6119
vn -0.0001 0.8618 -0.5073
vn -0.0930 -0.0256 0.9953
vn -0.0561 0.0808 -0.9951
vn 0.9364 -0.1828 -0.2996
vn 0.9023 0.4280 -0.0510
vn 0.5240 0.0756 0.8483
vn 0.2060 -0.5258 0.8253
vn -0.7380 0.3050 -0.6019
vn -0.9038 -0.2839 -0.3202
vn -0.6631 0.0045 0.7485
vn -0.4677 -0.1687 0.8676
vn -0.0144 -0.9989 0.0445
vn -0.2269 -0.8594 0.4582
vn -0.0906 -0.9940 -0.0606
vn -0.7456 0.1630 0.6461
vn -0.9882 0.0910 0.1231
vn 0.4026 0.8976 0.1792
vn -0.1465 0.5017 0.8526
vn -0.3418 -0.0445 -0.9387
vn 0.3482 -0.0295 0.9370
vn -0.6185 -0.1229 0.7761
vn 0.0100 -0.1167 0.9931
vn -0.1053 0.0367 0.9938
vn 0.3523 -0.0481 0.9347
vn -0.0885 0.9960 0.0103
vn -0.0241 0.9997 0.0053
vn -0.9935 -0.0591 0.0975
vn -0.9805 0.0496 -0.1903
vn -0.6873 -0.1147 -0.7173
vn 0.2029 -0.9791 -0.0121
vn -0.0626 -0.0684 -0.9957
vn 0.9979 -0.0641 -0.0134
vn 0.7197 -0.6857 0.1084
vn 0.4118 -0.7028 -0.5801
vn -0.3220 0.3159 -0.8925
vn 0.9179 0.3948 0.0405
vn 0.7251 0.4007 0.5601
vn -0.8022 0.0023 -0.5970
vn -0.0598 0.0104 0.9982
vn -0.0329 -0.0063 0.9994
vn -0.5043 0.8634 0.0158
vn -0.4949 0.8366 0.2347
vn 0.5052 -0.1939 -0.8409
vn -0.8775 0.3580 -0.3192
vn -0.0386 0.0101 0.9992
vn -0.1259 0.8401 0.5276
vn 0.7925 -0.1784 0.5832
vn -0.0222 -0.1022 -0.9945
vn 0.9811 0.1932 -0.0107
vn 0.2574 -0.1350 -0.9568
vn 0.0725 -0.4681 0.8807
vn -0.0239 -0.0349 0.9991
vn 0.7145 -0.2883 0.6374
vn 0.1771 0.0191 0.9840
vn 0.5703 -0.4630 -0.6785
vn -0.1323 0.9774 -0.1648
vn -0.1904 0.8860 -0.4229
vn -0.0726 0.9937 0.0848
vn 0.1364 0.2416 0.9607
vn 0.0159 -0.1402 0.9900
vn 0.4898 -0.1030 0.8657
vn 0.9419 0.2487 0.2260
vn -0.0215 -0.0145 -0.9997
vn 0.7012 0.6986 0.1425
vn 0.9437 -0.3039 -0.1304
vn -0.0196 0.4969 -0.8676
vn -0.0196 0.7666 -0.6418
vn 0.2280 0.0988 -0.9686
vn 0.5695 -0.8067 -0.1578
vn 0.5324 0.1579 0.8316
vn 0.0789 0.0295 0.9964
vn 0.3421 0.4415 -0.8295
vn 0.1861 -0.0429 -0.9816
vn 0.7033 0.7097 -0.0412
vn 0.8449 0.3423 0.4111
vn -0.3078 0.9513 -0.0165
vn -0.0645 -0.1683 0.9836
vn 0.9091 -0.1616 0.3840
vn 0.4817 0.1250 0.8674
vn -0.5524 0.7958 -0.2480
vn -0.9890 0.1365 -0.0567
vn -0.7705 0.5907 0.2396
vn -0.1922 -0.1247 -0.9734
vn 0.1491 0.0350 -0.9882
vn 0.9616 -0.2085 -0.1782
vn -0.0959 0.0690 -0.9930
vn 0.5931 -0.8043 0.0372
vn -0.0296 0.9974 0.0660
vn 0.7475 -0.4635 0.4758
vn 0.3990 -0.5906 -0.7015
vn -0.4875 0.8172 0.3074
vn 0.0608 0.9194 0.3886
vn 0.5307 -0.4784 0.6997
vn -0.0047 0.1008 -0.9949
vn -0.1072 0.0754 -0.9914
vn 0.0030 1.0000 0.0070
vn -0.4679 0.3116 -0.8270
vn 0.0206 0.0085 0.9998
vn 0.3377 -0.2783 0.8992
vn 0.5985 0.0294 0.8006
vn 0.0009 0.9020 0.4317
vn -0.0011 1.0000 0.0023
vn -0.0065 0.9999 -0.0084
vn 0.8724 -0.4883 -0.0229
vn 0.7384 -0.6741 -0.0211
vn -0.8165 0.1082 0.5671
vn -0.9877 0.0895 0.1278
vn 0.4991 0.8636 -0.0709
vn 0.0360 0.0036 0.9993
vn -0.0068 0.0321 0.9995
vn -0.3958 0.8360 0.3801
vn -0.0434 0.9883 0.1463
vn 0.2807 -0.9592 0.0352
vn 0.2582 0.3696 -0.8926
vn -0.3206 0.9459 -0.0501
vn 0.5412 -0.8350 0.1000
vn 0.3968 -0.4601 0.7943
vn 0.6126 -0.3718 0.6975
vn 0.7380 -0.4426 -0.5093
vn 0.0806 -0.0866 0.9930
vn -0.0583 0.4392 0.8965
vn 0.9808 0.0347 -0.1921
vn -0.0616 -0.6150 -0.7861
vn 0.0424 -0.1692 0.9847
vn 0.7574 -0.1833 0.6267
vn 0.6681 -0.0044 0.7441
vn 0.5481 -0.5990 0.5838
vn -0.7314 -0.5219 0.4389
vn 0.0395 0.0535 -0.9978
vn 0.0680 0.0633 -0.9957
vn 0.0017 0.0093 -1.0000
vn 0.0752 0.0386 -0.9964
vn -0.0443 -0.0869 -0.9952
vn 0.0029 -0.0012 -1.0000
vn -0.0197 -0.5785 0.8154
vn 0.5805 -0.8134 -0.0363
vn 0.0972 -0.9952 -0.0073
vn -0.0148 -0.0068 0.9999
vn 0.1390 -0.2482 0.9587
vn 0.1652 -0.7502 0.6403
vn -0.0188 0.0223 0.9996
vn -0.0194 0.9752 0.2207
vn 0.3664 0.7328 0.5734
vn 0.3581 0.9165 0.1784
vn 0.5342 0.6494 0.5413
vn 0.5208 0.8461 -0.1132
vn 0.7618 -0.5833 0.2819
vn -0.8207 -0.1492 -0.5515
vn -0.5176 -0.2746 -0.8104
vn -0.6769 0.6838 0.2726
vn -0.7843 0.6168 0.0670
vn 0.4908 -0.3667 -0.7903
vn -0.1006 -0.1908 0.9765
vn -0.1590 0.9617 0.2233
vn -0.2520 0.8518 0.4593
vn -0.8236 0.5076 -0.2530
vn 0.0259 0.0196 0.9995
vn 0.0021 -0.1076 -0.9942
vn -0.6302 -0.7730 0.0725
vn 0.0207 0.1802 0.9834
vn 0.1839 0.9038 0.3863
vn 0.4160 0.7175 0.5587
vn -0.0428 0.6086 -0.7923
vn 0.0198 0.0190 0.9996
vn 0.5223 0.4326 0.7349
vn 0.7190 0.5147 0.4670
vn -0.0467 -0.0318 0.9984
vn -0.2625 0.9106 0.3192
vn -0.2260 0.8925 0.3904
vn -0.4640 0.7221 0.5131
vn 0.4490 -0.5063 -0.7363
vn 0.0139 -0.1865 -0.9824
vn 0.0029 -0.8958 -0.4444
vn 0.8197 -0.5560 -0.1378
vn 0.6456 -0.4559 -0.6126
vn 0.7120 -0.1946 -0.6747
vn -0.0091 0.0991 -0.9950
vn 0.4699 -0.7200 -0.5106
vn 0.0214 -0.0011 -0.9998
vn -0.0501 -0.5629 -0.8250
vn -0.3744 0.3803 -0.8457
vn -0.1224 -0.0911 -0.9883
vn -0.0834 -0.0595 -0.9947
vn -0.1945 0.8856 -0.4219
vn 0.8358 -0.0317 -0.5481
vn -0.6844 -0.6441 -0.3417
vn -0.2056 0.9711 -0.1215
vn -0.2936 0.4391 0.8491
vn -0.7409 0.5832 0.3332
vn 0.0354 0.0250 0.9991
vn -0.5005 0.8398 -0.2101
vn -0.5965 0.7950 -0.1103
vn -0.3910 0.6943 -0.6042
vn 0.0454 0.0144 0.9989
vn -0.8834 0.4645 0.0621
vn -0.0504 0.0627 -0.9968
vn 0.6478 -0.7361 0.1961
vn 0.9253 -0.3239 -0.1971
vn -0.7353 0.5209 0.4336
vn 0.7352 -0.6773 -0.0270
vn -0.3004 -0.2828 -0.9109
vn -0.0375 -0.3906 -0.9198
vn -0.1873 -0.2604 -0.9472
vn 0.6196 -0.7849 -0.0075
vn 0.6373 -0.7695 0.0419
vn -0.0404 0.4861 -0.8730
vn 0.8109 -0.5749 0.1094
vn 0.5636 -0.7781 0.2775
vn -0.8530 -0.4425 0.2769
vn 0.0077 -0.9891 -0.1470
vn 0.1495 -0.2197 -0.9640
vn 0.0907 -0.7288 -0.6787
vn 0.4251 -0.8960 -0.1283
vn 0.6500 -0.4703 0.5969
vn -0.0031 -0.0062 1.0000
vn 0.9358 -0.2844 -0.2083
vn 0.4265 -0.6085 -0.6692
vn 0.9826 -0.1856 -0.0080
vn 0.6911 -0.2442 0.6802
vn 0.9509 -0.2718 0.1483
vn 0.0623 -0.5164 0.8541
vn 0.1001 -0.7061 0.7010
vn -0.0278 -0.0038 0.9996
vn -0.4609 0.8384 0.2910
vn 0.8279 0.5419 -0.1446
vn 0.4869 -0.6733 0.5565
vn 0.3623 -0.8321 -0.4200
vn 0.6158 -0.7827 -0.0903
vn -0.6597 0.6061 -0.4444
vn -0.0753 -0.3572 0.9310
vn -0.6658 0.7459 -0.0170
vn 0.3884 0.0627 0.9193
vn 0.7622 0.0936 0.6405
vn 0.1264 0.9306 0.3436
vn -0.1479 0.5796 0.8014
vn 0.0988 0.7881 0.6075
vn 0.1787 0.9636 0.1989
vn 0.0206 -0.0024 -0.9998
vn 0.7143 -0.1227 -0.6890
vn 0.8204 -0.0771 -0.5666
vn 0.8504 0.1113 -0.5142
vn 0.9423 0.2726 -0.1942
vn 0.8521 0.5220 0.0394
vn -0.8262 0.5220 -0.2118
vn 0.6771 0.4340 -0.5943
vn 0.8056 0.2664 -0.5292
vn -0.0264 -0.0566 -0.9980
vn 0.7938 0.4444 -0.4152
vn 0.1041 0.0744 -0.9918
vn 0.1986 0.1736 -0.9646
vn 0.6535 -0.6400 -0.4042
vn 0.2179 -0.0284 0.9756
vn 0.9915 0.0218 0.1284
vn 0.0912 -0.0010 0.9958
vn 0.9700 0.0358 0.2404
vn -0.5178 0.4504 -0.7273
vn 0.2352 -0.0153 -0.9718
vn 0.9819 -0.0408 -0.1847
vn 0.4199 -0.6497 0.6337
vn 0.0154 0.9691 -0.2462
vn 0.1558 0.0827 -0.9843
vn 0.1157 0.1611 -0.9801
vn 0.6783 0.1298 0.7232
vn -0.4050 0.6307 -0.6620
vn 0.8458 -0.2069 -0.4917
vn 0.5571 0.1076 -0.8234
vn 0.8542 0.2502 -0.4557
vn 0.1196 0.1760 -0.9771
vn -0.6098 0.7171 0.3375
vn -0.6099 0.2392 0.7555
vn 0.0069 -0.0019 1.0000
vn 0.0417 0.0535 -0.9977
vn 0.8059 0.0771 0.5870
vn 0.0207 0.6308 -0.7756
vn -0.0740 0.9937 0.0844
vn -0.0730 0.4636 0.8831
vn 0.0861 -0.1168 0.9894
vn -0.0515 -0.0269 0.9983
vn 0.1641 -0.0582 0.9847
vn 0.0522 0.0364 0.9980
vn 0.0404 -0.0434 0.9982
vn 0.4799 -0.3504 -0.8043
vn -0.9086 0.2041 -0.3643
vn -0.4507 0.0725 -0.8897
vn -0.5635 0.7402 0.3669
vn 0.9109 0.3647 0.1930
vn 0.1910 -0.8886 -0.4170
vn 0.5029 -0.5286 -0.6839
vn -0.0366 -0.5000 0.8652
vn 0.5796 0.8071 -0.1126
vn 0.7997 0.3415 0.4939
vn 0.6495 0.7105 -0.2709
vn 0.5393 -0.7009 0.4668
vn 0.7472 -0.5596 -0.3585
vn 0.0522 -0.2724 0.9608
vn 0.1360 -0.3458 0.9284
vn -0.0038 -0.9827 0.1850
vn 0.8398 0.3661 0.4008
vn 0.8968 0.4325 -0.0934
vn 0.9812 -0.1107 0.1582
vn -0.3520 0.8571 -0.3760
vn 0.6881 -0.7227 0.0656
vn 0.9906 -0.0879 0.1052
vn -0.4364 0.0973 0.8945
vn -0.4624 0.2155 0.8601
vn -0.9243 0.3760 -0.0661
vn -0.0392 0.0189 0.9991
vn -0.3489 -0.9228 -0.1636
vn 0.7752 -0.6015 0.1931
vn -0.1365 0.4616 -0.8765
vn 0.8231 -0.4314 -0.3694
vn 0.9863 -0.0121 -0.1644
vn 0.7709 0.2811 0.5716
vn 0.0235 0.0118 0.9997
vn 0.9637 -0.0353 0.2645
vn 0.9421 0.1626 -0.2934
vn -0.6714 -0.7396 -0.0469
vn -0.5921 -0.8058 -0.0149
vn -0.4019 -0.5613 0.7235
vn -0.3335 -0.4509 0.8279
vn 0.7928 0.3200 -0.5187
vn 0.9882 -0.0100 -0.1526
vn 0.2350 -0.8822 0.4080
vn 0.5619 0.5641 0.6050
vn 0.5152 -0.8189 0.2530
vn -0.1504 0.9540 -0.2594
vn -0.0508 -0.1414 0.9887
vn 0.7999 0.2477 -0.5466
vn 0.7833 0.3141 -0.5364
vn 0.6538 0.1002 0.7500
vn 0.2547 0.1464 0.9559
vn 0.8221 0.2709 0.5008
vn 0.1895 -0.2332 -0.9538
vn 0.8615 0.2229 -0.4563
vn 0.3575 -0.4726 -0.8056
vn -0.1544 -0.1647 -0.9742
vn -0.3934 -0.1765 -0.9023
vn 0.0029 -0.0065 1.0000
vn 0.6464 0.3961 0.6521
vn -0.0115 -0.0281 -0.9995
vn -0.1119 0.3958 -0.9115
vn -0.0358 0.7027 -0.7106
vn -0.7070 0.6755 0.2093
vn -0.7494 0.5746 -0.3290
vn -0.1788 0.9816 -0.0675
vn 0.3623 0.9316 -0.0298
vn -0.0236 -0.0078 -0.9997
vn -0.7654 0.0611 -0.6406
vn -0.6199 0.4646 -0.6324
vn -0.8977 0.3583 -0.2563
vn -0.0183 0.0304 -0.9994
vn -0.2431 0.6097 0.7544
vn -0.0386 0.0729 -0.9966
vn -0.1747 -0.0569 -0.9830
vn -0.5098 -0.5332 -0.6752
vn -0.4394 0.2255 -0.8695
vn 0.0117 0.7947 -0.6069
vn 0.0647 0.0573 -0.9963
vn 0.7516 0.0497 0.6577
vn 0.6463 0.0001 -0.7631
vn 0.1455 -0.4012 0.9044
vn -0.9437 -0.0584 -0.3256
vn 0.8265 0.5542 -0.0992
vn 0.6596 0.5434 -0.5193
vn 0.7311 -0.1071 -0.6738
vn 0.5437 -0.5258 0.6542
vn 0.4140 0.0111 0.9102
vn 0.5017 0.2832 -0.8174
vn 0.9836 0.1106 -0.1425
vn -0.0471 -0.9934 0.1044
vn 0.2477 -0.4542 -0.8558
vn 0.4936 0.5154 0.7006
vn 0.9934 -0.1002 -0.0548
vn 0.9955 0.0250 0.0915
vn 0.0646 -0.3893 0.9189
vn -0.9913 -0.0552 0.1193
vn -0.9855 -0.0316 -0.1664
vn 0.0355 0.9991 -0.0219
vn -0.0004 1.0000 -0.0037
vn 0.0732 0.9913 -0.1096
vn -0.2136 0.3462 0.9135
vn 0.4104 -0.6381 0.6515
vn 0.0009 0.2342 -0.9722
vn 0.9986 -0.0534 0.0053
vn 0.9243 -0.2189 0.3127
vn 0.4246 -0.6756 -0.6028
vn 0.5522 -0.7904 0.2651
vn 0.3890 0.4714 0.7915
vn 0.2794 -0.5952 -0.7534
vn 0.0281 -0.0116 -0.9995
vn 0.6321 -0.5748 -0.5197
vn 0.8146 0.5785 0.0422
vn 0.6181 -0.6206 0.4825
vn 0.9959 -0.0437 0.0791
vn 0.8696 0.0750 0.4880
vn -0.1635 -0.0218 0.9863
vn -0.2360 0.9668 -0.0981
vn 0.0987 0.3475 0.9325
vn 0.9171 0.2505 0.3103
vn -0.8601 -0.5080 -0.0468
vn 0.2385 0.1694 0.9563
vn 0.0041 0.0727 0.9973
vn 0.0131 0.0108 0.9999
vn -0.1504 0.2909 0.9449
vn -0.1915 0.6988 0.6892
vn 0.0075 0.9994 0.0348
vn 0.9673 0.0700 -0.2437
vn 0.9817 0.0670 -0.1780
vn 0.8508 0.4982 -0.1673
vn 0.7967 -0.2610 0.5450
vn 0.6315 -0.7644 0.1301
vn 0.9903 0.1003 -0.0962
vn -0.7525 0.6489 -0.1130
vn -0.8099 0.5797 0.0898
vn 0.5627 -0.8220 0.0877
vn -0.5735 0.7984 0.1838
vn -0.3577 0.9293 -0.0917
vn -0.1559 0.1205 0.9804
vn -0.0759 0.2940 0.9528
vn 0.4863 0.8712 0.0669
vn 0.7733 0.5027 0.3864
vn -0.4506 -0.0877 0.8884
vn 0.0815 0.1084 -0.9908
vn -0.5849 -0.8103 -0.0373
vn 0.9184 -0.3955 -0.0062
vn 0.8577 0.4644 0.2204
vn 0.9045 -0.0944 -0.4158
vn 0.5255 -0.1429 -0.8387
vn 0.8734 -0.4192 -0.2478
vn 0.1202 0.8413 -0.5270
vn -0.4605 -0.1246 0.8789
vn 0.3900 -0.5464 0.7412
vn 0.4859 0.4257 -0.7634
vn 0.5058 0.4690 -0.7240
vn 0.0586 0.0456 -0.9972
vn -0.0644 -0.0863 -0.9942
vn -0.1654 -0.0969 -0.9815
vn -0.2762 -0.2650 -0.9238
vn 0.3796 0.0658 -0.9228
vn 0.4041 0.0242 -0.9144
vn 0.9453 -0.2954 -0.1385
vn 0.0490 -0.9975 -0.0505
vn 0.1340 0.1407 -0.9810
vn 0.4755 0.1646 0.8642
vn 0.5650 0.8000 0.2019
vn 0.2095 0.9223 -0.3248
vn 0.0029 0.0027 -1.0000
vn -0.8652 -0.0636 0.4974
vn 0.7997 0.3847 0.4611
vn -0.1511 0.7834 -0.6029
vn 0.0634 0.7611 -0.6455
vn 0.2832 0.8070 0.5182
vn 0.0101 -0.0780 -0.9969
vn 0.5024 0.4347 0.7474
vn 0.4592 -0.7657 -0.4503
vn 0.1078 -0.1196 -0.9869
vn 0.4212 0.8115 0.4050
vn -0.9329 0.1503 -0.3272
vn 0.8265 0.2919 -0.4813
vn -0.6136 -0.7884 0.0437
vn -0.2654 -0.9008 -0.3437
vn -0.6190 -0.7837 0.0526
vn -0.2972 -0.9540 0.0391
vn 0.5974 0.7897 0.1396
vn 0.9789 0.0544 -0.1968
vn -0.2728 0.9532 -0.1306
vn 0.6166 -0.5085 0.6010
vn 0.7772 -0.6224 -0.0925
vn -0.0355 -0.0581 0.9977
vn -0.3949 -0.5680 0.7221
vn -0.0332 -0.0441 0.9985
vn -0.5353 -0.2517 0.8063
vn -0.1939 0.8692 0.4548
vn 0.0251 0.9867 -0.1605
vn 0.1127 -0.9419 0.3164
vn 0.5954 -0.5919 0.5433
vn -0.0316 0.3910 -0.9198
vn -0.2120 0.5083 0.8347
vn 0.3191 0.5614 -0.7635
vn -0.1590 0.8895 -0.4283
vn 0.9124 0.4092 0.0064
vn 0.7219 -0.1310 -0.6795
vn 0.6162 0.6647 0.4225
vn 0.1773 0.0739 -0.9814
vn 0.3265 0.4095 -0.8519
vn 0.1104 0.1791 -0.9776
vn 0.3643 -0.5454 0.7549
vn 0.3246 -0.3559 -0.8764
vn 0.6717 -0.6602 -0.3360
vn -0.2404 -0.9706 0.0092
vn 0.5006 -0.6740 0.5433
vn 0.1233 -0.2656 -0.9562
vn 0.3343 -0.6425 -0.6896
vn 0.9546 0.0850 -0.2854
vn 0.4813 0.8603 0.1679
vn 0.3353 0.9035 0.2668
vn -0.2781 0.9516 0.1305
vn 0.2315 0.9633 0.1356
vn 0.1812 0.8358 -0.5183
vn -0.0686 0.4057 0.9114
vn 0.1457 -0.8144 0.5617
vn 0.1251 -0.3133 0.9414
vn 0.5075 -0.7518 0.4211
vn 0.0938 0.7301 -0.6769
vn 0.6046 -0.7928 0.0764
vn -0.0508 -0.1787 0.9826
vn 0.2011 0.9769 -0.0723
vn -0.5652 0.6959 0.4431
vn 0.0197 0.0134 0.9997
vn 0.3832 0.6694 0.6364
vn -0.2818 -0.0396 0.9586
vn -0.6546 0.7495 -0.0985
vn -0.1614 0.1450 0.9762
vn 0.5822 0.0094 0.8130
vn -0.7211 0.2522 0.6452
vn -0.6276 -0.3235 -0.7081
vn -0.8793 -0.0125 0.4760
vn -0.9990 0.0099 0.0447
vn -0.6394 0.0307 -0.7683
vn 0.0521 -0.0002 0.9986
vn 0.5824 -0.0257 0.8125
vn -0.1277 0.9852 -0.1141
vn 0.0126 0.0178 0.9998
vn -0.1387 0.6979 0.7027
vn -0.6258 -0.0491 0.7784
vn -0.1341 -0.0292 0.9905
vn -0.3720 0.2334 0.8984
vn -0.5372 -0.5825 0.6100
vn -0.5116 0.3575 0.7813
vn -0.5723 0.4764 -0.6675
vn -0.6625 -0.2891 -0.6910
vn -0.0875 -0.8386 -0.5376
vn 0.1467 0.8829 0.4461
vn -0.7257 0.6794 -0.1080
vn 0.9562 0.2318 0.1786
vn -0.3596 0.8618 -0.3579
vn -0.0303 0.7641 -0.6444
vn 0.8123 0.5832 0.0115
vn 0.7660 0.2657 -0.5853
vn 0.0048 -0.0200 -0.9998
vn 0.5488 -0.4571 -0.7000
vn 0.6801 0.7237 0.1171
vn 0.6628 0.7205 0.2041
vn 0.5153 0.8565 0.0298
vn 0.6282 -0.6497 0.4281
vn 0.4835 -0.0483 -0.8740
vn -0.3547 0.9345 0.0306
vn -0.6322 0.7647 -0.1249
vn -0.0119 0.9420 -0.3353
vn 0.1477 0.6839 0.7144
vn 0.5582 0.8297 -0.0076
vn 0.0471 0.0012 -0.9989
vn 0.2047 0.7530 -0.6254
vn 0.1626 0.3298 -0.9299
vn 0.2683 0.9554 -0.1235
vn 0.0449 0.9976 -0.0522
vn -0.6734 -0.6648 -0.3233
vn 0.3757 0.8772 -0.2988
vn -0.2594 0.9657 -0.0117
vn 0.0763 0.1942 -0.9780
vn -0.2071 0.5392 -0.8163
vn -0.5017 0.5712 -0.6496
vn 0.1886 -0.2092 0.9595
vn -0.0256 0.0038 0.9997
vn -0.7005 0.7136 0.0088
vn -0.4906 0.5617 -0.6662
vn 0.0614 -0.9981 0.0071
vn -0.2459 0.9224 -0.2979
vn -0.9866 0.1630 0.0029
vn -0.9992 -0.0341 0.0198
vn -0.9497 -0.0151 0.3129
vn -0.9965 0.0835 0.0052
vn -0.9949 -0.0923 -0.0417
vn -0.9956 -0.0850 0.0402
vn -0.9708 0.2264 0.0791
vn -0.9992 -0.0371 -0.0136
vn -0.7542 0.3741 0.5397
vn -0.9798 0.1933 0.0506
vn 0.1467 -0.9875 0.0578
vn -0.6777 -0.2794 0.6802
vn -0.8611 0.0805 0.5020
vn -0.1214 0.1415 0.9825
vn -0.9748 0.1013 -0.1988
vn -0.7480 -0.1553 -0.6453
vn -0.5985 0.7654 -0.2366
vn 0.0412 -0.0563 -0.9976
vn -0.5475 -0.8345 0.0622
vn 0.5881 -0.8057 0.0708
vn -0.0120 0.0056 -0.9999
vn -0.8677 -0.4920 0.0708
vn -0.5408 0.2043 -0.8160
vn -0.8993 0.4338 0.0555
vn -0.6327 0.2488 -0.7333
vn -0.0687 0.2660 -0.9615
vn -0.0521 0.3373 -0.9399
vn -0.2917 0.1519 0.9444
vn -0.4464 -0.0906 0.8903
vn -0.5891 0.5215 0.6173
vn 0.9332 -0.3104 0.1814
vn -0.1760 0.2925 -0.9399
vn 0.1346 -0.0128 0.9908
vn 0.0347 0.3284 -0.9439
vn -0.0788 -0.6920 -0.7176
vn -0.1329 0.4926 0.8600
vn -0.1853 -0.9783 0.0931
vn -0.5094 0.7474 -0.4265
vn -0.2534 0.9569 0.1420
vn 0.5936 0.2288 -0.7716
vn 0.2851 -0.7324 -0.6183
vn 0.2278 -0.7304 0.6439
vn -0.0311 0.1128 0.9931
vn 0.1305 0.3344 0.9333
vn -0.7371 -0.1367 0.6618
vn 0.2882 0.2752 0.9172
vn 0.0169 -0.0053 -0.9998
vn -0.1018 -0.0853 -0.9911
vn 0.1182 0.1433 0.9826
vn -0.2393 0.2015 -0.9498
vn 0.0186 -0.1163 -0.9930
vn -0.5081 -0.5984 0.6195
vn -0.3160 0.1496 0.9369
vn 0.1575 -0.2998 0.9409
vn 0.2211 0.9724 0.0744
vn -0.7435 0.3925 0.5414
vn -0.9843 0.1746 0.0251
vn 0.0962 -0.1812 -0.9787
vn -0.0106 0.0007 -0.9999
vn -0.1057 0.1585 -0.9817
vn 0.0506 0.9260 0.3742
vn -0.0556 0.1714 -0.9836
vn -0.1302 0.0476 -0.9903
vn -0.4807 -0.5095 0.7137
vn -0.0386 -0.0433 0.9983
vn -0.5175 0.0752 0.8524
vn 0.0899 0.3977 0.9131
vn -0.2426 0.4254 -0.8719
vn -0.1064 0.0354 -0.9937
vn 0.0041 0.0044 1.0000
vn 0.0038 0.0064 1.0000
vn 0.8323 -0.1527 -0.5329
vn -0.0007 1.0000 0.0031
vn -0.0266 0.9989 -0.0391
vn -0.0346 0.9994 0.0007
vn -0.0137 0.9978 0.0652
vn -0.2455 0.1625 -0.9557
vn -0.4667 -0.1746 -0.8670
vn -0.4352 0.0037 -0.9003
vn -0.9781 0.2079 0.0114
vn -0.5158 0.0267 0.8563
vn -0.1245 0.1772 0.9763
vn 0.0578 -0.1187 -0.9912
vn 0.9782 -0.0730 -0.1943
vn -0.6967 0.7157 0.0496
vn 0.8846 -0.0225 0.4659
vn 0.4964 0.0564 0.8663
vn 0.9845 -0.1195 -0.1287
vn 0.9917 -0.0442 -0.1209
vn 0.9902 -0.1391 -0.0148
vn 0.2220 -0.0932 -0.9706
vn -0.0468 -0.0400 0.9981
vn 0.0437 0.9968 0.0675
vn -0.0076 0.0989 0.9951
vn -0.1064 0.4896 0.8654
vn -0.5053 -0.4400 -0.7424
vn -0.2030 -0.0331 0.9786
vn 0.4693 -0.6899 -0.5511
vn 0.8532 0.3722 0.3654
vn 0.0141 -0.0253 0.9996
vn -0.0782 0.0880 0.9930
vn -0.6878 -0.1327 -0.7136
vn -0.1958 -0.9782 0.0692
vn 0.1172 -0.9918 -0.0505
vn 0.0368 -0.9992 -0.0147
vn 0.2372 -0.7858 0.5712
vn 0.9658 -0.2469 -0.0793
vn 0.4376 -0.7761 -0.4540
vn 0.8977 0.0091 0.4405
vn 0.9126 -0.0369 0.4071
vn 0.9990 -0.0431 -0.0081
vn 0.8093 -0.4842 0.3326
vn 0.8991 -0.0169 -0.4375
vn -0.6371 -0.1641 0.7531
vn -0.0766 -0.6269 0.7754
vn -0.3504 0.6231 -0.6993
vn 0.7143 -0.6518 0.2549
vn 0.0096 0.5295 -0.8482
vn 0.5584 0.6327 -0.5365
vn 0.4204 -0.7448 -0.5183
vn -0.0244 0.3495 -0.9366
vn -0.2584 -0.9196 0.2960
vn 0.1209 -0.5879 -0.7999
vn -0.4857 0.4457 -0.7520
vn -0.3102 -0.9506 0.0115
vn 0.6376 -0.7648 0.0927
vn 0.1569 0.9870 0.0339
vn 0.5498 0.8246 0.1332
vn 0.5028 0.7357 -0.4538
vn 0.2729 0.8949 -0.3531
vn 0.0738 0.1391 -0.9875
vn -0.8704 0.4708 0.1441
vn 0.0291 0.0134 0.9995
vn -0.8564 -0.1241 -0.5012
vn -0.0572 0.8740 0.4826
vn -0.0274 -0.0067 0.9996
vn -0.0159 -0.0015 0.9999
vn -0.0489 -0.0237 0.9985
vn 0.2622 -0.6524 -0.7111
vn -0.0446 -0.0372 -0.9983
vn 0.4308 0.9024 0.0026
vn -0.4542 0.8906 -0.0240
vn 0.0962 0.8926 0.4404
vn 0.1309 0.9826 -0.1314
vn -0.1205 -0.6741 0.7287
vn -0.6158 -0.0876 -0.7830
vn 0.0129 0.1615 0.9868
vn 0.1470 0.9891 0.0114
vn 0.6961 -0.7152 0.0620
vn -0.1146 0.1465 -0.9825
vn -0.0857 0.0193 -0.9961
vn -0.5555 -0.7093 0.4339
vn 0.4936 -0.6158 0.6141
vn 0.0192 0.0118 0.9997
vn -0.0813 0.2068 0.9750
vn 0.6515 0.4273 0.6269
vn 0.9785 -0.1863 0.0888
vn 0.9676 -0.2482 0.0469
vn 0.2893 -0.7341 0.6143
vn 0.4018 -0.5365 -0.7421
vn 0.0207 0.4937 -0.8694
vn 0.8243 -0.5096 -0.2465
vn -0.5011 -0.4725 0.7250
vn -0.5385 0.2663 0.7994
vn -0.2059 0.6476 0.7336
vn 0.0212 -0.0137 0.9997
vn 0.6857 -0.7275 0.0223
vn -0.2868 0.2217 0.9320
vn -0.4172 0.4344 0.7983
vn -0.4059 -0.5050 0.7617
vn -0.5538 -0.8277 0.0904
vn -0.3643 -0.7172 0.5941
vn 0.1005 0.1400 -0.9850
vn -0.1137 -0.1495 -0.9822
vn -0.5345 -0.6661 -0.5202
vn -0.3405 -0.4675 -0.8158
vn 0.0299 0.1166 -0.9927
vn -0.0325 0.0767 -0.9965
vn -0.0323 0.0175 -0.9993
vn -0.0316 -0.0164 -0.9994
vn 0.0200 0.0267 0.9994
vn -0.0076 -0.0584 0.9983
vn 0.4707 0.5474 0.6919
vn 0.7326 -0.6639 -0.1502
vn -0.5811 0.8114 0.0637
vn -0.4146 -0.8511 -0.3221
vn 0.4127 0.8092 0.4182
vn 0.6168 -0.7551 -0.2223
vn -0.4719 -0.8817 0.0040
vn 0.5578 -0.6162 -0.5560
vn 0.4784 -0.6709 -0.5666
vn -0.4205 0.4317 -0.7980
vn -0.6913 -0.0438 -0.7212
vn -0.0168 0.1163 -0.9931
vn -0.0987 -0.6559 -0.7484
vn -0.6494 0.7242 0.2320
vn 0.7487 -0.5713 -0.3363
vn -0.8111 0.0837 0.5789
vn 0.3109 0.9051 -0.2901
vn 0.2957 -0.1950 0.9352
vn 0.7431 -0.2103 0.6353
vn 0.6435 -0.5343 0.5481
vn 0.0043 0.0168 0.9998
vn 0.5476 -0.6228 0.5588
vn -0.8537 -0.2896 0.4328
vn -0.3627 0.5748 -0.7335
vn 0.3401 -0.7377 -0.5831
vn -0.0376 -0.2723 -0.9615
vn 0.6495 -0.5711 -0.5019
vn 0.2507 -0.5867 0.7700
vn 0.3851 0.9155 0.1165
vn -0.0908 0.9930 -0.0751
vn 0.2253 -0.9716 -0.0725
vn -0.1169 -0.0152 0.9930
vn 0.0762 0.6876 0.7221
vn -0.0834 0.1446 0.9860
vn -0.7911 0.5433 -0.2809
vn 0.0622 -0.0416 -0.9972
vn -0.0444 0.0539 -0.9976
vn -0.0027 -0.0036 -1.0000
vn 0.7014 -0.2934 -0.6495
vn -0.2673 0.6644 -0.6979
vn 0.0493 -0.0244 -0.9985
vn -0.8045 -0.1614 0.5716
vn 0.0360 0.0737 0.9966
vn 0.0165 0.0110 0.9998
vn -0.0977 -0.0695 0.9928
vn 0.0002 -0.0151 0.9999
vn -0.5016 -0.2248 -0.8354
vn 0.1397 -0.4746 -0.8690
vn -0.7746 -0.2105 -0.5965
vn -0.5281 0.6157 -0.5848
vn -0.7438 0.6178 0.2550
vn -0.0320 0.0317 -0.9990
vn 0.5299 -0.4697 -0.7061
vn 0.1484 0.0409 -0.9881
vn -0.0564 0.0431 0.9975
vn 0.1404 -0.1153 0.9834
vn 0.4041 -0.1647 0.8997
vn -0.2923 0.1805 0.9391
vn -0.0248 0.0288 0.9993
vn 0.3123 -0.6536 0.6894
vn 0.0389 -0.0208 0.9990
vn -0.8612 0.5076 0.0263
vn -0.6100 0.4040 0.6817
vn -0.3202 0.2441 -0.9154
vn -0.3587 -0.7237 -0.5896
vn -0.2287 0.1225 -0.9658
vn -0.7136 -0.6926 -0.1056
vn -0.1189 0.6270 0.7699
vn -0.1484 -0.4107 -0.8996
vn -0.4094 -0.5291 0.7433
vn -0.3200 0.6769 0.6628
vn -0.0847 0.9962 0.0198
vn 0.4139 0.9098 -0.0315
vn 0.1692 0.5269 -0.8329
vn -0.6928 0.5820 -0.4258
vn -0.2036 -0.0009 -0.9791
vn 0.4466 0.7633 0.4667
vn 0.6306 -0.2864 -0.7213
vn -0.0609 0.4173 -0.9067
vn 0.6522 -0.7316 -0.1985
vn 0.0087 -0.0217 -0.9997
vn 0.8093 0.2757 -0.5186
vn 0.0018 -0.0024 -1.0000
vn -0.0893 -0.7545 -0.6502
vn -0.0727 0.0426 0.9964
vn -0.0395 -0.0190 0.9990
vn 0.1228 -0.0440 0.9915
vn -0.1096 0.1315 -0.9852
vn 0.4514 -0.3584 0.8172
vn -0.1832 0.3219 0.9289
vn -0.0917 0.0458 -0.9947
vn 0.0274 -0.0187 -0.9994
vn -0.5572 0.8292 -0.0453
vn -0.6657 0.7461 -0.0128
vn -0.0937 0.0840 0.9921
vn -0.4932 0.6542 0.5734
vn -0.6323 0.7309 -0.2568
vn -0.5634 -0.6242 -0.5413
vn -0.0053 -0.0409 -0.9992
vn -0.4096 0.3833 -0.8278
vn 0.6340 -0.7715 0.0540
vn -0.3441 -0.4121 0.8437
vn 0.9553 -0.2367 0.1771
vn 0.0326 -0.3445 0.9382
vn -0.4076 0.3596 -0.8394
vn 0.6491 0.3026 0.6980
vn -0.0019 0.0135 0.9999
vn -0.7028 0.7107 -0.0300
vn -0.3744 0.8138 0.4445
vn -0.7390 0.6725 0.0409
vn 0.0578 -0.1006 -0.9933
vn -0.1271 0.4386 0.8896
vn 0.0501 -0.0493 0.9975
vn -0.5113 -0.7675 -0.3867
vn 0.2201 -0.4301 -0.8755
vn 0.3768 0.8265 -0.4183
vn -0.2019 0.1059 0.9737
vn -0.2575 0.2008 0.9452
vn -0.4749 0.2999 -0.8274
vn 0.0201 0.2611 -0.9651
vn -0.6232 -0.3427 -0.7030
vn -0.1460 -0.9025 0.4052
vn -0.0809 0.0112 0.9967
vn -0.2447 -0.9695 -0.0118
vn -0.4872 -0.7766 0.3993
vn -0.2797 -0.9601 -0.0039
vn 0.0722 0.1877 0.9796
vn -0.7400 -0.6726 -0.0033
vn -0.5796 0.8122 -0.0658
vn -0.2449 0.8467 0.4723
vn -0.7042 -0.2385 0.6688
vn 0.3176 0.9462 -0.0615
vn -0.7897 -0.4132 0.4534
vn -0.0475 -0.0180 0.9987
vn -0.6949 0.3599 0.6226
vn 0.5937 0.8045 0.0150
vn 0.4151 0.5753 -0.7048
vn -0.4071 -0.9133 0.0123
vn -0.2915 -0.1444 -0.9456
vn 0.9106 0.2869 -0.2976
vn 0.6993 0.2769 -0.6590
vn -0.3224 -0.0665 -0.9443
vn -0.1362 0.2363 0.9621
vn 0.0784 0.0388 0.9962
vn -0.1656 0.9847 -0.0543
vn -0.6515 -0.3418 -0.6773
vn 0.0038 0.9954 -0.0958
vn -0.2547 0.1383 -0.9571
vn 0.1417 0.5697 -0.8095
vn -0.6061 -0.2947 0.7388
vn 0.7351 -0.6735 0.0775
vn -0.5619 -0.5637 0.6053
vn -0.7816 0.5866 0.2120
vn 0.4489 -0.4312 -0.7826
vn 0.0833 0.0503 -0.9953
vn 0.0099 -0.0198 0.9998
vn 0.0758 0.0636 0.9951
vn 0.0643 -0.2762 0.9589
vn -0.6844 0.7196 -0.1174
vn -0.0073 0.5856 0.8105
vn 0.1582 0.6291 0.7611
vn -0.0552 -0.0593 0.9967
vn 0.1714 0.3077 0.9359
vn 0.8464 -0.5226 -0.1028
vn -0.0850 0.6003 -0.7952
vn 0.1248 -0.6655 -0.7359
vn 0.2379 0.3419 -0.9091
vn -0.1461 0.4662 -0.8725
vn -0.1019 -0.2931 -0.9506
vn -0.4249 -0.4594 -0.7800
vn 0.8817 -0.4716 -0.0101
vn -0.4337 -0.4750 0.7657
vn -0.6109 0.7915 0.0176
vn -0.6640 0.7476 0.0146
vn -0.5506 0.8322 -0.0664
vn -0.0163 0.0160 0.9997
vn -0.4147 0.5955 0.6881
vn -0.4343 0.5939 0.6772
vn 0.0448 0.0007 0.9990
vn 0.5352 -0.2961 0.7912
vn -0.6076 -0.5144 0.6051
vn -0.5570 0.3861 -0.7354
vn 0.0943 -0.0921 -0.9913
vn -0.0598 0.7357 -0.6746
vn 0.0064 0.1009 -0.9949
vn 0.4279 -0.1690 -0.8879
vn 0.4605 0.8874 0.0228
vn -0.7415 -0.3270 -0.5859
vn -0.0012 0.2837 -0.9589
vn 0.5903 -0.4674 -0.6581
vn -0.5001 0.4921 0.7126
vn -0.6944 -0.3186 0.6452
vn -0.3881 0.3099 0.8680
vn -0.4211 0.3218 0.8480
vn 0.0112 0.0230 -0.9997
vn -0.3259 -0.2145 -0.9207
vn -0.6868 -0.5681 0.4534
vn 0.6062 -0.7068 0.3646
vn -0.6674 -0.0886 -0.7394
vn -0.7998 0.6001 -0.0160
vn -0.6883 0.7252 -0.0173
vn 0.7069 -0.7071 -0.0153
vn -0.3923 0.4651 -0.7936
vn 0.4438 0.8667 -0.2277
vn -0.2543 0.0355 -0.9665
vn 0.7134 0.6830 0.1567
vn 0.4148 0.9070 0.0728
vn -0.2101 0.9461 -0.2464
vn 0.1778 0.1618 -0.9707
vn -0.3176 0.0653 0.9460
vn 0.0390 0.9473 -0.3181
vn -0.3959 0.0774 0.9150
vn 0.3474 -0.9362 0.0529
vn -0.5994 0.2326 -0.7659
vn 0.6973 -0.6951 0.1748
vn 0.0173 0.0237 0.9996
vn -0.0154 0.0068 0.9999
vn 0.4985 0.5500 -0.6700
vn -0.2190 0.6390 -0.7374
vn -0.3577 0.1838 -0.9156
vn -0.4878 0.1769 -0.8549
vn -0.5510 0.2702 -0.7896
vn -0.5629 -0.2788 -0.7781
vn -0.4268 -0.6304 -0.6484
vn 0.7820 0.2035 0.5892
vn 0.6121 -0.3251 -0.7208
vn -0.3597 0.4080 -0.8391
vn -0.1375 0.1053 -0.9849
vn -0.5354 -0.2360 0.8110
vn 0.3265 -0.9448 0.0280
vn -0.3803 0.1200 0.9170
vn -0.9722 -0.2255 -0.0626
vn 0.0049 0.3971 -0.9178
vn -0.3912 0.4924 -0.7775
vn -0.6980 0.7075 -0.1104
vn -0.4708 0.6145 -0.6330
vn -0.4899 -0.0660 0.8693
vn -0.4883 -0.7940 0.3622
vn -0.0950 0.0061 -0.9955
vn -0.5279 0.6716 0.5199
vn -0.6375 0.6427 -0.4248
vn -0.6729 0.7319 0.1073
vn -0.9819 0.1885 0.0165
vn -0.3127 0.2140 -0.9254
vn -0.5988 0.8008 0.0085
vn 0.0755 0.9712 -0.2259
vn 0.2133 0.6739 0.7074
vn 0.2600 0.9118 -0.3178
vn 0.4092 0.9124 -0.0105
vn -0.5298 -0.4826 -0.6974
vn 0.5975 -0.5475 0.5859
vn -0.1388 0.9130 0.3835
vn -0.0386 0.3227 0.9457
vn -0.3218 0.4617 0.8266
vn -0.5283 0.8406 -0.1196
vn 0.4418 0.8953 0.0572
vn 0.1768 0.8012 -0.5717
vn -0.6934 -0.5926 0.4099
vn -0.6287 0.3324 0.7030
vn -0.3825 -0.4688 -0.7962
vn -0.0544 0.9849 0.1642
vn -0.0119 0.9999 0.0088
vn 0.1028 -0.9909 0.0872
vn 0.4239 -0.8286 0.3656
vn -0.6023 -0.1088 0.7909
vn 0.0023 1.0000 -0.0018
vn -0.0143 0.4732 0.8808
vn -0.5990 0.2217 -0.7694
vn 0.8238 -0.4890 0.2868
vn 0.0550 0.0590 0.9967
vn -0.6116 -0.0030 0.7911
vn -0.9258 0.1019 0.3641
vn -0.6997 -0.1356 0.7015
vn -0.7176 0.6063 0.3428
vn 0.0456 0.0515 -0.9976
vn -0.7832 -0.4721 0.4046
vn 0.6581 0.3889 -0.6447
vn 0.3856 -0.9147 0.1213
vn 0.3132 -0.7645 -0.5634
vn 0.3280 -0.9443 -0.0286
vn 0.5799 -0.8143 -0.0251
vn 0.2827 -0.9586 -0.0348
vn 0.3775 -0.9258 -0.0189
vn 0.1818 0.6889 0.7017
vn -0.2146 -0.1175 0.9696
vn -0.7508 -0.3073 -0.5847
vn 0.5037 -0.0926 0.8589
vn -0.0647 0.2792 0.9580
vn -0.8425 -0.4968 0.2082
vn -0.6110 -0.4694 0.6375
vn -0.9512 -0.2406 0.1930
vn -0.7794 -0.2650 0.5677
vn -0.6563 -0.7493 0.0887
vn -0.8156 -0.2081 -0.5399
vn -0.0497 -0.2960 0.9539
vn 0.1443 0.3393 -0.9296
vn -0.5714 -0.7022 0.4248
vn 0.2680 0.9631 0.0259
vn 0.5204 0.8510 -0.0706
vn -0.7321 0.3139 0.6046
vn -0.6121 0.1242 0.7810
vn -0.6149 0.0797 0.7845
vn -0.0264 -0.4174 0.9084
vn -0.8136 0.4292 -0.3923
vn 0.9154 -0.4019 -0.0244
vn 0.8876 -0.3361 0.3150
vn -0.0853 0.8673 0.4904
vn -0.9210 -0.0877 -0.3796
vn 0.2362 -0.8443 0.4810
vn -0.0990 -0.0761 0.9922
vn 0.6787 -0.1150 0.7254
vn 0.8302 0.5570 -0.0217
vn -0.6026 -0.4415 0.6648
vn -0.3255 -0.1907 -0.9261
vn -0.1398 0.0544 -0.9887
vn 0.0452 0.0129 -0.9989
vn 0.0295 0.9982 0.0523
vn -0.0195 0.9768 0.2131
vn 0.0667 0.0097 0.9977
vn -0.6346 -0.1515 0.7578
vn 0.7334 0.5905 0.3368
vn 0.9279 -0.3720 -0.0225
vn 0.7740 -0.6322 -0.0369
vn 0.6130 -0.7610 -0.2124
vn 0.8777 0.0628 0.4752
vn 0.1411 -0.2988 -0.9438
vn 0.2394 -0.1132 0.9643
vn 0.0462 0.1163 -0.9921
vn -0.8326 0.1776 -0.5247
vn 0.0419 0.2798 -0.9591
vn -0.8381 0.1242 0.5312
vn 0.4458 -0.4606 -0.7675
vn 0.1021 0.7508 -0.6525
vn -0.9986 -0.0515 0.0111
vn -0.9725 0.0011 0.2329
vn -0.0346 -0.0319 0.9989
vn -0.8931 0.4126 0.1794
vn -0.3162 0.3926 0.8636
vn -0.2568 -0.0533 0.9650
vn 0.0344 0.4977 0.8667
vn 0.6244 -0.7149 -0.3147
vn -0.0147 -0.0794 -0.9967
vn 0.0198 0.0246 -0.9995
vn 0.6620 -0.5523 -0.5067
vn -0.0105 0.0109 -0.9999
vn -0.7949 -0.1236 -0.5941
vn -0.8029 0.1768 -0.5693
vn -0.0963 0.1629 0.9819
vn -0.6301 -0.3464 -0.6950
vn -0.6120 -0.2841 -0.7380
vn 0.0193 -0.1827 0.9830
vn -0.0222 0.0137 0.9997
vn 0.0251 -0.0150 0.9996
vn -0.8477 0.4248 -0.3179
vn 0.0667 -0.5271 -0.8472
vn -0.1730 0.2134 0.9615
vn -0.8952 0.3202 0.3100
vn -0.5396 0.7835 0.3083
vn -0.0422 -0.0995 0.9941
vn -0.2724 -0.0600 -0.9603
vn 0.0994 0.0199 -0.9949
vn 0.9701 -0.2041 0.1315
vn 0.8635 -0.5041 0.0152
vn 0.5433 -0.8360 0.0772
vn 0.6315 -0.7752 -0.0171
vn -0.6166 0.0360 0.7865
vn -0.6424 -0.5610 0.5221
vn 0.3326 -0.9130 -0.2364
vn -0.0064 -0.9993 0.0376
vn 0.6560 -0.0716 0.7513
vn -0.6442 -0.6809 -0.3485
vn 0.4972 -0.8673 0.0246
vn 0.6851 -0.7285 -0.0027
vn 0.4258 -0.9048 -0.0115
vn 0.0079 0.0492 -0.9988
vn -0.8185 -0.1854 -0.5438
vn 0.4898 -0.5980 -0.6344
vn 0.6559 -0.3843 -0.6497
vn 0.7308 0.6779 0.0797
vn 0.1439 -0.8909 0.4308
vn 0.7092 0.0534 0.7030
vn 0.0078 0.0258 0.9996
vn 0.1847 -0.0247 0.9825
vn -0.0838 0.0825 0.9931
vn 0.3495 0.0164 0.9368
vn 0.1304 0.0026 0.9915
vn -0.7816 0.0295 0.6231
vn -0.7860 0.0640 0.6149
vn -0.0219 0.0957 0.9952
vn -0.1855 0.5080 0.8411
vn 0.9040 0.3210 0.2826
vn 0.4688 0.0335 0.8827
vn -0.1724 0.2071 -0.9630
vn -0.4565 0.2959 -0.8391
vn 0.6085 -0.2653 -0.7479
vn 0.8928 0.3064 -0.3302
vn -0.0307 0.0185 -0.9994
vn 0.0357 0.0751 -0.9965
vn -0.1726 -0.1718 -0.9699
vn -0.7143 0.6910 -0.1112
vn -0.5888 0.6681 -0.4549
vn -0.9736 -0.0093 0.2280
vn -0.6448 -0.4454 0.6211
vn 0.7353 0.6746 -0.0655
vn 0.6119 0.7907 -0.0170
vn 0.7394 0.6687 0.0786
vn 0.1754 -0.7006 -0.6917
vn -0.8488 0.1798 0.4971
vn -0.7028 0.4092 0.5819
vn -0.6304 -0.6603 0.4081
vn -0.3464 0.5456 -0.7631
vn -0.5361 0.7041 0.4657
vn -0.1155 0.2061 0.9717
vn -0.3566 0.3945 0.8469
vn 0.1600 -0.0087 0.9871
vn -0.3585 -0.3800 0.8527
vn -0.2367 0.5812 -0.7786
vn -0.5168 0.8527 0.0763
vn -0.5658 0.0481 0.8231
vn 0.4927 -0.4920 0.7178
vn 0.9962 0.0533 -0.0685
vn 0.1914 -0.9784 0.0783
vn -0.0732 0.9973 0.0013
vn -0.0916 0.9958 0.0053
vn -0.0674 0.9816 0.1786
vn -0.0909 0.9788 -0.1838
vn -0.1281 0.9425 -0.3087
vn 0.6783 -0.5054 0.5334
vn -0.1207 0.9900 0.0731
vn 0.1472 -0.4028 0.9034
vn 0.2930 -0.7012 0.6500
vn -0.6617 -0.4743 -0.5807
vn -0.2714 0.8666 0.4187
vn -0.8431 -0.0440 -0.5360
vn -0.0526 0.3666 -0.9289
vn -0.0788 0.9236 -0.3753
vn -0.3171 0.1548 -0.9357
vn -0.8260 -0.2547 -0.5029
vn 0.4863 -0.3973 -0.7782
vn -0.5424 0.8048 0.2410
vn -0.6178 0.7295 0.2935
vn -0.6078 0.7817 0.1396
vn -0.3165 0.2374 -0.9184
vn 0.0066 -0.9879 -0.1550
vn -0.0048 -0.9999 -0.0089
vn -0.3114 0.3936 -0.8649
vn -0.6570 -0.2262 -0.7192
vn -0.9742 -0.0470 -0.2208
vn 0.3402 -0.7658 0.5457
vn -0.8713 0.3614 0.3319
vn 0.8441 -0.5360 -0.0157
vn -0.9976 -0.0567 -0.0400
vn 0.9463 0.0502 0.3193
vn -0.9418 0.0719 0.3285
vn -0.1254 0.2847 0.9504
vn -0.8287 0.0719 -0.5550
vn -0.1396 0.1348 -0.9810
vn -0.3105 -0.4493 -0.8377
vn 0.1938 0.0144 -0.9809
vn 0.7367 -0.6198 0.2706
vn 0.0946 -0.9955 -0.0046
vn 0.1137 0.8355 -0.5377
vn -0.1853 0.1295 -0.9741
vn 0.4698 -0.8602 0.1984
vn -0.2374 0.7749 -0.5858
vn 0.0703 -0.9974 0.0146
vn 0.5134 -0.8512 0.1095
vn 0.9218 -0.1271 0.3662
vn 0.9298 0.1472 0.3374
vn 0.6472 0.3607 0.6716
vn -0.4776 0.0368 0.8778
vn 0.5364 -0.4827 -0.6923
vn -0.1311 -0.9866 0.0968
vn -0.4243 -0.7681 0.4796
vn -0.0406 -0.0198 -0.9990
vn 0.7182 -0.3179 -0.6189
vn -0.3196 0.1161 0.9404
vn -0.1562 0.9640 0.2153
vn -0.6797 0.7319 -0.0483
vn -0.0559 -0.0351 0.9978
vn 0.0857 -0.0796 -0.9931
vn 0.6066 -0.7467 -0.2728
vn -0.2992 0.9501 0.0879
vn -0.3748 0.9268 0.0224
vn -0.0416 0.0473 0.9980
vn -0.1084 0.7673 0.6320
vn -0.7989 0.5991 0.0533
vn 0.9232 0.3758 0.0800
vn 0.6265 0.3879 0.6761
vn 0.2222 -0.5334 0.8162
vn -0.5044 -0.5029 0.7019
vn -0.0809 0.9965 -0.0218
vn -0.0952 -0.9863 0.1345
vn 0.4189 -0.8135 -0.4035
vn 0.0029 0.9996 -0.0280
vn 0.1261 -0.9885 -0.0839
vn -0.3189 -0.5458 0.7749
vn 0.4362 -0.8200 -0.3706
vn -0.4488 0.3555 0.8199
vn -0.5713 -0.8094 0.1360
vn -0.2095 -0.7146 0.6675
vn -0.0980 -0.0462 0.9941
vn -0.1717 0.8080 0.5636
vn 0.0634 0.1933 0.9791
vn 0.0702 0.2988 -0.9517
vn 0.0463 0.1766 -0.9832
vn -0.0603 0.9016 0.4283
vn -0.2411 0.9522 0.1874
vn -0.4306 -0.6130 -0.6625
vn -0.3779 -0.5828 -0.7194
vn -0.7628 0.6457 0.0340
vn -0.0407 0.9956 0.0843
vn 0.1966 -0.5914 -0.7821
vn -0.3782 -0.4654 -0.8002
vn 0.6740 0.5199 0.5248
vn 0.0390 0.9992 0.0014
vn -0.0011 -0.0910 0.9958
vn -0.0428 0.1427 0.9888
vn 0.0369 0.0493 0.9981
vn -0.0838 0.7290 -0.6794
vn -0.2629 0.6732 0.6911
vn -0.0030 0.9346 -0.3556
vn 0.5863 -0.7975 -0.1419
vn -0.1715 0.2933 0.9405
vn 0.8831 -0.4548 0.1155
vn -0.5600 -0.7567 -0.3374
vn 0.7841 0.1408 -0.6044
vn 0.5209 -0.2977 0.8000
vn 0.2918 -0.9056 -0.3077
vn 0.2025 -0.8685 -0.4525
vn 0.4603 -0.1756 0.8702
vn 0.8909 0.1044 0.4421
vn 0.8160 0.1865 0.5471
vn 0.5553 -0.1325 -0.8211
vn 0.7023 -0.2542 -0.6649
vn -0.1008 -0.2719 -0.9570
vn -0.2232 0.6584 0.7189
vn 0.0666 0.0584 0.9961
vn 0.4943 -0.7451 0.4477
vn 0.9867 -0.1421 0.0789
vn 0.0671 0.9946 0.0789
vn 0.9633 -0.0535 -0.2631
vn -0.3706 0.6236 -0.6883
vn -0.2511 -0.2760 -0.9278
vn 0.1611 -0.5643 0.8097
vn 0.5661 -0.2671 -0.7799
vn 0.6454 -0.3250 -0.6913
vn -0.0311 0.9531 0.3010
vn 0.0338 0.3480 0.9369
vn -0.2805 0.9581 0.0573
vn -0.5173 0.8556 0.0174
vn -0.3964 0.8863 -0.2394
vn -0.6002 0.7969 -0.0691
vn -0.6012 0.6934 0.3972
vn 0.3443 -0.8418 -0.4157
vn 0.0072 -0.2900 -0.9570
vn 0.1292 -0.0902 0.9875
vn 0.0789 0.4230 -0.9027
vn 0.2593 -0.8017 0.5385
vn 0.0401 -0.4847 0.8738
vn 0.2621 -0.1859 0.9469
vn 0.9996 -0.0001 -0.0299
vn 0.9997 -0.0157 -0.0163
vn -0.0928 0.9822 -0.1635
vn 0.5466 0.7000 -0.4595
vn 0.0272 0.9992 0.0282
vn -0.5029 0.2805 -0.8176
vn -0.3669 -0.3892 0.8449
vn 0.4587 0.8078 0.3703
vn 0.9920 -0.0557 0.1137
vn 0.9227 -0.3236 -0.2095
vn 0.9813 -0.0789 -0.1755
vn -0.0648 -0.9777 -0.1996
vn -0.0888 0.5822 0.8082
vn 0.9594 0.1974 -0.2012
vn 0.5444 -0.4931 -0.6786
vn 0.4668 -0.8097 0.3556
vn -0.6002 -0.7902 0.1238
vn -0.3241 -0.4136 0.8508
vn 0.3550 -0.4840 0.7998
vn 0.8086 -0.5777 0.1116
vn -0.3886 -0.8606 -0.3292
vn -0.5560 -0.2573 -0.7904
vn -0.9746 -0.1904 -0.1178
vn -0.9996 0.0270 -0.0051
vn -0.8998 0.0778 -0.4294
vn -0.9954 0.0521 -0.0803
vn -0.9192 0.1212 -0.3745
vn -0.9681 -0.1321 0.2129
vn -0.9938 0.0181 0.1099
vn -0.9787 -0.1930 -0.0696
vn -0.9279 -0.3194 -0.1923
vn -0.3928 0.1043 -0.9137
vn -0.4129 -0.7865 0.4593
vn -0.0989 -0.9876 0.1222
vn 0.2367 0.1427 -0.9610
vn -0.4084 -0.8809 -0.2391
vn -0.8004 -0.3304 -0.5003
vn -0.5304 -0.7854 -0.3191
vn 0.0908 0.9773 0.1917
vn 0.0675 0.8883 0.4543
vn -0.0395 0.0461 0.9982
vn -0.9687 0.1556 0.1933
vn -0.0248 -0.1011 0.9946
vn -0.0996 -0.3389 -0.9355
vn 0.3170 -0.3613 -0.8769
vn -0.8610 -0.0088 0.5086
vn 0.3392 -0.3671 -0.8661
vn -0.8867 -0.3699 0.2775
vn 0.5465 -0.5509 0.6307
vn -0.5284 0.5444 0.6515
vn -0.7423 0.6571 -0.1307
vn 0.5673 -0.5034 0.6517
vn -0.7750 -0.1240 -0.6197
vn -0.6137 -0.2118 -0.7606
vn -0.0042 0.1012 0.9949
vn -0.0236 -0.0343 0.9991
vn -0.7918 0.2702 0.5478
vn -0.0824 0.0484 0.9954
vn -0.3787 -0.0086 0.9255
vn 0.1154 -0.9909 -0.0688
vn 0.7442 -0.5379 -0.3961
vn -0.4223 -0.0026 -0.9065
vn -0.7911 0.1279 -0.5982
vn -0.9117 -0.4079 0.0501
vn -0.9020 -0.4161 -0.1150
vn -0.1567 -0.5204 0.8394
vn -0.5195 -0.8049 0.2867
vn -0.8309 -0.0157 0.5562
vn 0.3799 -0.6396 -0.6683
vn -0.7922 0.4533 -0.4085
vn 0.2417 -0.9499 -0.1980
vn -0.5991 -0.1705 -0.7823
vn -0.1024 0.8229 -0.5589
vn 0.0666 -0.0590 -0.9960
vn -0.0577 -0.9582 0.2803
vn 0.2735 -0.8759 0.3975
vn 0.0290 0.2798 0.9596
vn -0.5837 0.5285 -0.6165
vn 0.7501 0.4972 0.4361
vn 0.4214 -0.8733 0.2446
vn -0.9957 -0.0849 0.0371
vn -0.5575 0.5803 0.5936
vn -0.8612 -0.3292 -0.3871
vn -0.7163 -0.4743 -0.5118
vn -0.9619 -0.2497 -0.1116
vn -0.9244 0.2090 0.3191
vn -0.0071 0.2777 0.9606
vn -0.8490 0.4089 0.3346
vn -0.2976 -0.1107 0.9483
vn -0.8284 0.5590 0.0356
vn -0.8852 0.2135 0.4133
vn -0.4071 -0.3655 0.8371
vn -0.9300 -0.0457 0.3647
vn -0.8128 0.5565 -0.1724
vn -0.8279 0.5117 0.2297
vn 0.3798 -0.6487 0.6595
vn -0.1173 0.6907 0.7135
vn -0.8287 -0.0558 -0.5569
vn -0.4363 -0.0039 0.8998
vn -0.8865 0.4584 -0.0623
vn -0.9913 0.1078 -0.0756
vn -0.8390 0.1790 -0.5138
vn -0.9998 -0.0029 0.0188
vn -0.8669 0.0458 -0.4965
vn -0.7497 -0.2777 0.6006
vn -0.9933 -0.0116 0.1153
vn -0.8471 -0.2351 0.4767
vn -0.9108 0.3825 0.1551
vn -0.9126 0.3153 -0.2603
vn -0.8155 0.3940 0.4240
vn 0.0835 -0.1495 0.9852
vn -0.2579 0.0900 0.9620
vn 0.0421 0.8745 -0.4831
vn -0.9845 -0.0197 0.1741
vn -0.9908 0.0165 -0.1341
vn -0.0935 0.0066 -0.9956
vn -0.0820 0.0196 -0.9964
vn 0.0230 -0.0687 -0.9974
vn -0.9330 -0.2543 -0.2547
vn 0.4456 -0.6142 -0.6513
vn -0.9999 -0.0139 -0.0008
vn -0.8541 0.5117 0.0932
vn -0.8332 0.0730 -0.5481
vn 0.8230 -0.4200 0.3824
vn -0.0171 -0.0688 0.9975
vn -0.4247 0.0094 -0.9053
vn -0.0131 -0.0058 -0.9999
vn -0.3698 -0.0001 -0.9291
vn -0.0144 -0.0060 -0.9999
vn -0.0218 0.0104 -0.9997
vn -0.4409 -0.0329 -0.8969
vn -0.7806 -0.6228 -0.0534
vn -0.8646 -0.4717 -0.1729
vn -0.0592 0.0988 0.9933
vn -0.1871 0.2719 0.9440
vn -0.7717 -0.6320 -0.0706
vn -0.6768 0.7347 -0.0454
vn -0.8124 0.0083 0.5830
vn 0.0513 -0.0098 0.9986
vn -0.0395 0.0088 -0.9992
vn 0.2584 -0.6254 0.7363
vn 0.4214 -0.8168 0.3940
vn -0.1080 -0.7948 0.5972
vn -0.1609 -0.0095 0.9869
vn -0.5862 -0.0099 0.8101
vn 0.1360 0.1587 0.9779
vn -0.0944 0.0190 -0.9954
vn -0.0274 0.0728 -0.9970
vn 0.0015 -0.0638 0.9980
vn 0.0324 -0.0405 0.9987
vn 0.1928 0.0160 0.9811
vn 0.0384 0.0457 0.9982
vn -0.0222 0.0501 0.9985
vn 0.0468 0.0620 -0.9970
vn -0.2208 -0.0756 0.9724
vn -0.0110 0.0803 0.9967
vn -0.5137 0.8575 0.0292
vn -0.0526 0.0032 0.9986
vn -0.5325 0.8426 -0.0808
vn -0.1939 -0.0734 -0.9783
vn -0.1313 0.0027 0.9913
vn -0.1071 -0.0078 0.9942
vn -0.0222 -0.0974 0.9950
vn -0.0559 0.0396 0.9976
vn -0.0024 0.0571 0.9984
vn -0.0314 0.0026 0.9995
vn -0.4710 0.8821 -0.0051
vn -0.5225 0.8526 0.0109
vn -0.8501 0.5266 0.0081
vn -0.6813 0.7320 -0.0016
vn -0.4951 0.8680 0.0387
vn -0.6053 0.7951 0.0377
vn -0.0083 0.2988 0.9543
vn 0.2625 0.0887 0.9609
vn -0.0053 0.2376 0.9714
vn -0.1584 0.7743 0.6127
vn -0.4885 0.8714 0.0457
vn -0.5650 0.8225 0.0650
vn -0.6748 -0.7359 0.0550
vn -0.4487 -0.5300 -0.7195
vn -0.0589 -0.0123 0.9982
vn 0.0137 0.3095 0.9508
vn -0.5534 0.7412 -0.3800
vn -0.7349 0.6721 -0.0903
vn -0.3037 0.7533 -0.5834
vn -0.9794 -0.1459 -0.1395
vn -0.9966 0.0725 -0.0401
vn -0.9935 0.0835 -0.0774
vn -0.9683 0.0461 0.2455
vn -0.8622 0.0721 -0.5014
vn -0.4218 0.1203 -0.8987
vn 0.1005 0.2843 -0.9535
vn -0.9476 -0.0741 -0.3108
vn -0.9803 -0.0760 0.1823
vn -0.9869 -0.0249 0.1595
vn -0.9099 0.0369 -0.4132
vn -0.9993 0.0189 -0.0330
vn -0.9984 -0.0537 -0.0197
vn -0.4940 -0.0244 0.8691
vn -0.1441 -0.0798 -0.9863
vn -0.1824 0.1639 0.9695
vn 0.1442 0.1367 0.9801
vn 0.9062 0.1709 -0.3867
vn 0.0488 0.0394 -0.9980
vn 0.0878 0.1937 -0.9771
vn -0.0005 0.0009 -1.0000
vn 0.9621 0.2270 -0.1510
vn 0.6500 0.1319 -0.7484
vn -0.0099 -0.0122 -0.9999
vn -0.1277 0.6435 -0.7547
vn -0.2222 0.1673 -0.9605
vn 0.1879 0.1306 -0.9735
vn -0.0542 -0.0525 0.9971
vn 0.5731 -0.0253 0.8191
vn -0.0358 -0.0219 0.9991
vn 0.0206 0.0090 0.9997
vn 0.9507 0.0869 -0.2978
vn 0.6617 0.2624 -0.7023
vn 0.0518 0.0281 -0.9983
vn 0.8418 -0.4315 -0.3242
vn 0.6500 0.7559 -0.0784
vn -0.0594 0.0012 0.9982
vn 0.3370 -0.0393 0.9407
vn -0.0327 0.0438 0.9985
vn 0.0141 0.0800 0.9967
vn 0.1601 -0.1398 0.9772
vn 0.2788 0.1429 -0.9497
vn 0.9691 -0.2451 0.0272
vn 0.2910 -0.3327 0.8970
vn 0.1939 -0.0633 -0.9790
vn 0.2927 -0.0177 -0.9561
vn -0.0182 0.0320 0.9993
vn -0.0465 0.1346 0.9898
vn -0.1364 -0.1678 0.9764
vn -0.3225 0.2909 0.9008
vn -0.4021 -0.1125 -0.9087
vn -0.4710 0.7173 -0.5135
vn 0.7821 -0.0138 -0.6230
vn 0.2046 0.1560 -0.9663
vn 0.0073 -0.0217 -0.9997
vn -0.0024 -0.0139 0.9999
vn 0.0471 0.0010 0.9989
vn -0.3509 0.0187 0.9362
vn -0.0308 0.0014 0.9995
vn -0.4027 -0.4555 -0.7939
vn -0.0061 -0.0520 0.9986
vn -0.1585 0.0772 0.9843
vn -0.0317 -0.0349 0.9989
vn -0.0203 -0.0484 0.9986
vn 0.2934 -0.4867 0.8228
vn 0.0111 -0.0264 0.9996
vn -0.0180 -0.0013 0.9998
vn -0.4555 -0.5201 0.7225
vn 0.0365 0.9992 -0.0192
vn 0.0132 -0.0090 -0.9999
vn 0.4175 -0.0822 -0.9049
vn -0.1941 0.0741 -0.9782
vn 0.0160 -0.0759 -0.9970
vn 0.5002 0.1588 0.8512
vn -0.5933 -0.7656 0.2488
vn -0.0408 -0.4317 0.9011
vn -0.5796 0.0704 0.8118
vn -0.3851 -0.0279 0.9225
vn -0.3285 0.7543 0.5685
vn -0.1546 -0.1043 0.9825
vn 0.5425 -0.1229 -0.8310
vn 0.9090 0.0631 -0.4120
vn 0.0146 0.7436 -0.6685
vn -0.0986 0.6031 -0.7916
vn -0.3262 -0.0240 -0.9450
vn -0.0794 -0.1058 -0.9912
vn 0.1270 -0.1478 -0.9808
vn 0.5176 -0.4570 -0.7234
vn 0.1579 -0.9614 0.2251
vn 0.2002 -0.1075 -0.9738
vn 0.0719 -0.1385 -0.9878
vn 0.2801 -0.3298 -0.9015
vn 0.5762 -0.2244 0.7859
vn 0.5964 0.1819 0.7818
vn 0.3234 -0.4075 0.8540
vn -0.1142 -0.0603 0.9916
vn 0.0899 -0.8327 0.5463
vn 0.4772 -0.4910 -0.7288
vn -0.0099 -0.4561 -0.8899
vn -0.2475 0.4822 0.8404
vn -0.5505 0.5281 -0.6466
vn -0.0600 -0.2578 0.9643
vn 0.6612 -0.5892 -0.4644
vn -0.4361 0.6710 0.5997
vn -0.0530 -0.0105 0.9985
vn 0.9032 -0.1251 0.4107
vn 0.4305 0.1063 0.8963
vn 0.6645 -0.0133 0.7472
vn 0.5396 0.6798 -0.4967
vn 0.0724 0.0540 0.9959
vn 0.0306 0.0207 0.9993
vn -0.5363 0.7553 0.3767
vn -0.1173 0.0227 0.9928
vn -0.1255 0.0011 0.9921
vn 0.2871 0.3723 0.8826
vn 0.4949 0.5368 -0.6833
vn -0.1871 0.5426 0.8189
vn 0.0546 -0.3428 0.9378
vn -0.1548 -0.0672 0.9857
vn -0.1082 -0.1476 0.9831
vn 0.0010 -0.8907 0.4547
vn -0.8352 0.0381 -0.5487
vn -0.9826 -0.0813 0.1670
vn -0.0400 -0.0513 -0.9979
vn -0.4927 0.3512 0.7962
vn 0.5457 -0.8087 0.2196
vn 0.2847 -0.9584 0.0188
vn 0.0232 -0.0136 0.9996
vn -0.3973 -0.4548 -0.7970
vn 0.5328 0.1960 -0.8233
vn 0.4876 0.1057 -0.8667
vn -0.3349 -0.5738 0.7474
vn 0.5391 0.4320 -0.7231
vn 0.0897 0.2759 0.9570
vn 0.5279 0.2337 0.8165
vn 0.6310 0.5613 0.5354
vn 0.8608 0.3217 0.3943
vn 0.9238 -0.0621 0.3777
vn 0.5004 0.3148 -0.8065
vn 0.9686 -0.1185 -0.2183
vn 0.2507 -0.0035 0.9681
vn 0.6685 -0.2522 0.6997
vn 0.9846 0.0010 0.1747
vn 0.0567 0.0887 0.9944
vn -0.0032 -0.0550 0.9985
vn -0.1125 0.5477 0.8291
vn 0.6037 -0.0800 -0.7932
vn 0.1898 0.6516 -0.7344
vn 0.2151 0.9756 -0.0447
vn 0.3804 -0.4805 -0.7902
vn 0.2939 -0.1699 0.9406
vn 0.0181 -0.0148 0.9997
vn 0.3140 -0.0815 0.9459
vn 0.6041 -0.4112 0.6827
vn 0.0878 0.4290 0.8990
vn -0.0076 0.3827 0.9238
vn -0.0292 -0.1228 0.9920
vn 0.7343 0.2863 -0.6155
vn 0.4731 0.2741 -0.8373
vn 0.2367 0.1565 -0.9589
vn -0.0363 -0.0595 -0.9976
vn 0.5376 -0.2425 -0.8076
vn 0.6567 -0.5761 -0.4868
vn 0.2167 -0.4456 0.8686
vn 0.5750 -0.7078 0.4103
vn 0.4963 -0.5215 0.6941
vn 0.0393 -0.7708 -0.6359
vn -0.1112 0.9492 -0.2942
vn 0.7597 0.6407 0.1114
vn -0.2252 0.1692 0.9595
vn -0.4934 0.8695 0.0233
vn -0.0169 0.0915 0.9957
vn -0.0833 0.0886 0.9926
vn 0.1194 -0.3754 0.9191
vn -0.0307 0.1943 0.9805
vn 0.4978 -0.5585 0.6635
vn 0.0104 -0.8918 0.4523
vn -0.6725 0.7327 -0.1042
vn -0.5130 0.8559 -0.0651
vn 0.6578 -0.7081 -0.2565
vn 0.6683 0.7019 0.2465
vn -0.3676 0.9289 -0.0447
vn 0.3504 -0.1282 -0.9278
vn 0.9074 -0.3631 -0.2115
vn 0.6985 -0.3231 -0.6385
vn 0.7911 -0.2186 -0.5713
vn 0.7296 -0.6790 -0.0815
vn 0.0014 -0.0128 -0.9999
vn 0.0930 -0.6662 -0.7400
vn -0.4851 0.8709 0.0786
vn 0.5044 0.7630 -0.4043
vn -0.0103 0.0322 -0.9994
vn -0.0118 -0.0136 -0.9998
vn 0.9632 -0.1140 -0.2433
vn 0.2506 0.9650 0.0772
vn 0.4289 0.5505 -0.7163
vn 0.5637 -0.5914 -0.5767
vn -0.0376 0.1841 -0.9822
vn 0.6696 -0.6611 -0.3384
vn 0.7417 0.6705 0.0161
vn -0.0000 -1.0000 -0.0023
vn 0.9986 0.0142 -0.0502
vn 0.7863 0.4599 0.4126
vn 0.8118 -0.2432 -0.5308
vn 0.2349 0.2766 0.9318
vn 0.4379 0.0136 0.8989
vn 0.1991 0.3935 0.8975
vn 0.9972 0.0577 0.0469
vn 0.9984 0.0435 0.0353
vn 0.3862 -0.1458 -0.9108
vn 0.8587 0.5067 0.0769
vn 0.9898 0.0878 -0.1123
vn 0.5716 -0.7890 -0.2253
vn 0.6041 -0.5406 -0.5855
vn 0.3102 -0.0869 -0.9467
vn 0.1454 0.9804 -0.1327
vn 0.2350 0.3183 -0.9184
vn 0.1118 0.7467 -0.6557
vn 0.3075 -0.5220 -0.7956
vn -0.6299 -0.3826 0.6759
vn 0.9979 -0.0277 -0.0593
vn 0.8998 -0.1305 0.4163
vn 0.0848 0.0917 0.9922
vn 0.2319 0.8300 0.5073
vn 0.9687 -0.1771 -0.1741
vn 0.9897 -0.1420 -0.0160
vn 0.2125 0.4784 -0.8520
vn 0.0113 -0.4572 0.8893
vn -0.0908 0.8911 -0.4446
vn 0.9436 -0.3310 0.0006
vn 0.8279 -0.5089 0.2357
vn 0.6218 -0.7275 0.2902
vn 0.4166 -0.9088 -0.0218
vn -0.0526 -0.7860 0.6160
vn 0.9719 -0.2351 -0.0133
vn 0.9997 0.0101 -0.0230
vn -0.6200 0.2505 0.7436
vn 0.9647 0.2405 0.1073
vn 0.6401 -0.3482 -0.6849
vn 0.9998 0.0157 0.0119
vn 0.9833 -0.1200 -0.1368
vn 0.9611 -0.2761 -0.0054
vn 0.5404 -0.4897 -0.6843
vn 0.9888 0.0644 -0.1345
vn 0.9334 0.2228 -0.2814
vn 0.9999 -0.0121 -0.0085
vn 0.9961 -0.0507 0.0727
vn 0.9955 -0.0948 0.0035
vn 0.7762 -0.3369 0.5329
vn 0.8600 -0.3078 0.4071
vn 0.6500 0.0180 0.7597
vn 0.7987 -0.3514 0.4884
vn 0.9684 0.1597 -0.1915
vn 0.9997 0.0240 -0.0055
vn 0.9721 0.0281 0.2330
vn 0.3652 -0.6355 -0.6803
vn 0.5831 -0.3265 0.7440
vn 0.5943 0.1441 0.7912
vn -0.0001 -0.0787 -0.9969
vn -0.1121 -0.0730 -0.9910
vn -0.4759 -0.3756 -0.7953
vn 0.0496 -0.1348 -0.9896
vn 0.0822 -0.0884 0.9927
vn 0.4172 -0.3311 -0.8464
vn -0.2259 0.5591 0.7977
vn 0.9549 -0.2960 -0.0233
vn 0.9168 -0.3882 0.0936
vn 0.5080 -0.4272 -0.7480
vn -0.2414 0.3906 -0.8884
vn 0.8360 -0.5463 0.0516
vn 0.7628 -0.0469 -0.6449
vn -0.9347 0.3549 0.0165
vn 0.9775 0.1233 0.1713
vn 0.9890 -0.1252 0.0788
vn 0.9342 0.3173 0.1632
vn 0.6522 0.7540 0.0776
vn 0.9478 0.2189 -0.2318
vn 0.8324 -0.5360 -0.1406
vn 0.7768 -0.6295 0.0178
vn 0.9604 -0.2784 0.0138
vn 0.8275 -0.5613 0.0150
vn 0.8505 -0.5260 -0.0051
vn 0.7341 0.6449 -0.2126
vn -0.9813 0.0229 -0.1912
vn 0.8198 -0.5719 -0.0297
vn 0.1396 -0.9901 0.0131
vn 0.6692 -0.0674 0.7400
vn 0.6432 -0.5517 0.5310
vn 0.9731 -0.2267 -0.0404
vn 0.9122 -0.4052 0.0610
vn 0.0273 0.8509 -0.5246
vn 0.0302 -0.3624 -0.9315
vn -0.0409 0.0529 -0.9978
vn 0.3321 -0.5038 -0.7974
vn 0.8590 -0.4971 0.1227
vn -0.5672 0.1465 0.8104
vn -0.1829 0.0591 0.9814
vn 0.2289 0.7500 0.6206
vn 0.2544 0.9560 0.1458
vn 0.4928 -0.1489 0.8573
vn 0.3921 -0.0326 0.9194
vn 0.1716 0.2015 -0.9643
vn 0.1155 0.9394 -0.3228
vn 0.7596 -0.2917 -0.5813
vn 0.2257 -0.7148 0.6619
vn 0.3495 0.8805 -0.3202
vn 0.9161 0.4004 -0.0209
vn 0.7675 -0.6393 -0.0470
vn -0.1937 0.5048 0.8412
vn 0.4730 -0.8806 0.0280
vn 0.8975 0.2250 0.3793
vn 0.8340 0.2357 0.4989
vn 0.4206 0.4597 -0.7821
vn 0.2774 -0.0872 -0.9568
vn -0.2200 0.4672 -0.8563
vn 0.5831 0.5354 -0.6110
vn 0.8776 0.4120 -0.2451
vn -0.0312 0.0162 0.9994
vn -0.3470 0.5870 0.7314
vn 0.7897 -0.5833 -0.1900
vn 0.2207 0.6333 -0.7417
vn 0.9530 -0.0125 -0.3026
vn 0.0425 -0.0774 -0.9961
vn 0.8403 -0.2335 0.4892
vn 0.6196 -0.7133 -0.3275
vn -0.9503 -0.1343 -0.2807
vn 0.7805 0.0988 -0.6172
vn -0.5313 0.4424 -0.7225
vn 0.7574 0.2469 -0.6045
vn -0.7090 0.6477 0.2789
vn 0.0379 -0.8813 -0.4710
vn 0.9730 0.0202 0.2300
vn 0.6264 -0.5126 0.5873
vn -0.2820 -0.7866 0.5494
vn -0.0959 -0.9688 0.2284
vn -0.4740 -0.0309 0.8800
vn -0.5530 0.4129 0.7237
vn -0.0429 0.2207 -0.9744
vn -0.1167 0.0935 -0.9888
vn 0.3566 -0.7755 -0.5210
vn -0.0017 1.0000 -0.0016
vn 0.2794 0.0828 0.9566
vn 0.7259 0.1052 0.6797
vn 0.7804 0.6228 -0.0566
vn 0.6813 -0.7253 -0.0984
vn -0.5436 -0.8381 -0.0448
vn -0.0987 0.1985 -0.9751
vn -0.1625 0.2624 -0.9512
vn -0.2643 0.1000 -0.9593
vn -0.0655 0.6143 -0.7864
vn -0.1975 0.3396 -0.9196
vn 0.0268 0.9941 0.1048
vn 0.5547 0.8241 0.1145
vn -0.5380 -0.6663 0.5164
vn -0.8272 0.3062 -0.4711
vn -0.4831 0.7125 -0.5089
vn -0.5756 0.6297 -0.5217
vn -0.9793 0.1993 -0.0360
vn -0.5899 0.8074 0.0086
vn -0.7407 -0.1482 -0.6553
vn -0.7279 0.6633 0.1738
vn -0.3401 0.3758 0.8621
vn 0.0347 0.9994 0.0025
vn -0.7527 -0.6577 0.0302
vn -0.4331 0.8626 0.2613
vn 0.0328 0.9864 -0.1609
vn -0.3049 0.7660 0.5659
vn -0.3524 0.7690 0.5334
vn 0.7026 -0.2995 -0.6455
vn 0.0456 0.0753 -0.9961
vn -0.1578 -0.0711 0.9849
vn 0.1831 -0.0127 -0.9830
vn -0.0376 -0.0570 0.9977
vn -0.0430 -0.0611 0.9972
vn -0.2877 0.8744 -0.3908
vn -0.1015 0.6012 0.7927
vn 0.9544 0.2214 0.2002
vn 0.5995 0.6210 0.5049
vn -0.1654 0.2969 -0.9405
vn -0.1191 -0.7930 -0.5975
vn 0.2830 -0.1655 0.9447
vn 0.0912 -0.0378 0.9951
vn 0.5681 -0.0434 0.8218
vn 0.4714 0.3530 -0.8082
vn 0.0543 0.9983 -0.0192
vn 0.0919 0.9624 -0.2555
vn 0.7342 0.3722 -0.5679
vn 0.4980 0.3076 0.8108
vn -0.0006 0.0578 -0.9983
vn 0.2883 -0.2312 -0.9292
vn 0.7682 0.0907 -0.6338
vn -0.1083 0.2469 -0.9630
vn 0.8163 -0.2776 -0.5066
vn 0.6876 -0.3294 0.6470
vn 0.7121 -0.1304 -0.6898
vn -0.5487 -0.8027 0.2338
vn -0.5799 -0.8104 0.0836
vn -0.5770 -0.8124 0.0844
vn -0.4418 -0.8913 -0.1021
vn -0.7235 -0.6903 -0.0009
vn 0.1745 0.6817 0.7105
vn -0.2518 0.8948 -0.3686
vn 0.7405 0.4110 -0.5316
vn 0.7521 0.0929 -0.6525
vn -0.7155 -0.6983 0.0226
vn -0.6948 -0.6450 -0.3182
vn 0.9121 0.0770 0.4027
vn 0.5895 -0.8071 -0.0336
vn 0.0033 1.0000 -0.0046
vn 0.1023 0.9599 0.2608
vn -0.2267 0.9718 0.0644
vn -0.0037 1.0000 -0.0037
vn 0.3244 -0.5727 0.7528
vn 0.8598 0.1057 0.4996
vn 0.3126 0.4778 -0.8210
vn 0.2991 -0.4251 -0.8543
vn 0.9035 -0.0177 -0.4281
vn 0.6621 -0.2939 -0.6894
vn 0.6001 -0.3810 0.7034
vn 0.5948 0.5304 -0.6041
vn -0.4791 0.5929 -0.6472
vn -0.9865 -0.0317 -0.1604
vn -0.6350 0.4117 0.6536
vn 0.8647 -0.2107 -0.4560
vn -0.6782 0.1683 0.7154
vn -0.1473 0.0209 0.9889
vn 0.7404 -0.6687 0.0685
vn 0.6593 0.4223 0.6221
vn 0.2667 -0.2961 -0.9171
vn 0.2579 0.3894 -0.8842
vn -0.0771 0.0203 -0.9968
vn -0.8077 -0.3496 -0.4747
vn -0.1459 -0.1128 -0.9829
vn -0.1194 0.0100 -0.9928
vn 0.1876 -0.2764 0.9425
vn 0.7453 -0.3126 0.5889
vn 0.5519 -0.6275 0.5492
vn 0.6825 0.2846 0.6732
vn 0.5391 0.3201 -0.7790
vn 0.4831 0.0211 -0.8753
vn 0.5425 0.4219 0.7264
vn -0.0611 -0.1747 0.9827
vn -0.2052 -0.6878 -0.6963
vn 0.3243 0.3851 -0.8640
vn -0.6451 0.6302 0.4320
vn 0.2503 -0.6982 -0.6707
vn -0.9175 -0.1294 0.3761
vn -0.5607 -0.6252 0.5429
vn -0.8272 0.0490 0.5598
vn -0.8957 -0.3026 -0.3257
vn -0.9799 -0.1964 0.0344
vn 0.9308 0.2186 0.2929
vn 0.5486 -0.3200 -0.7724
vn 0.2990 0.0676 -0.9519
vn -0.8796 -0.4740 -0.0389
vn -0.4422 0.6321 -0.6363
vn 0.5053 -0.6782 0.5336
vn -0.0252 0.0900 0.9956
vn 0.0636 0.0159 0.9979
vn 0.5010 0.1189 -0.8572
vn 0.1558 0.0335 -0.9872
vn 0.7566 -0.0336 -0.6530
vn 0.9193 -0.2161 -0.3288
vn 0.7564 0.5669 0.3262
vn 0.3761 -0.5348 -0.7567
vn 0.4361 0.8578 -0.2720
vn 0.6824 -0.2486 -0.6875
vn 0.4052 -0.9127 0.0524
vn 0.7124 0.2118 0.6690
vn -0.7937 -0.1119 0.5980
vn -0.7885 -0.6134 0.0446
vn 0.8636 0.2126 -0.4571
vn 0.9398 0.2880 -0.1840
vn -0.3483 -0.9360 -0.0504
vn 0.3402 -0.0072 0.9403
vn 0.2788 0.4168 0.8652
vn 0.4281 0.1135 0.8966
vn 0.9785 -0.0067 -0.2060
vn 0.9175 -0.1806 0.3542
vn -0.3423 0.7743 -0.5323
vn 0.2812 -0.6403 -0.7148
vn 0.8099 -0.3903 -0.4378
vn 0.9527 -0.2011 -0.2280
vn 0.7757 0.1512 -0.6128
vn 0.4695 -0.4457 -0.7622
vn -0.5348 -0.8448 -0.0154
vn 0.0571 0.2467 0.9674
vn -0.5190 -0.6143 0.5943
vn -0.7281 -0.6841 -0.0432
vn -0.6695 -0.7427 -0.0161
vn 0.1684 -0.9771 -0.1303
vn 0.8763 0.0751 -0.4759
vn 0.9389 0.3135 0.1423
vn -0.6844 -0.7256 0.0718
vn 0.5655 0.4478 0.6926
vn 0.9551 -0.2076 0.2115
vn 0.9364 0.0499 0.3475
vn 0.9993 -0.0253 0.0283
vn 0.7567 0.0022 -0.6537
vn 0.8609 0.0247 -0.5081
vn 0.6340 -0.1322 -0.7620
vn 0.6535 -0.7566 -0.0217
vn 0.6425 -0.5933 0.4850
vn -0.3130 -0.0125 0.9497
vn 0.0909 -0.6263 0.7743
vn 0.2747 -0.9422 -0.1918
vn 0.7144 0.0039 0.6997
vn 0.8307 0.0095 0.5567
vn 0.8915 -0.0470 0.4505
vn 0.4632 -0.8848 -0.0514
vn -0.7894 0.0036 0.6138
vn -0.9896 0.1419 -0.0233
vn -0.7977 -0.2392 -0.5537
vn 0.8495 -0.1857 0.4938
vn 0.0657 -0.0549 0.9963
vn -0.4695 0.1897 0.8623
vn 0.3315 0.5939 0.7331
vn -0.4170 0.3856 -0.8231
vn -0.4319 0.8675 0.2468
vn 0.9300 -0.0919 0.3559
vn 0.4319 -0.2413 0.8690
vn 0.4055 -0.1477 0.9021
vn 0.2905 0.3047 0.9070
vn 0.5805 0.3831 0.7185
vn 0.9837 -0.1586 0.0844
vn 0.8280 0.4200 0.3715
vn 0.7673 -0.2715 -0.5809
vn -0.1388 -0.0483 0.9891
vn -0.1440 -0.0237 0.9893
vn 0.5263 0.5118 -0.6790
vn 0.4528 0.5103 -0.7312
vn -0.2278 0.3097 -0.9231
vn 0.8372 0.1841 -0.5150
vn 0.7100 -0.0577 -0.7019
vn -0.0189 0.0024 -0.9998
vn 0.0620 0.1906 -0.9797
vn 0.3819 -0.8507 0.3611
vn -0.0138 0.0420 -0.9990
vn -0.0562 -0.1345 -0.9893
vn 0.2249 0.3820 -0.8964
vn 0.8180 0.1697 0.5497
vn 0.8190 -0.2404 -0.5210
vn -0.1111 0.4021 0.9088
vn 0.6765 0.3380 -0.6542
vn 0.6735 0.0157 0.7390
vn 0.5239 -0.3656 -0.7694
vn 0.4321 -0.3461 0.8328
vn -0.3308 0.9199 0.2104
vn -0.4056 0.9020 -0.1477
vn -0.0555 0.1168 0.9916
vn -0.0343 -0.0341 0.9988
vn 0.5808 0.3852 0.7172
vn 0.0080 0.0415 0.9991
vn 0.0290 0.1133 0.9931
vn 0.2270 -0.3215 0.9193
vn -0.0240 -0.0258 0.9994
vn 0.1142 0.9583 0.2619
vn -0.9162 0.0485 0.3979
vn -0.5381 0.6987 -0.4715
vn 0.7408 0.3113 0.5953
vn 0.2565 0.1655 -0.9523
vn -0.1695 0.1739 -0.9701
vn -0.3633 -0.3565 -0.8607
vn -0.4654 -0.5641 0.6821
vn 0.6497 0.1270 0.7495
vn -0.6886 -0.7223 0.0643
vn 0.7847 0.4260 -0.4504
vn 0.3899 -0.3857 -0.8362
vn -0.0043 0.9999 -0.0100
vn 0.2269 0.0642 0.9718
vn -0.3572 0.8594 0.3659
vn -0.7972 0.3573 -0.4866
vn 0.6999 -0.7115 -0.0626
vn 0.1952 0.1045 -0.9752
vn 0.9810 -0.1196 0.1526
vn 0.9700 0.1467 -0.1940
vn 0.9830 0.1741 0.0581
vn 0.5680 -0.1934 0.8000
vn 0.2516 -0.1325 0.9587
vn 0.2314 -0.0731 0.9701
vn 0.1986 0.0152 0.9800
vn 0.5888 -0.1979 0.7837
vn 0.2645 -0.1484 -0.9529
vn -0.1244 0.4978 -0.8583
vn 0.2650 0.8284 0.4935
vn -0.0039 0.9416 -0.3366
vn 0.0353 0.9600 0.2777
vn 0.9692 -0.0600 0.2389
vn 0.9555 0.2405 0.1709
vn -0.9694 -0.2390 0.0566
vn 0.5780 -0.1865 -0.7944
vn 0.8209 0.5679 -0.0612
vn 0.5000 -0.8606 -0.0961
vn 0.9621 0.1130 0.2484
vn 0.6875 -0.5377 0.4881
vn 0.0865 0.0084 -0.9962
vn 0.1327 0.0170 -0.9910
vn 0.7238 -0.0451 -0.6886
vn 0.0036 0.0551 -0.9985
vn 0.9969 -0.0325 -0.0716
vn 0.6151 -0.1324 0.7772
vn 0.4617 0.7094 -0.5325
vn 0.8554 0.4873 0.1754
vn 0.8711 -0.4684 -0.1479
vn -0.0249 0.7587 0.6510
vn -0.6608 0.6478 0.3790
vn 0.8894 0.0517 0.4541
vn 0.1858 0.7067 0.6826
vn -0.4122 0.0908 -0.9066
vn -0.9640 -0.2503 -0.0902
vn -0.1166 -0.0343 0.9926
vn -0.2698 0.9378 0.2185
vn 0.6413 0.4873 -0.5927
vn -0.6089 0.2236 -0.7611
vn -0.1353 0.0892 -0.9868
vn 0.0709 0.0405 0.9967
vn 0.0119 -0.9847 0.1736
vn -0.0463 -0.2623 0.9639
vn 0.0773 0.0726 0.9944
vn 0.9056 -0.3838 0.1806
vn 0.9522 0.2720 -0.1387
vn -0.3083 -0.9512 0.0133
vn -0.3215 0.3945 0.8608
vn -0.1913 0.9367 -0.2931
vn -0.4519 -0.8895 0.0679
vn 0.3959 0.8162 -0.4209
vn 0.6690 -0.4159 0.6160
vn 0.7999 -0.5679 -0.1942
vn 0.7390 -0.6717 0.0522
vn 0.9197 -0.2021 -0.3366
vn -0.3008 0.3069 -0.9030
vn 0.3522 -0.7891 -0.5033
vn 0.2392 -0.6912 0.6820
vn -0.2294 -0.9554 0.1857
vn -0.1412 -0.8545 0.4998
vn 0.2203 -0.0546 0.9739
vn 0.2229 -0.3538 0.9084
vn -0.0435 0.4185 0.9072
vn 0.1396 0.3016 0.9431
vn -0.9304 0.2812 -0.2351
vn -0.5681 0.5673 -0.5961
vn -0.9340 0.3571 -0.0112
vn -0.0595 0.3586 -0.9316
vn -0.1381 0.8099 0.5701
vn 0.6219 0.5811 0.5249
vn 0.3785 0.5532 0.7421
vn -0.9445 0.3259 0.0414
vn -0.2951 0.8288 0.4754
vn -0.0899 -0.0421 0.9951
vn 0.4778 0.4413 0.7596
vn -0.0303 -0.0232 0.9993
vn -0.8900 0.4165 -0.1856
vn 0.2736 0.8130 0.5139
vn -0.5180 0.4588 -0.7219
vn -0.4472 0.4189 -0.7903
vn -0.0200 0.0593 -0.9980
vn -0.0093 -0.0416 0.9991
vn -0.0256 0.0744 0.9969
vn -0.7089 0.3384 0.6188
vn -0.0273 0.0352 0.9990
vn -0.2057 0.8152 0.5414
vn -0.0166 0.9993 0.0326
vn -0.3029 0.9527 -0.0238
vn -0.5661 0.7599 -0.3196
vn -0.0852 0.4271 0.9002
vn 0.0381 -0.5693 -0.8212
vn -0.1147 0.9881 -0.1028
vn 0.6417 0.2699 -0.7179
vn -0.2052 0.8279 0.5221
vn -0.0169 0.0373 0.9992
vn -0.3076 0.7806 0.5441
vn -0.1570 0.9847 -0.0758
vn -0.0668 -0.1196 0.9906
vn -0.0297 0.0026 -0.9996
vn -0.4118 0.8695 -0.2729
vn -0.0149 0.0781 0.9968
vn -0.2313 0.8192 0.5247
vn -0.4379 0.8961 0.0725
vn -0.1996 0.8076 0.5550
vn -0.1833 0.8666 -0.4642
vn 0.0202 -0.0407 -0.9990
vn -0.0675 -0.0100 -0.9977
vn 0.2202 -0.6192 -0.7537
vn 0.1231 -0.0943 -0.9879
vn 0.4574 -0.3718 -0.8078
vn 0.4315 -0.5691 -0.7000
vn 0.6552 -0.2013 0.7281
vn 0.3549 0.6164 -0.7030
vn -0.0419 0.0118 -0.9991
vn -0.0249 -0.0070 -0.9997
vn 0.0427 0.6486 0.7600
vn -0.2518 0.9669 -0.0413
vn 0.0106 -0.0167 0.9998
vn -0.1349 0.9788 -0.1539
vn 0.3191 -0.3216 -0.8915
vn 0.4619 -0.4012 -0.7910
vn -0.3089 0.9508 0.0235
vn 0.9620 -0.2135 -0.1701
vn -0.0207 0.4064 0.9135
vn 0.0416 0.0114 -0.9991
vn -0.0613 0.2373 -0.9695
vn -0.3618 0.9251 0.1154
vn -0.1762 0.6620 -0.7285
vn -0.1079 0.5807 -0.8069
vn -0.1647 0.9824 0.0875
vn -0.2373 0.9693 0.0642
vn 0.3363 -0.3205 -0.8855
vn 0.2438 0.8006 -0.5474
vn -0.4418 0.6039 0.6634
vn 0.0268 0.0163 -0.9995
vn -0.0418 0.7006 -0.7123
vn 0.3897 -0.9209 0.0073
vn 0.6678 -0.7439 -0.0249
vn 0.7897 -0.6030 0.1129
vn 0.7603 -0.6431 -0.0911
vn -0.3677 -0.5968 -0.7132
vn 0.5773 -0.8165 0.0109
vn 0.0292 -0.1546 -0.9875
vn 0.5362 -0.7885 -0.3011
vn -0.4447 0.1145 -0.8883
vn -0.0226 0.0517 -0.9984
vn 0.2917 -0.5216 0.8018
vn 0.7087 -0.3008 -0.6382
vn 0.2806 0.2851 -0.9165
vn 0.4150 -0.6031 0.6812
vn 0.3319 -0.9109 0.2452
vn -0.0094 0.9995 -0.0308
vn -0.2100 0.9696 0.1255
vn 0.6160 -0.7696 -0.1682
vn 0.7629 -0.2074 -0.6124
vn -0.3471 0.7052 -0.6182
vn 0.0085 0.0488 -0.9988
vn 0.0101 0.7351 -0.6779
vn 0.0178 -0.0036 -0.9998
vn 0.6548 -0.1769 0.7348
vn 0.5851 0.5495 -0.5964
vn 0.7094 -0.6949 0.1178
vn 0.6168 -0.7717 0.1546
vn 0.6250 -0.5915 -0.5094
vn -0.5897 -0.8042 -0.0740
vn -0.2555 -0.9665 0.0228
vn -0.5342 -0.6708 0.5144
vn 0.1485 0.5011 0.8525
vn -0.0009 -0.0014 -1.0000
vn -0.6662 0.7453 -0.0248
vn -0.3849 0.6955 -0.6067
vn -0.6997 0.7116 0.0633
vn -0.4280 0.7567 0.4942
vn -0.7653 -0.5374 0.3542
vn 0.0286 -0.0598 -0.9978
vn 0.9955 -0.0925 0.0224
vn 0.9954 0.0893 0.0347
vn 0.7203 -0.5402 0.4352
vn -0.2066 0.1203 -0.9710
vn -0.2876 0.0956 0.9530
vn -0.6085 0.7930 -0.0293
vn 0.9074 0.4196 -0.0227
vn 0.9373 0.3443 0.0536
vn 0.0574 -0.1216 -0.9909
vn 0.1609 -0.9379 0.3073
vn 0.3896 -0.8976 0.2063
vn 0.4098 -0.6323 -0.6575
vn 0.2217 -0.7098 0.6686
vn 0.0645 -0.2840 0.9566
vn 0.8066 0.3020 0.5081
vn 0.0278 0.4488 0.8932
vn 0.1798 0.2225 0.9582
vn 0.2266 -0.6712 0.7058
vn 0.6496 -0.2562 0.7158
vn 0.4222 0.6547 0.6270
vn 0.7186 -0.1106 0.6866
vn 0.7514 -0.3156 0.5794
vn 0.5717 -0.8201 0.0254
vn 0.9597 0.0212 -0.2801
vn 0.7857 0.5695 -0.2417
vn 0.7306 0.4035 -0.5508
vn -0.0130 -0.0141 -0.9998
vn 0.4624 -0.8072 0.3668
vn 0.8411 -0.2783 -0.4639
vn 0.2090 0.3330 -0.9195
vn 0.2227 -0.9503 0.2176
vn 0.8904 -0.0741 0.4491
vn 0.7600 -0.0390 -0.6488
vn 0.0272 -0.0238 -0.9993
vn 0.0075 -0.2410 -0.9705
vn 0.1691 -0.7688 -0.6168
vn 0.4778 0.5989 -0.6427
vn 0.7764 -0.3741 -0.5071
vn -0.1219 -0.2047 0.9712
vn -0.0008 0.8581 0.5134
vn 0.4914 0.7743 -0.3988
vn 0.2200 0.7040 0.6753
vn -0.0053 0.8275 0.5614
vn 0.0384 0.7683 0.6390
vn -0.6916 -0.7222 -0.0069
vn 0.0132 0.0220 -0.9997
vn -0.4094 0.9123 -0.0074
vn -0.3257 0.9413 -0.0891
vn 0.2890 -0.6817 -0.6722
vn -0.4760 0.8068 -0.3500
vn 0.0872 -0.1453 -0.9855
vn 0.8899 0.2997 -0.3440
vn -0.0606 0.2039 0.9771
vn 0.2531 -0.2064 -0.9452
vn -0.0240 0.4551 -0.8901
vn -0.8705 -0.1464 -0.4699
vn 0.5051 0.0731 -0.8600
vn 0.5149 -0.5580 0.6508
vn 0.5514 -0.8045 0.2208
vn 0.7621 -0.6099 0.2173
vn 0.6903 0.5473 -0.4732
vn 0.3275 0.4155 0.8486
vn 0.1039 0.3203 0.9416
vn 0.7098 0.2906 0.6417
vn -0.1454 0.2403 0.9598
vn -0.0323 0.1131 0.9931
vn 0.0096 -0.0277 0.9996
vn 0.6146 -0.0998 0.7825
vn 0.9491 -0.1685 -0.2663
vn 0.0138 -0.0968 -0.9952
vn -0.0629 -0.0406 0.9972
vn -0.1275 0.1599 0.9789
vn -0.1863 -0.5673 0.8022
vn 0.8914 -0.4431 -0.0957
vn 0.0186 0.1108 -0.9937
vn 0.3292 -0.2722 -0.9042
vn 0.2494 -0.8029 -0.5415
vn -0.3143 0.3565 0.8799
vn -0.2419 0.9537 0.1787
vn 0.0325 0.3393 0.9401
vn 0.0874 0.1890 0.9781
vn 0.0258 0.0146 0.9996
vn 0.5475 -0.8355 0.0471
vn -0.8786 -0.0488 -0.4750
vn -0.9754 -0.1038 0.1944
vn -0.1931 -0.9568 -0.2174
vn 0.1076 -0.2217 -0.9691
vn -0.0277 -0.9994 0.0225
vn -0.4313 0.5500 0.7152
vn -0.3716 0.5281 -0.7636
vn -0.0063 -0.9996 0.0263
vn -0.6085 -0.5027 0.6140
vn -0.9055 -0.0435 0.4221
vn 0.2720 0.4450 0.8532
vn -0.2152 0.6400 -0.7376
vn 0.4082 -0.9124 -0.0315
vn 0.7337 -0.0344 -0.6786
vn -0.4578 0.7642 0.4544
vn 0.8145 -0.4926 0.3065
vn 0.9967 0.0810 0.0086
vn 0.9014 -0.3377 0.2711
vn 0.8848 -0.3280 0.3309
vn 0.5813 -0.8106 0.0703
vn -0.1203 -0.9354 -0.3324
vn -0.0735 0.9965 -0.0406
vn 0.0484 -0.0572 -0.9972
vn 0.1606 -0.0533 -0.9856
vn 0.2085 -0.3174 -0.9251
vn -0.6721 -0.5031 0.5433
vn -0.7442 -0.6544 -0.1338
vn 0.4455 -0.8744 0.1921
vn 0.1208 -0.0160 0.9925
vn -0.0162 0.0436 0.9989
vn 0.0259 -0.0104 0.9996
vn 0.0119 -0.0682 0.9976
vn -0.0035 -0.0177 0.9998
vn 0.0063 0.0049 1.0000
vn -0.9603 0.1598 -0.2286
vn -0.9247 0.2132 0.3155
vn 0.6763 0.5711 0.4653
vn 0.2780 0.2813 0.9185
vn 0.3657 -0.1683 0.9154
vn 0.3788 -0.6396 0.6689
vn 0.1457 0.1903 -0.9708
vn 0.0087 0.0899 -0.9959
vn 0.0674 0.0535 -0.9963
vn 0.0774 -0.0546 -0.9955
vn -0.0007 0.0021 -1.0000
vn -0.7845 -0.1482 -0.6021
vn -0.1186 -0.2021 -0.9722
vn -0.4074 -0.2132 0.8880
vn 0.1066 -0.1981 -0.9744
vn 0.6594 0.6779 0.3249
vn -0.1018 0.7404 0.6645
vn 0.5834 0.7113 0.3920
vn -0.0499 0.0058 0.9987
vn -0.8030 -0.5867 -0.1046
vn -0.5852 -0.3226 -0.7440
vn -0.8982 -0.3675 0.2411
vn -0.4079 0.6044 0.6843
vn -0.6133 0.7790 -0.1304
vn -0.0111 0.0948 0.9954
vn 0.8821 -0.3350 0.3310
vn 0.7084 -0.6942 -0.1277
vn -0.3236 0.9258 -0.1954
vn -0.4926 0.8701 0.0154
vn -0.4287 0.8992 -0.0877
vn 0.3922 -0.9174 -0.0674
vn 0.9501 -0.2736 -0.1501
vn 0.5757 -0.7093 -0.4067
vn 0.3320 -0.9428 0.0303
vn -0.1517 0.0415 -0.9876
vn -0.1299 0.0337 0.9910
vn 0.7352 0.6300 0.2501
vn -0.8126 0.5791 0.0650
vn -0.3615 0.2613 -0.8950
vn -0.5437 -0.8311 -0.1172
vn -0.8371 -0.0647 -0.5432
vn 0.0197 0.9941 -0.1067
vn 0.6540 -0.7241 0.2190
vn -0.7191 0.6944 0.0270
vn -0.2782 0.0761 -0.9575
vn 0.3074 -0.7897 -0.5310
vn -0.2071 0.2732 0.9394
vn 0.2597 0.6075 -0.7507
vn -0.7566 -0.1076 -0.6449
vn 0.5327 -0.1766 0.8277
vn 0.2099 -0.5019 0.8391
vn 0.7857 -0.3485 -0.5111
vn -0.4597 0.6334 0.6224
vn -0.7505 -0.3572 -0.5560
vn -0.6778 -0.5600 0.4764
vn -0.5013 0.6825 -0.5319
vn -0.0189 -0.9865 -0.1627
vn 0.0990 -0.0059 -0.9951
vn 0.0586 -0.1156 -0.9916
vn 0.4146 -0.3868 -0.8237
vn 0.0206 -0.9931 0.1153
vn -0.0262 -0.9713 0.2363
vn -0.3003 0.7801 0.5489
vn -0.7186 0.5376 0.4411
vn -0.1111 0.7520 0.6497
vn 0.0606 0.1990 0.9781
vn -0.3195 0.3112 0.8950
vn -0.1819 0.5290 0.8289
vn 0.1015 -0.3299 0.9385
vn 0.0663 -0.9624 -0.2633
vn 0.2404 -0.9645 -0.1092
vn -0.2806 -0.8972 0.3411
vn 0.5769 -0.5586 -0.5960
vn 0.1400 -0.9878 0.0685
vn 0.0016 -0.0350 0.9994
vn 0.3892 -0.7087 -0.5885
vn -0.2453 0.2586 0.9343
vn 0.0022 -1.0000 -0.0031
vn 0.0211 -0.9996 -0.0202
vn 0.0242 -0.9994 -0.0257
vn -0.0132 -0.9991 0.0404
vn 0.0072 -0.6176 0.7864
vn 0.0566 0.0586 0.9967
vn 0.2088 -0.4308 0.8780
vn -0.8448 -0.1869 0.5014
vn -0.3057 0.5067 0.8061
vn -0.0114 0.0822 -0.9966
vn 0.0810 0.0417 -0.9958
vn 0.2004 0.4606 -0.8647
vn -0.0982 0.5994 -0.7944
vn 0.2112 0.3631 0.9075
vn 0.8319 -0.2863 0.4753
vn -0.2604 -0.3640 0.8943
vn 0.9524 -0.2664 -0.1485
vn 0.8099 -0.5847 0.0477
vn -0.0108 0.1125 0.9936
vn 0.2251 0.9515 0.2096
vn 0.4584 0.7055 -0.5405
vn 0.7516 0.3034 -0.5857
vn -0.0255 0.1735 -0.9845
vn 0.1689 0.1094 -0.9795
vn 0.1305 0.2037 -0.9703
vn 0.1620 0.9264 0.3400
vn -0.0386 -0.3327 -0.9423
vn 0.0744 -0.9971 0.0166
vn -0.0272 -0.1091 -0.9937
vn 0.0159 -0.3193 -0.9475
vn -0.1666 -0.2348 -0.9577
vn -0.6357 0.4086 -0.6550
vn -0.4769 0.6812 -0.5555
vn 0.1246 -0.9646 -0.2324
vn 0.0805 0.1316 0.9880
vn -0.2244 -0.4662 0.8558
vn -0.0900 -0.0089 0.9959
vn -0.4214 0.3800 -0.8234
vn -0.0009 0.6839 -0.7296
vn 0.9544 -0.2932 -0.0571
vn -0.4208 0.8085 -0.4115
vn -0.0567 0.0442 -0.9974
vn -0.5207 0.3982 -0.7552
vn 0.0116 0.2804 -0.9598
vn -0.3290 -0.8284 -0.4534
vn -0.3035 0.9425 0.1399
vn 0.2227 0.9607 0.1655
vn 0.1334 -0.9795 0.1512
vn 0.1440 -0.4046 0.9031
vn -0.0141 0.0038 -0.9999
vn -0.7218 -0.6108 -0.3253
vn -0.4805 -0.5469 -0.6856
vn 0.6066 -0.7944 0.0319
vn 0.0240 0.3504 -0.9363
vn -0.0032 0.0686 -0.9976
vn -0.9679 -0.2019 -0.1496
vn 0.6185 0.0737 -0.7823
vn 0.2324 -0.1235 -0.9647
vn 0.5043 0.1349 -0.8529
vn -0.1635 -0.2112 -0.9637
vn -0.0113 -0.9982 -0.0583
vn -0.4902 0.7899 -0.3685
vn -0.5558 0.8293 -0.0582
vn -0.2946 0.9556 0.0033
vn -0.6635 0.7445 -0.0741
vn -0.1534 0.1039 -0.9827
vn 0.7331 0.4615 0.4996
vn 0.3032 -0.9510 -0.0609
vn -0.9882 0.1514 0.0214
vn 0.3895 -0.6730 0.6287
vn 0.1116 -0.1571 0.9813
vn 0.0509 -0.3205 0.9459
vn -0.2304 -0.7977 0.5573
vn -0.5298 -0.8476 -0.0301
vn 0.3017 -0.1535 0.9410
vn -0.9719 -0.2272 0.0609
vn -0.9318 -0.3302 0.1504
vn -0.6870 -0.3089 -0.6578
vn -0.9519 -0.1217 -0.2813
vn -0.9508 -0.2871 0.1169
vn -0.7695 0.3306 0.5464
vn -0.7502 -0.2567 -0.6093
vn -0.3526 -0.6452 -0.6778
vn -0.6287 -0.6522 0.4236
vn -0.9934 0.0729 -0.0881
vn -0.9867 -0.1598 -0.0293
vn -0.7266 0.3315 0.6017
vn -0.5168 0.7868 0.3373
vn -0.8625 0.5046 0.0394
vn -0.0493 -0.0080 0.9988
vn -0.3837 0.0502 0.9221
vn -0.1831 0.6008 0.7781
vn 0.1257 0.7308 0.6709
vn -0.0641 0.0185 0.9978
vn -0.9834 -0.0137 0.1811
vn 0.6635 -0.6942 -0.2790
vn -0.0181 -0.9146 0.4041
vn 0.0117 -0.0722 0.9973
vn -0.1890 0.8426 -0.5043
vn 0.0589 -0.0395 0.9975
vn -0.0582 0.9681 -0.2439
vn 0.5091 0.6516 -0.5624
vn 0.3678 0.8923 -0.2619
vn 0.0670 0.7511 -0.6568
vn -0.2638 0.0504 0.9633
vn -0.1567 0.2542 0.9544
vn -0.0692 0.7853 -0.6152
vn -0.9841 -0.1771 0.0163
vn -0.2289 0.3652 0.9023
vn -0.6204 0.6670 -0.4125
vn -0.1050 0.2982 -0.9487
vn -0.1509 0.0807 -0.9852
vn 0.2523 0.5800 -0.7746
vn 0.5448 -0.5372 0.6439
vn 0.1320 0.4193 0.8982
vn 0.0512 0.7356 -0.6755
vn 0.2131 0.0283 -0.9766
vn -0.0782 0.1867 0.9793
vn -0.0185 -0.0534 0.9984
vn -0.8471 -0.5178 0.1196
vn -0.5170 -0.8513 -0.0892
vn -0.3849 -0.7081 0.5920
vn -0.1130 -0.3352 -0.9354
vn 0.8372 -0.1626 -0.5222
vn 0.5639 -0.3569 -0.7448
vn 0.6051 -0.7021 -0.3753
vn -0.6711 -0.3037 -0.6763
vn -0.8454 -0.5327 -0.0403
vn -0.0966 0.2158 -0.9716
vn -0.0023 0.6883 -0.7254
vn -0.3221 0.9457 -0.0443
vn -0.0036 -1.0000 -0.0030
vn -0.0114 -0.9999 0.0015
vn -0.0045 -0.9988 -0.0486
vn 0.7824 -0.6195 -0.0640
vn -0.2441 0.5789 0.7780
vn -0.0325 0.0740 0.9967
vn -0.1350 0.6962 0.7050
vn 0.2975 -0.1490 -0.9430
vn 0.1484 0.1706 0.9741
vn -0.3302 -0.9439 -0.0046
vn -0.4681 -0.8817 0.0595
vn -0.0985 -0.9840 0.1482
vn -0.0716 -0.0068 0.9974
vn 0.1927 -0.0100 -0.9812
vn -0.4290 0.9013 0.0600
vn 0.1584 0.9834 0.0886
vn 0.8308 -0.4800 0.2816
vn -0.6818 -0.5164 -0.5181
vn -0.9999 0.0027 0.0108
vn -0.5664 0.0142 -0.8240
vn -0.2998 -0.2251 0.9271
vn -0.4847 -0.4369 0.7578
vn 0.0508 -0.0031 -0.9987
vn -0.0762 0.9917 -0.1040
vn 0.2175 -0.1433 -0.9655
vn 0.8369 0.5433 -0.0663
vn -0.4388 -0.8917 -0.1111
vn 0.1332 -0.0051 -0.9911
vn 0.0257 -0.0232 -0.9994
vn 0.8127 0.3147 0.4904
vn -0.0148 0.0022 -0.9999
vn 0.5628 -0.6389 -0.5245
vn -0.9092 0.2552 -0.3291
vn -0.9892 0.1428 -0.0335
vn -0.9262 0.1261 -0.3553
vn -0.2210 -0.9656 0.1372
vn -0.1460 -0.4558 0.8780
vn -0.0055 -0.0585 0.9983
vn 0.0062 -0.0162 0.9998
vn -0.0027 -0.6567 0.7541
vn -0.0875 -0.0071 0.9961
vn 0.0071 0.0606 0.9981
vn -0.9365 0.3102 0.1636
vn 0.0064 -0.0335 -0.9994
vn 0.5788 -0.7609 0.2933
vn 0.5957 -0.8016 0.0507
vn 0.0316 -0.7331 -0.6794
vn 0.8982 0.4394 -0.0162
vn -0.0096 -0.0067 0.9999
vn -0.2564 0.6543 -0.7114
vn 0.0102 -0.1388 -0.9903
vn 0.5337 -0.3496 -0.7700
vn -0.0224 -0.0079 -0.9997
vn -0.4919 -0.2916 -0.8204
vn -0.4763 0.1589 0.8648
vn 0.5305 -0.2877 -0.7974
vn 0.7163 0.6977 0.0094
vn 0.0272 0.0845 0.9961
vn 0.1135 -0.9710 -0.2105
vn -0.0929 0.0474 -0.9945
vn -0.1903 0.9251 -0.3286
vn -0.8456 0.4574 0.2753
vn -0.3393 0.2660 -0.9023
vn 0.3195 0.0115 0.9475
vn -0.7435 -0.0217 0.6683
vn -0.0437 0.1587 0.9864
vn 0.7020 0.0751 0.7082
vn 0.7600 0.6492 -0.0302
vn 0.7179 0.4882 -0.4963
vn 0.8461 0.5229 -0.1037
vn -0.6437 -0.7562 0.1173
vn 0.5950 -0.7203 0.3567
vn 0.0226 0.0296 -0.9993
vn 0.5558 0.1605 0.8157
vn -0.2174 -0.7935 -0.5684
vn -0.3207 -0.7061 -0.6313
vn -0.9361 0.3178 0.1509
vn 0.0781 -0.0481 -0.9958
vn 0.0389 -0.0927 0.9949
vn -0.0037 -0.0545 0.9985
vn -0.2524 -0.3168 0.9143
vn -0.0075 0.0236 -0.9997
vn -0.5507 -0.6795 0.4848
vn 0.6488 -0.7158 0.2580
vn -0.6737 -0.5922 0.4420
vn -0.7541 0.2336 -0.6138
vn 0.1105 0.0620 -0.9919
vn -0.2575 0.9502 0.1754
vn -0.4793 0.8754 -0.0626
vn 0.6712 -0.2263 -0.7059
vn -0.0225 0.0389 -0.9990
vn -0.9419 0.1114 0.3168
vn -0.4278 -0.1500 -0.8913
vn -0.5102 0.8533 0.1075
vn 0.5410 -0.8398 -0.0443
vn 0.3799 -0.5721 -0.7269
vn 0.5981 -0.8014 -0.0026
vn 0.6791 0.3170 -0.6621
vn -0.0018 -0.9999 -0.0142
vn 0.5699 -0.0424 0.8206
vn 0.3967 -0.4526 0.7986
vn 0.6489 -0.7538 -0.1038
vn 0.2843 -0.8995 -0.3317
vn 0.4844 -0.6769 -0.5543
vn 0.0376 0.6747 0.7372
vn -0.6063 -0.7849 0.1277
vn -0.6394 -0.7679 -0.0398
vn 0.7433 -0.4570 0.4885
vn -0.6617 0.2652 -0.7013
vn -0.8720 0.0486 0.4871
vn -0.9996 0.0089 -0.0283
vn 0.8205 0.5096 -0.2589
vn 0.6988 -0.5907 -0.4034
vn 0.0250 0.1366 -0.9903
vn -0.9519 0.1087 0.2866
vn -0.9571 -0.0614 0.2831
vn -0.9896 -0.0747 0.1226
vn 0.7828 -0.5651 0.2605
vn 0.5902 -0.7988 0.1167
vn -0.5606 0.1286 0.8181
vn -0.8355 0.0199 0.5491
vn -0.4787 0.3763 -0.7932
vn -0.4520 0.1189 -0.8840
vn -0.8911 -0.1388 -0.4321
vn -0.9907 0.1163 -0.0712
vn -0.8705 -0.0020 -0.4921
vn -0.9961 0.0709 0.0523
vn -0.5004 -0.1836 -0.8461
vn -0.9991 -0.0041 0.0428
vn -0.9994 -0.0210 0.0261
vn -0.0791 -0.1826 0.9800
vn 0.0556 0.9114 0.4078
vn 0.0929 0.7227 0.6849
vn -0.9962 0.0871 0.0072
vn -0.4662 0.1078 -0.8781
vn -0.7737 -0.0634 0.6303
vn -0.9640 -0.1006 -0.2461
vn -0.1964 0.0090 -0.9805
vn 0.2629 0.3987 -0.8786
vn -0.9750 -0.1498 -0.1638
vn -0.9995 -0.0027 -0.0318
vn -0.1563 -0.0771 0.9847
vn -0.9986 -0.0246 0.0460
vn -0.8485 -0.0554 -0.5263
vn -0.8256 -0.0098 -0.5642
vn -0.9246 -0.0093 -0.3809
vn -0.9999 0.0023 0.0109
vn -0.9996 0.0250 0.0099
vn -0.7681 0.0430 -0.6389
vn -0.3141 -0.5796 0.7520
vn -0.5543 -0.1448 0.8196
vn -0.9633 -0.0463 -0.2645
vn -0.9998 -0.0150 -0.0159
vn -1.0000 0.0022 0.0085
vn -0.9405 -0.2846 0.1855
vn -0.9985 0.0471 0.0290
vn -0.5681 -0.2134 0.7948
vn -0.7071 0.7018 -0.0866
vn -0.7490 -0.0696 0.6589
vn -0.9905 -0.0461 0.1294
vn -0.9897 0.0104 0.1427
vn -0.8722 -0.3877 0.2983
vn -0.6002 -0.0419 -0.7988
vn -0.2620 -0.0415 -0.9642
vn -0.6633 -0.0662 0.7455
vn -0.2374 -0.0052 0.9714
vn -0.3158 0.0466 -0.9477
vn -0.6415 -0.1321 0.7557
vn -0.2557 0.0057 -0.9667
vn -0.8072 0.5897 0.0264
vn -0.1186 0.9557 -0.2696
vn 0.5089 -0.2435 0.8256
vn 0.7276 -0.5240 0.4428
vn 0.6385 -0.6398 0.4276
vn 0.7917 -0.5786 0.1961
vn 0.3713 -0.9093 0.1878
vn -0.0802 -0.0166 -0.9966
vn 0.1334 0.0082 -0.9910
vn -0.2912 0.4771 -0.8292
vn -0.0023 0.0298 -0.9996
vn -0.8309 -0.5561 0.0205
vn -0.7651 -0.4900 0.4177
vn -0.9752 -0.1885 -0.1163
vn -0.5331 -0.7840 -0.3182
vn -0.2411 -0.1360 0.9609
vn 0.0240 0.0260 0.9994
vn 0.7898 0.3103 0.5291
vn 0.1601 0.0231 0.9868
vn -0.1609 -0.1316 0.9782
vn 0.0178 -0.0486 -0.9987
vn 0.0293 0.0071 -0.9995
vn 0.7268 0.2817 -0.6264
vn 0.2239 0.6411 -0.7340
vn -0.0071 -0.0229 -0.9997
vn 0.0187 0.0048 -0.9998
vn -0.4766 -0.4411 -0.7605
vn -0.9655 0.2214 0.1368
vn 0.0256 0.0038 0.9997
vn -0.6732 -0.2974 0.6770
vn -0.1811 0.1717 0.9684
vn -0.2502 -0.0107 0.9681
vn -0.4002 -0.6370 0.6589
vn -0.2567 -0.1980 -0.9460
vn -0.3381 0.3852 0.8587
vn 0.0039 -0.0009 1.0000
vn -0.1678 0.0258 0.9855
vn -0.6352 0.7635 -0.1164
vn -0.0423 -0.0297 -0.9987
vn -0.0593 0.0077 -0.9982
vn -0.0870 -0.1514 0.9846
vn 0.8489 0.0315 0.5277
vn -0.8016 0.0141 0.5976
vn 0.0934 -0.0593 0.9939
vn 0.0622 -0.0810 -0.9948
vn -0.0093 -0.1234 -0.9923
vn 0.7520 -0.0124 -0.6590
vn -0.0695 -0.0091 -0.9975
vn -0.7045 -0.2381 0.6685
vn -0.5462 0.3559 0.7583
vn -0.7535 0.3822 -0.5350
vn -0.8729 -0.4180 -0.2516
vn -0.9929 0.1177 -0.0141
vn -0.9882 -0.1506 0.0279
vn -0.6710 0.2094 0.7112
vn 0.7900 -0.0847 -0.6072
vn -0.9973 -0.0091 0.0727
vn 0.0818 0.1115 -0.9904
vn 0.5673 0.6230 0.5386
vn -0.1531 -0.0548 -0.9867
vn -0.0394 -0.0126 -0.9991
vn -0.4336 0.1399 0.8902
vn -0.9480 0.3176 -0.0227
vn 0.4794 -0.0720 0.8746
vn -0.3964 0.9180 -0.0118
vn -0.7026 -0.0707 -0.7080
vn -0.1310 0.8088 -0.5733
vn -0.0087 0.0757 -0.9971
vn 0.2965 -0.8883 0.3507
vn -0.5636 -0.1929 0.8032
vn 0.0218 -0.0638 0.9977
vn 0.0955 -0.0445 0.9944
vn -0.5985 0.1676 -0.7834
vn 0.9190 -0.3398 0.1999
vn 0.1151 -0.1206 0.9860
vn 0.2888 -0.2117 0.9337
vn -0.9499 -0.3104 -0.0372
vn -0.9194 -0.3288 -0.2157
vn -0.9501 -0.0385 0.3095
vn 0.4217 -0.5143 -0.7468
vn 0.3339 -0.9380 0.0925
vn 0.8648 0.0595 -0.4985
vn -0.1839 0.0605 -0.9811
vn -0.0404 0.0022 0.9992
vn 0.0561 -0.0315 0.9979
vn -0.6545 0.2177 0.7241
vn -0.9918 0.1266 0.0187
vn -0.7571 0.4660 -0.4578
vn -0.0181 0.0256 0.9995
vn 0.7610 0.2714 0.5892
vn -0.0370 0.0022 0.9993
vn 0.0585 0.0024 0.9983
vn 0.0878 0.0024 0.9961
vn -0.0554 -0.0027 -0.9985
vn 0.7896 -0.1438 -0.5965
vn 0.0138 -0.0160 -0.9998
vn -0.0185 -0.0051 0.9998
vn 0.0985 -0.0074 0.9951
vn 0.0285 -0.0015 -0.9996
vn -0.0041 0.0297 0.9996
vn -0.1409 -0.1244 0.9822
vn 0.0146 0.0240 0.9996
vn -0.0185 0.0277 0.9994
vn -0.0204 -0.0164 -0.9997
vn -0.0764 -0.0936 -0.9927
vn 0.1142 -0.2179 0.9693
vn 0.7273 0.6819 -0.0776
vn -0.8651 0.4811 0.1417
vn 0.4495 0.8852 -0.1201
vn 0.9247 0.3191 0.2076
vn 0.7978 0.5856 -0.1438
vn 0.5085 0.7957 -0.3292
vn -0.2374 -0.5946 -0.7682
vn 0.6579 0.0122 0.7530
vn 0.0343 -0.0395 0.9986
vn 0.4625 0.5447 0.6996
vn 0.2263 0.4184 0.8796
vn 0.4074 -0.1931 0.8926
vn -0.7731 -0.3127 -0.5518
vn -0.5928 -0.6587 0.4634
vn 0.1167 -0.0619 -0.9912
vn -0.5364 -0.7667 -0.3528
vn -0.0088 -0.0769 0.9970
vn 0.0020 -0.0085 1.0000
vn 0.2134 -0.7209 -0.6594
vn -0.8175 -0.4478 -0.3622
vn 0.4350 -0.0032 -0.9004
vn -0.8600 -0.2321 0.4544
vn -0.1876 0.9823 0.0001
vn 0.2018 0.0692 -0.9770
vn -0.7743 0.0732 -0.6285
vn 0.4697 -0.8827 0.0143
vn 0.5412 0.4907 -0.6828
vn 0.7566 0.5810 -0.2999
vn 0.0382 0.0720 -0.9967
vn -0.0019 0.0064 -1.0000
vn -0.0276 -0.0074 -0.9996
vn 0.2493 -0.5799 0.7756
vn -0.6517 -0.4299 -0.6249
vn -0.7905 0.4915 0.3654
vn -0.0292 0.0898 0.9955
vn 0.4278 0.8612 -0.2744
vn 0.3086 0.6751 -0.6701
vn -0.0927 0.6696 0.7369
vn -0.1954 0.6524 -0.7322
vn -0.9609 0.2034 0.1879
vn -0.4380 -0.2608 0.8603
vn 0.1476 -0.9327 0.3291
vn 0.4997 -0.0587 0.8642
vn 0.3081 -0.9396 0.1494
vn -0.0133 -0.0127 0.9998
vn 0.0813 0.0005 0.9967
vn 0.5153 -0.2660 0.8147
vn -0.0414 -0.0195 -0.9990
vn -0.3009 -0.5638 0.7692
vn -0.0733 -0.2557 -0.9640
vn 0.3395 0.8789 0.3350
vn -0.2433 -0.1488 0.9585
vn 0.0140 -0.0426 0.9990
vn 0.0112 0.0175 0.9998
vn 0.9838 -0.0174 0.1786
vn 0.9228 0.3843 -0.0272
vn -0.2219 0.8338 0.5055
vn -0.1391 -0.1555 0.9780
vn 0.7275 0.5998 0.3332
vn 0.4715 0.8700 -0.1441
vn 0.0012 -0.7176 -0.6964
vn -0.0420 -0.4867 -0.8725
vn -0.0887 -0.2945 -0.9515
vn 0.0308 -0.0469 0.9984
vn 0.0185 0.0706 -0.9973
vn 0.0304 0.1746 -0.9842
vn 0.3126 -0.0700 -0.9473
vn -0.0056 -0.0071 -1.0000
vn 0.6734 0.3354 0.6589
vn 0.8368 0.5379 0.1018
vn 0.9918 -0.1035 0.0755
vn 0.3572 -0.9285 0.1013
vn 0.3616 -0.8417 0.4010
vn 0.5503 0.4358 -0.7122
vn 0.8140 0.5791 -0.0449
vn -0.4399 -0.5856 0.6809
vn -0.9835 -0.1516 0.0990
vn -0.9847 -0.1576 0.0748
vn -0.4653 0.1265 -0.8761
vn 0.9876 -0.0811 0.1342
vn 0.4512 0.0963 0.8872
vn -0.0104 0.0479 0.9988
vn 0.9716 0.2342 -0.0331
vn 0.1510 0.0409 0.9877
vn 0.7097 0.6817 0.1778
vn 0.8444 -0.3364 0.4169
vn 0.9903 -0.1335 -0.0397
vn 0.9771 -0.1231 -0.1735
vn 0.9991 -0.0423 -0.0081
vn 0.9988 -0.0338 -0.0349
vn 0.9768 -0.2034 0.0673
vn 0.0241 0.0009 -0.9997
vn 0.0098 0.0002 -1.0000
vn 0.1983 0.0004 -0.9801
vn 0.1126 -0.0157 -0.9935
vn 0.1364 0.4034 -0.9048
vn -0.5199 -0.4619 -0.7186
vn -0.2715 -0.4812 -0.8335
vn 0.0994 -0.0307 -0.9946
vn 0.9870 -0.0391 -0.1556
vn 0.9862 0.0358 0.1615
vn 0.7971 0.2856 -0.5321
vn 0.5426 0.2740 0.7940
vn -0.5560 0.8223 0.1215
vn 0.5116 0.2604 -0.8188
vn 0.0285 0.0117 -0.9995
vn -0.1194 0.9778 -0.1722
vn 0.1741 -0.1119 -0.9784
vn 0.0659 -0.0097 0.9978
vn -0.9205 0.0976 -0.3784
vn 0.0029 -0.0914 0.9958
vn 0.8187 0.2769 0.5031
vn 0.3044 -0.9250 -0.2274
vn 0.4570 -0.8881 0.0493
vn -0.5805 0.8119 -0.0626
vn 0.2497 -0.9442 0.2147
vn 0.6584 0.6589 -0.3637
vn 0.4137 0.8940 0.1724
vn 0.6912 0.7050 -0.1588
vn 0.8835 -0.4300 -0.1858
vn 0.2422 -0.5593 0.7928
vn 0.7623 -0.6100 -0.2165
vn 0.9409 -0.0528 0.3346
vn 0.8756 0.0045 0.4831
vn 0.1984 0.0004 -0.9801
vn 0.9948 -0.0034 -0.1013
vn 0.9981 0.0023 -0.0615
vn 0.8115 -0.3424 -0.4735
vn 0.9949 -0.0291 0.0961
vn 0.2411 -0.8010 0.5480
vn 0.1559 -0.3571 0.9210
vn 0.8729 -0.4268 0.2365
vn 0.4289 -0.1286 -0.8941
vn 0.1130 -0.7888 -0.6041
vn 0.2880 -0.9575 0.0180
vn 0.8751 -0.4373 0.2073
vn 0.3396 -0.9405 0.0142
vn 0.3827 -0.8686 0.3147
vn 0.5620 -0.7510 0.3466
vn -0.4292 0.8709 -0.2396
vn 0.6458 -0.3119 0.6969
vn 0.1168 -0.0109 -0.9931
vn -0.2791 -0.2910 -0.9151
vn -0.0064 -0.4818 0.8763
vn 0.0837 -0.4462 -0.8910
vn 0.7670 -0.6399 -0.0469
vn 0.8032 -0.2025 -0.5602
vn 0.0541 0.1732 -0.9834
vn 0.6539 -0.6424 -0.3998
vn 0.2084 0.1235 -0.9702
vn -0.0409 -0.0288 0.9988
vn 0.6758 0.2958 0.6751
vn 0.0254 0.0093 0.9996
vn -0.7197 -0.6916 -0.0613
vn 0.0634 -0.5345 0.8428
vn 0.8255 -0.3410 0.4497
vn 0.3233 -0.5734 0.7528
vn 0.0777 0.0100 0.9969
vn 0.8987 -0.0251 -0.4378
vn 0.8312 -0.2108 -0.5144
vn 0.8090 0.4505 -0.3776
vn -0.5557 -0.7130 -0.4275
vn 0.9950 -0.0207 0.0982
vn 0.9515 0.2849 -0.1159
vn 0.9607 0.2346 -0.1482
vn 0.9988 0.0493 0.0048
vn 0.2470 -0.6750 0.6952
vn 0.9962 -0.0868 -0.0013
vn 0.5453 0.8282 -0.1292
vn 0.3944 0.9189 -0.0057
vn 0.9988 -0.0268 0.0400
vn 0.9997 -0.0013 -0.0262
vn 0.9995 0.0294 -0.0074
vn 0.9828 -0.0018 0.1847
vn 0.9748 0.1954 0.1082
vn 0.4376 -0.8794 0.1878
vn 0.7026 -0.7038 -0.1049
vn 0.0436 0.0886 -0.9951
vn -0.0495 -0.9975 -0.0512
vn -0.0429 -0.9801 0.1936
vn -0.2020 -0.9461 0.2532
vn 0.1147 -0.9665 -0.2297
vn -0.0475 0.9928 -0.1096
vn 0.0664 -0.7753 0.6281
vn -0.2302 -0.9681 -0.0992
vn 0.1712 0.0677 -0.9829
vn 0.0408 -0.0014 -0.9992
vn -0.2530 -0.9672 0.0247
vn 0.6836 -0.7251 0.0831
vn 0.3299 -0.8289 -0.4519
vn 0.8744 -0.4159 -0.2497
vn -0.6772 -0.7356 -0.0143
vn 0.4440 0.6174 0.6494
vn -0.0972 0.6713 -0.7348
vn 0.8251 0.0832 -0.5588
vn 0.3641 0.9209 0.1390
vn 0.3889 -0.9063 -0.1654
vn 0.2172 -0.9424 -0.2543
vn 0.1951 -0.9793 -0.0540
vn 0.0408 0.0710 0.9966
vn 0.7465 -0.1348 0.6515
vn 0.4044 -0.8438 0.3529
vn 0.5335 -0.5819 -0.6138
vn -0.3501 0.8803 -0.3202
vn 0.3005 -0.5851 -0.7532
vn 0.2397 -0.9525 -0.1879
vn 0.5546 -0.7915 -0.2569
vn 0.4121 -0.6738 -0.6133
vn -0.3926 -0.6108 0.6876
vn 0.6864 -0.6687 0.2858
vn 0.4542 -0.8469 -0.2765
vn 0.0068 -0.9810 0.1939
vn -0.0729 -0.2799 0.9573
vn 0.0453 -0.0195 0.9988
vn -0.1589 0.9353 0.3161
vn -0.3626 0.2100 0.9080
vn -0.0461 -0.0296 0.9985
vn 0.0860 -0.4903 -0.8673
vn 0.3156 -0.7652 -0.5611
vn -0.1648 0.2632 -0.9506
vn -0.2260 0.9102 0.3470
vn 0.0252 0.0265 0.9993
vn 0.4931 0.6603 0.5664
vn -0.1574 -0.9663 0.2036
vn -0.8105 0.5032 0.2997
vn -0.1246 0.8259 -0.5498
vn -0.3418 0.9374 -0.0661
vn -0.6125 -0.6160 0.4954
vn -0.0143 -0.0187 0.9997
vn -0.1323 0.5542 0.8218
vn 0.0438 -0.0869 -0.9953
vn 0.3097 -0.9494 0.0519
vn -0.4005 -0.9045 -0.1466
vn -0.3832 -0.5658 0.7301
vn 0.1224 -0.9725 -0.1984
vn -0.0053 -0.0481 -0.9988
vn 0.0105 -0.0315 -0.9994
vn 0.1265 0.8481 -0.5146
vn 0.3703 0.4261 -0.8254
vn 0.0156 0.0451 -0.9989
vn -0.5997 -0.7969 -0.0726
vn 0.5189 0.8536 0.0459
vn 0.8526 -0.5217 -0.0295
vn 0.1505 -0.2692 0.9513
vn 0.4284 -0.7216 0.5439
vn 0.4044 -0.8632 0.3022
vn 0.2006 -0.3616 0.9105
vn 0.4587 0.6605 -0.5944
vn -0.2743 0.8594 0.4315
vn -0.0058 -0.9997 0.0251
vn 0.1076 -0.7322 0.6725
vn 0.0914 -0.0260 -0.9955
vn 0.0919 0.0830 -0.9923
vn 0.6514 0.4261 -0.6278
vn -0.8936 -0.2642 -0.3627
vn -0.0109 -0.0243 -0.9996
vn -0.3420 -0.4270 0.8371
vn 0.4372 0.7036 0.5601
vn -0.0292 0.1198 -0.9924
vn -0.0076 -0.0445 -0.9990
vn -0.1392 0.9899 0.0253
vn -0.2412 -0.8630 -0.4439
vn 0.4593 0.7101 -0.5337
vn -0.0065 0.0003 1.0000
vn -0.3854 0.3230 0.8644
vn 0.5433 -0.7584 -0.3602
vn 0.5540 -0.8293 0.0723
vn -0.1956 0.9143 0.3548
vn -0.0696 -0.4705 -0.8796
vn -0.7262 -0.5050 0.4665
vn -0.9154 -0.1923 -0.3535
vn -0.6186 0.5622 -0.5489
vn 0.4888 0.4971 0.7169
vn 0.5909 -0.8019 0.0876
vn 0.3147 -0.9164 0.2473
vn 0.5135 0.2807 -0.8109
vn 0.8794 0.4629 -0.1111
vn -0.3117 0.8306 -0.4615
vn 0.9803 -0.1847 -0.0699
vn 0.9269 -0.3748 0.0198
vn 0.8741 -0.4337 -0.2189
vn -0.6048 -0.7395 0.2955
vn 0.0213 0.9994 -0.0290
vn -0.0931 0.9955 0.0200
vn 0.1176 -0.8868 0.4469
vn -0.0152 0.0338 0.9993
vn -0.7217 0.3267 -0.6103
vn -0.8384 0.1339 0.5284
vn -0.1377 0.9904 -0.0158
vn 0.3677 -0.8907 -0.2672
vn 0.0901 -0.9944 -0.0559
vn 0.0594 -0.2137 -0.9751
vn 0.0248 -0.0677 -0.9974
vn 0.7284 0.3263 0.6024
vn 0.0624 -0.0407 0.9972
vn -0.0929 -0.0601 0.9939
vn 0.6858 0.2362 -0.6884
vn -0.0616 -0.9910 -0.1192
vn -0.0627 -0.1919 -0.9794
vn 0.1244 -0.9910 -0.0485
vn 0.0021 -0.9246 -0.3810
vn -0.0154 -0.7769 0.6295
vn 0.0844 0.9964 0.0098
vn -0.2733 -0.4971 0.8235
vn -0.0609 0.3535 0.9335
vn 0.2675 0.3179 0.9096
vn -0.8935 -0.1232 0.4319
vn 0.0683 -0.5116 0.8565
vn 0.0607 -0.6387 -0.7671
vn -0.0544 -0.0016 0.9985
vn -0.1190 0.1617 0.9796
vn -0.7616 -0.3584 0.5400
vn -0.6145 -0.7676 -0.1821
vn -0.9859 0.1399 -0.0918
vn -0.7429 0.0643 0.6664
vn -0.3912 -0.3708 0.8423
vn -0.0641 -0.0844 0.9944
vn 0.1149 -0.9920 0.0527
vn -0.2438 -0.9679 0.0611
vn 0.1040 -0.9910 -0.0838
vn -0.1751 -0.9816 0.0765
vn -0.1923 0.8090 0.5555
vn 0.0383 -0.8107 -0.5842
vn 0.0756 -0.9957 -0.0526
vn 0.6032 0.2243 0.7654
vn -0.2297 0.8693 -0.4377
vn -0.1838 0.9716 0.1489
vn -0.8069 -0.5873 -0.0629
vn 0.1896 -0.9667 -0.1721
vn -0.1959 0.7423 0.6408
vn -0.0484 0.1755 0.9833
vn -0.0196 0.0314 0.9993
vn 0.0628 0.4802 0.8749
vn 0.0055 -0.0108 0.9999
vn 0.2288 0.1363 0.9639
vn 0.0425 -0.0048 0.9991
vn -0.1274 0.9911 0.0381
vn -0.3782 -0.6305 -0.6778
vn -0.5169 -0.5027 0.6929
vn -0.0553 -0.9855 -0.1604
vn 0.3569 -0.7058 -0.6119
vn 0.1551 0.0756 0.9850
vn 0.0232 -0.4121 0.9108
vn -0.1253 0.5958 -0.7933
vn -0.1158 0.0856 -0.9896
vn -0.0553 -0.7591 0.6486
vn -0.2426 -0.2121 -0.9467
vn 0.0306 -0.0042 0.9995
vn -0.0313 0.0191 0.9993
vn 0.1678 -0.0124 -0.9857
vn 0.1315 -0.9571 0.2582
vn 0.6748 0.7379 0.0126
vn 0.0002 -0.0072 1.0000
vn 0.0807 0.9808 -0.1777
vn 0.0878 0.8844 -0.4584
vn 0.2719 0.9209 -0.2792
vn -0.0114 0.9996 -0.0256
vn 0.0194 -0.0256 -0.9995
vn -0.7066 -0.1867 -0.6826
vn -0.6122 -0.0903 0.7856
vn -0.6972 0.3976 -0.5966
vn -0.1058 0.0215 -0.9942
vn 0.6507 0.3355 -0.6812
vn -0.4537 -0.8486 0.2719
vn 0.5815 0.4584 0.6721
vn -0.1503 0.8848 -0.4412
vn -0.1436 0.5864 -0.7972
vn -0.1665 0.1602 -0.9729
vn -0.0212 -0.9926 -0.1194
vn 0.2321 -0.9555 -0.1821
vn 0.1342 -0.7077 -0.6937
vn 0.2367 0.1066 0.9657
vn 0.0366 0.2178 0.9753
vn 0.6666 0.7187 0.1977
vn -0.2219 0.9517 -0.2123
vn -0.4163 0.9025 -0.1104
vn -0.0643 0.9341 0.3511
vn -0.0821 0.8700 -0.4861
vn -0.1290 -0.0394 -0.9909
vn 0.0301 0.3574 0.9335
vn 0.8724 0.4308 0.2310
vn 0.9277 0.3604 -0.0975
vn 0.0036 -0.9682 0.2502
vn 0.1775 -0.9631 0.2023
vn -0.0084 0.0657 -0.9978
vn -0.0081 -0.0401 -0.9992
vn -0.5616 -0.4387 0.7015
vn -0.1544 0.6898 0.7073
vn 0.8942 -0.4471 -0.0229
vn -0.3223 0.9422 0.0912
vn 0.7289 0.5093 0.4576
vn -0.4385 0.6288 0.6421
vn -0.1516 -0.4081 0.9003
vn 0.2174 0.2565 -0.9418
vn 0.8037 0.3314 -0.4943
vn -0.4213 0.6054 -0.6753
vn 0.6860 0.7252 -0.0593
vn -0.0358 -0.0352 0.9987
vn 0.0032 0.0287 0.9996
vn 0.2742 0.8864 0.3729
vn -0.0842 -0.7892 0.6084
vn 0.0610 -0.0112 0.9981
vn 0.9211 0.2001 -0.3340
vn 0.5993 0.2184 -0.7702
vn 0.0335 -0.3635 -0.9310
vn -0.4154 0.7858 0.4582
vn -0.0288 0.9816 0.1888
vn -0.2844 0.7451 0.6033
vn -0.1425 0.9031 -0.4051
vn -0.1706 0.6341 -0.7542
vn -0.2322 0.8564 -0.4611
vn -0.5901 0.0120 0.8073
vn -0.6328 0.3247 0.7029
vn -0.4635 -0.5774 0.6721
vn -0.6257 -0.4784 -0.6161
vn -0.1107 0.1501 0.9825
vn 0.0219 -0.0219 -0.9995
vn 0.0261 -0.3049 -0.9520
vn -0.0799 0.0772 -0.9938
vn 0.6358 0.7719 0.0034
vn 0.5215 0.8250 -0.2177
vn -0.1208 0.9910 0.0569
vn -0.9876 -0.0510 -0.1484
vn -0.0354 0.1907 0.9810
vn 0.0323 -0.0078 -0.9994
vn -0.1202 -0.7759 -0.6192
vn -0.0189 -0.6976 -0.7163
vn 0.4035 -0.9121 -0.0721
vn -0.2092 0.9760 -0.0598
vn 0.1057 0.8505 0.5152
vn -0.0625 -0.6369 0.7684
vn -0.0863 -0.8608 0.5016
vn -0.0579 -0.9968 0.0546
vn -0.0428 0.5935 -0.8037
vn 0.6619 0.7383 -0.1300
vn -0.9958 0.0762 -0.0512
vn -0.9716 0.2254 -0.0723
vn -0.9983 0.0536 0.0246
vn -0.4896 -0.0697 -0.8692
vn -0.9177 0.1813 -0.3536
vn 0.1402 0.0436 -0.9892
vn -0.9936 0.1078 -0.0346
vn 0.0660 -0.7355 0.6742
vn 0.5046 0.0289 0.8629
vn 0.2608 -0.9422 0.2105
vn 0.3556 0.2422 0.9027
vn 0.6870 0.5163 0.5113
vn 0.3023 -0.5050 -0.8085
vn 0.8810 -0.4713 -0.0413
vn 0.4450 0.3117 -0.8395
vn 0.2201 -0.9518 -0.2137
vn 0.2418 -0.0599 0.9685
vn -0.0379 -0.2429 0.9693
vn -0.0251 0.5215 -0.8529
vn -0.1735 0.9186 -0.3550
vn -0.3827 0.4862 -0.7856
vn -0.2969 -0.0627 -0.9528
vn 0.5784 0.8148 0.0389
vn -0.0082 0.9363 -0.3510
vn -0.9472 0.3037 0.1028
vn 0.4937 0.8677 -0.0574
vn 0.0054 -0.0728 0.9973
vn -0.4490 0.8599 -0.2430
vn -0.5389 -0.5288 -0.6557
vn -0.5051 -0.3777 0.7760
vn -0.9496 -0.0088 -0.3133
vn 0.0281 0.0817 -0.9963
vn 0.7125 0.6614 0.2343
vn 0.8355 0.2996 0.4607
vn -0.4093 -0.5806 0.7038
vn -0.1089 0.0321 0.9935
vn -0.1633 0.0091 0.9865
vn 0.1060 -0.0045 -0.9944
vn 0.1963 0.1802 -0.9638
vn 0.4783 0.4617 -0.7470
vn 0.0186 -0.0590 -0.9981
vn 0.7186 0.6594 0.2207
vn -0.3889 0.7929 -0.4691
vn 0.7703 0.6247 0.1281
vn 0.6458 0.7578 0.0935
vn 0.6715 0.7236 -0.1597
vn -0.1196 -0.0207 0.9926
vn 0.7776 0.2210 -0.5887
vn 0.6446 -0.0184 -0.7643
vn 0.2822 0.4874 0.8263
vn 0.3709 -0.4234 0.8266
vn 0.7371 0.2343 0.6339
vn 0.0429 -0.0874 0.9952
vn -0.9305 0.0699 0.3596
vn 0.9349 -0.1479 0.3226
vn 0.0960 0.0211 -0.9952
vn 0.0001 -0.0464 -0.9989
vn 0.9739 0.1967 0.1133
vn 0.9730 0.2123 -0.0902
vn 0.3283 0.2887 -0.8994
vn -0.8075 0.4565 -0.3737
vn 0.6157 0.7867 -0.0447
vn 0.5744 0.7783 0.2537
vn 0.2780 0.9196 0.2776
vn -0.5811 -0.7338 -0.3519
vn -0.1649 0.6449 0.7463
vn 0.0222 0.0418 0.9989
vn 0.6145 0.5173 0.5956
vn 0.2060 0.3526 0.9128
vn 0.7289 0.6845 -0.0149
vn 0.6963 0.7174 -0.0208
vn -0.0009 -0.0222 -0.9998
vn 0.4176 -0.8677 -0.2696
vn 0.7462 0.6640 0.0486
vn 0.4720 -0.8334 -0.2876
vn 0.3484 -0.9009 -0.2588
vn 0.1812 -0.9681 -0.1729
vn 0.1398 -0.8023 -0.5803
vn 0.6120 0.4601 0.6432
vn -0.9462 0.1548 0.2841
vn -0.8432 0.5222 0.1278
vn -0.0037 -0.0334 0.9994
vn -0.0364 0.0625 0.9974
vn 0.1020 0.7251 0.6810
vn 0.2336 0.0046 -0.9723
vn -0.5017 -0.6486 0.5723
vn -0.5283 -0.0510 -0.8475
vn -0.6724 0.3284 -0.6633
vn -0.2030 0.1733 -0.9637
vn -0.2174 -0.0775 -0.9730
vn -0.2855 -0.0270 -0.9580
vn -0.5451 -0.5528 0.6304
vn 0.8440 0.5156 0.1480
vn -0.4754 -0.7770 -0.4128
vn -0.7181 0.3602 -0.5955
vn -0.9986 -0.0530 0.0066
vn -0.6930 0.6587 0.2931
vn -0.9533 -0.0257 -0.3010
vn -0.9559 -0.0553 0.2885
vn -0.9671 -0.1814 0.1781
vn 0.5748 0.3126 0.7563
vn -0.3875 0.1579 0.9082
vn -0.9662 -0.2577 0.0076
vn -0.9755 -0.1824 -0.1230
vn -0.7677 -0.5456 -0.3360
vn -0.5491 -0.4207 0.7221
vn -0.8975 -0.1993 0.3934
vn -0.1608 0.0658 -0.9848
vn -0.6330 0.4755 -0.6109
vn -0.9140 0.1699 -0.3684
vn -0.5902 -0.0205 0.8070
vn -0.9683 0.0794 0.2368
vn -0.5843 0.0182 0.8113
vn -0.2643 0.1039 0.9588
vn 0.6747 -0.3480 0.6509
vn 0.6419 0.6827 0.3491
vn 0.2203 -0.9505 0.2190
vn 0.6728 0.7366 0.0698
vn 0.0766 -0.9965 0.0348
vn -0.0072 -0.9994 0.0325
vn -0.1829 -0.7462 0.6401
vn 0.4034 -0.9146 -0.0296
vn -0.6680 -0.7438 0.0217
vn -0.4284 -0.3024 -0.8515
vn -0.6527 -0.6540 -0.3824
vn 0.4418 -0.8876 -0.1301
vn -0.0222 -0.0505 0.9985
vn 0.6830 -0.6930 -0.2308
vn -0.7265 0.4365 -0.5308
vn -0.9925 0.1130 -0.0469
vn 0.3227 0.4723 0.8202
vn 0.7326 0.6803 0.0203
vn -0.4246 0.6029 -0.6754
vn -0.5261 0.2446 0.8144
vn -0.4075 0.6642 0.6268
vn -0.0334 0.2093 -0.9773
vn -0.1000 0.9948 -0.0211
vn -0.8467 -0.3234 0.4225
vn -0.1184 -0.1665 -0.9789
vn -0.0446 0.9830 -0.1779
vn -0.3706 -0.4727 0.7995
vn 0.0723 -0.2850 -0.9558
vn -0.7222 0.3225 -0.6119
vn -0.0115 -0.0140 0.9998
vn 0.0454 0.0259 0.9986
vn 0.5752 -0.1008 0.8118
vn 0.0047 0.0579 0.9983
vn -0.0867 -0.2362 -0.9678
vn -0.0135 0.0286 -0.9995
vn -0.2784 -0.3728 -0.8852
vn -0.9920 -0.0176 -0.1247
vn -0.9958 0.0100 -0.0914
vn -0.9796 -0.1999 0.0222
vn 0.7163 0.6117 -0.3357
vn -0.9992 0.0066 0.0406
vn -0.5379 0.0169 0.8429
vn -0.9965 -0.0829 0.0121
vn -0.6753 -0.3597 0.6439
vn -0.8656 -0.0231 0.5002
vn -0.4980 0.0448 -0.8660
vn -0.0839 -0.1015 0.9913
vn -0.5548 0.0355 0.8312
vn -0.0540 0.0235 0.9983
vn -0.0359 0.0669 0.9971
vn -0.5786 0.6462 -0.4976
vn -0.6173 0.2186 0.7558
vn -0.4209 0.5279 0.7377
vn -0.9824 -0.1648 0.0882
vn 0.0202 -0.0994 -0.9948
vn -0.0752 -0.0357 0.9965
vn 0.4598 -0.1123 0.8809
vn 0.3505 0.0936 0.9319
vn -0.2007 0.7547 -0.6247
vn -0.1104 -0.0308 -0.9934
vn -0.0632 -0.2872 -0.9558
vn 0.1164 -0.6504 -0.7506
vn -0.3242 -0.0058 -0.9460
vn -0.1250 0.0211 -0.9919
vn -0.1461 0.3446 -0.9273
vn -0.0128 -0.2034 0.9790
vn 0.1023 0.0055 0.9947
vn -0.0565 0.0884 -0.9945
vn 0.9256 -0.1447 -0.3497
vn 0.2619 -0.7925 -0.5508
vn 0.4236 -0.4170 -0.8042
vn 0.3154 0.0451 -0.9479
vn -0.2184 0.0258 0.9755
vn 0.9327 0.2640 0.2458
vn 0.6926 0.6753 0.2535
vn 0.4660 0.4094 0.7844
vn -0.0168 0.9939 0.1087
vn 0.0295 0.6519 -0.7578
vn 0.6981 -0.5373 0.4732
vn -0.8711 0.3572 -0.3372
vn -0.8307 0.4833 0.2762
vn -0.7806 0.6008 0.1722
vn -0.7403 0.1772 0.6486
vn 0.3285 0.9115 -0.2476
vn -0.0213 0.9941 -0.1061
vn 0.0117 0.9992 -0.0370
vn -0.0321 0.9085 0.4166
vn 0.2743 0.9072 0.3189
vn -0.6258 0.7790 0.0383
vn -0.0633 0.9496 0.3070
vn 0.2003 -0.8926 -0.4038
vn 0.7837 0.6211 -0.0081
vn 0.6214 0.7514 0.2218
vn 0.7134 0.6989 0.0522
vn 0.6557 0.7549 0.0116
vn 0.7341 0.6790 -0.0025
vn 0.6345 0.7187 -0.2844
vn -0.6929 0.7210 0.0111
vn -0.1508 0.9441 -0.2931
vn -0.7351 0.6554 -0.1737
vn -0.6716 0.7386 0.0577
vn -0.4911 0.5275 -0.6932
vn 0.0841 0.1332 0.9875
vn 0.0025 0.1670 0.9860
vn 0.0566 -0.7056 0.7064
vn 0.0831 0.6782 0.7302
vn -0.0130 0.7332 0.6798
vn -0.6677 -0.7437 0.0335
vn -0.6477 -0.2815 0.7080
vn -0.3572 -0.3328 0.8727
vn 0.9031 0.2841 0.3220
vn 0.0929 0.7888 0.6075
vn -0.0505 0.9984 -0.0255
vn -0.1470 0.7551 -0.6389
vn -0.7329 0.6389 -0.2336
vn -0.5271 0.8134 -0.2463
vn -0.2752 -0.7928 -0.5438
vn 0.4057 -0.7451 0.5294
vn -0.5916 0.8034 -0.0669
vn 0.3712 0.8087 0.4563
vn -0.4891 0.6608 0.5693
vn 0.6278 0.7772 -0.0417
vn -0.3989 -0.3261 0.8570
vn 0.2622 -0.2070 -0.9426
vn -0.1012 0.8191 0.5646
vn 0.0618 0.0896 0.9941
vn 0.1149 0.1170 0.9865
vn 0.0470 0.0952 0.9943
vn 0.4742 0.8513 -0.2246
vn -0.5091 0.8473 0.1512
vn -0.1951 0.9670 0.1638
vn -0.5205 0.8460 -0.1155
vn 0.0257 0.0702 -0.9972
vn -0.0818 0.0324 -0.9961
vn -0.9868 0.1265 0.1007
vn -0.0110 0.0129 0.9999
vn -0.9993 0.0102 0.0373
vn -0.7339 -0.0155 -0.6791
vn -0.8320 0.0509 -0.5524
vn -0.9903 -0.1294 -0.0505
vn -0.0683 0.1664 -0.9837
vn 0.0170 -0.1516 -0.9883
vn -0.7663 -0.0268 0.6420
vn 0.6258 0.7198 0.3003
vn -0.5940 0.3701 -0.7143
vn -0.9905 -0.0063 0.1374
vn -0.0408 0.0224 -0.9989
vn -0.6912 0.0519 -0.7208
vn -0.0226 0.0205 -0.9995
vn 0.5368 -0.8435 -0.0207
vn -0.0999 -0.0037 0.9950
vn -0.8641 0.0368 0.5020
vn -0.6128 0.3448 0.7111
vn -0.5776 -0.8148 0.0493
vn -0.5804 -0.8055 -0.1194
vn 0.4619 0.6469 -0.6067
vn 0.0264 0.6988 -0.7148
vn -0.0704 -0.0748 -0.9947
vn 0.8026 0.1580 0.5752
vn 0.6849 0.6344 0.3584
vn 0.5307 0.5994 0.5993
vn -0.1047 -0.3557 -0.9287
vn -0.1821 0.7498 0.6361
vn 0.7087 -0.0778 0.7012
vn 0.4235 -0.8646 -0.2703
vn -0.7387 -0.5580 0.3781
vn 0.6076 0.3614 -0.7073
vn -0.6898 0.7240 0.0078
vn -0.5355 0.8407 0.0803
vn -0.0624 -0.9765 -0.2062
vn 0.0483 -0.3148 0.9479
vn -0.4555 0.1088 0.8836
vn 0.0366 0.0419 0.9985
vn -0.0499 0.0352 0.9981
vn -0.2588 0.3153 0.9130
vn -0.0089 0.2605 0.9654
vn 0.9236 -0.2999 -0.2388
vn 0.5850 0.8041 -0.1061
vn -0.2335 -0.3856 0.8926
vn -0.5111 0.3141 -0.8001
vn 0.0088 0.0232 -0.9997
vn -0.1464 -0.1164 0.9824
vn 0.0006 0.0129 0.9999
vn 0.6880 0.1633 -0.7071
vn -0.0528 0.0523 -0.9972
vn -0.6339 0.2956 -0.7147
vn -0.6329 0.1476 0.7601
vn -0.6371 -0.3089 -0.7062
vn -0.6014 -0.6066 0.5199
vn -0.7451 0.0378 -0.6659
vn -0.5669 0.7407 0.3607
vn -0.8007 0.4288 0.4184
vn -0.9395 0.3419 -0.0189
vn -0.3744 0.5933 0.7126
vn -0.6046 -0.7961 0.0245
vn -0.9786 -0.2021 -0.0398
vn -0.9483 -0.1558 0.2766
vn -0.0510 0.0050 -0.9987
vn 0.0084 -0.0440 -0.9990
vn -0.1998 0.7240 -0.6602
vn -0.8377 -0.5459 -0.0128
vn -0.3749 0.0490 -0.9258
vn -0.1336 -0.0801 0.9878
vn -0.1438 -0.0511 0.9883
vn -0.2235 -0.0714 0.9721
vn 0.4948 -0.2387 0.8356
vn 0.4567 0.8889 0.0354
vn -0.1171 -0.0010 -0.9931
vn -0.0494 -0.0090 -0.9987
vn -0.0769 -0.0234 -0.9968
vn -0.5013 0.8526 -0.1477
vn 0.0251 0.9896 0.1413
vn -0.0605 0.9078 -0.4149
vn 0.3150 0.9311 -0.1842
vn 0.7015 0.6000 0.3845
vn 0.1257 0.0723 0.9894
vn 0.6837 0.6333 0.3626
vn 0.5605 0.4187 0.7145
vn 0.9613 0.0924 -0.2594
vn -0.0824 -0.0247 -0.9963
vn 0.0068 -0.0066 -1.0000
vn -0.0418 -0.1335 -0.9902
vn 0.0036 -0.0134 0.9999
vn 0.2503 0.2409 0.9377
vn 0.0628 0.0980 0.9932
vn 0.9670 0.2546 -0.0008
vn -0.7530 0.5617 -0.3426
vn 0.9846 -0.1736 0.0201
vn 0.5124 -0.7785 0.3624
vn 0.9989 0.0402 0.0234
vn -0.0188 -0.0244 0.9995
vn -0.4955 -0.2322 0.8370
vn -0.7934 0.0591 0.6058
vn 0.2899 0.8845 -0.3654
vn -0.1397 0.0044 0.9902
vn -0.0240 0.0704 0.9972
vn -0.5721 0.8182 -0.0564
vn -0.6621 0.7297 0.1707
vn -0.2272 -0.5488 -0.8045
vn -0.7290 0.3986 0.5565
vn -0.2784 -0.5633 0.7779
vn -0.7742 0.6043 -0.1881
vn 0.0008 0.9505 -0.3108
vn -0.5608 0.8280 -0.0057
vn -0.4864 -0.2298 -0.8430
vn -0.4674 -0.6986 0.5418
vn -0.9084 -0.0716 -0.4118
vn 0.2414 -0.3708 0.8968
vn -0.7060 0.4424 -0.5530
vn 0.7297 0.5890 0.3473
vn 0.5472 -0.7018 -0.4561
vn 0.0201 0.9995 0.0242
vn -0.0019 0.7426 0.6697
vn -0.0034 0.9998 -0.0176
vn -0.0464 -0.0129 -0.9988
vn -0.5535 -0.6057 -0.5716
vn -0.3709 0.0777 0.9254
vn -0.1888 -0.9809 -0.0473
vn -0.2421 0.8616 0.4462
vn -0.7131 0.2326 -0.6614
vn -0.9949 -0.0013 0.1010
vn -0.9987 -0.0505 -0.0104
vn -0.1953 -0.0752 -0.9779
vn -0.9904 -0.0265 -0.1353
vn -0.0779 0.9969 -0.0104
vn -0.9480 -0.3178 0.0172
vn -0.9175 -0.3924 0.0649
vn -0.5187 -0.4180 0.7459
vn -0.5088 -0.4830 0.7126
vn 0.8624 -0.5017 -0.0680
vn 0.4125 0.3074 0.8575
vn 0.1850 -0.1089 -0.9767
vn -0.1986 0.9757 -0.0921
vn -0.5441 0.4509 0.7076
vn 0.0933 -0.1381 0.9860
vn 0.0632 0.9959 0.0646
vn -0.6078 -0.3832 -0.6955
vn -0.5156 -0.3298 -0.7908
vn -0.6953 -0.2626 -0.6690
vn -0.0908 0.0008 -0.9959
vn -0.1057 -0.0062 -0.9944
vn -0.2805 -0.1734 -0.9441
vn 0.1225 -0.3140 0.9415
vn -0.0275 -0.1849 0.9824
vn -0.4493 -0.6405 0.6228
vn -0.1633 -0.9802 -0.1120
vn -0.4614 -0.3269 -0.8248
vn 0.6714 0.7408 0.0214
vn 0.5871 0.4934 -0.6417
vn -0.6170 0.7851 -0.0543
vn -0.1053 0.7650 -0.6354
vn -0.3255 0.3477 -0.8793
vn 0.4940 0.8669 0.0670
vn -0.5786 0.1628 0.7992
vn -0.0343 0.4745 0.8796
vn 0.8421 0.2459 -0.4800
vn 0.9998 0.0091 0.0193
vn 0.9888 -0.1209 0.0878
vn -0.7711 0.3772 -0.5129
vn -0.0704 0.0500 0.9963
vn 0.7514 -0.4350 -0.4962
vn -0.3170 -0.1528 0.9360
vn -0.0828 0.0616 0.9947
vn -0.1186 0.1517 0.9813
vn 0.5392 0.2508 0.8040
vn 0.7827 0.0114 0.6223
vn -0.0285 -0.0183 -0.9994
vn 0.4282 0.4533 0.7817
vn 0.4384 0.2421 0.8656
vn -0.1207 -0.1528 -0.9809
vn -0.1609 -0.1710 -0.9720
vn -0.0428 -0.0108 -0.9990
vn 0.5382 -0.8418 -0.0425
vn 0.0034 0.0886 0.9961
vn 0.1146 0.0413 0.9926
vn 0.0398 0.0612 0.9973
vn 0.6952 0.5711 0.4366
vn 0.0214 -0.0330 0.9992
vn -0.5572 -0.5266 0.6420
vn -0.0789 0.0259 0.9965
vn 0.9019 0.4273 -0.0623
vn 0.4132 -0.3375 -0.8458
vn -0.2995 -0.5964 0.7447
vn 0.0671 -0.8459 0.5290
vn 0.0149 -0.0349 0.9993
vn 0.8555 0.4961 0.1484
vn 0.9284 -0.3071 -0.2093
vn 0.4934 0.6785 -0.5442
vn -0.1603 0.0444 0.9861
vn 0.0029 0.0125 0.9999
vn -0.1392 -0.0608 0.9884
vn -0.6657 -0.1704 0.7265
vn -0.6548 -0.5110 0.5569
vn 0.0261 0.0318 -0.9992
vn -0.0168 0.1653 -0.9861
vn 0.8815 -0.4666 -0.0723
vn 0.7035 -0.6710 -0.2342
vn -0.0889 -0.1706 0.9813
vn -0.0170 0.3876 0.9217
vn 0.7919 -0.6106 0.0020
vn 0.9198 -0.2940 -0.2600
vn 0.4168 0.7708 0.4818
vn 0.6394 0.7648 0.0784
vn 0.6343 -0.7104 -0.3049
vn 0.6798 -0.7307 0.0632
vn 0.6681 -0.7364 0.1064
vn -0.2999 -0.9517 0.0662
vn -0.0232 -0.0229 -0.9995
vn -0.4630 -0.4638 0.7554
vn -0.1940 -0.9623 -0.1905
vn 0.1540 -0.8641 -0.4792
vn 0.7125 -0.7010 0.0321
vn 0.6706 -0.7418 0.0063
vn 0.7353 -0.6776 -0.0124
vn 0.1991 -0.9148 0.3516
vn 0.9172 0.0845 -0.3893
vn -0.0937 0.7854 0.6119
vn -0.0062 0.9862 -0.1653
vn 0.9260 0.3529 0.1344
vn 0.8241 -0.5155 0.2348
vn 0.7513 -0.6458 0.1357
vn 0.7298 -0.6825 0.0405
vn 0.5027 -0.0649 -0.8620
vn 0.0514 -0.4847 -0.8732
vn 0.0373 -0.3230 -0.9457
vn -0.0556 0.9626 0.2650
vn -0.0041 0.0031 1.0000
vn 0.5466 0.5512 0.6304
vn 0.1517 -0.0953 0.9838
vn 0.3067 -0.4330 0.8476
vn 0.6341 0.5745 -0.5175
vn 0.3259 0.9350 -0.1396
vn 0.1647 -0.4187 -0.8931
vn 0.3827 0.9012 0.2033
vn 0.0460 0.0277 0.9986
vn -0.8464 0.3513 0.4002
vn 0.0223 0.0647 0.9977
vn 0.0296 0.0018 0.9996
vn 0.1371 0.7180 -0.6824
vn -0.0094 0.2050 -0.9787
vn -0.0488 0.0987 -0.9939
vn -0.0081 -0.0288 0.9996
vn -0.0200 -0.0189 0.9996
vn 0.0989 -0.1081 -0.9892
vn 0.0433 -0.3608 -0.9316
vn -0.1857 -0.1767 -0.9666
vn -0.2671 -0.8339 -0.4829
vn -0.7136 -0.5704 -0.4068
vn 0.0622 -0.9110 -0.4077
vn 0.0253 -0.0491 -0.9985
vn -0.2595 -0.3890 -0.8839
vn -0.0614 -0.1576 -0.9856
vn 0.0068 -0.0429 -0.9991
vn 0.0089 0.9982 0.0594
vn 0.0119 0.9998 0.0180
vn -0.0056 0.0071 1.0000
vn -0.0006 -0.0256 0.9997
vn 0.0592 0.0305 0.9978
vn 0.5791 -0.5090 0.6369
vn -0.1932 -0.2960 0.9354
vn 0.5190 -0.8532 0.0514
vn 0.5477 -0.8358 0.0382
vn 0.6676 -0.7443 -0.0172
vn 0.6374 -0.7670 -0.0733
vn -0.0500 0.0548 -0.9972
vn -0.0315 -0.0054 0.9995
vn -0.0042 0.3817 0.9243
vn 0.4515 -0.8922 0.0047
vn 0.3387 0.7271 -0.5972
vn 0.9270 -0.3575 0.1131
vn 0.4682 -0.8720 0.1427
vn 0.6261 -0.7576 -0.1845
vn 0.6039 -0.7876 0.1228
vn 0.5533 -0.8106 0.1915
vn -0.3878 -0.0948 0.9169
vn -0.3801 -0.0275 -0.9246
vn 0.5011 -0.8333 -0.2333
vn -0.6340 -0.1792 -0.7523
vn 0.7664 0.6371 0.0822
vn 0.0852 0.0847 0.9928
vn 0.6824 0.4065 0.6076
vn -0.1545 0.3647 0.9182
vn -0.0734 0.1365 0.9879
vn -0.3411 -0.3700 0.8642
vn -0.6635 0.0788 0.7440
vn -0.5286 -0.4547 0.7168
vn 0.0085 0.0274 0.9996
vn -0.3608 -0.6706 0.6481
vn -0.5004 -0.5667 -0.6546
vn 0.0127 -0.8401 -0.5422
vn 0.2035 -0.8799 0.4295
vn 0.0084 1.0000 -0.0027
vn -0.1029 0.0482 -0.9935
vn -0.4481 -0.3150 0.8367
vn 0.2050 -0.9677 0.1465
vn -0.3469 -0.9292 0.1273
vn 0.2939 -0.7882 0.5408
vn 0.0597 -0.9977 0.0316
vn -0.4366 -0.4320 -0.7892
vn -0.5958 -0.5186 -0.6133
vn -0.0043 0.9997 -0.0232
vn 0.3384 0.0954 -0.9361
vn 0.0175 0.0292 -0.9994
vn -0.0484 -0.0373 -0.9981
vn 0.9350 -0.3536 -0.0281
vn -0.7709 0.4179 0.4807
vn 0.3216 -0.9466 0.0213
vn 0.1527 0.8540 -0.4974
vn -0.2008 -0.5722 -0.7951
vn -0.0596 0.0021 -0.9982
vn 0.0782 -0.0714 -0.9944
vn -0.7799 0.3106 -0.5434
vn 0.3015 -0.9528 0.0360
vn -0.6790 -0.3886 0.6229
vn 0.3584 0.7767 -0.5179
vn 0.0421 0.4465 0.8938
vn -0.0223 0.1533 0.9879
vn 0.1171 0.6152 0.7796
vn -0.0188 0.4873 0.8730
vn -0.0063 0.9958 0.0913
vn -0.0548 -0.1838 0.9814
vn -0.2682 -0.7306 -0.6279
vn -0.1576 -0.5455 -0.8232
vn 0.0489 -0.1827 -0.9819
vn 0.2262 -0.2050 -0.9523
vn -0.1624 -0.0973 0.9819
vn -0.8661 -0.2789 0.4148
vn 0.0849 -0.1729 0.9813
vn 0.9691 0.2376 0.0669
vn 0.4255 -0.8159 -0.3916
vn -0.6207 -0.5231 -0.5840
vn -0.7594 -0.4591 -0.4610
vn -0.2644 -0.1207 0.9568
vn -0.8421 0.2248 0.4902
vn -0.6512 -0.6447 0.4005
vn -0.0178 -0.0402 0.9990
vn -0.6739 0.4351 0.5971
vn -0.7079 0.3890 -0.5896
vn 0.0018 0.0559 0.9984
vn -0.5655 0.3666 0.7388
vn -0.2924 -0.5920 -0.7510
vn -0.3982 -0.4276 0.8115
vn 0.0523 -0.9977 0.0439
vn -0.7487 -0.6629 -0.0010
vn -0.6513 0.2744 -0.7074
vn -0.4599 0.3781 -0.8035
vn 0.1697 0.3219 -0.9315
vn 0.7436 0.6336 -0.2138
vn -0.1456 0.5760 0.8044
vn -0.0554 -0.7353 0.6755
vn 0.0093 -0.9986 0.0519
vn -0.0190 0.3911 0.9202
vn 0.0997 0.1391 0.9852
vn -0.0367 -0.0604 0.9975
vn -0.3979 -0.5012 0.7684
vn 0.0140 -0.2637 -0.9645
vn 0.0882 0.9797 0.1802
vn -0.0053 0.9999 0.0096
vn 0.0216 0.0007 -0.9998
vn 0.0037 0.4954 -0.8686
vn 0.5974 -0.2334 -0.7672
vn 0.6221 0.1775 -0.7626
vn 0.8161 0.5775 -0.0202
vn -0.5346 -0.6818 -0.4994
vn -0.8142 0.3326 0.4758
vn -0.5301 -0.5883 0.6107
vn -0.7024 0.2474 -0.6674
vn -0.6776 -0.0300 -0.7349
vn -0.0745 0.6083 -0.7902
vn -0.0213 0.0463 -0.9987
vn 0.0624 0.0393 -0.9973
vn -0.4593 -0.5858 -0.6678
vn -0.0188 -0.5938 -0.8044
vn -0.5916 0.4003 0.6999
vn -0.5081 -0.7134 -0.4826
vn -0.7276 -0.6359 -0.2572
vn -0.4831 -0.7756 -0.4063
vn -0.9003 -0.1655 -0.4025
vn -0.0839 0.2568 -0.9628
vn 0.4113 0.9111 -0.0256
vn -0.0552 0.9985 -0.0008
vn -0.5288 0.6044 -0.5959
vn -0.0027 0.0450 -0.9990
vn -0.6427 0.6828 -0.3474
vn 0.0217 0.1682 0.9855
vn -0.3564 -0.9056 0.2302
vn -0.8451 0.0210 -0.5341
vn -0.0968 -0.0640 -0.9932
vn -0.3718 0.0167 -0.9282
vn 0.0978 0.6112 0.7854
vn -0.1732 0.6268 0.7597
vn 0.0144 -0.0015 0.9999
vn 0.0373 -0.0075 0.9993
vn 0.4923 0.4908 0.7188
vn 0.0416 0.0154 0.9990
vn 0.1616 0.7964 0.5828
vn 0.3162 0.7032 -0.6368
vn 0.3529 0.9249 -0.1412
vn -0.0124 -0.9999 0.0069
vn 0.0046 -0.9997 -0.0252
vn -0.0079 -0.0825 -0.9966
vn -0.4849 -0.4074 -0.7739
vn -0.9685 -0.1453 -0.2023
vn 0.8971 0.4212 -0.1336
vn 0.0708 0.9109 -0.4065
vn 0.1281 0.4450 -0.8863
vn 0.0074 0.9984 0.0554
vn -0.1192 -0.9794 0.1633
vn -0.1207 0.5541 0.8236
vn -0.4082 0.6713 -0.6186
vn -0.2152 0.3676 -0.9047
vn -0.2914 -0.7102 0.6409
vn -0.2774 -0.5674 -0.7753
vn -0.4704 -0.5264 0.7082
vn 0.1938 -0.9802 -0.0409
vn -0.0100 -0.9999 -0.0071
vn 0.2889 -0.9415 -0.1736
vn -0.0317 -0.1991 -0.9795
vn 0.1359 0.5918 -0.7946
vn -0.8710 -0.4189 -0.2566
vn -0.2201 -0.7049 -0.6743
vn -0.0129 0.9999 0.0087
vn 0.0322 -0.1013 0.9943
vn -0.2272 0.9424 0.2454
vn -0.2887 0.6847 -0.6693
vn -0.1598 0.5104 -0.8450
vn -0.4370 -0.6956 0.5702
vn -0.4368 -0.5836 0.6845
vn -0.1408 -0.2115 0.9672
vn -0.0957 -0.1395 0.9856
vn 0.0389 0.6920 -0.7208
vn -0.2613 -0.9425 0.2084
vn -0.6301 -0.7760 0.0278
vn -0.0054 1.0000 0.0032
vn 0.0905 0.9945 -0.0524
vn -0.2429 0.9667 -0.0801
vn -0.0392 -0.5296 -0.8474
vn 0.1650 0.0006 -0.9863
vn 0.2995 0.3922 -0.8698
vn 0.0103 0.0108 -0.9999
vn -0.3191 -0.7916 -0.5211
vn -0.1348 0.0397 -0.9901
vn -0.0314 0.0917 -0.9953
vn -0.1178 0.5226 -0.8444
vn -0.0703 0.1202 -0.9903
vn -0.0757 -0.0527 -0.9957
vn 0.0462 -0.0143 -0.9988
vn -0.2705 -0.7965 -0.5408
vn 0.2344 0.1965 0.9521
vn -0.0902 0.5546 0.8272
vn -0.0873 0.3034 0.9488
vn 0.0606 0.6012 0.7968
vn 0.5888 0.1969 0.7839
vn -0.9936 0.0551 -0.0985
vn -0.6180 0.2893 -0.7310
vn -0.4196 -0.5421 -0.7280
vn -0.5774 0.4740 -0.6647
vn -0.8948 0.3733 0.2447
vn -0.2015 0.6693 -0.7151
vn -0.0506 -0.0796 0.9955
vn -0.6848 0.0035 0.7287
vn -0.7687 -0.2149 0.6024
vn 0.2332 0.5876 0.7749
vn -0.6964 -0.7160 -0.0483
vn -0.5639 -0.4490 0.6932
vn -0.7394 -0.6731 0.0136
vn -0.0594 0.9755 0.2120
vn -0.3558 0.8116 -0.4634
vn -0.9995 -0.0056 -0.0312
vn -0.6080 0.6836 -0.4037
vn -0.6295 -0.6492 -0.4270
vn -0.9782 -0.0166 0.2069
vn -0.9975 -0.0370 0.0604
vn -0.3323 -0.6558 0.6779
vn -0.9753 0.0785 -0.2065
vn -0.8728 -0.2706 0.4061
vn -0.8078 0.5221 0.2735
vn -0.9973 0.0450 0.0582
vn -0.9921 -0.1252 0.0129
vn -0.9851 -0.1637 -0.0528
vn 0.9550 0.2956 -0.0224
vn 0.7139 0.6915 -0.1100
vn 0.5193 0.8544 0.0172
vn 0.9993 -0.0221 -0.0290
vn -0.0322 0.9984 0.0469
vn 0.0120 0.9081 -0.4186
vn 0.5371 -0.8137 0.2223
vn 0.0012 0.1983 -0.9801
vn -0.2799 0.6506 -0.7059
vn -0.2905 -0.6612 -0.6917
vn -0.3891 -0.9212 -0.0025
vn -0.4622 -0.8866 -0.0173
vn -0.6822 0.5680 -0.4604
vn 0.3363 -0.1579 -0.9284
vn -0.1433 0.9711 0.1910
vn 0.6320 0.5639 0.5316
vn -0.1656 -0.6068 0.7774
vn -0.4831 0.7910 -0.3755
vn -0.2224 -0.4884 -0.8438
vn 0.9139 0.3969 -0.0847
vn 0.7276 0.3326 0.6000
vn 0.5346 0.4490 -0.7160
vn 0.0063 -0.0034 -1.0000
vn 0.0226 0.1147 -0.9931
vn 0.0360 0.1004 0.9943
vn -0.0596 0.6056 0.7935
vn -0.2677 -0.4854 0.8323
vn -0.0059 -1.0000 -0.0016
vn 0.6808 0.6502 0.3372
vn 0.0172 -0.9995 0.0271
vn 0.0228 -0.0398 0.9989
vn -0.0035 0.0085 1.0000
vn -0.0047 0.0180 0.9998
vn -0.0111 -0.0034 0.9999
vn -0.0806 -0.4091 0.9089
vn 0.0383 0.0527 0.9979
vn 0.0255 0.0063 0.9997
vn -0.3595 -0.9268 -0.1089
vn -0.3412 -0.9318 0.1241
vn -0.4579 -0.0457 0.8878
vn 0.0108 0.3230 -0.9463
vn -0.5308 -0.2517 -0.8093
vn 0.5163 0.0267 0.8560
vn -0.3465 0.3090 0.8857
vn 0.0633 -0.0907 0.9939
vn -0.0414 -0.1328 0.9903
vn 0.0329 0.9927 -0.1164
vn 0.1549 0.2095 0.9655
vn 0.0284 0.0165 -0.9995
vn -0.1590 0.3890 0.9074
vn 0.2781 -0.4096 -0.8688
vn 0.0735 -0.0255 -0.9970
vn -0.0835 0.7733 -0.6285
vn 0.2995 0.6169 0.7278
vn 0.5908 0.5019 0.6317
vn -0.4063 -0.7273 0.5531
vn -0.2234 0.9709 0.0864
vn -0.0565 0.0097 -0.9984
vn -0.2859 -0.7281 -0.6231
vn -0.1141 -0.0963 -0.9888
vn 0.0647 -0.9811 -0.1823
vn 0.3413 0.9395 0.0299
vn -0.2478 0.9285 -0.2764
vn -0.0277 0.0053 -0.9996
vn -0.5772 0.7873 -0.2167
vn 0.0633 0.8835 -0.4642
vn 0.6929 0.2127 -0.6890
vn -0.2825 0.8261 0.4877
vn 0.3855 0.7077 0.5920
vn -0.1926 0.7582 0.6229
vn 0.1645 0.5350 -0.8287
vn 0.2699 0.3815 -0.8841
vn -0.4193 -0.2923 -0.8595
vn -0.3778 -0.8421 0.3848
vn -0.5437 0.4563 -0.7044
vn -0.0541 0.5567 -0.8289
vn -0.0148 0.3593 -0.9331
vn -0.4043 -0.8969 0.1793
vn -0.5193 0.7606 0.3896
vn -0.0130 0.0082 -0.9999
vn -0.0284 0.0384 -0.9989
vn 0.0330 -0.0231 -0.9992
vn 0.0090 -0.0208 -0.9997
vn 0.0058 0.0041 -1.0000
vn 0.4874 -0.2555 0.8349
vn 0.2125 0.2654 0.9404
vn 0.5562 0.4249 0.7142
vn 0.6724 0.0575 0.7379
vn 0.2398 0.3645 -0.8998
vn -0.6082 -0.7431 -0.2789
vn 0.0009 0.1255 0.9921
vn 0.0760 -0.0864 0.9934
vn -0.3312 -0.3117 0.8906
vn -0.2098 0.1059 0.9720
vn -0.3239 -0.9450 0.0460
vn -0.0228 -0.0329 -0.9992
vn -0.0109 -0.0262 -0.9996
vn -0.9224 -0.3860 0.0116
vn -0.1059 0.6103 0.7850
vn -0.0732 0.0204 0.9971
vn -0.0819 0.5398 0.8378
vn 0.0356 -0.0551 0.9978
vn -0.2375 -0.1974 0.9511
vn -0.4513 -0.3626 0.8154
vn -0.2140 -0.2190 0.9520
vn -0.5907 -0.3564 -0.7239
vn -0.1130 -0.0023 -0.9936
vn 0.1263 -0.1624 -0.9786
vn -0.7787 0.6040 -0.1695
vn -0.9196 0.3896 -0.0506
vn -0.5350 0.4298 -0.7274
vn -0.6705 -0.6405 0.3744
vn -0.0335 0.9991 -0.0261
vn -0.0600 0.9031 0.4252
vn 0.9835 0.1425 0.1114
vn 0.7889 0.1757 -0.5889
vn -0.0497 -0.1409 0.9888
vn 0.5706 0.6516 0.4999
vn 0.3613 0.0278 0.9320
vn 0.0677 0.4391 0.8959
vn 0.8607 -0.5071 -0.0459
vn 0.9638 0.2299 0.1351
vn -0.2946 0.5504 0.7812
vn 0.1341 0.0915 -0.9867
vn -0.0073 0.0492 -0.9988
vn -0.1817 -0.2997 -0.9366
vn 0.3122 -0.2340 -0.9208
vn 0.6220 -0.7346 -0.2711
vn -0.1414 -0.0064 0.9899
vn 0.4942 0.8693 -0.0069
vn 0.3188 0.2135 -0.9235
vn -0.6722 -0.2087 0.7104
vn -0.2747 0.0566 0.9598
vn -0.3312 -0.6733 -0.6611
vn -0.7300 -0.5144 -0.4500
vn 0.0984 0.3727 -0.9227
vn -0.4103 -0.7807 -0.4714
vn 0.0538 -0.9834 -0.1732
vn -0.6952 -0.2763 0.6636
vn -0.8246 0.2641 0.5004
vn -0.8543 0.0398 -0.5183
vn -0.4583 0.6415 0.6152
vn -0.2667 -0.5363 0.8008
vn -0.5935 0.5343 -0.6020
vn 0.1957 0.9506 0.2411
vn -0.0439 0.9456 0.3225
vn 0.1134 0.9910 0.0716
vn -0.6558 -0.7540 -0.0374
vn -0.8278 -0.5107 0.2323
vn -0.3842 -0.2290 0.8944
vn 0.1114 0.0253 0.9935
vn -0.8507 -0.3773 -0.3660
vn 0.1904 0.9271 -0.3228
vn -0.1207 -0.1414 -0.9826
vn -0.4375 -0.8899 0.1291
vn -0.0103 -0.0084 0.9999
vn -0.0159 -0.0078 0.9998
vn -0.0301 -0.0269 0.9992
vn -0.9574 -0.2354 0.1673
vn -0.3946 -0.7708 0.5002
vn -0.9592 0.2780 0.0514
vn -0.6437 -0.2094 0.7360
vn -0.8892 0.4395 -0.1274
vn -0.2444 0.3594 -0.9006
vn -0.3474 -0.4377 -0.8293
vn -0.6900 -0.7232 0.0296
vn -0.0003 0.2830 -0.9591
vn -0.0540 0.0599 -0.9967
vn -0.0504 -0.0445 -0.9977
vn -0.5387 0.8417 0.0369
vn -0.4208 0.9067 0.0294
vn -0.0184 0.0830 0.9964
vn -0.3752 0.9240 -0.0742
vn 0.5607 -0.2487 -0.7898
vn -0.1672 0.7054 -0.6888
vn 0.3995 0.8829 0.2468
vn 0.1829 0.9775 -0.1050
vn 0.1149 0.9151 -0.3866
vn 0.0722 -0.8909 -0.4484
vn 0.0331 -0.7505 0.6600
vn -0.8361 -0.2373 0.4946
vn 0.0535 0.4910 -0.8695
vn -0.9407 -0.3391 -0.0104
vn -0.3545 0.4247 -0.8330
vn 0.0046 0.2825 0.9592
vn -0.1198 -0.0560 0.9912
vn -0.3473 -0.2437 -0.9055
vn -0.9736 -0.1937 0.1208
vn -0.7998 -0.2650 -0.5386
vn 0.6506 -0.7291 0.2122
vn 0.2096 -0.9578 -0.1965
vn 0.3403 0.8354 -0.4317
vn 0.9542 0.2776 0.1113
vn -0.7606 -0.2179 -0.6116
vn -0.3815 -0.7746 -0.5044
vn -0.9967 0.0631 0.0509
vn -0.1079 0.9941 -0.0095
vn -0.0569 0.1444 -0.9879
vn 0.1010 0.5789 -0.8091
vn 0.0484 0.2353 0.9707
vn -0.7757 -0.6074 0.1716
vn -0.8941 -0.4451 0.0496
vn 0.7355 -0.6746 0.0631
vn 0.2607 -0.8977 0.3552
vn -0.5267 -0.8483 -0.0549
vn -0.5514 -0.8228 -0.1378
vn -0.4806 -0.6067 0.6332
vn -0.0997 0.9843 -0.1455
vn 0.1868 0.7569 0.6262
vn -0.4851 -0.1565 0.8604
vn -0.0732 0.2772 -0.9580
vn -0.3178 -0.1912 -0.9287
vn -0.3589 -0.0632 -0.9312
vn -0.0900 -0.1551 -0.9838
vn 0.6125 0.0153 -0.7903
vn -0.0650 0.0847 -0.9943
vn -0.0683 -0.0844 0.9941
vn 0.3095 -0.6784 0.6664
vn -0.0130 0.0072 0.9999
vn -0.3199 -0.7146 0.6221
vn -0.0962 -0.6802 -0.7267
vn 0.3798 0.9007 0.2110
vn -0.2561 0.7415 0.6202
vn 0.0180 -0.1648 -0.9862
vn 0.5130 0.3600 0.7792
vn -0.1807 -0.3391 0.9232
vn -0.0789 -0.0381 0.9962
vn -0.9403 -0.2195 0.2602
vn -0.3110 -0.4312 -0.8470
vn 0.0045 0.0104 -0.9999
vn -0.1849 0.9466 0.2642
vn 0.3019 0.9487 -0.0938
vn 0.4322 0.8985 -0.0765
vn 0.6822 0.7216 -0.1182
vn 0.4781 0.7984 -0.3660
vn 0.1490 -0.3098 0.9390
vn 0.9226 -0.3137 0.2244
vn -0.0340 -0.2809 -0.9591
vn 0.0211 0.0432 -0.9988
vn 0.1137 -0.4506 -0.8855
vn -0.3117 -0.1627 0.9361
vn -0.8267 -0.5519 -0.1095
vn -0.5159 0.8555 0.0430
vn -0.8033 -0.5731 -0.1623
vn -0.3993 -0.6222 -0.6733
vn -0.2940 0.1788 0.9389
vn -0.2078 -0.5680 -0.7964
vn 0.5677 -0.7418 -0.3570
vn 0.1211 -0.9905 -0.0653
vn 0.1125 -0.0986 -0.9887
vn 0.6561 -0.7545 0.0167
vn 0.7150 -0.6828 -0.1506
vn -0.5566 0.1878 0.8093
vn -0.6422 -0.0795 0.7624
vn -0.7176 -0.6537 0.2405
vn -0.5630 -0.6573 0.5010
vn -0.0031 0.0466 0.9989
vn -0.3601 0.5683 0.7398
vn 0.2818 0.8349 -0.4729
vn 0.0692 0.7608 -0.6453
vn 0.1899 0.5165 -0.8350
vn -0.1161 -0.4469 -0.8870
vn -0.0051 1.0000 0.0026
vn 0.0667 0.9850 0.1594
vn -0.0077 0.9999 0.0097
vn -0.3916 -0.2913 0.8728
vn 0.7222 0.6544 -0.2240
vn 0.0705 0.0399 0.9967
vn 0.0580 -0.3617 0.9305
vn 0.0640 -0.4933 0.8675
vn -0.5809 -0.1276 0.8039
vn 0.0025 -0.9998 -0.0213
vn -0.0045 -0.9999 -0.0155
vn 0.1006 0.4784 0.8724
vn 0.4067 0.8964 -0.1761
vn -0.8076 -0.4781 0.3453
vn -0.9778 -0.2002 -0.0626
vn -0.2204 0.2689 -0.9376
vn -0.1969 0.1753 -0.9646
vn 0.7428 0.0644 -0.6664
vn 0.3438 0.8161 -0.4645
vn 0.8391 0.2058 0.5036
vn -0.0955 0.0972 -0.9907
vn 0.0102 0.0173 0.9998
vn 0.5246 0.2553 0.8122
vn 0.5180 -0.7079 0.4802
vn -0.7993 0.5345 0.2746
vn -0.1393 0.1926 0.9713
vn -0.1041 0.2424 0.9646
vn -0.2780 0.9472 0.1597
vn -0.4002 -0.7935 0.4585
vn -0.6346 -0.6288 0.4494
vn 0.0533 -0.0004 0.9986
vn 0.1760 0.0571 -0.9827
vn -0.0851 0.1761 0.9807
vn -0.0820 -0.6648 0.7426
vn -0.1625 0.2192 -0.9621
vn 0.6186 0.5144 -0.5938
vn -0.0180 0.1104 -0.9937
vn -0.0121 0.1260 -0.9920
vn -0.9252 -0.3431 -0.1619
vn 0.7827 -0.2512 -0.5694
vn -0.0396 -0.0235 -0.9989
vn -0.2665 -0.0706 -0.9612
vn -0.3373 -0.0772 -0.9382
vn -0.8339 -0.2439 -0.4950
vn -0.3537 -0.4087 0.8414
vn 0.0062 0.0126 0.9999
vn 0.0378 -0.0870 0.9955
vn -0.4814 -0.2876 -0.8280
vn -0.0564 -0.0104 -0.9984
vn -0.8461 -0.0491 -0.5308
vn -0.8728 -0.1972 -0.4464
vn -0.2296 0.0442 -0.9723
vn -0.1987 -0.2147 -0.9563
vn 0.0050 -0.0283 -0.9996
vn -0.1064 -0.7797 -0.6170
vn -0.0681 -0.1248 -0.9898
vn 0.8015 -0.0103 -0.5979
vn -0.1816 -0.8347 0.5199
vn -0.8776 0.0754 0.4734
vn -0.7321 -0.4148 0.5403
vn -0.7589 -0.5319 0.3758
vn -0.4518 -0.5217 0.7237
vn -0.7181 -0.6250 -0.3061
vn -0.5651 -0.6142 -0.5509
vn -0.7611 -0.6484 -0.0173
vn -0.7391 -0.6735 -0.0052
vn 0.2475 0.0539 0.9674
vn 0.2338 0.3734 0.8977
vn 0.5347 0.4682 0.7035
vn 0.1353 -0.2693 0.9535
vn 0.2411 0.8611 0.4476
vn -0.2961 0.9520 -0.0770
vn 0.1260 -0.7839 -0.6080
vn -0.5841 -0.6264 -0.5162
vn -0.3319 -0.6584 0.6755
vn -0.0270 0.0250 -0.9993
vn -0.0642 0.0234 -0.9977
vn 0.2617 -0.0050 -0.9651
vn -0.6187 -0.7856 -0.0075
vn -0.4381 -0.8986 -0.0245
vn -0.9999 -0.0100 0.0059
vn 0.2238 -0.3667 0.9030
vn -0.5105 -0.4929 0.7046
vn 0.0133 -0.0361 0.9993
vn -0.0568 -0.7780 -0.6257
vn -0.4856 0.6285 -0.6076
vn -0.5937 0.6316 0.4986
vn -0.8042 -0.5679 -0.1751
vn 0.6185 0.7323 -0.2849
vn 0.7610 -0.6319 0.1472
vn -0.0388 0.0425 -0.9983
vn 0.9787 0.1177 0.1682
vn -0.2913 -0.6260 0.7234
vn 0.6385 -0.6163 -0.4609
vn 0.9160 0.1406 -0.3757
vn 0.1296 0.0333 -0.9910
vn 0.9609 -0.1017 -0.2577
vn 0.5734 0.5207 -0.6325
vn 0.7576 0.6494 -0.0654
vn 0.1564 0.0058 -0.9877
vn 0.0316 0.7500 0.6607
vn -0.6488 -0.1814 -0.7390
vn 0.9904 0.0992 0.0966
vn 0.3992 0.0949 0.9119
vn 0.0044 0.0395 0.9992
vn -0.2483 -0.1480 0.9573
vn 0.0994 -0.0394 0.9943
vn -0.9363 -0.1100 -0.3337
vn -0.1610 0.4208 -0.8928
vn -0.9730 -0.0529 -0.2246
vn -0.2016 -0.9473 0.2491
vn -0.6715 -0.6001 0.4347
vn -0.5441 -0.6591 0.5192
vn -0.4479 -0.5475 0.7069
vn -0.0679 0.0468 0.9966
vn -0.0224 0.0327 0.9992
vn -0.1324 0.1997 0.9709
vn -0.1008 0.0151 0.9948
vn 0.8012 -0.5688 0.1858
vn -0.9477 0.1343 0.2895
vn -0.1801 -0.1268 0.9755
vn -0.2051 0.8041 0.5579
vn -0.0228 0.0312 -0.9993
vn -0.2370 -0.5819 0.7780
vn -0.3809 -0.9174 -0.1155
vn -0.2329 -0.1028 0.9671
vn -0.1783 -0.1664 0.9698
vn 0.9937 0.0790 0.0800
vn -0.1590 0.1474 -0.9762
vn 0.5504 -0.1051 0.8282
vn 0.1190 -0.1445 0.9823
vn -0.5008 -0.2115 -0.8393
vn 0.0654 0.1865 0.9803
vn -0.0991 -0.1545 -0.9830
vn -0.5036 0.0103 -0.8638
vn -0.9087 -0.0729 0.4111
vn 0.6139 -0.1388 -0.7771
vn -0.0949 0.0344 -0.9949
vn 0.5136 -0.6240 -0.5889
vn 0.9982 -0.0102 -0.0585
vn -0.4586 -0.5371 0.7080
vn -0.5326 -0.8463 -0.0085
vn -0.5274 -0.8495 -0.0135
vn -0.5804 -0.8143 -0.0125
vn -0.1667 0.0685 -0.9836
vn 0.3230 -0.3964 0.8594
vn -0.0087 -0.9829 -0.1840
vn -0.2987 -0.6675 0.6821
vn 0.9907 0.0892 0.1031
vn 0.9978 0.0322 0.0573
vn 0.2197 -0.9584 -0.1821
vn 0.6772 -0.6128 -0.4073
vn 0.3409 -0.8279 -0.4453
vn 0.2243 -0.9745 -0.0082
vn 0.2315 -0.9728 0.0034
vn 0.0939 -0.7487 0.6562
vn -0.9018 -0.0731 0.4259
vn 0.9970 0.0725 0.0264
vn -0.5697 -0.7576 0.3186
vn 0.1293 0.1691 0.9771
vn 0.4949 0.8683 -0.0327
vn 0.2921 0.5048 -0.8123
vn -0.2693 -0.4415 -0.8559
vn -0.0510 0.1347 0.9896
vn 0.2878 0.5373 0.7927
vn 0.9485 0.3126 0.0518
vn 0.9730 0.1878 0.1342
vn 0.9569 0.2904 0.0052
vn 0.9328 0.3520 -0.0777
vn 0.0440 0.0342 0.9984
vn -0.1331 0.0496 -0.9899
vn -0.1058 0.1205 -0.9871
vn -0.1297 0.2092 -0.9692
vn -0.0867 0.1950 0.9770
vn 0.4005 0.4909 -0.7737
vn -0.4753 -0.5154 -0.7130
vn 0.0711 0.9166 0.3934
vn -0.0605 -0.0003 -0.9982
vn -0.1351 0.6996 -0.7016
vn 0.0032 0.1399 -0.9902
vn 0.8595 0.5111 0.0076
vn 0.0762 0.0353 -0.9965
vn 0.0616 -0.8420 0.5359
vn -0.7413 -0.6685 0.0598
vn 0.9362 0.3353 0.1055
vn -0.0335 0.0991 0.9945
vn -0.2808 -0.6610 -0.6958
vn -0.5506 -0.8336 0.0445
vn -0.0589 -0.2171 -0.9744
vn 0.0204 0.0735 -0.9971
vn -0.7937 -0.6048 -0.0650
vn 0.1024 0.9908 -0.0888
vn -0.2442 0.2264 0.9429
vn -0.2664 -0.6303 -0.7292
vn 0.8946 0.0541 0.4437
vn -0.4163 -0.7388 0.5300
vn 0.8002 0.5996 -0.0151
vn 0.8592 0.5040 0.0876
vn 0.7892 0.6098 -0.0732
vn -0.2964 -0.9138 0.2776
vn 0.0968 -0.1005 -0.9902
vn -0.4754 -0.4768 -0.7393
vn -0.3431 -0.3878 0.8555
vn -0.8037 -0.4938 0.3319
vn -0.1015 -0.9792 0.1759
vn 0.0190 0.3469 -0.9377
vn 0.7156 0.1864 -0.6732
vn -0.2750 -0.6254 -0.7302
vn 0.0495 0.5707 0.8196
vn 0.5950 0.7868 0.1640
vn 0.9777 0.1981 0.0694
vn -0.3709 0.7671 0.5235
vn 0.0093 0.0081 -0.9999
vn 0.9691 0.1672 -0.1816
vn 0.9964 0.0810 0.0237
vn -0.4231 0.8903 -0.1682
vn -0.0482 0.0693 -0.9964
vn -0.2008 0.0766 -0.9766
vn -0.1732 -0.0962 -0.9802
vn 0.1301 -0.8450 0.5187
vn -0.0318 -0.0326 0.9990
vn -0.7652 -0.5012 0.4041
vn -0.0864 -0.6464 0.7581
vn 0.0347 0.2936 0.9553
vn -0.0525 0.7315 0.6798
vn 0.6065 0.7940 0.0417
vn -0.3807 -0.4887 -0.7850
vn -0.1295 -0.0083 -0.9915
vn -0.0082 1.0000 0.0042
vn -0.0070 1.0000 0.0005
vn -0.0292 -0.6140 -0.7887
vn 0.1365 -0.4841 -0.8643
vn -0.0722 -0.0100 0.9973
vn 0.1103 0.2606 0.9591
vn -0.0134 -0.0705 0.9974
vn 0.8580 0.3287 0.3947
vn 0.5783 0.1352 0.8045
vn 0.6606 0.4336 0.6128
vn -0.2730 0.4733 -0.8376
vn 0.1329 0.4929 -0.8599
vn 0.2018 0.1300 -0.9708
vn 0.2516 0.4867 0.8365
vn -0.7257 -0.5674 0.3891
vn 0.6632 0.7483 0.0128
vn -0.3353 0.7823 -0.5250
vn -0.0912 -0.1545 0.9838
vn -0.3811 -0.0016 0.9245
vn -0.0390 0.0019 0.9992
vn -0.6850 -0.7255 -0.0666
vn -0.5394 -0.8381 0.0814
vn 0.1752 0.2141 0.9610
vn -0.3972 -0.6247 0.6722
vn 0.9884 -0.1446 -0.0468
vn 0.8699 0.4148 0.2667
vn 0.5774 -0.5692 -0.5854
vn -0.0573 0.3793 -0.9235
vn -0.2399 0.4006 -0.8843
vn 0.6840 0.7166 -0.1364
vn -0.0252 0.1176 0.9927
vn -0.2637 -0.7737 0.5761
vn 0.9676 0.1442 0.2073
vn 0.0372 -0.1063 -0.9936
vn 0.3024 0.5487 -0.7794
vn 0.9460 0.3225 -0.0322
vn -0.4815 -0.6570 -0.5801
vn 0.9056 -0.1036 0.4113
vn 0.7714 0.1471 -0.6191
vn 0.0350 0.0405 -0.9986
vn 0.1519 -0.9883 -0.0126
vn -0.4941 -0.8554 0.1556
vn 0.1926 -0.1079 0.9753
vn 0.9549 -0.0732 0.2879
vn 0.7520 0.2904 0.5918
vn -0.0037 0.7016 0.7125
vn 0.4269 0.9039 -0.0281
vn 0.5626 0.8261 0.0330
vn -0.2029 0.8561 -0.4754
vn 0.4630 0.8858 0.0303
vn -0.9705 -0.1826 -0.1575
vn -0.5962 -0.2497 0.7630
vn 0.0239 0.1066 -0.9940
vn -0.1330 -0.5792 0.8043
vn 0.2508 0.5888 0.7684
vn -0.4545 -0.4322 -0.7789
vn -0.7341 -0.1741 -0.6564
vn -0.0927 -0.0368 -0.9950
vn -0.1406 -0.0702 0.9876
vn -0.4106 -0.4513 -0.7923
vn -0.1539 0.2825 -0.9468
vn 0.2473 0.2771 0.9285
vn -0.2207 0.6405 0.7355
vn -0.0107 0.9997 -0.0237
vn -0.0676 0.9962 -0.0557
vn -0.2930 0.9342 -0.2037
vn -0.1126 0.9909 0.0737
vn 0.4461 0.5986 0.6654
vn -0.9440 0.0021 0.3301
vn -0.7664 -0.2768 0.5797
vn -0.9373 -0.2975 0.1816
vn -0.9964 -0.0624 -0.0571
vn 0.7561 0.6545 0.0059
vn -0.8617 -0.2383 -0.4480
vn -0.0026 -1.0000 -0.0054
vn -0.0173 0.0314 -0.9994
vn -0.4248 -0.0068 0.9053
vn -0.0904 0.0288 0.9955
vn -0.1419 -0.2116 0.9670
vn -0.2538 0.0450 0.9662
vn -0.7919 -0.2541 0.5553
vn -0.9393 -0.2606 0.2233
vn 0.5491 0.2650 0.7926
vn 0.5454 0.8368 0.0477
vn 0.7557 0.4249 -0.4984
vn 0.2971 0.5086 0.8081
vn 0.5811 0.8131 0.0349
vn -0.2432 0.8848 0.3976
vn -0.1786 -0.7884 -0.5886
vn 0.4324 0.8537 -0.2903
vn -0.1242 0.2772 -0.9527
vn -0.0399 0.0711 -0.9967
vn -0.3384 0.2439 -0.9088
vn -0.4587 0.6925 -0.5568
vn -0.5740 -0.6691 -0.4720
vn 0.5171 0.8489 -0.1092
vn 0.1951 0.1119 -0.9744
vn 0.9418 -0.3317 -0.0539
vn 0.5198 -0.8535 -0.0358
vn 0.2868 -0.8039 0.5211
vn 0.6391 -0.7605 -0.1151
vn -0.1185 0.2862 -0.9508
vn 0.8149 0.5612 0.1449
vn 0.6507 0.7424 -0.1596
vn 0.0719 0.3797 0.9223
vn -0.0930 0.4282 0.8989
vn -0.4831 -0.1914 -0.8544
vn 0.3515 0.9299 -0.1084
vn 0.5595 0.7740 0.2963
vn 0.6498 0.7499 -0.1241
vn 0.5563 0.8310 -0.0063
vn 0.3928 0.4447 -0.8050
vn -0.0006 0.3134 -0.9496
vn -0.0463 -0.0607 -0.9971
vn 0.0265 0.9715 -0.2354
vn -0.3345 0.4230 -0.8421
vn -0.4347 0.8782 0.1995
vn -0.0587 -0.5267 0.8480
vn 0.0129 0.9997 0.0209
vn 0.0804 0.8792 0.4695
vn -0.0119 0.2406 0.9705
vn -0.5381 -0.7091 -0.4557
vn -0.2155 -0.1565 0.9639
vn 0.2073 0.7424 -0.6371
vn -0.6447 -0.2694 -0.7154
vn -0.1012 -0.9150 -0.3906
vn -0.6974 -0.7142 -0.0593
vn 0.2701 0.9582 0.0944
vn -0.1900 -0.0966 -0.9770
vn -0.1220 -0.0671 -0.9903
vn -0.0396 -0.0904 -0.9951
vn -0.1859 -0.0952 -0.9779
vn -0.4861 -0.5770 -0.6563
vn 0.4963 0.8435 -0.2054
vn -0.1023 0.0196 -0.9946
vn -0.0013 -0.0042 -1.0000
vn 0.0094 0.0177 -0.9998
vn -0.4955 0.5091 0.7038
vn 0.1525 0.7803 0.6065
vn 0.1336 0.7110 0.6904
vn -0.0129 -0.9850 -0.1722
vn -0.3226 -0.9452 0.0509
vn -0.6543 0.4095 0.6357
vn -0.9838 -0.1682 0.0620
vn -0.3500 -0.6580 0.6668
vn 0.6186 0.5852 -0.5242
vn -0.2973 -0.6609 -0.6891
vn -0.9730 -0.1297 0.1909
vn -0.6019 -0.7208 -0.3437
vn -0.5932 -0.2252 0.7729
vn -0.7891 -0.6119 0.0548
vn -0.1367 -0.0809 -0.9873
vn -0.4172 0.5275 0.7401
vn 0.0044 0.1134 -0.9935
vn -0.2826 0.4137 -0.8655
vn 0.0541 0.0051 -0.9985
vn -0.2123 0.6262 -0.7502
vn -0.1569 -0.0077 -0.9876
vn -0.7016 -0.7126 -0.0058
vn 0.9485 0.3127 -0.0497
vn 0.3712 -0.1126 -0.9217
vn 0.3785 -0.8114 0.4455
vn -0.8362 0.5479 0.0224
vn -0.4998 0.8657 0.0268
vn -0.3012 0.7275 -0.6165
vn -0.5254 0.7845 -0.3294
vn -0.5497 -0.1572 0.8204
vn -0.0555 -0.0180 0.9983
vn 0.8539 -0.4962 0.1570
vn 0.7160 0.6841 0.1390
vn -0.4439 -0.8878 0.1217
vn -0.1278 -0.4316 0.8930
vn -0.4654 0.8841 -0.0414
vn -0.1549 0.5833 0.7973
vn -0.3871 0.4835 0.7851
vn -0.6696 -0.7291 -0.1414
vn 0.4316 0.3680 -0.8236
vn 0.2570 0.7179 -0.6470
vn 0.1607 0.9866 -0.0270
vn 0.0036 0.9951 0.0985
vn -0.0316 -0.0127 -0.9994
vn -0.5717 -0.7859 -0.2356
vn 0.0123 -0.5316 -0.8469
vn -0.4066 -0.3245 0.8540
vn 0.4144 0.9092 0.0403
vn -0.3726 -0.1804 0.9103
vn -0.2161 0.8180 -0.5331
vn 0.0104 0.9989 0.0458
vn -0.0111 0.9999 0.0002
vn 0.4719 -0.0502 -0.8802
vn -0.3165 0.7730 -0.5499
vn 0.5157 -0.2545 -0.8181
vn -0.3354 -0.9415 -0.0335
vn -0.9738 -0.1661 -0.1554
vn -0.0454 0.0650 -0.9969
vn 0.0354 -0.0205 -0.9992
vn -0.0077 -0.1861 -0.9825
vn 0.1050 0.0858 -0.9908
vn -0.0002 -1.0000 0.0014
vn -0.5288 -0.6129 0.5871
vn -0.8517 -0.4262 -0.3048
vn 0.0472 -0.4925 -0.8691
vn -0.0262 0.0570 -0.9980
vn 0.2806 0.8774 -0.3891
vn -0.1035 0.9281 -0.3577
vn 0.4500 -0.5898 -0.6705
vn -0.0128 -0.0062 0.9999
vn 0.0327 -0.9236 -0.3819
vn 0.4369 -0.4975 0.7494
vn 0.2130 -0.3760 0.9018
vn -0.5552 0.8316 -0.0117
vn -0.4302 0.9016 0.0453
vn -0.3283 0.5946 -0.7340
vn -0.0918 0.7358 -0.6709
vn -0.3139 0.3142 0.8959
vn 0.2981 0.8193 -0.4897
vn 0.1943 0.3796 -0.9045
vn 0.0643 0.0691 -0.9955
vn 0.2268 0.3570 0.9062
vn -0.1819 0.9600 -0.2131
vn 0.1116 0.5304 0.8403
vn -0.1988 0.3910 -0.8987
vn -0.0954 0.3792 -0.9204
vn -0.7013 0.3021 -0.6457
vn -0.9163 0.2916 0.2746
vn -0.2921 0.9432 0.1585
vn -0.7731 0.6311 0.0631
vn -0.3035 0.7477 0.5906
vn 0.4825 0.5146 -0.7087
vn 0.1144 -0.0561 0.9918
vn -0.6624 0.6624 0.3500
vn -0.0524 -0.1635 0.9851
vn -0.9216 -0.2769 0.2719
vn 0.0327 0.0056 0.9995
vn -0.0123 -0.0076 0.9999
vn 0.0655 0.1614 0.9847
vn -0.3129 0.7139 -0.6264
vn -0.0952 0.8575 -0.5055
vn -0.9375 0.1534 -0.3124
vn -0.0910 -0.0303 0.9954
vn -0.1166 0.9564 0.2676
vn -0.3266 0.5028 -0.8003
vn -0.2710 0.7352 0.6214
vn 0.1348 0.9279 0.3475
vn -0.1547 0.5440 0.8247
vn -0.7392 0.6707 0.0610
vn -0.0345 0.9898 -0.1385
vn -0.6703 0.0069 -0.7421
vn -0.5102 -0.6522 0.5607
vn 0.4784 0.8780 0.0169
vn -0.6015 -0.4500 0.6601
vn -0.1748 -0.4093 0.8955
vn -0.5736 -0.8191 -0.0084
vn -0.2858 -0.2774 0.9173
vn -0.3133 -0.1962 0.9292
vn -0.0588 -0.0329 0.9977
vn 0.0035 0.1421 -0.9898
vn 0.0126 0.9868 -0.1616
vn 0.0534 0.0233 -0.9983
vn -0.0006 1.0000 0.0078
vn 0.0010 0.9989 -0.0466
vn 0.1535 -0.8150 0.5588
vn -0.9255 0.2814 -0.2534
vn -0.9423 0.2687 0.1999
vn -0.9942 -0.0703 0.0815
vn 0.1192 -0.9904 -0.0696
vn 0.1223 -0.9579 -0.2597
vn 0.4529 0.6575 -0.6021
vn -0.9505 0.0841 0.2991
vn 0.8191 0.5567 -0.1384
vn 0.0377 -0.2719 0.9616
vn 0.6737 0.0955 0.7328
vn 0.7924 -0.0630 -0.6067
vn 0.2280 0.5613 -0.7956
vn -0.0158 -0.9013 -0.4328
vn 0.1505 0.3521 0.9238
vn -0.7249 -0.5293 -0.4408
vn 0.1412 0.1164 -0.9831
vn -0.0623 0.1888 0.9800
vn -0.5097 0.1554 0.8462
vn 0.0785 0.0593 -0.9951
vn 0.2983 0.5363 -0.7895
vn 0.0270 0.0203 -0.9994
vn -0.4320 0.7246 0.5370
vn -0.9095 -0.3374 0.2430
vn 0.3088 -0.9323 0.1883
vn -0.5364 -0.4212 -0.7313
vn -0.7845 -0.2465 -0.5691
vn -0.7699 -0.3562 -0.5294
vn -0.8118 -0.3210 0.4879
vn 0.5302 -0.0007 0.8479
vn -0.2541 0.7032 -0.6640
vn -0.6568 -0.3676 0.6584
vn -0.2481 0.6385 -0.7286
vn -0.9213 -0.3655 0.1324
vn -0.5485 -0.3653 -0.7521
vn -0.9783 -0.1884 -0.0861
vn 0.0929 -0.4345 -0.8959
vn -0.7422 -0.2258 -0.6310
vn -0.8334 -0.5049 0.2247
vn -0.8595 0.4179 0.2944
vn 0.0032 0.0266 -0.9996
vn 0.0443 -0.0169 0.9989
vn 0.0837 -0.0831 0.9930
vn 0.1610 -0.6216 0.7666
vn -0.0325 -0.0141 0.9994
vn -0.4239 0.6608 0.6194
vn 0.2880 -0.1179 -0.9503
vn -0.1932 -0.0538 -0.9797
vn -0.0258 0.0364 -0.9990
vn -0.0131 -0.1959 -0.9805
vn -0.0295 -0.6435 0.7649
vn -0.0708 -0.4214 0.9041
vn -0.0245 -0.0147 -0.9996
vn 0.5572 0.8304 -0.0038
vn 0.0942 0.9404 -0.3266
vn -0.9818 -0.1889 0.0220
vn -0.9860 -0.1293 -0.1048
vn 0.1882 0.3609 -0.9134
vn -0.1254 0.0838 0.9886
vn -0.2329 -0.7075 -0.6672
vn -0.7452 0.6638 0.0633
vn -0.7464 0.6650 -0.0243
vn -0.0556 -0.3880 0.9200
vn -0.3780 0.9258 -0.0071
vn -0.6586 0.7513 0.0434
vn -0.3482 0.9342 -0.0781
vn -0.5759 0.8175 0.0077
vn -0.7286 0.6806 -0.0773
vn -0.8738 0.4858 0.0226
vn -0.2542 -0.1477 -0.9558
vn -0.1312 0.0855 -0.9877
vn -0.1095 0.6816 0.7235
vn -0.4125 -0.1476 0.8989
vn 0.3198 0.5909 -0.7406
vn -0.4831 -0.6054 -0.6325
vn -0.2726 0.6296 0.7275
vn -0.1681 -0.0588 -0.9840
vn 0.0928 -0.6676 -0.7387
vn -0.4971 -0.3710 0.7844
vn -0.7646 -0.5124 0.3910
vn -0.0336 0.0271 0.9991
vn 0.1390 -0.0378 0.9896
vn 0.0485 0.9986 0.0229
vn -0.9990 -0.0092 0.0431
vn -0.8957 -0.0061 -0.4446
vn -0.9863 -0.0053 0.1651
vn -0.8719 -0.0210 -0.4892
vn -0.9459 0.2778 -0.1673
vn 0.2703 -0.9570 0.1050
vn 0.2501 0.1618 0.9546
vn -0.3050 -0.0829 0.9487
vn -0.4985 0.2117 0.8406
vn -0.4415 -0.0113 0.8972
vn -0.0604 -0.9808 -0.1854
vn -0.3058 -0.3272 -0.8941
vn -0.6251 -0.7803 -0.0169
vn -0.5577 -0.8298 -0.0225
vn -0.3654 0.8910 0.2696
vn -0.3929 0.6192 -0.6799
vn 0.6721 0.3543 -0.6503
vn -0.0433 0.7943 0.6060
vn -0.1822 0.0530 0.9818
vn -0.0134 -0.0629 0.9979
vn -0.5444 -0.1370 0.8276
vn 0.5017 0.8030 -0.3218
vn -0.4315 0.7126 -0.5532
vn 0.2984 0.3672 -0.8810
vn -0.0994 -0.7577 0.6450
vn -0.4116 -0.0664 0.9089
vn -0.3544 0.8096 0.4680
vn 0.4335 0.1993 0.8788
vn 0.0065 -0.0159 0.9999
vn -0.9290 -0.0050 0.3699
vn -0.9665 0.2567 -0.0060
vn -0.1386 0.0292 0.9899
vn 0.2933 0.4413 0.8481
vn -0.0048 0.5297 -0.8482
vn -0.1487 0.3442 0.9271
vn 0.0539 0.0110 0.9985
vn 0.0863 -0.0600 0.9945
vn 0.0408 0.0031 0.9992
vn -0.4459 0.1281 0.8858
vn -0.8454 0.4966 -0.1967
vn -0.5079 0.0331 -0.8608
vn -0.8652 0.4950 -0.0807
vn -0.4107 0.1065 0.9055
vn -0.9593 -0.2799 -0.0363
vn -0.6091 -0.1397 -0.7807
vn 0.1559 -0.0157 0.9877
vn 0.1886 0.0072 0.9820
vn 0.0605 -0.0011 0.9982
vn -0.9409 0.3381 -0.0173
vn -0.1047 0.4038 -0.9088
vn -0.8081 0.0553 -0.5865
vn -0.7002 0.0562 -0.7118
vn -0.6221 -0.4776 -0.6204
vn -0.8242 0.4610 0.3290
vn -0.0066 0.0516 0.9986
vn -0.6708 0.2206 0.7081
vn -0.1599 0.1104 -0.9809
vn -0.5938 -0.1052 0.7977
vn -0.6070 0.2883 0.7406
vn 0.3637 -0.7238 -0.5864
vn -0.2397 -0.1740 -0.9551
vn -0.7687 -0.6041 -0.2102
vn 0.0958 -0.0107 -0.9953
vn -0.5764 -0.5990 0.5559
vn -0.5435 -0.6126 -0.5739
vn 0.7236 0.6802 0.1172
vn -0.4889 -0.4501 -0.7472
vn -0.9464 -0.1768 -0.2703
vn -0.2928 0.1820 0.9387
vn 0.0037 0.6683 -0.7438
vn 0.3126 0.2164 0.9249
vn -0.4082 0.4697 -0.7828
vn 0.4688 0.4914 -0.7340
vn -0.9995 0.0320 0.0068
vn -0.9228 0.3785 -0.0722
vn 0.1381 -0.7544 0.6417
vn 0.3677 -0.6666 0.6484
vn -0.9499 0.3123 0.0064
vn -0.2422 0.3521 -0.9041
vn -0.3850 0.0075 0.9229
vn -0.4154 0.4601 0.7847
vn -0.8358 0.5486 -0.0216
vn -0.4098 0.9069 0.0974
vn -0.7422 0.0236 0.6697
vn -0.8486 -0.0909 -0.5212
vn -0.6493 0.2278 -0.7256
vn -0.1195 0.9928 0.0003
vn 0.1194 -0.9926 -0.0200
vn 0.3214 -0.8965 -0.3050
vn -0.0295 -0.0052 -0.9996
vn -0.0493 -0.0057 -0.9988
vn 0.5536 0.5107 0.6579
vn -0.0445 0.0370 -0.9983
vn -0.2259 0.0250 -0.9738
vn -0.5943 0.0399 -0.8032
vn -0.0059 0.0517 0.9986
vn -0.6356 0.1684 0.7535
vn -0.2721 0.3051 0.9126
vn 0.4074 0.6972 0.5898
vn 0.2319 -0.9059 -0.3542
vn -0.7714 -0.1840 0.6092
vn -0.3326 0.2926 0.8965
vn 0.0451 0.0105 -0.9989
vn -0.0566 0.3062 0.9503
vn 0.2570 0.1880 0.9480
vn -0.7467 0.4151 -0.5198
vn -0.0526 0.2356 -0.9704
vn -0.1142 0.0525 0.9921
vn -0.0947 0.1092 0.9895
vn -0.3233 0.9446 0.0575
vn -0.3891 -0.6779 0.6237
vn -0.1486 0.9869 0.0620
vn 0.0938 -0.5365 -0.8387
vn -0.1681 0.0887 -0.9818
vn -0.1714 0.0222 -0.9850
vn -0.1240 0.2522 0.9597
vn -0.8824 -0.3365 0.3290
vn -0.0389 0.9919 0.1210
vn 0.0805 0.4935 -0.8660
vn -0.0035 0.9947 -0.1025
vn -0.1227 -0.0143 0.9923
vn 0.3143 0.3134 -0.8961
vn -0.9000 0.4335 -0.0459
vn -0.9699 0.2387 -0.0480
vn -0.8253 0.3326 -0.4564
vn -0.1630 0.0915 -0.9824
vn -0.9969 0.0603 -0.0515
vn -0.0112 0.9999 -0.0101
vn 0.5565 -0.8307 -0.0132
vn 0.0915 0.9887 0.1187
vn -0.2588 0.9657 0.0205
vn -0.1990 0.9594 0.1997
vn -0.9933 0.0754 0.0871
vn -0.8268 0.4483 0.3398
vn -0.1930 -0.0472 0.9801
vn 0.6837 0.7014 0.2016
vn -0.0138 0.9911 0.1324
vn -0.0164 0.9982 -0.0578
vn -0.0230 0.9952 -0.0951
vn 0.1225 -0.8028 0.5835
vn -0.1159 0.0482 -0.9921
vn -0.4007 -0.5381 -0.7416
vn -0.0876 0.0569 -0.9945
vn -0.2671 0.3638 -0.8924
vn -0.2936 0.3590 -0.8860
vn -0.8219 -0.5134 -0.2467
vn -0.2172 -0.6275 0.7477
vn 0.4892 -0.8716 0.0305
vn 0.7032 0.7110 0.0033
vn -0.0927 -0.1082 0.9898
vn -0.0340 -0.0409 0.9986
vn -0.1311 0.0273 -0.9910
vn -0.1900 -0.8374 -0.5125
vn -0.5763 -0.1612 -0.8012
vn 0.0185 0.0821 0.9964
vn 0.4763 0.4304 0.7668
vn 0.7651 0.6436 0.0216
vn 0.3558 0.7849 0.5073
vn 0.3768 -0.9102 -0.1718
vn 0.5052 0.7901 -0.3472
vn -0.4291 -0.3781 -0.8203
vn 0.1082 0.7861 0.6086
vn 0.0427 0.9821 0.1835
vn -0.4259 0.7348 0.5280
vn 0.1453 0.9884 -0.0446
vn 0.3489 -0.4333 0.8310
vn 0.5753 -0.1321 0.8072
vn 0.0030 0.3059 -0.9521
vn -0.1735 0.0981 -0.9799
vn -0.5977 -0.5837 -0.5496
vn -0.0119 -0.1533 -0.9881
vn -0.1001 0.0387 0.9942
vn -0.3613 0.4978 -0.7885
vn -0.0194 -0.7040 0.7099
vn -0.7464 -0.2197 -0.6281
vn -0.9177 -0.0180 -0.3970
vn -0.6341 -0.5660 -0.5268
vn -0.0380 0.0443 -0.9983
vn -0.1816 0.0064 0.9833
vn -0.2099 0.0356 0.9771
vn -0.7002 0.1073 0.7059
vn 0.0944 0.9937 -0.0611
vn 0.0301 0.9978 -0.0590
vn -0.3880 0.4098 -0.8255
vn 0.0125 -0.0846 -0.9963
vn -0.0471 0.0401 0.9981
vn -0.0785 0.9144 -0.3972
vn -0.0726 -0.0378 -0.9966
vn -0.7732 -0.0461 0.6325
vn -0.8517 0.2399 0.4660
vn 0.6250 0.0793 0.7766
vn 0.5894 -0.1741 0.7889
vn 0.2686 0.0102 0.9632
vn 0.2237 -0.1228 -0.9669
vn -0.4452 0.7144 0.5399
vn -0.3294 0.4554 0.8271
vn -0.0597 0.0684 -0.9959
vn 0.2663 -0.0843 0.9602
vn 0.2376 -0.0269 0.9710
vn -0.1701 -0.6264 0.7607
vn -0.5601 0.8269 -0.0493
vn -0.0665 0.0169 -0.9976
vn -0.5144 -0.0889 -0.8529
vn -0.4426 -0.3533 0.8242
vn -0.7197 -0.3984 0.5686
vn -0.1784 -0.0604 -0.9821
vn -0.1676 0.0131 -0.9858
vn -0.8135 -0.4632 0.3517
vn -0.0160 0.0228 0.9996
vn -0.1763 0.8774 0.4462
vn -0.1594 -0.2508 0.9548
vn -0.2924 0.6271 0.7220
vn 0.3662 -0.6828 -0.6322
vn 0.0620 -0.6298 0.7743
vn -0.6118 0.1312 -0.7800
vn 0.5218 -0.8516 -0.0495
vn -0.1988 -0.3871 0.9003
vn 0.3127 -0.3241 -0.8928
vn -0.2772 -0.1181 -0.9535
vn -0.3036 0.7842 -0.5412
vn -0.0615 0.0156 -0.9980
vn 0.2331 -0.3281 -0.9154
vn -0.2211 0.3292 0.9180
vn -0.4522 0.0720 0.8890
vn -0.0598 -0.0454 -0.9972
vn -0.2913 0.2546 -0.9221
vn -0.2570 0.0152 0.9663
vn -0.6494 -0.3736 -0.6623
vn -0.4821 -0.7144 -0.5072
vn -0.0556 0.0534 -0.9970
vn -0.7326 -0.2488 0.6335
vn 0.6282 0.7593 0.1699
vn -0.4630 -0.1385 0.8754
vn -0.1081 0.9941 0.0107
vn -0.3072 0.3608 -0.8806
vn -0.1734 0.9773 0.1220
vn -0.2019 0.9778 -0.0553
vn -0.5282 0.8442 -0.0917
vn -0.2231 0.9739 -0.0421
vn -0.6041 0.4561 0.6535
vn -0.4147 -0.2009 0.8875
vn -0.0165 -0.9963 0.0849
vn -0.4479 0.8426 -0.2991
vn -0.2295 0.9651 -0.1258
vn -0.0187 0.9998 0.0036
vn -0.3064 0.9518 -0.0115
vn 0.6378 0.4442 -0.6292
vn -0.6161 0.2466 -0.7481
vn 0.0088 -0.0191 -0.9998
vn -0.6280 -0.4844 -0.6091
vn 0.0760 -0.9955 0.0571
vn -0.1149 -0.5124 -0.8510
vn -0.8461 0.4827 0.2262
vn -0.0861 0.1650 -0.9825
vn -0.2170 0.4265 -0.8781
vn 0.4861 0.8737 -0.0156
vn 0.0901 0.8056 0.5856
vn -0.4160 0.5481 -0.7256
vn -0.0184 0.0297 0.9994
vn 0.0737 0.0422 0.9964
vn -0.4437 0.6487 0.6183
vn 0.7667 -0.0613 -0.6391
vn -0.7439 0.6616 0.0947
vn 0.2326 -0.1233 -0.9647
vn 0.3084 -0.0016 -0.9513
vn 0.8088 -0.2703 -0.5223
vn 0.7075 -0.7047 -0.0541
vn 0.0784 0.0041 -0.9969
vn -0.3721 0.9100 -0.1830
vn -0.4235 0.9038 -0.0617
vn -0.3394 0.9390 0.0564
vn 0.2609 0.3899 -0.8831
vn 0.2082 -0.0382 -0.9773
vn -0.0632 0.9976 0.0274
vn 0.0180 -0.7981 -0.6023
vn -0.2074 -0.0019 0.9783
vn 0.2020 -0.0955 0.9747
vn 0.4849 -0.5115 0.7094
vn -0.7033 0.5266 -0.4775
vn -0.1525 -0.1902 -0.9698
vn -0.6472 -0.3336 -0.6854
vn -0.4629 -0.5603 -0.6869
vn 0.3572 0.5445 0.7589
vn -0.4359 0.8997 -0.0237
vn 0.0401 0.0001 0.9992
vn 0.2481 -0.0457 0.9677
vn 0.3565 0.0518 0.9329
vn 0.7257 0.0368 0.6870
vn 0.4043 -0.8815 0.2440
vn -0.6059 0.7936 0.0557
vn -0.0120 -0.0018 -0.9999
vn 0.6722 -0.7269 -0.1407
vn -0.4264 -0.8753 -0.2279
vn 0.4849 -0.1521 0.8613
vn 0.9276 -0.1260 0.3516
vn 0.6073 -0.0968 0.7885
vn 0.1103 0.0736 0.9912
vn -0.8999 -0.0586 0.4321
vn 0.1046 0.9945 -0.0100
vn 0.7396 -0.2898 0.6075
vn -0.2702 0.6801 -0.6815
vn -0.4527 -0.7767 -0.4380
vn 0.0511 -0.0894 -0.9947
vn -0.0576 -0.0793 -0.9952
vn 0.0637 0.9980 0.0047
vn -0.4691 -0.0256 0.8828
vn -0.8059 -0.0405 0.5906
vn -0.0503 0.4163 -0.9078
vn -0.7130 -0.0464 -0.6996
vn -0.6984 0.7125 0.0675
vn -0.5153 0.2531 -0.8188
vn -0.5306 -0.3758 -0.7598
vn -0.6011 -0.0999 -0.7929
vn -0.7863 -0.3602 -0.5019
vn -0.9258 0.2992 0.2308
vn -0.0004 -0.0092 -1.0000
vn 0.3503 0.0220 -0.9364
vn -0.0429 -0.2605 -0.9645
vn 0.0274 -0.8416 0.5395
vn -0.1542 -0.6788 0.7179
vn -0.5039 -0.8633 -0.0292
vn -0.8145 0.3124 0.4888
vn -0.9449 -0.2811 0.1678
vn -0.0844 -0.0724 0.9938
vn -0.2440 -0.0461 0.9687
vn -0.7658 -0.2382 0.5973
vn -0.5000 -0.0613 0.8639
vn -0.4784 -0.0515 0.8766
vn -0.3801 0.8907 0.2493
vn -0.7653 0.4260 -0.4826
vn 0.0753 0.1002 0.9921
vn -0.4604 0.2856 0.8405
vn -0.3054 -0.1089 -0.9460
vn 0.3342 0.2907 -0.8965
vn -0.1761 -0.0276 -0.9840
vn -0.5661 0.0487 -0.8229
vn -0.8232 0.0021 0.5677
vn 0.3027 -0.0513 -0.9517
vn -0.0818 -0.1667 0.9826
vn -0.7472 -0.1347 -0.6508
vn -0.8159 -0.3536 0.4575
vn -0.4044 0.0382 0.9138
vn -0.7976 -0.4980 0.3402
vn -0.1291 0.2027 -0.9707
vn -0.1908 0.3619 -0.9125
vn -0.4914 -0.6592 -0.5692
vn -0.0035 0.0186 0.9998
vn -0.8276 0.5610 0.0177
vn -0.6029 -0.3088 -0.7357
vn -0.9570 0.2900 0.0035
vn 0.0145 -0.0100 -0.9998
vn -0.2752 -0.0031 0.9614
vn -0.7595 0.6499 0.0294
vn -0.9221 0.3660 0.1252
vn 0.9303 -0.0025 -0.3668
vn 0.5891 -0.1306 0.7974
vn 0.1011 -0.9561 -0.2751
vn -0.2695 0.1328 -0.9538
vn 0.0469 0.8594 -0.5092
vn -0.6228 0.0235 0.7821
vn -0.8220 -0.4917 0.2873
vn 0.5205 -0.1719 0.8364
vn 0.2100 -0.2350 0.9490
vn 0.1456 -0.0875 0.9855
vn -0.8151 -0.4507 -0.3639
vn -0.8818 -0.4712 0.0194
vn -0.3739 0.0062 -0.9275
vn -0.5015 0.7253 -0.4717
vn 0.3266 -0.0449 0.9441
vn 0.2839 0.1107 0.9524
vn -0.4304 0.4141 -0.8020
vn 0.9604 0.0008 0.2787
vn -0.3218 -0.0030 0.9468
vn 0.9568 -0.0116 0.2904
vn -0.9630 0.1439 -0.2278
vn -0.7881 0.6112 0.0731
vn -0.3649 -0.7654 -0.5301
vn -0.4116 0.3575 -0.8383
vn -0.8535 0.4992 0.1497
vn -0.4621 0.1724 -0.8699
vn -0.1970 -0.0491 -0.9792
vn 0.1227 0.0247 -0.9921
vn -0.1760 -0.1429 -0.9740
vn -0.4588 -0.1146 -0.8811
vn -0.8777 -0.2602 -0.4025
vn -0.1984 -0.6640 -0.7209
vn -0.9198 -0.3900 -0.0439
vn -0.5096 0.0362 -0.8597
vn -0.0906 0.1563 0.9836
vn -0.9522 0.1988 0.2318
vn -0.9195 -0.1543 -0.3615
vn -0.9278 0.3714 -0.0339
vn -0.5770 0.1822 0.7962
vn -0.9922 0.1094 0.0596
vn -0.4187 -0.0451 0.9070
vn -0.8379 -0.5061 -0.2047
vn -0.9524 0.0269 0.3037
vn 0.9093 -0.4156 -0.0194
vn 0.9813 -0.1592 0.1079
vn -0.7768 -0.6298 -0.0004
vn 0.9825 0.1857 0.0147
vn -0.5388 0.1819 -0.8225
vn -0.7443 0.6675 0.0209
vn -0.9737 0.0881 -0.2102
vn -0.7639 -0.2832 0.5799
vn -0.8707 -0.4896 0.0465
vn 0.0059 -0.9988 -0.0484
vn 0.9690 -0.0190 0.2461
vn 0.9806 0.1825 -0.0713
vn 0.3566 -0.0657 0.9319
vn 0.3576 0.1576 -0.9205
vn 0.1407 0.0695 -0.9876
vn -0.4179 -0.1341 -0.8985
vn 0.9980 0.0617 0.0098
vn -0.5803 0.1357 -0.8030
vn -0.9123 0.4019 -0.0794
vn -0.8765 0.4768 0.0665
vn -0.9957 0.0924 0.0069
vn -0.7591 0.6312 0.1594
vn -0.9482 0.0017 0.3178
vn -0.5753 -0.0181 0.8177
vn -0.9124 0.0402 0.4073
vn -0.9546 -0.0244 0.2968
vn 0.9475 -0.1978 -0.2513
vn 0.9958 0.0372 -0.0835
vn -0.1665 0.0507 -0.9847
vn -0.5090 0.0039 -0.8608
vn -0.8408 0.3077 0.4454
vn -0.9802 -0.1424 -0.1373
vn 0.8091 -0.0275 0.5870
vn -0.9805 -0.1656 -0.1056
vn 0.9925 -0.0680 0.1011
vn -0.0034 -0.9997 -0.0227
vn -0.0535 -0.9981 0.0292
vn 0.5127 -0.5365 -0.6703
vn 0.9856 0.1449 -0.0867
vn 0.9995 0.0192 0.0260
vn -0.9897 -0.0566 0.1312
vn 0.9451 -0.2477 -0.2130
vn -0.8583 -0.0601 0.5097
vn -0.7938 0.0982 0.6002
vn -0.9965 0.0010 0.0838
vn -0.9972 0.0174 0.0734
vn -0.9958 -0.0143 0.0900
vn -0.9857 -0.1036 -0.1330
vn -0.9953 -0.0746 -0.0618
vn -0.9833 -0.1804 0.0255
vn 0.0587 0.0239 -0.9980
vn -0.9910 -0.1322 0.0193
vn -0.9950 -0.0994 -0.0096
vn -0.9959 -0.0826 0.0373
vn -0.0827 0.0071 -0.9965
vn -0.9964 -0.0678 0.0512
vn -0.8081 0.0080 -0.5891
vn -0.9883 0.1496 -0.0302
vn -0.5098 -0.0063 -0.8603
vn -0.5802 -0.0894 -0.8096
vn -0.9877 -0.1453 -0.0571
vn -0.9905 -0.0177 0.1361
vn 0.0521 -0.4146 -0.9085
vn -0.9895 0.1353 -0.0516
vn -0.4892 0.0554 -0.8704
vn -0.9898 0.0310 0.1393
vn -0.6990 -0.2884 -0.6544
vn -0.9913 -0.0520 -0.1205
vn -0.9389 -0.0363 -0.3422
vn -0.9348 -0.0440 -0.3525
vn -0.9934 -0.1017 -0.0532
vn -0.9982 -0.0567 -0.0191
vn -0.9987 0.0485 0.0155
vn -0.9710 0.0087 0.2389
vn -0.9981 0.0268 0.0560
vn -0.9910 0.1313 0.0275
vn -0.9613 0.0189 -0.2748
vn -0.9995 -0.0019 -0.0329
vn -0.9506 0.2822 0.1292
vn -0.7241 0.5474 -0.4195
vn -0.9996 0.0269 0.0121
vn -0.9845 0.0951 -0.1472
vn -0.9999 -0.0135 0.0026
vn -0.9955 0.0774 -0.0549
vn -0.9655 -0.0266 0.2590
vn -0.3630 -0.3582 -0.8602
vn -0.9772 0.0052 -0.2122
vn -0.1473 -0.0421 0.9882
vn -0.7091 -0.2695 0.6515
vn -0.6761 -0.3702 -0.6370
vn -0.6508 0.0124 0.7591
vn -0.1091 -0.0777 -0.9910
vn -0.9836 -0.0166 -0.1797
vn -0.9626 0.0649 -0.2632
vn 0.0864 -0.0826 0.9928
vn -0.9915 -0.0127 -0.1292
vn -0.9972 -0.0679 -0.0314
vn -0.9973 0.0164 -0.0721
vn -0.9999 -0.0104 -0.0027
vn -0.9994 0.0057 -0.0331
vn -0.9988 0.0248 0.0428
vn -0.9969 -0.0214 0.0759
vn -0.9973 -0.0050 0.0728
vn -0.9970 -0.0225 -0.0738
vn -0.9873 0.0763 0.1391
vn -0.0243 -0.0266 -0.9994
vn -0.0278 0.0050 -0.9996
vn -1.0000 0.0062 0.0056
vn -0.9662 0.1494 -0.2100
vn -0.9920 0.0331 0.1222
vn -0.9988 0.0036 0.0485
vn -0.9995 -0.0094 0.0307
vn -0.9801 0.0679 -0.1867
vn -0.9993 -0.0331 -0.0195
vn -0.9993 0.0006 0.0384
vn -0.9962 -0.0386 0.0784
vn -0.9846 -0.0548 -0.1663
vn -0.9908 -0.0490 0.1262
vn -0.8005 -0.0991 0.5912
vn -0.9970 -0.0582 0.0519
vn -0.9685 -0.2491 0.0047
vn -0.9997 -0.0187 0.0186
vn -0.9996 0.0033 0.0285
vn -0.9981 -0.0202 -0.0578
vn -0.9973 -0.0112 0.0724
vn -0.9905 -0.0135 -0.1369
vn -0.8831 -0.2691 -0.3844
vn -0.0172 0.0737 -0.9971
vn -0.9892 -0.0389 0.1416
vn -0.9996 0.0295 -0.0032
vn -0.9881 0.1524 0.0231
vn -0.9354 -0.0306 0.3522
vn -0.9853 -0.0694 0.1562
vn -0.9964 0.0564 -0.0635
vn -0.9621 0.0032 -0.2726
vn 0.4446 -0.0697 -0.8930
vn -0.9753 0.1211 0.1849
vn -0.9871 0.1178 0.1086
vn -1.0000 0.0018 0.0041
vn -0.7269 0.1653 -0.6666
vn -0.9998 0.0088 -0.0197
vn -0.9999 -0.0052 0.0091
vn -0.8854 -0.2645 -0.3822
vn -0.6108 0.0283 0.7913
vn 0.0731 0.0207 0.9971
vn -0.8197 0.0173 0.5725
vn -0.9993 0.0386 -0.0028
vn -0.8748 -0.2509 -0.4144
vn -0.9851 0.1608 -0.0615
vn -0.9802 0.0647 0.1869
vn -0.9979 -0.0095 -0.0647
vn -0.9953 -0.0481 0.0836
vn -0.9668 -0.0645 0.2472
vn -0.9927 0.0106 -0.1200
vn -0.5843 -0.1608 -0.7954
vn -0.9993 -0.0319 0.0180
vn -0.9518 0.0121 -0.3064
vn -0.9979 -0.0072 0.0636
vn -0.8205 0.4753 0.3176
vn -0.9909 -0.0046 -0.1346
vn 0.0191 -0.6436 0.7651
vn 0.0424 -0.9959 0.0801
vn 0.5406 -0.8371 0.0839
vn 0.0170 -0.7490 0.6623
vn -0.0770 0.1505 0.9856
vn 0.0377 -0.0728 0.9966
vn -0.9911 -0.0554 -0.1208
vn -0.8189 -0.2399 -0.5214
vn -0.9324 -0.0047 -0.3613
vn 0.0981 -0.0431 -0.9942
vn -0.4787 0.0341 -0.8773
vn -0.9987 0.0432 0.0280
vn -0.3421 -0.0308 -0.9391
vn -0.5554 0.0188 0.8313
vn -0.2178 -0.0402 0.9752
vn -0.8778 0.0033 0.4790
vn -0.3569 0.0514 0.9327
vn -0.8727 -0.0356 0.4870
vn -0.9527 -0.1523 0.2632
vn -0.9332 0.1613 -0.3212
vn -0.9596 0.0163 0.2809
vn -0.7120 -0.0029 -0.7022
vn -0.0596 -0.0186 -0.9981
vn -0.0130 0.0242 0.9996
vn -0.9940 -0.0586 -0.0921
vn -0.1897 0.0354 -0.9812
vn -0.9956 -0.0098 -0.0933
vn -0.8628 -0.0915 -0.4971
vn -0.5596 -0.2417 -0.7928
vn -0.9030 -0.0312 0.4284
vn -0.6359 0.1798 -0.7505
vn -0.9772 -0.1752 -0.1202
vn -0.7819 0.0302 -0.6227
vn -0.1821 -0.0546 0.9818
vn -0.4455 0.4623 0.7667
vn -0.3237 0.7249 0.6080
vn -0.5806 -0.0751 0.8107
vn -0.1060 0.0952 0.9898
vn -0.0161 0.0150 0.9998
vn -0.3233 -0.0601 0.9444
vn -0.3348 0.0107 0.9422
vn 0.0926 0.0563 0.9941
vn -0.9917 0.0314 0.1248
vn -0.7129 -0.0086 0.7012
vn 0.3233 -0.0067 0.9463
vn -0.4853 0.0345 0.8737
vn -0.0558 -0.0080 -0.9984
vn -0.0875 -0.0005 0.9962
vn 0.0031 0.0134 -0.9999
vn -0.3345 0.0406 -0.9415
vn 0.0196 0.0070 -0.9998
vn -0.0120 -0.0089 -0.9999
vn -0.0779 -0.0242 -0.9967
vn 0.0637 -0.0286 -0.9976
vn 0.0346 -0.0120 -0.9993
vn 0.0204 0.0069 -0.9998
vn 0.0266 -0.1290 -0.9913
vn 0.0587 -0.0082 -0.9982
vn -0.2392 0.0662 -0.9687
vn -0.2274 -0.0273 -0.9734
vn -0.9352 -0.1811 0.3043
vn 0.0352 0.0291 -0.9990
vn -0.4158 0.3298 -0.8475
vn 0.7088 -0.0891 0.6998
vn 0.0541 0.0099 0.9985
vn -0.5551 0.2571 0.7910
vn -0.3052 -0.0340 0.9517
vn 0.0739 0.0695 -0.9948
vn 0.0642 -0.0966 0.9932
vn -0.0944 -0.0487 0.9943
vn 0.0466 0.0055 0.9989
vn 0.0251 0.0092 -0.9996
vn 0.0668 0.0047 -0.9978
vn 0.0379 -0.0040 -0.9993
vn 0.7714 0.1192 0.6251
vn 0.6772 -0.1548 0.7193
vn 0.7537 -0.1523 -0.6394
vn 0.0327 0.0352 -0.9988
vn -0.0373 0.0012 0.9993
vn 0.7469 0.1221 0.6537
vn 0.0398 0.0137 0.9991
vn 0.0089 -0.0017 -1.0000
vn 0.0185 0.0023 0.9998
vn 0.0309 -0.0180 0.9994
vn -0.0511 -0.0729 0.9960
vn 0.0175 -0.0017 0.9998
vn 0.6824 -0.1038 0.7235
vn 0.2590 -0.0300 0.9654
vn 0.0171 -0.0031 0.9998
vn -0.0675 0.1985 0.9778
vn 0.0965 -0.2275 0.9690
vn -0.0072 -0.0610 -0.9981
vn 0.1792 -0.0402 -0.9830
vn 0.3347 -0.3822 -0.8613
vn 0.5192 -0.0026 -0.8547
vn -0.3032 0.1760 -0.9365
vn 0.0598 -0.0120 -0.9981
vn 0.0813 -0.0275 -0.9963
vn -0.1021 -0.0173 0.9946
vn -0.0007 0.0066 -1.0000
vn 0.0209 -0.0048 -0.9998
vn 0.5700 -0.1713 0.8036
vn 0.0040 0.0984 0.9951
vn 0.0222 0.0123 -0.9997
vn 0.0044 -0.0917 -0.9958
vn 0.1536 -0.0662 -0.9859
vn 0.1208 0.0004 0.9927
vn 0.0299 0.1330 0.9907
vn 0.7279 -0.0476 0.6840
vn 0.1262 0.0537 0.9905
vn 0.4548 0.7934 -0.4046
vn 0.0598 0.0060 -0.9982
vn 0.0610 -0.0009 -0.9981
vn 0.0841 -0.0890 -0.9925
vn 0.0562 -0.0585 -0.9967
vn 0.0269 -0.0310 -0.9992
vn 0.8180 -0.1033 0.5658
vn 0.0614 -0.0965 0.9934
vn 0.0514 -0.0517 -0.9973
vn 0.1115 -0.0478 0.9926
vn 0.0224 0.0067 -0.9997
vn 0.0439 0.0117 0.9990
vn 0.2395 -0.0097 -0.9709
vn 0.0654 -0.0070 0.9978
vn 0.9619 -0.0602 0.2668
vn 0.0593 -0.1072 -0.9925
vn 0.0807 0.0047 -0.9967
vn 0.0408 0.0463 -0.9981
vn 0.0685 -0.0113 -0.9976
vn 0.0708 -0.1189 0.9904
vn 0.6359 0.0361 0.7710
vn 0.0350 0.0196 0.9992
vn 0.1022 0.0335 0.9942
vn 0.8212 0.1725 0.5440
vn 0.9666 0.2442 -0.0775
vn 0.9988 -0.0099 -0.0479
vn 0.6151 -0.0720 -0.7851
vn 0.6435 0.0015 0.7654
vn 0.9027 0.0031 -0.4303
vn 0.9983 -0.0080 0.0585
vn 0.6502 0.0032 0.7597
vn 0.9922 -0.1130 0.0519
vn 0.9986 0.0005 0.0520
vn 0.9999 0.0139 0.0073
vn 0.9995 0.0295 0.0104
vn 0.9995 0.0282 -0.0127
vn 0.9999 0.0138 -0.0085
vn 1.0000 0.0087 -0.0041
vn 1.0000 0.0002 0.0033
vn 0.9977 -0.0657 0.0180
vn 1.0000 -0.0001 -0.0008
vn 1.0000 0.0071 -0.0021
vn 0.9947 -0.0165 -0.1017
vn 1.0000 0.0004 0.0077
vn 0.9999 0.0043 0.0108
vn 1.0000 0.0020 0.0055
vn 1.0000 0.0018 0.0030
vn 1.0000 -0.0008 0.0048
vn 0.9998 0.0022 0.0202
vn 0.9999 -0.0104 0.0065
vn 0.9993 0.0166 0.0322
vn 0.9994 0.0184 -0.0278
vn 1.0000 -0.0029 0.0035
vn 0.9999 -0.0075 -0.0154
vn 1.0000 -0.0020 -0.0051
vn 0.9998 -0.0158 0.0074
vn 1.0000 -0.0046 0.0049
vn 0.9999 -0.0116 0.0068
vn 0.9999 -0.0120 0.0078
vn 0.9999 -0.0073 0.0069
vn 0.9988 -0.0140 -0.0474
vn 0.9999 -0.0012 -0.0116
vn 1.0000 -0.0037 0.0033
vn 0.9996 0.0115 -0.0266
vn 0.9999 0.0112 -0.0114
vn 1.0000 0.0059 0.0045
vn 0.9999 -0.0075 -0.0153
vn 1.0000 -0.0048 -0.0064
vn 1.0000 -0.0009 0.0024
vn 0.9976 -0.0670 -0.0176
vn 0.9999 -0.0100 0.0068
vn 0.9996 -0.0022 0.0290
vn 0.6247 -0.3685 -0.6884
vn 0.2573 0.0010 -0.9663
vn 0.6794 -0.1093 -0.7256
vn 1.0000 -0.0080 -0.0023
vn 0.9994 0.0306 0.0185
vn 1.0000 -0.0017 -0.0061
vn 1.0000 -0.0002 0.0041
vn 0.8336 -0.0011 -0.5524
vn 1.0000 -0.0025 0.0087
vn 1.0000 -0.0027 0.0028
vn 0.8199 0.3737 0.4338
vn 0.9990 0.0068 0.0447
vn 0.9841 -0.1310 -0.1199
vn 0.9004 -0.0083 -0.4351
vn 0.9999 -0.0096 -0.0073
vn 1.0000 -0.0026 -0.0064
vn 0.6858 -0.0043 -0.7278
vn 0.9992 0.0058 0.0392
vn 0.9986 -0.0028 -0.0524
vn 0.9864 0.0899 0.1380
vn 0.9999 -0.0034 0.0168
vn 1.0000 0.0046 0.0068
vn 0.9999 0.0142 0.0076
vn 0.9989 -0.0094 0.0469
vn 0.9760 0.2175 -0.0093
vn 1.0000 -0.0007 -0.0006
vn 0.9997 -0.0237 -0.0067
vn 1.0000 -0.0020 -0.0012
vn 0.9957 0.0584 0.0716
vn 0.9997 -0.0032 0.0242
vn 1.0000 -0.0045 0.0049
vn 1.0000 0.0018 -0.0072
vn 0.9997 -0.0072 -0.0228
vn 1.0000 -0.0009 0.0026
vn 0.7870 -0.0038 -0.6169
vn 1.0000 0.0023 -0.0015
vn 1.0000 0.0027 -0.0010
vn 0.9438 0.0049 -0.3304
vn 0.0358 0.0461 0.9983
vn 0.2186 0.0477 0.9746
vn -0.1314 0.5581 -0.8193
vn -0.4096 0.6971 -0.5884
vn -0.7354 0.4220 0.5302
vn 0.0621 0.5329 -0.8439
vn 0.1547 0.8255 0.5428
vn -0.0478 0.5775 -0.8150
vn -0.0480 0.2516 -0.9666
vn -0.6113 -0.1691 0.7731
vn 0.3054 -0.3694 0.8777
vn 0.0227 -0.0528 0.9983
vn 0.1774 0.1794 0.9676
vn 0.0427 0.0341 0.9985
vn 0.0025 0.0179 0.9998
vn 0.1072 0.1011 0.9891
vn 0.4782 0.6764 0.5602
vn -0.0716 0.0007 0.9974
vn -0.8803 0.4452 0.1640
vn 0.0649 0.9566 -0.2840
vt 0.415021 0.401446
vt 0.407365 0.403829
vt 0.402500 0.369312
vt 0.416504 0.398967
vt 0.849250 0.030828
vt 0.847412 0.030548
vt 0.850477 0.025309
vt 0.261225 0.045661
vt 0.264241 0.045955
vt 0.263789 0.049013
vt 0.750449 0.967738
vt 0.749934 0.969615
vt 0.749838 0.970730
vt 0.259263 0.043520
vt 0.260799 0.042728
vt 0.263809 0.043461
vt 0.960400 0.533020
vt 0.965786 0.530512
vt 0.961247 0.533636
vt 0.965750 0.450426
vt 0.964641 0.450526
vt 0.965749 0.449155
vt 0.968923 0.449327
vt 0.959996 0.539683
vt 0.960470 0.537302
vt 0.271792 0.003543
vt 0.271682 0.001236
vt 0.274430 0.005415
vt 0.272902 0.002538
vt 0.303990 0.066053
vt 0.308708 0.052573
vt 0.311885 0.052167
vt 0.195986 0.011828
vt 0.191541 0.016919
vt 0.193492 0.010196
vt 0.195720 0.010343
vt 0.973603 0.450336
vt 0.977523 0.449038
vt 0.483904 0.055316
vt 0.493259 0.052676
vt 0.484649 0.056407
vt 0.963122 0.541311
vt 0.481688 0.060745
vt 0.969332 0.531448
vt 0.851458 0.025838
vt 0.854064 0.024010
vt 0.196875 0.986117
vt 0.200867 0.986318
vt 0.200290 0.990633
vt 0.268309 0.008490
vt 0.258355 0.050325
vt 0.259843 0.051288
vt 0.927585 0.905014
vt 0.926121 0.904355
vt 0.925775 0.903451
vt 0.742746 0.971525
vt 0.924493 0.895553
vt 0.923445 0.902165
vt 0.920473 0.896882
vt 0.746004 0.977523
vt 0.529321 0.211635
vt 0.529939 0.209113
vt 0.530452 0.211649
vt 0.529860 0.213756
vt 0.970542 0.535593
vt 0.847924 0.023893
vt 0.202976 0.986191
vt 0.961592 0.536077
vt 0.968528 0.541200
vt 0.971021 0.548307
vt 0.933964 0.460216
vt 0.944122 0.462388
vt 0.950711 0.469624
vt 0.940320 0.457740
vt 0.942280 0.474468
vt 0.942515 0.473569
vt 0.945063 0.475813
vt 0.379024 0.419762
vt 0.375859 0.414545
vt 0.389753 0.413601
vt 0.205017 0.991831
vt 0.200299 0.993770
vt 0.207933 0.989584
vt 0.973773 0.546590
vt 0.491071 0.062956
vt 0.082814 0.009616
vt 0.092142 0.008381
vt 0.089592 0.014760
vt 0.078854 0.011769
vt 0.262659 0.050922
vt 0.079938 0.017772
vt 0.077770 0.016556
vt 0.083279 0.017355
vt 0.084725 0.023106
vt 0.273649 0.002379
vt 0.091636 0.011955
vt 0.190244 0.530400
vt 0.191408 0.531117
vt 0.184499 0.530070
vt 0.966273 0.444487
vt 0.267247 0.045193
vt 0.269173 0.048689
vt 0.095233 0.006460
vt 0.094106 0.009096
vt 0.087826 0.024941
vt 0.088255 0.021739
vt 0.088944 0.026014
vt 0.095645 0.007945
vt 0.844562 0.030132
vt 0.266075 0.043738
vt 0.276250 0.004487
vt 0.269238 0.051767
vt 0.300886 0.058999
vt 0.305779 0.052146
vt 0.270272 0.045945
vt 0.270686 0.046899
vt 0.075830 0.014595
vt 0.594216 0.132717
vt 0.587595 0.130259
vt 0.593720 0.130428
vt 0.190618 0.009097
vt 0.193609 0.008179
vt 0.962257 0.534393
vt 0.494025 0.055764
vt 0.584866 0.127952
vt 0.583132 0.124970
vt 0.594294 0.123225
vt 0.595615 0.116119
vt 0.588782 0.114075
vt 0.584483 0.115986
vt 0.955468 0.455972
vt 0.958857 0.453976
vt 0.954531 0.458165
vt 0.279064 0.004133
vt 0.278328 0.007885
vt 0.554331 0.114651
vt 0.570254 0.123565
vt 0.554032 0.122945
vt 0.569065 0.116486
vt 0.974308 0.439856
vt 0.979208 0.447458
vt 0.205754 0.985270
vt 0.555407 0.112587
vt 0.265758 0.052468
vt 0.951918 0.457162
vt 0.953455 0.458692
vt 0.950243 0.460454
vt 0.950720 0.457222
vt 0.077581 0.012325
vt 0.088013 0.018822
vt 0.221854 0.957499
vt 0.215024 0.957093
vt 0.208965 0.937337
vt 0.223334 0.957520
vt 0.979252 0.444787
vt 0.976193 0.542538
vt 0.838974 0.032358
vt 0.837111 0.031876
vt 0.837154 0.025440
vt 0.575300 0.116284
vt 0.572582 0.109686
vt 0.818583 0.999458
vt 0.815350 0.999572
vt 0.815314 0.995456
vt 0.819436 0.996040
vt 0.075811 0.011024
vt 0.557864 0.129145
vt 0.553394 0.129228
vt 0.551781 0.125379
vt 0.814668 0.998093
vt 0.814765 0.997367
vt 0.533696 0.218817
vt 0.300163 0.072161
vt 0.288188 0.069247
vt 0.180564 0.531448
vt 0.819393 0.999699
vt 0.190602 0.017122
vt 0.177441 0.011803
vt 0.843552 0.021951
vt 0.202474 0.958259
vt 0.199773 0.955045
vt 0.201617 0.953508
vt 0.280372 0.003332
vt 0.851537 0.019976
vt 0.853050 0.021122
vt 0.091540 0.013146
vt 0.192091 0.007144
vt 0.960441 0.451719
vt 0.958293 0.458663
vt 0.962852 0.450892
vt 0.963437 0.452576
vt 0.972637 0.535487
vt 0.566961 0.130004
vt 0.949360 0.455766
vt 0.948894 0.457782
vt 0.284168 0.003154
vt 0.283542 0.005454
vt 0.812659 0.997991
vt 0.820443 0.996452
vt 0.180905 0.015623
vt 0.187321 0.008212
vt 0.814020 0.993867
vt 0.646639 0.844337
vt 0.650846 0.843806
vt 0.653817 0.843291
vt 0.651110 0.848300
vt 0.278181 0.013881
vt 0.278211 0.020866
vt 0.583789 0.111505
vt 0.550496 0.957127
vt 0.550350 0.964928
vt 0.543685 0.957619
vt 0.546026 0.964611
vt 0.552081 0.108181
vt 0.558020 0.105941
vt 0.541715 0.959920
vt 0.542355 0.958728
vt 0.542869 0.964256
vt 0.295837 0.059408
vt 0.087165 0.912277
vt 0.081179 0.915198
vt 0.085146 0.910386
vt 0.085198 0.914856
vt 0.967788 0.439071
vt 0.963389 0.454477
vt 0.963017 0.455901
vt 0.576906 0.124403
vt 0.189570 0.005214
vt 0.953007 0.466842
vt 0.206976 0.992813
vt 0.846835 0.017928
vt 0.851403 0.016983
vt 0.552427 0.963170
vt 0.552316 0.958207
vt 0.280062 0.008667
vt 0.190800 0.004950
vt 0.542596 0.957380
vt 0.543294 0.965508
vt 0.210921 0.983844
vt 0.751594 0.980595
vt 0.751389 0.981407
vt 0.978024 0.442106
vt 0.207934 0.983198
vt 0.542624 0.955855
vt 0.947760 0.462765
vt 0.974338 0.537312
vt 0.219222 0.937817
vt 0.573966 0.129021
vt 0.571388 0.129530
vt 0.851681 0.018349
vt 0.974128 0.536359
vt 0.942661 0.485702
vt 0.962192 0.495159
vt 0.949642 0.492346
vt 0.840699 0.014987
vt 0.278972 0.010455
vt 0.991030 0.606127
vt 0.992662 0.608036
vt 0.989806 0.607845
vt 0.993562 0.614789
vt 0.989965 0.611826
vt 0.209713 0.958008
vt 0.202083 0.946833
vt 0.975728 0.541349
vt 0.975629 0.539069
vt 0.820436 0.991553
vt 0.551113 0.103758
vt 0.280572 0.009005
vt 0.814059 0.990994
vt 0.999056 0.605707
vt 0.998959 0.607035
vt 0.997027 0.607329
vt 0.849850 0.017444
vt 0.848486 0.015817
vt 0.997238 0.606011
vt 0.545072 0.969238
vt 0.279414 0.011605
vt 0.650138 0.841399
vt 0.647290 0.838124
vt 0.652291 0.841948
vt 0.580674 0.115971
vt 0.839481 0.020155
vt 0.848555 0.014015
vt 0.551838 0.966546
vt 0.991325 0.614723
vt 0.947369 0.458693
vt 0.967892 0.508885
vt 0.967066 0.508996
vt 0.968406 0.505157
vt 0.972029 0.508126
vt 0.967844 0.509707
vt 0.959886 0.462830
vt 0.970135 0.511636
vt 0.963233 0.458337
vt 0.550731 0.968646
vt 0.964362 0.506635
vt 0.179942 0.008549
vt 0.976692 0.439181
vt 0.979869 0.441645
vt 0.210000 0.982905
vt 0.374739 0.404625
vt 0.944004 0.458884
vt 0.998513 0.608464
vt 0.942162 0.457720
vt 0.221152 0.945009
vt 0.182996 0.007155
vt 0.959341 0.480021
vt 0.656469 0.850448
vt 0.810958 0.992216
vt 0.847812 0.013589
vt 0.905890 0.102423
vt 0.905921 0.104289
vt 0.874062 0.092771
vt 0.221403 0.990563
vt 0.567370 0.108056
vt 0.561850 0.106205
vt 0.580889 0.124659
vt 0.973202 0.512102
vt 0.970859 0.513557
vt 0.583235 0.126405
vt 0.963158 0.502419
vt 0.212850 0.968181
vt 0.213680 0.969149
vt 0.212725 0.970711
vt 0.946345 0.460715
vt 0.945446 0.457853
vt 0.991345 0.615717
vt 0.578651 0.126078
vt 0.833125 0.005772
vt 0.832589 0.005038
vt 0.838005 0.004896
vt 0.819667 0.989562
vt 0.905861 0.106506
vt 0.898634 0.103176
vt 0.658079 0.834720
vt 0.662416 0.841124
vt 0.655237 0.837084
vt 0.972928 0.518535
vt 0.838992 0.002209
vt 0.977778 0.502692
vt 0.844733 0.013749
vt 0.559549 0.105395
vt 0.983549 0.439979
vt 0.981507 0.436609
vt 0.986111 0.439482
vt 0.572676 0.108757
vt 0.543131 0.970886
vt 0.166043 0.273403
vt 0.160320 0.271642
vt 0.161901 0.270710
vt 0.657243 0.840141
vt 0.835572 0.012142
vt 0.832946 0.008111
vt 0.215836 0.976930
vt 0.211767 0.977563
vt 0.993080 0.610618
vt 0.833477 0.000024
vt 0.839016 0.000010
vt 0.976861 0.858055
vt 0.979379 0.855425
vt 0.980685 0.857959
vt 0.577308 0.107020
vt 0.975208 0.864319
vt 0.980832 0.861926
vt 0.980380 0.872418
vt 0.167038 0.266532
vt 0.171306 0.275561
vt 0.975642 0.873046
vt 0.175161 0.271328
vt 0.652524 0.836839
vt 0.083662 0.916670
vt 0.998975 0.612881
vt 0.998419 0.614048
vt 0.982151 0.873484
vt 0.976528 0.875200
vt 0.153706 0.277051
vt 0.152441 0.277777
vt 0.151300 0.275095
vt 0.659881 0.834653
vt 0.661105 0.838551
vt 0.156362 0.275308
vt 0.081394 0.925091
vt 0.080521 0.930549
vt 0.080118 0.924103
vt 0.961876 0.464057
vt 0.968218 0.500105
vt 0.975351 0.437113
vt 0.079776 0.936120
vt 0.079520 0.931198
vt 0.077256 0.941262
vt 0.076943 0.936723
vt 0.820217 0.990327
vt 0.974312 0.499722
vt 0.843785 0.010978
vt 0.834308 0.031532
vt 0.831137 0.029872
vt 0.828828 0.022304
vt 0.840623 0.005352
vt 0.081887 0.922277
vt 0.008841 0.696588
vt 0.009862 0.700777
vt 0.006042 0.695399
vt 0.286907 0.062481
vt 0.833114 0.012559
vt 0.983054 0.868086
vt 0.982219 0.863457
vt 0.969556 0.425434
vt 0.970243 0.499192
vt 0.841157 0.009074
vt 0.080281 0.912005
vt 0.010697 0.703347
vt 0.217371 0.980316
vt 0.976702 0.512909
vt 0.979596 0.506704
vt 0.021234 0.510197
vt 0.014265 0.502677
vt 0.020094 0.506347
vt 0.018928 0.507532
vt 0.982910 0.856833
vt 0.965851 0.458857
vt 0.542262 0.967886
vt 0.542321 0.966426
vt 0.357269 0.028008
vt 0.359605 0.024617
vt 0.360632 0.026207
vt 0.177377 0.528819
vt 0.171620 0.528495
vt 0.215332 0.972472
vt 0.075163 0.942085
vt 0.656218 0.844829
vt 0.659084 0.847424
vt 0.199123 0.953980
vt 0.198526 0.952428
vt 0.587891 0.102034
vt 0.822649 0.990569
vt 0.992910 0.616614
vt 0.971461 0.426289
vt 0.973250 0.429109
vt 0.291920 0.059767
vt 0.292799 0.058112
vt 0.833323 0.015355
vt 0.834800 0.014988
vt 0.003138 0.696406
vt 0.217406 0.991124
vt 0.214943 0.994066
vt 0.747579 0.985074
vt 0.745161 0.982174
vt 0.963991 0.463077
vt 0.395323 0.409986
vt 0.373931 0.378538
vt 0.008982 0.708542
vt 0.006680 0.704105
vt 0.226317 0.987891
vt 0.080742 0.918365
vt 0.163265 0.263279
vt 0.156245 0.267175
vt 0.068816 0.940398
vt 0.067827 0.938242
vt 0.069168 0.934747
vt 0.227482 0.990217
vt 0.962795 0.469821
vt 0.354302 0.029118
vt 0.347490 0.025585
vt 0.975632 0.514352
vt 0.811899 0.989833
vt 0.982559 0.516939
vt 0.983775 0.519914
vt 0.980660 0.516062
vt 0.352702 0.030751
vt 0.352295 0.032816
vt 0.343761 0.031801
vt 0.981549 0.512917
vt 0.986687 0.870511
vt 0.076646 0.934227
vt 0.960642 0.499315
vt 0.950726 0.495027
vt 0.549581 0.972238
vt 0.545221 0.972045
vt 0.292353 0.058345
vt 0.842281 0.013226
vt 0.212163 0.935478
vt 0.985073 0.858043
vt 0.904929 0.100667
vt 0.891626 0.092511
vt 0.983677 0.492187
vt 0.078503 0.924786
vt 0.985194 0.867013
vt 0.083748 0.921374
vt 0.084253 0.917033
vt 0.002526 0.904713
vt 0.000043 0.903906
vt 0.002047 0.901556
vt 0.544163 0.985331
vt 0.549223 0.979788
vt 0.549886 0.984588
vt 0.977773 0.879982
vt 0.261152 0.690517
vt 0.256091 0.686313
vt 0.257233 0.667790
vt 0.550997 0.987105
vt 0.982469 0.878427
vt 0.279829 0.691410
vt 0.279639 0.688205
vt 0.279245 0.667343
vt 0.288160 0.055513
vt 0.176864 0.952058
vt 0.181964 0.947010
vt 0.179971 0.953135
vt 0.175984 0.946353
vt 0.287487 0.055359
vt 0.260089 0.624567
vt 0.256866 0.656219
vt 0.255514 0.620958
vt 0.261032 0.622181
vt 0.552295 0.968998
vt 0.552209 0.971636
vt 0.545330 0.979404
vt 0.280026 0.627856
vt 0.279653 0.656557
vt 0.280742 0.624120
vt 0.278170 0.663271
vt 0.256476 0.663068
vt 0.543019 0.985706
vt 0.178535 0.953845
vt 0.262117 0.688992
vt 0.072571 0.947018
vt 0.963558 0.473855
vt 0.261964 0.623759
vt 0.998223 0.616009
vt 0.180302 0.945551
vt 0.985956 0.877381
vt 0.278193 0.622618
vt 0.654692 0.873804
vt 0.652153 0.872117
vt 0.653605 0.868608
vt 0.888879 0.090970
vt 0.841670 0.008585
vt 0.288192 0.058562
vt 0.284678 0.055704
vt 0.987350 0.867219
vt 0.073601 0.933900
vt 0.074810 0.924247
vt 0.542053 0.966878
vt 0.078467 0.914539
vt 0.980593 0.489839
vt 0.979972 0.489610
vt 0.550322 0.977723
vt 0.287859 0.064658
vt 0.549977 0.974338
vt 0.543684 0.978037
vt 0.215682 0.974854
vt 0.005082 0.700859
vt 0.544931 0.975162
vt 0.543851 0.973255
vt 0.657401 0.857149
vt 0.654277 0.855515
vt 0.982157 0.510946
vt 0.981079 0.487220
vt 0.899964 0.039881
vt 0.899853 0.038442
vt 0.901812 0.038730
vt 0.359474 0.022759
vt 0.362783 0.022638
vt 0.071551 0.934936
vt 0.821136 0.988428
vt 0.552351 0.983391
vt 0.194602 0.956769
vt 0.189026 0.956167
vt 0.266874 0.655127
vt 0.265490 0.691445
vt 0.177990 0.957052
vt 0.074749 0.916049
vt 0.552621 0.981655
vt 0.266421 0.623950
vt 0.265387 0.623195
vt 0.202037 0.938769
vt 0.068954 0.945761
vt 0.195757 0.956863
vt 0.275529 0.691322
vt 0.983756 0.493721
vt 0.542096 0.982429
vt 0.273084 0.650526
vt 0.073371 0.921553
vt 0.957918 0.500349
vt 0.175693 0.940418
vt 0.176558 0.939107
vt 0.274396 0.626234
vt 0.652279 0.866965
vt 0.662639 0.868362
vt 0.814680 0.987340
vt 0.980851 0.882124
vt 0.982682 0.503178
vt 0.982092 0.506404
vt 0.985458 0.879375
vt 0.165794 0.531802
vt 0.349620 0.012696
vt 0.352014 0.011831
vt 0.357514 0.012566
vt 0.346059 0.017562
vt 0.974310 0.491612
vt 0.001906 0.703477
vt 0.000105 0.702185
vt 0.002815 0.698977
vt 0.003637 0.705570
vt 0.989271 0.858183
vt 0.979942 0.519974
vt 0.979181 0.517789
vt 0.987910 0.868769
vt 0.977036 0.515986
vt 0.019586 0.500878
vt 0.834925 0.014326
vt 0.588667 0.103956
vt 0.969990 0.496834
vt 0.839919 0.014034
vt 0.036223 0.115552
vt 0.034698 0.117518
vt 0.032166 0.116997
vt 0.919947 0.037951
vt 0.918411 0.039190
vt 0.919490 0.036762
vt 0.659554 0.875302
vt 0.664824 0.839584
vt 0.983591 0.509417
vt 0.582481 0.105059
vt 0.013859 0.507983
vt 0.012570 0.503693
vt 0.007288 0.706107
vt 0.355017 0.020989
vt 0.285951 0.058626
vt 0.999058 0.616522
vt 0.998169 0.619618
vt 0.828389 0.024394
vt 0.038010 0.111232
vt 0.033619 0.110057
vt 0.968611 0.495451
vt 0.987038 0.493876
vt 0.986086 0.497249
vt 0.989625 0.856490
vt 0.003712 0.213921
vt 0.004559 0.209171
vt 0.005952 0.213796
vt 0.994154 0.620377
vt 0.161172 0.256070
vt 0.895019 0.039347
vt 0.899970 0.035378
vt 0.841108 0.011412
vt 0.339464 0.010944
vt 0.343187 0.015541
vt 0.338284 0.015396
vt 0.963180 0.483479
vt 0.037514 0.105148
vt 0.158078 0.528606
vt 0.965975 0.423828
vt 0.164079 0.257532
vt 0.219717 0.981495
vt 0.223598 0.984622
vt 0.035977 0.120327
vt 0.220293 0.936687
vt 0.991565 0.622058
vt 0.990131 0.618844
vt 0.550118 0.975738
vt 0.075258 0.912869
vt 0.544102 0.976656
vt 0.919417 0.028070
vt 0.913697 0.038746
vt 0.912632 0.034229
vt 0.015892 0.203514
vt 0.015458 0.205145
vt 0.015469 0.202738
vt 0.003635 0.201776
vt 0.007373 0.197209
vt 0.007604 0.199870
vt 0.004023 0.204781
vt 0.905943 0.038322
vt 0.004198 0.707153
vt 0.414546 0.392909
vt 0.963582 0.491747
vt 0.664409 0.861076
vt 0.006382 0.207168
vt 0.989379 0.621559
vt 0.015551 0.210240
vt 0.012803 0.209427
vt 0.015856 0.206643
vt 0.895831 0.105241
vt 0.891896 0.103307
vt 0.063618 0.946161
vt 0.063430 0.944427
vt 0.986810 0.873761
vt 0.024691 0.125593
vt 0.018464 0.129480
vt 0.023098 0.122830
vt 0.027578 0.122878
vt 0.036239 0.121955
vt 0.014307 0.198510
vt 0.664559 0.849126
vt 0.002803 0.409652
vt 0.003806 0.410453
vt 0.004599 0.414773
vt 0.552838 0.983768
vt 0.267342 0.685888
vt 0.999315 0.619981
vt 0.179262 0.929802
vt 0.191465 0.930783
vt 0.178318 0.931296
vt 0.198665 0.932054
vt 0.063191 0.940152
vt 0.166467 0.531960
vt 0.542647 0.975127
vt 0.273418 0.686874
vt 0.273643 0.625255
vt 0.346902 0.949493
vt 0.344866 0.952052
vt 0.339294 0.950099
vt 0.031256 0.125199
vt 0.031564 0.123969
vt 0.751864 0.985857
vt 0.751404 0.987020
vt 0.151053 0.259632
vt 0.156942 0.253367
vt 0.348771 0.946047
vt 0.346148 0.945939
vt 0.920156 0.028214
vt 0.990637 0.865855
vt 0.071489 0.929731
vt 0.033761 0.121426
vt 0.067883 0.918570
vt 0.069980 0.914334
vt 0.067788 0.920005
vt 0.076835 0.909930
vt 0.067067 0.919273
vt 0.967106 0.488706
vt 0.009981 0.409146
vt 0.009740 0.415005
vt 0.009542 0.410024
vt 0.991544 0.858452
vt 0.071265 0.923416
vt 0.272805 0.626960
vt 0.004368 0.410099
vt 0.183238 0.318312
vt 0.180341 0.320483
vt 0.184237 0.314687
vt 0.183339 0.315829
vt 0.988833 0.873193
vt 0.013886 0.196579
vt 0.013432 0.196939
vt 0.991195 0.856324
vt 0.828366 0.022291
vt 0.355971 0.015038
vt 0.175897 0.937149
vt 0.008170 0.196970
vt 0.992030 0.867143
vt 0.067097 0.921898
vt 0.011535 0.203116
vt 0.202412 0.929931
vt 0.357688 0.019374
vt 0.899272 0.029471
vt 0.007696 0.203147
vt 0.071101 0.912291
vt 0.747491 0.987987
vt 0.015947 0.128735
vt 0.019062 0.123379
vt 0.027539 0.488775
vt 0.024025 0.494298
vt 0.024313 0.491260
vt 0.016903 0.126314
vt 0.020585 0.497956
vt 0.015968 0.494402
vt 0.021967 0.496148
vt 0.912404 0.038285
vt 0.907454 0.038370
vt 0.029731 0.115077
vt 0.022767 0.492105
vt 0.062406 0.937598
vt 0.012692 0.199377
vt 0.998007 0.622008
vt 0.030352 0.108059
vt 0.373877 0.375728
vt 0.029593 0.105024
vt 0.178236 0.317966
vt 0.667034 0.877204
vt 0.006862 0.214551
vt 0.121858 0.257336
vt 0.121961 0.254132
vt 0.129842 0.260556
vt 0.023584 0.115902
vt 0.222626 0.982782
vt 0.014535 0.496248
vt 0.025441 0.113670
vt 0.019506 0.121295
vt 0.667526 0.848061
vt 0.669197 0.844239
vt 0.907124 0.037767
vt 0.370137 0.393867
vt 0.893875 0.075514
vt 0.892477 0.076719
vt 0.892486 0.075750
vt 0.671059 0.843928
vt 0.127277 0.254541
vt 0.283102 0.062076
vt 0.007271 0.208013
vt 0.064115 0.929732
vt 0.075755 0.908577
vt 0.066548 0.922848
vt 0.018527 0.493088
vt 0.962632 0.498625
vt 0.203676 0.927299
vt 0.177252 0.316714
vt 0.972392 0.426404
vt 0.964773 0.485126
vt 0.336595 0.955388
vt 0.012513 0.211925
vt 0.671822 0.852851
vt 0.670566 0.849909
vt 0.660808 0.080026
vt 0.659190 0.082554
vt 0.660236 0.079600
vt 0.226647 0.991469
vt 0.886389 0.101263
vt 0.906945 0.029834
vt 0.073152 0.911135
vt 0.894076 0.029840
vt 0.674471 0.845262
vt 0.026688 0.112417
vt 0.020989 0.118310
vt 0.019382 0.492595
vt 0.013814 0.497008
vt 0.282854 0.057292
vt 0.891269 0.080684
vt 0.224886 0.985754
vt 0.014532 0.494748
vt 0.748740 0.988686
vt 0.011377 0.501842
vt 0.011001 0.503466
vt 0.215391 0.933349
vt 0.221405 0.935787
vt 0.221188 0.931518
vt 0.220895 0.936374
vt 0.183471 0.311334
vt 0.921710 0.027322
vt 0.179155 0.308253
vt 0.660961 0.087865
vt 0.654408 0.087770
vt 0.663400 0.093929
vt 0.209881 0.932565
vt 0.205883 0.926908
vt 0.020204 0.117901
vt 0.203727 0.923994
vt 0.205359 0.922223
vt 0.658974 0.095052
vt 0.970850 0.425015
vt 0.028988 0.107152
vt 0.225825 0.984910
vt 0.226097 0.986563
vt 0.897298 0.028034
vt 0.341540 0.942758
vt 0.343207 0.943273
vt 0.338544 0.946238
vt 0.341656 0.953886
vt 0.967909 0.489174
vt 0.890386 0.082106
vt 0.344140 0.954491
vt 0.344415 0.958548
vt 0.015813 0.492177
vt 0.017857 0.492465
vt 0.222045 0.932192
vt 0.343333 0.944959
vt 0.341181 0.959877
vt 0.339637 0.034277
vt 0.337849 0.025671
vt 0.871562 0.073965
vt 0.881836 0.075709
vt 0.334672 0.018429
vt 0.012281 0.498365
vt 0.012589 0.497201
vt 0.142130 0.538701
vt 0.020148 0.117071
vt 0.021797 0.115504
vt 0.026021 0.110286
vt 0.213488 0.932326
vt 0.898700 0.026287
vt 0.208381 0.924555
vt 0.344969 0.955546
vt 0.346514 0.958940
vt 0.155730 0.250358
vt 0.149283 0.254529
vt 0.912545 0.025679
vt 0.199612 0.036952
vt 0.206262 0.031924
vt 0.207259 0.035497
vt 0.196628 0.028889
vt 0.200160 0.022823
vt 0.025999 0.111213
vt 0.658051 0.074583
vt 0.659004 0.075152
vt 0.657289 0.074532
vt 0.176877 0.317307
vt 0.176075 0.316457
vt 0.890375 0.090730
vt 0.001508 0.829824
vt 0.000019 0.828806
vt 0.000097 0.824696
vt 0.001460 0.824507
vt 0.013467 0.495564
vt 0.011686 0.496995
vt 0.002367 0.887411
vt 0.001472 0.889332
vt 0.001230 0.886543
vt 0.002365 0.885591
vt 0.969683 0.424068
vt 0.970685 0.423126
vt 0.025120 0.112320
vt 0.025704 0.111754
vt 0.078765 0.482502
vt 0.077154 0.482766
vt 0.079246 0.482381
vt 0.012943 0.496205
vt 0.000650 0.915410
vt 0.001919 0.915409
vt 0.001027 0.917067
vt 0.000625 0.830175
vt 0.348207 0.944057
vt 0.347648 0.942030
vt 0.348683 0.942665
vt 0.912437 0.028441
vt 0.024335 0.113204
vt 0.078079 0.483432
vt 0.076779 0.483384
vt 0.076739 0.486549
vt 0.068676 0.488794
vt 0.075356 0.486137
vt 0.336176 0.948428
vt 0.077128 0.477556
vt 0.076745 0.478552
vt 0.074092 0.477282
vt 0.156766 0.523370
vt 0.153931 0.522269
vt 0.904529 0.023677
vt 0.673234 0.875293
vt 0.672047 0.876295
vt 0.347420 0.941184
vt 0.141537 0.264839
vt 0.139714 0.262983
vt 0.140505 0.259217
vt 0.653846 0.083490
vt 0.081993 0.480810
vt 0.079779 0.480718
vt 0.173354 0.318636
vt 0.173007 0.317424
vt 0.173822 0.317716
vt 0.079689 0.478862
vt 0.079066 0.479145
vt 0.081359 0.480217
vt 0.657076 0.070545
vt 0.656604 0.071615
vt 0.656104 0.070146
vt 0.657472 0.068418
vt 0.656812 0.067408
vt 0.133572 0.254734
vt 0.657778 0.073130
vt 0.014213 0.425110
vt 0.013178 0.424097
vt 0.020002 0.419332
vt 0.072893 0.480687
vt 0.078352 0.478746
vt 0.009985 0.423100
vt 0.011140 0.420483
vt 0.012873 0.421571
vt 0.208855 0.918411
vt 0.890999 0.087320
vt 0.136458 0.262502
vt 0.132098 0.260327
vt 0.337213 0.960928
vt 0.133599 0.257521
vt 0.227573 0.988140
vt 0.147631 0.514087
vt 0.145440 0.513519
vt 0.104788 0.508830
vt 0.089073 0.514836
vt 0.099418 0.499363
vt 0.076528 0.485572
vt 0.068398 0.483869
vt 0.085297 0.512668
vt 0.086771 0.504797
vt 0.087804 0.503236
vt 0.331606 0.956055
vt 0.108671 0.503219
vt 0.676668 0.846396
vt 0.672529 0.860540
vt 0.654585 0.068794
vt 0.323697 0.948516
vt 0.074953 0.485102
vt 0.177652 0.306177
vt 0.171443 0.311027
vt 0.070010 0.480598
vt 0.071589 0.488872
vt 0.335159 0.029260
vt 0.333702 0.031038
vt 0.321698 0.027531
vt 0.967510 0.493612
vt 0.333212 0.023156
vt 0.884836 0.102380
vt 0.867668 0.098362
vt 0.169949 0.314751
vt 0.884375 0.104756
vt 0.879853 0.105218
vt 0.148020 0.251747
vt 0.651882 0.072362
vt 0.873269 0.079530
vt 0.143038 0.516765
vt 0.676372 0.853674
vt 0.656026 0.096320
vt 0.126525 0.251753
vt 0.131198 0.252378
vt 0.325838 0.032803
vt 0.110357 0.503890
vt 0.107218 0.496588
vt 0.154761 0.247928
vt 0.149860 0.251561
vt 0.670065 0.868549
vt 0.681294 0.868741
vt 0.674698 0.876275
vt 0.015548 0.425952
vt 0.022905 0.421453
vt 0.139220 0.524945
vt 0.117128 0.503751
vt 0.325137 0.025507
vt 0.019995 0.423901
vt 0.067039 0.486929
vt 0.335835 0.036469
vt 0.112603 0.498505
vt 0.116118 0.498693
vt 0.328673 0.040079
vt 0.152696 0.538558
vt 0.347833 0.941444
vt 0.372429 0.385200
vt 0.010280 0.416548
vt 0.693966 0.852293
vt 0.692943 0.853485
vt 0.691160 0.852638
vt 0.649486 0.075986
vt 0.691304 0.883379
vt 0.687175 0.881326
vt 0.694147 0.884258
vt 0.402176 0.370912
vt 0.686480 0.853024
vt 0.691916 0.847215
vt 0.335076 0.962456
vt 0.680140 0.878297
vt 0.007371 0.420231
vt 0.681870 0.847518
vt 0.168735 0.311740
vt 0.414225 0.382452
vt 0.412387 0.371226
vt 0.015308 0.415191
vt 0.331925 0.022414
vt 0.324716 0.022695
vt 0.652408 0.070817
vt 0.139119 0.255652
vt 0.693429 0.870535
vt 0.697256 0.871203
vt 0.699305 0.873743
vt 0.141398 0.250828
vt 0.698245 0.858193
vt 0.693948 0.859407
vt 0.650187 0.084509
vt 0.906289 0.024220
vt 0.195507 0.028723
vt 0.191382 0.026664
vt 0.099408 0.495246
vt 0.321699 0.948678
vt 0.327113 0.958955
vt 0.319636 0.955090
vt 0.067337 0.481637
vt 0.683117 0.861509
vt 0.677920 0.860283
vt 0.169037 0.313874
vt 0.654456 0.096883
vt 0.869972 0.104622
vt 0.332161 0.964817
vt 0.176468 0.304222
vt 0.944414 0.686121
vt 0.951831 0.687278
vt 0.953696 0.694476
vt 0.943315 0.692919
vt 0.950859 0.684604
vt 0.006509 0.336974
vt 0.006891 0.330836
vt 0.011399 0.335650
vt 0.004829 0.336537
vt 0.010287 0.330389
vt 0.013400 0.336263
vt 0.950494 0.696363
vt 0.905817 0.022298
vt 0.070120 0.489522
vt 0.702282 0.862032
vt 0.701919 0.871179
vt 0.701127 0.859732
vt 0.206365 0.028087
vt 0.143981 0.532385
vt 0.935171 0.686741
vt 0.653490 0.068378
vt 0.057723 0.472768
vt 0.058880 0.475259
vt 0.058350 0.475065
vt 0.168683 0.314842
vt 0.058649 0.472480
vt 0.060008 0.474776
vt 0.865001 0.092834
vt 0.651419 0.070999
vt 0.650336 0.071840
vt 0.324582 0.048638
vt 0.323159 0.048976
vt 0.324702 0.044280
vt 0.064453 0.483881
vt 0.651072 0.071680
vt 0.949303 0.681253
vt 0.002580 0.335060
vt 0.004819 0.329607
vt 0.950095 0.703264
vt 0.011268 0.327522
vt 0.015182 0.331284
vt 0.198894 0.023466
vt 0.192132 0.025156
vt 0.010891 0.415164
vt 0.057752 0.473458
vt 0.057229 0.474022
vt 0.032998 0.950080
vt 0.035080 0.942520
vt 0.043072 0.948116
vt 0.065468 0.481899
vt 0.048452 0.487837
vt 0.049416 0.486999
vt 0.048720 0.490424
vt 0.059812 0.473843
vt 0.060525 0.474645
vt 0.175819 0.302980
vt 0.057948 0.475509
vt 0.167980 0.312984
vt 0.404733 0.371204
vt 0.067660 0.490482
vt 0.065286 0.490103
vt 0.050129 0.491928
vt 0.013286 0.410643
vt 0.021217 0.412377
vt 0.024526 0.418536
vt 0.061946 0.477595
vt 0.006427 0.327840
vt 0.141120 0.544292
vt 0.110955 0.495843
vt 0.399949 0.371534
vt 0.010932 0.412343
vt 0.645137 0.086393
vt 0.029097 0.422038
vt 0.028066 0.419832
vt 0.649208 0.071855
vt 0.649630 0.070900
vt 0.060498 0.473323
vt 0.061443 0.475917
vt 0.064448 0.492769
vt 0.060357 0.485293
vt 0.322255 0.049754
vt 0.167396 0.311839
vt 0.050608 0.498587
vt 0.057781 0.476441
vt 0.056595 0.475392
vt 0.324346 0.040566
vt 0.325206 0.042992
vt 0.648108 0.073477
vt 0.112974 0.496727
vt 0.010998 0.409344
vt 0.010938 0.411089
vt 0.061150 0.480397
vt 0.327231 0.040200
vt 0.644303 0.078506
vt 0.332223 0.968700
vt 0.330554 0.969969
vt 0.226470 0.014569
vt 0.219357 0.016645
vt 0.224178 0.011426
vt 0.974023 0.122585
vt 0.971097 0.120272
vt 0.974525 0.120961
vt 0.223124 0.019982
vt 0.220812 0.010374
vt 0.967452 0.118877
vt 0.380550 0.375168
vt 0.015721 0.411540
vt 0.063398 0.495094
vt 0.059680 0.498837
vt 0.967825 0.116419
vt 0.193671 0.024235
vt 0.057398 0.501538
vt 0.166104 0.310589
vt 0.167733 0.305903
vt 0.941259 0.672830
vt 0.937668 0.721817
vt 0.945074 0.717911
vt 0.946338 0.723367
vt 0.938204 0.714081
vt 0.227586 0.013660
vt 0.219045 0.008843
vt 0.328788 0.966513
vt 0.174425 0.301090
vt 0.323338 0.022218
vt 0.050703 0.485566
vt 0.051161 0.482701
vt 0.322749 0.961128
vt 0.049293 0.477666
vt 0.052418 0.478025
vt 0.050354 0.480694
vt 0.321353 0.043906
vt 0.321961 0.042239
vt 0.166730 0.311678
vt 0.652162 0.097836
vt 0.649596 0.098736
vt 0.018273 0.410745
vt 0.167266 0.312814
vt 0.976671 0.113312
vt 0.976491 0.118195
vt 0.054629 0.485388
vt 0.191389 0.024005
vt 0.933218 0.680395
vt 0.929412 0.694823
vt 0.013767 0.409470
vt 0.228973 0.015850
vt 0.056585 0.476818
vt 0.056780 0.475932
vt 0.322054 0.035806
vt 0.933716 0.701240
vt 0.328804 0.970471
vt 0.111179 0.495136
vt 0.109402 0.493802
vt 0.223187 0.023504
vt 0.014513 0.409499
vt 0.055994 0.502829
vt 0.090649 0.498659
vt 0.087391 0.501430
vt 0.869731 0.088233
vt 0.020020 0.354250
vt 0.021651 0.340561
vt 0.027849 0.354353
vt 0.013705 0.407987
vt 0.026634 0.341197
vt 0.014838 0.407329
vt 0.646562 0.070995
vt 0.324009 0.965948
vt 0.325620 0.967472
vt 0.408064 0.366278
vt 0.644845 0.074711
vt 0.215324 0.019975
vt 0.019697 0.359729
vt 0.019665 0.359075
vt 0.024989 0.359989
vt 0.028005 0.338975
vt 0.021752 0.337565
vt 0.331543 0.970483
vt 0.391388 0.367438
vt 0.391571 0.369131
vt 0.217502 0.009739
vt 0.648434 0.070369
vt 0.320531 0.023366
vt 0.319122 0.947377
vt 0.646331 0.068644
vt 0.645307 0.070163
vt 0.200651 0.021312
vt 0.002290 0.328849
vt 0.002858 0.327119
vt 0.004677 0.324957
vt 0.647099 0.067628
vt 0.100656 0.484924
vt 0.283084 0.052813
vt 0.281701 0.052826
vt 0.280461 0.046820
vt 0.285222 0.044434
vt 0.165194 0.310209
vt 0.164428 0.309439
vt 0.326775 0.969792
vt 0.969519 0.112647
vt 0.109180 0.487674
vt 0.014779 0.351441
vt 0.015926 0.341592
vt 0.006407 0.325209
vt 0.220347 0.023967
vt 0.033131 0.342161
vt 0.033743 0.353152
vt 0.010434 0.325235
vt 0.648250 0.068732
vt 0.967995 0.115025
vt 0.319439 0.038261
vt 0.317328 0.035128
vt 0.316576 0.026032
vt 0.314662 0.029200
vt 0.014822 0.406119
vt 0.017062 0.406653
vt 0.015088 0.326962
vt 0.951186 0.710762
vt 0.019363 0.358839
vt 0.320500 0.040879
vt 0.207197 0.027583
vt 0.205824 0.025438
vt 0.086858 0.498421
vt 0.200031 0.014882
vt 0.204399 0.011965
vt 0.092002 0.493700
vt 0.318207 0.961447
vt 0.315893 0.958073
vt 0.318021 0.962927
vt 0.020657 0.409765
vt 0.020688 0.407446
vt 0.205096 0.023004
vt 0.163185 0.306989
vt 0.017578 0.408751
vt 0.055612 0.477647
vt 0.207400 0.018448
vt 0.211349 0.014952
vt 0.216305 0.007719
vt 0.314524 0.944021
vt 0.309043 0.942664
vt 0.203679 0.010882
vt 0.110555 0.492013
vt 0.020917 0.404792
vt 0.978172 0.112730
vt 0.022527 0.003157
vt 0.019787 0.006045
vt 0.016634 0.003635
vt 0.929333 0.687572
vt 0.309343 0.947479
vt 0.140377 0.539561
vt 0.313199 0.956694
vt 0.835449 0.042153
vt 0.823700 0.044797
vt 0.831709 0.041497
vt 0.643087 0.073013
vt 0.162008 0.309343
vt 0.838096 0.046254
vt 0.833653 0.049407
vt 0.836368 0.040264
vt 0.092827 0.491610
vt 0.098228 0.488954
vt 0.825638 0.052523
vt 0.823180 0.048130
vt 0.141361 0.531660
vt 0.141440 0.530513
vt 0.138807 0.526131
vt 0.139662 0.528893
vt 0.010578 0.323297
vt 0.329080 0.041374
vt 0.331745 0.041386
vt 0.331135 0.042939
vt 0.142189 0.533374
vt 0.059454 0.001079
vt 0.060360 0.001495
vt 0.061486 0.003816
vt 0.018230 0.406081
vt 0.021669 0.402422
vt 0.011965 0.324391
vt 0.014578 0.325468
vt 0.014385 0.326192
vt 0.014257 0.655011
vt 0.018769 0.655349
vt 0.015007 0.655736
vt 0.827576 0.052734
vt 0.828674 0.054310
vt 0.834009 0.050981
vt 0.329846 0.044332
vt 0.330661 0.045983
vt 0.840224 0.045981
vt 0.019394 0.654281
vt 0.019992 0.655147
vt 0.019523 0.657859
vt 0.317230 0.964727
vt 0.316367 0.965668
vt 0.316409 0.964822
vt 0.011439 0.322919
vt 0.087714 0.496629
vt 0.315212 0.966157
vt 0.323130 0.966079
vt 0.867952 0.106411
vt 0.867487 0.106747
vt 0.317580 0.022772
vt 0.827243 0.053836
vt 0.014378 0.657437
vt 0.138206 0.537989
vt 0.457672 0.002152
vt 0.456213 0.007814
vt 0.456011 0.002880
vt 0.399487 0.367644
vt 0.863866 0.101822
vt 0.866219 0.099520
vt 0.329048 0.092384
vt 0.331778 0.092890
vt 0.327678 0.094042
vt 0.028560 0.333847
vt 0.758562 0.151770
vt 0.766198 0.150710
vt 0.764345 0.158056
vt 0.762501 0.147551
vt 0.922968 0.688384
vt 0.642405 0.076016
vt 0.022708 0.331975
vt 0.642095 0.074211
vt 0.316898 0.969351
vt 0.320084 0.967391
vt 0.760653 0.162679
vt 0.923384 0.693465
vt 0.835142 0.090324
vt 0.834537 0.087886
vt 0.836523 0.091798
vt 0.643833 0.094169
vt 0.921107 0.686604
vt 0.925099 0.495231
vt 0.928662 0.494478
vt 0.921933 0.500637
vt 0.755459 0.165523
vt 0.755803 0.163364
vt 0.057374 0.002759
vt 0.929529 0.683109
vt 0.021421 0.654660
vt 0.206405 0.020775
vt 0.005092 0.323881
vt 0.006372 0.322802
vt 0.317088 0.967957
vt 0.833574 0.085482
vt 0.833464 0.083755
vt 0.834873 0.085946
vt 0.326162 0.093879
vt 0.932952 0.509995
vt 0.212646 0.018566
vt 0.321360 0.966782
vt 0.138840 0.535920
vt 0.138876 0.534072
vt 0.948082 0.718995
vt 0.215996 0.028087
vt 0.283423 0.036213
vt 0.284086 0.036792
vt 0.862265 0.083634
vt 0.847359 0.088886
vt 0.845625 0.082762
vt 0.120426 0.989222
vt 0.121429 0.994585
vt 0.115760 0.992126
vt 0.123438 0.991255
vt 0.212135 0.009057
vt 0.924096 0.508901
vt 0.866675 0.074666
vt 0.934428 0.515557
vt 0.931697 0.512607
vt 0.865719 0.103677
vt 0.868454 0.076535
vt 0.758720 0.149595
vt 0.916904 0.499605
vt 0.868508 0.080466
vt 0.123693 0.997352
vt 0.119728 0.997215
vt 0.865490 0.105344
vt 0.935213 0.515506
vt 0.926769 0.517548
vt 0.332212 0.096115
vt 0.117998 0.998830
vt 0.928739 0.682379
vt 0.924352 0.685043
vt 0.315172 0.969022
vt 0.919215 0.498858
vt 0.929209 0.482454
vt 0.928968 0.478795
vt 0.929942 0.485042
vt 0.869480 0.089469
vt 0.767693 0.152164
vt 0.766436 0.156130
vt 0.753563 0.165691
vt 0.015854 0.339278
vt 0.018020 0.335917
vt 0.015748 0.003752
vt 0.869737 0.081192
vt 0.838502 0.091378
vt 0.929661 0.489532
vt 0.120962 0.988357
vt 0.930785 0.700054
vt 0.929400 0.699578
vt 0.860905 0.075818
vt 0.335044 0.092038
vt 0.917553 0.692350
vt 0.014535 0.324895
vt 0.015311 0.030119
vt 0.013939 0.030829
vt 0.012840 0.027455
vt 0.015014 0.027616
vt 0.751866 0.156430
vt 0.919585 0.694607
vt 0.924756 0.515688
vt 0.320545 0.096337
vt 0.313189 0.030280
vt 0.645185 0.096634
vt 0.170845 0.294198
vt 0.173324 0.298798
vt 0.930115 0.475103
vt 0.932036 0.475219
vt 0.754392 0.153402
vt 0.002396 0.325497
vt 0.004391 0.322992
vt 0.012197 0.020169
vt 0.012825 0.022405
vt 0.008162 0.020489
vt 0.045196 0.943696
vt 0.948340 0.717426
vt 0.030298 0.330840
vt 0.950292 0.711251
vt 0.162245 0.305759
vt 0.162139 0.303734
vt 0.948967 0.717928
vt 0.937518 0.675204
vt 0.332819 0.045580
vt 0.334259 0.097038
vt 0.336691 0.092143
vt 0.918091 0.693625
vt 0.917718 0.687435
vt 0.014683 0.022133
vt 0.013962 0.021590
vt 0.930252 0.681928
vt 0.979234 0.107081
vt 0.020511 0.331194
vt 0.312568 0.952510
vt 0.160543 0.309750
vt 0.034020 0.336926
vt 0.853088 0.094153
vt 0.014238 0.031743
vt 0.014904 0.035092
vt 0.013891 0.036178
vt 0.941895 0.522874
vt 0.937120 0.519667
vt 0.936614 0.494496
vt 0.951788 0.711678
vt 0.867036 0.085722
vt 0.862515 0.089948
vt 0.935335 0.481495
vt 0.855821 0.073530
vt 0.015842 0.026698
vt 0.015320 0.026984
vt 0.015388 0.026260
vt 0.023047 0.654447
vt 0.015548 0.036242
vt 0.014947 0.036137
vt 0.866430 0.071959
vt 0.920173 0.506788
vt 0.845535 0.096991
vt 0.845861 0.075133
vt 0.917053 0.502747
vt 0.756170 0.188299
vt 0.761187 0.209422
vt 0.759035 0.209576
vt 0.754263 0.184877
vt 0.655600 0.990880
vt 0.653185 0.992931
vt 0.651592 0.988730
vt 0.860324 0.072565
vt 0.839619 0.039545
vt 0.825039 0.041603
vt 0.834126 0.037972
vt 0.173377 0.297568
vt 0.968005 0.108879
vt 0.970985 0.105037
vt 0.972605 0.103929
vt 0.750210 0.175315
vt 0.744947 0.165159
vt 0.832002 0.082401
vt 0.836646 0.075736
vt 0.978326 0.111548
vt 0.839594 0.049421
vt 0.388198 0.366594
vt 0.013025 0.659890
vt 0.334348 0.044469
vt 0.918738 0.686855
vt 0.017290 0.662295
vt 0.454669 0.010558
vt 0.453290 0.003892
vt 0.313261 0.952385
vt 0.034494 0.334350
vt 0.046114 0.944694
vt 0.831543 0.057010
vt 0.021102 0.665973
vt 0.016330 0.667215
vt 0.070349 0.004893
vt 0.069295 0.007251
vt 0.065568 0.005076
vt 0.091082 0.490480
vt 0.093607 0.487099
vt 0.932774 0.706933
vt 0.206224 0.011522
vt 0.067393 0.010618
vt 0.949319 0.714217
vt 0.931002 0.680637
vt 0.931043 0.705153
vt 0.932078 0.703720
vt 0.015099 0.022422
vt 0.015279 0.024621
vt 0.844455 0.042250
vt 0.822158 0.041176
vt 0.107480 0.476172
vt 0.059168 0.008864
vt 0.016220 0.025764
vt 0.932047 0.702359
vt 0.837941 0.056972
vt 0.842521 0.051509
vt 0.343182 0.099826
vt 0.337509 0.095911
vt 0.342345 0.093970
vt 0.357200 0.098098
vt 0.398846 0.046050
vt 0.394532 0.064140
vt 0.393052 0.051283
vt 0.159801 0.307497
vt 0.338294 0.092516
vt 0.829986 0.056366
vt 0.829167 0.055372
vt 0.640898 0.072680
vt 0.350146 0.095486
vt 0.333043 0.048871
vt 0.332520 0.053470
vt 0.329330 0.053640
vt 0.334962 0.052912
vt 0.020899 0.668423
vt 0.070753 0.011562
vt 0.357262 0.101938
vt 0.353978 0.102011
vt 0.641333 0.070464
vt 0.315935 0.022576
vt 0.356097 0.106169
vt 0.038764 0.349727
vt 0.309006 0.944238
vt 0.306906 0.941190
vt 0.640162 0.088375
vt 0.038280 0.343834
vt 0.835175 0.059281
vt 0.845852 0.036095
vt 0.340853 0.092180
vt 0.335680 0.047659
vt 0.646793 0.100074
vt 0.645067 0.097307
vt 0.320251 0.968231
vt 0.642253 0.092963
vt 0.159913 0.306426
vt 0.929773 0.681752
vt 0.315980 0.026402
vt 0.629319 0.002192
vt 0.630018 0.002480
vt 0.629533 0.003200
vt 0.919047 0.685690
vt 0.635254 0.010566
vt 0.633767 0.011008
vt 0.635349 0.007678
vt 0.833169 0.034840
vt 0.964138 0.565796
vt 0.965150 0.567760
vt 0.963219 0.567597
vt 0.025856 0.656303
vt 0.635454 0.003074
vt 0.635144 0.003663
vt 0.634820 0.003137
vt 0.019706 0.007230
vt 0.931261 0.703947
vt 0.038980 0.353008
vt 0.056179 0.004861
vt 0.822154 0.042819
vt 0.050763 0.949004
vt 0.916294 0.691365
vt 0.086309 0.482852
vt 0.086108 0.484319
vt 0.823555 0.039525
vt 0.063872 0.009609
vt 0.930893 0.702620
vt 0.631295 0.001279
vt 0.632120 0.001726
vt 0.634694 0.011741
vt 0.633927 0.012202
vt 0.025205 0.661576
vt 0.871233 0.079740
vt 0.869879 0.085208
vt 0.337492 0.091209
vt 0.628163 0.011546
vt 0.628685 0.010585
vt 0.629084 0.011987
vt 0.324127 0.108436
vt 0.932837 0.475616
vt 0.312277 0.953672
vt 0.844833 0.050372
vt 0.835167 0.034062
vt 0.023516 0.653632
vt 0.024486 0.654031
vt 0.007296 0.025222
vt 0.343715 0.106218
vt 0.339830 0.104432
vt 0.446785 0.006815
vt 0.010203 0.033344
vt 0.964281 0.754461
vt 0.966656 0.756854
vt 0.961973 0.758881
vt 0.986763 0.370763
vt 0.993294 0.370512
vt 0.990938 0.376986
vt 0.983581 0.377176
vt 0.039178 0.354075
vt 0.035718 0.355438
vt 0.850575 0.038838
vt 0.849365 0.034879
vt 0.039336 0.341478
vt 0.358053 0.094264
vt 0.358633 0.097624
vt 0.634862 0.002640
vt 0.634219 0.002173
vt 0.630543 0.013218
vt 0.054732 0.007109
vt 0.633053 0.001745
vt 0.753059 0.155072
vt 0.160468 0.301114
vt 0.164409 0.298076
vt 0.639719 0.080579
vt 0.310674 0.955710
vt 0.308310 0.953150
vt 0.320033 0.968771
vt 0.136883 0.537149
vt 0.863553 0.107144
vt 0.863350 0.106049
vt 0.864430 0.104558
vt 0.010667 0.024232
vt 0.029780 0.328284
vt 0.016357 0.336725
vt 0.015081 0.334771
vt 0.021675 0.214505
vt 0.020487 0.216645
vt 0.017536 0.215869
vt 0.016833 0.329177
vt 0.073543 0.301523
vt 0.073011 0.300905
vt 0.073964 0.299744
vt 0.006546 0.002864
vt 0.008974 0.002454
vt 0.006959 0.009393
vt 0.003931 0.005030
vt 0.024424 0.652292
vt 0.026206 0.653993
vt 0.026203 0.652624
vt 0.034880 0.339456
vt 0.037550 0.340148
vt 0.308309 0.946467
vt 0.640356 0.094883
vt 0.640303 0.093465
vt 0.852507 0.037858
vt 0.851064 0.035898
vt 0.637267 0.077405
vt 0.212008 0.021946
vt 0.868711 0.087878
vt 0.108999 0.483300
vt 0.311518 0.952401
vt 0.157403 0.305682
vt 0.748474 0.159574
vt 0.027232 0.328157
vt 0.334838 0.046544
vt 0.340862 0.046180
vt 0.852741 0.041784
vt 0.054019 0.006383
vt 0.268074 0.043281
vt 0.272899 0.043474
vt 0.273154 0.046291
vt 0.265718 0.040003
vt 0.062276 0.308033
vt 0.061460 0.307247
vt 0.063124 0.307009
vt 0.007678 0.029265
vt 0.837067 0.034801
vt 0.405007 0.048146
vt 0.317262 0.092880
vt 0.315760 0.094680
vt 0.314176 0.091818
vt 0.981363 0.108902
vt 0.013831 0.012197
vt 0.017638 0.010422
vt 0.311311 0.951975
vt 0.027113 0.142461
vt 0.025300 0.143348
vt 0.026744 0.142000
vt 0.871128 0.077032
vt 0.039028 0.340924
vt 0.023418 0.327603
vt 0.013338 0.128407
vt 0.015210 0.130785
vt 0.011332 0.127597
vt 0.959616 0.755436
vt 0.966015 0.568063
vt 0.969705 0.567554
vt 0.966588 0.571675
vt 0.012149 0.037385
vt 0.011665 0.037042
vt 0.844673 0.032263
vt 0.933485 0.475047
vt 0.318002 0.093267
vt 0.852806 0.038125
vt 0.039166 0.355853
vt 0.021752 0.328280
vt 0.017147 0.212825
vt 0.015957 0.212966
vt 0.038195 0.357093
vt 0.036656 0.356597
vt 0.333490 0.103726
vt 0.318943 0.968556
vt 0.317019 0.969886
vt 0.211544 0.023193
vt 0.064906 0.302026
vt 0.064309 0.302940
vt 0.064211 0.295034
vt 0.067951 0.301744
vt 0.095815 0.483778
vt 0.461232 0.013264
vt 0.070175 0.303184
vt 0.068921 0.302877
vt 0.072187 0.302248
vt 0.072557 0.302315
vt 0.072352 0.302868
vt 0.076764 0.301095
vt 0.076365 0.291789
vt 0.079587 0.298677
vt 0.852029 0.039953
vt 0.068427 0.012328
vt 0.206815 0.010838
vt 0.022280 0.139536
vt 0.026149 0.136621
vt 0.639561 0.093020
vt 0.392050 0.051673
vt 0.970487 0.570004
vt 0.009511 0.000172
vt 0.009869 0.001956
vt 0.062360 0.308376
vt 0.059414 0.308652
vt 0.055345 0.306371
vt 0.054743 0.304418
vt 0.655523 0.996012
vt 0.653388 0.995328
vt 0.650581 0.990360
vt 0.855289 0.071676
vt 0.856436 0.071828
vt 0.023153 0.669394
vt 0.855645 0.038309
vt 0.748951 0.176111
vt 0.745311 0.172610
vt 0.023231 0.216118
vt 0.022692 0.216965
vt 0.021634 0.216635
vt 0.014678 0.336150
vt 0.312001 0.093946
vt 0.645017 0.993488
vt 0.648042 0.998463
vt 0.647318 0.999529
vt 0.645759 0.991239
vt 0.981385 0.101389
vt 0.352605 0.108424
vt 0.758648 0.211664
vt 0.750774 0.157428
vt 0.821809 0.040011
vt 0.636687 0.071986
vt 0.637183 0.071502
vt 0.942728 0.521426
vt 0.638526 0.090161
vt 0.063532 0.012406
vt 0.028897 0.667585
vt 0.027518 0.665882
vt 0.030672 0.666351
vt 0.061468 0.304840
vt 0.975259 0.096255
vt 0.966299 0.099703
vt 0.022324 0.215582
vt 0.028725 0.654768
vt 0.846341 0.033984
vt 0.340417 0.040259
vt 0.107410 0.480098
vt 0.030518 0.329921
vt 0.021891 0.227158
vt 0.021210 0.227160
vt 0.021644 0.223130
vt 0.006386 0.023482
vt 0.637379 0.083117
vt 0.010835 0.128865
vt 0.010814 0.127872
vt 0.854416 0.039362
vt 0.026992 0.653042
vt 0.315759 0.097870
vt 0.846123 0.074243
vt 0.103625 0.472508
vt 0.835517 0.060279
vt 0.837015 0.060324
vt 0.821277 0.039501
vt 0.022854 0.132994
vt 0.023958 0.134385
vt 0.018079 0.136791
vt 0.022453 0.131886
vt 0.076059 0.300603
vt 0.754863 0.213806
vt 0.742188 0.179183
vt 0.755153 0.212568
vt 0.331098 0.103385
vt 0.855240 0.099318
vt 0.861817 0.096552
vt 0.291874 0.027211
vt 0.291496 0.028870
vt 0.290977 0.027683
vt 0.005140 0.021425
vt 0.935339 0.474744
vt 0.025783 0.135480
vt 0.934888 0.474842
vt 0.653767 0.999965
vt 0.654381 0.997553
vt 0.027673 0.659753
vt 0.017024 0.130366
vt 0.026051 0.667246
vt 0.065365 0.013310
vt 0.020624 0.230361
vt 0.020800 0.232887
vt 0.016139 0.229522
vt 0.020229 0.228522
vt 0.031136 0.663633
vt 0.036834 0.659801
vt 0.852568 0.097615
vt 0.018665 0.222417
vt 0.095762 0.480411
vt 0.856495 0.040166
vt 0.849558 0.098493
vt 0.822503 0.037655
vt 0.279254 0.046433
vt 0.024515 0.220795
vt 0.023160 0.222305
vt 0.023996 0.220513
vt 0.830676 0.079729
vt 0.277262 0.035534
vt 0.631674 0.085882
vt 0.747261 0.160416
vt 0.266014 0.038494
vt 0.264845 0.034759
vt 0.272240 0.039776
vt 0.009018 0.032886
vt 0.327186 0.106346
vt 0.963024 0.572308
vt 0.011959 0.132218
vt 0.009994 0.129398
vt 0.023457 0.218139
vt 0.023354 0.216775
vt 0.009886 0.127713
vt 0.285544 0.030936
vt 0.286491 0.027420
vt 0.290539 0.029630
vt 0.986030 0.108063
vt 0.060075 0.304070
vt 0.284712 0.027330
vt 0.011553 0.214810
vt 0.012198 0.214020
vt 0.941557 0.542168
vt 0.940765 0.542773
vt 0.942447 0.541573
vt 0.840638 0.057615
vt 0.828084 0.033922
vt 0.967499 0.759115
vt 0.284598 0.033968
vt 0.739019 0.175501
vt 0.018757 0.217960
vt 0.832760 0.032659
vt 0.958901 0.756827
vt 0.156480 0.303917
vt 0.053279 0.007801
vt 0.051549 0.009472
vt 0.854733 0.100507
vt 0.843071 0.072127
vt 0.021439 0.222146
vt 0.336036 0.054127
vt 0.339502 0.055208
vt 0.851711 0.097392
vt 0.208849 0.028361
vt 0.212852 0.031849
vt 0.413059 0.045831
vt 0.417625 0.049005
vt 0.412265 0.046456
vt 0.938112 0.490956
vt 0.971015 0.756071
vt 0.842703 0.072955
vt 0.089012 0.476677
vt 0.974725 0.753595
vt 0.975873 0.756502
vt 0.972157 0.756304
vt 0.016477 0.223577
vt 0.946009 0.536527
vt 0.944292 0.540202
vt 0.635426 0.079572
vt 0.084888 0.478490
vt 0.159977 0.297466
vt 0.091479 0.475642
vt 0.271776 0.034364
vt 0.010747 0.134689
vt 0.636858 0.093923
vt 0.082320 0.482993
vt 0.335993 0.103821
vt 0.936746 0.474562
vt 0.264268 0.029460
vt 0.266230 0.024917
vt 0.264395 0.030726
vt 0.386141 0.051373
vt 0.387404 0.059643
vt 0.382478 0.055327
vt 0.824688 0.034192
vt 0.830471 0.031282
vt 0.836006 0.075155
vt 0.840084 0.060777
vt 0.337290 0.055303
vt 0.341771 0.053056
vt 0.059981 0.302127
vt 0.971148 0.572698
vt 0.092223 0.474278
vt 0.936586 0.545181
vt 0.936523 0.543510
vt 0.171575 0.291947
vt 0.170502 0.289944
vt 0.343800 0.052159
vt 0.964642 0.761199
vt 0.350116 0.107938
vt 0.347001 0.107578
vt 0.017020 0.234278
vt 0.848984 0.050870
vt 0.855100 0.044781
vt 0.351537 0.108480
vt 0.849259 0.054070
vt 0.848386 0.053944
vt 0.845465 0.030866
vt 0.938181 0.479034
vt 0.156508 0.293571
vt 0.015348 0.218815
vt 0.741771 0.165862
vt 0.739637 0.162168
vt 0.986938 0.093765
vt 0.985460 0.096029
vt 0.983869 0.095854
vt 0.957124 0.759186
vt 0.956504 0.758380
vt 0.958804 0.760140
vt 0.314335 0.103688
vt 0.837684 0.072109
vt 0.939355 0.486524
vt 0.855354 0.042596
vt 0.854358 0.041967
vt 0.986131 0.101396
vt 0.855132 0.043000
vt 0.272415 0.024002
vt 0.961207 0.570442
vt 0.060656 0.299567
vt 0.060189 0.296536
vt 0.061208 0.301396
vt 0.083859 0.481336
vt 0.632242 0.080971
vt 0.005183 0.030303
vt 0.856296 0.044020
vt 0.982264 0.098309
vt 0.278215 0.023383
vt 0.853250 0.100386
vt 0.911797 0.059986
vt 0.913020 0.061025
vt 0.911595 0.061812
vt 0.961575 0.762481
vt 0.847572 0.057117
vt 0.855153 0.041314
vt 0.845399 0.052532
vt 0.956411 0.756389
vt 0.909173 0.062075
vt 0.909814 0.063284
vt 0.908945 0.063270
vt 0.851274 0.098915
vt 0.936215 0.543051
vt 0.935037 0.541660
vt 0.102833 0.472073
vt 0.155085 0.301876
vt 0.633921 0.092000
vt 0.169120 0.286897
vt 0.835653 0.073176
vt 0.854463 0.041691
vt 0.736478 0.169005
vt 0.631928 0.079327
vt 0.939821 0.484415
vt 0.325907 0.480189
vt 0.321558 0.477427
vt 0.328579 0.479050
vt 0.162985 0.291065
vt 0.945099 0.538898
vt 0.945135 0.540523
vt 0.909760 0.062078
vt 0.973963 0.767713
vt 0.979423 0.757904
vt 0.976986 0.766200
vt 0.843111 0.062146
vt 0.861251 0.965283
vt 0.862206 0.965484
vt 0.862081 0.966591
vt 0.859557 0.965755
vt 0.963425 0.573156
vt 0.083087 0.480941
vt 0.004112 0.026307
vt 0.003308 0.025488
vt 0.158686 0.293411
vt 0.940567 0.534346
vt 0.021439 0.140089
vt 0.941277 0.482327
vt 0.864621 0.965475
vt 0.082578 0.481521
vt 0.907154 0.061322
vt 0.905094 0.061310
vt 0.058920 0.299255
vt 0.972196 0.574105
vt 0.011062 0.136575
vt 0.941602 0.476243
vt 0.966671 0.511119
vt 0.964337 0.516820
vt 0.966209 0.511905
vt 0.968524 0.516264
vt 0.965354 0.520015
vt 0.969178 0.094837
vt 0.971693 0.093756
vt 0.963336 0.765050
vt 0.343295 0.037897
vt 0.346671 0.037727
vt 0.856457 0.011579
vt 0.854786 0.010252
vt 0.858102 0.010836
vt 0.993571 0.675370
vt 0.990664 0.676117
vt 0.991266 0.670192
vt 0.994880 0.670518
vt 0.316509 0.108560
vt 0.858655 0.008991
vt 0.859755 0.011239
vt 0.053267 0.303187
vt 0.863053 0.010420
vt 0.939439 0.537721
vt 0.731200 0.165215
vt 0.734858 0.162513
vt 0.014692 0.019869
vt 0.012354 0.013666
vt 0.903552 0.059630
vt 0.903651 0.060974
vt 0.900203 0.060707
vt 0.007004 0.011834
vt 0.634849 0.072184
vt 0.870051 0.966656
vt 0.870123 0.969888
vt 0.866441 0.966964
vt 0.904247 0.060514
vt 0.081228 0.477631
vt 0.728088 0.156338
vt 0.044788 0.305186
vt 0.045346 0.304795
vt 0.046621 0.305678
vt 0.044156 0.307277
vt 0.011785 0.234819
vt 0.865312 0.966246
vt 0.864575 0.966379
vt 0.962050 0.573987
vt 0.354529 0.052817
vt 0.347130 0.052873
vt 0.016706 0.137660
vt 0.011279 0.139012
vt 0.972669 0.577403
vt 0.968049 0.577667
vt 0.093279 0.470314
vt 0.350457 0.054428
vt 0.930548 0.069818
vt 0.932351 0.071716
vt 0.929809 0.074382
vt 0.373006 0.519573
vt 0.373511 0.516673
vt 0.375568 0.520849
vt 0.930233 0.066562
vt 0.933055 0.068454
vt 0.925307 0.072457
vt 0.927547 0.067068
vt 0.949046 0.537495
vt 0.380678 0.522748
vt 0.375385 0.525307
vt 0.966620 0.510038
vt 0.368629 0.515913
vt 0.374959 0.511567
vt 0.856267 0.968614
vt 0.016310 0.234841
vt 0.964118 0.509546
vt 0.947815 0.540093
vt 0.319907 0.108790
vt 0.915004 0.063797
vt 0.369768 0.512881
vt 0.345822 0.483611
vt 0.349319 0.484281
vt 0.351642 0.485301
vt 0.060404 0.296068
vt 0.377939 0.526955
vt 0.930411 0.076865
vt 0.928712 0.074875
vt 0.154151 0.301732
vt 0.331101 0.474212
vt 0.003594 0.014250
vt 0.349518 0.478449
vt 0.960876 0.514552
vt 0.968479 0.769556
vt 0.963782 0.508715
vt 0.989133 0.669850
vt 0.965584 0.768758
vt 0.046826 0.304350
vt 0.997941 0.671044
vt 0.997699 0.676057
vt 0.852486 0.009363
vt 0.857690 0.006888
vt 0.914618 0.069177
vt 0.852873 0.010349
vt 0.008084 0.215536
vt 0.012696 0.235796
vt 0.010162 0.226245
vt 0.991046 0.668277
vt 0.997880 0.668349
vt 0.385785 0.520389
vt 0.909847 0.069922
vt 0.998175 0.679196
vt 0.862840 0.008106
vt 0.918289 0.068824
vt 0.920391 0.065283
vt 0.962650 0.578495
vt 0.962042 0.576113
vt 0.980753 0.758037
vt 0.981991 0.764338
vt 0.981278 0.767705
vt 0.371140 0.506321
vt 0.011163 0.230935
vt 0.992688 0.679617
vt 0.989081 0.677888
vt 0.928172 0.079461
vt 0.343768 0.482449
vt 0.353728 0.054617
vt 0.104845 0.471049
vt 0.345944 0.032772
vt 0.632921 0.071850
vt 0.119129 0.989183
vt 0.114236 0.991166
vt 0.115126 0.986828
vt 0.416496 0.056473
vt 0.338110 0.480876
vt 0.335450 0.479504
vt 0.344094 0.478428
vt 0.917726 0.065081
vt 0.332211 0.479912
vt 0.380854 0.528706
vt 0.318249 0.108732
vt 0.012225 0.015621
vt 0.862807 0.969583
vt 0.967611 0.094459
vt 0.942783 0.479343
vt 0.631116 0.076282
vt 0.720226 0.153268
vt 0.154958 0.296988
vt 0.961571 0.575293
vt 0.078183 0.289317
vt 0.053693 0.311595
vt 0.054119 0.309949
vt 0.924307 0.075885
vt 0.379931 0.506941
vt 0.016141 0.138409
vt 0.005213 0.029618
vt 0.942273 0.480933
vt 0.169111 0.283749
vt 0.383736 0.526388
vt 0.335761 0.477633
vt 0.011201 0.232542
vt 0.312427 0.107288
vt 0.094362 0.467186
vt 0.157778 0.290366
vt 0.629985 0.078075
vt 0.629908 0.079446
vt 0.005132 0.017004
vt 0.714321 0.155412
vt 0.719321 0.157380
vt 0.725796 0.161709
vt 0.155903 0.295156
vt 0.918492 0.073986
vt 0.950928 0.533693
vt 0.857283 0.974161
vt 0.155388 0.294099
vt 0.354545 0.478523
vt 0.011003 0.220033
vt 0.629131 0.082454
vt 0.962646 0.521134
vt 0.960951 0.521580
vt 0.628428 0.080864
vt 0.968931 0.581909
vt 0.153825 0.291674
vt 0.047874 0.302772
vt 0.860375 0.006734
vt 0.862664 0.007231
vt 0.320517 0.478138
vt 0.319782 0.478043
vt 0.323848 0.471637
vt 0.982492 0.768412
vt 0.952064 0.539011
vt 0.340058 0.477338
vt 0.989469 0.678657
vt 0.853784 0.003807
vt 0.856252 0.003749
vt 0.851192 0.006617
vt 0.955190 0.515356
vt 0.963369 0.582550
vt 0.899263 0.066086
vt 0.004081 0.534615
vt 0.004499 0.533680
vt 0.007594 0.538318
vt 0.154636 0.291063
vt 0.381188 0.501932
vt 0.934348 0.536606
vt 0.936616 0.533194
vt 0.053163 0.300831
vt 0.355460 0.054711
vt 0.322625 0.110230
vt 0.960129 0.508147
vt 0.052349 0.294189
vt 0.057114 0.293057
vt 0.058099 0.293961
vt 0.012792 0.223954
vt 0.277593 0.022714
vt 0.272588 0.022958
vt 0.162602 0.280887
vt 0.999301 0.670011
vt 0.957426 0.522239
vt 0.962391 0.578266
vt 0.390129 0.518941
vt 0.390779 0.524092
vt 0.348681 0.036630
vt 0.348510 0.032420
vt 0.047852 0.298831
vt 0.010708 0.229687
vt 0.923065 0.079713
vt 0.104709 0.978428
vt 0.106673 0.977724
vt 0.105857 0.980497
vt 0.008129 0.219500
vt 0.496846 0.016980
vt 0.500882 0.015817
vt 0.497913 0.017447
vt 0.505587 0.013772
vt 0.495673 0.013161
vt 0.499846 0.011135
vt 0.627422 0.089713
vt 0.003188 0.531444
vt 0.004959 0.528282
vt 0.009036 0.529741
vt 0.870118 0.971208
vt 0.870142 0.974268
vt 0.627611 0.079978
vt 0.903111 0.070388
vt 0.998619 0.676877
vt 0.108597 0.976995
vt 0.628194 0.086695
vt 0.625712 0.083709
vt 0.334368 0.472232
vt 0.338979 0.474648
vt 0.942208 0.527890
vt 0.947524 0.531439
vt 0.973682 0.579629
vt 0.626094 0.088904
vt 0.911749 0.073800
vt 0.010639 0.533670
vt 0.740786 0.019347
vt 0.741744 0.019322
vt 0.741372 0.023212
vt 0.390626 0.049851
vt 0.161675 0.285720
vt 0.917211 0.078427
vt 0.330556 0.464948
vt 0.756313 0.020134
vt 0.757428 0.021537
vt 0.756264 0.022356
vt 0.156674 0.287790
vt 0.961101 0.522938
vt 0.962833 0.524572
vt 0.744894 0.018936
vt 0.929453 0.082231
vt 0.927174 0.083855
vt 0.384764 0.528412
vt 0.965635 0.771257
vt 0.319937 0.110223
vt 0.757517 0.022610
vt 0.756963 0.024040
vt 0.317934 0.109811
vt 0.857446 0.978428
vt 0.851638 0.973962
vt 0.919350 0.077428
vt 0.105030 0.990470
vt 0.008977 0.227109
vt 0.101272 0.981516
vt 0.952977 0.537311
vt 0.349329 0.476414
vt 0.008249 0.537950
vt 0.345154 0.475378
vt 0.357153 0.051389
vt 0.354352 0.035073
vt 0.758880 0.024702
vt 0.755867 0.024906
vt 0.757090 0.025792
vt 0.736351 0.024312
vt 0.739952 0.024197
vt 0.739808 0.029670
vt 0.352376 0.034046
vt 0.735910 0.029568
vt 0.954929 0.509406
vt 0.955755 0.505235
vt 0.965548 0.774435
vt 0.968315 0.774559
vt 0.341009 0.470237
vt 0.626344 0.080362
vt 0.983874 0.771482
vt 0.152334 0.291186
vt 0.908091 0.075134
vt 0.625541 0.080165
vt 0.107746 0.985337
vt 0.869871 0.977765
vt 0.042220 0.315939
vt 0.324739 0.469425
vt 0.326236 0.467088
vt 0.969866 0.584190
vt 0.351897 0.475628
vt 0.009077 0.224955
vt 0.977157 0.770103
vt 0.355976 0.474477
vt 0.962773 0.580652
vt 0.013359 0.537785
vt 0.015002 0.529101
vt 0.016154 0.533971
vt 0.014326 0.537868
vt 0.168895 0.279891
vt 0.167938 0.278181
vt 0.870508 0.976292
vt 0.373150 0.503320
vt 0.972983 0.774561
vt 0.900885 0.076842
vt 0.359203 0.052276
vt 0.357798 0.055967
vt 0.356402 0.039885
vt 0.359808 0.042240
vt 0.974179 0.580583
vt 0.974001 0.583662
vt 0.360704 0.050422
vt 0.384130 0.504335
vt 0.983314 0.773664
vt 0.983814 0.772521
vt 0.047627 0.296120
vt 0.922316 0.081499
vt 0.156995 0.285865
vt 0.973548 0.778383
vt 0.953691 0.524043
vt 0.152201 0.285987
vt 0.389317 0.066783
vt 0.361053 0.046791
vt 0.969135 0.778598
vt 0.966743 0.778289
vt 0.965451 0.776061
vt 0.924673 0.083770
vt 0.056361 0.285557
vt 0.016221 0.534836
vt 0.850763 0.975520
vt 0.008123 0.221290
vt 0.386166 0.528762
vt 0.912195 0.080365
vt 0.344382 0.470422
vt 0.760545 0.029356
vt 0.348701 0.471203
vt 0.004166 0.527482
vt 0.008766 0.525144
vt 0.002611 0.524235
vt 0.007362 0.525511
vt 0.004808 0.523195
vt 0.976192 0.587213
vt 0.148715 0.288950
vt 0.356979 0.036632
vt 0.109780 0.987748
vt 0.392880 0.520870
vt 0.897924 0.069045
vt 0.393220 0.517285
vt 0.926379 0.085633
vt 0.924039 0.087359
vt 0.008660 0.221923
vt 0.941545 0.531080
vt 0.110355 0.983038
vt 0.151952 0.279165
vt 0.154584 0.282287
vt 0.151385 0.282678
vt 0.148607 0.279058
vt 0.855626 0.002296
vt 0.948797 0.504827
vt 0.957053 0.527270
vt 0.383667 0.501324
vt 0.416529 0.058603
vt 0.417036 0.075946
vt 0.411195 0.045956
vt 0.146883 0.286443
vt 0.624826 0.089051
vt 0.148964 0.278640
vt 0.112906 0.985074
vt 0.977179 0.774259
vt 0.410577 0.046786
vt 0.093459 0.012408
vt 0.098257 0.013226
vt 0.098811 0.014166
vt 0.870094 0.981428
vt 0.389032 0.063522
vt 0.008864 0.225828
vt 0.100258 0.980267
vt 0.100609 0.981398
vt 0.623485 0.085594
vt 0.007412 0.220543
vt 0.977949 0.777711
vt 0.496515 0.012051
vt 0.982688 0.774788
vt 0.979129 0.777291
vt 0.351965 0.473204
vt 0.156180 0.280783
vt 0.918154 0.084957
vt 0.036138 0.050299
vt 0.037654 0.047539
vt 0.038661 0.053124
vt 0.025248 0.748554
vt 0.032154 0.759379
vt 0.026253 0.751225
vt 0.739011 0.030341
vt 0.029851 0.747122
vt 0.923145 0.084859
vt 0.970366 0.588325
vt 0.964213 0.588753
vt 0.761354 0.031035
vt 0.758373 0.032559
vt 0.756057 0.031576
vt 0.007830 0.222858
vt 0.393680 0.500366
vt 0.983105 0.775418
vt 0.755254 0.028529
vt 0.354302 0.034260
vt 0.402354 0.511367
vt 0.914504 0.082870
vt 0.970839 0.779799
vt 0.943111 0.523442
vt 0.949232 0.528374
vt 0.952706 0.532363
vt 0.741274 0.027360
vt 0.387043 0.498989
vt 0.024755 0.750941
vt 0.024187 0.753196
vt 0.047025 0.293580
vt 0.857158 0.981413
vt 0.007325 0.221297
vt 0.351653 0.466154
vt 0.099722 0.981166
vt 0.097951 0.981744
vt 0.967786 0.779746
vt 0.966937 0.779153
vt 0.389183 0.526221
vt 0.058251 0.287064
vt 0.927934 0.090384
vt 0.158653 0.280739
vt 0.353864 0.472428
vt 0.155833 0.278539
vt 0.954056 0.535868
vt 0.953666 0.536927
vt 0.495541 0.011570
vt 0.335995 0.464597
vt 0.328405 0.462883
vt 0.359646 0.473442
vt 0.376205 0.501381
vt 0.392374 0.496668
vt 0.400146 0.495509
vt 0.012816 0.526544
vt 0.949932 0.516415
vt 0.982334 0.777304
vt 0.980933 0.777035
vt 0.396973 0.518657
vt 0.622823 0.087875
vt 0.975299 0.587248
vt 0.145934 0.287694
vt 0.342875 0.461153
vt 0.038277 0.062002
vt 0.038644 0.057390
vt 0.043950 0.059951
vt 0.918330 0.089616
vt 0.050501 0.282598
vt 0.058904 0.283823
vt 0.028729 0.755252
vt 0.143195 0.285773
vt 0.142901 0.285132
vt 0.145165 0.286425
vt 0.143279 0.286084
vt 0.041876 0.047813
vt 0.895388 0.071355
vt 0.100101 0.985650
vt 0.096159 0.983714
vt 0.096926 0.981048
vt 0.380068 0.497391
vt 0.051448 0.290857
vt 0.901705 0.077561
vt 0.908110 0.087610
vt 0.903709 0.080309
vt 0.026841 0.760491
vt 0.496515 0.011364
vt 0.498136 0.010911
vt 0.394673 0.524867
vt 0.393767 0.526675
vt 0.383353 0.496497
vt 0.051284 0.314516
vt 0.048092 0.314521
vt 0.162577 0.279755
vt 0.974629 0.777837
vt 0.402716 0.515699
vt 0.044507 0.314576
vt 0.909085 0.092886
vt 0.377362 0.496433
vt 0.948680 0.511140
vt 0.946885 0.506843
vt 0.972554 0.779676
vt 0.971808 0.780465
vt 0.953516 0.530436
vt 0.957016 0.528349
vt 0.039546 0.064151
vt 0.920807 0.087941
vt 0.144144 0.281227
vt 0.848759 0.975995
vt 0.850603 0.980190
vt 0.109691 0.012792
vt 0.109057 0.017174
vt 0.104059 0.013859
vt 0.848368 0.979339
vt 0.144027 0.285657
vt 0.503410 0.014474
vt 0.352567 0.468809
vt 0.143150 0.285161
vt 0.143301 0.285185
vt 0.111095 0.983456
vt 0.397674 0.523066
vt 0.023194 0.679679
vt 0.019470 0.680710
vt 0.019755 0.679725
vt 0.017169 0.533701
vt 0.008223 0.524600
vt 0.346367 0.451644
vt 0.407746 0.507539
vt 0.937124 0.531179
vt 0.939427 0.529781
vt 0.390662 0.528132
vt 0.389112 0.527907
vt 0.926036 0.092008
vt 0.397503 0.529949
vt 0.374302 0.497666
vt 0.744984 0.030861
vt 0.741293 0.030559
vt 0.899551 0.076861
vt 0.358903 0.471087
vt 0.098780 0.017629
vt 0.095551 0.020693
vt 0.029604 0.746112
vt 0.030896 0.746014
vt 0.407540 0.514194
vt 0.144365 0.286730
vt 0.982279 0.779259
vt 0.980292 0.778693
vt 0.109307 0.992567
vt 0.108033 0.990564
vt 0.004677 0.799394
vt 0.006730 0.799124
vt 0.002530 0.803721
vt 0.747063 0.032651
vt 0.753178 0.032285
vt 0.963278 0.584985
vt 0.147830 0.284953
vt 0.382157 0.493415
vt 0.143768 0.284659
vt 0.144438 0.279034
vt 0.972130 0.590684
vt 0.971050 0.591372
vt 0.976363 0.590619
vt 0.851342 0.985141
vt 0.500699 0.008641
vt 0.021647 0.688692
vt 0.018817 0.687773
vt 0.943530 0.510729
vt 0.392044 0.529677
vt 0.978611 0.591207
vt 0.018337 0.686440
vt 0.111421 0.991603
vt 0.979310 0.779015
vt 0.017940 0.277029
vt 0.016457 0.278206
vt 0.015560 0.277827
vt 0.018938 0.532835
vt 0.374046 0.499374
vt 0.374090 0.498309
vt 0.973118 0.781908
vt 0.398372 0.491086
vt 0.389857 0.493439
vt 0.053717 0.281047
vt 0.056527 0.283930
vt 0.956473 0.530429
vt 0.373968 0.496034
vt 0.376933 0.490922
vt 0.106978 0.990325
vt 0.393048 0.531075
vt 0.914710 0.091360
vt 0.018857 0.679955
vt 0.023467 0.686286
vt 0.023898 0.683651
vt 0.032901 0.743076
vt 0.034382 0.742047
vt 0.034768 0.743202
vt 0.046191 0.287008
vt 0.402060 0.521861
vt 0.405734 0.518788
vt 0.011870 0.276729
vt 0.015021 0.276252
vt 0.011326 0.278884
vt 0.393196 0.493745
vt 0.037349 0.075841
vt 0.039001 0.069606
vt 0.038046 0.076507
vt 0.381942 0.490523
vt 0.359691 0.469661
vt 0.042617 0.068334
vt 0.039182 0.066415
vt 0.953828 0.536351
vt 0.974297 0.779702
vt 0.050319 0.284007
vt 0.010030 0.801129
vt 0.012632 0.524196
vt 0.091967 0.016840
vt 0.012264 0.688821
vt 0.015847 0.679566
vt 0.390153 0.529174
vt 0.925447 0.093036
vt 0.015321 0.689910
vt 0.009296 0.279269
vt 0.013353 0.280819
vt 0.973555 0.781914
vt 0.005692 0.685108
vt 0.005401 0.683835
vt 0.010171 0.682272
vt 0.008319 0.687931
vt 0.966755 0.592992
vt 0.142063 0.279760
vt 0.006712 0.679923
vt 0.870395 0.983216
vt 0.857616 0.983184
vt 0.924044 0.094383
vt 0.412518 0.507299
vt 0.000317 0.803833
vt 0.000247 0.805998
vt 0.002243 0.808642
vt 0.379541 0.488880
vt 0.390673 0.529821
vt 0.926107 0.094256
vt 0.924788 0.093829
vt 0.048146 0.059581
vt 0.090492 0.016936
vt 0.090865 0.017790
vt 0.870738 0.988096
vt 0.870905 0.984441
vt 0.409950 0.516984
vt 0.856742 0.986802
vt 0.046216 0.048749
vt 0.921556 0.094801
vt 0.037541 0.754855
vt 0.016664 0.281041
vt 0.037031 0.745123
vt 0.973641 0.968112
vt 0.970522 0.969962
vt 0.967619 0.969390
vt 0.971378 0.964652
vt 0.975326 0.967199
vt 0.963929 0.587975
vt 0.893976 0.072827
vt 0.401000 0.528456
vt 0.035614 0.750998
vt 0.404249 0.491603
vt 0.970329 0.972337
vt 0.373254 0.497991
vt 0.506154 0.014048
vt 0.507559 0.013154
vt 0.359187 0.465504
vt 0.360097 0.467346
vt 0.050918 0.066417
vt 0.546032 0.098629
vt 0.548048 0.099259
vt 0.543608 0.100230
vt 0.373099 0.493121
vt 0.409740 0.072515
vt 0.398127 0.073122
vt 0.335033 0.460375
vt 0.360581 0.469131
vt 0.372926 0.496315
vt 0.038615 0.748764
vt 0.925205 0.095386
vt 0.102969 0.019261
vt 0.391948 0.531154
vt 0.143329 0.283302
vt 0.924319 0.096468
vt 0.922716 0.098484
vt 0.361565 0.467690
vt 0.362056 0.464936
vt 0.394244 0.489512
vt 0.018982 0.526045
vt 0.108757 0.019186
vt 0.040136 0.076711
vt 0.508551 0.012913
vt 0.058134 0.284626
vt 0.848731 0.981342
vt 0.332199 0.458736
vt 0.106850 0.022695
vt 0.100821 0.023165
vt 0.942134 0.514909
vt 0.010012 0.804470
vt 0.006615 0.805053
vt 0.395123 0.533188
vt 0.046116 0.068404
vt 0.042247 0.077563
vt 0.038485 0.747005
vt 0.502449 0.003344
vt 0.507597 0.005819
vt 0.901993 0.083442
vt 0.902037 0.082554
vt 0.026874 0.763313
vt 0.396563 0.533632
vt 0.964414 0.590647
vt 0.847936 0.983563
vt 0.893769 0.073596
vt 0.896666 0.075860
vt 0.077633 0.275060
vt 0.078767 0.286436
vt 0.048135 0.049924
vt 0.005193 0.809189
vt 0.943012 0.524855
vt 0.400319 0.533214
vt 0.414337 0.509803
vt 0.329353 0.456310
vt 0.071719 0.261034
vt 0.045269 0.071241
vt 0.417032 0.060649
vt 0.060681 0.277668
vt 0.414979 0.513013
vt 0.508953 0.007664
vt 0.964367 0.589807
vt 0.415673 0.501657
vt 0.416278 0.505774
vt 0.874602 0.986709
vt 0.543365 0.103759
vt 0.919401 0.103217
vt 0.366425 0.458577
vt 0.374233 0.483360
vt 0.328317 0.459926
vt 0.327811 0.458300
vt 0.406822 0.489930
vt 0.399886 0.487538
vt 0.862911 0.988107
vt 0.093655 0.990302
vt 0.376011 0.485558
vt 0.403091 0.488681
vt 0.511496 0.010718
vt 0.514439 0.013775
vt 0.398511 0.533511
vt 0.923094 0.100060
vt 0.922682 0.102506
vt 0.501481 0.004500
vt 0.547008 0.101759
vt 0.415370 0.065508
vt 0.414561 0.499603
vt 0.034452 0.763458
vt 0.046022 0.284380
vt 0.410513 0.492573
vt 0.946903 0.518412
vt 0.419198 0.520971
vt 0.408325 0.489246
vt 0.410219 0.490911
vt 0.052413 0.281116
vt 0.011550 0.689374
vt 0.014650 0.680325
vt 0.382985 0.478311
vt 0.391598 0.477945
vt 0.379904 0.485084
vt 0.097641 0.990835
vt 0.101896 0.993217
vt 0.511234 0.007395
vt 0.014023 0.523630
vt 0.512666 0.010468
vt 0.945152 0.521173
vt 0.057743 0.057758
vt 0.044919 0.072658
vt 0.094297 0.023644
vt 0.396566 0.480854
vt 0.400808 0.482036
vt 0.547504 0.102057
vt 0.546427 0.108178
vt 0.540272 0.095378
vt 0.540994 0.100088
vt 0.538931 0.094616
vt 0.860928 0.990234
vt 0.537491 0.103970
vt 0.848460 0.986522
vt 0.846623 0.985314
vt 0.512993 0.008808
vt 0.343124 0.454008
vt 0.401758 0.531297
vt 0.421198 0.509001
vt 0.421753 0.511569
vt 0.011397 0.681872
vt 0.017568 0.525927
vt 0.329905 0.453734
vt 0.333477 0.453072
vt 0.514751 0.010231
vt 0.856694 0.989256
vt 0.102588 0.025641
vt 0.542578 0.109526
vt 0.044717 0.279721
vt 0.050248 0.279882
vt 0.049992 0.280996
vt 0.378254 0.484593
vt 0.907172 0.092790
vt 0.009480 0.809139
vt 0.049075 0.071029
vt 0.953019 0.961989
vt 0.954386 0.961398
vt 0.953356 0.962656
vt 0.419441 0.514778
vt 0.512580 0.003145
vt 0.642782 0.101372
vt 0.640550 0.101125
vt 0.643002 0.095350
vt 0.090265 0.984202
vt 0.090220 0.982771
vt 0.090830 0.983517
vt 0.079400 0.984056
vt 0.090669 0.985572
vt 0.952901 0.958949
vt 0.952278 0.959957
vt 0.954346 0.958158
vt 0.410647 0.491866
vt 0.643395 0.101573
vt 0.642968 0.101853
vt 0.336947 0.453491
vt 0.241844 0.034569
vt 0.239356 0.033789
vt 0.245989 0.031997
vt 0.964498 0.975330
vt 0.967377 0.978266
vt 0.872562 0.989150
vt 0.079299 0.986899
vt 0.408629 0.530661
vt 0.407103 0.485357
vt 0.403732 0.482369
vt 0.957152 0.962878
vt 0.056682 0.065098
vt 0.039966 0.746982
vt 0.420947 0.513200
vt 0.870316 0.990656
vt 0.864097 0.990968
vt 0.040482 0.752106
vt 0.954361 0.957195
vt 0.957423 0.956993
vt 0.398740 0.538601
vt 0.092409 0.022147
vt 0.022252 0.321011
vt 0.009368 0.319253
vt 0.022452 0.320061
vt 0.644955 0.101710
vt 0.646290 0.104853
vt 0.082331 0.982189
vt 0.077137 0.983699
vt 0.245583 0.030660
vt 0.041305 0.531072
vt 0.040158 0.530230
vt 0.042194 0.530871
vt 0.010715 0.320837
vt 0.850290 0.989145
vt 0.536757 0.096380
vt 0.646173 0.102478
vt 0.091915 0.981868
vt 0.537959 0.094066
vt 0.405759 0.046486
vt 0.042391 0.530218
vt 0.416898 0.502166
vt 0.913940 0.098545
vt 0.969434 0.962969
vt 0.537163 0.110113
vt 0.095040 0.024612
vt 0.640876 0.095886
vt 0.964527 0.967939
vt 0.436949 0.906196
vt 0.422942 0.905237
vt 0.424664 0.898500
vt 0.436897 0.900502
vt 0.910472 0.097532
vt 0.077801 0.987673
vt 0.078949 0.987493
vt 0.055554 0.053517
vt 0.660580 0.022876
vt 0.651217 0.023476
vt 0.664300 0.015870
vt 0.031727 0.767609
vt 0.032536 0.769107
vt 0.099683 0.025049
vt 0.036764 0.768687
vt 0.437904 0.910950
vt 0.652568 0.024117
vt 0.053355 0.047114
vt 0.625326 0.093609
vt 0.605032 0.098078
vt 0.606181 0.094646
vt 0.065065 0.983774
vt 0.066494 0.989358
vt 0.606663 0.092266
vt 0.515494 0.101231
vt 0.064461 0.987039
vt 0.238011 0.026737
vt 0.244128 0.024093
vt 0.040549 0.743263
vt 0.604205 0.091116
vt 0.974373 0.962218
vt 0.517505 0.098162
vt 0.514581 0.094531
vt 0.071971 0.983399
vt 0.079024 0.982946
vt 0.045825 0.075251
vt 0.044805 0.074343
vt 0.051824 0.070408
vt 0.240145 0.023112
vt 0.243035 0.023647
vt 0.961542 0.958979
vt 0.044152 0.755432
vt 0.023643 0.319791
vt 0.955514 0.956229
vt 0.958942 0.956470
vt 0.019274 0.301760
vt 0.022561 0.303052
vt 0.009999 0.300262
vt 0.012595 0.300653
vt 0.422729 0.899228
vt 0.423028 0.898703
vt 0.902394 0.092107
vt 0.870949 0.990884
vt 0.106650 0.024849
vt 0.857197 0.990495
vt 0.245069 0.022066
vt 0.607287 0.091046
vt 0.520073 0.094432
vt 0.041136 0.525697
vt 0.045189 0.527272
vt 0.045332 0.531773
vt 0.520493 0.103930
vt 0.515209 0.102256
vt 0.964539 0.971543
vt 0.606033 0.099481
vt 0.064315 0.983129
vt 0.065158 0.990749
vt 0.041260 0.745333
vt 0.618699 0.091746
vt 0.070786 0.991381
vt 0.075595 0.991157
vt 0.603953 0.101749
vt 0.954214 0.963134
vt 0.402761 0.535718
vt 0.867462 0.992003
vt 0.041028 0.741211
vt 0.862513 0.991916
vt 0.524166 0.090744
vt 0.618317 0.113890
vt 0.616452 0.113176
vt 0.619345 0.112109
vt 0.019529 0.529814
vt 0.019769 0.526627
vt 0.023826 0.530261
vt 0.400416 0.905521
vt 0.401733 0.902789
vt 0.402489 0.905933
vt 0.400099 0.905841
vt 0.400948 0.907723
vt 0.859089 0.991703
vt 0.356879 0.407252
vt 0.353245 0.411104
vt 0.351567 0.408670
vt 0.871436 0.991675
vt 0.399657 0.899851
vt 0.401513 0.900573
vt 0.417506 0.901721
vt 0.417368 0.907698
vt 0.899363 0.089762
vt 0.899541 0.088006
vt 0.856576 0.991474
vt 0.398739 0.908339
vt 0.400763 0.909323
vt 0.109217 0.031838
vt 0.110443 0.036534
vt 0.106315 0.033896
vt 0.107842 0.037438
vt 0.616571 0.039107
vt 0.619860 0.043327
vt 0.610556 0.034262
vt 0.594806 0.046008
vt 0.599377 0.044230
vt 0.600189 0.051702
vt 0.057928 0.051534
vt 0.054800 0.046789
vt 0.056989 0.047118
vt 0.605209 0.050410
vt 0.594678 0.047719
vt 0.600311 0.043276
vt 0.363890 0.407540
vt 0.236373 0.037476
vt 0.234463 0.024122
vt 0.066122 0.981126
vt 0.023756 0.384974
vt 0.027511 0.389366
vt 0.020023 0.384776
vt 0.019914 0.380453
vt 0.049209 0.685975
vt 0.049367 0.684874
vt 0.050150 0.685571
vt 0.066457 0.991463
vt 0.044377 0.748776
vt 0.605416 0.113280
vt 0.603615 0.111654
vt 0.229117 0.022995
vt 0.630247 0.105297
vt 0.018591 0.382177
vt 0.642195 0.105165
vt 0.065422 0.981511
vt 0.220110 0.033442
vt 0.222589 0.032712
vt 0.226031 0.040159
vt 0.521842 0.108115
vt 0.517963 0.106089
vt 0.536660 0.092419
vt 0.229804 0.039795
vt 0.954242 0.967816
vt 0.961149 0.953523
vt 0.971642 0.959499
vt 0.008368 0.315958
vt 0.010376 0.313341
vt 0.953246 0.967536
vt 0.103996 0.029880
vt 0.059282 0.051671
vt 0.059555 0.053508
vt 0.051015 0.075850
vt 0.011264 0.308103
vt 0.009158 0.304560
vt 0.024530 0.316929
vt 0.026062 0.318267
vt 0.608052 0.053832
vt 0.609973 0.053563
vt 0.421922 0.908157
vt 0.091863 0.024317
vt 0.872775 0.992073
vt 0.999326 0.664680
vt 0.994466 0.662693
vt 0.993457 0.659039
vt 0.876548 0.992737
vt 0.105310 0.033293
vt 0.650572 0.020942
vt 0.513309 0.017777
vt 0.024881 0.305388
vt 0.022052 0.309138
vt 0.396420 0.909041
vt 0.399617 0.909736
vt 0.011628 0.312277
vt 0.650725 0.023638
vt 0.646486 0.020655
vt 0.598952 0.043467
vt 0.031939 0.770877
vt 0.033582 0.771688
vt 0.032617 0.771798
vt 0.353624 0.452202
vt 0.623860 0.055470
vt 0.608227 0.035721
vt 0.608431 0.034344
vt 0.845446 0.985445
vt 0.846205 0.986922
vt 0.625041 0.050096
vt 0.625476 0.053532
vt 0.094129 0.024172
vt 0.851673 0.991780
vt 0.854800 0.991726
vt 0.406711 0.483138
vt 0.414137 0.529995
vt 0.363172 0.411150
vt 0.043887 0.763733
vt 0.099565 0.026197
vt 0.098127 0.026467
vt 0.505686 0.002748
vt 0.410509 0.074624
vt 0.043816 0.683435
vt 0.049300 0.683056
vt 0.100578 0.026354
vt 0.847295 0.988382
vt 0.402277 0.900337
vt 0.612718 0.057114
vt 0.617584 0.057120
vt 0.101245 0.028920
vt 0.603855 0.042180
vt 0.330191 0.450629
vt 0.039861 0.684224
vt 0.039879 0.681805
vt 0.400042 0.899706
vt 0.372528 0.408817
vt 0.371392 0.410520
vt 0.369853 0.411368
vt 0.607330 0.037525
vt 0.905169 0.095508
vt 0.100428 0.026853
vt 0.618953 0.060759
vt 0.619895 0.058629
vt 0.396897 0.070513
vt 0.436446 0.912412
vt 0.662586 0.015530
vt 0.058597 0.064743
vt 0.044054 0.681042
vt 0.095027 0.025035
vt 0.407474 0.536837
vt 0.404175 0.537514
vt 0.422730 0.911170
vt 0.436625 0.915209
vt 0.427778 0.916265
vt 0.651370 0.018159
vt 0.336758 0.450877
vt 0.339872 0.410646
vt 0.340593 0.411300
vt 0.339190 0.412936
vt 0.338241 0.411619
vt 0.220233 0.029119
vt 0.627030 0.056220
vt 0.045043 0.752527
vt 0.605103 0.110570
vt 0.526293 0.108688
vt 0.026179 0.525190
vt 0.021665 0.525672
vt 0.065064 0.992754
vt 0.601115 0.042246
vt 0.532836 0.090982
vt 0.060782 0.052922
vt 0.063392 0.053337
vt 0.053497 0.685349
vt 0.099553 0.026670
vt 0.621103 0.060915
vt 0.621046 0.059565
vt 0.622942 0.060734
vt 0.347340 0.413552
vt 0.904768 0.098428
vt 0.620282 0.060016
vt 0.603803 0.102350
vt 0.363304 0.455752
vt 0.366504 0.456422
vt 0.374117 0.480801
vt 0.377462 0.478511
vt 0.379823 0.477636
vt 0.994472 0.666244
vt 0.993726 0.665524
vt 0.993198 0.662692
vt 0.418624 0.914858
vt 0.974924 0.960058
vt 0.603203 0.040323
vt 0.401190 0.899567
vt 0.406644 0.902197
vt 0.403374 0.899408
vt 0.724805 0.926059
vt 0.728228 0.931585
vt 0.723916 0.930053
vt 0.412432 0.535379
vt 0.408411 0.537185
vt 0.406630 0.908621
vt 0.405898 0.909981
vt 0.054887 0.069425
vt 0.539998 0.113115
vt 0.402682 0.910851
vt 0.647773 0.105452
vt 0.646010 0.105282
vt 0.405169 0.479774
vt 0.406278 0.481264
vt 0.510557 0.001340
vt 0.412102 0.071976
vt 0.053489 0.071102
vt 0.406724 0.900802
vt 0.334288 0.449052
vt 0.401344 0.910292
vt 0.398738 0.910718
vt 0.536307 0.091197
vt 0.035043 0.774365
vt 0.329833 0.449451
vt 0.061915 0.854427
vt 0.056676 0.856596
vt 0.061173 0.853677
vt 0.543603 0.111540
vt 0.403456 0.074641
vt 0.035383 0.525210
vt 0.964312 0.973807
vt 0.400150 0.479130
vt 0.339686 0.414521
vt 0.342981 0.411239
vt 0.345020 0.411931
vt 0.621689 0.110786
vt 0.602483 0.109468
vt 0.523667 0.089845
vt 0.536970 0.116517
vt 0.531819 0.114853
vt 0.063063 0.849541
vt 0.058079 0.848705
vt 0.728903 0.003444
vt 0.728530 0.007380
vt 0.727292 0.004939
vt 0.422473 0.511936
vt 0.963573 0.952468
vt 0.415556 0.902301
vt 0.526736 0.114598
vt 0.623497 0.060279
vt 0.014617 0.388712
vt 0.015936 0.386887
vt 0.021734 0.390921
vt 0.640738 0.111422
vt 0.018018 0.383601
vt 0.373040 0.409990
vt 0.607120 0.035816
vt 0.643607 0.108985
vt 0.988141 0.665720
vt 0.987556 0.660740
vt 0.991799 0.665869
vt 0.646971 0.013726
vt 0.644538 0.112267
vt 0.524772 0.111498
vt 0.646513 0.015425
vt 0.048356 0.754216
vt 0.397555 0.476257
vt 0.524218 0.109708
vt 0.051073 0.753686
vt 0.051817 0.754609
vt 0.054907 0.682189
vt 0.603115 0.102604
vt 0.237367 0.042234
vt 0.235955 0.043161
vt 0.026232 0.394090
vt 0.028617 0.390404
vt 0.422406 0.519894
vt 0.044651 0.525008
vt 0.045948 0.525069
vt 0.986687 0.664224
vt 0.226858 0.021587
vt 0.223225 0.026462
vt 0.232336 0.042592
vt 0.061521 0.848257
vt 0.650369 0.012627
vt 0.654507 0.011791
vt 0.104548 0.890070
vt 0.104280 0.887159
vt 0.104489 0.887968
vt 0.099754 0.889923
vt 0.022457 0.313286
vt 0.423323 0.917444
vt 0.346016 0.411655
vt 0.042442 0.524437
vt 0.045163 0.524239
vt 0.626755 0.057177
vt 0.068165 0.060953
vt 0.646876 0.106102
vt 0.961296 0.972497
vt 0.407239 0.903622
vt 0.974556 0.955373
vt 0.971977 0.954367
vt 0.733190 0.011890
vt 0.730663 0.012649
vt 0.731423 0.006775
vt 0.056760 0.065872
vt 0.644922 0.109417
vt 0.409574 0.470259
vt 0.408041 0.471027
vt 0.409020 0.467875
vt 0.729911 0.007005
vt 0.412749 0.902480
vt 0.053821 0.754715
vt 0.966040 0.949704
vt 0.953861 0.968879
vt 0.423757 0.512005
vt 0.410597 0.467224
vt 0.409795 0.465544
vt 0.417248 0.071891
vt 0.417242 0.912775
vt 0.055791 0.861048
vt 0.054183 0.855285
vt 0.625849 0.058022
vt 0.643816 0.020603
vt 0.644186 0.016902
vt 0.542246 0.115710
vt 0.544925 0.116031
vt 0.426134 0.521124
vt 0.425670 0.517864
vt 0.343882 0.446635
vt 0.537607 0.118970
vt 0.402886 0.476095
vt 0.985081 0.663113
vt 0.332311 0.446604
vt 0.605528 0.037724
vt 0.408646 0.464470
vt 0.042272 0.771796
vt 0.059165 0.757506
vt 0.366833 0.415264
vt 0.370931 0.414856
vt 0.367257 0.454600
vt 0.369212 0.455864
vt 0.052198 0.864699
vt 0.064738 0.052780
vt 0.064302 0.053183
vt 0.039860 0.678564
vt 0.014204 0.386883
vt 0.361825 0.453322
vt 0.334969 0.444956
vt 0.018340 0.378640
vt 0.731375 0.001120
vt 0.010283 0.390441
vt 0.057137 0.755345
vt 0.410028 0.908457
vt 0.361118 0.450656
vt 0.050039 0.678201
vt 0.436945 0.916798
vt 0.407323 0.902617
vt 0.057948 0.755006
vt 0.359840 0.415284
vt 0.354259 0.413864
vt 0.983423 0.665747
vt 0.641344 0.021206
vt 0.642469 0.020292
vt 0.044655 0.676198
vt 0.414371 0.909922
vt 0.413428 0.908900
vt 0.421366 0.916607
vt 0.729104 0.012741
vt 0.408441 0.539312
vt 0.374110 0.413766
vt 0.066313 0.052103
vt 0.053535 0.847362
vt 0.963631 0.951646
vt 0.413018 0.910318
vt 0.411448 0.909008
vt 0.048465 0.875047
vt 0.046419 0.872599
vt 0.049066 0.872733
vt 0.036595 0.778075
vt 0.034779 0.777388
vt 0.982785 0.664129
vt 0.049827 0.872772
vt 0.049097 0.870005
vt 0.052430 0.869964
vt 0.648993 0.013116
vt 0.052053 0.868003
vt 0.045214 0.487513
vt 0.044664 0.488050
vt 0.045147 0.484027
vt 0.067250 0.052519
vt 0.982054 0.665687
vt 0.043662 0.488125
vt 0.041467 0.491264
vt 0.040354 0.488152
vt 0.042607 0.483921
vt 0.350447 0.447015
vt 0.415066 0.911897
vt 0.089516 0.890200
vt 0.088963 0.887549
vt 0.088573 0.886853
vt 0.090380 0.890925
vt 0.542424 0.123479
vt 0.543028 0.119796
vt 0.661788 0.013420
vt 0.655495 0.009312
vt 0.716730 0.008025
vt 0.725669 0.001433
vt 0.045756 0.482337
vt 0.045774 0.478593
vt 0.346062 0.421705
vt 0.430476 0.919124
vt 0.965588 0.981800
vt 0.963970 0.976871
vt 0.098994 0.888569
vt 0.347364 0.418017
vt 0.039678 0.469482
vt 0.040804 0.470210
vt 0.042265 0.472435
vt 0.038412 0.470591
vt 0.356392 0.449107
vt 0.424478 0.524363
vt 0.393852 0.473768
vt 0.141671 0.794310
vt 0.141997 0.794153
vt 0.140261 0.797584
vt 0.963451 0.951295
vt 0.964267 0.948968
vt 0.141246 0.797346
vt 0.044187 0.870850
vt 0.368697 0.453563
vt 0.369299 0.454597
vt 0.965623 0.947267
vt 0.963253 0.949756
vt 0.356455 0.415818
vt 0.058485 0.685419
vt 0.732944 0.934177
vt 0.729523 0.927492
vt 0.754720 0.938549
vt 0.731124 0.940380
vt 0.984525 0.657419
vt 0.651915 0.011988
vt 0.339343 0.442039
vt 0.417053 0.913592
vt 0.055787 0.846563
vt 0.060669 0.844515
vt 0.350734 0.416811
vt 0.428475 0.918836
vt 0.015558 0.599434
vt 0.013586 0.595251
vt 0.020381 0.597992
vt 0.377207 0.477692
vt 0.021272 0.595300
vt 0.022802 0.595773
vt 0.407394 0.463043
vt 0.653395 0.010475
vt 0.015127 0.378341
vt 0.358061 0.446492
vt 0.013416 0.599558
vt 0.991192 0.367577
vt 0.989382 0.369706
vt 0.990226 0.365553
vt 0.048689 0.476362
vt 0.047743 0.475012
vt 0.049173 0.474991
vt 0.094118 0.889172
vt 0.042956 0.469796
vt 0.345857 0.443460
vt 0.042770 0.478420
vt 0.980315 0.663472
vt 0.062186 0.846678
vt 0.043236 0.470300
vt 0.008772 0.383999
vt 0.061590 0.064624
vt 0.608290 0.009989
vt 0.610106 0.008278
vt 0.608967 0.010156
vt 0.991023 0.366110
vt 0.994656 0.366127
vt 0.374659 0.417778
vt 0.062641 0.843553
vt 0.333403 0.442006
vt 0.607975 0.003768
vt 0.013513 0.381036
vt 0.727626 0.936787
vt 0.038059 0.486747
vt 0.722383 0.936201
vt 0.433324 0.920132
vt 0.430948 0.920157
vt 0.377374 0.476598
vt 0.379000 0.476598
vt 0.411864 0.536006
vt 0.045078 0.469059
vt 0.038322 0.472939
vt 0.382736 0.473359
vt 0.989304 0.653807
vt 0.370856 0.419492
vt 0.021730 0.594188
vt 0.964963 0.945273
vt 0.369756 0.448235
vt 0.369799 0.452290
vt 0.140356 0.797290
vt 0.663203 0.011051
vt 0.656447 0.007743
vt 0.422298 0.917457
vt 0.416039 0.536294
vt 0.044705 0.865219
vt 0.049400 0.854913
vt 0.046662 0.466005
vt 0.047600 0.468643
vt 0.426220 0.919392
vt 0.352637 0.442698
vt 0.105120 0.887243
vt 0.103670 0.885888
vt 0.103653 0.885164
vt 0.963070 0.945837
vt 0.964511 0.942662
vt 0.051307 0.847545
vt 0.047298 0.465836
vt 0.413812 0.536137
vt 0.608956 0.002525
vt 0.052522 0.474691
vt 0.051746 0.474957
vt 0.051979 0.474600
vt 0.650198 0.012086
vt 0.047516 0.464977
vt 0.049257 0.464981
vt 0.355340 0.445554
vt 0.059477 0.682076
vt 0.353663 0.418413
vt 0.611257 0.011768
vt 0.047625 0.767899
vt 0.061671 0.761309
vt 0.053556 0.474004
vt 0.052513 0.473853
vt 0.651606 0.010689
vt 0.729342 0.939627
vt 0.138015 0.814953
vt 0.140409 0.808333
vt 0.140759 0.822041
vt 0.403336 0.460034
vt 0.406605 0.460431
vt 0.982058 0.660876
vt 0.654714 0.008770
vt 0.050496 0.676358
vt 0.039493 0.779333
vt 0.051264 0.471679
vt 0.405244 0.458176
vt 0.402145 0.456626
vt 0.056470 0.470910
vt 0.055037 0.470244
vt 0.056238 0.469155
vt 0.373852 0.419525
vt 0.397800 0.471545
vt 0.423236 0.528051
vt 0.417715 0.534213
vt 0.429301 0.919901
vt 0.052510 0.462493
vt 0.052632 0.463471
vt 0.051013 0.464116
vt 0.011717 0.308846
vt 0.142678 0.813841
vt 0.142235 0.821685
vt 0.986708 0.653439
vt 0.012023 0.602397
vt 0.986808 0.369200
vt 0.338433 0.436956
vt 0.054888 0.472223
vt 0.380782 0.473273
vt 0.544015 0.119442
vt 0.050168 0.463284
vt 0.022060 0.312859
vt 0.056092 0.676333
vt 0.615692 0.008605
vt 0.068949 0.056174
vt 0.071256 0.053090
vt 0.043971 0.772289
vt 0.047285 0.769564
vt 0.355034 0.418260
vt 0.978606 0.364066
vt 0.980320 0.365730
vt 0.980021 0.367126
vt 0.973605 0.368081
vt 0.024153 0.606292
vt 0.138080 0.825391
vt 0.068232 0.059389
vt 0.342511 0.424303
vt 0.986548 0.365404
vt 0.988426 0.365781
vt 0.102879 0.881300
vt 0.611647 0.007097
vt 0.373439 0.421590
vt 0.610130 0.000574
vt 0.010954 0.309023
vt 0.065910 0.065132
vt 0.737048 0.941665
vt 0.373206 0.422806
vt 0.138861 0.800791
vt 0.140302 0.804955
vt 0.059803 0.680075
vt 0.369946 0.446089
vt 0.059569 0.466020
vt 0.057871 0.467468
vt 0.054627 0.462988
vt 0.395157 0.451285
vt 0.396022 0.452716
vt 0.393818 0.452537
vt 0.393749 0.450925
vt 0.374711 0.421498
vt 0.380894 0.471464
vt 0.339721 0.417737
vt 0.339844 0.421335
vt 0.546185 0.118904
vt 0.548022 0.121579
vt 0.095202 0.890523
vt 0.099112 0.889580
vt 0.140459 0.800115
vt 0.382857 0.469579
vt 0.139987 0.797984
vt 0.053504 0.844581
vt 0.058687 0.843436
vt 0.390722 0.454668
vt 0.128884 0.814887
vt 0.127657 0.810964
vt 0.130520 0.815888
vt 0.127950 0.822069
vt 0.062071 0.842162
vt 0.133929 0.814672
vt 0.129136 0.824875
vt 0.018498 0.376761
vt 0.017840 0.374669
vt 0.021151 0.600640
vt 0.043094 0.773060
vt 0.039547 0.480103
vt 0.135127 0.825727
vt 0.142633 0.824322
vt 0.142678 0.827220
vt 0.040032 0.675591
vt 0.037835 0.485171
vt 0.097451 0.881503
vt 0.126742 0.806981
vt 0.125762 0.804221
vt 0.729730 0.920151
vt 0.741022 0.922126
vt 0.768525 0.929286
vt 0.730787 0.926169
vt 0.008118 0.391407
vt 0.009434 0.391120
vt 0.051271 0.844285
vt 0.045400 0.672633
vt 0.049915 0.673698
vt 0.965063 0.943596
vt 0.138169 0.797681
vt 0.351452 0.421507
vt 0.015776 0.375380
vt 0.006840 0.389412
vt 0.388763 0.468918
vt 0.354314 0.441066
vt 0.048097 0.848972
vt 0.984545 0.653866
vt 0.612160 0.000107
vt 0.613310 0.005752
vt 0.375164 0.423102
vt 0.376235 0.426262
vt 0.354801 0.423211
vt 0.352739 0.423745
vt 0.122279 0.825476
vt 0.125021 0.825050
vt 0.118412 0.828030
vt 0.127087 0.824423
vt 0.354437 0.421540
vt 0.094164 0.886244
vt 0.135587 0.802354
vt 0.142770 0.831452
vt 0.138173 0.828398
vt 0.088098 0.885427
vt 0.092612 0.881564
vt 0.041060 0.669123
vt 0.119823 0.828574
vt 0.341079 0.423728
vt 0.918316 0.954381
vt 0.919531 0.954472
vt 0.917906 0.955207
vt 0.046835 0.772913
vt 0.045501 0.775463
vt 0.637562 0.974528
vt 0.638063 0.975137
vt 0.636803 0.975438
vt 0.725702 0.015665
vt 0.723003 0.016709
vt 0.719719 0.011333
vt 0.040283 0.671379
vt 0.130812 0.806453
vt 0.043587 0.868796
vt 0.341038 0.440061
vt 0.141535 0.832294
vt 0.720201 0.939536
vt 0.721286 0.937393
vt 0.126582 0.829522
vt 0.073183 0.264649
vt 0.988588 0.364790
vt 0.120809 0.831430
vt 0.635298 0.978633
vt 0.634538 0.978952
vt 0.543238 0.125290
vt 0.544466 0.122940
vt 0.136416 0.797668
vt 0.045789 0.857394
vt 0.712853 0.004905
vt 0.134423 0.065790
vt 0.135379 0.061252
vt 0.137199 0.065994
vt 0.984777 0.369214
vt 0.132402 0.805954
vt 0.921982 0.959221
vt 0.013102 0.379642
vt 0.013358 0.377299
vt 0.547107 0.123143
vt 0.035778 0.473847
vt 0.007505 0.387375
vt 0.042965 0.870787
vt 0.371933 0.443818
vt 0.370370 0.440817
vt 0.031628 0.474842
vt 0.383690 0.466957
vt 0.546613 0.125224
vt 0.921972 0.957950
vt 0.127873 0.804236
vt 0.749461 0.959798
vt 0.746571 0.960763
vt 0.748665 0.957940
vt 0.136207 0.831398
vt 0.140419 0.835097
vt 0.055847 0.671914
vt 0.018778 0.611737
vt 0.333331 0.440815
vt 0.333468 0.439327
vt 0.354837 0.439433
vt 0.130811 0.080827
vt 0.132856 0.085098
vt 0.130759 0.084876
vt 0.008129 0.388202
vt 0.046211 0.843828
vt 0.374107 0.441523
vt 0.128924 0.804266
vt 0.045101 0.855291
vt 0.987306 0.365019
vt 0.987803 0.364581
vt 0.986036 0.649607
vt 0.346644 0.439382
vt 0.043837 0.844492
vt 0.726406 0.942792
vt 0.728991 0.942825
vt 0.079025 0.270542
vt 0.078779 0.268014
vt 0.043332 0.850230
vt 0.344333 0.439955
vt 0.011494 0.379379
vt 0.020393 0.172169
vt 0.019177 0.172845
vt 0.019251 0.169144
vt 0.348407 0.425066
vt 0.053163 0.661999
vt 0.614919 0.005277
vt 0.059797 0.674986
vt 0.614617 0.000599
vt 0.087227 0.883894
vt 0.083306 0.885171
vt 0.086020 0.879698
vt 0.753807 0.926420
vt 0.337353 0.436943
vt 0.034744 0.484990
vt 0.858192 0.051712
vt 0.864523 0.051521
vt 0.865850 0.051892
vt 0.047005 0.841054
vt 0.983360 0.374366
vt 0.983303 0.365104
vt 0.618108 0.006181
vt 0.617274 0.009618
vt 0.101292 0.876070
vt 0.086349 0.879232
vt 0.751253 0.960948
vt 0.985109 0.364696
vt 0.618070 0.003352
vt 0.742431 0.953431
vt 0.137384 0.085143
vt 0.009795 0.181028
vt 0.008339 0.181829
vt 0.009485 0.176232
vt 0.010636 0.177669
vt 0.341996 0.426336
vt 0.339641 0.424414
vt 0.983104 0.649473
vt 0.372792 0.426451
vt 0.362850 0.424290
vt 0.354723 0.426115
vt 0.346255 0.427379
vt 0.344912 0.424641
vt 0.989066 0.650378
vt 0.616253 0.000856
vt 0.617757 0.001245
vt 0.987213 0.364496
vt 0.013071 0.609757
vt 0.987292 0.650226
vt 0.044059 0.846965
vt 0.615424 0.000323
vt 0.047862 0.772308
vt 0.134641 0.797805
vt 0.135460 0.797026
vt 0.912546 0.957435
vt 0.907719 0.960881
vt 0.909881 0.956132
vt 0.355450 0.435755
vt 0.364326 0.437108
vt 0.131383 0.806925
vt 0.015486 0.176654
vt 0.014658 0.169246
vt 0.012564 0.172560
vt 0.770739 0.933736
vt 0.726738 0.925797
vt 0.081788 0.881658
vt 0.016409 0.167299
vt 0.032967 0.484518
vt 0.749264 0.963811
vt 0.007237 0.179302
vt 0.121395 0.833469
vt 0.007855 0.182316
vt 0.132339 0.804131
vt 0.131599 0.803656
vt 0.991879 0.253821
vt 0.989824 0.254832
vt 0.991272 0.251991
vt 0.339754 0.436088
vt 0.987223 0.649313
vt 0.730624 0.943616
vt 0.730439 0.944834
vt 0.352107 0.435645
vt 0.341123 0.427317
vt 0.340868 0.426097
vt 0.351529 0.428653
vt 0.339634 0.425669
vt 0.634749 0.980149
vt 0.637371 0.977138
vt 0.985485 0.648750
vt 0.132350 0.801083
vt 0.006997 0.181219
vt 0.715690 0.944901
vt 0.717387 0.940537
vt 0.977123 0.373788
vt 0.042453 0.849270
vt 0.140564 0.059661
vt 0.146293 0.063782
vt 0.144883 0.065934
vt 0.989927 0.249349
vt 0.991643 0.250354
vt 0.869576 0.052295
vt 0.870171 0.053301
vt 0.868262 0.053864
vt 0.044123 0.854404
vt 0.043827 0.840523
vt 0.044795 0.838836
vt 0.981838 0.376426
vt 0.006226 0.179633
vt 0.067438 0.263339
vt 0.865465 0.058888
vt 0.858292 0.059248
vt 0.744544 0.919853
vt 0.566901 0.008804
vt 0.567573 0.006283
vt 0.568592 0.010196
vt 0.743040 0.964323
vt 0.132827 0.797243
vt 0.343785 0.436654
vt 0.631855 0.980566
vt 0.039705 0.844014
vt 0.041467 0.844971
vt 0.040495 0.845353
vt 0.731316 0.945636
vt 0.731160 0.947232
vt 0.149824 0.072885
vt 0.748562 0.945253
vt 0.435117 0.992512
vt 0.436461 0.991770
vt 0.436049 0.993651
vt 0.987579 0.249947
vt 0.986376 0.253166
vt 0.134288 0.797626
vt 0.340163 0.426958
vt 0.137726 0.091931
vt 0.136036 0.087064
vt 0.142958 0.088402
vt 0.630157 0.982810
vt 0.635611 0.985121
vt 0.042456 0.838963
vt 0.041524 0.836855
vt 0.984030 0.647733
vt 0.871447 0.051363
vt 0.871521 0.052628
vt 0.145233 0.085435
vt 0.852248 0.051619
vt 0.853381 0.052320
vt 0.852030 0.052754
vt 0.338559 0.436042
vt 0.920236 0.963496
vt 0.437318 0.989963
vt 0.438617 0.991341
vt 0.042517 0.835702
vt 0.851851 0.057923
vt 0.353074 0.428119
vt 0.077174 0.266886
vt 0.048211 0.661368
vt 0.042137 0.662586
vt 0.720315 0.017305
vt 0.718563 0.012695
vt 0.721134 0.016919
vt 0.078745 0.267226
vt 0.721889 0.017135
vt 0.089586 0.877768
vt 0.341313 0.429589
vt 0.039972 0.846221
vt 0.028503 0.485403
vt 0.026249 0.474155
vt 0.745643 0.965799
vt 0.059885 0.672434
vt 0.736352 0.951213
vt 0.740092 0.953362
vt 0.734964 0.950578
vt 0.042828 0.839846
vt 0.568595 0.003103
vt 0.041577 0.843234
vt 0.120898 0.836578
vt 0.718335 0.011755
vt 0.100735 0.875006
vt 0.101544 0.874842
vt 0.742742 0.944178
vt 0.341102 0.428375
vt 0.138935 0.840214
vt 0.987427 0.254208
vt 0.724260 0.946480
vt 0.721041 0.017882
vt 0.095676 0.874569
vt 0.718701 0.010916
vt 0.872752 0.051965
vt 0.873458 0.057284
vt 0.340963 0.434976
vt 0.025177 0.462845
vt 0.016658 0.467638
vt 0.018523 0.461346
vt 0.023754 0.468727
vt 0.133013 0.795250
vt 0.850800 0.051765
vt 0.850585 0.053059
vt 0.339672 0.435039
vt 0.133593 0.794223
vt 0.134138 0.795600
vt 0.078482 0.266271
vt 0.074710 0.556005
vt 0.073920 0.557023
vt 0.072759 0.555468
vt 0.074000 0.555466
vt 0.085624 0.879212
vt 0.087950 0.878067
vt 0.435872 0.997707
vt 0.436638 0.996944
vt 0.435470 0.998545
vt 0.441924 0.995456
vt 0.437149 0.994771
vt 0.868321 0.068408
vt 0.735844 0.958380
vt 0.987690 0.242096
vt 0.911028 0.950169
vt 0.912065 0.956040
vt 0.905027 0.947835
vt 0.749884 0.922632
vt 0.570623 0.002727
vt 0.573846 0.003654
vt 0.139571 0.837278
vt 0.983537 0.248900
vt 0.028305 0.460604
vt 0.040015 0.839132
vt 0.442850 0.992519
vt 0.994402 0.248037
vt 0.993106 0.245691
vt 0.874135 0.051803
vt 0.874358 0.052526
vt 0.014801 0.457662
vt 0.879218 0.051129
vt 0.879227 0.052925
vt 0.075650 0.263623
vt 0.570444 0.013197
vt 0.575264 0.010219
vt 0.577885 0.009139
vt 0.973915 0.243574
vt 0.974433 0.242186
vt 0.974066 0.244696
vt 0.090983 0.876208
vt 0.057084 0.666126
vt 0.060463 0.667829
vt 0.040903 0.667545
vt 0.732590 0.966186
vt 0.012971 0.469812
vt 0.026456 0.472182
vt 0.717159 0.009751
vt 0.006735 0.178028
vt 0.983935 0.247645
vt 0.008124 0.174074
vt 0.015733 0.455478
vt 0.101530 0.873883
vt 0.101427 0.871968
vt 0.360312 0.429930
vt 0.923874 0.959503
vt 0.926123 0.961474
vt 0.859083 0.065364
vt 0.097508 0.872423
vt 0.011196 0.468023
vt 0.991269 0.242995
vt 0.023848 0.612465
vt 0.442385 0.998804
vt 0.439822 0.999759
vt 0.921584 0.964700
vt 0.985388 0.253550
vt 0.984455 0.252412
vt 0.878661 0.053807
vt 0.018619 0.614197
vt 0.014111 0.612050
vt 0.984008 0.251932
vt 0.013839 0.168512
vt 0.021249 0.280966
vt 0.018955 0.280191
vt 0.022459 0.280024
vt 0.059531 0.264217
vt 0.354772 0.089410
vt 0.366921 0.097652
vt 0.363022 0.098079
vt 0.357128 0.086868
vt 0.742698 0.966835
vt 0.573524 0.007473
vt 0.878944 0.055734
vt 0.130761 0.840338
vt 0.720764 0.952327
vt 0.634706 0.987665
vt 0.630134 0.991037
vt 0.041519 0.663822
vt 0.979407 0.375599
vt 0.146058 0.087209
vt 0.024371 0.280200
vt 0.025173 0.280882
vt 0.126061 0.843572
vt 0.125178 0.843044
vt 0.126999 0.842297
vt 0.042570 0.566116
vt 0.044507 0.557578
vt 0.048977 0.565230
vt 0.047779 0.567804
vt 0.041172 0.560569
vt 0.128491 0.842391
vt 0.865883 0.066451
vt 0.138159 0.846135
vt 0.133649 0.844113
vt 0.047251 0.571017
vt 0.792315 0.987911
vt 0.787441 0.988681
vt 0.789658 0.986741
vt 0.791625 0.992562
vt 0.119867 0.843134
vt 0.850179 0.054688
vt 0.150902 0.079026
vt 0.875394 0.067518
vt 0.931717 0.962666
vt 0.928764 0.962088
vt 0.936062 0.962542
vt 0.937223 0.961981
vt 0.938260 0.964153
vt 0.932707 0.971263
vt 0.975123 0.375263
vt 0.970054 0.373439
vt 0.368778 0.094489
vt 0.132383 0.843692
vt 0.132522 0.844866
vt 0.976375 0.237371
vt 0.977032 0.238481
vt 0.977963 0.244683
vt 0.975567 0.245274
vt 0.982724 0.244620
vt 0.982726 0.245724
vt 0.097625 0.867131
vt 0.849745 0.067153
vt 0.620403 0.988318
vt 0.624302 0.981454
vt 0.005914 0.174813
vt 0.003686 0.172791
vt 0.006224 0.172890
vt 0.849700 0.059604
vt 0.443258 0.995100
vt 0.012203 0.612826
vt 0.148525 0.062752
vt 0.023764 0.277520
vt 0.024666 0.278334
vt 0.098265 0.865365
vt 0.102462 0.870347
vt 0.358922 0.084469
vt 0.107925 0.860642
vt 0.104409 0.855007
vt 0.109887 0.855865
vt 0.149834 0.065536
vt 0.712173 0.946645
vt 0.713343 0.945513
vt 0.710378 0.948441
vt 0.978985 0.243460
vt 0.971227 0.375163
vt 0.446528 0.983025
vt 0.447034 0.985119
vt 0.445955 0.984938
vt 0.024596 0.455849
vt 0.147409 0.062647
vt 0.944026 0.962417
vt 0.946324 0.962740
vt 0.941715 0.963292
vt 0.056477 0.174580
vt 0.075713 0.166202
vt 0.075238 0.168247
vt 0.074710 0.162624
vt 0.054744 0.168940
vt 0.022398 0.476176
vt 0.787078 0.983885
vt 0.850349 0.070629
vt 0.011382 0.169747
vt 0.003331 0.170783
vt 0.019203 0.277383
vt 0.022517 0.276074
vt 0.575401 0.004048
vt 0.077839 0.168986
vt 0.151312 0.065995
vt 0.157269 0.070712
vt 0.156869 0.073210
vt 0.152442 0.071998
vt 0.010786 0.500276
vt 0.010082 0.501240
vt 0.008928 0.501232
vt 0.076537 0.561622
vt 0.075946 0.564183
vt 0.077518 0.569955
vt 0.074644 0.561489
vt 0.158102 0.076716
vt 0.926774 0.974962
vt 0.148535 0.086302
vt 0.633607 0.990603
vt 0.731365 0.966868
vt 0.577656 0.006669
vt 0.707349 0.956716
vt 0.784148 0.986423
vt 0.781053 0.982960
vt 0.052337 0.558456
vt 0.069944 0.178180
vt 0.054148 0.175512
vt 0.153595 0.079682
vt 0.939668 0.962775
vt 0.940534 0.965126
vt 0.156504 0.078185
vt 0.003914 0.168681
vt 0.155880 0.070474
vt 0.941580 0.969269
vt 0.991836 0.240534
vt 0.150602 0.070310
vt 0.153527 0.082661
vt 0.876003 0.060298
vt 0.875071 0.060245
vt 0.008954 0.170867
vt 0.017479 0.279154
vt 0.018807 0.278269
vt 0.010015 0.167886
vt 0.880619 0.057121
vt 0.151810 0.082265
vt 0.057004 0.184239
vt 0.062879 0.158710
vt 0.446042 0.981153
vt 0.447000 0.980905
vt 0.029893 0.459962
vt 0.082087 0.173302
vt 0.075279 0.155976
vt 0.076336 0.160231
vt 0.050391 0.169517
vt 0.739366 0.970653
vt 0.051493 0.568777
vt 0.005819 0.171068
vt 0.041190 0.662704
vt 0.859645 0.070390
vt 0.155362 0.067704
vt 0.949428 0.962979
vt 0.941484 0.971168
vt 0.980530 0.236444
vt 0.016280 0.615373
vt 0.865574 0.069200
vt 0.054537 0.566130
vt 0.090479 0.875232
vt 0.921254 0.966313
vt 0.921846 0.966828
vt 0.921083 0.966901
vt 0.053355 0.559787
vt 0.900607 0.944375
vt 0.068404 0.564997
vt 0.875803 0.066241
vt 0.919177 0.967595
vt 0.919066 0.970562
vt 0.918258 0.970160
vt 0.949760 0.972219
vt 0.448656 0.984867
vt 0.450162 0.984940
vt 0.984041 0.238786
vt 0.781821 0.061995
vt 0.798796 0.049250
vt 0.803431 0.052941
vt 0.008402 0.166613
vt 0.005142 0.168559
vt 0.151770 0.067173
vt 0.003330 0.374441
vt 0.003733 0.369101
vt 0.006381 0.376585
vt 0.635431 0.994439
vt 0.633050 0.993281
vt 0.779346 0.056410
vt 0.015875 0.357973
vt 0.018236 0.361002
vt 0.012687 0.356860
vt 0.800703 0.054890
vt 0.070584 0.650045
vt 0.071783 0.643954
vt 0.077959 0.648962
vt 0.045100 0.645347
vt 0.610923 0.964237
vt 0.616882 0.956412
vt 0.624582 0.960102
vt 0.075270 0.557553
vt 0.071936 0.565648
vt 0.030956 0.470959
vt 0.052030 0.175953
vt 0.032383 0.460847
vt 0.628962 0.980926
vt 0.625539 0.979846
vt 0.631922 0.975294
vt 0.034310 0.466656
vt 0.605062 0.962067
vt 0.606938 0.966600
vt 0.051816 0.651064
vt 0.612152 0.958149
vt 0.968265 0.319161
vt 0.976236 0.316130
vt 0.973145 0.320560
vt 0.777199 0.060729
vt 0.073963 0.642704
vt 0.062851 0.626588
vt 0.044750 0.628321
vt 0.050039 0.627448
vt 0.048560 0.648493
vt 0.040936 0.648723
vt 0.041795 0.627454
vt 0.046775 0.624886
vt 0.010397 0.372791
vt 0.007784 0.374447
vt 0.990657 0.517449
vt 0.992450 0.520526
vt 0.984812 0.520123
vt 0.997242 0.520211
vt 0.619544 0.982236
vt 0.616847 0.984380
vt 0.991571 0.515796
vt 0.003768 0.366501
vt 0.076466 0.641467
vt 0.993182 0.516691
vt 0.849194 0.061155
vt 0.878310 0.058516
vt 0.372645 0.091569
vt 0.158949 0.083685
vt 0.152725 0.083185
vt 0.909624 0.008561
vt 0.909531 0.006754
vt 0.911317 0.006910
vt 0.635425 0.974098
vt 0.635889 0.969560
vt 0.094376 0.872263
vt 0.095276 0.870125
vt 0.010233 0.093170
vt 0.014421 0.093660
vt 0.014197 0.094383
vt 0.010809 0.091448
vt 0.626767 0.959043
vt 0.632618 0.959915
vt 0.634246 0.962091
vt 0.160816 0.080403
vt 0.010011 0.502917
vt 0.845901 0.063009
vt 0.640706 0.971666
vt 0.636588 0.967476
vt 0.640606 0.966553
vt 0.979286 0.009555
vt 0.973438 0.009555
vt 0.977828 0.006375
vt 0.975540 0.234122
vt 0.610923 0.966420
vt 0.014189 0.456677
vt 0.015076 0.456690
vt 0.800468 0.048013
vt 0.797591 0.048208
vt 0.848289 0.060530
vt 0.154966 0.083280
vt 0.043641 0.629556
vt 0.041317 0.628971
vt 0.090732 0.873900
vt 0.784443 0.064896
vt 0.971549 0.316419
vt 0.075012 0.627235
vt 0.071184 0.631257
vt 0.992523 0.514237
vt 0.042462 0.633304
vt 0.617970 0.981405
vt 0.801494 0.055778
vt 0.800685 0.059798
vt 0.778732 0.064587
vt 0.965365 0.387135
vt 0.961955 0.384201
vt 0.962721 0.379380
vt 0.967664 0.380408
vt 0.880576 0.059199
vt 0.009357 0.374997
vt 0.877725 0.060383
vt 0.069227 0.638069
vt 0.008043 0.377041
vt 0.847040 0.059906
vt 0.969997 0.375601
vt 0.153806 0.065783
vt 0.019650 0.364079
vt 0.990332 0.235690
vt 0.992541 0.238173
vt 0.961798 0.389387
vt 0.752263 0.943492
vt 0.020095 0.363729
vt 0.955928 0.378575
vt 0.966287 0.373787
vt 0.909645 0.004921
vt 0.965610 0.389821
vt 0.014679 0.093476
vt 0.014667 0.094100
vt 0.978058 0.231301
vt 0.017183 0.373764
vt 0.012020 0.373901
vt 0.039979 0.660851
vt 0.237867 0.023574
vt 0.232506 0.019513
vt 0.239923 0.021748
vt 0.103720 0.865619
vt 0.914488 0.007367
vt 0.017792 0.366664
vt 0.012413 0.357783
vt 0.040453 0.629830
vt 0.013202 0.374777
vt 0.992143 0.230800
vt 0.994695 0.232785
vt 0.978611 0.226980
vt 0.774766 0.056718
vt 0.775357 0.053051
vt 0.340374 0.977479
vt 0.340607 0.981411
vt 0.337194 0.979892
vt 0.040496 0.644284
vt 0.611506 0.980044
vt 0.778262 0.067196
vt 0.795261 0.046843
vt 0.003858 0.364297
vt 0.041793 0.641789
vt 0.789164 0.993395
vt 0.014372 0.455751
vt 0.048128 0.170195
vt 0.047622 0.167075
vt 0.049342 0.184761
vt 0.020278 0.364447
vt 0.610031 0.970788
vt 0.907111 0.004842
vt 0.154858 0.083791
vt 0.902548 0.003399
vt 0.902283 0.002680
vt 0.904563 0.003877
vt 0.152067 0.066168
vt 0.152412 0.066418
vt 0.047970 0.658917
vt 0.009726 0.505423
vt 0.004732 0.503763
vt 0.005011 0.500955
vt 0.005875 0.500515
vt 0.239291 0.014393
vt 0.242286 0.015617
vt 0.445325 0.980075
vt 0.449949 0.980606
vt 0.015212 0.093013
vt 0.015287 0.094032
vt 0.924866 0.974037
vt 0.979808 0.224102
vt 0.982292 0.224765
vt 0.968041 0.381705
vt 0.363431 0.076883
vt 0.154155 0.067219
vt 0.995258 0.231402
vt 0.724540 0.963981
vt 0.055153 0.659043
vt 0.057988 0.655141
vt 0.059525 0.659419
vt 0.008019 0.090287
vt 0.010632 0.088140
vt 0.716436 0.957676
vt 0.903319 0.001982
vt 0.904834 0.002506
vt 0.990843 0.229036
vt 0.097638 0.865690
vt 0.019573 0.614652
vt 0.785206 0.990944
vt 0.782905 0.988332
vt 0.907428 0.003129
vt 0.908964 0.002940
vt 0.914992 0.002243
vt 0.075897 0.176372
vt 0.916114 0.005184
vt 0.636777 0.955527
vt 0.637281 0.958831
vt 0.073655 0.155262
vt 0.234826 0.013328
vt 0.244372 0.011149
vt 0.239175 0.009248
vt 0.069630 0.566313
vt 0.244606 0.011871
vt 0.017010 0.090561
vt 0.017526 0.093063
vt 0.990090 0.226992
vt 0.060187 0.183190
vt 0.956713 0.381227
vt 0.911733 0.001716
vt 0.968345 0.374925
vt 0.021631 0.615417
vt 0.917381 0.970939
vt 0.918015 0.974194
vt 0.152971 0.064896
vt 0.623484 0.994640
vt 0.019220 0.616501
vt 0.444693 0.977019
vt 0.446813 0.976194
vt 0.446495 0.977981
vt 0.059115 0.158005
vt 0.063060 0.152346
vt 0.069385 0.151174
vt 0.628761 0.992019
vt 0.628023 0.992534
vt 0.059625 0.152983
vt 0.054815 0.153057
vt 0.016053 0.088489
vt 0.054978 0.570146
vt 0.052219 0.569048
vt 0.058611 0.569404
vt 0.162449 0.079891
vt 0.792335 0.046379
vt 0.785957 0.993803
vt 0.003206 0.362483
vt 0.057264 0.555055
vt 0.057252 0.556232
vt 0.055760 0.555423
vt 0.072674 0.152849
vt 0.073953 0.150280
vt 0.166239 0.083102
vt 0.168330 0.086053
vt 0.166389 0.086844
vt 0.001805 0.809376
vt 0.001805 0.816524
vt 0.000764 0.809582
vt 0.041535 0.640771
vt 0.788295 0.064923
vt 0.453879 0.980282
vt 0.009805 0.504449
vt 0.776913 0.044280
vt 0.780727 0.044414
vt 0.771377 0.047219
vt 0.008994 0.359195
vt 0.053982 0.158445
vt 0.945131 0.973862
vt 0.452817 0.974825
vt 0.010808 0.814239
vt 0.009978 0.810763
vt 0.012183 0.806775
vt 0.061245 0.556088
vt 0.063757 0.556600
vt 0.066311 0.557359
vt 0.059469 0.559014
vt 0.921671 0.973964
vt 0.921906 0.974888
vt 0.938432 0.974434
vt 0.917198 0.001731
vt 0.019583 0.616108
vt 0.003471 0.500034
vt 0.002569 0.500731
vt 0.165557 0.087214
vt 0.955825 0.387942
vt 0.849392 0.068455
vt 0.848905 0.067740
vt 0.338596 0.981095
vt 0.036495 0.237167
vt 0.033421 0.236625
vt 0.038521 0.236665
vt 0.043553 0.640001
vt 0.040976 0.633797
vt 0.626305 0.994213
vt 0.625865 0.993922
vt 0.021154 0.369696
vt 0.960819 0.374232
vt 0.920398 0.973666
vt 0.052440 0.557591
vt 0.778107 0.980511
vt 0.779939 0.983105
vt 0.777108 0.980739
vt 0.160962 0.086090
vt 0.373852 0.084805
vt 0.161073 0.086500
vt 0.956578 0.374700
vt 0.951728 0.376000
vt 0.913749 0.001738
vt 0.167313 0.088471
vt 0.166873 0.088916
vt 0.062959 0.566963
vt 0.061131 0.569771
vt 0.732168 0.968312
vt 0.062805 0.568961
vt 0.245513 0.013855
vt 0.049444 0.656512
vt 0.045335 0.653036
vt 0.451408 0.984946
vt 0.709276 0.090386
vt 0.712533 0.090122
vt 0.711308 0.091898
vt 0.009905 0.506537
vt 0.961757 0.392453
vt 0.958275 0.391444
vt 0.057149 0.562359
vt 0.012316 0.086309
vt 0.786851 0.047112
vt 0.772460 0.051354
vt 0.769491 0.048298
vt 0.041544 0.635924
vt 0.774003 0.052304
vt 0.040232 0.634582
vt 0.000347 0.501547
vt 0.000663 0.501106
vt 0.794681 0.067231
vt 0.798700 0.066177
vt 0.076069 0.631920
vt 0.614104 0.970819
vt 0.003120 0.360590
vt 0.021411 0.370477
vt 0.018081 0.373838
vt 0.020414 0.813661
vt 0.380570 0.069483
vt 0.384236 0.073468
vt 0.376935 0.069049
vt 0.849516 0.069784
vt 0.750852 0.947053
vt 0.077046 0.567847
vt 0.384748 0.076887
vt 0.054822 0.185870
vt 0.052666 0.186944
vt 0.378855 0.067437
vt 0.956209 0.390120
vt 0.845987 0.072710
vt 0.845446 0.072162
vt 0.452435 0.984947
vt 0.637457 0.960444
vt 0.064103 0.570011
vt 0.064068 0.568842
vt 0.065237 0.570838
vt 0.022088 0.811926
vt 0.021175 0.810116
vt 0.027522 0.811280
vt 0.068892 0.557048
vt 0.065776 0.563774
vt 0.918131 0.002615
vt 0.774607 0.988445
vt 0.940614 0.978300
vt 0.920218 0.974356
vt 0.722454 0.085902
vt 0.723497 0.087193
vt 0.722186 0.087247
vt 0.710458 0.093520
vt 0.710773 0.095827
vt 0.025686 0.216225
vt 0.026125 0.215825
vt 0.026343 0.218007
vt 0.617390 0.992963
vt 0.618517 0.988991
vt 0.875901 0.068303
vt 0.875745 0.071286
vt 0.721655 0.085416
vt 0.719548 0.084445
vt 0.779541 0.990837
vt 0.783124 0.993606
vt 0.639378 0.955899
vt 0.640466 0.959701
vt 0.387461 0.074687
vt 0.368536 0.077606
vt 0.376862 0.085525
vt 0.376523 0.089399
vt 0.009892 0.507191
vt 0.009888 0.508047
vt 0.616609 0.992249
vt 0.100656 0.858593
vt 0.025894 0.212104
vt 0.026453 0.211185
vt 0.028766 0.217276
vt 0.024971 0.805110
vt 0.234306 0.008789
vt 0.645281 0.967132
vt 0.642561 0.964463
vt 0.007264 0.087988
vt 0.008226 0.085641
vt 0.453290 0.985068
vt 0.001130 0.503985
vt 0.165194 0.088687
vt 0.780460 0.912035
vt 0.781353 0.911844
vt 0.782216 0.913400
vt 0.781737 0.915030
vt 0.448901 0.974573
vt 0.943756 0.977713
vt 0.108641 0.851110
vt 0.109430 0.851259
vt 0.022190 0.235478
vt 0.022106 0.230444
vt 0.028342 0.229292
vt 0.012911 0.082746
vt 0.011367 0.084273
vt 0.945316 0.388459
vt 0.946445 0.383738
vt 0.932440 0.978839
vt 0.927252 0.978260
vt 0.950610 0.976234
vt 0.952604 0.391094
vt 0.948336 0.379035
vt 0.019042 0.091650
vt 0.640083 0.958665
vt 0.726642 0.086279
vt 0.724187 0.090126
vt 0.946804 0.978068
vt 0.023192 0.235728
vt 0.024981 0.235125
vt 0.380381 0.076635
vt 0.933856 0.978643
vt 0.004439 0.508078
vt 0.713907 0.096153
vt 0.708830 0.097073
vt 0.051342 0.151057
vt 0.049183 0.150553
vt 0.937783 0.979469
vt 0.167088 0.090318
vt 0.717017 0.086186
vt 0.719210 0.087512
vt 0.454490 0.984961
vt 0.070240 0.572831
vt 0.068615 0.575661
vt 0.775613 0.982219
vt 0.773017 0.979990
vt 0.377137 0.080242
vt 0.375379 0.073994
vt 0.362681 0.071250
vt 0.719878 0.964144
vt 0.716934 0.963797
vt 0.729031 0.086707
vt 0.732041 0.089757
vt 0.048195 0.154995
vt 0.025702 0.221146
vt 0.703594 0.962094
vt 0.044785 0.154669
vt 0.387564 0.076265
vt 0.870629 0.011211
vt 0.872740 0.014571
vt 0.871117 0.013290
vt 0.376734 0.066488
vt 0.065073 0.571608
vt 0.009624 0.508767
vt 0.008616 0.509442
vt 0.004598 0.512326
vt 0.245469 0.011169
vt 0.375313 0.070665
vt 0.020859 0.802781
vt 0.767673 0.988898
vt 0.770884 0.980821
vt 0.756514 0.943347
vt 0.754555 0.946282
vt 0.753474 0.945061
vt 0.755360 0.940590
vt 0.017072 0.084942
vt 0.757019 0.943776
vt 0.985964 0.073875
vt 0.979141 0.074289
vt 0.982842 0.072088
vt 0.980972 0.077919
vt 0.706764 0.957291
vt 0.101894 0.856617
vt 0.982200 0.070234
vt 0.049590 0.654058
vt 0.752560 0.944788
vt 0.949382 0.978019
vt 0.030653 0.211492
vt 0.712927 0.102701
vt 0.615725 0.992769
vt 0.613735 0.994301
vt 0.780446 0.923220
vt 0.784670 0.927108
vt 0.043879 0.652125
vt 0.049633 0.652412
vt 0.019665 0.089874
vt 0.378428 0.088648
vt 0.457711 0.980141
vt 0.457714 0.984717
vt 0.785814 0.916137
vt 0.734372 0.097798
vt 0.642847 0.957123
vt 0.075011 0.571236
vt 0.383722 0.086515
vt 0.933071 0.979818
vt 0.711174 0.965095
vt 0.382573 0.078498
vt 0.758501 0.943464
vt 0.048419 0.651396
vt 0.240026 0.006937
vt 0.375851 0.068562
vt 0.001204 0.505928
vt 0.455056 0.985831
vt 0.765173 0.945742
vt 0.762963 0.944100
vt 0.762336 0.942376
vt 0.771738 0.942258
vt 0.383496 0.081153
vt 0.579702 0.541289
vt 0.580211 0.535881
vt 0.585353 0.539668
vt 0.030076 0.235023
vt 0.036966 0.229955
vt 0.946254 0.391433
vt 0.029306 0.223846
vt 0.011104 0.803759
vt 0.012642 0.797448
vt 0.013742 0.797692
vt 0.869649 0.014405
vt 0.872277 0.016117
vt 0.870291 0.015759
vt 0.373424 0.070412
vt 0.371580 0.068709
vt 0.450906 0.974187
vt 0.940904 0.982425
vt 0.942795 0.982926
vt 0.945442 0.982053
vt 0.939344 0.981140
vt 0.944484 0.375027
vt 0.075143 0.569931
vt 0.045499 0.152900
vt 0.045766 0.149104
vt 0.977421 0.070677
vt 0.980358 0.067250
vt 0.738150 0.087620
vt 0.739801 0.088916
vt 0.574242 0.535276
vt 0.781779 0.928041
vt 0.784001 0.929901
vt 0.951624 0.979328
vt 0.643479 0.958160
vt 0.587294 0.532475
vt 0.769117 0.982231
vt 0.762228 0.944450
vt 0.022839 0.229617
vt 0.588909 0.537039
vt 0.645855 0.963286
vt 0.458288 0.986361
vt 0.008063 0.512250
vt 0.758291 0.938569
vt 0.374603 0.069582
vt 0.019987 0.087733
vt 0.760744 0.942416
vt 0.237052 0.003664
vt 0.099209 0.858537
vt 0.779142 0.934841
vt 0.780408 0.931581
vt 0.781406 0.938017
vt 0.746622 0.086965
vt 0.744566 0.094592
vt 0.741050 0.087518
vt 0.579003 0.528869
vt 0.588512 0.528918
vt 0.035687 0.217482
vt 0.035000 0.212036
vt 0.710251 0.966021
vt 0.458187 0.974501
vt 0.907891 0.961306
vt 0.871013 0.962413
vt 0.000827 0.507228
vt 0.452098 0.974353
vt 0.772801 0.934021
vt 0.013616 0.082215
vt 0.075525 0.571735
vt 0.466501 0.853434
vt 0.441061 0.853833
vt 0.466447 0.851862
vt 0.717819 0.108466
vt 0.381620 0.089454
vt 0.365892 0.069168
vt 0.018249 0.434172
vt 0.018972 0.434228
vt 0.022504 0.434642
vt 0.943952 0.378542
vt 0.057670 0.653880
vt 0.015947 0.075182
vt 0.019449 0.076153
vt 0.015013 0.078242
vt 0.999412 0.119741
vt 0.999281 0.122790
vt 0.998508 0.118914
vt 0.018809 0.078906
vt 0.019061 0.432364
vt 0.020119 0.430684
vt 0.025300 0.432178
vt 0.020259 0.088837
vt 0.020485 0.089980
vt 0.025799 0.425256
vt 0.024286 0.428786
vt 0.024514 0.426531
vt 0.027237 0.427072
vt 0.018576 0.085459
vt 0.790927 0.919670
vt 0.748915 0.087436
vt 0.751243 0.088265
vt 0.751377 0.091482
vt 0.585532 0.544108
vt 0.644857 0.959053
vt 0.011650 0.800261
vt 0.017663 0.082910
vt 0.646598 0.962515
vt 0.765751 0.982916
vt 0.383653 0.088028
vt 0.566987 0.542513
vt 0.464472 0.984475
vt 0.999242 0.126486
vt 0.998912 0.127890
vt 0.023672 0.224506
vt 0.025529 0.223583
vt 0.984370 0.125012
vt 0.985869 0.125120
vt 0.987368 0.129703
vt 0.998733 0.130037
vt 0.997447 0.133452
vt 0.995676 0.132073
vt 0.775152 0.990784
vt 0.644158 0.957355
vt 0.943545 0.380464
vt 0.021734 0.429264
vt 0.996523 0.133274
vt 0.453503 0.974146
vt 0.701596 0.965615
vt 0.994704 0.129169
vt 0.234813 0.007786
vt 0.758365 0.942166
vt 0.048628 0.650239
vt 0.990964 0.129830
vt 0.988535 0.131363
vt 0.941536 0.390876
vt 0.989009 0.121698
vt 0.994506 0.117372
vt 0.037143 0.211276
vt 0.232774 0.003986
vt 0.233979 0.002146
vt 0.384022 0.084147
vt 0.591300 0.535975
vt 0.993323 0.134283
vt 0.992344 0.133877
vt 0.645535 0.957996
vt 0.037724 0.212096
vt 0.361686 0.067851
vt 0.990022 0.133078
vt 0.991548 0.132624
vt 0.991129 0.134393
vt 0.022981 0.424738
vt 0.000637 0.510503
vt 0.039790 0.235391
vt 0.027754 0.428299
vt 0.759800 0.940110
vt 0.873970 0.016275
vt 0.873293 0.016825
vt 0.024425 0.800730
vt 0.025148 0.802201
vt 0.368121 0.068594
vt 0.781118 0.943927
vt 0.780341 0.940539
vt 0.459487 0.987523
vt 0.006666 0.513308
vt 0.943146 0.384878
vt 0.025772 0.802404
vt 0.566151 0.535088
vt 0.577427 0.546038
vt 0.942893 0.378100
vt 0.969079 0.084367
vt 0.969991 0.083602
vt 0.969305 0.085421
vt 0.975848 0.073461
vt 0.021870 0.427018
vt 0.978811 0.078954
vt 0.613856 0.078230
vt 0.612342 0.089772
vt 0.607346 0.078406
vt 0.615734 0.088423
vt 0.608994 0.089643
vt 0.942826 0.394293
vt 0.020850 0.426745
vt 0.785208 0.940883
vt 0.530354 0.017692
vt 0.532917 0.020358
vt 0.531976 0.021702
vt 0.526621 0.017328
vt 0.529016 0.014991
vt 0.617356 0.089121
vt 0.753414 0.088116
vt 0.757659 0.090158
vt 0.529320 0.010533
vt 0.639068 0.023561
vt 0.638083 0.026426
vt 0.638969 0.021424
vt 0.771649 0.986261
vt 0.367920 0.066553
vt 0.980002 0.066806
vt 0.002264 0.511102
vt 0.466840 0.841577
vt 0.466377 0.848505
vt 0.440146 0.841871
vt 0.030128 0.429583
vt 0.037674 0.215127
vt 0.464282 0.979471
vt 0.563677 0.542622
vt 0.029880 0.428311
vt 0.793572 0.923021
vt 0.874887 0.016522
vt 0.969324 0.081117
vt 0.969426 0.080235
vt 0.366463 0.067237
vt 0.456640 0.973951
vt 0.751225 0.094031
vt 0.968383 0.078057
vt 0.786727 0.937525
vt 0.615895 0.071767
vt 0.363320 0.067636
vt 0.968306 0.086648
vt 0.967666 0.092066
vt 0.010513 0.799404
vt 0.038081 0.218485
vt 0.621165 0.083743
vt 0.757539 0.092254
vt 0.524463 0.011000
vt 0.631174 0.027898
vt 0.631177 0.022282
vt 0.462514 0.988737
vt 0.621645 0.086269
vt 0.535348 0.027700
vt 0.525479 0.026844
vt 0.934702 0.401230
vt 0.932776 0.400796
vt 0.939292 0.397292
vt 0.022149 0.423828
vt 0.935562 0.397493
vt 0.938239 0.394687
vt 0.781830 0.947965
vt 0.934410 0.397869
vt 0.783421 0.946258
vt 0.754279 0.096657
vt 0.934597 0.396085
vt 0.361390 0.144890
vt 0.357719 0.140759
vt 0.363703 0.142326
vt 0.992940 0.908981
vt 0.992300 0.919692
vt 0.989490 0.911938
vt 0.996400 0.912848
vt 0.971991 0.090642
vt 0.964601 0.077441
vt 0.960250 0.073475
vt 0.967635 0.070858
vt 0.022543 0.423054
vt 0.017172 0.798028
vt 0.019180 0.795559
vt 0.019999 0.795155
vt 0.360006 0.130010
vt 0.363718 0.132399
vt 0.355629 0.129497
vt 0.956462 0.077078
vt 0.957085 0.074308
vt 0.971106 0.092866
vt 0.365240 0.135470
vt 0.980413 0.080445
vt 0.982465 0.084240
vt 0.976807 0.086766
vt 0.787280 0.947247
vt 0.020581 0.425749
vt 0.021420 0.424668
vt 0.035937 0.224301
vt 0.901009 0.962537
vt 0.873065 0.963422
vt 0.974589 0.067379
vt 0.592557 0.535141
vt 0.606053 0.072630
vt 0.607173 0.072870
vt 0.591921 0.527705
vt 0.364340 0.065185
vt 0.365527 0.064392
vt 0.364317 0.065626
vt 0.513809 0.112703
vt 0.512601 0.112125
vt 0.513780 0.111612
vt 0.981343 0.080517
vt 0.003887 0.511997
vt 0.003108 0.513295
vt 0.000435 0.512464
vt 0.450931 0.030261
vt 0.448471 0.030076
vt 0.449370 0.028463
vt 0.384574 0.089018
vt 0.963910 0.694121
vt 0.962755 0.694068
vt 0.964634 0.692729
vt 0.613593 0.072450
vt 0.004863 0.513326
vt 0.466086 0.838305
vt 0.465767 0.840461
vt 0.452913 0.837788
vt 0.464566 0.837373
vt 0.530579 0.011516
vt 0.533298 0.013089
vt 0.531693 0.014711
vt 0.530118 0.008350
vt 0.986364 0.912564
vt 0.071719 0.577010
vt 0.962315 0.695653
vt 0.962033 0.694970
vt 0.962974 0.695106
vt 0.525461 0.025383
vt 0.978844 0.064405
vt 0.362405 0.066488
vt 0.506487 0.114672
vt 0.504895 0.114387
vt 0.508246 0.113338
vt 0.569155 0.529522
vt 0.742992 0.105973
vt 0.795681 0.935724
vt 0.460450 0.988896
vt 0.460063 0.989193
vt 0.461315 0.988440
vt 0.514663 0.111817
vt 0.516187 0.108393
vt 0.517854 0.109308
vt 0.517176 0.108594
vt 0.990320 0.907312
vt 0.994799 0.906971
vt 0.994298 0.919585
vt 0.637378 0.016888
vt 0.998929 0.918782
vt 0.998897 0.916527
vt 0.602890 0.532320
vt 0.605225 0.527288
vt 0.604829 0.535136
vt 0.465314 0.856349
vt 0.601584 0.526050
vt 0.040349 0.225107
vt 0.747977 0.100492
vt 0.956035 0.992060
vt 0.961119 0.993861
vt 0.960795 0.994331
vt 0.955041 0.992278
vt 0.719510 0.111034
vt 0.606733 0.522359
vt 0.580194 0.526626
vt 0.589140 0.525109
vt 0.563294 0.538692
vt 0.562804 0.535348
vt 0.450447 0.028805
vt 0.449567 0.028155
vt 0.561868 0.544697
vt 0.449766 0.031258
vt 0.449414 0.031390
vt 0.004596 0.512907
vt 0.529162 0.007828
vt 0.792348 0.940053
vt 0.769470 0.988269
vt 0.025102 0.797727
vt 0.521673 0.021454
vt 0.993998 0.117868
vt 0.611159 0.072143
vt 0.608989 0.072259
vt 0.983185 0.083786
vt 0.980438 0.062850
vt 0.596961 0.518913
vt 0.986867 0.917214
vt 0.987492 0.915647
vt 0.606086 0.515902
vt 0.987728 0.922099
vt 0.773809 0.991042
vt 0.988457 0.907802
vt 0.561808 0.531974
vt 0.599292 0.540826
vt 0.466263 0.973997
vt 0.521312 0.020227
vt 0.519333 0.010338
vt 0.953568 0.989493
vt 0.958988 0.987682
vt 0.592414 0.540982
vt 0.078473 0.781460
vt 0.068377 0.788480
vt 0.068983 0.782831
vt 0.078648 0.788432
vt 0.516257 0.107482
vt 0.961815 0.695652
vt 0.960922 0.695097
vt 0.506483 0.111000
vt 0.086973 0.785815
vt 0.085549 0.786977
vt 0.086087 0.782973
vt 0.534846 0.030880
vt 0.526191 0.031800
vt 0.962301 0.691523
vt 0.562231 0.540606
vt 0.964222 0.691536
vt 0.706040 0.968369
vt 0.704198 0.969681
vt 0.701868 0.969008
vt 0.772531 0.927980
vt 0.448993 0.031056
vt 0.964860 0.691431
vt 0.964029 0.689869
vt 0.013840 0.796375
vt 0.978646 0.359563
vt 0.980346 0.357260
vt 0.981008 0.360938
vt 0.042623 0.231411
vt 0.460492 0.989560
vt 0.448377 0.031077
vt 0.447745 0.030717
vt 0.789893 0.945048
vt 0.356231 0.139286
vt 0.966834 0.689942
vt 0.965563 0.688723
vt 0.017638 0.795545
vt 0.501057 0.114828
vt 0.460951 0.988880
vt 0.447720 0.031146
vt 0.447178 0.030690
vt 0.751960 0.097978
vt 0.366992 0.141814
vt 0.979968 0.059901
vt 0.989604 0.119151
vt 0.464634 0.987393
vt 0.572473 0.525808
vt 0.585845 0.523506
vt 0.352549 0.131371
vt 0.534453 0.019820
vt 0.072343 0.775624
vt 0.353766 0.128111
vt 0.515727 0.105272
vt 0.065191 0.788503
vt 0.592549 0.520380
vt 0.064411 0.781026
vt 0.749305 0.099651
vt 0.614977 0.071250
vt 0.960127 0.694447
vt 0.577102 0.549151
vt 0.467223 0.983608
vt 0.086158 0.788605
vt 0.630112 0.019548
vt 0.596449 0.541695
vt 0.445833 0.030533
vt 0.739349 0.105499
vt 0.467040 0.830764
vt 0.464931 0.836974
vt 0.463926 0.829127
vt 0.531552 0.004700
vt 0.538126 0.004825
vt 0.086731 0.781803
vt 0.522392 0.023579
vt 0.770852 0.041688
vt 0.775054 0.041650
vt 0.768403 0.044205
vt 0.771711 0.045469
vt 0.084906 0.789646
vt 0.776595 0.043018
vt 0.958791 0.694362
vt 0.299677 0.020636
vt 0.298811 0.023401
vt 0.298366 0.018937
vt 0.300673 0.018613
vt 0.959576 0.072677
vt 0.963030 0.069822
vt 0.973737 0.090304
vt 0.514057 0.105218
vt 0.302525 0.016935
vt 0.801466 0.927607
vt 0.981112 0.354724
vt 0.466950 0.980013
vt 0.571148 0.547587
vt 0.296388 0.022817
vt 0.779645 0.040920
vt 0.778025 0.043237
vt 0.591981 0.547871
vt 0.798900 0.924155
vt 0.576072 0.518654
vt 0.539635 0.009657
vt 0.523717 0.026685
vt 0.297506 0.023578
vt 0.965247 0.067826
vt 0.991936 0.905500
vt 0.353788 0.123724
vt 0.351845 0.124130
vt 0.352892 0.122706
vt 0.773399 0.040482
vt 0.980778 0.352119
vt 0.987563 0.351584
vt 0.977546 0.087702
vt 0.982851 0.085205
vt 0.972637 0.063407
vt 0.594951 0.543799
vt 0.446624 0.030846
vt 0.972159 0.091385
vt 0.560425 0.529388
vt 0.082279 0.778827
vt 0.085145 0.779287
vt 0.629827 0.027593
vt 0.621043 0.079740
vt 0.467870 0.976302
vt 0.461963 0.989132
vt 0.986700 0.914674
vt 0.565088 0.548653
vt 0.083487 0.794945
vt 0.079331 0.798537
vt 0.723431 0.117277
vt 0.630046 0.030258
vt 0.947711 0.984156
vt 0.948559 0.983219
vt 0.948724 0.984741
vt 0.076948 0.776945
vt 0.471808 0.984056
vt 0.536877 0.018804
vt 0.986123 0.911210
vt 0.621026 0.077598
vt 0.174594 0.101734
vt 0.168283 0.101486
vt 0.171476 0.095129
vt 0.947950 0.985652
vt 0.949847 0.986380
vt 0.777162 0.040574
vt 0.301473 0.016165
vt 0.516073 0.014927
vt 0.770994 0.041121
vt 0.585328 0.518358
vt 0.565272 0.527596
vt 0.352965 0.120994
vt 0.349210 0.114331
vt 0.368139 0.136719
vt 0.367751 0.141086
vt 0.630358 0.014824
vt 0.636608 0.012961
vt 0.974832 0.062945
vt 0.588181 0.549063
vt 0.792970 0.942128
vt 0.352332 0.139079
vt 0.369433 0.141748
vt 0.976895 0.062791
vt 0.977373 0.061783
vt 0.172912 0.104733
vt 0.296505 0.026093
vt 0.566598 0.525144
vt 0.170520 0.107246
vt 0.166411 0.106213
vt 0.975733 0.061090
vt 0.021681 0.795077
vt 0.026566 0.796268
vt 0.369757 0.137579
vt 0.951183 0.988736
vt 0.993675 0.354794
vt 0.988705 0.361070
vt 0.623427 0.026269
vt 0.624565 0.020852
vt 0.027307 0.793760
vt 0.026587 0.792661
vt 0.975204 0.091040
vt 0.966112 0.687338
vt 0.966632 0.688133
vt 0.963844 0.069106
vt 0.445367 0.030530
vt 0.442583 0.029090
vt 0.499526 0.115915
vt 0.498827 0.115168
vt 0.442893 0.025973
vt 0.623319 0.028410
vt 0.621733 0.076120
vt 0.950580 0.982501
vt 0.444222 0.030236
vt 0.590520 0.518530
vt 0.300539 0.014731
vt 0.442937 0.030465
vt 0.963606 0.067542
vt 0.958667 0.983943
vt 0.958523 0.986412
vt 0.544454 0.013996
vt 0.469055 0.985934
vt 0.981108 0.362951
vt 0.019565 0.794379
vt 0.471590 0.976890
vt 0.471369 0.977860
vt 0.570252 0.549531
vt 0.022689 0.555119
vt 0.019448 0.555142
vt 0.008971 0.542732
vt 0.170990 0.108407
vt 0.541695 0.001058
vt 0.802352 0.946329
vt 0.341335 0.138136
vt 0.468362 0.987775
vt 0.467293 0.988392
vt 0.995710 0.505136
vt 0.991060 0.503384
vt 0.997349 0.503534
vt 0.021764 0.793778
vt 0.023928 0.792133
vt 0.967879 0.686956
vt 0.967549 0.686371
vt 0.968556 0.685677
vt 0.582906 0.551911
vt 0.299986 0.014656
vt 0.299351 0.014063
vt 0.977330 0.060543
vt 0.956052 0.984466
vt 0.497071 0.118435
vt 0.494499 0.119126
vt 0.966764 0.687468
vt 0.494256 0.120968
vt 0.491673 0.121732
vt 0.535304 0.019689
vt 0.608202 0.542037
vt 0.742883 0.108088
vt 0.594001 0.546516
vt 0.628154 0.033495
vt 0.516589 0.013594
vt 0.516514 0.010369
vt 0.561125 0.513113
vt 0.984056 0.919940
vt 0.998617 0.503251
vt 0.997835 0.502354
vt 0.999775 0.502140
vt 0.440510 0.029292
vt 0.293215 0.017454
vt 0.291905 0.021298
vt 0.012413 0.541373
vt 0.026651 0.551965
vt 0.770825 0.938559
vt 0.067137 0.795063
vt 0.561256 0.526978
vt 0.004028 0.726369
vt 0.009759 0.728127
vt 0.007780 0.734374
vt 0.003988 0.732323
vt 0.570943 0.554019
vt 0.567659 0.549741
vt 0.326425 0.140094
vt 0.779887 0.039690
vt 0.785045 0.043230
vt 0.292979 0.025098
vt 0.990679 0.509281
vt 0.604924 0.513978
vt 0.967735 0.685525
vt 0.017453 0.557938
vt 0.626532 0.071583
vt 0.631074 0.065403
vt 0.166631 0.108308
vt 0.607055 0.544032
vt 0.491520 0.120566
vt 0.560118 0.523826
vt 0.622975 0.032785
vt 0.028736 0.546353
vt 0.019039 0.537583
vt 0.022504 0.537151
vt 0.015321 0.560552
vt 0.008995 0.554654
vt 0.800084 0.924872
vt 0.544086 0.003491
vt 0.072916 0.796695
vt 0.622169 0.088865
vt 0.621616 0.032352
vt 0.560722 0.522734
vt 0.560602 0.526332
vt 0.773234 0.039959
vt 0.774467 0.039567
vt 0.725710 0.120098
vt 0.084962 0.795454
vt 0.082714 0.796940
vt 0.538311 0.018247
vt 0.997415 0.501148
vt 0.579423 0.517675
vt 0.070322 0.774437
vt 0.593889 0.515341
vt 0.599111 0.545900
vt 0.544943 0.011685
vt 0.589512 0.514467
vt 0.058590 0.787995
vt 0.559916 0.527565
vt 0.967688 0.685039
vt 0.570371 0.552753
vt 0.605952 0.545612
vt 0.958843 0.986484
vt 0.609283 0.543447
vt 0.070904 0.796135
vt 0.607321 0.514553
vt 0.015912 0.539405
vt 0.966022 0.684139
vt 0.003730 0.739883
vt 0.007771 0.740034
vt 0.995609 0.353885
vt 0.011005 0.734205
vt 0.869294 0.957545
vt 0.996313 0.358289
vt 0.505542 0.095354
vt 0.999987 0.974235
vt 0.995186 0.973604
vt 0.993715 0.967317
vt 0.997675 0.964053
vt 0.042828 0.226244
vt 0.083522 0.797249
vt 0.559883 0.526407
vt 0.581507 0.515339
vt 0.597049 0.547811
vt 0.595081 0.548286
vt 0.009214 0.551492
vt 0.009910 0.548400
vt 0.264710 0.964147
vt 0.268631 0.959116
vt 0.269799 0.961015
vt 0.603375 0.511770
vt 0.569120 0.553113
vt 0.220475 0.971302
vt 0.223884 0.972031
vt 0.223666 0.973235
vt 0.958662 0.985093
vt 0.044204 0.226808
vt 0.951962 0.980601
vt 0.959316 0.985745
vt 0.441373 0.025061
vt 0.986558 0.921895
vt 0.985625 0.921863
vt 0.997813 0.499300
vt 0.273374 0.949740
vt 0.274822 0.948374
vt 0.272703 0.953214
vt 0.607677 0.512996
vt 0.985951 0.922638
vt 0.471371 0.986626
vt 0.438764 0.029643
vt 0.436795 0.027499
vt 0.439562 0.028597
vt 0.437261 0.027985
vt 0.989606 0.516218
vt 0.987341 0.514816
vt 0.489928 0.119472
vt 0.488385 0.113682
vt 0.289587 0.021995
vt 0.272269 0.957861
vt 0.269954 0.955407
vt 0.985067 0.513408
vt 0.619305 0.067921
vt 0.624175 0.063989
vt 0.996168 0.362719
vt 0.962213 0.678921
vt 0.590328 0.511778
vt 0.609868 0.545119
vt 0.953378 0.677947
vt 0.545423 0.008260
vt 0.224227 0.974512
vt 0.056543 0.780536
vt 0.156636 0.202681
vt 0.138458 0.198515
vt 0.140042 0.197407
vt 0.544433 0.002523
vt 0.630141 0.063745
vt 0.222928 0.970833
vt 0.224025 0.970985
vt 0.455144 0.830433
vt 0.295916 0.009079
vt 0.297672 0.010979
vt 0.610063 0.549565
vt 0.598643 0.549610
vt 0.378287 0.964569
vt 0.380462 0.967125
vt 0.379226 0.967779
vt 0.377486 0.964878
vt 0.068984 0.795710
vt 0.991245 0.500575
vt 0.993968 0.497288
vt 0.953311 0.687136
vt 0.302256 0.011393
vt 0.301414 0.010175
vt 0.991457 0.968509
vt 0.165088 0.112895
vt 0.163616 0.111694
vt 0.222640 0.969764
vt 0.232361 0.972871
vt 0.263705 0.976376
vt 0.265241 0.969451
vt 0.271417 0.978569
vt 0.268327 0.979114
vt 0.227392 0.970123
vt 0.783111 0.039273
vt 0.227569 0.974363
vt 0.608448 0.513046
vt 0.608990 0.511848
vt 0.984978 0.922829
vt 0.589950 0.505605
vt 0.515526 0.012200
vt 0.541948 0.900517
vt 0.548858 0.903515
vt 0.543720 0.906862
vt 0.542098 0.901194
vt 0.544497 0.896786
vt 0.959142 0.984386
vt 0.558498 0.519403
vt 0.920214 0.017361
vt 0.918809 0.020487
vt 0.920505 0.015523
vt 0.914239 0.022062
vt 0.914841 0.021266
vt 0.540134 0.906026
vt 0.599799 0.548085
vt 0.610302 0.546185
vt 0.998819 0.561779
vt 0.990362 0.567737
vt 0.997522 0.555406
vt 0.030773 0.009787
vt 0.029805 0.007235
vt 0.032067 0.005071
vt 0.998411 0.558106
vt 0.031235 0.016867
vt 0.032258 0.020723
vt 0.995161 0.567708
vt 0.998876 0.556503
vt 0.030067 0.005370
vt 0.623790 0.033316
vt 0.621889 0.034829
vt 0.164975 0.113298
vt 0.163367 0.112394
vt 0.461845 0.857183
vt 0.452028 0.857299
vt 0.985272 0.503176
vt 0.601658 0.551862
vt 0.958827 0.978388
vt 0.288875 0.019921
vt 0.030745 0.003983
vt 0.999794 0.555534
vt 0.988549 0.568853
vt 0.985495 0.565215
vt 0.983551 0.920353
vt 0.980582 0.923802
vt 0.577258 0.509478
vt 0.550614 0.903069
vt 0.278206 0.962973
vt 0.164466 0.113743
vt 0.164133 0.116321
vt 0.437333 0.022953
vt 0.440822 0.022872
vt 0.789918 0.044946
vt 0.543065 0.020010
vt 0.492862 0.095300
vt 0.290205 0.015673
vt 0.966890 0.680793
vt 0.163079 0.115768
vt 0.802595 0.926859
vt 0.809278 0.928740
vt 0.473686 0.983814
vt 0.475532 0.985198
vt 0.471969 0.986192
vt 0.435483 0.030115
vt 0.434918 0.027871
vt 0.436591 0.028208
vt 0.998077 0.552589
vt 0.033356 0.002735
vt 0.036488 0.003966
vt 0.959536 0.982283
vt 0.995320 0.552881
vt 0.037529 0.009610
vt 0.034996 0.021859
vt 0.546257 0.010302
vt 0.162131 0.116630
vt 0.159859 0.114837
vt 0.163119 0.116655
vt 0.471187 0.975062
vt 0.982771 0.923379
vt 0.226973 0.975954
vt 0.610918 0.546823
vt 0.611449 0.548002
vt 0.918142 0.014860
vt 0.913182 0.013991
vt 0.574240 0.512687
vt 0.985959 0.517854
vt 0.550231 0.909140
vt 0.541722 0.912864
vt 0.314540 0.113384
vt 0.868480 0.956974
vt 0.919328 0.009984
vt 0.921837 0.010563
vt 0.067656 0.796520
vt 0.068376 0.796952
vt 0.551123 0.904876
vt 0.990238 0.555867
vt 0.609749 0.508749
vt 0.818118 0.940432
vt 0.605931 0.507257
vt 0.276677 0.948586
vt 0.289887 0.955108
vt 0.276409 0.969616
vt 0.475194 0.982071
vt 0.300739 0.007871
vt 0.278516 0.980556
vt 0.959547 0.979473
vt 0.985264 0.501194
vt 0.032776 0.022449
vt 0.182232 0.799113
vt 0.182344 0.799540
vt 0.179009 0.804493
vt 0.055994 0.793038
vt 0.175249 0.802994
vt 0.311180 0.007810
vt 0.311927 0.006977
vt 0.312092 0.008807
vt 0.310155 0.008070
vt 0.550836 0.906353
vt 0.230448 0.977218
vt 0.054610 0.773502
vt 0.059348 0.769696
vt 0.066517 0.764829
vt 0.069490 0.771562
vt 0.473694 0.976808
vt 0.437664 0.020335
vt 0.436093 0.019271
vt 0.014493 0.727221
vt 0.605490 0.498618
vt 0.547853 0.009623
vt 0.314962 0.007639
vt 0.313456 0.007609
vt 0.382179 0.968190
vt 0.570947 0.511142
vt 0.474411 0.983868
vt 0.628659 0.070828
vt 0.786442 0.035637
vt 0.789085 0.034892
vt 0.235530 0.990076
vt 0.234286 0.988387
vt 0.239002 0.983483
vt 0.548950 0.007508
vt 0.817732 0.947325
vt 0.997120 0.356085
vt 0.992399 0.960603
vt 0.997294 0.962640
vt 0.482306 0.094243
vt 0.012226 0.742855
vt 0.009272 0.742799
vt 0.007337 0.741682
vt 0.990174 0.963011
vt 0.993998 0.960512
vt 0.954747 0.975665
vt 0.550257 0.907083
vt 0.989501 0.970942
vt 0.989881 0.969207
vt 0.543949 0.015813
vt 0.544265 0.016934
vt 0.543978 0.019257
vt 0.917740 0.009646
vt 0.999146 0.962388
vt 0.379621 0.970170
vt 0.558408 0.516308
vt 0.274162 0.964562
vt 0.547777 0.002363
vt 0.999724 0.960867
vt 0.157716 0.203121
vt 0.149534 0.231705
vt 0.821977 0.978747
vt 0.817027 0.977430
vt 0.822872 0.975152
vt 0.815284 0.978076
vt 0.909486 0.020899
vt 0.816596 0.972895
vt 0.079590 0.475268
vt 0.081464 0.471723
vt 0.083300 0.476078
vt 0.988571 0.498291
vt 0.988417 0.496534
vt 0.014220 0.733924
vt 0.015797 0.738772
vt 0.234819 0.977526
vt 0.985772 0.568836
vt 0.545271 0.001787
vt 0.986768 0.965312
vt 0.988290 0.964323
vt 0.433328 0.030008
vt 0.432474 0.030176
vt 0.015208 0.729005
vt 0.015128 0.730129
vt 0.298095 0.009515
vt 0.438545 0.841859
vt 0.232699 0.986911
vt 0.150213 0.107377
vt 0.052163 0.787226
vt 0.992154 0.496106
vt 0.239750 0.983114
vt 0.242627 0.977217
vt 0.180902 0.801841
vt 0.989185 0.571290
vt 0.988753 0.572270
vt 0.291775 0.011951
vt 0.299061 0.008940
vt 0.301184 0.008275
vt 0.613795 0.553074
vt 0.050348 0.228764
vt 0.048525 0.233895
vt 0.991823 0.973192
vt 0.134888 0.203820
vt 0.132721 0.209649
vt 0.474911 0.983201
vt 0.990750 0.552852
vt 0.015080 0.732611
vt 0.615505 0.559581
vt 0.169018 0.091900
vt 0.158800 0.089003
vt 0.629935 0.070063
vt 0.630811 0.070384
vt 0.474936 0.977746
vt 0.475246 0.979558
vt 0.475522 0.981106
vt 0.315544 0.012483
vt 0.314543 0.011836
vt 0.630673 0.070210
vt 0.141017 0.227820
vt 0.231907 0.984572
vt 0.984900 0.569741
vt 0.548447 0.913906
vt 0.434106 0.022516
vt 0.562748 0.509331
vt 0.631338 0.070070
vt 0.985855 0.706935
vt 0.986196 0.706575
vt 0.986847 0.709117
vt 0.537757 0.913133
vt 0.907145 0.021391
vt 0.824999 0.980359
vt 0.997505 0.361726
vt 0.009929 0.743495
vt 0.544538 0.017797
vt 0.613662 0.550838
vt 0.230672 0.971269
vt 0.227532 0.969045
vt 0.821268 0.970075
vt 0.823304 0.970998
vt 0.826168 0.972351
vt 0.431802 0.030710
vt 0.152626 0.093658
vt 0.549051 0.008096
vt 0.288296 0.015462
vt 0.286394 0.019225
vt 0.036525 0.022098
vt 0.609066 0.500090
vt 0.631809 0.067910
vt 0.910084 0.014619
vt 0.475657 0.983022
vt 0.431411 0.030567
vt 0.036404 0.003320
vt 0.474516 0.976705
vt 0.435508 0.018857
vt 0.997924 0.357743
vt 0.625916 0.059649
vt 0.626963 0.058581
vt 0.628940 0.058215
vt 0.624759 0.063235
vt 0.987316 0.710610
vt 0.992285 0.710458
vt 0.631243 0.070025
vt 0.286191 0.023216
vt 0.280046 0.017986
vt 0.068536 0.765590
vt 0.230051 0.984497
vt 0.495447 0.092951
vt 0.997850 0.551574
vt 0.827044 0.977150
vt 0.297870 0.008716
vt 0.987441 0.703059
vt 0.989683 0.704468
vt 0.987219 0.703853
vt 0.990396 0.703539
vt 0.986315 0.705458
vt 0.986443 0.704406
vt 0.069365 0.767189
vt 0.068847 0.765430
vt 0.989166 0.493508
vt 0.990380 0.493610
vt 0.312921 0.006159
vt 0.998309 0.356807
vt 0.277924 0.945466
vt 0.283935 0.951397
vt 0.289738 0.950810
vt 0.234080 0.970826
vt 0.876274 0.928914
vt 0.877887 0.934573
vt 0.874396 0.923085
vt 0.567269 0.509684
vt 0.036820 0.023059
vt 0.879413 0.935383
vt 0.883584 0.938914
vt 0.867447 0.943312
vt 0.988085 0.494608
vt 0.483127 0.115950
vt 0.483504 0.104027
vt 0.590170 0.498292
vt 0.915480 0.009394
vt 0.034863 0.002180
vt 0.995872 0.552476
vt 0.960507 0.978336
vt 0.614296 0.552108
vt 0.790810 0.039840
vt 0.793381 0.042612
vt 0.292691 0.010791
vt 0.294317 0.010063
vt 0.037827 0.004586
vt 0.822444 0.983565
vt 0.989632 0.708535
vt 0.559567 0.514354
vt 0.611281 0.504173
vt 0.612035 0.505491
vt 0.318442 0.012010
vt 0.385738 0.969996
vt 0.383320 0.972743
vt 0.429622 0.031640
vt 0.786467 0.033279
vt 0.286468 0.009402
vt 0.284808 0.013396
vt 0.085809 0.476433
vt 0.090728 0.465267
vt 0.092204 0.467964
vt 0.090746 0.471396
vt 0.549716 0.006807
vt 0.323652 0.013371
vt 0.315848 0.013894
vt 0.179646 0.831084
vt 0.181436 0.834274
vt 0.177453 0.829729
vt 0.026190 0.523186
vt 0.025192 0.523497
vt 0.026479 0.522796
vt 0.548174 0.001447
vt 0.317230 0.017616
vt 0.180472 0.834733
vt 0.961328 0.974588
vt 0.960947 0.977374
vt 0.996046 0.551705
vt 0.014389 0.044000
vt 0.021422 0.044189
vt 0.015773 0.044442
vt 0.017272 0.038182
vt 0.987747 0.493681
vt 0.035912 0.002572
vt 0.016445 0.050868
vt 0.016163 0.049796
vt 0.018754 0.049879
vt 0.014815 0.045344
vt 0.016432 0.045542
vt 0.015478 0.048283
vt 0.985140 0.965803
vt 0.574878 0.497842
vt 0.584676 0.495278
vt 0.088687 0.464203
vt 0.133325 0.203638
vt 0.432612 0.026731
vt 0.150862 0.112041
vt 0.317292 0.112158
vt 0.238577 0.971268
vt 0.387010 0.973088
vt 0.604008 0.557475
vt 0.288953 0.948230
vt 0.288218 0.963863
vt 0.052257 0.781441
vt 0.960410 0.974653
vt 0.956674 0.973067
vt 0.054170 0.229948
vt 0.054764 0.230501
vt 0.052023 0.229499
vt 0.866047 0.957992
vt 0.814575 0.972386
vt 0.813139 0.978305
vt 0.957102 0.972267
vt 0.013005 0.743695
vt 0.295171 0.009304
vt 0.961319 0.976174
vt 0.037939 0.016770
vt 0.570670 0.504666
vt 0.789367 0.036090
vt 0.039899 0.019777
vt 0.174405 0.804926
vt 0.795328 0.037050
vt 0.549456 0.911644
vt 0.796397 0.039923
vt 0.049769 0.788427
vt 0.290460 0.010608
vt 0.243099 0.974838
vt 0.988874 0.560382
vt 0.023800 0.520280
vt 0.314376 0.005024
vt 0.016126 0.051495
vt 0.017269 0.052959
vt 0.177587 0.835156
vt 0.272165 0.980172
vt 0.270112 0.981391
vt 0.068278 0.764489
vt 0.067386 0.763893
vt 0.386655 0.969520
vt 0.387576 0.970670
vt 0.953815 0.974149
vt 0.955166 0.973724
vt 0.612630 0.499720
vt 0.613055 0.502262
vt 0.794318 0.033045
vt 0.377989 0.971385
vt 0.376899 0.974307
vt 0.556565 0.512926
vt 0.609270 0.558625
vt 0.381653 0.974230
vt 0.987863 0.968549
vt 0.055456 0.231009
vt 0.051195 0.779944
vt 0.985073 0.562072
vt 0.615696 0.552899
vt 0.818704 0.982191
vt 0.815537 0.981651
vt 0.176445 0.832051
vt 0.429969 0.026580
vt 0.324308 0.007178
vt 0.320507 0.010799
vt 0.322195 0.008153
vt 0.320757 0.015644
vt 0.317356 0.019259
vt 0.151033 0.098789
vt 0.037623 0.012180
vt 0.828266 0.981821
vt 0.527087 0.115802
vt 0.527490 0.117892
vt 0.523446 0.117743
vt 0.177580 0.837455
vt 0.081553 0.468088
vt 0.080025 0.467090
vt 0.086783 0.461524
vt 0.989057 0.557346
vt 0.987072 0.558198
vt 0.789957 0.034121
vt 0.433867 0.015396
vt 0.433547 0.015928
vt 0.432940 0.013041
vt 0.792564 0.032374
vt 0.295634 0.008568
vt 0.317057 0.005601
vt 0.039458 0.010602
vt 0.568267 0.507055
vt 0.054097 0.231108
vt 0.052592 0.234834
vt 0.051010 0.234930
vt 0.281061 0.969143
vt 0.023936 0.523523
vt 0.020087 0.519795
vt 0.039589 0.009794
vt 0.014771 0.742491
vt 0.989117 0.556477
vt 0.992933 0.703838
vt 0.064541 0.766019
vt 0.316609 0.021005
vt 0.318455 0.021440
vt 0.616847 0.555836
vt 0.021960 0.523323
vt 0.544759 0.927385
vt 0.539117 0.921098
vt 0.557158 0.508939
vt 0.819866 0.968872
vt 0.275588 0.981695
vt 0.282503 0.023654
vt 0.039150 0.008972
vt 0.319422 0.019796
vt 0.281583 0.012194
vt 0.317866 0.005859
vt 0.631192 0.058089
vt 0.378591 0.978853
vt 0.176484 0.828966
vt 0.522308 0.118128
vt 0.272739 0.983079
vt 0.171882 0.836123
vt 0.318865 0.004792
vt 0.799429 0.042025
vt 0.869768 0.936970
vt 0.429495 0.016053
vt 0.057367 0.771268
vt 0.481494 0.095736
vt 0.039983 0.007586
vt 0.988689 0.555331
vt 0.989159 0.553597
vt 0.130238 0.223948
vt 0.247403 0.976112
vt 0.830174 0.978096
vt 0.389625 0.970634
vt 0.389969 0.972104
vt 0.865459 0.945203
vt 0.327671 0.006667
vt 0.326506 0.010456
vt 0.959010 0.674324
vt 0.080814 0.470541
vt 0.054810 0.231376
vt 0.632898 0.060065
vt 0.609566 0.495834
vt 0.831119 0.976816
vt 0.994888 0.703499
vt 0.994464 0.707755
vt 0.813190 0.972904
vt 0.815429 0.971080
vt 0.172024 0.806748
vt 0.174516 0.799577
vt 0.428760 0.031678
vt 0.425972 0.030732
vt 0.064577 0.763495
vt 0.118655 0.220213
vt 0.116418 0.213573
vt 0.123354 0.204655
vt 0.054996 0.232487
vt 0.278340 0.972741
vt 0.431112 0.021222
vt 0.951414 0.681291
vt 0.503301 0.089297
vt 0.168171 0.828098
vt 0.166347 0.831247
vt 0.334392 0.015652
vt 0.333124 0.010454
vt 0.333948 0.010754
vt 0.995115 0.709306
vt 0.828268 0.985195
vt 0.824368 0.984808
vt 0.428025 0.858229
vt 0.428586 0.856165
vt 0.428603 0.858577
vt 0.039036 0.006205
vt 0.065608 0.763348
vt 0.910879 0.009839
vt 0.615937 0.558066
vt 0.906469 0.020887
vt 0.333150 0.016748
vt 0.330872 0.017293
vt 0.536848 0.915362
vt 0.537177 0.913628
vt 0.377545 0.977856
vt 0.521748 0.122317
vt 0.815469 0.985236
vt 0.819372 0.986591
vt 0.816435 0.982162
vt 0.282293 0.978367
vt 0.317979 0.123017
vt 0.328670 0.007708
vt 0.520624 0.119778
vt 0.022221 0.048406
vt 0.320530 0.017756
vt 0.176070 0.804993
vt 0.288364 0.967417
vt 0.022314 0.519056
vt 0.249722 0.974906
vt 0.058101 0.770298
vt 0.017605 0.036837
vt 0.022473 0.039410
vt 0.430455 0.011874
vt 0.432731 0.011473
vt 0.325644 0.019381
vt 0.324829 0.018798
vt 0.330316 0.013566
vt 0.556966 0.505314
vt 0.039349 0.006572
vt 0.988209 0.552548
vt 0.990045 0.553159
vt 0.908503 0.010996
vt 0.062066 0.767420
vt 0.060946 0.768120
vt 0.429631 0.860478
vt 0.563927 0.505802
vt 0.023647 0.054326
vt 0.173921 0.798212
vt 0.175494 0.799097
vt 0.173111 0.799837
vt 0.392599 0.973265
vt 0.173629 0.826547
vt 0.441416 0.856807
vt 0.055168 0.770682
vt 0.054399 0.772327
vt 0.799087 0.046708
vt 0.059489 0.136011
vt 0.056916 0.137242
vt 0.056023 0.136463
vt 0.905181 0.014193
vt 0.064369 0.764832
vt 0.620011 0.032366
vt 0.619739 0.029963
vt 0.620789 0.030018
vt 0.331519 0.010111
vt 0.243303 0.971888
vt 0.966276 0.671267
vt 0.292729 0.942693
vt 0.512858 0.119515
vt 0.515601 0.116996
vt 0.619170 0.026772
vt 0.619446 0.023033
vt 0.620153 0.021088
vt 0.619920 0.027888
vt 0.173645 0.804943
vt 0.550109 0.915793
vt 0.547601 0.917312
vt 0.571013 0.496102
vt 0.323517 0.018063
vt 0.430340 0.025993
vt 0.283162 0.975259
vt 0.021476 0.514737
vt 0.398967 0.917445
vt 0.400741 0.917524
vt 0.399025 0.920599
vt 0.395773 0.919484
vt 0.528306 0.119592
vt 0.039956 0.005693
vt 0.827907 0.972797
vt 0.423796 0.849146
vt 0.423582 0.848599
vt 0.426488 0.849267
vt 0.425799 0.850075
vt 0.990096 0.552543
vt 0.016959 0.037540
vt 0.821717 0.987461
vt 0.612625 0.495959
vt 0.018274 0.522342
vt 0.172816 0.822562
vt 0.019670 0.055708
vt 0.020464 0.055321
vt 0.021090 0.057578
vt 0.989745 0.551948
vt 0.020994 0.512909
vt 0.019089 0.512943
vt 0.171084 0.821041
vt 0.277127 0.981891
vt 0.431327 0.021839
vt 0.607576 0.494213
vt 0.059905 0.767862
vt 0.315778 0.130686
vt 0.287617 0.009394
vt 0.562031 0.505381
vt 0.904974 0.021266
vt 0.902335 0.020842
vt 0.019582 0.512385
vt 0.249069 0.971663
vt 0.081281 0.462552
vt 0.535845 0.916495
vt 0.828792 0.944029
vt 0.245032 0.970281
vt 0.168354 0.801063
vt 0.528944 0.118456
vt 0.534395 0.119186
vt 0.529251 0.124808
vt 0.906635 0.010197
vt 0.615177 0.561334
vt 0.612888 0.566156
vt 0.301169 0.946691
vt 0.610059 0.482985
vt 0.427289 0.852436
vt 0.432886 0.847829
vt 0.473323 0.104788
vt 0.473274 0.099058
vt 0.015741 0.929454
vt 0.018823 0.931021
vt 0.014691 0.932400
vt 0.823032 0.987948
vt 0.287399 0.975953
vt 0.622161 0.023891
vt 0.252425 0.973197
vt 0.830861 0.982822
vt 0.015432 0.934917
vt 0.250261 0.968815
vt 0.013608 0.926467
vt 0.057240 0.135798
vt 0.054987 0.136871
vt 0.054634 0.133768
vt 0.172917 0.806860
vt 0.429051 0.016877
vt 0.535048 0.918003
vt 0.616397 0.011122
vt 0.618539 0.010897
vt 0.620871 0.013108
vt 0.007226 0.193464
vt 0.008917 0.191965
vt 0.009150 0.192708
vt 0.015919 0.512815
vt 0.396842 0.972600
vt 0.398779 0.973575
vt 0.617491 0.016810
vt 0.615891 0.016163
vt 0.622242 0.020203
vt 0.619206 0.019008
vt 0.017656 0.928205
vt 0.514124 0.117565
vt 0.512799 0.117544
vt 0.254690 0.974245
vt 0.172628 0.837691
vt 0.171837 0.837993
vt 0.613823 0.014201
vt 0.615217 0.012845
vt 0.825863 0.990080
vt 0.623235 0.022223
vt 0.292248 0.962887
vt 0.515628 0.126217
vt 0.614141 0.010817
vt 0.560548 0.500597
vt 0.280979 0.981311
vt 0.871390 0.932760
vt 0.868048 0.926738
vt 0.292349 0.978399
vt 0.397076 0.922074
vt 0.164313 0.826682
vt 0.428568 0.012232
vt 0.832376 0.978869
vt 0.432633 0.856893
vt 0.010126 0.193081
vt 0.014415 0.191981
vt 0.011314 0.195218
vt 0.867862 0.949696
vt 0.522950 0.126310
vt 0.252657 0.970015
vt 0.012997 0.194218
vt 0.169668 0.816335
vt 0.171601 0.839977
vt 0.169984 0.839967
vt 0.030037 0.044064
vt 0.283400 0.011130
vt 0.012301 0.935628
vt 0.390510 0.982536
vt 0.387090 0.983038
vt 0.016627 0.926370
vt 0.009716 0.190179
vt 0.393808 0.919976
vt 0.395098 0.924122
vt 0.613180 0.493813
vt 0.018615 0.037155
vt 0.021126 0.038585
vt 0.092899 0.466925
vt 0.019117 0.054559
vt 0.379936 0.983405
vt 0.378821 0.981604
vt 0.400073 0.920451
vt 0.400674 0.922507
vt 0.832656 0.983075
vt 0.833610 0.979145
vt 0.628730 0.014036
vt 0.627221 0.015467
vt 0.626497 0.010813
vt 0.827363 0.989216
vt 0.017346 0.519936
vt 0.014655 0.519755
vt 0.281193 0.011457
vt 0.510163 0.118212
vt 0.833408 0.983105
vt 0.424711 0.030102
vt 0.836848 0.986252
vt 0.258375 0.970907
vt 0.258104 0.971936
vt 0.257088 0.971160
vt 0.899962 0.020084
vt 0.287148 0.007921
vt 0.010466 0.189797
vt 0.556886 0.502532
vt 0.019772 0.676731
vt 0.019079 0.675826
vt 0.021382 0.676344
vt 0.867763 0.925388
vt 0.430932 0.021911
vt 0.901234 0.021120
vt 0.023431 0.057775
vt 0.006857 0.928380
vt 0.428601 0.846358
vt 0.424892 0.846517
vt 0.505088 0.116615
vt 0.505577 0.117402
vt 0.502880 0.118218
vt 0.391221 0.922298
vt 0.442611 0.857802
vt 0.827150 0.992382
vt 0.442110 0.837867
vt 0.447038 0.832230
vt 0.010794 0.931583
vt 0.255255 0.973030
vt 0.623541 0.012347
vt 0.626971 0.017290
vt 0.280710 0.013416
vt 0.279179 0.016611
vt 0.546660 0.921440
vt 0.254509 0.970397
vt 0.574651 0.496977
vt 0.573032 0.493805
vt 0.573601 0.495417
vt 0.290830 0.965355
vt 0.295261 0.955543
vt 0.576653 0.493730
vt 0.586302 0.490565
vt 0.083577 0.458861
vt 0.167291 0.838572
vt 0.614289 0.493421
vt 0.614541 0.490441
vt 0.828441 0.993872
vt 0.834611 0.992053
vt 0.833137 0.994787
vt 0.611332 0.491265
vt 0.507620 0.115899
vt 0.009583 0.933779
vt 0.166776 0.806765
vt 0.169567 0.813374
vt 0.168480 0.804099
vt 0.512542 0.121994
vt 0.831398 0.987540
vt 0.284321 0.982596
vt 0.510417 0.123274
vt 0.435347 0.852050
vt 0.532223 0.921803
vt 0.536560 0.924823
vt 0.170093 0.810579
vt 0.015382 0.189475
vt 0.170945 0.807749
vt 0.899165 0.021748
vt 0.149152 0.112400
vt 0.303857 0.953628
vt 0.016390 0.675241
vt 0.013861 0.673720
vt 0.013417 0.670107
vt 0.020045 0.669623
vt 0.557898 0.498861
vt 0.157255 0.835390
vt 0.534297 0.122774
vt 0.314892 0.120106
vt 0.052049 0.133859
vt 0.562438 0.495892
vt 0.425043 0.031199
vt 0.869106 0.960229
vt 0.901676 0.010468
vt 0.023777 0.038886
vt 0.429309 0.015070
vt 0.428423 0.013133
vt 0.293997 0.967219
vt 0.157266 0.088171
vt 0.292883 0.964815
vt 0.014565 0.925231
vt 0.007679 0.189418
vt 0.381284 0.985901
vt 0.503274 0.086905
vt 0.502160 0.087520
vt 0.951851 0.679031
vt 0.951404 0.679748
vt 0.951010 0.678680
vt 0.501885 0.086523
vt 0.284227 0.977888
vt 0.288088 0.979867
vt 0.557351 0.499623
vt 0.021576 0.674068
vt 0.293643 0.972449
vt 0.531587 0.127470
vt 0.030044 0.054896
vt 0.157205 0.799136
vt 0.145231 0.233306
vt 0.523190 0.129975
vt 0.225276 0.330914
vt 0.224634 0.329876
vt 0.226787 0.330315
vt 0.315622 0.134955
vt 0.127627 0.236814
vt 0.135772 0.240740
vt 0.136517 0.115389
vt 0.136444 0.110860
vt 0.057886 0.139005
vt 0.280680 0.011291
vt 0.398614 0.979373
vt 0.125854 0.233104
vt 0.491646 0.093087
vt 0.135104 0.117682
vt 0.927954 0.808677
vt 0.931673 0.806346
vt 0.931087 0.809109
vt 0.479514 0.096117
vt 0.609229 0.487582
vt 0.395947 0.928491
vt 0.546580 0.922856
vt 0.440637 0.839075
vt 0.440258 0.839643
vt 0.381756 0.986389
vt 0.517647 0.131225
vt 0.093599 0.462814
vt 0.398015 0.926676
vt 0.164267 0.819079
vt 0.124464 0.223995
vt 0.497020 0.123897
vt 0.611240 0.487833
vt 0.572369 0.492068
vt 0.156200 0.086964
vt 0.492530 0.091965
vt 0.500528 0.086071
vt 0.229761 0.328230
vt 0.898854 0.014572
vt 0.303127 0.960194
vt 0.615137 0.488794
vt 0.139450 0.120127
vt 0.121087 0.225906
vt 0.114729 0.237742
vt 0.559943 0.497341
vt 0.009435 0.188115
vt 0.011189 0.187278
vt 0.015385 0.923664
vt 0.009396 0.518289
vt 0.530161 0.924096
vt 0.533169 0.927863
vt 0.148750 0.088270
vt 0.146088 0.118065
vt 0.143160 0.117263
vt 0.949098 0.678002
vt 0.401221 0.926009
vt 0.011410 0.512388
vt 0.054874 0.140122
vt 0.165341 0.798252
vt 0.881138 0.156090
vt 0.881230 0.157597
vt 0.880552 0.157032
vt 0.027522 0.038866
vt 0.088856 0.458318
vt 0.012616 0.922267
vt 0.031067 0.043470
vt 0.055536 0.142043
vt 0.056235 0.140853
vt 0.132666 0.107996
vt 0.088049 0.454196
vt 0.085994 0.452319
vt 0.901136 0.011932
vt 0.160722 0.800146
vt 0.057712 0.140724
vt 0.012720 0.520040
vt 0.441765 0.857867
vt 0.580692 0.487042
vt 0.950849 0.676079
vt 0.829973 0.990201
vt 0.494787 0.090214
vt 0.499309 0.086596
vt 0.013298 0.674390
vt 0.013053 0.673346
vt 0.009114 0.514667
vt 0.014380 0.511313
vt 0.879510 0.156498
vt 0.878708 0.156960
vt 0.873424 0.150254
vt 0.948481 0.676678
vt 0.024679 0.673132
vt 0.024462 0.673316
vt 0.543383 0.930598
vt 0.870739 0.149087
vt 0.011448 0.674670
vt 0.008904 0.675190
vt 0.953970 0.671711
vt 0.957518 0.672954
vt 0.568145 0.492176
vt 0.929367 0.807295
vt 0.391902 0.932300
vt 0.010800 0.511338
vt 0.222246 0.330124
vt 0.230176 0.325094
vt 0.230436 0.326804
vt 0.091531 0.459474
vt 0.053758 0.133301
vt 0.526112 0.133126
vt 0.557546 0.498188
vt 0.143056 0.243205
vt 0.614827 0.483514
vt 0.582602 0.483707
vt 0.016586 0.921776
vt 0.289458 0.981546
vt 0.006923 0.520008
vt 0.007556 0.522349
vt 0.029202 0.058659
vt 0.513048 0.128562
vt 0.873098 0.155083
vt 0.295923 0.963764
vt 0.835091 0.992606
vt 0.053331 0.143337
vt 0.877129 0.160467
vt 0.092291 0.448789
vt 0.948059 0.675090
vt 0.948790 0.673637
vt 0.945627 0.674775
vt 0.025012 0.672735
vt 0.299156 0.960306
vt 0.525797 0.931757
vt 0.526165 0.930275
vt 0.527022 0.931770
vt 0.012006 0.510787
vt 0.010191 0.186817
vt 0.868946 0.931461
vt 0.009221 0.933440
vt 0.008942 0.661061
vt 0.010817 0.660847
vt 0.009403 0.663804
vt 0.527297 0.926603
vt 0.524045 0.929166
vt 0.524436 0.927431
vt 0.899528 0.012511
vt 0.316886 0.143950
vt 0.314636 0.141250
vt 0.313048 0.138116
vt 0.030972 0.048418
vt 0.433508 0.858264
vt 0.432949 0.857622
vt 0.012091 0.509231
vt 0.012874 0.509439
vt 0.013672 0.509224
vt 0.424018 0.845399
vt 0.426439 0.844214
vt 0.009359 0.672526
vt 0.547411 0.924234
vt 0.889085 0.162728
vt 0.890199 0.163397
vt 0.378085 0.927004
vt 0.152651 0.236042
vt 0.532209 0.130853
vt 0.837109 0.988137
vt 0.835990 0.987782
vt 0.547360 0.926227
vt 0.570700 0.489678
vt 0.008368 0.932749
vt 0.296260 0.970124
vt 0.535519 0.126963
vt 0.114769 0.212229
vt 0.096064 0.438442
vt 0.096010 0.440239
vt 0.094857 0.440399
vt 0.576299 0.487401
vt 0.562633 0.491398
vt 0.525839 0.933071
vt 0.526051 0.934211
vt 0.423529 0.844003
vt 0.161232 0.837685
vt 0.220102 0.330905
vt 0.400064 0.928615
vt 0.120574 0.224243
vt 0.049413 0.135214
vt 0.015315 0.917489
vt 0.087394 0.448040
vt 0.080860 0.452678
vt 0.217430 0.331829
vt 0.214448 0.331865
vt 0.215583 0.329972
vt 0.953359 0.809681
vt 0.952014 0.811262
vt 0.951332 0.806945
vt 0.951887 0.808209
vt 0.024982 0.671486
vt 0.866723 0.924491
vt 0.012744 0.185456
vt 0.012647 0.918461
vt 0.096046 0.456028
vt 0.398390 0.981606
vt 0.396247 0.982139
vt 0.560062 0.491147
vt 0.291334 0.980817
vt 0.401773 0.983485
vt 0.400218 0.983634
vt 0.017432 0.921205
vt 0.383854 0.990050
vt 0.558303 0.493289
vt 0.392976 0.986635
vt 0.527383 0.132511
vt 0.948355 0.670533
vt 0.536621 0.124022
vt 0.520659 0.134002
vt 0.868674 0.939770
vt 0.433008 0.858383
vt 0.421810 0.843768
vt 0.426484 0.841970
vt 0.113614 0.214758
vt 0.097023 0.439144
vt 0.096427 0.441144
vt 0.096379 0.439765
vt 0.160735 0.829686
vt 0.389736 0.988701
vt 0.527786 0.937299
vt 0.015060 0.190820
vt 0.571128 0.487092
vt 0.160900 0.826665
vt 0.044873 0.129294
vt 0.044615 0.130843
vt 0.044013 0.130620
vt 0.298308 0.969168
vt 0.008666 0.522752
vt 0.222720 0.327340
vt 0.401269 0.928697
vt 0.400743 0.931037
vt 0.009118 0.917797
vt 0.536529 0.128448
vt 0.299046 0.968542
vt 0.017780 0.919683
vt 0.524489 0.136209
vt 0.548305 0.927591
vt 0.397905 0.984626
vt 0.045637 0.129314
vt 0.045065 0.132964
vt 0.092016 0.440124
vt 0.093254 0.442511
vt 0.087677 0.442905
vt 0.089177 0.439414
vt 0.614563 0.481169
vt 0.513052 0.132010
vt 0.006714 0.930720
vt 0.087195 0.440858
vt 0.950383 0.808578
vt 0.049248 0.129436
vt 0.049504 0.130477
vt 0.162728 0.819878
vt 0.157709 0.818500
vt 0.928116 0.805798
vt 0.162344 0.798235
vt 0.010005 0.671119
vt 0.158177 0.831766
vt 0.435501 0.845778
vt 0.011148 0.507622
vt 0.011955 0.507272
vt 0.547994 0.929369
vt 0.569402 0.488023
vt 0.159780 0.820767
vt 0.602007 0.836089
vt 0.603570 0.837430
vt 0.600777 0.837438
vt 0.134786 0.104417
vt 0.096951 0.459761
vt 0.148199 0.239416
vt 0.147286 0.249674
vt 0.147698 0.097366
vt 0.149439 0.097908
vt 0.152342 0.233263
vt 0.870825 0.155532
vt 0.868968 0.150706
vt 0.296870 0.973595
vt 0.159527 0.838478
vt 0.445709 0.832239
vt 0.150291 0.240320
vt 0.054332 0.402194
vt 0.053021 0.397795
vt 0.057317 0.405787
vt 0.400390 0.933614
vt 0.539405 0.121899
vt 0.539092 0.123201
vt 0.538555 0.122753
vt 0.568154 0.487857
vt 0.945134 0.673891
vt 0.126517 0.096624
vt 0.136472 0.092489
vt 0.131644 0.097412
vt 0.052027 0.388091
vt 0.051124 0.134361
vt 0.029889 0.058621
vt 0.043924 0.132833
vt 0.150849 0.093298
vt 0.422293 0.842164
vt 0.383467 0.992265
vt 0.143157 0.094484
vt 0.409225 0.835264
vt 0.404192 0.833284
vt 0.411642 0.835331
vt 0.837608 0.989745
vt 0.149086 0.093107
vt 0.298649 0.971658
vt 0.017300 0.190328
vt 0.954012 0.808791
vt 0.157198 0.237384
vt 0.836282 0.992739
vt 0.018457 0.669253
vt 0.015489 0.668834
vt 0.053639 0.143745
vt 0.052244 0.144302
vt 0.091880 0.444426
vt 0.397102 0.934269
vt 0.158803 0.828232
vt 0.012258 0.181975
vt 0.017145 0.188051
vt 0.614055 0.480211
vt 0.042434 0.130748
vt 0.294215 0.981307
vt 0.300934 0.969475
vt 0.060873 0.406075
vt 0.058855 0.414887
vt 0.153903 0.237531
vt 0.097112 0.443584
vt 0.032175 0.048224
vt 0.098429 0.437665
vt 0.097046 0.441300
vt 0.063754 0.417622
vt 0.055766 0.421145
vt 0.051766 0.425085
vt 0.028635 0.038498
vt 0.029368 0.038892
vt 0.616323 0.482138
vt 0.212808 0.331462
vt 0.440199 0.855491
vt 0.303210 0.962423
vt 0.010467 0.181977
vt 0.537977 0.130672
vt 0.433632 0.844516
vt 0.293306 0.983739
vt 0.572696 0.484941
vt 0.080276 0.450342
vt 0.391269 0.989260
vt 0.404225 0.832508
vt 0.521155 0.136342
vt 0.402220 0.931418
vt 0.402327 0.932313
vt 0.158964 0.799538
vt 0.873945 0.164864
vt 0.012414 0.663065
vt 0.538914 0.126227
vt 0.030516 0.059783
vt 0.923343 0.803217
vt 0.438435 0.840950
vt 0.029217 0.038370
vt 0.231954 0.325960
vt 0.148781 0.248883
vt 0.058701 0.403889
vt 0.031422 0.046262
vt 0.540244 0.122913
vt 0.544689 0.929884
vt 0.518809 0.137754
vt 0.013451 0.668607
vt 0.482093 0.119736
vt 0.486478 0.120642
vt 0.479602 0.120310
vt 0.439605 0.854518
vt 0.009677 0.669039
vt 0.372355 0.927109
vt 0.547623 0.930245
vt 0.557427 0.489764
vt 0.559525 0.488939
vt 0.147276 0.092849
vt 0.146817 0.089873
vt 0.098226 0.439236
vt 0.132322 0.099090
vt 0.436587 0.851697
vt 0.009789 0.665806
vt 0.049897 0.134305
vt 0.421372 0.928476
vt 0.420808 0.927535
vt 0.422222 0.928397
vt 0.953735 0.807126
vt 0.953876 0.806652
vt 0.087155 0.141814
vt 0.086670 0.141905
vt 0.085358 0.141011
vt 0.086889 0.141245
vt 0.006095 0.930996
vt 0.433667 0.859136
vt 0.517729 0.139632
vt 0.031875 0.055781
vt 0.401426 0.933386
vt 0.049325 0.130976
vt 0.612587 0.478443
vt 0.424030 0.841582
vt 0.058438 0.421279
vt 0.541007 0.126285
vt 0.616678 0.478844
vt 0.073107 0.131246
vt 0.079173 0.133025
vt 0.072521 0.132648
vt 0.076234 0.130200
vt 0.411498 0.926446
vt 0.411146 0.926164
vt 0.411033 0.924889
vt 0.393833 0.990902
vt 0.079136 0.135622
vt 0.076752 0.134466
vt 0.058119 0.398815
vt 0.058306 0.400659
vt 0.098975 0.438825
vt 0.155567 0.838699
vt 0.154111 0.838585
vt 0.155133 0.828223
vt 0.076512 0.127388
vt 0.949256 0.806384
vt 0.950271 0.809675
vt 0.036599 0.044615
vt 0.035262 0.038955
vt 0.036919 0.038942
vt 0.489299 0.122282
vt 0.401570 0.831395
vt 0.401781 0.830956
vt 0.007447 0.918932
vt 0.080508 0.117794
vt 0.079080 0.121558
vt 0.420128 0.926875
vt 0.423813 0.928486
vt 0.401446 0.988905
vt 0.031826 0.042205
vt 0.054041 0.387849
vt 0.479646 0.094368
vt 0.146718 0.094141
vt 0.031504 0.126122
vt 0.039492 0.128112
vt 0.036765 0.131117
vt 0.145220 0.094715
vt 0.078239 0.118189
vt 0.014452 0.667434
vt 0.132046 0.102709
vt 0.144961 0.093718
vt 0.632935 0.873292
vt 0.635778 0.874923
vt 0.630266 0.873357
vt 0.017677 0.189463
vt 0.250314 0.307886
vt 0.249074 0.309947
vt 0.249099 0.306680
vt 0.296029 0.982124
vt 0.472214 0.097444
vt 0.932472 0.810178
vt 0.246158 0.306993
vt 0.953840 0.805884
vt 0.005039 0.929256
vt 0.434437 0.857908
vt 0.049566 0.131724
vt 0.088130 0.142095
vt 0.086670 0.142500
vt 0.049390 0.133455
vt 0.524817 0.138317
vt 0.041084 0.128859
vt 0.948138 0.809639
vt 0.302924 0.963860
vt 0.401031 0.830236
vt 0.268032 0.304431
vt 0.539287 0.128352
vt 0.011754 0.179452
vt 0.013934 0.181224
vt 0.005430 0.931313
vt 0.005621 0.930753
vt 0.214389 0.329667
vt 0.037113 0.045546
vt 0.036111 0.046801
vt 0.010206 0.666865
vt 0.527770 0.938768
vt 0.087094 0.445017
vt 0.212733 0.331349
vt 0.445783 0.940338
vt 0.445273 0.940233
vt 0.446167 0.938298
vt 0.540432 0.127154
vt 0.099637 0.459631
vt 0.068884 0.415025
vt 0.085854 0.144065
vt 0.415713 0.926764
vt 0.889731 0.161586
vt 0.891264 0.162243
vt 0.424667 0.929323
vt 0.425523 0.929307
vt 0.398399 0.936860
vt 0.078685 0.449222
vt 0.399393 0.936533
vt 0.599809 0.837235
vt 0.022167 0.188785
vt 0.037471 0.068326
vt 0.034785 0.068717
vt 0.036777 0.067021
vt 0.435473 0.855834
vt 0.245115 0.307737
vt 0.241141 0.307696
vt 0.252279 0.305510
vt 0.265920 0.295671
vt 0.431674 0.841134
vt 0.153762 0.790232
vt 0.148849 0.788999
vt 0.103660 0.454112
vt 0.099234 0.460444
vt 0.261641 0.296948
vt 0.620228 0.873811
vt 0.036388 0.064745
vt 0.244618 0.326064
vt 0.070291 0.145020
vt 0.062749 0.147927
vt 0.058799 0.140620
vt 0.076832 0.151356
vt 0.472278 0.087995
vt 0.619149 0.879047
vt 0.617174 0.877451
vt 0.268300 0.300168
vt 0.421461 0.840017
vt 0.434011 0.935561
vt 0.432978 0.934426
vt 0.436741 0.936960
vt 0.031460 0.065477
vt 0.030740 0.060552
vt 0.370328 0.928127
vt 0.062984 0.133150
vt 0.102375 0.459108
vt 0.003328 0.928496
vt 0.003280 0.927373
vt 0.005457 0.919210
vt 0.615404 0.477825
vt 0.409423 0.922269
vt 0.495174 0.124180
vt 0.234855 0.328006
vt 0.034728 0.056543
vt 0.938406 0.811339
vt 0.936318 0.806646
vt 0.940484 0.810056
vt 0.465653 0.094561
vt 0.014811 0.178541
vt 0.563872 0.837892
vt 0.565977 0.838444
vt 0.561349 0.837767
vt 0.413486 0.837983
vt 0.442414 0.938564
vt 0.212303 0.330716
vt 0.213701 0.329153
vt 0.941552 0.809217
vt 0.522828 0.140694
vt 0.639499 0.877762
vt 0.431294 0.933204
vt 0.435457 0.932341
vt 0.637089 0.875062
vt 0.551228 0.937439
vt 0.037385 0.064797
vt 0.038025 0.065479
vt 0.543878 0.127818
vt 0.024786 0.129212
vt 0.026765 0.130132
vt 0.027093 0.134543
vt 0.606144 0.837543
vt 0.605392 0.841314
vt 0.605397 0.837644
vt 0.544590 0.126735
vt 0.013937 0.177965
vt 0.405679 0.920402
vt 0.403754 0.918360
vt 0.021550 0.185834
vt 0.421892 0.837503
vt 0.953459 0.805302
vt 0.076514 0.417069
vt 0.080237 0.419906
vt 0.014618 0.665814
vt 0.099983 0.436339
vt 0.004028 0.917403
vt 0.402387 0.829734
vt 0.530122 0.941212
vt 0.226055 0.319012
vt 0.446718 0.935873
vt 0.088187 0.142412
vt 0.642060 0.878259
vt 0.436764 0.855731
vt 0.245217 0.327259
vt 0.429215 0.932229
vt 0.549972 0.937177
vt 0.048711 0.144544
vt 0.427716 0.930421
vt 0.080980 0.154260
vt 0.269060 0.303164
vt 0.904769 0.162437
vt 0.544728 0.837268
vt 0.544078 0.836720
vt 0.806930 0.010245
vt 0.798598 0.014663
vt 0.797613 0.014793
vt 0.804082 0.009245
vt 0.070591 0.419318
vt 0.064399 0.418736
vt 0.913894 0.162169
vt 0.571649 0.838015
vt 0.579401 0.838183
vt 0.522538 0.142636
vt 0.233977 0.310625
vt 0.529754 0.942633
vt 0.618376 0.879982
vt 0.446869 0.933200
vt 0.271180 0.302107
vt 0.955324 0.802576
vt 0.091153 0.147021
vt 0.089644 0.152032
vt 0.151342 0.837036
vt 0.303464 0.972444
vt 0.536391 0.943233
vt 0.367058 0.938205
vt 0.402403 0.915665
vt 0.152427 0.786608
vt 0.955142 0.805113
vt 0.016902 0.179526
vt 0.021714 0.183284
vt 0.151401 0.784177
vt 0.562334 0.842757
vt 0.560071 0.482343
vt 0.102586 0.434405
vt 0.101465 0.439284
vt 0.447768 0.929781
vt 0.583786 0.844138
vt 0.220525 0.323243
vt 0.797236 0.011742
vt 0.018205 0.176300
vt 0.305668 0.981792
vt 0.297961 0.984337
vt 0.515510 0.149724
vt 0.614639 0.464761
vt 0.923501 0.798970
vt 0.368900 0.928015
vt 0.656635 0.877764
vt 0.644218 0.885854
vt 0.645754 0.878568
vt 0.046715 0.146359
vt 0.662824 0.878801
vt 0.617463 0.883369
vt 0.083055 0.423544
vt 0.071147 0.425750
vt 0.906764 0.170587
vt 0.590026 0.844138
vt 0.918901 0.166142
vt 0.613951 0.476870
vt 0.614985 0.471044
vt 0.414939 0.917199
vt 0.435146 0.924936
vt 0.273781 0.309362
vt 0.260363 0.325103
vt 0.086550 0.157061
vt 0.093822 0.156800
vt 0.274866 0.306896
vt 0.212287 0.325704
vt 0.251709 0.334850
vt 0.362106 0.929319
vt 0.876635 0.170951
vt 0.519233 0.152680
vt 0.537636 0.946966
vt 0.550383 0.943754
vt 0.923823 0.799671
vt 0.807595 0.006974
vt 0.799952 0.004444
vt 0.617860 0.887449
vt 0.798232 0.007539
vt 0.144817 0.841225
vt 0.023093 0.180397
vt 0.401467 0.911667
vt 0.406635 0.913153
vt 0.402289 0.942650
vt 0.400198 0.947917
vt 0.543215 0.842480
vt 0.543651 0.839518
vt 0.143873 0.810068
vt 0.540856 0.841421
vt 0.957919 0.801524
vt 0.928659 0.167190
vt 0.044320 0.147646
vt 0.212615 0.323402
vt 0.667864 0.882667
vt 0.353564 0.932544
vt 0.021949 0.177606
vt 0.143770 0.784896
vt 0.959717 0.799120
vt 0.616998 0.465951
vt 0.927280 0.171780
vt 0.476060 0.123620
vt 0.476940 0.126908
vt 0.557005 0.476292
vt 0.961508 0.797874
vt 0.446398 0.928830
vt 0.142424 0.787488
vt 0.538624 0.840742
vt 0.402564 0.911682
vt 0.478173 0.128538
vt 0.474512 0.126133
vt 0.044008 0.148974
vt 0.668303 0.884000
vt 0.885687 0.180588
vt 0.879230 0.182155
vt 0.923223 0.795801
vt 0.928690 0.794596
vt 0.942272 0.796369
vt 0.552835 0.853828
vt 0.032286 0.155307
vt 0.039238 0.151255
vt 0.035203 0.158050
vt 0.944813 0.798743
vt 0.544545 0.853598
vt 0.579878 0.846139
vt 0.577315 0.851919
vt 0.443753 0.920037
vt 0.448481 0.925770
vt 0.439947 0.923287
vt 0.539337 0.847801
vt 0.541488 0.843922
vt 0.926609 0.173835
vt 0.622628 0.894178
vt 0.617281 0.889913
vt 0.914972 0.177727
vt 0.041995 0.996164
vt 0.047003 0.994025
vt 0.045518 0.996465
vt 0.538254 0.842247
vt 0.043118 0.992087
vt 0.573666 0.855486
vt 0.952005 0.797539
vt 0.956715 0.795113
vt 0.909695 0.184840
vt 0.905447 0.182343
vt 0.652468 0.899806
vt 0.918349 0.182026
vt 0.923301 0.180800
vt 0.932034 0.178909
vt 0.616189 0.463647
vt 0.618043 0.450553
vt 0.666403 0.893660
vt 0.040918 0.986330
vt 0.040756 0.983909
vt 0.042506 0.986150
vt 0.622394 0.900236
vt 0.633842 0.902473
vt 0.615769 0.899681
vt 0.962758 0.795956
vt 0.621823 0.903166
vt 0.476715 0.131578
vt 0.470046 0.129586
vt 0.556729 0.474900
vt 0.560313 0.467127
vt 0.041701 0.987675
vt 0.539919 0.853608
vt 0.538889 0.852063
vt 0.949303 0.796043
vt 0.504958 0.167983
vt 0.491619 0.156566
vt 0.508918 0.170941
vt 0.471302 0.143613
vt 0.466202 0.136167
vt 0.554105 0.462943
vt 0.562281 0.461681
vt 0.563888 0.456510
vt 0.670289 0.898610
vt 0.610067 0.447849
vt 0.514023 0.152577
vt 0.509861 0.156211
vt 0.585483 0.452346
vt 0.672001 0.895944
vt 0.514996 0.157505
vt 0.048056 0.996881
vt 0.517442 0.155645
vt 0.049738 0.990109
vt 0.613111 0.442592
vt 0.508743 0.165462
vt 0.045640 0.986691
vt 0.554132 0.453841
vt 0.463715 0.988710
vt 0.302351 0.070625
vt 0.585311 0.104256
vt 0.855116 0.041973
vt 0.069433 0.769242
vt 0.125385 0.259278
vt 0.892055 0.079751
vt 0.893378 0.076456
vt 0.096111 0.868420
vt 0.231396 0.985731
vt 0.071973 0.555288
vt 0.038302 0.006247
vt 0.018255 0.054241
vt 0.039101 0.005622
vt 0.042258 0.160542
vt 0.042425 0.156658
vt 0.023482 0.224072
vt 0.049385 0.778636
vt 0.992619 0.569264
vt 0.508804 0.114362
s 1
usemtl Material_0
f 3/1/1 1/2/2 7/3/3
f 3/1/1 7/3/3 6/4/4
f 19/5/5 29/6/6 20/7/7
f 37/8/8 39/9/9 38/10/10
f 5/11/11 40/12/12 41/13/13
f 13/14/14 23/15/15 43/16/16
f 13/14/14 43/16/16 37/8/8
f 35/17/17 34/18/18 71/19/19
f 10/20/20 57/21/21 58/22/22
f 10/20/20 58/22/22 11/23/23
f 22/24/24 35/17/17 56/25/25
f 63/26/26 64/27/27 65/28/28
f 64/27/27 66/29/29 65/28/28
f 15/30/30 59/31/31 48/32/32
f 24/33/33 32/34/34 67/35/35
f 24/33/33 67/35/35 68/36/36
f 44/37/37 11/23/23 69/38/38
f 35/17/17 71/19/19 56/25/25
f 31/39/39 61/40/40 73/41/41
f 22/24/24 56/25/25 54/42/42
f 31/39/39 73/41/41 75/43/43
f 34/18/18 76/44/44 71/19/19
f 28/45/45 20/7/7 79/46/46
f 42/47/47 70/48/48 36/49/49
f 37/8/8 43/16/16 39/9/9
f 63/26/26 65/28/28 74/50/50
f 18/51/51 38/10/10 52/52/52
f 12/53/53 50/54/54 80/55/55
f 5/11/11 41/13/13 9/56/56
f 8/57/57 80/55/58 83/58/59
f 8/57/57 83/58/59 84/59/60
f 9/56/56 41/13/13 87/60/61
f 14/61/62 33/62/63 89/63/64
f 14/61/62 89/63/64 90/64/65
f 76/44/44 82/65/66 71/19/19
f 20/7/7 29/6/6 92/66/67
f 36/49/49 70/48/48 94/67/68
f 56/25/25 93/68/69 54/42/42
f 54/42/42 96/69/70 25/70/71
f 47/71/72 97/72/73 98/73/74
f 47/71/72 100/74/75 97/72/73
f 101/75/76 49/76/77 102/77/78
f 45/78/79 99/79/80 4/80/81
f 36/49/49 104/81/82 17/82/83
f 36/49/49 103/83/84 104/81/82
f 25/70/71 96/69/70 105/84/85
f 73/41/41 61/40/40 106/85/86
f 27/86/87 26/87/88 109/88/89
f 27/86/87 109/88/89 110/89/90
f 52/52/52 38/10/10 111/90/91
f 53/91/92 112/92/93 113/93/94
f 53/91/92 113/93/94 60/94/95
f 65/28/28 66/29/29 116/95/96
f 26/87/88 115/96/97 109/88/89
f 78/97/98 77/98/99 117/99/100
f 58/22/22 118/100/101 11/23/23
f 39/9/9 119/101/102 120/102/103
f 39/9/9 120/102/103 38/10/10
f 26/87/88 62/103/104 114/104/105
f 55/105/106 121/106/107 122/107/108
f 62/103/104 123/108/109 114/104/105
f 55/105/106 60/94/95 121/106/107
f 39/9/9 43/16/16 119/101/102
f 26/87/88 114/104/105 115/96/97
f 92/66/67 29/6/6 124/109/110
f 60/94/95 113/93/94 121/106/107
f 43/16/16 125/110/111 119/101/102
f 116/95/96 127/111/112 65/28/28
f 120/102/103 128/112/113 38/10/10
f 15/30/30 130/113/114 59/31/31
f 59/31/31 130/113/114 131/114/115
f 119/101/102 126/115/116 132/116/117
f 119/101/102 132/116/117 120/102/103
f 112/92/93 133/117/118 113/93/94
f 21/118/119 134/119/120 46/120/121
f 20/7/7 92/66/67 79/46/46
f 67/35/35 135/121/122 136/122/123
f 71/19/19 82/65/66 129/123/124
f 61/40/40 91/124/125 106/85/86
f 38/10/10 128/112/113 111/90/91
f 46/120/121 137/125/126 138/126/127
f 46/120/121 138/126/127 30/127/128
f 54/42/42 93/68/69 96/69/70
f 56/25/25 71/19/19 93/68/69
f 51/128/129 30/127/128 139/129/130
f 71/19/19 129/123/124 93/68/69
f 30/127/128 140/130/131 139/129/130
f 67/35/35 32/34/34 135/121/122
f 141/131/132 143/132/133 142/133/134
f 127/111/112 144/134/135 145/135/136
f 127/111/112 145/135/136 65/28/28
f 146/136/137 148/137/138 149/138/139
f 146/136/137 147/139/140 148/137/138
f 69/38/38 150/140/141 95/141/142
f 69/38/38 11/23/23 150/140/141
f 110/89/90 109/88/89 113/93/94
f 94/67/68 152/142/143 36/49/49
f 146/136/137 153/143/144 147/139/140
f 128/112/113 154/144/145 111/90/91
f 113/93/94 133/117/118 110/89/90
f 155/145/146 156/146/147 157/147/148
f 155/145/146 157/147/148 158/148/149
f 47/71/72 98/73/74 49/76/77
f 110/89/90 133/117/118 163/149/150
f 113/93/94 109/88/89 164/150/151
f 86/151/152 85/152/153 346/153/154
f 86/151/152 346/153/154 88/154/155
f 95/141/142 150/140/141 151/155/156
f 105/84/85 96/69/70 166/156/157
f 124/109/110 168/157/158 169/158/159
f 124/109/110 169/158/159 167/159/160
f 153/143/144 171/160/161 147/139/140
f 153/143/144 170/161/162 171/160/161
f 159/162/163 160/163/164 172/164/165
f 159/162/163 172/164/165 173/165/166
f 65/28/28 145/135/136 74/50/50
f 110/89/90 163/149/150 174/166/167
f 156/146/147 142/133/134 157/147/148
f 149/138/139 177/167/168 178/168/169
f 149/138/139 178/168/169 175/169/170
f 160/163/164 176/170/171 179/171/172
f 82/65/66 96/69/70 129/123/124
f 113/93/94 164/150/151 121/106/107
f 96/69/70 93/68/69 129/123/124
f 89/63/64 33/62/63 181/172/173
f 165/173/174 182/174/175 15/30/30
f 147/139/140 171/160/161 148/137/138
f 160/163/164 179/171/172 172/164/165
f 77/98/99 184/175/176 117/99/100
f 159/162/163 173/165/166 161/176/177
f 32/34/34 72/177/178 185/178/179
f 92/66/67 124/109/110 188/179/180
f 190/180/181 191/181/182 108/182/183
f 144/134/135 192/183/184 145/135/136
f 79/46/46 193/184/185 81/185/186
f 79/46/46 92/66/67 193/184/185
f 115/96/97 194/186/187 109/88/89
f 136/122/123 135/121/122 195/187/188
f 143/132/133 186/188/189 196/189/190
f 143/132/133 196/189/190 142/133/134
f 187/190/191 212/191/192 196/189/190
f 187/190/191 196/189/190 186/188/189
f 96/69/70 82/65/66 197/192/193
f 149/138/139 148/137/138 198/193/194
f 149/138/139 198/193/194 177/167/168
f 183/194/195 158/148/149 199/195/196
f 200/196/197 145/135/136 192/183/184
f 200/196/197 201/197/198 145/135/136
f 176/170/171 203/198/199 179/171/172
f 161/176/177 173/165/166 204/199/200
f 72/177/178 206/200/201 185/178/179
f 32/34/34 207/201/202 135/121/122
f 179/171/172 208/202/203 172/164/165
f 209/203/204 210/204/205 345/205/206
f 209/203/204 345/205/206 211/206/207
f 46/120/121 134/119/120 137/125/126
f 74/50/50 145/135/136 213/207/208
f 74/50/50 213/207/208 202/208/209
f 171/160/161 170/161/162 216/209/210
f 217/210/211 215/211/212 214/212/213
f 214/212/213 215/211/212 218/213/214
f 153/143/144 205/214/215 219/215/216
f 153/143/144 219/215/216 170/161/162
f 214/212/213 221/216/217 220/217/218
f 214/212/213 222/218/219 221/216/217
f 130/113/114 15/30/30 223/219/220
f 224/220/221 225/221/222 226/222/223
f 224/220/221 227/223/224 225/221/222
f 11/23/23 118/100/101 229/224/225
f 30/127/128 138/126/127 140/130/131
f 212/191/192 232/225/226 233/226/227
f 148/137/138 171/160/161 230/227/228
f 135/121/122 207/201/202 234/228/229
f 135/121/122 234/228/229 195/187/188
f 196/189/190 270/229/230 142/133/134
f 104/81/82 103/83/84 235/230/231
f 158/148/149 157/147/148 199/195/196
f 214/212/213 218/213/214 222/218/219
f 193/184/185 92/66/67 236/231/232
f 193/184/185 236/231/232 237/232/233
f 215/211/212 217/210/211 238/233/234
f 217/210/211 239/234/235 238/233/234
f 145/135/136 201/197/198 240/235/236
f 195/187/188 234/228/229 241/236/237
f 214/212/213 220/217/218 242/237/238
f 218/213/214 243/238/239 222/218/219
f 196/189/190 212/191/192 233/226/227
f 152/142/143 244/239/240 36/49/49
f 41/13/13 228/240/241 245/241/242
f 41/13/13 245/241/242 87/60/61
f 124/109/110 167/159/160 188/179/180
f 151/155/156 150/140/141 247/242/243
f 152/142/143 248/243/244 244/239/240
f 217/210/211 214/212/213 249/244/245
f 214/212/213 242/237/238 249/244/245
f 142/133/134 270/229/230 157/147/148
f 157/147/148 270/229/230 262/245/246
f 197/192/193 253/246/247 96/69/70
f 88/154/155 346/153/154 254/247/248
f 148/137/138 230/227/228 255/248/249
f 148/137/138 256/249/250 198/193/194
f 148/137/138 255/248/249 256/249/250
f 193/184/185 237/232/233 231/250/251
f 197/192/193 257/251/252 253/246/247
f 162/252/253 258/253/254 189/254/255
f 188/179/180 259/255/256 92/66/67
f 157/147/148 262/245/246 199/195/196
f 145/135/136 240/235/236 260/256/257
f 250/257/258 252/258/259 261/259/260
f 261/259/260 263/260/261 264/261/262
f 261/259/260 252/258/259 263/260/261
f 107/262/263 108/182/183 265/263/264
f 107/262/263 265/263/264 85/152/153
f 253/246/247 266/264/265 96/69/70
f 253/246/247 267/265/266 266/264/265
f 204/199/200 173/165/166 268/266/267
f 205/214/215 269/267/268 219/215/216
f 240/235/236 271/268/269 260/256/257
f 97/72/73 262/245/246 98/73/74
f 98/73/74 262/245/246 270/229/230
f 172/164/165 208/202/203 272/269/270
f 273/270/271 274/271/272 275/272/273
f 276/273/274 236/231/232 277/274/275
f 250/257/258 251/275/276 252/258/259
f 218/213/214 215/211/212 278/276/277
f 96/69/70 266/264/265 166/156/157
f 172/164/165 272/269/270 173/165/166
f 145/135/136 260/256/257 279/277/278
f 145/135/136 279/277/278 213/207/208
f 236/231/232 276/273/274 237/232/233
f 162/252/253 102/77/78 258/253/254
f 282/278/279 283/279/280 323/280/281
f 282/278/279 323/280/281 210/204/205
f 210/204/205 323/280/281 345/205/206
f 230/227/228 171/160/161 308/281/282
f 188/179/180 167/159/160 286/282/283
f 277/274/275 236/231/232 288/283/284
f 238/233/234 290/284/285 215/211/212
f 264/261/262 263/260/261 291/285/286
f 273/270/271 275/272/273 251/275/276
f 199/195/196 262/245/246 293/286/287
f 281/287/288 284/288/289 297/289/290
f 281/287/288 294/290/291 280/291/292
f 281/287/288 297/289/290 294/290/291
f 196/189/190 233/226/227 292/292/293
f 280/291/292 294/290/291 289/293/294
f 233/226/227 287/294/295 292/292/293
f 215/211/212 290/284/285 295/295/296
f 284/288/289 285/296/297 297/289/290
f 32/34/34 185/178/179 296/297/298
f 32/34/34 296/297/298 207/201/202
f 247/242/243 150/140/141 298/298/299
f 247/242/243 298/298/299 299/299/300
f 248/243/244 300/300/301 244/239/240
f 99/79/80 302/301/302 4/80/81
f 97/72/73 303/302/303 262/245/246
f 188/179/180 286/282/283 259/255/256
f 92/66/67 259/255/256 236/231/232
f 274/271/272 304/303/304 275/272/273
f 100/74/75 305/304/305 97/72/73
f 88/154/155 254/247/248 306/305/306
f 207/201/202 296/297/298 307/306/307
f 171/160/161 216/209/210 308/281/282
f 49/76/77 98/73/74 309/307/308
f 49/76/77 309/307/308 102/77/78
f 211/206/207 345/205/206 310/308/309
f 208/202/203 311/309/310 272/269/270
f 288/283/284 236/231/232 312/310/311
f 215/211/212 295/295/296 278/276/277
f 313/311/312 314/312/313 315/313/314
f 36/49/49 316/314/315 103/83/84
f 270/229/230 196/189/190 292/292/293
f 170/161/162 219/215/216 319/315/316
f 251/275/276 275/272/273 252/258/259
f 219/215/216 320/316/317 319/315/316
f 230/227/228 308/281/282 339/317/318
f 289/293/294 321/318/319 322/319/320
f 138/126/127 137/125/126 324/320/321
f 285/296/297 327/321/322 297/289/290
f 328/322/323 329/323/324 330/324/325
f 262/245/246 331/325/326 332/326/327
f 262/245/246 332/326/327 293/286/287
f 262/245/246 303/302/303 331/325/326
f 291/285/286 263/260/261 333/327/328
f 230/227/228 334/328/329 255/248/249
f 317/329/330 318/330/331 335/331/332
f 173/165/166 336/332/333 268/266/267
f 230/227/228 339/317/318 334/328/329
f 173/165/166 272/269/270 336/332/333
f 97/72/73 305/304/305 303/302/303
f 314/312/313 337/333/334 338/334/335
f 314/312/313 338/334/335 315/313/314
f 308/281/282 140/130/131 339/317/318
f 340/335/336 341/336/337 342/337/338
f 322/319/320 321/318/319 343/338/339
f 308/281/282 216/209/210 140/130/131
f 294/290/291 321/318/319 289/293/294
f 138/126/127 339/317/318 140/130/131
f 335/331/332 318/330/331 344/339/340
f 85/152/153 265/263/264 346/153/154
f 294/290/291 435/340/341 321/318/319
f 312/310/311 236/231/232 347/341/342
f 219/215/216 349/342/343 320/316/317
f 350/343/344 298/298/299 351/344/345
f 350/343/344 299/299/300 298/298/299
f 350/343/344 351/344/345 353/345/346
f 170/161/162 319/315/316 354/346/347
f 218/213/214 278/276/277 355/347/348
f 218/213/214 355/347/348 243/238/239
f 348/348/349 356/349/350 421/350/351
f 342/337/338 341/336/337 357/351/352
f 317/329/330 358/352/353 325/353/354
f 317/329/330 335/331/332 358/352/353
f 330/324/325 329/323/324 361/354/355
f 330/324/325 361/354/355 352/355/356
f 263/260/261 252/258/259 362/356/357
f 318/330/331 360/357/358 363/358/359
f 318/330/331 363/358/359 344/339/340
f 364/359/360 366/360/361 365/361/362
f 170/161/162 354/346/347 367/362/363
f 170/161/162 367/362/363 216/209/210
f 368/363/364 365/361/362 371/364/365
f 368/363/364 364/359/360 365/361/362
f 368/363/364 371/364/365 369/365/366
f 108/182/183 191/181/182 265/263/264
f 300/300/301 352/355/356 244/239/240
f 348/348/349 370/366/367 359/367/368
f 368/363/364 369/365/366 372/368/369
f 370/366/367 374/369/370 359/367/368
f 375/370/371 342/337/338 345/205/206
f 375/370/371 345/205/206 323/280/281
f 227/223/224 380/371/372 225/221/222
f 304/303/304 383/372/373 384/373/374
f 304/303/304 384/373/374 275/272/273
f 369/365/366 439/374/375 409/375/376
f 385/376/377 386/377/378 387/378/379
f 340/335/336 388/379/380 389/380/381
f 340/335/336 389/380/381 341/336/337
f 390/381/382 387/378/379 356/349/350
f 381/382/383 393/383/384 405/384/385
f 352/355/356 361/354/355 244/239/240
f 292/292/293 394/385/386 270/229/230
f 294/290/291 297/289/290 435/340/341
f 390/381/382 385/376/377 387/378/379
f 297/289/290 327/321/322 396/386/387
f 150/140/141 397/387/388 298/298/299
f 393/383/384 377/388/389 398/389/390
f 391/390/391 378/391/392 377/388/389
f 377/388/389 378/391/392 398/389/390
f 348/348/349 421/350/351 370/366/367
f 336/332/333 399/392/393 268/266/267
f 297/289/290 395/393/394 435/340/341
f 312/310/311 347/341/342 400/394/395
f 169/158/159 401/395/396 402/396/397
f 169/158/159 402/396/397 403/397/398
f 169/158/159 403/397/398 167/159/160
f 344/339/340 404/398/399 335/331/332
f 381/382/383 405/384/385 406/399/400
f 373/400/401 382/401/402 376/402/403
f 15/30/30 407/403/404 223/219/220
f 325/353/354 358/352/353 408/404/405
f 369/365/366 371/364/365 410/405/406
f 371/364/365 412/406/407 410/405/406
f 351/344/345 298/298/299 397/387/388
f 150/140/141 11/23/23 414/407/408
f 297/289/290 415/408/409 395/393/394
f 297/289/290 396/386/387 415/408/409
f 335/331/332 404/398/399 411/409/410
f 226/222/223 225/221/222 418/410/411
f 382/401/402 413/411/412 376/402/403
f 244/239/240 361/354/355 559/412/413
f 435/340/341 419/413/414 321/318/319
f 435/340/341 420/414/415 419/413/414
f 356/349/350 387/378/379 421/350/351
f 371/364/365 365/361/362 412/406/407
f 422/415/416 423/416/417 424/417/418
f 422/415/416 425/418/419 423/416/417
f 365/361/362 416/419/420 412/406/407
f 384/373/374 362/356/357 275/272/273
f 384/373/374 263/260/261 362/356/357
f 287/294/295 426/420/421 292/292/293
f 243/238/239 355/347/348 427/421/422
f 243/238/239 427/421/422 428/422/423
f 429/423/424 431/424/425 432/425/426
f 342/337/338 357/351/352 345/205/206
f 246/426/427 117/99/100 433/427/428
f 362/356/357 252/258/259 275/272/273
f 329/323/324 434/428/429 361/354/355
f 391/390/391 392/429/430 378/391/392
f 345/205/206 466/430/431 540/431/432
f 345/205/206 540/431/432 310/308/309
f 191/181/182 437/432/433 438/433/434
f 369/365/366 410/405/406 439/374/375
f 140/130/131 440/434/435 139/129/130
f 268/266/267 399/392/393 441/435/436
f 140/130/131 216/209/210 440/434/435
f 333/327/328 263/260/261 444/436/437
f 150/140/141 446/437/438 447/438/439
f 150/140/141 414/407/408 446/437/438
f 150/140/141 447/438/439 397/387/388
f 223/219/220 442/439/440 379/440/441
f 286/282/283 448/441/442 449/442/443
f 286/282/283 449/442/443 259/255/256
f 376/402/403 413/411/412 450/443/444
f 286/282/283 167/159/160 448/441/442
f 103/83/84 316/314/315 451/444/445
f 103/83/84 451/444/445 452/445/446
f 365/361/362 366/360/361 416/419/420
f 223/219/220 407/403/404 442/439/440
f 265/263/264 191/181/182 438/433/434
f 87/60/61 245/241/242 454/446/447
f 87/60/61 454/446/447 455/447/448
f 292/292/293 453/448/449 394/385/386
f 2/449/450 4/80/81 417/450/451
f 413/411/412 457/451/452 456/452/453
f 244/239/240 458/453/454 36/49/49
f 225/221/222 380/371/372 459/454/455
f 421/350/351 460/455/456 370/366/367
f 421/350/351 561/456/457 460/455/456
f 392/429/430 461/457/458 462/458/459
f 392/429/430 463/459/460 378/391/392
f 392/429/430 462/458/459 463/459/460
f 393/383/384 398/389/390 405/384/385
f 36/49/49 458/453/454 464/460/461
f 36/49/49 464/460/461 316/314/315
f 270/229/230 394/385/386 465/461/462
f 357/351/352 466/430/431 345/205/206
f 430/462/463 467/463/464 429/423/424
f 321/318/319 419/413/414 443/464/465
f 336/332/333 272/269/270 468/465/466
f 469/466/467 471/467/468 470/468/469
f 430/462/463 472/469/470 467/463/464
f 292/292/293 426/420/421 453/448/449
f 473/470/471 474/471/472 467/463/464
f 473/470/471 467/463/464 472/469/470
f 469/466/467 470/468/469 475/472/473
f 439/374/375 410/405/406 476/473/474
f 398/389/390 378/391/392 477/474/475
f 167/159/160 403/397/398 448/441/442
f 272/269/270 311/309/310 468/465/466
f 189/254/255 258/253/254 479/475/476
f 189/254/255 479/475/476 436/476/477
f 295/295/296 480/477/478 278/276/277
f 278/276/277 480/477/478 478/478/479
f 405/384/385 459/454/455 406/399/400
f 379/440/441 442/439/440 483/479/480
f 236/231/232 259/255/256 484/480/481
f 236/231/232 484/480/481 347/341/342
f 346/153/154 485/481/482 254/247/248
f 416/419/420 486/482/483 412/406/407
f 326/483/484 313/311/312 487/484/485
f 435/340/341 395/393/394 488/485/486
f 405/384/385 398/389/390 489/486/487
f 412/406/407 490/487/488 410/405/406
f 398/389/390 477/474/475 489/486/487
f 406/399/400 459/454/455 491/488/489
f 412/406/407 486/482/483 490/487/488
f 380/371/372 492/489/490 459/454/455
f 495/490/491 496/491/492 497/492/493
f 498/493/494 499/494/495 500/495/496
f 409/375/376 439/374/375 501/496/497
f 493/497/498 494/498/499 502/499/500
f 500/495/496 499/494/495 505/500/501
f 491/488/489 459/454/455 492/489/490
f 270/229/230 465/461/462 98/73/74
f 439/374/375 506/501/502 501/496/497
f 503/502/503 504/503/504 508/504/505
f 483/479/480 442/439/440 481/505/506
f 438/433/434 509/506/507 510/507/508
f 438/433/434 510/507/508 265/263/264
f 438/433/434 507/508/509 509/506/507
f 265/263/264 510/507/508 519/509/510
f 481/505/506 442/439/440 482/510/511
f 278/276/277 478/478/479 355/347/348
f 511/511/512 493/497/498 514/512/513
f 511/511/512 514/512/513 512/513/514
f 511/511/512 513/514/515 493/497/498
f 295/295/296 445/515/516 515/516/517
f 499/494/495 498/493/494 516/517/518
f 517/518/519 520/519/520 518/520/521
f 508/504/505 504/503/504 521/521/522
f 493/497/498 502/499/500 522/522/523
f 493/497/498 522/522/523 514/512/513
f 520/519/520 521/521/522 518/520/521
f 498/493/494 523/523/524 516/517/518
f 438/433/434 524/524/525 507/508/509
f 493/497/498 513/514/515 525/525/526
f 392/429/430 526/526/527 461/457/458
f 98/73/74 465/461/462 527/527/528
f 98/73/74 527/527/528 309/307/308
f 513/514/515 528/528/529 525/525/526
f 384/373/374 529/529/530 263/260/261
f 519/509/510 530/530/531 265/263/264
f 439/374/375 476/473/474 532/531/532
f 518/520/521 521/521/522 531/532/533
f 335/331/332 411/409/410 358/352/353
f 533/533/534 534/534/535 535/535/536
f 313/311/312 315/313/314 536/536/537
f 313/311/312 536/536/537 487/484/485
f 347/341/342 484/480/481 400/394/395
f 404/398/399 537/537/538 411/409/410
f 482/510/511 442/439/440 538/538/539
f 482/510/511 538/538/539 539/539/540
f 490/487/488 486/482/483 541/540/541
f 489/486/487 477/474/475 642/541/542
f 489/486/487 642/541/542 542/542/543
f 427/421/422 543/543/544 428/422/423
f 418/410/411 225/221/222 544/544/545
f 395/393/394 545/545/546 488/485/486
f 395/393/394 546/546/547 545/545/546
f 499/494/495 516/517/518 547/547/548
f 466/430/431 357/351/352 540/431/432
f 435/340/341 488/485/486 420/414/415
f 15/30/30 182/174/175 549/548/549
f 321/318/319 443/464/465 343/338/339
f 480/477/478 550/549/550 478/478/479
f 516/517/518 551/550/551 547/547/548
f 434/428/429 552/551/552 361/354/355
f 413/411/412 456/452/453 553/552/553
f 478/478/479 555/553/554 554/554/555
f 478/478/479 550/549/550 555/553/554
f 429/423/424 467/463/464 431/424/425
f 310/308/309 540/431/432 556/555/556
f 310/308/309 556/555/556 557/556/557
f 420/414/415 475/472/473 419/413/414
f 420/414/415 558/557/558 475/472/473
f 545/545/546 546/546/547 560/558/559
f 413/411/412 553/552/553 450/443/444
f 562/559/560 563/560/561 564/561/562
f 431/424/425 565/562/563 566/563/564
f 378/391/392 463/459/460 567/564/565
f 399/392/393 336/332/333 568/565/566
f 505/500/501 499/494/495 569/566/567
f 438/433/434 571/567/568 572/568/569
f 438/433/434 572/568/569 524/524/525
f 525/525/526 579/569/570 573/570/571
f 295/295/296 550/549/550 480/477/478
f 295/295/296 515/516/517 550/549/550
f 475/472/473 470/468/469 419/413/414
f 524/524/525 572/568/569 574/571/572
f 459/454/455 575/572/573 225/221/222
f 499/494/495 578/573/574 569/566/567
f 528/528/529 577/574/575 579/569/570
f 525/525/526 528/528/529 579/569/570
f 528/528/529 580/575/576 577/574/575
f 265/263/264 530/530/531 581/576/577
f 461/457/458 526/526/527 582/577/578
f 438/433/434 437/432/433 585/578/579
f 499/494/495 547/547/548 578/573/574
f 439/374/375 532/531/532 506/501/502
f 504/503/504 570/579/580 521/521/522
f 438/433/434 585/578/579 571/567/568
f 488/485/486 587/580/581 420/414/415
f 523/523/524 551/550/551 516/517/518
f 523/523/524 576/581/582 551/550/551
f 431/424/425 467/463/464 565/562/563
f 521/521/522 588/582/583 531/532/533
f 405/384/385 489/486/487 583/583/584
f 521/521/522 570/579/580 588/582/583
f 436/476/477 479/475/476 589/584/585
f 530/530/531 592/585/586 591/586/587
f 531/532/533 588/582/583 590/587/588
f 593/588/589 594/589/590 535/535/536
f 478/478/479 554/554/555 355/347/348
f 265/263/264 581/576/577 346/153/154
f 468/465/466 584/590/591 336/332/333
f 501/496/497 506/501/502 595/591/592
f 420/414/415 596/592/593 597/593/594
f 506/501/502 599/594/595 595/591/592
f 378/391/392 567/564/565 477/474/475
f 184/175/176 600/595/596 117/99/100
f 601/596/597 602/597/598 608/598/599
f 601/596/597 608/598/599 603/599/600
f 546/546/547 395/393/394 607/600/601
f 357/351/352 341/336/337 540/431/432
f 605/601/602 609/602/603 610/603/604
f 593/588/589 556/555/556 594/589/590
f 506/501/502 532/531/532 599/594/595
f 605/601/602 610/603/604 553/552/553
f 605/601/602 553/552/553 456/452/453
f 605/601/602 456/452/453 606/604/605
f 486/482/483 416/419/420 548/605/606
f 470/468/469 471/467/468 612/606/607
f 470/468/469 612/606/607 613/607/608
f 490/487/488 614/608/609 410/405/406
f 490/487/488 541/540/541 614/608/609
f 419/413/414 470/468/469 615/609/610
f 419/413/414 615/609/610 443/464/465
f 424/417/418 423/416/417 616/610/611
f 586/611/612 408/404/405 358/352/353
f 139/129/130 440/434/435 617/612/613
f 415/408/409 619/613/614 395/393/394
f 586/611/612 358/352/353 611/614/615
f 620/615/616 621/616/617 622/617/618
f 623/618/619 624/619/620 626/620/621
f 533/533/534 535/535/536 627/621/622
f 389/380/381 628/622/623 341/336/337
f 420/414/415 618/623/624 558/557/558
f 367/362/363 630/624/625 216/209/210
f 425/418/419 631/625/626 632/626/627
f 425/418/419 632/626/627 423/416/417
f 486/482/483 548/605/606 541/540/541
f 456/452/453 457/451/452 633/627/628
f 565/562/563 467/463/464 635/628/629
f 442/439/440 637/629/630 538/538/539
f 529/529/530 638/630/631 639/631/632
f 459/454/455 405/384/385 583/583/584
f 459/454/455 583/583/584 575/572/573
f 402/396/397 640/632/633 403/397/398
f 643/633/634 620/615/616 622/617/618
f 643/633/634 622/617/618 644/634/635
f 530/530/531 591/586/587 581/576/577
f 477/474/475 567/564/565 642/541/542
f 470/468/469 613/607/608 615/609/610
f 395/393/394 646/635/636 607/600/601
f 587/580/581 636/636/637 647/637/638
f 587/580/581 647/637/638 420/414/415
f 420/414/415 647/637/638 596/592/593
f 489/486/487 542/542/543 583/583/584
f 410/405/406 614/608/609 476/473/474
f 416/419/420 604/638/639 548/605/606
f 649/639/640 650/640/641 651/641/642
f 263/260/261 529/529/530 648/642/643
f 561/456/457 653/643/644 460/455/456
f 563/560/561 625/644/645 654/645/646
f 529/529/530 639/631/632 648/642/643
f 611/614/615 358/352/353 655/646/647
f 656/647/648 657/648/649 658/649/650
f 309/307/308 659/650/651 102/77/78
f 643/633/634 644/634/635 660/651/652
f 225/221/222 575/572/573 544/544/545
f 553/552/553 610/603/604 450/443/444
f 433/427/428 117/99/100 661/652/653
f 229/224/225 662/653/654 11/23/23
f 395/393/394 619/613/614 646/635/636
f 655/646/647 358/352/353 411/409/410
f 535/535/536 594/589/590 627/621/622
f 460/455/456 653/643/644 629/654/655
f 559/412/413 664/655/656 665/656/657
f 559/412/413 665/656/657 244/239/240
f 420/414/415 597/593/594 618/623/624
f 621/616/617 666/657/658 622/617/618
f 263/260/261 648/642/643 444/436/437
f 563/560/561 654/645/646 564/561/562
f 306/305/306 254/247/248 667/658/659
f 444/436/437 648/642/643 668/659/660
f 444/436/437 668/659/660 669/660/661
f 547/547/548 551/550/551 555/553/554
f 547/547/548 555/553/554 671/661/662
f 544/544/545 717/662/663 418/410/411
f 551/550/551 672/663/664 555/553/554
f 624/619/620 673/664/665 626/620/621
f 624/619/620 645/665/666 674/666/667
f 624/619/620 674/666/667 673/664/665
f 675/667/668 676/668/669 677/669/670
f 678/670/671 679/671/672 680/672/673
f 678/670/671 680/672/673 681/673/674
f 564/561/562 654/645/646 641/674/675
f 550/549/550 671/661/662 555/553/554
f 15/30/30 549/548/549 407/403/404
f 456/452/453 663/675/676 606/604/605
f 456/452/453 633/627/628 663/675/676
f 6/4/4 7/3/3 180/676/677
f 258/253/254 102/77/78 686/677/678
f 244/239/240 665/656/657 458/453/454
f 556/555/556 687/678/679 594/589/590
f 650/640/641 689/679/680 651/641/642
f 669/660/661 668/659/660 690/680/681
f 691/681/682 692/682/683 670/683/684
f 693/684/685 694/685/686 338/334/335
f 685/686/687 688/687/688 582/577/578
f 476/473/474 684/688/689 532/531/532
f 695/689/690 696/690/691 697/691/692
f 695/689/690 697/691/692 698/692/693
f 676/668/669 670/683/684 692/682/683
f 582/577/578 688/687/688 461/457/458
f 666/657/658 699/693/694 622/617/618
f 677/669/670 692/682/683 700/694/695
f 676/668/669 692/682/683 677/669/670
f 341/336/337 701/695/696 540/431/432
f 703/696/697 704/697/698 705/698/699
f 569/566/567 578/573/574 706/699/700
f 573/570/571 579/569/570 707/700/701
f 638/630/631 652/701/702 639/631/632
f 708/702/703 709/703/704 710/704/705
f 709/703/704 712/705/706 710/704/705
f 688/687/688 713/706/707 461/457/458
f 184/175/176 714/707/708 600/595/596
f 554/554/555 555/553/554 715/708/709
f 570/579/580 702/709/710 588/582/583
f 590/587/588 588/582/583 716/710/711
f 544/544/545 575/572/573 717/662/663
f 718/711/712 720/712/713 719/713/714
f 721/714/715 698/692/693 722/715/716
f 245/241/242 683/716/717 723/717/718
f 245/241/242 723/717/718 454/446/447
f 561/456/457 711/718/719 724/719/720
f 561/456/457 724/719/720 653/643/644
f 725/720/721 718/711/712 726/721/722
f 626/620/621 673/664/665 728/722/723
f 541/540/541 727/723/724 614/608/609
f 642/541/542 567/564/565 729/724/725
f 117/99/100 600/595/596 661/652/653
f 540/431/432 701/695/696 556/555/556
f 699/693/694 730/725/726 622/617/618
f 731/726/727 732/727/728 733/728/729
f 418/410/411 717/662/663 682/729/730
f 442/439/440 407/403/404 637/629/630
f 731/726/727 733/728/729 735/730/731
f 102/77/78 659/650/651 736/731/732
f 102/77/78 736/731/732 686/677/678
f 737/732/733 738/733/734 739/734/735
f 733/728/729 732/727/728 583/583/584
f 732/727/728 575/572/573 583/583/584
f 604/638/639 741/735/736 548/605/606
f 414/407/408 11/23/23 662/653/654
f 542/542/543 742/736/737 583/583/584
f 588/582/583 743/737/738 716/710/711
f 642/541/542 729/724/725 542/542/543
f 705/698/699 704/697/698 746/738/739
f 747/739/740 748/740/741 749/741/742
f 747/739/740 749/741/742 750/742/743
f 684/688/689 476/473/474 751/743/744
f 753/744/745 700/694/695 754/745/746
f 542/542/543 729/724/725 742/736/737
f 604/638/639 755/746/747 741/735/736
f 579/569/570 702/709/710 707/700/701
f 640/632/633 756/747/748 403/397/398
f 603/599/600 608/598/599 758/748/749
f 541/540/541 548/605/606 741/735/736
f 541/540/541 741/735/736 727/723/724
f 710/704/705 591/586/587 761/749/750
f 679/671/672 740/750/751 680/672/673
f 476/473/474 614/608/609 751/743/744
f 727/723/724 745/751/752 614/608/609
f 729/724/725 567/564/565 463/459/460
f 579/569/570 577/574/575 588/582/583
f 583/583/584 762/752/753 733/728/729
f 583/583/584 742/736/737 762/752/753
f 555/553/554 672/663/664 715/708/709
f 467/463/464 603/599/600 635/628/629
f 603/599/600 758/748/749 635/628/629
f 692/682/683 763/753/754 700/694/695
f 579/569/570 588/582/583 702/709/710
f 588/582/583 577/574/575 743/737/738
f 710/704/705 581/576/577 591/586/587
f 710/704/705 712/705/706 581/576/577
f 738/733/734 705/698/699 739/734/735
f 712/705/706 765/754/755 581/576/577
f 635/628/629 758/748/749 766/755/756
f 341/336/337 628/622/623 701/695/696
f 654/645/646 767/756/757 641/674/675
f 705/698/699 746/738/739 739/734/735
f 681/673/674 768/757/758 689/679/680
f 681/673/674 680/672/673 768/757/758
f 732/727/728 770/758/759 575/572/573
f 722/715/716 622/617/618 730/725/726
f 722/715/716 698/692/693 622/617/618
f 454/446/447 723/717/718 771/759/760
f 575/572/573 770/758/759 717/662/663
f 696/690/691 773/760/761 776/761/762
f 696/690/691 776/761/762 697/691/692
f 760/762/763 759/763/764 774/764/765
f 775/765/766 776/761/762 773/760/761
f 734/766/767 777/767/768 764/768/769
f 556/555/556 701/695/696 687/678/679
f 744/769/770 772/770/771 674/666/667
f 622/617/618 698/692/693 769/771/772
f 625/644/645 767/756/757 654/645/646
f 729/724/725 463/459/460 742/736/737
f 461/457/458 713/706/707 462/458/459
f 727/723/724 741/735/736 745/751/752
f 759/763/764 778/772/773 774/764/765
f 603/599/600 658/649/650 657/648/649
f 713/706/707 752/773/774 462/458/459
f 759/763/764 764/768/769 778/772/773
f 744/769/770 674/666/667 645/665/666
f 700/694/695 780/774/775 754/745/746
f 652/701/702 782/775/776 639/631/632
f 622/617/618 769/771/772 779/776/777
f 622/617/618 779/776/777 644/634/635
f 2/449/450 783/777/778 1/2/2
f 644/634/635 779/776/777 784/778/779
f 748/740/741 785/779/780 749/741/742
f 627/621/622 594/589/590 786/780/781
f 614/608/609 745/751/752 751/743/744
f 651/641/642 689/679/680 781/781/782
f 788/782/783 789/783/784 790/784/785
f 698/692/693 697/691/692 791/785/786
f 639/631/632 782/775/776 648/642/643
f 718/711/712 719/713/714 726/721/722
f 664/655/656 792/786/787 665/656/657
f 734/766/767 616/610/611 793/787/788
f 734/766/767 793/787/788 777/767/768
f 698/692/693 794/788/789 769/771/772
f 698/692/693 791/785/786 794/788/789
f 697/691/692 776/761/762 795/789/790
f 796/790/791 701/695/696 628/622/623
f 796/790/791 628/622/623 797/791/792
f 740/750/751 754/745/746 780/774/775
f 740/750/751 780/774/775 680/672/673
f 603/599/600 467/463/464 658/649/650
f 772/770/771 757/792/793 674/666/667
f 302/301/302 798/793/794 4/80/81
f 799/794/795 800/795/796 801/796/797
f 628/622/623 802/797/798 797/791/792
f 789/783/784 803/798/799 790/784/785
f 407/403/404 805/799/800 637/629/630
f 689/679/680 806/800/801 781/781/782
f 463/459/460 462/458/459 752/773/774
f 463/459/460 752/773/774 804/801/802
f 717/662/663 808/802/803 682/729/730
f 463/459/460 804/801/802 811/803/804
f 463/459/460 811/803/804 742/736/737
f 764/768/769 809/804/805 778/772/773
f 479/475/476 258/253/254 810/805/806
f 689/679/680 768/757/758 806/800/801
f 765/754/755 812/806/807 581/576/577
f 700/694/695 763/753/754 780/774/775
f 749/741/742 785/779/780 813/807/808
f 581/576/577 812/806/807 346/153/154
f 447/438/439 446/437/438 814/808/809
f 762/752/753 742/736/737 811/803/804
f 659/650/651 815/809/810 736/731/732
f 719/713/714 720/712/713 974/810/811
f 781/781/782 806/800/801 807/811/812
f 701/695/696 816/812/813 687/678/679
f 467/463/464 474/471/472 658/649/650
f 797/791/792 819/813/814 796/790/791
f 797/791/792 802/797/798 819/813/814
f 764/768/769 777/767/768 809/804/805
f 822/814/815 823/815/816 824/816/817
f 807/811/812 806/800/801 692/682/683
f 668/659/660 648/642/643 782/775/776
f 796/790/791 819/813/814 701/695/696
f 316/314/315 464/460/461 825/817/818
f 694/685/686 826/818/819 338/334/335
f 674/666/667 757/792/793 835/819/820
f 717/662/663 770/758/759 818/820/821
f 717/662/663 818/820/821 808/802/803
f 701/695/696 819/813/814 816/812/813
f 625/644/645 829/821/822 767/756/757
f 628/622/623 787/822/823 802/797/798
f 769/771/772 794/788/789 831/823/824
f 769/771/772 831/823/824 779/776/777
f 795/789/790 828/824/825 697/691/692
f 778/772/773 809/804/805 827/825/826
f 616/610/611 423/416/417 832/826/827
f 637/629/630 805/799/800 817/827/828
f 800/795/796 833/828/829 801/796/797
f 680/672/673 780/774/775 763/753/754
f 697/691/692 828/824/825 791/785/786
f 458/453/454 665/656/657 834/829/830
f 641/674/675 835/819/820 757/792/793
f 793/787/788 836/830/831 777/767/768
f 767/756/757 835/819/820 641/674/675
f 806/800/801 768/757/758 692/682/683
f 616/610/611 832/826/827 793/787/788
f 771/759/760 723/717/718 838/831/832
f 632/626/627 839/832/833 423/416/417
f 632/626/627 840/833/834 839/832/833
f 254/247/248 485/481/482 842/834/835
f 254/247/248 843/835/836 667/658/659
f 254/247/248 842/834/835 844/836/837
f 254/247/248 844/836/837 843/835/836
f 667/658/659 843/835/836 845/837/838
f 749/741/742 813/807/808 821/838/839
f 673/664/665 846/839/840 728/722/723
f 423/416/417 839/832/833 832/826/827
f 821/838/839 813/807/808 849/840/841
f 852/841/842 853/842/843 823/815/816
f 852/841/842 854/843/844 853/842/843
f 812/806/807 485/481/482 346/153/154
f 812/806/807 857/844/845 485/481/482
f 812/806/807 848/845/846 857/844/845
f 828/824/825 851/846/847 791/785/786
f 812/806/807 850/847/848 848/845/846
f 850/847/848 858/848/849 848/845/846
f 854/843/844 859/849/850 853/842/843
f 414/407/408 861/850/851 446/437/438
f 779/776/777 862/851/852 784/778/779
f 834/829/830 665/656/657 863/852/853
f 834/829/830 864/853/854 458/453/454
f 692/682/683 768/757/758 763/753/754
f 829/821/822 866/854/855 767/756/757
f 855/855/856 856/856/857 867/857/858
f 720/712/713 837/858/859 974/810/811
f 763/753/754 768/757/758 680/672/673
f 815/809/810 871/859/860 736/731/732
f 833/828/829 874/860/861 801/796/797
f 837/858/859 865/861/862 875/862/863
f 809/804/805 777/767/768 877/863/864
f 809/804/805 877/863/864 868/864/865
f 843/835/836 844/836/837 878/865/866
f 726/721/722 719/713/714 879/866/867
f 875/862/863 876/867/868 837/858/859
f 474/471/472 880/868/869 881/869/870
f 801/796/797 874/860/861 882/870/871
f 801/796/797 882/870/871 841/871/872
f 474/471/472 881/869/870 658/649/650
f 658/649/650 881/869/870 883/872/873
f 832/826/827 839/832/833 885/873/874
f 832/826/827 885/873/874 884/874/875
f 661/652/653 600/595/596 886/875/876
f 851/846/847 869/876/877 887/877/878
f 851/846/847 887/877/878 791/785/786
f 779/776/777 831/823/824 862/851/852
f 831/823/824 888/878/879 862/851/852
f 857/844/845 889/879/880 485/481/482
f 767/756/757 866/854/855 890/880/881
f 848/845/846 858/848/849 891/881/882
f 848/845/846 889/879/880 857/844/845
f 848/845/846 891/881/882 889/879/880
f 802/797/798 787/822/823 816/812/813
f 865/861/862 893/882/883 894/883/884
f 865/861/862 894/883/884 875/862/863
f 724/719/720 711/718/719 895/884/885
f 711/718/719 860/885/886 895/884/885
f 673/664/665 674/666/667 1044/886/887
f 896/887/888 897/888/889 898/889/890
f 896/887/888 899/890/891 900/891/892
f 896/887/888 900/891/892 897/888/889
f 485/481/482 889/879/880 842/834/835
f 831/823/824 901/892/893 888/878/879
f 873/893/894 847/894/895 903/895/896
f 908/896/897 909/897/898 813/807/808
f 487/484/485 536/536/537 912/898/899
f 819/813/814 802/797/798 816/812/813
f 914/899/900 915/900/901 907/901/902
f 914/899/900 907/901/902 906/902/903
f 793/787/788 832/826/827 916/903/904
f 885/873/874 919/904/905 884/874/875
f 920/905/906 921/906/907 922/907/908
f 920/905/906 922/907/908 923/908/909
f 861/850/851 414/407/408 924/909/910
f 861/850/851 924/909/910 925/910/911
f 831/823/824 794/788/789 926/911/912
f 831/823/824 927/912/913 901/892/893
f 928/913/914 929/914/915 930/915/916
f 884/874/875 933/916/917 832/826/827
f 824/816/817 823/815/816 847/894/895
f 904/917/918 905/918/919 934/919/920
f 914/899/900 935/920/921 915/900/901
f 820/921/922 936/922/923 872/923/924
f 674/666/667 835/819/820 910/924/925
f 794/788/789 791/785/786 937/925/926
f 938/926/927 939/927/928 929/914/915
f 940/928/929 941/929/930 942/930/931
f 892/931/932 867/857/858 719/713/714
f 947/932/933 918/933/934 948/934/935
f 726/721/722 879/866/867 820/921/922
f 949/935/936 661/652/653 950/936/937
f 856/856/857 879/866/867 719/713/714
f 856/856/857 719/713/714 867/857/858
f 767/756/757 890/880/881 951/937/938
f 767/756/757 951/937/938 835/819/820
f 786/780/781 594/589/590 952/938/939
f 786/780/781 952/938/939 953/939/940
f 879/866/867 955/940/941 820/921/922
f 719/713/714 974/810/811 892/931/932
f 598/941/942 913/942/943 830/943/944
f 856/856/857 955/940/941 879/866/867
f 823/815/816 902/944/945 847/894/895
f 946/945/946 930/915/916 959/946/947
f 960/947/948 961/948/949 962/949/950
f 931/950/951 959/946/947 932/951/952
f 931/950/951 965/952/953 959/946/947
f 963/953/954 964/954/955 966/955/956
f 959/946/947 930/915/916 932/951/952
f 967/956/957 966/955/956 968/957/958
f 803/798/799 969/958/959 790/784/785
f 970/959/960 903/895/896 964/954/955
f 971/960/961 975/961/962 972/962/963
f 932/951/952 930/915/916 973/963/964
f 932/951/952 973/963/964 917/964/965
f 962/949/950 961/948/949 909/897/898
f 975/961/962 976/965/966 977/966/967
f 975/961/962 977/966/967 1030/967/968
f 858/848/849 980/968/969 891/881/882
f 958/969/970 912/898/899 874/860/861
f 957/970/971 911/971/972 913/942/943
f 912/898/899 536/536/537 874/860/861
f 876/867/868 982/972/973 837/858/859
f 917/964/965 973/963/964 918/933/934
f 790/784/785 981/973/974 911/971/972
f 864/853/854 984/974/975 458/453/454
f 983/975/976 950/936/937 985/976/977
f 986/977/978 987/978/979 988/979/980
f 939/927/928 943/980/981 991/981/982
f 939/927/928 991/981/982 929/914/915
f 987/978/979 992/982/983 993/983/984
f 987/978/979 993/983/984 994/984/985
f 987/978/979 994/984/985 988/979/980
f 974/810/811 1034/985/986 892/931/932
f 986/977/978 988/979/980 995/986/987
f 787/822/823 954/987/988 816/812/813
f 687/678/679 816/812/813 996/988/989
f 966/955/956 964/954/955 997/989/990
f 966/955/956 997/989/990 968/957/958
f 892/931/932 1034/985/986 998/990/991
f 820/921/922 955/940/941 936/922/923
f 944/991/992 991/981/982 943/980/981
f 823/815/816 853/842/843 902/944/945
f 813/807/808 1003/992/993 849/840/841
f 813/807/808 1002/993/994 1003/992/993
f 948/934/935 918/933/934 1004/994/995
f 940/928/929 1005/995/996 941/929/930
f 1006/996/997 1007/997/998 1008/998/999
f 736/731/732 956/999/1000 686/677/678
f 1006/996/997 1008/998/999 978/1000/1001
f 826/818/819 990/1001/1002 1009/1002/1003
f 826/818/819 1009/1002/1003 338/334/335
f 674/666/667 910/924/925 1044/886/887
f 338/334/335 1009/1002/1003 315/313/314
f 909/897/898 961/948/949 1000/1003/1004
f 909/897/898 1000/1003/1004 1002/993/994
f 990/1001/1002 989/1004/1005 1010/1005/1006
f 837/858/859 982/972/973 974/810/811
f 930/915/916 929/914/915 973/963/964
f 790/784/785 969/958/959 981/973/974
f 860/885/886 830/943/944 1012/1006/1007
f 964/954/955 1013/1007/1008 997/989/990
f 874/860/861 1014/1008/1009 882/870/871
f 985/976/977 950/936/937 1015/1009/1010
f 918/933/934 973/963/964 1004/994/995
f 813/807/808 909/897/898 1002/993/994
f 816/812/813 954/987/988 1011/1010/1011
f 853/842/843 859/849/850 1017/1011/1012
f 803/798/799 945/1012/1013 1018/1013/1014
f 803/798/799 1018/1013/1014 969/958/959
f 1007/997/998 1019/1014/1015 1008/998/999
f 1021/1015/1016 995/986/987 1022/1016/1017
f 860/885/886 1020/1017/1018 895/884/885
f 860/885/886 1023/1018/1019 1020/1017/1018
f 874/860/861 536/536/537 1014/1008/1009
f 594/589/590 687/678/679 1024/1019/1020
f 964/954/955 903/895/896 1013/1007/1008
f 952/938/939 594/589/590 1025/1020/1021
f 953/939/940 952/938/939 1026/1021/1022
f 999/1022/1023 971/960/961 1027/1023/1024
f 950/936/937 1016/1024/1025 1015/1009/1010
f 1021/1015/1016 1022/1016/1017 1031/1025/1026
f 978/1000/1001 1008/998/999 1033/1026/1027
f 999/1022/1023 1027/1023/1024 1035/1027/1028
f 974/810/811 982/972/973 1034/985/986
f 942/930/931 941/929/930 1037/1028/1029
f 942/930/931 1037/1028/1029 944/991/992
f 1007/997/998 1038/1029/1030 1019/1014/1015
f 913/942/943 911/971/972 830/943/944
f 975/961/962 1030/967/968 972/962/963
f 1031/1025/1026 1039/1030/1031 1040/1031/1032
f 1038/1029/1030 1041/1032/1033 1019/1014/1015
f 1031/1025/1026 1022/1016/1017 1039/1030/1031
f 911/971/972 981/973/974 830/943/944
f 600/595/596 1042/1033/1034 886/875/876
f 687/678/679 996/988/989 1024/1019/1020
f 936/922/923 955/940/941 1043/1034/1035
f 417/450/451 4/80/81 1032/1035/1036
f 835/819/820 1044/886/887 910/924/925
f 594/589/590 1024/1019/1020 1025/1020/1021
f 944/991/992 1037/1028/1029 991/981/982
f 977/966/967 976/965/966 1048/1036/1037
f 1028/1037/1038 1045/1038/1039 1029/1039/1040
f 903/895/896 847/894/895 1047/1040/1041
f 1049/1041/1042 1050/1042/1043 1051/1043/1044
f 7/3/3 1/2/2 1052/1044/1045
f 1029/1039/1040 1053/1045/1046 1054/1046/1047
f 982/972/973 1059/1047/1048 1034/985/986
f 1026/1021/1022 952/938/939 1055/1048/1049
f 976/965/966 1036/1049/1050 1048/1036/1037
f 954/987/988 1046/1050/1051 1011/1010/1011
f 1029/1039/1040 1045/1038/1039 1053/1045/1046
f 1000/1003/1004 1056/1051/1052 1002/993/994
f 995/986/987 988/979/980 1022/1016/1017
f 301/1052/1053 180/676/677 1057/1053/1054
f 972/962/963 1030/967/968 1058/1054/1055
f 971/960/961 972/962/963 1027/1023/1024
f 979/1055/1056 978/1000/1001 1033/1026/1027
f 979/1055/1056 1033/1026/1027 1061/1056/1057
f 903/895/896 1047/1040/1041 1013/1007/1008
f 1011/1010/1011 996/988/989 816/812/813
f 1013/1007/1008 1063/1057/1058 997/989/990
f 981/973/974 1060/1058/1059 830/943/944
f 1051/1043/1044 1050/1042/1043 1064/1059/1060
f 1051/1043/1044 1065/1060/1061 1066/1061/1062
f 1051/1043/1044 1064/1059/1060 1065/1060/1061
f 1012/1006/1007 830/943/944 1067/1062/1063
f 1045/1038/1039 1068/1063/1064 1069/1064/1065
f 952/938/939 1025/1020/1021 1055/1048/1049
f 536/536/537 315/313/314 1014/1008/1009
f 1046/1050/1051 1053/1045/1046 1011/1010/1011
f 847/894/895 902/944/945 1070/1065/1066
f 847/894/895 1070/1065/1066 1047/1040/1041
f 981/973/974 969/958/959 1060/1058/1059
f 1046/1050/1051 1054/1046/1047 1053/1045/1046
f 929/914/915 991/981/982 973/963/964
f 1053/1045/1046 1045/1038/1039 1011/1010/1011
f 1044/886/887 835/819/820 1071/1066/1067
f 1072/1067/1068 1073/1068/1069 899/890/891
f 988/979/980 1074/1069/1070 1022/1016/1017
f 1034/985/986 1077/1070/1071 998/990/991
f 1034/985/986 1076/1071/1072 1078/1072/1073
f 1034/985/986 1078/1072/1073 1077/1070/1071
f 973/963/964 1075/1073/1074 1004/994/995
f 1011/1010/1011 1045/1038/1039 1079/1074/1075
f 1011/1010/1011 1115/1075/1076 996/988/989
f 1011/1010/1011 1079/1074/1075 1115/1075/1076
f 835/819/820 951/937/938 1071/1066/1067
f 973/963/964 991/981/982 1075/1073/1074
f 1050/1042/1043 1055/1048/1049 1064/1059/1060
f 1000/1003/1004 1080/1076/1077 1056/1051/1052
f 1017/1011/1012 1083/1077/1078 853/842/843
f 1055/1048/1049 1025/1020/1021 1064/1059/1060
f 1010/1005/1006 1084/1078/1079 990/1001/1002
f 1059/1047/1048 1062/1079/1080 1034/985/986
f 1030/967/968 977/966/967 1058/1054/1055
f 1003/992/993 1002/993/994 1085/1080/1081
f 1045/1038/1039 1069/1064/1065 1079/1074/1075
f 902/944/945 853/842/843 1070/1065/1066
f 1086/1081/1082 1087/1082/1083 1088/1083/1084
f 1086/1081/1082 1088/1083/1084 1089/1084/1085
f 1086/1081/1082 1090/1085/1086 1087/1082/1083
f 1091/1086/1087 1092/1087/1088 1093/1088/1089
f 1091/1086/1087 1094/1089/1090 1092/1087/1088
f 1093/1088/1089 1092/1087/1088 1095/1090/1091
f 1093/1088/1089 1095/1090/1091 1096/1091/1092
f 1088/1083/1084 1097/1092/1093 1089/1084/1085
f 951/937/938 1098/1093/1094 1071/1066/1067
f 1005/995/996 1099/1094/1095 941/929/930
f 830/943/944 1060/1058/1059 1067/1062/1063
f 1100/1095/1096 1101/1096/1097 1102/1097/1098
f 1024/1019/1020 996/988/989 1025/1020/1021
f 897/888/889 900/891/892 1103/1098/1099
f 661/652/653 886/875/876 1104/1099/1100
f 661/652/653 1104/1099/1100 950/936/937
f 1086/1081/1082 1089/1084/1085 1105/1100/1101
f 997/989/990 1063/1057/1058 1106/1101/1102
f 1107/1102/1103 1108/1103/1104 1109/1104/1105
f 1000/1003/1004 1110/1105/1106 1080/1076/1077
f 1111/1106/1107 1112/1107/1108 1108/1103/1104
f 1009/1002/1003 1113/1108/1109 315/313/314
f 1063/1057/1058 1013/1007/1008 1114/1109/1110
f 1013/1007/1008 1047/1040/1041 1116/1110/1111
f 1081/1111/1112 1082/1112/1113 1117/1113/1114
f 991/981/982 1037/1028/1029 1118/1114/1115
f 996/988/989 1115/1075/1076 1025/1020/1021
f 1013/1007/1008 1119/1115/1116 1114/1109/1110
f 1034/985/986 1062/1079/1080 1076/1071/1072
f 1066/1061/1062 1065/1060/1061 1101/1096/1097
f 1086/1081/1082 1120/1116/1117 1090/1085/1086
f 1094/1089/1090 1121/1117/1118 1092/1087/1088
f 1092/1087/1088 1121/1117/1118 1122/1118/1119
f 1089/1084/1085 1097/1092/1093 1123/1119/1120
f 1095/1090/1091 1124/1120/1121 1096/1091/1092
f 1096/1091/1092 1124/1120/1121 1125/1121/1122
f 1073/1068/1069 1127/1122/1123 899/890/891
f 1073/1068/1069 1126/1123/1124 1127/1122/1123
f 977/966/967 1128/1124/1125 1058/1054/1055
f 899/890/891 1127/1122/1123 900/891/892
f 1129/1125/1126 1109/1104/1105 1130/1126/1127
f 977/966/967 1048/1036/1037 1128/1124/1125
f 1102/1097/1098 1101/1096/1097 1068/1063/1064
f 1131/1127/1128 1132/1128/1129 1133/1129/1130
f 798/793/794 1032/1035/1036 4/80/81
f 991/981/982 1134/1130/1131 1075/1073/1074
f 991/981/982 1118/1114/1115 1134/1130/1131
f 1013/1007/1008 1116/1110/1111 1119/1115/1116
f 1101/1096/1097 1065/1060/1061 1068/1063/1064
f 1135/1131/1132 1136/1132/1133 1137/1133/1134
f 1138/1134/1135 1139/1135/1136 1112/1107/1108
f 1085/1080/1081 1002/993/994 1140/1136/1137
f 1130/1126/1127 1109/1104/1105 1141/1137/1138
f 1080/1076/1077 1142/1138/1139 1056/1051/1052
f 180/676/677 7/3/3 1143/1139/1140
f 180/676/677 1143/1139/1140 1057/1053/1054
f 941/929/930 1145/1140/1141 1146/1141/1142
f 941/929/930 1146/1141/1142 1037/1028/1029
f 1137/1133/1134 1136/1132/1133 1147/1142/1143
f 1128/1124/1125 1148/1143/1144 1058/1054/1055
f 1108/1103/1104 1112/1107/1108 1109/1104/1105
f 972/962/963 1058/1054/1055 1151/1144/1145
f 972/962/963 1151/1144/1145 1150/1145/1146
f 1112/1107/1108 1139/1135/1136 1152/1146/1147
f 950/936/937 1104/1099/1100 1016/1024/1025
f 1092/1087/1088 1122/1118/1119 1153/1147/1148
f 1042/1033/1034 1154/1148/1149 886/875/876
f 1095/1090/1091 1092/1087/1088 1153/1147/1148
f 1095/1090/1091 1153/1147/1148 1124/1120/1121
f 1039/1030/1031 1022/1016/1017 1155/1149/1150
f 1052/1044/1045 1/2/2 1156/1150/1151
f 1112/1107/1108 1152/1146/1147 1109/1104/1105
f 972/962/963 1150/1145/1146 1027/1023/1024
f 1128/1124/1125 1157/1151/1152 1148/1143/1144
f 1070/1065/1066 853/842/843 1329/1152/1153
f 1159/1153/1154 1150/1145/1146 1160/1154/1155
f 1116/1110/1111 1161/1155/1156 1162/1156/1157
f 1163/1157/1158 1164/1158/1159 1139/1135/1136
f 1146/1141/1142 1165/1159/1160 1166/1160/1161
f 1146/1141/1142 1166/1160/1161 1037/1028/1029
f 1117/1113/1114 1082/1112/1113 1149/1161/1162
f 1056/1051/1052 1142/1138/1139 1168/1162/1163
f 1159/1153/1154 1027/1023/1024 1150/1145/1146
f 1147/1142/1143 1136/1132/1133 1169/1163/1164
f 1141/1137/1138 1109/1104/1105 1170/1164/1165
f 1141/1137/1138 1170/1164/1165 1171/1165/1166
f 1117/1113/1114 1172/1166/1167 1144/1167/1168
f 1115/1075/1076 1079/1074/1075 1025/1020/1021
f 1116/1110/1111 1047/1040/1041 1173/1168/1169
f 1116/1110/1111 1173/1168/1169 1161/1155/1156
f 1139/1135/1136 1164/1158/1159 1152/1146/1147
f 1039/1030/1031 1155/1149/1150 1176/1169/1170
f 1177/1170/1171 1157/1151/1152 1178/1171/1172
f 1177/1170/1171 1148/1143/1144 1157/1151/1152
f 1109/1104/1105 1179/1172/1173 1170/1164/1165
f 1041/1032/1033 1180/1173/1174 1019/1014/1015
f 1070/1065/1066 1262/1174/1175 1047/1040/1041
f 1062/1079/1080 1182/1175/1176 1183/1176/1177
f 1184/1177/1178 1185/1178/1179 1186/1179/1180
f 1187/1180/1181 1188/1181/1182 1189/1182/1183
f 1184/1177/1178 1190/1183/1184 1185/1178/1179
f 1185/1178/1179 1191/1184/1185 1186/1179/1180
f 1188/1181/1182 1192/1185/1186 1189/1182/1183
f 783/777/778 1193/1186/1187 1/2/2
f 1058/1054/1055 1148/1143/1144 1175/1187/1188
f 1181/1188/1189 1194/1189/1190 1166/1160/1161
f 1181/1188/1189 1166/1160/1161 1165/1159/1160
f 1192/1185/1186 1195/1190/1191 1189/1182/1183
f 1109/1104/1105 1152/1146/1147 1179/1172/1173
f 1126/1123/1124 1167/1191/1192 1127/1122/1123
f 1169/1163/1164 1136/1132/1133 1196/1192/1193
f 1056/1051/1052 1255/1193/1194 1158/1194/1195
f 1056/1051/1052 1158/1194/1195 1002/993/994
f 1120/1116/1117 1086/1081/1082 1197/1195/1196
f 1198/1196/1197 1199/1197/1198 1200/1198/1199
f 1198/1196/1197 1201/1199/1200 1199/1197/1198
f 1184/1177/1178 1202/1200/1201 1190/1183/1184
f 1191/1184/1185 1185/1178/1179 1205/1201/1202
f 1062/1079/1080 1206/1202/1203 1076/1071/1072
f 1140/1136/1137 1002/993/994 1207/1203/1204
f 1061/1056/1057 1033/1026/1027 1209/1204/1205
f 1144/1167/1168 1172/1166/1167 1180/1173/1174
f 1136/1132/1133 1203/1205/1206 1210/1206/1207
f 1076/1071/1072 1211/1207/1208 1078/1072/1073
f 1002/993/994 1158/1194/1195 1207/1203/1204
f 1212/1208/1209 1213/1209/1210 1230/1210/1211
f 1117/1113/1114 1149/1161/1162 1214/1211/1212
f 1117/1113/1114 1214/1211/1212 1215/1212/1213
f 1056/1051/1052 1168/1162/1163 1217/1213/1214
f 1056/1051/1052 1217/1213/1214 1255/1193/1194
f 1083/1077/1078 1204/1214/1215 1300/1215/1216
f 1083/1077/1078 1300/1215/1216 853/842/843
f 1117/1113/1114 1215/1212/1213 1172/1166/1167
f 1058/1054/1055 1218/1216/1217 1151/1144/1145
f 1168/1162/1163 1219/1217/1218 1217/1213/1214
f 1189/1182/1183 1216/1218/1219 1220/1219/1220
f 1136/1132/1133 1221/1220/1221 1196/1192/1193
f 1126/1123/1124 1222/1221/1222 1167/1191/1192
f 1105/1100/1101 1223/1222/1223 1086/1081/1082
f 1118/1114/1115 1179/1172/1173 1152/1146/1147
f 1118/1114/1115 1152/1146/1147 1134/1130/1131
f 1089/1084/1085 1174/1223/1224 1105/1100/1101
f 1058/1054/1055 1175/1187/1188 1218/1216/1217
f 1148/1143/1144 1224/1224/1225 1175/1187/1188
f 1202/1200/1201 1225/1225/1226 1190/1183/1184
f 1170/1164/1165 1179/1172/1173 1226/1226/1227
f 1170/1164/1165 1226/1226/1227 1227/1227/1228
f 1180/1173/1174 1172/1166/1167 1228/1228/1229
f 1180/1173/1174 1228/1228/1229 1019/1014/1015
f 1089/1084/1085 1123/1119/1120 1229/1229/1230
f 1089/1084/1085 1229/1229/1230 1174/1223/1224
f 1062/1079/1080 1183/1176/1177 1231/1230/1231
f 1062/1079/1080 1231/1230/1231 1206/1202/1203
f 1155/1149/1150 1022/1016/1017 1232/1231/1232
f 1118/1114/1115 1037/1028/1029 1166/1160/1161
f 1118/1114/1115 1166/1160/1161 1179/1172/1173
f 1022/1016/1017 1233/1232/1233 1232/1231/1232
f 1190/1183/1184 1225/1225/1226 1234/1233/1234
f 1068/1063/1064 1065/1060/1061 1064/1059/1060
f 1068/1063/1064 1064/1059/1060 1069/1064/1065
f 1224/1224/1225 1235/1234/1235 1175/1187/1188
f 1189/1182/1183 1195/1190/1191 1216/1218/1219
f 1169/1163/1164 1196/1192/1193 1236/1235/1236
f 990/1001/1002 1084/1078/1079 1009/1002/1003
f 994/984/985 1074/1069/1070 988/979/980
f 994/984/985 1238/1236/1237 1074/1069/1070
f 994/984/985 1237/1237/1238 1238/1236/1237
f 1014/1008/1009 315/313/314 1239/1238/1239
f 1210/1206/1207 1230/1210/1211 1221/1220/1221
f 1240/1239/1240 1241/1240/1241 1242/1241/1242
f 1235/1234/1235 1243/1242/1243 1175/1187/1188
f 1241/1240/1241 1244/1243/1244 1242/1241/1242
f 1243/1242/1243 1246/1244/1245 1175/1187/1188
f 853/842/843 1300/1215/1216 1329/1152/1153
f 1173/1168/1169 1265/1245/1246 1161/1155/1156
f 1206/1202/1203 1249/1246/1247 1076/1071/1072
f 1206/1202/1203 1248/1247/1248 1249/1246/1247
f 1057/1053/1054 1143/1139/1140 1250/1248/1249
f 1173/1168/1169 1294/1249/1250 1265/1245/1246
f 1185/1178/1179 1190/1183/1184 1322/1250/1251
f 1251/1251/1252 1252/1252/1253 1247/1253/1254
f 1241/1240/1241 1258/1254/1255 1244/1243/1244
f 1241/1240/1241 1254/1255/1256 1258/1254/1255
f 1182/1175/1176 1256/1256/1257 1183/1176/1177
f 1/2/2 1001/1257/1258 1259/1258/1259
f 1/2/2 1259/1258/1259 1156/1150/1151
f 1070/1065/1066 1329/1152/1153 1262/1174/1175
f 1205/1201/1202 1185/1178/1179 1264/1259/1260
f 1161/1155/1156 1265/1245/1246 1266/1260/1261
f 1209/1204/1205 1033/1026/1027 1253/1261/1262
f 1077/1070/1071 1078/1072/1073 1208/1262/1263
f 1267/1263/1264 1265/1245/1246 1268/1264/1265
f 900/891/892 1269/1265/1266 1103/1098/1099
f 1122/1118/1119 1270/1266/1267 1271/1267/1268
f 1122/1118/1119 1272/1268/1269 1153/1147/1148
f 1122/1118/1119 1271/1267/1268 1272/1268/1269
f 1019/1014/1015 1228/1228/1229 1008/998/999
f 1136/1132/1133 1210/1206/1207 1221/1220/1221
f 1267/1263/1264 1260/1269/1270 1265/1245/1246
f 1022/1016/1017 1074/1069/1070 1273/1270/1271
f 1274/1271/1272 1275/1272/1273 1276/1273/1274
f 1274/1271/1272 1276/1273/1274 1277/1274/1275
f 2/449/450 417/450/451 783/777/778
f 1033/1026/1027 1008/998/999 1253/1261/1262
f 1255/1193/1194 1280/1275/1276 1279/1276/1277
f 1231/1230/1231 1281/1277/1278 1206/1202/1203
f 1216/1218/1219 1195/1190/1191 1282/1278/1279
f 1240/1239/1240 1242/1241/1242 1247/1253/1254
f 1240/1239/1240 1247/1253/1254 1252/1252/1253
f 1022/1016/1017 1273/1270/1271 1283/1279/1280
f 1226/1226/1227 1179/1172/1173 1166/1160/1161
f 1241/1240/1241 1240/1239/1240 1284/1280/1281
f 1241/1240/1241 1284/1280/1281 1285/1281/1282
f 1241/1240/1241 1285/1281/1282 1254/1255/1256
f 1244/1243/1244 1258/1254/1255 1242/1241/1242
f 1153/1147/1148 1286/1282/1283 1124/1120/1121
f 1190/1183/1184 1234/1233/1234 1405/1283/1284
f 1022/1016/1017 1283/1279/1280 1233/1232/1233
f 1025/1020/1021 1079/1074/1075 1064/1059/1060
f 1242/1241/1242 1258/1254/1255 1287/1284/1285
f 1242/1241/1242 1287/1284/1285 1288/1285/1286
f 1124/1120/1121 1286/1282/1283 1289/1286/1287
f 1206/1202/1203 1281/1277/1278 1248/1247/1248
f 1260/1269/1270 1261/1287/1288 1265/1245/1246
f 1079/1074/1075 1069/1064/1065 1064/1059/1060
f 1195/1190/1191 1263/1288/1289 1282/1278/1279
f 1265/1245/1246 1261/1287/1288 1266/1260/1261
f 1228/1228/1229 1290/1289/1290 1291/1290/1291
f 1228/1228/1229 1292/1291/1292 1008/998/999
f 1228/1228/1229 1291/1290/1291 1293/1292/1293
f 1228/1228/1229 1293/1292/1293 1292/1291/1292
f 1173/1168/1169 1047/1040/1041 1294/1249/1250
f 1246/1244/1245 1295/1293/1294 1296/1294/1295
f 1246/1244/1245 1296/1294/1295 1175/1187/1188
f 1125/1121/1122 1124/1120/1121 1297/1295/1296
f 1123/1119/1120 1298/1296/1297 1229/1229/1230
f 1228/1228/1229 1172/1166/1167 1290/1289/1290
f 1240/1239/1240 1252/1252/1253 1278/1297/1298
f 1086/1081/1082 1223/1222/1223 1197/1195/1196
f 1172/1166/1167 1215/1212/1213 1299/1298/1299
f 1172/1166/1167 1299/1298/1299 1290/1289/1290
f 1047/1040/1041 1262/1174/1175 1294/1249/1250
f 1257/1299/1300 1103/1098/1099 1301/1300/1301
f 1237/1237/1238 1303/1301/1302 1238/1236/1237
f 1190/1183/1184 1405/1283/1284 1322/1250/1251
f 1269/1265/1266 1304/1302/1303 1305/1303/1304
f 1269/1265/1266 1305/1303/1304 1103/1098/1099
f 1255/1193/1194 1279/1276/1277 1158/1194/1195
f 1238/1236/1237 1303/1301/1302 1306/1304/1305
f 1211/1207/1208 1309/1305/1306 1310/1306/1307
f 1211/1207/1208 1310/1306/1307 1078/1072/1073
f 1211/1207/1208 1311/1307/1308 1309/1305/1306
f 1218/1216/1217 1307/1308/1309 1151/1144/1145
f 1218/1216/1217 1308/1309/1310 1307/1308/1309
f 1103/1098/1099 1314/1310/1311 1301/1300/1301
f 1279/1276/1277 1315/1311/1312 1158/1194/1195
f 1265/1245/1246 1294/1249/1250 1268/1264/1265
f 1218/1216/1217 1175/1187/1188 1317/1312/1313
f 1230/1210/1211 1213/1209/1210 1221/1220/1221
f 1226/1226/1227 1166/1160/1161 1312/1313/1314
f 1103/1098/1099 1305/1303/1304 1318/1314/1315
f 1264/1259/1260 1185/1178/1179 1319/1315/1316
f 1264/1259/1260 1319/1315/1316 1320/1316/1317
f 1302/1317/1318 1208/1262/1263 1321/1318/1319
f 1304/1302/1303 1323/1319/1320 1305/1303/1304
f 1233/1232/1233 1283/1279/1280 1245/1320/1321
f 1218/1216/1217 1316/1321/1322 1308/1309/1310
f 1218/1216/1217 1317/1312/1313 1316/1321/1322
f 1220/1219/1220 1216/1218/1219 1324/1322/1323
f 1325/1323/1324 1326/1324/1325 1327/1325/1326
f 1153/1147/1148 1272/1268/1269 1286/1282/1283
f 1174/1223/1224 1328/1326/1327 1105/1100/1101
f 1238/1236/1237 1306/1304/1305 1074/1069/1070
f 1175/1187/1188 1296/1294/1295 1317/1312/1313
f 1103/1098/1099 1318/1314/1315 1314/1310/1311
f 1076/1071/1072 1249/1246/1247 1211/1207/1208
f 1208/1262/1263 1078/1072/1073 1330/1327/1328
f 1221/1220/1221 1213/1209/1210 1312/1313/1314
f 1166/1160/1161 1221/1220/1221 1312/1313/1314
f 886/875/876 1334/1328/1329 1104/1099/1100
f 1221/1220/1221 1166/1160/1161 1194/1189/1190
f 1221/1220/1221 1194/1189/1190 1196/1192/1193
f 1310/1306/1307 1335/1329/1330 1078/1072/1073
f 1336/1330/1331 1338/1331/1332 1339/1332/1333
f 1268/1264/1265 1294/1249/1250 1340/1333/1334
f 1279/1276/1277 1341/1334/1335 1315/1311/1312
f 1336/1330/1331 1342/1335/1336 1337/1336/1337
f 1336/1330/1331 1339/1332/1333 1343/1337/1338
f 1074/1069/1070 1306/1304/1305 1344/1338/1339
f 1074/1069/1070 1344/1338/1339 1345/1339/1340
f 1336/1330/1331 1337/1336/1337 1350/1340/1341
f 1336/1330/1331 1350/1340/1341 1349/1341/1342
f 1336/1330/1331 1349/1341/1342 1338/1331/1332
f 1104/1099/1100 1346/1342/1343 1353/1343/1344
f 1352/1344/1345 1016/1024/1025 1354/1345/1346
f 1104/1099/1100 1353/1343/1344 1354/1345/1346
f 1104/1099/1100 1354/1345/1346 1016/1024/1025
f 1289/1286/1287 1286/1282/1283 1355/1346/1347
f 1356/1347/1348 1357/1348/1349 1358/1349/1350
f 1346/1342/1343 1104/1099/1100 1347/1350/1351
f 1361/1351/1352 1362/1352/1353 1363/1353/1354
f 1316/1321/1322 1317/1312/1313 1364/1354/1355
f 1316/1321/1322 1364/1354/1355 1365/1355/1356
f 1124/1120/1121 1289/1286/1287 1366/1356/1357
f 1124/1120/1121 1366/1356/1357 1367/1357/1358
f 1124/1120/1121 1368/1358/1359 1297/1295/1296
f 1124/1120/1121 1367/1357/1358 1368/1358/1359
f 1359/1359/1360 1369/1360/1361 1360/1361/1362
f 1337/1336/1337 1371/1362/1363 1350/1340/1341
f 1337/1336/1337 1372/1363/1364 1371/1362/1363
f 1337/1336/1337 1370/1364/1365 1372/1363/1364
f 1105/1100/1101 1328/1326/1327 1223/1222/1223
f 1373/1365/1366 1358/1349/1350 1374/1366/1367
f 1336/1330/1331 1343/1337/1338 1375/1367/1368
f 1336/1330/1331 1375/1367/1368 1342/1335/1336
f 1369/1360/1361 1376/1368/1369 1377/1369/1370
f 1369/1360/1361 1377/1369/1370 1424/1370/1371
f 1351/1371/1372 1378/1372/1373 1379/1373/1374
f 1289/1286/1287 1383/1374/1375 1366/1356/1357
f 1303/1301/1302 1384/1375/1376 1306/1304/1305
f 1379/1373/1374 1378/1372/1373 1386/1376/1377
f 1249/1246/1247 1348/1377/1378 1211/1207/1208
f 1380/1378/1379 1385/1379/1380 1084/1078/1079
f 1208/1262/1263 1330/1327/1328 1321/1318/1319
f 1008/998/999 1292/1291/1292 1387/1380/1381
f 1008/998/999 1387/1380/1381 1253/1261/1262
f 1371/1362/1363 1372/1363/1364 1388/1381/1382
f 1360/1361/1362 1369/1360/1361 1389/1382/1383
f 1104/1099/1100 1334/1328/1329 1390/1383/1384
f 1391/1384/1385 1392/1385/1386 1332/1386/1387
f 1156/1150/1151 1259/1258/1259 1393/1387/1388
f 1289/1286/1287 1355/1346/1347 1383/1374/1375
f 1009/1002/1003 1084/1078/1079 1394/1388/1389
f 1009/1002/1003 1394/1388/1389 1395/1389/1390
f 1381/1390/1391 1396/1391/1392 1382/1392/1393
f 1254/1255/1256 1397/1393/1394 1258/1254/1255
f 1399/1394/1395 1401/1395/1396 1402/1396/1397
f 1399/1394/1395 1400/1397/1398 1401/1395/1396
f 1328/1326/1327 1174/1223/1224 1403/1398/1399
f 1262/1174/1175 1404/1399/1400 1294/1249/1250
f 1254/1255/1256 1398/1400/1401 1397/1393/1394
f 1294/1249/1250 1404/1399/1400 1631/1401/1402
f 1211/1207/1208 1407/1402/1403 1311/1307/1308
f 1211/1207/1208 1406/1403/1404 1407/1402/1403
f 1399/1394/1395 1402/1396/1397 1408/1404/1405
f 1410/1405/1406 1403/1398/1399 1174/1223/1224
f 1411/1406/1407 1412/1407/1408 1413/1408/1409
f 1329/1152/1153 1300/1215/1216 1500/1409/1410
f 1258/1254/1255 1397/1393/1394 1287/1284/1285
f 1403/1398/1399 1414/1410/1411 1328/1326/1327
f 1415/1411/1412 1416/1412/1413 1417/1413/1414
f 1408/1404/1405 1418/1414/1415 1399/1394/1395
f 1399/1394/1395 1418/1414/1415 1409/1415/1416
f 1361/1351/1352 1363/1353/1354 1419/1416/1417
f 1074/1069/1070 1345/1339/1340 1273/1270/1271
f 1294/1249/1250 1631/1401/1402 1340/1333/1334
f 1328/1326/1327 1422/1417/1418 1223/1222/1223
f 1377/1369/1370 1423/1418/1419 1424/1370/1371
f 1314/1310/1311 1318/1314/1315 1425/1419/1420
f 1286/1282/1283 1272/1268/1269 1426/1420/1421
f 1286/1282/1283 1426/1420/1421 1427/1421/1422
f 1351/1371/1372 1311/1307/1308 1428/1422/1423
f 1351/1371/1372 1428/1422/1423 1378/1372/1373
f 1429/1423/1424 1430/1424/1425 1431/1425/1426
f 1381/1390/1391 1382/1392/1393 1432/1426/1427
f 1104/1099/1100 1390/1383/1384 1347/1350/1351
f 1311/1307/1308 1407/1402/1403 1428/1422/1423
f 1416/1412/1413 1433/1427/1428 1417/1413/1414
f 1412/1407/1408 1431/1425/1426 1413/1408/1409
f 1185/1178/1179 1322/1250/1251 1435/1428/1429
f 1185/1178/1179 1435/1428/1429 1319/1315/1316
f 1348/1377/1378 1436/1429/1430 1211/1207/1208
f 1347/1350/1351 1437/1430/1431 1438/1431/1432
f 1347/1350/1351 1390/1383/1384 1437/1430/1431
f 1199/1197/1198 1201/1199/1200 1439/1432/1433
f 1234/1233/1234 1441/1433/1434 1405/1283/1284
f 1277/1274/1275 1276/1273/1274 1442/1434/1435
f 1277/1274/1275 1442/1434/1435 1443/1435/1436
f 1445/1436/1437 1446/1437/1438 1444/1438/1439
f 1447/1439/1440 1448/1440/1441 1449/1441/1442
f 1447/1439/1440 1452/1442/1443 1448/1440/1441
f 1320/1316/1317 1319/1315/1316 1456/1443/1444
f 1433/1427/1428 1457/1444/1445 1417/1413/1414
f 1445/1436/1437 1444/1438/1439 1453/1445/1446
f 1433/1427/1428 1450/1446/1447 1451/1447/1448
f 1084/1078/1079 1385/1379/1380 1459/1448/1449
f 1453/1445/1446 1454/1449/1450 1445/1436/1437
f 1399/1394/1395 1460/1450/1451 1400/1397/1398
f 1457/1444/1445 1461/1451/1452 1417/1413/1414
f 1457/1444/1445 1433/1427/1428 1451/1447/1448
f 1454/1449/1450 1462/1452/1453 1445/1436/1437
f 1448/1440/1441 1463/1453/1454 1464/1454/1455
f 1448/1440/1441 1464/1454/1455 1449/1441/1442
f 1444/1438/1439 1446/1437/1438 1431/1425/1426
f 1385/1379/1380 1465/1455/1456 1459/1448/1449
f 1450/1446/1447 1433/1427/1428 1466/1456/1457
f 1451/1447/1448 1458/1457/1458 1457/1444/1445
f 1396/1391/1392 1467/1458/1459 1382/1392/1393
f 1463/1453/1454 1468/1459/1460 1464/1454/1455
f 1328/1326/1327 1470/1460/1461 1422/1417/1418
f 1328/1326/1327 1469/1461/1462 1470/1460/1461
f 1378/1372/1373 1428/1422/1423 1471/1462/1463
f 1417/1413/1414 1461/1451/1452 1473/1463/1464
f 1211/1207/1208 1436/1429/1430 1406/1403/1404
f 1446/1437/1438 1413/1408/1409 1431/1425/1426
f 1421/1464/1465 1420/1465/1466 1477/1466/1467
f 315/313/314 1478/1467/1468 1239/1238/1239
f 1337/1336/1337 1342/1335/1336 1370/1364/1365
f 1286/1282/1283 1427/1421/1422 1355/1346/1347
f 1369/1360/1361 1424/1370/1371 1389/1382/1383
f 1401/1395/1396 1476/1468/1469 1482/1469/1470
f 1401/1395/1396 1482/1469/1470 1402/1396/1397
f 1431/1425/1426 1430/1424/1425 1444/1438/1439
f 1409/1415/1416 1483/1470/1471 1399/1394/1395
f 1254/1255/1256 1285/1281/1282 1484/1471/1472
f 1254/1255/1256 1484/1471/1472 1485/1472/1473
f 1326/1324/1325 1486/1473/1474 1327/1325/1326
f 1342/1335/1336 1375/1367/1368 1370/1364/1365
f 1445/1436/1437 1475/1474/1475 1446/1437/1438
f 1446/1437/1438 1475/1474/1475 1487/1475/1476
f 1416/1412/1413 1466/1456/1457 1433/1427/1428
f 1416/1412/1413 1434/1476/1477 1466/1456/1457
f 1447/1439/1440 1488/1477/1478 1452/1442/1443
f 1445/1436/1437 1462/1452/1453 1475/1474/1475
f 1174/1223/1224 1229/1229/1230 1489/1478/1479
f 1174/1223/1224 1489/1478/1479 1490/1479/1480
f 1453/1445/1446 1444/1438/1439 1430/1424/1425
f 1453/1445/1446 1430/1424/1425 1472/1480/1481
f 1446/1437/1438 1487/1475/1476 1413/1408/1409
f 1396/1391/1392 1491/1481/1482 1467/1458/1459
f 1410/1405/1406 1481/1482/1483 1403/1398/1399
f 1366/1356/1357 1492/1483/1484 1367/1357/1358
f 1493/1484/1485 1494/1485/1486 1495/1486/1487
f 1493/1484/1485 1495/1486/1487 1496/1487/1488
f 1399/1394/1395 1483/1470/1471 1537/1488/1489
f 1174/1223/1224 1490/1479/1480 1497/1489/1490
f 1458/1457/1458 1480/1490/1491 1457/1444/1445
f 1432/1426/1427 1382/1392/1393 1498/1491/1492
f 1291/1290/1291 1499/1492/1493 1293/1292/1293
f 1300/1215/1216 1479/1493/1494 1500/1409/1410
f 1207/1203/1204 1158/1194/1195 1501/1494/1495
f 1207/1203/1204 1501/1494/1495 1313/1495/1496
f 1474/1496/1497 1502/1497/1498 1420/1465/1466
f 1460/1450/1451 1399/1394/1395 1503/1498/1499
f 1272/1268/1269 1271/1267/1268 1504/1499/1500
f 1272/1268/1269 1505/1500/1501 1426/1420/1421
f 1506/1501/1502 1507/1502/1503 1508/1503/1504
f 1132/1128/1129 1509/1504/1505 1133/1129/1130
f 1439/1432/1433 1201/1199/1200 1510/1505/1506
f 1397/1393/1394 1398/1400/1401 1511/1506/1507
f 1298/1296/1297 1512/1507/1508 1229/1229/1230
f 1315/1311/1312 1513/1508/1509 1514/1509/1510
f 1439/1432/1433 1510/1505/1506 1515/1510/1511
f 1315/1311/1312 1514/1509/1510 1158/1194/1195
f 1197/1195/1196 1223/1222/1223 1516/1511/1512
f 1374/1366/1367 1358/1349/1350 1517/1512/1513
f 1491/1481/1482 1518/1513/1514 1467/1458/1459
f 1491/1481/1482 1519/1514/1515 1518/1513/1514
f 1481/1482/1483 1410/1405/1406 1520/1515/1516
f 1403/1398/1399 1481/1482/1483 1521/1516/1517
f 1522/1517/1518 1507/1502/1503 1523/1518/1519
f 1223/1222/1223 1422/1417/1418 1524/1519/1520
f 1216/1218/1219 1282/1278/1279 1525/1520/1521
f 1254/1255/1256 1485/1472/1473 1526/1521/1522
f 1254/1255/1256 1526/1521/1522 1398/1400/1401
f 1335/1329/1330 1527/1522/1523 1078/1072/1073
f 1341/1334/1335 1528/1523/1524 1315/1311/1312
f 1397/1393/1394 1529/1524/1525 1287/1284/1285
f 1475/1474/1475 1530/1525/1526 1487/1475/1476
f 1531/1526/1527 1532/1527/1528 1533/1528/1529
f 1466/1456/1457 1534/1529/1530 1535/1530/1531
f 1466/1456/1457 1543/1531/1532 1534/1529/1530
f 1328/1326/1327 1414/1410/1411 1469/1461/1462
f 1298/1296/1297 1536/1532/1533 1512/1507/1508
f 1475/1474/1475 1539/1533/1534 1540/1534/1535
f 1475/1474/1475 1540/1534/1535 1530/1525/1526
f 1477/1466/1467 1420/1465/1466 1541/1535/1536
f 1477/1466/1467 1541/1535/1536 1434/1476/1477
f 1410/1405/1406 1174/1223/1224 1497/1489/1490
f 1410/1405/1406 1497/1489/1490 1520/1515/1516
f 1315/1311/1312 1528/1523/1524 1513/1508/1509
f 1466/1456/1457 1434/1476/1477 1543/1531/1532
f 1472/1480/1481 1430/1424/1425 1544/1536/1537
f 1546/1537/1538 1547/1538/1539 1548/1539/1540
f 1423/1418/1419 1550/1540/1541 1424/1370/1371
f 1552/1541/1542 1553/1542/1543 1532/1527/1528
f 1453/1445/1446 1472/1480/1481 1554/1543/1544
f 1461/1451/1452 1457/1444/1445 1557/1544/1545
f 1434/1476/1477 1541/1535/1536 1543/1531/1532
f 1487/1475/1476 1530/1525/1526 1559/1545/1546
f 1430/1424/1425 1560/1546/1547 1544/1536/1537
f 1461/1451/1452 1557/1544/1545 1545/1547/1548
f 1561/1548/1549 1555/1549/1550 1556/1550/1551
f 1561/1548/1549 1556/1550/1551 1562/1551/1552
f 1564/1552/1553 1565/1553/1554 1566/1554/1555
f 1472/1480/1481 1544/1536/1537 1567/1555/1556
f 1343/1337/1338 1538/1556/1557 1375/1367/1368
f 1343/1337/1338 1339/1332/1333 1551/1557/1558
f 1343/1337/1338 1551/1557/1558 1568/1558/1559
f 1313/1495/1496 1501/1494/1495 1440/1559/1560
f 1282/1278/1279 1455/1560/1561 1569/1561/1562
f 1282/1278/1279 1569/1561/1562 1723/1562/1563
f 1483/1470/1471 1570/1563/1564 1571/1564/1565
f 1430/1424/1425 1558/1565/1566 1572/1566/1567
f 1430/1424/1425 1572/1566/1567 1560/1546/1547
f 1216/1218/1219 1575/1567/1568 1324/1322/1323
f 1370/1364/1365 1375/1367/1368 1542/1568/1569
f 1/2/2 1193/1186/1187 1577/1569/1570
f 1/2/2 1577/1569/1570 1001/1257/1258
f 1389/1382/1383 1424/1370/1371 1578/1570/1571
f 1339/1332/1333 1338/1331/1332 1551/1557/1558
f 1358/1349/1350 1357/1348/1349 1579/1571/1572
f 1403/1398/1399 1580/1572/1573 1414/1410/1411
f 1532/1527/1528 1553/1542/1543 1533/1528/1529
f 315/313/314 1113/1108/1109 1478/1467/1468
f 1424/1370/1371 1581/1573/1574 1578/1570/1571
f 1358/1349/1350 1579/1571/1572 1517/1512/1513
f 1332/1386/1387 1392/1385/1386 1582/1574/1575
f 1332/1386/1387 1582/1574/1575 1331/1575/1576
f 1078/1072/1073 1576/1576/1577 1330/1327/1328
f 1397/1393/1394 1511/1506/1507 1583/1577/1578
f 1397/1393/1394 1583/1577/1578 1529/1524/1525
f 1133/1129/1130 1509/1504/1505 1585/1578/1579
f 1372/1363/1364 1370/1364/1365 1586/1579/1580
f 1581/1573/1574 1587/1580/1581 1588/1581/1582
f 1589/1582/1583 1590/1583/1584 1591/1584/1585
f 1344/1338/1339 1592/1585/1586 1593/1586/1587
f 1510/1505/1506 1201/1199/1200 1584/1587/1588
f 1305/1303/1304 1594/1588/1589 1318/1314/1315
f 1591/1584/1585 1590/1583/1584 1595/1589/1590
f 1512/1507/1508 1596/1590/1591 1510/1505/1506
f 1512/1507/1508 1510/1505/1506 1229/1229/1230
f 1370/1364/1365 1542/1568/1569 1586/1579/1580
f 1223/1222/1223 1524/1519/1520 1597/1591/1592
f 1584/1587/1588 1598/1592/1593 1599/1593/1594
f 1584/1587/1588 1599/1593/1594 1229/1229/1230
f 1510/1505/1506 1584/1587/1588 1229/1229/1230
f 1600/1594/1595 1601/1595/1596 1522/1517/1518
f 1538/1556/1557 1602/1596/1597 1375/1367/1368
f 1338/1331/1332 1603/1597/1598 1551/1557/1558
f 1283/1279/1280 1273/1270/1271 1604/1598/1599
f 1363/1353/1354 1591/1584/1585 1605/1599/1600
f 1581/1573/1574 1424/1370/1371 1587/1580/1581
f 1607/1600/1601 1548/1539/1540 1601/1595/1596
f 1403/1398/1399 1521/1516/1517 1580/1572/1573
f 1229/1229/1230 1608/1601/1602 1489/1478/1479
f 1229/1229/1230 1599/1593/1594 1608/1601/1602
f 1542/1568/1569 1609/1602/1603 1586/1579/1580
f 1542/1568/1569 1610/1603/1604 1609/1602/1603
f 1614/1604/1605 1611/1605/1606 1612/1606/1607
f 1614/1604/1605 1612/1606/1607 1615/1607/1608
f 1616/1608/1609 1833/1609/1610 1617/1610/1611
f 1513/1508/1509 1528/1523/1524 1618/1611/1612
f 1282/1278/1279 1723/1562/1563 1525/1520/1521
f 1611/1605/1606 1613/1612/1613 1612/1606/1607
f 1372/1363/1364 1586/1579/1580 1619/1613/1614
f 1372/1363/1364 1619/1613/1614 1549/1614/1615
f 1631/1401/1402 1622/1615/1616 1340/1333/1334
f 1612/1606/1607 1625/1616/1617 1615/1607/1608
f 1623/1617/1618 1626/1618/1619 1627/1619/1620
f 1623/1617/1618 1624/1620/1621 1626/1618/1619
f 1588/1581/1582 1587/1580/1581 1628/1621/1622
f 1590/1583/1584 1629/1622/1623 1595/1589/1590
f 1542/1568/1569 1375/1367/1368 1610/1603/1604
f 1611/1605/1606 1614/1604/1605 1518/1513/1514
f 1634/1623/1624 1635/1624/1625 1615/1607/1608
f 1340/1333/1334 1622/1615/1616 1636/1625/1626
f 1387/1380/1381 1292/1291/1292 1637/1626/1627
f 1635/1624/1625 1614/1604/1605 1615/1607/1608
f 1635/1624/1625 1639/1627/1628 1614/1604/1605
f 1287/1284/1285 1621/1628/1629 1288/1285/1286
f 1321/1318/1319 1640/1629/1630 1632/1630/1631
f 1329/1152/1153 1500/1409/1410 1633/1631/1632
f 1621/1628/1629 1287/1284/1285 1620/1632/1633
f 1586/1579/1580 1609/1602/1603 1642/1633/1634
f 1538/1556/1557 1641/1634/1635 1602/1596/1597
f 1612/1606/1607 1613/1612/1613 1644/1635/1636
f 1623/1617/1618 1645/1636/1637 1624/1620/1621
f 1300/1215/1216 1646/1637/1638 1479/1493/1494
f 1479/1493/1494 1646/1637/1638 1647/1638/1639
f 1436/1429/1430 1648/1639/1640 1406/1403/1404
f 1344/1338/1339 1593/1586/1587 1345/1339/1340
f 1500/1409/1410 1759/1640/1641 1633/1631/1632
f 1618/1611/1612 1649/1641/1642 1513/1508/1509
f 1524/1519/1520 1422/1417/1418 1651/1642/1643
f 1293/1292/1293 1654/1643/1644 1292/1291/1292
f 1655/1644/1645 1656/1645/1646 1657/1646/1647
f 1601/1595/1596 1548/1539/1540 1522/1517/1518
f 1414/1410/1411 1580/1572/1573 1658/1647/1648
f 1659/1648/1649 1660/1649/1650 1661/1650/1651
f 1551/1557/1558 1630/1651/1652 1568/1558/1559
f 1663/1652/1653 1664/1653/1654 1665/1654/1655
f 1424/1370/1371 1550/1540/1541 1666/1655/1656
f 1667/1656/1657 1668/1657/1658 1653/1658/1659
f 1326/1324/1325 1669/1659/1660 1486/1473/1474
f 1496/1487/1488 1495/1486/1487 1547/1538/1539
f 1598/1592/1593 1671/1660/1661 1599/1593/1594
f 1621/1628/1629 1672/1661/1662 1288/1285/1286
f 1419/1416/1417 1363/1353/1354 1673/1662/1663
f 1338/1331/1332 1674/1663/1664 1603/1597/1598
f 1133/1129/1130 1585/1578/1579 1675/1664/1665
f 1481/1482/1483 1650/1665/1666 1521/1516/1517
f 1592/1585/1586 1676/1666/1667 1593/1586/1587
f 1592/1585/1586 1677/1667/1668 1676/1666/1667
f 1321/1318/1319 1330/1327/1328 1640/1629/1630
f 1551/1557/1558 1606/1668/1669 1630/1651/1652
f 1591/1584/1585 1595/1589/1590 1679/1669/1670
f 1591/1584/1585 1679/1669/1670 1605/1599/1600
f 1608/1601/1602 1599/1593/1594 1680/1670/1671
f 1681/1671/1672 1682/1672/1673 1656/1645/1646
f 1551/1557/1558 1603/1597/1598 1606/1668/1669
f 1684/1673/1674 1685/1674/1675 1660/1649/1650
f 1424/1370/1371 1686/1675/1676 1587/1580/1581
f 1518/1513/1514 1519/1514/1515 1611/1605/1606
f 1239/1238/1239 1683/1676/1677 1014/1008/1009
f 1239/1238/1239 1662/1677/1678 1683/1676/1677
f 1519/1514/1515 1613/1612/1613 1611/1605/1606
f 1519/1514/1515 1689/1678/1679 1613/1612/1613
f 1691/1679/1680 1692/1680/1681 1693/1681/1682
f 1382/1392/1393 2083/1682/1683 1498/1491/1492
f 1078/1072/1073 1527/1522/1523 1576/1576/1577
f 1502/1497/1498 1694/1683/1684 1420/1465/1466
f 1335/1329/1330 1695/1684/1685 1527/1522/1523
f 1375/1367/1368 1690/1685/1686 1610/1603/1604
f 1216/1218/1219 1525/1520/1521 1575/1567/1568
f 1568/1558/1559 1696/1686/1687 1343/1337/1338
f 1568/1558/1559 1630/1651/1652 1696/1686/1687
f 1678/1687/1688 1697/1688/1689 1550/1540/1541
f 1508/1503/1504 1507/1502/1503 1698/1689/1690
f 1614/1604/1605 1699/1690/1691 1700/1691/1692
f 1614/1604/1605 1700/1691/1692 1518/1513/1514
f 1331/1575/1576 1582/1574/1575 1333/1692/1693
f 1533/1528/1529 1703/1693/1694 1531/1526/1527
f 1704/1694/1695 1705/1695/1696 1706/1696/1697
f 1707/1697/1249 1708/1698/1698 1709/1699/1699
f 1707/1697/1249 1709/1699/1699 1710/1700/1700
f 1424/1370/1371 1666/1655/1656 1686/1675/1676
f 1288/1285/1286 1672/1661/1662 1711/1701/1701
f 1288/1285/1286 1711/1701/1701 1712/1702/1702
f 1641/1634/1635 1713/1703/1703 1602/1596/1597
f 1641/1634/1635 1714/1704/1704 1713/1703/1703
f 1620/1632/1633 1287/1284/1285 1638/1705/1705
f 1614/1604/1605 1639/1627/1628 1699/1690/1691
f 1084/1078/1079 1459/1448/1449 1394/1388/1389
f 1615/1607/1608 1625/1616/1617 1715/1706/1706
f 1615/1607/1608 1715/1706/1706 1701/1707/1707
f 1405/1283/1284 1441/1433/1434 1322/1250/1251
f 1652/1708/1708 1653/1658/1659 1670/1709/1709
f 1650/1665/1666 1580/1572/1573 1521/1516/1517
f 1650/1665/1666 1481/1482/1483 1520/1515/1516
f 1716/1710/1710 1693/1681/1682 1685/1674/1675
f 1363/1353/1354 1717/1711/1711 1673/1662/1663
f 1363/1353/1354 1605/1599/1600 1717/1711/1711
f 1682/1672/1673 1687/1712/1712 1656/1645/1646
f 1399/1394/1395 1537/1488/1489 1720/1713/1713
f 1399/1394/1395 1720/1713/1713 1503/1498/1499
f 1514/1509/1510 1721/1714/1714 1722/1715/1715
f 1514/1509/1510 1722/1715/1715 1158/1194/1195
f 1158/1194/1195 1722/1715/1715 1501/1494/1495
f 1262/1174/1175 1725/1716/1716 1404/1399/1400
f 1688/1717/1717 1727/1718/1718 1335/1329/1330
f 1648/1639/1640 1729/1719/1719 1406/1403/1404
f 1437/1430/1431 1390/1383/1384 1730/1720/1720
f 1731/1721/1721 1732/1722/1722 1733/1723/1723
f 1731/1721/1721 1733/1723/1723 1465/1455/1456
f 1687/1712/1712 1670/1709/1709 1653/1658/1659
f 1687/1712/1712 1653/1658/1659 1656/1645/1646
f 1507/1502/1503 1522/1517/1518 1734/1724/1724
f 1507/1502/1503 1734/1724/1724 1698/1689/1690
f 1511/1506/1507 1398/1400/1401 1735/1725/1725
f 1485/1472/1473 1484/1471/1472 1736/1726/1726
f 1485/1472/1473 1736/1726/1726 1737/1727/1727
f 1738/1728/1728 1739/1729/1729 1740/1730/1730
f 1485/1472/1473 1741/1731/1731 1526/1521/1522
f 1547/1538/1539 1495/1486/1487 1548/1539/1540
f 1459/1448/1449 1465/1455/1456 1733/1723/1723
f 1742/1732/1732 1743/1733/1733 1744/1734/1734
f 1657/1646/1647 1656/1645/1646 1692/1680/1681
f 1746/1735/1735 1747/1736/1736 1935/1737/1737
f 1746/1735/1735 1935/1737/1737 1748/1738/1738
f 1668/1657/1658 1661/1650/1651 1653/1658/1659
f 1750/1739/1739 1751/1740/1740 1697/1688/1689
f 1750/1739/1739 1752/1741/1741 1751/1740/1740
f 1287/1284/1285 1724/1742/1742 1753/1743/1743
f 1330/1327/1328 1754/1744/1744 1640/1629/1630
f 1562/1551/1552 1556/1550/1551 1570/1563/1564
f 1757/1745/1745 1758/1746/1746 1759/1640/1641
f 1661/1650/1651 1660/1649/1650 1653/1658/1659
f 1761/1747/1747 1713/1703/1703 1714/1704/1704
f 1761/1747/1747 1714/1704/1704 1762/1748/1748
f 1287/1284/1285 1529/1524/1525 1724/1742/1742
f 1404/1399/1400 1725/1716/1716 1763/1749/1749
f 1287/1284/1285 1753/1743/1743 1638/1705/1705
f 1322/1250/1251 1764/1750/1750 1435/1428/1429
f 1692/1680/1681 1656/1645/1646 1693/1681/1682
f 1239/1238/1239 1478/1467/1468 1765/1751/1751
f 1697/1688/1689 1666/1655/1656 1550/1540/1541
f 1697/1688/1689 1751/1740/1740 1666/1655/1656
f 1283/1279/1280 1604/1598/1599 1563/1752/1752
f 1527/1522/1523 1695/1684/1685 1769/1753/1753
f 1649/1641/1642 1770/1754/1754 1513/1508/1509
f 1375/1367/1368 1602/1596/1597 1690/1685/1686
f 1483/1470/1471 1771/1755/1755 1537/1488/1489
f 1483/1470/1471 1571/1564/1565 1771/1755/1755
f 1398/1400/1401 1772/1756/1756 1735/1725/1725
f 1645/1636/1637 1702/1757/1757 1773/1758/1758
f 1645/1636/1637 1773/1758/1758 1624/1620/1621
f 1602/1596/1597 1713/1703/1703 1874/1759/1759
f 1602/1596/1597 1874/1759/1759 1690/1685/1686
f 1673/1662/1663 1717/1711/1711 1774/1760/1760
f 1579/1571/1572 1773/1758/1758 1702/1757/1757
f 1420/1465/1466 1694/1683/1684 1541/1535/1536
f 1775/1761/1761 1776/1762/1762 1777/1763/1763
f 1775/1761/1761 1778/1764/1764 1776/1762/1762
f 1766/1765/1765 1767/1766/1766 1779/1767/1767
f 1494/1485/1486 1531/1526/1527 1780/1768/1768
f 1494/1485/1486 1780/1768/1768 1495/1486/1487
f 1538/1556/1557 1343/1337/1338 1749/1769/1769
f 1616/1608/1609 1781/1770/1770 1833/1609/1610
f 1756/1771/1771 1498/1491/1492 1782/1772/1772
f 1756/1771/1771 1782/1772/1772 1755/1773/1773
f 1575/1567/1568 1525/1520/1521 1783/1774/1774
f 1669/1659/1660 1784/1775/1775 1486/1473/1474
f 1669/1659/1660 1785/1776/1776 1784/1775/1775
f 1685/1674/1675 1693/1681/1682 1660/1649/1650
f 1548/1539/1540 1495/1486/1487 1522/1517/1518
f 1576/1576/1577 1527/1522/1523 1788/1777/1777
f 1789/1778/1778 1790/1779/1779 1791/1780/1780
f 1014/1008/1009 1683/1676/1677 1792/1781/1781
f 1638/1705/1705 1753/1743/1743 1745/1782/1782
f 1398/1400/1401 1526/1521/1522 1793/1783/1783
f 1695/1684/1685 1335/1329/1330 1727/1718/1718
f 1794/1784/1784 1728/1785/1785 1795/1786/1786
f 1704/1694/1695 1706/1696/1697 1796/1787/1787
f 1797/1788/1788 1798/1789/1789 1799/1790/1790
f 1533/1528/1529 1801/1791/1791 1800/1792/1792
f 1345/1339/1340 1593/1586/1587 1273/1270/1271
f 1538/1556/1557 1802/1793/1793 1641/1634/1635
f 1538/1556/1557 1749/1769/1769 1802/1793/1793
f 1694/1683/1684 1803/1794/1794 1541/1535/1536
f 1756/1771/1771 1804/1795/1795 1498/1491/1492
f 1797/1788/1788 1799/1790/1790 1664/1653/1654
f 1761/1747/1747 1805/1796/1796 1713/1703/1703
f 1711/1701/1701 1807/1797/1797 1712/1702/1702
f 1526/1521/1522 1809/1798/1798 1793/1783/1783
f 1810/1799/1799 1740/1730/1730 1811/1800/1800
f 1712/1702/1702 1807/1797/1797 1812/1801/1801
f 1712/1702/1702 1812/1801/1801 1813/1802/1802
f 1518/1513/1514 1700/1691/1692 1814/1803/1803
f 1522/1517/1518 1495/1486/1487 1734/1724/1724
f 1406/1403/1404 1729/1719/1719 1806/1804/1804
f 1406/1403/1404 1806/1804/1804 1818/1805/1805
f 1406/1403/1404 1818/1805/1805 1407/1402/1403
f 1322/1250/1251 1441/1433/1434 1877/1806/1806
f 1574/1807/1807 1573/1808/1808 1819/1809/1809
f 1574/1807/1807 1819/1809/1809 1816/1810/1810
f 1593/1586/1587 1820/1811/1811 1273/1270/1271
f 1392/1385/1386 1821/1812/1812 1582/1574/1575
f 1823/1813/1813 1815/1814/1814 1816/1810/1810
f 1823/1813/1813 1743/1733/1733 1824/1815/1815
f 1823/1813/1813 1816/1810/1810 1743/1733/1733
f 1826/1816/1816 1827/1817/1817 1824/1815/1815
f 1826/1816/1816 1824/1815/1815 1743/1733/1733
f 1719/1818/1818 1828/1819/1819 1829/1820/1820
f 1713/1703/1703 1805/1796/1796 1817/1821/1821
f 1595/1589/1590 1629/1622/1623 1830/1822/1822
f 1594/1588/1589 1305/1303/1304 1831/1823/1823
f 1791/1780/1780 1790/1779/1779 1918/1824/1824
f 1791/1780/1780 1918/1824/1824 1832/1825/1825
f 1758/1746/1746 1868/1826/1826 1759/1640/1641
f 1617/1610/1611 1833/1609/1610 1834/1827/1827
f 1799/1790/1790 1798/1789/1789 1835/1828/1828
f 1656/1645/1646 1660/1649/1650 1693/1681/1682
f 1656/1645/1646 1653/1658/1659 1660/1649/1650
f 1747/1736/1736 1837/1829/1829 1838/1830/1830
f 1404/1399/1400 1763/1749/1749 1631/1401/1402
f 1768/1831/1831 1839/1832/1832 1840/1833/1833
f 1768/1831/1831 1840/1833/1833 1841/1834/1834
f 1565/1553/1554 1843/1835/1835 1844/1836/1836
f 1565/1553/1554 1845/1837/1837 1566/1554/1555
f 1565/1553/1554 1844/1836/1836 1845/1837/1837
f 1544/1536/1537 1847/1838/1838 1848/1839/1839
f 1628/1621/1622 1587/1580/1581 1849/1840/1840
f 1805/1796/1796 1842/1841/1841 1817/1821/1821
f 1544/1536/1537 1560/1546/1547 1847/1838/1838
f 1570/1563/1564 1846/1842/1842 1850/1843/1843
f 1570/1563/1564 1850/1843/1843 1571/1564/1565
f 1533/1528/1529 1800/1792/1792 1703/1693/1694
f 1851/1844/1844 1852/1845/1845 1853/1846/1846
f 1484/1471/1472 1854/1847/1847 1736/1726/1726
f 1755/1773/1773 1782/1772/1772 1856/1848/1848
f 1858/1849/1849 1859/1850/1850 1860/1851/1851
f 1858/1849/1849 1861/1852/1852 1859/1850/1850
f 1723/1562/1563 1863/1853/1853 1525/1520/1521
f 1639/1627/1628 1787/1854/1854 1699/1690/1691
f 1570/1563/1564 1556/1550/1551 1846/1842/1842
f 1556/1550/1551 1855/1855/1855 1846/1842/1842
f 1537/1488/1489 1771/1755/1755 1836/1856/1856
f 1603/1597/1598 1864/1857/1857 1606/1668/1669
f 1593/1586/1587 1676/1666/1667 1820/1811/1811
f 1622/1615/1616 1631/1401/1402 1865/1858/1858
f 1622/1615/1616 1865/1858/1858 1786/1859/1859
f 1534/1529/1530 1543/1531/1532 1857/1860/1860
f 1343/1337/1338 1696/1686/1687 1749/1769/1769
f 1633/1631/1632 1759/1640/1641 1868/1826/1826
f 1633/1631/1632 1868/1826/1826 1869/1861/1861
f 1679/1669/1670 1595/1589/1590 1870/1862/1862
f 1871/1863/1863 1872/1864/1864 1873/1865/1865
f 1713/1703/1703 1817/1821/1821 1874/1759/1759
f 1779/1767/1767 1767/1766/1766 1808/1866/1866
f 1569/1561/1562 1953/1867/1867 1723/1562/1563
f 1569/1561/1562 1875/1868/1868 1953/1867/1867
f 1876/1869/1869 1853/1846/1846 1739/1729/1729
f 1322/1250/1251 1877/1806/1806 1764/1750/1750
f 1751/1740/1740 1878/1870/1870 1666/1655/1656
f 1398/1400/1401 1793/1783/1783 1772/1756/1756
f 1641/1634/1635 1802/1793/1793 1760/1871/1871
f 1357/1348/1349 1879/1872/1872 1773/1758/1758
f 1563/1752/1752 1604/1598/1599 1880/1873/1873
f 1357/1348/1349 1773/1758/1758 1579/1571/1572
f 1514/1509/1510 1513/1508/1509 1721/1714/1714
f 1511/1506/1507 1735/1725/1725 1881/1874/1874
f 1882/1875/1875 1883/1876/1876 1884/1877/1877
f 1508/1503/1504 1698/1689/1690 1885/1878/1878
f 1329/1152/1153 1633/1631/1632 1886/1879/1879
f 1329/1152/1153 1886/1879/1879 1262/1174/1175
f 1728/1785/1785 1887/1880/1880 1795/1786/1786
f 1795/1786/1786 1887/1880/1880 1822/1881/1881
f 1842/1841/1841 1888/1882/1882 1817/1821/1821
f 1752/1741/1741 1891/1883/1883 1751/1740/1740
f 1513/1508/1509 1770/1754/1754 1721/1714/1714
f 1782/1772/1772 1498/1491/1492 1892/1884/1884
f 1560/1546/1547 1893/1885/1885 1847/1838/1838
f 1273/1270/1271 1895/1886/1886 1604/1598/1599
f 1899/1887/1887 1642/1633/1634 1900/1888/1888
f 1864/1857/1857 1903/1889/1889 1606/1668/1669
f 1890/1890/1890 1866/1891/1891 1904/1892/1892
f 1890/1890/1890 1904/1892/1892 1889/1893/1893
f 1718/1894/1894 1744/1734/1734 1828/1819/1819
f 1718/1894/1894 1828/1819/1819 1719/1818/1818
f 1902/1895/1895 1901/1896/1896 1908/1897/1897
f 1518/1513/1514 1814/1803/1803 1909/1898/1898
f 1910/1899/1899 1530/1525/1526 1911/1900/1900
f 1816/1810/1810 1744/1734/1734 1743/1733/1733
f 1914/1901/1901 1915/1902/1902 1906/1903/1903
f 1508/1503/1504 1885/1878/1878 1916/1904/1904
f 1541/1535/1536 1803/1794/1794 1917/1905/1905
f 1530/1525/1526 1540/1534/1535 1911/1900/1900
f 1862/1906/1906 1832/1825/1825 1918/1824/1824
f 1803/1794/1794 1921/1907/1907 1917/1905/1905
f 1922/1908/1908 1859/1850/1850 1905/1909/1909
f 1666/1655/1656 1923/1910/1910 1686/1675/1676
f 1728/1785/1785 1726/1911/1911 1904/1892/1892
f 1782/1772/1772 1892/1884/1884 1856/1848/1848
f 1849/1840/1840 1587/1580/1581 1925/1912/1912
f 1830/1822/1822 1926/1913/1913 1595/1589/1590
f 1901/1896/1896 1846/1842/1842 1908/1897/1897
f 1862/1906/1906 1918/1824/1824 1904/1892/1892
f 1862/1906/1906 1904/1892/1892 1866/1891/1891
f 1929/1914/1914 1930/1915/1915 1931/1916/1916
f 1929/1914/1914 1931/1916/1916 1932/1917/1917
f 1846/1842/1842 1855/1855/1855 1908/1897/1897
f 1905/1909/1909 1859/1850/1850 1844/1836/1836
f 1873/1865/1865 1872/1864/1864 1985/1918/1918
f 1873/1865/1865 1985/1918/1918 1933/1919/1919
f 1861/1852/1852 1845/1837/1837 1844/1836/1836
f 1861/1852/1852 1844/1836/1836 1859/1850/1850
f 1901/1896/1896 1850/1843/1843 1846/1842/1842
f 1910/1899/1899 1934/1920/1920 1530/1525/1526
f 1884/1877/1877 1883/1876/1876 1932/1917/1917
f 1884/1877/1877 1932/1917/1917 2038/1921/1921
f 1486/1473/1474 1784/1775/1775 1935/1737/1737
f 1486/1473/1474 1935/1737/1737 1838/1830/1830
f 1820/1811/1811 1676/1666/1667 1924/1922/1922
f 1888/1882/1882 1939/1923/1923 1817/1821/1821
f 1530/1525/1526 1941/1924/1924 1559/1545/1546
f 1903/1889/1889 1927/1925/1925 1606/1668/1669
f 1825/1926/1926 1777/1763/1763 1776/1762/1762
f 1897/1927/1927 1943/1928/1928 1898/1929/1929
f 1595/1589/1590 1926/1913/1913 1870/1862/1862
f 1889/1893/1893 1904/1892/1892 1726/1911/1911
f 1558/1565/1566 1942/1930/1930 1572/1566/1567
f 1442/1434/1435 1276/1273/1274 1944/1931/1931
f 1943/1928/1928 1884/1877/1877 1898/1929/1929
f 1633/1631/1632 1869/1861/1861 1945/1932/1932
f 1633/1631/1632 1945/1932/1932 1886/1879/1879
f 1771/1755/1755 1571/1564/1565 1946/1933/1933
f 1948/1934/1934 1949/1935/1935 1778/1764/1764
f 1262/1174/1175 1886/1879/1879 1725/1716/1716
f 1778/1764/1764 1949/1935/1935 2047/1936/1936
f 1778/1764/1764 2047/1936/1936 1776/1762/1762
f 1531/1526/1527 1703/1693/1694 1952/1937/1937
f 1531/1526/1527 1952/1937/1937 1780/1768/1768
f 1723/1562/1563 1953/1867/1867 1863/1853/1853
f 1382/1392/1393 1954/1938/1938 2083/1682/1683
f 1799/1790/1790 1955/1939/1939 1664/1653/1654
f 1518/1513/1514 1909/1898/1898 1467/1458/1459
f 1887/1880/1880 1728/1785/1785 1956/1940/1940
f 1887/1880/1880 1956/1940/1940 1957/1941/1941
f 1382/1392/1393 1467/1458/1459 1954/1938/1938
f 1947/1942/1942 1898/1929/1929 1852/1845/1845
f 1947/1942/1942 1852/1845/1845 1894/1943/1943
f 1820/1811/1811 1924/1922/1922 1273/1270/1271
f 1822/1881/1881 1887/1880/1880 1959/1944/1944
f 1925/1912/1912 1587/1580/1581 1872/1864/1864
f 1906/1903/1903 1960/1945/1945 1907/1946/1946
f 1906/1903/1903 1961/1947/1947 1960/1945/1945
f 1587/1580/1581 1686/1675/1676 1872/1864/1864
f 1276/1273/1274 1825/1926/1926 1944/1931/1931
f 1783/1774/1774 1525/1520/1521 1964/1948/1948
f 1767/1766/1766 1963/1949/1949 1808/1866/1866
f 1907/1946/1946 1960/1945/1945 1958/1950/1950
f 1811/1800/1800 1740/1730/1730 1965/1951/1951
f 1811/1800/1800 1965/1951/1951 1962/1952/1952
f 1966/1953/1953 1967/1954/1954 1968/1955/1955
f 1906/1903/1903 1915/1902/1902 1961/1947/1947
f 1609/1602/1603 1969/1956/1956 1642/1633/1634
f 1642/1633/1634 1969/1956/1956 1900/1888/1888
f 1606/1668/1669 1927/1925/1925 1970/1957/1957
f 1706/1696/1697 1705/1695/1696 1971/1958/1958
f 1838/1830/1830 1935/1737/1737 1747/1736/1736
f 1443/1435/1436 1442/1434/1435 1972/1959/1959
f 1606/1668/1669 1970/1957/1957 1630/1651/1652
f 1901/1896/1896 1975/1960/1960 1850/1843/1843
f 1853/1846/1846 1852/1845/1845 1976/1961/1961
f 1853/1846/1846 1976/1961/1961 1739/1729/1729
f 1630/1651/1652 1978/1962/1962 1696/1686/1687
f 1796/1787/1787 1706/1696/1697 1981/1963/1963
f 1770/1754/1754 1982/1964/1964 1721/1714/1714
f 1928/1965/1965 1717/1711/1711 1983/1966/1966
f 1686/1675/1676 1985/1918/1918 1872/1864/1864
f 1934/1920/1920 1910/1899/1899 1986/1967/1967
f 1893/1885/1885 1560/1546/1547 1987/1968/1968
f 1898/1929/1929 1884/1877/1877 1990/1969/1969
f 1717/1711/1711 1605/1599/1600 1983/1966/1966
f 1988/1970/1970 1624/1620/1621 2011/1971/1971
f 1934/1920/1920 1991/1972/1972 1530/1525/1526
f 1992/1973/1973 1441/1433/1434 1993/1974/1974
f 1610/1603/1604 1690/1685/1686 1609/1602/1603
f 1972/1959/1959 1442/1434/1435 1958/1950/1950
f 1972/1959/1959 1958/1950/1950 1960/1945/1945
f 1441/1433/1434 1992/1973/1973 1877/1806/1806
f 1609/1602/1603 1690/1685/1686 1969/1956/1956
f 1919/1975/1975 1994/1976/1976 1920/1977/1977
f 1816/1810/1810 1819/1809/1809 1744/1734/1734
f 1898/1929/1929 1990/1969/1969 1852/1845/1845
f 1624/1620/1621 1773/1758/1758 2011/1971/1971
f 1543/1531/1532 1541/1535/1536 1867/1978/1978
f 1705/1695/1696 1996/1979/1979 1971/1958/1958
f 1666/1655/1656 1878/1870/1870 1923/1910/1910
f 1560/1546/1547 1572/1566/1567 1998/1980/1980
f 1560/1546/1547 1998/1980/1980 1987/1968/1968
f 1630/1651/1652 1970/1957/1957 1978/1962/1962
f 1676/1666/1667 1977/1981/1981 1924/1922/1922
f 1525/1520/1521 1863/1853/1853 1964/1948/1948
f 1999/1982/1982 2000/1983/1983 1997/1984/1984
f 1932/1917/1917 2001/1985/1985 2038/1921/1921
f 1852/1845/1845 1990/1969/1969 1976/1961/1961
f 1968/1955/1955 2004/1986/1986 2005/1987/1987
f 1530/1525/1526 1991/1972/1972 1941/1924/1924
f 1725/1716/1716 1886/1879/1879 2006/1988/1988
f 1725/1716/1716 2006/1988/1988 1763/1749/1749
f 1676/1666/1667 2002/1989/1989 1977/1981/1981
f 1825/1926/1926 1776/1762/1762 1944/1931/1931
f 1721/1714/1714 2007/1990/1990 1722/1715/1715
f 1977/1981/1981 1980/1991/1991 1924/1922/1922
f 1949/1935/1935 2009/1992/1992 2047/1936/1936
f 1728/1785/1785 1973/1993/1993 1956/1940/1940
f 1728/1785/1785 1904/1892/1892 1973/1993/1993
f 1868/1826/1826 1951/1994/1994 1869/1861/1861
f 1677/1667/1668 2010/1995/1995 1676/1666/1667
f 1700/1691/1692 2013/1996/1996 1814/1803/1803
f 1541/1535/1536 1917/1905/1905 2015/1997/1997
f 2016/1998/1998 2017/1999/1999 1995/2000/2000
f 1467/1458/1459 1909/1898/1898 1954/1938/1938
f 1913/2001/2001 2008/2002/2002 2018/2003/2003
f 1927/1925/1925 1984/2004/2004 2019/2005/2005
f 1927/1925/1925 2019/2005/2005 1970/1957/1957
f 1942/1930/1930 2003/2006/2006 1572/1566/1567
f 1900/1888/1888 1969/1956/1956 1989/2007/2007
f 2011/1971/1971 2014/2008/2008 1988/1970/1970
f 1767/1766/1766 1768/1831/1831 1841/1834/1834
f 1767/1766/1766 1841/1834/1834 1963/1949/1949
f 2011/1971/1971 1773/1758/1758 2012/2009/2009
f 1808/1866/1866 1963/1949/1949 2024/2010/2010
f 1835/1828/1828 2025/2011/2011 1799/1790/1790
f 1924/1922/1922 1980/1991/1991 2026/2012/2012
f 1974/2013/2013 1979/2014/2014 1967/1954/1954
f 1896/2015/2015 1501/1494/1495 1940/2016/2016
f 2012/2009/2009 1773/1758/1758 2027/2017/2017
f 1706/1696/1697 1971/1958/1958 2028/2018/2018
f 1699/1690/1691 2029/2019/2019 2030/2020/2020
f 1930/1915/1915 2020/2021/2021 1931/1916/1916
f 2021/2022/2022 1690/1685/1686 1874/1759/1759
f 2021/2022/2022 1874/1759/1759 2023/2023/2023
f 1699/1690/1691 1787/1854/1854 2031/2024/2024
f 1699/1690/1691 2031/2024/2024 2029/2019/2019
f 1686/1675/1676 1923/1910/1910 1985/1918/1918
f 2022/2025/2025 2032/2026/2026 2021/2022/2022
f 1996/1979/1979 1997/1984/1984 1971/1958/1958
f 1802/1793/1793 2034/2027/2027 1760/1871/1871
f 1541/1535/1536 2015/1997/1997 2035/2028/2028
f 1721/1714/1714 2082/2029/2029 2007/1990/1990
f 1990/1969/1969 1884/1877/1877 2038/1921/1921
f 1976/1961/1961 2039/2030/2030 1739/1729/1729
f 1571/1564/1565 2041/2031/2031 2042/2032/2032
f 2043/2033/2033 2037/2034/2034 2036/2035/2035
f 2044/2036/2036 2045/2037/2037 2057/2038/2038
f 1498/1491/1492 2046/2039/2039 1892/1884/1884
f 1572/1566/1567 2003/2006/2006 2052/2040/2040
f 1850/1843/1843 2041/2031/2031 1571/1564/1565
f 1739/1729/1729 2039/2030/2030 1740/1730/1730
f 1541/1535/1536 2048/2041/2041 1867/1978/1978
f 1631/1401/1402 1763/1749/1749 1865/1858/1858
f 1874/1759/1759 2049/2042/2042 2023/2023/2023
f 1874/1759/1759 2040/2043/2043 2049/2042/2042
f 1863/1853/1853 2050/2044/2044 1964/1948/1948
f 2023/2023/2023 2049/2042/2042 2051/2045/2045
f 1442/1434/1435 1944/1931/1931 1958/1950/1950
f 1990/1969/1969 2038/1921/1921 1976/1961/1961
f 1572/1566/1567 2052/2040/2040 1998/1980/1980
f 1949/1935/1935 1995/2000/2000 2053/2046/2046
f 1949/1935/1935 2053/2046/2046 2009/1992/1992
f 1665/1654/1655 1664/1653/1654 2054/2047/2047
f 1938/2048/2048 2055/2049/2049 1643/2050/2050
f 1676/1666/1667 2056/2051/2051 2002/1989/1989
f 1932/1917/1917 1931/1916/1916 2001/1985/1985
f 2006/1988/1988 1886/1879/1879 2059/2052/2052
f 1664/1653/1654 1955/1939/1939 2054/2047/2047
f 1573/1808/1808 1643/2050/2050 1819/1809/1809
f 1952/1937/1937 2062/2053/2053 1780/1768/1768
f 2023/2023/2023 2051/2045/2045 2033/2054/2054
f 1953/1867/1867 2065/2055/2055 1863/1853/1853
f 1958/1950/1950 1944/1931/1931 2061/2056/2056
f 1740/1730/1730 2039/2030/2030 1965/1951/1951
f 1934/1920/1920 1986/1967/1967 2067/2057/2057
f 2063/2058/2058 2064/2059/2059 2068/2060/2060
f 1706/1696/1697 2057/2038/2038 1981/1963/1963
f 1706/1696/1697 2028/2018/2018 2058/2061/2061
f 1706/1696/1697 2058/2061/2061 2057/2038/2038
f 1970/1957/1957 2019/2005/2005 1978/1962/1962
f 2022/2025/2025 2071/2062/2062 2032/2026/2026
f 1817/1821/1821 1939/1923/1923 2073/2063/2063
f 1817/1821/1821 2073/2063/2063 1874/1759/1759
f 1690/1685/1686 2078/2064/2064 1969/1956/1956
f 2036/2035/2035 2037/2034/2034 2065/2055/2055
f 2045/2037/2037 2074/2065/2065 2057/2038/2038
f 2075/2066/2066 2102/2067/2067 2076/2068/2068
f 1991/1972/1972 2077/2069/2069 1941/1924/1924
f 2021/2022/2022 2032/2026/2026 2078/2064/2064
f 2021/2022/2022 2078/2064/2064 1690/1685/1686
f 1776/1762/1762 2047/1936/1936 1944/1931/1931
f 1495/1486/1487 1780/1768/1768 1734/1724/1724
f 2070/2070/2070 2080/2071/2071 1979/2014/2014
f 1273/1270/1271 2095/2072/2072 1895/1886/1886
f 1969/1956/1956 2078/2064/2064 1989/2007/2007
f 1850/1843/1843 1975/1960/1960 2041/2031/2031
f 1721/1714/1714 1982/1964/1964 2081/2073/2073
f 1721/1714/1714 2081/2073/2073 2082/2029/2029
f 1869/1861/1861 1951/1994/1994 2084/2074/2074
f 1940/2016/2016 1501/1494/1495 2086/2075/2075
f 2003/2006/2006 2087/2076/2076 2052/2040/2040
f 2040/2043/2043 1874/1759/1759 2088/2077/2077
f 1975/1960/1960 2085/2078/2078 2041/2031/2031
f 2065/2055/2055 2037/2034/2034 1863/1853/1853
f 2006/1988/1988 2089/2079/2079 1763/1749/1749
f 1541/1535/1536 2091/2080/2080 2048/2041/2041
f 2092/2081/2081 2094/2082/2082 2093/2083/2083
f 1924/1922/1922 2026/2012/2012 2095/2072/2072
f 1924/1922/1922 2095/2072/2072 1273/1270/1271
f 1923/1910/1910 1878/1870/1870 1933/1919/1919
f 1923/1910/1910 1933/1919/1919 1985/1918/1918
f 1722/1715/1715 2090/2084/2084 1501/1494/1495
f 1763/1749/1749 2089/2079/2079 1865/1858/1858
f 1874/1759/1759 2073/2063/2063 2088/2077/2077
f 2005/1987/1987 2100/2085/2085 2101/2086/2086
f 2066/2087/2087 2068/2060/2060 2102/2067/2067
f 1997/1984/1984 2103/2088/2088 1971/1958/1958
f 2098/2089/2089 2104/2090/2090 2000/1983/1983
f 2096/2091/2091 1989/2007/2007 2071/2062/2062
f 2105/2092/2092 2106/2093/2093 2107/2094/2094
f 2105/2092/2092 2107/2094/2094 2108/2095/2095
f 1955/1939/1939 1799/1790/1790 2072/2096/2096
f 1676/1666/1667 2010/1995/1995 2109/2097/2097
f 1885/1878/1878 1698/1689/1690 2110/2098/2098
f 1885/1878/1878 2110/2098/2098 2111/2099/2099
f 2017/1999/1999 2053/2046/2046 1995/2000/2000
f 1734/1724/1724 1780/1768/1768 1698/1689/1690
f 1722/1715/1715 2007/1990/1990 2090/2084/2084
f 2007/1990/1990 2112/2100/2100 2090/2084/2084
f 1989/2007/2007 2078/2064/2064 2071/2062/2062
f 1863/1853/1853 2037/2034/2034 2050/2044/2044
f 1968/1955/1955 1967/1954/1954 2115/2101/2101
f 1968/1955/1955 2115/2101/2101 2004/1986/1986
f 1918/1824/1824 2116/2102/2102 1904/1892/1892
f 1541/1535/1536 2117/2103/2103 2091/2080/2080
f 2068/2060/2060 2064/2059/2059 2102/2067/2067
f 2106/2093/2093 2118/2104/2104 2107/2094/2094
f 2010/1995/1995 2120/2105/2105 2109/2097/2097
f 2119/2106/2106 2076/2068/2068 2121/2107/2107
f 1963/1949/1949 2114/2108/2108 2024/2010/2010
f 1799/1790/1790 2025/2011/2011 2123/2109/2109
f 1541/1535/1536 2035/2028/2028 2117/2103/2103
f 1973/1993/1993 1904/1892/1892 2079/2110/2110
f 2035/2028/2028 2127/2111/2111 2117/2103/2103
f 2128/2112/2112 2124/2113/2113 2126/2114/2114
f 2128/2112/2112 2129/2115/2115 2124/2113/2113
f 2124/2113/2113 2129/2115/2115 2125/2116/2116
f 1953/1867/1867 1875/1868/1868 2130/2117/2117
f 1953/1867/1867 2130/2117/2117 2113/2118/2118
f 2058/2061/2061 2028/2018/2018 2131/2119/2119
f 1879/1872/1872 2133/2120/2120 2132/2121/2121
f 2078/2064/2064 2032/2026/2026 2071/2062/2062
f 2137/2122/2122 2138/2123/2123 2139/2124/2124
f 2135/2125/2125 2140/2126/2126 2141/2127/2127
f 2135/2125/2125 2141/2127/2127 2134/2128/2128
f 1498/1491/1492 2143/2129/2129 2046/2039/2039
f 2057/2038/2038 2074/2065/2065 1981/1963/1963
f 2139/2124/2124 2142/2130/2130 2144/2131/2131
f 1963/1949/1949 1841/1834/1834 2276/2132/2132
f 2144/2131/2131 2142/2130/2130 2145/2133/2133
f 1979/2014/2014 2080/2071/2071 1967/1954/1954
f 1967/1954/1954 2080/2071/2071 2148/2134/2134
f 1967/1954/1954 2148/2134/2134 2115/2101/2101
f 2041/2031/2031 2085/2078/2078 2150/2135/2135
f 2041/2031/2031 2150/2135/2135 2149/2136/2136
f 2082/2029/2029 2112/2100/2100 2007/1990/1990
f 1784/1775/1775 2151/2137/2137 2122/2138/2138
f 1676/1666/1667 2109/2097/2097 2056/2051/2051
f 2152/2139/2139 2153/2140/2140 2154/2141/2141
f 1935/1737/1737 1784/1775/1775 2156/2142/2142
f 1865/1858/1858 2089/2079/2079 2060/2143/2143
f 1879/1872/1872 2132/2121/2121 1773/1758/1758
f 2006/1988/1988 2059/2052/2052 2089/2079/2079
f 2157/2144/2144 2158/2145/2145 2159/2146/2146
f 2160/2147/2147 2121/2107/2107 2153/2140/2140
f 2056/2051/2051 2155/2148/2148 2002/1989/1989
f 2042/2032/2032 2041/2031/2031 2149/2136/2136
f 2042/2032/2032 2149/2136/2136 2161/2149/2149
f 2162/2150/2150 2163/2151/2151 2292/2152/2152
f 2162/2150/2150 2292/2152/2152 2164/2153/2153
f 2005/1987/1987 2004/1986/1986 2100/2085/2085
f 2020/2021/2021 2165/2154/2154 1931/1916/1916
f 2166/2155/2155 2159/2146/2146 2167/2156/2156
f 2118/2104/2104 2167/2156/2156 2107/2094/2094
f 1799/1790/1790 2168/2157/2157 2072/2096/2096
f 1997/1984/1984 2000/1983/1983 2103/2088/2088
f 2027/2017/2017 1773/1758/1758 2169/2158/2158
f 2027/2017/2017 2169/2158/2158 2069/2159/2159
f 1904/1892/1892 2170/2160/2160 2171/2161/2161
f 1904/1892/1892 2171/2161/2161 2079/2110/2110
f 1799/1790/1790 2123/2109/2109 2173/2162/2162
f 1799/1790/1790 2173/2162/2162 2172/2163/2163
f 2026/2012/2012 2099/2164/2164 2095/2072/2072
f 2069/2159/2159 2169/2158/2158 2174/2165/2165
f 2175/2166/2166 2176/2167/2167 2177/2168/2168
f 2178/2169/2169 2179/2170/2170 2180/2171/2171
f 2175/2166/2166 2181/2172/2172 2182/2173/2173
f 2175/2166/2166 2177/2168/2168 2183/2174/2174
f 2175/2166/2166 2183/2174/2174 2184/2175/2175
f 2175/2166/2166 2184/2175/2175 2181/2172/2172
f 2100/2085/2085 2004/1986/1986 2192/2176/2176
f 2180/2171/2171 2179/2170/2170 2185/2177/2177
f 2180/2171/2171 2185/2177/2177 2186/2178/2178
f 2128/2112/2112 2126/2114/2114 2187/2179/2179
f 2179/2170/2170 2188/2180/2180 2189/2181/2181
f 2179/2170/2170 2189/2181/2181 2185/2177/2177
f 2108/2095/2095 2107/2094/2094 2136/2182/2182
f 2020/2021/2021 2190/2183/2183 2165/2154/2154
f 2126/2114/2114 2124/2113/2113 2191/2184/2184
f 2100/2085/2085 2192/2176/2176 2193/2185/2185
f 2083/1682/1683 2194/2186/2186 1498/1491/1492
f 2064/2059/2059 2195/2187/2187 2102/2067/2067
f 2188/2180/2180 2196/2188/2188 2189/2181/2181
f 2197/2189/2189 2198/2190/2190 2199/2191/2191
f 2055/2049/2049 2200/2192/2192 1643/2050/2050
f 2126/2114/2114 2191/2184/2184 2187/2179/2179
f 2185/2177/2177 2201/2193/2193 2186/2178/2178
f 2177/2168/2168 2203/2194/2194 2202/2195/2195
f 2177/2168/2168 2202/2195/2195 2183/2174/2174
f 1784/1775/1775 2122/2138/2138 2156/2142/2142
f 1982/1964/1964 2204/2196/2196 2081/2073/2073
f 2093/2083/2083 2094/2082/2082 2205/2197/2197
f 1935/1737/1737 2156/2142/2142 2206/2198/2198
f 2198/2190/2190 2207/2199/2199 2199/2191/2191
f 1976/1961/1961 2038/1921/1921 2039/2030/2030
f 2159/2146/2146 2158/2145/2145 2167/2156/2156
f 2191/2184/2184 2124/2113/2113 2208/2200/2200
f 1744/1734/1734 1819/1809/1809 1828/1819/1819
f 1971/1958/1958 2209/2201/2201 2028/2018/2018
f 2191/2184/2184 2208/2200/2200 2210/2202/2202
f 1698/1689/1690 1780/1768/1768 2110/2098/2098
f 2141/2127/2127 2140/2126/2126 2213/2203/2203
f 2038/1921/1921 2001/1985/1985 2039/2030/2030
f 2131/2119/2119 2028/2018/2018 2215/2204/2204
f 2163/2151/2151 2216/2205/2205 2292/2152/2152
f 2134/2128/2128 2217/2206/2206 2218/2207/2207
f 2138/2123/2123 2219/2208/2208 2306/2209/2209
f 2138/2123/2123 2306/2209/2209 2139/2124/2124
f 2102/2067/2067 2195/2187/2187 2212/2210/2210
f 2138/2123/2123 2220/2211/2211 2219/2208/2208
f 1965/1951/1951 2039/2030/2030 2221/2212/2212
f 2190/2183/2183 2222/2213/2213 2165/2154/2154
f 1931/1916/1916 2223/2214/2214 2001/1985/1985
f 2141/2127/2127 2224/2215/2215 2225/2216/2216
f 2141/2127/2127 2225/2216/2216 2134/2128/2128
f 2185/2177/2177 2189/2181/2181 2226/2217/2217
f 2134/2128/2128 2225/2216/2216 2217/2206/2206
f 2076/2068/2068 2102/2067/2067 2227/2218/2218
f 2076/2068/2068 2227/2218/2218 2121/2107/2107
f 2135/2125/2125 2228/2219/2219 2140/2126/2126
f 2135/2125/2125 2218/2207/2207 2228/2219/2219
f 1501/1494/1495 2090/2084/2084 2086/2075/2075
f 2145/2133/2133 2142/2130/2130 2229/2220/2220
f 2231/2221/2221 2232/2222/2222 2183/2174/2174
f 1799/1790/1790 2172/2163/2163 2233/2223/2223
f 1799/1790/1790 2234/2224/2224 2168/2157/2157
f 1799/1790/1790 2233/2223/2223 2234/2224/2224
f 2135/2125/2125 2134/2128/2128 2218/2207/2207
f 2097/2225/2225 2236/2226/2226 2237/2227/2227
f 2097/2225/2225 2237/2227/2227 2098/2089/2089
f 2189/2181/2181 2196/2188/2188 2238/2228/2228
f 2165/2154/2154 2239/2229/2229 1931/1916/1916
f 2140/2126/2126 2241/2230/2230 2240/2231/2231
f 2140/2126/2126 2228/2219/2219 2241/2230/2230
f 2202/2195/2195 2203/2194/2194 2243/2232/2232
f 2197/2189/2189 2244/2233/2233 2198/2190/2190
f 2047/1936/1936 2009/1992/1992 1944/1931/1931
f 2141/2127/2127 2213/2203/2203 2224/2215/2215
f 1886/1879/1879 1945/1932/1932 2059/2052/2052
f 2183/2174/2174 2232/2222/2222 2184/2175/2175
f 2154/2141/2141 2153/2140/2140 2121/2107/2107
f 2028/2018/2018 2209/2201/2201 2215/2204/2204
f 2174/2165/2165 2169/2158/2158 2246/2234/2234
f 2231/2221/2221 2183/2174/2174 2212/2210/2210
f 1604/1598/1599 1895/1886/1886 2247/2235/2235
f 2133/2120/2120 2248/2236/2236 2132/2121/2121
f 1869/1861/1861 2084/2074/2074 1945/1932/1932
f 2139/2124/2124 2306/2209/2209 2142/2130/2130
f 2060/2143/2143 2089/2079/2079 2211/2237/2237
f 2081/2073/2073 2204/2196/2196 2082/2029/2029
f 2140/2126/2126 2240/2231/2231 2213/2203/2203
f 2249/2238/2238 2250/2239/2239 2251/2240/2240
f 1994/1976/1976 2252/2241/2241 1920/1977/1977
f 2253/2242/2242 2254/2243/2243 2255/2244/2244
f 2253/2242/2242 2255/2244/2244 2244/2233/2233
f 2231/2221/2221 2256/2245/2245 2232/2222/2222
f 2244/2233/2233 2255/2244/2244 2207/2199/2199
f 2093/2083/2083 2254/2243/2243 2214/2246/2246
f 2201/2193/2193 2185/2177/2177 2257/2247/2247
f 1498/1491/1492 2258/2248/2248 2143/2129/2129
f 1498/1491/1492 2194/2186/2186 2258/2248/2248
f 2122/2138/2138 2151/2137/2137 2259/2249/2249
f 2107/2094/2094 2167/2156/2156 2245/2250/2250
f 2130/2117/2117 2260/2251/2251 2113/2118/2118
f 2127/2111/2111 2262/2252/2252 2117/2103/2103
f 2211/2237/2237 2089/2079/2079 2263/2253/2253
f 2161/2149/2149 2149/2136/2136 2264/2254/2254
f 2204/2196/2196 2265/2255/2255 2082/2029/2029
f 2168/2157/2157 2234/2224/2224 2266/2256/2256
f 1829/1820/1820 1828/1819/1819 2267/2257/2257
f 1839/1832/1832 2268/2258/2258 1840/1833/1833
f 1839/1832/1832 2269/2259/2259 2268/2258/2258
f 1773/1758/1758 2132/2121/2121 2169/2158/2158
f 2183/2174/2174 2202/2195/2195 2270/2260/2260
f 2189/2181/2181 2287/2261/2261 2226/2217/2217
f 1931/1916/1916 2239/2229/2229 2223/2214/2214
f 2170/2160/2160 2272/2262/2262 2171/2161/2161
f 1780/1768/1768 2062/2053/2053 2271/2263/2263
f 2000/1983/1983 2104/2090/2090 2103/2088/2088
f 2117/2103/2103 2262/2252/2252 2261/2264/2264
f 2086/2075/2075 2090/2084/2084 2273/2265/2265
f 2185/2177/2177 2274/2266/2266 2257/2247/2247
f 2195/2187/2187 2256/2245/2245 2212/2210/2210
f 2093/2083/2083 2205/2197/2197 2277/2267/2267
f 2093/2083/2083 2277/2267/2267 2254/2243/2243
f 2102/2067/2067 2212/2210/2210 2227/2218/2218
f 2098/2089/2089 2237/2227/2227 2104/2090/2090
f 2202/2195/2195 2243/2232/2232 2270/2260/2260
f 2124/2113/2113 2125/2116/2116 2208/2200/2200
f 2165/2154/2154 2278/2268/2268 2239/2229/2229
f 2198/2190/2190 2244/2233/2233 2207/2199/2199
f 2046/2039/2039 2143/2129/2129 2280/2269/2269
f 2099/2164/2164 2279/2270/2270 2095/2072/2072
f 2112/2100/2100 2281/2271/2271 2090/2084/2084
f 2080/2071/2071 2115/2101/2101 2148/2134/2134
f 2089/2079/2079 2282/2272/2272 2263/2253/2253
f 2122/2138/2138 2259/2249/2249 2156/2142/2142
f 2089/2079/2079 2283/2273/2273 2282/2272/2272
f 2189/2181/2181 2238/2228/2228 2287/2261/2261
f 2206/2198/2198 2156/2142/2142 2288/2274/2274
f 2289/2275/2275 2290/2276/2276 2291/2277/2277
f 2216/2205/2205 2276/2132/2132 2292/2152/2152
f 2265/2255/2255 2293/2278/2278 2082/2029/2029
f 2183/2174/2174 2294/2279/2279 2212/2210/2210
f 2192/2176/2176 2004/1986/1986 2295/2280/2280
f 2259/2249/2249 2288/2274/2274 2156/2142/2142
f 2264/2254/2254 2149/2136/2136 2290/2276/2276
f 2231/2221/2221 2212/2210/2210 2256/2245/2245
f 2107/2094/2094 2296/2281/2281 2136/2182/2182
f 2107/2094/2094 2245/2250/2250 2296/2281/2281
f 2089/2079/2079 2059/2052/2052 2283/2273/2273
f 2293/2278/2278 2298/2282/2282 2082/2029/2029
f 2290/2276/2276 2149/2136/2136 2291/2277/2277
f 2199/2191/2191 2207/2199/2199 2299/2283/2283
f 2039/2030/2030 2300/2284/2284 2221/2212/2212
f 2059/2052/2052 1945/1932/1932 2301/2285/2285
f 2125/2116/2116 2235/2286/2286 2302/2287/2287
f 2059/2052/2052 2301/2285/2285 2336/2288/2288
f 2059/2052/2052 2336/2288/2288 2283/2273/2273
f 2172/2163/2163 2173/2162/2162 2303/2289/2289
f 2298/2282/2282 2305/2290/2290 2082/2029/2029
f 2167/2156/2156 2158/2145/2145 2245/2250/2250
f 2216/2205/2205 2275/2291/2291 2276/2132/2132
f 2112/2100/2100 2082/2029/2029 2281/2271/2271
f 2291/2277/2277 2149/2136/2136 2150/2135/2135
f 2292/2152/2152 2276/2132/2132 1841/1834/1834
f 2229/2220/2220 2142/2130/2130 2306/2209/2209
f 2229/2220/2220 2306/2209/2209 2307/2292/2292
f 2229/2220/2220 2307/2292/2292 2308/2293/2293
f 2001/1985/1985 2300/2284/2284 2039/2030/2030
f 2147/2294/2294 2146/2295/2295 2309/2296/2296
f 2147/2294/2294 2309/2296/2296 2094/2082/2082
f 2236/2226/2226 2310/2297/2297 2237/2227/2227
f 1780/1768/1768 2271/2263/2263 2110/2098/2098
f 2192/2176/2176 2295/2280/2280 2311/2298/2298
f 2254/2243/2243 2277/2267/2267 2312/2299/2299
f 2254/2243/2243 2312/2299/2299 2255/2244/2244
f 2240/2231/2231 2241/2230/2230 2313/2300/2300
f 2306/2209/2209 2219/2208/2208 2314/2301/2301
f 2306/2209/2209 2314/2301/2301 2315/2302/2302
f 2270/2260/2260 2294/2279/2279 2183/2174/2174
f 1971/1958/1958 2103/2088/2088 2209/2201/2201
f 2219/2208/2208 2316/2303/2303 2314/2301/2301
f 2208/2200/2200 2125/2116/2116 2318/2304/2304
f 2172/2163/2163 2320/2305/2305 2233/2223/2223
f 2154/2141/2141 2121/2107/2107 2321/2306/2306
f 2297/2307/2307 2322/2308/2308 2284/2309/2309
f 2305/2290/2290 2323/2310/2310 2082/2029/2029
f 2287/2261/2261 2238/2228/2228 2324/2311/2311
f 1840/1833/1833 2268/2258/2258 1841/1834/1834
f 2080/2071/2071 2242/2312/2312 2325/2313/2313
f 2276/2132/2132 2275/2291/2291 2304/2314/2314
f 2246/2234/2234 2169/2158/2158 2326/2315/2315
f 2083/1682/1683 2327/2316/2316 2194/2186/2186
f 2210/2202/2202 2208/2200/2200 2317/2317/2317
f 2114/2108/2108 2230/2318/2318 2328/2319/2319
f 2114/2108/2108 2328/2319/2319 2329/2320/2320
f 2001/1985/1985 2286/2321/2321 2300/2284/2284
f 2330/2322/2322 2053/2046/2046 2331/2323/2323
f 2330/2322/2322 2061/2056/2056 2053/2046/2046
f 2273/2265/2265 2090/2084/2084 2332/2324/2324
f 2304/2314/2314 2230/2318/2318 2276/2132/2132
f 2225/2216/2216 2334/2325/2325 2217/2206/2206
f 2061/2056/2056 2009/1992/1992 2053/2046/2046
f 2302/2287/2287 2337/2326/2326 2125/2116/2116
f 2001/1985/1985 2223/2214/2214 2286/2321/2321
f 2234/2224/2224 2233/2223/2223 2333/2327/2327
f 2212/2210/2210 2294/2279/2279 2227/2218/2218
f 1841/1834/1834 2268/2258/2258 2292/2152/2152
f 2185/2177/2177 2226/2217/2217 2370/2328/2328
f 2185/2177/2177 2370/2328/2328 2339/2329/2329
f 2185/2177/2177 2339/2329/2329 2274/2266/2266
f 2248/2236/2236 2340/2330/2330 2132/2121/2121
f 2248/2236/2236 2341/2331/2331 2340/2330/2330
f 2275/2291/2291 2342/2332/2332 2304/2314/2314
f 2239/2229/2229 2343/2333/2333 2223/2214/2214
f 2009/1992/1992 2061/2056/2056 1944/1931/1931
f 2270/2260/2260 2243/2232/2232 2344/2334/2334
f 2345/2335/2335 2346/2336/2336 2347/2337/2337
f 2082/2029/2029 2323/2310/2310 2281/2271/2271
f 2221/2212/2212 2300/2284/2284 2351/2338/2338
f 2349/2339/2339 2352/2340/2340 2350/2341/2341
f 2349/2339/2339 2353/2342/2342 2352/2340/2340
f 2349/2339/2339 2354/2343/2343 2355/2344/2344
f 2349/2339/2339 2355/2344/2344 2353/2342/2342
f 2132/2121/2121 2340/2330/2330 2169/2158/2158
f 2084/2074/2074 2358/2345/2345 1945/1932/1932
f 2360/2346/2346 2361/2347/2347 2362/2348/2348
f 2360/2346/2346 2362/2348/2348 2322/2308/2308
f 2319/2349/2349 2364/2350/2350 2158/2145/2145
f 2336/2288/2288 2365/2351/2351 2283/2273/2273
f 2245/2250/2250 2158/2145/2145 2364/2350/2350
f 2121/2107/2107 2227/2218/2218 2487/2352/2352
f 2217/2206/2206 2334/2325/2325 2367/2353/2353
f 2217/2206/2206 2367/2353/2353 2218/2207/2207
f 2346/2336/2336 2368/2354/2354 2347/2337/2337
f 2125/2116/2116 2337/2326/2326 2318/2304/2304
f 2301/2285/2285 1945/1932/1932 2338/2355/2355
f 2301/2285/2285 2338/2355/2355 2369/2356/2356
f 2287/2261/2261 2370/2328/2328 2226/2217/2217
f 2277/2267/2267 2205/2197/2197 2371/2357/2357
f 2277/2267/2267 2371/2357/2357 2372/2358/2358
f 2270/2260/2260 2344/2334/2334 2294/2279/2279
f 2245/2250/2250 2364/2350/2350 2296/2281/2281
f 2277/2267/2267 2372/2358/2358 2312/2299/2299
f 2004/1986/1986 2115/2101/2101 2734/2359/2359
f 2004/1986/1986 2734/2359/2359 2373/2360/2360
f 2303/2289/2289 2173/2162/2162 2374/2361/2361
f 1945/1932/1932 2375/2362/2362 2338/2355/2355
f 1945/1932/1932 2358/2345/2345 2375/2362/2362
f 2227/2218/2218 2294/2279/2279 2376/2363/2363
f 2208/2200/2200 2318/2304/2304 2317/2317/2317
f 2322/2308/2308 2377/2364/2364 2284/2309/2309
f 2378/2365/2365 2379/2366/2366 2380/2367/2367
f 2004/1986/1986 2373/2360/2360 2295/2280/2280
f 1912/2368/2368 1834/1827/1827 1913/2001/2001
f 2090/2084/2084 2281/2271/2271 2381/2369/2369
f 2376/2363/2363 2294/2279/2279 2425/2370/2370
f 2205/2197/2197 2094/2082/2082 2309/2296/2296
f 2205/2197/2197 2309/2296/2296 2382/2371/2371
f 2384/2372/2372 2385/2373/2373 2386/2374/2374
f 2281/2271/2271 2366/2375/2375 2381/2369/2369
f 2302/2287/2287 2356/2376/2376 2337/2326/2326
f 2301/2285/2285 2369/2356/2356 2336/2288/2288
f 2356/2376/2376 2335/2377/2377 2337/2326/2326
f 2387/2378/2378 2384/2372/2372 2386/2374/2374
f 2387/2378/2378 2386/2374/2374 2379/2366/2366
f 2348/2379/2379 2388/2380/2380 2243/2232/2232
f 2274/2266/2266 2339/2329/2329 2389/2381/2381
f 2218/2207/2207 2367/2353/2353 2228/2219/2219
f 2215/2204/2204 2209/2201/2201 2391/2382/2382
f 2194/2186/2186 2327/2316/2316 2392/2383/2383
f 2393/2384/2384 2394/2385/2385 2386/2374/2374
f 2194/2186/2186 2395/2386/2386 2258/2248/2248
f 2136/2182/2182 2396/2387/2387 2357/2388/2388
f 2294/2279/2279 2344/2334/2334 2397/2389/2389
f 2281/2271/2271 2323/2310/2310 2366/2375/2375
f 2136/2182/2182 2296/2281/2281 2396/2387/2387
f 2345/2335/2335 2347/2337/2337 2398/2390/2390
f 2343/2333/2333 2399/2391/2391 2223/2214/2214
f 2345/2335/2335 2398/2390/2390 2400/2392/2392
f 2312/2299/2299 2372/2358/2358 2255/2244/2244
f 2311/2298/2298 2295/2280/2280 2401/2393/2393
f 2207/2199/2199 2255/2244/2244 2435/2394/2394
f 2080/2071/2071 2325/2313/2313 2115/2101/2101
f 2284/2309/2309 2377/2364/2364 2285/2395/2395
f 2172/2163/2163 2303/2289/2289 2320/2305/2305
f 2121/2107/2107 2487/2352/2352 2321/2306/2306
f 2372/2358/2358 2402/2396/2396 2255/2244/2244
f 2169/2158/2158 2340/2330/2330 2404/2397/2397
f 2340/2330/2330 2403/2398/2398 2404/2397/2397
f 2407/2399/2399 2408/2400/2400 2394/2385/2385
f 2407/2399/2399 2409/2401/2401 2408/2400/2400
f 2169/2158/2158 2404/2397/2397 2326/2315/2315
f 2410/2402/2402 2411/2403/2403 2412/2404/2404
f 2340/2330/2330 2413/2405/2405 2403/2398/2398
f 2410/2402/2402 2412/2404/2404 2414/2406/2406
f 2317/2317/2317 2415/2407/2407 2416/2408/2408
f 2209/2201/2201 2418/2409/2409 2391/2382/2382
f 2209/2201/2201 2417/2410/2410 2418/2409/2409
f 2372/2358/2358 2390/2411/2411 2402/2396/2396
f 2294/2279/2279 2397/2389/2389 2425/2370/2370
f 2336/2288/2288 2419/2412/2412 2365/2351/2351
f 2372/2358/2358 2371/2357/2357 2390/2411/2411
f 2310/2297/2297 2420/2413/2413 2237/2227/2227
f 2305/2290/2290 2421/2414/2414 2323/2310/2310
f 2376/2363/2363 2422/2415/2415 2227/2218/2218
f 2336/2288/2288 2405/2416/2416 2419/2412/2412
f 2368/2354/2354 2443/2417/2417 2347/2337/2337
f 2364/2350/2350 2424/2418/2418 2396/2387/2387
f 2364/2350/2350 2396/2387/2387 2296/2281/2281
f 2164/2153/2153 2292/2152/2152 2426/2419/2419
f 2309/2296/2296 2428/2420/2420 2427/2421/2421
f 2379/2366/2366 2386/2374/2374 2380/2367/2367
f 2090/2084/2084 2381/2369/2369 2332/2324/2324
f 2303/2289/2289 2374/2361/2361 2430/2422/2422
f 2299/2283/2283 2207/2199/2199 2431/2423/2423
f 2223/2214/2214 2434/2424/2424 2286/2321/2321
f 2207/2199/2199 2435/2394/2394 2431/2423/2423
f 2378/2365/2365 2380/2367/2367 2411/2403/2403
f 2104/2090/2090 2237/2227/2227 2429/2425/2425
f 2299/2283/2283 2431/2423/2423 2437/2426/2426
f 2233/2223/2223 2320/2305/2305 2432/2427/2427
f 2359/2428/2428 2285/2395/2395 2438/2429/2429
f 2359/2428/2428 2439/2430/2430 2440/2431/2431
f 2359/2428/2428 2438/2429/2429 2439/2430/2430
f 2363/2432/2432 2273/2265/2265 2441/2433/2433
f 2364/2350/2350 2442/2434/2434 2424/2418/2418
f 2347/2337/2337 2443/2417/2417 2398/2390/2390
f 2394/2385/2385 2408/2400/2400 2386/2374/2374
f 2238/2228/2228 2444/2435/2435 2324/2311/2311
f 2209/2201/2201 2103/2088/2088 2445/2436/2436
f 2227/2218/2218 2446/2437/2437 2487/2352/2352
f 2326/2315/2315 2404/2397/2397 2447/2438/2438
f 2326/2315/2315 2447/2438/2438 2406/2439/2439
f 2336/2288/2288 2369/2356/2356 2405/2416/2416
f 2404/2397/2397 2403/2398/2398 2448/2440/2440
f 2404/2397/2397 2448/2440/2440 2449/2441/2441
f 2374/2361/2361 2383/2442/2442 2450/2443/2443
f 2404/2397/2397 2454/2444/2444 2447/2438/2438
f 2209/2201/2201 2445/2436/2436 2417/2410/2410
f 2287/2261/2261 2436/2445/2445 2370/2328/2328
f 2420/2413/2413 2451/2446/2446 2237/2227/2227
f 2420/2413/2413 2452/2447/2447 2451/2446/2446
f 2435/2394/2394 2255/2244/2244 2402/2396/2396
f 2386/2374/2374 2408/2400/2400 2380/2367/2367
f 2374/2361/2361 2450/2443/2443 2430/2422/2422
f 2342/2332/2332 2230/2318/2318 2304/2314/2314
f 2342/2332/2332 2433/2448/2448 2230/2318/2318
f 2397/2389/2389 2463/2449/2449 2425/2370/2370
f 2366/2375/2375 2468/2450/2450 2381/2369/2369
f 2417/2410/2410 2445/2436/2436 2455/2451/2451
f 2337/2326/2326 2499/2452/2452 2318/2304/2304
f 2286/2321/2321 2434/2424/2424 2300/2284/2284
f 2323/2310/2310 2456/2453/2453 2366/2375/2375
f 1913/2001/2001 2457/2454/2454 2008/2002/2002
f 1913/2001/2001 1834/1827/1827 2457/2454/2454
f 2104/2090/2090 2429/2425/2425 2103/2088/2088
f 2404/2397/2397 2449/2441/2441 2459/2455/2455
f 2404/2397/2397 2459/2455/2455 2454/2444/2444
f 2418/2409/2409 2417/2410/2410 2460/2456/2456
f 2418/2409/2409 2461/2457/2457 2453/2458/2458
f 2418/2409/2409 2460/2456/2456 2461/2457/2457
f 2243/2232/2232 2388/2380/2380 2462/2459/2459
f 2243/2232/2232 2462/2459/2459 2463/2449/2449
f 2243/2232/2232 2463/2449/2449 2344/2334/2334
f 2328/2319/2319 2230/2318/2318 2464/2460/2460
f 2397/2389/2389 2344/2334/2334 2463/2449/2449
f 2309/2296/2296 2427/2421/2421 2382/2371/2371
f 2440/2431/2431 2439/2430/2430 2467/2461/2461
f 2357/2388/2388 2396/2387/2387 2595/2462/2462
f 2300/2284/2284 2504/2463/2463 2351/2338/2338
f 2389/2381/2381 2339/2329/2329 2469/2464/2464
f 2425/2370/2370 2470/2465/2465 2376/2363/2363
f 2390/2411/2411 2471/2466/2466 2402/2396/2396
f 2376/2363/2363 2470/2465/2465 2422/2415/2415
f 2287/2261/2261 2324/2311/2311 2436/2445/2445
f 2409/2401/2401 2472/2467/2467 2408/2400/2400
f 2402/2396/2396 2471/2466/2466 2473/2468/2468
f 2361/2347/2347 2423/2469/2469 2476/2470/2470
f 2361/2347/2347 2476/2470/2470 2362/2348/2348
f 2285/2395/2395 2377/2364/2364 2438/2429/2429
f 2402/2396/2396 2473/2468/2468 2435/2394/2394
f 2465/2471/2471 2477/2472/2472 2423/2469/2469
f 2465/2471/2471 2466/2473/2473 2477/2472/2472
f 2383/2442/2442 2478/2474/2474 2450/2443/2443
f 2323/2310/2310 2421/2414/2414 2479/2475/2475
f 2403/2398/2398 2458/2476/2476 2448/2440/2440
f 2250/2239/2239 2481/2477/2477 2251/2240/2240
f 2423/2469/2469 2477/2472/2472 2476/2470/2470
f 2273/2265/2265 2332/2324/2324 2441/2433/2433
f 2370/2328/2328 2484/2478/2478 2339/2329/2329
f 2321/2306/2306 2487/2352/2352 2488/2479/2479
f 2317/2317/2317 2318/2304/2304 2415/2407/2407
f 2370/2328/2328 2436/2445/2445 2480/2480/2480
f 2388/2380/2380 2475/2481/2481 2490/2482/2482
f 2300/2284/2284 2434/2424/2424 2492/2483/2483
f 2115/2101/2101 2325/2313/2313 2493/2484/2484
f 2368/2354/2354 2494/2485/2485 2443/2417/2417
f 2482/2486/2486 2495/2487/2487 2496/2488/2488
f 2482/2486/2486 2496/2488/2488 2486/2489/2489
f 2205/2197/2197 2382/2371/2371 2371/2357/2357
f 2314/2301/2301 2497/2490/2490 2315/2302/2302
f 2416/2408/2408 2415/2407/2407 2498/2491/2491
f 2335/2377/2377 2474/2492/2492 2499/2452/2452
f 2335/2377/2377 2499/2452/2452 2337/2326/2326
f 2436/2445/2445 2324/2311/2311 2501/2493/2493
f 1920/1977/1977 2252/2241/2241 2502/2494/2494
f 1920/1977/1977 2503/2495/2495 1936/2496/2496
f 2323/2310/2310 2614/2497/2497 2456/2453/2453
f 2338/2355/2355 2375/2362/2362 2485/2498/2498
f 2482/2486/2486 2486/2489/2489 2483/2499/2499
f 2435/2394/2394 2473/2468/2468 2431/2423/2423
f 2251/2240/2240 2481/2477/2477 2506/2500/2500
f 2237/2227/2227 2507/2501/2501 2429/2425/2425
f 2323/2310/2310 2479/2475/2475 2614/2497/2497
f 1936/2496/2496 2503/2495/2495 1937/2502/2502
f 2508/2503/2503 2509/2504/2504 2510/2505/2505
f 2442/2434/2434 2511/2506/2506 2424/2418/2418
f 2008/2002/2002 2457/2454/2454 2513/2507/2507
f 2366/2375/2375 2456/2453/2453 2468/2450/2450
f 2237/2227/2227 2451/2446/2446 2507/2501/2501
f 2223/2214/2214 2515/2508/2508 2434/2424/2424
f 2516/2509/2509 2400/2392/2392 2517/2510/2510
f 2338/2355/2355 2485/2498/2498 2518/2511/2511
f 2338/2355/2355 2518/2511/2511 2369/2356/2356
f 2504/2463/2463 2520/2512/2512 2351/2338/2338
f 2451/2446/2446 2660/2513/2513 2507/2501/2501
f 2429/2425/2425 2445/2436/2436 2103/2088/2088
f 2354/2343/2343 2523/2514/2514 2355/2344/2344
f 2451/2446/2446 2489/2515/2515 2524/2516/2516
f 2431/2423/2423 2473/2468/2468 2525/2517/2517
f 2495/2487/2487 2522/2518/2518 2468/2450/2450
f 2425/2370/2370 2463/2449/2449 2505/2519/2519
f 2527/2520/2520 2528/2521/2521 2529/2522/2522
f 2530/2523/2523 2531/2524/2524 2532/2525/2525
f 2414/2406/2406 2412/2404/2404 2533/2526/2526
f 2530/2523/2523 2534/2527/2527 2531/2524/2524
f 2463/2449/2449 2581/2528/2528 2505/2519/2519
f 2303/2289/2289 2568/2529/2529 2536/2530/2530
f 2303/2289/2289 2536/2530/2530 2320/2305/2305
f 2472/2467/2467 2535/2531/2531 2537/2532/2532
f 2472/2467/2467 2538/2533/2533 2408/2400/2400
f 2472/2467/2467 2537/2532/2532 2538/2533/2533
f 2434/2424/2424 2539/2534/2534 2492/2483/2483
f 2451/2446/2446 2524/2516/2516 2660/2513/2513
f 2480/2480/2480 2436/2445/2445 2540/2535/2535
f 2388/2380/2380 2490/2482/2482 2462/2459/2459
f 2489/2515/2515 2541/2536/2536 2524/2516/2516
f 2408/2400/2400 2519/2537/2537 2380/2367/2367
f 2413/2405/2405 2542/2538/2538 2403/2398/2398
f 2381/2369/2369 2468/2450/2450 2332/2324/2324
f 2480/2480/2480 2540/2535/2535 2545/2539/2539
f 2480/2480/2480 2484/2478/2478 2370/2328/2328
f 2425/2370/2370 2500/2540/2540 2470/2465/2465
f 2417/2410/2410 2526/2541/2541 2460/2456/2456
f 2373/2360/2360 2734/2359/2359 2549/2542/2542
f 2373/2360/2360 2521/2543/2543 2548/2544/2544
f 2373/2360/2360 2548/2544/2544 2295/2280/2280
f 2380/2367/2367 2519/2537/2537 2546/2545/2545
f 2436/2445/2445 2501/2493/2493 2552/2546/2546
f 2468/2450/2450 2456/2453/2453 2495/2487/2487
f 2543/2547/2547 2532/2525/2525 2554/2548/2548
f 2436/2445/2445 2552/2546/2546 2540/2535/2535
f 2468/2450/2450 2522/2518/2518 2332/2324/2324
f 2433/2448/2448 2553/2549/2549 2230/2318/2318
f 2425/2370/2370 2505/2519/2519 2500/2540/2540
f 2396/2387/2387 2629/2550/2550 2595/2462/2462
f 2504/2463/2463 2492/2483/2483 2556/2551/2551
f 2471/2466/2466 2559/2552/2552 2473/2468/2468
f 2562/2553/2553 2517/2510/2510 2561/2554/2554
f 2461/2457/2457 2460/2456/2456 2563/2555/2555
f 2461/2457/2457 2563/2555/2555 2551/2556/2556
f 2339/2329/2329 2565/2557/2557 2469/2464/2464
f 2200/2192/2192 2566/2558/2558 1643/2050/2050
f 2475/2481/2481 2567/2559/2559 2490/2482/2482
f 2115/2101/2101 2493/2484/2484 2734/2359/2359
f 2430/2422/2422 2450/2443/2443 2568/2529/2529
f 2522/2518/2518 2569/2560/2560 2332/2324/2324
f 2495/2487/2487 2456/2453/2453 2496/2488/2488
f 2431/2423/2423 2573/2561/2561 2437/2426/2426
f 2522/2518/2518 2577/2562/2562 2569/2560/2560
f 2295/2280/2280 2548/2544/2544 2578/2563/2563
f 2295/2280/2280 2579/2564/2564 2401/2393/2393
f 2295/2280/2280 2578/2563/2563 2579/2564/2564
f 2380/2367/2367 2546/2545/2545 2411/2403/2403
f 2523/2514/2514 2557/2565/2565 2355/2344/2344
f 2390/2411/2411 2371/2357/2357 2491/2566/2566
f 2427/2421/2421 2580/2567/2567 2382/2371/2371
f 2400/2392/2392 2398/2390/2390 2517/2510/2510
f 2463/2449/2449 2462/2459/2459 2581/2528/2528
f 2411/2403/2403 2546/2545/2545 2412/2404/2404
f 2437/2426/2426 2573/2561/2561 2582/2568/2568
f 2444/2435/2435 2583/2569/2569 2324/2311/2311
f 2429/2425/2425 2507/2501/2501 2445/2436/2436
f 2540/2535/2535 2552/2546/2546 2584/2570/2570
f 2540/2535/2535 2584/2570/2570 2585/2571/2571
f 2417/2410/2410 2455/2451/2451 2526/2541/2541
f 2476/2470/2470 2588/2572/2572 2362/2348/2348
f 2303/2289/2289 2430/2422/2422 2568/2529/2529
f 2431/2423/2423 2525/2517/2517 2573/2561/2561
f 2499/2452/2452 2590/2573/2573 2318/2304/2304
f 2541/2536/2536 2572/2574/2574 2591/2575/2575
f 2541/2536/2536 2591/2575/2575 2524/2516/2516
f 2480/2480/2480 2545/2539/2539 2592/2576/2576
f 2485/2498/2498 2574/2577/2577 2518/2511/2511
f 2322/2308/2308 2362/2348/2348 2377/2364/2364
f 2450/2443/2443 2478/2474/2474 2593/2578/2578
f 2479/2475/2475 2594/2579/2579 2614/2497/2497
f 2390/2411/2411 2491/2566/2566 2596/2580/2580
f 2450/2443/2443 2593/2578/2578 2568/2529/2529
f 2550/2581/2581 2555/2582/2582 2597/2583/2583
f 2540/2535/2535 2585/2571/2571 2545/2539/2539
f 2505/2519/2519 2617/2584/2584 2500/2540/2540
f 2464/2460/2460 2230/2318/2318 2598/2585/2585
f 1643/2050/2050 2566/2558/2558 2599/2586/2586
f 1643/2050/2050 2599/2586/2586 1819/1809/1809
f 2532/2525/2525 2531/2524/2524 2600/2587/2587
f 2424/2418/2418 2511/2506/2506 2396/2387/2387
f 2570/2588/2588 2575/2589/2589 2601/2590/2590
f 2570/2588/2588 2601/2590/2590 2571/2591/2591
f 2555/2582/2582 2529/2522/2522 2602/2592/2592
f 2555/2582/2582 2602/2592/2592 2597/2583/2583
f 2487/2352/2352 2603/2593/2593 2488/2479/2479
f 2561/2554/2554 2517/2510/2510 2620/2594/2594
f 2561/2554/2554 2620/2594/2594 2604/2595/2595
f 2561/2554/2554 2604/2595/2595 2560/2596/2596
f 2371/2357/2357 2382/2371/2371 2491/2566/2566
f 2501/2493/2493 2324/2311/2311 2606/2597/2597
f 2230/2318/2318 2553/2549/2549 2607/2598/2598
f 2529/2522/2522 2528/2521/2521 2602/2592/2592
f 2227/2218/2218 2608/2599/2599 2446/2437/2437
f 2227/2218/2218 2422/2415/2415 2608/2599/2599
f 2422/2415/2415 2470/2465/2465 2609/2600/2600
f 2422/2415/2415 2609/2600/2600 2610/2601/2601
f 2554/2548/2548 2532/2525/2525 2600/2587/2587
f 2554/2548/2548 2600/2587/2587 2611/2602/2602
f 2558/2603/2603 2613/2604/2604 2557/2565/2565
f 2484/2478/2478 2605/2605/2605 2616/2606/2606
f 2606/2597/2597 2618/2607/2607 2501/2493/2493
f 2557/2565/2565 2613/2604/2604 2355/2344/2344
f 2517/2510/2510 2398/2390/2390 2620/2594/2594
f 2268/2258/2258 2621/2608/2608 2622/2609/2609
f 2268/2258/2258 2622/2609/2609 2292/2152/2152
f 2569/2560/2560 2619/2610/2610 2332/2324/2324
f 2445/2436/2436 2623/2611/2611 2455/2451/2451
f 2545/2539/2539 2624/2612/2612 2592/2576/2576
f 2422/2415/2415 2610/2601/2601 2608/2599/2599
f 2408/2400/2400 2538/2533/2533 2519/2537/2537
f 2616/2606/2606 2339/2329/2329 2484/2478/2478
f 2292/2152/2152 2625/2613/2613 2426/2419/2419
f 2292/2152/2152 2622/2609/2609 2625/2613/2613
f 2462/2459/2459 2490/2482/2482 2581/2528/2528
f 2500/2540/2540 2628/2614/2614 2470/2465/2465
f 2324/2311/2311 2583/2569/2569 2663/2615/2615
f 2324/2311/2311 2663/2615/2615 2606/2597/2597
f 2470/2465/2465 2628/2614/2614 2609/2600/2600
f 2571/2591/2591 2601/2590/2590 2594/2579/2579
f 2396/2387/2387 2511/2506/2506 2629/2550/2550
f 2498/2491/2491 2630/2616/2616 2589/2617/2617
f 2390/2411/2411 2596/2580/2580 2471/2466/2466
f 2526/2541/2541 2455/2451/2451 2631/2618/2618
f 2526/2541/2541 2631/2618/2618 2632/2619/2619
f 2548/2544/2544 2521/2543/2543 2633/2620/2620
f 2474/2492/2492 2643/2621/2621 2499/2452/2452
f 2550/2581/2581 2597/2583/2583 2586/2622/2622
f 2505/2519/2519 2581/2528/2528 2587/2623/2623
f 2505/2519/2519 2587/2623/2623 2617/2584/2584
f 2486/2489/2489 2496/2488/2488 2635/2624/2624
f 2612/2625/2625 2595/2462/2462 2634/2626/2626
f 2627/2627/2627 2636/2628/2628 2626/2629/2629
f 2612/2625/2625 2634/2626/2626 2637/2630/2630
f 2575/2589/2589 2576/2631/2631 2601/2590/2590
f 2480/2480/2480 2592/2576/2576 2484/2478/2478
f 2352/2340/2340 2353/2342/2342 2547/2632/2632
f 2500/2540/2540 2617/2584/2584 2628/2614/2614
f 2473/2468/2468 2639/2633/2633 2525/2517/2517
f 2640/2634/2634 2641/2635/2635 2576/2631/2631
f 2494/2485/2485 2642/2636/2636 2443/2417/2417
f 2473/2468/2468 2559/2552/2552 2639/2633/2633
f 2484/2478/2478 2592/2576/2576 2644/2637/2637
f 2484/2478/2478 2644/2637/2637 2605/2605/2605
f 2594/2579/2579 2601/2590/2590 2614/2497/2497
f 2645/2638/2638 2646/2639/2639 2647/2640/2640
f 2467/2461/2461 2439/2430/2430 2648/2641/2641
f 2477/2472/2472 2650/2642/2642 2476/2470/2470
f 2471/2466/2466 2596/2580/2580 2651/2643/2643
f 2501/2493/2493 2618/2607/2607 2552/2546/2546
f 2545/2539/2539 2585/2571/2571 2649/2644/2644
f 2493/2484/2484 2325/2313/2313 2653/2645/2645
f 2493/2484/2484 2653/2645/2645 2654/2646/2646
f 2565/2557/2557 2339/2329/2329 2656/2647/2647
f 2565/2557/2557 2656/2647/2647 2657/2648/2648
f 2567/2559/2559 2658/2649/2649 2587/2623/2623
f 2567/2559/2559 2587/2623/2623 2490/2482/2482
f 2605/2605/2605 2659/2650/2650 2616/2606/2606
f 2605/2605/2605 2644/2637/2637 2659/2650/2650
f 2507/2501/2501 2660/2513/2513 2623/2611/2611
f 2583/2569/2569 2661/2651/2651 2663/2615/2615
f 2546/2545/2545 2519/2537/2537 2662/2652/2652
f 2412/2404/2404 2546/2545/2545 2664/2653/2653
f 2521/2543/2543 2643/2621/2621 2633/2620/2620
f 2446/2437/2437 2665/2654/2654 2487/2352/2352
f 2499/2452/2452 2643/2621/2621 2521/2543/2543
f 2498/2491/2491 2415/2407/2407 2630/2616/2616
f 2471/2466/2466 2651/2643/2643 2559/2552/2552
f 2582/2568/2568 2573/2561/2561 2666/2655/2655
f 2487/2352/2352 2665/2654/2654 2603/2593/2593
f 2546/2545/2545 2662/2652/2652 2664/2653/2653
f 2510/2505/2505 2677/2656/2656 2668/2657/2657
f 2510/2505/2505 2668/2657/2657 2508/2503/2503
f 2669/2658/2658 2670/2659/2659 2534/2527/2527
f 2510/2505/2505 2626/2629/2629 2677/2656/2656
f 2545/2539/2539 2671/2660/2660 2624/2612/2612
f 2573/2561/2561 2525/2517/2517 2639/2633/2633
f 2576/2631/2631 2641/2635/2635 2601/2590/2590
f 2581/2528/2528 2490/2482/2482 2587/2623/2623
f 2571/2591/2591 2594/2579/2579 2672/2661/2661
f 2591/2575/2575 2673/2662/2662 2674/2663/2663
f 2591/2575/2575 2674/2663/2663 2524/2516/2516
f 2481/2477/2477 2250/2239/2239 2675/2664/2664
f 2481/2477/2477 2675/2664/2664 2676/2665/2665
f 2638/2666/2666 2652/2667/2667 2758/2668/2668
f 2626/2629/2629 2636/2628/2628 2677/2656/2656
f 2519/2537/2537 2678/2669/2669 2662/2652/2652
f 2519/2537/2537 2538/2533/2533 2679/2670/2670
f 2519/2537/2537 2679/2670/2670 2678/2669/2669
f 2320/2305/2305 2536/2530/2530 2615/2671/2671
f 2614/2497/2497 2680/2672/2672 2456/2453/2453
f 2606/2597/2597 2681/2673/2673 2618/2607/2607
f 2601/2590/2590 2641/2635/2635 2614/2497/2497
f 2443/2417/2417 2642/2636/2636 2481/2477/2477
f 2373/2360/2360 2549/2542/2542 2521/2543/2543
f 2641/2635/2635 2682/2674/2674 2614/2497/2497
f 2486/2489/2489 2635/2624/2624 2683/2675/2675
f 2568/2529/2529 2593/2578/2578 2684/2676/2676
f 2568/2529/2529 2684/2676/2676 2685/2677/2677
f 2593/2578/2578 2686/2678/2678 2684/2676/2676
f 2595/2462/2462 2629/2550/2550 2687/2679/2679
f 2595/2462/2462 2687/2679/2679 2634/2626/2626
f 2613/2604/2604 2688/2680/2680 2355/2344/2344
f 2689/2681/2681 2690/2682/2682 2646/2639/2639
f 2589/2617/2617 2630/2616/2616 2692/2683/2683
f 2616/2606/2606 2693/2684/2684 2339/2329/2329
f 2318/2304/2304 2630/2616/2616 2415/2407/2407
f 2686/2678/2678 2593/2578/2578 2694/2685/2685
f 2690/2682/2682 2695/2686/2686 2646/2639/2639
f 2592/2576/2576 2624/2612/2612 2644/2637/2637
f 2250/2239/2239 2514/2687/2687 2675/2664/2664
f 2524/2516/2516 2696/2688/2688 2660/2513/2513
f 2697/2689/2689 2698/2690/2690 2699/2691/2691
f 2646/2639/2639 2645/2638/2638 2689/2681/2681
f 2648/2641/2641 2439/2430/2430 2700/2692/2692
f 2583/2569/2569 2667/2693/2693 2703/2694/2694
f 2583/2569/2569 2703/2694/2694 2661/2651/2651
f 2631/2618/2618 2455/2451/2451 2704/2695/2695
f 2585/2571/2571 2584/2570/2570 2705/2696/2696
f 2584/2570/2570 2552/2546/2546 2706/2697/2697
f 2464/2460/2460 2598/2585/2585 2707/2698/2698
f 2464/2460/2460 2707/2698/2698 2708/2699/2699
f 2643/2621/2621 2691/2700/2700 2633/2620/2620
f 2663/2615/2615 2661/2651/2651 2709/2701/2701
f 2663/2615/2615 2710/2702/2702 2606/2597/2597
f 2443/2417/2417 2711/2703/2703 2398/2390/2390
f 2593/2578/2578 2478/2474/2474 2694/2685/2685
f 2616/2606/2606 2742/2704/2704 2693/2684/2684
f 2617/2584/2584 2712/2705/2705 2628/2614/2614
f 2646/2639/2639 2695/2686/2686 2702/2706/2706
f 2552/2546/2546 2618/2607/2607 2706/2697/2697
f 2642/2636/2636 2506/2500/2500 2481/2477/2477
f 2689/2681/2681 2645/2638/2638 2713/2707/2707
f 2645/2638/2638 2701/2708/2708 2713/2707/2707
f 2716/2709/2709 2717/2710/2710 2718/2711/2711
f 2716/2709/2709 2534/2527/2527 2670/2659/2659
f 2716/2709/2709 2718/2711/2711 2534/2527/2527
f 2607/2598/2598 2553/2549/2549 2719/2712/2712
f 2644/2637/2637 2624/2612/2612 2720/2713/2713
f 2339/2329/2329 2693/2684/2684 2656/2647/2647
f 2624/2612/2612 2721/2714/2714 2720/2713/2713
f 2724/2715/2715 2725/2716/2716 2726/2717/2717
f 2584/2570/2570 2706/2697/2697 2727/2718/2718
f 2728/2719/2719 2730/2720/2720 2729/2721/2721
f 2618/2607/2607 2731/2722/2722 2706/2697/2697
f 2573/2561/2561 2639/2633/2633 2732/2723/2723
f 2573/2561/2561 2732/2723/2723 2666/2655/2655
f 2586/2622/2622 2735/2724/2724 2655/2725/2725
f 2579/2564/2564 2578/2563/2563 2733/2726/2726
f 2623/2611/2611 2736/2727/2727 2455/2451/2451
f 2230/2318/2318 2607/2598/2598 2737/2728/2728
f 2230/2318/2318 2737/2728/2728 2598/2585/2585
f 2652/2667/2667 2738/2729/2729 2758/2668/2668
f 2456/2453/2453 2680/2672/2672 2496/2488/2488
f 2476/2470/2470 2739/2730/2730 2588/2572/2572
f 2512/2731/2731 2508/2503/2503 2668/2657/2657
f 2568/2529/2529 2685/2677/2677 2536/2530/2530
f 2721/2714/2714 2624/2612/2612 2671/2660/2660
f 2659/2650/2650 2742/2704/2704 2616/2606/2606
f 2521/2543/2543 2549/2542/2542 2499/2452/2452
f 2702/2706/2706 2695/2686/2686 2743/2732/2732
f 2702/2706/2706 2743/2732/2732 2740/2733/2733
f 2657/2648/2648 2656/2647/2647 2744/2734/2734
f 2658/2649/2649 2745/2735/2735 2587/2623/2623
f 2695/2686/2686 2746/2736/2736 2743/2732/2732
f 2747/2737/2737 2726/2717/2717 2748/2738/2738
f 2455/2451/2451 2749/2739/2739 2704/2695/2695
f 2439/2430/2430 2438/2429/2429 2700/2692/2692
f 2499/2452/2452 2549/2542/2542 2590/2573/2573
f 2715/2740/2740 2714/2741/2741 2750/2742/2742
f 2715/2740/2740 2750/2742/2742 2751/2743/2743
f 2685/2677/2677 2752/2744/2744 2536/2530/2530
f 2614/2497/2497 2682/2674/2674 2680/2672/2672
f 2377/2364/2364 2362/2348/2348 2438/2429/2429
f 2683/2675/2675 2635/2624/2624 2753/2745/2745
f 2714/2741/2741 2755/2746/2746 2750/2742/2742
f 2629/2550/2550 2511/2506/2506 2756/2747/2747
f 2730/2720/2720 2655/2725/2725 2735/2724/2724
f 2730/2720/2720 2735/2724/2724 2729/2721/2721
f 2629/2550/2550 2756/2747/2747 2754/2748/2748
f 2584/2570/2570 2727/2718/2718 2705/2696/2696
f 2639/2633/2633 2559/2552/2552 2732/2723/2723
f 2587/2623/2623 2745/2735/2735 2757/2749/2749
f 2493/2484/2484 2654/2646/2646 2734/2359/2359
f 2545/2539/2539 2649/2644/2644 2772/2750/2750
f 2545/2539/2539 2772/2750/2750 2671/2660/2660
f 2611/2602/2602 2600/2587/2587 2531/2524/2524
f 2722/2751/2751 2758/2668/2668 2723/2752/2752
f 2723/2752/2752 2758/2668/2668 2760/2753/2753
f 2725/2716/2716 2699/2691/2691 2726/2717/2717
f 2606/2597/2597 2761/2754/2754 2681/2673/2673
f 2656/2647/2647 2693/2684/2684 2762/2755/2755
f 2763/2756/2756 2764/2757/2757 2745/2735/2735
f 2607/2598/2598 2719/2712/2712 2737/2728/2728
f 1834/1827/1827 1833/1609/1610 2457/2454/2454
f 2597/2583/2583 2602/2592/2592 2770/2758/2758
f 2766/2759/2759 2512/2731/2731 2767/2760/2760
f 2756/2747/2747 2765/2761/2761 2754/2748/2748
f 2756/2747/2747 2768/2762/2762 2765/2761/2761
f 2671/2660/2660 2769/2763/2763 2721/2714/2714
f 2629/2550/2550 2754/2748/2748 2823/2764/2764
f 2629/2550/2550 2823/2764/2764 2687/2679/2679
f 2602/2592/2592 2759/2765/2765 2770/2758/2758
f 2587/2623/2623 2757/2749/2749 2771/2766/2766
f 2587/2623/2623 2771/2766/2766 2617/2584/2584
f 2745/2735/2735 2764/2757/2757 2757/2749/2749
f 2531/2524/2524 2534/2527/2527 2773/2767/2767
f 2698/2690/2690 2775/2768/2768 2699/2691/2691
f 2718/2711/2711 2776/2769/2769 2534/2527/2527
f 2777/2770/2770 2778/2771/2771 2787/2772/2772
f 2777/2770/2770 2787/2772/2772 2779/2773/2773
f 2777/2770/2770 2779/2773/2773 2780/2774/2774
f 2615/2671/2671 2536/2530/2530 2781/2775/2775
f 2603/2593/2593 2665/2654/2654 2782/2776/2776
f 2644/2637/2637 2783/2777/2777 2659/2650/2650
f 2534/2527/2527 2793/2778/2778 2773/2767/2767
f 2585/2571/2571 2705/2696/2696 2785/2779/2779
f 2786/2780/2780 2787/2772/2772 2778/2771/2771
f 2703/2694/2694 2788/2781/2781 2661/2651/2651
f 2741/2782/2782 2353/2342/2342 2784/2783/2783
f 2481/2477/2477 2676/2665/2665 2711/2703/2703
f 2606/2597/2597 2710/2702/2702 2761/2754/2754
f 2732/2723/2723 2559/2552/2552 2811/2784/2784
f 2732/2723/2723 2811/2784/2784 2792/2785/2785
f 2586/2622/2622 2597/2583/2583 2943/2786/2786
f 2721/2714/2714 2769/2763/2763 2720/2713/2713
f 2481/2477/2477 2711/2703/2703 2443/2417/2417
f 2512/2731/2731 2668/2657/2657 2767/2760/2760
f 2789/2787/2787 2790/2788/2788 2791/2789/2789
f 2663/2615/2615 2709/2701/2701 2794/2790/2790
f 2663/2615/2615 2794/2790/2790 2710/2702/2702
f 2496/2488/2488 2680/2672/2672 2635/2624/2624
f 1781/1770/1770 2564/2791/2791 2795/2792/2792
f 1781/1770/1770 2795/2792/2792 1833/1609/1610
f 2491/2566/2566 2382/2371/2371 2797/2793/2793
f 2798/2794/2794 2732/2723/2723 2792/2785/2785
f 2661/2651/2651 2799/2795/2795 2709/2701/2701
f 2534/2527/2527 2776/2769/2769 2800/2796/2796
f 2534/2527/2527 2800/2796/2796 2793/2778/2778
f 2764/2757/2757 2801/2797/2797 2757/2749/2749
f 2677/2656/2656 2636/2628/2628 2803/2798/2798
f 2693/2684/2684 2742/2704/2704 2804/2799/2799
f 2680/2672/2672 2682/2674/2674 2805/2800/2800
f 2680/2672/2672 2805/2800/2800 2635/2624/2624
f 2585/2571/2571 2785/2779/2779 2772/2750/2750
f 2585/2571/2571 2772/2750/2750 2649/2644/2644
f 2807/2801/2801 2771/2766/2766 2757/2749/2749
f 2807/2801/2801 2808/2802/2802 2771/2766/2766
f 2809/2803/2803 2792/2785/2785 2811/2784/2784
f 2809/2803/2803 2811/2784/2784 2810/2804/2804
f 2617/2584/2584 2771/2766/2766 2712/2705/2705
f 2775/2768/2768 2748/2738/2738 2699/2691/2691
f 2706/2697/2697 2802/2805/2805 2727/2718/2718
f 2700/2692/2692 2438/2429/2429 2812/2806/2806
f 2726/2717/2717 2699/2691/2691 2748/2738/2738
f 2318/2304/2304 2590/2573/2573 2630/2616/2616
f 2362/2348/2348 2588/2572/2572 2438/2429/2429
f 2636/2628/2628 2813/2807/2807 2803/2798/2798
f 2729/2721/2721 2735/2724/2724 2774/2808/2808
f 2784/2783/2783 2353/2342/2342 2814/2809/2809
f 2566/2558/2558 2815/2810/2810 2599/2586/2586
f 2637/2630/2630 2634/2626/2626 2817/2811/2811
f 2382/2371/2371 2580/2567/2567 2818/2812/2812
f 2681/2673/2673 2761/2754/2754 2731/2722/2722
f 2803/2798/2798 2813/2807/2807 2819/2813/2813
f 2803/2798/2798 2819/2813/2813 2816/2814/2814
f 2692/2683/2683 2630/2616/2616 2820/2815/2815
f 2738/2729/2729 2822/2816/2816 2821/2817/2817
f 2681/2673/2673 2731/2722/2722 2618/2607/2607
f 2806/2818/2818 2742/2704/2704 2659/2650/2650
f 2644/2637/2637 2720/2713/2713 2783/2777/2777
f 2758/2668/2668 2821/2817/2817 2760/2753/2753
f 2754/2748/2748 2765/2761/2761 2823/2764/2764
f 2586/2622/2622 2824/2819/2819 2735/2724/2724
f 2586/2622/2622 2943/2786/2786 2824/2819/2819
f 2727/2718/2718 2802/2805/2805 2705/2696/2696
f 2382/2371/2371 2818/2812/2812 2797/2793/2793
f 2774/2808/2808 2735/2724/2724 2829/2820/2820
f 2776/2769/2769 2830/2821/2821 2800/2796/2796
f 2355/2344/2344 2688/2680/2680 2831/2822/2822
f 2355/2344/2344 2831/2822/2822 2832/2823/2823
f 2355/2344/2344 2832/2823/2823 2353/2342/2342
f 2610/2601/2601 2609/2600/2600 2833/2824/2824
f 2597/2583/2583 2770/2758/2758 2943/2786/2786
f 2610/2601/2601 2833/2824/2824 2825/2825/2825
f 2531/2524/2524 2828/2826/2826 2611/2602/2602
f 2806/2818/2818 2659/2650/2650 2835/2827/2827
f 2536/2530/2530 2752/2744/2744 2836/2828/2828
f 2817/2811/2811 2634/2626/2626 2837/2829/2829
f 2665/2654/2654 2839/2830/2830 2782/2776/2776
f 2665/2654/2654 2838/2831/2831 2839/2830/2830
f 2267/2257/2257 1828/1819/1819 2840/2832/2832
f 2267/2257/2257 2840/2832/2832 2544/2833/2833
f 2770/2758/2758 2759/2765/2765 2834/2834/2834
f 2760/2753/2753 2821/2817/2817 2827/2835/2835
f 2734/2359/2359 2845/2836/2836 2549/2542/2542
f 2659/2650/2650 2783/2777/2777 2846/2837/2837
f 2671/2660/2660 2772/2750/2750 2873/2838/2838
f 2818/2812/2812 2580/2567/2567 2848/2839/2839
f 1828/1819/1819 1819/1809/1809 2850/2840/2840
f 2735/2724/2724 2841/2841/2841 2829/2820/2820
f 2502/2494/2494 2851/2842/2842 1920/1977/1977
f 1819/1809/1809 2599/2586/2586 2852/2843/2843
f 2769/2763/2763 2671/2660/2660 2854/2844/2844
f 2814/2809/2809 2353/2342/2342 2856/2845/2845
f 2671/2660/2660 2873/2838/2838 2854/2844/2844
f 2536/2530/2530 2836/2828/2828 2849/2846/2846
f 2772/2750/2750 2857/2847/2847 2858/2848/2848
f 2768/2762/2762 2855/2849/2849 2765/2761/2761
f 2790/2788/2788 2860/2850/2850 2791/2789/2789
f 2808/2802/2802 2861/2851/2851 2771/2766/2766
f 2810/2804/2804 2811/2784/2784 2862/2852/2852
f 2794/2790/2790 2863/2853/2853 2710/2702/2702
f 2796/2854/2854 2864/2855/2855 2848/2839/2839
f 2796/2854/2854 2848/2839/2839 2580/2567/2567
f 2785/2779/2779 2866/2856/2856 2772/2750/2750
f 2802/2805/2805 2867/2857/2857 2705/2696/2696
f 2765/2761/2761 2859/2858/2858 2823/2764/2764
f 2491/2566/2566 2797/2793/2793 2596/2580/2580
f 2620/2594/2594 2868/2859/2859 2604/2595/2595
f 2710/2702/2702 2863/2853/2853 2870/2860/2860
f 2811/2784/2784 2559/2552/2552 2862/2852/2852
f 2785/2779/2779 2705/2696/2696 2871/2861/2861
f 2814/2809/2809 2880/2862/2862 2872/2863/2863
f 2772/2750/2750 2866/2856/2856 2857/2847/2847
f 2785/2779/2779 2871/2861/2861 2866/2856/2856
f 2772/2750/2750 2858/2848/2848 2873/2838/2838
f 2835/2827/2827 2659/2650/2650 2874/2864/2864
f 2875/2865/2865 2876/2866/2866 2861/2851/2851
f 2875/2865/2865 2861/2851/2851 2808/2802/2802
f 2688/2680/2680 2877/2867/2867 2831/2822/2822
f 2790/2788/2788 2826/2868/2868 2860/2850/2850
f 2634/2626/2626 2687/2679/2679 2837/2829/2829
f 2803/2798/2798 2816/2814/2814 2677/2656/2656
f 1920/1977/1977 2851/2842/2842 2881/2869/2869
f 2857/2847/2847 2866/2856/2856 2882/2870/2870
f 2828/2826/2826 2531/2524/2524 2883/2871/2871
f 2719/2712/2712 2865/2872/2872 2737/2728/2728
f 2735/2724/2724 2824/2819/2819 2841/2841/2841
f 2866/2856/2856 2885/2873/2873 2882/2870/2870
f 2630/2616/2616 2590/2573/2573 2892/2874/2874
f 2769/2763/2763 2886/2875/2875 2720/2713/2713
f 2866/2856/2856 2888/2876/2876 2889/2877/2877
f 2707/2698/2698 2598/2585/2585 2890/2878/2878
f 2590/2573/2573 2549/2542/2542 2892/2874/2874
f 2743/2732/2732 2893/2879/2879 2894/2880/2880
f 2743/2732/2732 2894/2880/2880 2740/2733/2733
f 2731/2722/2722 2895/2881/2881 3341/2882/2882
f 2731/2722/2722 3065/2883/2883 2895/2881/2881
f 2731/2722/2722 3341/2882/2882 2706/2697/2697
f 2398/2390/2390 2897/2884/2884 2620/2594/2594
f 2398/2390/2390 2896/2885/2885 2897/2884/2884
f 2814/2809/2809 2898/2886/2886 2880/2862/2862
f 2739/2730/2730 2899/2887/2887 2588/2572/2572
f 2353/2342/2342 2832/2823/2823 2856/2845/2845
f 2814/2809/2809 2856/2845/2845 2898/2886/2886
f 2880/2862/2862 2878/2888/2888 2872/2863/2863
f 2549/2542/2542 2887/2889/2889 2892/2874/2874
f 2834/2834/2834 2902/2890/2890 2770/2758/2758
f 2841/2841/2841 2891/2891/2891 2829/2820/2820
f 2668/2657/2657 2677/2656/2656 2903/2892/2892
f 2802/2805/2805 2904/2893/2893 2905/2894/2894
f 2802/2805/2805 2905/2894/2894 2867/2857/2857
f 2869/2895/2895 2908/2896/2896 2826/2868/2868
f 2909/2897/2897 2847/2898/2898 2910/2899/2899
f 2823/2764/2764 2859/2858/2858 2911/2900/2900
f 2847/2898/2898 2912/2901/2901 2910/2899/2899
f 2837/2829/2829 2913/2902/2902 2914/2903/2903
f 2837/2829/2829 2687/2679/2679 2913/2902/2902
f 2847/2898/2898 2791/2789/2789 2912/2901/2901
f 2705/2696/2696 2867/2857/2857 2871/2861/2861
f 2880/2862/2862 2898/2886/2886 2900/2904/2904
f 2791/2789/2789 2860/2850/2850 2912/2901/2901
f 2802/2805/2805 2706/2697/2697 2904/2893/2893
f 2596/2580/2580 2969/2905/2905 2651/2643/2643
f 2769/2763/2763 2854/2844/2844 2886/2875/2875
f 2866/2856/2856 2889/2877/2877 2885/2873/2873
f 2783/2777/2777 2884/2906/2906 2846/2837/2837
f 2858/2848/2848 2916/2907/2907 2917/2908/2908
f 2858/2848/2848 2917/2908/2908 2873/2838/2838
f 2866/2856/2856 2871/2861/2861 2888/2876/2876
f 2751/2743/2743 2750/2742/2742 2918/2909/2909
f 2812/2806/2806 2438/2429/2429 2920/2910/2910
f 2818/2812/2812 2848/2839/2839 2921/2911/2911
f 2818/2812/2812 2921/2911/2911 2922/2912/2912
f 2771/2766/2766 2861/2851/2851 2712/2705/2705
f 2879/2913/2913 2872/2863/2863 2878/2888/2888
f 2706/2697/2697 3341/2882/2882 2904/2893/2893
f 2823/2764/2764 2911/2900/2900 2901/2914/2914
f 2816/2814/2814 2819/2813/2813 2928/2915/2915
f 2860/2850/2850 2826/2868/2868 2908/2896/2896
f 2860/2850/2850 2908/2896/2896 2997/2916/2916
f 2893/2879/2879 2918/2909/2909 2894/2880/2880
f 2751/2743/2743 2918/2909/2909 2893/2879/2879
f 2919/2917/2917 2925/2918/2918 2926/2919/2919
f 2919/2917/2917 2926/2919/2919 2865/2872/2872
f 2920/2910/2910 2438/2429/2429 2899/2887/2887
f 2899/2887/2887 2438/2429/2429 2588/2572/2572
f 2710/2702/2702 2870/2860/2860 2929/2920/2920
f 2609/2600/2600 2628/2614/2614 2935/2921/2921
f 2892/2874/2874 2820/2815/2815 2630/2616/2616
f 2892/2874/2874 2887/2889/2889 2820/2815/2815
f 2822/2816/2816 2827/2835/2835 2821/2817/2817
f 2822/2816/2816 2936/2922/2922 2827/2835/2835
f 2841/2841/2841 2824/2819/2819 2938/2923/2923
f 2931/2924/2924 2934/2925/2925 2932/2926/2926
f 2854/2844/2844 2923/2927/2927 2886/2875/2875
f 2710/2702/2702 2929/2920/2920 2761/2754/2754
f 2900/2904/2904 2898/2886/2886 2939/2928/2928
f 2926/2919/2919 2598/2585/2585 2737/2728/2728
f 2926/2919/2919 2737/2728/2728 2865/2872/2872
f 2940/2929/2929 2941/2930/2930 2942/2931/2931
f 2944/2932/2932 2947/2933/2933 2946/2934/2934
f 2944/2932/2932 2948/2935/2935 2947/2933/2933
f 2944/2932/2932 2945/2936/2936 2948/2935/2935
f 2854/2844/2844 2873/2838/2838 2923/2927/2927
f 2949/2937/2937 2934/2925/2925 2933/2938/2938
f 2949/2937/2937 2950/2939/2939 2934/2925/2925
f 2659/2650/2650 2846/2837/2837 2874/2864/2864
f 2889/2877/2877 2952/2940/2940 2885/2873/2873
f 2953/2941/2941 2954/2942/2942 2940/2929/2929
f 2797/2793/2793 2818/2812/2812 2922/2912/2912
f 2797/2793/2793 2922/2912/2912 2930/2943/2943
f 2955/2944/2944 2956/2945/2945 2957/2946/2946
f 2786/2780/2780 2959/2947/2947 2787/2772/2772
f 2786/2780/2780 2960/2948/2948 2959/2947/2947
f 2765/2761/2761 2855/2849/2849 2961/2949/2949
f 2948/2935/2935 2945/2936/2936 2963/2950/2950
f 2783/2777/2777 2720/2713/2713 2964/2951/2951
f 2871/2861/2861 2967/2952/2952 2888/2876/2876
f 2871/2861/2861 2966/2953/2953 2967/2952/2952
f 2950/2939/2939 2968/2954/2954 2934/2925/2925
f 2797/2793/2793 2930/2943/2943 2969/2905/2905
f 2797/2793/2793 2969/2905/2905 2596/2580/2580
f 2793/2778/2778 2800/2796/2796 2773/2767/2767
f 2770/2758/2758 2902/2890/2890 2970/2955/2955
f 2770/2758/2758 2970/2955/2955 2943/2786/2786
f 2830/2821/2821 2972/2956/2956 2800/2796/2796
f 2873/2838/2838 2917/2908/2908 2962/2957/2957
f 2859/2858/2858 2765/2761/2761 2973/2958/2958
f 2859/2858/2858 2973/2958/2958 2974/2959/2959
f 2800/2796/2796 2937/2960/2960 2773/2767/2767
f 2950/2939/2939 2965/2961/2961 2975/2962/2962
f 2950/2939/2939 2975/2962/2962 2968/2954/2954
f 2874/2864/2864 2846/2837/2837 2976/2963/2963
f 2668/2657/2657 2903/2892/2892 2977/2964/2964
f 2978/2965/2965 2979/2966/2966 2980/2967/2967
f 2981/2968/2968 2982/2969/2969 2954/2942/2942
f 2800/2796/2796 2972/2956/2956 2937/2960/2960
f 2947/2933/2933 2948/2935/2935 2985/2970/2970
f 2948/2935/2935 2987/2971/2971 2985/2970/2970
f 2957/2946/2946 2956/2945/2945 2971/2972/2972
f 2934/2925/2925 2968/2954/2954 2932/2926/2926
f 2988/2973/2973 2989/2974/2974 2990/2975/2975
f 2978/2965/2965 2991/2976/2976 2979/2966/2966
f 2948/2935/2935 2963/2950/2950 2987/2971/2971
f 2823/2764/2764 2901/2914/2914 2992/2977/2977
f 2823/2764/2764 2992/2977/2977 2687/2679/2679
f 2912/2901/2901 2993/2978/2978 2910/2899/2899
f 2981/2968/2968 2994/2979/2979 2982/2969/2969
f 2947/2933/2933 2985/2970/2970 2986/2980/2980
f 2910/2899/2899 2993/2978/2978 3039/2981/2981
f 2620/2594/2594 2897/2884/2884 2868/2859/2859
f 1937/2502/2502 2503/2495/2495 1950/2982/2982
f 2990/2975/2975 2989/2974/2974 2995/2983/2983
f 2857/2847/2847 2996/2984/2984 2858/2848/2848
f 2712/2705/2705 2861/2851/2851 2927/2985/2985
f 2779/2773/2773 2787/2772/2772 3046/2986/2986
f 2860/2850/2850 2997/2916/2916 2998/2987/2987
f 2859/2858/2858 2974/2959/2959 2911/2900/2900
f 2677/2656/2656 2816/2814/2814 2999/2988/2988
f 2860/2850/2850 2998/2987/2987 2912/2901/2901
f 2942/2931/2931 2941/2930/2930 3000/2989/2989
f 2787/2772/2772 2951/2990/2990 3046/2986/2986
f 3001/2991/2991 3003/2992/2992 3004/2993/2993
f 3001/2991/2991 3004/2993/2993 3002/2994/2994
f 2712/2705/2705 2927/2985/2985 3006/2995/2995
f 2963/2950/2950 3007/2996/2996 2987/2971/2971
f 2963/2950/2950 3008/2997/2997 3007/2996/2996
f 2902/2890/2890 2834/2834/2834 3005/2998/2998
f 1920/1977/1977 2881/2869/2869 2503/2495/2495
f 3009/2999/2999 3010/3000/3000 3011/3001/3001
f 2828/2826/2826 2883/2871/2871 3012/3002/3002
f 2883/2871/2871 3013/3003/3003 3012/3002/3002
f 2816/2814/2814 2928/2915/2915 3015/3004/3004
f 2883/2871/2871 2531/2524/2524 3016/3005/3005
f 3001/2991/2991 3014/3006/3006 3003/2992/2992
f 2677/2656/2656 2999/2988/2988 2903/2892/2892
f 2824/2819/2819 2943/2786/2786 2938/2923/2923
f 2841/2841/2841 2938/2923/2923 2891/2891/2891
f 3009/2999/2999 3017/3007/3007 3010/3000/3000
f 2834/2834/2834 3018/3008/3008 3005/2998/2998
f 3000/2989/2989 2941/2930/2930 3021/3009/3009
f 3021/3009/3009 2941/2930/2930 3020/3010/3010
f 3020/3010/3010 3024/3011/3011 3021/3009/3009
f 3007/2996/2996 3023/3012/3012 2987/2971/2971
f 3007/2996/2996 3026/3013/3013 3023/3012/3012
f 3024/3011/3011 3030/3014/3014 3021/3009/3009
f 2993/2978/2978 2912/2901/2901 3031/3015/3015
f 3023/3012/3012 3026/3013/3013 3032/3016/3016
f 2956/2945/2945 3034/3017/3017 3035/3018/3018
f 2956/2945/2945 3035/3018/3018 2971/2972/2972
f 2972/2956/2956 3036/3019/3019 2937/2960/2960
f 3030/3014/3014 3037/3020/3020 3021/3009/3009
f 2779/2773/2773 3038/3021/3021 2780/2774/2774
f 2993/2978/2978 3040/3022/3022 3041/3023/3023
f 2993/2978/2978 3031/3015/3015 3040/3022/3022
f 3023/3012/3012 3042/3024/3024 3043/3025/3025
f 3023/3012/3012 3043/3025/3025 2987/2971/2971
f 2891/2891/2891 2938/2923/2923 3044/3026/3026
f 2891/2891/2891 3044/3026/3026 2958/3027/3027
f 2938/2923/2923 2943/2786/2786 3045/3028/3028
f 2761/2754/2754 3065/2883/2883 2731/2722/2722
f 2871/2861/2861 2867/2857/2857 2966/2953/2953
f 3049/3029/3029 3050/3030/3030 3034/3017/3017
f 2951/2990/2990 2968/2954/2954 3047/3031/3031
f 2937/2960/2960 3051/3032/3032 2773/2767/2767
f 3034/3017/3017 3050/3030/3030 3035/3018/3018
f 2980/2967/2967 2979/2966/2966 3053/3033/3033
f 2987/2971/2971 3043/3025/3025 2985/2970/2970
f 2867/2857/2857 2905/2894/2894 2966/2953/2953
f 2975/2962/2962 3054/3034/3034 3055/3035/3035
f 3056/3036/3036 3057/3037/3037 3058/3038/3038
f 3056/3036/3036 3058/3038/3038 3059/3039/3039
f 3047/3031/3031 3046/2986/2986 2951/2990/2990
f 3004/2993/2993 3060/3040/3040 3048/3041/3041
f 3004/2993/2993 3003/2992/2992 3060/3040/3040
f 2609/2600/2600 3061/3042/3042 2833/2824/2824
f 2765/2761/2761 2961/2949/2949 3062/3043/3043
f 2765/2761/2761 3062/3043/3043 2973/2958/2958
f 3047/3031/3031 2968/2954/2954 2975/2962/2962
f 2819/2813/2813 3064/3044/3044 2928/2915/2915
f 2761/2754/2754 2929/2920/2920 3065/2883/2883
f 2901/2914/2914 2911/2900/2900 3066/3045/3045
f 3050/3030/3030 3067/3046/3046 3035/3018/3018
f 3021/3009/3009 3037/3020/3020 3068/3047/3047
f 3041/3023/3023 3070/3048/3048 2993/2978/2978
f 2995/2983/2983 2989/2974/2974 3063/3049/3049
f 2995/2983/2983 3063/3049/3049 3071/3050/3050
f 2995/2983/2983 3071/3050/3050 3072/3051/3051
f 2873/2838/2838 2962/2957/2957 2923/2927/2927
f 3031/3015/3015 3073/3052/3052 3074/3053/3053
f 2787/2772/2772 3075/3054/3054 2951/2990/2990
f 3020/3010/3010 2941/2930/2930 3025/3055/3055
f 3023/3012/3012 3033/3056/3056 3042/3024/3024
f 3007/2996/2996 3069/3057/3057 3026/3013/3013
f 2937/2960/2960 3036/3019/3019 3076/3058/3058
f 3021/3009/3009 3068/3047/3047 3027/3059/3059
f 3007/2996/2996 3078/3060/3060 3069/3057/3057
f 3007/2996/2996 3077/3061/3061 3078/3060/3060
f 2941/2930/2930 3079/3062/3062 3025/3055/3055
f 2968/2954/2954 2951/2990/2990 3029/3063/3063
f 2846/2837/2837 3080/3064/3064 2976/2963/2963
f 2912/2901/2901 3073/3052/3052 3031/3015/3015
f 2973/2958/2958 3081/3065/3065 2974/2959/2959
f 3036/3019/3019 3082/3066/3066 3076/3058/3058
f 3047/3031/3031 2975/2962/2962 3055/3035/3035
f 3047/3031/3031 3055/3035/3035 3046/2986/2986
f 2968/2954/2954 3029/3063/3063 2932/2926/2926
f 2911/2900/2900 2974/2959/2959 3083/3067/3067
f 2993/2978/2978 3070/3048/3048 3085/3068/3068
f 3086/3069/3069 3087/3070/3070 3088/3071/3071
f 3028/3072/3072 3089/3073/3073 3019/3074/3074
f 2787/2772/2772 2959/2947/2947 3075/3054/3054
f 3090/3075/3075 3091/3076/3076 3092/3077/3077
f 3093/3078/3078 3092/3077/3077 3094/3079/3079
f 2911/2900/2900 3095/3080/3080 3066/3045/3045
f 1819/1809/1809 2852/2843/2843 2850/2840/2840
f 3097/3081/3081 3126/3082/3082 3098/3083/3083
f 2816/2814/2814 3015/3004/3004 2999/2988/2988
f 2973/2958/2958 3062/3043/3043 3099/3084/3084
f 3100/3085/3085 3101/3086/3086 3091/3076/3076
f 3003/2992/2992 3103/3087/3087 3060/3040/3040
f 3003/2992/2992 3102/3088/3088 3103/3087/3087
f 2833/2824/2824 3104/3089/3089 2907/3090/3090
f 2833/2824/2824 3061/3042/3042 3104/3089/3089
f 3066/3045/3045 3105/3091/3091 2901/2914/2914
f 3106/3092/3092 3094/3079/3079 3107/3093/3093
f 3108/3094/3094 3109/3095/3095 3110/3096/3096
f 3109/3095/3095 3114/3097/3097 3110/3096/3096
f 3115/3098/3098 3116/3099/3099 3117/3100/3100
f 3119/3101/3101 3120/3102/3102 3112/3103/3103
f 3121/3104/3104 3122/3105/3105 3123/3106/3106
f 3121/3104/3104 3005/2998/2998 3122/3105/3105
f 3112/3103/3103 3120/3102/3102 3111/3107/3107
f 3112/3103/3103 3118/3108/3108 3119/3101/3101
f 3111/3107/3107 3120/3102/3102 3124/3109/3109
f 3108/3094/3094 3110/3096/3096 3064/3044/3044
f 3097/3081/3081 3125/3110/3110 3126/3082/3082
f 3034/3017/3017 2956/2945/2945 3127/3111/3111
f 3034/3017/3017 3127/3111/3111 3052/3112/3112
f 2928/2915/2915 3064/3044/3044 3110/3096/3096
f 3042/3024/3024 3033/3056/3056 3128/3113/3113
f 3129/3114/3114 3131/3115/3115 3130/3116/3116
f 3129/3114/3114 3130/3116/3116 3132/3117/3117
f 2989/2974/2974 3019/3074/3074 3089/3073/3073
f 2989/2974/2974 3089/3073/3073 3063/3049/3049
f 3133/3118/3118 3134/3119/3119 3135/3120/3120
f 3069/3057/3057 3078/3060/3060 3136/3121/3121
f 3076/3058/3058 3141/3122/3122 2937/2960/2960
f 3087/3070/3070 3137/3123/3123 3088/3071/3071
f 3137/3123/3123 3138/3124/3124 3088/3071/3071
f 3052/3112/3112 3127/3111/3111 3142/3125/3125
f 2941/2930/2930 3022/3126/3126 3079/3062/3062
f 3132/3117/3117 3130/3116/3116 3143/3127/3127
f 2941/2930/2930 2940/2929/2929 3239/3128/3128
f 3033/3056/3056 3144/3129/3129 3128/3113/3113
f 2783/2777/2777 2964/2951/2951 2884/2906/2906
f 3146/3130/3130 3147/3131/3131 3139/3132/3132
f 3073/3052/3052 3148/3133/3133 3149/3134/3134
f 3073/3052/3052 2912/2901/2901 2998/2987/2987
f 3073/3052/3052 2998/2987/2987 3148/3133/3133
f 2941/2930/2930 3239/3128/3128 3022/3126/3126
f 2993/2978/2978 3085/3068/3068 3150/3135/3135
f 3139/3132/3132 3147/3131/3131 3140/3136/3136
f 2951/2990/2990 3075/3054/3054 3151/3137/3137
f 2951/2990/2990 3151/3137/3137 3029/3063/3063
f 2937/2960/2960 3141/3122/3122 3051/3032/3032
f 3046/2986/2986 3055/3035/3035 3152/3138/3138
f 3046/2986/2986 3152/3138/3138 3145/3139/3139
f 2979/2966/2966 3155/3140/3140 3154/3141/3141
f 3029/3063/3063 3151/3137/3137 3153/3142/3142
f 2609/2600/2600 2935/2921/2921 3061/3042/3042
f 3110/3096/3096 3156/3143/3143 2928/2915/2915
f 3121/3104/3104 3157/3144/3144 3158/3145/3145
f 3121/3104/3104 3158/3145/3145 3005/2998/2998
f 3044/3026/3026 2938/2923/2923 3159/3146/3146
f 3058/3038/3038 3160/3147/3147 3161/3148/3148
f 3053/3033/3033 3162/3149/3149 3163/3150/3150
f 2993/2978/2978 3150/3135/3135 3039/2981/2981
f 2954/2942/2942 3239/3128/3128 2940/2929/2929
f 2954/2942/2942 2982/2969/2969 3239/3128/3128
f 3164/3151/3151 3111/3107/3107 3166/3152/3152
f 3003/2992/2992 3014/3006/3006 3165/3153/3153
f 2977/2964/2964 2903/2892/2892 3167/3154/3154
f 2961/2949/2949 3168/3155/3155 3062/3043/3043
f 3169/3156/3156 3170/3157/3157 3171/3158/3158
f 2961/2949/2949 3172/3159/3159 3168/3155/3155
f 3110/3096/3096 3173/3160/3160 3156/3143/3143
f 3005/2998/2998 3018/3008/3008 3122/3105/3105
f 3010/3000/3000 3084/3161/3161 3011/3001/3001
f 3005/2998/2998 3158/3145/3145 2902/2890/2890
f 2814/2809/2809 2872/2863/2863 2906/3162/3162
f 3057/3037/3037 3176/3163/3163 3177/3164/3164
f 3057/3037/3037 3177/3164/3164 3058/3038/3038
f 3178/3165/3165 3107/3093/3093 3179/3166/3166
f 2712/2705/2705 3006/2995/2995 2628/2614/2614
f 2979/2966/2966 3154/3141/3141 3181/3167/3167
f 2979/2966/2966 3181/3167/3167 3053/3033/3033
f 3096/3168/3168 3182/3169/3169 3010/3000/3000
f 3120/3102/3102 3183/3170/3170 3124/3109/3109
f 3184/3171/3171 3013/3003/3003 3185/3172/3172
f 3184/3171/3171 3185/3172/3172 3186/3173/3173
f 2559/2552/2552 3187/3174/3174 2862/2852/2852
f 3116/3099/3099 3246/3175/3175 3117/3100/3100
f 3117/3100/3100 3190/3176/3176 3191/3177/3177
f 3188/3178/3178 2914/2903/2903 3192/3179/3179
f 3193/3180/3180 3194/3181/3181 3246/3175/3175
f 3193/3180/3180 3246/3175/3175 3116/3099/3099
f 2883/2871/2871 3016/3005/3005 3013/3003/3003
f 2903/2892/2892 2999/2988/2988 3196/3182/3182
f 2901/2914/2914 3197/3183/3183 2992/2977/2977
f 2901/2914/2914 3180/3184/3184 3197/3183/3183
f 2967/2952/2952 2966/2953/2953 3198/3185/3185
f 2720/2713/2713 3199/3186/3186 2964/2951/2951
f 2720/2713/2713 2886/2875/2875 3199/3186/3186
f 3125/3110/3110 3200/3187/3187 3126/3082/3082
f 2913/2902/2902 3192/3179/3179 2914/2903/2903
f 2773/2767/2767 3201/3188/3188 2531/2524/2524
f 3015/3004/3004 3189/3189/3189 3202/3190/3190
f 2531/2524/2524 3201/3188/3188 3016/3005/3005
f 2559/2552/2552 2651/2643/2643 3187/3174/3174
f 2856/2845/2845 2832/2823/2823 2898/2886/2886
f 2831/2822/2822 3204/3191/3191 2832/2823/2823
f 2564/2791/2791 1781/1770/1770 3205/3192/3192
f 3134/3119/3119 3206/3193/3193 3207/3194/3194
f 3015/3004/3004 2928/2915/2915 3208/3195/3195
f 3015/3004/3004 3208/3195/3195 3189/3189/3189
f 2913/2902/2902 2687/2679/2679 3209/3196/3196
f 3092/3077/3077 3091/3076/3076 3094/3079/3079
f 3091/3076/3076 3101/3086/3086 3210/3197/3197
f 3091/3076/3076 3210/3197/3197 3094/3079/3079
f 3212/3198/3198 3166/3152/3152 3213/3199/3199
f 3156/3143/3143 3214/3200/3200 2928/2915/2915
f 2938/2923/2923 3045/3028/3028 3159/3146/3146
f 3166/3152/3152 3111/3107/3107 3113/3201/3201
f 3166/3152/3152 3113/3201/3201 3213/3199/3199
f 3015/3004/3004 3202/3190/3190 2999/2988/2988
f 2921/2911/2911 3195/3202/3202 2922/2912/2912
f 3124/3109/3109 3113/3201/3201 3111/3107/3107
f 3206/3193/3193 3215/3203/3203 3422/3204/3204
f 3101/3086/3086 3174/3205/3205 3210/3197/3197
f 3013/3003/3003 3016/3005/3005 3185/3172/3172
f 3125/3110/3110 3216/3206/3206 3217/3207/3207
f 3125/3110/3110 3217/3207/3207 3336/3208/3208
f 3117/3100/3100 3246/3175/3175 3218/3209/3209
f 3010/3000/3000 3182/3169/3169 3084/3161/3161
f 2913/2902/2902 3209/3196/3196 3192/3179/3179
f 2628/2614/2614 3221/3210/3210 2935/2921/2921
f 3003/2992/2992 3165/3153/3153 3102/3088/3088
f 2928/2915/2915 3223/3211/3211 3208/3195/3195
f 3224/3212/3212 3213/3199/3199 3225/3213/3213
f 1833/1609/1610 2795/2792/2792 3227/3214/3214
f 1781/1770/1770 1950/2982/2982 3205/3192/3192
f 3014/3006/3006 3222/3215/3215 3165/3153/3153
f 3117/3100/3100 3218/3209/3209 3190/3176/3176
f 3011/3001/3001 3084/3161/3161 3220/3216/3216
f 2902/2890/2890 3231/3217/3217 2970/2955/2955
f 3207/3194/3194 3206/3193/3193 3233/3218/3218
f 2898/2886/2886 2832/2823/2823 2939/2928/2928
f 2999/2988/2988 3202/3190/3190 3234/3219/3219
f 3080/3064/3064 2846/2837/2837 3235/3220/3220
f 3080/3064/3064 3235/3220/3220 3236/3221/3221
f 3165/3153/3153 3222/3215/3215 3237/3222/3222
f 3222/3215/3215 3294/3223/3223 3238/3224/3224
f 2687/2679/2679 2992/2977/2977 3209/3196/3196
f 3222/3215/3215 3238/3224/3224 3237/3222/3222
f 3084/3161/3161 3232/3225/3225 3220/3216/3216
f 2930/2943/2943 2922/2912/2912 3240/3226/3226
f 3125/3110/3110 3336/3208/3208 3200/3187/3187
f 3229/3227/3227 3230/3228/3228 3242/3229/3229
f 3229/3227/3227 3242/3229/3229 3243/3230/3230
f 3140/3136/3136 3147/3131/3131 3252/3231/3231
f 3245/3232/3232 3246/3175/3175 3194/3181/3181
f 3051/3032/3032 3141/3122/3122 3248/3233/3233
f 3138/3124/3124 3249/3234/3234 3088/3071/3071
f 2998/2987/2987 3247/3235/3235 3148/3133/3133
f 3089/3073/3073 3251/3236/3236 3063/3049/3049
f 3089/3073/3073 3250/3237/3237 3251/3236/3236
f 3136/3121/3121 3078/3060/3060 3254/3238/3238
f 3124/3109/3109 3219/3239/3239 3113/3201/3201
f 3085/3068/3068 3244/3240/3240 3150/3135/3135
f 3255/3241/3241 3420/3242/3242 3158/3145/3145
f 3135/3120/3120 3134/3119/3119 3256/3243/3243
f 3189/3189/3189 3208/3195/3195 3257/3244/3244
f 3258/3245/3245 3259/3246/3246 3260/3247/3247
f 3098/3083/3083 3126/3082/3082 3261/3248/3248
f 3006/2995/2995 3262/3249/3249 2628/2614/2614
f 3263/3250/3250 3225/3213/3213 3259/3246/3246
f 3079/3062/3062 3022/3126/3126 3264/3251/3251
f 2862/2852/2852 3203/3252/3252 3265/3253/3253
f 2863/2853/2853 3266/3254/3254 3267/3255/3255
f 2863/2853/2853 3267/3255/3255 2870/2860/2860
f 3065/2883/2883 3211/3256/3256 2895/2881/2881
f 3268/3257/3257 3269/3258/3258 3270/3259/3259
f 3268/3257/3257 3270/3259/3259 3170/3157/3157
f 3206/3193/3193 3422/3204/3204 3233/3218/3218
f 3165/3153/3153 3271/3260/3260 3102/3088/3088
f 2779/2773/2773 3272/3261/3261 3038/3021/3021
f 2846/2837/2837 2884/2906/2906 3235/3220/3220
f 2628/2614/2614 3262/3249/3249 3221/3210/3210
f 3219/3239/3239 3273/3262/3262 3113/3201/3201
f 2935/2921/2921 3221/3210/3210 3061/3042/3042
f 3174/3205/3205 3175/3263/3263 3210/3197/3197
f 3094/3079/3079 3210/3197/3197 3276/3264/3264
f 3165/3153/3153 3237/3222/3222 3271/3260/3260
f 3175/3263/3263 3278/3265/3265 3210/3197/3197
f 3279/3266/3266 3280/3267/3267 3281/3268/3268
f 2884/2906/2906 3282/3269/3269 3462/3270/3270
f 3094/3079/3079 3283/3271/3271 3284/3272/3272
f 3094/3079/3079 3284/3272/3272 3107/3093/3093
f 2943/2786/2786 3285/3273/3273 3045/3028/3028
f 2997/2916/2916 3329/3274/3274 2998/2987/2987
f 3107/3093/3093 3284/3272/3272 3286/3275/3275
f 3288/3276/3276 3289/3277/3277 2982/2969/2969
f 2966/2953/2953 3287/3278/3278 3290/3279/3279
f 2832/2823/2823 3322/3280/3280 2939/2928/2928
f 1950/2982/2982 2503/2495/2495 3291/3281/3281
f 1950/2982/2982 3291/3281/3281 3205/3192/3192
f 3045/3028/3028 3285/3273/3273 3226/3282/3282
f 3210/3197/3197 3293/3283/3283 3276/3264/3264
f 2922/2912/2912 3295/3284/3284 3240/3226/3226
f 3179/3166/3166 3107/3093/3093 3296/3285/3285
f 3179/3166/3166 3296/3285/3285 3297/3286/3286
f 2884/2906/2906 2964/2951/2951 3282/3269/3269
f 2922/2912/2912 3195/3202/3202 3295/3284/3284
f 2884/2906/2906 3462/3270/3270 3235/3220/3220
f 2982/2969/2969 3289/3277/3277 3239/3128/3128
f 3150/3135/3135 3244/3240/3240 3298/3287/3287
f 3016/3005/3005 3292/3288/3288 3185/3172/3172
f 3195/3202/3202 3299/3289/3289 3295/3284/3284
f 3301/3290/3290 3302/3291/3291 3303/3292/3292
f 2997/2916/2916 3305/3293/3293 3329/3274/3274
f 2795/2792/2792 2564/2791/2791 3306/3294/3294
f 3063/3049/3049 3251/3236/3236 3307/3295/3295
f 3075/3054/3054 3304/3296/3296 3151/3137/3137
f 2905/2894/2894 2904/2893/2893 3308/3297/3297
f 2905/2894/2894 3308/3297/3297 2966/2953/2953
f 3230/3228/3228 3310/3298/3298 3242/3229/3229
f 3277/3299/3299 3312/3300/3300 3230/3228/3228
f 3088/3071/3071 3249/3234/3234 3253/3301/3301
f 3249/3234/3234 3314/3302/3302 3253/3301/3301
f 3244/3240/3240 3085/3068/3068 3313/3303/3303
f 2930/2943/2943 3240/3226/3226 2969/2905/2905
f 3316/3304/3304 3247/3235/3235 2998/2987/2987
f 3316/3304/3304 3317/3305/3305 3247/3235/3235
f 3315/3306/3306 3303/3292/3292 3321/3307/3307
f 3045/3028/3028 3226/3282/3282 3159/3146/3146
f 2983/3308/3308 3324/3309/3309 3325/3310/3310
f 2917/2908/2908 3326/3311/3311 2962/2957/2957
f 3152/3138/3138 3327/3312/3312 3145/3139/3139
f 2998/2987/2987 3329/3274/3274 3316/3304/3304
f 3102/3088/3088 3330/3313/3313 3103/3087/3087
f 2959/2947/2947 3304/3296/3296 3075/3054/3054
f 3247/3235/3235 3317/3305/3305 3331/3314/3314
f 3260/3247/3247 3259/3246/3246 3332/3315/3315
f 3230/3228/3228 3312/3300/3300 3310/3298/3298
f 3318/3316/3316 3334/3317/3317 3309/3318/3318
f 3239/3128/3128 3311/3319/3319 3022/3126/3126
f 2943/2786/2786 2970/2955/2955 3285/3273/3273
f 2862/2852/2852 3187/3174/3174 3203/3252/3252
f 3130/3116/3116 3335/3320/3320 3143/3127/3127
f 2870/2860/2860 3211/3256/3256 2929/2920/2920
f 2870/2860/2860 3267/3255/3255 3211/3256/3256
f 3217/3207/3207 3337/3321/3321 3336/3208/3208
f 3218/3209/3209 3338/3322/3322 3190/3176/3176
f 2923/2927/2927 2962/2957/2957 2886/2875/2875
f 3311/3319/3319 3239/3128/3128 3340/3323/3323
f 3225/3213/3213 3213/3199/3199 3259/3246/3246
f 3333/3324/3324 3342/3325/3325 3320/3326/3326
f 3084/3161/3161 3182/3169/3169 3343/3327/3327
f 3084/3161/3161 3343/3327/3327 3232/3225/3225
f 3311/3319/3319 3340/3323/3323 3345/3328/3328
f 3022/3126/3126 3311/3319/3319 3253/3301/3301
f 3331/3314/3314 3348/3329/3329 3247/3235/3235
f 3182/3169/3169 3349/3330/3330 3343/3327/3327
f 3051/3032/3032 3248/3233/3233 3350/3331/3331
f 2904/2893/2893 3351/3332/3332 3308/3297/3297
f 3247/3235/3235 3348/3329/3329 3352/3333/3333
f 3355/3334/3334 3356/3335/3335 3350/3331/3331
f 3134/3119/3119 3207/3194/3194 3357/3336/3336
f 3134/3119/3119 3357/3336/3336 3256/3243/3243
f 3264/3251/3251 3253/3301/3301 3319/3337/3337
f 3107/3093/3093 3286/3275/3275 3296/3285/3285
f 3022/3126/3126 3253/3301/3301 3264/3251/3251
f 3353/3338/3338 3354/3339/3339 3127/3111/3111
f 3314/3302/3302 3319/3337/3337 3253/3301/3301
f 3359/3340/3340 3309/3318/3318 3323/3341/3341
f 2962/2957/2957 3360/3342/3342 2886/2875/2875
f 3323/3341/3341 3309/3318/3318 3131/3115/3115
f 3071/3050/3050 3063/3049/3049 3361/3343/3343
f 3071/3050/3050 3361/3343/3343 3241/3344/3344
f 3350/3331/3331 3356/3335/3335 3051/3032/3032
f 3333/3324/3324 3363/3345/3345 3342/3325/3325
f 3358/3346/3346 3142/3125/3125 3364/3347/3347
f 3362/3348/3348 3140/3136/3136 3354/3339/3339
f 3315/3306/3306 3321/3307/3307 3365/3349/3349
f 3220/3216/3216 3232/3225/3225 3300/3350/3350
f 3220/3216/3216 3300/3350/3350 3366/3351/3351
f 3364/3347/3347 3142/3125/3125 3140/3136/3136
f 3364/3347/3347 3140/3136/3136 3252/3231/3231
f 3367/3352/3352 3368/3353/3353 3369/3354/3354
f 3367/3352/3352 3370/3355/3355 3368/3353/3353
f 3053/3033/3033 3181/3167/3167 3371/3356/3356
f 3053/3033/3033 3371/3356/3356 3162/3149/3149
f 3238/3224/3224 3372/3357/3357 3237/3222/3222
f 3344/3358/3358 3261/3248/3248 3312/3300/3300
f 2773/2767/2767 3051/3032/3032 3201/3188/3188
f 3063/3049/3049 3346/3359/3359 3373/3360/3360
f 3245/3232/3232 3374/3361/3361 3246/3175/3175
f 3127/3111/3111 3354/3339/3339 3142/3125/3125
f 3309/3318/3318 3334/3317/3317 3130/3116/3116
f 3309/3318/3318 3130/3116/3116 3131/3115/3115
f 2902/2890/2890 3158/3145/3145 3376/3362/3362
f 3142/3125/3125 3354/3339/3339 3140/3136/3136
f 3289/3277/3277 3377/3363/3363 3239/3128/3128
f 3210/3197/3197 3278/3265/3265 3293/3283/3283
f 3151/3137/3137 3304/3296/3296 3378/3364/3364
f 3058/3038/3038 3177/3164/3164 3160/3147/3147
f 3276/3264/3264 3379/3365/3365 3283/3271/3271
f 3276/3264/3264 3283/3271/3271 3094/3079/3079
f 3063/3049/3049 3373/3360/3360 3361/3343/3343
f 3380/3366/3366 3145/3139/3139 3381/3367/3367
f 3382/3368/3368 3383/3369/3369 3384/3370/3370
f 3285/3273/3273 2970/2955/2955 3385/3371/3371
f 3320/3326/3326 3342/3325/3325 3269/3258/3258
f 3259/3246/3246 3213/3199/3199 3332/3315/3315
f 3340/3323/3323 3239/3128/3128 3387/3372/3372
f 3388/3373/3373 3389/3374/3374 3390/3375/3375
f 3384/3370/3370 3383/3369/3369 3391/3376/3376
f 3330/3313/3313 3102/3088/3088 3392/3377/3377
f 3051/3032/3032 3356/3335/3335 3201/3188/3188
f 3356/3335/3335 3375/3378/3378 3201/3188/3188
f 3145/3139/3139 3327/3312/3312 3393/3379/3379
f 3145/3139/3139 3393/3379/3379 3381/3367/3367
f 3378/3364/3364 3394/3380/3380 3151/3137/3137
f 2904/2893/2893 3341/2882/2882 3351/3332/3332
f 2902/2890/2890 3376/3362/3362 3231/3217/3217
f 3326/3311/3311 3395/3381/3381 2962/2957/2957
f 3396/3382/3382 3390/3375/3375 3397/3383/3383
f 2832/2823/2823 3204/3191/3191 3322/3280/3280
f 3158/3145/3145 3420/3242/3242 3376/3362/3362
f 2881/2869/2869 3400/3384/3384 2503/2495/2495
f 3271/3260/3260 3401/3385/3385 3102/3088/3088
f 3239/3128/3128 3377/3363/3363 3387/3372/3372
f 3402/3386/3386 3403/3387/3387 3302/3291/3291
f 3246/3175/3175 3374/3361/3361 3405/3388/3388
f 3182/3169/3169 3406/3389/3389 3407/3390/3390
f 3182/3169/3169 3407/3390/3390 3349/3330/3330
f 3329/3274/3274 3305/3293/3293 3408/3391/3391
f 3305/3293/3293 3409/3392/3392 3408/3391/3391
f 2962/2957/2957 3411/3393/3393 3360/3342/3342
f 2962/2957/2957 3410/3394/3394 3411/3393/3393
f 2969/2905/2905 3240/3226/3226 3412/3395/3395
f 3316/3304/3304 3329/3274/3274 3413/3396/3396
f 3308/3297/3297 3415/3397/3397 2966/2953/2953
f 3308/3297/3297 3351/3332/3332 3415/3397/3397
f 3269/3258/3258 3342/3325/3325 3270/3259/3259
f 3363/3345/3345 3416/3398/3398 3342/3325/3325
f 2962/2957/2957 3395/3381/3381 3410/3394/3394
f 2966/2953/2953 3415/3397/3397 3287/3278/3278
f 3383/3369/3369 3324/3309/3309 3391/3376/3376
f 3335/3320/3320 3130/3116/3116 3334/3317/3317
f 3299/3289/3289 3414/3399/3399 3295/3284/3284
f 3218/3209/3209 3113/3201/3201 3425/3400/3400
f 3397/3383/3383 3390/3375/3375 3426/3401/3401
f 3218/3209/3209 3213/3199/3199 3113/3201/3201
f 3292/3288/3288 3016/3005/3005 3274/3402/3402
f 3375/3378/3378 3423/3403/3403 3201/3188/3188
f 3336/3208/3208 3427/3404/3404 3200/3187/3187
f 3336/3208/3208 3419/3405/3405 3427/3404/3404
f 3213/3199/3199 3246/3175/3175 3332/3315/3315
f 3265/3253/3253 3203/3252/3252 3433/3406/3406
f 3265/3253/3253 3433/3406/3406 3428/3407/3407
f 3402/3386/3386 3429/3408/3408 3403/3387/3387
f 3232/3225/3225 3343/3327/3327 3300/3350/3350
f 3430/3409/3409 3431/3410/3410 3420/3242/3242
f 3287/3278/3278 3415/3397/3397 3389/3374/3374
f 3218/3209/3209 3246/3175/3175 3213/3199/3199
f 3170/3157/3157 3270/3259/3259 3171/3158/3158
f 3422/3204/3204 3432/3411/3411 3233/3218/3218
f 3389/3374/3374 3426/3401/3401 3390/3375/3375
f 3389/3374/3374 3415/3397/3397 3426/3401/3401
f 3113/3201/3201 3273/3262/3262 3425/3400/3400
f 3334/3317/3317 3318/3316/3316 3347/3412/3412
f 3404/3413/3413 3433/3406/3406 3203/3252/3252
f 3016/3005/3005 3201/3188/3188 3274/3402/3402
f 3295/3284/3284 3414/3399/3399 3434/3414/3414
f 3143/3127/3127 3335/3320/3320 3435/3415/3415
f 2983/3308/3308 3325/3310/3310 2915/3416/3416
f 3318/3316/3316 3436/3417/3417 3347/3412/3412
f 3375/3378/3378 3386/3418/3418 3423/3403/3403
f 3283/3271/3271 3379/3365/3365 3440/3419/3419
f 3246/3175/3175 3405/3388/3388 3332/3315/3315
f 3203/3252/3252 3477/3420/3420 3404/3413/3413
f 3207/3194/3194 3233/3218/3218 3444/3421/3421
f 3294/3223/3223 3328/3422/3422 3238/3224/3224
f 3276/3264/3264 3447/3423/3423 3379/3365/3365
f 3386/3418/3418 3417/3424/3424 3423/3403/3403
f 3126/3082/3082 3200/3187/3187 3450/3425/3425
f 3126/3082/3082 3450/3425/3425 3451/3426/3426
f 3363/3345/3345 3452/3427/3427 3416/3398/3398
f 3406/3389/3389 3457/3428/3428 3458/3429/3429
f 3406/3389/3389 3458/3429/3429 3407/3390/3390
f 3233/3218/3218 3445/3430/3430 3444/3421/3421
f 3102/3088/3088 3446/3431/3431 3442/3432/3432
f 3237/3222/3222 3372/3357/3357 3459/3433/3433
f 3237/3222/3222 3459/3433/3433 3271/3260/3260
f 3102/3088/3088 3440/3419/3419 3392/3377/3377
f 3102/3088/3088 3442/3432/3432 3440/3419/3419
f 3383/3369/3369 3460/3434/3434 3324/3309/3309
f 3461/3435/3435 3235/3220/3220 3462/3270/3270
f 3336/3208/3208 3463/3436/3436 3419/3405/3405
f 3203/3252/3252 3187/3174/3174 3477/3420/3420
f 3431/3410/3410 3465/3437/3437 3420/3242/3242
f 3303/3292/3292 3302/3291/3291 3403/3387/3387
f 3303/3292/3292 3403/3387/3387 3466/3438/3438
f 3303/3292/3292 3466/3438/3438 3321/3307/3307
f 3327/3312/3312 3464/3439/3439 3393/3379/3379
f 3379/3365/3365 3392/3377/3377 3440/3419/3419
f 3442/3432/3432 3446/3431/3431 3468/3440/3440
f 3442/3432/3432 3469/3441/3441 3440/3419/3419
f 3470/3442/3442 3471/3443/3443 3472/3444/3444
f 3292/3288/3288 3473/3445/3445 3474/3446/3446
f 3452/3427/3427 3476/3447/3447 3416/3398/3398
f 3455/3448/3448 3482/3449/3449 3454/3450/3450
f 3404/3413/3413 3477/3420/3420 3433/3406/3406
f 3300/3350/3350 3343/3327/3327 3478/3451/3451
f 3324/3309/3309 3460/3434/3434 3325/3310/3310
f 3454/3450/3450 3482/3449/3449 3456/3452/3452
f 3453/3453/3453 3448/3454/3454 3480/3455/3455
f 3465/3437/3437 3481/3456/3456 3420/3242/3242
f 3456/3452/3452 3482/3449/3449 3429/3408/3408
f 3200/3187/3187 3427/3404/3404 3450/3425/3425
f 3455/3448/3448 3472/3444/3444 3482/3449/3449
f 3452/3427/3427 3475/3457/3457 3476/3447/3447
f 3449/3458/3458 3486/3459/3459 3557/3460/3460
f 3449/3458/3458 3487/3461/3461 3448/3454/3454
f 3449/3458/3458 3557/3460/3460 3487/3461/3461
f 2651/2643/2643 3488/3462/3462 3187/3174/3174
f 3401/3385/3385 3489/3463/3463 3102/3088/3088
f 2964/2951/2951 3199/3186/3186 3282/3269/3269
f 3438/3464/3464 3467/3465/3465 3587/3466/3466
f 3438/3464/3464 3587/3466/3466 3437/3467/3467
f 3329/3274/3274 3490/3468/3468 3413/3396/3396
f 3329/3274/3274 3485/3469/3469 3490/3468/3468
f 3102/3088/3088 3489/3463/3463 3446/3431/3431
f 3275/3470/3470 3366/3351/3351 3492/3471/3471
f 2915/3416/3416 3325/3310/3310 3493/3472/3472
f 2915/3416/3416 3493/3472/3472 2984/3473/3473
f 3207/3194/3194 3444/3421/3421 3357/3336/3336
f 3494/3474/3474 3480/3455/3455 3495/3475/3475
f 3312/3300/3300 3441/3476/3476 3310/3298/3298
f 3238/3224/3224 3328/3422/3422 3496/3477/3477
f 2959/2947/2947 2960/2948/2948 3497/3478/3478
f 2959/2947/2947 3497/3478/3478 3491/3479/3479
f 3368/3353/3353 3370/3355/3355 3668/3480/3480
f 3312/3300/3300 3498/3481/3481 3441/3476/3476
f 3270/3259/3259 3342/3325/3325 3171/3158/3158
f 3499/3482/3482 3500/3483/3483 3567/3484/3484
f 3499/3482/3482 3567/3484/3484 3501/3485/3485
f 3126/3082/3082 3498/3481/3481 3261/3248/3248
f 3448/3454/3454 3487/3461/3461 3480/3455/3455
f 3477/3420/3420 3187/3174/3174 3502/3486/3486
f 3360/3342/3342 3411/3393/3393 3503/3487/3487
f 3351/3332/3332 3341/2882/2882 3504/3488/3488
f 3507/3489/3489 3508/3490/3490 3509/3491/3491
f 3464/3439/3439 3479/3492/3492 3510/3493/3493
f 3464/3439/3439 3510/3493/3493 3393/3379/3379
f 3508/3490/3490 3511/3494/3494 3509/3491/3491
f 3472/3444/3444 3471/3443/3443 3512/3495/3495
f 3472/3444/3444 3512/3495/3495 3482/3449/3449
f 3334/3317/3317 3347/3412/3412 3335/3320/3320
f 3292/3288/3288 3274/3402/3402 3473/3445/3445
f 3312/3300/3300 3261/3248/3248 3498/3481/3481
f 3433/3406/3406 3513/3496/3496 3483/3497/3497
f 3393/3379/3379 3510/3493/3493 3514/3498/3498
f 3479/3492/3492 3515/3499/3499 3510/3493/3493
f 3451/3426/3426 3450/3425/3425 3517/3500/3500
f 3360/3342/3342 3503/3487/3487 2886/2875/2875
f 3256/3243/3243 3357/3336/3336 3421/3501/3501
f 2924/3502/3502 2844/3503/3503 3519/3504/3504
f 2924/3502/3502 3519/3504/3504 3398/3505/3505
f 3416/3398/3398 3520/3506/3506 3342/3325/3325
f 3433/3406/3406 3477/3420/3420 3513/3496/3496
f 3300/3350/3350 3521/3507/3507 3366/3351/3351
f 3295/3284/3284 3434/3414/3414 3523/3508/3508
f 3295/3284/3284 3523/3508/3508 3240/3226/3226
f 3401/3385/3385 3271/3260/3260 3526/3509/3509
f 3351/3332/3332 3504/3488/3488 3415/3397/3397
f 3321/3307/3307 3527/3510/3510 3528/3511/3511
f 3321/3307/3307 3528/3511/3511 3365/3349/3349
f 3126/3082/3082 3451/3426/3426 3647/3512/3512
f 2886/2875/2875 3503/3487/3487 3199/3186/3186
f 3238/3224/3224 3496/3477/3477 3531/3513/3513
f 3126/3082/3082 3647/3512/3512 3498/3481/3481
f 3529/3514/3514 3530/3515/3515 3534/3516/3516
f 3267/3255/3255 3484/3517/3517 3211/3256/3256
f 3534/3516/3516 3536/3518/3518 3537/3519/3519
f 3415/3397/3397 3518/3520/3520 3426/3401/3401
f 3534/3516/3516 3530/3515/3515 3536/3518/3518
f 3366/3351/3351 3538/3521/3521 3492/3471/3471
f 3341/2882/2882 2895/2881/2881 3504/3488/3488
f 3335/3320/3320 3742/3522/3522 3435/3415/3415
f 3502/3486/3486 3533/3523/3523 3477/3420/3420
f 3530/3515/3515 3529/3514/3514 3539/3524/3524
f 3540/3525/3525 3541/3526/3526 3558/3527/3527
f 3542/3528/3528 3543/3529/3529 3544/3530/3530
f 3437/3467/3467 3587/3466/3466 3439/3531/3531
f 3542/3528/3528 3495/3475/3475 3543/3529/3529
f 3500/3483/3483 3524/3532/3532 3567/3484/3484
f 2969/2905/2905 3545/3533/3533 2651/2643/2643
f 3495/3475/3475 3547/3534/3534 3543/3529/3529
f 3416/3398/3398 3546/3535/3535 3520/3506/3506
f 3365/3349/3349 3528/3511/3511 3424/3536/3536
f 3408/3391/3391 3485/3469/3469 3329/3274/3274
f 3480/3455/3455 3487/3461/3461 3547/3534/3534
f 3524/3532/3532 3525/3537/3537 3567/3484/3484
f 3347/3412/3412 3436/3417/3417 3635/3538/3538
f 3231/3217/3217 3376/3362/3362 3443/3539/3539
f 3548/3540/3540 3549/3541/3541 3550/3542/3542
f 3540/3525/3525 3551/3543/3543 3552/3544/3544
f 3419/3405/3405 3463/3436/3436 3553/3545/3545
f 3424/3536/3536 3528/3511/3511 3506/3546/3546
f 3414/3399/3399 3554/3547/3547 3434/3414/3414
f 3548/3540/3540 3555/3548/3548 3549/3541/3541
f 3233/3218/3218 3432/3411/3411 3445/3430/3430
f 3335/3320/3320 3347/3412/3412 3636/3549/3549
f 3551/3543/3543 3540/3525/3525 3558/3527/3527
f 3281/3268/3268 3280/3267/3267 3559/3550/3550
f 3486/3459/3459 3560/3551/3551 3557/3460/3460
f 3281/3268/3268 3559/3550/3550 3561/3552/3552
f 3496/3477/3477 3328/3422/3422 3562/3553/3553
f 3496/3477/3477 3562/3553/3553 3563/3554/3554
f 3556/3555/3555 3565/3556/3556 3484/3517/3517
f 3532/3557/3557 3462/3270/3270 3282/3269/3269
f 3525/3537/3537 3566/3558/3558 3567/3484/3484
f 3501/3485/3485 3567/3484/3484 3568/3559/3559
f 3504/3488/3488 2895/2881/2881 3591/3560/3560
f 3342/3325/3325 3569/3561/3561 3171/3158/3158
f 3427/3404/3404 3570/3562/3562 3450/3425/3425
f 3536/3518/3518 3571/3563/3563 3537/3519/3519
f 3514/3498/3498 3510/3493/3493 3572/3564/3564
f 3477/3420/3420 3574/3565/3565 3564/3566/3566
f 3477/3420/3420 3564/3566/3566 3513/3496/3496
f 2969/2905/2905 3412/3395/3395 3545/3533/3533
f 3419/3405/3405 3553/3545/3545 3427/3404/3404
f 3484/3517/3517 3565/3556/3556 3211/3256/3256
f 3507/3489/3489 3509/3491/3491 3575/3567/3567
f 3476/3447/3447 3546/3535/3535 3416/3398/3398
f 3339/3568/3568 3492/3471/3569 3576/3569/3570
f 3372/3357/3357 3577/3570/3571 3459/3433/3433
f 3199/3186/3186 3503/3487/3487 3578/3571/3572
f 3429/3408/3408 3579/3572/3573 3679/3573/3574
f 3429/3408/3408 3679/3573/3574 3403/3387/3387
f 3566/3558/3558 3580/3574/3575 3581/3575/3576
f 3238/3224/3224 3582/3576/3577 3372/3357/3357
f 3238/3224/3224 3531/3513/3513 3582/3576/3577
f 3502/3486/3486 3187/3174/3174 3488/3462/3462
f 3502/3486/3486 3488/3462/3462 3685/3577/3578
f 3583/3578/3579 3505/3579/3580 3584/3580/3581
f 3510/3493/3493 3585/3581/3582 3663/3582/3583
f 3510/3493/3493 3663/3582/3583 3572/3564/3564
f 3466/3438/3438 3403/3387/3387 3588/3583/3584
f 3505/3579/3580 3368/3353/3353 3584/3580/3581
f 3580/3574/3575 3589/3584/3585 3581/3575/3576
f 3282/3269/3269 3199/3186/3186 3578/3571/3572
f 3282/3269/3269 3578/3571/3572 3590/3585/3586
f 3211/3256/3256 3591/3560/3560 2895/2881/2881
f 3555/3548/3548 3592/3586/3587 3549/3541/3541
f 3366/3351/3351 3521/3507/3507 3538/3521/3521
f 3593/3587/3588 3594/3588/3589 3595/3589/3590
f 3300/3350/3350 3596/3590/3591 3521/3507/3507
f 3597/3591/3592 3598/3592/3593 3589/3584/3585
f 3502/3486/3486 3685/3577/3578 3599/3593/3594
f 3357/3336/3336 3522/3594/3595 3421/3501/3501
f 3517/3500/3500 3600/3595/3596 3451/3426/3426
f 3550/3542/3542 3549/3541/3541 3601/3596/3597
f 3427/3404/3404 3553/3545/3545 3570/3562/3562
f 3423/3403/3403 3573/3597/3598 3201/3188/3188
f 3423/3403/3403 3602/3598/3599 3573/3597/3598
f 3480/3455/3455 3547/3534/3534 3495/3475/3475
f 3603/3599/3600 3595/3589/3590 3604/3600/3601
f 3521/3507/3507 3605/3601/3602 3538/3521/3521
f 3280/3267/3267 3606/3602/3603 3559/3550/3550
f 3607/3603/3604 3608/3604/3605 3609/3605/3606
f 3321/3307/3307 3466/3438/3438 3527/3510/3510
f 3518/3520/3520 3610/3606/3607 3611/3607/3608
f 3594/3588/3589 3544/3530/3530 3595/3589/3590
f 3520/3506/3506 3546/3535/3535 3674/3608/3609
f 3538/3521/3521 3612/3609/3610 3492/3471/3471
f 3445/3430/3430 3691/3610/3611 3444/3421/3421
f 3274/3402/3402 3613/3611/3612 3473/3445/3445
f 3544/3530/3530 3543/3529/3529 3614/3612/3613
f 3544/3530/3530 3614/3612/3613 3595/3589/3590
f 3615/3613/3614 3611/3607/3608 3610/3606/3607
f 3615/3613/3614 3610/3606/3607 3616/3614/3615
f 3618/3615/3616 3619/3616/3617 3620/3617/3618
f 3566/3558/3558 3581/3575/3576 3567/3484/3484
f 3502/3486/3486 3599/3593/3594 3533/3523/3523
f 3570/3562/3562 3553/3545/3545 3621/3618/3619
f 3518/3520/3520 3415/3397/3397 3610/3606/3607
f 3504/3488/3488 3617/3619/3620 3415/3397/3397
f 3578/3571/3572 3503/3487/3487 3623/3620/3621
f 3578/3571/3572 3623/3620/3621 3624/3621/3622
f 3496/3477/3477 3625/3622/3623 3531/3513/3513
f 3626/3623/3624 3627/3624/3625 3628/3625/3626
f 3450/3425/3425 3570/3562/3562 3517/3500/3500
f 3160/3147/3147 3177/3164/3164 3629/3626/3627
f 3415/3397/3397 3617/3619/3620 3610/3606/3607
f 3609/3605/3606 3608/3604/3605 3630/3627/3628
f 3609/3605/3606 3630/3627/3628 3631/3628/3629
f 3342/3325/3325 3520/3506/3506 3632/3629/3630
f 3342/3325/3325 3632/3629/3630 3569/3561/3561
f 3539/3524/3524 3529/3514/3514 3633/3630/3631
f 3541/3526/3526 3634/3631/3632 3558/3527/3527
f 3347/3412/3412 3635/3538/3538 3636/3549/3549
f 3434/3414/3414 3554/3547/3547 3637/3632/3633
f 3638/3633/3634 3604/3600/3601 3614/3612/3613
f 3638/3633/3634 3614/3612/3613 3619/3616/3617
f 3565/3556/3556 3639/3634/3635 3211/3256/3256
f 3408/3391/3391 3516/3635/3636 3485/3469/3469
f 3598/3592/3593 3640/3636/3637 3628/3625/3626
f 3325/3310/3310 3460/3434/3434 3493/3472/3472
f 3181/3167/3167 3641/3637/3638 3371/3356/3356
f 3444/3421/3421 3642/3638/3639 3357/3336/3336
f 3444/3421/3421 3691/3610/3611 3642/3638/3639
f 3335/3320/3320 3636/3549/3549 3742/3522/3522
f 3601/3596/3597 3549/3541/3541 3643/3639/3640
f 3481/3456/3456 3645/3640/3641 3420/3242/3242
f 3481/3456/3456 3646/3641/3642 3645/3640/3641
f 3600/3595/3596 3647/3512/3512 3451/3426/3426
f 3201/3188/3188 3648/3642/3643 3274/3402/3402
f 3201/3188/3188 3573/3597/3598 3649/3643/3644
f 3201/3188/3188 3649/3643/3644 3648/3642/3643
f 3600/3595/3596 3517/3500/3500 3650/3644/3645
f 3651/3645/3646 3652/3646/3647 3653/3647/3648
f 3651/3645/3646 3653/3647/3648 3654/3648/3649
f 3537/3519/3519 3655/3649/3650 3534/3516/3516
f 3609/3605/3606 3656/3650/3651 3607/3603/3604
f 3589/3584/3585 3598/3592/3593 3581/3575/3576
f 3211/3256/3256 3639/3634/3635 3591/3560/3560
f 3376/3362/3362 3420/3242/3242 3657/3651/3652
f 3441/3476/3476 3658/3652/3653 3310/3298/3298
f 3420/3242/3242 3645/3640/3641 3657/3651/3652
f 3504/3488/3488 3591/3560/3560 3617/3619/3620
f 3558/3527/3527 3634/3631/3632 3661/3653/3654
f 3558/3527/3527 3661/3653/3654 3659/3654/3655
f 3595/3589/3590 3614/3612/3613 3604/3600/3601
f 3584/3580/3581 3368/3353/3353 3662/3655/3656
f 3592/3586/3587 3664/3656/3657 3549/3541/3541
f 3434/3414/3414 3637/3632/3633 3523/3508/3508
f 3621/3618/3619 3666/3657/3658 3570/3562/3562
f 3592/3586/3587 3660/3658/3659 3664/3656/3657
f 3160/3147/3147 3629/3626/3627 3667/3659/3660
f 3443/3539/3539 3376/3362/3362 3670/3660/3661
f 3598/3592/3593 3628/3625/3626 3581/3575/3576
f 3398/3505/3505 3519/3504/3504 3399/3661/3662
f 3570/3562/3562 3666/3657/3658 3671/3662/3663
f 3608/3604/3605 3607/3603/3604 3673/3663/3664
f 3608/3604/3605 3673/3663/3664 3672/3664/3665
f 3522/3594/3595 3357/3336/3336 3675/3665/3666
f 3574/3565/3565 3477/3420/3420 3669/3666/3667
f 3543/3529/3529 3567/3484/3484 3581/3575/3576
f 3543/3529/3529 3547/3534/3534 3567/3484/3484
f 3676/3667/3668 3677/3668/3669 3678/3669/3670
f 3570/3562/3562 3671/3662/3663 3517/3500/3500
f 3240/3226/3226 3523/3508/3508 3412/3395/3395
f 3680/3670/3671 3681/3671/3672 3682/3672/3673
f 3680/3670/3671 3682/3672/3673 3683/3673/3674
f 3684/3674/3675 3671/3662/3663 3666/3657/3658
f 3639/3634/3635 3686/3675/3676 3591/3560/3560
f 3181/3167/3167 3177/3164/3164 3641/3637/3638
f 3627/3624/3625 3678/3669/3670 3628/3625/3626
f 3619/3616/3617 3614/3612/3613 3620/3617/3618
f 3581/3575/3576 3614/3612/3613 3543/3529/3529
f 3477/3420/3420 3533/3523/3523 3669/3666/3667
f 3403/3387/3387 3679/3573/3574 3588/3583/3584
f 3177/3164/3164 3181/3167/3167 3629/3626/3627
f 3418/3676/3677 3310/3298/3298 3693/3677/3678
f 3409/3392/3392 3694/3678/3679 3695/3679/3680
f 3409/3392/3392 3695/3679/3680 3408/3391/3391
f 3687/3680/3681 3439/3531/3531 3668/3480/3480
f 3687/3680/3681 3668/3480/3480 3696/3681/3682
f 3509/3491/3491 3511/3494/3494 3697/3682/3683
f 3509/3491/3491 3697/3682/3683 3673/3663/3664
f 3591/3560/3560 3692/3683/3684 3617/3619/3620
f 3408/3391/3391 3695/3679/3680 3516/3635/3636
f 3509/3491/3491 3673/3663/3664 3698/3684/3685
f 3527/3510/3510 3466/3438/3438 3700/3685/3686
f 3672/3664/3665 3673/3663/3664 3697/3682/3683
f 3700/3685/3686 3702/3686/3687 3527/3510/3510
f 3616/3614/3615 3610/3606/3607 3703/3687/3688
f 3616/3614/3615 3703/3687/3688 3681/3671/3672
f 3482/3449/3449 3512/3495/3495 3579/3572/3573
f 3482/3449/3449 3579/3572/3573 3429/3408/3408
f 3705/3688/3689 3690/3689/3690 3706/3690/3691
f 3705/3688/3689 3706/3690/3691 3707/3691/3692
f 3527/3510/3510 3702/3686/3687 3708/3692/3693
f 3527/3510/3510 3708/3692/3693 3528/3511/3511
f 3656/3650/3651 3709/3693/3694 3607/3603/3604
f 3707/3691/3692 3706/3690/3691 3710/3694/3695
f 3644/3695/3696 3435/3415/3415 3711/3696/3697
f 3677/3668/3669 3620/3617/3618 3614/3612/3613
f 3677/3668/3669 3614/3612/3613 3678/3669/3670
f 3681/3671/3672 3703/3687/3688 3682/3672/3673
f 3534/3516/3516 3713/3697/3698 3529/3514/3514
f 3274/3402/3402 3648/3642/3643 3714/3698/3699
f 3487/3461/3461 3704/3699/3700 3547/3534/3534
f 3656/3650/3651 3715/3700/3701 3709/3693/3694
f 3631/3628/3629 3716/3701/3702 3609/3605/3606
f 3549/3541/3541 3664/3656/3657 3643/3639/3640
f 3607/3603/3604 3709/3693/3694 3673/3663/3664
f 3528/3511/3511 3708/3692/3693 3506/3546/3546
f 3609/3605/3606 3717/3702/3703 3656/3650/3651
f 3432/3411/3411 3622/3703/3704 3445/3430/3430
f 3557/3460/3460 3719/3704/3705 3487/3461/3461
f 3368/3353/3353 3668/3480/3480 3720/3705/3706
f 3368/3353/3353 3720/3705/3706 3662/3655/3656
f 3689/3706/3707 3701/3707/3708 3690/3689/3690
f 2853/3708/3709 3228/3709/3710 3721/3710/3711
f 2853/3708/3709 3721/3710/3711 2843/3711/3712
f 2651/2643/2643 3545/3533/3533 3488/3462/3462
f 3357/3336/3336 3642/3638/3639 3675/3665/3666
f 3678/3669/3670 3581/3575/3576 3628/3625/3626
f 3678/3669/3670 3614/3612/3613 3581/3575/3576
f 3712/3712/3713 3436/3417/3417 3688/3713/3714
f 3567/3484/3484 3547/3534/3534 3568/3559/3559
f 3466/3438/3438 3741/3714/3715 3700/3685/3686
f 3466/3438/3438 3588/3583/3584 3741/3714/3715
f 3609/3605/3606 3716/3701/3702 3717/3702/3703
f 3445/3430/3430 3718/3715/3716 3723/3716/3717
f 3445/3430/3430 3723/3716/3717 3691/3610/3611
f 3663/3582/3583 3724/3717/3718 3572/3564/3564
f 3613/3611/3612 3274/3402/3402 3714/3698/3699
f 3698/3684/3685 3673/3663/3664 3722/3718/3719
f 3647/3512/3512 3600/3595/3596 3725/3719/3720
f 3591/3560/3560 3686/3675/3676 3692/3683/3684
f 3711/3696/3697 3435/3415/3415 3726/3720/3721
f 3712/3712/3713 3727/3721/3722 3436/3417/3417
f 3617/3619/3620 3692/3683/3684 3728/3722/3723
f 3685/3577/3578 3729/3723/3724 3599/3593/3594
f 3679/3573/3574 3731/3724/3725 3588/3583/3584
f 3632/3629/3630 3520/3506/3506 3732/3725/3726
f 3664/3656/3657 3660/3658/3659 3733/3726/3727
f 3664/3656/3657 3733/3726/3727 3734/3727/3728
f 3735/3728/3729 3736/3729/3730 3671/3662/3663
f 3517/3500/3500 3671/3662/3663 3699/3730/3731
f 3600/3595/3596 3650/3644/3645 3737/3731/3732
f 3600/3595/3596 3737/3731/3732 3725/3719/3720
f 3310/3298/3298 3658/3652/3653 3693/3677/3678
f 3599/3593/3594 3729/3723/3724 3533/3523/3523
f 3738/3732/3733 3739/3733/3734 3740/3734/3735
f 3707/3691/3692 3710/3694/3695 3743/3735/3736
f 3517/3500/3500 3744/3736/3737 3650/3644/3645
f 3534/3516/3516 3655/3649/3650 3713/3697/3698
f 3439/3531/3531 3746/3737/3738 3668/3480/3480
f 3673/3663/3664 3709/3693/3694 3781/3738/3739
f 3717/3702/3703 3747/3739/3740 3656/3650/3651
f 3656/3650/3651 3748/3740/3741 3715/3700/3701
f 3557/3460/3460 3560/3551/3551 3719/3704/3705
f 3747/3739/3740 3748/3740/3741 3656/3650/3651
f 3587/3466/3466 3665/3741/3742 3749/3742/3743
f 3445/3430/3430 3751/3743/3744 3718/3715/3716
f 3740/3734/3735 3739/3733/3734 3750/3744/3745
f 3693/3677/3678 3658/3652/3653 3752/3745/3746
f 3753/3746/3747 3754/3747/3748 3755/3748/3749
f 3412/3395/3395 3523/3508/3508 3545/3533/3533
f 3587/3466/3466 3749/3742/3743 3439/3531/3531
f 3648/3642/3643 3649/3643/3644 3756/3749/3750
f 3648/3642/3643 3756/3749/3750 3757/3750/3751
f 3759/3751/3752 3760/3752/3753 3761/3753/3754
f 3709/3693/3694 3710/3694/3695 3706/3690/3691
f 3460/3434/3434 3586/3754/3755 3763/3755/3756
f 3460/3434/3434 3764/3756/3757 3493/3472/3472
f 3460/3434/3434 3763/3755/3756 3764/3756/3757
f 3617/3619/3620 3728/3722/3723 3610/3606/3607
f 3709/3693/3694 3715/3700/3701 3710/3694/3695
f 3445/3430/3430 3622/3703/3704 3766/3757/3758
f 3445/3430/3430 3766/3757/3758 3751/3743/3744
f 3706/3690/3691 3690/3689/3690 3767/3758/3759
f 3512/3495/3495 3768/3759/3760 3579/3572/3573
f 3547/3534/3534 3704/3699/3700 3568/3559/3559
f 3523/3508/3508 3882/3760/3761 3545/3533/3533
f 3747/3739/3740 3758/3761/3762 3748/3740/3741
f 3561/3552/3552 3559/3550/3550 3770/3762/3763
f 3561/3552/3552 3770/3762/3763 3771/3763/3764
f 3743/3735/3736 3710/3694/3695 3772/3764/3765
f 3743/3735/3736 3772/3764/3765 3739/3733/3734
f 1828/1819/1819 2850/2840/2840 3773/3765/3766
f 3659/3654/3655 3661/3653/3654 3774/3766/3767
f 3739/3733/3734 3772/3764/3765 3775/3767/3768
f 3739/3733/3734 3775/3767/3768 3750/3744/3745
f 3761/3753/3754 3760/3752/3753 3776/3768/3769
f 3761/3753/3754 3776/3768/3769 3777/3769/3770
f 3485/3469/3469 3779/3770/3771 3490/3468/3468
f 3485/3469/3469 3769/3771/3772 3779/3770/3771
f 3664/3656/3657 3734/3727/3728 3643/3639/3640
f 3673/3663/3664 3781/3738/3739 3782/3772/3773
f 3673/3663/3664 3782/3772/3773 3722/3718/3719
f 3679/3573/3574 3579/3572/3573 3783/3773/3774
f 2984/3473/3473 3493/3472/3472 3785/3774/3775
f 3786/3775/3776 3787/3776/3777 3788/3777/3778
f 3634/3631/3632 3789/3778/3779 3661/3653/3654
f 3706/3690/3691 3767/3758/3759 3790/3779/3780
f 3706/3690/3691 3790/3779/3780 3709/3693/3694
f 3498/3481/3481 3647/3512/3512 3725/3719/3720
f 3755/3748/3749 3754/3747/3748 3793/3780/3781
f 3517/3500/3500 3699/3730/3731 3744/3736/3737
f 3636/3549/3549 3795/3781/3782 3796/3782/3783
f 3636/3549/3549 3796/3782/3783 3742/3522/3522
f 3516/3635/3636 3791/3783/3784 3485/3469/3469
f 3568/3559/3559 3704/3699/3700 3745/3784/3785
f 3635/3538/3538 3436/3417/3417 3797/3785/3786
f 3512/3495/3495 3798/3786/3787 3768/3759/3760
f 3730/3787/3788 3669/3666/3667 3820/3788/3789
f 3704/3699/3700 3487/3461/3461 3799/3789/3790
f 3728/3722/3723 3692/3683/3684 3792/3790/3791
f 3485/3469/3469 3791/3783/3784 3800/3791/3792
f 3754/3747/3748 3801/3792/3793 3793/3780/3781
f 3701/3707/3708 3784/3793/3794 3690/3689/3690
f 3487/3461/3461 3719/3704/3705 3799/3789/3790
f 3804/3794/3795 3805/3795/3796 3802/3796/3797
f 3758/3761/3762 3806/3797/3798 3748/3740/3741
f 3758/3761/3762 3807/3798/3799 3806/3797/3798
f 3610/3606/3607 3792/3790/3791 3703/3687/3688
f 3691/3610/3611 3808/3799/3800 3642/3638/3639
f 3713/3697/3698 3655/3649/3650 3809/3800/3801
f 3713/3697/3698 3809/3800/3801 3529/3514/3514
f 3728/3722/3723 3792/3790/3791 3610/3606/3607
f 3762/3801/3802 3810/3802/3803 3554/3547/3547
f 3533/3523/3523 3729/3723/3724 3811/3803/3804
f 3813/3804/3805 3788/3777/3778 3815/3805/3806
f 3813/3804/3805 3815/3805/3806 3812/3806/3807
f 1828/1819/1819 3773/3765/3766 2840/2832/2832
f 3669/3666/3667 3533/3523/3523 3820/3788/3789
f 3813/3804/3805 3786/3775/3776 3788/3777/3778
f 3436/3417/3417 3814/3807/3808 3797/3785/3786
f 3671/3662/3663 3736/3729/3730 3699/3730/3731
f 3436/3417/3417 3727/3721/3722 3814/3807/3808
f 3650/3644/3645 3744/3736/3737 3737/3731/3732
f 3435/3415/3415 3742/3522/3522 3726/3720/3721
f 3588/3583/3584 3817/3808/3809 3741/3714/3715
f 3730/3787/3788 3820/3788/3789 3821/3809/3810
f 3498/3481/3481 3725/3719/3720 3441/3476/3476
f 3690/3689/3690 3784/3793/3794 3822/3810/3811
f 3690/3689/3690 3822/3810/3811 3767/3758/3759
f 3679/3573/3574 3783/3773/3774 3823/3811/3812
f 3661/3653/3654 3824/3812/3813 3825/3813/3814
f 3661/3653/3654 3825/3813/3814 3774/3766/3767
f 3632/3629/3630 3732/3725/3726 3828/3814/3815
f 3488/3462/3462 3829/3815/3816 3685/3577/3578
f 3731/3724/3725 3830/3816/3817 3588/3583/3584
f 3606/3602/3603 3831/3817/3818 3559/3550/3550
f 3606/3602/3603 3832/3818/3819 3831/3817/3818
f 3516/3635/3636 3695/3679/3680 3791/3783/3784
f 3704/3699/3700 3799/3789/3790 3745/3784/3785
f 3535/3819/3820 2840/2832/2832 3833/3820/3821
f 3731/3724/3725 3679/3573/3574 3823/3811/3812
f 3731/3724/3725 3823/3811/3812 3834/3821/3822
f 3545/3533/3533 3882/3760/3761 3827/3822/3823
f 3795/3781/3782 3636/3549/3549 3837/3823/3824
f 3838/3824/3825 3839/3825/3826 3840/3826/3827
f 3439/3531/3531 3749/3742/3743 3746/3737/3738
f 3725/3719/3720 3841/3827/3828 3441/3476/3476
f 3691/3610/3611 3723/3716/3717 4138/3828/3829
f 3691/3610/3611 4138/3828/3829 3808/3799/3800
f 3734/3727/3728 3842/3829/3830 3643/3639/3640
f 3642/3638/3639 3843/3830/3831 3675/3665/3666
f 3733/3726/3727 3836/3831/3832 3842/3829/3830
f 3733/3726/3727 3842/3829/3830 3734/3727/3728
f 3765/3832/3833 3780/3833/3834 3844/3834/3835
f 3765/3832/3833 3844/3834/3835 3665/3741/3742
f 3228/3709/3710 3845/3835/3836 3721/3710/3711
f 3821/3809/3810 3820/3788/3789 3736/3729/3730
f 3488/3462/3462 3545/3533/3533 3829/3815/3816
f 3554/3547/3547 3810/3802/3803 3846/3836/3837
f 3554/3547/3547 3846/3836/3837 3637/3632/3633
f 3719/3704/3705 3847/3837/3838 3799/3789/3790
f 3848/3838/3839 3849/3839/3840 3851/3840/3841
f 3741/3714/3715 3817/3808/3809 3852/3841/3842
f 3634/3631/3632 3854/3842/3843 3789/3778/3779
f 3668/3480/3480 3746/3737/3738 3720/3705/3706
f 3770/3762/3763 3559/3550/3550 3831/3817/3818
f 3855/3843/3844 3789/3778/3779 3653/3647/3648
f 3856/3844/3845 3816/3845/3846 3643/3639/3640
f 3855/3843/3844 3661/3653/3654 3789/3778/3779
f 3662/3655/3656 3720/3705/3706 3857/3846/3847
f 3725/3719/3720 3737/3731/3732 3841/3827/3828
f 3665/3741/3742 3844/3834/3835 3858/3847/3848
f 3804/3794/3795 3850/3848/3849 3805/3795/3796
f 3635/3538/3538 3837/3823/3824 3636/3549/3549
f 3661/3653/3654 3855/3843/3844 3859/3849/3850
f 3643/3639/3640 3842/3829/3830 3856/3844/3845
f 3856/3844/3845 3842/3829/3830 3860/3850/3851
f 3802/3796/3797 3805/3795/3796 3803/3851/3852
f 3781/3738/3739 3709/3693/3694 3790/3779/3780
f 3815/3805/3806 3788/3777/3778 3862/3852/3853
f 3818/3853/3854 3819/3854/3855 3863/3855/3856
f 3818/3853/3854 3863/3855/3856 3864/3856/3857
f 3752/3745/3746 3658/3652/3653 3865/3857/3858
f 3752/3745/3746 3865/3857/3858 3866/3858/3859
f 3685/3577/3578 3811/3803/3804 3729/3723/3724
f 3732/3725/3726 3867/3859/3860 3828/3814/3815
f 3736/3729/3730 3868/3860/3861 3869/3861/3862
f 3736/3729/3730 3869/3861/3862 3870/3862/3863
f 3736/3729/3730 3870/3862/3863 3699/3730/3731
f 3441/3476/3476 3841/3827/3828 3873/3863/3864
f 3441/3476/3476 3873/3863/3864 3874/3864/3865
f 3569/3561/3561 3632/3629/3630 3875/3865/3866
f 3860/3850/3851 3842/3829/3830 3884/3866/3867
f 3860/3850/3851 3884/3866/3867 3876/3867/3868
f 3545/3533/3533 3827/3822/3823 3829/3815/3816
f 3661/3653/3654 3877/3868/3869 3824/3812/3813
f 3633/3630/3631 3529/3514/3514 3853/3869/3870
f 3710/3694/3695 3715/3700/3701 3772/3764/3765
f 3632/3629/3630 3879/3870/3871 3875/3865/3866
f 3731/3724/3725 3834/3821/3822 3880/3871/3872
f 3736/3729/3730 3820/3788/3789 3868/3860/3861
f 3632/3629/3630 3828/3814/3815 3879/3870/3871
f 3637/3632/3633 3882/3760/3761 3523/3508/3508
f 3731/3724/3725 3880/3871/3872 3830/3816/3817
f 3883/3872/3873 3884/3866/3867 3836/3831/3832
f 3649/3643/3644 3878/3873/3874 3756/3749/3750
f 3441/3476/3476 3874/3864/3865 3658/3652/3653
f 3746/3737/3738 3749/3742/3743 3720/3705/3706
f 3744/3736/3737 3699/3730/3731 3737/3731/3732
f 3715/3700/3701 3748/3740/3741 3806/3797/3798
f 3782/3772/3773 3826/3874/3875 3885/3875/3876
f 3665/3741/3742 3858/3847/3848 3749/3742/3743
f 3887/3876/3877 3888/3877/3878 3889/3878/3879
f 3588/3583/3584 3830/3816/3817 3817/3808/3809
f 3781/3738/3739 3826/3874/3875 3782/3772/3773
f 3533/3523/3523 4063/3879/3880 3891/3880/3881
f 3767/3758/3759 3893/3881/3882 3790/3779/3780
f 3839/3825/3826 3894/3882/3883 3895/3883/3884
f 3894/3882/3883 3896/3884/3885 3895/3883/3884
f 3842/3829/3830 3836/3831/3832 3884/3866/3867
f 2843/3711/3712 3898/3885/3886 2842/3886/3887
f 3780/3833/3834 3897/3887/3888 3844/3834/3835
f 3839/3825/3826 3899/3888/3889 3840/3826/3827
f 3839/3825/3826 3895/3883/3884 3899/3888/3889
f 3533/3523/3523 3811/3803/3804 4063/3879/3880
f 3799/3789/3790 3847/3837/3838 3900/3889/3890
f 3850/3848/3849 3901/3890/3891 3805/3795/3796
f 3819/3854/3855 3902/3891/3892 3863/3855/3856
f 3772/3764/3765 3903/3892/3893 3775/3767/3768
f 3781/3738/3739 3790/3779/3780 3826/3874/3875
f 3715/3700/3701 3806/3797/3798 3772/3764/3765
f 3819/3854/3855 3835/3893/3894 3902/3891/3892
f 3905/3894/3895 3790/3779/3780 3906/3895/3896
f 3907/3896/3897 3909/3897/3898 3908/3898/3899
f 3882/3760/3761 3637/3632/3633 3912/3899/3900
f 3879/3870/3871 3828/3814/3815 3913/3900/3901
f 3914/3901/3902 3915/3902/3903 3831/3817/3818
f 3914/3901/3902 3831/3817/3818 3832/3818/3819
f 3790/3779/3780 3893/3881/3882 3906/3895/3896
f 3829/3815/3816 3916/3903/3904 3685/3577/3578
f 3865/3857/3858 3917/3904/3905 3918/3905/3906
f 3865/3857/3858 3918/3905/3906 3866/3858/3859
f 3737/3731/3732 3919/3906/3907 3841/3827/3828
f 3866/3858/3859 3918/3905/3906 3920/3907/3908
f 3685/3577/3578 3916/3903/3904 3811/3803/3804
f 3776/3768/3769 3922/3908/3909 3777/3769/3770
f 3776/3768/3769 3923/3909/3910 3922/3908/3909
f 3828/3814/3815 3867/3859/3860 3924/3910/3911
f 3905/3894/3895 3925/3911/3912 3790/3779/3780
f 3835/3893/3894 3881/3912/3913 3902/3891/3892
f 3841/3827/3828 3919/3906/3907 3873/3863/3864
f 3770/3762/3763 3831/3817/3818 3926/3913/3914
f 3770/3762/3763 3926/3913/3914 3890/3914/3915
f 3653/3647/3648 3928/3915/3916 3654/3648/3649
f 3834/3821/3822 3929/3916/3917 3880/3871/3872
f 3787/3776/3777 3794/3917/3918 3930/3918/3919
f 3787/3776/3777 3931/3919/3920 3788/3777/3778
f 3787/3776/3777 3930/3918/3919 3931/3919/3920
f 3908/3898/3899 3932/3920/3921 3933/3921/3922
f 3934/3922/3923 3935/3923/3924 3886/3924/3925
f 2842/3886/3887 3898/3885/3886 2844/3503/3503
f 3823/3811/3812 3911/3925/3926 3834/3821/3822
f 3790/3779/3780 3925/3911/3912 3826/3874/3875
f 3817/3808/3809 3937/3926/3927 3938/3927/3928
f 3817/3808/3809 3938/3927/3928 3852/3841/3842
f 3789/3778/3779 3854/3842/3843 3927/3928/3929
f 3894/3882/3883 3864/3856/3857 3896/3884/3885
f 3881/3912/3913 3939/3929/3930 3902/3891/3892
f 2850/2840/2840 2852/2843/2843 3940/3930/3931
f 3848/3838/3839 3851/3840/3841 3941/3931/3932
f 3848/3838/3839 3941/3931/3932 3988/3932/3933
f 3228/3709/3710 3778/3933/3934 3845/3835/3836
f 3942/3934/3935 3943/3935/3936 3944/3936/3937
f 3642/3638/3639 3808/3799/3800 3843/3830/3831
f 3805/3795/3796 3945/3937/3938 3803/3851/3852
f 3533/3523/3523 3891/3880/3881 3820/3788/3789
f 3925/3911/3912 3946/3938/3939 3826/3874/3875
f 3817/3808/3809 3830/3816/3817 3937/3926/3927
f 3827/3822/3823 3948/3939/3940 3829/3815/3816
f 3874/3864/3865 3873/3863/3864 3658/3652/3653
f 3777/3769/3770 3922/3908/3909 3949/3940/3941
f 3951/3941/3942 3952/3942/3943 3953/3943/3944
f 3915/3902/3903 3954/3944/3945 3955/3945/3946
f 3915/3902/3903 3955/3945/3946 3831/3817/3818
f 3788/3777/3778 3956/3946/3947 3862/3852/3853
f 3399/3661/3662 3519/3504/3504 3957/3947/3948
f 3960/3948/3949 3961/3949/3950 3962/3950/3951
f 3908/3898/3899 3964/3951/3952 3932/3920/3921
f 3882/3760/3761 3948/3939/3940 3827/3822/3823
f 3882/3760/3761 3912/3899/3900 3948/3939/3940
f 3908/3898/3899 3921/3952/3953 3964/3951/3952
f 3826/3874/3875 3946/3938/3939 3936/3953/3954
f 3917/3904/3905 3966/3954/3955 3918/3905/3906
f 3658/3652/3653 3873/3863/3864 3865/3857/3858
f 3968/3955/3956 3969/3956/3957 3970/3957/3958
f 3922/3908/3909 3971/3958/3959 3949/3940/3941
f 3922/3908/3909 3972/3959/3960 3971/3958/3959
f 3938/3927/3928 3959/3960/3961 3958/3961/3962
f 3938/3927/3928 3937/3926/3927 3959/3960/3961
f 3924/3910/3911 3867/3859/3860 3973/3962/3963
f 3974/3963/3964 3975/3964/3965 3935/3923/3924
f 3862/3852/3853 4061/3965/3966 3969/3956/3957
f 3976/3966/3967 3892/3967/3968 3977/3968/3969
f 3637/3632/3633 3978/3969/3970 3912/3899/3900
f 3793/3780/3781 3801/3792/3793 3979/3970/3971
f 3981/3971/3972 3982/3972/3973 3961/3949/3950
f 3958/3961/3962 3963/3973/3974 3938/3927/3928
f 3892/3967/3968 3848/3838/3839 3983/3974/3975
f 3892/3967/3968 3983/3974/3975 3977/3968/3969
f 3788/3777/3778 3931/3919/3920 3956/3946/3947
f 3886/3924/3925 3941/3931/3932 3851/3840/3841
f 3737/3731/3732 3985/3975/3976 3919/3906/3907
f 2840/2832/2832 3904/3976/3977 3833/3820/3821
f 3751/3743/3744 3987/3977/3978 3718/3715/3716
f 3751/3743/3744 3986/3978/3979 3987/3977/3978
f 3880/3871/3872 3953/3943/3944 3952/3942/3943
f 3969/3956/3957 4061/3965/3966 3970/3957/3958
f 3989/3979/3980 3990/3980/3981 3764/3756/3757
f 3989/3979/3980 3764/3756/3757 3991/3981/3982
f 3833/3820/3821 3904/3976/3977 3992/3982/3983
f 3763/3755/3756 3993/3983/3984 3764/3756/3757
f 3737/3731/3732 3699/3730/3731 3985/3975/3976
f 3858/3847/3848 3994/3984/3985 3749/3742/3743
f 3865/3857/3858 3873/3863/3864 4008/3985/3986
f 3953/3943/3944 3880/3871/3872 3967/3986/3987
f 3799/3789/3790 3900/3889/3890 3996/3987/3988
f 3799/3789/3790 3996/3987/3988 3997/3988/3989
f 3880/3871/3872 3929/3916/3917 3967/3986/3987
f 3901/3890/3891 3998/3989/3990 3945/3937/3938
f 3901/3890/3891 3945/3937/3938 3805/3795/3796
f 3848/3838/3839 3988/3932/3933 3983/3974/3975
f 3843/3830/3831 3808/3799/3800 4000/3990/3991
f 3880/3871/3872 3952/3942/3943 3830/3816/3817
f 3965/3991/3992 3910/3992/3993 4001/3993/3994
f 3820/3788/3789 3891/3880/3881 3869/3861/3862
f 3937/3926/3927 3830/3816/3817 3980/3994/3995
f 3943/3935/3936 4003/3995/3996 3944/3936/3937
f 3868/3860/3861 3820/3788/3789 3869/3861/3862
f 3952/3942/3943 4002/3996/3997 3830/3816/3817
f 3961/3949/3950 3982/3972/3973 3962/3950/3951
f 3772/3764/3765 3806/3797/3798 4004/3997/3998
f 3772/3764/3765 4004/3997/3998 3903/3892/3893
f 3990/3980/3981 4005/3998/3999 3764/3756/3757
f 3857/3846/3847 3999/3999/4000 4006/4000/4001
f 3399/3661/3662 3957/3947/3948 4007/4001/4002
f 3873/3863/3864 3919/3906/3907 4008/3985/3986
f 3865/3857/3858 4008/3985/3986 4009/4002/4003
f 3865/3857/3858 4009/4002/4003 3917/3904/3905
f 3829/3815/3816 3948/3939/3940 3916/3903/3904
f 3807/3798/3799 4010/4003/4004 3806/3797/3798
f 3908/3898/3899 3909/3897/3898 4011/4004/4005
f 3908/3898/3899 4011/4004/4005 3921/3952/3953
f 3955/3945/3946 4013/4005/4006 3831/3817/3818
f 3991/3981/3982 3764/3756/3757 3993/3983/3984
f 3991/3981/3982 3993/3983/3984 4014/4006/4007
f 3749/3742/3743 4016/4007/4008 3720/3705/3706
f 3764/3756/3757 4005/3998/3999 4018/4008/4009
f 4019/4009/4010 4020/4010/4011 3975/3964/3965
f 3948/3939/3940 4015/4011/4012 3916/3903/3904
f 4021/4012/4013 4022/4013/4014 4023/4014/4015
f 4021/4012/4013 4024/4015/4016 4022/4013/4014
f 3955/3945/3946 4001/3993/3994 4013/4005/4006
f 3946/3938/3939 4027/4016/4017 3936/3953/3954
f 3948/3939/3940 3912/3899/3900 4015/4011/4012
f 4028/4017/4018 3977/3968/3969 4029/4018/4019
f 3912/3899/3900 4030/4019/4020 4015/4011/4012
f 3935/3923/3924 3975/3964/3965 4020/4010/4011
f 3935/3923/3924 4020/4010/4011 3886/3924/3925
f 3936/3953/3954 4027/4016/4017 4031/4020/4021
f 3936/3953/3954 4031/4020/4021 3995/4021/4022
f 3977/3968/3969 3983/3974/3975 4029/4018/4019
f 3864/3856/3857 3863/3855/3856 3896/3884/3885
f 3992/3982/3983 3904/3976/3977 4032/4022/4023
f 4033/4023/4024 4034/4024/4025 4035/4025/4026
f 4033/4023/4024 4035/4025/4026 4036/4026/4027
f 3858/3847/3848 4012/4027/4028 4037/4028/4029
f 4038/4029/4030 4039/4030/4031 4040/4031/4032
f 3916/3903/3904 4063/3879/3880 3811/3803/3804
f 3962/3950/3951 4041/4032/4033 4026/4033/4034
f 3886/3924/3925 4042/4034/4035 3941/3931/3932
f 3886/3924/3925 4020/4010/4011 4042/4034/4035
f 3803/3851/3852 4043/4035/4036 3910/3992/3993
f 3932/3920/3921 4045/4036/4037 3933/3921/3922
f 3962/3950/3951 3982/3972/3973 4041/4032/4033
f 3871/4037/4038 3872/4038/4039 4046/4039/4040
f 3778/3933/3934 4047/4040/4041 3845/3835/3836
f 4003/3995/3996 4048/4041/4042 4049/4042/4043
f 4003/3995/3996 4049/4042/4043 3944/3936/3937
f 3807/3798/3799 3950/4043/4044 4010/4003/4004
f 3921/3952/3953 4050/4044/4045 3964/3951/3952
f 4023/4014/4015 4051/4045/4046 4021/4012/4013
f 3980/3994/3995 3830/3816/3817 4052/4046/4047
f 3982/3972/3973 4053/4047/4048 4041/4032/4033
f 3699/3730/3731 3870/3862/3863 3985/3975/3976
f 3984/4048/4049 3933/3921/3922 4054/4049/4050
f 4056/4050/4051 4057/4051/4052 4019/4009/4010
f 4008/3985/3986 3919/3906/3907 3916/3903/3904
f 4008/3985/3986 3916/3903/3904 4015/4011/4012
f 4023/4014/4015 4022/4013/4014 4060/4052/4053
f 4058/4053/4054 4059/4054/4055 4057/4051/4052
f 3806/3797/3798 4010/4003/4004 4004/3997/3998
f 4026/4033/4034 4041/4032/4033 4039/4030/4031
f 4019/4009/4010 4057/4051/4052 4020/4010/4011
f 2840/2832/2832 3773/3765/3766 4064/4055/4056
f 2840/2832/2832 4064/4055/4056 3904/3976/3977
f 4057/4051/4052 4059/4054/4055 4020/4010/4011
f 4017/4056/4057 4065/4057/4058 4066/4058/4059
f 3910/3992/3993 4043/4035/4036 4001/3993/3994
f 4069/4059/4060 4071/4060/4061 4070/4061/4062
f 3749/3742/3743 3994/3984/3985 4072/4062/4063
f 4017/4056/4057 3944/3936/3937 4065/4057/4058
f 3808/3799/3800 4044/4063/4064 4073/4064/4065
f 3808/3799/3800 4073/4064/4065 4000/3990/3991
f 4025/4065/4066 3986/3978/3979 3751/3743/3744
f 3803/3851/3852 3945/3937/3938 4074/4066/4067
f 3803/3851/3852 4074/4066/4067 4043/4035/4036
f 4024/4015/4016 4076/4067/4068 4022/4013/4014
f 4024/4015/4016 4075/4068/4069 4076/4067/4068
f 3764/3756/3757 4018/4008/4009 4077/4069/4070
f 3764/3756/3757 4077/4069/4070 3493/3472/3472
f 3919/3906/3907 3985/3975/3976 3916/3903/3904
f 3902/3891/3892 3939/3929/3930 4078/4070/4071
f 3964/3951/3952 4050/4044/4045 4079/4071/4072
f 3863/3855/3856 3902/3891/3892 4080/4072/4073
f 4023/4014/4015 4081/4073/4074 4051/4045/4046
f 4055/4074/4075 3999/3999/4000 4082/4075/4076
f 3869/3861/3862 3891/3880/3881 4083/4076/4077
f 3902/3891/3892 4078/4070/4071 4080/4072/4073
f 3947/4077/4078 4084/4078/4079 3801/3792/3793
f 3964/3951/3952 4079/4071/4072 3932/3920/3921
f 3988/3932/3933 3941/3931/3932 4085/4079/4080
f 3857/3846/3847 3720/3705/3706 4086/4080/4081
f 3857/3846/3847 4082/4075/4076 3999/3999/4000
f 3857/3846/3847 4086/4080/4081 4082/4075/4076
f 4022/4013/4014 4076/4067/4068 4062/4081/4082
f 3933/3921/3922 4045/4036/4037 4089/4082/4083
f 3933/3921/3922 4089/4082/4083 4054/4049/4050
f 3655/3649/3650 4091/4083/4084 3809/3800/3801
f 4022/4013/4014 4062/4081/4082 4060/4052/4053
f 4040/4031/4032 4039/4030/4031 4092/4084/4085
f 4040/4031/4032 4092/4084/4085 4093/4085/4086
f 3749/3742/3743 4072/4062/4063 4016/4007/4008
f 3801/3792/3793 4084/4078/4079 4094/4086/4087
f 3801/3792/3793 4094/4086/4087 3979/3970/3971
f 3921/3952/3953 4088/4087/4088 4095/4088/4089
f 3720/3705/3706 4016/4007/4008 4086/4080/4081
f 4059/4054/4055 4096/4089/4090 4020/4010/4011
f 4001/3993/3994 4043/4035/4036 4013/4005/4006
f 4021/4012/4013 4051/4045/4046 4075/4068/4069
f 4021/4012/4013 4075/4068/4069 4024/4015/4016
f 3718/3715/3716 3987/3977/3978 3723/3716/3717
f 3932/3920/3921 4079/4071/4072 4045/4036/4037
f 3916/3903/3904 3985/3975/3976 4063/3879/3880
f 3529/3514/3514 3809/3800/3801 4098/4090/4091
f 3529/3514/3514 4099/4091/4092 3853/3869/3870
f 3529/3514/3514 4098/4090/4091 4099/4091/4092
f 3862/3852/3853 3956/3946/3947 4061/3965/3966
f 3921/3952/3953 4095/4088/4089 4101/4092/4093
f 3921/3952/3953 4101/4092/4093 4050/4044/4045
f 3899/3888/3889 3895/3883/3884 4103/4093/4094
f 4104/4094/4095 4106/4095/4096 4105/4096/4097
f 2852/2843/2843 3861/4097/4098 3940/3930/3931
f 4107/4098/4099 4108/4099/4100 4109/4100/4101
f 4107/4098/4099 4160/4101/4102 4108/4099/4100
f 3998/3989/3990 4110/4102/4103 3945/3937/3938
f 3944/3936/3937 4049/4042/4043 4111/4103/4104
f 4020/4010/4011 4096/4089/4090 4112/4104/4105
f 3944/3936/3937 4111/4103/4104 4065/4057/4058
f 4004/3997/3998 4010/4003/4004 4113/4105/4106
f 3831/3817/3818 4013/4005/4006 4067/4106/4107
f 3831/3817/3818 4067/4106/4107 3926/3913/3914
f 3971/3958/3959 3972/3959/3960 4114/4107/4108
f 3971/3958/3959 4114/4107/4108 4115/4108/4109
f 3985/3975/3976 3870/3862/3863 4083/4076/4077
f 3985/3975/3976 4083/4076/4077 4063/3879/3880
f 4025/4065/4066 4117/4109/4110 3986/3978/3979
f 4023/4014/4015 4060/4052/4053 4081/4073/4074
f 3928/3915/3916 3927/3928/3929 4120/4110/4111
f 3808/3799/3800 4138/3828/3829 4044/4063/4064
f 3970/3957/3958 4061/3965/3966 4122/4111/4112
f 4105/4096/4097 4124/4112/4113 4125/4113/4114
f 4126/4114/4115 4127/4115/4116 4128/4116/4117
f 4131/4117/4118 4132/4118/4119 4133/4119/4120
f 4131/4117/4118 4133/4119/4120 4134/4120/4121
f 4039/4030/4031 4041/4032/4033 4092/4084/4085
f 4132/4118/4119 4131/4117/4118 4135/4121/4122
f 4013/4005/4006 4043/4035/4036 4067/4106/4107
f 4128/4116/4117 4127/4115/4116 4136/4122/4123
f 3941/3931/3932 4042/4034/4035 4137/4123/4124
f 3723/3716/3717 3987/3977/3978 4138/3828/3829
f 4140/4124/4125 4141/4125/4126 4010/4003/4004
f 4131/4117/4118 4134/4120/4121 4143/4126/4127
f 4144/4127/4128 4146/4128/4129 4145/4129/4130
f 4144/4127/4128 4147/4130/4131 4146/4128/4129
f 4139/4131/4132 4004/3997/3998 4113/4105/4106
f 4139/4131/4132 4113/4105/4106 4127/4115/4116
f 4029/4018/4019 3983/3974/3975 4097/4132/4133
f 4010/4003/4004 4141/4125/4126 4113/4105/4106
f 3941/3931/3932 4137/4123/4124 4085/4079/4080
f 4127/4115/4116 4113/4105/4106 4136/4122/4123
f 3956/3946/3947 4142/4133/4134 4061/3965/3966
f 4042/4034/4035 4020/4010/4011 4149/4134/4135
f 4150/4135/4136 4084/4078/4079 4123/4136/4137
f 4130/4137/4138 4129/4138/4139 4189/4139/4140
f 4150/4135/4136 4130/4137/4138 4189/4139/4140
f 4150/4135/4136 4189/4139/4140 4151/4140/4141
f 3654/3648/3649 3928/3915/3916 4102/4141/4142
f 3654/3648/3649 4102/4141/4142 4090/4142/4143
f 4108/4099/4100 4160/4101/4102 4156/4143/4144
f 4141/4125/4126 4157/4144/4145 4113/4105/4106
f 4141/4125/4126 4158/4145/4146 4157/4144/4145
f 3945/3937/3938 4110/4102/4103 4074/4066/4067
f 3891/3880/3881 4063/3879/3880 4083/4076/4077
f 4071/4060/4061 4162/4146/4147 4161/4147/4148
f 4070/4061/4062 4163/4148/4149 4087/4149/4150
f 4079/4071/4072 4164/4150/4151 4045/4036/4037
f 4136/4122/4123 4113/4105/4106 4157/4144/4145
f 3869/3861/3862 4083/4076/4077 3870/3862/3863
f 4079/4071/4072 4165/4151/4152 4164/4150/4151
f 4082/4075/4076 4086/4080/4081 4166/4152/4153
f 3983/3974/3975 3988/3932/3933 4167/4153/4154
f 3971/3958/3959 4168/4154/4155 4148/4155/4156
f 3971/3958/3959 4115/4108/4109 4168/4154/4155
f 4169/4156/4157 4170/4157/4158 4171/4158/4159
f 4169/4156/4157 4171/4158/4159 4080/4072/4073
f 4097/4132/4133 3983/3974/3975 4188/4159/4160
f 4053/4047/4048 4173/4160/4161 4041/4032/4033
f 4150/4135/4136 4151/4140/4141 4084/4078/4079
f 3853/3869/3870 4099/4091/4092 4174/4161/4162
f 3931/3919/3920 4175/4162/4163 3956/3946/3947
f 4105/4096/4097 4176/4163/4164 4178/4164/4165
f 4105/4096/4097 4178/4164/4165 4124/4112/4113
f 4082/4075/4076 4166/4152/4153 4179/4165/4166
f 4082/4075/4076 4179/4165/4166 4119/4166/4167
f 4160/4101/4102 4186/4167/4168 4156/4143/4144
f 4180/4168/4169 4181/4169/4170 4182/4170/4171
f 3931/3919/3920 3930/3918/3919 4175/4162/4163
f 3956/3946/3947 4175/4162/4163 4184/4171/4172
f 4177/4172/4173 4118/4173/4174 4185/4174/4175
f 4071/4060/4061 4161/4147/4148 4190/4175/4176
f 4102/4141/4142 4187/4176/4177 4090/4142/4143
f 3983/3974/3975 4167/4153/4154 4188/4159/4160
f 4070/4061/4062 4190/4175/4176 4163/4148/4149
f 4191/4177/4178 4192/4178/4179 4193/4179/4180
f 4051/4045/4046 4081/4073/4074 4194/4180/4181
f 3930/3918/3919 4172/4181/4182 4175/4162/4163
f 4155/4182/4183 4153/4183/4184 4197/4184/4185
f 4195/4185/4186 4198/4186/4187 4199/4187/4188
f 4195/4185/4186 4196/4188/4189 4198/4186/4187
f 4070/4061/4062 4071/4060/4061 4190/4175/4176
f 4195/4185/4186 4200/4189/4190 4196/4188/4189
f 4076/4067/4068 4075/4068/4069 4201/4190/4191
f 4145/4129/4130 4146/4128/4129 4159/4191/4192
f 3988/3932/3933 4085/4079/4080 4202/4192/4193
f 3988/3932/3933 4202/4192/4193 4167/4153/4154
f 3895/3883/3884 3896/3884/3885 4203/4193/4194
f 3895/3883/3884 4203/4193/4194 4103/4093/4094
f 4170/4157/4158 4204/4194/4195 4171/4158/4159
f 4105/4096/4097 4106/4095/4096 4206/4195/4196
f 4105/4096/4097 4206/4195/4196 4207/4196/4197
f 4049/4042/4043 4183/4197/4198 4111/4103/4104
f 4199/4187/4188 4212/4198/4199 4195/4185/4186
f 3956/3946/3947 4184/4171/4172 4213/4199/4200
f 4209/4200/4201 4210/4201/4202 4214/4202/4203
f 4215/4203/4204 4216/4204/4205 4217/4205/4206
f 4219/4206/4207 4220/4207/4208 4221/4208/4209
f 4219/4206/4207 4221/4208/4209 4116/4209/4210
f 4105/4096/4097 4207/4196/4197 4176/4163/4164
f 4210/4201/4202 4222/4210/4211 4214/4202/4203
f 4084/4078/4079 4151/4140/4141 4472/4211/4212
f 4084/4078/4079 4472/4211/4212 4094/4086/4087
f 4122/4111/4112 4061/3965/3966 4223/4212/4213
f 4114/4107/4108 4280/4213/4214 4115/4108/4109
f 4074/4066/4067 4224/4214/4215 4043/4035/4036
f 4065/4057/4058 4111/4103/4104 4225/4215/4216
f 3926/3913/3914 4067/4106/4107 4226/4216/4217
f 3926/3913/3914 4226/4216/4217 4118/4173/4174
f 4159/4191/4192 4269/4217/4218 4227/4218/4219
f 4132/4118/4119 4228/4219/4220 4133/4119/4120
f 4195/4185/4186 4229/4220/4221 4208/4221/4222
f 4065/4057/4058 4225/4215/4216 4066/4058/4059
f 4222/4210/4211 4239/4222/4223 4214/4202/4203
f 4061/3965/3966 4142/4133/4134 4223/4212/4213
f 4195/4185/4186 4208/4221/4222 4200/4189/4190
f 4189/4139/4140 4231/4223/4224 4230/4224/4225
f 4222/4210/4211 4232/4225/4226 4239/4222/4223
f 4092/4084/4085 4041/4032/4033 4173/4160/4161
f 4204/4194/4195 4235/4226/4227 4171/4158/4159
f 4197/4184/4185 4153/4183/4184 4230/4224/4225
f 4111/4103/4104 4183/4197/4198 4225/4215/4216
f 4209/4200/4201 4214/4202/4203 4211/4227/4228
f 4189/4139/4140 4345/4228/4229 4151/4140/4141
f 4089/4082/4083 4045/4036/4037 4237/4229/4230
f 3956/3946/3947 4205/4230/4231 4214/4202/4203
f 3956/3946/3947 4214/4202/4203 4239/4222/4223
f 3956/3946/3947 4239/4222/4223 4142/4133/4134
f 4230/4224/4225 4231/4223/4224 4197/4184/4185
f 4142/4133/4134 4239/4222/4223 4236/4231/4232
f 4020/4010/4011 4238/4232/4233 4240/4233/4234
f 4020/4010/4011 4240/4233/4234 4149/4134/4135
f 4203/4193/4194 3896/3884/3885 4241/4234/4235
f 4234/4235/4236 4243/4236/4237 4106/4095/4096
f 4203/4193/4194 4241/4234/4235 4244/4237/4238
f 4020/4010/4011 4112/4104/4105 4245/4238/4239
f 4020/4010/4011 4245/4238/4239 4238/4232/4233
f 4142/4133/4134 4236/4231/4232 4246/4239/4240
f 4142/4133/4134 4246/4239/4240 4223/4212/4213
f 4080/4072/4073 4171/4158/4159 4241/4234/4235
f 4208/4221/4222 4229/4220/4221 4247/4240/4241
f 4196/4188/4189 4200/4189/4190 4497/4241/4242
f 4195/4185/4186 4212/4198/4199 4229/4220/4221
f 4248/4242/4243 4249/4243/4244 4191/4177/4178
f 4051/4045/4046 4194/4180/4181 4250/4244/4245
f 4212/4198/4199 4251/4245/4246 4229/4220/4221
f 4196/4188/4189 4497/4241/4242 4252/4246/4247
f 4196/4188/4189 4252/4246/4247 4218/4247/4248
f 4200/4189/4190 4266/4248/4249 4497/4241/4242
f 4110/4102/4103 4253/4249/4250 4074/4066/4067
f 4133/4119/4120 4254/4250/4251 4134/4120/4121
f 4171/4158/4159 4235/4226/4227 4233/4251/4252
f 4117/4109/4110 4255/4252/4253 3986/3978/3979
f 4085/4079/4080 4137/4123/4124 4256/4253/4254
f 4189/4139/4140 4230/4224/4225 4345/4228/4229
f 4211/4227/4228 4214/4202/4203 4205/4230/4231
f 4211/4227/4228 4205/4230/4231 4257/4254/4255
f 4153/4183/4184 4152/4255/4256 4258/4256/4257
f 4190/4175/4176 4161/4147/4148 4505/4257/4258
f 4118/4173/4174 4226/4216/4217 4185/4174/4175
f 3956/3946/3947 4213/4199/4200 4205/4230/4231
f 4099/4091/4092 4098/4090/4091 4260/4258/4259
f 4051/4045/4046 4250/4244/4245 4075/4068/4069
f 4137/4123/4124 4264/4259/4260 4256/4253/4254
f 4133/4119/4120 4267/4260/4261 4254/4250/4251
f 4072/4062/4063 4259/4261/4262 4016/4007/4008
f 4159/4191/4192 4146/4128/4129 4269/4217/4218
f 4043/4035/4036 4224/4214/4215 4067/4106/4107
f 4270/4262/4263 4242/4263/4264 4271/4264/4265
f 4133/4119/4120 4228/4219/4220 4272/4265/4266
f 4133/4119/4120 4272/4265/4266 4267/4260/4261
f 4046/4039/4040 3872/4038/4039 4273/4266/4267
f 4134/4120/4121 4254/4250/4251 4143/4126/4127
f 4035/4025/4026 4034/4024/4025 4274/4267/4268
f 4149/4134/4135 4240/4233/4234 4276/4268/4269
f 4277/4269/4270 4271/4264/4265 4278/4270/4271
f 4277/4269/4270 4278/4270/4271 4279/4271/4272
f 4171/4158/4159 4233/4251/4252 4241/4234/4235
f 4152/4255/4256 4282/4272/4273 4258/4256/4257
f 4191/4177/4178 4283/4273/4274 4192/4178/4179
f 4191/4177/4178 4249/4243/4244 4284/4274/4275
f 4191/4177/4178 4284/4274/4275 4283/4273/4274
f 4045/4036/4037 4164/4150/4151 4392/4275/4276
f 4285/4276/4277 4287/4277/4278 4286/4278/4279
f 4235/4226/4227 4409/4279/4280 4288/4280/4281
f 4213/4199/4200 4289/4281/4282 4205/4230/4231
f 4292/4282/4283 4293/4283/4284 4294/4284/4285
f 4106/4095/4096 4243/4236/4237 4206/4195/4196
f 4280/4213/4214 4295/4285/4286 4281/4286/4287
f 4285/4276/4277 4296/4287/4288 4287/4277/4278
f 4290/4288/4289 4291/4289/4290 4297/4290/4291
f 4286/4278/4279 4298/4291/4292 4285/4276/4277
f 4301/4292/4293 4303/4293/4294 4302/4294/4295
f 4301/4292/4293 4326/4295/4296 4303/4293/4294
f 4304/4296/4297 4300/4297/4298 4299/4298/4299
f 4068/4299/4300 4305/4300/4301 4034/4024/4025
f 4068/4299/4300 4116/4209/4210 4305/4300/4301
f 4075/4068/4069 4250/4244/4245 4306/4301/4302
f 4208/4221/4222 4307/4302/4303 4266/4248/4249
f 4208/4221/4222 4266/4248/4249 4200/4189/4190
f 4250/4244/4245 4308/4303/4304 4306/4301/4302
f 4310/4304/4305 4311/4305/4306 4312/4306/4307
f 4313/4307/4308 4306/4301/4302 4308/4303/4304
f 4304/4296/4297 4317/4308/4309 4300/4297/4298
f 4304/4296/4297 4299/4298/4299 4309/4309/4310
f 4301/4292/4293 4318/4310/4311 4326/4295/4296
f 4300/4297/4298 4317/4308/4309 4314/4311/4312
f 4319/4312/4313 4320/4313/4314 4321/4314/4315
f 4285/4276/4277 4322/4315/4316 4296/4287/4288
f 4303/4293/4294 4326/4295/4296 4323/4316/4317
f 4315/4317/4318 4324/4318/4319 4325/4319/4320
f 4326/4295/4296 4327/4320/4321 4328/4321/4322
f 4325/4319/4320 4329/4322/4323 4330/4323/4324
f 4318/4310/4311 4327/4320/4321 4326/4295/4296
f 4325/4319/4320 4324/4318/4319 4329/4322/4323
f 4294/4284/4285 4293/4283/4284 4331/4324/4325
f 4294/4284/4285 4331/4324/4325 4332/4325/4326
f 4333/4326/4327 4334/4327/4328 4335/4328/4329
f 4333/4326/4327 4336/4329/4330 4334/4327/4328
f 4337/4330/4331 4338/4331/4332 4311/4305/4306
f 4333/4326/4327 4339/4332/4333 4336/4329/4330
f 4331/4324/4325 4293/4283/4284 4340/4333/4334
f 4326/4295/4296 4341/4334/4335 4323/4316/4317
f 4336/4329/4330 4339/4332/4333 4342/4335/4336
f 4230/4224/4225 4153/4183/4184 4345/4228/4229
f 4167/4153/4154 4346/4336/4337 4188/4159/4160
f 4238/4232/4233 4245/4238/4239 4347/4337/4338
f 4156/4143/4144 4348/4338/4339 4108/4099/4100
f 4239/4222/4223 4391/4339/4340 4236/4231/4232
f 4085/4079/4080 4256/4253/4254 4202/4192/4193
f 4246/4239/4240 4236/4231/4232 4349/4340/4341
f 4350/4341/4342 4351/4342/4343 4352/4343/4344
f 4355/4344/4345 4312/4306/4307 4356/4345/4346
f 4016/4007/4008 4275/4346/4347 4357/4347/4348
f 4353/4348/4349 4365/4349/4350 4358/4350/4351
f 4353/4348/4349 4354/4351/4352 4365/4349/4350
f 4345/4228/4229 4258/4256/4257 4151/4140/4141
f 4362/4352/4353 4363/4353/4354 4364/4354/4355
f 4232/4225/4226 4263/4355/4356 4239/4222/4223
f 4216/4204/4205 4471/4356/4357 4217/4205/4206
f 4167/4153/4154 4366/4357/4358 4346/4336/4337
f 4367/4358/4359 4356/4345/4346 4550/4359/4360
f 4367/4358/4359 4550/4359/4360 4368/4360/4361
f 4369/4361/4362 4370/4362/4363 4371/4363/4364
f 4162/4146/4147 4373/4364/4365 4161/4147/4148
f 4299/4298/4299 4376/4365/4366 4309/4309/4310
f 4060/4052/4053 4377/4366/4367 4378/4367/4368
f 4060/4052/4053 4378/4367/4368 4081/4073/4074
f 4299/4298/4299 4364/4354/4355 4376/4365/4366
f 4380/4368/4369 4287/4277/4278 4381/4369/4370
f 4188/4159/4160 4346/4336/4337 4382/4370/4371
f 4236/4231/4232 4391/4339/4340 4344/4371/4372
f 4324/4318/4319 4383/4372/4373 4384/4373/4374
f 4259/4261/4262 4385/4374/4375 4016/4007/4008
f 4285/4276/4277 4298/4291/4292 4379/4375/4376
f 4362/4352/4353 4364/4354/4355 4299/4298/4299
f 4319/4312/4313 4386/4376/4377 4320/4313/4314
f 4316/4377/4378 4387/4378/4379 4315/4317/4318
f 4339/4332/4333 4388/4379/4380 4342/4335/4336
f 4016/4007/4008 4385/4374/4375 4275/4346/4347
f 4324/4318/4319 4389/4380/4381 4383/4372/4373
f 4324/4318/4319 4387/4378/4379 4389/4380/4381
f 4315/4317/4318 4387/4378/4379 4324/4318/4319
f 4311/4305/4306 4338/4331/4332 4390/4381/4382
f 4164/4150/4151 4190/4175/4176 4392/4275/4276
f 4298/4291/4292 4375/4382/4383 4393/4383/4384
f 4298/4291/4292 4393/4383/4384 4379/4375/4376
f 4285/4276/4277 4379/4375/4376 4394/4384/4385
f 4395/4385/4386 4396/4386/4387 4397/4387/4388
f 4395/4385/4386 4397/4387/4388 4398/4388/4389
f 4347/4337/4338 4245/4238/4239 4399/4389/4390
f 4400/4390/4391 4332/4325/4326 4331/4324/4325
f 4347/4337/4338 4401/4391/4392 4238/4232/4233
f 4311/4305/4306 4356/4345/4346 4312/4306/4307
f 4326/4295/4296 4402/4392/4393 4341/4334/4335
f 4404/4393/4394 4294/4284/4285 4332/4325/4326
f 4188/4159/4160 4382/4370/4371 4405/4394/4395
f 4153/4183/4184 4258/4256/4257 4345/4228/4229
f 4090/4142/4143 4187/4176/4177 4406/4395/4396
f 4205/4230/4231 4289/4281/4282 4407/4396/4397
f 4291/4289/4290 4408/4397/4398 4297/4290/4291
f 4244/4237/4238 4241/4234/4235 4409/4279/4280
f 4237/4229/4230 4410/4398/4399 4372/4399/4400
f 4237/4229/4230 4045/4036/4037 4410/4398/4399
f 4395/4385/4386 4411/4400/4401 4396/4386/4387
f 3519/3504/3504 4412/4401/4402 3957/3947/3948
f 4414/4402/4403 4408/4397/4398 4291/4289/4290
f 4397/4387/4388 4425/4403/4404 4415/4404/4405
f 4351/4342/4343 4416/4405/4406 4352/4343/4344
f 4395/4385/4386 4398/4388/4389 4417/4406/4407
f 4365/4349/4350 4418/4407/4408 4419/4408/4409
f 4373/4364/4365 4420/4409/4410 4161/4147/4148
f 4190/4175/4176 4505/4257/4258 4392/4275/4276
f 4331/4324/4325 4421/4410/4411 4422/4411/4412
f 4255/4252/4253 4424/4412/4413 3986/3978/3979
f 4271/4264/4265 4242/4263/4264 4278/4270/4271
f 4398/4388/4389 4397/4387/4388 4415/4404/4405
f 4359/4413/4414 4360/4414/4415 4423/4415/4416
f 4233/4251/4252 4235/4226/4227 4288/4280/4281
f 4396/4386/4387 4425/4403/4404 4397/4387/4388
f 4154/4416/4417 4181/4169/4170 4180/4168/4169
f 4281/4286/4287 4115/4108/4109 4280/4213/4214
f 4352/4343/4344 4416/4405/4406 4428/4417/4418
f 4045/4036/4037 4392/4275/4276 4410/4398/4399
f 4297/4290/4291 4429/4418/4419 4374/4419/4420
f 4340/4333/4334 4421/4410/4411 4331/4324/4325
f 4383/4372/4373 4389/4380/4381 4431/4420/4421
f 4239/4222/4223 4263/4355/4356 4391/4339/4340
f 4432/4421/4422 4422/4411/4412 4421/4410/4411
f 4372/4399/4400 4410/4398/4399 4433/4422/4423
f 4372/4399/4400 4433/4422/4423 4434/4423/4424
f 4373/4364/4365 4435/4424/4425 4420/4409/4410
f 4296/4287/4288 4361/4425/4426 4436/4426/4427
f 4437/4427/4428 4438/4428/4429 4439/4429/4430
f 4326/4295/4296 4343/4430/4431 4402/4392/4393
f 4297/4290/4291 4408/4397/4398 4429/4418/4419
f 4390/4381/4382 4440/4431/4432 4311/4305/4306
f 4394/4384/4385 4379/4375/4376 4441/4432/4433
f 4381/4369/4370 4287/4277/4278 4442/4433/4434
f 4340/4333/4334 4443/4434/4435 4421/4410/4411
f 4343/4430/4431 4444/4435/4436 4402/4392/4393
f 4287/4277/4278 4296/4287/4288 4436/4426/4427
f 4146/4128/4129 4147/4130/4131 4445/4436/4437
f 4378/4367/4368 4446/4437/4438 4081/4073/4074
f 4094/4086/4087 4472/4211/4212 4242/4263/4264
f 4287/4277/4278 4436/4426/4427 4442/4433/4434
f 4265/4438/4439 4268/4439/4440 4266/4248/4249
f 4307/4302/4303 4208/4221/4222 4247/4240/4241
f 4307/4302/4303 4247/4240/4241 4447/4440/4441
f 4311/4305/4306 4440/4431/4432 4356/4345/4346
f 4448/4441/4442 4429/4418/4419 4408/4397/4398
f 4395/4385/4386 4417/4406/4407 4411/4400/4401
f 4376/4365/4366 4364/4354/4355 4449/4442/4443
f 4241/4234/4235 4233/4251/4252 4288/4280/4281
f 4241/4234/4235 4288/4280/4281 4409/4279/4280
f 4351/4342/4343 4450/4443/4444 4416/4405/4406
f 4236/4231/4232 4344/4371/4372 4451/4444/4445
f 4426/4445/4446 4427/4446/4447 4453/4447/4448
f 4289/4281/4282 4454/4448/4449 4455/4449/4450
f 3986/3978/3979 4456/4450/4451 3987/3977/3978
f 4217/4205/4206 4471/4356/4357 4457/4451/4452
f 4217/4205/4206 4457/4451/4452 4570/4452/4453
f 4217/4205/4206 4458/4453/4454 4459/4454/4455
f 4217/4205/4206 4570/4452/4453 4458/4453/4454
f 4423/4415/4416 4460/4455/4456 4461/4456/4457
f 4261/4457/4458 4462/4458/4459 4249/4243/4244
f 4423/4415/4416 4360/4414/4415 4460/4455/4456
f 4418/4407/4408 4365/4349/4350 4464/4459/4460
f 4418/4407/4408 4464/4459/4460 4465/4460/4461
f 4278/4270/4271 4242/4263/4264 4493/4461/4462
f 4467/4462/4463 4468/4463/4464 4435/4424/4425
f 4161/4147/4148 4420/4409/4410 4505/4257/4258
f 4398/4388/4389 4466/4464/4465 4417/4406/4407
f 4186/4167/4168 4403/4465/4466 4156/4143/4144
f 4205/4230/4231 4469/4466/4467 4257/4254/4255
f 4205/4230/4231 4407/4396/4397 4469/4466/4467
f 4434/4423/4424 4433/4422/4423 4470/4467/4468
f 4067/4106/4107 4224/4214/4215 4473/4468/4469
f 4416/4405/4406 4450/4443/4444 4453/4447/4448
f 4416/4405/4406 4453/4447/4448 4427/4446/4447
f 4044/4063/4064 4474/4469/4470 4476/4470/4471
f 4044/4063/4064 4476/4470/4471 4477/4471/4472
f 4354/4351/4352 4480/4472/4473 4481/4473/4474
f 4067/4106/4107 4473/4468/4469 4430/4474/4475
f 4427/4446/4447 4479/4475/4476 4478/4476/4477
f 4433/4422/4423 4410/4398/4399 4483/4477/4478
f 4166/4152/4153 4485/4478/4479 4179/4165/4166
f 4249/4243/4244 4462/4458/4459 4284/4274/4275
f 4044/4063/4064 4138/3828/3829 4474/4469/4470
f 3809/3800/3801 4091/4083/4084 4463/4479/4480
f 4146/4128/4129 4486/4480/4481 4487/4481/4482
f 4427/4446/4447 4478/4476/4477 4489/4482/4483
f 4427/4446/4447 4489/4482/4483 4416/4405/4406
f 4416/4405/4406 4489/4482/4483 4488/4483/4484
f 4416/4405/4406 4490/4484/4485 4428/4417/4418
f 4242/4263/4264 4472/4211/4212 4493/4461/4462
f 4156/4143/4144 4403/4465/4466 4348/4338/4339
f 4229/4220/4221 4251/4245/4246 4502/4485/4486
f 4428/4417/4418 4490/4484/4485 4498/4486/4487
f 4269/4217/4218 4146/4128/4129 4487/4481/4482
f 3809/3800/3801 4463/4479/4480 4098/4090/4091
f 4363/4353/4354 4500/4487/4488 4501/4488/4489
f 4363/4353/4354 4501/4488/4489 4364/4354/4355
f 4252/4246/4247 4497/4241/4242 4503/4489/4490
f 4360/4414/4415 4475/4490/4491 4460/4455/4456
f 4461/4456/4457 4460/4455/4456 4506/4491/4492
f 4460/4455/4456 4507/4492/4493 4506/4491/4492
f 4034/4024/4025 4508/4493/4494 4274/4267/4268
f 4034/4024/4025 4305/4300/4301 4508/4493/4494
f 4461/4456/4457 4509/4494/4495 4423/4415/4416
f 4460/4455/4456 4475/4490/4491 4507/4492/4493
f 4067/4106/4107 4430/4474/4475 4226/4216/4217
f 4461/4456/4457 4506/4491/4492 4509/4494/4495
f 4464/4459/4460 4365/4349/4350 4510/4495/4496
f 4464/4459/4460 4510/4495/4496 4511/4496/4497
f 4410/4398/4399 4392/4275/4276 4482/4497/4498
f 4435/4424/4425 4468/4463/4464 4420/4409/4410
f 4289/4281/4282 4455/4449/4450 4407/4396/4397
f 3986/3978/3979 4424/4412/4413 4456/4450/4451
f 4229/4220/4221 4504/4498/4499 4247/4240/4241
f 4396/4386/4387 4411/4400/4401 4512/4499/4500
f 4488/4483/4484 4515/4500/4501 4416/4405/4406
f 4090/4142/4143 4406/4395/4396 4516/4501/4502
f 4091/4083/4084 4517/4502/4503 4463/4479/4480
f 4496/4503/4504 4278/4270/4271 4518/4504/4505
f 4455/4449/4450 4519/4505/4506 4407/4396/4397
f 4168/4154/4155 4115/4108/4109 4522/4506/4507
f 4098/4090/4091 4463/4479/4480 4523/4507/4508
f 4524/4508/4509 4525/4509/4510 4262/4510/4511
f 4497/4241/4242 4266/4248/4249 4526/4511/4512
f 4497/4241/4242 4520/4512/4513 4521/4513/4514
f 4497/4241/4242 4521/4513/4514 4503/4489/4490
f 4115/4108/4109 4499/4514/4515 4528/4515/4516
f 4520/4512/4513 4530/4516/4517 4531/4517/4518
f 4365/4349/4350 4354/4351/4352 4534/4518/4519
f 4495/4519/4520 4513/4520/4521 4267/4260/4261
f 4495/4519/4520 4267/4260/4261 4494/4521/4522
f 4263/4355/4356 4529/4522/4523 4391/4339/4340
f 4436/4426/4427 4536/4523/4524 4442/4433/4434
f 4520/4512/4513 4497/4241/4242 4530/4516/4517
f 4497/4241/4242 4526/4511/4512 4530/4516/4517
f 4254/4250/4251 4267/4260/4261 4513/4520/4521
f 4146/4128/4129 4445/4436/4437 4538/4524/4525
f 4146/4128/4129 4538/4524/4525 4486/4480/4481
f 4443/4434/4435 4539/4525/4526 4421/4410/4411
f 4492/4526/4527 4537/4527/4528 4540/4528/4529
f 4521/4513/4514 4541/4529/4530 4503/4489/4490
f 4396/4386/4387 4512/4499/4500 4425/4403/4404
f 4521/4513/4514 4542/4530/4531 4541/4529/4530
f 4420/4409/4410 4468/4463/4464 4505/4257/4258
f 4543/4531/4532 4544/4532/4533 4561/4533/4534
f 4543/4531/4532 4391/4339/4340 4529/4522/4523
f 4543/4531/4532 4561/4533/4534 4391/4339/4340
f 4410/4398/4399 4482/4497/4498 4483/4477/4478
f 4545/4534/4535 4546/4535/4536 4547/4536/4537
f 4444/4435/4436 4548/4537/4538 4402/4392/4393
f 4379/4375/4376 4393/4383/4384 4549/4538/4539
f 4284/4274/4275 4462/4458/4459 4624/4539/4540
f 4356/4345/4346 4440/4431/4432 4550/4359/4360
f 4471/4356/4357 4514/4540/4541 4457/4451/4452
f 4551/4541/4542 4553/4542/4543 4552/4543/4544
f 4374/4419/4420 4429/4418/4419 4554/4544/4545
f 4266/4248/4249 4556/4545/4546 4526/4511/4512
f 4258/4256/4257 4282/4272/4273 4527/4546/4547
f 4262/4510/4511 4525/4509/4510 4558/4547/4548
f 4262/4510/4511 4558/4547/4548 4261/4457/4458
f 4533/4548/4549 4559/4549/4550 4560/4550/4551
f 4116/4209/4210 4221/4208/4209 4305/4300/4301
f 4269/4217/4218 4487/4481/4482 4227/4218/4219
f 4491/4551/4552 4535/4552/4553 4452/4553/4554
f 4491/4551/4552 4452/4553/4554 4562/4554/4555
f 4491/4551/4552 4562/4554/4555 4492/4526/4527
f 4493/4461/4462 4564/4555/4556 4278/4270/4271
f 4493/4461/4462 4563/4556/4557 4564/4555/4556
f 4258/4256/4257 4557/4557/4558 4151/4140/4141
f 4490/4484/4485 4565/4558/4559 4498/4486/4487
f 4463/4479/4480 4517/4502/4503 4566/4559/4560
f 4569/4560/4561 4458/4453/4454 4570/4452/4453
f 4569/4560/4561 4570/4452/4453 4571/4561/4562
f 4561/4533/4534 4567/4562/4563 4391/4339/4340
f 4537/4527/4528 4272/4265/4266 4540/4528/4529
f 4411/4400/4401 4575/4563/4564 4512/4499/4500
f 4272/4265/4266 4228/4219/4220 4540/4528/4529
f 4167/4153/4154 4202/4192/4193 4580/4564/4565
f 4167/4153/4154 4580/4564/4565 4582/4565/4566
f 4439/4429/4430 4438/4428/4429 4583/4566/4567
f 4119/4166/4167 4179/4165/4166 4154/4416/4417
f 4588/4567/4568 4589/4568/4569 4590/4569/4570
f 4548/4537/4538 4587/4570/4571 4402/4392/4393
f 4389/4380/4381 4387/4378/4379 4585/4571/4572
f 4528/4515/4516 4592/4572/4573 4593/4573/4574
f 4429/4418/4419 4581/4574/4575 4554/4544/4545
f 4415/4404/4405 4425/4403/4404 4572/4575/4576
f 4278/4270/4271 4564/4555/4556 4594/4576/4577
f 4540/4528/4529 4228/4219/4220 4577/4577/4578
f 4578/4578/4579 4576/4579/4580 4579/4580/4581
f 4391/4339/4340 4567/4562/4563 4586/4581/4582
f 4403/4465/4466 4595/4582/4583 4348/4338/4339
f 4528/4515/4516 4593/4573/4574 4115/4108/4109
f 4392/4275/4276 4505/4257/4258 4482/4497/4498
f 4278/4270/4271 4594/4576/4577 4518/4504/4505
f 4391/4339/4340 4586/4581/4582 4596/4583/4584
f 4391/4339/4340 4596/4583/4584 4344/4371/4372
f 4425/4403/4404 4597/4584/4585 4572/4575/4576
f 4425/4403/4404 4598/4585/4586 4597/4584/4585
f 4490/4484/4485 4416/4405/4406 4599/4586/4587
f 4567/4562/4563 4600/4587/4588 4601/4588/4589
f 4494/4521/4522 4602/4589/4590 4555/4590/4591
f 4494/4521/4522 4267/4260/4261 4602/4589/4590
f 4074/4066/4067 4604/4591/4592 4224/4214/4215
f 4555/4590/4591 4602/4589/4590 4605/4592/4593
f 4423/4415/4416 4509/4494/4495 4606/4593/4594
f 4424/4412/4413 4607/4594/4595 4456/4450/4451
f 4424/4412/4413 4608/4595/4596 4607/4594/4595
f 4284/4274/4275 4624/4539/4540 4568/4596/4597
f 4609/4597/4598 4610/4598/4599 4611/4599/4600
f 4515/4500/4501 4599/4586/4587 4416/4405/4406
f 4457/4451/4452 4621/4600/4601 4570/4452/4453
f 4482/4497/4498 4505/4257/4258 4468/4463/4464
f 4612/4601/4602 4613/4602/4603 4411/4400/4401
f 4267/4260/4261 4614/4603/4604 4602/4589/4590
f 4354/4351/4352 4481/4473/4474 4615/4604/4605
f 4436/4426/4427 4616/4605/4606 4536/4523/4524
f 4436/4426/4427 4553/4542/4543 4616/4605/4606
f 4617/4606/4607 4618/4607/4608 4436/4426/4427
f 4619/4608/4609 4585/4571/4572 4587/4570/4571
f 4617/4606/4607 4436/4426/4427 4584/4609/4610
f 4619/4608/4609 4620/4610/4611 4585/4571/4572
f 4552/4543/4544 4553/4542/4543 4436/4426/4427
f 4552/4543/4544 4436/4426/4427 4618/4607/4608
f 4571/4561/4562 4570/4452/4453 4574/4611/4612
f 4571/4561/4562 4574/4611/4612 4573/4612/4613
f 4622/4613/4614 4549/4538/4539 4623/4614/4615
f 4585/4571/4572 4387/4378/4379 4587/4570/4571
f 4462/4458/4459 4261/4457/4458 4624/4539/4540
f 4402/4392/4393 4387/4378/4379 4627/4615/4616
f 4613/4602/4603 4575/4563/4564 4411/4400/4401
f 4549/4538/4539 4393/4383/4384 4623/4614/4615
f 4440/4431/4432 4625/4616/4617 4550/4359/4360
f 4626/4617/4618 4554/4544/4545 4539/4525/4526
f 4449/4442/4443 4364/4354/4355 4625/4616/4617
f 4581/4574/4575 4630/4618/4619 4631/4619/4620
f 4581/4574/4575 4631/4619/4620 4421/4410/4411
f 4539/4525/4526 4554/4544/4545 4421/4410/4411
f 4533/4548/4549 4560/4550/4551 4532/4620/4621
f 4402/4392/4393 4587/4570/4571 4387/4378/4379
f 4554/4544/4545 4581/4574/4575 4421/4410/4411
f 4628/4621/4622 4629/4622/4623 4632/4623/4624
f 4364/4354/4355 4550/4359/4360 4625/4616/4617
f 4580/4564/4565 4202/4192/4193 4633/4624/4625
f 3957/3947/3948 4412/4401/4402 4634/4625/4626
f 4220/4207/4208 4636/4626/4627 4221/4208/4209
f 4261/4457/4458 4558/4547/4548 4624/4539/4540
f 4629/4622/4623 4694/4627/4628 4632/4623/4624
f 4247/4240/4241 4638/4628/4629 4639/4629/4630
f 4247/4240/4241 4639/4629/4630 4447/4440/4441
f 4628/4621/4622 4632/4623/4624 4640/4630/4631
f 4115/4108/4109 4593/4573/4574 4522/4506/4507
f 4550/4359/4360 4364/4354/4355 4368/4360/4361
f 4613/4602/4603 4641/4631/4632 4575/4563/4564
f 4580/4564/4565 4633/4624/4625 4642/4632/4633
f 4580/4564/4565 4642/4632/4633 4643/4633/4634
f 4568/4596/4597 4624/4539/4540 4637/4634/4635
f 4364/4354/4355 4650/4635/4636 4368/4360/4361
f 4645/4636/4637 4605/4592/4593 4644/4637/4638
f 4645/4636/4637 4644/4637/4638 4646/4638/4639
f 4647/4639/4640 4603/4640/4641 4648/4641/4642
f 7232/4642/4643 4274/4267/4268 4649/4643/4644
f 4498/4486/4487 4565/4558/4559 4591/4644/4645
f 4501/4488/4489 4650/4635/4636 4364/4354/4355
f 4227/4218/4219 4487/4481/4482 4651/4645/4646
f 4567/4562/4563 4601/4588/4589 4586/4581/4582
f 4258/4256/4257 4527/4546/4547 4652/4646/4647
f 4258/4256/4257 4652/4646/4647 4557/4557/4558
f 4564/4555/4556 4653/4647/4648 4594/4576/4577
f 4654/4648/4649 4655/4649/4650 4656/4650/4651
f 4657/4651/4652 4611/4599/4600 4658/4652/4653
f 4526/4511/4512 4556/4545/4546 4530/4516/4517
f 4659/4653/4654 4660/4654/4655 4661/4655/4656
f 4168/4154/4155 4522/4506/4507 4664/4656/4657
f 4168/4154/4155 4664/4656/4657 4665/4657/4658
f 4365/4349/4350 4534/4518/4519 4510/4495/4496
f 4149/4134/4135 4662/4658/4659 4668/4659/4660
f 4667/4660/4661 4656/4650/4651 4666/4661/4662
f 4487/4481/4482 4670/4662/4663 4651/4645/4646
f 4486/4480/4481 4538/4524/4525 4687/4663/4664
f 4354/4351/4352 4615/4604/4605 4534/4518/4519
f 4501/4488/4489 4671/4664/4665 4672/4665/4666
f 4501/4488/4489 4672/4665/4666 4650/4635/4636
f 3987/3977/3978 4456/4450/4451 4138/3828/3829
f 4629/4622/4623 4674/4666/4667 4694/4627/4628
f 4403/4465/4466 4673/4667/4668 4595/4582/4583
f 4348/4338/4339 4595/4582/4583 4767/4668/4669
f 4348/4338/4339 4767/4668/4669 4675/4669/4670
f 4621/4600/4601 4677/4670/4671 4678/4671/4672
f 4530/4516/4517 4556/4545/4546 4531/4517/4518
f 4665/4657/4658 4664/4656/4657 4679/4672/4673
f 4154/4416/4417 4179/4165/4166 4680/4673/4674
f 4681/4674/4675 4700/4675/4676 4741/4676/4677
f 4681/4674/4675 4741/4676/4677 4660/4654/4655
f 4648/4641/4642 4603/4640/4641 4684/4677/4678
f 4475/4490/4491 4686/4678/4679 4507/4492/4493
f 4486/4480/4481 4687/4663/4664 4487/4481/4482
f 4688/4679/4680 4368/4360/4361 4689/4680/4681
f 4481/4473/4474 4690/4681/4682 4691/4682/4683
f 4624/4539/4540 4692/4683/4684 4637/4634/4635
f 4570/4452/4453 4693/4684/4685 4574/4611/4612
f 4601/4588/4589 4695/4685/4686 4586/4581/4582
f 4696/4686/4687 4697/4687/4688 4698/4688/4689
f 4696/4686/4687 4698/4688/4689 4699/4689/4690
f 4525/4509/4510 4701/4690/4691 4558/4547/4548
f 4652/4646/4647 4527/4546/4547 4702/4691/4692
f 4182/4170/4171 4181/4169/4170 4703/4692/4693
f 4182/4170/4171 4703/4692/4693 4635/4693/4694
f 4138/3828/3829 4456/4450/4451 4474/4469/4470
f 4706/4694/4695 4708/4695/4696 4709/4696/4697
f 4481/4473/4474 4772/4697/4698 4615/4604/4605
f 4481/4473/4474 4711/4698/4699 4772/4697/4698
f 4481/4473/4474 4691/4682/4683 4711/4698/4699
f 4512/4499/4500 4575/4563/4564 4712/4699/4700
f 4512/4499/4500 4712/4699/4700 4713/4700/4701
f 4267/4260/4261 4272/4265/4266 4614/4603/4604
f 4492/4526/4527 4562/4554/4555 4537/4527/4528
f 4151/4140/4141 4715/4701/4702 4716/4702/4703
f 4151/4140/4141 4716/4702/4703 4472/4211/4212
f 4282/4272/4273 4717/4703/4704 4527/4546/4547
f 4641/4631/4632 4719/4704/4705 4575/4563/4564
f 4425/4403/4404 4669/4705/4706 4598/4585/4586
f 4510/4495/4496 4534/4518/4519 4720/4706/4707
f 4671/4664/4665 4721/4707/4708 4672/4665/4666
f 4655/4649/4650 4722/4708/4709 4739/4709/4710
f 4655/4649/4650 4739/4709/4710 4656/4650/4651
f 4644/4637/4638 4274/4267/4268 4508/4493/4494
f 4537/4527/4528 4562/4554/4555 4272/4265/4266
f 4660/4654/4655 4741/4676/4677 4661/4655/4656
f 4527/4546/4547 4717/4703/4704 4725/4710/4711
f 4650/4635/4636 4672/4665/4666 4368/4360/4361
f 4707/4711/4712 4706/4694/4695 4726/4712/4713
f 4644/4637/4638 4508/4493/4494 4646/4638/4639
f 4632/4623/4624 4694/4627/4628 4724/4713/4714
f 4151/4140/4141 4727/4714/4715 4715/4701/4702
f 4621/4600/4601 4678/4671/4672 4730/4715/4716
f 4621/4600/4601 4730/4715/4716 4570/4452/4453
f 4658/4652/4653 4611/4599/4600 4731/4716/4717
f 4658/4652/4653 4731/4716/4717 4710/4717/4718
f 4272/4265/4266 4562/4554/4555 4614/4603/4604
f 4151/4140/4141 4557/4557/4558 4727/4714/4715
f 4704/4718/4719 4531/4517/4518 4732/4719/4720
f 4586/4581/4582 4695/4685/4686 4596/4583/4584
f 4557/4557/4558 4729/4720/4721 4727/4714/4715
f 4527/4546/4547 4725/4710/4711 4702/4691/4692
f 4695/4685/4686 4601/4588/4589 4734/4721/4722
f 4735/4722/4723 4736/4723/4724 4610/4598/4599
f 4666/4661/4662 4656/4650/4651 4736/4723/4724
f 4624/4539/4540 4733/4724/4725 4692/4683/4684
f 4644/4637/4638 4649/4643/4644 4274/4267/4268
f 4611/4599/4600 4610/4598/4599 4731/4716/4717
f 4646/4638/4639 4508/4493/4494 4737/4725/4726
f 4646/4638/4639 4737/4725/4726 4738/4726/4727
f 4656/4650/4651 4739/4709/4710 4736/4723/4724
f 4557/4557/4558 4652/4646/4647 4729/4720/4721
f 4227/4218/4219 4651/4645/4646 4576/4579/4580
f 4579/4580/4581 4718/4727/4728 4676/4728/4729
f 4487/4481/4482 4687/4663/4664 4670/4662/4663
f 4595/4582/4583 4673/4667/4668 4743/4729/4730
f 4673/4667/4668 4742/4730/4731 4743/4729/4730
f 4610/4598/4599 4736/4723/4724 4731/4716/4717
f 4403/4465/4466 4744/4731/4732 4673/4667/4668
f 4736/4723/4724 4739/4709/4710 4731/4716/4717
f 4473/4468/4469 4663/4732/4733 4745/4733/4734
f 4473/4468/4469 4745/4733/4734 4430/4474/4475
f 4723/4734/4735 4746/4735/4736 4722/4708/4709
f 4556/4545/4546 4749/4736/4737 4531/4517/4518
f 4644/4637/4638 4602/4589/4590 4649/4643/4644
f 4661/4655/4656 4741/4676/4677 4747/4737/4738
f 4605/4592/4593 4602/4589/4590 4644/4637/4638
f 4430/4474/4475 4748/4738/4739 4226/4216/4217
f 4714/4739/4740 4749/4736/4737 4556/4545/4546
f 4674/4666/4667 4750/4740/4741 4694/4627/4628
f 4752/4741/4742 4753/4742/4743 4754/4743/4744
f 4640/4630/4631 4632/4623/4624 4755/4744/4745
f 4743/4729/4730 4742/4730/4731 4724/4713/4714
f 4646/4638/4639 4738/4726/4727 4705/4745/4746
f 4678/4671/4672 4740/4746/4747 4758/4747/4748
f 4632/4623/4624 4724/4713/4714 4742/4730/4731
f 4678/4671/4672 4758/4747/4748 4761/4748/4749
f 4678/4671/4672 4761/4748/4749 4730/4715/4716
f 4474/4469/4470 4456/4450/4451 4607/4594/4595
f 4506/4491/4492 4764/4749/4750 4509/4494/4495
f 4531/4517/4518 4749/4736/4737 4732/4719/4720
f 4632/4623/4624 4742/4730/4731 4757/4750/4751
f 4603/4640/4641 4766/4751/4752 4684/4677/4678
f 4595/4582/4583 4743/4729/4730 4767/4668/4669
f 4676/4728/4729 4768/4752/4753 4769/4753/4754
f 4676/4728/4729 4718/4727/4728 4768/4752/4753
f 4759/4754/4755 4770/4755/4756 4771/4756/4757
f 4759/4754/4755 4771/4756/4757 4760/4757/4758
f 4425/4403/4404 4512/4499/4500 4713/4700/4701
f 4425/4403/4404 4713/4700/4701 4669/4705/4706
f 4579/4580/4581 4651/4645/4646 4718/4727/4728
f 4615/4604/4605 4772/4697/4698 4773/4758/4759
f 4615/4604/4605 4773/4758/4759 4534/4518/4519
f 4759/4754/4755 4760/4757/4758 4774/4759/4760
f 4742/4730/4731 4673/4667/4668 4757/4750/4751
f 4682/4760/4761 4775/4761/4762 4683/4762/4763
f 4682/4760/4761 4685/4763/4764 4775/4761/4762
f 4226/4216/4217 4748/4738/4739 4728/4764/4765
f 4154/4416/4417 4680/4673/4674 4776/4765/4766
f 4154/4416/4417 4776/4765/4766 4181/4169/4170
f 4368/4360/4361 4672/4665/4666 4689/4680/4681
f 4412/4401/4402 3519/3504/3504 4760/4757/4758
f 4683/4762/4763 4775/4761/4762 4777/4766/4767
f 4412/4401/4402 4760/4757/4758 4771/4756/4757
f 4607/4594/4595 4608/4595/4596 4778/4767/4768
f 4771/4756/4757 4779/4768/4769 4412/4401/4402
f 4717/4703/4704 4780/4769/4770 4725/4710/4711
f 4741/4676/4677 4700/4675/4676 4781/4770/4771
f 4731/4716/4717 4782/4771/4772 4710/4717/4718
f 4664/4656/4657 4783/4772/4773 4679/4672/4673
f 4664/4656/4657 4784/4773/4774 4783/4772/4773
f 4762/4774/4775 4699/4689/4690 4934/4775/4776
f 4608/4595/4596 4785/4776/4777 4786/4777/4778
f 4608/4595/4596 4786/4777/4778 4778/4767/4768
f 4534/4518/4519 4787/4778/4779 4720/4706/4707
f 4767/4668/4669 4788/4779/4780 4675/4669/4670
f 4733/4724/4725 4624/4539/4540 4790/4780/4781
f 4733/4724/4725 4790/4780/4781 4789/4781/4782
f 4412/4401/4402 4779/4768/4769 4634/4625/4626
f 4698/4688/4689 4791/4782/4783 4699/4689/4690
f 4739/4709/4710 4722/4708/4709 4861/4783/4784
f 4721/4707/4708 4792/4784/4785 4672/4665/4666
f 4508/4493/4494 4305/4300/4301 4793/4785/4786
f 4508/4493/4494 4793/4785/4786 4737/4725/4726
f 4743/4729/4730 4794/4786/4787 4767/4668/4669
f 4727/4714/4715 4796/4787/4788 4715/4701/4702
f 4430/4474/4475 4745/4733/4734 4797/4788/4789
f 4694/4627/4628 4798/4789/4790 4724/4713/4714
f 4774/4759/4760 4760/4757/4758 4799/4790/4791
f 4785/4776/4777 4800/4791/4792 4786/4777/4778
f 4507/4492/4493 4686/4678/4679 4763/4792/4793
f 4757/4750/4751 4801/4793/4794 4632/4623/4624
f 4693/4684/4685 4570/4452/4453 4802/4794/4795
f 4733/4724/4725 4789/4781/4782 4765/4795/4796
f 4724/4713/4714 4798/4789/4790 4743/4729/4730
f 4808/4796/4797 4809/4797/4798 4845/4798/4799
f 4808/4796/4797 4845/4798/4799 4810/4799/4800
f 4739/4709/4710 4782/4771/4772 4731/4716/4717
f 4739/4709/4710 4861/4783/4784 4782/4771/4772
f 4743/4729/4730 4798/4789/4790 4811/4800/4801
f 4743/4729/4730 4811/4800/4801 4794/4786/4787
f 4805/4801/4802 4812/4802/4803 4806/4803/4804
f 4706/4694/4695 4813/4804/4805 4726/4712/4713
f 4706/4694/4695 4709/4696/4697 4814/4805/4806
f 4706/4694/4695 4814/4805/4806 4813/4804/4805
f 4575/4563/4564 4719/4704/4705 4815/4806/4807
f 4575/4563/4564 4815/4806/4807 4712/4699/4700
f 4741/4676/4677 4816/4807/4808 4747/4737/4738
f 4560/4550/4551 4817/4808/4809 4818/4809/4810
f 4560/4550/4551 4818/4809/4810 4795/4810/4811
f 4819/4811/4812 4754/4743/4744 4820/4812/4813
f 4819/4811/4812 4820/4812/4813 4821/4813/4814
f 4673/4667/4668 4822/4814/4815 4757/4750/4751
f 4673/4667/4668 4807/4815/4816 4822/4814/4815
f 4701/4690/4691 4823/4816/4817 4558/4547/4548
f 4532/4620/4621 4560/4550/4551 4766/4751/4752
f 4532/4620/4621 4766/4751/4752 4603/4640/4641
f 4702/4691/4692 4824/4817/4818 4652/4646/4647
f 4702/4691/4692 4826/4818/4819 4824/4817/4818
f 4702/4691/4692 4825/4819/4820 4826/4818/4819
f 4652/4646/4647 4824/4817/4818 4827/4820/4821
f 4598/4585/4586 4669/4705/4706 4828/4821/4822
f 4221/4208/4209 4830/4822/4823 4305/4300/4301
f 4560/4550/4551 4795/4810/4811 4766/4751/4752
f 4732/4719/4720 4749/4736/4737 4832/4823/4824
f 4732/4719/4720 4832/4823/4824 4803/4824/4825
f 4777/4766/4767 4775/4761/4762 4833/4825/4826
f 4777/4766/4767 4833/4825/4826 4834/4826/4827
f 4835/4827/4828 4836/4828/4829 4746/4735/4736
f 4602/4589/4590 4614/4603/4604 4649/4643/4644
f 4812/4802/4803 4805/4801/4802 4829/4829/4830
f 4837/4830/4831 4934/4775/4776 4838/4831/4832
f 4717/4703/4704 4839/4832/4833 4780/4769/4770
f 4792/4784/4785 4840/4833/4834 4672/4665/4666
f 4812/4802/4803 4841/4834/4835 4806/4803/4804
f 4614/4603/4604 4562/4554/4555 4649/4643/4644
f 4769/4753/4754 4768/4752/4753 4842/4835/4836
f 4809/4797/4798 4844/4836/4837 4845/4798/4799
f 4708/4695/4696 4843/4837/4838 4709/4696/4697
f 4806/4803/4804 4841/4834/4835 4881/4838/4839
f 4689/4680/4681 4672/4665/4666 4831/4839/4840
f 4652/4646/4647 4827/4820/4821 4729/4720/4721
f 4765/4795/4796 4789/4781/4782 4846/4840/4841
f 4758/4747/4748 4847/4841/4842 4761/4748/4749
f 4760/4757/4758 3519/3504/3504 4848/4842/4843
f 4760/4757/4758 4848/4842/4843 4799/4790/4791
f 4757/4750/4751 4822/4814/4815 4849/4843/4844
f 4806/4803/4804 4881/4838/4839 4805/4801/4802
f 4702/4691/4692 4725/4710/4711 4825/4819/4820
f 4534/4518/4519 4751/4844/4845 4787/4778/4779
f 4534/4518/4519 4773/4758/4759 4751/4844/4845
f 4844/4836/4837 4852/4845/4846 4845/4798/4799
f 4763/4792/4793 4686/4678/4679 4853/4846/4847
f 4179/4165/4166 4854/4847/4848 4680/4673/4674
f 4855/4848/4849 4856/4849/4850 4857/4850/4851
f 4749/4736/4737 4714/4739/4740 4832/4823/4824
f 4858/4851/4852 4859/4852/4853 4860/4853/4854
f 4746/4735/4736 4836/4828/4829 4861/4783/4784
f 4746/4735/4736 4861/4783/4784 4722/4708/4709
f 4812/4802/4803 4829/4829/4830 4864/4854/4855
f 4812/4802/4803 4865/4855/4856 4841/4834/4835
f 4812/4802/4803 4864/4854/4855 4865/4855/4856
f 4781/4770/4771 4869/4856/4857 4741/4676/4677
f 4781/4770/4771 4868/4857/4858 4869/4856/4857
f 4430/4474/4475 5000/4858/4859 4748/4738/4739
f 4624/4539/4540 4558/4547/4548 4870/4859/4860
f 4624/4539/4540 4870/4859/4860 4790/4780/4781
f 3888/3877/3878 4121/4860/4861 4871/4861/4862
f 3888/3877/3878 4871/4861/4862 3889/3878/3879
f 4802/4794/4795 4570/4452/4453 4872/4862/4863
f 4823/4816/4817 4873/4863/4864 4558/4547/4548
f 3519/3504/3504 2844/3503/3503 4848/4842/4843
f 2844/3503/3503 3898/3885/3886 4874/4864/4865
f 2844/3503/3503 4874/4864/4865 4848/4842/4843
f 4773/4758/4759 4772/4697/4698 4851/4865/4866
f 4430/4474/4475 4797/4788/4789 5000/4858/4859
f 4607/4594/4595 4778/4767/4768 4476/4470/4471
f 4607/4594/4595 4476/4470/4471 4474/4469/4470
f 4305/4300/4301 4830/4822/4823 4875/4866/4867
f 4876/4867/4868 4877/4868/4869 4878/4869/4870
f 4570/4452/4453 4730/4715/4716 4872/4862/4863
f 4782/4771/4772 4861/4783/4784 4879/4870/4871
f 4788/4779/4780 4767/4668/4669 4880/4871/4872
f 4673/4667/4668 4744/4731/4732 4883/4872/4873
f 4754/4743/4744 4753/4742/4743 4820/4812/4813
f 4756/4873/4874 4804/4874/4875 4884/4875/4876
f 4669/4705/4706 4886/4876/4877 4828/4821/4822
f 4305/4300/4301 4875/4866/4867 4793/4785/4786
f 4778/4767/4768 4885/4877/4878 4476/4470/4471
f 4863/4878/4879 4862/4879/4880 4887/4880/4881
f 4866/4881/4882 4888/4882/4883 4867/4883/4884
f 4862/4879/4880 4889/4884/4885 4887/4880/4881
f 4850/4885/4886 4890/4886/4887 4892/4887/4888
f 4850/4885/4886 4892/4887/4888 4804/4874/4875
f 4787/4778/4779 4893/4888/4889 4894/4889/4890
f 4787/4778/4779 4751/4844/4845 4893/4888/4889
f 4895/4890/4891 4896/4891/4892 4897/4892/4893
f 4895/4890/4891 4898/4893/4894 4896/4891/4892
f 4741/4676/4677 4869/4856/4857 4816/4807/4808
f 4773/4758/4759 4903/4894/4895 4751/4844/4845
f 4791/4782/4783 4904/4895/4896 4699/4689/4690
f 4899/4896/4897 4905/4897/4898 4906/4898/4899
f 4899/4896/4897 4906/4898/4899 4858/4851/4852
f 4881/4838/4839 4907/4899/4900 4805/4801/4802
f 4672/4665/4666 4840/4833/4834 4908/4900/4901
f 4672/4665/4666 4908/4900/4901 4831/4839/4840
f 4817/4808/4809 4909/4901/4902 4818/4809/4810
f 4773/4758/4759 4851/4865/4866 4910/4902/4903
f 4887/4880/4881 4889/4884/4885 4910/4902/4903
f 4887/4880/4881 4910/4902/4903 4851/4865/4866
f 4831/4839/4840 4908/4900/4901 4913/4903/4904
f 4842/4835/4836 4768/4752/4753 4900/4904/4905
f 4767/4668/4669 4953/4905/4906 4880/4871/4872
f 4778/4767/4768 4786/4777/4778 4885/4877/4878
f 4805/4801/4802 4912/4906/4907 4829/4829/4830
f 4789/4781/4782 4790/4780/4781 4915/4907/4908
f 4888/4882/4883 4916/4908/4909 4917/4909/4910
f 4888/4882/4883 4917/4909/4910 4867/4883/4884
f 4882/4910/4911 4918/4911/4912 4843/4837/4838
f 4773/4758/4759 4910/4902/4903 4903/4894/4895
f 4669/4705/4706 4713/4700/4701 4886/4876/4877
f 4901/4912/4913 4902/4913/4914 4919/4914/4915
f 4920/4915/4916 4921/4916/4917 4949/4917/4918
f 4920/4915/4916 4949/4917/4918 4917/4909/4910
f 4860/4853/4854 4859/4852/4853 4836/4828/4829
f 3872/4038/4039 3889/3878/3879 4273/4266/4267
f 4836/4828/4829 4859/4852/4853 4861/4783/4784
f 4651/4645/4646 4670/4662/4663 4923/4918/4919
f 4673/4667/4668 4883/4872/4873 4807/4815/4816
f 4840/4833/4834 4924/4919/4920 4908/4900/4901
f 4843/4837/4838 4918/4911/4912 4709/4696/4697
f 4886/4876/4877 4713/4700/4701 4927/4920/4921
f 4890/4886/4887 4891/4921/4922 4896/4891/4892
f 4921/4916/4917 4922/4922/4923 4949/4917/4918
f 4890/4886/4887 4896/4891/4892 4892/4887/4888
f 4873/4863/4864 4928/4923/4924 4558/4547/4548
f 4748/4738/4739 5000/4858/4859 4931/4924/4925
f 4917/4909/4910 4949/4917/4918 5019/4925/4926
f 4686/4678/4679 4925/4926/4927 4853/4846/4847
f 4799/4790/4791 4848/4842/4843 4932/4927/4928
f 4800/4791/4792 4933/4928/4929 4786/4777/4778
f 4919/4914/4915 4936/4929/4930 4937/4930/4931
f 4815/4806/4807 4938/4931/4932 4712/4699/4700
f 4918/4911/4912 4816/4807/4808 4709/4696/4697
f 4902/4913/4914 4936/4929/4930 4919/4914/4915
f 4902/4913/4914 4940/4932/4933 4936/4929/4930
f 4867/4883/4884 4917/4909/4910 4914/4933/4934
f 4917/4909/4910 5019/4925/4926 4914/4933/4934
f 4781/4770/4771 4911/4934/4935 4868/4857/4858
f 4942/4935/4936 4943/4936/4937 4925/4926/4927
f 4811/4800/4801 4941/4937/4938 4794/4786/4787
f 4841/4834/4835 4946/4938/4939 4881/4838/4839
f 4841/4834/4835 4865/4855/4856 4946/4938/4939
f 4838/4831/4832 4934/4775/4776 4856/4849/4850
f 4947/4939/4940 4948/4940/4941 4949/4917/4918
f 4947/4939/4940 4949/4917/4918 4922/4922/4923
f 4924/4919/4920 4950/4941/4942 4908/4900/4901
f 4868/4857/4858 4911/4934/4935 4951/4942/4943
f 4744/4731/4732 4952/4943/4944 4883/4872/4873
f 4767/4668/4669 4794/4786/4787 4953/4905/4906
f 4935/4944/4945 4937/4930/4931 4955/4945/4946
f 4935/4944/4945 4955/4945/4946 4929/4946/4947
f 4896/4891/4892 4954/4947/4948 4897/4892/4893
f 4937/4930/4931 4936/4929/4930 4955/4945/4946
f 4872/4862/4863 4730/4715/4716 4956/4948/4949
f 4925/4926/4927 4943/4936/4937 4853/4846/4847
f 4813/4804/4805 4814/4805/4806 4957/4949/4950
f 4896/4891/4892 4898/4893/4894 4958/4950/4951
f 4868/4857/4858 4951/4942/4943 4869/4856/4857
f 4896/4891/4892 4891/4921/4922 4954/4947/4948
f 4848/4842/4843 4959/4951/4952 4932/4927/4928
f 4929/4946/4947 4955/4945/4946 4948/4940/4941
f 4820/4812/4813 4960/4952/4953 4961/4953/4954
f 4684/4677/4678 4766/4751/4752 4962/4954/4955
f 4684/4677/4678 4962/4954/4955 4963/4955/4956
f 4804/4874/4875 4892/4887/4888 4884/4875/4876
f 4807/4815/4816 4883/4872/4873 4964/4956/4957
f 4857/4850/4851 4965/4957/4958 4939/4958/4959
f 4846/4840/4841 4789/4781/4782 4966/4959/4960
f 4847/4841/4842 4967/4960/4961 4761/4748/4749
f 4713/4700/4701 4712/4699/4700 4968/4961/4962
f 4713/4700/4701 4968/4961/4962 4927/4920/4921
f 4932/4927/4928 4959/4951/4952 4852/4845/4846
f 4684/4677/4678 4963/4955/4956 4930/4962/4963
f 4852/4845/4846 4959/4951/4952 4845/4798/4799
f 4912/4906/4907 4969/4963/4964 4829/4829/4830
f 4805/4801/4802 4970/4964/4965 4912/4906/4907
f 4886/4876/4877 4927/4920/4921 4971/4965/4966
f 4972/4966/4967 4973/4967/4968 4974/4968/4969
f 4775/4761/4762 4685/4763/4764 4977/4969/4970
f 4712/4699/4700 4938/4931/4932 4968/4961/4962
f 4891/4921/4922 4975/4970/4971 4954/4947/4948
f 4833/4825/4826 4775/4761/4762 4977/4969/4970
f 4948/4940/4941 4955/4945/4946 4949/4917/4918
f 4685/4763/4764 4986/4971/4972 4977/4969/4970
f 4979/4972/4973 4981/4973/4974 4980/4974/4975
f 4979/4972/4973 4982/4975/4976 4981/4973/4974
f 4980/4974/4975 4981/4973/4974 4983/4976/4977
f 4815/4806/4807 4978/4977/4978 4938/4931/4932
f 4891/4921/4922 4984/4978/4979 4975/4970/4971
f 4857/4850/4851 4985/4979/4980 4965/4957/4958
f 4987/4980/4981 4988/4981/4982 4989/4982/4983
f 4987/4980/4981 4989/4982/4983 4990/4983/4984
f 4987/4980/4981 4990/4983/4984 4991/4984/4985
f 4979/4972/4973 4992/4985/4986 4982/4975/4976
f 4905/4897/4898 4926/4986/4987 4906/4898/4899
f 4926/4986/4987 4993/4987/4988 4906/4898/4899
f 4991/4984/4985 4990/4983/4984 4994/4988/4989
f 4995/4989/4990 4996/4990/4991 4997/4991/4992
f 4753/4742/4743 4960/4952/4953 4820/4812/4813
f 4718/4727/4728 4651/4645/4646 4998/4992/4993
f 4964/4956/4957 4883/4872/4873 4999/4993/4994
f 4834/4826/4827 4833/4825/4826 5001/4994/4995
f 4730/4715/4716 4761/4748/4749 5002/4995/4996
f 4730/4715/4716 5002/4995/4996 4956/4948/4949
f 4881/4838/4839 4946/4938/4939 4907/4899/4900
f 4944/4996/4997 5003/4997/4998 5004/4998/4999
f 4896/4891/4892 5073/4999/5000 4892/4887/4888
f 4845/4798/4799 4959/4951/4952 4810/4799/4800
f 4896/4891/4892 4958/4950/4951 5073/4999/5000
f 4951/4942/4943 5005/5000/5001 4869/4856/4857
f 4915/4907/4908 4790/4780/4781 5178/5001/5002
f 4912/4906/4907 5008/5002/5003 4969/4963/4964
f 4958/4950/4951 5006/5003/5004 5073/4999/5000
f 4699/4689/4690 4904/4895/4896 5007/5004/5005
f 4699/4689/4690 5007/5004/5005 4934/4775/4776
f 4753/4742/4743 5011/5005/5006 4960/4952/4953
f 5009/5006/5007 5010/5007/5008 4973/4967/4968
f 4718/4727/4728 4998/4992/4993 4768/4752/4753
f 4883/4872/4873 5015/5008/5009 4999/4993/4994
f 4928/4923/4924 5016/5009/5010 4558/4547/4548
f 4906/4898/4899 5017/5010/5011 4858/4851/4852
f 4986/4971/4972 5010/5007/5008 5013/5011/5012
f 4986/4971/4972 5013/5011/5012 4977/4969/4970
f 4857/4850/4851 5018/5012/5013 4985/4979/4980
f 4878/4869/4870 4877/4868/4869 5003/4997/4998
f 4979/4972/4973 5239/5013/5014 4992/4985/4986
f 4883/4872/4873 4952/4943/4944 5020/5014/5015
f 4976/5015/5016 4974/4968/4969 5021/5016/5017
f 4909/4901/4902 5023/5017/5018 4818/4809/4810
f 4869/4856/4857 5005/5000/5001 5025/5018/5019
f 4992/4985/4986 5239/5013/5014 5026/5019/5020
f 4857/4850/4851 4856/4849/4850 5018/5012/5013
f 4906/4898/4899 4993/4987/4988 5027/5020/5021
f 4994/4988/4989 4990/4983/4984 5028/5021/5022
f 4996/4990/4991 5030/5022/5023 5029/5023/5024
f 4996/4990/4991 5029/5023/5024 4997/4991/4992
f 4789/4781/4782 4915/4907/4908 5031/5024/5025
f 4789/4781/4782 5031/5024/5025 4966/4959/4960
f 4856/4849/4850 4934/4775/4776 5018/5012/5013
f 4992/4985/4986 5026/5019/5020 5032/5025/5026
f 4989/4982/4983 5033/5026/5027 5034/5027/5028
f 5035/5028/5029 5036/5029/5030 5022/5030/5031
f 4858/4851/4852 5017/5010/5011 4859/4852/4853
f 4975/4970/4971 5037/5031/5032 4954/4947/4948
f 4978/4977/4978 5038/5032/5033 5039/5033/5034
f 4978/4977/4978 5022/5030/5031 5038/5032/5033
f 4978/4977/4978 5039/5033/5034 4938/4931/4932
f 5036/5029/5030 5038/5032/5033 5022/5030/5031
f 4959/4951/4952 4848/4842/4843 4810/4799/4800
f 4965/4957/4958 4985/4979/4980 5040/5034/5035
f 5038/5032/5033 5043/5035/5036 5039/5033/5034
f 5040/5034/5035 4985/4979/4980 5044/5036/5037
f 4906/4898/4899 5067/5037/5038 5017/5010/5011
f 5003/4997/4998 4877/4868/4869 5004/4998/4999
f 5039/5033/5034 5043/5035/5036 5049/5038/5039
f 5050/5039/5040 5051/5040/5041 5052/5041/5042
f 5046/5042/5043 5047/5043/5044 5045/5044/5045
f 5046/5042/5043 5055/5045/5046 5047/5043/5044
f 5010/5007/5008 4986/4971/4972 4973/4967/4968
f 4974/4968/4969 4973/4967/4968 5056/5046/5047
f 5042/5047/5048 5057/5048/5049 5058/5049/5050
f 4954/4947/4948 5037/5031/5032 5059/5050/5051
f 4766/4751/4752 4795/4810/4811 5060/5051/5052
f 4766/4751/4752 5061/5052/5053 5062/5053/5054
f 4766/4751/4752 5060/5051/5052 5061/5052/5053
f 5064/5054/5055 5065/5055/5056 5066/5056/5057
f 5027/5020/5021 5067/5037/5038 4906/4898/4899
f 5053/5057/5058 5054/5058/5059 5057/5048/5049
f 5053/5057/5058 5057/5048/5049 5042/5047/5048
f 4974/4968/4969 5068/5059/5060 5021/5016/5017
f 4805/4801/4802 4907/4899/4900 4970/4964/4965
f 5065/5055/5056 5069/5060/5061 5066/5056/5057
f 4986/4971/4972 5014/5061/5062 5162/5062/5063
f 4986/4971/4972 5162/5062/5063 5063/5063/5064
f 4986/4971/4972 5063/5063/5064 5056/5046/5047
f 4986/4971/4972 5056/5046/5047 4973/4967/4968
f 5044/5036/5037 4985/4979/4980 5070/5064/5065
f 4975/4970/4971 5041/5065/5066 5071/5066/5067
f 4975/4970/4971 5071/5066/5067 5037/5031/5032
f 4869/4856/4857 5074/5067/5068 4816/4807/4808
f 4121/4860/4861 4413/5068/5069 5075/5069/5070
f 4121/4860/4861 5075/5069/5070 4871/4861/4862
f 4558/4547/4548 5016/5009/5010 4870/4859/4860
f 5013/5011/5012 5042/5047/5048 5058/5049/5050
f 5013/5011/5012 5058/5049/5050 5102/5070/5071
f 4946/4938/4939 4865/4855/4856 5149/5071/5072
f 4980/4974/4975 5012/5072/5073 5079/5073/5074
f 4980/4974/4975 5079/5073/5074 4979/4972/4973
f 4865/4855/4856 5080/5074/5075 5149/5071/5072
f 5015/5008/5076 5048/5075/5077 5081/5076/5078
f 4883/4872/4873 5083/5077/5079 5015/5008/5009
f 5084/5078/5080 5085/5079/5081 5086/5080/5082
f 5014/5061/5062 5087/5081/5083 5162/5062/5063
f 5002/4995/4996 4761/4748/4749 5076/5082/5084
f 5002/4995/4996 5076/5082/5084 5088/5083/5085
f 5002/4995/4996 5089/5084/5086 4956/4948/4949
f 5090/5085/5087 5091/5086/5088 5092/5087/5089
f 4880/4871/4872 4953/4905/4906 5093/5088/5090
f 5094/5089/5091 5095/5090/5092 5096/5091/5093
f 4979/4972/4973 5079/5073/5074 5082/5092/5094
f 4761/4748/4749 4967/4960/4961 5097/5093/5095
f 5098/5094/5096 4945/5095/5097 5099/5096/5098
f 5098/5094/5096 5099/5096/5098 5100/5097/5099
f 4949/4917/4918 4955/4945/4946 5019/4925/4926
f 4833/4825/4826 4977/4969/4970 5102/5070/5071
f 5103/5098/5100 5104/5099/5101 5105/5100/5102
f 5103/5098/5100 5106/5101/5103 5104/5099/5101
f 5045/5044/5045 5129/5102/5104 5046/5042/5043
f 4738/4726/4727 4737/4725/4726 5107/5103/5105
f 5110/5104/5106 5111/5105/5107 5095/5090/5092
f 5110/5104/5106 5095/5090/5092 5112/5106/5108
f 4989/4982/4983 5113/5107/5109 4990/4983/4984
f 4833/4825/4826 5114/5108/5110 5001/4994/4995
f 4833/4825/4826 5102/5070/5071 5114/5108/5110
f 4952/4943/4944 5115/5109/5111 5020/5014/5015
f 5116/5110/5112 5117/5111/5113 5118/5112/5114
f 4829/4829/4830 4969/4963/4964 5024/5113/5115
f 4709/4696/4697 4816/4807/4808 5074/5067/5068
f 4979/4972/4973 5082/5092/5094 5239/5013/5014
f 4859/4852/4853 5120/5114/5116 4861/4783/4784
f 4934/4775/4776 5007/5004/5005 5122/5115/5117
f 4966/4959/4960 5123/5116/5118 5124/5117/5119
f 4966/4959/4960 5125/5118/5120 5123/5116/5118
f 5126/5119/5121 5127/5120/5122 5108/5121/5123
f 5108/5121/5123 5127/5120/5122 5109/5122/5124
f 5045/5044/5045 5047/5043/5044 5129/5102/5104
f 5013/5011/5012 5102/5070/5071 4977/4969/4970
f 5046/5042/5043 5130/5123/5125 5072/5124/5126
f 5126/5119/5121 5086/5080/5082 5127/5120/5122
f 5047/5043/5044 5055/5045/5046 5128/5125/5127
f 4997/4991/4992 5029/5023/5024 5131/5126/5128
f 4989/4982/4983 5034/5027/5028 5113/5107/5109
f 5055/5045/5046 5132/5127/5129 5128/5125/5127
f 5055/5045/5046 5133/5128/5130 5132/5127/5129
f 5135/5129/5131 5149/5071/5072 5134/5130/5132
f 5135/5129/5131 5137/5131/5133 5149/5071/5072
f 5119/5132/5134 4877/4868/4869 4876/4867/4868
f 5134/5130/5132 5149/5071/5072 5080/5074/5075
f 5134/5130/5132 5080/5074/5075 5136/5133/5135
f 4869/4856/4857 5025/5018/5019 5139/5134/5136
f 4869/4856/4857 5139/5134/5136 5074/5067/5068
f 4859/4852/4853 5017/5010/5011 5140/5135/5137
f 4944/4996/4997 5004/4998/4999 4945/5095/5097
f 5078/5136/5138 5142/5137/5139 5143/5138/5140
f 5078/5136/5138 5077/5139/5141 5142/5137/5139
f 4879/4870/4871 4861/4783/4784 5144/5140/5142
f 5136/5133/5135 5080/5074/5075 5145/5141/5143
f 4864/4854/4855 5101/5142/5144 4865/4855/4856
f 4974/4968/4969 5056/5046/5047 5068/5059/5060
f 4865/4855/4856 5101/5142/5144 5147/5143/5145
f 4865/4855/4856 5147/5143/5145 5080/5074/5075
f 5008/5002/5003 5146/5144/5146 4969/4963/4964
f 4969/4963/4964 5146/5144/5146 5148/5145/5147
f 4955/4945/4946 4936/4929/4930 5019/4925/4926
f 5150/5146/5148 5092/5087/5089 5151/5147/5149
f 4912/4906/4907 4970/4964/4965 5152/5148/5150
f 4912/4906/4907 5152/5148/5150 5008/5002/5003
f 4766/4751/4752 5062/5053/5054 4962/4954/4955
f 5153/5149/5151 5154/5150/5152 5091/5086/5088
f 4761/4748/4749 5097/5093/5095 5155/5151/5153
f 5106/5101/5103 5121/5152/5154 5104/5099/5101
f 4985/4979/4980 5018/5012/5013 5238/5153/5155
f 4998/4992/4993 5157/5154/5156 4768/4752/4753
f 4962/4954/4955 5062/5053/5054 5158/5155/5157
f 4990/4983/4984 5113/5107/5109 5159/5156/5158
f 4914/4933/4934 5019/4925/4926 5170/5157/5159
f 5079/5073/5074 5161/5158/5160 5082/5092/5094
f 5079/5073/5074 5160/5159/5161 5161/5158/5160
f 5087/5081/5083 5163/5160/5162 5162/5062/5063
f 5001/4994/4995 5114/5108/5110 5164/5161/5163
f 4829/4829/4830 5024/5113/5115 4864/4854/4855
f 5145/5141/5143 5080/5074/5075 5165/5162/5164
f 5047/5043/5044 5166/5163/5165 5167/5164/5166
f 5145/5141/5143 5165/5162/5164 5168/5165/5167
f 5047/5043/5044 5169/5166/5168 5166/5163/5165
f 5047/5043/5044 5167/5164/5166 5129/5102/5104
f 4923/4918/4919 5171/5167/5169 4651/4645/4646
f 5046/5042/5043 5172/5168/5170 5130/5123/5125
f 4859/4852/4853 5140/5135/5137 5120/5114/5116
f 4969/4963/4964 5148/5145/5147 5175/5169/5171
f 5149/5071/5072 5137/5131/5133 5176/5170/5172
f 4790/4780/4781 4870/4859/4860 5177/5171/5173
f 4790/4780/4781 5177/5171/5173 5178/5001/5002
f 4969/4963/4964 5175/5169/5171 5024/5113/5115
f 4990/4983/4984 5159/5156/5158 5179/5172/5174
f 4990/4983/4984 5179/5172/5174 5180/5173/5175
f 4990/4983/4984 5180/5173/5175 5028/5021/5022
f 5118/5112/5114 5117/5111/5113 5085/5079/5081
f 5077/5139/5141 5138/5174/5176 5181/5175/5177
f 5077/5139/5141 5181/5175/5177 5142/5137/5139
f 4946/4938/4939 5182/5176/5178 4907/4899/4900
f 5183/5177/5179 5184/5178/5180 5185/5179/5181
f 5183/5177/5179 5186/5180/5182 5184/5178/5180
f 5127/5120/5122 5086/5080/5082 5187/5181/5183
f 5111/5105/5107 5188/5182/5184 5189/5183/5185
f 5111/5105/5107 5189/5183/5185 5095/5090/5092
f 5117/5111/5113 5190/5184/5186 5085/5079/5081
f 5191/5185/5187 5192/5186/5188 5193/5187/5189
f 5034/5027/5028 5033/5026/5027 5194/5188/5190
f 5034/5027/5028 5194/5188/5190 5195/5189/5191
f 4709/4696/4697 5074/5067/5068 4814/4805/4806
f 5086/5080/5082 5085/5079/5081 5187/5181/5183
f 5095/5090/5092 5189/5183/5185 5197/5190/5192
f 5095/5090/5092 5197/5190/5192 5096/5091/5093
f 4934/4775/4776 5122/5115/5117 5018/5012/5013
f 5008/5002/5003 5199/5191/5193 5146/5144/5146
f 5096/5091/5093 5197/5190/5192 5141/5192/5194
f 4931/4924/4925 5201/5193/5195 5202/5194/5196
f 4931/4924/4925 5202/5194/5196 5203/5195/5197
f 4907/4899/4900 5182/5176/5178 4970/4964/4965
f 3845/3835/3836 5204/5196/5198 3721/3710/3711
f 5154/5150/5152 5156/5197/5199 5091/5086/5088
f 4998/4992/4993 4651/4645/4646 5171/5167/5169
f 4998/4992/4993 5171/5167/5169 5157/5154/5156
f 5208/5198/5200 5141/5192/5194 5209/5199/5201
f 4795/4810/4811 5210/5200/5202 5060/5051/5052
f 4946/4938/4939 5149/5071/5072 5182/5176/5178
f 5211/5201/5203 5212/5202/5204 5213/5203/5205
f 4957/4949/4950 4814/4805/4806 5216/5204/5206
f 5124/5117/5119 5123/5116/5118 5217/5205/5207
f 5205/5206/5208 5218/5207/5209 5156/5197/5199
f 5070/5064/5065 4985/4979/4980 5219/5208/5210
f 5051/5040/5041 5220/5209/5211 5052/5041/5042
f 5221/5210/5212 5209/5199/5201 5222/5211/5213
f 5060/5051/5052 5223/5212/5214 5061/5052/5053
f 5046/5042/5043 5129/5102/5104 5172/5168/5170
f 5117/5111/5113 5226/5213/5215 5190/5184/5186
f 5123/5116/5118 5125/5118/5120 5228/5214/5216
f 5229/5215/5217 5230/5216/5218 5218/5207/5209
f 5067/5037/5038 5231/5217/5219 5017/5010/5011
f 5052/5041/5042 5220/5209/5211 5232/5218/5220
f 5114/5108/5110 5233/5219/5221 5164/5161/5163
f 5235/5220/5222 5170/5157/5159 4940/4932/4933
f 5031/5024/5025 4915/4907/4908 5236/5221/5223
f 4864/4854/4855 5024/5113/5115 5234/5222/5224
f 5101/5142/5144 5237/5223/5225 5147/5143/5145
f 5066/5056/5057 5069/5060/5061 5340/5224/5226
f 4864/4854/4855 5234/5222/5224 5101/5142/5144
f 5105/5100/5102 5104/5099/5101 5173/5225/5227
f 4985/4979/4980 5238/5153/5155 5219/5208/5210
f 5018/5012/5013 5122/5115/5117 5238/5153/5155
f 5183/5177/5179 5185/5179/5181 5240/5226/5228
f 5066/5056/5057 5340/5224/5226 5241/5227/5229
f 5237/5223/5225 5101/5142/5144 5234/5222/5224
f 5187/5181/5183 5085/5079/5081 5225/5228/5230
f 5184/5178/5180 5186/5180/5182 5243/5229/5231
f 5080/5074/5075 5147/5143/5145 5244/5230/5232
f 5185/5179/5181 5245/5231/5233 5240/5226/5228
f 5184/5178/5180 5243/5229/5231 5185/5179/5181
f 5017/5010/5011 5247/5232/5234 5140/5135/5137
f 5017/5010/5011 5231/5217/5219 5247/5232/5234
f 5082/5092/5094 5214/5233/5235 5239/5013/5014
f 5189/5183/5185 5224/5234/5236 5197/5190/5192
f 4970/4964/4965 5182/5176/5178 5246/5235/5237
f 4915/4907/4908 5178/5001/5002 5248/5236/5238
f 5085/5079/5081 5190/5184/5186 5225/5228/5230
f 5192/5186/5188 5186/5180/5182 5183/5177/5179
f 5192/5186/5188 5183/5177/5179 5193/5187/5189
f 5192/5186/5188 5198/5237/5239 5186/5180/5182
f 5156/5197/5199 5218/5207/5209 5091/5086/5088
f 5131/5126/5128 5029/5023/5024 5249/5238/5240
f 5149/5071/5072 5242/5239/5241 5182/5176/5178
f 5170/5157/5159 5019/4925/4926 4940/4932/4933
f 5185/5179/5181 5243/5229/5231 5245/5231/5233
f 5091/5086/5088 5218/5207/5209 5250/5240/5242
f 5091/5086/5088 5250/5240/5242 5092/5087/5089
f 4861/4783/4784 5120/5114/5116 5251/5241/5243
f 5252/5242/5244 5174/5243/5245 5253/5244/5246
f 5121/5152/5154 5215/5245/5247 5254/5246/5248
f 5141/5192/5194 5197/5190/5192 5209/5199/5201
f 5183/5177/5179 5196/5247/5249 5193/5187/5189
f 5121/5152/5154 5254/5246/5248 5104/5099/5101
f 5113/5107/5109 5255/5248/5250 5159/5156/5158
f 5256/5249/5251 5258/5250/5252 5257/5251/5253
f 4940/4932/4933 5019/4925/4926 4936/4929/4930
f 5257/5251/5253 5258/5250/5252 5259/5252/5254
f 5198/5237/5239 5200/5253/5255 5186/5180/5182
f 5258/5250/5252 5262/5254/5256 5259/5252/5254
f 5224/5234/5236 5264/5255/5257 5197/5190/5192
f 5261/5256/5258 5266/5257/5259 5267/5258/5260
f 5261/5256/5258 5267/5258/5260 5260/5259/5261
f 5057/5048/5049 5268/5260/5262 5269/5261/5263
f 5057/5048/5049 5269/5261/5263 5058/5049/5050
f 5056/5046/5047 5063/5063/5064 5270/5262/5264
f 5225/5228/5230 5190/5184/5186 5263/5263/5265
f 5271/5264/5266 5260/5259/5261 5267/5258/5260
f 5007/5004/5005 5272/5265/5267 5122/5115/5117
f 5212/5202/5204 5207/5266/5268 5213/5203/5205
f 5248/5236/5238 5178/5001/5002 5273/5267/5269
f 4970/4964/4965 5274/5268/5270 5152/5148/5150
f 5266/5257/5259 5275/5269/5271 5267/5258/5260
f 5258/5250/5252 5276/5270/5272 5277/5271/5273
f 5182/5176/5178 5278/5272/5274 5246/5235/5237
f 5007/5004/5005 5279/5273/5275 5272/5265/5267
f 5258/5250/5252 5277/5271/5273 5262/5254/5256
f 5234/5222/5224 5280/5274/5276 5237/5223/5225
f 5104/5099/5101 5254/5246/5248 5265/5275/5277
f 5113/5107/5109 5034/5027/5028 5282/5276/5278
f 5113/5107/5109 5282/5276/5278 5255/5248/5250
f 5266/5257/5259 5283/5277/5279 5275/5269/5271
f 5102/5070/5071 5058/5049/5050 5284/5278/5280
f 5130/5123/5125 5172/5168/5170 5285/5279/5281
f 5288/5280/5282 5380/5281/5283 5289/5282/5284
f 5288/5280/5282 5241/5227/5229 5380/5281/5283
f 5256/5249/5251 5291/5283/5285 5258/5250/5252
f 5207/5266/5268 5206/5284/5286 5292/5285/5287
f 5207/5266/5268 5292/5285/5287 5213/5203/5205
f 5162/5062/5063 5293/5286/5288 5063/5063/5064
f 5162/5062/5063 5290/5287/5289 5293/5286/5288
f 5102/5070/5071 5284/5278/5280 5294/5288/5290
f 5182/5176/5178 5242/5239/5241 5295/5289/5291
f 5230/5216/5218 5297/5290/5292 5218/5207/5209
f 5056/5046/5047 5270/5262/5264 5296/5291/5293
f 4861/4783/4784 5251/5241/5243 5144/5140/5142
f 5175/5169/5171 5299/5292/5294 5024/5113/5115
f 5196/5247/5249 5298/5293/5295 5300/5294/5296
f 5029/5023/5024 5030/5022/5023 5301/5295/5297
f 5026/5019/5020 5239/5013/5014 5302/5296/5298
f 5178/5001/5002 5305/5297/5299 5273/5267/5269
f 5178/5001/5002 5177/5171/5173 5305/5297/5299
f 5125/5118/5120 5031/5024/5025 5306/5298/5300
f 5297/5290/5292 5250/5240/5242 5218/5207/5209
f 5129/5102/5104 5167/5164/5166 5307/5299/5301
f 5152/5148/5150 5274/5268/5270 5308/5300/5302
f 5200/5253/5255 5309/5301/5303 5310/5302/5304
f 5144/5140/5142 5251/5241/5243 5311/5303/5305
f 5030/5022/5023 5312/5304/5306 5301/5295/5297
f 5315/5305/5307 5316/5306/5308 5326/5307/5309
f 5058/5049/5050 5269/5261/5263 5284/5278/5280
f 5183/5177/5179 5298/5293/5295 5196/5247/5249
f 5183/5177/5179 5317/5308/5310 5298/5293/5295
f 5183/5177/5179 5240/5226/5228 5317/5308/5310
f 5248/5236/5238 5273/5267/5269 5318/5309/5311
f 5104/5099/5101 5265/5275/5277 5319/5310/5312
f 5172/5168/5170 5129/5102/5104 5320/5311/5313
f 5239/5013/5014 5321/5312/5314 5302/5296/5298
f 5220/5209/5211 5069/5060/5061 5232/5218/5220
f 5186/5180/5182 5200/5253/5255 5310/5302/5304
f 5322/5313/5315 5572/5314/5316 5323/5315/5317
f 5325/5316/5318 5326/5307/5309 5327/5317/5319
f 5258/5250/5252 5291/5283/5285 5286/5318/5320
f 5267/5258/5260 5328/5319/5321 5271/5264/5266
f 5220/5209/5211 5340/5224/5226 5069/5060/5061
f 5179/5172/5174 5324/5320/5322 5180/5173/5175
f 5256/5249/5251 5331/5321/5323 5291/5283/5285
f 5237/5223/5225 5280/5274/5276 5332/5322/5324
f 5024/5113/5115 5391/5323/5325 5234/5222/5224
f 5334/5324/5326 5289/5282/5284 5335/5325/5327
f 5104/5099/5101 5319/5310/5312 5173/5225/5227
f 5232/5218/5220 5069/5060/5061 5281/5326/5328
f 5232/5218/5220 5281/5326/5328 5313/5327/5329
f 4970/4964/4965 5246/5235/5237 5274/5268/5270
f 5131/5126/5128 5249/5238/5240 5336/5328/5330
f 5131/5126/5128 5336/5328/5330 5337/5329/5331
f 5294/5288/5290 5304/5330/5332 5102/5070/5071
f 5246/5235/5237 5278/5272/5274 5338/5331/5333
f 5219/5208/5210 5238/5153/5155 5339/5332/5334
f 5220/5209/5211 5341/5333/5335 5340/5224/5226
f 5313/5327/5329 5281/5326/5328 5342/5334/5336
f 2843/3711/3712 3721/3710/3711 3898/3885/3886
f 5114/5108/5110 5102/5070/5071 5344/5335/5337
f 5114/5108/5110 5344/5335/5337 5345/5336/5338
f 5322/5313/5315 5346/5337/5339 5572/5314/5316
f 5283/5277/5279 5347/5338/5340 5275/5269/5271
f 5258/5250/5252 5286/5318/5320 5276/5270/5272
f 5234/5222/5224 5391/5323/5325 5330/5339/5341
f 5346/5337/5339 5348/5340/5342 5349/5341/5343
f 5346/5337/5339 5349/5341/5343 5572/5314/5316
f 5241/5227/5229 5340/5224/5226 5380/5281/5283
f 5102/5070/5071 5304/5330/5332 5350/5342/5344
f 5102/5070/5071 5350/5342/5344 5344/5335/5337
f 5233/5219/5221 5114/5108/5110 5345/5336/5338
f 5158/5155/5157 5062/5053/5054 5351/5343/5345
f 5158/5155/5157 5351/5343/5345 5287/5344/5346
f 5281/5326/5328 5343/5345/5347 5342/5334/5336
f 5355/5346/5348 5327/5317/5319 5138/5174/5176
f 5213/5203/5205 5292/5285/5287 5356/5347/5349
f 5213/5203/5205 5356/5347/5349 5357/5348/5350
f 5301/5295/5297 5353/5349/5351 5029/5023/5024
f 5327/5317/5319 5326/5307/5309 5138/5174/5176
f 5353/5349/5351 5354/5350/5352 5029/5023/5024
f 5303/5351/5353 5287/5344/5346 5363/5352/5354
f 5063/5063/5064 5293/5286/5288 5364/5353/5355
f 5222/5211/5213 5365/5354/5356 5366/5355/5357
f 5269/5261/5263 5367/5356/5358 5284/5278/5280
f 5250/5240/5242 5369/5357/5359 5370/5358/5360
f 5361/5359/5361 5371/5360/5362 5226/5213/5215
f 5074/5067/5068 5139/5134/5136 4814/4805/4806
f 5029/5023/5024 5354/5350/5352 5249/5238/5240
f 5151/5147/5149 5092/5087/5089 5373/5361/5363
f 5063/5063/5064 5364/5353/5355 5270/5262/5264
f 5301/5295/5297 5368/5362/5364 5353/5349/5351
f 5321/5312/5314 5239/5013/5014 5374/5363/5365
f 5287/5344/5346 5351/5343/5345 5363/5352/5354
f 5326/5307/5309 5316/5306/5308 5375/5364/5366
f 5369/5357/5359 5376/5365/5367 5370/5358/5360
f 5237/5223/5225 5332/5322/5324 5377/5366/5368
f 5092/5087/5089 5250/5240/5242 5373/5361/5363
f 5328/5319/5321 5267/5258/5260 5378/5367/5369
f 5234/5222/5224 5330/5339/5341 5280/5274/5276
f 5379/5368/5370 5370/5358/5360 5376/5365/5367
f 5289/5282/5284 5380/5281/5283 5335/5325/5327
f 5284/5278/5280 5367/5356/5358 5381/5369/5371
f 5138/5174/5176 5382/5370/5372 5383/5371/5373
f 5138/5174/5176 5383/5371/5373 5181/5175/5177
f 5265/5275/5277 5384/5372/5374 5319/5310/5312
f 5248/5236/5238 5318/5309/5311 5385/5373/5375
f 5333/5374/5376 5213/5203/5205 5357/5348/5350
f 5248/5236/5238 5385/5373/5375 4915/4907/4908
f 5061/5052/5053 5387/5375/5377 5062/5053/5054
f 5273/5267/5269 5388/5376/5378 5352/5377/5379
f 5273/5267/5269 5305/5297/5299 5388/5376/5378
f 5250/5240/5242 5370/5358/5360 5373/5361/5363
f 5147/5143/5145 5237/5223/5225 5244/5230/5232
f 5274/5268/5270 5246/5235/5237 5390/5378/5380
f 5299/5292/5294 5391/5323/5325 5024/5113/5115
f 5372/5379/5381 5392/5380/5382 5393/5381/5383
f 5348/5340/5342 5394/5382/5384 5349/5341/5343
f 5254/5246/5248 5215/5245/5247 5395/5383/5385
f 5339/5332/5334 5238/5153/5155 5396/5384/5386
f 5341/5333/5335 5397/5385/5387 5340/5224/5226
f 5237/5223/5225 5377/5366/5368 5244/5230/5232
f 4915/4907/4908 5385/5373/5375 5398/5386/5388
f 4915/4907/4908 5399/5387/5389 5236/5221/5223
f 4915/4907/4908 5398/5386/5388 5399/5387/5389
f 5400/5388/5390 5402/5389/5391 5401/5390/5392
f 5351/5343/5345 5062/5053/5054 5403/5391/5393
f 5351/5343/5345 5404/5392/5394 5363/5352/5354
f 5405/5393/5395 5406/5394/5396 5407/5395/5394
f 5246/5235/5237 5338/5331/5333 5408/5396/5397
f 5267/5258/5260 5409/5397/5398 5378/5367/5369
f 5267/5258/5260 5329/5398/5399 5409/5397/5398
f 5344/5335/5337 5350/5342/5344 5410/5399/5400
f 5138/5174/5176 5326/5307/5309 5413/5400/5401
f 5411/5401/5402 5412/5402/5403 5371/5360/5362
f 5414/5403/5404 5365/5354/5356 5406/5394/5396
f 5415/5404/5405 5416/5405/5406 5412/5402/5403
f 5173/5225/5227 5319/5310/5312 5417/5406/5407
f 5137/5131/5133 5358/5407/5408 5176/5170/5172
f 5120/5114/5116 5420/5408/5409 5251/5241/5243
f 5138/5174/5176 5413/5400/5401 5382/5370/5372
f 5274/5268/5270 5390/5378/5380 5308/5300/5302
f 5182/5176/5178 5295/5289/5291 5421/5409/5410
f 5182/5176/5178 5421/5409/5410 5278/5272/5274
f 5312/5304/5306 5422/5410/5411 5301/5295/5297
f 5180/5173/5175 5324/5320/5322 5423/5411/5412
f 5180/5173/5175 5423/5411/5412 5424/5412/5413
f 5330/5339/5341 5425/5413/5414 5280/5274/5276
f 5166/5163/5165 5169/5166/5168 5426/5414/5415
f 5427/5415/5416 5401/5390/5392 5428/5416/5417
f 5427/5415/5416 5428/5416/5417 5429/5417/5418
f 5379/5368/5370 5431/5418/5419 5370/5358/5360
f 5275/5269/5271 5432/5419/5420 5267/5258/5260
f 5275/5269/5271 5440/5420/5421 5432/5419/5420
f 5372/5379/5381 5393/5381/5383 5433/5421/5422
f 5372/5379/5381 5433/5421/5422 5362/5422/5423
f 4848/4842/4843 4874/4864/4865 5436/5423/5424
f 4848/4842/4843 5436/5423/5424 4810/4799/4800
f 5243/5229/5231 5186/5180/5182 5437/5424/5425
f 5299/5292/5294 5430/5425/5426 5391/5323/5325
f 5389/5426/5427 5441/5427/5428 5435/5428/5429
f 5389/5426/5427 5435/5428/5429 5434/5429/5430
f 5246/5235/5237 5408/5396/5397 5442/5430/5431
f 5390/5378/5380 5443/5431/5432 5308/5300/5302
f 5340/5224/5226 5397/5385/5387 5444/5432/5433
f 5340/5224/5226 5444/5432/5433 5380/5281/5283
f 5276/5270/5272 5286/5318/5320 5446/5433/5434
f 5276/5270/5272 5446/5433/5434 5447/5434/5435
f 5347/5338/5340 5448/5435/5436 5275/5269/5271
f 5400/5388/5390 5449/5436/5437 5402/5389/5391
f 5238/5153/5155 5122/5115/5117 5396/5384/5386
f 5165/5162/5164 5445/5437/5438 5168/5165/5167
f 5407/5395/5394 5406/5394/5396 5450/5438/5439
f 5275/5269/5271 5448/5435/5436 5440/5420/5421
f 5222/5211/5213 5209/5199/5201 5365/5354/5356
f 5392/5380/5382 5438/5439/5440 5393/5381/5383
f 5239/5013/5014 5452/5440/5441 5374/5363/5365
f 5239/5013/5014 5451/5441/5442 5452/5440/5441
f 5406/5394/5396 5365/5354/5356 5450/5438/5439
f 5394/5382/5384 5453/5442/5443 5349/5341/5343
f 5176/5170/5172 5358/5407/5408 5489/5443/5444
f 5412/5402/5403 5416/5405/5406 5454/5444/5445
f 5330/5339/5341 5391/5323/5325 5455/5445/5446
f 5301/5295/5297 5457/5446/5447 5368/5362/5364
f 5419/5447/5448 5458/5448/5449 5459/5449/5450
f 5439/5450/5451 5460/5451/5452 5438/5439/5440
f 5326/5307/5309 5375/5364/5366 5413/5400/5401
f 5279/5273/5275 5461/5452/5453 5272/5265/5267
f 5254/5246/5248 5418/5453/5454 5265/5275/5277
f 5186/5180/5182 5310/5302/5304 5463/5454/5455
f 5026/5019/5020 5464/5455/5456 5032/5025/5026
f 5368/5362/5364 5457/5446/5447 5465/5456/5457
f 5330/5339/5341 5466/5457/5458 5425/5413/5414
f 5391/5323/5325 5468/5458/5459 5455/5445/5446
f 5462/5459/5460 5469/5460/5461 5291/5283/5285
f 5251/5241/5243 5420/5408/5409 5499/5461/5462
f 5391/5323/5325 5430/5425/5426 5468/5458/5459
f 5309/5301/5303 5472/5462/5463 5473/5463/5464
f 5309/5301/5303 5473/5463/5464 5310/5302/5304
f 5319/5310/5312 5384/5372/5374 5474/5464/5465
f 5401/5390/5392 5475/5465/5466 5428/5416/5417
f 5286/5318/5320 5291/5283/5285 5446/5433/5434
f 5280/5274/5276 5470/5466/5467 5332/5322/5324
f 5245/5231/5233 5476/5467/5468 5240/5226/5228
f 5377/5366/5368 5477/5468/5469 5244/5230/5232
f 5242/5239/5241 5478/5469/5470 5295/5289/5291
f 5209/5199/5201 5197/5190/5192 5365/5354/5356
f 5265/5275/5277 5480/5470/5471 5384/5372/5374
f 5377/5366/5368 5332/5322/5324 5481/5471/5472
f 5243/5229/5231 5437/5424/5425 5482/5472/5473
f 5273/5267/5269 5352/5377/5379 5318/5309/5311
f 5445/5437/5438 5165/5162/5164 5244/5230/5232
f 5483/5473/5474 5468/5458/5459 5430/5425/5426
f 5412/5402/5403 5454/5444/5445 5371/5360/5362
f 5301/5295/5297 5422/5410/5411 5457/5446/5447
f 5251/5241/5243 5499/5461/5462 5311/5303/5305
f 5291/5283/5285 5469/5460/5461 5446/5433/5434
f 5419/5447/5448 5362/5422/5423 5458/5448/5449
f 5450/5438/5439 5365/5354/5356 5484/5474/5475
f 5330/5339/5341 5455/5445/5446 5466/5457/5458
f 5139/5134/5136 5216/5204/5206 4814/4805/4806
f 5246/5235/5237 5442/5430/5431 5485/5475/5476
f 5377/5366/5368 5481/5471/5472 5477/5468/5469
f 5176/5170/5172 5486/5476/5477 5242/5239/5241
f 5181/5175/5177 5383/5371/5373 5487/5477/5478
f 5358/5407/5408 5488/5478/5479 5489/5443/5444
f 5176/5170/5172 5489/5443/5444 5486/5476/5477
f 5186/5180/5182 5463/5454/5455 5490/5479/5480
f 5186/5180/5182 5490/5479/5480 5437/5424/5425
f 5168/5165/5167 5445/5437/5438 5491/5480/5481
f 5362/5422/5423 5433/5421/5422 5492/5481/5482
f 5365/5354/5356 5493/5482/5483 5484/5474/5475
f 5494/5483/5484 5435/5428/5429 5495/5484/5485
f 5292/5285/5287 5496/5485/5486 5356/5347/5349
f 5435/5428/5429 5718/5486/5487 5495/5484/5485
f 3889/3878/3879 4871/4861/4862 5497/5487/5488
f 5356/5347/5349 5498/5488/5489 5357/5348/5350
f 5246/5235/5237 5485/5475/5476 5390/5378/5380
f 5263/5263/5265 5190/5184/5186 5500/5489/5490
f 5359/5490/5491 5360/5491/5492 5502/5492/5493
f 5359/5490/5491 5502/5492/5493 5503/5493/5494
f 5139/5134/5136 5501/5494/5495 5216/5204/5206
f 5472/5462/5463 5504/5495/5496 5473/5463/5464
f 5468/5458/5459 5505/5496/5497 5455/5445/5446
f 5332/5322/5324 5506/5497/5498 5481/5471/5472
f 5295/5289/5291 5478/5469/5470 5507/5498/5499
f 5295/5289/5291 5507/5498/5499 5508/5499/5500
f 5295/5289/5291 5508/5499/5500 5421/5409/5410
f 5438/5439/5440 5509/5500/5501 5471/5501/5502
f 5438/5439/5440 5460/5451/5452 5509/5500/5501
f 5242/5239/5241 5486/5476/5477 5478/5469/5470
f 5510/5502/5503 5511/5503/5504 5512/5504/5505
f 5244/5230/5232 5477/5468/5469 5513/5505/5506
f 5244/5230/5232 5513/5505/5506 5445/5437/5438
f 5390/5378/5380 5485/5475/5476 5514/5506/5507
f 5515/5507/5508 5516/5508/5509 5517/5509/5510
f 5382/5370/5372 5518/5510/5511 5383/5371/5373
f 5216/5204/5206 5501/5494/5495 5555/5511/5512
f 5375/5364/5366 5467/5512/5513 5413/5400/5401
f 5383/5371/5373 5518/5510/5511 5520/5513/5514
f 5151/5147/5149 5373/5361/5363 5456/5514/5515
f 5169/5166/5168 5479/5515/5516 5527/5516/5517
f 5169/5166/5168 5527/5516/5517 5426/5414/5415
f 5475/5465/5466 5401/5390/5392 5529/5517/5518
f 5530/5518/5519 5531/5519/5520 5524/5520/5521
f 5491/5480/5481 5445/5437/5438 5532/5521/5522
f 5479/5515/5516 5533/5522/5523 5527/5516/5517
f 5267/5258/5260 5432/5419/5420 5329/5398/5399
f 5385/5373/5375 5318/5309/5311 5534/5523/5524
f 5535/5524/5525 5536/5525/5526 5537/5526/5527
f 5535/5524/5525 5538/5527/5528 5536/5525/5526
f 5449/5436/5437 5539/5528/5529 5540/5529/5530
f 5454/5444/5445 5526/5530/5531 5541/5531/5532
f 5454/5444/5445 5541/5531/5532 5371/5360/5362
f 5440/5420/5421 5448/5435/5436 5543/5532/5533
f 5332/5322/5324 5470/5466/5467 5506/5497/5498
f 5511/5503/5504 5544/5533/5534 5512/5504/5505
f 5511/5503/5504 5523/5534/5535 5544/5533/5534
f 5449/5436/5437 5540/5529/5530 5542/5535/5536
f 5524/5520/5521 5544/5533/5534 5523/5534/5535
f 5386/5536/5537 5546/5537/5538 5239/5013/5014
f 5357/5348/5350 5498/5488/5489 5545/5538/5539
f 5365/5354/5356 5549/5539/5540 5493/5482/5483
f 5481/5471/5472 5590/5540/5541 5477/5468/5469
f 5488/5478/5479 5521/5541/5542 5489/5443/5444
f 5197/5190/5192 5264/5255/5257 5550/5542/5543
f 5265/5275/5277 5418/5453/5454 5551/5543/5544
f 5517/5509/5510 5516/5508/5509 5525/5544/5545
f 5243/5229/5231 5482/5472/5473 5554/5545/5546
f 5243/5229/5231 5554/5545/5546 5245/5231/5233
f 5552/5546/5547 5556/5547/5548 5557/5548/5549
f 5254/5246/5248 5558/5549/5550 5418/5453/5454
f 5254/5246/5248 5395/5383/5385 5558/5549/5550
f 5524/5520/5521 5531/5519/5520 5544/5533/5534
f 5239/5013/5014 5546/5537/5538 5559/5550/5551
f 5239/5013/5014 5559/5550/5551 5451/5441/5442
f 5547/5551/5552 5548/5552/5553 5516/5508/5509
f 5174/5243/5245 5099/5096/5098 5560/5553/5554
f 5329/5398/5399 5561/5554/5555 5562/5555/5556
f 5486/5476/5477 5675/5556/5557 5478/5469/5470
f 5507/5498/5499 5478/5469/5470 5565/5557/5558
f 5568/5558/5559 5569/5559/5560 5570/5560/5561
f 5568/5558/5559 5570/5560/5561 5571/5561/5562
f 5490/5479/5480 5573/5562/5563 5437/5424/5425
f 5529/5517/5518 5401/5390/5392 5658/5563/5564
f 5529/5517/5518 5658/5563/5564 5567/5564/5565
f 5264/5255/5257 5574/5565/5566 5550/5542/5543
f 5486/5476/5477 5489/5443/5444 5675/5556/5557
f 5174/5243/5245 5100/5097/5099 5099/5096/5098
f 5329/5398/5399 5562/5555/5556 5519/5566/5567
f 5519/5566/5567 5562/5555/5556 5575/5567/5568
f 5360/5491/5492 5578/5568/5569 5502/5492/5493
f 5563/5569/5570 5564/5570/5571 5453/5442/5443
f 5580/5571/5572 5581/5572/5573 5548/5552/5553
f 5579/5573/5574 5522/5574/5575 5582/5575/5576
f 5579/5573/5574 5582/5575/5576 5583/5576/5577
f 5580/5571/5572 5584/5577/5578 5581/5572/5573
f 5446/5433/5434 5585/5578/5579 5447/5434/5435
f 5516/5508/5509 5548/5552/5553 5586/5579/5580
f 5516/5508/5509 5586/5579/5580 5525/5544/5545
f 5174/5243/5245 5560/5553/5554 5253/5244/5246
f 5587/5580/5581 5532/5521/5522 5588/5581/5582
f 5527/5516/5517 5589/5582/5583 5426/5414/5415
f 5481/5471/5472 5506/5497/5498 5769/5583/5584
f 5481/5471/5472 5769/5583/5584 5590/5540/5541
f 5431/5418/5419 5537/5526/5527 5370/5358/5360
f 5401/5390/5392 5402/5389/5391 5658/5563/5564
f 5423/5411/5412 5591/5584/5585 5424/5412/5413
f 5542/5535/5536 5402/5389/5391 5449/5436/5437
f 5489/5443/5444 5521/5541/5542 5675/5556/5557
f 5594/5585/5586 5595/5586/5587 5596/5587/5588
f 5594/5585/5586 5596/5587/5588 5598/5588/5589
f 5594/5585/5586 5597/5589/5590 5595/5586/5587
f 5518/5510/5511 5382/5370/5372 5599/5590/5591
f 5532/5521/5522 5445/5437/5438 5588/5581/5582
f 5466/5457/5458 5602/5591/5592 5425/5413/5414
f 5603/5592/5593 5604/5593/5594 5605/5594/5595
f 5604/5593/5594 5607/5595/5596 5606/5596/5597
f 5598/5588/5589 5596/5587/5588 5608/5597/5598
f 5478/5469/5470 5609/5598/5599 5565/5557/5558
f 5521/5541/5542 5600/5599/5600 5675/5556/5557
f 5614/5600/5601 5612/5601/5602 5615/5602/5603
f 5616/5603/5604 5617/5604/5605 5618/5605/5606
f 5614/5600/5601 5615/5602/5603 5619/5606/5607
f 5613/5607/5608 5616/5603/5604 5628/5608/5609
f 5611/5609/5610 5612/5601/5602 5614/5600/5601
f 5616/5603/5604 5618/5605/5606 5628/5608/5609
f 5619/5606/5607 5615/5602/5603 5621/5610/5611
f 5617/5604/5605 5622/5611/5612 5618/5605/5606
f 5457/5446/5447 5623/5612/5613 5624/5613/5614
f 5625/5614/5615 5626/5615/5616 5564/5570/5571
f 5227/5616/5617 5627/5617/5618 5119/5132/5134
f 5438/5439/5440 5471/5501/5502 5393/5381/5383
f 5542/5535/5536 5610/5618/5619 5402/5389/5391
f 5478/5469/5470 5675/5556/5557 5630/5619/5620
f 5413/5400/5401 5467/5512/5513 5631/5620/5621
f 5440/5420/5421 5543/5532/5533 5632/5621/5622
f 5604/5593/5594 5606/5596/5597 5605/5594/5595
f 5457/5446/5447 5422/5410/5411 5623/5612/5613
f 5622/5611/5612 5635/5622/5623 5618/5605/5606
f 5621/5610/5611 5615/5602/5603 5636/5623/5624
f 5612/5601/5602 5638/5624/5625 5629/5625/5626
f 5601/5626/5627 5426/5414/5415 5639/5627/5628
f 5506/5497/5498 5470/5466/5467 5640/5628/5629
f 5595/5586/5587 5597/5589/5590 5620/5629/5630
f 5544/5533/5534 5643/5630/5631 5512/5504/5505
f 5644/5631/5632 5641/5632/5633 5626/5615/5616
f 5456/5514/5515 5373/5361/5363 5645/5633/5634
f 5456/5514/5515 5645/5633/5634 5646/5634/5635
f 5447/5434/5435 5585/5578/5579 5647/5635/5636
f 5474/5464/5465 5384/5372/5374 5648/5636/5637
f 5190/5184/5186 5653/5637/5638 5500/5489/5490
f 5440/5420/5421 5632/5621/5622 5654/5638/5639
f 5440/5420/5421 5654/5638/5639 5432/5419/5420
f 5493/5482/5483 5549/5539/5540 5656/5639/5640
f 5641/5632/5633 5592/5640/5641 5626/5615/5616
f 5272/5265/5267 5528/5641/5642 5634/5642/5643
f 5272/5265/5267 5634/5642/5643 5122/5115/5117
f 5318/5309/5311 5659/5643/5644 5660/5644/5645
f 5318/5309/5311 5661/5645/5646 5534/5523/5524
f 5662/5646/5647 5663/5647/5648 5664/5648/5649
f 5636/5623/5624 5615/5602/5603 5665/5649/5650
f 5635/5622/5623 5666/5650/5651 5667/5651/5652
f 5635/5622/5623 5667/5651/5652 5618/5605/5606
f 5370/5358/5360 5537/5526/5527 5536/5525/5526
f 5382/5370/5372 5413/5400/5401 5668/5652/5653
f 5402/5389/5391 5610/5618/5619 5658/5563/5564
f 5615/5602/5603 5642/5653/5654 5665/5649/5650
f 5441/5427/5428 5718/5486/5487 5435/5428/5429
f 5628/5608/5609 5637/5654/5655 5669/5655/5656
f 5618/5605/5606 5637/5654/5655 5628/5608/5609
f 5265/5275/5277 5670/5656/5657 5480/5470/5471
f 5576/5657/5658 5671/5658/5659 5577/5659/5660
f 5388/5376/5378 5305/5297/5299 5673/5660/5661
f 5432/5419/5420 5654/5638/5639 5329/5398/5399
f 5615/5602/5603 5612/5601/5602 5629/5625/5626
f 5589/5582/5583 5676/5661/5662 5426/5414/5415
f 5525/5544/5545 5586/5579/5580 5593/5662/5663
f 5677/5663/5664 5678/5664/5665 5600/5599/5600
f 5265/5275/5277 5551/5543/5544 5670/5656/5657
f 5605/5594/5595 5606/5596/5597 5679/5665/5666
f 5606/5596/5597 5680/5666/5667 5679/5665/5666
f 5626/5615/5616 5592/5640/5641 5564/5570/5571
f 5470/5466/5467 5730/5667/5668 5640/5628/5629
f 5540/5529/5530 5681/5668/5669 5542/5535/5536
f 5596/5587/5588 5595/5586/5587 5839/5669/5670
f 5596/5587/5588 5839/5669/5670 5721/5670/5671
f 5335/5325/5327 5380/5281/5283 5682/5671/5672
f 3889/3878/3879 5683/5672/5673 4273/4266/4267
f 5609/5598/5599 5478/5469/5470 5630/5619/5620
f 5548/5552/5553 5581/5572/5573 5586/5579/5580
f 5605/5594/5595 5685/5673/5674 5657/5674/5675
f 5573/5562/5563 5686/5675/5676 5437/5424/5425
f 5573/5562/5563 5687/5676/5677 5686/5675/5676
f 5370/5358/5360 5536/5525/5526 5373/5361/5363
f 5605/5594/5595 5679/5665/5666 5685/5673/5674
f 5620/5629/5630 5688/5677/5678 5595/5586/5587
f 5615/5602/5603 5629/5625/5626 5689/5678/5679
f 5615/5602/5603 5689/5678/5679 5642/5653/5654
f 5445/5437/5438 5690/5679/5680 5588/5581/5582
f 5544/5533/5534 5531/5519/5520 5643/5630/5631
f 5540/5529/5530 5539/5528/5529 5681/5668/5669
f 5373/5361/5363 5536/5525/5526 5645/5633/5634
f 5122/5115/5117 5634/5642/5643 5691/5680/5681
f 5329/5398/5399 5654/5638/5639 5561/5554/5555
f 5513/5505/5506 5692/5681/5682 5445/5437/5438
f 5531/5519/5520 5566/5682/5683 5693/5683/5684
f 5531/5519/5520 5693/5683/5684 5643/5630/5631
f 5510/5502/5503 5512/5504/5505 5694/5684/5685
f 5352/5377/5379 5697/5685/5686 5318/5309/5311
f 5592/5640/5641 5577/5659/5660 5671/5658/5659
f 5562/5555/5556 5698/5686/5687 5575/5567/5568
f 5522/5574/5575 5510/5502/5503 5699/5687/5688
f 5522/5574/5575 5699/5687/5688 5582/5575/5576
f 5592/5640/5641 5671/5658/5659 5564/5570/5571
f 5413/5400/5401 5631/5620/5621 5700/5688/5689
f 5413/5400/5401 5700/5688/5689 5668/5652/5653
f 5610/5618/5619 5701/5689/5690 5658/5563/5564
f 5628/5608/5609 5669/5655/5656 5649/5690/5691
f 5426/5414/5415 5676/5661/5662 5639/5627/5628
f 5445/5437/5438 5692/5681/5682 5690/5679/5680
f 5703/5691/5692 5704/5692/5693 5705/5693/5694
f 5437/5424/5425 5706/5694/5695 5482/5472/5473
f 5703/5691/5692 5705/5693/5694 5707/5695/5696
f 5708/5696/5697 5709/5697/5698 5710/5698/5699
f 5708/5696/5697 5710/5698/5699 5711/5699/5700
f 5688/5677/5678 5712/5700/5701 5595/5586/5587
f 5581/5572/5573 5713/5701/5702 5586/5579/5580
f 5593/5662/5663 5586/5579/5580 5713/5701/5702
f 5245/5231/5233 5554/5545/5546 5715/5702/5703
f 5245/5231/5233 5716/5703/5704 5476/5467/5468
f 5245/5231/5233 5715/5702/5703 5716/5703/5704
f 5476/5467/5468 5720/5704/5705 5674/5705/5706
f 5608/5597/5598 5596/5587/5588 5721/5670/5671
f 5388/5376/5378 5722/5706/5707 5352/5377/5379
f 5723/5707/5708 5645/5633/5634 5724/5708/5709
f 5441/5427/5428 5725/5709/5710 5718/5486/5487
f 5513/5505/5506 5726/5710/5711 5692/5681/5682
f 5670/5656/5657 5551/5543/5544 5727/5711/5712
f 5709/5697/5698 5728/5712/5713 5710/5698/5699
f 5709/5697/5698 5729/5713/5714 5728/5712/5713
f 5569/5559/5560 5805/5714/5715 5570/5560/5561
f 5280/5274/5276 5650/5715/5716 5730/5667/5668
f 5318/5309/5311 5731/5716/5717 5659/5643/5644
f 5452/5440/5441 5451/5441/5442 5732/5717/5718
f 5600/5599/5600 5678/5664/5665 5675/5556/5557
f 5585/5578/5579 5696/5718/5719 5735/5719/5720
f 5585/5578/5579 5735/5719/5720 5647/5635/5636
f 5733/5720/5721 5734/5721/5722 5736/5722/5723
f 5551/5543/5544 5418/5453/5454 5695/5723/5724
f 5618/5605/5606 5667/5651/5652 5637/5654/5655
f 5318/5309/5311 5697/5685/5686 5731/5716/5717
f 5510/5502/5503 5694/5684/5685 5699/5687/5688
f 5396/5384/5386 5122/5115/5117 5739/5724/5725
f 5356/5347/5349 5741/5725/5726 5498/5488/5489
f 5502/5492/5493 5737/5726/5727 5742/5727/5728
f 5502/5492/5493 5742/5727/5728 5503/5493/5494
f 5190/5184/5186 5226/5213/5215 5744/5728/5729
f 5190/5184/5186 5744/5728/5729 5653/5637/5638
f 5495/5484/5485 5718/5486/5487 5745/5729/5730
f 5495/5484/5485 5746/5730/5731 5655/5731/5732
f 5737/5726/5727 5502/5492/5493 5743/5732/5733
f 5737/5726/5727 5740/5733/5734 5742/5727/5728
f 5467/5512/5513 5749/5734/5735 5631/5620/5621
f 5595/5586/5587 5712/5700/5701 5750/5735/5736
f 5595/5586/5587 5750/5735/5736 5839/5669/5670
f 5280/5274/5276 5730/5667/5668 5470/5466/5467
f 5578/5568/5569 5360/5491/5492 5752/5736/5737
f 5578/5568/5569 5752/5736/5737 5753/5737/5738
f 5702/5738/5739 5754/5739/5740 5384/5372/5374
f 5384/5372/5374 5754/5739/5740 5755/5740/5741
f 5384/5372/5374 5755/5740/5741 5648/5636/5637
f 5362/5422/5423 5492/5481/5482 5458/5448/5449
f 5679/5665/5666 5756/5741/5742 5685/5673/5674
f 5503/5493/5494 5742/5727/5728 5714/5742/5743
f 5570/5560/5561 5805/5714/5715 5758/5743/5744
f 5602/5591/5592 5759/5744/5745 5425/5413/5414
f 5538/5527/5528 5664/5648/5649 5536/5525/5526
f 5506/5497/5498 5640/5628/5629 5769/5583/5584
f 5643/5630/5631 5776/5745/5746 5512/5504/5505
f 5418/5453/5454 5763/5746/5747 5695/5723/5724
f 5714/5742/5743 5742/5727/5728 5764/5747/5748
f 5552/5546/5547 5553/5748/5749 5765/5749/5750
f 5552/5546/5547 5765/5749/5750 5556/5547/5548
f 5760/5750/5751 5761/5751/5752 5766/5752/5753
f 5761/5751/5752 5760/5750/5751 5767/5753/5754
f 5606/5596/5597 5834/5754/5755 5680/5666/5667
f 5768/5755/5756 5766/5752/5753 5761/5751/5752
f 5590/5540/5541 5769/5583/5584 5477/5468/5469
f 5664/5648/5649 5663/5647/5648 5536/5525/5526
f 5770/5756/5757 5771/5757/5758 5772/5758/5759
f 5658/5563/5564 5751/5759/5760 5773/5760/5761
f 5718/5486/5487 5774/5761/5762 5775/5762/5763
f 5718/5486/5487 5775/5762/5763 5745/5729/5730
f 5736/5722/5723 5734/5721/5722 5878/5763/5764
f 5638/5624/5625 5822/5764/5765 5629/5625/5626
f 5558/5549/5550 5777/5765/5766 5418/5453/5454
f 5743/5732/5733 5502/5492/5493 5578/5568/5569
f 5743/5732/5733 5778/5766/5767 5762/5767/5768
f 5743/5732/5733 5578/5568/5569 5778/5766/5767
f 5780/5768/5769 5781/5769/5770 5663/5647/5648
f 5718/5486/5487 5725/5709/5710 5782/5770/5771
f 5718/5486/5487 5782/5770/5771 5783/5771/5772
f 5562/5555/5556 5784/5772/5773 5698/5686/5687
f 5004/4998/4999 4877/4868/4869 5785/5773/5774
f 5761/5751/5752 5767/5753/5754 5768/5755/5756
f 5734/5721/5722 5787/5774/5775 5878/5763/5764
f 5564/5570/5571 5671/5658/5659 5788/5775/5776
f 5554/5545/5546 5482/5472/5473 5810/5776/5777
f 5658/5563/5564 5790/5777/5778 5567/5564/5565
f 5658/5563/5564 5773/5760/5761 5790/5777/5778
f 5738/5778/5779 5736/5722/5723 5791/5779/5780
f 5704/5692/5693 5792/5780/5781 5705/5693/5694
f 5638/5624/5625 5719/5781/5782 5793/5782/5783
f 5654/5638/5639 5794/5783/5784 5561/5554/5555
f 5658/5563/5564 5701/5689/5690 5751/5759/5760
f 5698/5686/5687 5784/5772/5773 5795/5784/5785
f 5575/5567/5568 5698/5686/5687 5789/5785/5786
f 5678/5664/5665 5786/5786/5787 5675/5556/5557
f 5216/5204/5206 5555/5511/5512 5717/5787/5788
f 5216/5204/5206 5717/5787/5788 5796/5788/5789
f 5360/5491/5492 5797/5789/5790 5752/5736/5737
f 5633/5790/5791 5556/5547/5548 5798/5791/5792
f 5697/5685/5686 5800/5792/5793 5731/5716/5717
f 5642/5653/5654 5689/5678/5679 5801/5793/5794
f 5718/5486/5487 5783/5771/5772 5803/5794/5795
f 5606/5596/5597 5607/5595/5596 5834/5754/5755
f 5675/5556/5557 5786/5786/5787 5806/5795/5796
f 5672/5796/5797 5323/5315/5317 5807/5797/5798
f 5732/5717/5718 5451/5441/5442 5808/5798/5799
f 5732/5717/5718 5808/5798/5799 5809/5799/5800
f 5482/5472/5473 5706/5694/5695 5810/5776/5777
f 5718/5486/5487 5803/5794/5795 5774/5761/5762
f 5697/5685/5686 5352/5377/5379 5812/5800/5801
f 5697/5685/5686 5812/5800/5801 5813/5801/5802
f 5697/5685/5686 5813/5801/5802 5814/5802/5803
f 5197/5190/5192 5550/5542/5543 5365/5354/5356
f 5710/5698/5699 5728/5712/5713 5817/5803/5804
f 5757/5804/5805 5710/5698/5699 5817/5803/5804
f 5323/5315/5317 5572/5314/5316 5807/5797/5798
f 5512/5504/5505 5776/5745/5746 5694/5684/5685
f 5809/5799/5800 5808/5798/5799 5818/5805/5806
f 5556/5547/5548 5765/5749/5750 5819/5806/5807
f 5878/5763/5764 5787/5774/5775 5820/5807/5808
f 5638/5624/5625 5793/5782/5783 5821/5808/5809
f 5638/5624/5625 5821/5808/5809 5822/5764/5765
f 5721/5670/5671 5839/5669/5670 5823/5809/5810
f 5536/5525/5526 5859/5810/5811 5645/5633/5634
f 5280/5274/5276 5425/5413/5414 5824/5811/5812
f 5280/5274/5276 5824/5811/5812 5650/5715/5716
f 5809/5799/5800 5818/5805/5806 5825/5812/5813
f 5829/5813/5814 5830/5814/5815 5831/5815/5816
f 5608/5597/5598 5721/5670/5671 5832/5816/5817
f 5607/5595/5596 5833/5817/5818 5834/5754/5755
f 5766/5752/5753 5835/5818/5819 5760/5750/5751
f 5545/5538/5539 5498/5488/5489 5836/5819/5820
f 5746/5730/5731 5495/5484/5485 5840/5820/5821
f 5754/5739/5740 5841/5821/5822 5755/5740/5741
f 5678/5664/5665 5842/5822/5823 5786/5786/5787
f 5584/5577/5578 5844/5823/5824 5581/5572/5573
f 5584/5577/5578 5845/5824/5825 5844/5823/5824
f 5768/5755/5756 5846/5825/5826 5847/5826/5827
f 5768/5755/5756 5847/5826/5827 5848/5827/5828
f 5768/5755/5756 5848/5827/5828 5766/5752/5753
f 5781/5769/5770 5849/5828/5829 5663/5647/5648
f 5495/5484/5485 5745/5729/5730 5840/5820/5821
f 5572/5314/5316 5349/5341/5343 5851/5829/5830
f 5551/5543/5544 5695/5723/5724 5853/5830/5831
f 5551/5543/5544 5853/5830/5831 5727/5711/5712
f 5632/5621/5622 5854/5831/5832 5654/5638/5639
f 5632/5621/5622 5872/5832/5833 5854/5831/5832
f 5669/5655/5656 5637/5654/5655 5850/5833/5834
f 5736/5722/5723 5878/5763/5764 5791/5779/5780
f 5690/5679/5680 5692/5681/5682 5852/5834/5835
f 5451/5441/5442 5804/5835/5836 5808/5798/5799
f 5834/5754/5755 5855/5836/5837 5680/5666/5667
f 5800/5792/5793 5697/5685/5686 5856/5837/5838
f 5849/5828/5829 5857/5838/5839 5663/5647/5648
f 5667/5651/5652 5666/5650/5651 5858/5839/5840
f 5724/5708/5709 5645/5633/5634 5859/5810/5811
f 5722/5706/5707 5860/5840/5841 5352/5377/5379
f 5724/5708/5709 5859/5810/5811 5861/5841/5842
f 5498/5488/5489 5741/5725/5726 5862/5842/5843
f 5863/5843/5844 5864/5844/5845 5865/5845/5846
f 5863/5843/5844 5559/5550/5551 5866/5846/5847
f 5863/5843/5844 5865/5845/5846 5559/5550/5551
f 5418/5453/5454 5777/5765/5766 5763/5746/5747
f 5679/5665/5666 5680/5666/5667 5756/5741/5742
f 5868/5847/5848 5831/5815/5816 5869/5848/5849
f 5692/5681/5682 5726/5710/5711 5852/5834/5835
f 5818/5805/5806 5808/5798/5799 5870/5849/5850
f 5543/5532/5533 5872/5832/5833 5632/5621/5622
f 5543/5532/5533 5748/5850/5851 5873/5851/5852
f 5543/5532/5533 5873/5851/5852 5872/5832/5833
f 5674/5705/5706 5720/5704/5705 5874/5852/5853
f 5713/5701/5702 5878/5763/5764 5802/5853/5854
f 5500/5489/5490 5653/5637/5638 5875/5854/5855
f 5665/5649/5650 5642/5653/5654 5876/5855/5856
f 5713/5701/5702 5581/5572/5573 5878/5763/5764
f 5766/5752/5753 5848/5827/5828 5879/5856/5857
f 5562/5555/5556 5880/5857/5858 5784/5772/5773
f 5562/5555/5556 5561/5554/5555 5880/5857/5858
f 5881/5858/5859 5882/5859/5860 5871/5860/5861
f 5881/5858/5859 5883/5861/5862 5882/5859/5860
f 5827/5862/5863 5826/5863/5864 5871/5860/5861
f 5827/5862/5863 5871/5860/5861 5830/5814/5815
f 5352/5377/5379 5860/5840/5841 5812/5800/5801
f 5830/5814/5815 5871/5860/5861 5831/5815/5816
f 5884/5864/5865 5874/5852/5853 5885/5865/5866
f 5766/5752/5753 5879/5856/5857 5835/5818/5819
f 5790/5777/5778 5773/5760/5761 5887/5866/5867
f 5790/5777/5778 5887/5866/5867 5843/5867/5868
f 5729/5713/5714 5888/5868/5869 5728/5712/5713
f 5476/5467/5468 5716/5703/5704 5720/5704/5705
f 5741/5725/5726 5889/5869/5870 5862/5842/5843
f 5684/5870/5871 5891/5871/5872 5566/5682/5683
f 5684/5870/5871 5890/5872/5873 5891/5871/5872
f 5581/5572/5573 5844/5823/5824 5892/5873/5874
f 5816/5874/5875 5893/5875/5876 5815/5876/5877
f 5650/5715/5716 5824/5811/5812 5894/5877/5878
f 5850/5833/5834 5895/5878/5879 5669/5655/5656
f 5652/5879/5880 5651/5880/5881 5896/5881/5882
f 5566/5682/5683 5891/5871/5872 5693/5683/5684
f 5773/5760/5761 5897/5882/5883 5887/5866/5867
f 5878/5763/5764 5820/5807/5808 5802/5853/5854
f 5541/5531/5532 5898/5883/5884 5899/5884/5885
f 5541/5531/5532 5899/5884/5885 5371/5360/5362
f 4945/5095/5097 5004/4998/4999 5099/5096/5098
f 5226/5213/5215 5371/5360/5362 5744/5728/5729
f 5477/5468/5469 5769/5583/5584 5900/5885/5886
f 5477/5468/5469 5900/5885/5886 5513/5505/5506
f 5866/5846/5847 5559/5550/5551 5546/5537/5538
f 5756/5741/5742 5680/5666/5667 5838/5886/5887
f 5666/5650/5651 5903/5887/5888 5858/5839/5840
f 5642/5653/5654 5886/5888/5889 5876/5855/5856
f 5700/5688/5689 5631/5620/5621 5904/5889/5890
f 5842/5822/5823 5905/5890/5891 5786/5786/5787
f 5513/5505/5506 5900/5885/5886 5726/5710/5711
f 5647/5635/5636 5906/5891/5892 5747/5892/5893
f 5794/5783/5784 5907/5893/5894 5908/5894/5895
f 5794/5783/5784 5908/5894/5895 5561/5554/5555
f 5637/5654/5655 5667/5651/5652 5909/5895/5896
f 5647/5635/5636 5735/5719/5720 5906/5891/5892
f 5760/5750/5751 5835/5818/5819 6108/5896/5897
f 5760/5750/5751 6108/5896/5897 5767/5753/5754
f 5871/5860/5861 5945/5897/5898 5831/5815/5816
f 5871/5860/5861 5882/5859/5860 5945/5897/5898
f 5556/5547/5548 5819/5806/5807 5798/5791/5792
f 5425/5413/5414 5759/5744/5745 5910/5898/5899
f 5690/5679/5680 5911/5899/5900 5779/5900/5901
f 5690/5679/5680 5852/5834/5835 5911/5899/5900
f 5817/5803/5804 5728/5712/5713 5912/5901/5902
f 5805/5714/5715 5877/5902/5903 5913/5903/5904
f 5805/5714/5715 5913/5903/5904 5758/5743/5744
f 5857/5838/5839 5915/5904/5905 5663/5647/5648
f 5696/5718/5719 5916/5905/5906 5735/5719/5720
f 5654/5638/5639 5917/5906/5907 5794/5783/5784
f 5654/5638/5639 5918/5907/5908 5917/5906/5907
f 5837/5908/5909 5919/5909/5910 5920/5910/5911
f 5837/5908/5909 5920/5910/5911 5921/5911/5912
f 5695/5723/5724 5763/5746/5747 5914/5912/5913
f 5817/5803/5804 5912/5901/5902 5923/5913/5914
f 5817/5803/5804 5923/5913/5914 5828/5914/5915
f 5924/5915/5916 5925/5916/5917 5926/5917/5918
f 5927/5918/5919 5928/5919/5920 5929/5920/5921
f 5777/5765/5766 5931/5921/5922 5763/5746/5747
f 5828/5914/5915 5923/5913/5914 5932/5922/5923
f 5925/5916/5917 5934/5923/5924 5926/5917/5918
f 5631/5620/5621 5922/5924/5925 5935/5925/5926
f 5631/5620/5621 5935/5925/5926 5904/5889/5890
f 5642/5653/5654 5936/5926/5927 5886/5888/5889
f 5937/5927/5928 5938/5928/5929 5939/5929/5930
f 5937/5927/5928 5940/5930/5931 5938/5928/5929
f 5897/5882/5883 5941/5931/5932 5887/5866/5867
f 5858/5839/5840 5903/5887/5888 5942/5932/5933
f 5943/5933/5934 5944/5934/5935 5988/5935/5936
f 5831/5815/5816 5945/5897/5898 5869/5848/5849
f 5946/5936/5937 5947/5937/5938 5948/5938/5939
f 5948/5938/5939 5947/5937/5938 5944/5934/5935
f 5778/5766/5767 5578/5568/5569 5949/5939/5940
f 5769/5583/5584 5640/5628/5629 5950/5940/5941
f 5769/5583/5584 5950/5940/5941 5951/5941/5942
f 5771/5757/5758 6198/5942/5943 5772/5758/5759
f 5633/5790/5791 5798/5791/5792 5799/5943/5944
f 5859/5810/5811 5536/5525/5526 5952/5944/5945
f 5671/5658/5659 5953/5945/5946 5788/5775/5776
f 5335/5325/5327 5682/5671/5672 5954/5946/5947
f 5878/5763/5764 5581/5572/5573 5955/5947/5948
f 5877/5902/5903 5956/5948/5949 5913/5903/5904
f 5630/5619/5620 5675/5556/5557 5957/5949/5950
f 5684/5870/5871 5958/5950/5951 5890/5872/5873
f 5643/5630/5631 5693/5683/5684 5959/5951/5952
f 5810/5776/5777 5960/5952/5953 5554/5545/5546
f 5963/5953/5954 5922/5924/5925 5962/5954/5955
f 5964/5955/5956 5965/5956/5957 5966/5957/5958
f 3889/3878/3879 5497/5487/5488 5967/5958/5959
f 3889/3878/3879 5967/5958/5959 5683/5672/5673
f 5767/5753/5754 5968/5959/5960 5768/5755/5756
f 5767/5753/5754 6013/5960/5961 5968/5959/5960
f 5961/5961/5962 5963/5953/5954 5962/5954/5955
f 5840/5820/5821 5745/5729/5730 5972/5962/5963
f 5908/5894/5895 5973/5963/5964 5561/5554/5555
f 5536/5525/5526 5663/5647/5648 5952/5944/5945
f 5572/5314/5316 5851/5829/5830 5807/5797/5798
f 5922/5924/5925 5975/5964/5965 5935/5925/5926
f 5637/5654/5655 5977/5965/5966 5850/5833/5834
f 5730/5667/5668 5978/5966/5967 5640/5628/5629
f 5730/5667/5668 5650/5715/5716 5978/5966/5967
f 5735/5719/5720 5979/5967/5968 5906/5891/5892
f 5895/5878/5879 5850/5833/5834 5981/5968/5969
f 5821/5808/5809 5629/5625/5626 5822/5764/5765
f 5707/5695/5696 5705/5693/5694 5984/5969/5970
f 5906/5891/5892 5976/5970/5971 5747/5892/5893
f 5839/5669/5670 5986/5971/5972 5823/5809/5810
f 5976/5970/5971 5980/5972/5973 5747/5892/5893
f 5810/5776/5777 5706/5694/5695 5987/5973/5974
f 5922/5924/5925 5631/5620/5621 5962/5954/5955
f 5794/5783/5784 5971/5974/5975 5907/5893/5894
f 5749/5734/5735 5962/5954/5955 5631/5620/5621
f 5878/5763/5764 5969/5975/5976 5791/5779/5780
f 5629/5625/5626 5985/5976/5977 5689/5678/5679
f 5122/5115/5117 5691/5680/5681 5739/5724/5725
f 5947/5937/5938 5988/5935/5936 5944/5934/5935
f 5929/5920/5921 5928/5919/5920 5989/5977/5978
f 5888/5868/5869 5990/5978/5979 5728/5712/5713
f 5878/5763/5764 5955/5947/5948 5969/5975/5976
f 5640/5628/5629 5978/5966/5967 5950/5940/5941
f 5991/5979/5980 5943/5933/5934 5988/5935/5936
f 5991/5979/5980 5988/5935/5936 5992/5980/5981
f 5934/5923/5924 5993/5981/5982 5926/5917/5918
f 5582/5575/5576 5994/5982/5983 5995/5983/5984
f 5974/5984/5985 5874/5852/5853 5996/5985/5986
f 5997/5986/5987 5998/5987/5988 5877/5902/5903
f 5877/5902/5903 5998/5987/5988 5956/5948/5949
f 5776/5745/5746 5643/5630/5631 5694/5684/5685
f 5930/5988/5989 6000/5989/5990 5749/5734/5735
f 5911/5899/5900 6001/5990/5991 6002/5991/5992
f 5906/5891/5892 5979/5967/5968 6003/5992/5993
f 5906/5891/5892 6003/5992/5993 5976/5970/5971
f 5933/5993/5994 5758/5743/5744 6004/5994/5995
f 5910/5898/5899 6005/5995/5996 5425/5413/5414
f 5946/5936/5937 5939/5929/5930 5947/5937/5938
f 5675/5556/5557 5806/5795/5796 6006/5996/5997
f 5675/5556/5557 6006/5996/5997 5957/5949/5950
f 5962/5954/5955 5749/5734/5735 6000/5989/5990
f 5758/5743/5744 6008/5997/5998 6004/5994/5995
f 5949/5939/5940 5578/5568/5569 6009/5998/5999
f 5965/5956/5957 6010/5999/6000 5966/5957/5958
f 5578/5568/5569 5753/5737/5738 6009/5998/5999
f 5554/5545/5546 5960/5952/5953 5999/6000/6001
f 5981/5968/5969 5850/5833/5834 5977/5965/5966
f 5629/5625/5626 6011/6001/6002 5985/5976/5977
f 5905/5890/5891 6012/6002/6003 5786/5786/5787
f 5767/5753/5754 6024/6003/6004 6014/6004/6005
f 5767/5753/5754 6014/6004/6005 6013/5960/5961
f 5939/5929/5930 5938/5928/5929 5947/5937/5938
f 5926/5917/5918 5993/5981/5982 6015/6005/6006
f 5663/5647/5648 5915/5904/5905 6016/6006/6007
f 6017/6007/6008 6040/6008/6009 6019/6009/6010
f 5932/5922/5923 5923/5913/5914 6020/6010/6011
f 5932/5922/5923 6020/6010/6011 6021/6011/6012
f 5349/5341/5343 5453/5442/5443 6022/6012/6013
f 5349/5341/5343 6022/6012/6013 5851/5829/5830
f 5977/5965/5966 5637/5654/5655 6023/6013/6014
f 5767/5753/5754 6108/5896/5897 6024/6003/6004
f 5758/5743/5744 5913/5903/5904 6008/5997/5998
f 5879/5856/5857 6063/6014/6015 5835/5818/5819
f 6025/6015/6016 6026/6016/6017 6027/6017/6018
f 5993/5981/5982 6028/6018/6019 6015/6005/6006
f 5983/6019/6020 5901/6020/6021 6029/6021/6022
f 5985/5976/5977 6011/6001/6002 6030/6022/6023
f 5911/5899/5900 5852/5834/5835 6001/5990/5991
f 6011/6001/6002 6031/6023/6024 6030/6022/6023
f 5581/5572/5573 5892/5873/5874 5955/5947/5948
f 5985/5976/5977 6030/6022/6023 5689/5678/5679
f 5979/5967/5968 5735/5719/5720 6033/6024/6025
f 6035/6025/6026 6036/6026/6027 6037/6027/6028
f 5979/5967/5968 6034/6028/6029 6003/5992/5993
f 5973/5963/5964 6039/6029/6030 5561/5554/5555
f 5728/5712/5713 6058/6030/6031 5912/5901/5902
f 6023/6013/6014 5637/5654/5655 6041/6031/6032
f 5650/5715/5716 5894/5877/5878 6042/6032/6033
f 5966/5957/5958 6043/6033/6034 5717/5787/5788
f 5966/5957/5958 6010/5999/6000 6043/6033/6034
f 5912/5901/5902 6058/6030/6031 6040/6008/6009
f 5796/5788/5789 6044/6034/6035 5970/6035/6036
f 5643/5630/5631 6045/6036/6037 5694/5684/5685
f 5928/5919/5920 6007/6037/6038 6046/6038/6039
f 5928/5919/5920 6046/6038/6039 5989/5977/5978
f 5637/5654/5655 6047/6039/6040 6041/6031/6032
f 5978/5966/5967 5650/5715/5716 6042/6032/6033
f 5745/5729/5730 5775/5762/5763 6048/6040/6041
f 6030/6022/6023 6050/6041/6042 5689/5678/5679
f 5883/5861/5862 6051/6042/6043 5882/5859/5860
f 5720/5704/5705 5716/5703/5704 6052/6043/6044
f 6053/6044/6045 6021/6011/6012 6054/6045/6046
f 6012/6002/6003 6055/6046/6047 5786/5786/5787
f 6007/6037/6038 6057/6047/6048 6046/6038/6039
f 5720/5704/5705 5996/5985/5986 5874/5852/5853
f 5794/5783/5784 5917/5906/5907 5971/5974/5975
f 5721/5670/5671 5823/5809/5810 6059/6048/6049
f 5721/5670/5671 6059/6048/6049 6131/6049/6050
f 6005/5995/5996 6056/6050/6051 5425/5413/5414
f 5768/5755/5756 6060/6051/6052 5846/5825/5826
f 5717/5787/5788 6044/6034/6035 5796/5788/5789
f 5582/5575/5576 6062/6052/6053 5994/5982/5983
f 5582/5575/5576 5699/5687/5688 6062/6052/6053
f 5912/5901/5902 6040/6008/6009 5923/5913/5914
f 5748/5850/5851 6065/6053/6054 5873/5851/5852
f 5637/5654/5655 6066/6054/6055 6047/6039/6040
f 5663/5647/5648 6016/6006/6007 5952/5944/5945
f 5643/5630/5631 5959/5951/5952 6045/6036/6037
f 6021/6011/6012 6020/6010/6011 6067/6055/6056
f 6021/6011/6012 6067/6055/6056 6054/6045/6046
f 5854/5831/5832 5872/5832/5833 6070/6056/6057
f 6019/6009/6010 6040/6008/6009 6071/6057/6058
f 5947/5937/5938 5938/5928/5929 5988/5935/5936
f 5728/5712/5713 5990/5978/5979 6058/6030/6031
f 5865/5845/5846 6072/6058/6059 5559/5550/5551
f 6008/5997/5998 6073/6059/6060 6004/5994/5995
f 5854/5831/5832 6070/6056/6057 5918/5907/5908
f 5926/5917/5918 6015/6005/6006 6032/6060/6061
f 6027/6017/6018 6026/6016/6017 6074/6061/6062
f 5994/5982/5983 6062/6052/6053 6077/6062/6063
f 6028/6018/6019 6078/6063/6064 6015/6005/6006
f 6019/6009/6010 6071/6057/6058 6068/6064/6065
f 5980/5972/5973 6079/6065/6066 5747/5892/5893
f 5652/5879/5880 6080/6066/6067 5893/5875/5876
f 5945/5897/5898 5882/5859/5860 5869/5848/5849
f 5882/5859/5860 6051/6042/6043 5869/5848/5849
f 6036/6026/6027 5861/5841/5842 6081/6067/6068
f 5745/5729/5730 6048/6040/6041 5972/5962/5963
f 5716/5703/5704 5715/5702/5703 6082/6068/6069
f 5371/5360/5362 5899/5884/5885 6083/6069/6070
f 6066/6054/6055 5637/5654/5655 6085/6070/6071
f 6069/6071/6072 6086/6072/6073 6050/6041/6042
f 5798/5791/5792 5819/5806/5807 6088/6073/6074
f 5453/5442/5443 5564/5570/5571 6022/6012/6013
f 5791/5779/5780 5969/5975/5976 6089/6074/6075
f 5879/5856/5857 6061/6075/6076 6063/6014/6015
f 5998/5987/5988 6090/6076/6077 6091/6077/6078
f 5998/5987/5988 6091/6077/6078 5956/5948/5949
f 4273/4266/4267 6092/6078/6079 5651/5880/5881
f 6017/6007/6008 6018/6079/6080 6140/6080/6081
f 6017/6007/6008 6140/6080/6081 6040/6008/6009
f 5549/5539/5540 5365/5354/5356 6093/6081/6082
f 5771/5757/5758 5982/6082/6083 6198/5942/5943
f 5717/5787/5788 6043/6033/6034 6095/6083/6084
f 6072/6058/6059 6096/6084/6085 5559/5550/5551
f 5852/5834/5835 6225/6085/6086 6001/5990/5991
f 5879/5856/5857 5848/5827/5828 6098/6086/6087
f 5879/5856/5857 6098/6086/6087 6061/6075/6076
f 6099/6087/6088 6100/6088/6089 6051/6042/6043
f 5968/5959/5960 6013/5960/5961 6097/6089/6090
f 5768/5755/5756 5968/5959/5960 6102/6090/6091
f 5768/5755/5756 6102/6090/6091 6060/6051/6052
f 5707/5695/5696 5984/5969/5970 6104/6091/6092
f 5707/5695/5696 6104/6091/6092 6105/6092/6093
f 6049/6093/6094 6106/6094/6095 5915/5904/5905
f 5720/5704/5705 6052/6043/6044 6107/6095/6096
f 5799/5943/5944 5798/5791/5792 6109/6096/6097
f 5799/5943/5944 6110/6097/6098 5867/6098/6099
f 5799/5943/5944 6109/6096/6097 6110/6097/6098
f 5717/5787/5788 6111/6099/6100 6044/6034/6035
f 5694/5684/5685 6084/6100/6101 5699/5687/5688
f 5859/5810/5811 6112/6101/6102 5861/5841/5842
f 5574/5565/5566 6113/6102/6103 5550/5542/5543
f 5500/5489/5490 5875/5854/5855 6114/6103/6104
f 6015/6005/6006 6116/6104/6105 6032/6060/6061
f 6015/6005/6006 6115/6105/6106 6116/6104/6105
f 6075/6106/6107 6151/6107/6108 6117/6108/6109
f 5869/5848/5849 6051/6042/6043 6100/6088/6089
f 5869/5848/5849 6100/6088/6089 6087/6109/6110
f 6040/6008/6009 6058/6030/6031 6071/6057/6058
f 5861/5841/5842 6112/6101/6102 6081/6067/6068
f 5835/5818/5819 6063/6014/6015 6118/6110/6111
f 5835/5818/5819 6118/6110/6111 6119/6111/6112
f 5835/5818/5819 6119/6111/6112 6108/5896/5897
f 6120/6112/6113 6152/6113/6114 6121/6114/6115
f 5637/5654/5655 6122/6115/6116 6085/6070/6071
f 5720/5704/5705 6107/6095/6096 6123/6116/6117
f 5838/5886/5887 5680/5666/5667 6124/6117/6118
f 5786/5786/5787 6125/6118/6119 5806/5795/5796
f 5833/5817/5818 6127/6119/6120 5834/5754/5755
f 6076/6120/6121 6129/6121/6122 6075/6106/6107
f 6050/6041/6042 6086/6072/6073 5689/5678/5679
f 5891/5871/5872 5890/5872/5873 5693/5683/5684
f 5721/5670/5671 6131/6049/6050 6132/6122/6123
f 5721/5670/5671 6132/6122/6123 5832/5816/5817
f 5832/5816/5817 6132/6122/6123 6126/6123/6124
f 6004/5994/5995 6073/6059/6060 6133/6124/6125
f 5915/5904/5905 6106/6094/6095 6016/6006/6007
f 6074/6061/6062 6026/6016/6017 6134/6125/6126
f 6135/6126/6127 6024/6003/6004 6136/6127/6128
f 6135/6126/6127 6094/6128/6129 6024/6003/6004
f 5699/5687/5688 6084/6100/6101 6137/6129/6130
f 5717/5787/5788 6095/6083/6084 6111/6099/6100
f 5380/5281/5283 5444/5432/5433 6138/6130/6131
f 6040/6008/6009 6140/6080/6081 5923/5913/5914
f 6018/6079/6080 6139/6131/6132 6140/6080/6081
f 6074/6061/6062 6134/6125/6126 6128/6132/6133
f 5988/5935/5936 5938/5928/5929 6141/6133/6134
f 6024/6003/6004 6108/5896/5897 6136/6127/6128
f 6024/6003/6004 6094/6128/6129 6014/6004/6005
f 5680/5666/5667 5855/5836/5837 6124/6117/6118
f 6020/6010/6011 6144/6134/6135 6067/6055/6056
f 5984/5969/5970 5705/5693/5694 6146/6135/6136
f 5371/5360/5362 6083/6069/6070 5744/5728/5729
f 6045/6036/6037 5959/5951/5952 6147/6136/6137
f 6046/6038/6039 6148/6137/6138 5989/5977/5978
f 5689/5678/5679 6086/6072/6073 5801/5793/5794
f 6089/6074/6075 5969/5975/5976 6149/6138/6139
f 5694/5684/5685 6045/6036/6037 6084/6100/6101
f 6082/6068/6069 6150/6139/6140 5716/5703/5704
f 5938/5928/5929 5940/5930/5931 6154/6140/6141
f 5938/5928/5929 6154/6140/6141 6155/6141/6142
f 6037/6027/6028 6158/6142/6143 6038/6143/6144
f 6159/6144/6145 6160/6145/6146 6161/6146/6147
f 6159/6144/6145 6161/6146/6147 6129/6121/6122
f 6037/6027/6028 6036/6026/6027 6158/6142/6143
f 5425/5413/5414 6056/6050/6051 6162/6147/6148
f 5425/5413/5414 6162/6147/6148 5824/5811/5812
f 5564/5570/5571 5788/5775/5776 6022/6012/6013
f 6085/6070/6071 6122/6115/6116 6163/6148/6149
f 6086/6072/6073 6164/6149/6150 6165/6150/6151
f 5855/5836/5837 6166/6151/6152 6124/6117/6118
f 5716/5703/5704 6167/6152/6153 6052/6043/6044
f 5716/5703/5704 6157/6153/6154 6167/6152/6153
f 6121/6114/6115 6152/6113/6114 6168/6154/6155
f 6075/6106/6107 6129/6121/6122 6151/6107/6108
f 5824/5811/5812 6142/6155/6156 5894/5877/5878
f 5988/5935/5936 6141/6133/6134 6169/6156/6157
f 6105/6092/6093 6171/6157/6158 6130/6158/6159
f 6105/6092/6093 6170/6159/6160 6171/6157/6158
f 5913/5903/5904 5956/5948/5949 6008/5997/5998
f 5786/5786/5787 6055/6046/6047 6125/6118/6119
f 5956/5948/5949 6091/6077/6078 6239/6160/6161
f 6032/6060/6061 6116/6104/6105 6103/6161/6162
f 5119/5132/5134 6172/6162/6163 4877/4868/4869
f 5715/5702/5703 6174/6163/6164 6082/6068/6069
f 5715/5702/5703 6173/6164/6165 6174/6163/6164
f 6086/6072/6073 6165/6150/6151 5801/5793/5794
f 6079/6065/6066 6064/6165/6166 5747/5892/5893
f 6175/6166/6167 6176/6167/6168 6177/6168/6169
f 5834/5754/5755 6127/6119/6120 6178/6169/6170
f 5834/5754/5755 6178/6169/6170 5855/5836/5837
f 6129/6121/6122 6161/6146/6147 6151/6107/6108
f 6052/6043/6044 6179/6170/6171 6107/6095/6096
f 6180/6171/6172 6181/6172/6173 6182/6173/6174
f 6139/6131/6132 6183/6174/6175 6161/6146/6147
f 6139/6131/6132 6161/6146/6147 6140/6080/6081
f 5894/5877/5878 6142/6155/6156 6042/6032/6033
f 5969/5975/5976 5955/5947/5948 6184/6175/6176
f 5549/5539/5540 6093/6081/6082 6186/6176/6177
f 5958/5950/5951 6188/6177/6178 5890/5872/5873
f 6128/6132/6133 6288/6178/6179 6189/6179/6180
f 6190/6180/6181 6191/6181/6182 6192/6182/6183
f 6190/6180/6181 6192/6182/6183 6193/6183/6184
f 5984/5969/5970 6194/6184/6185 6104/6091/6092
f 5823/5809/5810 6195/6185/6186 6196/6186/6187
f 5769/5583/5584 5951/5941/5942 5900/5885/5886
f 5978/5966/5967 6197/6187/6188 5950/5940/5941
f 5983/6019/6020 6198/5942/5943 5982/6082/6083
f 6020/6010/6011 6199/6188/6189 6144/6134/6135
f 5952/5944/5945 6016/6006/6007 6200/6189/6190
f 6151/6107/6108 6161/6146/6147 6183/6174/6175
f 6084/6100/6101 6045/6036/6037 6202/6190/6191
f 6199/6188/6189 6020/6010/6011 6160/6145/6146
f 6148/6137/6138 6046/6038/6039 6203/6191/6192
f 6205/6192/6193 6206/6193/6194 6207/6194/6195
f 6205/6192/6193 6207/6194/6195 6208/6195/6196
f 6026/6016/6017 6185/6196/6197 6134/6125/6126
f 6122/6115/6116 6211/6197/6198 6163/6148/6149
f 5969/5975/5976 6184/6175/6176 6149/6138/6139
f 6128/6132/6133 6134/6125/6126 6288/6178/6179
f 5848/5827/5828 6212/6198/6199 6098/6086/6087
f 6214/6199/6200 6215/6200/6201 6187/6201/6202
f 6214/6199/6200 6187/6201/6202 6216/6202/6203
f 5801/5793/5794 6165/6150/6151 6217/6203/6204
f 6218/6204/6205 6154/6140/6141 5940/5930/5931
f 6108/5896/5897 6204/6205/6206 6136/6127/6128
f 6001/5990/5991 6225/6085/6086 6219/6206/6207
f 6057/6047/6048 6220/6207/6208 6046/6038/6039
f 6103/6161/6162 6116/6104/6105 6221/6208/6209
f 6222/6209/6210 6210/6210/6211 6223/6211/6212
f 6164/6149/6150 6224/6212/6213 6165/6150/6151
f 5852/5834/5835 5726/5710/5711 6225/6085/6086
f 6213/6213/6214 6203/6191/6192 6226/6214/6215
f 6221/6208/6209 6116/6104/6105 6228/6215/6216
f 5699/5687/5688 6230/6216/6217 6062/6052/6053
f 5978/5966/5967 6042/6032/6033 6142/6155/6156
f 5859/5810/5811 5952/5944/5945 6200/6189/6190
f 5859/5810/5811 6200/6189/6190 6233/6217/6218
f 6020/6010/6011 5923/5913/5914 6160/6145/6146
f 5726/5710/5711 6234/6218/6219 6225/6085/6086
f 5716/5703/5704 6236/6219/6220 6157/6153/6154
f 5444/5432/5433 6237/6220/6221 6138/6130/6131
f 5971/5974/5975 5917/5906/5907 6238/6221/6222
f 5824/5811/5812 6201/6222/6223 6142/6155/6156
f 6143/6223/6224 6241/6224/6225 6127/6119/6120
f 6213/6213/6214 6226/6214/6215 6242/6225/6226
f 6193/6183/6184 6192/6182/6183 6181/6172/6173
f 6149/6138/6139 6184/6175/6176 6245/6226/6227
f 5901/6020/6021 5902/6227/6228 6029/6021/6022
f 6132/6122/6123 6131/6049/6050 6240/6228/6229
f 5691/5680/5681 6246/6229/6230 5739/5724/5725
f 6184/6175/6176 6229/6230/6231 6245/6226/6227
f 6170/6159/6160 6105/6092/6093 6247/6231/6232
f 6244/6232/6233 6248/6233/6234 6349/6234/6235
f 6244/6232/6233 6349/6234/6235 6185/6196/6197
f 6166/6151/6152 5855/5836/5837 6178/6169/6170
f 6166/6151/6152 6178/6169/6170 6249/6235/6236
f 6006/5996/5997 5806/5795/5796 6101/6236/6237
f 6006/5996/5997 6101/6236/6237 6250/6237/6238
f 6188/6177/6178 6251/6238/6239 5890/5872/5873
f 5726/5710/5711 6252/6239/6240 6234/6218/6219
f 6181/6172/6173 6192/6182/6183 6182/6173/6174
f 6152/6113/6114 6153/6240/6241 6156/6241/6242
f 5899/5884/5885 6256/6242/6243 6257/6243/6244
f 6259/6244/6245 6260/6245/6246 6261/6246/6247
f 6204/6205/6206 6108/5896/5897 6119/6111/6112
f 6204/6205/6206 6119/6111/6112 6262/6247/6248
f 6045/6036/6037 6263/6248/6249 6202/6190/6191
f 6192/6182/6183 6258/6249/6250 6182/6173/6174
f 6149/6138/6139 6245/6226/6227 6243/6250/6251
f 6061/6075/6076 6265/6251/6252 6063/6014/6015
f 6260/6245/6246 6266/6252/6253 6261/6246/6247
f 6245/6226/6227 6229/6230/6231 6269/6253/6254
f 6015/6005/6006 6078/6063/6064 6115/6105/6106
f 6259/6244/6245 6261/6246/6247 6271/6254/6255
f 6272/6255/6256 6177/6168/6169 6388/6256/6257
f 6272/6255/6256 6388/6256/6257 6273/6257/6258
f 6194/6184/6185 6275/6258/6259 6104/6091/6092
f 6112/6101/6102 6276/6259/6260 6081/6067/6068
f 5837/5908/5909 5772/5758/5759 5919/5909/5910
f 6131/6049/6050 6277/6260/6261 6240/6228/6229
f 6253/6261/6262 6254/6262/6263 6279/6263/6264
f 6280/6264/6265 6281/6265/6266 6270/6266/6267
f 6203/6191/6192 6046/6038/6039 6427/6267/6268
f 6264/6268/6269 6282/6269/6270 6239/6160/6161
f 6232/6270/6271 6231/6271/6272 6253/6261/6262
f 6232/6270/6271 6283/6272/6273 6235/6273/6274
f 6259/6244/6245 6271/6254/6255 6286/6274/6275
f 6287/6275/6276 6189/6179/6180 6288/6178/6179
f 6287/6275/6276 6288/6178/6179 6289/6276/6277
f 6149/6138/6139 6243/6250/6251 6290/6277/6278
f 6253/6261/6262 6279/6263/6264 6232/6270/6271
f 5823/5809/5810 6196/6186/6187 6059/6048/6049
f 6145/6278/6279 6255/6279/6280 6078/6063/6064
f 6231/6271/6272 6274/6280/6281 6291/6281/6282
f 6231/6271/6272 6291/6281/6282 6253/6261/6262
f 6204/6205/6206 6262/6247/6248 6292/6282/6283
f 6192/6182/6183 6293/6283/6284 6258/6249/6250
f 5959/5951/5952 5693/5683/5684 6295/6284/6285
f 6288/6178/6179 6134/6125/6126 6296/6285/6286
f 6253/6261/6262 6291/6281/6282 6285/6286/6287
f 6201/6222/6223 5824/5811/5812 6298/6287/6288
f 5699/5687/5688 6137/6129/6130 6299/6288/6289
f 5815/5876/5877 5893/5875/5876 6300/6289/6290
f 5815/5876/5877 6300/6289/6290 6301/6290/6291
f 5824/5811/5812 6162/6147/6148 6298/6287/6288
f 6045/6036/6037 6147/6136/6137 6302/6291/6292
f 6045/6036/6037 6302/6291/6292 6263/6248/6249
f 6207/6194/6195 6333/6292/6293 6208/6195/6196
f 6235/6273/6274 6283/6272/6273 6192/6182/6183
f 6116/6104/6105 6303/6293/6294 6228/6215/6216
f 6036/6026/6027 6297/6294/6295 6158/6142/6143
f 6105/6092/6093 6104/6091/6092 6247/6231/6232
f 6063/6014/6015 6265/6251/6252 6118/6110/6111
f 5859/5810/5811 6233/6217/6218 6112/6101/6102
f 6061/6075/6076 6098/6086/6087 6308/6295/6296
f 6168/6154/6155 6152/6113/6114 6304/6296/6297
f 5550/5542/5543 6093/6081/6082 5365/5354/5356
f 6268/6297/6298 6305/6298/6299 6267/6299/6300
f 4273/4266/4267 5683/5672/5673 6306/6300/6301
f 6134/6125/6126 6334/6301/6302 6296/6285/6286
f 6245/6226/6227 6269/6253/6254 6307/6302/6303
f 6192/6182/6183 6283/6272/6273 6293/6283/6284
f 6267/6299/6300 6305/6298/6299 6309/6303/6304
f 6160/6145/6146 5923/5913/5914 6161/6146/6147
f 5772/5758/5759 6198/5942/5943 5919/5909/5910
f 6228/6215/6216 6303/6293/6294 6310/6304/6305
f 6284/6305/6306 6311/6306/6307 6255/6279/6280
f 5938/5928/5929 6155/6141/6142 6314/6307/6308
f 5918/5907/5908 6315/6308/6309 5917/5906/5907
f 6266/6252/6253 6313/6309/6310 6261/6246/6247
f 6245/6226/6227 6307/6302/6303 6243/6250/6251
f 5956/5948/5949 6239/6160/6161 6317/6310/6311
f 5956/5948/5949 6318/6311/6312 6008/5997/5998
f 5956/5948/5949 6317/6310/6311 6318/6311/6312
f 5983/6019/6020 6029/6021/6022 6198/5942/5943
f 6061/6075/6076 6308/6295/6296 6265/6251/6252
f 6239/6160/6161 6282/6269/6270 6317/6310/6311
f 6286/6274/6275 6271/6254/6255 6319/6312/6313
f 6281/6265/6266 6320/6313/6314 6270/6266/6267
f 6008/5997/5998 6318/6311/6312 6073/6059/6060
f 6321/6314/6315 6208/6195/6196 6322/6315/6316
f 6219/6206/6207 6225/6085/6086 6323/6316/6317
f 6208/6195/6196 6333/6292/6293 6322/6315/6316
f 4273/4266/4267 6306/6300/6301 6092/6078/6079
f 5798/5791/5792 6088/6073/6074 6109/6096/6097
f 6154/6140/6141 6227/6317/6318 6327/6318/6319
f 6154/6140/6141 6327/6318/6319 6155/6141/6142
f 6232/6270/6271 6279/6263/6264 6283/6272/6273
f 5920/5910/5911 5919/5909/5910 6328/6319/6320
f 6209/6320/6321 6169/6156/6157 6210/6210/6211
f 6073/6059/6060 6329/6321/6322 6294/6322/6323
f 6036/6026/6027 6081/6067/6068 6297/6294/6295
f 6331/6323/6324 6332/6324/6325 6333/6292/6293
f 6331/6323/6324 6333/6292/6293 6207/6194/6195
f 6134/6125/6126 6185/6196/6197 6334/6301/6302
f 6326/6325/6326 6308/6295/6296 6335/6326/6327
f 6336/6327/6328 6337/6328/6329 6338/6329/6330
f 6292/6282/6283 6262/6247/6248 6339/6330/6331
f 6046/6038/6039 6278/6331/6332 6340/6332/6333
f 6046/6038/6039 6340/6332/6333 6427/6267/6268
f 5918/5907/5908 6341/6333/6334 6315/6308/6309
f 6289/6276/6277 6288/6178/6179 6342/6334/6335
f 6427/6267/6268 6226/6214/6215 6203/6191/6192
f 6140/6080/6081 6161/6146/6147 5923/5913/5914
f 6346/6335/6336 6265/6251/6252 6326/6325/6326
f 6016/6006/6007 6106/6094/6095 6347/6336/6337
f 6346/6335/6336 6348/6337/6338 6265/6251/6252
f 6084/6100/6101 6202/6190/6191 6137/6129/6130
f 6185/6196/6197 6349/6234/6235 6334/6301/6302
f 6345/6338/6339 6344/6339/6340 6350/6340/6341
f 6127/6119/6120 6241/6224/6225 6352/6341/6342
f 5971/5974/5975 6238/6221/6222 6353/6342/6343
f 6268/6297/6298 6270/6266/6267 6354/6343/6344
f 6162/6147/6148 6355/6344/6345 6298/6287/6288
f 6324/6345/6346 6325/6346/6347 6356/6347/6348
f 5815/5876/5877 6301/6290/6291 6357/6348/6349
f 6326/6325/6326 6265/6251/6252 6308/6295/6296
f 6127/6119/6120 6352/6341/6342 6178/6169/6170
f 6233/6217/6218 6360/6349/6350 6112/6101/6102
f 6241/6224/6225 6362/6350/6351 6352/6341/6342
f 6210/6210/6211 6363/6351/6352 6223/6211/6212
f 6210/6210/6211 6169/6156/6157 6363/6351/6352
f 6271/6254/6255 6261/6246/6247 6364/6352/6353
f 6215/6200/6201 6358/6353/6354 6187/6201/6202
f 6215/6200/6201 6343/6354/6355 6358/6353/6354
f 6365/6355/6356 6366/6356/6357 6367/6357/6358
f 6321/6314/6315 6322/6315/6316 6361/6358/6359
f 5918/5907/5908 6070/6056/6057 6341/6333/6334
f 5627/5617/5618 6369/6359/6360 5119/5132/5134
f 5726/5710/5711 5900/5885/5886 6252/6239/6240
f 6372/6360/6361 6292/6282/6283 6339/6330/6331
f 5560/5553/5554 5099/5096/5098 6377/6361/6362
f 5560/5553/5554 6377/6361/6362 6368/6362/6363
f 6261/6246/6247 6330/6363/6364 6364/6352/6353
f 5651/5880/5881 6092/6078/6079 5896/5881/5882
f 6290/6277/6278 6243/6250/6251 6374/6364/6365
f 6279/6263/6264 6375/6365/6366 6378/6366/6367
f 6279/6263/6264 6378/6366/6367 6283/6272/6273
f 5872/5832/5833 6379/6367/6368 6070/6056/6057
f 5872/5832/5833 6380/6368/6369 6379/6367/6368
f 6196/6186/6187 6381/6369/6370 6059/6048/6049
f 6307/6302/6303 6382/6370/6371 6350/6340/6341
f 6307/6302/6303 6350/6340/6341 6243/6250/6251
f 6370/6371/6372 6383/6372/6373 6384/6373/6374
f 5959/5951/5952 6295/6284/6285 6371/6374/6375
f 5693/5683/5684 5890/5872/5873 6316/6375/6376
f 6370/6371/6372 6384/6373/6374 6385/6376/6377
f 5951/5941/5942 6351/6377/6378 5900/5885/5886
f 6338/6329/6330 6337/6328/6329 6375/6365/6366
f 6344/6339/6340 6374/6364/6365 6350/6340/6341
f 6029/6021/6022 5902/6227/6228 6387/6378/6379
f 6370/6371/6372 5950/5940/5941 6383/6372/6373
f 6177/6168/6169 6176/6167/6168 6388/6256/6257
f 6311/6306/6307 6389/6379/6380 6255/6279/6280
f 6370/6371/6372 6385/6376/6377 5950/5940/5941
f 6337/6328/6329 6378/6366/6367 6375/6365/6366
f 6243/6250/6251 6350/6340/6341 6374/6364/6365
f 6393/6380/6381 6323/6316/6317 6394/6381/6382
f 6376/6382/6383 6372/6360/6361 6395/6383/6384
f 6376/6382/6383 6395/6383/6384 6396/6384/6385
f 5893/5875/5876 6080/6066/6067 6300/6289/6290
f 6234/6218/6219 6397/6385/6386 6225/6085/6086
f 6373/6386/6387 6342/6334/6335 6366/6356/6357
f 6261/6246/6247 6313/6309/6310 6398/6387/6388
f 6261/6246/6247 6398/6387/6388 6330/6363/6364
f 6119/6111/6112 6339/6330/6331 6262/6247/6248
f 6201/6222/6223 6298/6287/6288 6142/6155/6156
f 6310/6304/6305 6399/6388/6389 6391/6389/6390
f 6104/6091/6092 6400/6390/6391 6247/6231/6232
f 6255/6279/6280 6389/6379/6380 6078/6063/6064
f 6296/6285/6286 6402/6391/6392 6288/6178/6179
f 6265/6251/6252 6348/6337/6338 6403/6392/6393
f 6265/6251/6252 6403/6392/6393 6118/6110/6111
f 6137/6129/6130 6404/6393/6394 6299/6288/6289
f 6366/6356/6357 6342/6334/6335 6405/6394/6395
f 6119/6111/6112 6118/6110/6111 6339/6330/6331
f 6225/6085/6086 6397/6385/6386 6323/6316/6317
f 6152/6113/6114 6156/6241/6242 6407/6395/6396
f 6131/6049/6050 6408/6396/6397 6277/6260/6261
f 6131/6049/6050 6410/6397/6398 6408/6396/6397
f 6392/6398/6399 6391/6389/6390 6399/6388/6389
f 6354/6343/6344 6409/6399/6400 6268/6297/6298
f 6104/6091/6092 6359/6400/6401 6400/6390/6391
f 6362/6350/6351 6411/6401/6402 6352/6341/6342
f 5953/5945/5946 6406/6402/6403 5788/5775/5776
f 5890/5872/5873 6251/6238/6239 6412/6403/6404
f 5890/5872/5873 6412/6403/6404 6316/6375/6376
f 6270/6266/6267 6320/6313/6314 6354/6343/6344
f 6386/6404/6405 6413/6405/6406 6414/6406/6407
f 6386/6404/6405 6414/6406/6407 6415/6407/6408
f 6386/6404/6405 6415/6407/6408 6325/6346/6347
f 6153/6240/6241 6187/6201/6202 6358/6353/6354
f 6153/6240/6241 6358/6353/6354 6156/6241/6242
f 6298/6287/6288 6355/6344/6345 6416/6408/6409
f 5652/5879/5880 5896/5881/5882 6080/6066/6067
f 6366/6356/6357 6405/6394/6395 6367/6357/6358
f 6288/6178/6179 6402/6391/6392 6342/6334/6335
f 6078/6063/6064 6389/6379/6380 6417/6409/6410
f 6078/6063/6064 6417/6409/6410 6115/6105/6106
f 6342/6334/6335 6402/6391/6392 6405/6394/6395
f 6268/6297/6298 6409/6399/6400 6305/6298/6299
f 6392/6398/6399 6399/6388/6389 6359/6400/6401
f 5872/5832/5833 5873/5851/5852 6380/6368/6369
f 6248/6233/6234 6418/6410/6411 6349/6234/6235
f 5380/5281/5283 6138/6130/6131 6419/6411/6412
f 5380/5281/5283 6419/6411/6412 5682/5671/5672
f 6273/6257/6258 6388/6256/6257 6420/6412/6413
f 6323/6316/6317 6397/6385/6386 6394/6381/6382
f 6142/6155/6156 6298/6287/6288 6422/6413/6414
f 6142/6155/6156 6422/6413/6414 5978/5966/5967
f 6106/6094/6095 6423/6414/6415 6347/6336/6337
f 4871/4861/4862 6424/6415/6416 5497/5487/5488
f 6178/6169/6170 6425/6416/6417 6249/6235/6236
f 6327/6318/6319 6426/6417/6418 6155/6141/6142
f 6297/6294/6295 6081/6067/6068 6428/6418/6419
f 6297/6294/6295 6428/6418/6419 6429/6419/6420
f 5959/5951/5952 6371/6374/6375 6147/6136/6137
f 6371/6374/6375 6475/6420/6421 6147/6136/6137
f 5807/5797/5798 5851/5829/5830 6432/6421/6422
f 6295/6284/6285 6390/6422/6423 6371/6374/6375
f 6319/6312/6313 6271/6254/6255 6433/6423/6424
f 6320/6313/6314 6434/6424/6425 6354/6343/6344
f 6371/6374/6375 6390/6422/6423 6475/6420/6421
f 6329/6321/6322 6073/6059/6060 6435/6425/6426
f 6437/6426/6427 5875/5854/5855 6438/6427/6428
f 6421/6428/6429 6439/6429/6430 6440/6430/6431
f 6421/6428/6429 6440/6430/6431 5550/5542/5543
f 6384/6373/6374 6383/6372/6373 6385/6376/6377
f 5875/5854/5855 6441/6431/6432 6438/6427/6428
f 6137/6129/6130 6202/6190/6191 6442/6432/6433
f 6137/6129/6130 6442/6432/6433 6443/6433/6434
f 6355/6344/6345 6436/6434/6435 6416/6408/6409
f 6325/6346/6347 6415/6407/6408 6444/6435/6436
f 6302/6291/6292 6147/6136/6137 6445/6436/6437
f 6349/6234/6235 6418/6410/6411 6446/6437/6438
f 6169/6156/6157 6141/6133/6134 6448/6438/6439
f 6399/6388/6389 6310/6304/6305 6843/6439/6440
f 5819/5806/5807 5765/5749/5750 6449/6440/6441
f 6137/6129/6130 6443/6433/6434 6404/6393/6394
f 6349/6234/6235 6446/6437/6438 6430/6441/6442
f 6349/6234/6235 6430/6441/6442 6334/6301/6302
f 6450/6442/6443 6451/6443/6444 6452/6444/6445
f 6237/6220/6221 5444/5432/5433 6453/6445/6446
f 6088/6073/6074 5819/5806/5807 6455/6446/6447
f 6325/6346/6347 6444/6435/6436 6356/6347/6348
f 6359/6400/6401 6399/6388/6389 6400/6390/6391
f 6455/6446/6447 5819/5806/5807 6456/6447/6448
f 6457/6448/6449 6458/6449/6450 6406/6402/6403
f 6176/6167/6168 6459/6450/6451 6388/6256/6257
f 6406/6402/6403 6458/6449/6450 5788/5775/5776
f 6202/6190/6191 6263/6248/6249 6442/6432/6433
f 6070/6056/6057 6379/6367/6368 6460/6451/6452
f 6282/6269/6270 6462/6452/6453 6317/6310/6311
f 6455/6446/6447 6463/6453/6454 6088/6073/6074
f 5653/5637/5638 6447/6454/6455 5875/5854/5855
f 6457/6448/6449 6406/6402/6403 6464/6455/6456
f 6465/6456/6457 6466/6457/6458 6467/6458/6459
f 5899/5884/5885 6257/6243/6244 6468/6459/6460
f 5899/5884/5885 6468/6459/6460 6083/6069/6070
f 6152/6113/6114 6407/6395/6396 6304/6296/6297
f 6234/6218/6219 6454/6460/6461 6397/6385/6386
f 6322/6315/6316 6333/6292/6293 6469/6461/6462
f 6059/6048/6049 6381/6369/6370 6470/6462/6463
f 5099/5096/5098 6401/6463/6464 6377/6361/6362
f 5099/5096/5098 5004/4998/4999 6471/6464/6465
f 5099/5096/5098 6471/6464/6465 6401/6463/6464
f 6073/6059/6060 6318/6311/6312 6472/6465/6466
f 6334/6301/6302 6430/6441/6442 6473/6466/6467
f 6334/6301/6302 6473/6466/6467 6296/6285/6286
f 5919/5909/5910 6431/6467/6468 6328/6319/6320
f 6333/6292/6293 6509/6468/6469 6469/6461/6462
f 6310/6304/6305 6303/6293/6294 6476/6469/6470
f 6435/6425/6426 6073/6059/6060 6472/6465/6466
f 5950/5940/5941 6197/6187/6188 6383/6372/6373
f 6088/6073/6074 6494/6470/6471 6109/6096/6097
f 6405/6394/6395 6477/6471/6472 6367/6357/6358
f 6454/6460/6461 6234/6218/6219 6252/6239/6240
f 6454/6460/6461 6478/6472/6473 6397/6385/6386
f 6383/6372/6373 6197/6187/6188 6479/6473/6474
f 6432/6421/6422 5851/5829/5830 6480/6474/6475
f 5875/5854/5855 6447/6454/6455 6481/6475/6476
f 5875/5854/5855 6482/6476/6477 6441/6431/6432
f 5875/5854/5855 6481/6475/6476 6482/6476/6477
f 6452/6444/6445 6451/6443/6444 6483/6477/6478
f 6352/6341/6342 6484/6478/6479 6178/6169/6170
f 6316/6375/6376 6412/6403/6404 6486/6479/6480
f 6394/6381/6382 6397/6385/6386 6487/6480/6481
f 6464/6455/6456 6406/6402/6403 6489/6481/6482
f 6463/6453/6454 6490/6482/6483 6088/6073/6074
f 6463/6453/6454 6491/6483/6484 6490/6482/6483
f 6298/6287/6288 6416/6408/6409 6555/6484/6485
f 6088/6073/6074 6490/6482/6483 6494/6470/6471
f 6354/6343/6344 6434/6424/6425 6496/6485/6486
f 6354/6343/6344 6496/6485/6486 6497/6486/6487
f 6433/6423/6424 6271/6254/6255 6498/6487/6488
f 6333/6292/6293 6332/6324/6325 6509/6468/6469
f 6340/6332/6333 6499/6488/6489 6427/6267/6268
f 6410/6397/6398 6504/6489/6490 6408/6396/6397
f 6410/6397/6398 6503/6490/6491 6504/6489/6490
f 5938/5928/5929 6314/6307/6308 6141/6133/6134
f 6480/6474/6475 5851/5829/5830 6506/6491/6492
f 6406/6402/6403 6507/6492/6493 6493/6493/6494
f 6475/6420/6421 6445/6436/6437 6147/6136/6137
f 6440/6430/6431 6508/6494/6495 5550/5542/5543
f 6332/6324/6325 6461/6495/6496 6509/6468/6469
f 6427/6267/6268 6499/6488/6489 6510/6496/6497
f 6388/6256/6257 6459/6450/6451 6511/6497/6498
f 5653/5637/5638 5744/5728/5729 6447/6454/6455
f 6247/6231/6232 6400/6390/6391 6492/6498/6499
f 6512/6499/6500 6513/6500/6501 6514/6501/6502
f 6426/6417/6418 6516/6502/6503 6155/6141/6142
f 6387/6378/6379 6517/6503/6504 6029/6021/6022
f 6271/6254/6255 6564/6504/6505 6498/6487/6488
f 6155/6141/6142 6516/6502/6503 6518/6505/6506
f 6155/6141/6142 6518/6505/6506 6314/6307/6308
f 6029/6021/6022 6517/6503/6504 6198/5942/5943
f 6505/6506/6507 6511/6497/6498 6519/6507/6508
f 5788/5775/5776 6458/6449/6450 6520/6508/6509
f 5788/5775/5776 6520/6508/6509 6022/6012/6013
f 6521/6509/6510 6517/6503/6504 6387/6378/6379
f 6521/6509/6510 6387/6378/6379 6522/6510/6511
f 6178/6169/6170 6524/6511/6512 6425/6416/6417
f 6399/6388/6389 6843/6439/6440 6525/6512/6513
f 6519/6507/6508 6511/6497/6498 6523/6513/6514
f 6340/6332/6333 6488/6514/6515 6499/6488/6489
f 6116/6104/6105 6115/6105/6106 6303/6293/6294
f 5119/5132/5134 6369/6359/6360 6739/6515/6516
f 5119/5132/5134 6739/6515/6516 6172/6162/6163
f 5950/5940/5941 6528/6516/6517 5951/5941/5942
f 6508/6494/6495 6529/6517/6518 5550/5542/5543
f 6372/6360/6361 6339/6330/6331 6566/6518/6519
f 6372/6360/6361 6566/6518/6519 6395/6383/6384
f 6402/6391/6392 6296/6285/6286 6405/6394/6395
f 6482/6476/6477 6531/6519/6520 6530/6520/6521
f 6532/6521/6522 6533/6522/6523 6413/6405/6406
f 6383/6372/6373 6479/6473/6474 6385/6376/6377
f 6499/6488/6489 6534/6523/6524 6510/6496/6497
f 6482/6476/6477 6481/6475/6476 6531/6519/6520
f 6427/6267/6268 6510/6496/6497 6474/6524/6525
f 6535/6525/6526 6536/6526/6527 6537/6527/6528
f 6514/6501/6502 6513/6500/6501 6535/6525/6526
f 6529/6517/6518 6508/6494/6495 6538/6528/6529
f 6444/6435/6436 6500/6529/6530 6501/6530/6531
f 6131/6049/6050 6059/6048/6049 6539/6531/6532
f 6131/6049/6050 6539/6531/6532 6410/6397/6398
f 6537/6527/6528 6536/6526/6527 6540/6532/6533
f 6295/6284/6285 6475/6420/6421 6390/6422/6423
f 6541/6533/6534 6542/6534/6535 6533/6522/6523
f 6298/6287/6288 6555/6484/6485 6422/6413/6414
f 6093/6081/6082 5550/5542/5543 6543/6535/6536
f 6093/6081/6082 6543/6535/6536 6544/6536/6537
f 6197/6187/6188 5978/5966/5967 6545/6537/6538
f 6465/6456/6457 6546/6538/6539 6466/6457/6458
f 6322/6315/6316 6469/6461/6462 6495/6539/6540
f 6322/6315/6316 6495/6539/6540 6361/6358/6359
f 6459/6450/6451 6523/6513/6514 6511/6497/6498
f 6510/6496/6497 6549/6540/6541 6474/6524/6525
f 5919/5909/5910 6198/5942/5943 6431/6467/6468
f 6451/6443/6444 6527/6541/6542 6734/6542/6543
f 6451/6443/6444 6550/6543/6544 6483/6477/6478
f 6451/6443/6444 6734/6542/6543 6550/6543/6544
f 6198/5942/5943 6517/6503/6504 6548/6544/6545
f 6400/6390/6391 6399/6388/6389 6492/6498/6499
f 6263/6248/6249 6443/6433/6434 6442/6432/6433
f 6273/6257/6258 6420/6412/6413 6554/6545/6546
f 6169/6156/6157 6448/6438/6439 6363/6351/6352
f 6271/6254/6255 6364/6352/6353 6564/6504/6505
f 6430/6441/6442 6446/6437/6438 6557/6546/6547
f 6416/6408/6409 6558/6547/6548 6555/6484/6485
f 5819/5806/5807 6561/6548/6549 6456/6447/6448
f 6487/6480/6481 6397/6385/6386 6562/6549/6550
f 5900/5885/5886 6351/6377/6378 6819/6550/6551
f 5900/5885/5886 6819/6550/6551 6252/6239/6240
f 6498/6487/6488 6564/6504/6505 6565/6551/6552
f 6339/6330/6331 6118/6110/6111 6566/6518/6519
f 6404/6393/6394 6443/6433/6434 6485/6552/6553
f 6118/6110/6111 6403/6392/6393 6566/6518/6519
f 6488/6514/6515 6567/6553/6554 6499/6488/6489
f 6488/6514/6515 6568/6554/6555 6567/6553/6554
f 6363/6351/6352 6448/6438/6439 6515/6555/6556
f 6296/6285/6286 6570/6556/6557 6405/6394/6395
f 6536/6526/6527 6569/6557/6558 6540/6532/6533
f 6475/6420/6421 6295/6284/6285 6551/6558/6559
f 6198/5942/5943 6548/6544/6545 6431/6467/6468
f 6396/6384/6385 6395/6383/6384 6571/6559/6560
f 6505/6506/6507 6572/6560/6561 6511/6497/6498
f 6535/6525/6526 6556/6561/6562 6536/6526/6527
f 6521/6509/6510 6526/6562/6563 6517/6503/6504
f 6536/6526/6527 6556/6561/6562 6569/6557/6558
f 6538/6528/6529 6573/6563/6564 6574/6564/6565
f 6538/6528/6529 6574/6564/6565 6529/6517/6518
f 6538/6528/6529 6575/6565/6566 6573/6563/6564
f 6444/6435/6436 6502/6566/6567 6500/6529/6530
f 6444/6435/6436 6415/6407/6408 6502/6566/6567
f 6295/6284/6285 5693/5683/5684 6551/6558/6559
f 5693/5683/5684 6316/6375/6376 6547/6567/6568
f 6552/6568/6569 6553/6569/6570 6563/6570/6571
f 6549/6540/6541 6577/6571/6572 6474/6524/6525
f 6497/6486/6487 6496/6485/6486 6578/6572/6573
f 6301/6290/6291 6300/6289/6290 6579/6573/6574
f 6398/6387/6388 6580/6574/6575 6330/6363/6364
f 6581/6575/6576 6582/6576/6577 6583/6577/6578
f 6503/6490/6491 6584/6578/6579 6504/6489/6490
f 6576/6579/6580 6585/6580/6581 6584/6578/6579
f 5550/5542/5543 6529/6517/6518 6543/6535/6536
f 6178/6169/6170 6586/6581/6582 6524/6511/6512
f 5444/5432/5433 6312/6582/6583 6587/6583/6584
f 5444/5432/5433 6587/6583/6584 6588/6584/6585
f 5444/5432/5433 6588/6584/6585 6453/6445/6446
f 6141/6133/6134 6589/6585/6586 6448/6438/6439
f 6304/6296/6297 6590/6586/6587 6559/6587/6588
f 6304/6296/6297 6407/6395/6396 6590/6586/6587
f 6474/6524/6525 6577/6571/6572 6591/6588/6589
f 6474/6524/6525 6592/6589/6590 6593/6590/6591
f 6474/6524/6525 6591/6588/6589 6592/6589/6590
f 5819/5806/5807 6449/6440/6441 6561/6548/6549
f 6343/6354/6355 6560/6591/6592 6594/6592/6593
f 6343/6354/6355 6594/6592/6593 6358/6353/6354
f 6406/6402/6403 6493/6493/6494 6489/6481/6482
f 6542/6534/6535 6595/6593/6594 6533/6522/6523
f 6413/6405/6406 6533/6522/6523 6414/6406/6407
f 6576/6579/6580 6584/6578/6579 6553/6569/6570
f 6470/6462/6463 6598/6594/6595 6059/6048/6049
f 6513/6500/6501 6556/6561/6562 6535/6525/6526
f 6513/6500/6501 6599/6595/6596 6944/6596/6597
f 6513/6500/6501 6944/6596/6597 6556/6561/6562
f 6553/6569/6570 6584/6578/6579 6563/6570/6571
f 6361/6358/6359 6495/6539/6540 6600/6597/6598
f 5765/5749/5750 6752/6598/6599 6449/6440/6441
f 6446/6437/6438 6601/6599/6600 6557/6546/6547
f 6348/6337/6338 6604/6600/6601 6603/6601/6602
f 6598/6594/6595 6607/6602/6603 6059/6048/6049
f 6584/6578/6579 6503/6490/6491 6563/6570/6571
f 6316/6375/6376 6486/6479/6480 6547/6567/6568
f 6479/6473/6474 6197/6187/6188 6610/6603/6604
f 6580/6574/6575 6612/6604/6605 6330/6363/6364
f 6521/6509/6510 6522/6510/6511 6526/6562/6563
f 6475/6420/6421 6613/6605/6606 6445/6436/6437
f 6197/6187/6188 6545/6537/6538 6610/6603/6604
f 6446/6437/6438 6418/6410/6411 6614/6606/6607
f 5867/6098/6099 6110/6097/6098 6615/6607/6608
f 6616/6608/6609 6617/6609/6610 6618/6610/6611
f 5950/5940/5941 6385/6376/6377 6611/6611/6612
f 5950/5940/5941 6611/6611/6612 6528/6516/6517
f 5978/5966/5967 6422/6413/6414 6619/6612/6613
f 5978/5966/5967 6619/6612/6613 6545/6537/6538
f 6479/6473/6474 6611/6611/6612 6385/6376/6377
f 6596/6613/6614 6563/6570/6571 6620/6614/6615
f 6560/6591/6592 6622/6615/6616 6594/6592/6593
f 6389/6379/6380 6623/6616/6617 6417/6409/6410
f 6527/6541/6542 6597/6617/6618 6734/6542/6543
f 6461/6495/6496 6625/6618/6619 6509/6468/6469
f 6354/6343/6344 6497/6486/6487 6409/6399/6400
f 5951/5941/5942 6528/6516/6517 6351/6377/6378
f 6494/6470/6471 6490/6482/6483 6624/6619/6620
f 6388/6256/6257 6511/6497/6498 6626/6620/6621
f 6565/6551/6552 6564/6504/6505 6627/6621/6622
f 6522/6510/6511 6387/6378/6379 6621/6622/6623
f 6387/6378/6379 6628/6623/6624 6621/6622/6623
f 6141/6133/6134 6314/6307/6308 6589/6585/6586
f 5693/5683/5684 6547/6567/6568 6551/6558/6559
f 6397/6385/6386 6478/6472/6473 6562/6549/6550
f 6388/6256/6257 6626/6620/6621 6420/6412/6413
f 6494/6470/6471 6624/6619/6620 6109/6096/6097
f 6608/6624/6625 6629/6625/6626 6780/6626/6627
f 6630/6627/6628 6631/6628/6629 6632/6629/6630
f 6630/6627/6628 6632/6629/6630 6633/6630/6631
f 6502/6566/6567 6415/6407/6408 6602/6631/6632
f 6357/6348/6349 6301/6290/6291 6636/6632/6633
f 6497/6486/6487 6639/6633/6634 6409/6399/6400
f 6564/6504/6505 6637/6634/6635 6627/6621/6622
f 6586/6581/6582 6178/6169/6170 6484/6478/6479
f 6517/6503/6504 6526/6562/6563 6640/6635/6636
f 6517/6503/6504 6640/6635/6636 6548/6544/6545
f 6522/6510/6511 6621/6622/6623 6526/6562/6563
f 6462/6452/6453 6641/6636/6637 6644/6637/6638
f 6555/6484/6485 6558/6547/6548 6645/6638/6639
f 6555/6484/6485 6645/6638/6639 6422/6413/6414
f 6263/6248/6249 6646/6639/6640 6443/6433/6434
f 6563/6570/6571 6503/6490/6491 6620/6614/6615
f 6641/6636/6637 6462/6452/6453 6648/6640/6641
f 6641/6636/6637 6648/6640/6641 6642/6641/6642
f 6641/6636/6637 6642/6641/6642 6644/6637/6638
f 6454/6460/6461 6252/6239/6240 6478/6472/6473
f 6511/6497/6498 6572/6560/6561 6626/6620/6621
f 6533/6522/6523 6595/6593/6594 6414/6406/6407
f 6565/6551/6552 6627/6621/6622 6605/6642/6643
f 6282/6269/6270 6648/6640/6641 6462/6452/6453
f 6472/6465/6466 6318/6311/6312 6649/6643/6644
f 6558/6547/6548 6650/6644/6645 6645/6638/6639
f 6317/6310/6311 6462/6452/6453 6644/6637/6638
f 6317/6310/6311 6644/6637/6638 6651/6645/6646
f 6601/6599/6600 6652/6646/6647 6557/6546/6547
f 6529/6517/6518 6574/6564/6565 6653/6647/6648
f 6529/6517/6518 6653/6647/6648 6543/6535/6536
f 6418/6410/6411 6655/6648/6649 6614/6606/6607
f 6430/6441/6442 6557/6546/6547 6656/6649/6650
f 5896/5881/5882 6657/6650/6651 6080/6066/6067
f 6430/6441/6442 6656/6649/6650 6473/6466/6467
f 6643/6651/6652 6559/6587/6588 6590/6586/6587
f 6560/6591/6592 6658/6652/6653 6622/6615/6616
f 6263/6248/6249 6302/6291/6292 6646/6639/6640
f 6317/6310/6311 6651/6645/6646 6318/6311/6312
f 6399/6388/6389 6525/6512/6513 6492/6498/6499
f 6594/6592/6593 6659/6653/6654 6358/6353/6354
f 6110/6097/6098 6109/6096/6097 6660/6654/6655
f 6661/6655/6656 6662/6656/6657 6663/6657/6658
f 6115/6105/6106 6647/6658/6659 6303/6293/6294
f 6318/6311/6312 6651/6645/6646 6704/6659/6660
f 6620/6614/6615 6503/6490/6491 6539/6531/6532
f 6620/6614/6615 6539/6531/6532 6664/6660/6661
f 6305/6298/6299 6409/6399/6400 6606/6661/6662
f 6403/6392/6393 6348/6337/6338 6603/6601/6602
f 6610/6603/6604 6665/6662/6663 6479/6473/6474
f 6303/6293/6294 6647/6658/6659 6668/6663/6664
f 6479/6473/6474 6665/6662/6663 6611/6611/6612
f 6634/6664/6665 6635/6665/6666 6666/6666/6667
f 6475/6420/6421 6551/6558/6559 6667/6667/6668
f 6475/6420/6421 6667/6667/6668 6613/6605/6606
f 6476/6469/6470 6303/6293/6294 6668/6663/6664
f 6488/6514/6515 6669/6668/6669 6568/6554/6555
f 6597/6617/6618 6608/6624/6625 6670/6669/6670
f 6358/6353/6354 6659/6653/6654 6156/6241/6242
f 6608/6624/6625 6780/6626/6627 6670/6669/6670
f 6671/6670/6671 6672/6671/6672 6625/6618/6619
f 6564/6504/6505 6673/6672/6673 6637/6634/6635
f 6446/6437/6438 6614/6606/6607 6675/6673/6674
f 6551/6558/6559 6676/6674/6675 6667/6667/6668
f 6605/6642/6643 6627/6621/6622 6638/6675/6676
f 6557/6546/6547 6677/6676/6677 6656/6649/6650
f 6446/6437/6438 6675/6673/6674 6601/6599/6600
f 6443/6433/6434 6646/6639/6640 6485/6552/6553
f 6503/6490/6491 6410/6397/6398 6539/6531/6532
f 6607/6602/6603 6678/6677/6678 6059/6048/6049
f 6509/6468/6469 6625/6618/6619 6469/6461/6462
f 6644/6637/6638 6679/6678/6679 6651/6645/6646
f 6422/6413/6414 6645/6638/6639 6619/6612/6613
f 6680/6679/6680 6681/6680/6681 6635/6665/6666
f 6682/6681/6682 6686/6682/6683 6683/6683/6684
f 6682/6681/6682 6683/6683/6684 6684/6684/6685
f 6478/6472/6473 6685/6685/6686 6562/6549/6550
f 6478/6472/6473 6252/6239/6240 6685/6685/6686
f 6405/6394/6395 6570/6556/6557 6700/6686/6687
f 6405/6394/6395 6700/6686/6687 6477/6471/6472
f 6594/6592/6593 6622/6615/6616 6659/6653/6654
f 6330/6363/6364 6612/6604/6605 6687/6687/6688
f 6330/6363/6364 6687/6687/6688 6364/6352/6353
f 6684/6684/6685 6683/6683/6684 6688/6688/6689
f 6631/6628/6629 6689/6689/6690 6632/6629/6630
f 6690/6690/6691 6691/6691/6692 6680/6679/6680
f 6476/6469/6470 6668/6663/6664 6609/6692/6693
f 6310/6304/6305 6476/6469/6470 6692/6693/6694
f 6310/6304/6305 6692/6693/6694 6843/6439/6440
f 6546/6538/6539 6693/6694/6695 6466/6457/6458
f 6492/6498/6499 6525/6512/6513 6654/6695/6696
f 6618/6610/6611 6617/6609/6610 6686/6682/6683
f 6595/6593/6594 6694/6696/6697 6414/6406/6407
f 6115/6105/6106 6417/6409/6410 6695/6697/6698
f 6115/6105/6106 6695/6697/6698 6647/6658/6659
f 6156/6241/6242 6771/6698/6699 6407/6395/6396
f 6591/6588/6589 6696/6699/6700 6697/6700/6701
f 6591/6588/6589 6697/6700/6701 6592/6589/6590
f 6678/6677/6678 6698/6701/6702 6059/6048/6049
f 6296/6285/6286 6473/6466/6467 6700/6686/6687
f 6296/6285/6286 6700/6686/6687 6570/6556/6557
f 6610/6603/6604 6545/6537/6538 6699/6702/6703
f 6609/6692/6693 6668/6663/6664 6701/6703/6704
f 6705/6704/6705 6706/6705/6706 6707/6706/6707
f 6022/6012/6013 6520/6508/6509 6710/6707/6708
f 6431/6467/6468 6548/6544/6545 6711/6708/6709
f 6561/6548/6549 6449/6440/6441 6712/6709/6710
f 6561/6548/6549 6712/6709/6710 6713/6710/6711
f 6022/6012/6013 6714/6711/6712 6709/6712/6713
f 5765/5749/5750 6715/6713/6714 6752/6598/6599
f 6569/6557/6715 6716/6714/6716 6674/6715/6717
f 6445/6436/6437 6613/6605/6606 6740/6716/6718
f 6609/6692/6693 6692/6693/6694 6476/6469/6470
f 6609/6692/6693 6701/6703/6704 6692/6693/6694
f 6644/6637/6638 6642/6641/6642 6679/6678/6679
f 6603/6601/6602 6395/6383/6384 6566/6518/6519
f 6610/6603/6604 6699/6702/6703 6665/6662/6663
f 6623/6616/6617 6717/6717/6719 6417/6409/6410
f 6022/6012/6013 6710/6707/6708 6714/6711/6712
f 6663/6657/6658 6662/6656/6657 6617/6609/6610
f 6377/6361/6362 6718/6718/6720 6368/6362/6363
f 6449/6440/6441 6752/6598/6599 6719/6719/6721
f 6603/6601/6602 6566/6518/6519 6403/6392/6393
f 6720/6720/6722 6721/6721/6723 6722/6722/6724
f 6672/6671/6672 6795/6723/6725 6625/6618/6619
f 6680/6679/6680 6691/6691/6692 6681/6680/6681
f 6564/6504/6505 6364/6352/6353 6673/6672/6673
f 6725/6724/6726 6726/6725/6727 6727/6726/6728
f 6545/6537/6538 6728/6727/6729 6699/6702/6703
f 6573/6563/6564 6729/6728/6730 6574/6564/6565
f 6730/6729/6731 6731/6730/6732 6732/6731/6733
f 6721/6721/6723 6733/6732/6734 6722/6722/6724
f 6420/6412/6413 6626/6620/6621 6703/6733/6735
f 6727/6726/6728 6726/6725/6727 6655/6648/6649
f 6515/6555/6556 6448/6438/6439 6735/6734/6736
f 6635/6665/6666 6681/6680/6681 6737/6735/6737
f 6635/6665/6666 6737/6735/6737 6666/6666/6667
f 6318/6311/6312 6704/6659/6660 6649/6643/6644
f 6022/6012/6013 6702/6736/6738 5851/5829/5830
f 6022/6012/6013 6709/6712/6713 6702/6736/6738
f 6622/6615/6616 6658/6652/6653 6738/6737/6739
f 6649/6643/6644 6704/6659/6660 6741/6738/6740
f 6731/6730/6732 6742/6739/6741 6732/6731/6733
f 6743/6740/6742 6744/6741/6743 6745/6742/6744
f 6604/6600/6601 6746/6743/6745 6603/6601/6602
f 6449/6440/6441 6719/6719/6721 6712/6709/6710
f 6702/6736/6738 6748/6744/6746 5851/5829/5830
f 6613/6605/6606 6667/6667/6668 6749/6745/6747
f 6613/6605/6606 6749/6745/6747 6740/6716/6718
f 6606/6661/6662 6409/6399/6400 6750/6746/6748
f 6751/6747/6749 6633/6630/6631 6632/6629/6630
f 6715/6713/6714 6753/6748/6750 6752/6598/6599
f 6395/6383/6384 6603/6601/6602 6747/6749/6751
f 6414/6406/6407 6754/6750/6752 6415/6407/6408
f 6414/6406/6407 6755/6751/6753 6754/6750/6752
f 6506/6491/6492 5851/5829/5830 6748/6744/6746
f 6757/6752/6754 6758/6753/6755 6572/6560/6561
f 6603/6601/6602 6746/6743/6745 6747/6749/6751
f 6686/6682/6683 6617/6609/6610 6760/6754/6756
f 6625/6618/6619 6795/6723/6725 6761/6755/6757
f 6625/6618/6619 6761/6755/6757 6469/6461/6462
f 6647/6658/6659 6736/6756/6758 6668/6663/6664
f 6409/6399/6400 6639/6633/6634 6762/6757/6759
f 6409/6399/6400 6762/6757/6759 6759/6758/6760
f 6685/6685/6686 6252/6239/6240 6763/6759/6761
f 6666/6666/6667 6737/6735/6737 6764/6760/6762
f 6302/6291/6292 6766/6761/6763 6646/6639/6640
f 6548/6544/6545 6640/6635/6636 6711/6708/6709
f 6551/6558/6559 6767/6762/6764 6676/6674/6675
f 6722/6722/6724 6756/6763/6765 6774/6764/6766
f 6752/6598/6599 6768/6765/6767 6719/6719/6721
f 6617/6609/6610 6662/6656/6657 6770/6766/6768
f 6589/6585/6586 6876/6767/6769 6448/6438/6439
f 6662/6656/6657 6772/6768/6770 6773/6769/6771
f 6662/6656/6657 6773/6769/6771 6770/6766/6768
f 6774/6764/6766 6775/6770/6772 6776/6771/6773
f 6774/6764/6766 6776/6771/6773 6777/6772/6774
f 6516/6502/6503 6723/6773/6775 6778/6774/6776
f 6516/6502/6503 6778/6774/6776 6518/6505/6506
f 6774/6764/6766 6756/6763/6765 6775/6770/6772
f 6779/6775/6777 6562/6549/6550 6685/6685/6686
f 6629/6625/6626 6781/6776/6778 6780/6626/6627
f 6172/6162/6163 6782/6777/6779 4877/4868/4869
f 6486/6479/6480 6783/6778/6780 6547/6567/6568
f 6784/6779/6781 6762/6757/6759 6639/6633/6634
f 6601/6599/6600 6675/6673/6674 6785/6780/6782
f 6156/6241/6242 6786/6781/6783 6771/6698/6699
f 6646/6639/6640 6766/6761/6763 6787/6782/6784
f 6665/6662/6663 6788/6783/6785 6611/6611/6612
f 6628/6623/6624 6789/6784/6786 6621/6622/6623
f 6351/6377/6378 6528/6516/6517 6819/6550/6551
f 6686/6682/6683 6760/6754/6756 6683/6683/6684
f 6622/6615/6616 6738/6737/6739 6659/6653/6654
f 6617/6609/6610 6770/6766/6768 6760/6754/6756
f 6668/6663/6664 6736/6756/6758 6701/6703/6704
f 6659/6653/6654 6786/6781/6783 6156/6241/6242
f 6651/6645/6646 6790/6785/6787 6704/6659/6660
f 6744/6741/6743 6791/6786/6788 6745/6742/6744
f 6677/6676/6677 6792/6787/6789 6656/6649/6650
f 6793/6788/6790 6794/6789/6791 6795/6723/6725
f 6793/6788/6790 6795/6723/6725 6672/6671/6672
f 6667/6667/6668 6676/6674/6675 6749/6745/6747
f 6525/6512/6513 6843/6439/6440 6724/6790/6792
f 6572/6560/6561 6758/6753/6755 6626/6620/6621
f 6556/6561/6562 6944/6596/6597 6796/6791/6793
f 6582/6576/6577 6708/6792/6794 6583/6577/6578
f 6473/6466/6467 6656/6649/6650 6700/6686/6687
f 6647/6658/6659 6695/6697/6698 6736/6756/6758
f 6614/6606/6607 6655/6648/6649 6797/6793/6795
f 6655/6648/6649 6726/6725/6727 6797/6793/6795
f 6445/6436/6437 6740/6716/6718 6302/6291/6292
f 6545/6537/6538 6619/6612/6613 6728/6727/6729
f 6551/6558/6559 6547/6567/6568 6767/6762/6764
f 6619/6612/6613 6645/6638/6639 6728/6727/6729
f 6469/6461/6462 6761/6755/6757 6495/6539/6540
f 6651/6645/6646 6679/6678/6679 6790/6785/6787
f 6728/6727/6729 6788/6783/6785 6699/6702/6703
f 6735/6734/6736 6448/6438/6439 6799/6794/6796
f 6693/6694/6695 6800/6795/6797 6466/6457/6458
f 6471/6464/6465 5004/4998/4999 5785/5773/5774
f 6471/6464/6465 5785/5773/5774 6801/6796/6798
f 6723/6773/6775 6803/6797/6799 6778/6774/6776
f 6550/6543/6544 6734/6542/6543 6804/6798/6800
f 6712/6709/6710 6806/6799/6801 6713/6710/6711
f 6314/6307/6308 6518/6505/6506 6589/6585/6586
f 6722/6722/6724 6733/6732/6734 6808/6800/6802
f 6699/6702/6703 6788/6783/6785 6665/6662/6663
f 6589/6585/6586 6810/6801/6803 6876/6767/6769
f 6726/6725/6727 6798/6802/6804 6797/6793/6795
f 6722/6722/6724 6808/6800/6802 6756/6763/6765
f 6059/6048/6049 6809/6803/6805 6539/6531/6532
f 6702/6736/6738 6709/6712/6713 6748/6744/6746
f 6700/6686/6687 6656/6649/6650 6802/6804/6806
f 6589/6585/6586 6518/6505/6506 6810/6801/6803
f 6547/6567/6568 6783/6778/6780 6767/6762/6764
f 6694/6696/6697 6811/6805/6807 6414/6406/6407
f 6812/6806/6808 6813/6807/6809 6814/6808/6810
f 4877/4868/4869 6815/6809/6811 5785/5773/5774
f 6694/6696/6697 6816/6810/6812 6811/6805/6807
f 6642/6641/6642 6648/6640/6641 6679/6678/6679
f 6600/6597/6598 6495/6539/6540 6807/6811/6813
f 6059/6048/6049 6698/6701/6702 6805/6812/6814
f 6059/6048/6049 6805/6812/6814 6809/6803/6805
f 6645/6638/6639 6817/6813/6815 6818/6814/6816
f 6749/6745/6747 6676/6674/6675 6767/6762/6764
f 6749/6745/6747 6767/6762/6764 6740/6716/6718
f 6748/6744/6746 6821/6815/6817 6822/6816/6818
f 6748/6744/6746 6822/6816/6818 6506/6491/6492
f 6701/6703/6704 6736/6756/6758 6692/6693/6694
f 6728/6727/6729 6645/6638/6639 6788/6783/6785
f 6773/6769/6771 6824/6817/6819 6770/6766/6768
f 6740/6716/6718 6766/6761/6763 6302/6291/6292
f 6742/6739/6741 6823/6818/6820 6732/6731/6733
f 6407/6395/6396 6771/6698/6699 6825/6819/6821
f 6656/6649/6650 6792/6787/6789 6802/6804/6806
f 6797/6793/6795 6675/6673/6674 6614/6606/6607
f 6414/6406/6407 6811/6805/6807 6755/6751/6753
f 6708/6792/6794 6826/6820/6822 6583/6577/6578
f 6703/6733/6735 6626/6620/6621 6765/6821/6823
f 6827/6822/6824 6828/6823/6825 6829/6824/6826
f 6832/6825/6827 6632/6629/6630 6833/6826/6828
f 6834/6827/6829 6835/6828/6830 6836/6829/6831
f 6834/6827/6829 6836/6829/6831 6837/6830/6832
f 6409/6399/6400 6759/6758/6760 6750/6746/6748
f 6364/6352/6353 6687/6687/6688 6838/6831/6833
f 6611/6611/6612 6819/6550/6551 6528/6516/6517
f 6407/6395/6396 6769/6832/6834 6590/6586/6587
f 6700/6686/6687 6802/6804/6806 6942/6833/6835
f 6448/6438/6439 6876/6767/6769 6840/6834/6836
f 4877/4868/4869 6782/6777/6779 6815/6809/6811
f 6794/6789/6791 6841/6835/6837 6795/6723/6725
f 6691/6691/6692 6830/6836/6838 6681/6680/6681
f 6252/6239/6240 6877/6837/6839 6763/6759/6761
f 6738/6737/6739 6842/6838/6840 6659/6653/6654
f 6775/6770/6772 6844/6839/6841 6776/6771/6773
f 6797/6793/6795 6798/6802/6804 6846/6840/6842
f 6685/6685/6686 6763/6759/6761 6847/6841/6843
f 6709/6712/6713 6714/6711/6712 6748/6744/6746
f 6448/6438/6439 6840/6834/6836 6799/6794/6796
f 6848/6842/6844 6850/6843/6845 6851/6844/6846
f 6848/6842/6844 6849/6845/6847 6850/6843/6845
f 6852/6846/6848 6853/6847/6849 6854/6848/6850
f 6790/6785/6787 6679/6678/6679 6856/6849/6851
f 6850/6843/6845 6857/6850/6852 6858/6851/6853
f 6797/6793/6795 6846/6840/6842 6675/6673/6674
f 6850/6843/6845 6858/6851/6853 6851/6844/6846
f 6808/6800/6802 6859/6852/6854 6855/6853/6855
f 6824/6817/6819 6860/6854/6856 6770/6766/6768
f 6417/6409/6410 6861/6855/6857 6862/6856/6858
f 6417/6409/6410 6862/6856/6858 6880/6857/6859
f 6417/6409/6410 6880/6857/6859 6695/6697/6698
f 6849/6845/6847 6863/6858/6860 6850/6843/6845
f 6689/6689/6690 6865/6859/6861 6632/6629/6630
f 6689/6689/6690 6864/6860/6862 6865/6859/6861
f 6866/6861/6863 6867/6862/6864 6868/6863/6865
f 6813/6807/6809 6871/6864/6866 6814/6808/6810
f 6808/6800/6802 6733/6732/6734 6859/6852/6854
f 6791/6786/6788 6874/6865/6867 6875/6866/6868
f 6810/6801/6803 6518/6505/6506 6876/6767/6769
f 6364/6352/6353 6873/6867/6869 6673/6672/6673
f 6791/6786/6788 6875/6866/6868 6745/6742/6744
f 6252/6239/6240 6819/6550/6551 6877/6837/6839
f 6869/6868/6870 6850/6843/6845 6879/6869/6871
f 6695/6697/6698 6880/6857/6859 6736/6756/6758
f 6829/6824/6826 6919/6870/6872 6881/6871/6873
f 6611/6611/6612 6788/6783/6785 6819/6550/6551
f 6679/6678/6679 6648/6640/6641 6845/6872/6874
f 6518/6505/6506 6882/6873/6875 6876/6767/6769
f 6733/6732/6734 6883/6874/6876 6859/6852/6854
f 6679/6678/6679 6845/6872/6874 6856/6849/6851
f 6083/6069/6070 6468/6459/6460 6884/6875/6877
f 6736/6756/6758 6880/6857/6859 6692/6693/6694
f 6850/6843/6845 6863/6858/6860 6879/6869/6871
f 6821/6815/6817 6748/6744/6746 6890/6876/6878
f 6891/6877/6879 6887/6878/6880 7127/6879/6881
f 6890/6876/6878 6748/6744/6746 6714/6711/6712
f 6890/6876/6878 6714/6711/6712 6892/6880/6882
f 6863/6858/6860 6895/6881/6883 6879/6869/6871
f 6755/6751/6753 6811/6805/6807 6930/6882/6884
f 6710/6707/6708 6898/6883/6885 6823/6818/6820
f 6899/6884/6886 6892/6880/6882 6742/6739/6741
f 6901/6885/6887 6902/6886/6888 6903/6887/6889
f 6750/6746/6748 6759/6758/6760 6904/6888/6890
f 6889/6889/6891 6905/6890/6892 6888/6891/6893
f 6766/6761/6763 6740/6716/6718 6872/6892/6894
f 6742/6739/6741 6714/6711/6712 6823/6818/6820
f 6892/6880/6882 6714/6711/6712 6742/6739/6741
f 6257/6243/6244 6906/6893/6895 6468/6459/6460
f 6467/6458/6459 6466/6457/6458 6907/6894/6896
f 6888/6891/6893 6905/6890/6892 6908/6895/6897
f 6632/6629/6630 6909/6896/6898 6833/6826/6828
f 6632/6629/6630 6865/6859/6861 6909/6896/6898
f 6645/6638/6639 6818/6814/6816 6788/6783/6785
f 6364/6352/6353 6911/6897/6899 6873/6867/6869
f 6407/6395/6396 6825/6819/6821 6912/6898/6900
f 6407/6395/6396 6912/6898/6900 6769/6832/6834
f 6823/6818/6820 6714/6711/6712 6710/6707/6708
f 6760/6754/6756 6770/6766/6768 6526/6562/6563
f 6830/6836/6838 6913/6899/6901 6681/6680/6681
f 6835/6828/6830 6914/6900/6902 6915/6901/6903
f 6835/6828/6830 6915/6901/6903 6836/6829/6831
f 6765/6821/6823 6626/6620/6621 6918/6902/6904
f 6878/6903/6905 6792/6787/6789 6677/6676/6677
f 6692/6693/6694 6880/6857/6859 6843/6439/6440
f 6828/6823/6825 6919/6870/6872 6829/6824/6826
f 6764/6760/6762 6737/6735/6737 6886/6904/6906
f 6364/6352/6353 6838/6831/6833 6911/6897/6899
f 6864/6860/6862 6920/6905/6907 6865/6859/6861
f 6783/6778/6780 6896/6906/6908 6767/6762/6764
f 6875/6866/6868 6916/6907/6909 6745/6742/6744
f 6889/6889/6891 6921/6908/6910 6905/6890/6892
f 6785/6780/6782 6675/6673/6674 6924/6909/6911
f 6762/6757/6759 6925/6910/6912 6926/6911/6913
f 6762/6757/6759 6926/6911/6913 6759/6758/6760
f 6838/6831/6833 6928/6912/6914 6929/6913/6915
f 6670/6669/6670 6780/6626/6627 6910/6914/6916
f 6866/6861/6863 6894/6915/6917 6927/6916/6918
f 6826/6820/6822 6708/6792/6794 6897/6917/6919
f 6664/6660/6661 6539/6531/6532 6917/6918/6920
f 6683/6683/6684 6760/6754/6756 6931/6919/6921
f 6780/6626/6627 6934/6920/6922 6910/6914/6916
f 6935/6921/6923 6936/6922/6924 6937/6923/6925
f 6675/6673/6674 6846/6840/6842 6938/6924/6926
f 6675/6673/6674 6938/6924/6926 6924/6909/6911
f 6640/6635/6636 6939/6925/6927 6711/6708/6709
f 6518/6505/6506 6778/6774/6776 6882/6873/6875
f 6838/6831/6833 6929/6913/6915 6911/6897/6899
f 6621/6622/6623 6931/6919/6921 6526/6562/6563
f 6468/6459/6460 6906/6893/6895 6884/6875/6877
f 6866/6861/6863 6927/6916/6918 6867/6862/6864
f 6775/6770/6772 6756/6763/6765 6940/6926/6928
f 6836/6829/6831 6915/6901/6903 6941/6927/6929
f 6852/6846/6848 6854/6848/6850 6943/6928/6930
f 6831/6929/6931 6885/6930/6932 6944/6596/6597
f 6831/6929/6931 6944/6596/6597 6599/6595/6596
f 6945/6931/6933 6881/6871/6873 6946/6932/6934
f 6761/6755/6757 6948/6933/6935 6495/6539/6540
f 6789/6784/6786 6949/6934/6936 6931/6919/6921
f 6789/6784/6786 6931/6919/6921 6621/6622/6623
f 6795/6723/6725 6951/6935/6937 6761/6755/6757
f 6707/6706/6707 6706/6705/6706 6952/6936/6938
f 6904/6888/6890 6759/6758/6760 6953/6937/6939
f 6954/6938/6940 6955/6939/6941 6956/6940/6942
f 6825/6819/6821 6957/6941/6943 6912/6898/6900
f 5785/5773/5774 6815/6809/6811 6771/6698/6699
f 6905/6890/6892 6959/6942/6944 6908/6895/6897
f 6905/6890/6892 6958/6943/6945 6959/6942/6944
f 6900/6944/6946 6960/6945/6947 6889/6889/6891
f 6851/6844/6846 6858/6851/6853 6857/6850/6852
f 6659/6653/6654 6962/6946/6948 6786/6781/6783
f 6870/6947/6949 6843/6439/6440 6963/6948/6950
f 6770/6766/6768 6980/6949/6951 6526/6562/6563
f 6711/6708/6709 6939/6925/6927 6950/6950/6952
f 6900/6944/6946 6966/6951/6953 6960/6945/6947
f 6903/6887/6889 6902/6886/6888 6967/6952/6954
f 6956/6940/6942 6799/6794/6796 6968/6953/6955
f 6956/6940/6942 6955/6939/6941 6799/6794/6796
f 6905/6890/6892 6921/6908/6910 6988/6954/6956
f 6815/6809/6811 6825/6819/6821 6771/6698/6699
f 6969/6955/6957 6970/6956/6958 6971/6957/6959
f 6969/6955/6957 6851/6844/6846 6857/6850/6852
f 6969/6955/6957 6857/6850/6852 6836/6829/6831
f 6969/6955/6957 6971/6957/6959 6851/6844/6846
f 6969/6955/6957 6836/6829/6831 6972/6958/6960
f 6884/6875/6877 6906/6893/6895 6974/6959/6961
f 6889/6889/6891 6960/6945/6947 6921/6908/6910
f 6967/6952/6954 6902/6886/6888 7003/6960/6962
f 6967/6952/6954 7003/6960/6962 6975/6961/6963
f 6960/6945/6947 6973/6962/6964 6921/6908/6910
f 6842/6838/6840 6976/6963/6965 6659/6653/6654
f 6923/6964/6966 6922/6965/6967 6977/6966/6968
f 6799/6794/6796 6840/6834/6836 6968/6953/6955
f 6799/6794/6796 6955/6939/6941 6978/6967/6969
f 6799/6794/6796 6978/6967/6969 6947/6968/6970
f 6771/6698/6699 6786/6781/6783 5785/5773/5774
f 6905/6890/6892 6804/6798/6800 6958/6943/6945
f 6905/6890/6892 6988/6954/6956 6804/6798/6800
f 6807/6811/6813 6495/6539/6540 6948/6933/6935
f 6807/6811/6813 6948/6933/6935 6933/6969/6971
f 6851/6844/6846 6971/6957/6959 6961/6970/6972
f 6640/6635/6636 6979/6971/6973 6939/6925/6927
f 6640/6635/6636 6980/6949/6951 6979/6971/6973
f 6911/6897/6899 6981/6972/6974 6982/6973/6975
f 6911/6897/6899 6982/6973/6975 6983/6974/6976
f 6763/6759/6761 6877/6837/6839 6984/6975/6977
f 6760/6754/6756 6526/6562/6563 6931/6919/6921
f 6786/6781/6783 6962/6946/6948 5785/5773/5774
f 6854/6848/6850 6985/6976/6978 6919/6870/6872
f 6911/6897/6899 6983/6974/6976 6873/6867/6869
f 6871/6864/6866 6820/6977/6979 6814/6808/6810
f 6804/6798/6800 6734/6542/6543 6958/6943/6945
f 6854/6848/6850 6919/6870/6872 6943/6928/6930
f 6804/6798/6800 6988/6954/6956 6893/6978/6980
f 6526/6562/6563 6980/6949/6951 6640/6635/6636
f 6840/6834/6836 6876/6767/6769 6987/6979/6981
f 6990/6980/6982 6991/6981/6983 6992/6982/6984
f 6989/6983/6985 6974/6959/6961 6906/6893/6895
f 6907/6894/6896 6466/6457/6458 6991/6981/6983
f 6759/6758/6760 6994/6984/6986 6953/6937/6939
f 6964/6985/6987 6965/6986/6988 7043/6987/6989
f 6976/6963/6965 6995/6988/6990 6962/6946/6948
f 6977/6966/6968 6922/6965/6967 6996/6989/6991
f 6976/6963/6965 6962/6946/6948 6659/6653/6654
f 6997/6990/6992 6998/6991/6993 6910/6914/6916
f 6992/6982/6984 6991/6981/6983 7000/6992/6994
f 6878/6903/6905 7001/6993/6995 6792/6787/6789
f 6902/6886/6888 7002/6994/6996 7003/6960/6962
f 6922/6965/6967 6932/6995/6997 7004/6996/6998
f 7001/6993/6995 6802/6804/6806 6792/6787/6789
f 6902/6886/6888 7005/6997/6999 7002/6994/6996
f 6876/6767/6769 6927/6916/6918 6987/6979/6981
f 6809/6803/6805 7006/6998/7000 6539/6531/6532
f 6477/6471/6472 6700/6686/6687 6942/6833/6835
f 6477/6471/6472 6942/6833/6835 6814/6808/6810
f 6930/6882/6884 6811/6805/6807 6708/6792/6794
f 6996/6989/6991 6922/6965/6967 7004/6996/6998
f 6987/6979/6981 6968/6953/6955 6840/6834/6836
f 6987/6979/6981 7007/6999/7001 6968/6953/6955
f 6987/6979/6981 7008/7000/7002 7007/6999/7001
f 6477/6471/6472 6814/6808/6810 6820/6977/6979
f 6996/6989/6991 7004/6996/6998 6936/6922/6924
f 6924/6909/6911 6938/6924/6926 7009/7001/7003
f 6811/6805/6807 6816/6810/6812 6708/6792/6794
f 6936/6922/6924 7004/6996/6998 6937/6923/6925
f 7000/6992/6994 6991/6981/6983 6865/6859/6861
f 7000/6992/6994 6865/6859/6861 6920/6905/6907
f 6759/6758/6760 6926/6911/6913 6994/6984/6986
f 7012/7002/7004 7013/7003/7005 7108/7004/7006
f 7014/7005/7007 7015/7006/7008 6839/7007/7009
f 6938/6924/6926 6846/6840/6842 7016/7008/7010
f 7017/7009/7011 6994/6984/6986 6926/6911/6913
f 7018/7010/7012 7019/7011/7013 6985/6976/6978
f 6953/6937/6939 6994/6984/6986 7020/7012/7014
f 6995/6988/6990 6745/6742/6744 7021/7013/7015
f 6995/6988/6990 7021/7013/7015 6962/6946/6948
f 6909/6896/6898 6865/6859/6861 7022/7014/7016
f 6985/6976/6978 7019/7011/7013 6919/6870/6872
f 6940/6926/6928 7023/7015/7017 7024/7016/7018
f 6940/6926/6928 7024/7016/7018 6775/6770/6772
f 6708/6792/6794 7025/7017/7019 6930/6882/6884
f 6860/6854/6856 7026/7018/7020 6770/6766/6768
f 6626/6620/6621 6681/6680/6681 6918/6902/6904
f 6983/6974/6976 6982/6973/6975 7027/7019/7021
f 6836/6829/6831 6941/6927/6929 6972/6958/6960
f 6916/6907/6909 7028/7020/7022 6745/6742/6744
f 6917/6918/6920 6539/6531/6532 6993/7021/7023
f 6734/6542/6543 6910/6914/6916 7029/7022/7024
f 6734/6542/6543 7029/7022/7024 6958/6943/6945
f 6937/6923/6925 7004/6996/6998 7030/7023/7025
f 6882/6873/6875 6867/6862/6864 6927/6916/6918
f 6915/6901/6903 7031/7024/7026 6941/6927/6929
f 6998/6991/6993 7029/7022/7024 6910/6914/6916
f 6897/6917/6919 6708/6792/6794 6816/6810/6812
f 6913/6899/6901 6918/6902/6904 6681/6680/6681
f 7002/6994/6996 7032/7025/7027 7003/6960/6962
f 6825/6819/6821 6815/6809/6811 7033/7026/7028
f 6825/6819/6821 7033/7026/7028 6957/6941/6943
f 6988/6954/6956 6921/6908/6910 7034/7027/7029
f 6745/6742/6744 7028/7020/7022 7021/7013/7015
f 6932/6995/6997 7035/7028/7030 7004/6996/6998
f 6539/6531/6532 7006/6998/7000 7051/7029/7031
f 6758/6753/6755 7036/7030/7032 6626/6620/6621
f 6761/6755/6757 6951/6935/6937 6948/6933/6935
f 7035/7028/7030 7037/7031/7033 7004/6996/6998
f 6972/6958/6960 6941/6927/6929 7038/7032/7034
f 6973/6962/6964 7039/7033/7035 6921/6908/6910
f 6885/6930/6932 7042/7034/7036 6944/6596/6597
f 6946/6932/6934 6881/6871/6873 7037/7031/7033
f 7043/6987/6989 7045/7035/7037 7044/7036/7038
f 6626/6620/6621 7036/7030/7032 6681/6680/6681
f 6962/6946/6948 6801/6796/6798 5785/5773/5774
f 6876/6767/6769 6882/6873/6875 6927/6916/6918
f 7047/7037/7039 7048/7038/7040 7049/7039/7041
f 7047/7037/7039 7049/7039/7041 7050/7040/7042
f 6539/6531/6532 7051/7029/7031 6993/7021/7023
f 6775/6770/6772 7053/7041/7043 7040/7042/7044
f 7043/6987/6989 6965/6986/6988 7045/7035/7037
f 7037/7031/7033 6881/6871/6873 7004/6996/6998
f 7042/7034/7036 7041/7043/7045 6944/6596/6597
f 7046/7044/7046 7054/7045/7047 6965/6986/6988
f 6775/6770/6772 7024/7016/7018 7053/7041/7043
f 6802/6804/6806 7057/7046/7048 6942/6833/6835
f 6958/6943/6945 7029/7022/7024 7055/7047/7049
f 6993/7021/7023 7051/7029/7031 7052/7048/7050
f 7003/6960/6962 7032/7025/7027 7058/7049/7051
f 7054/7045/7047 6952/6936/6938 6965/6986/6988
f 6881/6871/6873 6919/6870/6872 7004/6996/6998
f 7030/7023/7025 7004/6996/6998 7059/7050/7052
f 7039/7033/7035 7060/7051/7053 6921/6908/6910
f 6681/6680/6681 7036/7030/7032 6737/6735/6737
f 6865/6859/6861 6991/6981/6983 7061/7052/7054
f 6941/6927/6929 7062/7053/7055 7063/7054/7056
f 6941/6927/6929 7063/7054/7056 7038/7032/7034
f 6862/6856/6858 7064/7055/7057 6880/6857/6859
f 6843/6439/6440 6880/6857/6859 6963/6948/6950
f 6767/6762/6764 6896/6906/6908 7067/7056/7058
f 7052/7048/7050 7051/7029/7031 7068/7057/7059
f 6933/6969/6971 6948/6933/6935 7069/7058/7060
f 7019/7011/7013 7070/7059/7061 6919/6870/6872
f 6767/6762/6764 7067/7056/7058 6740/6716/6718
f 6870/6947/6949 6963/6948/6950 6986/7060/7062
f 7022/7014/7016 6865/6859/6861 7061/7052/7054
f 7022/7014/7016 7061/7052/7054 7072/7061/7063
f 6994/6984/6986 7056/7062/7064 7073/7063/7065
f 6994/6984/6986 7073/7063/7065 7020/7012/7014
f 6986/7060/7062 6963/6948/6950 7074/7064/7066
f 6965/6986/6988 7065/7065/7067 7045/7035/7037
f 6818/6814/6816 7011/7066/7068 6788/6783/6785
f 7026/7018/7020 7078/7067/7069 7079/7068/7070
f 7026/7018/7020 7079/7068/7070 6770/6766/6768
f 7004/6996/6998 7080/7069/7071 7059/7050/7052
f 6965/6986/6988 6952/6936/6938 7081/7070/7072
f 6998/6991/6993 7083/7071/7073 7029/7022/7024
f 7049/7039/7041 7076/7072/7074 7050/7040/7042
f 7056/7062/7064 7084/7073/7075 7073/7063/7065
f 6872/6892/6894 6740/6716/6718 7086/7074/7076
f 6872/6892/6894 7086/7074/7076 7087/7075/7077
f 6814/6808/6810 6942/6833/6835 7152/7076/7078
f 6965/6986/6988 7081/7070/7072 7065/7065/7067
f 6877/6837/6839 6819/6550/6551 7107/7077/7079
f 6991/6981/6983 6466/6457/6458 7090/7078/7080
f 6933/6969/6971 7069/7058/7060 7066/7079/7081
f 7082/7080/7082 7092/7081/7083 7077/7082/7084
f 6737/6735/6737 7036/7030/7032 7093/7083/7085
f 7082/7080/7082 7094/7084/7086 7092/7081/7083
f 7058/7049/7051 7032/7025/7027 7095/7085/7087
f 7024/7016/7018 7096/7086/7088 7053/7041/7043
f 7053/7041/7043 7096/7086/7088 7097/7087/7089
f 7041/7043/7045 7088/7088/7090 6944/6596/6597
f 6952/6936/6938 7099/7089/7091 7081/7070/7072
f 6952/6936/6938 6706/6705/6706 7015/7006/7008
f 7041/7043/7045 7100/7090/7092 7088/7088/7090
f 6999/7091/7093 6877/6837/6839 7101/7092/7094
f 6919/6870/6872 7070/7059/7061 7103/7093/7095
f 6919/6870/6872 7103/7093/7095 7089/7094/7096
f 6991/6981/6983 7090/7078/7080 7061/7052/7054
f 6921/6908/6910 7098/7095/7097 7091/7096/7098
f 7085/7097/7099 7038/7032/7034 7063/7054/7056
f 7085/7097/7099 7063/7054/7056 7105/7098/7100
f 6921/6908/6910 7106/7099/7101 7098/7095/7097
f 6788/6783/6785 7011/7066/7068 7107/7077/7079
f 6788/6783/6785 7107/7077/7079 6819/6550/6551
f 6891/6877/6879 7108/7004/7006 7013/7003/7005
f 6891/6877/6879 7127/6879/6881 7108/7004/7006
f 6740/6716/6718 7067/7056/7058 7086/7074/7076
f 6998/6991/6993 7102/7100/7102 7083/7071/7073
f 6921/6908/6910 7109/7101/7103 7034/7027/7029
f 7066/7079/7081 7069/7058/7060 7110/7102/7104
f 6944/6596/6597 7088/7088/7090 7111/7103/7105
f 6944/6596/6597 7111/7103/7105 6796/6791/6793
f 6942/6833/6835 7116/7104/7106 7152/7076/7078
f 7051/7029/7031 7112/7105/7107 7068/7057/7059
f 7051/7029/7031 7104/7106/7108 7112/7105/7107
f 7004/6996/6998 7089/7094/7096 7080/7069/7071
f 6800/6795/6797 7113/7107/7109 6466/6457/6458
f 6919/6870/6872 7089/7094/7096 7004/6996/6998
f 7077/7082/7084 7092/7081/7083 7032/7025/7027
f 6921/6908/6910 7091/7096/7098 7109/7101/7103
f 6886/6904/6906 6737/6735/6737 7127/6879/6881
f 6886/6904/6906 7127/6879/6881 6887/6878/6880
f 6952/6936/6938 7015/7006/7008 7099/7089/7091
f 7114/7108/7110 7050/7040/7042 7115/7109/7111
f 7032/7025/7027 7117/7110/7112 7095/7085/7087
f 7050/7040/7042 7076/7072/7074 7118/7111/7113
f 7050/7040/7042 7118/7111/7113 7115/7109/7111
f 7064/7055/7057 7119/7112/7114 6880/6857/6859
f 6466/6457/6458 7113/7107/7109 7090/7078/7080
f 7073/7063/7065 7084/7073/7075 7120/7113/7115
f 7070/7059/7061 7122/7114/7116 7121/7115/7117
f 6839/7007/7009 7015/7006/7008 6706/6705/6706
f 7075/7116/7118 7123/7117/7119 6948/6933/6935
f 7045/7035/7037 7124/7118/7120 7071/7119/7121
f 7045/7035/7037 7065/7065/7067 7124/7118/7120
f 6877/6837/6839 7107/7077/7079 7101/7092/7094
f 6963/6948/6950 6880/6857/6859 7125/7120/7122
f 7071/7119/7121 7124/7118/7120 7126/7121/7123
f 7070/7059/7061 7121/7115/7117 7103/7093/7095
f 7093/7083/7085 7127/6879/6881 6737/6735/6737
f 7061/7052/7054 7090/7078/7080 7128/7122/7124
f 6880/6857/6859 7119/7112/7114 7125/7120/7122
f 7100/7090/7092 7129/7123/7125 7088/7088/7090
f 7093/7083/7085 7130/7124/7126 7127/6879/6881
f 7032/7025/7027 7092/7081/7083 7117/7110/7112
f 6948/6933/6935 7123/7117/7119 7069/7058/7060
f 7083/7071/7073 7102/7100/7102 7131/7125/7127
f 7094/7084/7086 7132/7126/7128 7092/7081/7083
f 7110/7102/7104 7069/7058/7060 7133/7127/7129
f 7084/7073/7075 7134/7128/7130 7120/7113/7115
f 6963/6948/6950 7125/7120/7122 7135/7129/7131
f 7128/7122/7124 7090/7078/7080 7136/7130/7132
f 7101/7092/7094 7107/7077/7079 7137/7131/7133
f 7129/7123/7125 7139/7132/7134 7088/7088/7090
f 7010/7133/7135 6814/6808/6810 7138/7134/7136
f 7011/7066/7068 7140/7135/7137 7107/7077/7079
f 6814/6808/6810 7152/7076/7078 7138/7134/7136
f 7136/7130/7132 7090/7078/7080 7141/7136/7138
f 7080/7069/7071 7089/7094/7096 7142/7137/7139
f 7125/7120/7122 7143/7138/7140 7135/7129/7131
f 7126/7121/7123 7124/7118/7120 7144/7139/7141
f 7121/7115/7117 7122/7114/7116 7145/7140/7142
f 7138/7134/7136 7150/7141/7143 7151/7142/7144
f 7130/7124/7126 7148/7143/7145 7127/6879/6881
f 7132/7126/7128 7149/7144/7146 7092/7081/7083
f 7138/7134/7136 7152/7076/7078 7150/7141/7143
f 7111/7103/7105 7155/7145/7147 7153/7146/7148
f 7111/7103/7105 7088/7088/7090 7155/7145/7147
f 7154/7147/7149 7157/7148/7150 7090/7078/7080
f 7090/7078/7080 7157/7148/7150 7158/7149/7151
f 7065/7065/7067 7156/7150/7152 7124/7118/7120
f 7161/7151/7153 7163/7152/7154 7162/7153/7155
f 7090/7078/7080 7164/7154/7156 7141/7136/7138
f 7090/7078/7080 7158/7149/7151 7164/7154/7156
f 7124/7118/7120 7156/7150/7152 7166/7155/7157
f 7108/7004/7006 7127/6879/6881 7161/7151/7153
f 7167/7156/7158 7065/7065/7067 7081/7070/7072
f 7167/7156/7158 7165/7157/7159 7065/7065/7067
f 7168/7158/7160 7169/7159/7161 7160/7160/7162
f 7089/7094/7096 7160/7160/7162 7169/7159/7161
f 7089/7094/7096 7169/7159/7161 7142/7137/7139
f 7148/7143/7145 7163/7152/7154 7127/6879/6881
f 7124/7118/7120 7166/7155/7157 7173/7161/7163
f 7124/7118/7120 7173/7161/7163 7172/7162/7164
f 7088/7088/7090 7139/7132/7134 7175/7163/7165
f 7092/7081/7083 7170/7164/7166 7174/7165/7167
f 7161/7151/7153 7127/6879/6881 7163/7152/7154
f 7088/7088/7090 7175/7163/7165 7177/7166/7168
f 7178/7167/7169 7179/7168/7170 7180/7169/7171
f 7172/7162/7164 7181/7170/7172 7124/7118/7120
f 7178/7167/7169 7182/7171/7173 7179/7168/7170
f 7159/7172/7174 7156/7150/7152 7165/7157/7159
f 7141/7136/7138 7183/7173/7175 7184/7174/7176
f 7185/7175/7177 7186/7176/7178 7177/7166/7168
f 7092/7081/7083 7171/7177/7179 7170/7164/7166
f 7174/7165/7167 7117/7110/7112 7092/7081/7083
f 7190/7178/7180 7177/7166/7168 7191/7179/7181
f 7175/7163/7165 7193/7180/7182 7191/7179/7181
f 7155/7145/7147 7088/7088/7090 7186/7176/7178
f 7175/7163/7165 7191/7179/7181 7177/7166/7168
f 7194/7181/7183 7107/7077/7079 7195/7182/7184
f 7149/7144/7146 7196/7183/7185 7092/7081/7083
f 7146/7184/7186 7147/7185/7187 7197/7186/7188
f 7198/7187/7189 7170/7164/7166 7176/7188/7190
f 7198/7187/7189 7199/7189/7191 7170/7164/7166
f 7200/7190/7192 7141/7136/7138 7184/7174/7176
f 7198/7187/7189 7176/7188/7190 7201/7191/7193
f 7202/7192/7194 7203/7193/7195 7150/7141/7143
f 7202/7192/7194 7150/7141/7143 7152/7076/7078
f 7189/7194/7196 7204/7195/7197 7140/7135/7137
f 7146/7184/7186 7197/7186/7188 7205/7196/7198
f 7192/7197/7199 7206/7198/7200 7166/7155/7157
f 7164/7154/7156 7183/7173/7175 7141/7136/7138
f 7164/7154/7156 7187/7199/7201 7183/7173/7175
f 7207/7200/7202 7210/7201/7203 7208/7202/7204
f 7065/7065/7067 7165/7157/7159 7156/7150/7152
f 7166/7155/7157 7206/7198/7200 7173/7161/7163
f 7171/7177/7179 7176/7188/7190 7170/7164/7166
f 7202/7192/7194 7152/7076/7078 7212/7203/7205
f 7202/7192/7194 7212/7203/7205 7213/7204/7206
f 7214/7205/7207 7215/7206/7208 7204/7195/7197
f 7204/7195/7197 7107/7077/7079 7140/7135/7137
f 7204/7195/7197 7220/7207/7209 7107/7077/7079
f 7204/7195/7197 7215/7206/7208 7220/7207/7209
f 7092/7081/7083 7196/7183/7185 7188/7208/7210
f 7092/7081/7083 7188/7208/7210 7171/7177/7179
f 7088/7088/7090 7177/7166/7168 7186/7176/7178
f 7107/7077/7079 7217/7209/7211 7195/7182/7184
f 7152/7076/7078 7218/7210/7212 7219/7211/7213
f 7107/7077/7079 7220/7207/7209 7209/7212/7214
f 7188/7208/7210 7196/7183/7185 7222/7213/7215
f 7218/7210/7212 7223/7214/7216 7219/7211/7213
f 7224/7215/7217 7180/7169/7171 7179/7168/7170
f 7218/7210/7212 7152/7076/7078 7216/7216/7218
f 7179/7168/7170 7182/7171/7173 7225/7217/7219
f 7217/7209/7211 7107/7077/7079 7209/7212/7214
f 7217/7209/7211 7209/7212/7214 7211/7218/7220
f 7219/7211/7213 7226/7219/7221 7210/7201/7203
f 7225/7217/7219 7182/7171/7173 7227/7220/7222
f 7219/7211/7213 7210/7201/7203 7152/7076/7078
f 7197/7186/7188 7227/7220/7222 7205/7196/7198
f 7208/7202/7204 7210/7201/7203 7226/7219/7221
f 7227/7220/7222 7182/7171/7173 7205/7196/7198
f 7152/7076/7078 7210/7201/7203 7212/7203/7205
f 7221/7221/7223 7220/7207/7209 7215/7206/7208
f 4966/4959/4960 5031/5024/5025 5125/5118/5120
f 5031/5024/5025 5236/5221/5223 5314/7222/7224
f 16/7223/7225 165/173/174 15/30/30
f 3800/3791/3792 3769/3771/3772 3485/3469/3469
f 2758/2668/2668 2738/2729/2729 2821/2817/2817
f 2300/2284/2284 2492/2483/2483 2504/2463/2463
f 216/209/210 634/7224/7226 440/434/435
f 7232/4642/4643 4649/4643/4644 4452/4553/4554
f 4649/4643/4644 4562/4554/4555 4452/4553/4554
f 711/718/719 830/943/944 860/885/886
f 4651/4645/4646 4579/4580/4581 4576/4579/4580
f 2088/2077/2077 7228/7225/7227 2040/2043/2043
f 4037/4028/4029 3994/3984/3985 3858/3847/3848
f 5875/5854/5855 6437/6426/6427 6114/6103/6104
f 6421/6428/6429 5550/5542/5543 6113/6102/6103
f 5674/5705/5706 5874/5852/5853 5811/7226/7228
f 5874/5852/5853 5884/5864/5865 5811/7226/7228
f 372/368/369 369/365/366 409/375/376
f 216/209/210 630/624/625 634/7224/7226
f 788/782/783 790/784/785 7229/7227/7229
f 870/7228/7230 833/828/829 7230/7229/7231
f 833/828/829 800/795/796 7230/7229/7231
f 3789/3778/3779 3927/3928/3929 3653/3647/3648
f 3927/3928/3929 3928/3915/3916 3653/3647/3648
f 4016/4007/4008 4357/4347/4348 4086/4080/4081
f 4357/4347/4348 4484/7230/7232 4086/4080/4081
f 4484/7230/7232 4166/4152/4153 4086/4080/4081
f 5000/4858/4859 5201/5193/5195 4931/4924/4925
f 1963/1949/1949 2276/2132/2132 2114/2108/2108
f 2276/2132/2132 2230/2318/2318 2114/2108/2108
f 5787/5774/5775 7231/7231/7233 5820/5807/5808
f 6734/6542/6543 6597/6617/6618 6670/6669/6670
f 6910/6914/6916 6734/6542/6543 6670/6669/6670
f 4100/7232/7234 4035/4025/4026 7232/4642/4643
f 4035/4025/4026 4274/4267/4268 7232/4642/4643
f 3211/3256/3256 3065/2883/2883 2929/2920/2920
f 5165/5162/5164 5080/5074/5075 5244/5230/5232
f 598/941/942 830/943/944 711/718/719
f 598/941/942 711/718/719 561/456/457
f 387/378/379 598/941/942 561/456/457
f 421/350/351 387/378/379 561/456/457
f 3896/3884/3885 3863/3855/3856 4080/4072/4073
f 4241/4234/4235 3896/3884/3885 4080/4072/4073
f 5918/5907/5908 5654/5638/5639 5854/5831/5832
f 6046/6038/6039 6220/6207/6208 6278/6331/6332
f 5637/5654/5655 5909/5895/5896 7233/7233/7235
f 5992/5980/5981 5988/5935/5936 7234/7234/7236
f 5988/5935/5936 6169/6156/6157 7234/7234/7236
f 6169/6156/6157 6209/6320/6321 7234/7234/7236
f 7235/7235/7237 6122/6115/6116 7233/7233/7235
f 6122/6115/6116 5637/5654/5655 7233/7233/7235
f 4556/4545/4546 4266/4248/4249 4268/4439/4440
f 4042/4034/4035 4149/4134/4135 4668/4659/4660
f 4556/4545/4546 4268/4439/4440 7236/7236/7238
f 4747/4737/4738 4816/4807/4808 4918/4911/4912
f 4556/4545/4546 7236/7236/7238 7237/7237/7239
f 4918/4911/4912 4882/4910/4911 7238/7238/7240
f 4556/4545/4546 7237/7237/7239 4714/4739/4740
f 5149/5071/5072 5176/5170/5172 5242/5239/5241
f 5715/5702/5703 5554/5545/5546 5999/6000/6001
f 7239/7239/7241 5715/5702/5703 5999/6000/6001
f 5612/5601/5602 5611/5609/5610 7240/7240/7242
f 5628/5608/5609 5649/5690/5691 5613/5607/5608
f 5719/5781/5782 5638/5624/5625 7240/7240/7242
f 5638/5624/5625 5612/5601/5602 7240/7240/7242
f 2507/2501/2501 2623/2611/2611 2445/2436/2436
f 3272/3261/3261 2779/2773/2773 3145/3139/3139
f 2779/2773/2773 3046/2986/2986 3145/3139/3139
f 4883/4872/4873 5020/5014/5015 5083/5077/5079
f 5118/5112/5114 5085/5079/5081 7241/7241/7243
