# Tarmin2 Converted Camp Model
mtllib campfire.mtl
usemtl campfire

v 0.0499 0.0949 0.5999
v 0.0613 0.0953 0.6000
v 0.0523 0.0917 0.5967
v 0.0544 0.1127 0.5989
v 0.0586 0.1137 0.5986
v 0.0590 0.1087 0.5996
v 0.0708 0.0941 0.5953
v 0.0736 0.0859 0.5858
v 0.0678 0.0891 0.5913
v 0.0329 0.0851 0.5900
v 0.0319 0.0875 0.5918
v 0.0394 0.0852 0.5903
v 0.0376 0.0965 0.5968
v 0.0436 0.1008 0.5979
v 0.0428 0.0968 0.5989
v 0.0477 0.1158 0.5951
v 0.0524 0.1205 0.5945
v 0.0553 0.1175 0.5969
v 0.0776 0.0957 0.5944
v 0.0657 0.1023 0.5996
v 0.0779 0.1012 0.5932
v 0.0639 0.0815 0.5820
v 0.0661 0.0848 0.5865
v 0.0222 0.0848 0.5844
v 0.0179 0.0916 0.5847
v -0.0001 0.1054 0.5778
v 0.0007 0.1167 0.5776
v 0.0071 0.1071 0.5803
v 0.0216 0.1170 0.5809
v 0.0176 0.1206 0.5755
v 0.0234 0.1201 0.5791
v 0.0596 0.1240 0.5959
v 0.0602 0.1289 0.5923
v 0.0838 0.1137 0.5875
v 0.0933 0.1317 0.5760
v 0.1014 0.0979 0.5816
v 0.0994 0.0840 0.5793
v 0.1139 0.0770 0.5726
v 0.0978 0.0766 0.5734
v 0.0538 0.0757 0.5761
v 0.0872 0.0751 0.5720
v 0.0637 0.0700 0.5703
v 0.0373 0.0767 0.5752
v 0.0418 0.0703 0.5684
v 0.0325 0.0740 0.5675
v 0.0146 0.0868 0.5812
v 0.0083 0.0865 0.5763
v 0.0070 0.0891 0.5775
v 0.0081 0.0987 0.5807
v 0.0126 0.1203 0.5758
v 0.0063 0.1219 0.5746
v 0.0067 0.1250 0.5701
v 0.0311 0.1240 0.5744
v 0.0242 0.1238 0.5687
v 0.0297 0.1270 0.5651
v 0.0512 0.1276 0.5859
v 0.0451 0.1315 0.5741
v 0.0581 0.1356 0.5821
v 0.0722 0.1273 0.5896
v 0.0644 0.1293 0.5930
v 0.0700 0.1356 0.5883
v 0.0931 0.1367 0.5744
v 0.0956 0.1402 0.5717
v 0.1007 0.1323 0.5715
v 0.1079 0.0831 0.5777
v 0.1090 0.0906 0.5781
v 0.1165 0.0787 0.5719
v 0.1249 0.0649 0.5568
v 0.1268 0.0678 0.5571
v 0.1289 0.0636 0.5530
v 0.1046 0.0485 0.5462
v 0.0976 0.0393 0.5358
v 0.0965 0.0540 0.5522
v 0.0585 0.0623 0.5658
v 0.0652 0.0579 0.5588
v 0.0533 0.0620 0.5660
v 0.0454 0.0612 0.5622
v 0.0438 0.0603 0.5587
v 0.0445 0.0645 0.5639
v 0.0324 0.0703 0.5595
v 0.0295 0.0686 0.5501
v 0.0265 0.0723 0.5577
v 0.0044 0.0851 0.5734
v 0.0043 0.0832 0.5680
v 0.0006 0.0856 0.5723
v -0.0113 0.0928 0.5638
v -0.0120 0.0957 0.5585
v -0.0083 0.1021 0.5646
v 0.0023 0.1223 0.5740
v 0.0025 0.1251 0.5710
v 0.0122 0.1248 0.5654
v 0.0147 0.1248 0.5608
v 0.0191 0.1246 0.5605
v 0.0260 0.1316 0.5542
v 0.0257 0.1366 0.5530
v 0.0291 0.1327 0.5547
v 0.0466 0.1412 0.5638
v 0.0427 0.1413 0.5595
v 0.0483 0.1460 0.5626
v 0.0638 0.1464 0.5767
v 0.0595 0.1520 0.5707
v 0.0625 0.1542 0.5717
v 0.0775 0.1332 0.5840
v 0.0758 0.1402 0.5818
v 0.0802 0.1409 0.5782
v 0.0991 0.1436 0.5678
v 0.0964 0.1479 0.5639
v 0.1066 0.1439 0.5662
v 0.1128 0.1097 0.5667
v 0.1178 0.1026 0.5622
v 0.1115 0.1009 0.5712
v 0.1214 0.0844 0.5637
v 0.1295 0.0898 0.5481
v 0.1311 0.0768 0.5491
v 0.1338 0.0605 0.5497
v 0.1367 0.0579 0.5406
v 0.1343 0.0586 0.5459
v 0.1270 0.0483 0.5349
v 0.1300 0.0443 0.5265
v 0.1208 0.0447 0.5345
v 0.0870 0.0389 0.5321
v 0.0830 0.0435 0.5393
v 0.0936 0.0385 0.5347
v 0.0440 0.0551 0.5442
v 0.0513 0.0530 0.5444
v 0.0422 0.0520 0.5350
v 0.0369 0.0561 0.5379
v 0.0347 0.0519 0.5264
v 0.0182 0.0688 0.5383
v 0.0140 0.0689 0.5353
v 0.0100 0.0737 0.5447
v -0.0086 0.0839 0.5645
v -0.0139 0.0823 0.5585
v -0.0161 0.0840 0.5610
v -0.0127 0.0953 0.5510
v -0.0095 0.1039 0.5571
v -0.0044 0.1248 0.5653
v -0.0057 0.1236 0.5599
v -0.0059 0.1266 0.5570
v 0.0025 0.1359 0.5537
v 0.0078 0.1351 0.5548
v 0.0066 0.1319 0.5598
v 0.0192 0.1370 0.5519
v 0.0150 0.1417 0.5518
v 0.0205 0.1421 0.5525
v 0.0365 0.1545 0.5548
v 0.0415 0.1589 0.5577
v 0.0456 0.1481 0.5594
v 0.0548 0.1630 0.5647
v 0.0615 0.1609 0.5679
v 0.0894 0.1505 0.5638
v 0.0930 0.1523 0.5593
v 0.1178 0.1424 0.5604
v 0.1198 0.1463 0.5579
v 0.1229 0.1424 0.5561
v 0.1271 0.1294 0.5480
v 0.1320 0.1362 0.5416
v 0.1334 0.1267 0.5385
v 0.1360 0.0862 0.5376
v 0.1400 0.0968 0.5279
v 0.1400 0.0827 0.5295
v 0.1377 0.0528 0.5360
v 0.1415 0.0525 0.5260
v 0.1376 0.0500 0.5288
v 0.1337 0.0393 0.5167
v 0.1236 0.0391 0.5270
v 0.1072 0.0349 0.5229
v 0.1126 0.0328 0.5031
v 0.1013 0.0324 0.5071
v 0.0635 0.0426 0.5239
v 0.0666 0.0369 0.5112
v 0.0540 0.0402 0.5128
v 0.0241 0.0461 0.5064
v 0.0256 0.0514 0.5169
v 0.0316 0.0480 0.5157
v 0.0071 0.0721 0.5346
v 0.0056 0.0706 0.5264
v 0.0013 0.0748 0.5333
v -0.0100 0.0793 0.5453
v -0.0129 0.0800 0.5424
v -0.0163 0.0800 0.5487
v -0.0192 0.0844 0.5494
v -0.0174 0.0816 0.5442
v -0.0161 0.0860 0.5458
v -0.0106 0.1044 0.5376
v -0.0105 0.0967 0.5291
v -0.0117 0.1059 0.5288
v -0.0109 0.1269 0.5418
v -0.0118 0.1227 0.5373
v -0.0146 0.1275 0.5349
v -0.0005 0.1369 0.5458
v -0.0067 0.1376 0.5399
v -0.0020 0.1397 0.5408
v 0.0124 0.1486 0.5496
v 0.0195 0.1484 0.5529
v 0.0166 0.1454 0.5517
v 0.0337 0.1570 0.5540
v 0.0328 0.1599 0.5546
v 0.0456 0.1713 0.5587
v 0.0344 0.1730 0.5538
v 0.0354 0.1836 0.5498
v 0.0739 0.1664 0.5570
v 0.0603 0.1828 0.5493
v 0.0778 0.1786 0.5430
v 0.0947 0.1537 0.5550
v 0.0986 0.1533 0.5546
v 0.1035 0.1497 0.5588
v 0.1238 0.1454 0.5534
v 0.1250 0.1458 0.5479
v 0.1258 0.1416 0.5522
v 0.1359 0.1306 0.5329
v 0.1452 0.1203 0.5236
v 0.1494 0.1251 0.5212
v 0.1482 0.1201 0.5207
v 0.1462 0.0905 0.5127
v 0.1433 0.0956 0.5200
v 0.1441 0.1024 0.5157
v 0.1486 0.0738 0.5084
v 0.1490 0.0849 0.5025
v 0.1507 0.0773 0.5006
v 0.1443 0.0525 0.5188
v 0.1403 0.0503 0.5242
v 0.1322 0.0373 0.5139
v 0.1353 0.0381 0.5085
v 0.1317 0.0365 0.5032
v 0.1098 0.0296 0.4904
v 0.1000 0.0304 0.4982
v 0.0750 0.0318 0.5031
v 0.0714 0.0284 0.4958
v 0.0658 0.0330 0.5028
v 0.0177 0.0405 0.4929
v 0.0353 0.0343 0.4888
v 0.0229 0.0337 0.4803
v 0.0087 0.0441 0.4870
v 0.0029 0.0426 0.4798
v 0.0034 0.0470 0.4849
v 0.0047 0.0619 0.5072
v 0.0036 0.0693 0.5181
v 0.0105 0.0645 0.5207
v -0.0119 0.0906 0.5392
v -0.0105 0.0859 0.5358
v -0.0099 0.0903 0.5321
v -0.0087 0.0895 0.5202
v -0.0117 0.0995 0.5207
v -0.0165 0.1163 0.5176
v -0.0200 0.1146 0.5146
v -0.0206 0.1208 0.5197
v -0.0390 0.1307 0.5439
v -0.0318 0.1279 0.5338
v -0.0367 0.1235 0.5364
v -0.0553 0.1107 0.5595
v -0.0488 0.1109 0.5515
v -0.0527 0.1031 0.5583
v -0.0674 0.0924 0.5751
v -0.0687 0.1067 0.5714
v -0.0623 0.1005 0.5687
v -0.0704 0.0776 0.5831
v -0.0727 0.0730 0.5828
v -0.0809 0.0756 0.5838
v -0.0791 0.0981 0.5777
v -0.0861 0.1034 0.5761
v -0.0800 0.1091 0.5745
v -0.0645 0.1269 0.5665
v -0.0578 0.1260 0.5612
v -0.0618 0.1173 0.5646
v -0.0447 0.1376 0.5539
v -0.0421 0.1418 0.5513
v -0.0354 0.1362 0.5428
v -0.0211 0.1319 0.5341
v -0.0165 0.1324 0.5361
v -0.0143 0.1355 0.5361
v -0.0167 0.1369 0.5326
v -0.0148 0.1390 0.5305
v -0.0080 0.1416 0.5304
v -0.0077 0.1462 0.5246
v -0.0036 0.1475 0.5291
v 0.0176 0.1605 0.5501
v 0.0207 0.1644 0.5511
v 0.0204 0.1592 0.5525
v 0.0279 0.1885 0.5396
v 0.0258 0.1900 0.5315
v 0.0312 0.1907 0.5364
v 0.0684 0.1831 0.5428
v 0.0664 0.1863 0.5382
v 0.0760 0.1838 0.5375
v 0.0919 0.1795 0.5343
v 0.0966 0.1749 0.5345
v 0.0978 0.1692 0.5388
v 0.1074 0.1634 0.5361
v 0.1108 0.1643 0.5273
v 0.1147 0.1572 0.5367
v 0.1285 0.1447 0.5333
v 0.1238 0.1562 0.5029
v 0.1338 0.1385 0.5312
v 0.1514 0.1297 0.5195
v 0.1444 0.1314 0.5135
v 0.1508 0.1310 0.5158
v 0.1613 0.1255 0.5311
v 0.1621 0.1302 0.5309
v 0.1655 0.1327 0.5315
v 0.1593 0.1144 0.5243
v 0.1519 0.1147 0.5197
v 0.1569 0.1217 0.5273
v 0.1711 0.1121 0.5317
v 0.1788 0.1081 0.5316
v 0.1662 0.1102 0.5269
v 0.1852 0.1031 0.5246
v 0.1964 0.0966 0.5094
v 0.1833 0.0960 0.5081
v 0.1694 0.0972 0.5074
v 0.1645 0.0958 0.5029
v 0.1634 0.0996 0.5080
v 0.1587 0.1052 0.5124
v 0.1499 0.1091 0.5142
v 0.1566 0.1083 0.5144
v 0.1495 0.0911 0.5022
v 0.1515 0.0914 0.4982
v 0.1558 0.0740 0.4909
v 0.1578 0.0805 0.4914
v 0.1632 0.0728 0.4856
v 0.1521 0.0547 0.4948
v 0.1534 0.0495 0.4902
v 0.1481 0.0492 0.4972
v 0.1375 0.0405 0.5020
v 0.1391 0.0439 0.4994
v 0.1393 0.0394 0.4933
v 0.1387 0.0317 0.4720
v 0.1499 0.0290 0.4521
v 0.1373 0.0250 0.4498
v 0.0812 0.0201 0.4704
v 0.0887 0.0199 0.4631
v 0.0811 0.0196 0.4560
v 0.0613 0.0260 0.4847
v 0.0563 0.0258 0.4763
v 0.0494 0.0293 0.4845
v 0.0351 0.0324 0.4833
v 0.0311 0.0278 0.4614
v 0.0223 0.0320 0.4724
v 0.0095 0.0374 0.4735
v 0.0018 0.0399 0.4744
v 0.0078 0.0397 0.4754
v -0.0036 0.0530 0.4898
v -0.0006 0.0504 0.4863
v -0.0083 0.0470 0.4878
v -0.0033 0.0639 0.4956
v -0.0050 0.0580 0.4914
v -0.0060 0.0619 0.4920
v -0.0054 0.0772 0.5083
v -0.0075 0.0808 0.5080
v -0.0063 0.0819 0.5138
v -0.0160 0.0856 0.5043
v -0.0117 0.0879 0.5077
v -0.0089 0.0846 0.5042
v -0.0214 0.1033 0.5113
v -0.0283 0.1082 0.5134
v -0.0207 0.1085 0.5122
v -0.0419 0.1164 0.5411
v -0.0364 0.1127 0.5295
v -0.0402 0.1082 0.5368
v -0.0493 0.0955 0.5575
v -0.0442 0.0952 0.5503
v -0.0447 0.0890 0.5561
v -0.0497 0.0684 0.5686
v -0.0446 0.0752 0.5624
v -0.0452 0.0596 0.5625
v -0.0698 0.0655 0.5783
v -0.0638 0.0488 0.5672
v -0.0756 0.0579 0.5720
v -0.0988 0.0688 0.5779
v -0.1022 0.0728 0.5790
v -0.0952 0.0711 0.5795
v -0.0901 0.0951 0.5785
v -0.0834 0.0935 0.5796
v -0.0816 0.1195 0.5732
v -0.0838 0.1311 0.5737
v -0.0754 0.1244 0.5721
v -0.0637 0.1371 0.5674
v -0.0596 0.1376 0.5640
v -0.0626 0.1331 0.5657
v -0.0458 0.1420 0.5551
v -0.0509 0.1519 0.5527
v -0.0250 0.1386 0.5331
v -0.0289 0.1452 0.5321
v -0.0223 0.1403 0.5303
v -0.0153 0.1475 0.5193
v -0.0091 0.1480 0.5198
v -0.0012 0.1570 0.5224
v 0.0005 0.1617 0.5187
v 0.0063 0.1635 0.5292
v 0.0149 0.1786 0.5230
v 0.0092 0.1734 0.5097
v 0.0182 0.1830 0.5126
v 0.0422 0.1946 0.5244
v 0.0376 0.1951 0.5142
v 0.0467 0.1961 0.5148
v 0.0766 0.1881 0.5302
v 0.0774 0.1935 0.5214
v 0.0873 0.1872 0.5273
v 0.1031 0.1722 0.5284
v 0.1068 0.1715 0.5211
v 0.1183 0.1625 0.5030
v 0.1174 0.1665 0.4964
v 0.1207 0.1650 0.4956
v 0.1345 0.1394 0.5133
v 0.1332 0.1433 0.5038
v 0.1367 0.1371 0.5076
v 0.1473 0.1332 0.5097
v 0.1522 0.1339 0.5133
v 0.1654 0.1374 0.5275
v 0.1646 0.1396 0.5213
v 0.1687 0.1382 0.5278
v 0.1957 0.1139 0.5335
v 0.1841 0.1256 0.5331
v 0.1947 0.1209 0.5318
v 0.2042 0.1027 0.5234
v 0.2193 0.0990 0.5177
v 0.2123 0.0992 0.5161
v 0.1966 0.0898 0.4978
v 0.1856 0.0925 0.5009
v 0.1994 0.0927 0.5014
v 0.1731 0.0877 0.4952
v 0.1863 0.0885 0.4960
v 0.1735 0.0763 0.4856
v 0.1733 0.0695 0.4822
v 0.1570 0.0537 0.4885
v 0.1586 0.0593 0.4879
v 0.1631 0.0545 0.4834
v 0.1622 0.0429 0.4773
v 0.1673 0.0409 0.4733
v 0.1558 0.0403 0.4745
v 0.1464 0.0335 0.4709
v 0.1502 0.0318 0.4618
v 0.1449 0.0256 0.4426
v 0.1393 0.0224 0.4352
v 0.1102 0.0204 0.4434
v 0.0994 0.0184 0.4322
v 0.0992 0.0200 0.4502
v 0.0717 0.0209 0.4626
v 0.0645 0.0197 0.4447
v 0.0620 0.0217 0.4567
v 0.0167 0.0289 0.4592
v 0.0172 0.0248 0.4436
v 0.0137 0.0269 0.4486
v 0.0012 0.0348 0.4680
v 0.0040 0.0335 0.4591
v -0.0036 0.0325 0.4677
v -0.0069 0.0422 0.4835
v -0.0072 0.0381 0.4798
v -0.0113 0.0392 0.4879
v -0.0370 0.0273 0.5158
v -0.0300 0.0302 0.5105
v -0.0339 0.0262 0.5063
v -0.0455 0.0293 0.5483
v -0.0425 0.0285 0.5388
v -0.0560 0.0236 0.5432
v -0.0630 0.0325 0.5543
v -0.0701 0.0312 0.5511
v -0.0703 0.0430 0.5613
v -0.0457 0.0313 0.5530
v -0.0426 0.0326 0.5490
v -0.0383 0.0330 0.5442
v -0.0278 0.0378 0.5233
v -0.0323 0.0339 0.5277
v -0.0446 0.0470 0.5604
v -0.0285 0.0511 0.5348
v -0.0390 0.0358 0.5466
v -0.0160 0.0415 0.4994
v -0.0111 0.0453 0.4899
v -0.0159 0.0679 0.4986
v -0.0097 0.0693 0.4981
v -0.0103 0.0634 0.4962
v -0.0239 0.0679 0.5305
v -0.0237 0.0727 0.5241
v -0.0222 0.0673 0.5248
v -0.0261 0.0781 0.5261
v -0.0262 0.0838 0.5186
v -0.0239 0.0783 0.5175
v -0.0141 0.0797 0.5018
v -0.0135 0.0775 0.4983
v -0.0150 0.0739 0.4981
v -0.0217 0.0869 0.5044
v -0.0198 0.0845 0.5055
v -0.0224 0.0848 0.5073
v -0.0253 0.0963 0.5113
v -0.0286 0.1019 0.5133
v -0.0427 0.1012 0.5435
v -0.0383 0.0995 0.5337
v -0.0403 0.0950 0.5430
v -0.0363 0.0791 0.5534
v -0.0323 0.0790 0.5470
v -0.0355 0.0678 0.5499
v -0.0479 0.0376 0.5609
v -0.0449 0.0341 0.5538
v -0.0475 0.0350 0.5578
v -0.0397 0.0887 0.5490
v -0.0406 0.0851 0.5551
v -0.0940 0.0647 0.5755
v -0.0947 0.0547 0.5681
v -0.1043 0.0663 0.5774
v -0.1250 0.0676 0.5669
v -0.1255 0.0744 0.5683
v -0.1181 0.0693 0.5712
v -0.1066 0.0979 0.5758
v -0.1061 0.1115 0.5719
v -0.0972 0.1060 0.5746
v -0.0892 0.1310 0.5733
v -0.0838 0.1355 0.5732
v -0.0665 0.1418 0.5669
v -0.0680 0.1452 0.5634
v -0.0619 0.1418 0.5655
v -0.0510 0.1626 0.5380
v -0.0463 0.1547 0.5438
v -0.0236 0.1519 0.5185
v -0.0220 0.1577 0.5085
v -0.0220 0.1535 0.5130
v -0.0085 0.1530 0.5133
v -0.0074 0.1576 0.5079
v 0.0016 0.1681 0.4942
v 0.0032 0.1697 0.4817
v 0.0073 0.1728 0.4944
v 0.0356 0.1959 0.4998
v 0.0292 0.1942 0.4868
v 0.0354 0.1963 0.4827
v 0.0740 0.1939 0.5219
v 0.0700 0.1964 0.5127
v 0.0746 0.1942 0.5174
v 0.0879 0.1924 0.4860
v 0.0896 0.1939 0.4688
v 0.0962 0.1876 0.4834
v 0.0894 0.1883 0.5233
v 0.0855 0.1923 0.5023
v 0.0927 0.1873 0.5124
v 0.1189 0.1674 0.4922
v 0.1234 0.1690 0.4934
v 0.1347 0.1491 0.4918
v 0.1325 0.1537 0.4914
v 0.1392 0.1491 0.4913
v 0.1564 0.1454 0.5008
v 0.1526 0.1408 0.5011
v 0.1502 0.1430 0.4971
v 0.1393 0.1354 0.5027
v 0.1385 0.1413 0.4978
v 0.1425 0.1374 0.4980
v 0.1618 0.1441 0.5086
v 0.1625 0.1508 0.5005
v 0.1721 0.1513 0.5086
v 0.1879 0.1488 0.5201
v 0.1842 0.1517 0.5171
v 0.1906 0.1546 0.5156
v 0.1953 0.1300 0.5292
v 0.1958 0.1412 0.5250
v 0.2214 0.1287 0.5199
v 0.2170 0.1056 0.5264
v 0.2215 0.1035 0.5230
v 0.2140 0.1038 0.5246
v 0.2293 0.0952 0.5143
v 0.2370 0.0898 0.5104
v 0.2315 0.0905 0.5094
v 0.2409 0.0721 0.4977
v 0.2326 0.0705 0.4945
v 0.2351 0.0786 0.5007
v 0.1884 0.0724 0.4860
v 0.1796 0.0696 0.4824
v 0.1660 0.0467 0.4786
v 0.1691 0.0522 0.4793
v 0.1734 0.0464 0.4762
v 0.1765 0.0332 0.4694
v 0.1752 0.0318 0.4669
v 0.1732 0.0369 0.4711
v 0.1674 0.0366 0.4705
v 0.1629 0.0285 0.4556
v 0.1621 0.0286 0.4520
v 0.1566 0.0309 0.4566
v 0.1483 0.0248 0.4353
v 0.1500 0.0233 0.4257
v 0.1463 0.0172 0.4020
v 0.1446 0.0144 0.3884
v 0.1319 0.0179 0.4150
v 0.1091 0.0159 0.3966
v 0.1133 0.0159 0.3871
v 0.1018 0.0145 0.3822
v 0.0350 0.0158 0.4097
v 0.0431 0.0146 0.3987
v 0.0194 0.0137 0.3992
v 0.0071 0.0223 0.4315
v 0.0073 0.0188 0.4207
v 0.0018 0.0186 0.4246
v -0.0347 0.0190 0.4670
v -0.0206 0.0197 0.4567
v -0.0390 0.0177 0.4562
v -0.0509 0.0169 0.5045
v -0.0563 0.0138 0.5000
v -0.0731 0.0082 0.5085
v -0.0983 0.0256 0.5376
v -0.0890 0.0186 0.5306
v -0.1006 0.0241 0.5334
v -0.0940 0.0395 0.5553
v -0.0988 0.0378 0.5527
v -0.1035 0.0448 0.5608
v -0.1201 0.0622 0.5664
v -0.1291 0.0877 0.5615
v -0.1339 0.0832 0.5510
v -0.1358 0.0912 0.5455
v -0.1160 0.0955 0.5745
v -0.1186 0.0977 0.5722
v -0.1123 0.1052 0.5724
v -0.1090 0.1182 0.5667
v -0.1097 0.1231 0.5636
v -0.1061 0.1222 0.5674
v -0.1087 0.1482 0.5565
v -0.1117 0.1550 0.5506
v -0.1070 0.1535 0.5549
v -0.0678 0.1531 0.5553
v -0.0674 0.1650 0.5438
v -0.0561 0.1533 0.5540
v -0.0505 0.1760 0.5174
v -0.0481 0.1826 0.5052
v -0.0433 0.1776 0.5099
v -0.0166 0.1574 0.5060
v -0.0189 0.1615 0.5015
v -0.0142 0.1590 0.5018
v -0.0041 0.1641 0.4978
v -0.0100 0.1638 0.4876
v -0.0047 0.1654 0.4840
v 0.0042 0.1705 0.4706
v 0.0032 0.1684 0.4570
v 0.0079 0.1745 0.4672
v 0.0179 0.1883 0.4588
v 0.0213 0.1892 0.4575
v 0.0291 0.1937 0.4663
v 0.0757 0.1979 0.4775
v 0.0751 0.1948 0.4571
v 0.0811 0.1969 0.4745
v 0.0954 0.1899 0.4721
v 0.0997 0.1877 0.4694
v 0.0983 0.1870 0.4741
v 0.1051 0.1775 0.4856
v 0.1057 0.1777 0.4820
v 0.1094 0.1769 0.4850
v 0.1289 0.1772 0.4951
v 0.1259 0.1794 0.4931
v 0.1294 0.1823 0.4951
v 0.1453 0.1526 0.4904
v 0.1385 0.1601 0.4894
v 0.1448 0.1590 0.4885
v 0.1658 0.1612 0.4913
v 0.1685 0.1636 0.4897
v 0.1683 0.1587 0.4954
v 0.1841 0.1631 0.5008
v 0.1847 0.1712 0.4895
v 0.1931 0.1712 0.4929
v 0.2024 0.1541 0.5144
v 0.2267 0.1495 0.5070
v 0.2280 0.1405 0.5126
v 0.2348 0.1191 0.5150
v 0.2416 0.1196 0.5079
v 0.2436 0.1066 0.5083
v 0.2429 0.0900 0.5098
v 0.2555 0.0782 0.5028
v 0.2449 0.0826 0.5056
v 0.2116 0.0580 0.4831
v 0.2283 0.0604 0.4874
v 0.2333 0.0493 0.4814
v 0.1977 0.0380 0.4747
v 0.2085 0.0363 0.4711
v 0.1956 0.0281 0.4664
v 0.1910 0.0208 0.4568
v 0.1902 0.0174 0.4486
v 0.1800 0.0218 0.4523
v 0.1715 0.0225 0.4486
v 0.1697 0.0223 0.4350
v 0.1630 0.0253 0.4396
v 0.1625 0.0215 0.4063
v 0.1639 0.0197 0.3883
v 0.1553 0.0209 0.4025
v 0.1332 0.0160 0.3857
v 0.1407 0.0154 0.3707
v 0.1249 0.0173 0.3846
v 0.1153 0.0154 0.3735
v 0.0612 0.0137 0.3610
v 0.0814 0.0145 0.3516
v 0.0592 0.0147 0.3534
v 0.0088 0.0132 0.3888
v 0.0139 0.0145 0.3790
v 0.0031 0.0125 0.3857
v -0.0105 0.0127 0.4138
v -0.0098 0.0097 0.3935
v -0.0184 0.0108 0.4038
v -0.0498 0.0177 0.4682
v -0.0579 0.0131 0.4945
v -0.0527 0.0151 0.4861
v -0.0627 0.0125 0.4875
v -0.0844 0.0109 0.5181
v -0.0879 0.0112 0.5044
v -0.0976 0.0151 0.5080
v -0.1178 0.0382 0.5447
v -0.1184 0.0341 0.5354
v -0.1306 0.0445 0.5395
v -0.1286 0.0641 0.5591
v -0.1297 0.0555 0.5557
v -0.1310 0.0572 0.5536
v -0.1359 0.0574 0.5416
v -0.1408 0.0643 0.5360
v -0.1349 0.0666 0.5476
v -0.1381 0.0849 0.5430
v -0.1421 0.0902 0.5367
v -0.1234 0.0955 0.5663
v -0.1186 0.1048 0.5648
v -0.1178 0.1517 0.5433
v -0.1151 0.1626 0.5434
v -0.0946 0.1563 0.5538
v -0.1047 0.1634 0.5485
v -0.1000 0.1680 0.5456
v -0.0823 0.1812 0.5308
v -0.0896 0.1860 0.5276
v -0.0830 0.1883 0.5225
v -0.0704 0.1854 0.5188
v -0.0655 0.1811 0.5224
v -0.0386 0.1802 0.4891
v -0.0258 0.1658 0.5056
v -0.0147 0.1652 0.4755
v -0.0175 0.1679 0.4743
v -0.0104 0.1649 0.4740
v -0.0030 0.1650 0.4570
v -0.0018 0.1650 0.4412
v 0.0013 0.1657 0.4550
v 0.0133 0.1835 0.4591
v 0.0133 0.1831 0.4509
v 0.0167 0.1864 0.4563
v 0.0369 0.1900 0.4381
v 0.0427 0.1903 0.4325
v 0.0460 0.1931 0.4507
v 0.0930 0.1927 0.4533
v 0.0930 0.1924 0.4463
v 0.0989 0.1932 0.4512
v 0.1168 0.1907 0.4762
v 0.1067 0.1898 0.4671
v 0.1159 0.1952 0.4690
v 0.1386 0.1848 0.4972
v 0.1369 0.1910 0.4976
v 0.1425 0.1956 0.4974
v 0.1491 0.1761 0.4895
v 0.1561 0.1714 0.4859
v 0.1493 0.1719 0.4876
v 0.1582 0.1742 0.4852
v 0.1622 0.1752 0.4853
v 0.1636 0.1715 0.4856
v 0.1734 0.1760 0.4837
v 0.1727 0.1827 0.4829
v 0.1798 0.1747 0.4845
v 0.1993 0.1710 0.4930
v 0.2010 0.1760 0.4801
v 0.2145 0.1675 0.4888
v 0.2396 0.1513 0.5003
v 0.2389 0.1551 0.4968
v 0.2428 0.1501 0.4987
v 0.2446 0.1419 0.4995
v 0.2475 0.1494 0.4924
v 0.2527 0.1212 0.4961
v 0.2483 0.0963 0.5063
v 0.2563 0.0866 0.5024
v 0.2500 0.0885 0.5061
v 0.2590 0.0474 0.4855
v 0.2541 0.0539 0.4883
v 0.2584 0.0604 0.4918
v 0.2538 0.0428 0.4821
v 0.2430 0.0597 0.4900
v 0.2394 0.0328 0.4674
v 0.2285 0.0320 0.4657
v 0.2300 0.0360 0.4702
v 0.2095 0.0246 0.4597
v 0.2246 0.0272 0.4599
v 0.2177 0.0225 0.4546
v 0.2208 0.0166 0.4229
v 0.2246 0.0153 0.3945
v 0.2127 0.0155 0.4069
v 0.1793 0.0190 0.4397
v 0.1788 0.0194 0.4209
v 0.1723 0.0211 0.4247
v 0.1775 0.0177 0.3591
v 0.2012 0.0176 0.3438
v 0.1779 0.0170 0.3476
v 0.1508 0.0154 0.3544
v 0.1365 0.0158 0.3501
v 0.1293 0.0156 0.3621
v 0.1125 0.0161 0.3310
v 0.1104 0.0171 0.3260
v 0.1004 0.0163 0.3340
v 0.0535 0.0183 0.3399
v 0.0377 0.0217 0.3348
v 0.0505 0.0159 0.3513
v 0.0057 0.0142 0.3764
v -0.0277 0.0121 0.4171
v -0.0266 0.0101 0.4028
v -0.0387 0.0093 0.4121
v -0.0745 0.0087 0.4515
v -0.0636 0.0093 0.4447
v -0.0702 0.0072 0.4389
v -0.1139 0.0207 0.4804
v -0.1258 0.0270 0.4961
v -0.1241 0.0331 0.5242
v -0.1326 0.0385 0.5220
v -0.1462 0.0632 0.5275
v -0.1534 0.0637 0.5194
v -0.1517 0.0712 0.5247
v -0.1560 0.0866 0.5247
v -0.1587 0.0966 0.5239
v -0.1497 0.0926 0.5295
v -0.1245 0.1231 0.5423
v -0.1379 0.1028 0.5374
v -0.1332 0.1191 0.5358
v -0.1284 0.1556 0.5323
v -0.1270 0.1668 0.5324
v -0.1197 0.1661 0.5380
v -0.1195 0.1832 0.5321
v -0.1175 0.1871 0.5267
v -0.1122 0.1842 0.5338
v -0.1161 0.1901 0.5120
v -0.1210 0.1900 0.5040
v -0.1115 0.1913 0.5015
v -0.0794 0.1915 0.5068
v -0.0791 0.1945 0.4950
v -0.0751 0.1949 0.4931
v -0.0533 0.1883 0.4934
v -0.0606 0.1941 0.4861
v -0.0515 0.1908 0.4832
v -0.0204 0.1742 0.4512
v -0.0215 0.1761 0.4460
v -0.0182 0.1716 0.4435
v -0.0102 0.1642 0.4318
v -0.0150 0.1662 0.4212
v -0.0117 0.1641 0.4235
v 0.0081 0.1730 0.4323
v 0.0055 0.1692 0.4238
v 0.0118 0.1754 0.4259
v 0.0201 0.1824 0.4291
v 0.0387 0.1874 0.4220
v 0.0322 0.1872 0.4308
v 0.0547 0.1797 0.3997
v 0.0641 0.1796 0.3988
v 0.0593 0.1874 0.4115
v 0.0896 0.1878 0.4331
v 0.0875 0.1866 0.4273
v 0.0914 0.1877 0.4295
v 0.1015 0.1962 0.4418
v 0.1005 0.1975 0.4343
v 0.1032 0.2009 0.4362
v 0.1149 0.2010 0.4580
v 0.1242 0.2013 0.4687
v 0.1490 0.1941 0.4950
v 0.1450 0.1976 0.4951
v 0.1496 0.1982 0.4938
v 0.1569 0.1937 0.4901
v 0.1662 0.1905 0.4858
v 0.1614 0.1871 0.4872
v 0.1845 0.1819 0.4812
v 0.1891 0.1830 0.4801
v 0.1905 0.1787 0.4821
v 0.2088 0.1751 0.4764
v 0.2178 0.1694 0.4793
v 0.2130 0.1705 0.4823
v 0.2442 0.1551 0.4907
v 0.2453 0.1553 0.4857
v 0.2467 0.1523 0.4907
v 0.2522 0.1471 0.4846
v 0.2569 0.1323 0.4847
v 0.2710 0.0830 0.4921
v 0.2627 0.1006 0.4929
v 0.2737 0.0849 0.4879
v 0.2696 0.0751 0.4932
v 0.2711 0.0724 0.4920
v 0.2666 0.0655 0.4924
v 0.2708 0.0463 0.4747
v 0.2787 0.0458 0.4646
v 0.2742 0.0396 0.4613
v 0.2620 0.0321 0.4581
v 0.2626 0.0224 0.4377
v 0.2570 0.0281 0.4531
v 0.2420 0.0215 0.4430
v 0.2355 0.0250 0.4536
v 0.2418 0.0177 0.4282
v 0.2310 0.0167 0.4124
v 0.2088 0.0180 0.3765
v 0.1972 0.0183 0.3756
v 0.1981 0.0176 0.3867
v 0.2526 0.0199 0.3387
v 0.2145 0.0169 0.3299
v 0.2268 0.0191 0.3428
v 0.1697 0.0117 0.3288
v 0.1707 0.0115 0.3231
v 0.1646 0.0117 0.3235
v 0.1327 0.0168 0.3412
v 0.1431 0.0145 0.3308
v 0.1268 0.0155 0.3229
v 0.1115 0.0186 0.3205
v 0.1120 0.0187 0.3156
v 0.1063 0.0196 0.3196
v 0.0494 0.0220 0.3309
v 0.0394 0.0225 0.3300
v 0.0127 0.0253 0.3493
v 0.0075 0.0249 0.3473
v 0.0059 0.0213 0.3528
v -0.0054 0.0104 0.3835
v -0.0031 0.0179 0.3543
v -0.0194 0.0119 0.3679
v -0.0505 0.0058 0.4074
v -0.0442 0.0068 0.3911
v -0.0547 0.0067 0.3910
v -0.0880 0.0076 0.4392
v -0.0929 0.0098 0.4167
v -0.1059 0.0135 0.4257
v -0.1284 0.0241 0.4601
v -0.1313 0.0227 0.4488
v -0.1365 0.0278 0.4607
v -0.1516 0.0415 0.4899
v -0.1575 0.0424 0.4805
v -0.1617 0.0478 0.4868
v -0.1486 0.0531 0.5162
v -0.1573 0.0551 0.5067
v -0.1604 0.0634 0.5122
v -0.1756 0.0915 0.5158
v -0.1735 0.0810 0.5128
v -0.1782 0.0893 0.5145
v -0.1681 0.0916 0.5180
v -0.1670 0.1009 0.5205
v -0.1556 0.1161 0.5253
v -0.1493 0.1217 0.5274
v -0.1464 0.1123 0.5295
v -0.1471 0.1363 0.5268
v -0.1468 0.1424 0.5259
v -0.1403 0.1362 0.5274
v -0.1370 0.1610 0.5281
v -0.1336 0.1678 0.5290
v -0.1315 0.1606 0.5302
v -0.1336 0.1804 0.5234
v -0.1366 0.1809 0.5201
v -0.1319 0.1833 0.5222
v -0.1162 0.1919 0.4932
v -0.0789 0.2065 0.4618
v -0.0892 0.2076 0.4569
v -0.0786 0.2072 0.4572
v -0.0620 0.2021 0.4452
v -0.0588 0.1987 0.4266
v -0.0550 0.1992 0.4434
v -0.0224 0.1751 0.4383
v -0.0214 0.1728 0.4294
v -0.0145 0.1603 0.3930
v -0.0116 0.1579 0.3864
v -0.0068 0.1594 0.4052
v 0.0071 0.1661 0.3986
v 0.0095 0.1647 0.3918
v 0.0154 0.1729 0.4061
v 0.0465 0.1824 0.4075
v 0.0483 0.1743 0.3906
v 0.0731 0.1761 0.3943
v 0.0775 0.1784 0.4010
v 0.0726 0.1824 0.4045
v 0.0900 0.1829 0.4212
v 0.0915 0.1832 0.4180
v 0.0920 0.1864 0.4230
v 0.0977 0.1961 0.4272
v 0.0961 0.1964 0.4211
v 0.0983 0.1998 0.4246
v 0.1024 0.2120 0.4141
v 0.1034 0.2166 0.3973
v 0.1091 0.2156 0.4184
v 0.1301 0.2052 0.4686
v 0.1304 0.2103 0.4559
v 0.1355 0.2045 0.4723
v 0.1554 0.1986 0.4910
v 0.1783 0.1991 0.4810
v 0.1831 0.1990 0.4789
v 0.1811 0.1913 0.4809
v 0.1988 0.1881 0.4699
v 0.2034 0.1917 0.4619
v 0.2097 0.1840 0.4641
v 0.2312 0.1674 0.4644
v 0.2424 0.1660 0.4504
v 0.2406 0.1604 0.4612
v 0.2535 0.1490 0.4770
v 0.2470 0.1542 0.4726
v 0.2531 0.1494 0.4717
v 0.2639 0.1215 0.4782
v 0.2640 0.1281 0.4701
v 0.2703 0.1136 0.4705
v 0.2791 0.0846 0.4815
v 0.2826 0.0870 0.4740
v 0.2855 0.0790 0.4759
v 0.2859 0.0512 0.4597
v 0.2942 0.0691 0.4602
v 0.2959 0.0569 0.4479
v 0.2824 0.0430 0.4564
v 0.2893 0.0397 0.4426
v 0.2586 0.0200 0.4337
v 0.2670 0.0231 0.4332
v 0.2585 0.0195 0.4289
v 0.2480 0.0221 0.3810
v 0.2548 0.0240 0.3716
v 0.2416 0.0225 0.3660
v 0.2564 0.0234 0.3637
v 0.2715 0.0223 0.3543
v 0.2743 0.0188 0.3280
v 0.2078 0.0143 0.3200
v 0.2152 0.0129 0.3138
v 0.2051 0.0114 0.3106
v 0.1703 0.0140 0.3135
v 0.1775 0.0161 0.2985
v 0.1610 0.0182 0.2915
v 0.1398 0.0147 0.3178
v 0.1455 0.0154 0.3104
v 0.1279 0.0147 0.3147
v 0.1071 0.0208 0.3150
v 0.1123 0.0192 0.3093
v 0.1092 0.0214 0.3102
v 0.0738 0.0342 0.3114
v 0.0589 0.0436 0.3059
v 0.0339 0.0386 0.3140
v 0.0186 0.0279 0.3388
v 0.0180 0.0305 0.3345
v 0.0131 0.0292 0.3395
v 0.0020 0.0276 0.3360
v 0.0000 0.0307 0.3262
v -0.0020 0.0270 0.3285
v -0.0193 0.0205 0.3366
v -0.0208 0.0218 0.3335
v -0.0258 0.0206 0.3380
v -0.0387 0.0105 0.3593
v -0.0524 0.0135 0.3465
v -0.0584 0.0111 0.3531
v -0.0953 0.0104 0.3961
v -0.0946 0.0105 0.3785
v -0.1043 0.0114 0.3832
v -0.1281 0.0199 0.4287
v -0.1273 0.0205 0.4052
v -0.1361 0.0248 0.4205
v -0.1529 0.0362 0.4486
v -0.1474 0.0338 0.4387
v -0.1527 0.0353 0.4390
v -0.1693 0.0472 0.4788
v -0.1698 0.0438 0.4735
v -0.1761 0.0474 0.4800
v -0.1666 0.0594 0.4998
v -0.1682 0.0551 0.4913
v -0.1744 0.0642 0.4963
v -0.1753 0.0690 0.5017
v -0.1814 0.0724 0.5051
v -0.1729 0.0705 0.5066
v -0.1817 0.0775 0.5101
v -0.1816 0.0749 0.5077
v -0.1878 0.0770 0.5129
v -0.2052 0.1000 0.5422
v -0.1935 0.0999 0.5306
v -0.1990 0.0926 0.5322
v -0.2273 0.0876 0.5557
v -0.2225 0.0850 0.5502
v -0.2286 0.0800 0.5502
v -0.2218 0.1021 0.5576
v -0.2255 0.1075 0.5548
v -0.2214 0.1074 0.5564
v -0.1825 0.1143 0.5265
v -0.1766 0.1094 0.5212
v -0.1843 0.1032 0.5241
v -0.1715 0.1263 0.5236
v -0.1701 0.1369 0.5232
v -0.1633 0.1241 0.5227
v -0.1528 0.1413 0.5261
v -0.1557 0.1474 0.5263
v -0.1648 0.1586 0.5235
v -0.1551 0.1665 0.5226
v -0.1573 0.1630 0.5245
v -0.1469 0.1726 0.5220
v -0.1463 0.1741 0.5193
v -0.1410 0.1750 0.5230
v -0.1637 0.1724 0.4861
v -0.1510 0.1787 0.4913
v -0.1498 0.1784 0.4990
v -0.1328 0.1870 0.4637
v -0.1199 0.1951 0.4583
v -0.1236 0.1940 0.4744
v -0.0893 0.2078 0.4517
v -0.0876 0.2049 0.4313
v -0.0840 0.2080 0.4518
v -0.0673 0.2018 0.4285
v -0.0397 0.1857 0.4103
v -0.0380 0.1825 0.3960
v -0.0316 0.1783 0.3980
v -0.0260 0.1715 0.3750
v -0.0183 0.1610 0.3727
v -0.0157 0.1594 0.3779
v 0.0015 0.1596 0.3927
v -0.0035 0.1535 0.3767
v 0.0036 0.1571 0.3793
v -0.0082 0.1482 0.3646
v -0.0038 0.1465 0.3609
v -0.0024 0.1486 0.3651
v 0.0266 0.1633 0.3730
v 0.0192 0.1573 0.3652
v 0.0311 0.1588 0.3620
v 0.0587 0.1682 0.3761
v 0.0764 0.1655 0.3683
v 0.0687 0.1694 0.3782
v 0.0832 0.1707 0.3873
v 0.0819 0.1707 0.3840
v 0.0877 0.1715 0.3892
v 0.0910 0.1774 0.4065
v 0.0876 0.1759 0.4001
v 0.0925 0.1775 0.4005
v 0.0930 0.1931 0.4104
v 0.0905 0.1949 0.4051
v 0.0937 0.1973 0.4135
v 0.0934 0.2057 0.4069
v 0.0943 0.2101 0.3943
v 0.1278 0.2207 0.4253
v 0.1285 0.2207 0.4133
v 0.1332 0.2206 0.4253
v 0.1627 0.2014 0.4836
v 0.1555 0.2034 0.4798
v 0.1663 0.2043 0.4765
v 0.1835 0.2026 0.4768
v 0.1806 0.2051 0.4756
v 0.1838 0.2046 0.4745
v 0.1913 0.2053 0.4645
v 0.1930 0.2064 0.4540
v 0.1924 0.2057 0.4608
v 0.2176 0.1889 0.4492
v 0.2282 0.1840 0.4447
v 0.2209 0.1817 0.4555
v 0.2559 0.1465 0.4686
v 0.2546 0.1501 0.4621
v 0.2552 0.1506 0.4581
v 0.2643 0.1355 0.4595
v 0.2683 0.1310 0.4511
v 0.2685 0.1245 0.4599
v 0.2767 0.1050 0.4646
v 0.2755 0.1127 0.4539
v 0.2825 0.1005 0.4547
v 0.3046 0.0709 0.4365
v 0.3045 0.0599 0.4315
v 0.3019 0.0521 0.4340
v 0.2987 0.0453 0.4343
v 0.2925 0.0431 0.4208
v 0.2898 0.0389 0.4281
v 0.2728 0.0271 0.4123
v 0.2773 0.0285 0.4002
v 0.2646 0.0244 0.4059
v 0.2787 0.0272 0.3751
v 0.2858 0.0244 0.3644
v 0.2748 0.0254 0.3699
v 0.2990 0.0188 0.3429
v 0.2985 0.0194 0.3320
v 0.2864 0.0189 0.3311
v 0.2517 0.0147 0.3025
v 0.2565 0.0149 0.2896
v 0.2461 0.0125 0.2894
v 0.2236 0.0115 0.2878
v 0.2048 0.0116 0.2947
v 0.1840 0.0202 0.2646
v 0.1797 0.0251 0.2408
v 0.1701 0.0246 0.2532
v 0.1318 0.0229 0.2876
v 0.1226 0.0236 0.2941
v 0.1030 0.0272 0.3132
v 0.1034 0.0308 0.3057
v 0.0994 0.0297 0.3106
v 0.0671 0.0475 0.3031
v 0.0621 0.0595 0.2979
v 0.0542 0.0531 0.3016
v 0.0217 0.0379 0.3221
v 0.0188 0.0449 0.3199
v 0.0136 0.0380 0.3242
v 0.0009 0.0355 0.3208
v -0.0021 0.0359 0.3175
v -0.0048 0.0322 0.3187
v -0.0257 0.0238 0.3334
v -0.0198 0.0250 0.3278
v -0.0261 0.0272 0.3283
v -0.0628 0.0198 0.3313
v -0.0693 0.0223 0.3250
v -0.0707 0.0192 0.3319
v -0.1016 0.0222 0.3316
v -0.1058 0.0262 0.3300
v -0.1066 0.0221 0.3352
v -0.1179 0.0193 0.3608
v -0.1168 0.0207 0.3556
v -0.1244 0.0220 0.3607
v -0.1301 0.0216 0.3780
v -0.1299 0.0220 0.3714
v -0.1346 0.0219 0.3789
v -0.1622 0.0268 0.4177
v -0.1552 0.0245 0.4064
v -0.1643 0.0233 0.4122
v -0.1901 0.0292 0.4447
v -0.1920 0.0268 0.4286
v -0.2045 0.0264 0.4356
v -0.2259 0.0245 0.4761
v -0.2240 0.0240 0.4688
v -0.2355 0.0224 0.4705
v -0.2610 0.0315 0.5012
v -0.2547 0.0281 0.4999
v -0.2634 0.0280 0.4937
v -0.2535 0.0436 0.5190
v -0.2603 0.0492 0.5186
v -0.2540 0.0501 0.5249
v -0.2352 0.0395 0.5242
v -0.2306 0.0355 0.5181
v -0.2414 0.0361 0.5176
v -0.2287 0.0297 0.5030
v -0.2216 0.0257 0.4854
v -0.2433 0.0247 0.4900
v -0.1979 0.0305 0.4708
v -0.1846 0.0327 0.4575
v -0.1994 0.0288 0.4614
v -0.1755 0.0392 0.4675
v -0.1926 0.0340 0.4776
v -0.1566 0.0352 0.4354
v -0.1548 0.0340 0.4249
v -0.1626 0.0341 0.4332
v -0.1461 0.0265 0.4085
v -0.1407 0.0243 0.3995
v -0.1473 0.0244 0.4009
v -0.1580 0.0378 0.4482
v -0.1182 0.0171 0.3884
v -0.1116 0.0147 0.3666
v -0.1239 0.0197 0.3758
v -0.1833 0.0460 0.4839
v -0.1808 0.0434 0.4796
v -0.1860 0.0415 0.4833
v -0.2131 0.0332 0.5110
v -0.2100 0.0341 0.5089
v -0.2080 0.0336 0.5056
v -0.2274 0.0391 0.5240
v -0.2225 0.0364 0.5189
v -0.2334 0.0547 0.5379
v -0.2328 0.0637 0.5409
v -0.2271 0.0639 0.5382
v -0.2014 0.0594 0.5115
v -0.1961 0.0519 0.5018
v -0.2092 0.0501 0.5153
v -0.1815 0.0588 0.4916
v -0.1802 0.0557 0.4866
v -0.1813 0.0526 0.4857
v -0.1938 0.0743 0.5153
v -0.1874 0.0712 0.5072
v -0.1919 0.0694 0.5091
v -0.2284 0.0708 0.5424
v -0.2320 0.0771 0.5476
v -0.2278 0.0765 0.5464
v -0.2387 0.0806 0.5490
v -0.2446 0.0758 0.5450
v -0.2419 0.0857 0.5498
v -0.2357 0.0913 0.5548
v -0.2315 0.0963 0.5566
v -0.2317 0.0916 0.5567
v -0.2367 0.1103 0.5502
v -0.2386 0.1210 0.5457
v -0.2209 0.1124 0.5543
v -0.2088 0.1163 0.5468
v -0.2163 0.1182 0.5511
v -0.2018 0.1249 0.5404
v -0.1935 0.1321 0.5341
v -0.1864 0.1381 0.5295
v -0.1864 0.1302 0.5302
v -0.1878 0.1505 0.5270
v -0.1959 0.1531 0.5260
v -0.1871 0.1542 0.5260
v -0.1758 0.1600 0.5134
v -0.1688 0.1578 0.5201
v -0.1739 0.1559 0.5205
v -0.1538 0.1705 0.5152
v -0.1627 0.1693 0.5040
v -0.1548 0.1740 0.5038
v -0.1566 0.1752 0.4862
v -0.1644 0.1737 0.4798
v -0.1559 0.1751 0.4808
v -0.1520 0.1760 0.4751
v -0.1512 0.1753 0.4693
v -0.1443 0.1787 0.4632
v -0.1181 0.1930 0.4375
v -0.1107 0.1918 0.4225
v -0.1082 0.1969 0.4328
v -0.0826 0.1989 0.4023
v -0.0830 0.1974 0.3953
v -0.0791 0.2002 0.4094
v -0.0586 0.1870 0.3823
v -0.0555 0.1821 0.3739
v -0.0468 0.1819 0.3798
v -0.0299 0.1724 0.3735
v -0.0330 0.1700 0.3636
v -0.0088 0.1532 0.3723
v -0.0142 0.1546 0.3682
v -0.0090 0.1513 0.3678
v -0.0102 0.1391 0.3451
v -0.0044 0.1355 0.3447
v -0.0042 0.1390 0.3499
v 0.0250 0.1523 0.3539
v 0.0322 0.1421 0.3351
v 0.0413 0.1507 0.3448
v 0.0603 0.1627 0.3636
v 0.0602 0.1593 0.3552
v 0.0714 0.1621 0.3595
v 0.0776 0.1652 0.3647
v 0.0821 0.1681 0.3667
v 0.0917 0.1891 0.3885
v 0.0905 0.1876 0.3819
v 0.0898 0.1944 0.3887
v 0.0902 0.2041 0.3895
v 0.0928 0.2036 0.3841
v 0.0922 0.2075 0.3894
v 0.1005 0.2140 0.3928
v 0.0968 0.2121 0.3894
v 0.1035 0.2164 0.3933
v 0.1249 0.2202 0.4012
v 0.1286 0.2202 0.3914
v 0.1354 0.2214 0.4005
v 0.1371 0.2153 0.4427
v 0.1523 0.2159 0.4354
v 0.1652 0.2117 0.4492
v 0.1857 0.2097 0.4455
v 0.1760 0.2150 0.4287
v 0.1860 0.2125 0.4323
v 0.2221 0.1932 0.4341
v 0.2134 0.1989 0.4305
v 0.2220 0.1952 0.4253
v 0.2405 0.1841 0.4341
v 0.2488 0.1806 0.4335
v 0.2487 0.1739 0.4382
v 0.2645 0.1525 0.4456
v 0.2578 0.1578 0.4438
v 0.2661 0.1592 0.4428
v 0.2829 0.1494 0.4470
v 0.2778 0.1479 0.4447
v 0.2767 0.1524 0.4460
v 0.2762 0.1436 0.4425
v 0.2694 0.1428 0.4445
v 0.2714 0.1488 0.4449
v 0.2566 0.1533 0.4493
v 0.2511 0.1570 0.4498
v 0.2543 0.1549 0.4476
v 0.2716 0.1245 0.4458
v 0.2732 0.1241 0.4396
v 0.2752 0.1186 0.4397
v 0.2978 0.0887 0.4337
v 0.2983 0.0911 0.4252
v 0.3019 0.0784 0.4393
v 0.3048 0.0673 0.4250
v 0.3056 0.0738 0.4175
v 0.3055 0.0680 0.4170
v 0.3017 0.0564 0.4186
v 0.3008 0.0566 0.4119
v 0.2981 0.0498 0.4211
v 0.2830 0.0344 0.4109
v 0.2861 0.0368 0.4023
v 0.2827 0.0330 0.4063
v 0.2869 0.0323 0.3819
v 0.2894 0.0337 0.3843
v 0.2943 0.0328 0.3794
v 0.3045 0.0319 0.3761
v 0.3095 0.0301 0.3659
v 0.3033 0.0269 0.3632
v 0.3041 0.0201 0.3481
v 0.3100 0.0223 0.3430
v 0.3040 0.0198 0.3431
v 0.3089 0.0261 0.3144
v 0.3136 0.0277 0.3046
v 0.2977 0.0231 0.3126
v 0.2833 0.0226 0.2909
v 0.2871 0.0226 0.2796
v 0.2770 0.0202 0.2788
v 0.2099 0.0127 0.2838
v 0.2343 0.0128 0.2710
v 0.2026 0.0191 0.2580
v 0.1732 0.0277 0.2379
v 0.1623 0.0273 0.2522
v 0.1223 0.0365 0.2806
v 0.1305 0.0479 0.2616
v 0.1184 0.0436 0.2786
v 0.0940 0.0460 0.3032
v 0.0987 0.0463 0.2995
v 0.0948 0.0523 0.2996
v 0.0738 0.0545 0.3002
v 0.0787 0.0605 0.2977
v 0.0720 0.0627 0.2970
v 0.0315 0.0535 0.3059
v 0.0235 0.0665 0.3033
v 0.0234 0.0550 0.3085
v 0.0114 0.0618 0.3139
v 0.0038 0.0548 0.3113
v 0.0074 0.0518 0.3166
v -0.0015 0.0419 0.3134
v -0.0035 0.0374 0.3152
v -0.0274 0.0322 0.3231
v -0.0277 0.0397 0.3164
v -0.0321 0.0360 0.3214
v -0.0422 0.0266 0.3292
v -0.0616 0.0333 0.3155
v -0.0646 0.0273 0.3202
v -0.1065 0.0289 0.3267
v -0.1003 0.0309 0.3240
v -0.1073 0.0318 0.3208
v -0.1234 0.0229 0.3426
v -0.1183 0.0229 0.3379
v -0.1243 0.0217 0.3358
v -0.1384 0.0184 0.3582
v -0.1410 0.0167 0.3451
v -0.1449 0.0173 0.3657
v -0.1779 0.0188 0.3854
v -0.1690 0.0168 0.3753
v -0.1822 0.0173 0.3803
v -0.1825 0.0263 0.4251
v -0.1753 0.0242 0.4197
v -0.1845 0.0239 0.4124
v -0.2496 0.0188 0.4543
v -0.2430 0.0199 0.4395
v -0.2475 0.0198 0.4258
v -0.2660 0.0235 0.4540
v -0.2689 0.0232 0.4378
v -0.2727 0.0258 0.4465
v -0.2734 0.0279 0.4773
v -0.2763 0.0300 0.4796
v -0.2707 0.0276 0.4810
v -0.2787 0.0337 0.4869
v -0.2826 0.0446 0.4926
v -0.2737 0.0375 0.4982
v -0.2928 0.0801 0.5074
v -0.2999 0.0816 0.4966
v -0.2978 0.0918 0.5091
v -0.2749 0.0978 0.5366
v -0.2879 0.1039 0.5335
v -0.2811 0.1049 0.5364
v -0.2427 0.0969 0.5509
v -0.2515 0.0918 0.5471
v -0.2504 0.1015 0.5470
v -0.2778 0.1254 0.5361
v -0.2737 0.1330 0.5330
v -0.2582 0.1263 0.5391
v -0.2129 0.1310 0.5421
v -0.2214 0.1373 0.5394
v -0.2101 0.1432 0.5345
v -0.1930 0.1388 0.5323
v -0.2004 0.1397 0.5344
v -0.1877 0.1473 0.5286
v -0.2273 0.1531 0.5276
v -0.2361 0.1633 0.5175
v -0.2218 0.1553 0.5257
v -0.1925 0.1707 0.5058
v -0.1916 0.1824 0.4924
v -0.1869 0.1728 0.5012
v -0.1685 0.1614 0.5132
v -0.1761 0.1639 0.5068
v -0.1701 0.1644 0.5075
v -0.1761 0.1812 0.4800
v -0.1729 0.1802 0.4773
v -0.1709 0.1754 0.4845
v -0.1594 0.1755 0.4677
v -0.1657 0.1797 0.4673
v -0.1635 0.1783 0.4646
v -0.1465 0.1764 0.4625
v -0.1508 0.1754 0.4638
v -0.1408 0.1760 0.4405
v -0.1399 0.1760 0.4347
v -0.1374 0.1788 0.4416
v -0.1320 0.1782 0.4277
v -0.1312 0.1770 0.4234
v -0.1263 0.1822 0.4267
v -0.1209 0.1724 0.3844
v -0.1019 0.1826 0.3840
v -0.1043 0.1856 0.3939
v -0.0780 0.1946 0.3860
v -0.0779 0.1902 0.3799
v -0.0711 0.1835 0.3722
v -0.0587 0.1719 0.3557
v -0.0501 0.1707 0.3559
v -0.0480 0.1656 0.3456
v -0.0389 0.1641 0.3434
v -0.0408 0.1648 0.3486
v -0.0264 0.1545 0.3483
v -0.0269 0.1526 0.3438
v -0.0234 0.1511 0.3474
v -0.0234 0.1450 0.3390
v -0.0256 0.1447 0.3340
v -0.0233 0.1410 0.3324
v -0.0056 0.1279 0.3328
v 0.0019 0.1227 0.3279
v 0.0066 0.1200 0.3251
v 0.0272 0.1292 0.3226
v 0.0279 0.1359 0.3296
v 0.0480 0.1527 0.3443
v 0.0462 0.1498 0.3407
v 0.0537 0.1541 0.3439
v 0.0651 0.1609 0.3492
v 0.0599 0.1673 0.3442
v 0.0651 0.1666 0.3460
v 0.0822 0.1648 0.3546
v 0.0763 0.1640 0.3498
v 0.0815 0.1662 0.3497
v 0.0903 0.1927 0.3821
v 0.0897 0.1847 0.3740
v 0.0906 0.1908 0.3749
v 0.0943 0.1971 0.3714
v 0.0911 0.1899 0.3676
v 0.0929 0.1930 0.3651
v 0.1059 0.2052 0.3623
v 0.1093 0.2049 0.3530
v 0.1149 0.2111 0.3655
v 0.1365 0.2139 0.3557
v 0.1446 0.2135 0.3539
v 0.1482 0.2159 0.3605
v 0.1793 0.2208 0.3951
v 0.1758 0.2220 0.3922
v 0.1817 0.2158 0.3821
v 0.1705 0.2133 0.4388
v 0.1579 0.2179 0.4246
v 0.1937 0.2125 0.4179
v 0.1947 0.2124 0.4034
v 0.2099 0.2031 0.4011
v 0.2359 0.1917 0.4195
v 0.2315 0.1949 0.4064
v 0.2421 0.1919 0.4138
v 0.2553 0.1892 0.4244
v 0.2572 0.1911 0.4209
v 0.2640 0.1914 0.4251
v 0.2788 0.1684 0.4462
v 0.2818 0.1761 0.4428
v 0.2852 0.1725 0.4461
v 0.3014 0.1520 0.4461
v 0.2924 0.1589 0.4493
v 0.2974 0.1597 0.4445
v 0.2884 0.1405 0.4399
v 0.2820 0.1447 0.4433
v 0.2846 0.1471 0.4461
v 0.2757 0.1250 0.4333
v 0.2767 0.1309 0.4344
v 0.2800 0.1293 0.4314
v 0.2785 0.1187 0.4275
v 0.2818 0.1196 0.4230
v 0.2809 0.1131 0.4280
v 0.2870 0.1073 0.4221
v 0.2877 0.1085 0.4183
v 0.2930 0.1007 0.4217
v 0.3014 0.0854 0.4249
v 0.3000 0.0932 0.4174
v 0.3028 0.0865 0.4178
v 0.3067 0.0673 0.4102
v 0.3106 0.0704 0.4012
v 0.3076 0.0635 0.4042
v 0.2989 0.0540 0.4055
v 0.3048 0.0575 0.4001
v 0.3031 0.0548 0.3983
v 0.2941 0.0454 0.3982
v 0.2913 0.0414 0.3938
v 0.2901 0.0414 0.4011
v 0.2944 0.0397 0.3871
v 0.2964 0.0387 0.3837
v 0.2913 0.0374 0.3879
v 0.3176 0.0342 0.3730
v 0.3160 0.0328 0.3665
v 0.3121 0.0327 0.3719
v 0.3294 0.0411 0.3625
v 0.3303 0.0385 0.3520
v 0.3218 0.0345 0.3595
v 0.3100 0.0243 0.3309
v 0.3225 0.0307 0.3219
v 0.3125 0.0268 0.3203
v 0.3329 0.0270 0.2639
v 0.3240 0.0233 0.2458
v 0.3228 0.0234 0.2572
v 0.2814 0.0214 0.2683
v 0.2937 0.0200 0.2519
v 0.2779 0.0185 0.2546
v 0.2517 0.0162 0.2469
v 0.2514 0.0174 0.2418
v 0.2340 0.0193 0.2407
v 0.2003 0.0286 0.2263
v 0.2013 0.0282 0.2207
v 0.1947 0.0291 0.2246
v 0.1753 0.0316 0.2311
v 0.1714 0.0363 0.2313
v 0.1624 0.0353 0.2413
v 0.1352 0.0521 0.2534
v 0.1542 0.0537 0.2352
v 0.1313 0.0589 0.2530
v 0.0975 0.0610 0.2911
v 0.0960 0.0683 0.2877
v 0.0933 0.0640 0.2936
v 0.0826 0.0688 0.2974
v 0.0816 0.0739 0.2954
v 0.0823 0.0919 0.2911
v 0.0824 0.0968 0.2908
v 0.0616 0.0910 0.2916
v 0.0192 0.0685 0.3055
v 0.0204 0.0743 0.3022
v 0.0139 0.0751 0.3043
v -0.0006 0.0575 0.3063
v 0.0016 0.0638 0.3058
v -0.0051 0.0580 0.3046
v -0.0324 0.0584 0.3048
v -0.0250 0.0615 0.3023
v -0.0364 0.0618 0.3025
v -0.0394 0.0524 0.3069
v -0.0528 0.0505 0.3036
v -0.0394 0.0471 0.3122
v -0.0716 0.0462 0.3063
v -0.0847 0.0527 0.3068
v -0.0949 0.0465 0.3126
v -0.1079 0.0361 0.3156
v -0.1109 0.0361 0.3029
v -0.1113 0.0319 0.3133
v -0.1162 0.0260 0.3146
v -0.1179 0.0283 0.3021
v -0.1203 0.0226 0.3147
v -0.1769 0.0116 0.3524
v -0.1527 0.0150 0.3463
v -0.1694 0.0123 0.3435
v -0.2037 0.0056 0.3670
v -0.1946 0.0077 0.3602
v -0.2047 0.0037 0.3601
v -0.2146 0.0191 0.3961
v -0.2205 0.0142 0.3890
v -0.2313 0.0166 0.3958
v -0.2648 0.0209 0.4071
v -0.2540 0.0182 0.4026
v -0.2573 0.0184 0.3946
v -0.2844 0.0283 0.4294
v -0.2819 0.0271 0.4264
v -0.2863 0.0303 0.4277
v -0.2871 0.0372 0.4740
v -0.2937 0.0419 0.4599
v -0.2958 0.0447 0.4705
v -0.2839 0.0573 0.5021
v -0.2901 0.0525 0.4862
v -0.2945 0.0578 0.4820
v -0.3055 0.0890 0.4951
v -0.3039 0.0966 0.5026
v -0.2902 0.1086 0.5329
v -0.2871 0.1084 0.5346
v -0.2858 0.1165 0.5371
v -0.2871 0.1188 0.5346
v -0.2835 0.1191 0.5370
v -0.2899 0.1387 0.5189
v -0.2753 0.1496 0.5213
v -0.2777 0.1448 0.5232
v -0.2586 0.1646 0.5122
v -0.2549 0.1777 0.5013
v -0.2474 0.1603 0.5190
v -0.2094 0.1768 0.4990
v -0.2189 0.1807 0.4921
v -0.2074 0.1826 0.4894
v -0.1806 0.1729 0.4968
v -0.1880 0.1817 0.4913
v -0.1774 0.1768 0.4884
v -0.1601 0.1846 0.4482
v -0.1651 0.1896 0.4501
v -0.1632 0.1904 0.4460
v -0.1528 0.1778 0.4413
v -0.1539 0.1810 0.4392
v -0.1475 0.1766 0.4399
v -0.1487 0.1805 0.4273
v -0.1463 0.1784 0.4253
v -0.1422 0.1765 0.4283
v -0.1349 0.1760 0.4230
v -0.1293 0.1769 0.4003
v -0.1248 0.1765 0.3991
v -0.1226 0.1781 0.4008
v -0.1248 0.1712 0.3839
v -0.1297 0.1721 0.3780
v -0.1246 0.1711 0.3778
v -0.1105 0.1685 0.3691
v -0.1194 0.1653 0.3667
v -0.1115 0.1653 0.3659
v -0.1095 0.1599 0.3590
v -0.1153 0.1609 0.3548
v -0.1116 0.1593 0.3555
v -0.1065 0.1634 0.3612
v -0.0998 0.1662 0.3611
v -0.1054 0.1690 0.3670
v -0.0773 0.1649 0.3491
v -0.0773 0.1636 0.3431
v -0.0738 0.1658 0.3481
v -0.0644 0.1698 0.3482
v -0.0704 0.1689 0.3427
v -0.0657 0.1700 0.3427
v -0.0509 0.1691 0.3427
v -0.0465 0.1703 0.3389
v -0.0300 0.1650 0.3352
v -0.0270 0.1662 0.3320
v -0.0285 0.1591 0.3361
v -0.0265 0.1444 0.3275
v -0.0249 0.1419 0.3257
v -0.0168 0.1305 0.3271
v -0.0170 0.1297 0.3204
v -0.0114 0.1272 0.3277
v 0.0020 0.1197 0.3252
v -0.0047 0.1179 0.3213
v 0.0017 0.1175 0.3218
v 0.0225 0.1190 0.3146
v 0.0317 0.1206 0.3123
v 0.0770 0.1352 0.3161
v 0.0751 0.1317 0.3135
v 0.0823 0.1371 0.3150
v 0.0718 0.1479 0.3270
v 0.0746 0.1438 0.3249
v 0.0755 0.1531 0.3248
v 0.0539 0.1479 0.3369
v 0.0598 0.1474 0.3337
v 0.0582 0.1485 0.3364
v 0.0600 0.1598 0.3421
v 0.0597 0.1589 0.3382
v 0.0553 0.1617 0.3395
v 0.0377 0.1699 0.3389
v 0.0305 0.1782 0.3405
v 0.0364 0.1768 0.3428
v 0.0649 0.1722 0.3472
v 0.0578 0.1733 0.3468
v 0.0870 0.1765 0.3551
v 0.0869 0.1727 0.3525
v 0.0851 0.1770 0.3497
v 0.0888 0.1887 0.3529
v 0.0902 0.1900 0.3500
v 0.0921 0.1927 0.3542
v 0.1024 0.2013 0.3549
v 0.0978 0.2000 0.3499
v 0.0988 0.2039 0.3473
v 0.1109 0.2038 0.3435
v 0.1107 0.2039 0.3378
v 0.1170 0.2045 0.3442
v 0.1397 0.2048 0.3366
v 0.1753 0.2115 0.3632
v 0.1851 0.2070 0.3601
v 0.1822 0.2119 0.3710
v 0.1970 0.2105 0.3946
v 0.2032 0.2062 0.3862
v 0.2101 0.2033 0.3948
v 0.2405 0.1938 0.4031
v 0.2379 0.1952 0.3912
v 0.2520 0.1932 0.4007
v 0.2638 0.1933 0.4204
v 0.2698 0.1945 0.4253
v 0.2858 0.1812 0.4365
v 0.2915 0.1777 0.4351
v 0.2927 0.1701 0.4406
v 0.3105 0.1472 0.4417
v 0.3091 0.1527 0.4396
v 0.3162 0.1455 0.4400
v 0.3322 0.1248 0.4350
v 0.3342 0.1284 0.4369
v 0.3383 0.1268 0.4359
v 0.3110 0.1259 0.4270
v 0.3043 0.1246 0.4226
v 0.3043 0.1313 0.4315
v 0.2934 0.1233 0.4197
v 0.2930 0.1201 0.4166
v 0.2867 0.1206 0.4201
v 0.2926 0.1143 0.4142
v 0.2945 0.1113 0.4116
v 0.2917 0.1071 0.4157
v 0.3042 0.0961 0.4059
v 0.3040 0.1026 0.4049
v 0.3084 0.0965 0.4023
v 0.3153 0.0698 0.3964
v 0.3106 0.0667 0.4012
v 0.3253 0.0478 0.3854
v 0.3276 0.0453 0.3830
v 0.3246 0.0437 0.3842
v 0.3023 0.0463 0.3912
v 0.3037 0.0406 0.3858
v 0.2983 0.0438 0.3905
v 0.3203 0.0377 0.3759
v 0.3258 0.0403 0.3721
v 0.3204 0.0359 0.3712
v 0.3404 0.0494 0.3548
v 0.3452 0.0512 0.3441
v 0.3380 0.0456 0.3540
v 0.3379 0.0385 0.3286
v 0.3474 0.0429 0.3208
v 0.3430 0.0400 0.3183
v 0.3528 0.0387 0.2926
v 0.3676 0.0408 0.2794
v 0.3511 0.0363 0.2807
v 0.3271 0.0251 0.2358
v 0.3160 0.0220 0.2343
v 0.2870 0.0143 0.2169
v 0.2868 0.0144 0.2120
v 0.2787 0.0126 0.2117
v 0.2415 0.0187 0.2315
v 0.2433 0.0178 0.2168
v 0.2296 0.0215 0.2208
v 0.1920 0.0312 0.2091
v 0.1883 0.0328 0.2068
v 0.1839 0.0332 0.2141
v 0.1663 0.0414 0.2326
v 0.1734 0.0412 0.2251
v 0.1716 0.0427 0.2274
v 0.1446 0.0610 0.2406
v 0.1217 0.0747 0.2573
v 0.1434 0.0801 0.2356
v 0.1129 0.0828 0.2660
v 0.0933 0.0777 0.2852
v 0.0907 0.0754 0.2898
v 0.0829 0.1015 0.2908
v 0.0470 0.0855 0.2938
v 0.0425 0.0961 0.2938
v 0.0348 0.0910 0.2955
v 0.0022 0.0712 0.3030
v 0.0093 0.0789 0.3011
v 0.0021 0.0792 0.3004
v -0.0166 0.0723 0.2979
v -0.0123 0.0764 0.2976
v -0.0253 0.0733 0.2970
v -0.0400 0.0572 0.3035
v -0.0392 0.0628 0.2998
v -0.0636 0.0605 0.2975
v -0.0806 0.0632 0.3021
v -0.0885 0.0577 0.3062
v -0.1010 0.0464 0.3103
v -0.1045 0.0473 0.3032
v -0.1041 0.0433 0.3095
v -0.1054 0.0512 0.2953
v -0.1069 0.0507 0.2902
v -0.1230 0.0320 0.2897
v -0.1324 0.0248 0.2921
v -0.1370 0.0173 0.3114
v -0.1367 0.0195 0.2990
v -0.1416 0.0175 0.3034
v -0.1959 0.0139 0.3318
v -0.1851 0.0153 0.3223
v -0.2083 0.0169 0.3208
v -0.2199 0.0103 0.3467
v -0.2124 0.0128 0.3372
v -0.2201 0.0157 0.3349
v -0.2384 0.0153 0.3653
v -0.2341 0.0194 0.3451
v -0.2428 0.0219 0.3529
v -0.2687 0.0227 0.3968
v -0.2703 0.0267 0.3812
v -0.2799 0.0284 0.3934
v -0.2921 0.0376 0.4240
v -0.2903 0.0360 0.4318
v -0.3059 0.0495 0.4483
v -0.3036 0.0501 0.4583
v -0.2963 0.0553 0.4779
v -0.3009 0.0595 0.4748
v -0.2990 0.0634 0.4787
v -0.3194 0.0875 0.4795
v -0.3177 0.0954 0.4819
v -0.3144 0.0920 0.4856
v -0.2902 0.1138 0.5331
v -0.3042 0.1221 0.5080
v -0.2968 0.1225 0.5204
v -0.2998 0.1333 0.5130
v -0.3068 0.1378 0.5037
v -0.3025 0.1394 0.5067
v -0.2695 0.1661 0.5058
v -0.2715 0.1729 0.4954
v -0.2616 0.1777 0.4990
v -0.2493 0.1861 0.4780
v -0.2544 0.1896 0.4630
v -0.2451 0.1894 0.4667
v -0.2208 0.1851 0.4819
v -0.2147 0.1875 0.4784
v -0.2091 0.1870 0.4813
v -0.1954 0.1936 0.4729
v -0.1969 0.2010 0.4612
v -0.1879 0.1946 0.4711
v -0.1668 0.1962 0.4408
v -0.1708 0.2008 0.4378
v -0.1625 0.2025 0.4151
v -0.1454 0.1804 0.4215
v -0.1510 0.1921 0.4162
v -0.1430 0.1812 0.4162
v -0.1368 0.1817 0.4048
v -0.1391 0.1828 0.4080
v -0.1397 0.1866 0.4033
v -0.1324 0.1796 0.3947
v -0.1333 0.1786 0.3978
v -0.1362 0.1838 0.3919
v -0.1294 0.1757 0.3706
v -0.1298 0.1735 0.3738
v -0.1309 0.1758 0.3760
v -0.1227 0.1666 0.3642
v -0.1219 0.1666 0.3563
v -0.1135 0.1585 0.3491
v -0.1155 0.1603 0.3470
v -0.1120 0.1568 0.3419
v -0.0914 0.1642 0.3550
v -0.0958 0.1571 0.3490
v -0.0888 0.1546 0.3444
v -0.0787 0.1608 0.3399
v -0.0820 0.1595 0.3436
v -0.0738 0.1719 0.3339
v -0.0742 0.1722 0.3309
v -0.0698 0.1727 0.3346
v -0.0554 0.1770 0.3334
v -0.0551 0.1800 0.3252
v -0.0448 0.1776 0.3303
v -0.0284 0.1701 0.3303
v -0.0257 0.1582 0.3253
v -0.0250 0.1601 0.3190
v -0.0258 0.1541 0.3198
v -0.0193 0.1360 0.3167
v -0.0226 0.1413 0.3180
v -0.0217 0.1449 0.3138
v -0.0115 0.1260 0.3063
v -0.0098 0.1256 0.3029
v -0.0118 0.1199 0.3082
v 0.0022 0.1087 0.3140
v 0.0057 0.1093 0.3139
v 0.0008 0.1114 0.3160
v 0.0126 0.1084 0.3098
v 0.0066 0.0995 0.3051
v 0.0149 0.0997 0.2994
v 0.0085 0.0855 0.2990
v 0.0140 0.0911 0.2965
v 0.0097 0.0915 0.2990
v 0.0418 0.1175 0.3063
v 0.0330 0.1064 0.3008
v 0.0510 0.1076 0.2971
v -0.0256 0.0782 0.2966
v -0.0410 0.0743 0.2944
v -0.0702 0.0757 0.2970
v -0.0608 0.0852 0.2938
v -0.0683 0.0852 0.2956
v -0.0964 0.0573 0.3049
v -0.0885 0.0637 0.3040
v -0.0954 0.0634 0.3029
v -0.1065 0.0548 0.2888
v -0.1124 0.0553 0.2797
v -0.1379 0.0296 0.2795
v -0.1322 0.0423 0.2698
v -0.1505 0.0354 0.2627
v -0.1621 0.0247 0.2693
v -0.1712 0.0269 0.2529
v -0.1725 0.0245 0.2617
v -0.2097 0.0178 0.3055
v -0.1979 0.0171 0.3001
v -0.2100 0.0161 0.2916
v -0.2193 0.0184 0.3264
v -0.2205 0.0202 0.3206
v -0.2272 0.0204 0.3310
v -0.2065 0.0172 0.3127
v -0.2138 0.0181 0.3202
v -0.2726 0.0294 0.3707
v -0.2619 0.0284 0.3562
v -0.2729 0.0306 0.3611
v -0.2901 0.0328 0.4029
v -0.2916 0.0355 0.3971
v -0.2936 0.0391 0.4052
v -0.3060 0.0537 0.4197
v -0.3140 0.0623 0.4162
v -0.3146 0.0611 0.4254
v -0.3245 0.0666 0.4402
v -0.3244 0.0666 0.4369
v -0.3279 0.0746 0.4403
v -0.3194 0.0751 0.4704
v -0.3217 0.0806 0.4730
v -0.3162 0.0772 0.4751
v -0.3232 0.0855 0.4722
v -0.3230 0.1006 0.4623
v -0.3209 0.1070 0.4731
v -0.3102 0.1315 0.4981
v -0.3172 0.1274 0.4860
v -0.3177 0.1368 0.4865
v -0.2852 0.1612 0.4980
v -0.3089 0.1457 0.4954
v -0.2892 0.1618 0.4919
v -0.3002 0.1568 0.4852
v -0.3089 0.1499 0.4777
v -0.3020 0.1562 0.4804
v -0.2710 0.1847 0.4561
v -0.2772 0.1860 0.4500
v -0.2690 0.1887 0.4522
v -0.2516 0.1930 0.4554
v -0.2448 0.1967 0.4525
v -0.2408 0.1926 0.4613
v -0.2210 0.1956 0.4647
v -0.2237 0.2055 0.4527
v -0.2138 0.1997 0.4617
v -0.2153 0.2145 0.4358
v -0.2091 0.2156 0.4316
v -0.1960 0.2107 0.4413
v -0.1806 0.2101 0.4268
v -0.1931 0.2169 0.4168
v -0.1837 0.2144 0.4110
v -0.1549 0.2026 0.4073
v -0.1586 0.2070 0.4040
v -0.1517 0.2064 0.4015
v -0.1413 0.1953 0.3963
v -0.1466 0.2062 0.3895
v -0.1400 0.1982 0.3807
v -0.1360 0.1809 0.3994
v -0.1371 0.1869 0.3918
v -0.1279 0.1767 0.3584
v -0.1300 0.1791 0.3482
v -0.1260 0.1717 0.3546
v -0.1185 0.1609 0.3355
v -0.1268 0.1667 0.3255
v -0.1166 0.1560 0.3244
v -0.0952 0.1473 0.3379
v -0.1027 0.1462 0.3321
v -0.0959 0.1422 0.3312
v -0.0882 0.1457 0.3339
v -0.0830 0.1554 0.3373
v -0.0878 0.1512 0.3397
v -0.0780 0.1667 0.3330
v -0.0795 0.1647 0.3257
v -0.0784 0.1676 0.3257
v -0.0603 0.1793 0.3253
v -0.0600 0.1802 0.3147
v -0.0559 0.1818 0.3146
v -0.0430 0.1819 0.3144
v -0.0447 0.1805 0.3094
v -0.0372 0.1791 0.3139
v -0.0255 0.1677 0.3132
v -0.0285 0.1709 0.3067
v -0.0257 0.1668 0.3069
v -0.0186 0.1509 0.3070
v -0.0180 0.1577 0.3005
v -0.0147 0.1498 0.3038
v -0.0104 0.1298 0.3045
v -0.0044 0.1313 0.2929
v -0.0106 0.1094 0.3089
v -0.0167 0.1092 0.3049
v -0.0101 0.1057 0.3079
v -0.0132 0.0943 0.3028
v -0.0147 0.1014 0.3050
v -0.0202 0.0972 0.3036
v -0.0612 0.0885 0.2946
v -0.0610 0.0959 0.2955
v -0.0663 0.0906 0.2947
v -0.0954 0.0725 0.3012
v -0.0910 0.0749 0.2992
v -0.0959 0.0731 0.2980
v -0.1075 0.0713 0.2809
v -0.1193 0.0730 0.2696
v -0.1191 0.0624 0.2712
v -0.1281 0.0486 0.2678
v -0.1375 0.0565 0.2560
v -0.1564 0.0487 0.2471
v -0.1726 0.0289 0.2485
v -0.1774 0.0299 0.2421
v -0.1815 0.0278 0.2430
v -0.2223 0.0185 0.2622
v -0.2083 0.0220 0.2554
v -0.2174 0.0202 0.2543
v -0.2554 0.0205 0.2940
v -0.2452 0.0192 0.2913
v -0.2553 0.0146 0.2738
v -0.2657 0.0289 0.3233
v -0.2466 0.0288 0.3157
v -0.2598 0.0263 0.3124
v -0.3073 0.0364 0.3762
v -0.2958 0.0329 0.3506
v -0.3116 0.0339 0.3630
v -0.3250 0.0488 0.3935
v -0.3210 0.0402 0.3841
v -0.3302 0.0453 0.3907
v -0.3432 0.0553 0.4098
v -0.3362 0.0594 0.4091
v -0.3379 0.0532 0.4033
v -0.3494 0.0620 0.4239
v -0.3508 0.0612 0.4198
v -0.3531 0.0672 0.4258
v -0.3656 0.0839 0.4417
v -0.3682 0.0874 0.4438
v -0.3633 0.0853 0.4437
v -0.3459 0.0946 0.4401
v -0.3383 0.0967 0.4365
v -0.3390 0.0915 0.4359
v -0.3520 0.0712 0.4326
v -0.3481 0.0647 0.4261
v -0.3303 0.0639 0.4093
v -0.3290 0.0623 0.4058
v -0.3124 0.0446 0.3899
v -0.3179 0.0513 0.3956
v -0.3093 0.0576 0.4116
v -0.3114 0.0584 0.4053
v -0.3136 0.0622 0.4075
v -0.3182 0.0673 0.4217
v -0.3227 0.0698 0.4281
v -0.3283 0.0856 0.4410
v -0.3312 0.0857 0.4335
v -0.3280 0.0934 0.4425
v -0.3191 0.1271 0.4697
v -0.3202 0.1215 0.4576
v -0.3179 0.1326 0.4646
v -0.3142 0.1439 0.4732
v -0.3081 0.1501 0.4652
v -0.2884 0.1693 0.4592
v -0.2895 0.1706 0.4557
v -0.2847 0.1713 0.4595
v -0.2831 0.1809 0.4505
v -0.2854 0.1878 0.4476
v -0.2783 0.1824 0.4516
v -0.2791 0.1929 0.4463
v -0.2740 0.1973 0.4424
v -0.2732 0.1932 0.4448
v -0.2666 0.1994 0.4345
v -0.2690 0.2028 0.4322
v -0.2613 0.1991 0.4346
v -0.2412 0.2042 0.4411
v -0.2463 0.2042 0.4325
v -0.2254 0.2114 0.4406
v -0.2373 0.2116 0.4117
v -0.2316 0.2136 0.4100
v -0.2297 0.2124 0.4232
v -0.2087 0.2203 0.3918
v -0.2133 0.2222 0.3782
v -0.2069 0.2224 0.3839
v -0.1853 0.2225 0.3805
v -0.1847 0.2276 0.3661
v -0.1748 0.2215 0.3761
v -0.1515 0.2117 0.3881
v -0.1555 0.2148 0.3826
v -0.1519 0.2125 0.3786
v -0.1403 0.2022 0.3414
v -0.1434 0.2072 0.3307
v -0.1414 0.2052 0.3322
v -0.1374 0.1927 0.3314
v -0.1413 0.1975 0.3222
v -0.1380 0.1885 0.3286
v -0.1400 0.1781 0.3170
v -0.1449 0.1807 0.3098
v -0.1410 0.1752 0.3094
v -0.0970 0.1350 0.3212
v -0.1036 0.1364 0.3126
v -0.0950 0.1311 0.3196
v -0.0848 0.1309 0.3196
v -0.0835 0.1357 0.3212
v -0.0902 0.1305 0.3201
v -0.0832 0.1363 0.3127
v -0.0811 0.1416 0.3195
v -0.0794 0.1477 0.3168
v -0.0780 0.1525 0.3207
v -0.0779 0.1478 0.3205
v -0.0789 0.1636 0.3156
v -0.0815 0.1577 0.3073
v -0.0787 0.1625 0.3086
v -0.0744 0.1723 0.3202
v -0.0745 0.1697 0.3066
v -0.0700 0.1737 0.3098
v -0.0500 0.1809 0.3096
v -0.0522 0.1791 0.3044
v -0.0263 0.1730 0.3138
v -0.0312 0.1771 0.3122
v -0.0309 0.1741 0.3085
v -0.0226 0.1625 0.3028
v -0.0219 0.1672 0.2945
v -0.0192 0.1632 0.2962
v -0.0080 0.1462 0.2942
v -0.0097 0.1605 0.2867
v -0.0043 0.1540 0.2818
v -0.0007 0.1472 0.2736
v -0.0015 0.1396 0.2735
v -0.0130 0.1168 0.3028
v -0.0100 0.1200 0.2966
v -0.0160 0.1137 0.3036
v -0.0317 0.0984 0.3003
v -0.0335 0.1040 0.2992
v -0.0385 0.0954 0.2983
v -0.0612 0.1034 0.2940
v -0.0440 0.1092 0.2912
v -0.0554 0.1089 0.2913
v -0.0812 0.0967 0.2981
v -0.0720 0.0963 0.2965
v -0.0763 0.0994 0.2975
v -0.0880 0.0911 0.2977
v -0.0935 0.0879 0.2940
v -0.0900 0.0837 0.2966
v -0.1087 0.0940 0.2806
v -0.1234 0.1060 0.2710
v -0.1513 0.0885 0.2436
v -0.1661 0.0542 0.2368
v -0.1683 0.0639 0.2307
v -0.1736 0.0568 0.2288
v -0.1821 0.0308 0.2368
v -0.1869 0.0314 0.2336
v -0.1906 0.0294 0.2377
v -0.2141 0.0219 0.2451
v -0.2308 0.0166 0.2561
v -0.2552 0.0141 0.2685
v -0.2538 0.0147 0.2605
v -0.2665 0.0159 0.2674
v -0.2913 0.0166 0.2970
v -0.2837 0.0168 0.2866
v -0.2941 0.0156 0.2923
v -0.3240 0.0143 0.3131
v -0.3129 0.0131 0.3083
v -0.3239 0.0131 0.3084
v -0.3379 0.0253 0.3294
v -0.3380 0.0216 0.3212
v -0.3445 0.0256 0.3261
v -0.3647 0.0338 0.3566
v -0.3687 0.0386 0.3595
v -0.3632 0.0354 0.3604
v -0.3625 0.0413 0.3741
v -0.3671 0.0413 0.3668
v -0.3666 0.0465 0.3781
v -0.3394 0.0365 0.3732
v -0.3329 0.0346 0.3682
v -0.3431 0.0349 0.3662
v -0.3259 0.0270 0.3362
v -0.3078 0.0235 0.3280
v -0.3346 0.0222 0.3239
v -0.2956 0.0198 0.3133
v -0.2837 0.0218 0.3079
v -0.2914 0.0184 0.3046
v -0.3519 0.0543 0.4098
v -0.3516 0.0498 0.4043
v -0.3564 0.0532 0.4036
v -0.3647 0.0784 0.4256
v -0.3756 0.0799 0.4088
v -0.3821 0.0861 0.4150
v -0.3748 0.0901 0.4399
v -0.3825 0.0957 0.4410
v -0.3740 0.0924 0.4433
v -0.3708 0.1057 0.4457
v -0.3758 0.1070 0.4434
v -0.3712 0.1100 0.4455
v -0.3596 0.0964 0.4450
v -0.3463 0.1134 0.4431
v -0.3347 0.0900 0.4346
v -0.3315 0.0915 0.4350
v -0.3381 0.0760 0.4263
v -0.3354 0.0807 0.4287
v -0.3285 0.0753 0.4282
v -0.3310 0.0701 0.4155
v -0.3242 0.0685 0.4118
v -0.3292 0.0683 0.4114
v -0.3278 0.0735 0.4181
v -0.3241 0.0707 0.4175
v -0.3233 0.1094 0.4454
v -0.3235 0.1103 0.4424
v -0.3236 0.1135 0.4416
v -0.3176 0.1321 0.4513
v -0.3175 0.1361 0.4452
v -0.3156 0.1393 0.4517
v -0.3088 0.1513 0.4510
v -0.3132 0.1471 0.4452
v -0.3107 0.1531 0.4446
v -0.2939 0.1666 0.4552
v -0.2929 0.1908 0.4440
v -0.2889 0.1991 0.4449
v -0.2843 0.2026 0.4432
v -0.2840 0.2047 0.4403
v -0.2798 0.2020 0.4420
v -0.2672 0.2048 0.4282
v -0.2487 0.2056 0.4216
v -0.2565 0.2081 0.4156
v -0.2496 0.2072 0.4161
v -0.2377 0.2122 0.4050
v -0.2381 0.2136 0.3992
v -0.2213 0.2204 0.3715
v -0.2165 0.2228 0.3676
v -0.1980 0.2285 0.3698
v -0.2035 0.2310 0.3646
v -0.1956 0.2326 0.3613
v -0.1781 0.2258 0.3643
v -0.1702 0.2219 0.3694
v -0.1572 0.2168 0.3400
v -0.1495 0.2123 0.3301
v -0.1495 0.2114 0.3429
v -0.1436 0.2064 0.3184
v -0.1448 0.2055 0.3138
v -0.1424 0.1822 0.3163
v -0.1445 0.1734 0.2985
v -0.1519 0.1774 0.2892
v -0.1472 0.1707 0.2892
v -0.1328 0.1555 0.2907
v -0.1332 0.1514 0.2856
v -0.1193 0.1422 0.2936
v -0.0934 0.1221 0.3122
v -0.0994 0.1260 0.3050
v -0.0956 0.1203 0.3078
v -0.0842 0.1303 0.3151
v -0.0838 0.1257 0.3078
v -0.0838 0.1317 0.3094
v -0.0863 0.1474 0.3062
v -0.0842 0.1504 0.3097
v -0.0826 0.1455 0.3132
v -0.0821 0.1597 0.3002
v -0.0814 0.1618 0.2930
v -0.0782 0.1647 0.3019
v -0.0699 0.1732 0.2979
v -0.0732 0.1715 0.2901
v -0.0658 0.1756 0.2849
v -0.0430 0.1778 0.3032
v -0.0551 0.1784 0.2960
v -0.0449 0.1788 0.2927
v -0.0271 0.1715 0.2936
v -0.0192 0.1706 0.2851
v -0.0050 0.1640 0.2710
v -0.0042 0.1715 0.2582
v -0.0033 0.1697 0.2555
v 0.0007 0.1434 0.2551
v 0.0038 0.1578 0.2109
v 0.0016 0.1479 0.2295
v -0.0077 0.1229 0.2860
v -0.0139 0.1197 0.2795
v -0.0217 0.1116 0.2970
v -0.0314 0.1056 0.3021
v -0.0276 0.1037 0.3029
v -0.0471 0.1142 0.2795
v -0.0613 0.1145 0.2802
v -0.0683 0.1105 0.2808
v -0.0724 0.1109 0.2754
v -0.0738 0.1065 0.2801
v -0.0792 0.1103 0.2944
v -0.0818 0.1153 0.2966
v -0.0777 0.1086 0.2974
v -0.0859 0.1295 0.3045
v -0.0840 0.1243 0.3030
v -0.0867 0.1261 0.3017
v -0.0951 0.1445 0.2882
v -0.0938 0.1323 0.2901
v -0.0962 0.1419 0.2802
v -0.0933 0.1413 0.2702
v -0.0831 0.1500 0.2691
v -0.0824 0.1551 0.2739
v -0.0723 0.1661 0.2674
v -0.0706 0.1641 0.2614
v -0.0666 0.1700 0.2563
v -0.0566 0.1821 0.2757
v -0.0529 0.1839 0.2631
v -0.0493 0.1837 0.2714
v -0.0333 0.1796 0.2811
v -0.0350 0.1824 0.2764
v -0.0146 0.1767 0.2699
v -0.0094 0.1880 0.2242
v -0.0052 0.1873 0.2138
v -0.0040 0.1826 0.2293
v 0.0025 0.1712 0.2250
v 0.0038 0.1756 0.2026
v 0.0044 0.1673 0.2150
v 0.0036 0.1652 0.1822
v 0.0021 0.1657 0.1600
v 0.0011 0.1594 0.1832
v -0.0089 0.1321 0.2511
v -0.0070 0.1375 0.2357
v -0.0117 0.1360 0.2314
v -0.0255 0.1207 0.2659
v -0.0221 0.1279 0.2464
v -0.0281 0.1264 0.2479
v -0.0606 0.1211 0.2696
v -0.0517 0.1221 0.2643
v -0.0613 0.1260 0.2632
v -0.0755 0.1079 0.2733
v -0.0837 0.1128 0.2870
v -0.0863 0.1209 0.2963
v -0.0912 0.1367 0.2652
v -0.0876 0.1364 0.2606
v -0.0888 0.1393 0.2642
v -0.0821 0.1232 0.2660
v -0.0810 0.1280 0.2609
v -0.0861 0.1322 0.2611
v -0.0787 0.1317 0.2579
v -0.0826 0.1320 0.2587
v -0.0729 0.1463 0.2563
v -0.0720 0.1523 0.2564
v -0.0766 0.1478 0.2604
v -0.0702 0.1588 0.2552
v -0.0680 0.1543 0.2480
v -0.0664 0.1603 0.2432
v -0.0568 0.1801 0.2248
v -0.0581 0.1799 0.2410
v -0.0616 0.1749 0.2415
v -0.0561 0.1823 0.2511
v -0.0522 0.1862 0.2275
v -0.0412 0.1860 0.2651
v -0.0335 0.1880 0.2551
v -0.0175 0.1986 0.1943
v -0.0116 0.1992 0.1810
v -0.0121 0.1959 0.1975
v -0.0003 0.1948 0.1639
v 0.0028 0.1910 0.1596
v 0.0004 0.1884 0.1825
v 0.0052 0.1791 0.1649
v 0.0059 0.1840 0.1429
v 0.0054 0.1773 0.1557
v -0.0060 0.1554 0.1706
v -0.0042 0.1647 0.1455
v -0.0098 0.1589 0.1530
v -0.0177 0.1328 0.2340
v -0.0158 0.1404 0.2077
v -0.0229 0.1343 0.2247
v -0.0465 0.1309 0.2429
v -0.0413 0.1354 0.2268
v -0.0487 0.1349 0.2363
v -0.0593 0.1280 0.2593
v -0.0611 0.1310 0.2570
v -0.0661 0.1274 0.2605
v -0.0728 0.1147 0.2707
v -0.0726 0.1186 0.2666
v -0.0757 0.1133 0.2680
v -0.0662 0.1324 0.2580
v -0.0661 0.1379 0.2533
v -0.0684 0.1355 0.2570
v -0.0692 0.1449 0.2526
v -0.0688 0.1489 0.2509
v -0.0625 0.1568 0.2308
v -0.0629 0.1652 0.2265
v -0.0519 0.1802 0.1816
v -0.0493 0.1829 0.1687
v -0.0513 0.1836 0.1852
v -0.0441 0.1945 0.1741
v -0.0437 0.1968 0.1607
v -0.0398 0.1988 0.1704
v -0.0322 0.1985 0.2035
v -0.0314 0.1999 0.1884
v -0.0261 0.1983 0.2073
v -0.0117 0.2035 0.1642
v -0.0066 0.2052 0.1505
v -0.0070 0.1990 0.1715
v 0.0021 0.1957 0.1537
v 0.0011 0.1998 0.1421
v 0.0038 0.1943 0.1457
v 0.0052 0.1794 0.1419
v 0.0069 0.1866 0.1240
v 0.0046 0.1811 0.1280
v -0.0005 0.1734 0.1292
v -0.0048 0.1717 0.1251
v -0.0210 0.1562 0.1497
v -0.0220 0.1621 0.1347
v -0.0260 0.1554 0.1527
v -0.0446 0.1395 0.2202
v -0.0377 0.1410 0.2074
v -0.0414 0.1457 0.1996
v -0.0586 0.1453 0.2337
v -0.0589 0.1513 0.2264
v -0.0618 0.1477 0.2378
v -0.0506 0.1666 0.1818
v -0.0491 0.1725 0.1703
v -0.0533 0.1710 0.1886
v -0.0464 0.1917 0.1658
v -0.0469 0.1929 0.1543
v -0.0314 0.2022 0.1740
v -0.0322 0.2045 0.1638
v -0.0268 0.2040 0.1699
v -0.0249 0.2107 0.1479
v -0.0269 0.2153 0.1365
v -0.0187 0.2117 0.1420
v -0.0019 0.2012 0.1513
v -0.0051 0.2073 0.1437
v -0.0003 0.2046 0.1424
v 0.0087 0.2050 0.1255
v 0.0083 0.2047 0.1170
v 0.0062 0.1994 0.1309
v 0.0028 0.1838 0.1098
v 0.0035 0.1898 0.0976
v 0.0022 0.1871 0.0941
v -0.0097 0.1832 0.0857
v -0.0024 0.1877 0.0820
v -0.0044 0.1892 0.0756
v -0.0208 0.1694 0.1136
v -0.0266 0.1654 0.1278
v -0.0445 0.1522 0.1898
v -0.0436 0.1603 0.1700
v -0.0488 0.1567 0.1910
v -0.0445 0.1818 0.1373
v -0.0417 0.1822 0.1250
v -0.0430 0.1891 0.1246
v -0.0436 0.2004 0.1484
v -0.0411 0.2039 0.1372
v -0.0390 0.2054 0.1450
v -0.0317 0.2107 0.1481
v -0.0314 0.2108 0.1433
v -0.0282 0.2115 0.1445
v -0.0260 0.2156 0.1307
v -0.0300 0.2156 0.1261
v -0.0262 0.2166 0.1254
v -0.0007 0.2126 0.1342
v -0.0027 0.2164 0.1317
v 0.0027 0.2119 0.1327
v 0.0074 0.2062 0.1326
v 0.0099 0.2081 0.1369
v 0.0131 0.2062 0.1332
v 0.0132 0.2072 0.1059
v 0.0134 0.2096 0.0857
v 0.0079 0.2047 0.1059
v 0.0018 0.1999 0.0723
v 0.0009 0.1994 0.0682
v 0.0013 0.1932 0.0787
v -0.0057 0.1924 0.0641
v -0.0076 0.1930 0.0608
v -0.0105 0.1900 0.0677
v -0.0331 0.1817 0.1006
v -0.0270 0.1884 0.0806
v -0.0332 0.1873 0.0949
v -0.0290 0.1904 0.0821
v -0.0329 0.1929 0.0869
v -0.0404 0.2031 0.1131
v -0.0394 0.2047 0.1032
v -0.0393 0.2083 0.1199
v -0.0325 0.2170 0.0972
v -0.0327 0.2149 0.1181
v -0.0255 0.2202 0.1114
v -0.0161 0.2224 0.1060
v -0.0156 0.2213 0.1124
v -0.0041 0.2212 0.1241
v -0.0031 0.2290 0.1203
v -0.0004 0.2277 0.1315
v 0.0110 0.2380 0.1728
v 0.0073 0.2396 0.1449
v 0.0124 0.2461 0.1538
v 0.0269 0.2448 0.2148
v 0.0305 0.2467 0.2123
v 0.0341 0.2449 0.2366
v 0.0411 0.2365 0.2810
v 0.0391 0.2411 0.2598
v 0.0511 0.2375 0.2940
v 0.0592 0.2291 0.3258
v 0.0603 0.2307 0.3189
v 0.0648 0.2288 0.3257
v 0.0781 0.2286 0.3444
v 0.0754 0.2305 0.3374
v 0.0826 0.2278 0.3371
v 0.0756 0.2163 0.3513
v 0.0767 0.2204 0.3494
v 0.0848 0.2149 0.3489
v 0.0810 0.2025 0.3517
v 0.0865 0.1939 0.3501
v 0.0808 0.1953 0.3520
v 0.0837 0.1803 0.3493
v 0.0820 0.1825 0.3504
v 0.0863 0.1819 0.3532
v 0.0402 0.2187 0.3485
v 0.0391 0.2245 0.3447
v 0.0500 0.2245 0.3488
v 0.0295 0.2133 0.3438
v 0.0247 0.2094 0.3407
v 0.0343 0.2196 0.3444
v 0.0454 0.2284 0.3443
v 0.0402 0.2283 0.3377
v 0.0537 0.2293 0.3455
v 0.0483 0.2303 0.3378
v 0.0536 0.2288 0.3320
v 0.0429 0.2220 0.3249
v 0.0389 0.2207 0.3199
v 0.0465 0.2228 0.3214
v 0.0338 0.2320 0.2801
v 0.0287 0.2320 0.2674
v 0.0346 0.2372 0.2661
v 0.0208 0.2330 0.2403
v 0.0171 0.2308 0.2292
v 0.0186 0.2353 0.2230
v 0.0245 0.2237 0.2829
v 0.0206 0.2220 0.2622
v 0.0229 0.2261 0.2655
v 0.0302 0.2178 0.3099
v 0.0302 0.2223 0.2981
v 0.0350 0.2213 0.3101
v 0.0259 0.2059 0.3132
v 0.0246 0.2070 0.3053
v 0.0279 0.2103 0.3131
v 0.0212 0.2097 0.2823
v 0.0195 0.2111 0.2665
v 0.0212 0.2155 0.2753
v 0.0117 0.2155 0.2152
v 0.0115 0.2214 0.2148
v 0.0152 0.2164 0.2398
v 0.0038 0.2228 0.1626
v 0.0033 0.2214 0.1522
v 0.0040 0.2263 0.1571
v 0.0085 0.2130 0.1665
v 0.0087 0.2108 0.1484
v 0.0060 0.2150 0.1530
v 0.0198 0.1982 0.2099
v 0.0156 0.2032 0.1957
v 0.0141 0.2043 0.2076
v 0.0217 0.2012 0.2786
v 0.0190 0.2012 0.2493
v 0.0204 0.2059 0.2726
v 0.0246 0.1991 0.3192
v 0.0251 0.2005 0.3135
v 0.0255 0.2043 0.3198
v 0.0170 0.1939 0.3357
v 0.0152 0.1936 0.3313
v 0.0187 0.2000 0.3372
v 0.0220 0.1783 0.3262
v 0.0189 0.1813 0.3244
v 0.0187 0.1814 0.3293
v 0.0275 0.1746 0.3232
v 0.0338 0.1753 0.3190
v 0.0261 0.1790 0.3211
v 0.0235 0.1884 0.3202
v 0.0277 0.1838 0.3151
v 0.0260 0.1896 0.3145
v 0.0321 0.1816 0.2741
v 0.0264 0.1884 0.2678
v 0.0296 0.1840 0.2833
v 0.0319 0.1789 0.3147
v 0.0358 0.1767 0.3134
v 0.0331 0.1794 0.3101
v 0.0294 0.1708 0.3289
v 0.0299 0.1712 0.3251
v 0.0267 0.1737 0.3262
v 0.0400 0.1653 0.3339
v 0.0344 0.1704 0.3370
v 0.0574 0.1620 0.3207
v 0.0517 0.1652 0.3141
v 0.0457 0.1664 0.3209
v 0.0409 0.1707 0.2971
v 0.0306 0.1816 0.2953
v 0.0243 0.1945 0.1996
v 0.0261 0.1944 0.1916
v 0.0202 0.1981 0.1950
v 0.0203 0.2032 0.1471
v 0.0179 0.2049 0.1362
v 0.0143 0.2063 0.1455
v 0.0333 0.2085 0.1052
v 0.0254 0.2077 0.1040
v 0.0293 0.2051 0.1182
v 0.0354 0.2104 0.0909
v 0.0330 0.2106 0.0855
v 0.0328 0.2105 0.0929
v 0.0204 0.2089 0.0799
v 0.0196 0.2090 0.0737
v 0.0134 0.2104 0.0796
v 0.0136 0.2082 0.0675
v 0.0134 0.2058 0.0620
v 0.0067 0.2063 0.0682
v -0.0023 0.1956 0.0641
v -0.0027 0.1989 0.0601
v -0.0148 0.1939 0.0567
v -0.0150 0.1961 0.0538
v -0.0210 0.1955 0.0627
v -0.0323 0.2029 0.0731
v -0.0275 0.2026 0.0615
v -0.0286 0.2052 0.0639
v -0.0310 0.2170 0.0902
v -0.0327 0.2125 0.0793
v -0.0302 0.2170 0.0822
v -0.0247 0.2205 0.1044
v -0.0301 0.2190 0.0970
v -0.0251 0.2212 0.0971
v -0.0074 0.2290 0.1089
v -0.0016 0.2349 0.1153
v 0.0113 0.2460 0.1424
v 0.0109 0.2476 0.1250
v 0.0162 0.2495 0.1368
v 0.0412 0.2498 0.2004
v 0.0258 0.2510 0.1656
v 0.0375 0.2508 0.1720
v 0.0624 0.2426 0.2666
v 0.0608 0.2436 0.2512
v 0.0683 0.2421 0.2622
v 0.0697 0.2400 0.2954
v 0.0753 0.2395 0.2923
v 0.0771 0.2372 0.2971
v 0.0863 0.2258 0.3154
v 0.0942 0.2230 0.3103
v 0.0924 0.2202 0.3178
v 0.0948 0.2183 0.3365
v 0.0951 0.2183 0.3323
v 0.1003 0.2129 0.3322
v 0.0912 0.2150 0.3448
v 0.0870 0.2237 0.3402
v 0.0925 0.2180 0.3395
v 0.0804 0.2280 0.3329
v 0.0760 0.2278 0.3264
v 0.0806 0.2266 0.3259
v 0.0724 0.2393 0.2992
v 0.0706 0.2285 0.3255
v 0.0686 0.2311 0.3184
v 0.0725 0.2282 0.3211
v 0.1100 0.2014 0.3321
v 0.1045 0.1992 0.3265
v 0.1106 0.1975 0.3275
v 0.1053 0.1937 0.3200
v 0.1044 0.1995 0.3153
v 0.1049 0.1940 0.3160
v 0.1111 0.1913 0.3213
v 0.1143 0.1890 0.3192
v 0.1162 0.1916 0.3209
v 0.1535 0.1896 0.3145
v 0.1649 0.1897 0.3156
v 0.1593 0.1937 0.3207
v 0.1791 0.2042 0.3485
v 0.1831 0.1972 0.3335
v 0.1922 0.1990 0.3431
v 0.2190 0.1967 0.3545
v 0.2251 0.1987 0.3515
v 0.2349 0.1980 0.3616
v 0.2674 0.1991 0.3899
v 0.2634 0.2012 0.3786
v 0.2732 0.2019 0.3858
v 0.2819 0.1981 0.4171
v 0.2752 0.1976 0.4102
v 0.2804 0.1983 0.4091
v 0.3036 0.1793 0.4206
v 0.3204 0.1857 0.3984
v 0.3153 0.1669 0.4218
v 0.3380 0.1309 0.4367
v 0.3410 0.1277 0.4353
v 0.3286 0.1238 0.4327
v 0.3281 0.1215 0.4279
v 0.3182 0.1241 0.4287
v 0.3020 0.1191 0.4153
v 0.3033 0.1145 0.4104
v 0.2979 0.1163 0.4134
v 0.3135 0.0978 0.3982
v 0.3219 0.0960 0.3932
v 0.3173 0.0945 0.3943
v 0.3300 0.0641 0.3833
v 0.3346 0.0729 0.3814
v 0.3350 0.0673 0.3789
v 0.3322 0.0495 0.3755
v 0.3328 0.0471 0.3708
v 0.3287 0.0437 0.3799
v 0.3416 0.0771 0.3760
v 0.3511 0.0887 0.3707
v 0.3451 0.0737 0.3674
v 0.3501 0.0607 0.3434
v 0.3550 0.0591 0.3304
v 0.3578 0.0455 0.3102
v 0.3498 0.0424 0.3131
v 0.3649 0.0414 0.2872
v 0.3723 0.0433 0.2493
v 0.3745 0.0454 0.2413
v 0.3614 0.0402 0.2418
v 0.3304 0.0266 0.2276
v 0.3269 0.0247 0.2220
v 0.3200 0.0227 0.2252
v 0.3017 0.0182 0.2144
v 0.2947 0.0171 0.2113
v 0.2654 0.0121 0.2066
v 0.2647 0.0142 0.2020
v 0.2598 0.0126 0.2060
v 0.2434 0.0183 0.1955
v 0.2296 0.0254 0.1889
v 0.2212 0.0256 0.1968
v 0.1919 0.0436 0.1919
v 0.1963 0.0388 0.1879
v 0.1947 0.0540 0.1808
v 0.1710 0.0565 0.2186
v 0.1781 0.0585 0.2066
v 0.1730 0.0657 0.2115
v 0.1745 0.0804 0.2066
v 0.1920 0.0873 0.1780
v 0.1732 0.0880 0.2086
v 0.1603 0.1099 0.2248
v 0.1567 0.1228 0.2331
v 0.1454 0.1145 0.2395
v 0.0985 0.0918 0.2799
v 0.0949 0.1019 0.2839
v 0.0889 0.0960 0.2873
v 0.0828 0.1130 0.2948
v 0.0885 0.1171 0.2954
v 0.0819 0.1170 0.2983
v 0.0886 0.1314 0.3090
v 0.0942 0.1302 0.3045
v 0.0927 0.1328 0.3082
v 0.0836 0.1352 0.3129
v 0.0832 0.1422 0.3166
v 0.0776 0.1477 0.3227
v 0.0774 0.1541 0.3211
v 0.0600 0.1536 0.3332
v 0.0595 0.1575 0.3299
v 0.0572 0.1578 0.3324
v 0.0649 0.1604 0.3058
v 0.0618 0.1598 0.2971
v 0.0559 0.1634 0.3062
v 0.0449 0.1707 0.2792
v 0.0465 0.1716 0.2669
v 0.0433 0.1756 0.2601
v 0.0328 0.1872 0.2255
v 0.0328 0.1898 0.2028
v 0.0288 0.1911 0.2091
v 0.0457 0.1949 0.1673
v 0.0490 0.2005 0.1553
v 0.0430 0.2013 0.1438
v 0.0420 0.2113 0.1134
v 0.0478 0.2114 0.1089
v 0.0424 0.2117 0.1088
v 0.0431 0.2017 0.0963
v 0.0448 0.2051 0.1015
v 0.0480 0.2009 0.1052
v 0.0413 0.2105 0.1026
v 0.0416 0.2065 0.0966
v 0.0397 0.2103 0.0967
v 0.0318 0.2068 0.0753
v 0.0294 0.2094 0.0796
v 0.0350 0.2081 0.0762
v 0.0184 0.2044 0.0629
v 0.0222 0.2001 0.0581
v 0.0140 0.2035 0.0561
v 0.0073 0.2058 0.0621
v 0.0027 0.2032 0.0504
v 0.0033 0.2011 0.0439
v -0.0022 0.2047 0.0496
v -0.0152 0.2007 0.0518
v -0.0152 0.2046 0.0500
v -0.0182 0.1973 0.0547
v -0.0269 0.2108 0.0620
v -0.0281 0.2132 0.0663
v -0.0297 0.2156 0.0749
v -0.0283 0.2203 0.0805
v -0.0202 0.2241 0.0964
v -0.0206 0.2267 0.0903
v -0.0160 0.2283 0.0924
v 0.0008 0.2406 0.1081
v -0.0050 0.2381 0.0956
v -0.0022 0.2419 0.0903
v 0.0145 0.2499 0.1127
v 0.0105 0.2500 0.0937
v 0.0141 0.2515 0.0856
v 0.0437 0.2499 0.1923
v 0.0436 0.2500 0.1791
v 0.0636 0.2434 0.2398
v 0.0524 0.2477 0.2074
v 0.0632 0.2437 0.2205
v 0.0833 0.2368 0.2838
v 0.0833 0.2374 0.2730
v 0.0885 0.2338 0.2888
v 0.1100 0.2022 0.2949
v 0.1045 0.2158 0.2806
v 0.1049 0.2115 0.2763
v 0.1098 0.1811 0.3078
v 0.1065 0.1828 0.3035
v 0.1057 0.1801 0.3066
v 0.1243 0.1723 0.2998
v 0.1343 0.1733 0.2985
v 0.1310 0.1787 0.3042
v 0.1447 0.1769 0.3029
v 0.1403 0.1746 0.2993
v 0.1451 0.1745 0.2979
v 0.1695 0.1865 0.3088
v 0.1599 0.1820 0.3034
v 0.1664 0.1811 0.2964
v 0.1834 0.1904 0.3146
v 0.1950 0.1933 0.3177
v 0.1936 0.1942 0.3255
v 0.2227 0.2002 0.3432
v 0.2143 0.1997 0.3349
v 0.2168 0.2031 0.3320
v 0.2417 0.2071 0.3524
v 0.2529 0.2103 0.3550
v 0.2507 0.2044 0.3622
v 0.2686 0.2049 0.3725
v 0.2957 0.1914 0.4140
v 0.2930 0.1954 0.4086
v 0.3025 0.1923 0.4049
v 0.3341 0.1794 0.3899
v 0.3424 0.1687 0.3939
v 0.3377 0.1372 0.4308
v 0.3397 0.1465 0.4193
v 0.3425 0.1303 0.4324
v 0.3500 0.1219 0.4130
v 0.3510 0.1185 0.4027
v 0.3427 0.1206 0.4158
v 0.3200 0.1125 0.4017
v 0.3135 0.1145 0.4057
v 0.3232 0.1146 0.4038
v 0.3357 0.0990 0.3894
v 0.3432 0.1001 0.3882
v 0.3413 0.0951 0.3860
v 0.3571 0.1107 0.3835
v 0.3595 0.1041 0.3721
v 0.3524 0.1014 0.3804
v 0.3471 0.1118 0.3946
v 0.3467 0.1081 0.3914
v 0.3427 0.1107 0.3953
v 0.3549 0.1222 0.4059
v 0.3588 0.1182 0.3918
v 0.3709 0.1160 0.3643
v 0.3673 0.0971 0.3514
v 0.3598 0.0908 0.3566
v 0.3554 0.0739 0.3461
v 0.3615 0.0754 0.3364
v 0.3567 0.0665 0.3331
v 0.3629 0.0559 0.3177
v 0.3691 0.0568 0.3115
v 0.3605 0.0502 0.3140
v 0.3661 0.0803 0.3358
v 0.3727 0.0822 0.3323
v 0.3673 0.0768 0.3314
v 0.3923 0.0772 0.3059
v 0.3960 0.0759 0.2991
v 0.3908 0.0707 0.2994
v 0.3985 0.0562 0.2688
v 0.4028 0.0565 0.2597
v 0.3927 0.0523 0.2674
v 0.3940 0.0554 0.2365
v 0.3898 0.0553 0.2328
v 0.3881 0.0527 0.2354
v 0.3586 0.0408 0.2346
v 0.3550 0.0395 0.2279
v 0.3495 0.0368 0.2279
v 0.3509 0.0275 0.2151
v 0.3494 0.0226 0.2099
v 0.3412 0.0253 0.2157
v 0.3244 0.0224 0.2174
v 0.3321 0.0212 0.2129
v 0.3240 0.0177 0.2081
v 0.3047 0.0192 0.2114
v 0.3011 0.0184 0.2098
v 0.2937 0.0204 0.2005
v 0.2951 0.0188 0.1926
v 0.2872 0.0196 0.2014
v 0.2678 0.0176 0.1955
v 0.2765 0.0211 0.1885
v 0.2705 0.0210 0.1894
v 0.2537 0.0165 0.1948
v 0.2551 0.0212 0.1865
v 0.2479 0.0235 0.1836
v 0.2314 0.0277 0.1813
v 0.2296 0.0329 0.1762
v 0.2263 0.0309 0.1795
v 0.2012 0.0388 0.1827
v 0.2048 0.0470 0.1738
v 0.1798 0.0740 0.1989
v 0.1938 0.0741 0.1758
v 0.1747 0.1217 0.2140
v 0.1824 0.1126 0.1996
v 0.1821 0.1235 0.2045
v 0.1557 0.1366 0.2399
v 0.1595 0.1316 0.2348
v 0.1598 0.1405 0.2393
v 0.1118 0.1237 0.2765
v 0.1276 0.1322 0.2647
v 0.1234 0.1392 0.2736
v 0.0892 0.1215 0.2993
v 0.0937 0.1205 0.2960
v 0.0993 0.1373 0.3024
v 0.0997 0.1417 0.3035
v 0.0964 0.1365 0.3043
v 0.0915 0.1533 0.3086
v 0.0914 0.1582 0.3078
v 0.0869 0.1561 0.3088
v 0.0676 0.1598 0.3136
v 0.0739 0.1588 0.3058
v 0.0627 0.1602 0.2894
v 0.0649 0.1659 0.2697
v 0.0581 0.1646 0.2802
v 0.0565 0.1741 0.2516
v 0.0534 0.1800 0.2342
v 0.0492 0.1762 0.2494
v 0.0484 0.1872 0.2042
v 0.0530 0.1892 0.1993
v 0.0469 0.1905 0.1836
v 0.0486 0.2049 0.1400
v 0.0445 0.2049 0.1345
v 0.0448 0.2127 0.1151
v 0.0493 0.2165 0.1089
v 0.0733 0.2107 0.1301
v 0.0646 0.2119 0.1202
v 0.0725 0.2156 0.1223
v 0.0998 0.1916 0.1800
v 0.0916 0.1896 0.1730
v 0.0964 0.1962 0.1702
v 0.1145 0.1825 0.2173
v 0.1074 0.1843 0.2083
v 0.1198 0.1882 0.2124
v 0.1399 0.1866 0.2355
v 0.1398 0.1828 0.2293
v 0.1422 0.1846 0.2324
v 0.1409 0.1972 0.2511
v 0.1381 0.1950 0.2463
v 0.1406 0.1968 0.2465
v 0.1562 0.1924 0.2662
v 0.1501 0.1949 0.2634
v 0.1562 0.1952 0.2642
v 0.1717 0.1763 0.2729
v 0.1675 0.1772 0.2700
v 0.1729 0.1768 0.2690
v 0.1796 0.1760 0.2679
v 0.1790 0.1759 0.2633
v 0.1836 0.1761 0.2673
v 0.2008 0.1938 0.3123
v 0.2051 0.1961 0.3067
v 0.2036 0.1964 0.3143
v 0.2119 0.2005 0.3290
v 0.2113 0.2020 0.3239
v 0.2239 0.2112 0.3327
v 0.2182 0.2110 0.3226
v 0.2278 0.2137 0.3303
v 0.2633 0.2121 0.3572
v 0.2625 0.2164 0.3517
v 0.2677 0.2148 0.3545
v 0.2944 0.2043 0.3732
v 0.2888 0.2093 0.3597
v 0.2985 0.2099 0.3507
v 0.3183 0.1946 0.3865
v 0.3230 0.1938 0.3843
v 0.3491 0.1744 0.3770
v 0.3368 0.1876 0.3712
v 0.3535 0.1764 0.3656
v 0.3661 0.1470 0.3918
v 0.3630 0.1550 0.3877
v 0.3681 0.1538 0.3836
v 0.3611 0.1278 0.4031
v 0.3645 0.1309 0.4000
v 0.3653 0.1276 0.3978
v 0.3754 0.1277 0.3820
v 0.3755 0.1244 0.3738
v 0.3679 0.1228 0.3841
v 0.3772 0.1147 0.3564
v 0.3826 0.1118 0.3502
v 0.3762 0.1072 0.3504
v 0.3855 0.1035 0.3416
v 0.3901 0.1012 0.3363
v 0.3859 0.0950 0.3343
v 0.4013 0.0977 0.3157
v 0.4031 0.0956 0.3096
v 0.4017 0.0930 0.3104
v 0.3974 0.0732 0.2927
v 0.3945 0.0581 0.2769
v 0.3923 0.0537 0.2720
v 0.3845 0.0493 0.2755
v 0.4095 0.0664 0.2546
v 0.4079 0.0608 0.2434
v 0.4080 0.0610 0.2512
v 0.4003 0.0588 0.2368
v 0.3949 0.0637 0.2295
v 0.3938 0.0582 0.2330
v 0.3767 0.0483 0.2291
v 0.3842 0.0528 0.2296
v 0.3796 0.0510 0.2245
v 0.3672 0.0420 0.2221
v 0.3718 0.0349 0.2155
v 0.3555 0.0365 0.2214
v 0.3422 0.0192 0.2067
v 0.3539 0.0190 0.2036
v 0.3373 0.0124 0.1968
v 0.3380 0.0099 0.1890
v 0.3331 0.0111 0.1961
v 0.3220 0.0083 0.1884
v 0.3088 0.0135 0.1924
v 0.3233 0.0120 0.1970
v 0.2936 0.0173 0.1882
v 0.2887 0.0182 0.1865
v 0.2880 0.0212 0.1942
v 0.2773 0.0184 0.1806
v 0.2713 0.0205 0.1818
v 0.2577 0.0204 0.1716
v 0.2549 0.0235 0.1764
v 0.2646 0.0196 0.1761
v 0.2508 0.0247 0.1700
v 0.2478 0.0264 0.1677
v 0.2475 0.0281 0.1711
v 0.2236 0.0333 0.1763
v 0.2303 0.0372 0.1722
v 0.2235 0.0399 0.1708
v 0.2146 0.0450 0.1686
v 0.2120 0.0499 0.1660
v 0.2097 0.0481 0.1690
v 0.2099 0.0688 0.1587
v 0.2135 0.0763 0.1536
v 0.2097 0.0764 0.1562
v 0.2002 0.0966 0.1672
v 0.2121 0.0956 0.1536
v 0.2016 0.1057 0.1678
v 0.1883 0.1278 0.1976
v 0.2035 0.1223 0.1724
v 0.1836 0.1411 0.2130
v 0.1630 0.1594 0.2462
v 0.1693 0.1599 0.2425
v 0.1676 0.1652 0.2453
v 0.1579 0.1527 0.2480
v 0.1564 0.1604 0.2466
v 0.1476 0.1561 0.2593
v 0.1496 0.1642 0.2531
v 0.1463 0.1667 0.2569
v 0.1353 0.1598 0.2799
v 0.1389 0.1581 0.2729
v 0.1417 0.1638 0.2784
v 0.1159 0.1572 0.2941
v 0.1221 0.1633 0.2938
v 0.1190 0.1671 0.2966
v 0.1052 0.1704 0.3023
v 0.1044 0.1777 0.2972
v 0.1013 0.1732 0.2976
v 0.0932 0.1605 0.3044
v 0.0945 0.1646 0.3019
v 0.0902 0.1622 0.3000
v 0.0871 0.1613 0.2989
v 0.0908 0.1644 0.2953
v 0.0837 0.1598 0.2944
v 0.0899 0.1688 0.2806
v 0.0844 0.1682 0.2750
v 0.0837 0.1653 0.2782
v 0.0743 0.1814 0.2408
v 0.0689 0.1851 0.2282
v 0.0655 0.1803 0.2370
v 0.0682 0.1953 0.2029
v 0.0579 0.1936 0.1904
v 0.0668 0.1896 0.2147
v 0.0642 0.1975 0.1903
v 0.0661 0.2010 0.1870
v 0.0598 0.1991 0.1749
v 0.0569 0.2068 0.1567
v 0.0562 0.2118 0.1469
v 0.0477 0.2229 0.1125
v 0.0479 0.2229 0.1093
v 0.0477 0.2178 0.1145
v 0.0592 0.2167 0.1091
v 0.0509 0.2181 0.1038
v 0.0581 0.2190 0.1052
v 0.0969 0.2166 0.1292
v 0.0847 0.2214 0.1145
v 0.0904 0.2216 0.1129
v 0.1227 0.1999 0.1811
v 0.1257 0.2029 0.1675
v 0.1346 0.2000 0.1701
v 0.1504 0.1908 0.1951
v 0.1498 0.1950 0.1880
v 0.1531 0.1869 0.1983
v 0.1620 0.1645 0.2172
v 0.1624 0.1684 0.2136
v 0.1652 0.1634 0.2127
v 0.1534 0.1606 0.2399
v 0.1575 0.1649 0.2348
v 0.1549 0.1584 0.2339
v 0.1499 0.1805 0.2167
v 0.1472 0.1874 0.2040
v 0.1528 0.1816 0.2079
v 0.1684 0.1774 0.2435
v 0.1619 0.1820 0.2345
v 0.1618 0.1773 0.2342
v 0.1570 0.1648 0.2401
v 0.1427 0.1682 0.2533
v 0.1458 0.1653 0.2515
v 0.1415 0.1657 0.2497
v 0.1468 0.1726 0.2616
v 0.1448 0.1711 0.2574
v 0.1540 0.1735 0.2851
v 0.1517 0.1699 0.2748
v 0.1567 0.1737 0.2798
v 0.1621 0.1778 0.2692
v 0.1567 0.1826 0.2680
v 0.1617 0.1832 0.2678
v 0.1464 0.1789 0.2637
v 0.1431 0.1829 0.2634
v 0.1471 0.1826 0.2650
v 0.1336 0.1822 0.2507
v 0.1323 0.1818 0.2453
v 0.1340 0.1868 0.2499
v 0.1239 0.1753 0.2323
v 0.1226 0.1781 0.2268
v 0.1280 0.1763 0.2345
v 0.1235 0.1643 0.2383
v 0.1236 0.1700 0.2372
v 0.1295 0.1710 0.2437
v 0.1313 0.1655 0.2443
v 0.1350 0.1594 0.2433
v 0.1290 0.1605 0.2427
v 0.1238 0.1545 0.2386
v 0.1165 0.1543 0.2336
v 0.1177 0.1601 0.2344
v 0.1061 0.1657 0.2245
v 0.1017 0.1685 0.2196
v 0.1043 0.1709 0.2207
v 0.1048 0.1768 0.2172
v 0.1041 0.1828 0.2077
v 0.0808 0.1866 0.1620
v 0.0808 0.1946 0.1552
v 0.0710 0.1883 0.1486
v 0.0646 0.1954 0.1336
v 0.0726 0.1951 0.1447
v 0.0778 0.1675 0.1637
v 0.0765 0.1649 0.1576
v 0.0730 0.1717 0.1530
v 0.0935 0.1718 0.2069
v 0.0885 0.1677 0.1939
v 0.0914 0.1737 0.1944
v 0.1080 0.1505 0.2247
v 0.0977 0.1598 0.2185
v 0.1060 0.1600 0.2247
v 0.1124 0.1352 0.2211
v 0.1085 0.1376 0.2195
v 0.1096 0.1405 0.2231
v 0.0957 0.1435 0.2050
v 0.0968 0.1405 0.1998
v 0.0923 0.1457 0.1997
v 0.0869 0.1630 0.1919
v 0.0854 0.1602 0.1846
v 0.0849 0.1648 0.1836
v 0.0711 0.1677 0.1467
v 0.0709 0.1654 0.1397
v 0.0690 0.1709 0.1424
v 0.0624 0.1880 0.1340
v 0.0537 0.1990 0.1155
v 0.0553 0.1832 0.1180
v 0.0487 0.1845 0.1022
v 0.0521 0.1886 0.1146
v 0.0429 0.1891 0.0880
v 0.0392 0.1909 0.0769
v 0.0371 0.1959 0.0760
v 0.0276 0.1838 0.0497
v 0.0231 0.1781 0.0460
v 0.0237 0.1826 0.0453
v 0.0194 0.1819 0.0435
v 0.0136 0.1881 0.0418
v 0.0202 0.1889 0.0444
v 0.0356 0.1646 0.0524
v 0.0315 0.1715 0.0504
v 0.0345 0.1720 0.0497
v 0.0372 0.1580 0.0489
v 0.0348 0.1558 0.0451
v 0.0307 0.1563 0.0485
v 0.0075 0.1557 0.0471
v -0.0055 0.1491 0.0303
v -0.0056 0.1538 0.0410
v 0.0051 0.1690 0.0483
v -0.0016 0.1775 0.0469
v 0.0066 0.1752 0.0467
v 0.0080 0.1889 0.0395
v 0.0030 0.1952 0.0389
v 0.0086 0.1937 0.0396
v -0.0086 0.2024 0.0396
v -0.0096 0.2052 0.0457
v -0.0035 0.2029 0.0445
v -0.0199 0.2058 0.0518
v -0.0209 0.2080 0.0452
v -0.0219 0.2100 0.0513
v -0.0272 0.2171 0.0637
v -0.0269 0.2153 0.0585
v -0.0312 0.2196 0.0599
v -0.0291 0.2306 0.0761
v -0.0307 0.2284 0.0732
v -0.0311 0.2341 0.0772
v -0.0138 0.2375 0.0837
v -0.0227 0.2350 0.0803
v -0.0207 0.2384 0.0789
v -0.0075 0.2411 0.0838
v -0.0084 0.2445 0.0791
v -0.0018 0.2439 0.0843
v 0.0038 0.2505 0.0772
v -0.0004 0.2524 0.0742
v 0.0025 0.2524 0.0733
v 0.0309 0.2491 0.1107
v 0.0247 0.2505 0.1021
v 0.0275 0.2492 0.0938
v 0.0473 0.2443 0.1359
v 0.0415 0.2450 0.1220
v 0.0427 0.2417 0.1151
v 0.0660 0.2319 0.1714
v 0.0587 0.2349 0.1469
v 0.0631 0.2286 0.1576
v 0.0724 0.2262 0.1887
v 0.0700 0.2249 0.1751
v 0.0733 0.2225 0.1883
v 0.0895 0.2264 0.2511
v 0.0855 0.2255 0.2348
v 0.0935 0.2211 0.2528
v 0.1086 0.1997 0.2866
v 0.1036 0.2051 0.2707
v 0.1024 0.1998 0.2681
v 0.1057 0.1841 0.2916
v 0.1048 0.1857 0.2833
v 0.1028 0.1792 0.2890
v 0.0961 0.1742 0.2807
v 0.1006 0.1792 0.2816
v 0.0940 0.1800 0.2665
v 0.0805 0.1900 0.2327
v 0.0739 0.1925 0.2186
v 0.0750 0.1870 0.2305
v 0.0717 0.2025 0.1964
v 0.0717 0.2115 0.1863
v 0.0656 0.2057 0.1787
v 0.0873 0.2144 0.2267
v 0.0834 0.2120 0.2184
v 0.0890 0.2059 0.2343
v 0.0998 0.1886 0.2695
v 0.0959 0.1829 0.2664
v 0.0766 0.2211 0.1995
v 0.0738 0.2178 0.1898
v 0.0633 0.2401 0.1875
v 0.0552 0.2430 0.1631
v 0.0585 0.2388 0.1584
v 0.0731 0.2388 0.2360
v 0.0682 0.2396 0.2142
v 0.0500 0.2304 0.1197
v 0.0465 0.2365 0.1158
v 0.0449 0.2316 0.1045
v 0.0487 0.2213 0.1024
v 0.0485 0.2223 0.0967
v 0.0541 0.2194 0.1017
v 0.0654 0.2277 0.0908
v 0.0665 0.2307 0.0888
v 0.0691 0.2282 0.0929
v 0.0861 0.2249 0.1021
v 0.0932 0.2220 0.1090
v 0.1216 0.2098 0.1375
v 0.1116 0.2139 0.1154
v 0.1327 0.2030 0.1416
v 0.1528 0.1937 0.1735
v 0.1459 0.1941 0.1632
v 0.1532 0.1915 0.1633
v 0.1621 0.1836 0.1906
v 0.1645 0.1800 0.1792
v 0.1674 0.1729 0.1913
v 0.1737 0.1570 0.2027
v 0.1711 0.1623 0.1995
v 0.1736 0.1590 0.1997
v 0.1649 0.1442 0.2141
v 0.1693 0.1434 0.2092
v 0.1656 0.1388 0.2097
v 0.1531 0.1444 0.2304
v 0.1506 0.1531 0.2341
v 0.1547 0.1491 0.2296
v 0.1404 0.1535 0.2401
v 0.1439 0.1427 0.2337
v 0.1334 0.1486 0.2390
v 0.1266 0.1361 0.2296
v 0.1190 0.1402 0.2297
v 0.1274 0.1393 0.2316
v 0.1231 0.1349 0.2268
v 0.1153 0.1414 0.2286
v 0.1150 0.1252 0.2026
v 0.1150 0.1251 0.1912
v 0.1054 0.1338 0.1860
v 0.0942 0.1428 0.1755
v 0.0902 0.1464 0.1580
v 0.0862 0.1504 0.1569
v 0.0658 0.1719 0.1341
v 0.0628 0.1724 0.1257
v 0.0598 0.1788 0.1289
v 0.0588 0.1731 0.1151
v 0.0600 0.1715 0.1015
v 0.0542 0.1771 0.0995
v 0.0488 0.1800 0.0821
v 0.0435 0.1823 0.0703
v 0.0418 0.1864 0.0772
v 0.0314 0.1771 0.0505
v 0.0378 0.1605 0.0504
v 0.0374 0.1599 0.0462
v 0.0365 0.1522 0.0375
v 0.0367 0.1494 0.0341
v 0.0316 0.1513 0.0390
v 0.0396 0.1420 0.0158
v 0.0489 0.1411 0.0070
v 0.0220 0.1432 0.0131
v -0.0149 0.1623 0.0430
v -0.0203 0.1628 0.0388
v -0.0204 0.1662 0.0432
v -0.0078 0.1746 0.0471
v 0.0017 0.1854 0.0426
v -0.0024 0.1887 0.0408
v 0.0015 0.1885 0.0395
v -0.0128 0.2041 0.0383
v -0.0090 0.1982 0.0331
v -0.0156 0.1997 0.0328
v -0.0249 0.2084 0.0396
v -0.0264 0.2062 0.0332
v -0.0340 0.2130 0.0412
v -0.0495 0.2302 0.0586
v -0.0478 0.2255 0.0544
v -0.0509 0.2275 0.0575
v -0.0310 0.2245 0.0677
v -0.0311 0.2228 0.0634
v -0.0370 0.2300 0.0666
v -0.0373 0.2437 0.0907
v -0.0390 0.2438 0.0853
v -0.0398 0.2441 0.0946
v -0.0373 0.2527 0.1192
v -0.0412 0.2500 0.1135
v -0.0406 0.2536 0.1071
v -0.0299 0.2426 0.1454
v -0.0286 0.2466 0.1424
v -0.0290 0.2412 0.1494
v -0.0411 0.2392 0.1249
v -0.0414 0.2351 0.1202
v -0.0422 0.2396 0.1196
v -0.0380 0.2385 0.1053
v -0.0381 0.2402 0.1023
v -0.0410 0.2414 0.1038
v -0.0343 0.2308 0.1252
v -0.0340 0.2367 0.1144
v -0.0359 0.2323 0.1194
v -0.0309 0.2299 0.1342
v -0.0340 0.2259 0.1321
v -0.0328 0.2251 0.1373
v -0.0291 0.2239 0.1533
v -0.0269 0.2264 0.1515
v -0.0292 0.2239 0.1495
v -0.0278 0.2335 0.1536
v -0.0290 0.2281 0.1554
v -0.0271 0.2365 0.1344
v -0.0256 0.2480 0.1181
v -0.0304 0.2379 0.1220
v -0.0268 0.2554 0.0961
v -0.0306 0.2498 0.0890
v -0.0352 0.2430 0.0979
v -0.0257 0.2339 0.0795
v -0.0327 0.2408 0.0801
v -0.0270 0.2396 0.0782
v -0.0145 0.2499 0.0750
v -0.0132 0.2530 0.0746
v -0.0088 0.2499 0.0764
v -0.0047 0.2554 0.0715
v 0.0071 0.2560 0.0615
v 0.0069 0.2586 0.0562
v 0.0112 0.2572 0.0543
v 0.0304 0.2468 0.0814
v 0.0294 0.2497 0.0747
v 0.0329 0.2439 0.0794
v 0.0372 0.2386 0.0868
v 0.0361 0.2405 0.0783
v 0.0477 0.2234 0.0910
v 0.0430 0.2277 0.0940
v 0.0436 0.2238 0.0901
v 0.0535 0.2274 0.0783
v 0.0513 0.2282 0.0705
v 0.0546 0.2302 0.0728
v 0.0736 0.2385 0.0943
v 0.0691 0.2384 0.0874
v 0.0700 0.2433 0.0922
v 0.0916 0.2536 0.1053
v 0.0852 0.2437 0.1005
v 0.0868 0.2484 0.1042
v 0.0728 0.2320 0.0945
v 0.0773 0.2343 0.0965
v 0.0805 0.2284 0.0912
v 0.0900 0.2236 0.0965
v 0.0910 0.2235 0.1014
v 0.1184 0.2083 0.1160
v 0.1143 0.2074 0.1057
v 0.1301 0.1972 0.1200
v 0.1619 0.1829 0.1532
v 0.1621 0.1784 0.1468
v 0.1665 0.1756 0.1549
v 0.1674 0.1546 0.1715
v 0.1688 0.1600 0.1654
v 0.1673 0.1527 0.1649
v 0.1702 0.1432 0.1843
v 0.1697 0.1463 0.1832
v 0.1680 0.1404 0.1813
v 0.1691 0.1397 0.2048
v 0.1681 0.1361 0.1975
v 0.1586 0.1297 0.2045
v 0.1451 0.1370 0.2288
v 0.1489 0.1386 0.2274
v 0.1484 0.1358 0.2251
v 0.1590 0.1426 0.2207
v 0.1555 0.1383 0.2204
v 0.1233 0.1313 0.2200
v 0.1278 0.1255 0.2121
v 0.1190 0.1249 0.2080
v 0.1101 0.1304 0.1834
v 0.1078 0.1333 0.1760
v 0.1005 0.1393 0.1548
v 0.0980 0.1432 0.1416
v 0.0954 0.1449 0.1423
v 0.0766 0.1590 0.1195
v 0.0759 0.1620 0.1065
v 0.0708 0.1644 0.1058
v 0.0579 0.1733 0.0798
v 0.0564 0.1745 0.0694
v 0.0527 0.1763 0.0733
v 0.0427 0.1779 0.0565
v 0.0473 0.1779 0.0526
v 0.0418 0.1772 0.0518
v 0.0421 0.1834 0.0415
v 0.0445 0.1844 0.0333
v 0.0356 0.1826 0.0398
v 0.0320 0.1683 0.0332
v 0.0348 0.1704 0.0282
v 0.0355 0.1639 0.0332
v 0.0444 0.1497 0.0313
v 0.0430 0.1535 0.0335
v 0.0544 0.1509 0.0280
v 0.0475 0.1433 0.0231
v 0.0610 0.1413 0.0169
v 0.0549 0.1407 0.0135
v 0.0200 0.1450 0.0053
v -0.0056 0.1486 0.0147
v -0.0161 0.1542 0.0304
v -0.0241 0.1589 0.0176
v -0.0264 0.1617 0.0270
v -0.0215 0.1654 0.0404
v -0.0272 0.1678 0.0443
v -0.0180 0.1815 0.0452
v -0.0169 0.1875 0.0459
v -0.0132 0.1835 0.0469
v -0.0069 0.1917 0.0416
v -0.0096 0.1939 0.0391
v -0.0034 0.1938 0.0385
v -0.0211 0.1994 0.0322
v -0.0203 0.2056 0.0331
v -0.0390 0.2131 0.0383
v -0.0373 0.2088 0.0336
v -0.0399 0.2110 0.0350
v -0.0545 0.2258 0.0534
v -0.0469 0.2222 0.0475
v -0.0558 0.2246 0.0503
v -0.0560 0.2309 0.0584
v -0.0629 0.2354 0.0609
v -0.0552 0.2345 0.0582
v -0.0445 0.2368 0.0635
v -0.0488 0.2460 0.0618
v -0.0440 0.2457 0.0635
v -0.0497 0.2583 0.0732
v -0.0454 0.2611 0.0763
v -0.0445 0.2579 0.0740
v -0.0653 0.2569 0.0964
v -0.0587 0.2626 0.0895
v -0.0615 0.2563 0.0895
v -0.0776 0.2386 0.1123
v -0.0790 0.2342 0.1102
v -0.0843 0.2303 0.1201
v -0.1262 0.1978 0.2035
v -0.1143 0.2119 0.1855
v -0.1185 0.2026 0.1846
v -0.1472 0.1926 0.2522
v -0.1456 0.1842 0.2366
v -0.1570 0.1759 0.2475
v -0.1690 0.1697 0.2572
v -0.1686 0.1707 0.2529
v -0.1696 0.1653 0.2581
v -0.1555 0.1691 0.2773
v -0.1610 0.1758 0.2757
v -0.1646 0.1695 0.2691
v -0.1055 0.1253 0.2946
v -0.1271 0.1412 0.2828
v -0.1190 0.1307 0.2835
v -0.0909 0.1019 0.2990
v -0.0948 0.1109 0.3008
v -0.0945 0.1043 0.2969
v -0.0913 0.1126 0.3047
v -0.0937 0.1168 0.3061
v -0.0959 0.1147 0.3022
v -0.1063 0.1029 0.2853
v -0.1131 0.1161 0.2822
v -0.1728 0.1018 0.2293
v -0.1779 0.1021 0.2251
v -0.1723 0.0938 0.2279
v -0.1746 0.0623 0.2247
v -0.1759 0.0686 0.2216
v -0.1777 0.0641 0.2185
v -0.1804 0.0493 0.2274
v -0.1832 0.0499 0.2165
v -0.1844 0.0397 0.2228
v -0.1971 0.0273 0.2288
v -0.1925 0.0290 0.2295
v -0.1911 0.0282 0.2244
v -0.2228 0.0228 0.2185
v -0.2097 0.0253 0.2156
v -0.2257 0.0231 0.2048
v -0.2671 0.0172 0.2559
v -0.2560 0.0180 0.2461
v -0.2587 0.0198 0.2341
v -0.3093 0.0170 0.2755
v -0.3241 0.0168 0.2857
v -0.3498 0.0257 0.3178
v -0.3426 0.0215 0.3089
v -0.3480 0.0238 0.3056
v -0.3727 0.0322 0.3419
v -0.3745 0.0313 0.3143
v -0.3817 0.0321 0.3225
v -0.3901 0.0410 0.3396
v -0.3987 0.0504 0.3372
v -0.3941 0.0521 0.3435
v -0.3744 0.0448 0.3608
v -0.3829 0.0608 0.3669
v -0.3824 0.0664 0.3776
v -0.3779 0.0741 0.3979
v -0.3851 0.0821 0.3997
v -0.3795 0.0800 0.4042
v -0.3936 0.0966 0.4308
v -0.3977 0.0993 0.4265
v -0.3940 0.0991 0.4323
v -0.3853 0.1073 0.4373
v -0.3873 0.1093 0.4342
v -0.3768 0.1154 0.4406
v -0.3603 0.1284 0.4461
v -0.3595 0.1335 0.4439
v -0.3567 0.1326 0.4455
v -0.3450 0.1398 0.4453
v -0.3425 0.1416 0.4445
v -0.3360 0.1310 0.4417
v -0.3305 0.1202 0.4396
v -0.3287 0.1272 0.4402
v -0.3241 0.1194 0.4405
v -0.3316 0.1417 0.4386
v -0.3324 0.1464 0.4374
v -0.3239 0.1415 0.4380
v -0.3140 0.1555 0.4390
v -0.3181 0.1598 0.4338
v -0.3130 0.1643 0.4381
v -0.3184 0.1808 0.4312
v -0.3296 0.1823 0.4248
v -0.3199 0.1896 0.4274
v -0.2887 0.2041 0.4392
v -0.3014 0.2038 0.4244
v -0.2893 0.2072 0.4278
v -0.2738 0.2108 0.4267
v -0.2778 0.2137 0.4217
v -0.2732 0.2139 0.4215
v -0.2618 0.2102 0.4172
v -0.2681 0.2184 0.4101
v -0.2569 0.2114 0.4101
v -0.2430 0.2154 0.3964
v -0.2489 0.2189 0.3914
v -0.2448 0.2197 0.3862
v -0.2336 0.2196 0.3735
v -0.2347 0.2210 0.3597
v -0.2266 0.2191 0.3685
v -0.2111 0.2290 0.3598
v -0.2149 0.2248 0.3547
v -0.2111 0.2292 0.3548
v -0.2039 0.2331 0.3545
v -0.1993 0.2329 0.3463
v -0.1925 0.2332 0.3425
v -0.1744 0.2262 0.3488
v -0.1748 0.2264 0.3401
v -0.1673 0.2226 0.3405
v -0.1511 0.2159 0.3166
v -0.1497 0.2149 0.3137
v -0.1454 0.2103 0.3188
v -0.1486 0.2105 0.3043
v -0.1515 0.2102 0.3026
v -0.1477 0.2052 0.3028
v -0.1510 0.1875 0.3034
v -0.1503 0.1929 0.3016
v -0.1527 0.1844 0.3010
v -0.1646 0.1817 0.2747
v -0.1637 0.1779 0.2743
v -0.1611 0.1835 0.2606
v -0.1606 0.1800 0.2562
v -0.1662 0.1779 0.2623
v -0.1689 0.1792 0.2653
v -0.1655 0.1824 0.2631
v -0.1518 0.1920 0.2586
v -0.1490 0.1952 0.2560
v -0.1512 0.1890 0.2536
v -0.1414 0.1985 0.2468
v -0.1353 0.1998 0.2326
v -0.1431 0.1808 0.2263
v -0.1298 0.2195 0.2244
v -0.1223 0.2232 0.2065
v -0.1294 0.2163 0.2252
v -0.1387 0.2188 0.2364
v -0.1350 0.2152 0.2338
v -0.1409 0.2108 0.2457
v -0.1548 0.2012 0.2648
v -0.1510 0.2013 0.2614
v -0.1523 0.1983 0.2633
v -0.1705 0.2155 0.2714
v -0.1758 0.2201 0.2702
v -0.1694 0.2183 0.2692
v -0.1459 0.2237 0.2416
v -0.1442 0.2295 0.2329
v -0.1307 0.2283 0.2176
v -0.1099 0.2412 0.1704
v -0.1027 0.2434 0.1572
v -0.1074 0.2362 0.1702
v -0.0927 0.2384 0.1433
v -0.0861 0.2447 0.1308
v -0.0848 0.2400 0.1289
v -0.0979 0.2507 0.1441
v -0.1072 0.2542 0.1518
v -0.0972 0.2585 0.1350
v -0.0751 0.2618 0.1064
v -0.0685 0.2661 0.0967
v -0.0657 0.2618 0.0966
v -0.0547 0.2663 0.0860
v -0.0496 0.2677 0.0836
v -0.0510 0.2632 0.0838
v -0.0284 0.2574 0.1283
v -0.0330 0.2578 0.1218
v -0.0277 0.2675 0.1124
v -0.0313 0.2490 0.1353
v -0.0252 0.2518 0.1392
v -0.0195 0.2637 0.1187
v -0.0217 0.2558 0.1196
v -0.0227 0.2487 0.1336
v -0.0126 0.2765 0.0906
v -0.0092 0.2789 0.0831
v -0.0147 0.2697 0.0846
v -0.0268 0.2524 0.0793
v -0.0245 0.2543 0.0775
v -0.0212 0.2510 0.0746
v -0.0166 0.2636 0.0794
v -0.0114 0.2631 0.0731
v -0.0145 0.2615 0.0747
v 0.0030 0.2721 0.0539
v 0.0045 0.2694 0.0500
v 0.0015 0.2694 0.0559
v 0.0065 0.2628 0.0502
v 0.0083 0.2642 0.0458
v 0.0130 0.2588 0.0510
v 0.0384 0.2549 0.0671
v 0.0352 0.2570 0.0636
v 0.0447 0.2559 0.0677
v 0.0484 0.2426 0.0692
v 0.0482 0.2462 0.0714
v 0.0550 0.2427 0.0723
v 0.0371 0.2401 0.0686
v 0.0378 0.2434 0.0702
v 0.0434 0.2414 0.0667
v 0.0425 0.2274 0.0795
v 0.0377 0.2327 0.0744
v 0.0419 0.2284 0.0737
v 0.0487 0.2308 0.0675
v 0.0537 0.2354 0.0680
v 0.0659 0.2411 0.0848
v 0.0631 0.2386 0.0758
v 0.0632 0.2425 0.0827
v 0.0777 0.2495 0.0989
v 0.0699 0.2478 0.0922
v 0.0757 0.2533 0.0945
v 0.0932 0.2595 0.1098
v 0.0972 0.2600 0.1061
v 0.0873 0.2445 0.0937
v 0.0923 0.2497 0.0894
v 0.0827 0.2396 0.0914
v 0.0785 0.2378 0.0816
v 0.0799 0.2442 0.0702
v 0.0776 0.2398 0.0779
v 0.0975 0.2156 0.0888
v 0.0879 0.2187 0.0780
v 0.0924 0.2139 0.0765
v 0.1303 0.1931 0.1160
v 0.1244 0.1932 0.1077
v 0.1333 0.1880 0.1170
v 0.1615 0.1710 0.1429
v 0.1559 0.1714 0.1378
v 0.1609 0.1659 0.1432
v 0.1656 0.1506 0.1610
v 0.1629 0.1511 0.1544
v 0.1625 0.1474 0.1579
v 0.1610 0.1328 0.1783
v 0.1594 0.1376 0.1726
v 0.1574 0.1300 0.1762
v 0.1527 0.1250 0.2023
v 0.1546 0.1253 0.1994
v 0.1494 0.1225 0.1992
v 0.1361 0.1231 0.1791
v 0.1398 0.1272 0.1736
v 0.1318 0.1291 0.1700
v 0.1058 0.1359 0.1656
v 0.1089 0.1366 0.1578
v 0.1034 0.1372 0.1581
v 0.1005 0.1433 0.1393
v 0.0998 0.1491 0.1281
v 0.0951 0.1474 0.1340
v 0.0844 0.1543 0.1246
v 0.0830 0.1563 0.1173
v 0.0669 0.1702 0.0804
v 0.0649 0.1713 0.0738
v 0.0631 0.1707 0.0852
v 0.0831 0.1853 0.0624
v 0.0741 0.1851 0.0560
v 0.0787 0.1801 0.0646
v 0.0547 0.1880 0.0363
v 0.0575 0.1850 0.0314
v 0.0530 0.1857 0.0334
v 0.0296 0.1811 0.0381
v 0.0299 0.1811 0.0341
v 0.0265 0.1798 0.0367
v 0.0529 0.1649 0.0246
v 0.0413 0.1701 0.0256
v 0.0513 0.1706 0.0231
v 0.0788 0.1508 0.0224
v 0.0737 0.1580 0.0220
v 0.0914 0.1534 0.0181
v 0.0858 0.1441 0.0168
v 0.0871 0.1407 0.0134
v 0.0702 0.1419 0.0186
v 0.0898 0.1356 -0.0012
v 0.0908 0.1357 -0.0092
v 0.0696 0.1384 0.0025
v 0.0705 0.1440 -0.0262
v 0.0673 0.1476 -0.0322
v 0.0436 0.1485 -0.0186
v -0.0026 0.1528 -0.0001
v -0.0019 0.1538 -0.0071
v -0.0109 0.1548 -0.0010
v -0.0320 0.1630 0.0121
v -0.0263 0.1589 0.0079
v -0.0335 0.1612 0.0076
v -0.0436 0.1669 0.0356
v -0.0427 0.1704 0.0297
v -0.0493 0.1667 0.0363
v -0.0440 0.1636 0.0394
v -0.0377 0.1666 0.0350
v -0.0448 0.1520 0.0587
v -0.0381 0.1555 0.0512
v -0.0417 0.1522 0.0560
v -0.0405 0.1596 0.0534
v -0.0452 0.1606 0.0539
v -0.0407 0.1643 0.0508
v -0.0404 0.1714 0.0473
v -0.0509 0.1773 0.0452
v -0.0399 0.1802 0.0434
v -0.0259 0.1904 0.0411
v -0.0204 0.1916 0.0430
v -0.0433 0.2022 0.0289
v -0.0325 0.2043 0.0284
v -0.0267 0.2023 0.0284
v -0.0556 0.2132 0.0369
v -0.0538 0.2096 0.0344
v -0.0578 0.2053 0.0348
v -0.0555 0.2228 0.0451
v -0.0564 0.2219 0.0409
v -0.0609 0.2253 0.0443
v -0.0839 0.2238 0.0704
v -0.0765 0.2257 0.0615
v -0.0871 0.2237 0.0689
v -0.1049 0.2118 0.0997
v -0.1029 0.2153 0.0903
v -0.1153 0.2081 0.1044
v -0.1245 0.1967 0.1370
v -0.1299 0.1951 0.1344
v -0.1418 0.1873 0.1530
v -0.1784 0.1649 0.2135
v -0.1665 0.1730 0.1906
v -0.1770 0.1688 0.2009
v -0.1960 0.1583 0.2220
v -0.1923 0.1615 0.2182
v -0.1978 0.1611 0.2190
v -0.1949 0.1475 0.2243
v -0.1966 0.1390 0.2171
v -0.1893 0.1339 0.2234
v -0.1847 0.1187 0.2216
v -0.1871 0.1164 0.2149
v -0.1831 0.1141 0.2214
v -0.1774 0.0955 0.2228
v -0.1840 0.0741 0.2009
v -0.1891 0.0687 0.1950
v -0.1813 0.0602 0.2096
v -0.1865 0.0315 0.2233
v -0.1870 0.0339 0.2202
v -0.1894 0.0304 0.2188
v -0.2125 0.0262 0.2035
v -0.2135 0.0276 0.1938
v -0.2231 0.0238 0.1936
v -0.2627 0.0194 0.2237
v -0.2460 0.0205 0.2248
v -0.2646 0.0178 0.2090
v -0.3207 0.0193 0.2618
v -0.3291 0.0199 0.2516
v -0.3322 0.0194 0.2630
v -0.3559 0.0242 0.2803
v -0.3452 0.0208 0.2726
v -0.3465 0.0192 0.2571
v -0.3982 0.0348 0.3047
v -0.3856 0.0327 0.3070
v -0.3882 0.0337 0.2908
v -0.3917 0.0330 0.3306
v -0.3925 0.0325 0.3203
v -0.3987 0.0343 0.3259
v -0.3909 0.0356 0.3356
v -0.3969 0.0413 0.3335
v -0.4086 0.0708 0.3442
v -0.4065 0.0585 0.3376
v -0.4207 0.0670 0.3331
v -0.4013 0.0978 0.3655
v -0.4020 0.0920 0.3592
v -0.4031 0.0999 0.3605
v -0.4057 0.1083 0.3945
v -0.4052 0.1085 0.3892
v -0.4051 0.1136 0.3891
v -0.4018 0.1064 0.4139
v -0.4038 0.1011 0.4084
v -0.4041 0.1064 0.4092
v -0.3940 0.0858 0.3808
v -0.3982 0.0930 0.3865
v -0.3946 0.0886 0.3895
v -0.3942 0.0796 0.3649
v -0.3897 0.0663 0.3593
v -0.3957 0.0756 0.3579
v -0.3990 0.1022 0.4258
v -0.3998 0.0996 0.4221
v -0.4024 0.1028 0.4163
v -0.3842 0.1201 0.4296
v -0.3801 0.1265 0.4304
v -0.3785 0.1196 0.4360
v -0.3653 0.1513 0.4347
v -0.3627 0.1530 0.4358
v -0.3613 0.1455 0.4385
v -0.3474 0.1547 0.4380
v -0.3401 0.1560 0.4357
v -0.3417 0.1471 0.4418
v -0.3240 0.1459 0.4358
v -0.3301 0.1488 0.4343
v -0.3229 0.1490 0.4353
v -0.3236 0.1672 0.4315
v -0.3251 0.1747 0.4294
v -0.3178 0.1708 0.4339
v -0.3314 0.1899 0.4205
v -0.3144 0.2047 0.4082
v -0.3257 0.2051 0.3965
v -0.3129 0.2091 0.3951
v -0.2727 0.2214 0.4045
v -0.2670 0.2236 0.3993
v -0.2657 0.2331 0.3684
v -0.2556 0.2338 0.3603
v -0.2600 0.2313 0.3716
v -0.2330 0.2213 0.3506
v -0.2382 0.2240 0.3419
v -0.2323 0.2206 0.3441
v -0.2154 0.2224 0.3486
v -0.2139 0.2207 0.3404
v -0.2129 0.2247 0.3484
v -0.1913 0.2289 0.3310
v -0.1799 0.2278 0.3343
v -0.1747 0.2245 0.3272
v -0.1719 0.2246 0.3336
v -0.1530 0.2162 0.3084
v -0.1578 0.2170 0.3114
v -0.1628 0.2158 0.3077
v -0.1730 0.2030 0.2912
v -0.1631 0.2034 0.2930
v -0.1705 0.2085 0.2989
v -0.1533 0.1943 0.2933
v -0.1548 0.1979 0.2908
v -0.1562 0.1918 0.2863
v -0.1653 0.1933 0.2789
v -0.1683 0.1935 0.2737
v -0.1660 0.1915 0.2754
v -0.1752 0.2054 0.2736
v -0.1803 0.2111 0.2724
v -0.1752 0.2109 0.2733
v -0.1745 0.2280 0.2586
v -0.1622 0.2232 0.2577
v -0.1439 0.2428 0.2098
v -0.1321 0.2451 0.1939
v -0.1404 0.2355 0.2202
v -0.1138 0.2573 0.1543
v -0.1146 0.2625 0.1465
v -0.1064 0.2593 0.1440
v -0.0817 0.2706 0.1035
v -0.0723 0.2708 0.0951
v -0.0763 0.2670 0.1029
v -0.0441 0.2725 0.0797
v -0.0507 0.2757 0.0776
v -0.0438 0.2783 0.0731
v -0.0220 0.2740 0.1096
v -0.0303 0.2729 0.0957
v -0.0243 0.2775 0.0953
v -0.0216 0.2635 0.1271
v -0.0230 0.2677 0.1181
v -0.0207 0.2674 0.1202
v -0.0145 0.2833 0.0972
v -0.0099 0.2839 0.0908
v -0.0135 0.2783 0.0969
v -0.0076 0.2776 0.0768
v -0.0036 0.2741 0.0689
v -0.0101 0.2694 0.0742
v 0.0126 0.2829 0.0508
v 0.0153 0.2866 0.0450
v 0.0130 0.2810 0.0449
v 0.0101 0.2682 0.0429
v 0.0127 0.2747 0.0395
v 0.0131 0.2678 0.0400
v 0.0352 0.2599 0.0600
v 0.0310 0.2609 0.0547
v 0.0387 0.2630 0.0594
v 0.0585 0.2504 0.0775
v 0.0540 0.2545 0.0723
v 0.0618 0.2543 0.0778
v 0.0899 0.2641 0.1029
v 0.0822 0.2607 0.0915
v 0.0903 0.2655 0.0951
v 0.1051 0.2788 0.1216
v 0.1014 0.2734 0.1180
v 0.1009 0.2739 0.1142
v 0.1002 0.2699 0.1159
v 0.1074 0.2715 0.1114
v 0.1008 0.2669 0.1120
v 0.0963 0.2611 0.1100
v 0.1009 0.2648 0.1087
v 0.1032 0.2611 0.0950
v 0.1111 0.2674 0.0892
v 0.1024 0.2597 0.0880
v 0.0973 0.2601 0.0686
v 0.0942 0.2608 0.0627
v 0.0874 0.2549 0.0636
v 0.0697 0.2347 0.0691
v 0.0678 0.2321 0.0640
v 0.0710 0.2285 0.0689
v 0.0719 0.2243 0.0608
v 0.0646 0.2262 0.0520
v 0.0717 0.2203 0.0546
v 0.1042 0.2032 0.0826
v 0.1157 0.1947 0.0958
v 0.1504 0.1766 0.1314
v 0.1404 0.1770 0.1227
v 0.1381 0.1720 0.1216
v 0.1366 0.1514 0.1336
v 0.1416 0.1564 0.1324
v 0.1325 0.1571 0.1262
v 0.1245 0.1355 0.1574
v 0.1323 0.1413 0.1473
v 0.1199 0.1422 0.1417
v 0.1557 0.1470 0.1509
v 0.1537 0.1428 0.1562
v 0.1494 0.1272 0.1747
v 0.1541 0.1333 0.1723
v 0.1498 0.1325 0.1709
v 0.1135 0.1387 0.1500
v 0.0879 0.1551 0.1176
v 0.0937 0.1544 0.1168
v 0.0901 0.1600 0.1017
v 0.1101 0.1693 0.0978
v 0.1001 0.1735 0.0862
v 0.1013 0.1656 0.0960
v 0.1304 0.1504 0.1319
v 0.1261 0.1535 0.1264
v 0.1226 0.1496 0.1305
v 0.1220 0.1681 0.1086
v 0.1174 0.1697 0.1021
v 0.1171 0.1642 0.1080
v 0.1112 0.1879 0.0874
v 0.0982 0.1931 0.0735
v 0.0998 0.1868 0.0768
v 0.0782 0.1904 0.0553
v 0.0760 0.1952 0.0513
v 0.0706 0.1908 0.0497
v 0.0644 0.1852 0.0300
v 0.0581 0.1888 0.0355
v 0.0633 0.1900 0.0342
v 0.0522 0.1778 0.0252
v 0.0617 0.1761 0.0224
v 0.0541 0.1750 0.0227
v 0.0669 0.1652 0.0219
v 0.0702 0.1713 0.0205
v 0.0762 0.1716 0.0192
v 0.1058 0.1491 0.0144
v 0.1187 0.1498 0.0124
v 0.1198 0.1451 0.0111
v 0.1109 0.1356 0.0033
v 0.1110 0.1336 -0.0010
v 0.0957 0.1361 0.0037
v 0.1415 0.1254 -0.0262
v 0.1386 0.1257 -0.0117
v 0.1577 0.1238 -0.0229
v 0.0931 0.1391 -0.0284
v 0.1153 0.1342 -0.0289
v 0.1139 0.1388 -0.0437
v 0.0806 0.1484 -0.0419
v 0.0750 0.1513 -0.0420
v 0.0665 0.1509 -0.0367
v 0.0216 0.1532 -0.0138
v 0.0205 0.1567 -0.0155
v 0.0152 0.1543 -0.0132
v -0.0099 0.1545 -0.0071
v -0.0095 0.1535 -0.0125
v -0.0184 0.1546 -0.0073
v -0.0370 0.1650 0.0101
v -0.0389 0.1612 0.0058
v -0.0439 0.1710 0.0099
v -0.0604 0.1774 0.0282
v -0.0544 0.1777 0.0233
v -0.0603 0.1795 0.0241
v -0.0776 0.1621 0.0380
v -0.0727 0.1653 0.0366
v -0.0764 0.1673 0.0364
v -0.0762 0.1612 0.0483
v -0.0791 0.1690 0.0463
v -0.0729 0.1601 0.0507
v -0.0565 0.1534 0.0568
v -0.0602 0.1583 0.0546
v -0.0547 0.1561 0.0571
v -0.0587 0.1687 0.0490
v -0.0477 0.1675 0.0498
v -0.0494 0.1885 0.0403
v -0.0469 0.1953 0.0361
v -0.0382 0.1887 0.0393
v -0.0739 0.2053 0.0405
v -0.0770 0.2168 0.0395
v -0.0692 0.2076 0.0385
v -0.0631 0.2262 0.0415
v -0.0617 0.2236 0.0411
v -0.0671 0.2289 0.0418
v -0.0823 0.2267 0.0603
v -0.0722 0.2266 0.0535
v -0.0780 0.2299 0.0530
v -0.1192 0.2164 0.0870
v -0.1151 0.2215 0.0780
v -0.1255 0.2174 0.0845
v -0.1346 0.2119 0.0918
v -0.1362 0.2125 0.0876
v -0.1396 0.2096 0.0915
v -0.1517 0.1937 0.0950
v -0.1483 0.1981 0.0922
v -0.1598 0.1904 0.0934
v -0.1748 0.1775 0.1486
v -0.1717 0.1784 0.1432
v -0.1816 0.1694 0.1470
v -0.1946 0.1734 0.1642
v -0.1924 0.1767 0.1660
v -0.1895 0.1738 0.1612
v -0.2128 0.1754 0.1714
v -0.2093 0.1642 0.1609
v -0.2163 0.1696 0.1659
v -0.2087 0.1797 0.1743
v -0.2087 0.1844 0.1782
v -0.2036 0.1810 0.1773
v -0.2127 0.1927 0.1969
v -0.2105 0.1934 0.1936
v -0.2151 0.1943 0.1950
v -0.2233 0.2028 0.2164
v -0.2170 0.1988 0.2133
v -0.2244 0.2011 0.2079
v -0.2126 0.1922 0.2002
v -0.2098 0.1903 0.1959
v -0.1977 0.1801 0.1769
v -0.1932 0.1776 0.1706
v -0.1989 0.1777 0.1708
v -0.1830 0.1770 0.1597
v -0.1771 0.1784 0.1532
v -0.1839 0.1748 0.1569
v -0.1598 0.1859 0.1367
v -0.1616 0.1843 0.1310
v -0.1677 0.1797 0.1357
v -0.1466 0.1957 0.1199
v -0.1416 0.1990 0.1166
v -0.1463 0.1976 0.1141
v -0.1357 0.2033 0.1102
v -0.1201 0.2093 0.1006
v -0.1298 0.2085 0.1010
v -0.1468 0.1918 0.1328
v -0.1331 0.1961 0.1278
v -0.1405 0.1964 0.1226
v -0.1790 0.1770 0.1723
v -0.1793 0.1784 0.1630
v -0.1864 0.1779 0.1725
v -0.2007 0.1757 0.2062
v -0.1948 0.1747 0.1980
v -0.1995 0.1780 0.1986
v -0.2152 0.1781 0.2224
v -0.2112 0.1795 0.2217
v -0.2143 0.1819 0.2226
v -0.2211 0.1711 0.2171
v -0.2277 0.1707 0.2092
v -0.2197 0.1682 0.2149
v -0.2105 0.1647 0.2173
v -0.2139 0.1618 0.2153
v -0.2095 0.1585 0.2168
v -0.1935 0.1643 0.2146
v -0.1886 0.1668 0.2088
v -0.1959 0.1675 0.2117
v -0.2093 0.1551 0.2163
v -0.2084 0.1524 0.2132
v -0.2057 0.1532 0.2174
v -0.2017 0.1381 0.2076
v -0.1978 0.1255 0.1987
v -0.1951 0.1298 0.2108
v -0.1831 0.1031 0.2144
v -0.1879 0.1055 0.2007
v -0.1795 0.0940 0.2180
v -0.1953 0.1005 0.1832
v -0.2147 0.0998 0.1522
v -0.2019 0.0927 0.1723
v -0.1886 0.0598 0.1990
v -0.2099 0.0633 0.1697
v -0.1908 0.0332 0.2135
v -0.1904 0.0386 0.2096
v -0.1921 0.0330 0.2104
v -0.2287 0.0240 0.1871
v -0.2212 0.0270 0.1869
v -0.2299 0.0251 0.1791
v -0.2833 0.0170 0.1784
v -0.2652 0.0191 0.1702
v -0.2837 0.0178 0.1653
v -0.2912 0.0172 0.1923
v -0.2810 0.0168 0.1936
v -0.2981 0.0172 0.1773
v -0.3196 0.0210 0.2369
v -0.3204 0.0225 0.2175
v -0.3331 0.0220 0.2300
v -0.3782 0.0309 0.2657
v -0.3715 0.0276 0.2580
v -0.3749 0.0296 0.2551
v -0.3931 0.0378 0.2589
v -0.4001 0.0417 0.2524
v -0.4023 0.0386 0.2756
v -0.4200 0.0496 0.2681
v -0.4168 0.0480 0.2604
v -0.4276 0.0568 0.2553
v -0.4191 0.0489 0.2984
v -0.4271 0.0563 0.2860
v -0.4241 0.0541 0.3036
v -0.4300 0.0739 0.3284
v -0.4273 0.0626 0.3226
v -0.4383 0.0865 0.3236
v -0.4094 0.0847 0.3484
v -0.4044 0.0876 0.3538
v -0.4042 0.0790 0.3508
v -0.4023 0.1048 0.3662
v -0.4031 0.1151 0.3811
v -0.4037 0.1213 0.3873
v -0.3743 0.1498 0.4124
v -0.3792 0.1462 0.3982
v -0.3666 0.1552 0.4104
v -0.3557 0.1605 0.4351
v -0.3604 0.1601 0.4318
v -0.3549 0.1617 0.4322
v -0.3425 0.1627 0.4320
v -0.3414 0.1678 0.4278
v -0.3382 0.1629 0.4313
v -0.3397 0.1742 0.4238
v -0.3428 0.1802 0.4188
v -0.3384 0.1798 0.4212
v -0.3412 0.1941 0.4118
v -0.3426 0.1954 0.4069
v -0.3381 0.1953 0.4136
v -0.3287 0.2022 0.3985
v -0.3292 0.2027 0.3913
v -0.3109 0.2126 0.3839
v -0.3132 0.2116 0.3770
v -0.3091 0.2158 0.3754
v -0.2787 0.2236 0.3910
v -0.2811 0.2293 0.3668
v -0.2724 0.2286 0.3801
v -0.2568 0.2351 0.3520
v -0.2614 0.2357 0.3484
v -0.2559 0.2360 0.3485
v -0.2412 0.2245 0.3333
v -0.2436 0.2285 0.3358
v -0.2465 0.2265 0.3289
v -0.2256 0.2159 0.3335
v -0.2284 0.2155 0.3258
v -0.2213 0.2133 0.3264
v -0.1991 0.2167 0.3192
v -0.2093 0.2125 0.3151
v -0.2030 0.2140 0.3156
v -0.1849 0.2230 0.3205
v -0.1821 0.2196 0.3137
v -0.1784 0.2225 0.3198
v -0.1825 0.2088 0.2984
v -0.1883 0.2071 0.2935
v -0.1815 0.2056 0.2955
v -0.1659 0.1986 0.2860
v -0.1704 0.1970 0.2805
v -0.1651 0.1958 0.2827
v -0.1862 0.2103 0.2696
v -0.1877 0.2179 0.2683
v -0.1933 0.2296 0.2555
v -0.1916 0.2320 0.2495
v -0.1846 0.2285 0.2587
v -0.1759 0.2358 0.2393
v -0.1735 0.2392 0.2286
v -0.1703 0.2367 0.2377
v -0.1593 0.2400 0.2277
v -0.1632 0.2440 0.2158
v -0.1555 0.2446 0.2123
v -0.1299 0.2599 0.1616
v -0.1227 0.2628 0.1500
v -0.1226 0.2584 0.1607
v -0.1125 0.2719 0.1246
v -0.1156 0.2731 0.1171
v -0.1086 0.2732 0.1178
v -0.0870 0.2739 0.1030
v -0.0779 0.2756 0.0924
v -0.0589 0.2796 0.0759
v -0.0312 0.2775 0.0833
v -0.0312 0.2813 0.0728
v -0.0256 0.2841 0.0732
v -0.0152 0.2860 0.0883
v -0.0093 0.2906 0.0851
v -0.0098 0.2890 0.0899
v -0.0003 0.2843 0.0724
v 0.0055 0.2870 0.0677
v 0.0021 0.2804 0.0660
v 0.0189 0.2915 0.0511
v 0.0156 0.2909 0.0458
v 0.0174 0.2883 0.0518
v 0.0101 0.2741 0.0447
v 0.0151 0.2797 0.0389
v 0.0218 0.2634 0.0359
v 0.0237 0.2669 0.0328
v 0.0263 0.2635 0.0391
v 0.0505 0.2627 0.0635
v 0.0427 0.2664 0.0556
v 0.0496 0.2659 0.0571
v 0.0708 0.2599 0.0746
v 0.0653 0.2617 0.0668
v 0.0706 0.2627 0.0657
v 0.0927 0.2666 0.0888
v 0.0933 0.2664 0.0798
v 0.0998 0.2701 0.0887
v 0.1110 0.2835 0.1121
v 0.1183 0.2887 0.1095
v 0.1173 0.2933 0.1214
v 0.1149 0.2875 0.1275
v 0.1258 0.2937 0.1209
v 0.1181 0.2865 0.1224
v 0.1311 0.2830 0.0974
v 0.1283 0.2815 0.0935
v 0.1262 0.2792 0.0966
v 0.1095 0.2754 0.0901
v 0.1108 0.2732 0.0822
v 0.1180 0.2791 0.0898
v 0.0970 0.2627 0.0648
v 0.0979 0.2655 0.0658
v 0.0863 0.2578 0.0585
v 0.0868 0.2574 0.0511
v 0.0828 0.2564 0.0562
v 0.0698 0.2437 0.0587
v 0.0743 0.2475 0.0572
v 0.0706 0.2461 0.0568
v 0.0628 0.2406 0.0520
v 0.0636 0.2423 0.0457
v 0.0596 0.2388 0.0504
v 0.0590 0.2220 0.0392
v 0.0592 0.2221 0.0358
v 0.0623 0.2200 0.0419
v 0.0709 0.2166 0.0495
v 0.0683 0.2147 0.0440
v 0.0749 0.2097 0.0491
v 0.0795 0.1988 0.0532
v 0.0741 0.2000 0.0478
v 0.0688 0.2001 0.0402
v 0.0689 0.2001 0.0350
v 0.0659 0.1986 0.0368
v 0.0812 0.1911 0.0288
v 0.0952 0.1905 0.0277
v 0.0894 0.1846 0.0255
v 0.0767 0.1760 0.0203
v 0.0786 0.1753 0.0180
v 0.1108 0.1596 0.0129
v 0.1044 0.1653 0.0130
v 0.1111 0.1657 0.0134
v 0.1300 0.1506 0.0113
v 0.1406 0.1483 0.0107
v 0.1314 0.1465 0.0106
v 0.1575 0.1360 0.0039
v 0.1660 0.1314 -0.0014
v 0.1476 0.1326 0.0001
v 0.1671 0.1241 -0.0228
v 0.1712 0.1250 -0.0228
v 0.1667 0.1251 -0.0281
v 0.1669 0.1317 -0.0404
v 0.1719 0.1352 -0.0446
v 0.1661 0.1345 -0.0478
v 0.1619 0.1369 -0.0592
v 0.1610 0.1434 -0.0682
v 0.1435 0.1409 -0.0604
v 0.1085 0.1473 -0.0579
v 0.1025 0.1518 -0.0579
v 0.0930 0.1508 -0.0515
v 0.0641 0.1536 -0.0380
v 0.0686 0.1525 -0.0407
v 0.0636 0.1574 -0.0399
v 0.0437 0.1603 -0.0285
v 0.0416 0.1652 -0.0283
v 0.0348 0.1596 -0.0230
v 0.0137 0.1567 -0.0148
v 0.0198 0.1711 -0.0142
v 0.0138 0.1688 -0.0129
v 0.0003 0.1551 -0.0224
v -0.0013 0.1593 -0.0256
v -0.0045 0.1530 -0.0230
v -0.0269 0.1572 -0.0012
v -0.0271 0.1543 -0.0080
v -0.0331 0.1537 -0.0065
v -0.0471 0.1495 0.0104
v -0.0454 0.1497 0.0048
v -0.0492 0.1466 0.0110
v -0.0607 0.1418 0.0247
v -0.0606 0.1431 0.0285
v -0.0558 0.1430 0.0285
v -0.0622 0.1534 0.0526
v -0.0669 0.1544 0.0397
v -0.0754 0.1585 0.0453
v -0.0507 0.1472 0.0406
v -0.0523 0.1454 0.0330
v -0.0542 0.1469 0.0374
v -0.0487 0.1481 0.0218
v -0.0482 0.1492 0.0150
v -0.0488 0.1458 0.0169
v -0.0461 0.1595 0.0057
v -0.0437 0.1659 0.0056
v -0.0507 0.1769 0.0171
v -0.0498 0.1737 0.0104
v -0.0507 0.1769 0.0133
v -0.0724 0.1811 0.0242
v -0.0813 0.1827 0.0202
v -0.0871 0.1782 0.0281
v -0.1011 0.1763 0.0412
v -0.0951 0.1741 0.0386
v -0.1013 0.1757 0.0362
v -0.0893 0.1729 0.0425
v -0.0906 0.1717 0.0393
v -0.0953 0.1754 0.0416
v -0.0762 0.1699 0.0466
v -0.0770 0.1762 0.0455
v -0.0661 0.1779 0.0452
v -0.0784 0.2040 0.0430
v -0.0726 0.1983 0.0417
v -0.0944 0.2055 0.0491
v -0.0886 0.2120 0.0464
v -0.0816 0.1993 0.0461
v -0.1360 0.1996 0.0664
v -0.1187 0.2015 0.0585
v -0.1217 0.1934 0.0591
v -0.1466 0.1791 0.0647
v -0.1341 0.1766 0.0573
v -0.1515 0.1745 0.0633
v -0.2048 0.1545 0.0724
v -0.1861 0.1618 0.0688
v -0.1917 0.1579 0.0659
v -0.2440 0.1459 0.0873
v -0.2436 0.1409 0.0809
v -0.2517 0.1444 0.0895
v -0.2619 0.1422 0.1075
v -0.2605 0.1454 0.0984
v -0.2582 0.1391 0.1062
v -0.2404 0.1232 0.1229
v -0.2426 0.1231 0.1169
v -0.2380 0.1184 0.1202
v -0.2018 0.1217 0.1866
v -0.2273 0.1201 0.1425
v -0.2207 0.1140 0.1480
v -0.2234 0.1540 0.1902
v -0.2264 0.1434 0.1728
v -0.2221 0.1347 0.1683
v -0.2494 0.1320 0.1278
v -0.2455 0.1267 0.1196
v -0.2429 0.1305 0.1345
v -0.2704 0.1426 0.1258
v -0.2796 0.1484 0.1190
v -0.2680 0.1430 0.1179
v -0.2626 0.1533 0.1026
v -0.2576 0.1578 0.0999
v -0.2564 0.1516 0.0983
v -0.2497 0.1495 0.0928
v -0.2411 0.1575 0.0943
v -0.2279 0.1565 0.0905
v -0.2023 0.1721 0.0849
v -0.2003 0.1815 0.0861
v -0.1870 0.1803 0.0811
v -0.1480 0.1996 0.0706
v -0.1475 0.2051 0.0713
v -0.1148 0.2198 0.0544
v -0.1149 0.2284 0.0524
v -0.1075 0.2281 0.0509
v -0.0895 0.2281 0.0458
v -0.0938 0.2302 0.0461
v -0.0899 0.2327 0.0472
v -0.0791 0.2331 0.0503
v -0.0752 0.2325 0.0494
v -0.0777 0.2327 0.0458
v -0.1014 0.2305 0.0617
v -0.1006 0.2339 0.0561
v -0.1059 0.2332 0.0600
v -0.1253 0.2202 0.0801
v -0.1219 0.2241 0.0753
v -0.1315 0.2206 0.0795
v -0.1526 0.2058 0.0820
v -0.1472 0.2113 0.0828
v -0.1522 0.2111 0.0826
v -0.1640 0.1949 0.0873
v -0.1583 0.2006 0.0865
v -0.1648 0.2003 0.0866
v -0.1810 0.1893 0.0938
v -0.1768 0.1927 0.0920
v -0.1803 0.1945 0.0924
v -0.2022 0.1726 0.1116
v -0.2015 0.1851 0.1019
v -0.2151 0.1663 0.1206
v -0.2255 0.1526 0.1197
v -0.2250 0.1606 0.1197
v -0.2328 0.1541 0.1180
v -0.2282 0.1418 0.1268
v -0.2325 0.1417 0.1231
v -0.2352 0.1414 0.1259
v -0.2402 0.1521 0.1444
v -0.2454 0.1547 0.1403
v -0.2420 0.1558 0.1469
v -0.2270 0.1454 0.1411
v -0.2250 0.1425 0.1340
v -0.2272 0.1430 0.1367
v -0.2197 0.1477 0.1403
v -0.2197 0.1471 0.1369
v -0.2230 0.1465 0.1399
v -0.2045 0.1601 0.1265
v -0.2092 0.1605 0.1229
v -0.2104 0.1572 0.1274
v -0.2158 0.1540 0.1458
v -0.2077 0.1571 0.1409
v -0.2135 0.1540 0.1418
v -0.2222 0.1578 0.1532
v -0.2296 0.1618 0.1557
v -0.2224 0.1637 0.1581
v -0.1858 0.1658 0.1437
v -0.1968 0.1618 0.1380
v -0.2011 0.1601 0.1436
v -0.1819 0.1709 0.1146
v -0.1847 0.1742 0.1062
v -0.1920 0.1682 0.1158
v -0.1918 0.1738 0.1073
v -0.1755 0.1822 0.0969
v -0.1832 0.1813 0.0994
v -0.1674 0.1822 0.1005
v -0.1704 0.1829 0.0971
v -0.1478 0.2035 0.0872
v -0.1428 0.2111 0.0842
v -0.1485 0.2069 0.0840
v -0.1320 0.2166 0.0836
v -0.1368 0.2159 0.0826
v -0.2019 0.1652 0.1607
v -0.1919 0.1656 0.1529
v -0.2045 0.1605 0.1535
v -0.2223 0.1811 0.1712
v -0.2318 0.1870 0.1690
v -0.2280 0.1940 0.1727
v -0.2107 0.1985 0.1875
v -0.2107 0.2000 0.1831
v -0.2148 0.1996 0.1881
v -0.2335 0.2072 0.1943
v -0.2255 0.1976 0.1992
v -0.2281 0.1986 0.1957
v -0.2337 0.2124 0.2022
v -0.2362 0.2173 0.1996
v -0.2351 0.2174 0.2050
v -0.2228 0.2214 0.2269
v -0.2248 0.2252 0.2184
v -0.2159 0.2289 0.2270
v -0.2015 0.2344 0.2537
v -0.2041 0.2337 0.2511
v -0.2048 0.2335 0.2402
v -0.1972 0.2166 0.2642
v -0.2033 0.2184 0.2611
v -0.2028 0.2266 0.2581
v -0.1907 0.2004 0.2717
v -0.1880 0.2013 0.2703
v -0.1866 0.2008 0.2735
v -0.1844 0.2057 0.2700
v -0.1812 0.2007 0.2748
v -0.1924 0.2044 0.2701
v -0.1985 0.2094 0.2684
v -0.1921 0.2103 0.2680
v -0.2059 0.2251 0.2577
v -0.2106 0.2237 0.2532
v -0.2075 0.2266 0.2553
v -0.2242 0.2145 0.2328
v -0.2267 0.2114 0.2282
v -0.2263 0.2161 0.2286
v -0.2304 0.2167 0.2161
v -0.2325 0.2150 0.2130
v -0.2327 0.2197 0.2132
v -0.2234 0.2023 0.2231
v -0.2257 0.2067 0.2220
v -0.2196 0.2138 0.2458
v -0.2243 0.2095 0.2400
v -0.2205 0.2160 0.2400
v -0.2201 0.2096 0.2573
v -0.2170 0.2122 0.2543
v -0.2150 0.2114 0.2574
v -0.2131 0.2121 0.2814
v -0.2129 0.2112 0.2741
v -0.2054 0.2086 0.2749
v -0.1943 0.2152 0.3103
v -0.1976 0.2120 0.3043
v -0.1926 0.2107 0.3020
v -0.2150 0.2128 0.3208
v -0.2219 0.2126 0.3140
v -0.2155 0.2120 0.3145
v -0.2274 0.2179 0.2955
v -0.2148 0.2135 0.2934
v -0.2172 0.2133 0.3062
v -0.2358 0.2153 0.2669
v -0.2258 0.2130 0.2690
v -0.2302 0.2176 0.2749
v -0.2215 0.2099 0.2644
v -0.2148 0.2111 0.2622
v -0.2160 0.2108 0.2664
v -0.2335 0.1986 0.2351
v -0.2333 0.2009 0.2377
v -0.2399 0.2004 0.2337
v -0.2282 0.1865 0.2253
v -0.2304 0.1892 0.2276
v -0.2343 0.1901 0.2265
v -0.2200 0.2002 0.2177
v -0.2265 0.1825 0.2231
v -0.2312 0.1835 0.2206
v -0.2256 0.1797 0.2205
v -0.2627 0.1966 0.2100
v -0.2715 0.1937 0.1938
v -0.2588 0.1906 0.2032
v -0.2355 0.1708 0.1989
v -0.2450 0.1746 0.1929
v -0.2371 0.1662 0.1868
v -0.2438 0.1595 0.1724
v -0.2455 0.1569 0.1665
v -0.2394 0.1530 0.1692
v -0.2408 0.1444 0.1589
v -0.2506 0.1439 0.1520
v -0.2444 0.1397 0.1504
v -0.2645 0.1457 0.1476
v -0.2741 0.1468 0.1431
v -0.2674 0.1442 0.1425
v -0.2717 0.1421 0.1315
v -0.2830 0.1478 0.1313
v -0.2791 0.1541 0.1121
v -0.2791 0.1595 0.1081
v -0.2739 0.1539 0.1091
v -0.2743 0.1675 0.1053
v -0.2736 0.1764 0.1050
v -0.2671 0.1619 0.1037
v -0.2277 0.1711 0.0952
v -0.2143 0.1743 0.0901
v -0.2280 0.1665 0.0945
v -0.2000 0.1881 0.0872
v -0.1970 0.1865 0.0852
v -0.1871 0.1885 0.0842
v -0.1869 0.1939 0.0850
v -0.1811 0.1888 0.0815
v -0.1770 0.1856 0.0787
v -0.1763 0.1919 0.0789
v -0.1709 0.1883 0.0772
v -0.1595 0.1956 0.0760
v -0.1639 0.1997 0.0801
v -0.1593 0.1996 0.0766
v -0.1478 0.2100 0.0696
v -0.1413 0.2157 0.0642
v -0.1414 0.2093 0.0670
v -0.1187 0.2237 0.0546
v -0.1185 0.2274 0.0541
v -0.1645 0.2105 0.0720
v -0.1725 0.2132 0.0721
v -0.1610 0.2176 0.0674
v -0.1642 0.2039 0.0768
v -0.1928 0.1991 0.0832
v -0.1954 0.2056 0.0794
v -0.1867 0.2020 0.0797
v -0.2045 0.1933 0.0869
v -0.1983 0.1920 0.0850
v -0.2471 0.1789 0.0958
v -0.2364 0.1841 0.0923
v -0.2354 0.1737 0.0965
v -0.2213 0.2009 0.0852
v -0.2211 0.2112 0.0793
v -0.2113 0.2008 0.0837
v -0.2025 0.2244 0.0666
v -0.1699 0.2342 0.0553
v -0.1720 0.2288 0.0607
v -0.1127 0.2334 0.0520
v -0.1110 0.2315 0.0645
v -0.1103 0.2352 0.0601
v -0.1175 0.2346 0.0648
v -0.1417 0.2325 0.0796
v -0.1333 0.2361 0.0741
v -0.1363 0.2428 0.0761
v -0.1626 0.2106 0.0864
v -0.1580 0.2197 0.0856
v -0.1689 0.2109 0.0882
v -0.1817 0.2000 0.0923
v -0.1793 0.1998 0.0889
v -0.1821 0.2066 0.0917
v -0.1978 0.1926 0.0983
v -0.1944 0.1957 0.0959
v -0.1981 0.1977 0.0979
v -0.2089 0.1882 0.1052
v -0.2167 0.1808 0.1129
v -0.2331 0.1764 0.1208
v -0.2322 0.1823 0.1227
v -0.2384 0.1815 0.1227
v -0.2268 0.1701 0.1200
v -0.2223 0.1756 0.1197
v -0.2261 0.1770 0.1205
v -0.2382 0.1595 0.1179
v -0.2383 0.1649 0.1183
v -0.2434 0.1650 0.1187
v -0.2497 0.1592 0.1381
v -0.2453 0.1521 0.1260
v -0.2499 0.1585 0.1283
v -0.2480 0.1673 0.1580
v -0.2508 0.1692 0.1566
v -0.2509 0.1747 0.1611
v -0.2376 0.1607 0.1540
v -0.2462 0.1637 0.1560
v -0.2435 0.1661 0.1581
v -0.2268 0.1527 0.1495
v -0.2350 0.1864 0.1665
v -0.2384 0.1896 0.1688
v -0.2400 0.1967 0.1723
v -0.2368 0.1982 0.1716
v -0.2374 0.1939 0.1708
v -0.2318 0.1993 0.1716
v -0.2284 0.2006 0.1715
v -0.2250 0.1983 0.1736
v -0.2110 0.2057 0.1815
v -0.2148 0.2023 0.1862
v -0.2287 0.1981 0.1907
v -0.2263 0.1992 0.1880
v -0.2298 0.2010 0.1895
v -0.2285 0.2202 0.1829
v -0.2301 0.2223 0.1844
v -0.2339 0.2172 0.1867
v -0.2231 0.2340 0.2070
v -0.2341 0.2251 0.1997
v -0.2224 0.2354 0.1984
v -0.2027 0.2486 0.2209
v -0.2057 0.2473 0.2194
v -0.2009 0.2514 0.2191
v -0.1965 0.2361 0.2351
v -0.1980 0.2363 0.2323
v -0.1930 0.2350 0.2315
v -0.2019 0.2363 0.2392
v -0.2092 0.2308 0.2358
v -0.2029 0.2383 0.2335
v -0.1808 0.2381 0.2225
v -0.1861 0.2368 0.2195
v -0.1822 0.2395 0.2153
v -0.1768 0.2456 0.1999
v -0.1748 0.2466 0.1939
v -0.1630 0.2481 0.2021
v -0.1511 0.2519 0.1860
v -0.1448 0.2554 0.1751
v -0.1418 0.2523 0.1858
v -0.1305 0.2656 0.1320
v -0.1263 0.2686 0.1177
v -0.1219 0.2685 0.1294
v -0.1074 0.2754 0.1083
v -0.1061 0.2778 0.0965
v -0.0983 0.2791 0.0961
v -0.0785 0.2809 0.0822
v -0.0780 0.2855 0.0703
v -0.0689 0.2830 0.0740
v -0.0602 0.2925 0.0618
v -0.0602 0.2983 0.0619
v -0.0558 0.2961 0.0627
v -0.0487 0.2976 0.0669
v -0.0445 0.2967 0.0660
v -0.0444 0.2910 0.0653
v -0.0254 0.2860 0.0671
v -0.0266 0.2886 0.0590
v -0.0148 0.2906 0.0635
v -0.0095 0.2911 0.0732
v -0.0033 0.2930 0.0697
v -0.0034 0.2932 0.0739
v 0.0194 0.2903 0.0599
v 0.0298 0.2920 0.0566
v 0.0216 0.2901 0.0558
v 0.0117 0.2953 0.0444
v 0.0156 0.2956 0.0397
v 0.0210 0.2909 0.0298
v 0.0243 0.2973 0.0215
v 0.0248 0.2895 0.0212
v 0.0295 0.2785 0.0251
v 0.0362 0.2796 0.0228
v 0.0371 0.2763 0.0268
v 0.0479 0.2745 0.0449
v 0.0487 0.2762 0.0390
v 0.0533 0.2774 0.0447
v 0.0629 0.2649 0.0586
v 0.0585 0.2685 0.0523
v 0.0643 0.2677 0.0498
v 0.0936 0.2659 0.0710
v 0.0870 0.2643 0.0645
v 0.0929 0.2649 0.0654
v 0.0780 0.2632 0.0479
v 0.0745 0.2688 0.0435
v 0.0813 0.2627 0.0467
v 0.0936 0.2514 0.0465
v 0.0932 0.2600 0.0469
v 0.1019 0.2525 0.0475
v 0.1329 0.2386 0.0525
v 0.1315 0.2398 0.0497
v 0.1401 0.2352 0.0520
v 0.1389 0.2266 0.0476
v 0.1413 0.2253 0.0454
v 0.1377 0.2233 0.0432
v 0.1079 0.2384 0.0457
v 0.1077 0.2420 0.0468
v 0.1198 0.2422 0.0509
v 0.0882 0.2458 0.0444
v 0.0813 0.2521 0.0508
v 0.0876 0.2515 0.0467
v 0.0765 0.2447 0.0423
v 0.0695 0.2447 0.0444
v 0.0758 0.2469 0.0445
v 0.0699 0.2437 0.0375
v 0.0544 0.2286 0.0443
v 0.0512 0.2337 0.0417
v 0.0524 0.2279 0.0400
v 0.0632 0.2206 0.0345
v 0.0585 0.2252 0.0343
v 0.0636 0.2254 0.0307
v 0.0754 0.1974 0.0313
v 0.0744 0.2109 0.0319
v 0.0847 0.1992 0.0296
v 0.1200 0.1827 0.0248
v 0.1207 0.1768 0.0215
v 0.1054 0.1797 0.0226
v 0.0966 0.1741 0.0179
v 0.0931 0.1699 0.0159
v 0.0876 0.1780 0.0205
v 0.1335 0.1605 0.0088
v 0.1278 0.1655 0.0109
v 0.1344 0.1650 0.0097
v 0.1487 0.1557 0.0109
v 0.1505 0.1612 0.0119
v 0.1558 0.1556 0.0127
v 0.1715 0.1355 0.0048
v 0.1629 0.1397 0.0078
v 0.1710 0.1403 0.0106
v 0.1737 0.1303 -0.0041
v 0.1764 0.1300 -0.0073
v 0.1726 0.1284 -0.0071
v 0.1887 0.1352 -0.0071
v 0.1846 0.1344 -0.0166
v 0.1820 0.1323 -0.0075
v 0.1867 0.1344 0.0122
v 0.1851 0.1331 0.0052
v 0.1793 0.1365 0.0098
v 0.1907 0.1360 0.0254
v 0.1875 0.1439 0.0301
v 0.1944 0.1407 0.0327
v 0.2115 0.1378 0.0484
v 0.2079 0.1386 0.0434
v 0.2084 0.1450 0.0479
v 0.2285 0.1420 0.0642
v 0.2250 0.1425 0.0623
v 0.2260 0.1499 0.0621
v 0.2383 0.1364 0.0799
v 0.2364 0.1317 0.0752
v 0.2372 0.1374 0.0747
v 0.2471 0.1610 0.1025
v 0.2431 0.1533 0.0915
v 0.2473 0.1606 0.0883
v 0.2738 0.1729 0.1369
v 0.2579 0.1666 0.1221
v 0.2812 0.1789 0.1356
v 0.2950 0.1803 0.1619
v 0.2941 0.1819 0.1587
v 0.2964 0.1838 0.1585
v 0.3073 0.1656 0.1725
v 0.3073 0.1695 0.1687
v 0.3124 0.1679 0.1719
v 0.3388 0.1556 0.2057
v 0.3400 0.1580 0.1974
v 0.3457 0.1562 0.2023
v 0.3619 0.1477 0.2118
v 0.3634 0.1517 0.2084
v 0.3683 0.1480 0.2104
v 0.3798 0.1370 0.2232
v 0.3786 0.1402 0.2166
v 0.3801 0.1371 0.2180
v 0.3817 0.1569 0.2560
v 0.3695 0.1588 0.2421
v 0.3827 0.1436 0.2385
v 0.4013 0.1481 0.2780
v 0.3982 0.1471 0.2680
v 0.4031 0.1350 0.2587
v 0.4114 0.1415 0.3089
v 0.4111 0.1413 0.3031
v 0.4135 0.1303 0.3056
v 0.4107 0.1207 0.3214
v 0.4129 0.1164 0.3116
v 0.4077 0.1157 0.3230
v 0.3968 0.1294 0.3610
v 0.3988 0.1268 0.3534
v 0.3945 0.1256 0.3570
v 0.3888 0.1293 0.3696
v 0.3926 0.1287 0.3633
v 0.3885 0.1263 0.3625
v 0.3670 0.1413 0.3942
v 0.3798 0.1358 0.3816
v 0.3709 0.1339 0.3923
v 0.4012 0.1308 0.3539
v 0.4128 0.1310 0.3236
v 0.4133 0.1271 0.3150
v 0.4110 0.1262 0.3258
v 0.4080 0.1495 0.3119
v 0.3977 0.1640 0.3093
v 0.4037 0.1552 0.3075
v 0.3908 0.1708 0.2999
v 0.3751 0.1762 0.2890
v 0.3785 0.1728 0.2836
v 0.3599 0.1788 0.2650
v 0.3356 0.1881 0.2436
v 0.3521 0.1764 0.2433
v 0.3555 0.1553 0.2237
v 0.3584 0.1499 0.2203
v 0.3622 0.1479 0.2234
v 0.3545 0.1515 0.2195
v 0.3502 0.1519 0.2114
v 0.3564 0.1508 0.2114
v 0.3446 0.1532 0.2063
v 0.3512 0.1531 0.2048
v 0.3150 0.1600 0.1946
v 0.3088 0.1605 0.1900
v 0.3195 0.1594 0.1957
v 0.2940 0.1612 0.1762
v 0.2898 0.1635 0.1713
v 0.2941 0.1648 0.1704
v 0.3190 0.1719 0.2105
v 0.3059 0.1667 0.1972
v 0.3156 0.1648 0.2016
v 0.3296 0.1647 0.2124
v 0.3238 0.1635 0.2068
v 0.3296 0.1610 0.2093
v 0.3012 0.1728 0.2010
v 0.2917 0.1596 0.1801
v 0.2931 0.1619 0.1836
v 0.2889 0.1597 0.1810
v 0.2855 0.1646 0.1672
v 0.2898 0.1702 0.1661
v 0.2795 0.1602 0.1665
v 0.2702 0.1632 0.1502
v 0.2814 0.1675 0.1588
v 0.2496 0.1498 0.1395
v 0.2522 0.1548 0.1359
v 0.2551 0.1539 0.1447
v 0.2720 0.1575 0.1647
v 0.2651 0.1558 0.1581
v 0.2698 0.1592 0.1572
v 0.2776 0.1590 0.1767
v 0.2764 0.1609 0.1811
v 0.2707 0.1584 0.1785
v 0.2594 0.1531 0.1716
v 0.2597 0.1522 0.1656
v 0.2646 0.1535 0.1702
v 0.2427 0.1445 0.1608
v 0.2451 0.1444 0.1558
v 0.2485 0.1469 0.1597
v 0.2446 0.1444 0.1327
v 0.2478 0.1502 0.1311
v 0.2396 0.1383 0.0959
v 0.2370 0.1287 0.0834
v 0.2404 0.1422 0.0879
v 0.2330 0.1255 0.0673
v 0.2296 0.1276 0.0627
v 0.2320 0.1317 0.0668
v 0.2214 0.1209 0.0506
v 0.2197 0.1198 0.0452
v 0.2194 0.1240 0.0522
v 0.2124 0.1326 0.0443
v 0.2136 0.1287 0.0395
v 0.2093 0.1338 0.0397
v 0.2082 0.1304 0.0227
v 0.2000 0.1326 0.0218
v 0.2021 0.1327 0.0258
v 0.1993 0.1323 0.0172
v 0.1980 0.1325 0.0121
v 0.1914 0.1327 0.0164
v 0.1952 0.1345 0.0020
v 0.1966 0.1373 -0.0042
v 0.1901 0.1342 0.0002
v 0.1843 0.1354 -0.0263
v 0.1875 0.1405 -0.0293
v 0.1828 0.1361 -0.0327
v 0.1776 0.1391 -0.0446
v 0.1793 0.1433 -0.0509
v 0.1745 0.1373 -0.0477
v 0.1674 0.1445 -0.0699
v 0.1732 0.1493 -0.0731
v 0.1677 0.1485 -0.0740
v 0.1422 0.1547 -0.0712
v 0.1450 0.1659 -0.0737
v 0.1428 0.1694 -0.0740
v 0.0912 0.1549 -0.0525
v 0.0859 0.1602 -0.0515
v 0.0792 0.1544 -0.0461
v 0.0520 0.1653 -0.0344
v 0.0628 0.1701 -0.0386
v 0.0523 0.1686 -0.0342
v 0.0320 0.1764 -0.0199
v 0.0309 0.1818 -0.0191
v 0.0262 0.1766 -0.0177
v 0.0141 0.1717 -0.0113
v 0.0070 0.1675 -0.0135
v -0.0052 0.1549 -0.0274
v -0.0067 0.1596 -0.0291
v -0.0161 0.1506 -0.0290
v -0.0227 0.1487 -0.0338
v -0.0186 0.1487 -0.0262
v -0.0443 0.1475 -0.0094
v -0.0472 0.1460 -0.0195
v -0.0546 0.1440 -0.0093
v -0.0672 0.1375 0.0172
v -0.0639 0.1379 0.0150
v -0.0663 0.1368 0.0109
v -0.0659 0.1506 0.0332
v -0.0693 0.1453 0.0262
v -0.0790 0.1499 0.0246
v -0.0719 0.1525 0.0300
v -0.0774 0.1566 0.0262
v -0.0670 0.1538 0.0288
v -0.0551 0.1713 0.0343
v -0.0553 0.1664 0.0373
v -0.0504 0.1536 0.0352
v -0.0590 0.1531 0.0286
v -0.0520 0.1517 0.0292
v -0.0565 0.1561 0.0107
v -0.0589 0.1610 0.0060
v -0.0524 0.1569 0.0082
v -0.0554 0.1695 0.0050
v -0.0665 0.1789 0.0101
v -0.0609 0.1796 0.0115
v -0.0802 0.1825 0.0161
v -0.0930 0.1815 0.0176
v -0.1025 0.1775 0.0285
v -0.1019 0.1793 0.0215
v -0.1133 0.1774 0.0241
v -0.1518 0.1680 0.0522
v -0.1474 0.1685 0.0476
v -0.1658 0.1641 0.0536
v -0.2145 0.1487 0.0714
v -0.2001 0.1532 0.0612
v -0.2161 0.1472 0.0626
v -0.2508 0.1375 0.0847
v -0.2444 0.1392 0.0784
v -0.2496 0.1363 0.0791
v -0.2470 0.1269 0.1105
v -0.2475 0.1266 0.1002
v -0.2423 0.1211 0.1108
v -0.1985 0.1110 0.1833
v -0.2156 0.0797 0.1545
v -0.2263 0.0802 0.1375
v -0.2221 0.0686 0.1500
v -0.2212 0.0347 0.1736
v -0.2320 0.0344 0.1580
v -0.2277 0.0304 0.1694
v -0.2355 0.0254 0.1679
v -0.2400 0.0265 0.1556
v -0.2425 0.0247 0.1607
v -0.2633 0.0227 0.1465
v -0.2612 0.0251 0.1438
v -0.2658 0.0251 0.1436
v -0.2970 0.0174 0.1737
v -0.3030 0.0213 0.1681
v -0.3061 0.0204 0.1721
v -0.3521 0.0248 0.2177
v -0.3424 0.0273 0.1978
v -0.3575 0.0278 0.2133
v -0.3724 0.0315 0.2324
v -0.3781 0.0354 0.2271
v -0.3832 0.0362 0.2366
v -0.3962 0.0477 0.2242
v -0.3965 0.0483 0.2176
v -0.3988 0.0510 0.2228
v -0.4263 0.0570 0.2483
v -0.4222 0.0561 0.2386
v -0.4276 0.0602 0.2431
v -0.4438 0.0865 0.2811
v -0.4393 0.0816 0.2675
v -0.4462 0.0955 0.2796
v -0.4522 0.1030 0.3079
v -0.4530 0.1030 0.3027
v -0.4521 0.1076 0.3078
v -0.4388 0.1094 0.3325
v -0.4353 0.1232 0.3291
v -0.4260 0.1276 0.3397
v -0.4084 0.1410 0.3548
v -0.4119 0.1406 0.3524
v -0.4067 0.1444 0.3547
v -0.3843 0.1407 0.3718
v -0.3909 0.1373 0.3645
v -0.3870 0.1412 0.3642
v -0.3568 0.1622 0.4179
v -0.3632 0.1581 0.4280
v -0.3525 0.1656 0.4149
v -0.3530 0.1676 0.4090
v -0.3496 0.1693 0.4166
v -0.3498 0.1818 0.4004
v -0.3507 0.1822 0.3910
v -0.3468 0.1902 0.4030
v -0.3419 0.1966 0.3767
v -0.3422 0.1972 0.3661
v -0.3397 0.1987 0.3694
v -0.3239 0.2061 0.3903
v -0.3284 0.2023 0.3831
v -0.3246 0.2044 0.3827
v -0.3138 0.2097 0.3689
v -0.3108 0.2128 0.3711
v -0.3161 0.2084 0.3714
v -0.3109 0.2104 0.3664
v -0.3072 0.2141 0.3661
v -0.2995 0.2223 0.3663
v -0.2906 0.2257 0.3643
v -0.2898 0.2246 0.3721
v -0.2664 0.2354 0.3434
v -0.2611 0.2360 0.3433
v -0.2532 0.2337 0.3357
v -0.2559 0.2277 0.3245
v -0.2493 0.2298 0.3331
v -0.2346 0.2180 0.3221
v -0.2283 0.2141 0.3200
v -0.2432 0.2257 0.2857
v -0.2488 0.2278 0.2816
v -0.2396 0.2249 0.2807
v -0.2425 0.2134 0.2585
v -0.2464 0.2101 0.2479
v -0.2317 0.2106 0.2623
v -0.2589 0.2057 0.2300
v -0.2646 0.2017 0.2188
v -0.2511 0.2034 0.2308
v -0.2526 0.2140 0.2523
v -0.2583 0.2107 0.2385
v -0.2670 0.2281 0.2800
v -0.2739 0.2207 0.2661
v -0.2628 0.2229 0.2690
v -0.2603 0.2275 0.3036
v -0.2668 0.2296 0.2912
v -0.2613 0.2297 0.2911
v -0.2746 0.2280 0.3265
v -0.2684 0.2299 0.3307
v -0.2721 0.2306 0.3347
v -0.2992 0.2234 0.3268
v -0.3002 0.2256 0.3086
v -0.2915 0.2261 0.3250
v -0.2874 0.2276 0.2981
v -0.2837 0.2278 0.2919
v -0.2666 0.2296 0.2861
v -0.3081 0.2226 0.3065
v -0.3173 0.2204 0.3084
v -0.3100 0.2215 0.2980
v -0.3225 0.2100 0.3440
v -0.3114 0.2152 0.3412
v -0.3148 0.2108 0.3512
v -0.3410 0.2000 0.3416
v -0.3370 0.2032 0.3326
v -0.3371 0.2028 0.3480
v -0.3286 0.2122 0.3158
v -0.3200 0.2175 0.2924
v -0.3214 0.2183 0.3086
v -0.3122 0.2193 0.2811
v -0.3101 0.2170 0.2745
v -0.3060 0.2200 0.2835
v -0.2793 0.2220 0.2723
v -0.2889 0.2163 0.2614
v -0.2848 0.2110 0.2408
v -0.2826 0.2080 0.2305
v -0.2671 0.2129 0.2422
v -0.2842 0.2040 0.2178
v -0.2924 0.1995 0.1998
v -0.2792 0.2013 0.2100
v -0.2755 0.1915 0.1869
v -0.2810 0.1903 0.1823
v -0.2724 0.1880 0.1825
v -0.2508 0.1604 0.1653
v -0.2546 0.1632 0.1677
v -0.2606 0.1624 0.1642
v -0.2504 0.1542 0.1599
v -0.2468 0.1568 0.1631
v -0.2505 0.1578 0.1625
v -0.2659 0.1527 0.1554
v -0.2791 0.1509 0.1504
v -0.2737 0.1496 0.1502
v -0.2960 0.1545 0.1326
v -0.3060 0.1648 0.1214
v -0.2912 0.1543 0.1256
v -0.2887 0.1611 0.1558
v -0.2963 0.1574 0.1505
v -0.2832 0.1543 0.1541
v -0.3138 0.1638 0.1492
v -0.3148 0.1638 0.1417
v -0.3077 0.1618 0.1497
v -0.3314 0.1812 0.1254
v -0.3237 0.1784 0.1187
v -0.3140 0.1706 0.1219
v -0.2883 0.1599 0.1098
v -0.2901 0.1628 0.1079
v -0.2843 0.1593 0.1095
v -0.2783 0.1741 0.1057
v -0.2788 0.1820 0.1056
v -0.2658 0.1842 0.0990
v -0.2637 0.1878 0.0952
v -0.2563 0.1831 0.0957
v -0.2381 0.1996 0.0843
v -0.2474 0.2052 0.0792
v -0.2328 0.2105 0.0780
v -0.2103 0.2147 0.0753
v -0.2243 0.2164 0.0739
v -0.2117 0.2192 0.0720
v -0.1652 0.2422 0.0450
v -0.1596 0.2454 0.0419
v -0.1438 0.2468 0.0428
v -0.1117 0.2450 0.0473
v -0.1183 0.2472 0.0416
v -0.1115 0.2507 0.0458
v -0.1160 0.2434 0.0584
v -0.1139 0.2466 0.0547
v -0.1176 0.2489 0.0581
v -0.1304 0.2478 0.0708
v -0.1242 0.2513 0.0637
v -0.1283 0.2555 0.0707
v -0.1786 0.2120 0.0905
v -0.1671 0.2192 0.0884
v -0.1697 0.2255 0.0908
v -0.1790 0.2270 0.0956
v -0.1821 0.2289 0.0972
v -0.1909 0.2230 0.0993
v -0.2273 0.1973 0.1139
v -0.2191 0.1985 0.1093
v -0.2275 0.2075 0.1141
v -0.2429 0.1979 0.1287
v -0.2396 0.1953 0.1243
v -0.2380 0.2063 0.1251
v -0.2473 0.2025 0.1435
v -0.2479 0.1995 0.1391
v -0.2443 0.2064 0.1407
v -0.2575 0.1824 0.1371
v -0.2553 0.1687 0.1316
v -0.2566 0.1820 0.1321
v -0.2438 0.1757 0.1208
v -0.2420 0.1830 0.1231
v -0.2487 0.1810 0.1244
v -0.2461 0.1554 0.1215
v -0.2466 0.1652 0.1196
v -0.2559 0.1939 0.1630
v -0.2564 0.1937 0.1597
v -0.2558 0.1970 0.1632
v -0.2482 0.2026 0.1687
v -0.2505 0.2037 0.1649
v -0.2463 0.2067 0.1676
v -0.2311 0.2091 0.1676
v -0.2370 0.2144 0.1629
v -0.2281 0.2117 0.1655
v -0.2186 0.2100 0.1707
v -0.2211 0.2143 0.1665
v -0.2149 0.2106 0.1718
v -0.2148 0.2081 0.1746
v -0.2113 0.2107 0.1777
v -0.2259 0.2273 0.1817
v -0.2286 0.2255 0.1824
v -0.2256 0.2305 0.1845
v -0.2182 0.2377 0.1935
v -0.2051 0.2507 0.2048
v -0.2012 0.2511 0.2036
v -0.1962 0.2516 0.2127
v -0.1940 0.2393 0.2129
v -0.1955 0.2413 0.2177
v -0.1924 0.2453 0.2119
v -0.1976 0.2367 0.2227
v -0.1972 0.2375 0.2168
v -0.1899 0.2350 0.2202
v -0.1884 0.2488 0.1998
v -0.1924 0.2493 0.1953
v -0.1875 0.2489 0.1946
v -0.1780 0.2469 0.1818
v -0.1876 0.2451 0.1760
v -0.1755 0.2468 0.1769
v -0.1478 0.2567 0.1291
v -0.1472 0.2578 0.1251
v -0.1458 0.2581 0.1316
v -0.1313 0.2669 0.1076
v -0.1242 0.2708 0.1007
v -0.1200 0.2738 0.1063
v -0.0989 0.2826 0.0749
v -0.0991 0.2832 0.0691
v -0.0944 0.2846 0.0724
v -0.0882 0.2876 0.0565
v -0.0868 0.2890 0.0514
v -0.0835 0.2891 0.0561
v -0.0658 0.2915 0.0605
v -0.0724 0.2914 0.0560
v -0.0674 0.2924 0.0577
v -0.0801 0.3206 0.0669
v -0.0900 0.3255 0.0632
v -0.0798 0.3299 0.0739
v -0.0729 0.3486 0.0897
v -0.0684 0.3421 0.0878
v -0.0719 0.3439 0.0882
v -0.0602 0.3254 0.0750
v -0.0666 0.3244 0.0687
v -0.0543 0.3202 0.0725
v -0.0474 0.3126 0.0684
v -0.0462 0.3103 0.0637
v -0.0448 0.3079 0.0667
v -0.0374 0.3032 0.0556
v -0.0335 0.3002 0.0495
v -0.0328 0.2963 0.0511
v -0.0298 0.3000 0.0447
v -0.0299 0.3013 0.0377
v -0.0248 0.2924 0.0449
v -0.0097 0.2936 0.0549
v -0.0153 0.2939 0.0466
v -0.0094 0.2960 0.0474
v 0.0074 0.2966 0.0672
v 0.0064 0.2965 0.0624
v 0.0114 0.2985 0.0674
v 0.0163 0.3002 0.0757
v 0.0243 0.2977 0.0700
v 0.0172 0.2975 0.0719
v 0.0413 0.2927 0.0512
v 0.0474 0.2971 0.0491
v 0.0340 0.2970 0.0513
v 0.0220 0.3024 0.0603
v 0.0202 0.2988 0.0559
v 0.0271 0.3031 0.0571
v 0.0362 0.3326 0.0888
v 0.0302 0.3203 0.0777
v 0.0368 0.3323 0.0835
v 0.0368 0.3246 0.0919
v 0.0502 0.3309 0.0794
v 0.0452 0.3187 0.0735
v 0.0261 0.3141 0.0876
v 0.0291 0.3204 0.0845
v 0.0300 0.3214 0.0919
v 0.0215 0.3058 0.0815
v 0.0270 0.3057 0.0784
v 0.0233 0.3032 0.0774
v 0.0498 0.3108 0.0592
v 0.0492 0.3033 0.0531
v 0.0446 0.3021 0.0571
v 0.0534 0.3240 0.0576
v 0.0461 0.3123 0.0546
v 0.0578 0.3244 0.0567
v 0.0583 0.3336 0.0695
v 0.0646 0.3400 0.0657
v 0.0617 0.3321 0.0628
v 0.0413 0.3375 0.0951
v 0.0407 0.3414 0.0943
v 0.0430 0.3431 0.0956
v 0.0481 0.3536 0.0957
v 0.0496 0.3579 0.0949
v 0.0517 0.3547 0.0939
v 0.0579 0.3659 0.0936
v 0.0581 0.3702 0.0915
v 0.0621 0.3746 0.0931
v 0.0710 0.3776 0.0847
v 0.0692 0.3734 0.0794
v 0.0654 0.3598 0.0795
v 0.0630 0.3375 0.0640
v 0.0474 0.3464 0.0793
v 0.0464 0.3404 0.0744
v 0.0520 0.3518 0.0776
v 0.0614 0.3723 0.0869
v 0.0593 0.3647 0.0817
v 0.0668 0.3750 0.0821
v 0.0635 0.3592 0.0741
v 0.0670 0.3584 0.0749
v 0.0684 0.3649 0.0779
v 0.0363 0.3221 0.0681
v 0.0392 0.3214 0.0645
v 0.0421 0.3305 0.0700
v 0.0426 0.3418 0.0845
v 0.0187 0.2951 0.0521
v 0.0139 0.2954 0.0525
v 0.0084 0.2958 0.0716
v 0.0113 0.2980 0.0704
v 0.0138 0.3051 0.0312
v 0.0153 0.3088 0.0271
v 0.0194 0.3070 0.0297
v 0.0299 0.3129 0.0222
v 0.0303 0.3168 0.0142
v 0.0269 0.3063 0.0152
v 0.0293 0.2879 0.0158
v 0.0253 0.2920 0.0108
v 0.0301 0.2899 0.0107
v 0.0423 0.2796 0.0230
v 0.0405 0.2852 0.0162
v 0.0467 0.2800 0.0238
v 0.0581 0.2772 0.0438
v 0.0598 0.2802 0.0375
v 0.0655 0.2749 0.0410
v 0.0541 0.2792 0.0398
v 0.0818 0.2671 0.0423
v 0.0827 0.2704 0.0379
v 0.0880 0.2673 0.0412
v 0.0993 0.2650 0.0425
v 0.1018 0.2647 0.0398
v 0.1037 0.2619 0.0444
v 0.1235 0.2449 0.0462
v 0.1298 0.2391 0.0454
v 0.1243 0.2320 0.0370
v 0.1209 0.2283 0.0345
v 0.1279 0.2237 0.0368
v 0.1221 0.2252 0.0356
v 0.1169 0.2267 0.0353
v 0.1057 0.2313 0.0339
v 0.0990 0.2352 0.0339
v 0.0943 0.2386 0.0381
v 0.0887 0.2417 0.0307
v 0.0877 0.2472 0.0271
v 0.0826 0.2437 0.0308
v 0.0552 0.2415 0.0340
v 0.0638 0.2442 0.0307
v 0.0591 0.2436 0.0292
v 0.0354 0.2348 0.0399
v 0.0316 0.2361 0.0338
v 0.0353 0.2347 0.0337
v 0.0531 0.2324 0.0282
v 0.0474 0.2383 0.0290
v 0.0537 0.2409 0.0273
v 0.0752 0.2266 0.0259
v 0.0727 0.2319 0.0214
v 0.0846 0.2278 0.0235
v 0.0833 0.2094 0.0300
v 0.0820 0.2163 0.0290
v 0.0966 0.2129 0.0292
v 0.1220 0.1900 0.0282
v 0.1288 0.1949 0.0289
v 0.1362 0.1881 0.0274
v 0.1506 0.1673 0.0148
v 0.1421 0.1668 0.0131
v 0.1378 0.1699 0.0165
v 0.1451 0.1651 0.0103
v 0.1391 0.1658 0.0102
v 0.1575 0.1601 0.0132
v 0.1802 0.1644 0.0324
v 0.1774 0.1552 0.0270
v 0.1701 0.1658 0.0238
v 0.1906 0.1726 0.0407
v 0.1937 0.1790 0.0415
v 0.2077 0.1687 0.0505
v 0.2382 0.1412 0.0730
v 0.2326 0.1437 0.0670
v 0.2373 0.1433 0.0691
v 0.2444 0.1521 0.0822
v 0.2581 0.1716 0.1024
v 0.2666 0.1772 0.0969
v 0.2774 0.1858 0.1021
v 0.3064 0.1914 0.1493
v 0.3085 0.1940 0.1464
v 0.3096 0.1936 0.1494
v 0.3165 0.1813 0.1585
v 0.3243 0.1856 0.1572
v 0.3228 0.1817 0.1590
v 0.3355 0.1788 0.1701
v 0.3478 0.1828 0.1730
v 0.3475 0.1770 0.1808
v 0.3754 0.1616 0.2023
v 0.3653 0.1668 0.1963
v 0.3765 0.1656 0.1983
v 0.3909 0.1312 0.2167
v 0.3896 0.1351 0.2158
v 0.3953 0.1298 0.2162
v 0.4065 0.1182 0.2170
v 0.4076 0.1200 0.2102
v 0.4078 0.1140 0.2166
v 0.4100 0.1117 0.2350
v 0.4057 0.1173 0.2345
v 0.4094 0.1144 0.2300
v 0.4129 0.0918 0.2640
v 0.4114 0.0907 0.2531
v 0.4118 0.0743 0.2568
v 0.4116 0.0749 0.2849
v 0.4140 0.0763 0.2798
v 0.4056 0.0693 0.2827
v 0.4051 0.0750 0.2900
v 0.4093 0.0738 0.2866
v 0.4137 0.0784 0.2874
v 0.4154 0.0804 0.2801
v 0.4168 0.0949 0.2952
v 0.4178 0.0918 0.2911
v 0.4143 0.0894 0.2981
v 0.4008 0.1051 0.3242
v 0.4061 0.1047 0.3150
v 0.4175 0.1135 0.2968
v 0.4181 0.1109 0.2917
v 0.4188 0.0995 0.2938
v 0.4116 0.1049 0.2616
v 0.4110 0.1000 0.2538
v 0.4053 0.1192 0.2415
v 0.4077 0.1146 0.2392
v 0.3956 0.1243 0.2226
v 0.3967 0.1254 0.2173
v 0.3989 0.1211 0.2227
v 0.3901 0.1303 0.2289
v 0.3897 0.1300 0.2224
v 0.3936 0.1285 0.2297
v 0.3868 0.1346 0.2295
v 0.3907 0.1344 0.2358
v 0.4116 0.1288 0.2853
v 0.4060 0.1209 0.2488
v 0.4122 0.1137 0.2712
v 0.4069 0.0634 0.2404
v 0.4077 0.0751 0.2384
v 0.4055 0.0773 0.2334
v 0.3986 0.0704 0.2227
v 0.4004 0.0690 0.2160
v 0.3968 0.0676 0.2227
v 0.3892 0.0582 0.2228
v 0.3908 0.0566 0.2167
v 0.3877 0.0551 0.2213
v 0.3900 0.0390 0.2105
v 0.3959 0.0290 0.2046
v 0.3846 0.0354 0.2118
v 0.3875 0.0213 0.2057
v 0.3883 0.0175 0.1983
v 0.3833 0.0192 0.2028
v 0.3647 0.0155 0.1931
v 0.3688 0.0141 0.1852
v 0.3615 0.0142 0.1851
v 0.3330 0.0051 0.1809
v 0.3458 0.0061 0.1717
v 0.3476 0.0045 0.1616
v 0.3167 0.0022 0.1711
v 0.3191 0.0000 0.1627
v 0.2972 0.0050 0.1630
v 0.2686 0.0110 0.1669
v 0.2645 0.0156 0.1697
v 0.2750 0.0150 0.1749
v 0.2633 0.0113 0.1624
v 0.2536 0.0170 0.1594
v 0.2580 0.0162 0.1669
v 0.2424 0.0336 0.1664
v 0.2388 0.0365 0.1604
v 0.2400 0.0354 0.1652
v 0.2300 0.0468 0.1653
v 0.2265 0.0500 0.1654
v 0.2239 0.0483 0.1658
v 0.2170 0.0611 0.1603
v 0.2252 0.0567 0.1541
v 0.2192 0.0635 0.1547
v 0.2159 0.0737 0.1475
v 0.2194 0.0702 0.1289
v 0.2166 0.0769 0.1393
v 0.2186 0.1004 0.1414
v 0.2205 0.0942 0.1284
v 0.2216 0.1024 0.1331
v 0.2079 0.1149 0.1647
v 0.2132 0.1170 0.1608
v 0.1954 0.1557 0.2090
v 0.2001 0.1504 0.1985
v 0.2008 0.1606 0.2045
v 0.1798 0.1710 0.2480
v 0.1775 0.1680 0.2444
v 0.1825 0.1681 0.2425
v 0.1710 0.1825 0.2487
v 0.1678 0.1891 0.2449
v 0.1685 0.1823 0.2433
v 0.1588 0.1852 0.2337
v 0.1521 0.1780 0.2276
v 0.1552 0.1763 0.2281
v 0.1394 0.1936 0.2001
v 0.1331 0.1975 0.1937
v 0.1394 0.1832 0.2231
v 0.1347 0.1855 0.2173
v 0.1393 0.1851 0.2165
v 0.1452 0.1958 0.2426
v 0.1455 0.1897 0.2357
v 0.1503 0.1970 0.2449
v 0.1442 0.1990 0.2514
v 0.1452 0.1985 0.2470
v 0.1663 0.1927 0.2623
v 0.1713 0.1818 0.2615
v 0.1695 0.1815 0.2650
v 0.1858 0.1759 0.2632
v 0.1793 0.1760 0.2576
v 0.1838 0.1751 0.2569
v 0.2006 0.1882 0.2891
v 0.2077 0.1940 0.2908
v 0.2071 0.1945 0.2947
v 0.2188 0.2086 0.3008
v 0.2147 0.2046 0.2948
v 0.2176 0.2054 0.2840
v 0.2395 0.2190 0.3310
v 0.2416 0.2220 0.3252
v 0.2481 0.2217 0.3329
v 0.2700 0.2184 0.3506
v 0.2657 0.2201 0.3473
v 0.2695 0.2219 0.3450
v 0.2894 0.2128 0.3497
v 0.2928 0.2151 0.3428
v 0.3119 0.2043 0.3450
v 0.3141 0.2040 0.3321
v 0.3221 0.1984 0.3406
v 0.3640 0.1736 0.3480
v 0.3712 0.1661 0.3525
v 0.3895 0.1551 0.3399
v 0.3947 0.1597 0.3232
v 0.4034 0.1481 0.3285
v 0.3750 0.1690 0.3368
v 0.3822 0.1629 0.3382
v 0.3716 0.1782 0.3033
v 0.3660 0.1803 0.2887
v 0.3840 0.1749 0.3030
v 0.3605 0.1791 0.3304
v 0.3636 0.1788 0.3209
v 0.3735 0.1733 0.3263
v 0.3283 0.1931 0.3086
v 0.3211 0.1993 0.3055
v 0.3286 0.1934 0.2982
v 0.3454 0.1877 0.2927
v 0.3491 0.1869 0.2831
v 0.3444 0.1892 0.2737
v 0.3322 0.1960 0.2719
v 0.3365 0.1927 0.2647
v 0.3296 0.1928 0.2502
v 0.3230 0.1923 0.2427
v 0.3298 0.1800 0.2260
v 0.3121 0.1822 0.2163
v 0.3251 0.1768 0.2189
v 0.2620 0.1713 0.1889
v 0.2710 0.1670 0.1855
v 0.2716 0.1733 0.1897
v 0.2542 0.1679 0.1872
v 0.2550 0.1737 0.1921
v 0.2489 0.1742 0.1947
v 0.2338 0.1491 0.1706
v 0.2419 0.1477 0.1663
v 0.2469 0.1526 0.1714
v 0.2215 0.1233 0.1571
v 0.2271 0.1282 0.1554
v 0.2271 0.1343 0.1616
v 0.2401 0.1405 0.1549
v 0.2389 0.1380 0.1493
v 0.2447 0.1435 0.1495
v 0.2328 0.1187 0.1100
v 0.2349 0.1211 0.1006
v 0.2366 0.1291 0.1138
v 0.2255 0.1011 0.1155
v 0.2292 0.1030 0.1009
v 0.2287 0.1095 0.1132
v 0.2342 0.1098 0.0620
v 0.2322 0.1116 0.0569
v 0.2308 0.1160 0.0612
v 0.2233 0.1175 0.0505
v 0.2267 0.1138 0.0456
v 0.2223 0.1173 0.0453
v 0.2200 0.1215 0.0358
v 0.2213 0.1221 0.0301
v 0.2163 0.1253 0.0346
v 0.2220 0.1244 0.0208
v 0.2256 0.1237 0.0205
v 0.2197 0.1273 0.0192
v 0.2063 0.1321 0.0133
v 0.2033 0.1333 0.0085
v 0.2148 0.1506 -0.0070
v 0.2190 0.1532 -0.0103
v 0.2133 0.1532 -0.0114
v 0.1967 0.1449 -0.0170
v 0.1923 0.1440 -0.0240
v 0.1930 0.1399 -0.0148
v 0.1862 0.1485 -0.0375
v 0.1896 0.1532 -0.0397
v 0.1847 0.1487 -0.0405
v 0.1822 0.1507 -0.0642
v 0.1788 0.1515 -0.0722
v 0.1800 0.1467 -0.0610
v 0.1732 0.1550 -0.0787
v 0.1785 0.1576 -0.0820
v 0.1733 0.1587 -0.0817
v 0.1479 0.1542 -0.0723
v 0.1492 0.1588 -0.0736
v 0.1438 0.1712 -0.0793
v 0.1465 0.1725 -0.0871
v 0.1377 0.1742 -0.0804
v 0.1052 0.1706 -0.0624
v 0.1117 0.1770 -0.0668
v 0.1065 0.1784 -0.0648
v 0.0747 0.1713 -0.0451
v 0.0827 0.1766 -0.0494
v 0.0776 0.1764 -0.0456
v 0.0723 0.1749 -0.0423
v 0.0621 0.1760 -0.0356
v 0.0580 0.1814 -0.0242
v 0.0539 0.1799 -0.0281
v 0.0595 0.1831 -0.0285
v 0.0712 0.1881 -0.0046
v 0.0753 0.1844 -0.0113
v 0.0712 0.1907 -0.0114
v 0.0621 0.1827 -0.0052
v 0.0531 0.1808 -0.0116
v 0.0648 0.1809 -0.0116
v 0.0459 0.1740 -0.0272
v 0.0496 0.1782 -0.0258
v 0.0432 0.1780 -0.0233
v 0.0481 0.1856 0.0046
v 0.0478 0.1834 0.0005
v 0.0515 0.1867 0.0044
v 0.0373 0.1824 -0.0061
v 0.0348 0.1868 -0.0126
v 0.0383 0.1823 -0.0117
v 0.0294 0.1907 -0.0233
v 0.0253 0.1838 -0.0191
v 0.0147 0.1762 -0.0102
v 0.0167 0.1816 -0.0141
v 0.0129 0.1822 -0.0107
v 0.0040 0.1728 -0.0072
v 0.0010 0.1767 -0.0107
v 0.0030 0.1717 -0.0104
v -0.0010 0.1772 -0.0168
v 0.0012 0.1697 -0.0161
v -0.0039 0.1716 -0.0232
v -0.0057 0.1691 -0.0268
v -0.0022 0.1696 -0.0214
v -0.0213 0.1547 -0.0398
v -0.0161 0.1665 -0.0390
v -0.0197 0.1681 -0.0413
v -0.0383 0.1470 -0.0306
v -0.0336 0.1474 -0.0447
v -0.0385 0.1468 -0.0458
v -0.0588 0.1438 -0.0224
v -0.0642 0.1414 -0.0120
v -0.0931 0.1362 0.0052
v -0.0838 0.1344 0.0049
v -0.0878 0.1346 0.0024
v -0.0886 0.1395 0.0107
v -0.0825 0.1365 0.0092
v -0.1085 0.1498 0.0086
v -0.1030 0.1415 0.0065
v -0.1093 0.1441 0.0036
v -0.1023 0.1571 0.0169
v -0.1099 0.1614 0.0126
v -0.0952 0.1598 0.0221
v -0.0864 0.1607 0.0241
v -0.0852 0.1644 0.0153
v -0.0772 0.1590 0.0211
v -0.0660 0.1534 0.0222
v -0.0670 0.1560 0.0163
v -0.0657 0.1537 0.0185
v -0.0680 0.1640 0.0074
v -0.0660 0.1676 0.0052
v -0.0628 0.1622 0.0067
v -0.0733 0.1589 0.0159
v -0.0731 0.1632 0.0100
v -0.0712 0.1597 0.0121
v -0.0974 0.1800 0.0066
v -0.0957 0.1763 0.0091
v -0.1010 0.1793 0.0067
v -0.1231 0.1778 0.0192
v -0.1237 0.1799 0.0108
v -0.1303 0.1781 0.0175
v -0.1609 0.1660 0.0364
v -0.1689 0.1662 0.0298
v -0.1894 0.1584 0.0409
v -0.2294 0.1452 0.0551
v -0.2270 0.1486 0.0471
v -0.2335 0.1468 0.0472
v -0.2501 0.1327 0.0636
v -0.2518 0.1315 0.0574
v -0.2507 0.1250 0.0631
v -0.2384 0.1119 0.1022
v -0.2399 0.1138 0.0868
v -0.2388 0.1101 0.0912
v -0.2369 0.1064 0.1035
v -0.2378 0.1051 0.0933
v -0.2364 0.1021 0.1065
v -0.2389 0.0564 0.1336
v -0.2381 0.0718 0.1243
v -0.2415 0.0619 0.1273
v -0.2506 0.0303 0.1388
v -0.2505 0.0349 0.1346
v -0.2559 0.0313 0.1353
v -0.2351 0.0298 0.1587
v -0.2337 0.0277 0.1644
v -0.3018 0.0307 0.1516
v -0.3155 0.0366 0.1507
v -0.3286 0.0375 0.1558
v -0.3494 0.0383 0.1673
v -0.3486 0.0399 0.1648
v -0.3516 0.0392 0.1649
v -0.3654 0.0359 0.1985
v -0.3634 0.0392 0.1816
v -0.3722 0.0389 0.2009
v -0.3798 0.0394 0.2152
v -0.3804 0.0411 0.2090
v -0.3875 0.0423 0.2198
v -0.3978 0.0479 0.2102
v -0.4032 0.0511 0.2115
v -0.3998 0.0505 0.2115
v -0.4171 0.0557 0.2328
v -0.4137 0.0597 0.2260
v -0.4192 0.0622 0.2308
v -0.4395 0.1042 0.2514
v -0.4306 0.0889 0.2378
v -0.4363 0.1053 0.2428
v -0.4514 0.1128 0.2907
v -0.4518 0.1084 0.2866
v -0.4513 0.1132 0.2864
v -0.4439 0.1356 0.2853
v -0.4411 0.1409 0.2834
v -0.4396 0.1389 0.2931
v -0.4137 0.1460 0.3437
v -0.4170 0.1492 0.3339
v -0.4106 0.1515 0.3422
v -0.3922 0.1410 0.3590
v -0.3876 0.1425 0.3599
v -0.3707 0.1506 0.3654
v -0.3765 0.1480 0.3612
v -0.3747 0.1507 0.3588
v -0.3610 0.1593 0.4017
v -0.3613 0.1591 0.3885
v -0.3584 0.1625 0.3972
v -0.3563 0.1680 0.3821
v -0.3574 0.1639 0.3715
v -0.3527 0.1792 0.3776
v -0.3449 0.1943 0.3623
v -0.3413 0.1995 0.3569
v -0.3427 0.1972 0.3242
v -0.3460 0.1927 0.3253
v -0.3476 0.1938 0.3141
v -0.3371 0.2023 0.3012
v -0.3297 0.2085 0.2959
v -0.3220 0.2103 0.2744
v -0.3166 0.2119 0.2703
v -0.3164 0.2178 0.2818
v -0.3098 0.2091 0.2521
v -0.3188 0.2061 0.2442
v -0.3085 0.2074 0.2388
v -0.3237 0.2018 0.2063
v -0.3337 0.1985 0.1982
v -0.3289 0.1975 0.1907
v -0.3166 0.1946 0.1801
v -0.3317 0.1945 0.1750
v -0.3108 0.1918 0.1750
v -0.2715 0.1718 0.1657
v -0.2907 0.1795 0.1654
v -0.2916 0.1720 0.1602
v -0.2975 0.1545 0.1430
v -0.2940 0.1534 0.1468
v -0.3215 0.1665 0.1481
v -0.3204 0.1677 0.1423
v -0.3184 0.1651 0.1485
v -0.3481 0.1899 0.1220
v -0.3443 0.1923 0.1120
v -0.3386 0.1865 0.1215
v -0.3160 0.1746 0.1143
v -0.3236 0.1805 0.1115
v -0.3160 0.1769 0.1051
v -0.2964 0.1688 0.1021
v -0.2948 0.1719 0.0972
v -0.2883 0.1707 0.1014
v -0.2832 0.1825 0.1052
v -0.2844 0.1930 0.1038
v -0.2675 0.1984 0.0839
v -0.2614 0.1979 0.0839
v -0.2639 0.1932 0.0898
v -0.2601 0.2139 0.0684
v -0.2711 0.2125 0.0682
v -0.2715 0.2152 0.0630
v -0.2451 0.2281 0.0520
v -0.2266 0.2350 0.0463
v -0.2343 0.2265 0.0594
v -0.1871 0.2424 0.0363
v -0.1716 0.2449 0.0358
v -0.1729 0.2432 0.0405
v -0.1391 0.2501 0.0372
v -0.1214 0.2552 0.0199
v -0.1236 0.2532 0.0302
v -0.1061 0.2559 0.0404
v -0.1012 0.2627 0.0396
v -0.1071 0.2616 0.0459
v -0.1074 0.2756 0.0568
v -0.1009 0.2736 0.0438
v -0.0979 0.2781 0.0447
v -0.1381 0.2538 0.0819
v -0.1299 0.2578 0.0737
v -0.1616 0.2488 0.1089
v -0.1564 0.2504 0.1025
v -0.1475 0.2579 0.1082
v -0.1636 0.2357 0.0917
v -0.1539 0.2370 0.0867
v -0.1526 0.2433 0.0888
v -0.1666 0.2467 0.1155
v -0.1751 0.2406 0.1095
v -0.1800 0.2394 0.1404
v -0.1830 0.2377 0.1354
v -0.1776 0.2401 0.1313
v -0.1961 0.2411 0.1768
v -0.1939 0.2403 0.1700
v -0.1890 0.2335 0.1514
v -0.1870 0.2359 0.1546
v -0.1909 0.2317 0.1537
v -0.1871 0.2349 0.1392
v -0.2019 0.2328 0.1272
v -0.1938 0.2343 0.1237
v -0.1967 0.2340 0.1314
v -0.1985 0.2288 0.1508
v -0.2097 0.2315 0.1475
v -0.1987 0.2305 0.1473
v -0.2099 0.2287 0.1533
v -0.2038 0.2289 0.1523
v -0.2025 0.2271 0.1561
v -0.2036 0.2218 0.1722
v -0.2030 0.2216 0.1650
v -0.2023 0.2285 0.1730
v -0.2154 0.2338 0.1834
v -0.2241 0.2302 0.1816
v -0.2166 0.2313 0.1811
v -0.1973 0.2488 0.1970
v -0.1929 0.2509 0.2002
v -0.2032 0.2331 0.1752
v -0.1972 0.2387 0.1721
v -0.2024 0.2382 0.1791
v -0.2092 0.2155 0.1710
v -0.2144 0.2161 0.1674
v -0.2094 0.2174 0.1662
v -0.2154 0.2278 0.1545
v -0.2235 0.2287 0.1513
v -0.2150 0.2309 0.1478
v -0.2218 0.2281 0.1301
v -0.2178 0.2252 0.1213
v -0.2169 0.2282 0.1238
v -0.2080 0.2204 0.1076
v -0.2058 0.2238 0.1077
v -0.2107 0.2246 0.1139
v -0.2332 0.2077 0.1193
v -0.2372 0.2096 0.1267
v -0.2256 0.2257 0.1532
v -0.2281 0.2242 0.1453
v -0.2313 0.2178 0.1608
v -0.2259 0.2190 0.1605
v -0.2467 0.2052 0.1513
v -0.2450 0.2070 0.1446
v -0.2402 0.2124 0.1520
v -0.2470 0.2080 0.1602
v -0.2412 0.2117 0.1583
v -0.2228 0.2237 0.1232
v -0.1525 0.2558 0.1141
v -0.1126 0.2556 0.0509
v -0.1071 0.2571 0.0454
v -0.0997 0.2808 0.0542
v -0.0904 0.2872 0.0481
v -0.0881 0.2898 0.0452
v -0.0771 0.3048 0.0551
v -0.0826 0.3038 0.0502
v -0.0852 0.3039 0.0488
v -0.0908 0.3044 0.0440
v -0.0907 0.2957 0.0333
v -0.0905 0.3017 0.0343
v -0.0950 0.3268 0.0579
v -0.0927 0.3201 0.0547
v -0.0932 0.3261 0.0553
v -0.0931 0.3433 0.0735
v -0.0967 0.3440 0.0712
v -0.0849 0.3772 0.0997
v -0.0886 0.3867 0.0988
v -0.0824 0.3730 0.0988
v -0.0829 0.3487 0.0841
v -0.0766 0.3512 0.0899
v -0.0765 0.3468 0.0814
v -0.0806 0.3447 0.0762
v -0.0725 0.3376 0.0768
v -0.0617 0.3151 0.0615
v -0.0438 0.3085 0.0628
v -0.0448 0.3061 0.0579
v -0.0414 0.3061 0.0620
v -0.0438 0.3002 0.0329
v -0.0424 0.3004 0.0276
v -0.0379 0.3023 0.0302
v -0.0292 0.3036 0.0276
v -0.0256 0.2996 0.0340
v -0.0017 0.2976 0.0438
v -0.0112 0.2969 0.0414
v -0.0033 0.3002 0.0336
v 0.0095 0.3056 0.0262
v 0.0124 0.3095 0.0233
v 0.0246 0.3138 0.0281
v 0.0254 0.3191 0.0265
v 0.0283 0.3138 0.0267
v 0.0295 0.3214 0.0080
v 0.0283 0.3179 0.0011
v 0.0281 0.3134 0.0088
v 0.0296 0.2976 0.0003
v 0.0290 0.3005 -0.0026
v 0.0346 0.2966 -0.0006
v 0.0585 0.2887 0.0156
v 0.0479 0.2910 0.0059
v 0.0546 0.2944 0.0026
v 0.0713 0.2826 0.0282
v 0.0753 0.2864 0.0242
v 0.0767 0.2822 0.0276
v 0.0912 0.2709 0.0330
v 0.0872 0.2747 0.0279
v 0.0894 0.2710 0.0286
v 0.1000 0.2643 0.0353
v 0.0968 0.2602 0.0298
v 0.1005 0.2529 0.0288
v 0.1132 0.2450 0.0339
v 0.1077 0.2437 0.0312
v 0.1096 0.2397 0.0309
v 0.1117 0.2286 0.0340
v 0.1158 0.2296 0.0326
v 0.1105 0.2297 0.0310
v 0.1023 0.2328 0.0320
v 0.0932 0.2465 0.0276
v 0.0927 0.2514 0.0264
v 0.0710 0.2465 0.0271
v 0.0700 0.2471 0.0232
v 0.0643 0.2459 0.0274
v 0.0644 0.2380 0.0198
v 0.0602 0.2428 0.0182
v 0.0701 0.2386 0.0162
v 0.0996 0.2257 0.0249
v 0.0932 0.2285 0.0229
v 0.1161 0.2106 0.0303
v 0.1136 0.2190 0.0285
v 0.1167 0.2168 0.0284
v 0.1537 0.1982 0.0282
v 0.1531 0.2049 0.0239
v 0.1611 0.1986 0.0251
v 0.1821 0.1822 0.0350
v 0.1746 0.1857 0.0304
v 0.1788 0.1877 0.0319
v 0.1755 0.1818 0.0313
v 0.1957 0.1838 0.0409
v 0.1833 0.1893 0.0340
v 0.1937 0.1886 0.0370
v 0.2183 0.1704 0.0566
v 0.2216 0.1732 0.0572
v 0.2274 0.1638 0.0599
v 0.2492 0.1537 0.0687
v 0.2430 0.1547 0.0633
v 0.2478 0.1549 0.0620
v 0.2595 0.1654 0.0764
v 0.2543 0.1579 0.0692
v 0.2578 0.1615 0.0687
v 0.2843 0.1807 0.0686
v 0.2984 0.1822 0.0508
v 0.2915 0.1855 0.0690
v 0.3045 0.1971 0.1068
v 0.2972 0.1949 0.1001
v 0.3082 0.1991 0.1004
v 0.3117 0.1956 0.1423
v 0.3180 0.1970 0.1334
v 0.3167 0.1965 0.1422
v 0.3549 0.1840 0.1711
v 0.3495 0.1936 0.1507
v 0.3660 0.1880 0.1600
v 0.3739 0.1837 0.1692
v 0.3759 0.1863 0.1620
v 0.3904 0.1656 0.1969
v 0.3895 0.1709 0.1906
v 0.3983 0.1657 0.1950
v 0.4107 0.1348 0.2103
v 0.3979 0.1533 0.2057
v 0.4146 0.1399 0.2057
v 0.4087 0.1227 0.2081
v 0.4083 0.1228 0.2111
v 0.4114 0.1264 0.2075
v 0.4108 0.1027 0.2174
v 0.4086 0.1092 0.2114
v 0.4109 0.1021 0.2111
v 0.4107 0.0917 0.2342
v 0.4101 0.0920 0.2287
v 0.4084 0.0850 0.2339
v 0.4133 0.1079 0.2236
v 0.4110 0.1068 0.2186
v 0.4120 0.1030 0.2222
v 0.4032 0.0820 0.2188
v 0.4054 0.0801 0.2158
v 0.4028 0.0794 0.2220
v 0.4074 0.0614 0.2069
v 0.4087 0.0722 0.2115
v 0.4168 0.0590 0.1980
v 0.4150 0.0464 0.1922
v 0.4126 0.0517 0.1975
v 0.4179 0.0521 0.1928
v 0.3982 0.0256 0.2015
v 0.4022 0.0291 0.1983
v 0.3994 0.0256 0.1984
v 0.3790 0.0153 0.1988
v 0.3858 0.0161 0.1942
v 0.3738 0.0137 0.1938
v 0.3568 0.0084 0.1653
v 0.3719 0.0133 0.1630
v 0.3561 0.0055 0.1514
v 0.3483 0.0037 0.1238
v 0.3497 0.0067 0.1006
v 0.3413 0.0044 0.1175
v 0.2997 0.0041 0.1550
v 0.2894 0.0065 0.1513
v 0.2838 0.0070 0.1584
v 0.2737 0.0118 0.1316
v 0.2744 0.0137 0.1165
v 0.2655 0.0146 0.1314
v 0.2404 0.0320 0.1515
v 0.2428 0.0273 0.1429
v 0.2330 0.0409 0.1341
v 0.2236 0.0582 0.1498
v 0.2232 0.0591 0.1440
v 0.2208 0.0629 0.1494
v 0.2258 0.0655 0.1030
v 0.2193 0.0771 0.1257
v 0.2368 0.1027 0.0597
v 0.2397 0.0972 0.0508
v 0.2376 0.1041 0.0530
v 0.2379 0.1079 0.0450
v 0.2412 0.1078 0.0408
v 0.2371 0.1100 0.0406
v 0.2313 0.1156 0.0302
v 0.2343 0.1184 0.0271
v 0.2309 0.1204 0.0234
v 0.2362 0.1319 0.0171
v 0.2335 0.1353 0.0145
v 0.2296 0.1327 0.0131
v 0.2270 0.1434 0.0070
v 0.2261 0.1482 0.0037
v 0.2224 0.1451 0.0026
v 0.2186 0.1531 -0.0070
v 0.2035 0.1519 -0.0122
v 0.2017 0.1528 -0.0165
v 0.2024 0.1466 -0.0124
v 0.1979 0.1532 -0.0227
v 0.1965 0.1529 -0.0285
v 0.1955 0.1485 -0.0229
v 0.1962 0.1544 -0.0403
v 0.2126 0.1485 -0.0515
v 0.1964 0.1547 -0.0461
v 0.1856 0.1537 -0.0546
v 0.1854 0.1544 -0.0685
v 0.1825 0.1489 -0.0557
v 0.1814 0.1607 -0.0867
v 0.1628 0.1664 -0.0857
v 0.1619 0.1667 -0.0914
v 0.1565 0.1691 -0.0858
v 0.1382 0.1751 -0.0871
v 0.1465 0.1711 -0.0942
v 0.1398 0.1746 -0.0962
v 0.1110 0.1847 -0.0734
v 0.1213 0.1831 -0.0801
v 0.1068 0.1877 -0.0776
v 0.0998 0.1837 -0.0630
v 0.0972 0.1882 -0.0652
v 0.0943 0.1844 -0.0602
v 0.0779 0.1820 -0.0452
v 0.0830 0.1825 -0.0502
v 0.0799 0.1851 -0.0473
v 0.0511 0.1909 -0.0286
v 0.0538 0.1925 -0.0378
v 0.0466 0.1948 -0.0356
v 0.0652 0.1915 -0.0168
v 0.0708 0.1868 -0.0234
v 0.0536 0.1943 -0.0161
v 0.0751 0.1836 -0.0174
v 0.0746 0.1840 -0.0232
v 0.0581 0.1907 -0.0043
v 0.0537 0.1943 -0.0075
v 0.0537 0.1909 -0.0043
v 0.0372 0.1841 0.0040
v 0.0354 0.1877 0.0011
v 0.0365 0.1831 -0.0000
v 0.0294 0.1944 -0.0130
v 0.0257 0.1984 -0.0079
v 0.0296 0.1991 -0.0110
v 0.0423 0.1967 -0.0055
v 0.0423 0.1973 -0.0124
v 0.0404 0.1992 -0.0080
v 0.0292 0.1953 -0.0033
v 0.0295 0.1992 -0.0064
v 0.0253 0.1944 -0.0072
v 0.0634 0.1943 -0.0115
v 0.0627 0.1943 -0.0151
v 0.0481 0.1950 -0.0118
v 0.0362 0.1936 -0.0229
v 0.0377 0.1951 -0.0291
v 0.0336 0.1937 -0.0258
v 0.0212 0.1991 -0.0300
v 0.0170 0.1953 -0.0282
v 0.0180 0.1921 -0.0240
v 0.0016 0.1824 -0.0172
v 0.0075 0.1872 -0.0255
v 0.0014 0.1829 -0.0231
v -0.0015 0.1810 -0.0358
v -0.0004 0.1829 -0.0442
v -0.0053 0.1789 -0.0372
v -0.0229 0.1642 -0.0436
v -0.0185 0.1718 -0.0422
v -0.0207 0.1719 -0.0447
v -0.0363 0.1499 -0.0493
v -0.0354 0.1555 -0.0505
v -0.0412 0.1507 -0.0539
v -0.0502 0.1460 -0.0569
v -0.0509 0.1469 -0.0604
v -0.0554 0.1458 -0.0574
v -0.0839 0.1405 -0.0298
v -0.0857 0.1427 -0.0430
v -0.0976 0.1420 -0.0449
v -0.0994 0.1356 -0.0020
v -0.1006 0.1342 -0.0063
v -0.1091 0.1366 -0.0057
v -0.1287 0.1499 -0.0039
v -0.1372 0.1477 -0.0104
v -0.1409 0.1546 -0.0081
v -0.1432 0.1659 -0.0050
v -0.1404 0.1712 -0.0030
v -0.1319 0.1668 0.0005
v -0.1046 0.1666 0.0141
v -0.1067 0.1708 0.0106
v -0.0981 0.1655 0.0170
v -0.0848 0.1689 0.0101
v -0.0834 0.1655 0.0114
v -0.1167 0.1824 0.0096
v -0.1127 0.1815 0.0072
v -0.1180 0.1808 0.0053
v -0.1239 0.1812 0.0039
v -0.1237 0.1792 0.0016
v -0.1298 0.1821 0.0042
v -0.1676 0.1732 0.0132
v -0.1688 0.1774 0.0046
v -0.1778 0.1730 0.0082
v -0.1933 0.1606 0.0312
v -0.1980 0.1648 0.0222
v -0.2097 0.1587 0.0312
v -0.2287 0.1507 0.0414
v -0.2343 0.1505 0.0355
v -0.2502 0.1375 0.0545
v -0.2522 0.1379 0.0456
v -0.2547 0.1315 0.0473
v -0.2509 0.1219 0.0530
v -0.2455 0.1089 0.0516
v -0.2429 0.1074 0.0620
v -0.2403 0.1006 0.0686
v -0.2421 0.0947 0.0567
v -0.2403 0.0910 0.0684
v -0.2419 0.0742 0.1151
v -0.2376 0.0830 0.1158
v -0.2402 0.0807 0.1067
v -0.2518 0.0576 0.1216
v -0.2460 0.0640 0.1220
v -0.2500 0.0627 0.1189
v -0.2611 0.0464 0.1244
v -0.2617 0.0460 0.1192
v -0.2620 0.0419 0.1262
v -0.2747 0.0367 0.1232
v -0.2723 0.0397 0.1263
v -0.2698 0.0387 0.1218
v -0.2864 0.0330 0.1422
v -0.2884 0.0364 0.1370
v -0.2923 0.0343 0.1438
v -0.3036 0.0349 0.1475
v -0.3297 0.0394 0.1488
v -0.3325 0.0384 0.1460
v -0.3361 0.0398 0.1496
v -0.3536 0.0382 0.1705
v -0.3569 0.0394 0.1666
v -0.3826 0.0414 0.1860
v -0.3726 0.0403 0.1774
v -0.3801 0.0398 0.1778
v -0.4064 0.0537 0.2134
v -0.4091 0.0521 0.2086
v -0.4152 0.0601 0.2115
v -0.4192 0.0687 0.2159
v -0.4145 0.0636 0.2159
v -0.4239 0.0789 0.2289
v -0.4216 0.0772 0.2266
v -0.4222 0.0803 0.2233
v -0.4284 0.0981 0.2293
v -0.4295 0.1054 0.2294
v -0.4329 0.1119 0.2351
v -0.4451 0.1251 0.2712
v -0.4441 0.1161 0.2643
v -0.4422 0.1415 0.2634
v -0.4490 0.1217 0.2913
v -0.4465 0.1270 0.2838
v -0.4465 0.1269 0.2902
v -0.4237 0.1639 0.2857
v -0.4281 0.1613 0.2806
v -0.4239 0.1637 0.2783
v -0.4067 0.1499 0.3503
v -0.4031 0.1576 0.3422
v -0.3903 0.1484 0.3552
v -0.3858 0.1503 0.3551
v -0.3859 0.1457 0.3583
v -0.3731 0.1540 0.3551
v -0.3670 0.1583 0.3514
v -0.3696 0.1564 0.3529
v -0.3572 0.1628 0.3533
v -0.3585 0.1644 0.3471
v -0.3530 0.1703 0.3548
v -0.3471 0.1864 0.3431
v -0.3477 0.1860 0.3368
v -0.3466 0.1896 0.3492
v -0.3600 0.1886 0.3181
v -0.3707 0.1879 0.3121
v -0.3608 0.1902 0.3082
v -0.3832 0.1894 0.2756
v -0.3801 0.1915 0.2738
v -0.3778 0.1900 0.2867
v -0.3449 0.1950 0.2915
v -0.3493 0.1936 0.2829
v -0.3460 0.1948 0.2852
v -0.3343 0.2028 0.2741
v -0.3431 0.2016 0.2697
v -0.3366 0.2035 0.2668
v -0.3280 0.2054 0.2627
v -0.3273 0.2051 0.2518
v -0.3195 0.2072 0.2564
v -0.3522 0.2020 0.2625
v -0.3678 0.1989 0.2615
v -0.3672 0.1962 0.2383
v -0.3584 0.1977 0.2331
v -0.3460 0.1986 0.2168
v -0.3470 0.1977 0.2069
v -0.3396 0.1987 0.2049
v -0.3500 0.1900 0.1899
v -0.3419 0.1886 0.1826
v -0.3441 0.1925 0.1879
v -0.3325 0.1920 0.1733
v -0.3288 0.1878 0.1666
v -0.3237 0.1775 0.1608
v -0.3243 0.1742 0.1578
v -0.3194 0.1744 0.1583
v -0.3422 0.1783 0.1495
v -0.3370 0.1801 0.1376
v -0.3360 0.1764 0.1486
v -0.3347 0.1816 0.1675
v -0.3353 0.1762 0.1608
v -0.3320 0.1837 0.1663
v -0.3470 0.1761 0.1599
v -0.3484 0.1844 0.1372
v -0.3567 0.1982 0.1099
v -0.3508 0.1993 0.0998
v -0.3481 0.1962 0.1044
v -0.3409 0.1948 0.0880
v -0.3446 0.1967 0.0805
v -0.3390 0.1920 0.0877
v -0.3095 0.1776 0.0796
v -0.3172 0.1805 0.0765
v -0.3133 0.1802 0.0731
v -0.2936 0.1753 0.0958
v -0.2902 0.1732 0.0979
v -0.2874 0.1933 0.1034
v -0.2939 0.1986 0.0976
v -0.2888 0.1967 0.1009
v -0.2782 0.2057 0.0787
v -0.2772 0.2062 0.0756
v -0.2739 0.2034 0.0797
v -0.2835 0.2082 0.0790
v -0.2904 0.2106 0.0802
v -0.2889 0.2116 0.0764
v -0.2969 0.1992 0.0942
v -0.3008 0.1997 0.0865
v -0.2969 0.2027 0.0899
v -0.2997 0.2153 0.0671
v -0.3023 0.2172 0.0595
v -0.2950 0.2171 0.0663
v -0.2789 0.2128 0.0695
v -0.2782 0.2158 0.0629
v -0.2508 0.2289 0.0443
v -0.2566 0.2271 0.0411
v -0.2441 0.2331 0.0390
v -0.2239 0.2386 0.0324
v -0.2316 0.2380 0.0286
v -0.2259 0.2386 0.0274
v -0.2060 0.2422 0.0226
v -0.2065 0.2409 0.0158
v -0.1925 0.2438 0.0167
v -0.1063 0.2563 0.0272
v -0.1051 0.2567 0.0227
v -0.0952 0.2580 0.0284
v -0.1004 0.2578 0.0340
v -0.0987 0.2620 0.0351
v -0.0929 0.2831 0.0413
v -0.0913 0.2849 0.0348
v -0.0903 0.2870 0.0399
v -0.0905 0.2911 0.0342
v -0.0909 0.2862 0.0273
v -0.0866 0.2969 0.0208
v -0.0850 0.3009 0.0294
v -0.0836 0.3164 0.0511
v -0.0881 0.3118 0.0449
v -0.0848 0.3103 0.0437
v -0.0969 0.3370 0.0635
v -0.0937 0.3373 0.0633
v -0.0865 0.3551 0.0795
v -0.0963 0.3644 0.0779
v -0.0961 0.3597 0.0754
v -0.0996 0.3657 0.0797
v -0.0990 0.3690 0.0787
v -0.0998 0.3716 0.0811
v -0.0989 0.3875 0.0907
v -0.0994 0.3864 0.0873
v -0.0980 0.3904 0.0918
v -0.0878 0.3858 0.1027
v -0.0897 0.3928 0.1041
v -0.0889 0.3829 0.0999
v -0.0812 0.3637 0.0913
v -0.0890 0.3656 0.0847
v -0.0792 0.3559 0.0868
v -0.0678 0.3000 0.0384
v -0.0698 0.2959 0.0285
v -0.0617 0.2965 0.0365
v -0.0475 0.2941 0.0237
v -0.0423 0.3000 0.0233
v -0.0448 0.2983 0.0261
v -0.0324 0.3048 0.0222
v -0.0276 0.3053 0.0218
v -0.0154 0.2967 0.0283
v -0.0194 0.2974 0.0236
v -0.0149 0.2973 0.0222
v -0.0020 0.3009 0.0203
v -0.0084 0.2981 0.0168
v -0.0042 0.3002 0.0141
v 0.0125 0.3123 0.0182
v 0.0065 0.3067 0.0110
v 0.0104 0.3126 0.0096
v 0.0232 0.3301 0.0196
v 0.0275 0.3363 0.0198
v 0.0301 0.3310 0.0238
v 0.0299 0.3438 0.0083
v 0.0306 0.3408 0.0059
v 0.0313 0.3405 0.0142
v 0.0308 0.3337 -0.0160
v 0.0311 0.3401 -0.0189
v 0.0307 0.3298 -0.0183
v 0.0257 0.3138 -0.0159
v 0.0251 0.3139 -0.0226
v 0.0256 0.3076 -0.0178
v 0.0409 0.2958 -0.0013
v 0.0477 0.2972 -0.0044
v 0.0818 0.2926 0.0186
v 0.0753 0.2929 0.0160
v 0.0825 0.2974 0.0129
v 0.0854 0.2788 0.0230
v 0.0854 0.2839 0.0192
v 0.0840 0.2811 0.0176
v 0.0829 0.2625 0.0226
v 0.0804 0.2625 0.0180
v 0.0829 0.2572 0.0227
v 0.0754 0.2486 0.0239
v 0.0768 0.2513 0.0166
v 0.0743 0.2463 0.0155
v 0.0756 0.2388 0.0137
v 0.0775 0.2415 0.0120
v 0.0804 0.2347 0.0158
v 0.0979 0.2322 0.0102
v 0.1000 0.2350 0.0038
v 0.1041 0.2291 0.0107
v 0.1149 0.2241 0.0216
v 0.1333 0.2197 0.0162
v 0.1213 0.2195 0.0258
v 0.1330 0.2143 0.0245
v 0.1324 0.2175 0.0210
v 0.1407 0.2168 0.0180
v 0.1676 0.1974 0.0247
v 0.1672 0.1994 0.0224
v 0.1758 0.1966 0.0251
v 0.2156 0.1769 0.0520
v 0.2115 0.1839 0.0467
v 0.2231 0.1770 0.0531
v 0.2414 0.1646 0.0610
v 0.2397 0.1722 0.0578
v 0.2423 0.1696 0.0577
v 0.2491 0.1562 0.0582
v 0.2512 0.1554 0.0626
v 0.2546 0.1584 0.0517
v 0.2511 0.1601 0.0441
v 0.2552 0.1530 0.0463
v 0.2526 0.1478 0.0363
v 0.2476 0.1467 0.0298
v 0.2546 0.1418 0.0354
v 0.2475 0.1355 0.0310
v 0.2436 0.1318 0.0246
v 0.2477 0.1300 0.0309
v 0.2560 0.1313 0.0310
v 0.2569 0.1253 0.0261
v 0.2599 0.1313 0.0280
v 0.2594 0.1375 0.0336
v 0.2642 0.1385 0.0265
v 0.2622 0.1457 0.0365
v 0.2696 0.1627 0.0497
v 0.2753 0.1542 0.0309
v 0.2812 0.1618 0.0354
v 0.3221 0.1949 0.0546
v 0.3192 0.1926 0.0491
v 0.3285 0.1963 0.0520
v 0.3391 0.2060 0.0945
v 0.3366 0.2039 0.0836
v 0.3454 0.2089 0.0906
v 0.3761 0.2164 0.1165
v 0.3689 0.2161 0.1133
v 0.3770 0.2163 0.1122
v 0.3847 0.2010 0.1367
v 0.3860 0.2050 0.1305
v 0.3934 0.1969 0.1399
v 0.4022 0.1829 0.1666
v 0.4090 0.1839 0.1560
v 0.4241 0.1779 0.1500
v 0.4185 0.1521 0.1908
v 0.4160 0.1634 0.1827
v 0.4256 0.1581 0.1778
v 0.4226 0.1419 0.1925
v 0.4256 0.1401 0.1865
v 0.4224 0.1352 0.1934
v 0.4231 0.1071 0.1908
v 0.4177 0.1095 0.1964
v 0.4185 0.1180 0.1953
v 0.4100 0.0878 0.2134
v 0.4119 0.0926 0.2096
v 0.4130 0.0868 0.2075
v 0.4092 0.0921 0.2223
v 0.4102 0.0926 0.2155
v 0.4082 0.0901 0.2188
v 0.4244 0.0530 0.1855
v 0.4107 0.0317 0.1891
v 0.4185 0.0355 0.1830
v 0.4165 0.0309 0.1817
v 0.4094 0.0260 0.1809
v 0.4241 0.0295 0.1711
v 0.4090 0.0258 0.1693
v 0.3941 0.0229 0.1298
v 0.3939 0.0224 0.1183
v 0.3858 0.0194 0.1233
v 0.3552 0.0045 0.1264
v 0.3562 0.0069 0.1104
v 0.3240 0.0091 0.1041
v 0.3357 0.0085 0.0925
v 0.3198 0.0108 0.0925
v 0.2842 0.0101 0.1292
v 0.2896 0.0103 0.1158
v 0.2817 0.0118 0.1146
v 0.2598 0.0215 0.1111
v 0.2640 0.0224 0.0942
v 0.2566 0.0261 0.0990
v 0.2402 0.0317 0.1281
v 0.2357 0.0393 0.1179
v 0.2357 0.0372 0.1289
v 0.2397 0.0477 0.0736
v 0.2478 0.0430 0.0433
v 0.2369 0.0550 0.0739
v 0.2415 0.0786 0.0497
v 0.2476 0.0827 0.0321
v 0.2438 0.0935 0.0404
v 0.2429 0.1090 0.0357
v 0.2376 0.1238 0.0217
v 0.2400 0.1322 0.0199
v 0.2346 0.1275 0.0184
v 0.2399 0.1556 0.0223
v 0.2330 0.1594 0.0129
v 0.2335 0.1539 0.0133
v 0.2292 0.1555 -0.0000
v 0.2314 0.1595 0.0011
v 0.2348 0.1578 -0.0023
v 0.2390 0.1473 -0.0231
v 0.2319 0.1500 -0.0172
v 0.2430 0.1485 -0.0182
v 0.2423 0.1452 -0.0310
v 0.2274 0.1486 -0.0208
v 0.2236 0.1474 -0.0509
v 0.2107 0.1498 -0.0446
v 0.2062 0.1485 -0.0768
v 0.1967 0.1531 -0.0740
v 0.1956 0.1543 -0.0690
v 0.1916 0.1567 -0.0844
v 0.1905 0.1595 -0.0894
v 0.1860 0.1587 -0.0846
v 0.1833 0.1653 -0.0970
v 0.1836 0.1660 -0.1042
v 0.1767 0.1652 -0.0986
v 0.1591 0.1656 -0.0957
v 0.1588 0.1657 -0.0986
v 0.1564 0.1676 -0.0928
v 0.1265 0.1817 -0.0935
v 0.1372 0.1773 -0.1019
v 0.1289 0.1826 -0.1016
v 0.0813 0.1904 -0.0574
v 0.0928 0.1901 -0.0680
v 0.0844 0.1936 -0.0674
v 0.0576 0.1941 -0.0471
v 0.0244 0.2052 -0.0419
v 0.0289 0.2054 -0.0430
v 0.0244 0.2071 -0.0452
v 0.0102 0.1954 -0.0401
v 0.0126 0.2000 -0.0466
v 0.0100 0.1943 -0.0457
v -0.0062 0.1816 -0.0471
v 0.0015 0.1844 -0.0530
v -0.0038 0.1835 -0.0519
v -0.0220 0.1754 -0.0466
v -0.0248 0.1672 -0.0470
v -0.0379 0.1608 -0.0533
v -0.0432 0.1611 -0.0579
v -0.0433 0.1525 -0.0576
v -0.0666 0.1463 -0.0631
v -0.0558 0.1467 -0.0624
v -0.0644 0.1477 -0.0695
v -0.0901 0.1456 -0.0503
v -0.0838 0.1479 -0.0570
v -0.0892 0.1479 -0.0565
v -0.1233 0.1386 -0.0282
v -0.1137 0.1386 -0.0332
v -0.1255 0.1381 -0.0332
v -0.1392 0.1404 -0.0249
v -0.1412 0.1367 -0.0302
v -0.1465 0.1362 -0.0321
v -0.1693 0.1641 -0.0187
v -0.1588 0.1658 -0.0123
v -0.1630 0.1580 -0.0174
v -0.1704 0.1730 -0.0170
v -0.1760 0.1828 -0.0180
v -0.1705 0.1771 -0.0172
v -0.1582 0.1775 -0.0072
v -0.1598 0.1750 -0.0114
v -0.1645 0.1802 -0.0057
v -0.1414 0.1802 0.0066
v -0.1352 0.1785 0.0015
v -0.1418 0.1786 -0.0012
v -0.1174 0.1714 0.0062
v -0.1175 0.1763 0.0035
v -0.1144 0.1717 0.0063
v -0.1463 0.1774 -0.0052
v -0.1471 0.1820 -0.0020
v -0.1434 0.1812 -0.0041
v -0.1646 0.1793 0.0009
v -0.1701 0.1778 0.0008
v -0.1905 0.1711 0.0018
v -0.2040 0.1686 -0.0033
v -0.2119 0.1636 0.0044
v -0.2411 0.1506 0.0136
v -0.2309 0.1568 0.0056
v -0.2432 0.1522 0.0082
v -0.2559 0.1316 0.0404
v -0.2579 0.1315 0.0350
v -0.2563 0.1254 0.0406
v -0.2512 0.0979 0.0193
v -0.2544 0.1029 0.0146
v -0.2573 0.0958 -0.0028
v -0.2458 0.0856 0.0398
v -0.2510 0.0712 0.0262
v -0.2457 0.0722 0.0510
v -0.2504 0.0441 0.0855
v -0.2462 0.0606 0.0682
v -0.2510 0.0461 0.0692
v -0.2648 0.0414 0.1179
v -0.2585 0.0458 0.1120
v -0.2559 0.0391 0.1035
v -0.2850 0.0344 0.1252
v -0.2795 0.0355 0.1241
v -0.2844 0.0302 0.1209
v -0.2952 0.0370 0.1372
v -0.2958 0.0355 0.1296
v -0.3012 0.0379 0.1373
v -0.3177 0.0397 0.1479
v -0.3185 0.0395 0.1424
v -0.3232 0.0394 0.1479
v -0.3294 0.0292 0.1343
v -0.3193 0.0361 0.1348
v -0.3171 0.0304 0.1297
v -0.3461 0.0366 0.1507
v -0.3513 0.0394 0.1549
v -0.3474 0.0398 0.1557
v -0.3651 0.0296 0.1530
v -0.3687 0.0260 0.1505
v -0.3744 0.0281 0.1547
v -0.3956 0.0310 0.1600
v -0.3878 0.0275 0.1562
v -0.3887 0.0228 0.1496
v -0.4111 0.0465 0.2008
v -0.4143 0.0447 0.1931
v -0.4188 0.0451 0.1890
v -0.4309 0.0689 0.1992
v -0.4411 0.0641 0.1807
v -0.4436 0.0750 0.1843
v -0.4260 0.0915 0.2224
v -0.4261 0.0917 0.2168
v -0.4270 0.0973 0.2236
v -0.4310 0.1139 0.2308
v -0.4296 0.1144 0.2224
v -0.4308 0.1196 0.2299
v -0.4416 0.1362 0.2551
v -0.4390 0.1388 0.2494
v -0.4400 0.1414 0.2569
v -0.4342 0.1556 0.2743
v -0.4337 0.1545 0.2657
v -0.4300 0.1585 0.2740
v -0.4167 0.1712 0.2885
v -0.4011 0.1780 0.2816
v -0.4003 0.1788 0.2933
v -0.3884 0.1824 0.3231
v -0.3892 0.1829 0.3195
v -0.3844 0.1844 0.3178
v -0.3918 0.1650 0.3407
v -0.3911 0.1725 0.3333
v -0.3855 0.1733 0.3341
v -0.3602 0.1654 0.3435
v -0.3546 0.1684 0.3481
v -0.3554 0.1723 0.3388
v -0.3600 0.1714 0.3372
v -0.3577 0.1743 0.3358
v -0.3740 0.1821 0.3267
v -0.3716 0.1832 0.3244
v -0.3640 0.1781 0.3311
v -0.3608 0.1599 0.3500
v -0.3633 0.1619 0.3470
v -0.3836 0.1876 0.3041
v -0.3795 0.1895 0.2470
v -0.3745 0.1941 0.2508
v -0.3772 0.1944 0.2649
v -0.3708 0.1915 0.2141
v -0.3624 0.1946 0.2073
v -0.3666 0.1940 0.2155
v -0.3617 0.1859 0.1955
v -0.3526 0.1824 0.1837
v -0.3578 0.1757 0.1783
v -0.3640 0.1760 0.1713
v -0.3589 0.1757 0.1699
v -0.3466 0.1763 0.1727
v -0.3537 0.1759 0.1652
v -0.3481 0.1754 0.1642
v -0.3760 0.1760 0.1765
v -0.3890 0.1877 0.1610
v -0.3731 0.1784 0.1718
v -0.3687 0.1786 0.1920
v -0.3741 0.1746 0.1901
v -0.3686 0.1759 0.1890
v -0.3859 0.1703 0.1944
v -0.3873 0.1707 0.1892
v -0.3818 0.1713 0.1935
v -0.3825 0.1760 0.1780
v -0.3921 0.1815 0.1715
v -0.3771 0.1922 0.1306
v -0.3872 0.1958 0.1215
v -0.3734 0.1942 0.1225
v -0.3590 0.1993 0.1069
v -0.3682 0.2032 0.1002
v -0.3470 0.1987 0.0856
v -0.3470 0.1966 0.0723
v -0.3432 0.1873 0.0691
v -0.3474 0.1872 0.0573
v -0.3349 0.1856 0.0743
v -0.3206 0.1817 0.0678
v -0.2968 0.1882 0.0881
v -0.2972 0.1825 0.0847
v -0.2989 0.1884 0.0835
v -0.2998 0.1894 0.0786
v -0.3022 0.1954 0.0758
v -0.3065 0.2074 0.0647
v -0.3069 0.2129 0.0496
v -0.3034 0.2148 0.0615
v -0.2902 0.2206 0.0563
v -0.2936 0.2216 0.0496
v -0.2907 0.2215 0.0507
v -0.2739 0.2188 0.0540
v -0.2726 0.2201 0.0496
v -0.2653 0.2207 0.0541
v -0.2568 0.2249 0.0289
v -0.2387 0.2339 0.0236
v -0.2428 0.2338 0.0290
v -0.2683 0.2114 0.0178
v -0.2763 0.2028 0.0128
v -0.2686 0.2062 0.0098
v -0.2338 0.2289 0.0123
v -0.2306 0.2235 0.0018
v -0.2239 0.2286 0.0037
v -0.2272 0.2368 0.0201
v -0.2265 0.2350 0.0147
v -0.2234 0.2394 0.0206
v -0.1740 0.2415 -0.0075
v -0.1709 0.2397 -0.0117
v -0.1650 0.2436 -0.0059
v -0.1273 0.2523 0.0010
v -0.1026 0.2552 0.0013
v -0.0947 0.2571 0.0054
v -0.0792 0.2656 0.0165
v -0.0832 0.2654 0.0110
v -0.0796 0.2662 0.0129
v -0.1045 0.2569 0.0159
v -0.0944 0.2586 0.0133
v -0.0945 0.2585 0.0182
v -0.0957 0.2731 0.0364
v -0.0928 0.2698 0.0312
v -0.0921 0.2756 0.0311
v -0.0904 0.2768 0.0137
v -0.0875 0.2698 0.0057
v -0.0881 0.2692 -0.0003
v -0.0886 0.2880 0.0121
v -0.0862 0.2841 0.0012
v -0.0856 0.2912 0.0095
v -0.0693 0.2901 0.0144
v -0.0620 0.2899 0.0237
v -0.0541 0.2899 0.0245
v -0.0559 0.2855 0.0158
v -0.0494 0.2911 0.0231
v -0.0385 0.3028 0.0173
v -0.0386 0.2999 0.0088
v -0.0371 0.3033 0.0136
v -0.0327 0.3082 0.0111
v -0.0298 0.3105 0.0055
v -0.0266 0.3112 0.0103
v -0.0148 0.3033 0.0065
v -0.0176 0.3104 0.0034
v -0.0103 0.3024 0.0046
v -0.0056 0.3061 -0.0029
v -0.0085 0.3116 -0.0054
v -0.0037 0.3079 -0.0051
v 0.0113 0.3143 0.0046
v 0.0145 0.3180 0.0082
v 0.0246 0.3343 0.0155
v 0.0290 0.3448 0.0169
v 0.0278 0.3400 0.0063
v 0.0257 0.3356 -0.0002
v 0.0276 0.3389 -0.0004
v 0.0276 0.3446 -0.0124
v 0.0244 0.3464 -0.0169
v 0.0301 0.3465 -0.0129
v 0.0254 0.3292 -0.0231
v 0.0283 0.3319 -0.0211
v 0.0264 0.3103 -0.0231
v 0.0227 0.3137 -0.0266
v 0.0254 0.3100 -0.0277
v 0.0356 0.3080 -0.0215
v 0.0373 0.3124 -0.0254
v 0.0420 0.3109 -0.0235
v 0.0698 0.3029 -0.0095
v 0.0757 0.3084 -0.0149
v 0.0793 0.3033 -0.0016
v 0.0860 0.2992 0.0097
v 0.0852 0.3036 0.0026
v 0.0873 0.2948 0.0080
v 0.0803 0.2761 0.0123
v 0.0791 0.2744 0.0057
v 0.0788 0.2683 0.0109
v 0.0867 0.2509 0.0083
v 0.0863 0.2562 0.0068
v 0.0912 0.2510 0.0059
v 0.0919 0.2390 0.0090
v 0.0967 0.2396 0.0062
v 0.1089 0.2285 0.0080
v 0.1045 0.2304 0.0045
v 0.1100 0.2282 0.0051
v 0.1275 0.2287 -0.0054
v 0.1290 0.2322 -0.0063
v 0.1359 0.2279 -0.0056
v 0.1702 0.2049 0.0133
v 0.1712 0.2080 0.0076
v 0.1747 0.2060 0.0066
v 0.1841 0.2004 0.0165
v 0.1847 0.2009 0.0108
v 0.1929 0.1992 0.0217
v 0.2110 0.1930 0.0317
v 0.2013 0.1976 0.0117
v 0.2285 0.1835 0.0337
v 0.2489 0.1693 0.0543
v 0.2482 0.1718 0.0486
v 0.2503 0.1658 0.0525
v 0.2477 0.1560 0.0332
v 0.2406 0.1637 0.0276
v 0.2310 0.1664 0.0091
v 0.2322 0.1645 0.0124
v 0.2313 0.1707 0.0116
v 0.2470 0.1661 0.0003
v 0.2488 0.1593 -0.0039
v 0.2419 0.1640 -0.0001
v 0.2598 0.1540 -0.0064
v 0.2539 0.1526 -0.0094
v 0.2599 0.1396 -0.0258
v 0.2639 0.1343 -0.0323
v 0.2609 0.1363 -0.0344
v 0.2514 0.1429 -0.0409
v 0.2337 0.1462 -0.0373
v 0.2308 0.1469 -0.0630
v 0.2394 0.1477 -0.0664
v 0.2302 0.1467 -0.0742
v 0.2082 0.1490 -0.0852
v 0.2191 0.1488 -0.0867
v 0.2037 0.1553 -0.0924
v 0.2107 0.1599 -0.0967
v 0.2090 0.1665 -0.0983
v 0.2031 0.1623 -0.0972
v 0.1899 0.1667 -0.1021
v 0.1945 0.1691 -0.1089
v 0.1740 0.1644 -0.1158
v 0.1743 0.1646 -0.1203
v 0.1692 0.1647 -0.1159
v 0.1546 0.1700 -0.1164
v 0.1570 0.1762 -0.1219
v 0.1476 0.1769 -0.1155
v 0.1039 0.1967 -0.0932
v 0.1154 0.1933 -0.1040
v 0.1059 0.2009 -0.0989
v 0.0779 0.2021 -0.0726
v 0.0806 0.2084 -0.0792
v 0.0672 0.2081 -0.0691
v 0.0368 0.2058 -0.0478
v 0.0348 0.2099 -0.0534
v 0.0310 0.2091 -0.0503
v 0.0131 0.2001 -0.0401
v 0.0159 0.2033 -0.0462
v 0.0153 0.1927 -0.0657
v 0.0196 0.1888 -0.0815
v 0.0143 0.1869 -0.0733
v -0.0038 0.1846 -0.0571
v -0.0085 0.1851 -0.0509
v -0.0211 0.1830 -0.0460
v -0.0273 0.1792 -0.0472
v -0.0226 0.1793 -0.0469
v -0.0381 0.1758 -0.0514
v -0.0422 0.1716 -0.0550
v -0.0380 0.1691 -0.0530
v -0.0673 0.1495 -0.0712
v -0.0674 0.1535 -0.0715
v -0.0726 0.1475 -0.0706
v -0.0836 0.1474 -0.0683
v -0.0888 0.1483 -0.0622
v -0.1070 0.1452 -0.0573
v -0.1076 0.1488 -0.0627
v -0.1141 0.1425 -0.0562
v -0.1473 0.1347 -0.0377
v -0.1445 0.1336 -0.0432
v -0.1526 0.1331 -0.0412
v -0.1637 0.1440 -0.0298
v -0.1775 0.1472 -0.0322
v -0.1701 0.1517 -0.0254
v -0.1777 0.1583 -0.0249
v -0.1858 0.1649 -0.0254
v -0.1761 0.1628 -0.0224
v -0.1859 0.1767 -0.0242
v -0.1899 0.1811 -0.0281
v -0.1859 0.1822 -0.0245
v -0.1756 0.1820 -0.0130
v -0.1804 0.1820 -0.0121
v -0.1639 0.1777 -0.0103
v -0.1671 0.1817 -0.0069
v -0.2178 0.1634 -0.0009
v -0.2107 0.1696 -0.0092
v -0.2293 0.1596 -0.0021
v -0.2602 0.1369 0.0265
v -0.2515 0.1461 0.0143
v -0.2626 0.1382 0.0183
v -0.2592 0.1235 0.0299
v -0.2636 0.1248 0.0222
v -0.2614 0.1194 0.0197
v -0.2630 0.1102 0.0003
v -0.2656 0.1127 -0.0066
v -0.2607 0.1050 -0.0051
v -0.2571 0.0771 -0.0019
v -0.2589 0.0742 -0.0100
v -0.2596 0.0635 0.0004
v -0.2553 0.0466 0.0409
v -0.2581 0.0462 0.0292
v -0.2615 0.0381 0.0313
v -0.2650 0.0277 0.0828
v -0.2657 0.0288 0.0678
v -0.2719 0.0255 0.0709
v -0.2906 0.0211 0.1155
v -0.2874 0.0215 0.1149
v -0.2904 0.0192 0.1127
v -0.3450 0.0225 0.1381
v -0.3322 0.0228 0.1283
v -0.3738 0.0214 0.1438
v -0.3762 0.0187 0.1333
v -0.4014 0.0300 0.1555
v -0.4101 0.0322 0.1541
v -0.4067 0.0342 0.1610
v -0.4236 0.0399 0.1679
v -0.4341 0.0419 0.1581
v -0.4342 0.0446 0.1684
v -0.4499 0.0781 0.1780
v -0.4566 0.0701 0.1570
v -0.4576 0.0831 0.1658
v -0.4435 0.0946 0.1893
v -0.4456 0.0899 0.1860
v -0.4469 0.0949 0.1843
v -0.4349 0.1181 0.2143
v -0.4321 0.1169 0.2182
v -0.4310 0.1090 0.2149
v -0.4294 0.1300 0.2295
v -0.4309 0.1302 0.2215
v -0.4275 0.1314 0.2264
v -0.4270 0.1450 0.2405
v -0.4209 0.1420 0.2289
v -0.4174 0.1499 0.2331
v -0.4051 0.1694 0.2557
v -0.4086 0.1636 0.2460
v -0.3979 0.1705 0.2448
v -0.3883 0.1798 0.2480
v -0.3849 0.1827 0.2420
v -0.3831 0.1874 0.2581
v -0.3835 0.1742 0.2024
v -0.3791 0.1742 0.1963
v -0.3825 0.1841 0.2178
v -0.3997 0.1675 0.1981
v -0.3923 0.1671 0.1993
v -0.3951 0.1653 0.2007
v -0.3925 0.1668 0.2154
v -0.3907 0.1689 0.2111
v -0.3869 0.1777 0.2153
v -0.3919 0.1739 0.2405
v -0.3928 0.1713 0.2384
v -0.4055 0.1545 0.2167
v -0.4066 0.1547 0.2115
v -0.4024 0.1567 0.2172
v -0.4265 0.1654 0.2055
v -0.4212 0.1712 0.2004
v -0.4041 0.1643 0.2053
v -0.4191 0.1823 0.1839
v -0.4058 0.1833 0.1734
v -0.3986 0.1775 0.1811
v -0.4067 0.1942 0.1420
v -0.4037 0.1951 0.1347
v -0.3931 0.1908 0.1534
v -0.3966 0.1988 0.1131
v -0.4010 0.2006 0.1072
v -0.3963 0.2017 0.1066
v -0.3874 0.2088 0.0961
v -0.3906 0.2104 0.0882
v -0.3793 0.2083 0.0909
v -0.3732 0.2020 0.0551
v -0.3730 0.2002 0.0431
v -0.3675 0.2002 0.0487
v -0.3464 0.1928 0.0716
v -0.3484 0.1933 0.0669
v -0.3520 0.1879 0.0502
v -0.3514 0.1887 0.0543
v -0.3533 0.1923 0.0511
v -0.3244 0.1816 0.0474
v -0.3249 0.1804 0.0407
v -0.3189 0.1817 0.0465
v -0.3067 0.1828 0.0675
v -0.3071 0.1837 0.0629
v -0.3043 0.1885 0.0673
v -0.3088 0.1961 0.0531
v -0.3110 0.1882 0.0519
v -0.3114 0.1887 0.0463
v -0.3066 0.2091 0.0328
v -0.3044 0.2132 0.0340
v -0.3069 0.2124 0.0370
v -0.2839 0.2195 0.0468
v -0.2874 0.2184 0.0400
v -0.2784 0.2193 0.0453
v -0.2835 0.2077 0.0251
v -0.2730 0.2144 0.0270
v -0.2836 0.2114 0.0306
v -0.2820 0.1966 0.0096
v -0.2825 0.1999 0.0137
v -0.2946 0.1759 0.0079
v -0.2861 0.1852 0.0054
v -0.2922 0.1926 0.0101
v -0.3017 0.1828 0.0176
v -0.3001 0.1933 0.0180
v -0.3043 0.1895 0.0231
v -0.3001 0.2175 0.0356
v -0.3012 0.2138 0.0314
v -0.2987 0.2169 0.0328
v -0.2942 0.2037 0.0228
v -0.2892 0.2080 0.0264
v -0.2954 0.2090 0.0272
v -0.3134 0.1815 0.0347
v -0.3120 0.1759 0.0300
v -0.3100 0.1838 0.0312
v -0.3194 0.1688 0.0246
v -0.3220 0.1714 0.0273
v -0.3274 0.1706 0.0211
v -0.3168 0.1658 0.0219
v -0.3194 0.1645 0.0183
v -0.3123 0.1662 0.0217
v -0.3072 0.1763 0.0273
v -0.3046 0.1785 0.0214
v -0.3067 0.1829 0.0276
v -0.3030 0.1563 0.0101
v -0.3007 0.1535 0.0060
v -0.2999 0.1597 0.0080
v -0.2968 0.1534 0.0034
v -0.2935 0.1551 0.0022
v -0.2941 0.1617 0.0040
v -0.2717 0.1604 -0.0021
v -0.2649 0.1675 -0.0051
v -0.2775 0.1645 -0.0020
v -0.2840 0.1383 0.0047
v -0.2787 0.1456 0.0049
v -0.2854 0.1422 0.0017
v -0.2650 0.1434 0.0094
v -0.2670 0.1467 0.0060
v -0.2736 0.1400 0.0094
v -0.2724 0.1249 0.0112
v -0.2766 0.1277 0.0062
v -0.2717 0.1234 0.0067
v -0.2655 0.1398 0.0138
v -0.2679 0.1369 0.0167
v -0.2685 0.1173 0.0002
v -0.2725 0.1235 -0.0071
v -0.2684 0.1183 -0.0073
v -0.2594 0.1124 -0.0203
v -0.2621 0.1193 -0.0211
v -0.2560 0.1152 -0.0278
v -0.2582 0.0909 -0.0116
v -0.2567 0.0980 -0.0203
v -0.2560 0.0882 -0.0214
v -0.2613 0.0653 -0.0098
v -0.2618 0.0654 -0.0170
v -0.2650 0.0577 -0.0105
v -0.2726 0.0386 0.0044
v -0.2696 0.0433 0.0012
v -0.2730 0.0429 -0.0047
v -0.2767 0.0268 0.0452
v -0.2873 0.0250 0.0357
v -0.2951 0.0223 0.0431
v -0.3290 0.0171 0.0732
v -0.3253 0.0179 0.0990
v -0.3077 0.0180 0.1034
v -0.3209 0.0214 0.1197
v -0.3332 0.0203 0.1232
v -0.3712 0.0152 0.1089
v -0.3757 0.0137 0.0969
v -0.3842 0.0131 0.0999
v -0.4023 0.0238 0.1401
v -0.4118 0.0243 0.1301
v -0.4159 0.0280 0.1398
v -0.4406 0.0397 0.1425
v -0.4462 0.0417 0.1362
v -0.4416 0.0423 0.1474
v -0.4504 0.0475 0.1417
v -0.4502 0.0444 0.1390
v -0.4547 0.0516 0.1357
v -0.4640 0.0974 0.1640
v -0.4668 0.0815 0.1439
v -0.4702 0.0957 0.1460
v -0.4507 0.0920 0.1798
v -0.4574 0.0965 0.1733
v -0.4506 0.0996 0.1790
v -0.4405 0.1000 0.1961
v -0.4448 0.1023 0.1861
v -0.4419 0.1097 0.1964
v -0.4393 0.1245 0.2126
v -0.4364 0.1258 0.2154
v -0.4347 0.1442 0.2108
v -0.4314 0.1464 0.2118
v -0.4261 0.1406 0.2157
v -0.4110 0.1488 0.2215
v -0.4141 0.1477 0.2189
v -0.4149 0.1518 0.2142
v -0.4333 0.1611 0.2065
v -0.4314 0.1651 0.2026
v -0.4267 0.1629 0.2070
v -0.4208 0.1792 0.1881
v -0.4235 0.1823 0.1843
v -0.4208 0.1959 0.1421
v -0.4206 0.1969 0.1339
v -0.4162 0.1962 0.1389
v -0.4075 0.1966 0.1189
v -0.4144 0.1959 0.1156
v -0.4104 0.1959 0.1125
v -0.4071 0.1970 0.1040
v -0.4120 0.1941 0.0969
v -0.4072 0.1974 0.0987
v -0.4067 0.2020 0.0794
v -0.4108 0.1982 0.0694
v -0.4058 0.2061 0.0685
v -0.3982 0.2091 0.0746
v -0.3901 0.2038 0.0567
v -0.3828 0.2044 0.0613
v -0.3659 0.1979 0.0373
v -0.3612 0.1869 0.0300
v -0.3558 0.1892 0.0363
v -0.3592 0.1923 0.0364
v -0.3338 0.1822 0.0415
v -0.3295 0.1786 0.0342
v -0.3351 0.1766 0.0257
v -0.3395 0.1728 0.0139
v -0.3125 0.1630 0.0181
v -0.3197 0.1615 0.0123
v -0.3133 0.1590 0.0124
v -0.3178 0.1651 -0.0115
v -0.3070 0.1625 -0.0169
v -0.3097 0.1571 -0.0061
v -0.2906 0.1478 0.0005
v -0.2838 0.1544 0.0012
v -0.2901 0.1538 0.0011
v -0.2921 0.1459 -0.0076
v -0.2966 0.1511 -0.0101
v -0.2913 0.1504 -0.0151
v -0.2753 0.1289 -0.0083
v -0.2685 0.1226 -0.0132
v -0.2532 0.1290 -0.0503
v -0.2484 0.1276 -0.0694
v -0.2539 0.1191 -0.0358
v -0.2236 0.0892 -0.1342
v -0.2227 0.0831 -0.1355
v -0.2343 0.0775 -0.0953
v -0.2482 0.0524 -0.0568
v -0.2448 0.0569 -0.0648
v -0.2451 0.0503 -0.0708
v -0.2658 0.0369 -0.0361
v -0.2664 0.0336 -0.0385
v -0.2714 0.0329 -0.0329
v -0.2892 0.0276 -0.0214
v -0.2899 0.0248 -0.0331
v -0.2955 0.0253 -0.0200
v -0.3116 0.0217 0.0236
v -0.3068 0.0234 0.0022
v -0.3148 0.0232 0.0049
v -0.3493 0.0176 0.0746
v -0.3474 0.0198 0.0544
v -0.3617 0.0189 0.0648
v -0.3446 0.0172 0.0992
v -0.3516 0.0168 0.0891
v -0.3606 0.0160 0.0990
v -0.3922 0.0137 0.0888
v -0.3872 0.0148 0.0807
v -0.3922 0.0151 0.0806
v -0.4178 0.0238 0.0932
v -0.4336 0.0305 0.0935
v -0.4255 0.0277 0.1057
v -0.4410 0.0376 0.1308
v -0.4505 0.0395 0.1221
v -0.4670 0.0667 0.1207
v -0.4646 0.0599 0.1143
v -0.4728 0.0770 0.1141
v -0.4761 0.0948 0.1230
v -0.4767 0.0906 0.1139
v -0.4807 0.1032 0.1084
v -0.4625 0.1059 0.1645
v -0.4666 0.1077 0.1604
v -0.4585 0.1130 0.1660
v -0.4477 0.1204 0.1819
v -0.4495 0.1172 0.1771
v -0.4502 0.1263 0.1761
v -0.4452 0.1368 0.2078
v -0.4455 0.1412 0.2055
v -0.4409 0.1361 0.2123
v -0.4320 0.1526 0.2102
v -0.4265 0.1469 0.2126
v -0.4497 0.1545 0.1964
v -0.4494 0.1598 0.1934
v -0.4398 0.1557 0.2063
v -0.4402 0.1767 0.1797
v -0.4385 0.1806 0.1650
v -0.4314 0.1840 0.1679
v -0.4552 0.1728 0.1201
v -0.4426 0.1813 0.1117
v -0.4249 0.1951 0.1200
v -0.4170 0.1939 0.1066
v -0.4242 0.1900 0.0980
v -0.4179 0.1921 0.0960
v -0.4118 0.1947 0.0884
v -0.4178 0.1916 0.0790
v -0.4113 0.1967 0.0787
v -0.4111 0.1988 0.0597
v -0.4122 0.1976 0.0518
v -0.4107 0.2004 0.0532
v -0.4040 0.2036 0.0552
v -0.3996 0.2000 0.0442
v -0.3966 0.1998 0.0445
v -0.3801 0.1942 0.0304
v -0.3807 0.1970 0.0317
v -0.3857 0.1927 0.0304
v -0.3704 0.1865 0.0266
v -0.3790 0.1828 0.0182
v -0.3687 0.1819 0.0192
v -0.3429 0.1715 0.0052
v -0.3492 0.1732 0.0066
v -0.3487 0.1724 -0.0000
v -0.3183 0.1590 0.0057
v -0.3270 0.1647 -0.0005
v -0.3187 0.1599 -0.0005
v -0.2944 0.1550 -0.0170
v -0.3076 0.1797 -0.0404
v -0.2855 0.1662 -0.0435
v -0.2720 0.1324 -0.0164
v -0.2685 0.1533 -0.0465
v -0.2637 0.1451 -0.0434
v -0.2512 0.1393 -0.0717
v -0.2413 0.1308 -0.1085
v -0.2329 0.1112 -0.1178
v -0.2255 0.1055 -0.1401
v -0.2227 0.1065 -0.1480
v -0.2222 0.0986 -0.1430
v -0.2192 0.0798 -0.1463
v -0.2163 0.0779 -0.1536
v -0.2215 0.0700 -0.1429
v -0.2423 0.0442 -0.0981
v -0.2354 0.0488 -0.1104
v -0.2387 0.0438 -0.1124
v -0.2547 0.0384 -0.0534
v -0.2562 0.0342 -0.0751
v -0.2608 0.0339 -0.0502
v -0.2782 0.0221 -0.0647
v -0.2767 0.0170 -0.0884
v -0.2840 0.0177 -0.0758
v -0.3208 0.0233 -0.0140
v -0.3126 0.0223 -0.0248
v -0.3258 0.0213 -0.0245
v -0.3355 0.0273 0.0063
v -0.3377 0.0288 0.0039
v -0.3485 0.0273 0.0108
v -0.3971 0.0261 0.0430
v -0.3861 0.0272 0.0266
v -0.3975 0.0312 0.0229
v -0.4151 0.0253 0.0738
v -0.4242 0.0304 0.0628
v -0.4295 0.0309 0.0748
v -0.4509 0.0380 0.0992
v -0.4439 0.0359 0.0918
v -0.4465 0.0380 0.0923
v -0.4639 0.0607 0.1085
v -0.4617 0.0601 0.1035
v -0.4672 0.0662 0.1065
v -0.4808 0.1069 0.1069
v -0.4792 0.1016 0.1048
v -0.4817 0.1089 0.1029
v -0.4753 0.1147 0.1348
v -0.4816 0.1139 0.1108
v -0.4747 0.1245 0.1332
v -0.4734 0.1449 0.1540
v -0.4707 0.1379 0.1472
v -0.4783 0.1467 0.1503
v -0.4638 0.1308 0.1542
v -0.4653 0.1368 0.1532
v -0.4617 0.1351 0.1553
v -0.4527 0.1255 0.1697
v -0.4550 0.1252 0.1655
v -0.4535 0.1320 0.1703
v -0.4531 0.1436 0.1931
v -0.4550 0.1445 0.1882
v -0.4540 0.1483 0.1918
v -0.4574 0.1573 0.1877
v -0.4610 0.1602 0.1830
v -0.4543 0.1723 0.1415
v -0.4601 0.1687 0.1234
v -0.4497 0.1770 0.1271
v -0.4786 0.1513 0.1518
v -0.4801 0.1518 0.1423
v -0.4747 0.1544 0.1551
v -0.4776 0.1565 0.1151
v -0.4852 0.1529 0.1023
v -0.4756 0.1581 0.1060
v -0.4650 0.1647 0.1042
v -0.4458 0.1769 0.0968
v -0.4270 0.1852 0.0692
v -0.4244 0.1857 0.0546
v -0.4155 0.1927 0.0683
v -0.4055 0.1881 0.0328
v -0.4010 0.1862 0.0269
v -0.3950 0.1916 0.0325
v -0.3833 0.1864 0.0236
v -0.3754 0.1889 0.0285
v -0.3615 0.1724 0.0003
v -0.3568 0.1735 -0.0060
v -0.3550 0.1730 0.0013
v -0.3469 0.1768 -0.0155
v -0.3474 0.1882 -0.0324
v -0.3303 0.1863 -0.0341
v -0.3002 0.1825 -0.0555
v -0.2981 0.1835 -0.0636
v -0.2993 0.1801 -0.0529
v -0.2615 0.1556 -0.0616
v -0.2758 0.1723 -0.0717
v -0.2671 0.1708 -0.0854
v -0.2556 0.1498 -0.0662
v -0.2507 0.1447 -0.0867
v -0.2262 0.1142 -0.1483
v -0.2317 0.1226 -0.1493
v -0.2289 0.1238 -0.1565
v -0.2186 0.0961 -0.1496
v -0.2158 0.1018 -0.1553
v -0.2153 0.0937 -0.1546
v -0.2138 0.0765 -0.1597
v -0.2129 0.0811 -0.1582
v -0.2117 0.0740 -0.1616
v -0.2298 0.0561 -0.1213
v -0.2237 0.0628 -0.1430
v -0.2278 0.0554 -0.1372
v -0.2549 0.0226 -0.1302
v -0.2486 0.0268 -0.1374
v -0.2562 0.0212 -0.1349
v -0.2705 0.0198 -0.0988
v -0.2643 0.0207 -0.1152
v -0.2730 0.0173 -0.1107
v -0.3061 0.0118 -0.0904
v -0.2971 0.0127 -0.0866
v -0.2919 0.0126 -0.0898
v -0.3176 0.0208 -0.0323
v -0.3047 0.0201 -0.0443
v -0.3142 0.0152 -0.0667
v -0.3276 0.0249 -0.0064
v -0.3305 0.0231 -0.0163
v -0.3355 0.0268 -0.0066
v -0.3441 0.0287 -0.0004
v -0.3470 0.0290 -0.0066
v -0.3547 0.0290 0.0011
v -0.4141 0.0339 0.0279
v -0.4058 0.0349 0.0179
v -0.4193 0.0376 0.0216
v -0.4295 0.0328 0.0523
v -0.4398 0.0345 0.0486
v -0.4364 0.0343 0.0646
v -0.4463 0.0420 0.0724
v -0.4498 0.0430 0.0654
v -0.4494 0.0488 0.0692
v -0.4531 0.0544 0.0948
v -0.4523 0.0589 0.0906
v -0.4561 0.0611 0.0968
v -0.4594 0.0703 0.0932
v -0.4614 0.0785 0.0905
v -0.4642 0.0733 0.0978
v -0.4778 0.1021 0.0990
v -0.4767 0.1049 0.0912
v -0.4803 0.1093 0.0985
v -0.4795 0.1323 0.1186
v -0.4801 0.1255 0.1131
v -0.4851 0.1300 0.1042
v -0.4762 0.1312 0.1298
v -0.4784 0.1324 0.1239
v -0.4784 0.1366 0.1267
v -0.4911 0.1494 0.0911
v -0.4935 0.1460 0.0854
v -0.4916 0.1492 0.0855
v -0.4629 0.1640 0.0742
v -0.4813 0.1531 0.0593
v -0.4637 0.1622 0.0611
v -0.4501 0.1605 0.0128
v -0.4400 0.1659 0.0001
v -0.4378 0.1715 0.0236
v -0.4140 0.1800 0.0166
v -0.4097 0.1686 -0.0110
v -0.4039 0.1692 -0.0178
v -0.3985 0.1704 -0.0118
v -0.3747 0.1730 -0.0029
v -0.3811 0.1712 -0.0117
v -0.3713 0.1724 -0.0062
v -0.3554 0.1762 -0.0139
v -0.3557 0.1811 -0.0225
v -0.3367 0.1911 -0.0411
v -0.3444 0.1969 -0.0548
v -0.3309 0.1908 -0.0435
v -0.3033 0.1873 -0.0694
v -0.3080 0.1914 -0.0789
v -0.3011 0.1901 -0.0814
v -0.2852 0.1884 -0.0975
v -0.2798 0.1859 -0.0982
v -0.2785 0.1803 -0.0889
v -0.2658 0.1724 -0.0993
v -0.2684 0.1784 -0.1092
v -0.2573 0.1628 -0.1050
v -0.2486 0.1493 -0.1268
v -0.2482 0.1457 -0.1411
v -0.2385 0.1306 -0.1450
v -0.2333 0.1268 -0.1550
v -0.2166 0.1156 -0.1605
v -0.2112 0.1180 -0.1659
v -0.2084 0.1052 -0.1601
v -0.1980 0.0965 -0.1681
v -0.1915 0.0976 -0.1785
v -0.1969 0.0884 -0.1695
v -0.1975 0.0803 -0.1703
v -0.1968 0.0609 -0.1810
v -0.2028 0.0649 -0.1709
v -0.2171 0.0568 -0.1651
v -0.2136 0.0515 -0.1703
v -0.2180 0.0525 -0.1675
v -0.2291 0.0520 -0.1567
v -0.2316 0.0497 -0.1604
v -0.2340 0.0458 -0.1540
v -0.2433 0.0318 -0.1483
v -0.2532 0.0209 -0.1489
v -0.2679 0.0176 -0.1237
v -0.3062 0.0099 -0.1047
v -0.3429 0.0109 -0.0652
v -0.3465 0.0084 -0.0902
v -0.3501 0.0106 -0.0687
v -0.3582 0.0156 -0.0476
v -0.3747 0.0170 -0.0723
v -0.3738 0.0210 -0.0530
v -0.3471 0.0194 -0.0308
v -0.3403 0.0166 -0.0372
v -0.3469 0.0155 -0.0390
v -0.3942 0.0373 -0.0086
v -0.3952 0.0373 -0.0153
v -0.4025 0.0398 -0.0121
v -0.4077 0.0382 0.0107
v -0.4108 0.0426 0.0034
v -0.4191 0.0438 0.0096
v -0.4379 0.0363 0.0354
v -0.4321 0.0384 0.0277
v -0.4409 0.0387 0.0331
v -0.4467 0.0380 0.0624
v -0.4495 0.0403 0.0517
v -0.4481 0.0549 0.0796
v -0.4524 0.0593 0.0661
v -0.4525 0.0653 0.0742
v -0.4649 0.0810 0.0927
v -0.4596 0.0782 0.0857
v -0.4612 0.0842 0.0836
v -0.4680 0.0971 0.0547
v -0.4757 0.1024 0.0443
v -0.4751 0.1048 0.0600
v -0.4919 0.1267 0.0849
v -0.4895 0.1454 0.1044
v -0.5002 0.1267 0.0622
v -0.5004 0.1316 0.0562
v -0.5002 0.1313 0.0626
v -0.4901 0.1472 0.0505
v -0.4913 0.1445 0.0414
v -0.4856 0.1482 0.0422
v -0.4632 0.1581 0.0386
v -0.4739 0.1486 0.0117
v -0.4661 0.1528 0.0139
v -0.4473 0.1609 -0.0003
v -0.4490 0.1625 -0.0073
v -0.4455 0.1646 -0.0064
v -0.4259 0.1804 0.0213
v -0.4367 0.1681 0.0004
v -0.4271 0.1770 0.0113
v -0.4314 0.1712 -0.0168
v -0.4288 0.1744 -0.0205
v -0.4219 0.1700 -0.0190
v -0.4159 0.1690 -0.0183
v -0.4098 0.1688 -0.0180
v -0.3927 0.1734 -0.0247
v -0.3887 0.1774 -0.0290
v -0.3865 0.1753 -0.0258
v -0.3817 0.1882 -0.0350
v -0.3846 0.1955 -0.0409
v -0.3755 0.1916 -0.0386
v -0.4119 0.1888 -0.0341
v -0.4151 0.1881 -0.0355
v -0.4168 0.1882 -0.0380
v -0.3868 0.1918 -0.0370
v -0.3935 0.1969 -0.0384
v -0.3748 0.1981 -0.0475
v -0.3773 0.2049 -0.0562
v -0.3644 0.2013 -0.0562
v -0.3379 0.1968 -0.0607
v -0.3460 0.2004 -0.0658
v -0.3411 0.1992 -0.0681
v -0.3219 0.1956 -0.0806
v -0.3150 0.1949 -0.0873
v -0.3159 0.1922 -0.0714
v -0.3012 0.1969 -0.1033
v -0.3097 0.1964 -0.1225
v -0.3020 0.1954 -0.1165
v -0.2861 0.1904 -0.1041
v -0.2783 0.1874 -0.1035
v -0.2670 0.1769 -0.1146
v -0.2515 0.1501 -0.1439
v -0.2583 0.1506 -0.1588
v -0.2506 0.1453 -0.1517
v -0.2456 0.1394 -0.1592
v -0.2456 0.1412 -0.1652
v -0.2402 0.1366 -0.1620
v -0.2242 0.1376 -0.1715
v -0.2190 0.1499 -0.1828
v -0.2173 0.1381 -0.1754
v -0.1977 0.1290 -0.1843
v -0.1920 0.1328 -0.1938
v -0.1971 0.1138 -0.1752
v -0.1786 0.1121 -0.2061
v -0.1759 0.1137 -0.2113
v -0.1752 0.1019 -0.2097
v -0.1636 0.0732 -0.2239
v -0.1689 0.0842 -0.2177
v -0.1643 0.0846 -0.2205
v -0.1924 0.0610 -0.1875
v -0.1818 0.0577 -0.2074
v -0.1861 0.0507 -0.2052
v -0.2097 0.0477 -0.1756
v -0.2078 0.0430 -0.1812
v -0.2154 0.0453 -0.1723
v -0.2350 0.0355 -0.1758
v -0.2330 0.0399 -0.1726
v -0.2277 0.0372 -0.1759
v -0.2284 0.0476 -0.1670
v -0.2267 0.0509 -0.1659
v -0.2218 0.0516 -0.1671
v -0.2391 0.0357 -0.1740
v -0.2367 0.0394 -0.1718
v -0.2596 0.0166 -0.1544
v -0.2544 0.0210 -0.1562
v -0.2580 0.0195 -0.1597
v -0.2924 0.0105 -0.1275
v -0.2679 0.0136 -0.1546
v -0.2918 0.0094 -0.1441
v -0.3175 0.0006 -0.1552
v -0.3176 0.0003 -0.1601
v -0.3227 0.0005 -0.1537
v -0.3635 0.0098 -0.0864
v -0.3571 0.0087 -0.0862
v -0.3634 0.0078 -0.1050
v -0.3836 0.0234 -0.0582
v -0.3882 0.0204 -0.0783
v -0.3936 0.0254 -0.0616
v -0.4327 0.0444 -0.0260
v -0.4307 0.0406 -0.0330
v -0.4455 0.0456 -0.0308
v -0.4267 0.0483 -0.0165
v -0.4353 0.0480 -0.0219
v -0.4317 0.0534 -0.0137
v -0.4014 0.0373 -0.0226
v -0.4087 0.0413 -0.0154
v -0.4410 0.0559 0.0033
v -0.4377 0.0577 -0.0041
v -0.4434 0.0611 -0.0055
v -0.4560 0.0566 0.0258
v -0.4515 0.0572 0.0143
v -0.4549 0.0618 0.0150
v -0.4561 0.0547 0.0448
v -0.4553 0.0493 0.0418
v -0.4575 0.0574 0.0396
v -0.4596 0.0812 0.0625
v -0.4614 0.0829 0.0503
v -0.4655 0.0936 0.0509
v -0.4832 0.1086 0.0385
v -0.4732 0.0992 0.0312
v -0.4804 0.1070 0.0296
v -0.4968 0.1266 0.0732
v -0.4998 0.1312 0.0677
v -0.4986 0.1306 0.0375
v -0.4966 0.1256 0.0290
v -0.4947 0.1363 0.0236
v -0.4905 0.1425 0.0211
v -0.4881 0.1407 0.0130
v -0.4869 0.1434 0.0174
v -0.4770 0.1453 0.0009
v -0.4751 0.1457 -0.0054
v -0.4725 0.1483 0.0023
v -0.4675 0.1525 -0.0060
v -0.4686 0.1550 -0.0119
v -0.4622 0.1536 -0.0044
v -0.4561 0.1649 -0.0128
v -0.4494 0.1660 -0.0121
v -0.4374 0.1676 -0.0064
v -0.4442 0.1689 -0.0128
v -0.4383 0.1699 -0.0123
v -0.4323 0.1807 -0.0250
v -0.4297 0.1823 -0.0272
v -0.4282 0.1802 -0.0256
v -0.4239 0.1821 -0.0287
v -0.4270 0.1824 -0.0328
v -0.4212 0.1842 -0.0313
v -0.4136 0.1910 -0.0410
v -0.4142 0.1927 -0.0492
v -0.4085 0.1951 -0.0430
v -0.3983 0.2054 -0.0512
v -0.4035 0.2099 -0.0583
v -0.3987 0.2134 -0.0644
v -0.3574 0.2110 -0.0803
v -0.3591 0.2147 -0.0979
v -0.3545 0.2119 -0.0896
v -0.3240 0.1978 -0.0936
v -0.3333 0.2016 -0.0966
v -0.3267 0.1991 -0.1091
v -0.3347 0.2000 -0.1332
v -0.3412 0.1992 -0.1422
v -0.3349 0.1992 -0.1437
v -0.2890 0.1904 -0.1130
v -0.2992 0.1928 -0.1242
v -0.2930 0.1884 -0.1293
v -0.2834 0.1766 -0.1521
v -0.2878 0.1775 -0.1572
v -0.2793 0.1709 -0.1565
v -0.2602 0.1483 -0.1686
v -0.2620 0.1501 -0.1717
v -0.2567 0.1477 -0.1689
v -0.2546 0.1522 -0.1784
v -0.2605 0.1541 -0.1813
v -0.2543 0.1585 -0.1850
v -0.2195 0.1590 -0.1922
v -0.2139 0.1541 -0.1901
v -0.1985 0.1371 -0.1890
v -0.1941 0.1358 -0.1910
v -0.1849 0.1322 -0.1977
v -0.1810 0.1320 -0.2018
v -0.1861 0.1245 -0.1978
v -0.1746 0.1197 -0.2132
v -0.1689 0.1258 -0.2190
v -0.1703 0.1194 -0.2181
v -0.1579 0.0908 -0.2244
v -0.1317 0.0873 -0.2500
v -0.1501 0.0787 -0.2324
v -0.1699 0.0586 -0.2239
v -0.1685 0.0665 -0.2232
v -0.1655 0.0588 -0.2276
v -0.1908 0.0431 -0.2047
v -0.1779 0.0422 -0.2243
v -0.1853 0.0380 -0.2186
v -0.2063 0.0309 -0.2044
v -0.2033 0.0298 -0.2178
v -0.2205 0.0259 -0.2101
v -0.2463 0.0265 -0.1838
v -0.2497 0.0291 -0.1773
v -0.2445 0.0301 -0.1794
v -0.2569 0.0262 -0.1772
v -0.2497 0.0255 -0.1854
v -0.2557 0.0255 -0.1847
v -0.2872 0.0131 -0.1709
v -0.2806 0.0191 -0.1809
v -0.2944 0.0144 -0.1784
v -0.3032 0.0063 -0.1464
v -0.2939 0.0086 -0.1514
v -0.3007 0.0065 -0.1555
v -0.3215 0.0000 -0.1629
v -0.3252 0.0019 -0.1668
v -0.3368 0.0037 -0.1651
v -0.3641 0.0067 -0.1269
v -0.3696 0.0106 -0.1469
v -0.3834 0.0174 -0.1370
v -0.4002 0.0209 -0.0927
v -0.3917 0.0192 -0.1032
v -0.3999 0.0210 -0.1046
v -0.4120 0.0265 -0.0661
v -0.4230 0.0272 -0.0677
v -0.4207 0.0311 -0.0567
v -0.4483 0.0433 -0.0408
v -0.4400 0.0385 -0.0492
v -0.4512 0.0449 -0.0432
v -0.4668 0.0585 -0.0346
v -0.4701 0.0642 -0.0305
v -0.4652 0.0589 -0.0301
v -0.4513 0.0584 -0.0189
v -0.4492 0.0629 -0.0114
v -0.4435 0.0590 -0.0134
v -0.4511 0.0618 0.0016
v -0.4531 0.0631 0.0045
v -0.4576 0.0661 0.0202
v -0.4599 0.0726 0.0344
v -0.4718 0.1008 0.0213
v -0.4790 0.1090 0.0231
v -0.4901 0.1234 0.0227
v -0.4913 0.1326 0.0172
v -0.4937 0.1272 0.0238
v -0.4770 0.1363 0.0007
v -0.4752 0.1421 -0.0056
v -0.4798 0.1438 0.0033
v -0.4764 0.1478 -0.0118
v -0.4795 0.1515 -0.0167
v -0.4766 0.1522 -0.0147
v -0.4660 0.1635 -0.0156
v -0.4709 0.1627 -0.0186
v -0.4604 0.1677 -0.0160
v -0.4386 0.1783 -0.0201
v -0.4436 0.1774 -0.0236
v -0.4379 0.1796 -0.0236
v -0.4411 0.1769 -0.0295
v -0.4410 0.1742 -0.0369
v -0.4341 0.1785 -0.0360
v -0.4304 0.1775 -0.0568
v -0.4355 0.1740 -0.0675
v -0.4230 0.1856 -0.0555
v -0.4088 0.2016 -0.0543
v -0.4152 0.2008 -0.0641
v -0.4067 0.2118 -0.0631
v -0.4036 0.2149 -0.0741
v -0.3958 0.2146 -0.0844
v -0.3929 0.2161 -0.0750
v -0.3681 0.2170 -0.0989
v -0.3704 0.2177 -0.1144
v -0.3631 0.2162 -0.1038
v -0.3471 0.2049 -0.1274
v -0.3547 0.2058 -0.1308
v -0.3494 0.2030 -0.1345
v -0.3669 0.1925 -0.1533
v -0.3734 0.1878 -0.1678
v -0.3564 0.1917 -0.1610
v -0.3109 0.1938 -0.1451
v -0.3229 0.1898 -0.1568
v -0.3109 0.1887 -0.1528
v -0.3145 0.1750 -0.1693
v -0.3209 0.1749 -0.1727
v -0.3162 0.1717 -0.1725
v -0.2808 0.1597 -0.1732
v -0.2852 0.1586 -0.1765
v -0.2793 0.1571 -0.1764
v -0.2672 0.1529 -0.1774
v -0.2609 0.1521 -0.1775
v -0.2761 0.1753 -0.2007
v -0.2671 0.1767 -0.2007
v -0.2627 0.1660 -0.1921
v -0.2396 0.1745 -0.2029
v -0.2377 0.1770 -0.2086
v -0.2330 0.1744 -0.2075
v -0.2096 0.1580 -0.1952
v -0.2093 0.1635 -0.1977
v -0.2051 0.1585 -0.1947
v -0.1908 0.1725 -0.1774
v -0.1987 0.1655 -0.1880
v -0.1962 0.1723 -0.1860
v -0.1664 0.1808 -0.1473
v -0.1703 0.1838 -0.1533
v -0.1614 0.1866 -0.1415
v -0.1420 0.1993 -0.1088
v -0.1456 0.1979 -0.1144
v -0.1408 0.1996 -0.1138
v -0.1489 0.2020 -0.1044
v -0.1437 0.2025 -0.1007
v -0.1453 0.2063 -0.0983
v -0.1554 0.1976 -0.1118
v -0.1602 0.1990 -0.1146
v -0.1565 0.1932 -0.1165
v -0.1588 0.1829 -0.1247
v -0.1563 0.1862 -0.1278
v -0.1543 0.1868 -0.1237
v -0.1615 0.1823 -0.1405
v -0.1600 0.1811 -0.1365
v -0.1625 0.1769 -0.1419
v -0.1580 0.1722 -0.1266
v -0.1524 0.1715 -0.1317
v -0.1548 0.1728 -0.1339
v -0.1734 0.1584 -0.1259
v -0.1676 0.1648 -0.1261
v -0.1799 0.1697 -0.1312
v -0.1918 0.1525 -0.1217
v -0.1868 0.1575 -0.1267
v -0.1946 0.1587 -0.1261
v -0.2020 0.1365 -0.0946
v -0.2072 0.1395 -0.0901
v -0.1975 0.1366 -0.0914
v -0.2221 0.1471 -0.0777
v -0.2223 0.1468 -0.0809
v -0.2227 0.1501 -0.0761
v -0.2145 0.1605 -0.0472
v -0.2158 0.1580 -0.0616
v -0.2162 0.1608 -0.0574
v -0.2103 0.1600 -0.0384
v -0.2124 0.1651 -0.0417
v -0.2058 0.1651 -0.0332
v -0.1961 0.1573 -0.0289
v -0.1879 0.1480 -0.0348
v -0.1946 0.1485 -0.0365
v -0.2065 0.1516 -0.0378
v -0.2075 0.1505 -0.0415
v -0.2075 0.1551 -0.0366
v -0.2055 0.1467 -0.0542
v -0.1939 0.1382 -0.0571
v -0.2048 0.1447 -0.0632
v -0.1777 0.1315 -0.0549
v -0.1892 0.1356 -0.0589
v -0.1895 0.1363 -0.0525
v -0.1742 0.1352 -0.0435
v -0.1833 0.1400 -0.0420
v -0.1925 0.1605 -0.0280
v -0.1881 0.1568 -0.0285
v -0.1638 0.1316 -0.0573
v -0.1691 0.1319 -0.0644
v -0.1780 0.1315 -0.0609
v -0.1866 0.1346 -0.0828
v -0.1869 0.1366 -0.0952
v -0.1913 0.1363 -0.0891
v -0.1689 0.1453 -0.1104
v -0.1620 0.1470 -0.1097
v -0.1692 0.1478 -0.1155
v -0.1603 0.1622 -0.1203
v -0.1548 0.1664 -0.1189
v -0.1575 0.1683 -0.1203
v -0.1518 0.1684 -0.1333
v -0.1488 0.1688 -0.1296
v -0.1464 0.1651 -0.1324
v -0.1505 0.1584 -0.1432
v -0.1469 0.1546 -0.1503
v -0.1527 0.1547 -0.1512
v -0.1630 0.1662 -0.1479
v -0.1653 0.1608 -0.1540
v -0.1753 0.1631 -0.1614
v -0.1746 0.1774 -0.1574
v -0.1865 0.1736 -0.1708
v -0.1810 0.1786 -0.1654
v -0.1990 0.1418 -0.1890
v -0.2052 0.1473 -0.1893
v -0.1973 0.1485 -0.1894
v -0.1855 0.1549 -0.1758
v -0.1821 0.1637 -0.1683
v -0.1809 0.1410 -0.1924
v -0.1802 0.1375 -0.1982
v -0.1869 0.1396 -0.1925
v -0.1695 0.1422 -0.1927
v -0.1658 0.1403 -0.2008
v -0.1710 0.1379 -0.2016
v -0.1701 0.1523 -0.1666
v -0.1760 0.1482 -0.1758
v -0.1844 0.1509 -0.1791
v -0.1668 0.1375 -0.2073
v -0.1627 0.1318 -0.2239
v -0.1589 0.1368 -0.2295
v -0.1597 0.1311 -0.2303
v -0.1525 0.1067 -0.2311
v -0.1276 0.1083 -0.2576
v -0.1282 0.0965 -0.2541
v -0.1308 0.0696 -0.2522
v -0.1142 0.0805 -0.2671
v -0.1078 0.0737 -0.2745
v -0.1537 0.0620 -0.2342
v -0.1466 0.0586 -0.2417
v -0.1542 0.0516 -0.2401
v -0.1712 0.0396 -0.2325
v -0.1687 0.0324 -0.2388
v -0.1716 0.0317 -0.2369
v -0.1876 0.0319 -0.2299
v -0.1957 0.0283 -0.2353
v -0.2054 0.0278 -0.2271
v -0.2361 0.0211 -0.2104
v -0.2515 0.0156 -0.2119
v -0.2476 0.0172 -0.2033
v -0.2619 0.0247 -0.1833
v -0.2577 0.0224 -0.1902
v -0.2609 0.0235 -0.1896
v -0.2738 0.0217 -0.1828
v -0.2785 0.0218 -0.1858
v -0.3052 0.0077 -0.1706
v -0.3031 0.0125 -0.1811
v -0.3239 0.0022 -0.1708
v -0.3341 0.0128 -0.1948
v -0.3424 0.0110 -0.1860
v -0.3671 0.0116 -0.1682
v -0.3683 0.0136 -0.1801
v -0.3750 0.0146 -0.1722
v -0.3954 0.0228 -0.1371
v -0.4244 0.0305 -0.1377
v -0.4124 0.0264 -0.1279
v -0.4206 0.0215 -0.0861
v -0.4097 0.0221 -0.1026
v -0.4201 0.0225 -0.0975
v -0.4291 0.0282 -0.0669
v -0.4327 0.0272 -0.0761
v -0.4355 0.0330 -0.0663
v -0.4517 0.0550 -0.0577
v -0.4467 0.0504 -0.0667
v -0.4502 0.0593 -0.0653
v -0.4733 0.0659 -0.0347
v -0.4650 0.0593 -0.0396
v -0.4691 0.0629 -0.0397
v -0.4781 0.0894 -0.0346
v -0.4766 0.0909 -0.0380
v -0.4785 0.0931 -0.0326
v -0.4636 0.1006 -0.0159
v -0.4620 0.0931 -0.0177
v -0.4691 0.0927 -0.0230
v -0.4613 0.1065 -0.0012
v -0.4595 0.1032 -0.0056
v -0.4609 0.1086 -0.0058
v -0.4654 0.0941 0.0150
v -0.4673 0.1023 0.0113
v -0.4690 0.1266 -0.0052
v -0.4671 0.1244 -0.0095
v -0.4705 0.1267 -0.0134
v -0.4614 0.0877 0.0098
v -0.4628 0.0972 0.0063
v -0.4561 0.0797 -0.0060
v -0.4577 0.0741 -0.0121
v -0.4573 0.0796 -0.0123
v -0.4544 0.0642 -0.0135
v -0.4572 0.0687 -0.0136
v -0.4552 0.0682 -0.0060
v -0.4627 0.0655 -0.0221
v -0.4736 0.0690 -0.0319
v -0.4660 0.0782 -0.0231
v -0.4793 0.1167 -0.0261
v -0.4839 0.1245 -0.0280
v -0.4792 0.1297 -0.0210
v -0.4810 0.1525 -0.0229
v -0.4786 0.1544 -0.0171
v -0.4599 0.1661 -0.0286
v -0.4599 0.1596 -0.0370
v -0.4520 0.1661 -0.0372
v -0.4463 0.1617 -0.0509
v -0.4449 0.1600 -0.0571
v -0.4410 0.1678 -0.0503
v -0.4378 0.1691 -0.0621
v -0.4439 0.1618 -0.0705
v -0.4283 0.1860 -0.0703
v -0.4235 0.1970 -0.0754
v -0.4017 0.2115 -0.0900
v -0.3752 0.2178 -0.1143
v -0.3761 0.2163 -0.1211
v -0.3588 0.2084 -0.1287
v -0.3610 0.2049 -0.1335
v -0.3863 0.1884 -0.1612
v -0.3407 0.1879 -0.1726
v -0.3485 0.1867 -0.1751
v -0.3432 0.1846 -0.1787
v -0.3157 0.1848 -0.1596
v -0.3248 0.1846 -0.1643
v -0.2947 0.1601 -0.1784
v -0.3037 0.1592 -0.1841
v -0.2907 0.1584 -0.1816
v -0.2674 0.1544 -0.1826
v -0.2728 0.1541 -0.1823
v -0.2724 0.1572 -0.1852
v -0.2673 0.1881 -0.2143
v -0.2897 0.2093 -0.2545
v -0.2784 0.2174 -0.2658
v -0.2407 0.1796 -0.2091
v -0.2414 0.1845 -0.2141
v -0.2377 0.1801 -0.2130
v -0.2151 0.1723 -0.2098
v -0.2197 0.1753 -0.2136
v -0.2149 0.1758 -0.2132
v -0.2031 0.1649 -0.1953
v -0.2021 0.1717 -0.1954
v -0.1712 0.1919 -0.1598
v -0.1813 0.1888 -0.1711
v -0.1725 0.1957 -0.1669
v -0.1415 0.2025 -0.1177
v -0.1431 0.2061 -0.1254
v -0.1350 0.2112 -0.1141
v -0.1189 0.2173 -0.0954
v -0.1252 0.2176 -0.1058
v -0.1137 0.2224 -0.0959
v -0.1025 0.2225 -0.0698
v -0.1051 0.2212 -0.0812
v -0.1016 0.2223 -0.0745
v -0.0944 0.2290 -0.0645
v -0.0902 0.2336 -0.0636
v -0.0945 0.2316 -0.0613
v -0.1154 0.2242 -0.0706
v -0.1111 0.2213 -0.0731
v -0.1072 0.2227 -0.0691
v -0.1243 0.2147 -0.0850
v -0.1217 0.2142 -0.0930
v -0.1166 0.2155 -0.0865
v -0.1300 0.2096 -0.0963
v -0.1267 0.2117 -0.0932
v -0.1301 0.2106 -0.0908
v -0.1394 0.2008 -0.0992
v -0.1356 0.2050 -0.0965
v -0.1409 0.2054 -0.0973
v -0.1387 0.2146 -0.0891
v -0.1298 0.2180 -0.0815
v -0.1485 0.2193 -0.0896
v -0.1718 0.2111 -0.1141
v -0.1827 0.2104 -0.1225
v -0.1721 0.2040 -0.1202
v -0.1534 0.1843 -0.1186
v -0.1706 0.1770 -0.1299
v -0.1658 0.1821 -0.1279
v -0.1707 0.1821 -0.1296
v -0.1930 0.1675 -0.1311
v -0.1986 0.1701 -0.1306
v -0.2148 0.1510 -0.1125
v -0.2080 0.1542 -0.1164
v -0.2143 0.1557 -0.1164
v -0.2249 0.1518 -0.1035
v -0.2263 0.1549 -0.1076
v -0.2331 0.1587 -0.1026
v -0.2270 0.1573 -0.0784
v -0.2281 0.1561 -0.0852
v -0.2286 0.1594 -0.0828
v -0.2168 0.1694 -0.0593
v -0.2191 0.1718 -0.0670
v -0.2150 0.1753 -0.0596
v -0.1988 0.1874 -0.0423
v -0.1973 0.1917 -0.0471
v -0.1946 0.1894 -0.0384
v -0.1852 0.1875 -0.0289
v -0.1872 0.1906 -0.0343
v -0.1818 0.1887 -0.0290
v -0.1959 0.1835 -0.0158
v -0.1931 0.1874 -0.0166
v -0.1982 0.1862 -0.0170
v -0.2242 0.1691 -0.0127
v -0.2269 0.1729 -0.0145
v -0.2330 0.1685 -0.0117
v -0.2491 0.1537 0.0039
v -0.2471 0.1574 -0.0012
v -0.2539 0.1749 -0.0086
v -0.2373 0.1855 -0.0129
v -0.2588 0.1794 -0.0071
v -0.2324 0.2147 -0.0045
v -0.2285 0.2219 -0.0010
v -0.2494 0.2110 0.0019
v -0.1923 0.2346 -0.0086
v -0.1832 0.2362 -0.0107
v -0.1911 0.2015 -0.0192
v -0.1769 0.2108 -0.0199
v -0.1951 0.2146 -0.0173
v -0.1497 0.2418 -0.0121
v -0.1673 0.2402 -0.0122
v -0.1174 0.2425 -0.0175
v -0.1121 0.2462 -0.0132
v -0.1212 0.2446 -0.0130
v -0.0899 0.2569 -0.0054
v -0.0880 0.2571 -0.0171
v -0.0879 0.2626 -0.0057
v -0.0832 0.2733 -0.0229
v -0.0787 0.2736 -0.0273
v -0.0817 0.2778 -0.0211
v -0.0830 0.2901 0.0058
v -0.0784 0.2905 0.0052
v -0.0619 0.2863 0.0120
v -0.0563 0.2836 0.0120
v -0.0500 0.2794 0.0055
v -0.0422 0.2830 0.0070
v -0.0497 0.2803 0.0089
v -0.0369 0.2839 0.0013
v -0.0370 0.2908 0.0040
v -0.0318 0.3079 0.0073
v -0.0324 0.3032 0.0020
v -0.0212 0.3161 -0.0015
v -0.0202 0.3194 -0.0065
v -0.0165 0.3187 -0.0060
v -0.0045 0.3133 -0.0078
v -0.0042 0.3193 -0.0102
v 0.0024 0.3131 -0.0069
v 0.0143 0.3178 -0.0006
v 0.0132 0.3195 -0.0056
v 0.0149 0.3225 -0.0075
v 0.0243 0.3335 -0.0090
v 0.0195 0.3300 -0.0120
v 0.0212 0.3356 -0.0139
v 0.0087 0.3437 -0.0215
v 0.0138 0.3465 -0.0216
v 0.0148 0.3418 -0.0195
v 0.0146 0.3538 -0.0264
v 0.0125 0.3564 -0.0301
v 0.0214 0.3547 -0.0261
v 0.0161 0.3420 -0.0297
v 0.0083 0.3462 -0.0365
v 0.0095 0.3338 -0.0349
v 0.0206 0.3097 -0.0309
v 0.0359 0.3129 -0.0296
v 0.0399 0.3159 -0.0275
v 0.0571 0.3101 -0.0238
v 0.0531 0.3137 -0.0269
v 0.0584 0.3138 -0.0296
v 0.0768 0.3123 -0.0227
v 0.0707 0.3138 -0.0300
v 0.0808 0.3127 -0.0233
v 0.0853 0.3067 -0.0072
v 0.0850 0.3071 -0.0115
v 0.0867 0.3029 -0.0053
v 0.0783 0.2831 -0.0024
v 0.0790 0.2873 -0.0040
v 0.0750 0.2861 -0.0065
v 0.0801 0.2731 -0.0001
v 0.0803 0.2717 -0.0070
v 0.0831 0.2701 -0.0042
v 0.1012 0.2630 -0.0102
v 0.1026 0.2635 -0.0136
v 0.1044 0.2594 -0.0092
v 0.1041 0.2396 -0.0007
v 0.1022 0.2451 0.0002
v 0.1136 0.2377 -0.0030
v 0.1355 0.2328 -0.0076
v 0.1441 0.2272 -0.0063
v 0.1736 0.2187 -0.0073
v 0.1723 0.2223 -0.0128
v 0.1869 0.2156 -0.0080
v 0.1845 0.2036 0.0051
v 0.1967 0.1991 0.0115
v 0.2155 0.1892 0.0173
v 0.2080 0.1936 0.0116
v 0.2121 0.1906 0.0112
v 0.2425 0.1743 0.0451
v 0.2416 0.1725 0.0383
v 0.2290 0.1756 0.0111
v 0.2296 0.1812 0.0052
v 0.2310 0.1764 0.0057
v 0.2512 0.1703 0.0017
v 0.2564 0.1739 0.0028
v 0.2596 0.1692 0.0018
v 0.2700 0.1459 -0.0145
v 0.2711 0.1543 -0.0076
v 0.2751 0.1533 -0.0113
v 0.2716 0.1360 -0.0189
v 0.2699 0.1324 -0.0218
v 0.2667 0.1381 -0.0203
v 0.2710 0.1288 -0.0144
v 0.2741 0.1327 -0.0146
v 0.2784 0.1332 -0.0088
v 0.2710 0.1250 0.0008
v 0.2731 0.1275 -0.0063
v 0.2773 0.1299 -0.0000
v 0.2723 0.1359 0.0132
v 0.2745 0.1328 0.0099
v 0.2763 0.1417 0.0150
v 0.2947 0.1577 0.0131
v 0.3040 0.1671 0.0176
v 0.2948 0.1632 0.0212
v 0.3306 0.1938 0.0436
v 0.3284 0.1877 0.0340
v 0.3347 0.1938 0.0427
v 0.3491 0.2024 0.0630
v 0.3549 0.2067 0.0691
v 0.3461 0.2042 0.0713
v 0.3683 0.2174 0.0873
v 0.3708 0.2167 0.0774
v 0.3792 0.2177 0.0800
v 0.3809 0.2139 0.1167
v 0.3805 0.2152 0.1129
v 0.3847 0.2132 0.1138
v 0.4107 0.1907 0.1339
v 0.4118 0.1969 0.1140
v 0.4256 0.1855 0.1253
v 0.4472 0.1646 0.1362
v 0.4423 0.1683 0.1388
v 0.4482 0.1663 0.1333
v 0.4406 0.1447 0.1602
v 0.4420 0.1518 0.1549
v 0.4489 0.1451 0.1472
v 0.4364 0.1050 0.1758
v 0.4383 0.1120 0.1724
v 0.4408 0.0992 0.1706
v 0.4319 0.0599 0.1781
v 0.4381 0.0583 0.1685
v 0.4327 0.0496 0.1734
v 0.4235 0.0309 0.1756
v 0.4220 0.0300 0.1634
v 0.4132 0.0281 0.1581
v 0.4034 0.0256 0.1271
v 0.4050 0.0248 0.1157
v 0.3803 0.0167 0.1088
v 0.3869 0.0189 0.0957
v 0.3783 0.0160 0.0950
v 0.3618 0.0125 0.0600
v 0.3611 0.0144 0.0496
v 0.3509 0.0113 0.0454
v 0.3255 0.0131 0.0618
v 0.3120 0.0136 0.0697
v 0.2837 0.0178 0.0635
v 0.2917 0.0183 0.0448
v 0.2850 0.0203 0.0407
v 0.2511 0.0332 0.0774
v 0.2599 0.0281 0.0713
v 0.2525 0.0343 0.0538
v 0.2412 0.0404 0.0904
v 0.2466 0.0376 0.0744
v 0.2425 0.0424 0.0749
v 0.2572 0.0496 0.0247
v 0.2576 0.0630 0.0160
v 0.2511 0.0923 0.0203
v 0.2471 0.0949 0.0318
v 0.2464 0.1138 0.0336
v 0.2493 0.1135 0.0295
v 0.2441 0.1183 0.0331
v 0.2559 0.1194 0.0227
v 0.2588 0.1158 0.0093
v 0.2586 0.1219 0.0189
v 0.2638 0.1167 0.0001
v 0.2654 0.1192 -0.0074
v 0.2635 0.1295 -0.0295
v 0.2616 0.1313 -0.0340
v 0.2579 0.1368 -0.0513
v 0.2571 0.1331 -0.0568
v 0.2587 0.1386 -0.0574
v 0.2532 0.1485 -0.0658
v 0.2539 0.1520 -0.0737
v 0.2470 0.1494 -0.0689
v 0.2355 0.1554 -0.0899
v 0.2316 0.1566 -0.0924
v 0.2298 0.1519 -0.0890
v 0.2162 0.1556 -0.0943
v 0.2243 0.1603 -0.0956
v 0.1962 0.1677 -0.1029
v 0.2011 0.1725 -0.1042
v 0.1981 0.1708 -0.1091
v 0.2023 0.1614 -0.1213
v 0.2075 0.1574 -0.1245
v 0.2023 0.1578 -0.1238
v 0.1853 0.1628 -0.1210
v 0.1862 0.1609 -0.1263
v 0.1803 0.1651 -0.1187
v 0.1691 0.1684 -0.1242
v 0.1726 0.1695 -0.1281
v 0.1693 0.1742 -0.1292
v 0.1485 0.1856 -0.1224
v 0.1487 0.1915 -0.1257
v 0.1394 0.1950 -0.1224
v 0.1104 0.2042 -0.1056
v 0.1036 0.2072 -0.1014
v 0.0797 0.2141 -0.0813
v 0.0729 0.2142 -0.0757
v 0.0431 0.2177 -0.0619
v 0.0509 0.2179 -0.0645
v 0.0487 0.2229 -0.0646
v 0.0252 0.2115 -0.0568
v 0.0243 0.2118 -0.0631
v 0.0222 0.2083 -0.0575
v 0.0207 0.2023 -0.0666
v 0.0244 0.2017 -0.0817
v 0.0206 0.1956 -0.0751
v 0.0185 0.1731 -0.1110
v 0.0250 0.1707 -0.1270
v 0.0231 0.1666 -0.1335
v -0.0020 0.1833 -0.0647
v -0.0043 0.1827 -0.0710
v -0.0079 0.1867 -0.0664
v -0.0132 0.2012 -0.0526
v -0.0144 0.1964 -0.0585
v -0.0182 0.2009 -0.0580
v -0.0076 0.2071 -0.0417
v -0.0149 0.2120 -0.0400
v -0.0100 0.2113 -0.0395
v -0.0242 0.2067 -0.0316
v -0.0218 0.2114 -0.0338
v -0.0269 0.2067 -0.0343
v -0.0212 0.1898 -0.0303
v -0.0224 0.1938 -0.0292
v -0.0251 0.1902 -0.0301
v -0.0139 0.1923 -0.0335
v -0.0086 0.1978 -0.0343
v -0.0111 0.1955 -0.0308
v -0.0155 0.2065 -0.0270
v -0.0105 0.2108 -0.0299
v -0.0157 0.2112 -0.0294
v -0.0135 0.1911 -0.0458
v -0.0120 0.1943 -0.0518
v -0.0101 0.1950 -0.0463
v -0.0298 0.1837 -0.0422
v -0.0270 0.1824 -0.0445
v -0.0270 0.1875 -0.0386
v -0.0328 0.1749 -0.0496
v -0.0327 0.1795 -0.0478
v -0.0592 0.1671 -0.0635
v -0.0659 0.1605 -0.0690
v -0.0581 0.1605 -0.0660
v -0.0896 0.1500 -0.0724
v -0.0845 0.1537 -0.0741
v -0.0904 0.1552 -0.0747
v -0.1006 0.1519 -0.0683
v -0.1019 0.1533 -0.0734
v -0.1067 0.1519 -0.0681
v -0.1251 0.1467 -0.0736
v -0.1333 0.1444 -0.0786
v -0.1330 0.1402 -0.0658
v -0.1521 0.1391 -0.0821
v -0.1532 0.1428 -0.0982
v -0.1697 0.1359 -0.0822
v -0.1459 0.1475 -0.0993
v -0.1508 0.1514 -0.1075
v -0.1503 0.1474 -0.1048
v -0.1246 0.1567 -0.0925
v -0.1295 0.1610 -0.0974
v -0.1343 0.1562 -0.0989
v -0.1447 0.1704 -0.1169
v -0.1422 0.1708 -0.1193
v -0.1462 0.1705 -0.1208
v -0.1337 0.1699 -0.1053
v -0.1297 0.1700 -0.1028
v -0.1354 0.1700 -0.1086
v -0.1292 0.1699 -0.1095
v -0.1260 0.1673 -0.1167
v -0.1296 0.1677 -0.1158
v -0.1319 0.1607 -0.1345
v -0.1357 0.1585 -0.1437
v -0.1407 0.1597 -0.1356
v -0.1465 0.1519 -0.1648
v -0.1423 0.1527 -0.1741
v -0.1495 0.1484 -0.1866
v -0.1542 0.1423 -0.2177
v -0.1551 0.1421 -0.2237
v -0.1591 0.1388 -0.2203
v -0.1583 0.1322 -0.2343
v -0.1583 0.1351 -0.2338
v -0.1550 0.1297 -0.2371
v -0.1100 0.1341 -0.2851
v -0.1007 0.1364 -0.2971
v -0.1035 0.1199 -0.2856
v -0.0905 0.0858 -0.2915
v -0.0902 0.0910 -0.2908
v -0.0845 0.0858 -0.2948
v -0.0969 0.0684 -0.2904
v -0.0959 0.0607 -0.2963
v -0.1031 0.0565 -0.2891
v -0.1261 0.0385 -0.2766
v -0.1373 0.0329 -0.2719
v -0.1487 0.0343 -0.2599
v -0.1760 0.0304 -0.2365
v -0.1710 0.0294 -0.2414
v -0.1759 0.0287 -0.2394
v -0.2217 0.0234 -0.2318
v -0.2203 0.0217 -0.2429
v -0.2393 0.0188 -0.2394
v -0.2668 0.0135 -0.2122
v -0.2618 0.0140 -0.2187
v -0.2703 0.0137 -0.2221
v -0.2726 0.0195 -0.2012
v -0.2745 0.0165 -0.2055
v -0.2784 0.0205 -0.2022
v -0.2647 0.0209 -0.1953
v -0.2542 0.0170 -0.1988
v -0.2664 0.0159 -0.2029
v -0.2734 0.0234 -0.1878
v -0.2674 0.0226 -0.1940
v -0.2725 0.0228 -0.1959
v -0.2967 0.0203 -0.1934
v -0.2963 0.0217 -0.1999
v -0.3023 0.0202 -0.1995
v -0.3137 0.0181 -0.2047
v -0.3126 0.0206 -0.2111
v -0.3177 0.0153 -0.1993
v -0.3448 0.0215 -0.2086
v -0.3474 0.0163 -0.1980
v -0.3702 0.0153 -0.1916
v -0.3754 0.0151 -0.1842
v -0.4168 0.0276 -0.1518
v -0.4104 0.0256 -0.1652
v -0.4212 0.0272 -0.1612
v -0.4368 0.0347 -0.1255
v -0.4309 0.0328 -0.1307
v -0.4365 0.0370 -0.1306
v -0.4463 0.0364 -0.1145
v -0.4487 0.0411 -0.1197
v -0.4497 0.0428 -0.1134
v -0.4319 0.0263 -0.1079
v -0.4314 0.0310 -0.1223
v -0.4428 0.0349 -0.1192
v -0.4296 0.0226 -0.0847
v -0.4264 0.0220 -0.0917
v -0.4316 0.0236 -0.0971
v -0.4425 0.0443 -0.0751
v -0.4411 0.0406 -0.0828
v -0.4447 0.0507 -0.0808
v -0.4586 0.0628 -0.0505
v -0.4542 0.0621 -0.0574
v -0.4570 0.0676 -0.0547
v -0.4739 0.0691 -0.0380
v -0.4655 0.0709 -0.0457
v -0.4727 0.0718 -0.0403
v -0.4785 0.0928 -0.0365
v -0.4759 0.1063 -0.0422
v -0.4805 0.1079 -0.0377
v -0.4879 0.1262 -0.0343
v -0.4844 0.1171 -0.0368
v -0.4858 0.1272 -0.0399
v -0.4849 0.1370 -0.0421
v -0.4743 0.1430 -0.0435
v -0.4818 0.1412 -0.0378
v -0.4599 0.1461 -0.0546
v -0.4544 0.1455 -0.0630
v -0.4513 0.1498 -0.0594
v -0.4478 0.1541 -0.0687
v -0.4511 0.1480 -0.0740
v -0.4505 0.1549 -0.0791
v -0.4560 0.1665 -0.1001
v -0.4625 0.1574 -0.1145
v -0.4562 0.1655 -0.1126
v -0.4403 0.1820 -0.0993
v -0.4322 0.1879 -0.1031
v -0.4270 0.1950 -0.0935
v -0.3985 0.2089 -0.1047
v -0.4118 0.1973 -0.1148
v -0.3909 0.2083 -0.1223
v -0.3870 0.2056 -0.1317
v -0.3800 0.2105 -0.1285
v -0.3996 0.1863 -0.1616
v -0.3948 0.1906 -0.1523
v -0.3891 0.1773 -0.1893
v -0.3874 0.1703 -0.1972
v -0.3724 0.1697 -0.1998
v -0.3335 0.1681 -0.1911
v -0.3362 0.1752 -0.1862
v -0.3409 0.1713 -0.1939
v -0.3193 0.1625 -0.1884
v -0.3191 0.1582 -0.1936
v -0.3145 0.1601 -0.1904
v -0.3067 0.1597 -0.1949
v -0.3081 0.1603 -0.2001
v -0.3049 0.1618 -0.1982
v -0.2844 0.1576 -0.1833
v -0.2896 0.1587 -0.1891
v -0.2835 0.1591 -0.1895
v -0.2999 0.1862 -0.2200
v -0.3007 0.2011 -0.2453
v -0.2538 0.2119 -0.2609
v -0.2630 0.2165 -0.2701
v -0.2524 0.2163 -0.2729
v -0.2401 0.1920 -0.2259
v -0.2388 0.1970 -0.2347
v -0.2357 0.1913 -0.2311
v -0.2262 0.1774 -0.2176
v -0.2275 0.1815 -0.2241
v -0.2193 0.1786 -0.2183
v -0.2111 0.1873 -0.2223
v -0.2076 0.1902 -0.2194
v -0.2096 0.1825 -0.2177
v -0.1599 0.2025 -0.1551
v -0.1740 0.1989 -0.1752
v -0.1687 0.2024 -0.1739
v -0.1277 0.2179 -0.1256
v -0.1248 0.2182 -0.1291
v -0.1189 0.2210 -0.1155
v -0.0940 0.2289 -0.0806
v -0.0958 0.2268 -0.0868
v -0.0895 0.2309 -0.0819
v -0.0912 0.2409 -0.0641
v -0.0934 0.2402 -0.0698
v -0.0964 0.2478 -0.0653
v -0.0892 0.2566 -0.0496
v -0.0927 0.2514 -0.0552
v -0.1001 0.2583 -0.0582
v -0.0831 0.2505 -0.0403
v -0.0851 0.2466 -0.0422
v -0.0844 0.2512 -0.0450
v -0.0798 0.2528 -0.0247
v -0.0790 0.2521 -0.0281
v -0.0785 0.2562 -0.0279
v -0.0956 0.2497 -0.0315
v -0.0896 0.2485 -0.0338
v -0.0885 0.2504 -0.0280
v -0.0963 0.2435 -0.0438
v -0.0960 0.2408 -0.0480
v -0.0887 0.2455 -0.0456
v -0.0909 0.2488 -0.0557
v -0.0925 0.2464 -0.0592
v -0.0947 0.2346 -0.0578
v -0.0902 0.2397 -0.0580
v -0.0950 0.2371 -0.0553
v -0.1323 0.2250 -0.0758
v -0.1242 0.2204 -0.0768
v -0.1600 0.2276 -0.0819
v -0.1686 0.2258 -0.0900
v -0.1607 0.2251 -0.0879
v -0.1297 0.2379 -0.0467
v -0.1455 0.2333 -0.0670
v -0.1294 0.2374 -0.0545
v -0.1080 0.2470 -0.0177
v -0.1079 0.2464 -0.0243
v -0.1010 0.2500 -0.0198
v -0.1232 0.2392 -0.0174
v -0.1295 0.2382 -0.0161
v -0.1295 0.2355 -0.0338
v -0.1413 0.2309 -0.0419
v -0.1302 0.2365 -0.0391
v -0.1661 0.2278 -0.0785
v -0.1654 0.2274 -0.0828
v -0.1572 0.2295 -0.0748
v -0.1789 0.2250 -0.0998
v -0.1813 0.2233 -0.1077
v -0.1697 0.2234 -0.0971
v -0.1961 0.2182 -0.1266
v -0.2012 0.2127 -0.1314
v -0.1913 0.2097 -0.1278
v -0.1822 0.1789 -0.1315
v -0.1773 0.1842 -0.1305
v -0.2115 0.1660 -0.1207
v -0.2075 0.1671 -0.1239
v -0.2113 0.1721 -0.1233
v -0.2267 0.1624 -0.1164
v -0.2235 0.1639 -0.1203
v -0.2384 0.1707 -0.1152
v -0.2406 0.1799 -0.1071
v -0.2427 0.1777 -0.1102
v -0.2424 0.1837 -0.1081
v -0.2299 0.1756 -0.0903
v -0.2267 0.1828 -0.0911
v -0.2227 0.1817 -0.0820
v -0.2106 0.1863 -0.0636
v -0.2128 0.1878 -0.0684
v -0.2093 0.1918 -0.0657
v -0.1890 0.1975 -0.0445
v -0.1852 0.2031 -0.0490
v -0.1836 0.2009 -0.0421
v -0.1686 0.2026 -0.0327
v -0.1647 0.2057 -0.0343
v -0.1627 0.2047 -0.0292
v -0.1801 0.1957 -0.0338
v -0.1801 0.1925 -0.0306
v -0.1794 0.2005 -0.0218
v -0.1401 0.2215 -0.0256
v -0.1421 0.2244 -0.0230
v -0.1483 0.2174 -0.0240
v -0.1340 0.2314 -0.0220
v -0.1349 0.2267 -0.0296
v -0.1330 0.2304 -0.0313
v -0.1570 0.2271 -0.0548
v -0.1714 0.2248 -0.0689
v -0.1543 0.2299 -0.0597
v -0.1967 0.2231 -0.0977
v -0.2033 0.2252 -0.1147
v -0.1902 0.2250 -0.0989
v -0.2055 0.2180 -0.1266
v -0.2123 0.2107 -0.1150
v -0.2122 0.2131 -0.1198
v -0.2103 0.2195 -0.1150
v -0.2008 0.2135 -0.0811
v -0.2034 0.2113 -0.0853
v -0.2016 0.2161 -0.0909
v -0.1723 0.2072 -0.0424
v -0.1762 0.2055 -0.0455
v -0.1783 0.2069 -0.0479
v -0.1540 0.2064 -0.0274
v -0.1580 0.2067 -0.0288
v -0.1555 0.2094 -0.0304
v -0.1420 0.2176 -0.0272
v -0.1462 0.2153 -0.0265
v -0.1399 0.2218 -0.0288
v -0.2024 0.2094 -0.0757
v -0.2037 0.2105 -0.0808
v -0.2003 0.2124 -0.0772
v -0.2090 0.2104 -0.0971
v -0.2111 0.2074 -0.0992
v -0.2114 0.2103 -0.1036
v -0.2153 0.1926 -0.1211
v -0.2136 0.2024 -0.1200
v -0.2163 0.1951 -0.1175
v -0.2124 0.2041 -0.0970
v -0.2146 0.2003 -0.1058
v -0.2127 0.2052 -0.1028
v -0.2225 0.1890 -0.0903
v -0.2231 0.1906 -0.0976
v -0.2191 0.1932 -0.0913
v -0.2333 0.1883 -0.1138
v -0.2333 0.1865 -0.1170
v -0.2263 0.1859 -0.1137
v -0.2382 0.1823 -0.1201
v -0.2340 0.1801 -0.1207
v -0.2319 0.1829 -0.1187
v -0.2432 0.1883 -0.1198
v -0.2464 0.1941 -0.1182
v -0.2457 0.1862 -0.1175
v -0.2442 0.1941 -0.0910
v -0.2483 0.1949 -0.1036
v -0.2475 0.2000 -0.0953
v -0.2358 0.2053 -0.0726
v -0.2386 0.2008 -0.0766
v -0.2382 0.2053 -0.0747
v -0.2243 0.2018 -0.0688
v -0.2267 0.2000 -0.0693
v -0.2311 0.2010 -0.0706
v -0.2321 0.1964 -0.0758
v -0.2341 0.1945 -0.0822
v -0.2364 0.1979 -0.0767
v -0.2342 0.1938 -0.0911
v -0.2383 0.1941 -0.0885
v -0.2419 0.1899 -0.1019
v -0.2436 0.1879 -0.1062
v -0.2452 0.1909 -0.1040
v -0.2284 0.1861 -0.0982
v -0.2325 0.1883 -0.1031
v -0.2275 0.1888 -0.1034
v -0.2168 0.1956 -0.0804
v -0.2166 0.2008 -0.0744
v -0.2168 0.1941 -0.0754
v -0.2043 0.2033 -0.0694
v -0.2108 0.2043 -0.0739
v -0.2046 0.2062 -0.0742
v -0.2140 0.2051 -0.0798
v -0.2103 0.2097 -0.0811
v -0.2153 0.2099 -0.0814
v -0.2113 0.2013 -0.0802
v -0.2159 0.2006 -0.0800
v -0.2139 0.1988 -0.0856
v -0.2154 0.2084 -0.0686
v -0.2151 0.2039 -0.0709
v -0.2182 0.2023 -0.0679
v -0.2156 0.2231 -0.0802
v -0.2156 0.2213 -0.0848
v -0.2119 0.2162 -0.0800
v -0.2174 0.2169 -0.0906
v -0.2214 0.2215 -0.0951
v -0.2198 0.2170 -0.0943
v -0.2220 0.2059 -0.0915
v -0.2265 0.2042 -0.0979
v -0.2246 0.2000 -0.0911
v -0.2273 0.1950 -0.0803
v -0.2325 0.1933 -0.1013
v -0.2322 0.1953 -0.1061
v -0.2278 0.1956 -0.0911
v -0.2279 0.1988 -0.0960
v -0.2300 0.1961 -0.0959
v -0.2357 0.1943 -0.1136
v -0.2366 0.1934 -0.1168
v -0.2478 0.2047 -0.1085
v -0.2478 0.1995 -0.1138
v -0.2461 0.2047 -0.1135
v -0.2308 0.2269 -0.0806
v -0.2377 0.2221 -0.0863
v -0.2293 0.2280 -0.0846
v -0.2219 0.2238 -0.0739
v -0.2285 0.2280 -0.0787
v -0.2225 0.2255 -0.0767
v -0.2353 0.2189 -0.0774
v -0.2381 0.2179 -0.0793
v -0.2362 0.2208 -0.0804
v -0.2243 0.2280 -0.0782
v -0.2198 0.2258 -0.0805
v -0.2269 0.2215 -0.1012
v -0.2303 0.2202 -0.1064
v -0.2256 0.2180 -0.1009
v -0.2404 0.2163 -0.1074
v -0.2414 0.2135 -0.1122
v -0.2397 0.2170 -0.1104
v -0.2483 0.1942 -0.1140
v -0.2153 0.1882 -0.1217
v -0.2192 0.1869 -0.1184
v -0.2056 0.2078 -0.1317
v -0.2034 0.2021 -0.1332
v -0.2101 0.1828 -0.1277
v -0.2075 0.1875 -0.1314
v -0.2113 0.1886 -0.1286
v -0.2354 0.1655 -0.0931
v -0.2355 0.1612 -0.0978
v -0.2377 0.1658 -0.0984
v -0.2333 0.1589 -0.1055
v -0.2270 0.1597 -0.1147
v -0.2312 0.1628 -0.1130
v -0.2178 0.1531 -0.1151
v -0.2199 0.1560 -0.1160
v -0.2339 0.1608 -0.0927
v -0.0850 0.2600 -0.0188
v -0.0891 0.2532 -0.0224
v -0.0828 0.2564 -0.0224
v -0.0791 0.2591 -0.0384
v -0.0792 0.2655 -0.0355
v -0.0782 0.2569 -0.0356
v -0.0862 0.2615 -0.0457
v -0.0824 0.2623 -0.0411
v -0.0818 0.2570 -0.0416
v -0.0784 0.2792 -0.0234
v -0.0656 0.2846 -0.0014
v -0.0675 0.2836 -0.0098
v -0.0596 0.2822 -0.0070
v -0.0462 0.2792 -0.0046
v -0.0438 0.2787 -0.0119
v -0.0375 0.2792 -0.0049
v -0.0293 0.2915 -0.0033
v -0.0254 0.2949 -0.0063
v -0.0307 0.2973 -0.0016
v -0.0259 0.3130 -0.0053
v -0.0217 0.3138 -0.0110
v -0.0233 0.3167 -0.0058
v -0.0135 0.3277 -0.0136
v -0.0115 0.3318 -0.0162
v -0.0100 0.3296 -0.0141
v 0.0077 0.3295 -0.0161
v -0.0024 0.3427 -0.0208
v 0.0020 0.3443 -0.0220
v 0.0086 0.3522 -0.0258
v 0.0064 0.3584 -0.0315
v 0.0066 0.3563 -0.0376
v 0.0026 0.3579 -0.0419
v 0.0034 0.3543 -0.0415
v 0.0028 0.3263 -0.0363
v 0.0024 0.3317 -0.0368
v -0.0025 0.3274 -0.0319
v -0.0101 0.3451 -0.0220
v -0.0103 0.3561 -0.0275
v -0.0068 0.3498 -0.0231
v -0.0048 0.3646 -0.0340
v -0.0058 0.3683 -0.0370
v -0.0014 0.3656 -0.0372
v 0.0007 0.3600 -0.0445
v -0.0010 0.3622 -0.0462
v -0.0025 0.3605 -0.0439
v -0.0019 0.3431 -0.0360
v 0.0007 0.3461 -0.0406
v -0.0050 0.3518 -0.0363
v -0.0113 0.3355 -0.0185
v -0.0041 0.3336 -0.0165
v -0.0027 0.3201 -0.0326
v 0.0006 0.3212 -0.0359
v 0.0127 0.3179 -0.0349
v 0.0073 0.3196 -0.0378
v 0.0077 0.3146 -0.0405
v 0.0240 0.3080 -0.0335
v 0.0238 0.3045 -0.0394
v 0.0283 0.3076 -0.0345
v 0.0259 0.3026 -0.0413
v 0.0209 0.3033 -0.0429
v 0.0244 0.3021 -0.0454
v 0.0437 0.3121 -0.0418
v 0.0397 0.3055 -0.0449
v 0.0444 0.3080 -0.0456
v 0.0477 0.3211 -0.0317
v 0.0526 0.3213 -0.0328
v 0.0752 0.3163 -0.0309
v 0.0788 0.3158 -0.0297
v 0.0726 0.2968 -0.0208
v 0.0742 0.3020 -0.0271
v 0.0684 0.2958 -0.0236
v 0.0702 0.2799 -0.0056
v 0.0697 0.2848 -0.0067
v 0.0668 0.2843 -0.0072
v 0.0754 0.2732 -0.0124
v 0.0747 0.2742 -0.0178
v 0.0784 0.2736 -0.0202
v 0.1066 0.2648 -0.0231
v 0.1223 0.2608 -0.0243
v 0.1259 0.2477 -0.0114
v 0.1153 0.2546 -0.0111
v 0.1308 0.2525 -0.0163
v 0.1552 0.2347 -0.0169
v 0.1478 0.2457 -0.0206
v 0.1629 0.2330 -0.0199
v 0.2091 0.2126 -0.0094
v 0.1992 0.2155 -0.0128
v 0.2117 0.2143 -0.0135
v 0.2163 0.1989 -0.0004
v 0.2282 0.2030 -0.0022
v 0.2319 0.1953 0.0007
v 0.2619 0.1845 0.0012
v 0.2539 0.1906 0.0007
v 0.2596 0.1917 -0.0011
v 0.2752 0.1664 0.0020
v 0.2801 0.1665 -0.0020
v 0.2763 0.1611 -0.0037
v 0.2760 0.1489 -0.0152
v 0.2813 0.1488 -0.0179
v 0.2748 0.1462 -0.0160
v 0.2897 0.1442 -0.0130
v 0.2890 0.1478 -0.0191
v 0.2956 0.1467 -0.0123
v 0.3094 0.1655 0.0108
v 0.3160 0.1702 0.0140
v 0.3216 0.1803 0.0261
v 0.3507 0.1779 0.0188
v 0.3511 0.1723 0.0115
v 0.3624 0.1790 0.0216
v 0.3637 0.2089 0.0666
v 0.3653 0.2031 0.0552
v 0.3745 0.2123 0.0654
v 0.3891 0.2130 0.0647
v 0.3959 0.2127 0.0637
v 0.3960 0.2133 0.0684
v 0.4209 0.2013 0.0844
v 0.4015 0.2089 0.0942
v 0.4087 0.2105 0.0740
v 0.4477 0.1724 0.1141
v 0.4477 0.1765 0.0967
v 0.4598 0.1613 0.1024
v 0.4621 0.1369 0.1301
v 0.4636 0.1423 0.1250
v 0.4635 0.1374 0.1253
v 0.4537 0.1033 0.1454
v 0.4542 0.0870 0.1462
v 0.4526 0.0924 0.1497
v 0.4431 0.0621 0.1621
v 0.4473 0.0658 0.1564
v 0.4413 0.0578 0.1593
v 0.4373 0.0449 0.1629
v 0.4379 0.0462 0.1568
v 0.4384 0.0397 0.1599
v 0.4336 0.0337 0.1565
v 0.4334 0.0383 0.1492
v 0.4283 0.0348 0.1502
v 0.4287 0.0363 0.1313
v 0.4268 0.0334 0.1235
v 0.4216 0.0327 0.1304
v 0.4080 0.0233 0.1054
v 0.4129 0.0224 0.0963
v 0.4007 0.0217 0.1004
v 0.3870 0.0197 0.0815
v 0.4008 0.0230 0.0771
v 0.3952 0.0237 0.0693
v 0.3715 0.0161 0.0653
v 0.3692 0.0172 0.0487
v 0.3453 0.0096 0.0519
v 0.3484 0.0113 0.0435
v 0.3142 0.0184 0.0313
v 0.3249 0.0214 0.0179
v 0.3087 0.0206 0.0182
v 0.2702 0.0286 0.0277
v 0.2865 0.0221 0.0224
v 0.2742 0.0287 0.0236
v 0.2598 0.0383 0.0277
v 0.2696 0.0327 0.0218
v 0.2700 0.0388 0.0182
v 0.2614 0.0572 0.0136
v 0.2625 0.0594 0.0074
v 0.2595 0.0666 0.0097
v 0.2545 0.0853 0.0080
v 0.2547 0.0873 -0.0015
v 0.2541 0.0945 0.0089
v 0.2557 0.0971 -0.0001
v 0.2562 0.1032 -0.0076
v 0.2588 0.1088 0.0011
v 0.2540 0.1295 -0.0682
v 0.2577 0.1352 -0.0627
v 0.2604 0.1431 -0.0681
v 0.2615 0.1414 -0.0734
v 0.2639 0.1451 -0.0705
v 0.2517 0.1539 -0.0757
v 0.2472 0.1520 -0.0736
v 0.2501 0.1632 -0.0919
v 0.2498 0.1688 -0.0950
v 0.2431 0.1611 -0.0909
v 0.2304 0.1731 -0.0970
v 0.2346 0.1832 -0.0989
v 0.2288 0.1800 -0.0987
v 0.2076 0.1716 -0.0997
v 0.2133 0.1769 -0.0979
v 0.2072 0.1767 -0.0991
v 0.2078 0.1708 -0.1212
v 0.2006 0.1766 -0.1155
v 0.2078 0.1756 -0.1227
v 0.2109 0.1575 -0.1255
v 0.2157 0.1538 -0.1302
v 0.2101 0.1541 -0.1298
v 0.1882 0.1595 -0.1237
v 0.1933 0.1588 -0.1286
v 0.1740 0.1713 -0.1335
v 0.1778 0.1689 -0.1392
v 0.1732 0.1758 -0.1352
v 0.1569 0.1862 -0.1269
v 0.1587 0.1902 -0.1284
v 0.1414 0.2003 -0.1252
v 0.1393 0.2046 -0.1275
v 0.1355 0.2012 -0.1245
v 0.1252 0.1997 -0.1162
v 0.1252 0.2024 -0.1185
v 0.1211 0.2040 -0.1150
v 0.1045 0.2106 -0.1080
v 0.1112 0.2103 -0.1119
v 0.1051 0.2114 -0.1134
v 0.0918 0.2161 -0.0938
v 0.0885 0.2171 -0.0972
v 0.0890 0.2140 -0.0896
v 0.0767 0.2178 -0.0796
v 0.0751 0.2221 -0.0812
v 0.0734 0.2196 -0.0780
v 0.0617 0.2224 -0.0696
v 0.0591 0.2293 -0.0694
v 0.0550 0.2231 -0.0669
v 0.0420 0.2231 -0.0641
v 0.0418 0.2277 -0.0651
v 0.0355 0.2241 -0.0665
v 0.0249 0.2111 -0.0756
v 0.0250 0.2153 -0.0799
v 0.0258 0.2109 -0.0809
v 0.0247 0.1909 -0.0898
v 0.0314 0.1839 -0.1243
v 0.0296 0.1759 -0.1318
v 0.0194 0.1626 -0.1364
v 0.0234 0.1583 -0.1571
v 0.0091 0.1603 -0.1340
v 0.0080 0.1563 -0.1454
v 0.0029 0.1598 -0.1347
v -0.0055 0.1703 -0.1115
v -0.0094 0.1697 -0.1167
v -0.0103 0.1710 -0.1130
v -0.0106 0.1855 -0.0789
v -0.0120 0.1812 -0.0946
v -0.0156 0.1894 -0.0837
v -0.0194 0.2050 -0.0530
v -0.0209 0.2119 -0.0409
v -0.0257 0.2105 -0.0356
v -0.0275 0.1952 -0.0327
v -0.0310 0.2017 -0.0369
v -0.0311 0.1938 -0.0358
v -0.0507 0.1950 -0.0543
v -0.0621 0.1887 -0.0623
v -0.0566 0.1838 -0.0593
v -0.0768 0.1687 -0.0694
v -0.0788 0.1649 -0.0704
v -0.0731 0.1675 -0.0689
v -0.0955 0.1541 -0.0748
v -0.1013 0.1553 -0.0781
v -0.1107 0.1539 -0.0741
v -0.1124 0.1544 -0.0790
v -0.1140 0.1530 -0.0739
v -0.1275 0.1478 -0.0833
v -0.1329 0.1473 -0.0862
v -0.1285 0.1660 -0.0981
v -0.1340 0.1667 -0.1039
v -0.1336 0.1605 -0.1005
v -0.1184 0.1708 -0.0974
v -0.1227 0.1702 -0.1023
v -0.1244 0.1702 -0.0991
v -0.1110 0.1695 -0.0867
v -0.1130 0.1705 -0.0909
v -0.1115 0.1660 -0.0862
v -0.0985 0.1761 -0.0951
v -0.1066 0.1732 -0.0977
v -0.1052 0.1724 -0.0907
v -0.1191 0.1673 -0.1182
v -0.1170 0.1680 -0.1271
v -0.1250 0.1638 -0.1328
v -0.1289 0.1595 -0.1619
v -0.1321 0.1588 -0.1733
v -0.1354 0.1565 -0.1655
v -0.1420 0.1544 -0.2137
v -0.1490 0.1475 -0.2227
v -0.1406 0.1529 -0.2022
v -0.1534 0.1457 -0.2350
v -0.1510 0.1538 -0.2369
v -0.1535 0.1493 -0.2394
v -0.1489 0.1446 -0.2508
v -0.1488 0.1535 -0.2572
v -0.1412 0.1453 -0.2577
v -0.1165 0.1523 -0.2898
v -0.1148 0.1581 -0.2940
v -0.1106 0.1524 -0.2956
v -0.0954 0.1254 -0.2984
v -0.0764 0.0913 -0.2950
v -0.0824 0.0954 -0.2941
v -0.0765 0.0965 -0.2949
v -0.0685 0.0857 -0.2926
v -0.0603 0.0851 -0.2920
v -0.0582 0.0746 -0.2945
v -0.0513 0.0636 -0.2974
v -0.0452 0.0509 -0.3037
v -0.0584 0.0479 -0.3043
v -0.0746 0.0641 -0.3000
v -0.0781 0.0698 -0.2993
v -0.0731 0.0763 -0.2965
v -0.0828 0.0634 -0.3023
v -0.0867 0.0617 -0.3033
v -0.0909 0.0633 -0.2997
v -0.1043 0.0417 -0.2989
v -0.0983 0.0435 -0.3045
v -0.1019 0.0394 -0.3046
v -0.1221 0.0278 -0.2896
v -0.1162 0.0224 -0.3017
v -0.1260 0.0248 -0.2925
v -0.1575 0.0293 -0.2595
v -0.1493 0.0312 -0.2636
v -0.1487 0.0287 -0.2692
v -0.1806 0.0190 -0.2894
v -0.1911 0.0166 -0.2947
v -0.1995 0.0162 -0.2826
v -0.2449 0.0166 -0.2494
v -0.2463 0.0149 -0.2596
v -0.2576 0.0162 -0.2463
v -0.2876 0.0161 -0.2320
v -0.2865 0.0181 -0.2461
v -0.2961 0.0195 -0.2430
v -0.3232 0.0254 -0.2227
v -0.3205 0.0250 -0.2293
v -0.3291 0.0269 -0.2224
v -0.3455 0.0273 -0.2177
v -0.3347 0.0290 -0.2234
v -0.3406 0.0297 -0.2220
v -0.3744 0.0168 -0.2023
v -0.3756 0.0205 -0.2073
v -0.3812 0.0166 -0.2028
v -0.3981 0.0215 -0.1879
v -0.4002 0.0223 -0.1982
v -0.4077 0.0257 -0.1889
v -0.4204 0.0276 -0.1775
v -0.4224 0.0293 -0.1802
v -0.4297 0.0279 -0.1738
v -0.4388 0.0315 -0.1516
v -0.4391 0.0309 -0.1550
v -0.4398 0.0343 -0.1548
v -0.4308 0.0303 -0.1470
v -0.4270 0.0283 -0.1516
v -0.4361 0.0278 -0.1554
v -0.4456 0.0425 -0.1247
v -0.4405 0.0413 -0.1299
v -0.4434 0.0469 -0.1309
v -0.4497 0.0685 -0.0900
v -0.4478 0.0556 -0.0947
v -0.4509 0.0613 -0.1040
v -0.4517 0.0761 -0.0666
v -0.4498 0.0660 -0.0719
v -0.4501 0.0740 -0.0746
v -0.4559 0.0815 -0.0525
v -0.4542 0.0908 -0.0549
v -0.4560 0.0889 -0.0520
v -0.4660 0.1022 -0.0483
v -0.4683 0.1112 -0.0488
v -0.4711 0.0939 -0.0434
v -0.4825 0.1314 -0.0486
v -0.4819 0.1350 -0.0484
v -0.4856 0.1313 -0.0448
v -0.4693 0.1370 -0.0568
v -0.4658 0.1367 -0.0598
v -0.4681 0.1404 -0.0537
v -0.4524 0.1451 -0.0687
v -0.4522 0.1422 -0.0742
v -0.4612 0.1568 -0.1012
v -0.4591 0.1606 -0.1025
v -0.4597 0.1586 -0.0991
v -0.4634 0.1287 -0.1263
v -0.4616 0.1222 -0.1308
v -0.4650 0.1425 -0.1258
v -0.4512 0.1577 -0.1408
v -0.4383 0.1633 -0.1599
v -0.4542 0.1619 -0.1282
v -0.4379 0.1811 -0.1115
v -0.4275 0.1883 -0.1116
v -0.4188 0.1861 -0.1372
v -0.4222 0.1835 -0.1415
v -0.4160 0.1856 -0.1464
v -0.4151 0.1632 -0.1916
v -0.4160 0.1675 -0.1850
v -0.4221 0.1619 -0.1850
v -0.3949 0.1761 -0.1899
v -0.3954 0.1611 -0.2063
v -0.3581 0.1668 -0.2021
v -0.3741 0.1573 -0.2108
v -0.3522 0.1627 -0.2044
v -0.3312 0.1584 -0.1988
v -0.3366 0.1567 -0.2037
v -0.3301 0.1561 -0.2062
v -0.3158 0.1599 -0.2047
v -0.3184 0.1577 -0.2064
v -0.3194 0.1615 -0.2093
v -0.3126 0.1767 -0.2153
v -0.3148 0.1829 -0.2219
v -0.3057 0.1795 -0.2132
v -0.3170 0.1961 -0.2469
v -0.3166 0.2009 -0.2568
v -0.3087 0.2019 -0.2510
v -0.3010 0.2179 -0.2876
v -0.2890 0.2247 -0.2954
v -0.2967 0.2178 -0.2795
v -0.2676 0.2223 -0.2914
v -0.2563 0.2238 -0.3038
v -0.2521 0.2191 -0.2892
v -0.2408 0.2077 -0.2557
v -0.2427 0.2110 -0.2631
v -0.2327 0.2072 -0.2599
v -0.2227 0.1992 -0.2408
v -0.2219 0.2002 -0.2445
v -0.2177 0.2007 -0.2375
v -0.1952 0.1982 -0.2140
v -0.2022 0.1983 -0.2230
v -0.1968 0.1994 -0.2208
v -0.1651 0.2052 -0.1822
v -0.1690 0.2040 -0.1947
v -0.1543 0.2078 -0.1763
v -0.1299 0.2149 -0.1440
v -0.1222 0.2164 -0.1336
v -0.1037 0.2199 -0.1063
v -0.1119 0.2223 -0.1121
v -0.1137 0.2172 -0.1227
v -0.0806 0.2216 -0.0796
v -0.0836 0.2150 -0.0870
v -0.0753 0.2130 -0.0776
v -0.0849 0.2278 -0.0817
v -0.0847 0.2324 -0.0811
v -0.0929 0.2363 -0.0854
v -0.0924 0.2397 -0.0889
v -0.0949 0.2403 -0.0853
v -0.1107 0.2596 -0.0822
v -0.1124 0.2623 -0.0849
v -0.1186 0.2675 -0.0778
v -0.1011 0.2623 -0.0573
v -0.1057 0.2677 -0.0614
v -0.0993 0.2666 -0.0559
v -0.0780 0.2657 -0.0453
v -0.0849 0.2661 -0.0529
v -0.0791 0.2644 -0.0510
v -0.0657 0.2790 -0.0294
v -0.0708 0.2764 -0.0326
v -0.0660 0.2780 -0.0331
v -0.0569 0.2811 -0.0226
v -0.0579 0.2801 -0.0289
v -0.0513 0.2808 -0.0243
v -0.0326 0.2779 -0.0114
v -0.0335 0.2785 -0.0159
v -0.0264 0.2782 -0.0110
v -0.0219 0.2899 -0.0064
v -0.0183 0.2853 -0.0099
v -0.0197 0.2924 -0.0104
v -0.0097 0.2963 -0.0230
v -0.0079 0.2978 -0.0272
v -0.0140 0.3020 -0.0199
v -0.0020 0.3055 -0.0400
v 0.0002 0.3064 -0.0459
v 0.0007 0.3139 -0.0390
v 0.0070 0.3122 -0.0446
v 0.0050 0.3082 -0.0532
v 0.0102 0.3090 -0.0492
v 0.0251 0.3000 -0.0512
v 0.0198 0.2984 -0.0593
v 0.0257 0.2962 -0.0573
v 0.0368 0.3016 -0.0484
v 0.0363 0.2972 -0.0562
v 0.0429 0.3014 -0.0522
v 0.0490 0.3129 -0.0452
v 0.0544 0.3141 -0.0475
v 0.0531 0.3184 -0.0456
v 0.0583 0.3224 -0.0363
v 0.0546 0.3246 -0.0409
v 0.0599 0.3242 -0.0406
v 0.0756 0.3193 -0.0348
v 0.0709 0.3231 -0.0396
v 0.0770 0.3239 -0.0388
v 0.0849 0.3205 -0.0410
v 0.0842 0.3209 -0.0446
v 0.0826 0.3158 -0.0404
v 0.0687 0.2980 -0.0277
v 0.0643 0.2922 -0.0281
v 0.0637 0.2802 -0.0235
v 0.0640 0.2851 -0.0294
v 0.0658 0.2806 -0.0275
v 0.0605 0.2829 -0.0137
v 0.0644 0.2878 -0.0163
v 0.0602 0.2816 -0.0174
v 0.0768 0.2739 -0.0286
v 0.0779 0.2743 -0.0321
v 0.0795 0.2729 -0.0295
v 0.1198 0.2625 -0.0279
v 0.1140 0.2618 -0.0405
v 0.1420 0.2569 -0.0360
v 0.1330 0.2497 -0.0159
v 0.1439 0.2513 -0.0243
v 0.1778 0.2276 -0.0250
v 0.1838 0.2266 -0.0291
v 0.1816 0.2240 -0.0235
v 0.1935 0.2186 -0.0187
v 0.2061 0.2162 -0.0183
v 0.2365 0.2086 -0.0043
v 0.2456 0.2015 -0.0005
v 0.2681 0.1839 -0.0004
v 0.2821 0.1714 -0.0022
v 0.2847 0.1715 -0.0072
v 0.2827 0.1682 -0.0039
v 0.2797 0.1581 -0.0115
v 0.2837 0.1583 -0.0178
v 0.2818 0.1539 -0.0185
v 0.2921 0.1486 -0.0213
v 0.3116 0.1584 0.0013
v 0.3131 0.1570 -0.0058
v 0.3209 0.1594 -0.0015
v 0.3432 0.1655 0.0052
v 0.3375 0.1655 0.0039
v 0.3387 0.1642 0.0000
v 0.3497 0.1684 0.0056
v 0.3555 0.1693 0.0059
v 0.3798 0.1750 0.0211
v 0.3773 0.1710 0.0166
v 0.3992 0.1712 0.0224
v 0.3789 0.1955 0.0404
v 0.3838 0.1932 0.0370
v 0.3920 0.2011 0.0420
v 0.4040 0.2105 0.0636
v 0.3962 0.2091 0.0553
v 0.4026 0.2081 0.0576
v 0.4305 0.1906 0.0818
v 0.4136 0.2057 0.0678
v 0.4217 0.1930 0.0687
v 0.4504 0.1704 0.0878
v 0.4442 0.1667 0.0768
v 0.4525 0.1620 0.0851
v 0.4588 0.1327 0.1100
v 0.4589 0.1391 0.1070
v 0.4511 0.1230 0.0872
v 0.4562 0.0995 0.1386
v 0.4570 0.0968 0.1326
v 0.4555 0.0747 0.1426
v 0.4430 0.0586 0.1462
v 0.4382 0.0519 0.1488
v 0.4334 0.0412 0.1428
v 0.4288 0.0368 0.1442
v 0.4413 0.0361 0.1189
v 0.4404 0.0351 0.1102
v 0.4332 0.0336 0.1166
v 0.4318 0.0278 0.0968
v 0.4310 0.0275 0.0886
v 0.4238 0.0230 0.0913
v 0.4185 0.0275 0.0697
v 0.4143 0.0304 0.0624
v 0.4075 0.0261 0.0692
v 0.3988 0.0336 0.0418
v 0.4151 0.0401 0.0297
v 0.3927 0.0350 0.0254
v 0.3757 0.0281 0.0280
v 0.3738 0.0289 0.0207
v 0.3643 0.0222 0.0307
v 0.3455 0.0219 0.0196
v 0.3547 0.0262 0.0063
v 0.3362 0.0212 0.0206
v 0.3171 0.0227 0.0043
v 0.3142 0.0225 -0.0037
v 0.3075 0.0220 0.0068
v 0.2883 0.0256 0.0129
v 0.2886 0.0278 0.0053
v 0.2828 0.0308 0.0119
v 0.2730 0.0414 0.0135
v 0.2714 0.0458 0.0108
v 0.2696 0.0433 0.0164
v 0.2667 0.0490 -0.0009
v 0.2649 0.0443 -0.0098
v 0.2628 0.0534 -0.0048
v 0.2502 0.0773 -0.0272
v 0.2480 0.0757 -0.0415
v 0.2476 0.0859 -0.0363
v 0.2486 0.1208 -0.0632
v 0.2426 0.1129 -0.0842
v 0.2474 0.1224 -0.0802
v 0.2559 0.1329 -0.0790
v 0.2547 0.1320 -0.0932
v 0.2589 0.1362 -0.0853
v 0.2704 0.1482 -0.0855
v 0.2730 0.1512 -0.0801
v 0.2689 0.1495 -0.0799
v 0.2602 0.1518 -0.0802
v 0.2642 0.1505 -0.0788
v 0.2618 0.1528 -0.0825
v 0.2541 0.1632 -0.0932
v 0.2568 0.1695 -0.0972
v 0.2406 0.1802 -0.0977
v 0.2484 0.1863 -0.0986
v 0.2413 0.1881 -0.0988
v 0.2358 0.1998 -0.1022
v 0.2297 0.2032 -0.1065
v 0.2312 0.1949 -0.1030
v 0.2079 0.1891 -0.1003
v 0.2135 0.1918 -0.1022
v 0.2064 0.1927 -0.1018
v 0.1963 0.1849 -0.1079
v 0.1960 0.1884 -0.1142
v 0.1982 0.1771 -0.1088
v 0.2125 0.1755 -0.1273
v 0.2157 0.1701 -0.1277
v 0.2188 0.1623 -0.1306
v 0.2194 0.1650 -0.1329
v 0.2210 0.1596 -0.1327
v 0.2180 0.1536 -0.1396
v 0.2185 0.1594 -0.1424
v 0.2178 0.1557 -0.1417
v 0.1922 0.1617 -0.1394
v 0.1979 0.1608 -0.1427
v 0.1894 0.1648 -0.1438
v 0.1857 0.1720 -0.1463
v 0.1895 0.1768 -0.1477
v 0.1854 0.1771 -0.1481
v 0.1709 0.1891 -0.1345
v 0.1805 0.1915 -0.1407
v 0.1754 0.1934 -0.1352
v 0.1732 0.2030 -0.1264
v 0.1686 0.1985 -0.1293
v 0.1746 0.1974 -0.1315
v 0.1828 0.2067 -0.1192
v 0.1830 0.2051 -0.1226
v 0.1877 0.2034 -0.1197
v 0.1950 0.1943 -0.1043
v 0.1951 0.1987 -0.1040
v 0.1917 0.1963 -0.1056
v 0.1858 0.2072 -0.1049
v 0.1906 0.2107 -0.1024
v 0.1838 0.2105 -0.1047
v 0.1723 0.2179 -0.1086
v 0.1714 0.2142 -0.1157
v 0.1757 0.2141 -0.1130
v 0.1493 0.2109 -0.1269
v 0.1564 0.2141 -0.1217
v 0.1487 0.2162 -0.1257
v 0.1438 0.2069 -0.1318
v 0.1369 0.2052 -0.1317
v 0.1270 0.2048 -0.1250
v 0.1262 0.2051 -0.1298
v 0.1219 0.2061 -0.1259
v 0.1103 0.2080 -0.1212
v 0.1157 0.2031 -0.1345
v 0.0973 0.2116 -0.1175
v 0.0794 0.2202 -0.0913
v 0.0816 0.2197 -0.1034
v 0.0736 0.2240 -0.0896
v 0.0582 0.2338 -0.0707
v 0.0586 0.2342 -0.0742
v 0.0545 0.2338 -0.0680
v 0.0365 0.2286 -0.0683
v 0.0395 0.2316 -0.0653
v 0.0361 0.2343 -0.0668
v 0.0261 0.2171 -0.0737
v 0.0283 0.2228 -0.0726
v 0.0243 0.2193 -0.0773
v 0.0242 0.2179 -0.0859
v 0.0264 0.2085 -0.0924
v 0.0331 0.1932 -0.1349
v 0.0332 0.1918 -0.1422
v 0.0329 0.1891 -0.1338
v 0.0366 0.1790 -0.1705
v 0.0387 0.1781 -0.1868
v 0.0382 0.1733 -0.1819
v 0.0286 0.1545 -0.1778
v 0.0351 0.1509 -0.1982
v 0.0285 0.1496 -0.1892
v 0.0135 0.1586 -0.1419
v 0.0129 0.1531 -0.1581
v -0.0081 0.1591 -0.1439
v -0.0124 0.1627 -0.1435
v -0.0109 0.1650 -0.1289
v -0.0169 0.1837 -0.1059
v -0.0153 0.1761 -0.1128
v -0.0172 0.1792 -0.1197
v -0.0264 0.2008 -0.0839
v -0.0213 0.1992 -0.0875
v -0.0258 0.2002 -0.0985
v -0.0308 0.2077 -0.0594
v -0.0326 0.2059 -0.0631
v -0.0366 0.2117 -0.0583
v -0.0447 0.2124 -0.0528
v -0.0482 0.2098 -0.0528
v -0.0452 0.2058 -0.0504
v -0.0624 0.1844 -0.0628
v -0.0807 0.1764 -0.0754
v -0.0850 0.1775 -0.0790
v -0.0846 0.1729 -0.0741
v -0.0958 0.1603 -0.0771
v -0.0969 0.1653 -0.0782
v -0.1035 0.1602 -0.0819
v -0.0943 0.1805 -0.1025
v -0.0973 0.1812 -0.1130
v -0.1002 0.1779 -0.1107
v -0.1200 0.1676 -0.1530
v -0.1266 0.1630 -0.1674
v -0.1353 0.1622 -0.2063
v -0.1413 0.1581 -0.2226
v -0.1341 0.1596 -0.1959
v -0.1458 0.1708 -0.2366
v -0.1477 0.1766 -0.2400
v -0.1519 0.1693 -0.2478
v -0.1528 0.1651 -0.2576
v -0.1510 0.1637 -0.2630
v -0.1517 0.1594 -0.2574
v -0.1415 0.1536 -0.2637
v -0.1464 0.1629 -0.2696
v -0.1375 0.1611 -0.2769
v -0.1213 0.1591 -0.2903
v -0.1186 0.1646 -0.2942
v -0.1178 0.1552 -0.2912
v -0.1073 0.1531 -0.2983
v -0.1061 0.1582 -0.2979
v -0.1011 0.1542 -0.3000
v -0.0925 0.1412 -0.3110
v -0.0951 0.1480 -0.3088
v -0.0926 0.1482 -0.3117
v -0.0838 0.1308 -0.3153
v -0.0854 0.1356 -0.3170
v -0.0786 0.1297 -0.3162
v -0.0587 0.1065 -0.2951
v -0.0663 0.1141 -0.3006
v -0.0561 0.1131 -0.2995
v -0.0220 0.0856 -0.2946
v -0.0219 0.0907 -0.2947
v -0.0112 0.0908 -0.2982
v -0.0188 0.0604 -0.3033
v -0.0099 0.0635 -0.3070
v -0.0137 0.0549 -0.3087
v -0.0522 0.0433 -0.3074
v -0.0366 0.0406 -0.3112
v -0.0639 0.0381 -0.3103
v -0.0808 0.0424 -0.3081
v -0.0800 0.0393 -0.3101
v -0.0877 0.0417 -0.3093
v -0.0960 0.0402 -0.3091
v -0.0925 0.0445 -0.3092
v -0.1022 0.0246 -0.3163
v -0.1008 0.0285 -0.3149
v -0.0923 0.0258 -0.3203
v -0.1195 0.0212 -0.3043
v -0.1313 0.0203 -0.3045
v -0.1404 0.0226 -0.2932
v -0.1924 0.0161 -0.3030
v -0.1874 0.0172 -0.3094
v -0.1924 0.0159 -0.3120
v -0.2384 0.0117 -0.2847
v -0.2215 0.0117 -0.3001
v -0.2409 0.0122 -0.3025
v -0.2674 0.0174 -0.2792
v -0.2823 0.0211 -0.2972
v -0.2778 0.0194 -0.2741
v -0.3120 0.0226 -0.2583
v -0.3130 0.0242 -0.2702
v -0.3168 0.0237 -0.2581
v -0.3452 0.0353 -0.2351
v -0.3570 0.0398 -0.2395
v -0.3517 0.0386 -0.2351
v -0.3639 0.0341 -0.2195
v -0.3597 0.0373 -0.2250
v -0.3672 0.0375 -0.2215
v -0.4001 0.0313 -0.2060
v -0.3870 0.0333 -0.2113
v -0.3946 0.0391 -0.2106
v -0.4188 0.0316 -0.1857
v -0.4113 0.0292 -0.1915
v -0.4155 0.0351 -0.1918
v -0.4337 0.0311 -0.1730
v -0.4323 0.0399 -0.1772
v -0.4357 0.0422 -0.1725
v -0.4404 0.0447 -0.1531
v -0.4395 0.0342 -0.1599
v -0.4398 0.0448 -0.1613
v -0.4468 0.0562 -0.1307
v -0.4439 0.0556 -0.1371
v -0.4494 0.0625 -0.1321
v -0.4523 0.0598 -0.1151
v -0.4523 0.0607 -0.1212
v -0.4543 0.0700 -0.1202
v -0.4493 0.1031 -0.0879
v -0.4518 0.0875 -0.0946
v -0.4531 0.0999 -0.0985
v -0.4437 0.1096 -0.0716
v -0.4443 0.1077 -0.0749
v -0.4443 0.1140 -0.0767
v -0.4493 0.1204 -0.0620
v -0.4503 0.1248 -0.0626
v -0.4576 0.1231 -0.0575
v -0.4539 0.1371 -0.0687
v -0.4501 0.1355 -0.0743
v -0.4519 0.1381 -0.0739
v -0.4541 0.1142 -0.0995
v -0.4574 0.1190 -0.1082
v -0.4544 0.1251 -0.0974
v -0.4604 0.1124 -0.1245
v -0.4573 0.1403 -0.1422
v -0.4480 0.1253 -0.1598
v -0.4486 0.1393 -0.1566
v -0.4339 0.1619 -0.1678
v -0.4363 0.1687 -0.1544
v -0.4279 0.1823 -0.1322
v -0.4271 0.1804 -0.1423
v -0.4279 0.1563 -0.1833
v -0.4288 0.1485 -0.1887
v -0.4254 0.1507 -0.1921
v -0.4301 0.1358 -0.1915
v -0.4266 0.1366 -0.2017
v -0.4288 0.1417 -0.1931
v -0.4393 0.1282 -0.1739
v -0.4398 0.1436 -0.1704
v -0.4481 0.1076 -0.1628
v -0.4530 0.1195 -0.1518
v -0.4540 0.0728 -0.1565
v -0.4399 0.0658 -0.1784
v -0.4504 0.0795 -0.1647
v -0.4260 0.0733 -0.1985
v -0.4306 0.0898 -0.1906
v -0.4437 0.0981 -0.1728
v -0.4271 0.1153 -0.1927
v -0.4204 0.1150 -0.1997
v -0.4210 0.1189 -0.2020
v -0.4064 0.1340 -0.2168
v -0.3953 0.1436 -0.2174
v -0.4142 0.1409 -0.2124
v -0.4119 0.1136 -0.2177
v -0.4107 0.1150 -0.2223
v -0.4100 0.1188 -0.2184
v -0.3918 0.1350 -0.2218
v -0.3919 0.1402 -0.2191
v -0.3987 0.1334 -0.2202
v -0.3854 0.1306 -0.2303
v -0.3850 0.1332 -0.2261
v -0.3914 0.1287 -0.2271
v -0.3845 0.1495 -0.2173
v -0.3718 0.1482 -0.2156
v -0.3529 0.1518 -0.2107
v -0.3542 0.1495 -0.2143
v -0.3500 0.1488 -0.2122
v -0.3355 0.1536 -0.2069
v -0.3225 0.1572 -0.2074
v -0.3287 0.1580 -0.2139
v -0.3240 0.1594 -0.2125
v -0.3452 0.1549 -0.2218
v -0.3512 0.1524 -0.2246
v -0.3467 0.1585 -0.2258
v -0.3521 0.1487 -0.2165
v -0.3577 0.1479 -0.2184
v -0.3598 0.1637 -0.2443
v -0.3643 0.1657 -0.2550
v -0.3499 0.1734 -0.2427
v -0.3433 0.1840 -0.2627
v -0.3437 0.1852 -0.2721
v -0.3345 0.1911 -0.2667
v -0.3143 0.2077 -0.2965
v -0.3094 0.2114 -0.3083
v -0.3044 0.2168 -0.3034
v -0.2853 0.2276 -0.3092
v -0.2804 0.2280 -0.3234
v -0.2787 0.2279 -0.3097
v -0.2403 0.2166 -0.2901
v -0.2461 0.2188 -0.2955
v -0.2414 0.2168 -0.2934
v -0.2211 0.2089 -0.2746
v -0.2289 0.2119 -0.2752
v -0.2228 0.2114 -0.2792
v -0.2131 0.2081 -0.2580
v -0.2153 0.2046 -0.2640
v -0.2130 0.2097 -0.2633
v -0.2063 0.2053 -0.2397
v -0.2071 0.2100 -0.2512
v -0.2000 0.2098 -0.2457
v -0.1870 0.1998 -0.2232
v -0.1759 0.1995 -0.2264
v -0.1666 0.2010 -0.2179
v -0.1395 0.2123 -0.1571
v -0.1483 0.2070 -0.1823
v -0.1363 0.2110 -0.1615
v -0.1143 0.2122 -0.1332
v -0.1196 0.2078 -0.1495
v -0.1118 0.2079 -0.1365
v -0.0912 0.2044 -0.1054
v -0.0949 0.1995 -0.1148
v -0.0875 0.1992 -0.1012
v -0.0694 0.1915 -0.0715
v -0.0763 0.1933 -0.0820
v -0.0746 0.1868 -0.0769
v -0.0895 0.1774 -0.0808
v -0.0916 0.1779 -0.0863
v -0.0912 0.1750 -0.0790
v -0.0922 0.1843 -0.1059
v -0.0988 0.1841 -0.1212
v -0.1160 0.1782 -0.1622
v -0.1198 0.1815 -0.1753
v -0.1207 0.1730 -0.1713
v -0.1357 0.1728 -0.2159
v -0.1411 0.1713 -0.2306
v -0.1412 0.1680 -0.2305
v -0.1510 0.1843 -0.2417
v -0.1569 0.1857 -0.2503
v -0.1541 0.1813 -0.2515
v -0.1575 0.1819 -0.2626
v -0.1559 0.1738 -0.2662
v -0.1548 0.1746 -0.2609
v -0.1496 0.1716 -0.2828
v -0.1576 0.1773 -0.2908
v -0.1474 0.1757 -0.2929
v -0.1306 0.1748 -0.2971
v -0.1364 0.1800 -0.3009
v -0.1308 0.1846 -0.3046
v -0.1139 0.1712 -0.2960
v -0.1169 0.1764 -0.2967
v -0.1126 0.1753 -0.2951
v -0.1125 0.1897 -0.2509
v -0.1120 0.1768 -0.2696
v -0.1155 0.1898 -0.2631
v -0.1003 0.2105 -0.2095
v -0.1063 0.2056 -0.2262
v -0.1062 0.2104 -0.2271
v -0.0720 0.2242 -0.1359
v -0.0775 0.2166 -0.1515
v -0.0775 0.2221 -0.1532
v -0.0557 0.2269 -0.0884
v -0.0609 0.2273 -0.1054
v -0.0544 0.2324 -0.0844
v -0.0502 0.2335 -0.0624
v -0.0503 0.2357 -0.0660
v -0.0472 0.2380 -0.0628
v -0.0433 0.2442 -0.0515
v -0.0441 0.2474 -0.0480
v -0.0509 0.2446 -0.0502
v -0.0542 0.2390 -0.0560
v -0.0581 0.2373 -0.0587
v -0.0541 0.2343 -0.0584
v -0.0480 0.2172 -0.0531
v -0.0498 0.2219 -0.0567
v -0.0538 0.2194 -0.0579
v -0.0410 0.2143 -0.0582
v -0.0453 0.2177 -0.0573
v -0.0502 0.2232 -0.0628
v -0.0500 0.2227 -0.0690
v -0.0515 0.2267 -0.0597
v -0.0544 0.2185 -0.0909
v -0.0578 0.2171 -0.1011
v -0.0576 0.2223 -0.0966
v -0.0364 0.2088 -0.0642
v -0.0429 0.2141 -0.0636
v -0.0560 0.2076 -0.1084
v -0.0600 0.2039 -0.1227
v -0.0620 0.2085 -0.1192
v -0.0701 0.2008 -0.1468
v -0.0778 0.2022 -0.1589
v -0.0716 0.2064 -0.1429
v -0.0806 0.1972 -0.1706
v -0.0845 0.1927 -0.1812
v -0.0885 0.2005 -0.1828
v -0.0629 0.1940 -0.1471
v -0.0690 0.1909 -0.1642
v -0.0692 0.1952 -0.1548
v -0.0763 0.1881 -0.1788
v -0.0740 0.1831 -0.1873
v -0.0824 0.1865 -0.1914
v -0.0883 0.1825 -0.2083
v -0.0939 0.1752 -0.2299
v -0.0944 0.1818 -0.2195
v -0.1049 0.1842 -0.2385
v -0.1088 0.1829 -0.2492
v -0.0913 0.1658 -0.2501
v -0.0969 0.1656 -0.2606
v -0.0984 0.1689 -0.2542
v -0.0839 0.1636 -0.2555
v -0.0933 0.1618 -0.2825
v -0.1029 0.1649 -0.2868
v -0.1055 0.1666 -0.2868
v -0.1075 0.1701 -0.2789
v -0.0843 0.1559 -0.3015
v -0.0850 0.1543 -0.3096
v -0.0899 0.1547 -0.3052
v -0.0832 0.1496 -0.3215
v -0.0829 0.1483 -0.3249
v -0.0845 0.1418 -0.3221
v -0.0715 0.1220 -0.3083
v -0.0691 0.1302 -0.3160
v -0.0611 0.1196 -0.3037
v -0.0376 0.1158 -0.3037
v -0.0308 0.1198 -0.3084
v -0.0197 0.1104 -0.3034
v -0.0042 0.0903 -0.3019
v -0.0035 0.0840 -0.3033
v 0.0065 0.0629 -0.3070
v 0.0006 0.0634 -0.3099
v 0.0019 0.0691 -0.3072
v -0.0071 0.0544 -0.3136
v -0.0038 0.0523 -0.3156
v -0.0105 0.0533 -0.3123
v -0.0303 0.0451 -0.3094
v -0.0217 0.0448 -0.3124
v -0.0300 0.0389 -0.3148
v -0.0545 0.0272 -0.3242
v -0.0776 0.0254 -0.3242
v -0.0772 0.0297 -0.3185
v -0.1071 0.0218 -0.3167
v -0.0976 0.0218 -0.3244
v -0.1062 0.0202 -0.3227
v -0.1399 0.0171 -0.3172
v -0.1329 0.0172 -0.3215
v -0.1415 0.0151 -0.3266
v -0.1821 0.0162 -0.3147
v -0.2400 0.0139 -0.3125
v -0.2590 0.0168 -0.3176
v -0.2986 0.0246 -0.3015
v -0.2931 0.0230 -0.2907
v -0.3370 0.0340 -0.2833
v -0.3285 0.0332 -0.2967
v -0.3419 0.0383 -0.2953
v -0.3575 0.0391 -0.2503
v -0.3585 0.0393 -0.2601
v -0.3689 0.0425 -0.2498
v -0.3855 0.0520 -0.2293
v -0.3839 0.0498 -0.2338
v -0.3905 0.0549 -0.2307
v -0.3965 0.0470 -0.2130
v -0.4008 0.0534 -0.2138
v -0.4038 0.0486 -0.2094
v -0.4138 0.0398 -0.1970
v -0.4217 0.0440 -0.1909
v -0.4553 0.0732 -0.1374
v -0.4576 0.0748 -0.1485
v -0.4571 0.0785 -0.1329
v -0.4448 0.0574 -0.1463
v -0.4456 0.0587 -0.1562
v -0.4559 0.0719 -0.1521
v -0.4062 0.0739 -0.2210
v -0.4044 0.0778 -0.2247
v -0.4089 0.0799 -0.2208
v -0.4196 0.0942 -0.2030
v -0.4176 0.0921 -0.2072
v -0.4152 0.0997 -0.2066
v -0.4168 0.1083 -0.2022
v -0.4172 0.1157 -0.2040
v -0.4132 0.1022 -0.2330
v -0.4132 0.1069 -0.2330
v -0.4158 0.1047 -0.2310
v -0.3932 0.1249 -0.2300
v -0.3928 0.1250 -0.2349
v -0.3822 0.1315 -0.2324
v -0.3806 0.1344 -0.2286
v -0.3720 0.1399 -0.2313
v -0.3697 0.1446 -0.2344
v -0.3680 0.1418 -0.2298
v -0.3615 0.1520 -0.2329
v -0.3653 0.1459 -0.2311
v -0.3786 0.1626 -0.2725
v -0.3724 0.1674 -0.2724
v -0.3563 0.1762 -0.2671
v -0.3673 0.1711 -0.2731
v -0.3587 0.1775 -0.2792
v -0.3379 0.1893 -0.2885
v -0.3417 0.1871 -0.3010
v -0.3343 0.1904 -0.2991
v -0.3185 0.1998 -0.3113
v -0.3126 0.2052 -0.3159
v -0.2902 0.2222 -0.3265
v -0.2842 0.2222 -0.3340
v -0.2812 0.2273 -0.3267
v -0.2705 0.2274 -0.3141
v -0.2723 0.2278 -0.3221
v -0.2642 0.2278 -0.3174
v -0.2318 0.2181 -0.3174
v -0.2257 0.2171 -0.3214
v -0.2220 0.2168 -0.3152
v -0.2052 0.2039 -0.3034
v -0.2097 0.2111 -0.3090
v -0.2047 0.2025 -0.3109
v -0.2104 0.1935 -0.2752
v -0.2109 0.1999 -0.2813
v -0.2095 0.1954 -0.2843
v -0.1989 0.1879 -0.2639
v -0.1922 0.1956 -0.2625
v -0.1984 0.1941 -0.2625
v -0.2133 0.1989 -0.2752
v -0.2133 0.1976 -0.2690
v -0.2153 0.2013 -0.2732
v -0.2103 0.2001 -0.2644
v -0.2113 0.2039 -0.2646
v -0.2136 0.2016 -0.2650
v -0.2100 0.2112 -0.2700
v -0.2080 0.2150 -0.2687
v -0.2120 0.2105 -0.2677
v -0.1925 0.2119 -0.2465
v -0.1878 0.2123 -0.2475
v -0.1869 0.2095 -0.2440
v -0.1814 0.2004 -0.2396
v -0.1820 0.2032 -0.2416
v -0.1767 0.1977 -0.2409
v -0.1483 0.2033 -0.1976
v -0.1573 0.1997 -0.2191
v -0.1451 0.1996 -0.2080
v -0.1166 0.1967 -0.1609
v -0.1274 0.1969 -0.1842
v -0.1247 0.1919 -0.1848
v -0.1020 0.1882 -0.1326
v -0.1071 0.1917 -0.1429
v -0.1076 0.1870 -0.1442
v -0.1123 0.1833 -0.1549
v -0.1197 0.1871 -0.1754
v -0.1578 0.1917 -0.2379
v -0.1649 0.1911 -0.2453
v -0.1597 0.1892 -0.2448
v -0.1531 0.1764 -0.2553
v -0.1679 0.1787 -0.2833
v -0.1730 0.1805 -0.2778
v -0.1793 0.1831 -0.2881
v -0.1727 0.1886 -0.3117
v -0.1669 0.1910 -0.3164
v -0.1589 0.1865 -0.3091
v -0.1236 0.1860 -0.3044
v -0.1238 0.1904 -0.3078
v -0.1186 0.1875 -0.3030
v -0.1203 0.1945 -0.2855
v -0.1162 0.1833 -0.2914
v -0.1173 0.1885 -0.2911
v -0.1133 0.2107 -0.2566
v -0.1182 0.2075 -0.2730
v -0.1106 0.2149 -0.2543
v -0.0947 0.2207 -0.2016
v -0.0990 0.2210 -0.2161
v -0.0912 0.2258 -0.2011
v -0.0555 0.2398 -0.1021
v -0.0636 0.2373 -0.1303
v -0.0559 0.2424 -0.1198
v -0.0404 0.2452 -0.0717
v -0.0376 0.2470 -0.0826
v -0.0339 0.2476 -0.0632
v -0.0313 0.2548 -0.0447
v -0.0343 0.2627 -0.0412
v -0.0383 0.2560 -0.0417
v -0.0543 0.2461 -0.0514
v -0.0572 0.2504 -0.0510
v -0.0579 0.2430 -0.0558
v -0.0664 0.2305 -0.0634
v -0.0573 0.2309 -0.0593
v -0.0621 0.2354 -0.0614
v -0.0687 0.2348 -0.0669
v -0.0707 0.2402 -0.0732
v -0.0744 0.2338 -0.0739
v -0.0871 0.2462 -0.0904
v -0.0917 0.2459 -0.0963
v -0.0858 0.2411 -0.0899
v -0.1006 0.2461 -0.0917
v -0.0977 0.2454 -0.0988
v -0.1025 0.2490 -0.0973
v -0.1189 0.2678 -0.0829
v -0.1212 0.2705 -0.0807
v -0.1120 0.2731 -0.0686
v -0.1185 0.2757 -0.0742
v -0.1156 0.2786 -0.0764
v -0.1017 0.2726 -0.0683
v -0.1117 0.2780 -0.0807
v -0.1023 0.2725 -0.0773
v -0.0735 0.2636 -0.0510
v -0.0768 0.2627 -0.0536
v -0.0728 0.2606 -0.0548
v -0.0563 0.2608 -0.0457
v -0.0565 0.2655 -0.0433
v -0.0625 0.2613 -0.0480
v -0.0666 0.2693 -0.0416
v -0.0723 0.2662 -0.0457
v -0.0645 0.2659 -0.0449
v -0.0497 0.2816 -0.0291
v -0.0537 0.2808 -0.0332
v -0.0488 0.2834 -0.0342
v -0.0267 0.2781 -0.0180
v -0.0356 0.2794 -0.0218
v -0.0268 0.2792 -0.0224
v -0.0217 0.2811 -0.0065
v -0.0215 0.2856 -0.0062
v -0.0261 0.2802 -0.0061
v -0.0134 0.2912 -0.0161
v -0.0098 0.2909 -0.0218
v -0.0109 0.2937 -0.0191
v -0.0074 0.2909 -0.0343
v -0.0040 0.2967 -0.0354
v -0.0048 0.2970 -0.0323
v -0.0095 0.2924 -0.0518
v -0.0094 0.2942 -0.0579
v -0.0037 0.2951 -0.0515
v 0.0037 0.3057 -0.0558
v 0.0028 0.3031 -0.0611
v 0.0070 0.3056 -0.0559
v 0.0083 0.2966 -0.0751
v 0.0093 0.2937 -0.0780
v 0.0135 0.2944 -0.0745
v 0.0259 0.2901 -0.0637
v 0.0300 0.2857 -0.0676
v 0.0303 0.2897 -0.0641
v 0.0571 0.2797 -0.0932
v 0.0630 0.2857 -0.0930
v 0.0532 0.2853 -0.0837
v 0.0639 0.3019 -0.0560
v 0.0592 0.3009 -0.0593
v 0.0647 0.3005 -0.0623
v 0.0598 0.3142 -0.0497
v 0.0670 0.3256 -0.0532
v 0.0607 0.3223 -0.0509
v 0.0623 0.3329 -0.0500
v 0.0600 0.3301 -0.0510
v 0.0625 0.3353 -0.0525
v 0.0822 0.3291 -0.0407
v 0.0824 0.3357 -0.0443
v 0.0856 0.3305 -0.0425
v 0.0751 0.3108 -0.0451
v 0.0797 0.3143 -0.0435
v 0.0794 0.3218 -0.0476
v 0.0695 0.2978 -0.0348
v 0.0708 0.2980 -0.0409
v 0.0686 0.2899 -0.0373
v 0.0689 0.2846 -0.0350
v 0.0747 0.2784 -0.0358
v 0.0709 0.2804 -0.0341
v 0.0827 0.2688 -0.0385
v 0.0855 0.2694 -0.0330
v 0.0802 0.2722 -0.0346
v 0.0995 0.2652 -0.0368
v 0.0968 0.2648 -0.0415
v 0.1519 0.2550 -0.0457
v 0.1453 0.2552 -0.0508
v 0.1617 0.2515 -0.0524
v 0.1785 0.2416 -0.0377
v 0.1843 0.2438 -0.0449
v 0.1905 0.2400 -0.0423
v 0.1951 0.2219 -0.0307
v 0.1960 0.2277 -0.0356
v 0.1967 0.2237 -0.0346
v 0.2217 0.2147 -0.0169
v 0.2091 0.2165 -0.0244
v 0.2191 0.2157 -0.0267
v 0.2527 0.2061 -0.0084
v 0.2509 0.2094 -0.0131
v 0.2568 0.2049 -0.0123
v 0.2735 0.1912 -0.0083
v 0.2735 0.1950 -0.0106
v 0.2769 0.1939 -0.0118
v 0.2861 0.1765 -0.0123
v 0.2860 0.1819 -0.0176
v 0.2868 0.1712 -0.0174
v 0.2855 0.1681 -0.0260
v 0.2842 0.1660 -0.0337
v 0.2864 0.1600 -0.0283
v 0.3000 0.1550 -0.0253
v 0.3000 0.1582 -0.0341
v 0.3090 0.1654 -0.0380
v 0.3271 0.1669 -0.0246
v 0.3303 0.1773 -0.0467
v 0.3395 0.1731 -0.0307
v 0.3626 0.1693 0.0053
v 0.3570 0.1672 -0.0002
v 0.3628 0.1681 -0.0010
v 0.3919 0.1697 0.0181
v 0.3878 0.1683 0.0116
v 0.4079 0.1679 0.0110
v 0.4172 0.1807 0.0284
v 0.4246 0.1838 0.0303
v 0.4192 0.1848 0.0313
v 0.3956 0.1938 0.0364
v 0.3957 0.2004 0.0396
v 0.3903 0.1951 0.0375
v 0.4114 0.2003 0.0582
v 0.4060 0.2009 0.0478
v 0.4114 0.1957 0.0501
v 0.4346 0.1727 0.0676
v 0.4370 0.1681 0.0645
v 0.4422 0.1637 0.0697
v 0.4565 0.1489 0.0867
v 0.4545 0.1507 0.0822
v 0.4537 0.1469 0.0797
v 0.4485 0.1187 0.0774
v 0.4505 0.1112 0.0912
v 0.4540 0.0730 0.1265
v 0.4535 0.0643 0.1168
v 0.4526 0.0638 0.1212
v 0.4460 0.0617 0.1386
v 0.4455 0.0598 0.1344
v 0.4396 0.0548 0.1423
v 0.4420 0.0419 0.1264
v 0.4465 0.0421 0.1228
v 0.4448 0.0387 0.1220
v 0.4463 0.0375 0.1089
v 0.4442 0.0374 0.1039
v 0.4382 0.0396 0.0916
v 0.4374 0.0426 0.0855
v 0.4350 0.0368 0.0863
v 0.4292 0.0344 0.0696
v 0.4338 0.0401 0.0648
v 0.4283 0.0350 0.0649
v 0.4431 0.0448 0.0529
v 0.4480 0.0460 0.0451
v 0.4402 0.0434 0.0527
v 0.4241 0.0450 0.0205
v 0.4100 0.0411 0.0184
v 0.3917 0.0360 0.0052
v 0.3881 0.0337 -0.0015
v 0.3755 0.0317 0.0052
v 0.3418 0.0263 -0.0001
v 0.3550 0.0246 -0.0173
v 0.3396 0.0255 -0.0072
v 0.3128 0.0216 -0.0189
v 0.3108 0.0200 -0.0393
v 0.3023 0.0221 -0.0223
v 0.2875 0.0263 -0.0208
v 0.2748 0.0271 -0.0499
v 0.2814 0.0296 -0.0156
v 0.2766 0.0396 0.0108
v 0.2766 0.0398 0.0051
v 0.2673 0.0363 -0.0239
v 0.2628 0.0409 -0.0247
v 0.2647 0.0390 -0.0211
v 0.2515 0.0666 -0.0300
v 0.2507 0.0631 -0.0400
v 0.2411 0.0965 -0.0825
v 0.2399 0.0995 -0.1029
v 0.2407 0.1051 -0.0914
v 0.2405 0.1126 -0.1155
v 0.2376 0.1136 -0.1242
v 0.2419 0.1153 -0.1184
v 0.2530 0.1310 -0.1091
v 0.2576 0.1355 -0.1090
v 0.2574 0.1350 -0.1031
v 0.2808 0.1519 -0.0975
v 0.2759 0.1510 -0.0857
v 0.2719 0.1466 -0.0926
v 0.2990 0.1659 -0.0990
v 0.3094 0.1735 -0.0949
v 0.3023 0.1695 -0.0879
v 0.3061 0.1691 -0.0593
v 0.3134 0.1761 -0.0718
v 0.3185 0.1749 -0.0543
v 0.2954 0.1557 -0.0357
v 0.2901 0.1555 -0.0368
v 0.2909 0.1564 -0.0411
v 0.2810 0.1542 -0.0731
v 0.2931 0.1625 -0.0717
v 0.2896 0.1593 -0.0645
v 0.2714 0.1547 -0.0685
v 0.2697 0.1528 -0.0754
v 0.2759 0.1539 -0.0697
v 0.2697 0.1683 -0.0802
v 0.2664 0.1623 -0.0845
v 0.2674 0.1609 -0.0796
v 0.2664 0.1689 -0.0892
v 0.2585 0.1629 -0.0934
v 0.2628 0.1616 -0.0898
v 0.2546 0.1881 -0.1000
v 0.2619 0.1905 -0.1028
v 0.2544 0.1926 -0.0994
v 0.2428 0.1994 -0.0973
v 0.2403 0.1988 -0.0995
v 0.2437 0.1953 -0.0974
v 0.2299 0.2248 -0.1038
v 0.2248 0.2161 -0.1075
v 0.2300 0.2162 -0.1069
v 0.2021 0.1946 -0.1019
v 0.2066 0.1996 -0.1034
v 0.1993 0.1985 -0.1031
v 0.1870 0.2252 -0.0969
v 0.1857 0.2213 -0.0981
v 0.1916 0.2216 -0.0998
v 0.1795 0.2221 -0.0965
v 0.1724 0.2190 -0.1027
v 0.1780 0.2185 -0.1013
v 0.1574 0.2251 -0.0992
v 0.1560 0.2224 -0.1082
v 0.1629 0.2225 -0.0988
v 0.1622 0.2284 -0.0916
v 0.1622 0.2331 -0.0883
v 0.1539 0.2282 -0.0927
v 0.1495 0.2236 -0.1055
v 0.1455 0.2181 -0.1242
v 0.1445 0.2224 -0.1258
v 0.1492 0.2172 -0.1340
v 0.1599 0.2114 -0.1501
v 0.1506 0.2134 -0.1375
v 0.1521 0.1961 -0.1549
v 0.1611 0.1891 -0.1678
v 0.1496 0.1930 -0.1579
v 0.1272 0.1996 -0.1412
v 0.1319 0.1920 -0.1595
v 0.0879 0.2158 -0.1202
v 0.0773 0.2231 -0.1098
v 0.0491 0.2425 -0.0737
v 0.0551 0.2411 -0.0858
v 0.0476 0.2465 -0.0748
v 0.0408 0.2391 -0.0637
v 0.0352 0.2380 -0.0662
v 0.0371 0.2361 -0.0644
v 0.0300 0.2435 -0.0654
v 0.0273 0.2408 -0.0695
v 0.0327 0.2410 -0.0662
v 0.0208 0.2257 -0.0806
v 0.0192 0.2231 -0.0871
v 0.0247 0.2223 -0.0764
v 0.0171 0.2150 -0.1199
v 0.0157 0.2102 -0.1444
v 0.0212 0.2093 -0.1334
v 0.0293 0.1970 -0.1608
v 0.0309 0.1934 -0.1735
v 0.0326 0.1929 -0.1601
v 0.0367 0.1852 -0.1943
v 0.0385 0.1844 -0.2136
v 0.0400 0.1804 -0.2025
v 0.0426 0.1617 -0.2042
v 0.0512 0.1528 -0.2353
v 0.0438 0.1547 -0.2128
v 0.0291 0.1366 -0.2222
v 0.0350 0.1399 -0.2202
v 0.0360 0.1329 -0.2370
v -0.0023 0.1435 -0.1960
v 0.0035 0.1391 -0.2092
v -0.0024 0.1394 -0.2148
v -0.0124 0.1569 -0.1653
v -0.0153 0.1533 -0.1924
v -0.0160 0.1608 -0.1689
v -0.0196 0.1745 -0.1496
v -0.0204 0.1779 -0.1612
v -0.0201 0.1847 -0.1403
v -0.0336 0.2005 -0.1116
v -0.0269 0.2007 -0.1133
v -0.0307 0.2002 -0.1266
v -0.0500 0.1981 -0.1264
v -0.0449 0.1968 -0.1318
v -0.0525 0.1946 -0.1415
v -0.0426 0.2037 -0.0899
v -0.0390 0.2020 -0.0934
v -0.0429 0.2020 -0.0952
v -0.0555 0.2003 -0.1244
v -0.0600 0.1986 -0.1349
v -0.0613 0.1999 -0.1308
v -0.0455 0.1937 -0.1470
v -0.0450 0.1906 -0.1607
v -0.0607 0.1888 -0.1611
v -0.0668 0.1793 -0.2016
v -0.0727 0.1748 -0.2168
v -0.0725 0.1773 -0.2052
v -0.0777 0.1683 -0.2387
v -0.0736 0.1680 -0.2418
v -0.0761 0.1660 -0.2442
v -0.0623 0.1780 -0.2134
v -0.0581 0.1783 -0.2235
v -0.0631 0.1738 -0.2333
v -0.0671 0.1631 -0.2728
v -0.0695 0.1601 -0.2823
v -0.0753 0.1622 -0.2689
v -0.0724 0.1548 -0.2985
v -0.0731 0.1547 -0.3042
v -0.0734 0.1541 -0.3138
v -0.0691 0.1555 -0.3188
v -0.0784 0.1535 -0.3193
v -0.0793 0.1422 -0.3268
v -0.0798 0.1466 -0.3287
v -0.0477 0.1398 -0.3277
v -0.0629 0.1436 -0.3308
v -0.0670 0.1495 -0.3370
v -0.0141 0.1118 -0.3068
v -0.0077 0.1168 -0.3135
v -0.0070 0.1100 -0.3083
v 0.0087 0.0955 -0.3049
v 0.0004 0.1012 -0.3072
v 0.0080 0.0999 -0.3074
v 0.0070 0.0706 -0.3047
v 0.0021 0.0745 -0.3057
v 0.0082 0.0769 -0.3038
v 0.0339 0.0662 -0.2979
v 0.0302 0.0599 -0.3012
v 0.0228 0.0666 -0.2982
v 0.0080 0.0494 -0.3119
v 0.0035 0.0571 -0.3112
v 0.0075 0.0536 -0.3093
v -0.0035 0.0415 -0.3220
v 0.0019 0.0449 -0.3201
v 0.0028 0.0407 -0.3222
v -0.0138 0.0389 -0.3199
v -0.0087 0.0325 -0.3291
v -0.0141 0.0283 -0.3313
v -0.0486 0.0212 -0.3393
v -0.0188 0.0205 -0.3478
v -0.0444 0.0192 -0.3477
v -0.0946 0.0175 -0.3397
v -0.0866 0.0166 -0.3507
v -0.1067 0.0173 -0.3327
v -0.1235 0.0197 -0.3274
v -0.1183 0.0215 -0.3319
v -0.1248 0.0209 -0.3313
v -0.1474 0.0138 -0.3375
v -0.1458 0.0159 -0.3475
v -0.1556 0.0138 -0.3372
v -0.2266 0.0195 -0.3420
v -0.2128 0.0195 -0.3504
v -0.2262 0.0219 -0.3548
v -0.2662 0.0192 -0.3324
v -0.2749 0.0215 -0.3476
v -0.2822 0.0193 -0.3357
v -0.2958 0.0220 -0.3169
v -0.3057 0.0249 -0.3189
v -0.3076 0.0268 -0.3096
v -0.3339 0.0369 -0.3060
v -0.3373 0.0393 -0.3124
v -0.3453 0.0419 -0.3046
v -0.3862 0.0491 -0.2667
v -0.3770 0.0457 -0.2762
v -0.3856 0.0504 -0.2734
v -0.4046 0.0624 -0.2603
v -0.4038 0.0602 -0.2672
v -0.4065 0.0639 -0.2749
v -0.4001 0.0688 -0.2355
v -0.4023 0.0670 -0.2412
v -0.4022 0.0749 -0.2353
v -0.4127 0.0925 -0.2221
v -0.4100 0.0898 -0.2289
v -0.4151 0.0986 -0.2246
v -0.4151 0.1009 -0.2299
v -0.4096 0.1016 -0.2387
v -0.4060 0.0940 -0.2456
v -0.4070 0.1025 -0.2444
v -0.3990 0.1212 -0.2449
v -0.3986 0.1241 -0.2518
v -0.3954 0.1246 -0.2418
v -0.3906 0.1427 -0.2621
v -0.3939 0.1538 -0.2830
v -0.3886 0.1579 -0.2795
v -0.3912 0.1682 -0.3031
v -0.3916 0.1694 -0.3091
v -0.3888 0.1713 -0.3060
v -0.3515 0.1818 -0.2834
v -0.3544 0.1821 -0.2998
v -0.3459 0.1850 -0.2908
v -0.3239 0.1931 -0.3144
v -0.3206 0.1959 -0.3166
v -0.3166 0.1966 -0.3317
v -0.3169 0.1965 -0.3378
v -0.3125 0.2000 -0.3295
v -0.3006 0.2099 -0.3433
v -0.3029 0.2062 -0.3561
v -0.2951 0.2129 -0.3425
v -0.2781 0.2236 -0.3393
v -0.2761 0.2275 -0.3326
v -0.2506 0.2207 -0.3403
v -0.2618 0.2233 -0.3453
v -0.2564 0.2199 -0.3473
v -0.2191 0.2167 -0.3170
v -0.2219 0.2150 -0.3247
v -0.2190 0.2129 -0.3250
v -0.2075 0.2050 -0.3151
v -0.2043 0.2002 -0.3179
v -0.1994 0.1890 -0.2869
v -0.2005 0.1931 -0.2983
v -0.1960 0.1878 -0.2888
v -0.1804 0.1818 -0.2750
v -0.1816 0.1844 -0.2682
v -0.1872 0.1854 -0.2685
v -0.1818 0.1938 -0.2627
v -0.1808 0.1960 -0.2646
v -0.1863 0.1945 -0.2622
v -0.2050 0.1898 -0.2752
v -0.1971 0.1874 -0.2849
v -0.1919 0.1991 -0.2635
v -0.1874 0.2017 -0.2655
v -0.1961 0.2028 -0.2654
v -0.2017 0.2065 -0.2676
v -0.1994 0.2098 -0.2691
v -0.2072 0.2095 -0.2706
v -0.1937 0.2169 -0.2646
v -0.1923 0.2171 -0.2617
v -0.1989 0.2177 -0.2667
v -0.1716 0.1969 -0.2526
v -0.1738 0.2020 -0.2579
v -0.1703 0.1971 -0.2575
v -0.1663 0.1918 -0.2529
v -0.1632 0.1893 -0.2642
v -0.1670 0.1929 -0.2647
v -0.1653 0.1865 -0.2656
v -0.1761 0.1826 -0.2677
v -0.1707 0.1876 -0.2662
v -0.1756 0.1873 -0.2652
v -0.1760 0.1994 -0.2661
v -0.1740 0.2010 -0.2644
v -0.1774 0.2035 -0.2649
v -0.1935 0.2069 -0.2678
v -0.1858 0.2118 -0.2640
v -0.1933 0.2109 -0.2680
v -0.1855 0.1934 -0.3214
v -0.1756 0.1941 -0.3228
v -0.1346 0.1917 -0.3116
v -0.1473 0.1921 -0.3154
v -0.1390 0.1963 -0.3185
v -0.1180 0.1987 -0.2907
v -0.1163 0.1941 -0.2964
v -0.1156 0.1995 -0.2964
v -0.1118 0.2161 -0.2663
v -0.1133 0.2126 -0.2872
v -0.0821 0.2372 -0.2201
v -0.0900 0.2329 -0.2257
v -0.0894 0.2334 -0.2350
v -0.0582 0.2444 -0.1776
v -0.0664 0.2426 -0.1962
v -0.0605 0.2433 -0.1961
v -0.0433 0.2470 -0.1109
v -0.0465 0.2465 -0.1287
v -0.0270 0.2491 -0.0974
v -0.0110 0.2440 -0.0793
v -0.0159 0.2464 -0.0815
v -0.0138 0.2439 -0.0856
v 0.0080 0.2449 -0.0666
v 0.0017 0.2413 -0.0728
v 0.0089 0.2374 -0.0737
v 0.0168 0.2603 -0.0585
v 0.0132 0.2639 -0.0626
v 0.0083 0.2622 -0.0575
v -0.0039 0.2495 -0.0623
v -0.0097 0.2484 -0.0673
v -0.0044 0.2471 -0.0676
v -0.0219 0.2507 -0.0567
v -0.0280 0.2489 -0.0715
v -0.0218 0.2494 -0.0706
v -0.0162 0.2589 -0.0462
v -0.0206 0.2529 -0.0509
v -0.0146 0.2560 -0.0496
v -0.0181 0.2657 -0.0464
v -0.0275 0.2680 -0.0449
v -0.0445 0.2586 -0.0403
v -0.0465 0.2660 -0.0403
v -0.0478 0.2592 -0.0406
v -0.0409 0.2760 -0.0433
v -0.0350 0.2779 -0.0477
v -0.0419 0.2817 -0.0451
v -0.0508 0.2980 -0.0458
v -0.0486 0.2968 -0.0430
v -0.0483 0.2918 -0.0417
v -0.0253 0.2834 -0.0288
v -0.0294 0.2866 -0.0340
v -0.0210 0.2851 -0.0336
v -0.0212 0.2903 -0.0439
v -0.0231 0.2928 -0.0464
v -0.0157 0.2906 -0.0462
v -0.0234 0.2975 -0.0535
v -0.0232 0.3025 -0.0612
v -0.0167 0.2960 -0.0578
v -0.0040 0.2971 -0.0634
v -0.0089 0.2942 -0.0684
v -0.0037 0.2974 -0.0684
v 0.0033 0.2844 -0.0887
v 0.0063 0.2855 -0.0885
v 0.0020 0.2924 -0.0818
v 0.0222 0.2889 -0.0727
v 0.0241 0.2850 -0.0741
v 0.0315 0.2740 -0.0744
v 0.0258 0.2794 -0.0800
v 0.0285 0.2726 -0.0792
v 0.0281 0.2668 -0.0644
v 0.0262 0.2680 -0.0682
v 0.0255 0.2640 -0.0633
v 0.0148 0.2457 -0.0638
v 0.0375 0.2514 -0.0629
v 0.0356 0.2565 -0.0631
v 0.0306 0.2509 -0.0607
v 0.0342 0.2603 -0.0646
v 0.0355 0.2670 -0.0697
v 0.0321 0.2655 -0.0666
v 0.0651 0.2336 -0.1042
v 0.0586 0.2451 -0.0976
v 0.0378 0.2795 -0.0732
v 0.0411 0.2735 -0.0767
v 0.0439 0.2777 -0.0793
v 0.0621 0.2725 -0.1055
v 0.0663 0.2770 -0.1058
v 0.0737 0.2863 -0.0965
v 0.0830 0.2846 -0.1036
v 0.0816 0.2879 -0.0963
v 0.0752 0.2969 -0.0630
v 0.0740 0.2960 -0.0727
v 0.0798 0.2935 -0.0692
v 0.0788 0.2816 -0.0436
v 0.0822 0.2864 -0.0508
v 0.0874 0.2757 -0.0501
v 0.0931 0.2654 -0.0391
v 0.0875 0.2685 -0.0454
v 0.0923 0.2662 -0.0463
v 0.1007 0.2579 -0.0532
v 0.1056 0.2590 -0.0501
v 0.0982 0.2614 -0.0515
v 0.1346 0.2560 -0.0552
v 0.1191 0.2594 -0.0503
v 0.1272 0.2546 -0.0589
v 0.1888 0.2447 -0.0516
v 0.1778 0.2476 -0.0567
v 0.2000 0.2434 -0.0590
v 0.2037 0.2321 -0.0406
v 0.2002 0.2372 -0.0432
v 0.2156 0.2346 -0.0456
v 0.2080 0.2172 -0.0350
v 0.2089 0.2223 -0.0402
v 0.2089 0.2186 -0.0393
v 0.2346 0.2160 -0.0218
v 0.2347 0.2149 -0.0331
v 0.2414 0.2148 -0.0258
v 0.2590 0.2073 -0.0233
v 0.2669 0.2065 -0.0272
v 0.2652 0.2042 -0.0200
v 0.2789 0.2070 -0.0350
v 0.2783 0.2070 -0.0422
v 0.2820 0.2025 -0.0346
v 0.2832 0.1760 -0.0348
v 0.2796 0.1837 -0.0474
v 0.2816 0.1719 -0.0405
v 0.2819 0.1596 -0.0404
v 0.2806 0.1599 -0.0445
v 0.2832 0.1559 -0.0395
v 0.2835 0.1549 -0.0455
v 0.2820 0.1553 -0.0515
v 0.2869 0.1543 -0.0458
v 0.2736 0.1596 -0.0563
v 0.2714 0.1599 -0.0601
v 0.2767 0.1549 -0.0570
v 0.2770 0.1886 -0.0575
v 0.2758 0.1765 -0.0558
v 0.2748 0.1894 -0.0805
v 0.2756 0.1997 -0.0859
v 0.2743 0.1944 -0.0860
v 0.2805 0.2053 -0.0739
v 0.2760 0.2111 -0.0804
v 0.2788 0.2051 -0.0790
v 0.2807 0.1994 -0.0512
v 0.2818 0.2053 -0.0591
v 0.2806 0.1996 -0.0559
v 0.2780 0.2084 -0.0512
v 0.2797 0.2084 -0.0571
v 0.2804 0.2042 -0.0512
v 0.2730 0.2171 -0.0693
v 0.2776 0.2129 -0.0739
v 0.2783 0.2127 -0.0635
v 0.2676 0.2136 -0.0883
v 0.2642 0.2144 -0.0893
v 0.2656 0.2116 -0.0916
v 0.2598 0.2177 -0.0847
v 0.2539 0.2143 -0.0892
v 0.2594 0.2133 -0.0898
v 0.2416 0.2133 -0.0991
v 0.2442 0.2150 -0.0958
v 0.2373 0.2195 -0.1035
v 0.2494 0.2168 -0.0860
v 0.2478 0.2154 -0.0904
v 0.2530 0.2163 -0.0867
v 0.2652 0.2184 -0.0694
v 0.2598 0.2196 -0.0750
v 0.2648 0.2198 -0.0748
v 0.2745 0.2103 -0.0484
v 0.2580 0.2083 -0.0293
v 0.2519 0.2108 -0.0559
v 0.2544 0.2157 -0.0653
v 0.2595 0.2147 -0.0614
v 0.2415 0.2252 -0.0727
v 0.2432 0.2245 -0.0784
v 0.2459 0.2212 -0.0749
v 0.2297 0.2303 -0.0995
v 0.2333 0.2295 -0.0989
v 0.2369 0.2360 -0.0689
v 0.2365 0.2343 -0.0758
v 0.2383 0.2329 -0.0692
v 0.2414 0.2155 -0.0583
v 0.2408 0.2210 -0.0645
v 0.2417 0.2177 -0.0630
v 0.2416 0.2105 -0.0454
v 0.2419 0.2110 -0.0523
v 0.2472 0.2088 -0.0457
v 0.2284 0.2225 -0.0460
v 0.2333 0.2223 -0.0495
v 0.2349 0.2162 -0.0468
v 0.2394 0.2194 -0.0583
v 0.2288 0.2388 -0.0760
v 0.2329 0.2397 -0.0684
v 0.2197 0.2401 -0.0742
v 0.2243 0.2369 -0.0907
v 0.2049 0.2402 -0.0808
v 0.2089 0.2383 -0.0869
v 0.1981 0.2298 -0.0980
v 0.2052 0.2242 -0.1029
v 0.2137 0.2338 -0.0976
v 0.1554 0.2442 -0.0759
v 0.1755 0.2414 -0.0800
v 0.1673 0.2450 -0.0735
v 0.1449 0.2332 -0.0854
v 0.1420 0.2367 -0.0826
v 0.1334 0.2332 -0.0855
v 0.1331 0.2278 -0.0980
v 0.1411 0.2292 -0.0935
v 0.1331 0.2289 -0.0951
v 0.1325 0.2282 -0.1029
v 0.1340 0.2271 -0.1101
v 0.1390 0.2259 -0.1020
v 0.1391 0.2287 -0.1198
v 0.1446 0.2254 -0.1259
v 0.1436 0.2215 -0.1206
v 0.1629 0.2182 -0.1525
v 0.1689 0.2099 -0.1621
v 0.1634 0.1931 -0.1649
v 0.1727 0.1925 -0.1712
v 0.1713 0.1879 -0.1737
v 0.1656 0.1799 -0.1808
v 0.1733 0.1779 -0.1843
v 0.1715 0.1743 -0.1887
v 0.1463 0.1838 -0.1749
v 0.1547 0.1773 -0.1871
v 0.1422 0.1835 -0.1787
v 0.1155 0.1989 -0.1811
v 0.1258 0.1905 -0.1959
v 0.1205 0.1958 -0.1968
v 0.1000 0.2122 -0.1664
v 0.1076 0.2089 -0.1856
v 0.0990 0.2157 -0.1741
v 0.0674 0.2406 -0.1152
v 0.0739 0.2341 -0.1259
v 0.0738 0.2395 -0.1312
v 0.0523 0.2680 -0.0931
v 0.0595 0.2672 -0.1051
v 0.0537 0.2727 -0.0956
v 0.0899 0.2645 -0.1451
v 0.0947 0.2682 -0.1427
v 0.0808 0.2692 -0.1323
v 0.0926 0.2823 -0.1110
v 0.1003 0.2792 -0.1158
v 0.0937 0.2829 -0.1001
v 0.1025 0.2759 -0.0864
v 0.1244 0.2609 -0.1138
v 0.1088 0.2694 -0.0874
v 0.1049 0.2561 -0.0681
v 0.1090 0.2621 -0.0777
v 0.1158 0.2567 -0.0857
v 0.1079 0.2472 -0.0653
v 0.1109 0.2495 -0.0647
v 0.1061 0.2510 -0.0671
v 0.1191 0.2508 -0.0634
v 0.1161 0.2478 -0.0669
v 0.1245 0.2471 -0.0685
v 0.1170 0.2398 -0.0795
v 0.1170 0.2388 -0.0859
v 0.1220 0.2382 -0.0780
v 0.1279 0.2332 -0.0854
v 0.1274 0.2319 -0.0908
v 0.1197 0.2403 -0.0936
v 0.1224 0.2385 -0.0970
v 0.1210 0.2349 -0.0919
v 0.1226 0.2510 -0.0954
v 0.1205 0.2546 -0.0943
v 0.1263 0.2499 -0.1020
v 0.1409 0.2478 -0.1298
v 0.1458 0.2420 -0.1327
v 0.1441 0.2432 -0.1287
v 0.1583 0.2323 -0.1502
v 0.1667 0.2307 -0.1639
v 0.1673 0.2240 -0.1592
v 0.1779 0.2083 -0.1736
v 0.1837 0.2147 -0.1768
v 0.1844 0.2021 -0.1760
v 0.1797 0.1908 -0.1755
v 0.1802 0.1883 -0.1776
v 0.1998 0.1684 -0.1826
v 0.1916 0.1718 -0.1852
v 0.1914 0.1768 -0.1820
v 0.1790 0.1742 -0.1880
v 0.1801 0.1700 -0.1929
v 0.1623 0.1672 -0.2071
v 0.1593 0.1660 -0.2137
v 0.1509 0.1732 -0.2031
v 0.1356 0.1822 -0.2033
v 0.1373 0.1797 -0.2161
v 0.1062 0.2137 -0.1892
v 0.0969 0.2226 -0.1740
v 0.0890 0.2432 -0.1617
v 0.0969 0.2364 -0.1761
v 0.0970 0.2436 -0.1730
v 0.0852 0.2557 -0.1498
v 0.0950 0.2542 -0.1628
v 0.0920 0.2591 -0.1537
v 0.1096 0.2678 -0.1474
v 0.1079 0.2636 -0.1584
v 0.1156 0.2658 -0.1535
v 0.1197 0.2666 -0.1183
v 0.1101 0.2728 -0.1201
v 0.1221 0.2657 -0.1329
v 0.1445 0.2480 -0.1412
v 0.1496 0.2421 -0.1399
v 0.1173 0.2509 -0.0874
v 0.1548 0.2415 -0.1565
v 0.1511 0.2459 -0.1614
v 0.1613 0.2365 -0.1642
v 0.1802 0.2233 -0.1856
v 0.1835 0.2233 -0.1919
v 0.1853 0.2210 -0.1846
v 0.1972 0.2129 -0.1822
v 0.2020 0.2091 -0.1857
v 0.2031 0.2002 -0.1828
v 0.1997 0.1911 -0.1801
v 0.1998 0.1975 -0.1809
v 0.2069 0.1886 -0.1832
v 0.2303 0.1582 -0.1839
v 0.2238 0.1633 -0.1830
v 0.2297 0.1641 -0.1864
v 0.1925 0.1928 -0.1782
v 0.2011 0.1828 -0.1800
v 0.2084 0.1605 -0.1809
v 0.2059 0.1677 -0.1804
v 0.2135 0.1603 -0.1793
v 0.2100 0.1578 -0.1817
v 0.2098 0.1556 -0.1854
v 0.1985 0.1559 -0.2025
v 0.1968 0.1552 -0.2070
v 0.1923 0.1583 -0.2019
v 0.1880 0.1531 -0.2158
v 0.1886 0.1478 -0.2229
v 0.1857 0.1485 -0.2235
v 0.1697 0.1542 -0.2280
v 0.1749 0.1485 -0.2308
v 0.1691 0.1486 -0.2375
v 0.1571 0.1624 -0.2284
v 0.1551 0.1620 -0.2368
v 0.1463 0.1720 -0.2197
v 0.1368 0.1808 -0.2304
v 0.1498 0.1669 -0.2518
v 0.1382 0.1813 -0.2416
v 0.1178 0.2068 -0.2124
v 0.1270 0.2026 -0.2325
v 0.1193 0.2115 -0.2177
v 0.1046 0.2362 -0.1900
v 0.1094 0.2367 -0.1942
v 0.1084 0.2426 -0.1882
v 0.1054 0.2508 -0.1768
v 0.1084 0.2467 -0.1851
v 0.1106 0.2521 -0.1792
v 0.1252 0.2603 -0.1623
v 0.1224 0.2586 -0.1683
v 0.1294 0.2564 -0.1732
v 0.1377 0.2532 -0.1736
v 0.1505 0.2450 -0.1863
v 0.1427 0.2515 -0.1725
v 0.1832 0.2247 -0.1993
v 0.1768 0.2285 -0.2000
v 0.1812 0.2263 -0.2085
v 0.2050 0.2132 -0.1929
v 0.2033 0.2174 -0.2012
v 0.2096 0.2125 -0.1967
v 0.2169 0.1931 -0.1919
v 0.2173 0.1989 -0.1957
v 0.2192 0.1950 -0.1955
v 0.2239 0.1818 -0.1900
v 0.2231 0.1880 -0.1937
v 0.2275 0.1811 -0.1919
v 0.2367 0.1649 -0.1891
v 0.2353 0.1697 -0.1921
v 0.2419 0.1651 -0.1887
v 0.2557 0.1586 -0.1657
v 0.2489 0.1620 -0.1771
v 0.2610 0.1681 -0.1734
v 0.2711 0.1416 -0.1322
v 0.2680 0.1491 -0.1448
v 0.2727 0.1460 -0.1389
v 0.2908 0.1521 -0.1245
v 0.2949 0.1522 -0.1318
v 0.3001 0.1580 -0.1262
v 0.3039 0.1657 -0.1170
v 0.3401 0.1861 -0.0760
v 0.3321 0.1841 -0.0824
v 0.3406 0.1887 -0.0834
v 0.3434 0.1783 -0.0421
v 0.3446 0.1819 -0.0545
v 0.3506 0.1809 -0.0436
v 0.3795 0.1729 -0.0053
v 0.3716 0.1776 -0.0178
v 0.3795 0.1779 -0.0155
v 0.4139 0.1697 0.0182
v 0.4166 0.1683 0.0115
v 0.4452 0.1760 0.0241
v 0.4398 0.1741 0.0207
v 0.4473 0.1732 0.0202
v 0.4499 0.1592 0.0443
v 0.4528 0.1651 0.0329
v 0.4567 0.1560 0.0403
v 0.4639 0.1397 0.0578
v 0.4639 0.1424 0.0534
v 0.4667 0.1387 0.0578
v 0.4557 0.1374 0.0648
v 0.4583 0.1322 0.0607
v 0.4512 0.1320 0.0673
v 0.4482 0.1039 0.0736
v 0.4469 0.1136 0.0684
v 0.4472 0.1100 0.0645
v 0.4509 0.0693 0.1001
v 0.4492 0.0724 0.0926
v 0.4497 0.0608 0.0999
v 0.4414 0.0386 0.0990
v 0.4434 0.0496 0.0932
v 0.4404 0.0500 0.0741
v 0.4443 0.0546 0.0671
v 0.4404 0.0476 0.0643
v 0.4502 0.0516 0.0498
v 0.4601 0.0584 0.0435
v 0.4435 0.0514 0.0213
v 0.4634 0.0579 0.0292
v 0.4557 0.0582 0.0221
v 0.4346 0.0540 0.0066
v 0.4371 0.0570 0.0025
v 0.4352 0.0554 -0.0011
v 0.3998 0.0377 -0.0011
v 0.3983 0.0355 -0.0069
v 0.3643 0.0265 -0.0078
v 0.3782 0.0261 -0.0204
v 0.3833 0.0221 -0.0511
v 0.3166 0.0184 -0.0494
v 0.3351 0.0177 -0.0673
v 0.3123 0.0179 -0.0577
v 0.2844 0.0245 -0.0432
v 0.2877 0.0224 -0.0530
v 0.2794 0.0226 -0.0667
v 0.2680 0.0301 -0.0547
v 0.2596 0.0382 -0.0500
v 0.2660 0.0342 -0.0397
v 0.2491 0.0589 -0.0663
v 0.2467 0.0662 -0.0740
v 0.2479 0.0649 -0.0600
v 0.2387 0.0942 -0.1152
v 0.2387 0.1017 -0.1143
v 0.2372 0.1087 -0.1215
v 0.2190 0.1071 -0.1525
v 0.2286 0.1134 -0.1401
v 0.2480 0.1273 -0.1202
v 0.2429 0.1253 -0.1287
v 0.2484 0.1289 -0.1267
v 0.2581 0.1369 -0.1064
v 0.2620 0.1383 -0.1029
v 0.2613 0.1378 -0.1276
v 0.2567 0.1401 -0.1378
v 0.2648 0.1413 -0.1333
v 0.2537 0.1308 -0.1199
v 0.2565 0.1333 -0.1267
v 0.2588 0.1354 -0.1213
v 0.2396 0.1432 -0.1615
v 0.2562 0.1546 -0.1593
v 0.2492 0.1460 -0.1546
v 0.2270 0.1486 -0.1799
v 0.2239 0.1494 -0.1828
v 0.2296 0.1534 -0.1811
v 0.2249 0.1536 -0.1829
v 0.2252 0.1595 -0.1835
v 0.2276 0.1561 -0.1828
v 0.2262 0.1402 -0.1730
v 0.2161 0.1404 -0.1851
v 0.2209 0.1436 -0.1819
v 0.2150 0.1496 -0.1861
v 0.2138 0.1426 -0.1902
v 0.2126 0.1483 -0.1894
v 0.2055 0.1515 -0.2011
v 0.2047 0.1526 -0.2043
v 0.2025 0.1543 -0.2008
v 0.2023 0.1497 -0.2127
v 0.2012 0.1462 -0.2173
v 0.1972 0.1527 -0.2128
v 0.2086 0.1421 -0.2010
v 0.2006 0.1303 -0.2072
v 0.2038 0.1381 -0.2096
v 0.1959 0.1313 -0.2174
v 0.1999 0.1348 -0.2138
v 0.1820 0.1370 -0.2304
v 0.1849 0.1427 -0.2274
v 0.1914 0.1364 -0.2245
v 0.1912 0.1145 -0.2168
v 0.1900 0.1225 -0.2228
v 0.1921 0.1244 -0.2193
v 0.1837 0.0944 -0.2185
v 0.1805 0.0971 -0.2242
v 0.1840 0.1003 -0.2207
v 0.1626 0.1206 -0.2460
v 0.1687 0.1345 -0.2421
v 0.1769 0.1275 -0.2342
v 0.1629 0.1411 -0.2495
v 0.1689 0.1432 -0.2426
v 0.1623 0.1486 -0.2524
v 0.1591 0.1467 -0.2593
v 0.1619 0.1519 -0.2558
v 0.1544 0.1641 -0.2583
v 0.1559 0.1654 -0.2645
v 0.1537 0.1669 -0.2624
v 0.1516 0.1765 -0.2707
v 0.1547 0.1777 -0.2795
v 0.1492 0.1835 -0.2708
v 0.1210 0.2156 -0.2213
v 0.1286 0.2067 -0.2356
v 0.1283 0.2106 -0.2349
v 0.1130 0.2383 -0.1982
v 0.1121 0.2411 -0.1937
v 0.1357 0.2477 -0.1925
v 0.1273 0.2476 -0.1931
v 0.1372 0.2423 -0.2043
v 0.1493 0.2444 -0.1933
v 0.1519 0.2395 -0.2059
v 0.1591 0.2383 -0.2003
v 0.1870 0.2237 -0.2060
v 0.2118 0.2121 -0.2142
v 0.2125 0.2141 -0.2218
v 0.2138 0.2097 -0.2162
v 0.2138 0.2076 -0.1975
v 0.2135 0.2091 -0.2005
v 0.2159 0.2046 -0.2001
v 0.2146 0.1902 -0.2038
v 0.2147 0.1927 -0.2060
v 0.2173 0.1876 -0.2057
v 0.2300 0.1815 -0.1954
v 0.2297 0.1813 -0.1993
v 0.2325 0.1787 -0.1989
v 0.2526 0.1748 -0.1920
v 0.2460 0.1715 -0.1937
v 0.2462 0.1758 -0.1978
v 0.2668 0.1712 -0.1707
v 0.2662 0.1837 -0.1932
v 0.2871 0.1856 -0.1772
v 0.2828 0.1620 -0.1548
v 0.2828 0.1712 -0.1627
v 0.2927 0.1640 -0.1551
v 0.3038 0.1541 -0.1396
v 0.3003 0.1536 -0.1424
v 0.2997 0.1552 -0.1469
v 0.3149 0.1639 -0.1348
v 0.3218 0.1651 -0.1422
v 0.3225 0.1712 -0.1294
v 0.3444 0.1932 -0.1032
v 0.3372 0.1866 -0.1112
v 0.3465 0.1920 -0.1202
v 0.3588 0.1984 -0.0703
v 0.3576 0.1999 -0.0851
v 0.3627 0.2002 -0.0722
v 0.3685 0.1955 -0.0529
v 0.3700 0.1982 -0.0595
v 0.3782 0.1975 -0.0498
v 0.3878 0.1881 -0.0302
v 0.3848 0.1952 -0.0376
v 0.3960 0.1895 -0.0348
v 0.3988 0.1746 -0.0066
v 0.3991 0.1794 -0.0172
v 0.4092 0.1747 -0.0087
v 0.3750 0.1821 -0.0237
v 0.3820 0.1821 -0.0227
v 0.3608 0.1893 -0.0501
v 0.3584 0.1924 -0.0537
v 0.3627 0.1897 -0.0479
v 0.3459 0.1855 -0.0620
v 0.3473 0.1904 -0.0706
v 0.3510 0.1895 -0.0603
v 0.4180 0.1709 -0.0009
v 0.4197 0.1737 -0.0106
v 0.4377 0.1651 0.0105
v 0.4352 0.1652 0.0060
v 0.4414 0.1646 0.0115
v 0.4584 0.1644 0.0273
v 0.4608 0.1662 0.0218
v 0.4669 0.1611 0.0216
v 0.4740 0.1380 0.0491
v 0.4719 0.1420 0.0452
v 0.4791 0.1355 0.0478
v 0.4743 0.1243 0.0478
v 0.4650 0.1280 0.0547
v 0.4729 0.1318 0.0512
v 0.4625 0.0971 0.0456
v 0.4561 0.1031 0.0517
v 0.4602 0.1075 0.0508
v 0.4494 0.0797 0.0775
v 0.4520 0.0846 0.0652
v 0.4506 0.0754 0.0713
v 0.4457 0.0645 0.0857
v 0.4463 0.0637 0.0778
v 0.4426 0.0552 0.0806
v 0.4521 0.0615 0.0573
v 0.4559 0.0635 0.0524
v 0.4538 0.0613 0.0524
v 0.4709 0.0671 0.0400
v 0.4756 0.0801 0.0344
v 0.4734 0.0688 0.0344
v 0.4668 0.0634 0.0271
v 0.4658 0.0697 0.0256
v 0.4575 0.0737 0.0184
v 0.4526 0.0645 0.0113
v 0.4486 0.0625 0.0058
v 0.4477 0.0583 0.0141
v 0.4387 0.0563 -0.0036
v 0.4519 0.0570 -0.0130
v 0.4345 0.0511 -0.0078
v 0.4067 0.0362 -0.0141
v 0.4094 0.0336 -0.0265
v 0.3985 0.0339 -0.0097
v 0.3743 0.0197 -0.0620
v 0.3959 0.0155 -0.0977
v 0.3712 0.0174 -0.0782
v 0.3466 0.0170 -0.1009
v 0.3233 0.0176 -0.1066
v 0.3157 0.0172 -0.0953
v 0.2691 0.0278 -0.0695
v 0.2784 0.0223 -0.0876
v 0.2710 0.0259 -0.0975
v 0.2605 0.0331 -0.0962
v 0.2575 0.0389 -0.0947
v 0.2578 0.0378 -0.0846
v 0.2493 0.0577 -0.0890
v 0.2463 0.0687 -0.1031
v 0.2420 0.0821 -0.1037
v 0.2383 0.0659 -0.1331
v 0.2350 0.0711 -0.1348
v 0.2409 0.0757 -0.1221
v 0.2227 0.0725 -0.1529
v 0.2127 0.0766 -0.1653
v 0.2256 0.0836 -0.1432
v 0.2053 0.0833 -0.1741
v 0.1924 0.0754 -0.1953
v 0.2019 0.0898 -0.1773
v 0.1924 0.0963 -0.1956
v 0.1884 0.0902 -0.2039
v 0.1904 0.0997 -0.2047
v 0.1716 0.0816 -0.2309
v 0.1542 0.0793 -0.2455
v 0.1748 0.0920 -0.2293
v 0.1561 0.1042 -0.2483
v 0.1260 0.0874 -0.2709
v 0.1253 0.0973 -0.2735
v 0.1389 0.1302 -0.2720
v 0.1400 0.1370 -0.2750
v 0.1528 0.1363 -0.2606
v 0.1544 0.1506 -0.2692
v 0.1535 0.1572 -0.2755
v 0.1569 0.1537 -0.2693
v 0.1564 0.1657 -0.2749
v 0.1562 0.1668 -0.2790
v 0.1550 0.1725 -0.2751
v 0.1526 0.1827 -0.2793
v 0.1452 0.1897 -0.2642
v 0.1480 0.1930 -0.2674
v 0.1438 0.1925 -0.2631
v 0.1327 0.2293 -0.2240
v 0.1379 0.2204 -0.2366
v 0.1439 0.2242 -0.2348
v 0.1451 0.2425 -0.2013
v 0.1492 0.2362 -0.2157
v 0.2051 0.2189 -0.2345
v 0.1931 0.2195 -0.2411
v 0.2056 0.2189 -0.2413
v 0.2232 0.2112 -0.2251
v 0.2243 0.2139 -0.2280
v 0.2295 0.2095 -0.2249
v 0.2337 0.2013 -0.2265
v 0.2366 0.1993 -0.2295
v 0.2360 0.1931 -0.2259
v 0.2197 0.1833 -0.2073
v 0.2184 0.1878 -0.2132
v 0.2231 0.1814 -0.2125
v 0.2142 0.2044 -0.2128
v 0.2179 0.2078 -0.2197
v 0.2263 0.1777 -0.2076
v 0.2265 0.1776 -0.2123
v 0.2367 0.1767 -0.2011
v 0.2390 0.1777 -0.2039
v 0.2417 0.1765 -0.2005
v 0.2547 0.1858 -0.2063
v 0.2654 0.1902 -0.2053
v 0.2919 0.1881 -0.1766
v 0.3033 0.1907 -0.1793
v 0.3107 0.1878 -0.1716
v 0.3289 0.1707 -0.1531
v 0.3220 0.1733 -0.1588
v 0.3279 0.1724 -0.1571
v 0.3284 0.1706 -0.1424
v 0.3217 0.1651 -0.1473
v 0.3234 0.1674 -0.1499
v 0.3116 0.1595 -0.1477
v 0.3033 0.1634 -0.1532
v 0.3123 0.1666 -0.1549
v 0.2956 0.1734 -0.1622
v 0.2907 0.1833 -0.1709
v 0.3001 0.1786 -0.1653
v 0.3165 0.1638 -0.1498
v 0.3501 0.1953 -0.1045
v 0.3570 0.1973 -0.1050
v 0.3628 0.1983 -0.0647
v 0.3994 0.2005 -0.0535
v 0.4022 0.2029 -0.0583
v 0.4106 0.2003 -0.0545
v 0.4230 0.1804 -0.0327
v 0.4232 0.1833 -0.0415
v 0.4297 0.1769 -0.0324
v 0.4471 0.1576 -0.0118
v 0.4443 0.1627 -0.0194
v 0.4496 0.1579 -0.0187
v 0.4318 0.1676 -0.0022
v 0.4379 0.1642 -0.0017
v 0.4585 0.1571 0.0113
v 0.4537 0.1532 0.0059
v 0.4585 0.1522 0.0081
v 0.4709 0.1579 0.0177
v 0.4680 0.1591 0.0160
v 0.4728 0.1554 0.0157
v 0.4856 0.1354 0.0388
v 0.4880 0.1355 0.0329
v 0.4876 0.1285 0.0366
v 0.4771 0.1096 0.0412
v 0.4808 0.1192 0.0412
v 0.4805 0.1092 0.0376
v 0.4675 0.0892 0.0434
v 0.4619 0.0911 0.0453
v 0.4650 0.0703 0.0445
v 0.4660 0.0777 0.0441
v 0.4533 0.0926 0.0530
v 0.4538 0.1008 0.0518
v 0.4567 0.0908 0.0501
v 0.4760 0.0838 0.0348
v 0.4769 0.0937 0.0306
v 0.4736 0.0860 0.0286
v 0.4647 0.0791 0.0234
v 0.4537 0.0707 0.0098
v 0.4543 0.0738 0.0134
v 0.4533 0.0775 0.0073
v 0.4517 0.0602 -0.0072
v 0.4547 0.0624 -0.0049
v 0.4562 0.0581 -0.0178
v 0.4539 0.0452 -0.0387
v 0.4488 0.0399 -0.0446
v 0.4451 0.0394 -0.0393
v 0.4215 0.0317 -0.0497
v 0.4264 0.0319 -0.0571
v 0.4134 0.0286 -0.0559
v 0.4134 0.0217 -0.0982
v 0.4040 0.0175 -0.1065
v 0.4033 0.0173 -0.1007
v 0.3846 0.0152 -0.1015
v 0.3598 0.0179 -0.1378
v 0.3100 0.0189 -0.1149
v 0.3098 0.0215 -0.1193
v 0.2994 0.0177 -0.1144
v 0.2689 0.0277 -0.1113
v 0.2707 0.0286 -0.1145
v 0.2671 0.0305 -0.1117
v 0.2547 0.0467 -0.0970
v 0.2539 0.0445 -0.0871
v 0.2483 0.0638 -0.1148
v 0.2470 0.0622 -0.1221
v 0.2443 0.0716 -0.1170
v 0.2473 0.0328 -0.1427
v 0.2494 0.0299 -0.1446
v 0.2432 0.0339 -0.1467
v 0.2857 0.0225 -0.1528
v 0.2735 0.0213 -0.1578
v 0.2710 0.0229 -0.1518
v 0.2435 0.0304 -0.1506
v 0.2370 0.0346 -0.1557
v 0.2111 0.0539 -0.1777
v 0.2076 0.0604 -0.1767
v 0.2146 0.0651 -0.1677
v 0.1927 0.0677 -0.1968
v 0.1886 0.0570 -0.2083
v 0.1846 0.0625 -0.2164
v 0.1810 0.0668 -0.2220
v 0.1834 0.0701 -0.2164
v 0.1864 0.0470 -0.2244
v 0.1838 0.0530 -0.2249
v 0.1863 0.0517 -0.2192
v 0.1611 0.0635 -0.2420
v 0.1375 0.0654 -0.2603
v 0.1572 0.0708 -0.2436
v 0.1839 0.0332 -0.2402
v 0.1753 0.0389 -0.2434
v 0.1856 0.0366 -0.2365
v 0.1660 0.0310 -0.2587
v 0.1554 0.0354 -0.2639
v 0.1650 0.0370 -0.2537
v 0.1381 0.0546 -0.2633
v 0.1156 0.0564 -0.2848
v 0.1277 0.0584 -0.2718
v 0.1044 0.0854 -0.2907
v 0.1010 0.0966 -0.2966
v 0.1044 0.0999 -0.2914
v 0.0994 0.1086 -0.3013
v 0.0967 0.1113 -0.3061
v 0.1022 0.1137 -0.3004
v 0.1238 0.1380 -0.2936
v 0.1142 0.1289 -0.2966
v 0.1179 0.1414 -0.3065
v 0.1436 0.1549 -0.2868
v 0.1536 0.1635 -0.2807
v 0.1546 0.1929 -0.2783
v 0.1540 0.1876 -0.2857
v 0.1559 0.1918 -0.2860
v 0.1572 0.2052 -0.2636
v 0.1650 0.2103 -0.2589
v 0.1565 0.2138 -0.2521
v 0.1837 0.2187 -0.2465
v 0.1757 0.2179 -0.2480
v 0.1852 0.2175 -0.2506
v 0.2186 0.2195 -0.2367
v 0.2131 0.2194 -0.2418
v 0.2175 0.2204 -0.2412
v 0.2304 0.2190 -0.2325
v 0.2368 0.2181 -0.2339
v 0.2336 0.2142 -0.2295
v 0.2417 0.1983 -0.2307
v 0.2419 0.2042 -0.2358
v 0.2441 0.2004 -0.2339
v 0.2434 0.1920 -0.2247
v 0.2382 0.1950 -0.2288
v 0.2496 0.1958 -0.2249
v 0.2358 0.1802 -0.2128
v 0.2301 0.1809 -0.2176
v 0.2359 0.1822 -0.2174
v 0.2630 0.1939 -0.2129
v 0.2590 0.1967 -0.2194
v 0.2669 0.1976 -0.2170
v 0.2981 0.1937 -0.1896
v 0.3093 0.1960 -0.1937
v 0.3083 0.1935 -0.1856
v 0.3277 0.1806 -0.1688
v 0.3297 0.1840 -0.1746
v 0.3333 0.1760 -0.1666
v 0.3443 0.1833 -0.1412
v 0.3409 0.1746 -0.1524
v 0.3548 0.1848 -0.1452
v 0.3519 0.1934 -0.1251
v 0.3552 0.1931 -0.1293
v 0.3648 0.1934 -0.1266
v 0.3742 0.2012 -0.1040
v 0.3827 0.2017 -0.1067
v 0.3838 0.2052 -0.1012
v 0.4011 0.2052 -0.0707
v 0.3894 0.2058 -0.0833
v 0.3978 0.2062 -0.0842
v 0.4106 0.2011 -0.0577
v 0.4090 0.2017 -0.0707
v 0.4134 0.1945 -0.0638
v 0.4296 0.1812 -0.0559
v 0.4340 0.1811 -0.0711
v 0.4440 0.1728 -0.0565
v 0.4742 0.1481 -0.0267
v 0.4655 0.1545 -0.0346
v 0.4754 0.1507 -0.0361
v 0.4736 0.1379 -0.0035
v 0.4756 0.1411 -0.0072
v 0.4765 0.1378 -0.0062
v 0.4664 0.1291 -0.0052
v 0.4650 0.1329 0.0004
v 0.4701 0.1347 -0.0029
v 0.4752 0.1369 0.0132
v 0.4708 0.1343 0.0107
v 0.4702 0.1267 0.0147
v 0.4518 0.1518 0.0007
v 0.4556 0.1495 0.0038
v 0.4556 0.1539 -0.0200
v 0.4613 0.1505 -0.0198
v 0.4585 0.1478 -0.0112
v 0.4778 0.1288 0.0189
v 0.4570 0.0910 0.0175
v 0.4567 0.1029 0.0124
v 0.4553 0.0970 0.0118
v 0.4538 0.0794 0.0114
v 0.4558 0.0969 0.0041
v 0.4550 0.0803 0.0044
v 0.4611 0.0776 -0.0154
v 0.4618 0.0752 -0.0247
v 0.4581 0.0629 -0.0162
v 0.4542 0.0440 -0.0516
v 0.4273 0.0313 -0.0752
v 0.4365 0.0352 -0.0814
v 0.4330 0.0329 -0.0924
v 0.4445 0.0340 -0.1052
v 0.4341 0.0312 -0.1081
v 0.4355 0.0321 -0.1011
v 0.4099 0.0227 -0.1400
v 0.4033 0.0237 -0.1446
v 0.3917 0.0206 -0.1398
v 0.3699 0.0217 -0.1501
v 0.3683 0.0254 -0.1522
v 0.3593 0.0208 -0.1443
v 0.3181 0.0191 -0.1157
v 0.3263 0.0201 -0.1210
v 0.3167 0.0209 -0.1192
v 0.2968 0.0216 -0.1206
v 0.3040 0.0279 -0.1254
v 0.2958 0.0297 -0.1255
v 0.2790 0.0364 -0.1261
v 0.2793 0.0382 -0.1292
v 0.2754 0.0393 -0.1263
v 0.2630 0.0367 -0.1122
v 0.2632 0.0416 -0.1183
v 0.2584 0.0463 -0.1134
v 0.2561 0.0437 -0.1315
v 0.2511 0.0398 -0.1361
v 0.2505 0.0511 -0.1287
v 0.2530 0.0333 -0.1376
v 0.2544 0.0302 -0.1398
v 0.2509 0.0335 -0.1401
v 0.2889 0.0333 -0.1438
v 0.2969 0.0334 -0.1467
v 0.2941 0.0281 -0.1492
v 0.2957 0.0208 -0.1641
v 0.2914 0.0179 -0.1794
v 0.2855 0.0197 -0.1649
v 0.2290 0.0229 -0.1863
v 0.2306 0.0213 -0.1926
v 0.2222 0.0225 -0.1937
v 0.2275 0.0298 -0.1729
v 0.2174 0.0355 -0.1819
v 0.2273 0.0355 -0.1684
v 0.2075 0.0420 -0.1899
v 0.2049 0.0509 -0.1875
v 0.1944 0.0297 -0.2182
v 0.1961 0.0275 -0.2250
v 0.1917 0.0342 -0.2183
v 0.1919 0.0322 -0.2356
v 0.1911 0.0299 -0.2407
v 0.1886 0.0324 -0.2388
v 0.1769 0.0274 -0.2518
v 0.1832 0.0227 -0.2627
v 0.1739 0.0217 -0.2727
v 0.1430 0.0311 -0.2802
v 0.1267 0.0331 -0.2908
v 0.1417 0.0358 -0.2758
v 0.1172 0.0400 -0.2985
v 0.1133 0.0477 -0.3009
v 0.1135 0.0520 -0.2931
v 0.1096 0.0607 -0.2941
v 0.1042 0.0695 -0.2985
v 0.1099 0.0682 -0.2869
v 0.0982 0.0913 -0.3011
v 0.0937 0.0852 -0.3035
v 0.0932 0.0909 -0.3040
v 0.0902 0.1042 -0.3089
v 0.0937 0.1126 -0.3102
v 0.1036 0.1211 -0.3032
v 0.0999 0.1241 -0.3135
v 0.1030 0.1296 -0.3151
v 0.1134 0.1484 -0.3306
v 0.1108 0.1478 -0.3383
v 0.1273 0.1611 -0.3300
v 0.1537 0.1829 -0.2922
v 0.1516 0.1754 -0.2979
v 0.1525 0.1833 -0.2997
v 0.1618 0.1977 -0.2810
v 0.1580 0.1952 -0.2811
v 0.1597 0.1949 -0.2859
v 0.1777 0.2113 -0.2586
v 0.1708 0.2084 -0.2635
v 0.1793 0.2082 -0.2651
v 0.2012 0.2150 -0.2574
v 0.1998 0.2168 -0.2533
v 0.1939 0.2141 -0.2565
v 0.2145 0.2202 -0.2489
v 0.2063 0.2169 -0.2584
v 0.2141 0.2201 -0.2567
v 0.2305 0.2215 -0.2354
v 0.2305 0.2244 -0.2464
v 0.2367 0.2222 -0.2397
v 0.2487 0.2021 -0.2360
v 0.2435 0.2057 -0.2414
v 0.2488 0.2044 -0.2391
v 0.2760 0.2052 -0.2290
v 0.2736 0.2107 -0.2388
v 0.2815 0.2085 -0.2358
v 0.3194 0.2001 -0.2085
v 0.3102 0.2039 -0.2224
v 0.3189 0.2037 -0.2247
v 0.3429 0.1920 -0.1897
v 0.3397 0.1936 -0.1889
v 0.3467 0.1944 -0.1936
v 0.3495 0.1756 -0.1785
v 0.3444 0.1793 -0.1788
v 0.3497 0.1785 -0.1811
v 0.3520 0.1757 -0.1589
v 0.3517 0.1732 -0.1651
v 0.3578 0.1756 -0.1647
v 0.3379 0.1788 -0.1735
v 0.3437 0.1751 -0.1736
v 0.3393 0.1762 -0.1720
v 0.3463 0.1854 -0.1858
v 0.3835 0.1918 -0.1424
v 0.3763 0.1885 -0.1552
v 0.3902 0.1914 -0.1523
v 0.4158 0.1967 -0.1229
v 0.4167 0.1988 -0.1344
v 0.4190 0.1978 -0.1267
v 0.4219 0.1867 -0.0747
v 0.4201 0.1897 -0.0862
v 0.4274 0.1855 -0.0785
v 0.4187 0.1873 -0.0702
v 0.4151 0.1881 -0.0780
v 0.4188 0.1874 -0.0748
v 0.4142 0.1931 -0.0978
v 0.4122 0.1955 -0.1017
v 0.4152 0.1932 -0.1027
v 0.3922 0.1982 -0.1135
v 0.3967 0.1954 -0.1194
v 0.4010 0.1978 -0.1131
v 0.3956 0.2035 -0.1064
v 0.3904 0.2013 -0.1087
v 0.3970 0.2006 -0.1094
v 0.4012 0.2071 -0.0970
v 0.4031 0.2059 -0.0999
v 0.4046 0.2062 -0.0888
v 0.4073 0.2030 -0.0852
v 0.4068 0.2025 -0.0956
v 0.4129 0.1931 -0.0862
v 0.4168 0.1911 -0.0546
v 0.4163 0.1903 -0.0611
v 0.4186 0.1875 -0.0569
v 0.4536 0.1703 -0.0772
v 0.4657 0.1611 -0.0615
v 0.4941 0.1387 -0.0207
v 0.4864 0.1454 -0.0353
v 0.4958 0.1399 -0.0322
v 0.4940 0.1343 -0.0214
v 0.4942 0.1281 -0.0284
v 0.4892 0.1268 -0.0231
v 0.4739 0.1051 -0.0221
v 0.4717 0.0983 -0.0262
v 0.4689 0.0997 -0.0184
v 0.4654 0.0880 -0.0206
v 0.4678 0.0898 -0.0310
v 0.4641 0.0828 -0.0248
v 0.4596 0.0660 -0.0673
v 0.4571 0.0593 -0.0745
v 0.4577 0.0535 -0.0554
v 0.4485 0.0426 -0.0915
v 0.4501 0.0418 -0.0964
v 0.4440 0.0389 -0.0910
v 0.4510 0.0376 -0.1088
v 0.4471 0.0351 -0.1087
v 0.4389 0.0391 -0.1456
v 0.4303 0.0399 -0.1601
v 0.4233 0.0332 -0.1508
v 0.3955 0.0267 -0.1545
v 0.4019 0.0325 -0.1634
v 0.3913 0.0309 -0.1627
v 0.3712 0.0285 -0.1562
v 0.3726 0.0331 -0.1622
v 0.3643 0.0329 -0.1555
v 0.3420 0.0311 -0.1424
v 0.3406 0.0374 -0.1485
v 0.3297 0.0363 -0.1414
v 0.3025 0.0349 -0.1303
v 0.3112 0.0401 -0.1376
v 0.3012 0.0381 -0.1350
v 0.2828 0.0389 -0.1323
v 0.2881 0.0396 -0.1345
v 0.2818 0.0394 -0.1365
v 0.2716 0.0399 -0.1264
v 0.2707 0.0392 -0.1308
v 0.2666 0.0405 -0.1259
v 0.2818 0.0358 -0.1398
v 0.2872 0.0356 -0.1403
v 0.3070 0.0379 -0.1460
v 0.3123 0.0391 -0.1488
v 0.3054 0.0342 -0.1496
v 0.3246 0.0331 -0.1601
v 0.3377 0.0316 -0.1683
v 0.3261 0.0296 -0.1654
v 0.3133 0.0237 -0.1736
v 0.3044 0.0203 -0.1785
v 0.2522 0.0180 -0.1957
v 0.2759 0.0163 -0.1962
v 0.2618 0.0172 -0.1995
v 0.2094 0.0283 -0.1995
v 0.2131 0.0244 -0.2025
v 0.2039 0.0263 -0.2078
v 0.1960 0.0278 -0.2165
v 0.2004 0.0257 -0.2234
v 0.2051 0.0256 -0.2349
v 0.2011 0.0285 -0.2379
v 0.2000 0.0273 -0.2301
v 0.2041 0.0260 -0.2422
v 0.2317 0.0148 -0.2641
v 0.2007 0.0234 -0.2526
v 0.2246 0.0152 -0.2697
v 0.2028 0.0166 -0.2804
v 0.1555 0.0217 -0.2869
v 0.1370 0.0173 -0.3122
v 0.1349 0.0224 -0.2998
v 0.1181 0.0340 -0.3108
v 0.1145 0.0362 -0.3164
v 0.1140 0.0415 -0.3087
v 0.1051 0.0639 -0.3039
v 0.1039 0.0578 -0.3095
v 0.1009 0.0619 -0.3090
v 0.0783 0.0550 -0.3038
v 0.0760 0.0680 -0.3005
v 0.0882 0.0644 -0.3053
v 0.0655 0.0576 -0.3017
v 0.0650 0.0438 -0.3088
v 0.0531 0.0549 -0.3045
v 0.0457 0.0771 -0.2961
v 0.0438 0.0856 -0.2950
v 0.0586 0.0852 -0.2955
v 0.0929 0.0742 -0.3056
v 0.0923 0.0796 -0.3043
v 0.0992 0.0746 -0.3039
v 0.0863 0.0908 -0.3046
v 0.0870 0.0959 -0.3057
v 0.0787 0.1145 -0.3122
v 0.0705 0.1168 -0.3113
v 0.0703 0.1197 -0.3151
v 0.0981 0.1260 -0.3194
v 0.0947 0.1279 -0.3223
v 0.1028 0.1376 -0.3294
v 0.0947 0.1367 -0.3317
v 0.0996 0.1391 -0.3334
v 0.1058 0.1453 -0.3390
v 0.0991 0.1481 -0.3438
v 0.1051 0.1478 -0.3436
v 0.1475 0.1740 -0.3119
v 0.1423 0.1711 -0.3194
v 0.1476 0.1759 -0.3206
v 0.1536 0.1929 -0.2991
v 0.1520 0.1890 -0.3050
v 0.1520 0.1946 -0.3033
v 0.1666 0.2007 -0.2972
v 0.1616 0.2004 -0.2977
v 0.1583 0.2079 -0.3025
v 0.1756 0.2042 -0.2755
v 0.1834 0.2065 -0.2697
v 0.2012 0.2061 -0.2645
v 0.2031 0.2091 -0.2627
v 0.1980 0.2059 -0.2647
v 0.2198 0.2217 -0.2625
v 0.2176 0.2224 -0.2600
v 0.2155 0.2200 -0.2613
v 0.2368 0.2132 -0.2528
v 0.2315 0.2213 -0.2561
v 0.2337 0.2148 -0.2559
v 0.2479 0.2072 -0.2466
v 0.2486 0.2090 -0.2525
v 0.2539 0.2091 -0.2485
v 0.2746 0.2146 -0.2532
v 0.2661 0.2174 -0.2615
v 0.2742 0.2172 -0.2619
v 0.2992 0.2133 -0.2466
v 0.3002 0.2141 -0.2578
v 0.3042 0.2123 -0.2489
v 0.3187 0.2072 -0.2460
v 0.3112 0.2104 -0.2569
v 0.3257 0.2066 -0.2578
v 0.3585 0.1920 -0.2033
v 0.3654 0.1933 -0.2112
v 0.3660 0.1891 -0.2046
v 0.3725 0.1753 -0.1905
v 0.3735 0.1762 -0.1949
v 0.3797 0.1746 -0.1883
v 0.3972 0.1817 -0.1834
v 0.3962 0.1780 -0.1884
v 0.4041 0.1822 -0.1847
v 0.4192 0.1973 -0.1424
v 0.4233 0.1944 -0.1465
v 0.4238 0.1960 -0.1427
v 0.4455 0.1781 -0.0931
v 0.4407 0.1840 -0.1111
v 0.4568 0.1711 -0.1007
v 0.4901 0.1465 -0.0485
v 0.4877 0.1497 -0.0683
v 0.4927 0.1466 -0.0659
v 0.4968 0.1319 -0.0324
v 0.4738 0.0983 -0.0397
v 0.4607 0.0748 -0.0745
v 0.4637 0.0814 -0.0770
v 0.4617 0.0755 -0.0799
v 0.4545 0.0469 -0.0633
v 0.4543 0.0525 -0.0778
v 0.4587 0.0590 -0.0942
v 0.4592 0.0499 -0.1022
v 0.4548 0.0527 -0.0932
v 0.4534 0.0401 -0.1141
v 0.4544 0.0483 -0.1361
v 0.4493 0.0391 -0.1241
v 0.4196 0.0342 -0.1571
v 0.4229 0.0383 -0.1633
v 0.4126 0.0350 -0.1638
v 0.3988 0.0364 -0.1725
v 0.3876 0.0377 -0.1769
v 0.3907 0.0356 -0.1717
v 0.3664 0.0374 -0.1635
v 0.3667 0.0400 -0.1674
v 0.3588 0.0400 -0.1607
v 0.3271 0.0400 -0.1439
v 0.3342 0.0388 -0.1476
v 0.3299 0.0397 -0.1498
v 0.3168 0.0397 -0.1427
v 0.3105 0.0395 -0.1436
v 0.3314 0.0384 -0.1569
v 0.3352 0.0395 -0.1596
v 0.3321 0.0360 -0.1607
v 0.3504 0.0391 -0.1666
v 0.3573 0.0396 -0.1725
v 0.3525 0.0376 -0.1724
v 0.3407 0.0286 -0.1761
v 0.3536 0.0320 -0.1884
v 0.3501 0.0292 -0.1956
v 0.3183 0.0234 -0.1952
v 0.3139 0.0226 -0.2107
v 0.3091 0.0219 -0.1996
v 0.2792 0.0164 -0.2063
v 0.2851 0.0184 -0.2162
v 0.2776 0.0183 -0.2224
v 0.2456 0.0190 -0.2302
v 0.2571 0.0181 -0.2399
v 0.2427 0.0180 -0.2447
v 0.2363 0.0139 -0.2690
v 0.2356 0.0146 -0.2733
v 0.2309 0.0140 -0.2693
v 0.2122 0.0150 -0.2888
v 0.2188 0.0148 -0.2971
v 0.2135 0.0145 -0.2973
v 0.1615 0.0164 -0.3132
v 0.1507 0.0148 -0.3308
v 0.1226 0.0269 -0.3147
v 0.1263 0.0216 -0.3203
v 0.1234 0.0257 -0.3220
v 0.1105 0.0355 -0.3223
v 0.1104 0.0407 -0.3165
v 0.1056 0.0519 -0.3113
v 0.1097 0.0500 -0.3135
v 0.1014 0.0488 -0.3146
v 0.0949 0.0301 -0.3239
v 0.1017 0.0221 -0.3312
v 0.0756 0.0283 -0.3222
v 0.0422 0.0587 -0.3029
v 0.0488 0.0525 -0.3074
v 0.0405 0.0542 -0.3057
v 0.0307 0.0524 -0.3056
v 0.0366 0.0491 -0.3088
v 0.0300 0.0464 -0.3086
v 0.0319 0.0332 -0.3195
v 0.0360 0.0303 -0.3268
v 0.0310 0.0302 -0.3242
v 0.0036 0.0332 -0.3271
v 0.0045 0.0273 -0.3334
v -0.0023 0.0291 -0.3333
v 0.0058 0.0217 -0.3444
v 0.0108 0.0188 -0.3507
v 0.0032 0.0202 -0.3493
v -0.0361 0.0182 -0.3588
v -0.0237 0.0174 -0.3772
v -0.0392 0.0171 -0.3696
v -0.1089 0.0172 -0.3345
v -0.1067 0.0157 -0.3577
v -0.1232 0.0224 -0.3390
v -0.1196 0.0215 -0.3487
v -0.1254 0.0225 -0.3439
v -0.1382 0.0183 -0.3460
v -0.1402 0.0178 -0.3578
v -0.1794 0.0169 -0.3475
v -0.1728 0.0186 -0.3674
v -0.1841 0.0182 -0.3643
v -0.2178 0.0208 -0.3622
v -0.2329 0.0213 -0.3738
v -0.2445 0.0230 -0.3671
v -0.2951 0.0201 -0.3435
v -0.2953 0.0187 -0.3374
v -0.3228 0.0316 -0.3251
v -0.3255 0.0326 -0.3311
v -0.3327 0.0372 -0.3209
v -0.3567 0.0494 -0.3057
v -0.3558 0.0536 -0.3141
v -0.3616 0.0554 -0.3083
v -0.3928 0.0536 -0.2708
v -0.3887 0.0549 -0.2773
v -0.3941 0.0560 -0.2742
v -0.4087 0.0708 -0.2809
v -0.4084 0.0724 -0.2715
v -0.4053 0.0810 -0.2398
v -0.4058 0.0779 -0.2486
v -0.4060 0.0860 -0.2402
v -0.4067 0.0908 -0.2525
v -0.4107 0.1010 -0.2711
v -0.4073 0.1045 -0.2592
v -0.4038 0.1157 -0.2567
v -0.4080 0.1194 -0.2759
v -0.4058 0.1342 -0.2863
v -0.4040 0.1551 -0.3042
v -0.4093 0.1440 -0.3147
v -0.4043 0.1556 -0.3097
v -0.3935 0.1653 -0.3214
v -0.3922 0.1669 -0.3186
v -0.3963 0.1640 -0.3182
v -0.3633 0.1796 -0.3111
v -0.3706 0.1763 -0.3179
v -0.3572 0.1811 -0.3238
v -0.3218 0.1948 -0.3362
v -0.3210 0.1957 -0.3422
v -0.3110 0.2007 -0.3585
v -0.3100 0.1999 -0.3682
v -0.3056 0.2033 -0.3603
v -0.2839 0.2106 -0.3503
v -0.2857 0.2134 -0.3463
v -0.2947 0.2106 -0.3492
v -0.2674 0.2188 -0.3487
v -0.2767 0.2122 -0.3505
v -0.2678 0.2140 -0.3516
v -0.2371 0.2150 -0.3410
v -0.2515 0.2151 -0.3505
v -0.2313 0.2115 -0.3434
v -0.2247 0.2061 -0.3425
v -0.2211 0.2003 -0.3443
v -0.2189 0.2034 -0.3382
v -0.1937 0.1946 -0.3210
v -0.1998 0.1969 -0.3201
v -0.2024 0.1973 -0.3282
v -0.1811 0.2002 -0.3390
v -0.1728 0.2045 -0.3450
v -0.1715 0.1997 -0.3332
v -0.1411 0.2019 -0.3278
v -0.1259 0.2003 -0.3193
v -0.1132 0.1951 -0.3061
v -0.1174 0.1939 -0.3085
v -0.1176 0.1970 -0.3119
v -0.1048 0.2133 -0.3020
v -0.1006 0.2179 -0.3005
v -0.1088 0.2149 -0.2922
v -0.0961 0.2270 -0.2630
v -0.1019 0.2237 -0.2767
v -0.0927 0.2278 -0.2711
v -0.0752 0.2341 -0.2523
v -0.0688 0.2325 -0.2631
v -0.0664 0.2356 -0.2444
v -0.0456 0.2445 -0.1690
v -0.0492 0.2404 -0.2040
v -0.0420 0.2404 -0.1885
v -0.0260 0.2459 -0.1158
v -0.0301 0.2439 -0.1348
v -0.0248 0.2435 -0.1231
v -0.0098 0.2299 -0.0990
v -0.0163 0.2370 -0.1112
v -0.0155 0.2316 -0.1184
v 0.0179 0.2303 -0.0777
v 0.0010 0.2289 -0.0882
v 0.0128 0.2278 -0.0844
v 0.0006 0.2265 -0.0956
v -0.0034 0.2251 -0.1022
v 0.0046 0.2227 -0.1045
v 0.0122 0.2156 -0.1308
v 0.0070 0.2137 -0.1368
v 0.0109 0.2119 -0.1433
v 0.0173 0.2063 -0.1610
v 0.0176 0.2038 -0.1719
v 0.0204 0.2053 -0.1632
v 0.0353 0.1886 -0.1660
v 0.0336 0.1895 -0.1847
v 0.0437 0.1763 -0.2157
v 0.0438 0.1797 -0.2285
v 0.0463 0.1750 -0.2270
v 0.0584 0.1526 -0.2575
v 0.0605 0.1478 -0.2598
v 0.0584 0.1482 -0.2567
v 0.0432 0.1368 -0.2367
v 0.0484 0.1303 -0.2553
v 0.0432 0.1281 -0.2542
v 0.0175 0.1367 -0.2152
v 0.0240 0.1331 -0.2280
v 0.0174 0.1313 -0.2315
v -0.0052 0.1369 -0.2265
v -0.0066 0.1406 -0.2189
v -0.0166 0.1559 -0.1934
v -0.0192 0.1623 -0.1909
v -0.0197 0.1858 -0.1567
v -0.0201 0.1871 -0.1470
v -0.0271 0.2013 -0.1365
v -0.0280 0.2027 -0.1429
v -0.0317 0.2002 -0.1390
v -0.0411 0.1941 -0.1535
v -0.0426 0.1919 -0.1675
v -0.0464 0.1892 -0.2038
v -0.0522 0.1836 -0.2150
v -0.0495 0.1867 -0.1950
v -0.0583 0.1713 -0.2606
v -0.0537 0.1726 -0.2720
v -0.0571 0.1682 -0.2755
v -0.0622 0.1601 -0.2887
v -0.0619 0.1556 -0.2982
v -0.0681 0.1577 -0.2911
v -0.0618 0.1559 -0.3094
v -0.0539 0.1597 -0.3172
v -0.0648 0.1545 -0.3107
v -0.0624 0.1638 -0.3336
v -0.0647 0.1666 -0.3366
v -0.0679 0.1620 -0.3346
v -0.0726 0.1465 -0.3338
v -0.0775 0.1539 -0.3330
v -0.0728 0.1498 -0.3365
v -0.0400 0.1432 -0.3331
v -0.0498 0.1492 -0.3397
v -0.0293 0.1443 -0.3379
v -0.0080 0.1301 -0.3276
v -0.0146 0.1363 -0.3313
v -0.0054 0.1360 -0.3376
v 0.0083 0.1192 -0.3148
v 0.0074 0.1193 -0.3202
v 0.0124 0.1203 -0.3172
v -0.0033 0.1489 -0.2927
v 0.0017 0.1331 -0.3045
v 0.0064 0.1382 -0.3101
v -0.0119 0.1430 -0.2518
v -0.0107 0.1431 -0.2683
v -0.0154 0.1521 -0.2400
v -0.0205 0.1786 -0.1917
v -0.0148 0.1794 -0.2224
v -0.0162 0.1857 -0.1905
v -0.0132 0.1995 -0.1508
v -0.0152 0.1950 -0.1584
v -0.0120 0.1969 -0.1637
v -0.0200 0.2057 -0.1385
v -0.0240 0.2065 -0.1429
v -0.0206 0.2004 -0.1381
v -0.0386 0.1946 -0.1780
v -0.0441 0.1908 -0.1894
v -0.0458 0.1890 -0.1777
v -0.0444 0.1923 -0.2488
v -0.0439 0.1877 -0.2714
v -0.0473 0.1861 -0.2525
v -0.0486 0.1741 -0.2858
v -0.0478 0.1704 -0.2943
v -0.0532 0.1675 -0.2872
v -0.0443 0.1656 -0.3096
v -0.0351 0.1784 -0.3200
v -0.0442 0.1657 -0.3145
v -0.0445 0.1807 -0.3307
v -0.0507 0.1780 -0.3343
v -0.0482 0.1766 -0.3325
v -0.0687 0.1641 -0.3374
v -0.0713 0.1657 -0.3424
v -0.0721 0.1597 -0.3378
v -0.0618 0.1580 -0.3480
v -0.0595 0.1615 -0.3551
v -0.0486 0.1533 -0.3460
v -0.0256 0.1608 -0.3668
v -0.0348 0.1732 -0.3886
v -0.0170 0.1597 -0.3686
v -0.0092 0.1482 -0.3543
v -0.0001 0.1457 -0.3566
v 0.0006 0.1413 -0.3505
v 0.0003 0.1289 -0.3301
v 0.0020 0.1339 -0.3383
v 0.0081 0.1298 -0.3338
v 0.0199 0.1318 -0.3219
v 0.0205 0.1370 -0.3203
v 0.0148 0.1315 -0.3197
v 0.0023 0.1538 -0.2978
v 0.0082 0.1449 -0.3089
v -0.0048 0.1582 -0.2806
v -0.0009 0.1586 -0.2882
v -0.0064 0.1797 -0.2460
v -0.0050 0.1776 -0.2545
v -0.0024 0.1831 -0.2462
v -0.0099 0.1934 -0.1902
v -0.0103 0.1888 -0.2149
v -0.0056 0.1945 -0.2003
v -0.0037 0.2088 -0.1435
v -0.0028 0.2044 -0.1604
v 0.0023 0.2099 -0.1473
v -0.0119 0.2125 -0.1274
v -0.0084 0.2129 -0.1299
v -0.0104 0.2155 -0.1256
v -0.0124 0.2036 -0.1422
v -0.0085 0.2069 -0.1420
v -0.0111 0.2077 -0.1394
v -0.0265 0.2083 -0.1591
v -0.0253 0.2131 -0.1650
v -0.0301 0.2076 -0.1793
v -0.0416 0.1984 -0.2223
v -0.0412 0.2019 -0.2381
v -0.0430 0.1966 -0.2375
v -0.0404 0.1871 -0.2912
v -0.0411 0.1809 -0.2971
v -0.0427 0.1840 -0.2857
v -0.0390 0.1745 -0.3121
v -0.0331 0.1819 -0.3201
v -0.0432 0.2054 -0.3320
v -0.0557 0.1879 -0.3395
v -0.0539 0.1799 -0.3379
v -0.0527 0.2109 -0.3381
v -0.0736 0.1710 -0.3476
v -0.0782 0.1717 -0.3543
v -0.0736 0.1682 -0.3546
v -0.0741 0.1689 -0.3661
v -0.0799 0.1711 -0.3719
v -0.0710 0.1688 -0.3698
v -0.0535 0.1722 -0.3806
v -0.0486 0.1785 -0.3938
v -0.0462 0.1690 -0.3758
v -0.0340 0.1866 -0.4197
v -0.0173 0.1906 -0.4497
v -0.0169 0.1859 -0.4351
v 0.0006 0.1530 -0.3727
v -0.0050 0.1611 -0.3846
v 0.0024 0.1557 -0.3793
v 0.0144 0.1514 -0.3667
v 0.0173 0.1560 -0.3692
v 0.0194 0.1540 -0.3578
v 0.0260 0.1499 -0.3452
v 0.0264 0.1553 -0.3521
v 0.0319 0.1535 -0.3440
v 0.0353 0.1532 -0.3337
v 0.0356 0.1593 -0.3318
v 0.0320 0.1536 -0.3312
v 0.0121 0.1414 -0.3137
v 0.0166 0.1458 -0.3173
v 0.0131 0.1466 -0.3129
v 0.0084 0.1592 -0.2997
v 0.0128 0.1616 -0.3037
v 0.0110 0.1653 -0.2968
v -0.0047 0.1881 -0.2308
v 0.0124 0.1831 -0.2626
v -0.0010 0.1999 -0.1843
v -0.0016 0.1951 -0.2076
v 0.0032 0.1961 -0.2118
v 0.0135 0.2031 -0.1789
v 0.0087 0.2011 -0.1889
v 0.0136 0.2007 -0.1898
v 0.0226 0.1984 -0.1871
v 0.0242 0.1953 -0.2061
v 0.0289 0.1937 -0.1928
v 0.0444 0.1790 -0.2585
v 0.0382 0.1827 -0.2598
v 0.0425 0.1791 -0.2739
v 0.0503 0.1721 -0.2450
v 0.0521 0.1663 -0.2420
v 0.0640 0.1420 -0.2608
v 0.0659 0.1455 -0.2632
v 0.0725 0.1388 -0.2628
v 0.0521 0.1334 -0.2581
v 0.0595 0.1320 -0.2639
v 0.0537 0.1302 -0.2681
v 0.0438 0.1212 -0.2670
v 0.0505 0.1185 -0.2757
v 0.0469 0.1147 -0.2788
v 0.0198 0.1241 -0.2510
v 0.0280 0.1173 -0.2665
v 0.0213 0.1167 -0.2693
v -0.0042 0.1313 -0.2510
v -0.0092 0.1363 -0.2520
v -0.0081 0.1391 -0.2322
v -0.0191 0.1602 -0.2046
v -0.0175 0.1554 -0.2178
v -0.0192 0.1616 -0.2120
v -0.0070 0.1368 -0.2779
v -0.0083 0.1418 -0.2769
v 0.0081 0.1138 -0.3124
v 0.0110 0.1173 -0.3072
v 0.0131 0.1129 -0.3122
v 0.0097 0.1091 -0.3140
v 0.0128 0.1094 -0.3134
v -0.0024 0.1284 -0.2709
v 0.0040 0.1212 -0.2809
v 0.0072 0.1161 -0.2972
v 0.0149 0.1112 -0.2929
v 0.0178 0.1060 -0.3017
v 0.0145 0.1089 -0.3034
v 0.0246 0.0953 -0.2962
v 0.0251 0.1023 -0.2944
v 0.0304 0.0956 -0.2960
v 0.0532 0.0905 -0.2954
v 0.0459 0.0977 -0.2981
v 0.0542 0.0971 -0.2973
v 0.0692 0.1102 -0.2972
v 0.0699 0.1139 -0.3034
v 0.0706 0.1073 -0.3037
v 0.0700 0.1145 -0.3078
v 0.0649 0.1193 -0.3087
v 0.0647 0.1318 -0.3058
v 0.0598 0.1370 -0.3100
v 0.0598 0.1300 -0.3094
v 0.0687 0.1261 -0.3188
v 0.0702 0.1296 -0.3222
v 0.0789 0.1260 -0.3202
v 0.0924 0.1403 -0.3343
v 0.0920 0.1477 -0.3394
v 0.0941 0.1429 -0.3376
v 0.0996 0.1562 -0.3502
v 0.1044 0.1578 -0.3555
v 0.1040 0.1536 -0.3508
v 0.1215 0.1592 -0.3484
v 0.1173 0.1570 -0.3551
v 0.1218 0.1595 -0.3547
v 0.1411 0.1768 -0.3391
v 0.1399 0.1793 -0.3449
v 0.1439 0.1823 -0.3399
v 0.1466 0.1940 -0.3260
v 0.1456 0.1993 -0.3258
v 0.1456 0.2009 -0.3165
v 0.1541 0.2034 -0.3035
v 0.1552 0.2068 -0.3032
v 0.1574 0.2038 -0.3011
v 0.1680 0.2039 -0.2988
v 0.1742 0.2080 -0.3004
v 0.1741 0.2047 -0.2982
v 0.1960 0.2052 -0.2683
v 0.1917 0.2048 -0.2792
v 0.1993 0.2045 -0.2749
v 0.2115 0.2053 -0.2722
v 0.2138 0.2062 -0.2745
v 0.2139 0.2105 -0.2679
v 0.2297 0.2120 -0.2625
v 0.2286 0.2148 -0.2612
v 0.2256 0.2131 -0.2640
v 0.2420 0.2107 -0.2636
v 0.2364 0.2107 -0.2692
v 0.2413 0.2105 -0.2683
v 0.2542 0.2196 -0.2716
v 0.2567 0.2230 -0.2733
v 0.2600 0.2197 -0.2678
v 0.2987 0.2169 -0.2727
v 0.2862 0.2202 -0.2824
v 0.2942 0.2211 -0.2914
v 0.3134 0.2130 -0.2664
v 0.3202 0.2127 -0.2728
v 0.3219 0.2098 -0.2658
v 0.3557 0.1997 -0.2482
v 0.3522 0.2013 -0.2628
v 0.3629 0.1986 -0.2562
v 0.3764 0.1893 -0.2169
v 0.3752 0.1885 -0.2100
v 0.3918 0.1748 -0.1925
v 0.3894 0.1740 -0.2015
v 0.3970 0.1749 -0.1928
v 0.4235 0.1858 -0.1726
v 0.4239 0.1804 -0.1858
v 0.4286 0.1840 -0.1739
v 0.4469 0.1798 -0.1507
v 0.4261 0.1936 -0.1508
v 0.4465 0.1783 -0.1626
v 0.4694 0.1632 -0.1127
v 0.4694 0.1641 -0.1291
v 0.4825 0.1543 -0.1184
v 0.4938 0.1481 -0.0914
v 0.4932 0.1465 -0.1023
v 0.4952 0.1464 -0.0885
v 0.4993 0.1356 -0.0539
v 0.4991 0.1387 -0.0636
v 0.5004 0.1313 -0.0633
v 0.4812 0.1068 -0.0494
v 0.4836 0.1096 -0.0641
v 0.4746 0.0993 -0.0560
v 0.4754 0.0996 -0.0813
v 0.4740 0.0946 -0.0889
v 0.4693 0.0912 -0.0772
v 0.4588 0.0674 -0.0867
v 0.4640 0.0741 -0.0917
v 0.4592 0.0667 -0.0902
v 0.4659 0.0705 -0.0988
v 0.4706 0.0846 -0.0970
v 0.4730 0.0840 -0.1002
v 0.4790 0.0912 -0.1138
v 0.4778 0.0960 -0.1254
v 0.4782 0.0862 -0.1141
v 0.4626 0.0552 -0.1223
v 0.4649 0.0617 -0.1307
v 0.4594 0.0508 -0.1284
v 0.4419 0.0512 -0.1744
v 0.4448 0.0628 -0.1814
v 0.4393 0.0535 -0.1821
v 0.4225 0.0545 -0.2044
v 0.4119 0.0523 -0.2090
v 0.4100 0.0454 -0.1963
v 0.3810 0.0388 -0.1789
v 0.3864 0.0426 -0.1956
v 0.3751 0.0403 -0.1828
v 0.3756 0.0408 -0.1908
v 0.3657 0.0398 -0.1810
v 0.3703 0.0354 -0.2062
v 0.3796 0.0385 -0.2105
v 0.3748 0.0321 -0.2231
v 0.3294 0.0238 -0.2062
v 0.3383 0.0214 -0.2281
v 0.3236 0.0231 -0.2132
v 0.2720 0.0187 -0.2332
v 0.2702 0.0178 -0.2500
v 0.2805 0.0173 -0.2757
v 0.2904 0.0173 -0.2923
v 0.2794 0.0195 -0.2887
v 0.2545 0.0253 -0.3119
v 0.2530 0.0287 -0.3251
v 0.2469 0.0269 -0.3192
v 0.2228 0.0188 -0.3104
v 0.2133 0.0170 -0.3099
v 0.1771 0.0165 -0.3165
v 0.1788 0.0159 -0.3296
v 0.1648 0.0153 -0.3272
v 0.1356 0.0193 -0.3291
v 0.1449 0.0166 -0.3314
v 0.1457 0.0175 -0.3401
v 0.1158 0.0251 -0.3336
v 0.1209 0.0276 -0.3302
v 0.1229 0.0252 -0.3319
v 0.1121 0.0222 -0.3365
v 0.1095 0.0198 -0.3392
v 0.0606 0.0222 -0.3305
v 0.0667 0.0193 -0.3356
v 0.0533 0.0190 -0.3407
v 0.0420 0.0399 -0.3180
v 0.0476 0.0353 -0.3206
v 0.0416 0.0351 -0.3228
v 0.0352 0.0270 -0.3301
v 0.0403 0.0286 -0.3289
v 0.0301 0.0212 -0.3405
v 0.0425 0.0198 -0.3420
v 0.0409 0.0168 -0.3499
v -0.0036 0.0154 -0.3710
v 0.0046 0.0114 -0.3751
v 0.0014 0.0118 -0.3780
v -0.0227 0.0171 -0.3927
v -0.0368 0.0168 -0.3811
v -0.1093 0.0166 -0.3723
v -0.1008 0.0171 -0.4083
v -0.1282 0.0176 -0.3916
v -0.1301 0.0221 -0.3551
v -0.1252 0.0198 -0.3638
v -0.1302 0.0213 -0.3609
v -0.1295 0.0195 -0.3697
v -0.1270 0.0180 -0.3759
v -0.1357 0.0184 -0.3688
v -0.1472 0.0203 -0.3893
v -0.1522 0.0226 -0.4008
v -0.1585 0.0213 -0.3876
v -0.2020 0.0181 -0.3817
v -0.2123 0.0167 -0.3994
v -0.2167 0.0179 -0.3862
v -0.2384 0.0209 -0.3816
v -0.2471 0.0230 -0.3767
v -0.2766 0.0237 -0.3595
v -0.2747 0.0257 -0.3682
v -0.2857 0.0243 -0.3617
v -0.3197 0.0281 -0.3468
v -0.3325 0.0370 -0.3312
v -0.3514 0.0590 -0.3297
v -0.3465 0.0543 -0.3354
v -0.3462 0.0612 -0.3440
v -0.3644 0.0600 -0.3104
v -0.3629 0.0690 -0.3229
v -0.3738 0.0765 -0.3222
v -0.3896 0.0711 -0.2957
v -0.3908 0.0776 -0.3031
v -0.3935 0.0736 -0.2931
v -0.3979 0.0687 -0.2857
v -0.4028 0.0749 -0.2911
v -0.4042 0.0707 -0.2866
v -0.4138 0.0857 -0.2864
v -0.4118 0.0805 -0.2912
v -0.4136 0.0860 -0.2914
v -0.4114 0.1082 -0.2765
v -0.4117 0.1132 -0.2837
v -0.4097 0.1127 -0.2731
v -0.4117 0.1223 -0.3066
v -0.4115 0.1192 -0.3093
v -0.4111 0.1252 -0.3124
v -0.4042 0.1492 -0.3275
v -0.4022 0.1539 -0.3233
v -0.4059 0.1472 -0.3228
v -0.3892 0.1628 -0.3296
v -0.3649 0.1735 -0.3404
v -0.3526 0.1787 -0.3509
v -0.3579 0.1781 -0.3398
v -0.3340 0.1878 -0.3681
v -0.3361 0.1847 -0.3718
v -0.3248 0.1941 -0.3739
v -0.3081 0.1985 -0.3771
v -0.3049 0.1961 -0.3875
v -0.2972 0.2011 -0.3783
v -0.2818 0.2073 -0.3612
v -0.2736 0.2042 -0.3650
v -0.2790 0.2070 -0.3595
v -0.2594 0.2115 -0.3547
v -0.2653 0.2093 -0.3566
v -0.2672 0.2047 -0.3616
v -0.2402 0.2056 -0.3563
v -0.2460 0.2028 -0.3639
v -0.2385 0.2020 -0.3613
v -0.2130 0.1972 -0.3460
v -0.2149 0.1968 -0.3551
v -0.2057 0.1977 -0.3463
v -0.2001 0.2003 -0.3547
v -0.1881 0.2080 -0.3699
v -0.1847 0.2030 -0.3501
v -0.1616 0.2067 -0.3433
v -0.1553 0.2116 -0.3502
v -0.1522 0.2101 -0.3452
v -0.1211 0.2037 -0.3225
v -0.1210 0.2058 -0.3273
v -0.1129 0.2076 -0.3224
v -0.1126 0.1986 -0.3090
v -0.1137 0.2002 -0.3144
v -0.1089 0.2039 -0.3083
v -0.0860 0.2278 -0.2939
v -0.0940 0.2213 -0.3016
v -0.0911 0.2207 -0.3070
v -0.0788 0.2312 -0.2693
v -0.0528 0.2327 -0.2414
v -0.0498 0.2282 -0.2516
v -0.0486 0.2306 -0.2390
v -0.0327 0.2350 -0.1820
v -0.0381 0.2341 -0.2007
v -0.0367 0.2305 -0.2048
v -0.0201 0.2308 -0.1381
v -0.0155 0.2276 -0.1238
v -0.0082 0.2236 -0.1052
v -0.0095 0.2275 -0.1028
v -0.0092 0.2217 -0.1138
v -0.0249 0.2173 -0.1710
v -0.0303 0.2224 -0.1915
v -0.0303 0.2166 -0.1910
v -0.0370 0.2116 -0.2185
v -0.0395 0.2119 -0.2360
v -0.0394 0.2058 -0.2268
v -0.0411 0.2105 -0.2773
v -0.0419 0.2099 -0.2877
v -0.0402 0.2056 -0.2810
v -0.0381 0.1907 -0.3005
v -0.0353 0.1891 -0.3120
v -0.0374 0.1863 -0.3042
v -0.0377 0.1979 -0.3147
v -0.0380 0.2014 -0.3200
v -0.0338 0.1924 -0.3208
v -0.0526 0.2185 -0.3348
v -0.0512 0.2154 -0.3352
v -0.0463 0.2150 -0.3310
v -0.0808 0.2186 -0.3372
v -0.0596 0.2187 -0.3378
v -0.0698 0.2236 -0.3348
v -0.1043 0.2130 -0.3305
v -0.1002 0.2141 -0.3333
v -0.0985 0.2181 -0.3309
v -0.1078 0.2046 -0.3443
v -0.1095 0.2075 -0.3498
v -0.1026 0.2020 -0.3441
v -0.0919 0.1952 -0.3380
v -0.0901 0.1948 -0.3415
v -0.0913 0.1989 -0.3374
v -0.0827 0.1979 -0.3418
v -0.0836 0.2045 -0.3392
v -0.0877 0.2003 -0.3394
v -0.0802 0.1955 -0.3430
v -0.0759 0.2026 -0.3411
v -0.0687 0.1878 -0.3450
v -0.0668 0.1969 -0.3432
v -0.0733 0.1888 -0.3465
v -0.0801 0.1770 -0.3553
v -0.0829 0.1823 -0.3601
v -0.0818 0.1756 -0.3630
v -0.0832 0.1721 -0.3732
v -0.0834 0.1747 -0.3836
v -0.0826 0.1715 -0.3772
v -0.0637 0.1759 -0.3885
v -0.0606 0.1856 -0.4052
v -0.0564 0.1785 -0.3927
v -0.0418 0.1881 -0.4155
v -0.0500 0.1908 -0.4183
v -0.0407 0.1900 -0.4268
v -0.0131 0.1898 -0.4556
v -0.0137 0.1872 -0.4440
v 0.0043 0.1616 -0.4054
v 0.0056 0.1627 -0.4128
v 0.0093 0.1597 -0.4106
v 0.0176 0.1599 -0.3819
v 0.0182 0.1608 -0.3911
v 0.0212 0.1640 -0.3821
v 0.0325 0.1646 -0.3598
v 0.0242 0.1661 -0.3695
v 0.0330 0.1692 -0.3677
v 0.0379 0.1585 -0.3375
v 0.0372 0.1573 -0.3449
v 0.0424 0.1600 -0.3399
v 0.0341 0.1717 -0.3265
v 0.0351 0.1686 -0.3278
v 0.0379 0.1720 -0.3269
v 0.0254 0.1599 -0.3266
v 0.0238 0.1645 -0.3246
v 0.0184 0.1599 -0.3221
v 0.0173 0.1688 -0.3092
v 0.0170 0.1658 -0.3132
v 0.0173 0.1702 -0.3147
v 0.0300 0.1812 -0.2762
v 0.0245 0.1776 -0.2873
v 0.0311 0.1781 -0.2911
v 0.0400 0.1785 -0.2866
v 0.0460 0.1768 -0.2868
v 0.0581 0.1672 -0.2797
v 0.0643 0.1636 -0.2830
v 0.0656 0.1591 -0.2774
v 0.0761 0.1469 -0.2736
v 0.0721 0.1556 -0.2784
v 0.0764 0.1484 -0.2776
v 0.0771 0.1332 -0.2631
v 0.0808 0.1360 -0.2709
v 0.0814 0.1302 -0.2681
v 0.0682 0.1210 -0.2622
v 0.0733 0.1166 -0.2666
v 0.0683 0.1167 -0.2664
v 0.0643 0.1276 -0.2630
v 0.0639 0.1351 -0.2618
v 0.0576 0.1257 -0.2698
v 0.0557 0.1246 -0.2738
v 0.0533 0.1268 -0.2701
v 0.0679 0.1126 -0.2708
v 0.0700 0.1091 -0.2780
v 0.0665 0.1106 -0.2760
v 0.0771 0.1128 -0.2723
v 0.0774 0.1123 -0.2752
v 0.0745 0.1123 -0.2709
v 0.0550 0.1117 -0.2854
v 0.0589 0.1094 -0.2918
v 0.0502 0.1095 -0.2924
v 0.0358 0.1083 -0.2879
v 0.0361 0.1027 -0.2936
v 0.0315 0.1065 -0.2891
v 0.0380 0.0976 -0.2979
v 0.0416 0.1020 -0.2974
v 0.0477 0.1014 -0.2982
v 0.0433 0.1079 -0.2961
v 0.0474 0.1074 -0.2969
v 0.0701 0.1141 -0.2977
v 0.0775 0.1205 -0.2942
v 0.0777 0.1308 -0.2944
v 0.0757 0.1254 -0.2972
v 0.0832 0.1258 -0.2800
v 0.0815 0.1292 -0.2880
v 0.0814 0.1230 -0.2879
v 0.0813 0.1187 -0.2751
v 0.0814 0.1186 -0.2801
v 0.0768 0.1168 -0.2913
v 0.0730 0.1153 -0.2955
v 0.0757 0.1548 -0.2861
v 0.0787 0.1455 -0.2799
v 0.0665 0.1547 -0.3026
v 0.0646 0.1603 -0.3080
v 0.0646 0.1571 -0.3055
v 0.0604 0.1413 -0.3112
v 0.0575 0.1371 -0.3136
v 0.0641 0.1395 -0.3256
v 0.0639 0.1427 -0.3266
v 0.0682 0.1383 -0.3264
v 0.0746 0.1514 -0.3343
v 0.0696 0.1572 -0.3355
v 0.0750 0.1577 -0.3384
v 0.0921 0.1634 -0.3519
v 0.0850 0.1745 -0.3624
v 0.0897 0.1819 -0.3732
v 0.1106 0.1546 -0.3537
v 0.1095 0.1577 -0.3574
v 0.1155 0.1542 -0.3529
v 0.1168 0.1595 -0.3619
v 0.1191 0.1601 -0.3648
v 0.1205 0.1598 -0.3612
v 0.1312 0.1687 -0.3662
v 0.1284 0.1675 -0.3730
v 0.1339 0.1720 -0.3660
v 0.1425 0.1865 -0.3426
v 0.1438 0.1928 -0.3402
v 0.1454 0.1891 -0.3340
v 0.1507 0.2107 -0.3151
v 0.1485 0.2079 -0.3212
v 0.1515 0.2091 -0.3319
v 0.1710 0.2147 -0.3077
v 0.1702 0.2165 -0.3118
v 0.1816 0.2171 -0.3081
v 0.1855 0.2059 -0.2948
v 0.1873 0.2089 -0.2988
v 0.1903 0.2068 -0.2941
v 0.2019 0.2070 -0.2985
v 0.1965 0.2095 -0.3021
v 0.2016 0.2097 -0.3054
v 0.2247 0.2098 -0.2760
v 0.2172 0.2081 -0.2845
v 0.2266 0.2106 -0.2844
v 0.2374 0.2123 -0.2751
v 0.2426 0.2143 -0.2750
v 0.2543 0.2256 -0.2811
v 0.2501 0.2243 -0.2861
v 0.2543 0.2261 -0.2861
v 0.2677 0.2251 -0.2931
v 0.2643 0.2252 -0.2987
v 0.2702 0.2257 -0.3033
v 0.3066 0.2194 -0.2887
v 0.3085 0.2217 -0.3034
v 0.3158 0.2199 -0.2940
v 0.3103 0.2158 -0.2703
v 0.3158 0.2161 -0.2756
v 0.3432 0.2037 -0.2737
v 0.3460 0.2018 -0.2822
v 0.3482 0.2021 -0.2721
v 0.3707 0.1960 -0.2495
v 0.3725 0.1971 -0.2580
v 0.3767 0.1926 -0.2469
v 0.3899 0.1762 -0.2124
v 0.3929 0.1728 -0.2254
v 0.3933 0.1708 -0.2127
v 0.4046 0.1750 -0.1935
v 0.4024 0.1725 -0.1960
v 0.4132 0.1708 -0.1993
v 0.4340 0.1740 -0.1943
v 0.4301 0.1774 -0.1918
v 0.4305 0.1735 -0.1971
v 0.4554 0.1698 -0.1736
v 0.4580 0.1653 -0.1837
v 0.4712 0.1592 -0.1769
v 0.4715 0.1570 -0.1819
v 0.4730 0.1548 -0.1761
v 0.4779 0.1424 -0.1446
v 0.4776 0.1473 -0.1572
v 0.4719 0.1440 -0.1580
v 0.4647 0.1357 -0.1552
v 0.4639 0.1374 -0.1592
v 0.4647 0.1310 -0.1548
v 0.4759 0.1138 -0.1444
v 0.4715 0.1203 -0.1507
v 0.4718 0.1132 -0.1516
v 0.4752 0.0872 -0.1278
v 0.4735 0.0774 -0.1218
v 0.4651 0.0893 -0.1610
v 0.4609 0.0904 -0.1695
v 0.4584 0.0826 -0.1701
v 0.4343 0.0534 -0.1929
v 0.4382 0.0584 -0.1908
v 0.4359 0.0568 -0.1949
v 0.4292 0.0580 -0.2047
v 0.4260 0.0566 -0.2068
v 0.4177 0.0582 -0.2162
v 0.4144 0.0572 -0.2220
v 0.4105 0.0545 -0.2169
v 0.4000 0.0465 -0.2053
v 0.3967 0.0470 -0.2117
v 0.3904 0.0442 -0.2068
v 0.3814 0.0343 -0.2278
v 0.3766 0.0291 -0.2375
v 0.3642 0.0221 -0.2535
v 0.3527 0.0173 -0.2668
v 0.3523 0.0175 -0.2560
v 0.3298 0.0192 -0.2513
v 0.3169 0.0177 -0.2685
v 0.3061 0.0209 -0.2370
v 0.2995 0.0169 -0.3056
v 0.2905 0.0222 -0.3104
v 0.2881 0.0193 -0.2979
v 0.2584 0.0293 -0.3244
v 0.2802 0.0313 -0.3376
v 0.2617 0.0303 -0.3322
v 0.2326 0.0221 -0.3178
v 0.2394 0.0251 -0.3250
v 0.2315 0.0226 -0.3240
v 0.2188 0.0170 -0.3236
v 0.2217 0.0154 -0.3320
v 0.2161 0.0162 -0.3271
v 0.1979 0.0169 -0.3305
v 0.1964 0.0162 -0.3382
v 0.1936 0.0174 -0.3356
v 0.1875 0.0132 -0.3509
v 0.1915 0.0121 -0.3581
v 0.1794 0.0150 -0.3541
v 0.1601 0.0195 -0.3701
v 0.1680 0.0214 -0.3937
v 0.1585 0.0237 -0.3908
v 0.1357 0.0212 -0.3366
v 0.1432 0.0205 -0.3473
v 0.1388 0.0225 -0.3450
v 0.1220 0.0220 -0.3462
v 0.1304 0.0228 -0.3524
v 0.1263 0.0212 -0.3539
v 0.0964 0.0200 -0.3357
v 0.1058 0.0172 -0.3423
v 0.0765 0.0197 -0.3339
v 0.0749 0.0115 -0.3725
v 0.0876 0.0107 -0.3886
v 0.0643 0.0099 -0.3839
v 0.0339 0.0106 -0.3861
v 0.0355 0.0105 -0.3999
v 0.0256 0.0097 -0.3895
v 0.0068 0.0114 -0.3954
v 0.0014 0.0164 -0.4112
v -0.0034 0.0150 -0.3975
v -0.0608 0.0187 -0.4243
v -0.0365 0.0193 -0.4174
v -0.0491 0.0202 -0.4298
v -0.1085 0.0216 -0.4509
v -0.1077 0.0241 -0.4704
v -0.1395 0.0232 -0.4344
v -0.1632 0.0220 -0.4230
v -0.1582 0.0250 -0.4365
v -0.1663 0.0218 -0.4403
v -0.2105 0.0170 -0.4351
v -0.2221 0.0169 -0.4232
v -0.2526 0.0208 -0.4154
v -0.2593 0.0226 -0.4161
v -0.2599 0.0250 -0.3975
v -0.2866 0.0343 -0.3804
v -0.2826 0.0361 -0.3884
v -0.2884 0.0389 -0.3881
v -0.3255 0.0334 -0.3518
v -0.3132 0.0295 -0.3594
v -0.3153 0.0347 -0.3679
v -0.3406 0.0524 -0.3491
v -0.3355 0.0542 -0.3680
v -0.3402 0.0568 -0.3558
v -0.3561 0.0629 -0.3247
v -0.3526 0.0651 -0.3333
v -0.3570 0.0692 -0.3297
v -0.3808 0.0863 -0.3260
v -0.3773 0.0909 -0.3321
v -0.3851 0.0879 -0.3236
v -0.4022 0.0813 -0.2975
v -0.3984 0.0860 -0.3028
v -0.4021 0.0862 -0.3013
v -0.4115 0.0877 -0.2970
v -0.4151 0.0945 -0.2935
v -0.4151 0.1052 -0.2894
v -0.4139 0.1098 -0.2907
v -0.4080 0.1159 -0.3180
v -0.4071 0.1245 -0.3273
v -0.4100 0.1229 -0.3175
v -0.4045 0.1341 -0.3395
v -0.3987 0.1284 -0.3505
v -0.3945 0.1339 -0.3538
v -0.3727 0.1532 -0.3667
v -0.3552 0.1615 -0.3819
v -0.3742 0.1589 -0.3561
v -0.3460 0.1793 -0.3640
v -0.3011 0.1936 -0.3970
v -0.2924 0.1926 -0.4062
v -0.2841 0.1958 -0.4059
v -0.2688 0.2009 -0.3820
v -0.2695 0.1983 -0.3971
v -0.2576 0.1986 -0.3895
v -0.2506 0.2056 -0.3596
v -0.2552 0.2032 -0.3656
v -0.2245 0.1977 -0.3728
v -0.2270 0.1976 -0.3836
v -0.2164 0.1996 -0.3757
v -0.1905 0.2100 -0.3819
v -0.1964 0.2075 -0.3856
v -0.1795 0.2191 -0.3955
v -0.1546 0.2165 -0.3591
v -0.1523 0.2203 -0.3726
v -0.1467 0.2167 -0.3578
v -0.1238 0.2059 -0.3325
v -0.1246 0.2089 -0.3407
v -0.1178 0.2065 -0.3319
v -0.0990 0.2144 -0.3147
v -0.1027 0.2118 -0.3198
v -0.1012 0.2148 -0.3221
v -0.0678 0.2226 -0.3115
v -0.0686 0.2223 -0.3197
v -0.0621 0.2214 -0.3130
v -0.0478 0.2241 -0.2736
v -0.0543 0.2280 -0.2822
v -0.0492 0.2229 -0.2881
v -0.0388 0.2177 -0.2292
v -0.0419 0.2202 -0.2431
v -0.0402 0.2163 -0.2392
v -0.0438 0.2251 -0.2399
v -0.0454 0.2236 -0.2535
v -0.0389 0.2027 -0.2835
v -0.0397 0.2054 -0.2860
v -0.0394 0.2013 -0.2965
v -0.0508 0.2162 -0.3146
v -0.0537 0.2182 -0.3211
v -0.0478 0.2143 -0.3195
v -0.0634 0.2236 -0.3045
v -0.0557 0.2206 -0.3054
v -0.0587 0.2223 -0.3288
v -0.0540 0.2197 -0.3312
v -0.0475 0.2164 -0.3272
v -0.0943 0.2201 -0.3264
v -0.0913 0.2223 -0.3286
v -0.0912 0.2225 -0.3251
v -0.1067 0.2109 -0.3314
v -0.1109 0.2092 -0.3306
v -0.1033 0.2056 -0.3533
v -0.0988 0.2013 -0.3501
v -0.0840 0.1926 -0.3472
v -0.0899 0.1939 -0.3556
v -0.0874 0.1913 -0.3552
v -0.0880 0.1951 -0.3685
v -0.0867 0.1946 -0.3746
v -0.0850 0.1869 -0.3675
v -0.0868 0.1829 -0.3827
v -0.0858 0.1902 -0.3900
v -0.0878 0.1831 -0.3886
v -0.0766 0.1760 -0.3960
v -0.0783 0.1767 -0.3999
v -0.0746 0.1782 -0.3987
v -0.0776 0.1845 -0.4126
v -0.0792 0.1868 -0.4185
v -0.0753 0.1857 -0.4144
v -0.0608 0.1907 -0.4183
v -0.0701 0.1909 -0.4368
v -0.0596 0.1919 -0.4316
v -0.0499 0.1984 -0.4657
v -0.0392 0.1987 -0.4748
v -0.0438 0.1980 -0.4655
v -0.0130 0.1878 -0.4813
v -0.0066 0.1812 -0.4921
v -0.0071 0.1820 -0.4786
v 0.0135 0.1643 -0.4268
v 0.0134 0.1652 -0.4372
v 0.0193 0.1655 -0.4267
v 0.0329 0.1785 -0.4098
v 0.0369 0.1820 -0.4203
v 0.0382 0.1820 -0.4043
v 0.0501 0.1757 -0.3697
v 0.0409 0.1801 -0.3841
v 0.0689 0.1890 -0.3826
v 0.0696 0.1607 -0.3390
v 0.0673 0.1675 -0.3503
v 0.0759 0.1654 -0.3476
v 0.0670 0.1535 -0.3306
v 0.0691 0.1538 -0.3327
v 0.0700 0.1475 -0.3304
v 0.0608 0.1496 -0.3207
v 0.0632 0.1479 -0.3266
v 0.0593 0.1467 -0.3207
v 0.0618 0.1695 -0.3249
v 0.0614 0.1680 -0.3281
v 0.0642 0.1657 -0.3237
v 0.0591 0.1711 -0.3261
v 0.0579 0.1694 -0.3283
v 0.0648 0.1720 -0.3062
v 0.0638 0.1684 -0.3130
v 0.0661 0.1647 -0.3049
v 0.0698 0.1627 -0.2909
v 0.0681 0.1649 -0.2977
v 0.0487 0.1762 -0.3218
v 0.0472 0.1749 -0.3241
v 0.0537 0.1746 -0.3213
v 0.0628 0.1720 -0.2988
v 0.0558 0.1731 -0.2942
v 0.0559 0.1747 -0.3031
v 0.0239 0.1763 -0.3092
v 0.0273 0.1764 -0.3152
v 0.0364 0.1786 -0.3091
v 0.0210 0.1727 -0.3188
v 0.0219 0.1685 -0.3222
v 0.0227 0.1720 -0.3214
v 0.0769 0.1779 -0.3652
v 0.0805 0.1712 -0.3566
v 0.0817 0.1881 -0.3773
v 0.0844 0.1938 -0.3873
v 0.0946 0.1852 -0.3804
v 0.1130 0.1696 -0.3719
v 0.1201 0.1673 -0.3742
v 0.1214 0.1634 -0.3672
v 0.1403 0.1929 -0.3668
v 0.1365 0.1789 -0.3732
v 0.1387 0.1867 -0.3750
v 0.1477 0.2043 -0.3411
v 0.1520 0.2077 -0.3534
v 0.1610 0.2162 -0.3204
v 0.1683 0.2189 -0.3285
v 0.1723 0.2200 -0.3246
v 0.1853 0.2127 -0.3040
v 0.1872 0.2174 -0.3084
v 0.1995 0.2141 -0.3107
v 0.1967 0.2205 -0.3184
v 0.2069 0.2155 -0.3165
v 0.2345 0.2139 -0.2921
v 0.2418 0.2168 -0.3036
v 0.2438 0.2185 -0.2940
v 0.2507 0.2237 -0.2911
v 0.2506 0.2210 -0.3013
v 0.2547 0.2239 -0.2956
v 0.2654 0.2263 -0.3098
v 0.2654 0.2279 -0.3147
v 0.2706 0.2278 -0.3141
v 0.2836 0.2268 -0.3161
v 0.2802 0.2294 -0.3235
v 0.2883 0.2269 -0.3271
v 0.3209 0.2216 -0.3030
v 0.3210 0.2208 -0.3117
v 0.3252 0.2191 -0.3035
v 0.3465 0.2002 -0.2937
v 0.3439 0.2014 -0.3106
v 0.3490 0.1963 -0.3200
v 0.3641 0.1944 -0.2806
v 0.3612 0.1940 -0.2886
v 0.3700 0.1918 -0.2861
v 0.3875 0.1822 -0.2468
v 0.3874 0.1848 -0.2659
v 0.3935 0.1776 -0.2553
v 0.4024 0.1557 -0.2204
v 0.4007 0.1601 -0.2220
v 0.4036 0.1564 -0.2231
v 0.4130 0.1544 -0.2113
v 0.4141 0.1523 -0.2142
v 0.4155 0.1586 -0.2100
v 0.4477 0.1596 -0.2014
v 0.4403 0.1585 -0.2090
v 0.4429 0.1545 -0.2119
v 0.4711 0.1540 -0.1804
v 0.4682 0.1550 -0.1861
v 0.4575 0.1322 -0.1711
v 0.4588 0.1362 -0.1732
v 0.4556 0.1350 -0.1879
v 0.4559 0.1260 -0.1708
v 0.4542 0.1259 -0.1775
v 0.4554 0.1192 -0.1707
v 0.4637 0.1062 -0.1657
v 0.4555 0.0963 -0.1794
v 0.4633 0.0998 -0.1668
v 0.4485 0.0877 -0.1869
v 0.4494 0.0951 -0.1859
v 0.4462 0.0917 -0.1906
v 0.4272 0.0635 -0.2110
v 0.4264 0.0691 -0.2178
v 0.4239 0.0638 -0.2164
v 0.4257 0.0595 -0.2321
v 0.4313 0.0727 -0.2391
v 0.4250 0.0566 -0.2339
v 0.3987 0.0482 -0.2223
v 0.4020 0.0480 -0.2300
v 0.3956 0.0465 -0.2238
v 0.4015 0.0455 -0.2368
v 0.4093 0.0459 -0.2501
v 0.3969 0.0424 -0.2398
v 0.3839 0.0308 -0.2716
v 0.3905 0.0333 -0.2852
v 0.3834 0.0311 -0.2870
v 0.3496 0.0175 -0.2734
v 0.3492 0.0197 -0.2838
v 0.3452 0.0182 -0.2761
v 0.3133 0.0159 -0.2821
v 0.3288 0.0165 -0.2854
v 0.3275 0.0131 -0.3036
v 0.3151 0.0159 -0.3139
v 0.3193 0.0179 -0.3178
v 0.3105 0.0171 -0.3188
v 0.2898 0.0266 -0.3231
v 0.2979 0.0276 -0.3313
v 0.2946 0.0306 -0.3377
v 0.2944 0.0345 -0.3563
v 0.3158 0.0388 -0.3747
v 0.2944 0.0347 -0.3671
v 0.2407 0.0255 -0.3313
v 0.2383 0.0232 -0.3353
v 0.2190 0.0057 -0.3558
v 0.2225 0.0054 -0.3578
v 0.2191 0.0042 -0.3611
v 0.2118 0.0061 -0.3569
v 0.2116 0.0054 -0.3612
v 0.1998 0.0095 -0.3566
v 0.2129 0.0059 -0.3709
v 0.2162 0.0071 -0.3751
v 0.2023 0.0174 -0.3867
v 0.1771 0.0221 -0.3965
v 0.1864 0.0238 -0.4039
v 0.1709 0.0228 -0.4023
v 0.1512 0.0252 -0.3887
v 0.1506 0.0266 -0.3972
v 0.1454 0.0249 -0.3885
v 0.1235 0.0171 -0.3640
v 0.1421 0.0245 -0.3957
v 0.1224 0.0168 -0.3768
v 0.0888 0.0114 -0.3767
v 0.0592 0.0068 -0.4010
v 0.0542 0.0075 -0.4071
v 0.0503 0.0089 -0.3960
v 0.0487 0.0127 -0.4404
v 0.0348 0.0186 -0.4610
v 0.0391 0.0131 -0.4300
v -0.0008 0.0227 -0.4311
v 0.0025 0.0236 -0.4390
v -0.0026 0.0236 -0.4354
v -0.0210 0.0218 -0.4289
v -0.0341 0.0217 -0.4309
v -0.0604 0.0228 -0.4641
v -0.0641 0.0230 -0.4801
v -0.0684 0.0215 -0.4612
v -0.0896 0.0225 -0.4781
v -0.1048 0.0253 -0.4770
v -0.1460 0.0246 -0.4302
v -0.1455 0.0261 -0.4386
v -0.1528 0.0254 -0.4273
v -0.1679 0.0224 -0.4497
v -0.1638 0.0271 -0.4554
v -0.1707 0.0224 -0.4509
v -0.2091 0.0177 -0.4458
v -0.1928 0.0177 -0.4512
v -0.1984 0.0190 -0.4563
v -0.2383 0.0210 -0.4429
v -0.2410 0.0238 -0.4521
v -0.2610 0.0235 -0.4449
v -0.2790 0.0330 -0.4077
v -0.2811 0.0325 -0.4238
v -0.2834 0.0369 -0.4152
v -0.2949 0.0466 -0.3993
v -0.2919 0.0492 -0.4052
v -0.2984 0.0507 -0.4004
v -0.3172 0.0413 -0.3827
v -0.3102 0.0436 -0.3896
v -0.3202 0.0435 -0.3843
v -0.3300 0.0539 -0.3754
v -0.3250 0.0437 -0.3795
v -0.3240 0.0506 -0.3833
v -0.3516 0.0774 -0.3471
v -0.3452 0.0748 -0.3594
v -0.3524 0.0843 -0.3503
v -0.3676 0.0880 -0.3362
v -0.3681 0.0964 -0.3418
v -0.3751 0.1015 -0.3409
v -0.3934 0.0958 -0.3203
v -0.3929 0.1020 -0.3275
v -0.4004 0.1051 -0.3205
v -0.4042 0.1172 -0.3270
v -0.4000 0.1187 -0.3359
v -0.4035 0.1274 -0.3409
v -0.3954 0.1300 -0.3538
v -0.3858 0.1311 -0.3707
v -0.3820 0.1312 -0.3763
v -0.3821 0.1350 -0.3739
v -0.3580 0.1473 -0.3953
v -0.3506 0.1444 -0.4067
v -0.3509 0.1508 -0.4004
v -0.3064 0.1774 -0.4148
v -0.2952 0.1761 -0.4278
v -0.2931 0.1870 -0.4156
v -0.3160 0.1419 -0.4395
v -0.3099 0.1494 -0.4390
v -0.3207 0.1466 -0.4322
v -0.2770 0.1886 -0.4330
v -0.2632 0.1962 -0.4099
v -0.2673 0.1961 -0.4226
v -0.2559 0.1939 -0.4183
v -0.2396 0.1981 -0.3803
v -0.2412 0.1978 -0.3865
v -0.2339 0.1974 -0.3813
v -0.2306 0.1936 -0.4179
v -0.2362 0.1912 -0.4222
v -0.2250 0.1938 -0.4230
v -0.1843 0.2171 -0.4004
v -0.1795 0.2197 -0.4037
v -0.1576 0.2221 -0.3929
v -0.1522 0.2218 -0.4070
v -0.1318 0.2217 -0.4087
v -0.1332 0.2216 -0.3950
v -0.1385 0.2198 -0.3725
v -0.0960 0.2050 -0.3657
v -0.0998 0.2115 -0.3698
v -0.0967 0.2115 -0.3778
v -0.0844 0.1962 -0.3864
v -0.0859 0.1973 -0.3823
v -0.0845 0.2013 -0.3874
v -0.0901 0.1801 -0.3980
v -0.0855 0.1813 -0.4008
v -0.0845 0.1783 -0.3991
v -0.0826 0.1866 -0.4121
v -0.0831 0.1880 -0.4179
v -0.0838 0.1917 -0.4348
v -0.0889 0.1947 -0.4383
v -0.0840 0.1916 -0.4405
v -0.0602 0.1942 -0.4484
v -0.0718 0.1968 -0.4668
v -0.0381 0.1968 -0.5022
v -0.0362 0.1954 -0.5201
v -0.0277 0.1948 -0.5090
v -0.0155 0.1892 -0.4942
v 0.0073 0.1653 -0.4636
v 0.0001 0.1739 -0.4786
v 0.0064 0.1675 -0.4763
v 0.0072 0.1654 -0.4520
v 0.0128 0.1639 -0.4548
v 0.0143 0.1650 -0.4459
v 0.0476 0.1899 -0.4533
v 0.0481 0.1879 -0.4641
v 0.0566 0.1951 -0.4615
v 0.0564 0.1958 -0.4309
v 0.0603 0.1986 -0.4384
v 0.0634 0.1986 -0.4272
v 0.0709 0.1953 -0.3969
v 0.0762 0.2007 -0.4179
v 0.0768 0.1966 -0.3958
v 0.0993 0.1907 -0.3948
v 0.1094 0.1983 -0.4269
v 0.1101 0.1873 -0.3981
v 0.1220 0.1745 -0.3872
v 0.1220 0.1813 -0.3995
v 0.1255 0.1739 -0.3906
v 0.1380 0.1820 -0.3794
v 0.1400 0.1916 -0.3820
v 0.1533 0.2081 -0.3714
v 0.1499 0.2055 -0.3861
v 0.1564 0.2102 -0.3775
v 0.1969 0.2317 -0.3543
v 0.1884 0.2273 -0.3601
v 0.2077 0.2288 -0.3670
v 0.1961 0.2283 -0.3298
v 0.1966 0.2311 -0.3384
v 0.2011 0.2285 -0.3345
v 0.2242 0.2110 -0.3142
v 0.2183 0.2133 -0.3218
v 0.2251 0.2123 -0.3212
v 0.2445 0.2169 -0.3151
v 0.2401 0.2166 -0.3238
v 0.2481 0.2195 -0.3163
v 0.2581 0.2229 -0.3122
v 0.2492 0.2219 -0.3208
v 0.2554 0.2256 -0.3184
v 0.2699 0.2344 -0.3235
v 0.2703 0.2359 -0.3317
v 0.2734 0.2344 -0.3270
v 0.2956 0.2240 -0.3385
v 0.2957 0.2228 -0.3552
v 0.3046 0.2195 -0.3455
v 0.3256 0.2155 -0.3234
v 0.3318 0.2099 -0.3343
v 0.3368 0.2080 -0.3316
v 0.3445 0.2003 -0.3245
v 0.3463 0.1966 -0.3320
v 0.3508 0.1934 -0.3235
v 0.3847 0.1862 -0.3137
v 0.3716 0.1871 -0.3192
v 0.3830 0.1850 -0.3184
v 0.3870 0.1860 -0.2772
v 0.3923 0.1813 -0.2713
v 0.4175 0.1608 -0.2542
v 0.4204 0.1627 -0.2627
v 0.4306 0.1565 -0.2619
v 0.4167 0.1457 -0.2326
v 0.4162 0.1510 -0.2375
v 0.4240 0.1439 -0.2381
v 0.4303 0.1375 -0.2228
v 0.4282 0.1445 -0.2199
v 0.4249 0.1402 -0.2226
v 0.4084 0.1487 -0.2215
v 0.4123 0.1494 -0.2299
v 0.4122 0.1466 -0.2239
v 0.4357 0.1598 -0.2109
v 0.4320 0.1605 -0.2116
v 0.4358 0.1572 -0.2128
v 0.4557 0.1512 -0.1989
v 0.4502 0.1509 -0.2057
v 0.4538 0.1469 -0.2025
v 0.4563 0.1432 -0.1991
v 0.4547 0.1392 -0.1985
v 0.4534 0.1167 -0.1730
v 0.4525 0.1191 -0.1794
v 0.4527 0.1140 -0.1758
v 0.4479 0.1091 -0.1875
v 0.4449 0.1121 -0.2028
v 0.4455 0.1026 -0.1938
v 0.4327 0.0895 -0.2171
v 0.4325 0.0977 -0.2218
v 0.4307 0.0956 -0.2238
v 0.4257 0.0698 -0.2234
v 0.4269 0.0680 -0.2292
v 0.4248 0.0658 -0.2227
v 0.4258 0.0511 -0.2501
v 0.4305 0.0554 -0.2555
v 0.4261 0.0506 -0.2557
v 0.4180 0.0457 -0.2616
v 0.4203 0.0449 -0.2690
v 0.4129 0.0409 -0.2695
v 0.4073 0.0369 -0.2808
v 0.4057 0.0373 -0.3137
v 0.3973 0.0351 -0.2972
v 0.3739 0.0299 -0.3038
v 0.3652 0.0255 -0.2910
v 0.3478 0.0209 -0.2967
v 0.3426 0.0200 -0.3087
v 0.3407 0.0183 -0.3010
v 0.3218 0.0223 -0.3247
v 0.3106 0.0285 -0.3384
v 0.3296 0.0307 -0.3427
v 0.3161 0.0315 -0.3454
v 0.3377 0.0340 -0.3593
v 0.3505 0.0340 -0.3691
v 0.3357 0.0358 -0.3694
v 0.3220 0.0399 -0.3797
v 0.3234 0.0420 -0.3846
v 0.3163 0.0405 -0.3825
v 0.2902 0.0321 -0.3809
v 0.2849 0.0274 -0.4019
v 0.2760 0.0257 -0.3909
v 0.2554 0.0174 -0.3890
v 0.2530 0.0167 -0.3925
v 0.2447 0.0113 -0.3858
v 0.2195 0.0045 -0.3713
v 0.2250 0.0058 -0.3761
v 0.2271 0.0217 -0.4062
v 0.2109 0.0258 -0.4113
v 0.2050 0.0237 -0.4044
v 0.1787 0.0308 -0.4279
v 0.1896 0.0298 -0.4335
v 0.1820 0.0333 -0.4422
v 0.1557 0.0315 -0.4171
v 0.1555 0.0323 -0.4237
v 0.1500 0.0293 -0.4193
v 0.1293 0.0202 -0.4072
v 0.1346 0.0225 -0.4380
v 0.1205 0.0175 -0.4185
v 0.1003 0.0114 -0.4140
v 0.1010 0.0109 -0.4256
v 0.0942 0.0088 -0.4234
v 0.0642 0.0064 -0.4220
v 0.0712 0.0079 -0.4370
v 0.0602 0.0079 -0.4284
v 0.0335 0.0202 -0.4726
v 0.0447 0.0184 -0.4903
v 0.0289 0.0224 -0.4833
v 0.0194 0.0284 -0.4784
v 0.0181 0.0311 -0.4811
v 0.0134 0.0329 -0.4761
v -0.0096 0.0284 -0.4507
v -0.0032 0.0293 -0.4513
v -0.0047 0.0320 -0.4570
v -0.0320 0.0264 -0.4531
v -0.0295 0.0296 -0.4674
v -0.0427 0.0254 -0.4576
v -0.0462 0.0298 -0.4895
v -0.0473 0.0358 -0.5039
v -0.0549 0.0284 -0.4915
v -0.1000 0.0298 -0.4937
v -0.0879 0.0309 -0.5025
v -0.0964 0.0324 -0.5071
v -0.1211 0.0310 -0.4813
v -0.1226 0.0337 -0.4887
v -0.1291 0.0338 -0.4799
v -0.1421 0.0285 -0.4567
v -0.1421 0.0316 -0.4628
v -0.1450 0.0309 -0.4571
v -0.1603 0.0308 -0.4595
v -0.1609 0.0351 -0.4659
v -0.1700 0.0246 -0.4556
v -0.2036 0.0212 -0.4591
v -0.1967 0.0275 -0.4638
v -0.1977 0.0310 -0.4675
v -0.2275 0.0216 -0.4507
v -0.2209 0.0232 -0.4565
v -0.2311 0.0243 -0.4566
v -0.2652 0.0237 -0.4406
v -0.2655 0.0253 -0.4452
v -0.2899 0.0391 -0.4348
v -0.2950 0.0472 -0.4345
v -0.2954 0.0495 -0.4271
v -0.2950 0.0527 -0.4052
v -0.2960 0.0559 -0.4076
v -0.2999 0.0577 -0.4049
v -0.3149 0.0606 -0.3923
v -0.3135 0.0694 -0.3955
v -0.3216 0.0632 -0.3870
v -0.3384 0.0815 -0.3764
v -0.3324 0.0815 -0.3825
v -0.3381 0.0893 -0.3815
v -0.3636 0.0988 -0.3477
v -0.3645 0.1051 -0.3529
v -0.3670 0.1023 -0.3463
v -0.3773 0.1166 -0.3532
v -0.3774 0.1196 -0.3567
v -0.3839 0.1164 -0.3482
v -0.3835 0.1250 -0.3629
v -0.3875 0.1285 -0.3639
v -0.3901 0.1271 -0.3582
v -0.3706 0.1284 -0.3908
v -0.3629 0.1269 -0.3984
v -0.3671 0.1301 -0.3939
v -0.3452 0.1457 -0.4116
v -0.3475 0.1357 -0.4158
v -0.3386 0.1398 -0.4225
v -0.3226 0.1366 -0.4380
v -0.3346 0.1224 -0.4330
v -0.3342 0.1259 -0.4349
v -0.3382 0.1224 -0.4313
v -0.3498 0.1235 -0.4113
v -0.3436 0.1220 -0.4185
v -0.3474 0.1236 -0.4191
v -0.3628 0.1190 -0.3831
v -0.3646 0.1252 -0.3959
v -0.3713 0.1260 -0.3861
v -0.3492 0.1095 -0.3865
v -0.3442 0.1102 -0.3912
v -0.3510 0.1148 -0.3908
v -0.3637 0.1121 -0.3670
v -0.3699 0.1174 -0.3662
v -0.3327 0.0939 -0.3874
v -0.3230 0.1038 -0.3957
v -0.3165 0.1102 -0.4021
v -0.3216 0.1130 -0.4014
v -0.3141 0.1059 -0.4005
v -0.3131 0.1028 -0.4002
v -0.3105 0.1086 -0.4041
v -0.3303 0.1169 -0.4051
v -0.3239 0.1190 -0.4111
v -0.3367 0.1198 -0.4106
v -0.2998 0.1255 -0.4242
v -0.3075 0.1266 -0.4282
v -0.3121 0.1232 -0.4229
v -0.2985 0.1413 -0.4429
v -0.2944 0.1477 -0.4464
v -0.3070 0.1420 -0.4428
v -0.2970 0.1561 -0.4474
v -0.2984 0.1532 -0.4475
v -0.2946 0.1539 -0.4492
v -0.2731 0.1825 -0.4401
v -0.2775 0.1764 -0.4436
v -0.2703 0.1679 -0.4462
v -0.2427 0.1839 -0.4315
v -0.2494 0.1792 -0.4347
v -0.2429 0.1775 -0.4379
v -0.2430 0.1882 -0.4260
v -0.2341 0.1887 -0.4288
v -0.2143 0.1979 -0.4204
v -0.2149 0.1957 -0.4309
v -0.2070 0.2005 -0.4249
v -0.1840 0.2124 -0.4293
v -0.1773 0.2134 -0.4316
v -0.1770 0.2167 -0.4207
v -0.1371 0.2216 -0.4140
v -0.1386 0.2206 -0.4200
v -0.1212 0.2218 -0.4257
v -0.1110 0.2181 -0.4308
v -0.1142 0.2178 -0.4357
v -0.1113 0.2171 -0.4368
v -0.0946 0.2134 -0.4021
v -0.0972 0.2136 -0.4098
v -0.0897 0.2107 -0.4001
v -0.1006 0.2171 -0.4087
v -0.0866 0.1976 -0.4151
v -0.0893 0.2010 -0.4241
v -0.0854 0.1933 -0.4174
v -0.0888 0.1918 -0.4522
v -0.0943 0.1925 -0.4567
v -0.0895 0.1910 -0.4577
v -0.0730 0.1962 -0.4828
v -0.0618 0.1969 -0.5050
v -0.0612 0.1987 -0.4895
v -0.0573 0.1925 -0.5296
v -0.0547 0.1907 -0.5380
v -0.0433 0.1941 -0.5414
v -0.0130 0.1894 -0.5185
v -0.0143 0.1895 -0.5280
v -0.0100 0.1877 -0.5205
v 0.0187 0.1614 -0.5033
v 0.0118 0.1638 -0.5092
v 0.0183 0.1610 -0.5084
v 0.0295 0.1702 -0.4693
v 0.0361 0.1754 -0.4736
v 0.0345 0.1764 -0.4614
v 0.0095 0.1655 -0.4876
v 0.0119 0.1637 -0.5036
v 0.0123 0.1637 -0.4921
v 0.0664 0.2021 -0.4576
v 0.0754 0.2053 -0.4410
v 0.0824 0.2081 -0.4630
v 0.0818 0.2066 -0.4404
v 0.1187 0.2004 -0.4606
v 0.1064 0.2048 -0.4651
v 0.1147 0.1996 -0.4707
v 0.1238 0.1877 -0.4212
v 0.1317 0.1843 -0.4268
v 0.1292 0.1827 -0.4174
v 0.1444 0.1773 -0.4141
v 0.1427 0.1771 -0.4179
v 0.1460 0.1804 -0.4116
v 0.1451 0.1842 -0.4026
v 0.1479 0.1924 -0.4002
v 0.1441 0.1882 -0.3980
v 0.1397 0.1767 -0.3945
v 0.1382 0.1762 -0.4008
v 0.1415 0.1818 -0.3940
v 0.1274 0.1768 -0.3996
v 0.1270 0.1787 -0.4025
v 0.1320 0.1759 -0.4011
v 0.1580 0.2096 -0.3881
v 0.1547 0.2059 -0.3957
v 0.1681 0.2099 -0.3910
v 0.1916 0.2186 -0.3815
v 0.1978 0.2202 -0.3829
v 0.1998 0.2236 -0.3745
v 0.2238 0.2218 -0.3585
v 0.2173 0.2247 -0.3645
v 0.2228 0.2214 -0.3704
v 0.2419 0.2209 -0.3298
v 0.2375 0.2210 -0.3385
v 0.2426 0.2224 -0.3331
v 0.2522 0.2328 -0.3407
v 0.2533 0.2328 -0.3487
v 0.2599 0.2362 -0.3404
v 0.2744 0.2348 -0.3323
v 0.2775 0.2337 -0.3561
v 0.2836 0.2298 -0.3511
v 0.3145 0.2142 -0.3477
v 0.3067 0.2173 -0.3540
v 0.3208 0.2083 -0.3539
v 0.3388 0.2033 -0.3440
v 0.3384 0.2022 -0.3485
v 0.3410 0.2006 -0.3458
v 0.3548 0.1859 -0.3309
v 0.3491 0.1867 -0.3362
v 0.3519 0.1844 -0.3334
v 0.3888 0.1845 -0.3120
v 0.3925 0.1825 -0.3227
v 0.4191 0.1692 -0.2912
v 0.4153 0.1715 -0.2971
v 0.4183 0.1690 -0.2966
v 0.4370 0.1534 -0.2649
v 0.4374 0.1551 -0.2697
v 0.4420 0.1444 -0.2612
v 0.4312 0.1447 -0.2466
v 0.4306 0.1401 -0.2416
v 0.4397 0.1338 -0.2219
v 0.4343 0.1329 -0.2261
v 0.4349 0.1292 -0.2273
v 0.4543 0.1428 -0.2029
v 0.4481 0.1444 -0.2127
v 0.4488 0.1396 -0.2113
v 0.4472 0.1279 -0.2111
v 0.4434 0.1257 -0.2200
v 0.4420 0.1191 -0.2194
v 0.4325 0.1031 -0.2287
v 0.4343 0.0996 -0.2365
v 0.4316 0.0971 -0.2289
v 0.4412 0.1080 -0.2463
v 0.4474 0.1025 -0.2675
v 0.4438 0.0976 -0.2571
v 0.4337 0.0611 -0.2651
v 0.4406 0.0716 -0.2785
v 0.4363 0.0642 -0.2749
v 0.4224 0.0480 -0.2638
v 0.4256 0.0507 -0.2679
v 0.4266 0.0545 -0.3057
v 0.4089 0.0394 -0.3232
v 0.4096 0.0387 -0.3143
v 0.4063 0.0383 -0.3251
v 0.4058 0.0402 -0.3290
v 0.4009 0.0374 -0.3310
v 0.3798 0.0317 -0.3163
v 0.3710 0.0306 -0.3302
v 0.3655 0.0295 -0.3205
v 0.3386 0.0223 -0.3198
v 0.3329 0.0271 -0.3317
v 0.3809 0.0487 -0.3624
v 0.3741 0.0439 -0.3677
v 0.3787 0.0403 -0.3551
v 0.3525 0.0400 -0.3812
v 0.3555 0.0448 -0.3920
v 0.3418 0.0399 -0.3837
v 0.3285 0.0403 -0.3832
v 0.3015 0.0370 -0.3990
v 0.3056 0.0402 -0.3966
v 0.3041 0.0420 -0.4047
v 0.2932 0.0287 -0.4179
v 0.2931 0.0286 -0.4233
v 0.2895 0.0275 -0.4153
v 0.2610 0.0199 -0.3952
v 0.2559 0.0189 -0.3980
v 0.2419 0.0216 -0.4128
v 0.2300 0.0231 -0.4151
v 0.2038 0.0274 -0.4309
v 0.2026 0.0285 -0.4473
v 0.1634 0.0401 -0.4477
v 0.1725 0.0397 -0.4479
v 0.1676 0.0406 -0.4556
v 0.1541 0.0342 -0.4404
v 0.1558 0.0362 -0.4470
v 0.1472 0.0309 -0.4463
v 0.1065 0.0129 -0.4358
v 0.1141 0.0168 -0.4498
v 0.1008 0.0111 -0.4492
v 0.0876 0.0071 -0.4429
v 0.0916 0.0097 -0.4498
v 0.0818 0.0097 -0.4506
v 0.0680 0.0130 -0.4798
v 0.0673 0.0127 -0.4907
v 0.0443 0.0176 -0.4720
v 0.0607 0.0167 -0.5090
v 0.0692 0.0169 -0.5232
v 0.0529 0.0226 -0.5150
v 0.0160 0.0362 -0.4831
v -0.0078 0.0337 -0.4667
v -0.0041 0.0366 -0.4703
v -0.0116 0.0354 -0.4748
v -0.0355 0.0318 -0.4847
v -0.0277 0.0376 -0.4972
v -0.0669 0.0382 -0.5223
v -0.0751 0.0397 -0.5341
v -0.0764 0.0330 -0.5101
v -0.1040 0.0323 -0.5011
v -0.1044 0.0347 -0.5213
v -0.1111 0.0346 -0.5191
v -0.1320 0.0404 -0.4905
v -0.1332 0.0436 -0.5013
v -0.1385 0.0445 -0.4912
v -0.1594 0.0410 -0.4728
v -0.1562 0.0458 -0.4775
v -0.1638 0.0458 -0.4768
v -0.1816 0.0375 -0.4727
v -0.1843 0.0388 -0.4752
v -0.2273 0.0268 -0.4623
v -0.2254 0.0339 -0.4700
v -0.2326 0.0278 -0.4652
v -0.2442 0.0387 -0.4790
v -0.2447 0.0424 -0.4826
v -0.2492 0.0402 -0.4802
v -0.2767 0.0414 -0.4586
v -0.2679 0.0445 -0.4737
v -0.2814 0.0454 -0.4562
v -0.2930 0.0479 -0.4397
v -0.2902 0.0433 -0.4424
v -0.2944 0.0584 -0.4439
v -0.3003 0.0690 -0.4190
v -0.3008 0.0660 -0.4263
v -0.3001 0.0714 -0.4230
v -0.3044 0.0771 -0.4067
v -0.3025 0.0701 -0.4092
v -0.3018 0.0764 -0.4106
v -0.2973 0.1048 -0.4121
v -0.2939 0.1142 -0.4144
v -0.2998 0.1094 -0.4106
v -0.3071 0.1198 -0.4128
v -0.3011 0.1207 -0.4154
v -0.3095 0.1208 -0.4164
v -0.2873 0.1306 -0.4325
v -0.2991 0.1311 -0.4333
v -0.2845 0.1494 -0.4484
v -0.2897 0.1543 -0.4500
v -0.2715 0.1591 -0.4469
v -0.2709 0.1642 -0.4464
v -0.2791 0.1598 -0.4494
v -0.2546 0.1585 -0.4460
v -0.2560 0.1642 -0.4439
v -0.2631 0.1574 -0.4456
v -0.2442 0.1706 -0.4432
v -0.2437 0.1646 -0.4484
v -0.2356 0.1750 -0.4447
v -0.2097 0.1875 -0.4548
v -0.2046 0.1952 -0.4495
v -0.2139 0.1899 -0.4463
v -0.1951 0.2020 -0.4567
v -0.1899 0.2029 -0.4633
v -0.1889 0.2055 -0.4615
v -0.1681 0.2173 -0.4224
v -0.1700 0.2124 -0.4401
v -0.1184 0.2199 -0.4338
v -0.1276 0.2147 -0.4458
v -0.1167 0.2165 -0.4419
v -0.1045 0.2041 -0.4468
v -0.1057 0.1987 -0.4587
v -0.0997 0.1956 -0.4546
v -0.1014 0.1918 -0.4659
v -0.0938 0.1913 -0.4625
v -0.0838 0.1929 -0.4802
v -0.0669 0.1939 -0.5154
v -0.0687 0.1884 -0.5336
v -0.0586 0.1852 -0.5422
v -0.0402 0.1833 -0.5550
v -0.0417 0.1862 -0.5511
v -0.0510 0.1851 -0.5471
v -0.0302 0.1935 -0.5400
v -0.0382 0.1934 -0.5445
v -0.0327 0.1904 -0.5466
v 0.0118 0.1631 -0.5145
v -0.0040 0.1773 -0.5329
v 0.0079 0.1655 -0.5210
v 0.0269 0.1634 -0.5030
v 0.0337 0.1661 -0.5104
v 0.0382 0.1714 -0.4980
v 0.0589 0.1891 -0.4853
v 0.0662 0.1923 -0.4891
v 0.0697 0.2015 -0.4702
v 0.0930 0.2088 -0.4577
v 0.1243 0.1957 -0.4722
v 0.1372 0.1808 -0.4302
v 0.1294 0.1931 -0.4452
v 0.1392 0.1820 -0.4358
v 0.1481 0.1816 -0.4167
v 0.1452 0.1772 -0.4232
v 0.1512 0.1827 -0.4183
v 0.1520 0.1922 -0.4058
v 0.1580 0.1983 -0.4053
v 0.1529 0.1982 -0.4005
v 0.1801 0.2152 -0.3816
v 0.1776 0.2117 -0.3926
v 0.2081 0.2225 -0.3830
v 0.2017 0.2201 -0.3894
v 0.2077 0.2209 -0.3938
v 0.2300 0.2181 -0.3774
v 0.2307 0.2196 -0.3618
v 0.2441 0.2265 -0.3463
v 0.2381 0.2227 -0.3510
v 0.2453 0.2268 -0.3517
v 0.2636 0.2329 -0.3677
v 0.2646 0.2340 -0.3619
v 0.2600 0.2318 -0.3643
v 0.2824 0.2300 -0.3619
v 0.2847 0.2279 -0.3698
v 0.2904 0.2260 -0.3640
v 0.3235 0.2053 -0.3572
v 0.3246 0.2053 -0.3677
v 0.3340 0.2021 -0.3603
v 0.3467 0.1889 -0.3507
v 0.3435 0.1964 -0.3586
v 0.3467 0.1920 -0.3588
v 0.3500 0.1823 -0.3380
v 0.3493 0.1809 -0.3424
v 0.3540 0.1804 -0.3354
v 0.3830 0.1823 -0.3268
v 0.3780 0.1704 -0.3396
v 0.3920 0.1767 -0.3325
v 0.4128 0.1679 -0.3118
v 0.3975 0.1770 -0.3278
v 0.4102 0.1638 -0.3270
v 0.4370 0.1552 -0.2815
v 0.4364 0.1392 -0.3156
v 0.4432 0.1392 -0.2924
v 0.4445 0.1414 -0.2695
v 0.4466 0.1242 -0.2668
v 0.4348 0.1134 -0.2365
v 0.4365 0.1196 -0.2402
v 0.4386 0.1263 -0.2243
v 0.4342 0.1251 -0.2290
v 0.4333 0.1251 -0.2348
v 0.4346 0.1266 -0.2385
v 0.4342 0.1194 -0.2354
v 0.4552 0.1025 -0.3083
v 0.4537 0.1062 -0.3125
v 0.4537 0.0994 -0.3119
v 0.4408 0.0700 -0.2861
v 0.4432 0.0719 -0.2973
v 0.4362 0.0635 -0.2831
v 0.4183 0.0510 -0.3241
v 0.4228 0.0594 -0.3281
v 0.4197 0.0537 -0.3276
v 0.3945 0.0379 -0.3368
v 0.3943 0.0431 -0.3418
v 0.3872 0.0393 -0.3447
v 0.3798 0.0542 -0.3716
v 0.3682 0.0509 -0.3846
v 0.3676 0.0539 -0.3922
v 0.3630 0.0506 -0.3965
v 0.3502 0.0540 -0.4088
v 0.3512 0.0561 -0.4145
v 0.3441 0.0563 -0.4099
v 0.3201 0.0467 -0.3920
v 0.3247 0.0497 -0.3948
v 0.3205 0.0494 -0.3947
v 0.3074 0.0442 -0.4004
v 0.2980 0.0373 -0.4243
v 0.2949 0.0337 -0.4327
v 0.2583 0.0214 -0.4148
v 0.2732 0.0219 -0.4256
v 0.2647 0.0212 -0.4440
v 0.2290 0.0236 -0.4666
v 0.2343 0.0233 -0.4744
v 0.2226 0.0251 -0.4721
v 0.1891 0.0345 -0.4615
v 0.2063 0.0331 -0.4915
v 0.1836 0.0380 -0.4650
v 0.1626 0.0403 -0.4518
v 0.1640 0.0406 -0.4622
v 0.1387 0.0284 -0.4631
v 0.1446 0.0336 -0.4868
v 0.1283 0.0255 -0.4798
v 0.0960 0.0114 -0.4784
v 0.0997 0.0110 -0.4911
v 0.0930 0.0094 -0.4924
v 0.0877 0.0088 -0.4981
v 0.0875 0.0085 -0.5090
v 0.0791 0.0104 -0.4956
v 0.0788 0.0108 -0.5157
v 0.0800 0.0114 -0.5226
v 0.0455 0.0285 -0.5216
v 0.0413 0.0277 -0.5110
v 0.0241 0.0331 -0.4934
v 0.0275 0.0343 -0.5006
v 0.0241 0.0389 -0.4997
v 0.0094 0.0415 -0.4791
v 0.0053 0.0453 -0.4808
v 0.0006 0.0435 -0.4791
v -0.0132 0.0452 -0.4992
v -0.0120 0.0515 -0.5086
v -0.0196 0.0460 -0.5082
v -0.0655 0.0435 -0.5365
v -0.0594 0.0478 -0.5432
v -0.0682 0.0449 -0.5407
v -0.1059 0.0422 -0.5395
v -0.1004 0.0447 -0.5435
v -0.1084 0.0452 -0.5444
v -0.1296 0.0491 -0.5255
v -0.1255 0.0501 -0.5336
v -0.1317 0.0534 -0.5315
v -0.1416 0.0518 -0.4971
v -0.1404 0.0546 -0.5040
v -0.1445 0.0570 -0.4958
v -0.1581 0.0506 -0.4802
v -0.1526 0.0530 -0.4841
v -0.1576 0.0575 -0.4825
v -0.2099 0.0502 -0.4814
v -0.1887 0.0582 -0.4835
v -0.2092 0.0606 -0.4863
v -0.2390 0.0362 -0.4750
v -0.2367 0.0421 -0.4795
v -0.2499 0.0455 -0.4859
v -0.2440 0.0473 -0.4855
v -0.2518 0.0494 -0.4878
v -0.2721 0.0523 -0.4750
v -0.2707 0.0607 -0.4828
v -0.2788 0.0588 -0.4709
v -0.2918 0.0680 -0.4553
v -0.2898 0.0766 -0.4649
v -0.2923 0.0751 -0.4578
v -0.3005 0.0739 -0.4295
v -0.2991 0.0752 -0.4226
v -0.2978 0.0791 -0.4174
v -0.2971 0.0790 -0.4249
v -0.2955 0.0809 -0.4202
v -0.2830 0.1074 -0.4224
v -0.2816 0.1141 -0.4223
v -0.2893 0.1018 -0.4188
v -0.2994 0.1148 -0.4118
v -0.3028 0.1193 -0.4124
v -0.2765 0.1272 -0.4333
v -0.2783 0.1309 -0.4356
v -0.2828 0.1283 -0.4307
v -0.2672 0.1363 -0.4467
v -0.2647 0.1358 -0.4509
v -0.2678 0.1427 -0.4459
v -0.2614 0.1534 -0.4460
v -0.2580 0.1509 -0.4501
v -0.2567 0.1547 -0.4466
v -0.2442 0.1599 -0.4573
v -0.2368 0.1647 -0.4569
v -0.2247 0.1689 -0.4626
v -0.2272 0.1645 -0.4686
v -0.2168 0.1714 -0.4644
v -0.1909 0.1928 -0.4704
v -0.1840 0.2029 -0.4722
v -0.1871 0.2018 -0.4701
v -0.1935 0.1781 -0.4752
v -0.2012 0.1716 -0.4773
v -0.1968 0.1733 -0.4794
v -0.1790 0.1905 -0.4785
v -0.1821 0.1950 -0.4761
v -0.1854 0.1852 -0.4772
v -0.1770 0.2050 -0.4761
v -0.1819 0.2018 -0.4752
v -0.1737 0.2050 -0.4768
v -0.1244 0.2049 -0.4697
v -0.1333 0.2025 -0.4811
v -0.1297 0.1997 -0.4854
v -0.1234 0.1957 -0.4857
v -0.1296 0.1940 -0.4977
v -0.1231 0.1899 -0.4925
v -0.1013 0.1871 -0.4752
v -0.1010 0.1847 -0.4800
v -0.0953 0.1872 -0.4744
v -0.1043 0.1741 -0.4969
v -0.1014 0.1716 -0.5168
v -0.0976 0.1801 -0.4960
v -0.0882 0.1723 -0.5361
v -0.0859 0.1678 -0.5431
v -0.0817 0.1767 -0.5377
v -0.1163 0.1582 -0.5104
v -0.1106 0.1597 -0.5214
v -0.1086 0.1660 -0.5101
v -0.1240 0.1673 -0.4970
v -0.1182 0.1716 -0.4970
v -0.1224 0.1770 -0.4983
v -0.1426 0.1486 -0.4931
v -0.1343 0.1534 -0.4935
v -0.1461 0.1522 -0.4911
v -0.1417 0.1421 -0.4973
v -0.1427 0.1389 -0.5014
v -0.1363 0.1424 -0.4976
v -0.1285 0.1425 -0.5112
v -0.1233 0.1460 -0.5197
v -0.1226 0.1514 -0.5091
v -0.1181 0.1500 -0.5262
v -0.1127 0.1534 -0.5331
v -0.0958 0.1640 -0.5405
v -0.1016 0.1558 -0.5496
v -0.0931 0.1613 -0.5463
v -0.0747 0.1480 -0.5682
v -0.0668 0.1523 -0.5689
v -0.0660 0.1573 -0.5637
v -0.0608 0.1575 -0.5664
v -0.0444 0.1624 -0.5613
v -0.0470 0.1537 -0.5635
v -0.0427 0.1497 -0.5603
v -0.0167 0.1706 -0.5509
v -0.0165 0.1651 -0.5518
v -0.0141 0.1686 -0.5499
v 0.0099 0.1603 -0.5221
v 0.0029 0.1600 -0.5325
v 0.0127 0.1522 -0.5240
v 0.0289 0.1559 -0.5156
v 0.0324 0.1635 -0.5135
v 0.0248 0.1576 -0.5135
v 0.0442 0.1674 -0.5198
v 0.0608 0.1755 -0.5201
v 0.0590 0.1807 -0.5095
v 0.0838 0.1972 -0.4902
v 0.0906 0.1937 -0.5014
v 0.0930 0.1975 -0.4894
v 0.1160 0.1966 -0.4804
v 0.1078 0.1961 -0.4883
v 0.1158 0.1936 -0.4928
v 0.1492 0.1806 -0.4734
v 0.1466 0.1847 -0.4899
v 0.1555 0.1781 -0.4833
v 0.1623 0.1771 -0.4472
v 0.1626 0.1759 -0.4511
v 0.1650 0.1800 -0.4493
v 0.1535 0.1861 -0.4177
v 0.1649 0.1960 -0.4215
v 0.1568 0.1928 -0.4124
v 0.1716 0.2051 -0.4108
v 0.1832 0.2109 -0.4201
v 0.1820 0.2120 -0.4110
v 0.2081 0.2202 -0.4059
v 0.2134 0.2201 -0.4088
v 0.2133 0.2208 -0.3958
v 0.2316 0.2160 -0.3887
v 0.2368 0.2178 -0.3769
v 0.2468 0.2158 -0.3902
v 0.2482 0.2107 -0.4017
v 0.2547 0.2153 -0.3961
v 0.2754 0.2306 -0.3767
v 0.2752 0.2260 -0.3886
v 0.2821 0.2235 -0.3891
v 0.3186 0.2074 -0.3952
v 0.3255 0.2047 -0.3991
v 0.3294 0.2043 -0.3919
v 0.3460 0.1951 -0.3640
v 0.3437 0.1979 -0.3697
v 0.3472 0.1961 -0.3696
v 0.3538 0.1698 -0.3555
v 0.3526 0.1803 -0.3629
v 0.3563 0.1696 -0.3625
v 0.3623 0.1688 -0.3410
v 0.3597 0.1661 -0.3449
v 0.3643 0.1655 -0.3437
v 0.3562 0.1762 -0.3371
v 0.3536 0.1748 -0.3413
v 0.3622 0.1742 -0.3360
v 0.3951 0.1762 -0.3299
v 0.3906 0.1747 -0.3350
v 0.3966 0.1719 -0.3354
v 0.4116 0.1568 -0.3372
v 0.4103 0.1525 -0.3453
v 0.4182 0.1477 -0.3390
v 0.4459 0.1296 -0.3019
v 0.4496 0.1109 -0.3190
v 0.4507 0.1194 -0.3008
v 0.4538 0.1092 -0.2949
v 0.4535 0.1110 -0.3002
v 0.4558 0.1024 -0.3033
v 0.4531 0.0935 -0.3037
v 0.4495 0.0952 -0.3165
v 0.4486 0.0849 -0.3031
v 0.4298 0.0689 -0.3283
v 0.4318 0.0769 -0.3344
v 0.4253 0.0677 -0.3331
v 0.3966 0.0536 -0.3468
v 0.3978 0.0621 -0.3499
v 0.3980 0.0672 -0.3534
v 0.3898 0.0696 -0.3690
v 0.3926 0.0802 -0.3750
v 0.3872 0.0743 -0.3820
v 0.3653 0.0608 -0.4045
v 0.3542 0.0560 -0.4143
v 0.3549 0.0586 -0.4157
v 0.3314 0.0669 -0.4141
v 0.3342 0.0688 -0.4172
v 0.3287 0.0696 -0.4160
v 0.3175 0.0623 -0.4068
v 0.3162 0.0632 -0.4112
v 0.3153 0.0579 -0.4054
v 0.3182 0.0625 -0.4278
v 0.3206 0.0616 -0.4387
v 0.3117 0.0549 -0.4294
v 0.2918 0.0320 -0.4412
v 0.2971 0.0377 -0.4426
v 0.2945 0.0357 -0.4507
v 0.2791 0.0262 -0.4531
v 0.2792 0.0270 -0.4666
v 0.2643 0.0219 -0.4690
v 0.2478 0.0214 -0.4743
v 0.2372 0.0238 -0.4802
v 0.2121 0.0334 -0.5053
v 0.2170 0.0434 -0.5139
v 0.2085 0.0384 -0.5040
v 0.2031 0.0359 -0.4947
v 0.2010 0.0414 -0.4977
v 0.1864 0.0466 -0.4843
v 0.1678 0.0426 -0.4698
v 0.1734 0.0449 -0.4730
v 0.1671 0.0445 -0.4795
v 0.1363 0.0335 -0.5089
v 0.1318 0.0335 -0.5179
v 0.1253 0.0276 -0.5121
v 0.0945 0.0104 -0.5023
v 0.0887 0.0115 -0.5217
v 0.0869 0.0153 -0.5292
v 0.0841 0.0118 -0.5217
v 0.0594 0.0240 -0.5294
v 0.0712 0.0205 -0.5372
v 0.0662 0.0252 -0.5425
v 0.0364 0.0315 -0.5133
v 0.0357 0.0334 -0.5228
v 0.0330 0.0350 -0.5152
v 0.0190 0.0504 -0.4976
v 0.0246 0.0483 -0.5072
v 0.0204 0.0568 -0.5014
v 0.0084 0.0464 -0.4847
v 0.0079 0.0493 -0.4882
v 0.0002 0.0464 -0.4853
v -0.0100 0.0584 -0.5174
v -0.0191 0.0564 -0.5260
v -0.0411 0.0563 -0.5521
v -0.0403 0.0598 -0.5588
v -0.0427 0.0564 -0.5569
v -0.0580 0.0526 -0.5533
v -0.0496 0.0572 -0.5603
v -0.0734 0.0493 -0.5489
v -0.0962 0.0513 -0.5507
v -0.1074 0.0482 -0.5466
v -0.1269 0.0544 -0.5405
v -0.1234 0.0569 -0.5462
v -0.1314 0.0577 -0.5423
v -0.1408 0.0628 -0.5097
v -0.1374 0.0699 -0.5203
v -0.1428 0.0733 -0.5042
v -0.1525 0.0628 -0.4858
v -0.1537 0.0721 -0.4862
v -0.1572 0.0654 -0.4846
v -0.2248 0.0607 -0.4891
v -0.2021 0.0727 -0.4904
v -0.2197 0.0717 -0.4944
v -0.2498 0.0648 -0.4971
v -0.2361 0.0754 -0.5027
v -0.2436 0.0761 -0.5044
v -0.2625 0.0736 -0.4973
v -0.2640 0.0792 -0.4977
v -0.2729 0.0718 -0.4876
v -0.2869 0.0788 -0.4670
v -0.2842 0.0788 -0.4733
v -0.2822 0.0840 -0.4704
v -0.2984 0.0778 -0.4349
v -0.2967 0.0780 -0.4450
v -0.2887 0.0902 -0.4288
v -0.2855 0.0955 -0.4285
v -0.2807 0.0981 -0.4458
v -0.2820 0.1010 -0.4278
v -0.2789 0.1165 -0.4238
v -0.2831 0.1191 -0.4232
v -0.2716 0.1186 -0.4398
v -0.2707 0.1205 -0.4447
v -0.2720 0.1262 -0.4387
v -0.2654 0.1326 -0.4533
v -0.2629 0.1293 -0.4672
v -0.2623 0.1371 -0.4570
v -0.2536 0.1513 -0.4568
v -0.2519 0.1497 -0.4719
v -0.2503 0.1531 -0.4667
v -0.2392 0.1606 -0.4675
v -0.2420 0.1557 -0.4904
v -0.2298 0.1646 -0.4640
v -0.2126 0.1711 -0.4690
v -0.2088 0.1702 -0.4740
v -0.2091 0.1736 -0.4694
v -0.1985 0.1704 -0.4830
v -0.2064 0.1657 -0.4946
v -0.1950 0.1687 -0.4897
v -0.1857 0.1712 -0.4812
v -0.1871 0.1690 -0.4863
v -0.1819 0.1709 -0.4804
v -0.1736 0.1826 -0.4804
v -0.1624 0.1862 -0.4848
v -0.1706 0.1918 -0.4817
v -0.1638 0.2042 -0.4801
v -0.1632 0.2024 -0.4832
v -0.1594 0.2003 -0.4860
v -0.1380 0.1995 -0.4935
v -0.1359 0.1975 -0.4956
v -0.1506 0.1815 -0.4892
v -0.1490 0.1900 -0.4913
v -0.1700 0.1661 -0.4809
v -0.1649 0.1713 -0.4803
v -0.1694 0.1706 -0.4800
v -0.1573 0.1648 -0.4839
v -0.1567 0.1718 -0.4838
v -0.1644 0.1637 -0.4840
v -0.1532 0.1604 -0.4858
v -0.1523 0.1653 -0.4854
v -0.1582 0.1593 -0.4859
v -0.1291 0.1830 -0.4998
v -0.1296 0.1881 -0.5001
v -0.1375 0.1814 -0.4954
v -0.1078 0.1813 -0.4846
v -0.1152 0.1807 -0.4899
v -0.1066 0.1786 -0.4902
v -0.1277 0.1909 -0.4989
v -0.1456 0.1592 -0.4887
v -0.1453 0.1656 -0.4886
v -0.1518 0.1584 -0.4875
v -0.1571 0.1472 -0.5034
v -0.1663 0.1493 -0.5113
v -0.1668 0.1445 -0.5209
v -0.1425 0.1342 -0.5074
v -0.1475 0.1310 -0.5155
v -0.1403 0.1293 -0.5144
v -0.1359 0.1363 -0.5036
v -0.1344 0.1346 -0.5081
v -0.1233 0.1398 -0.5385
v -0.1186 0.1424 -0.5461
v -0.1188 0.1457 -0.5395
v -0.1283 0.1232 -0.5341
v -0.1292 0.1316 -0.5330
v -0.1311 0.1272 -0.5294
v -0.1473 0.1196 -0.5268
v -0.1409 0.1232 -0.5237
v -0.1478 0.1246 -0.5254
v -0.1408 0.1137 -0.5239
v -0.1409 0.1192 -0.5251
v -0.1475 0.1145 -0.5264
v -0.1410 0.1038 -0.5186
v -0.1351 0.1084 -0.5213
v -0.1411 0.1089 -0.5212
v -0.1515 0.0969 -0.5045
v -0.1428 0.0914 -0.5061
v -0.1469 0.0981 -0.5078
v -0.1765 0.0887 -0.4970
v -0.1701 0.0926 -0.5029
v -0.1813 0.0911 -0.4996
v -0.1971 0.0787 -0.4916
v -0.1887 0.0837 -0.4923
v -0.1988 0.0816 -0.4947
v -0.2089 0.0923 -0.5122
v -0.2177 0.0892 -0.5117
v -0.2144 0.0868 -0.5069
v -0.2446 0.0814 -0.5081
v -0.2502 0.0805 -0.5069
v -0.2572 0.0767 -0.5037
v -0.2744 0.0841 -0.4837
v -0.2665 0.0928 -0.4880
v -0.2654 0.1054 -0.4814
v -0.2697 0.1102 -0.4660
v -0.2647 0.1166 -0.4740
v -0.2760 0.0999 -0.4611
v -0.2740 0.1063 -0.4549
v -0.2569 0.1364 -0.4769
v -0.2544 0.1351 -0.4829
v -0.2521 0.1456 -0.4800
v -0.2495 0.1470 -0.4871
v -0.2408 0.1526 -0.4946
v -0.2449 0.1548 -0.4883
v -0.2234 0.1619 -0.4924
v -0.2238 0.1601 -0.4991
v -0.2177 0.1626 -0.4962
v -0.1926 0.1645 -0.5026
v -0.1974 0.1612 -0.5091
v -0.1924 0.1606 -0.5114
v -0.1878 0.1616 -0.5081
v -0.1881 0.1590 -0.5126
v -0.1825 0.1579 -0.5134
v -0.1570 0.1369 -0.5204
v -0.1616 0.1353 -0.5272
v -0.1526 0.1307 -0.5265
v -0.1589 0.1199 -0.5342
v -0.1596 0.1236 -0.5338
v -0.1650 0.1208 -0.5342
v -0.1588 0.1065 -0.5292
v -0.1640 0.1083 -0.5317
v -0.1755 0.1049 -0.5261
v -0.1973 0.0916 -0.5043
v -0.1984 0.0926 -0.5080
v -0.2000 0.0880 -0.5018
v -0.1556 0.0995 -0.5132
v -0.1562 0.1027 -0.5220
v -0.1647 0.0976 -0.5120
v -0.1519 0.1160 -0.5318
v -0.1516 0.1225 -0.5321
v -0.1540 0.1244 -0.5327
v -0.1594 0.0947 -0.5051
v -0.1529 0.0971 -0.5073
v -0.2305 0.0895 -0.5150
v -0.2156 0.1008 -0.5213
v -0.2337 0.0946 -0.5149
v -0.2528 0.0952 -0.5021
v -0.2450 0.1068 -0.5049
v -0.2535 0.1045 -0.4974
v -0.2614 0.1199 -0.4790
v -0.2578 0.1202 -0.4848
v -0.2584 0.1283 -0.4797
v -0.2264 0.1339 -0.5106
v -0.2208 0.1443 -0.5094
v -0.2389 0.1498 -0.4978
v -0.1950 0.1365 -0.5265
v -0.2203 0.1552 -0.5043
v -0.1974 0.1525 -0.5161
v -0.1853 0.1365 -0.5311
v -0.1865 0.1533 -0.5199
v -0.1644 0.1252 -0.5350
v -0.1556 0.1276 -0.5326
v -0.1700 0.1304 -0.5348
v -0.2147 0.1094 -0.5231
v -0.1934 0.1259 -0.5320
v -0.2168 0.1160 -0.5216
v -0.1540 0.0846 -0.4919
v -0.1481 0.0799 -0.4942
v -0.1522 0.0867 -0.4954
v -0.1412 0.0852 -0.5068
v -0.1375 0.0868 -0.5180
v -0.1401 0.0908 -0.5092
v -0.1340 0.0905 -0.5262
v -0.1363 0.0965 -0.5198
v -0.1142 0.1066 -0.5562
v -0.1092 0.1129 -0.5616
v -0.1183 0.1225 -0.5488
v -0.1101 0.1492 -0.5573
v -0.1085 0.1426 -0.5616
v -0.1049 0.1461 -0.5635
v -0.0940 0.1444 -0.5699
v -0.0834 0.1488 -0.5637
v -0.0683 0.1341 -0.5845
v -0.0751 0.1439 -0.5790
v -0.0803 0.1312 -0.5798
v -0.0622 0.1460 -0.5785
v -0.0612 0.1424 -0.5832
v -0.0578 0.1453 -0.5757
v -0.0424 0.1456 -0.5606
v -0.0454 0.1476 -0.5633
v -0.0454 0.1425 -0.5656
v -0.0237 0.1420 -0.5547
v -0.0280 0.1345 -0.5590
v -0.0176 0.1337 -0.5552
v -0.0056 0.1429 -0.5495
v -0.0086 0.1413 -0.5514
v -0.0041 0.1367 -0.5507
v 0.0119 0.1367 -0.5362
v 0.0061 0.1364 -0.5423
v 0.0109 0.1334 -0.5419
v 0.0179 0.1389 -0.5283
v 0.0255 0.1449 -0.5224
v 0.0172 0.1465 -0.5231
v 0.0326 0.1467 -0.5243
v 0.0386 0.1529 -0.5265
v 0.0328 0.1564 -0.5189
v 0.0537 0.1581 -0.5400
v 0.0546 0.1622 -0.5358
v 0.0475 0.1592 -0.5329
v 0.0745 0.1820 -0.5202
v 0.0866 0.1880 -0.5212
v 0.0832 0.1884 -0.5158
v 0.0990 0.1896 -0.5199
v 0.1048 0.1874 -0.5267
v 0.1194 0.1876 -0.5231
v 0.1589 0.1772 -0.4898
v 0.1545 0.1786 -0.4992
v 0.1665 0.1733 -0.4918
v 0.1701 0.1750 -0.4688
v 0.1689 0.1735 -0.4747
v 0.1718 0.1759 -0.4713
v 0.1569 0.1758 -0.4759
v 0.1546 0.1751 -0.4698
v 0.1750 0.1855 -0.4570
v 0.1853 0.1931 -0.4582
v 0.1769 0.2000 -0.4355
v 0.2037 0.2027 -0.4559
v 0.2086 0.2010 -0.4597
v 0.2133 0.2060 -0.4542
v 0.2315 0.2155 -0.3945
v 0.2268 0.2164 -0.4088
v 0.2364 0.2126 -0.4084
v 0.2537 0.2101 -0.4047
v 0.2760 0.2225 -0.3997
v 0.2767 0.2171 -0.4112
v 0.2851 0.2175 -0.4024
v 0.3100 0.2089 -0.4008
v 0.3183 0.2055 -0.4045
v 0.3511 0.1925 -0.3777
v 0.3446 0.1988 -0.3884
v 0.3468 0.1965 -0.3915
v 0.3620 0.1608 -0.3706
v 0.3602 0.1660 -0.3701
v 0.3655 0.1586 -0.3718
v 0.3777 0.1492 -0.3644
v 0.3754 0.1487 -0.3723
v 0.3791 0.1475 -0.3666
v 0.3978 0.1474 -0.3593
v 0.4094 0.1428 -0.3608
v 0.4050 0.1526 -0.3512
v 0.4220 0.1391 -0.3431
v 0.4139 0.1431 -0.3560
v 0.4167 0.1391 -0.3531
v 0.4434 0.1129 -0.3342
v 0.4363 0.1177 -0.3391
v 0.4418 0.1081 -0.3369
v 0.4374 0.0890 -0.3377
v 0.4390 0.1004 -0.3375
v 0.4319 0.1110 -0.3432
v 0.4144 0.0889 -0.3497
v 0.4052 0.0823 -0.3544
v 0.4072 0.0767 -0.3507
v 0.3985 0.0862 -0.3653
v 0.4024 0.0967 -0.3714
v 0.3957 0.0850 -0.3711
v 0.3813 0.0723 -0.3920
v 0.3851 0.0692 -0.3815
v 0.3626 0.0720 -0.4233
v 0.3618 0.0762 -0.4309
v 0.3551 0.0687 -0.4274
v 0.3457 0.0695 -0.4318
v 0.3463 0.0753 -0.4347
v 0.3423 0.0710 -0.4315
v 0.3273 0.0715 -0.4234
v 0.3221 0.0690 -0.4176
v 0.3274 0.0685 -0.4358
v 0.3281 0.0676 -0.4386
v 0.3125 0.0550 -0.4588
v 0.3112 0.0577 -0.4651
v 0.3041 0.0475 -0.4615
v 0.2915 0.0338 -0.4688
v 0.2889 0.0332 -0.4755
v 0.2854 0.0301 -0.4650
v 0.2716 0.0286 -0.4873
v 0.2676 0.0291 -0.4897
v 0.2640 0.0267 -0.4857
v 0.2325 0.0292 -0.4990
v 0.2404 0.0300 -0.5019
v 0.2278 0.0339 -0.5162
v 0.2208 0.0554 -0.5229
v 0.2104 0.0523 -0.5111
v 0.1914 0.0700 -0.5022
v 0.1959 0.0681 -0.5036
v 0.1934 0.0737 -0.5089
v 0.1815 0.0555 -0.4870
v 0.1846 0.0579 -0.4906
v 0.1796 0.0577 -0.4909
v 0.1671 0.0499 -0.4935
v 0.1602 0.0490 -0.5022
v 0.1584 0.0441 -0.4962
v 0.1417 0.0383 -0.5128
v 0.1071 0.0307 -0.5416
v 0.1178 0.0392 -0.5506
v 0.1018 0.0327 -0.5457
v 0.0793 0.0297 -0.5474
v 0.0803 0.0371 -0.5544
v 0.0695 0.0312 -0.5531
v 0.0598 0.0313 -0.5537
v 0.0642 0.0328 -0.5569
v 0.0564 0.0335 -0.5570
v 0.0307 0.0626 -0.5282
v 0.0417 0.0577 -0.5450
v 0.0376 0.0658 -0.5399
v 0.0252 0.0737 -0.5091
v 0.0279 0.0692 -0.5174
v 0.0270 0.0756 -0.5133
v 0.0135 0.0599 -0.5001
v 0.0131 0.0645 -0.5025
v 0.0078 0.0618 -0.5017
v -0.0024 0.0688 -0.5237
v 0.0013 0.0742 -0.5258
v -0.0024 0.0707 -0.5313
v -0.0138 0.0752 -0.5622
v -0.0148 0.0796 -0.5710
v -0.0237 0.0731 -0.5648
v -0.0454 0.0578 -0.5594
v -0.1085 0.0621 -0.5611
v -0.0968 0.0731 -0.5708
v -0.1085 0.0698 -0.5663
v -0.1197 0.0652 -0.5563
v -0.1200 0.0690 -0.5589
v -0.1233 0.0663 -0.5532
v -0.1335 0.0653 -0.5329
v -0.1345 0.0571 -0.5323
v -0.1231 0.0740 -0.5529
v -0.1184 0.0791 -0.5628
v -0.1186 0.0853 -0.5586
v -0.1116 0.0843 -0.5714
v -0.1098 0.0803 -0.5736
v -0.1091 0.0848 -0.5742
v -0.0982 0.1265 -0.5716
v -0.0913 0.1285 -0.5752
v -0.0971 0.1372 -0.5704
v -0.0860 0.1146 -0.5811
v -0.0637 0.1067 -0.5955
v -0.0525 0.1077 -0.5992
v -0.0547 0.1243 -0.5940
v -0.0398 0.1361 -0.5656
v -0.0476 0.1343 -0.5791
v -0.0382 0.1322 -0.5711
v -0.0120 0.1319 -0.5547
v -0.0174 0.1290 -0.5599
v -0.0116 0.1253 -0.5618
v 0.0076 0.1301 -0.5554
v 0.0062 0.1314 -0.5521
v 0.0020 0.1299 -0.5560
v 0.0177 0.1183 -0.5334
v 0.0126 0.1220 -0.5455
v 0.0186 0.1080 -0.5315
v 0.0286 0.1022 -0.5095
v 0.0238 0.1026 -0.5135
v 0.0284 0.0966 -0.5097
v 0.0267 0.1144 -0.5096
v 0.0330 0.1079 -0.5116
v 0.0329 0.1146 -0.5122
v 0.0223 0.1207 -0.5251
v 0.0219 0.1261 -0.5296
v 0.0200 0.1209 -0.5296
v 0.0312 0.1366 -0.5292
v 0.0236 0.1351 -0.5294
v 0.0266 0.1301 -0.5273
v 0.0473 0.1414 -0.5429
v 0.0560 0.1466 -0.5527
v 0.0496 0.1486 -0.5426
v 0.0706 0.1693 -0.5351
v 0.0598 0.1615 -0.5421
v 0.0700 0.1617 -0.5436
v 0.0920 0.1884 -0.5226
v 0.1050 0.1848 -0.5304
v 0.1253 0.1716 -0.5375
v 0.1255 0.1794 -0.5347
v 0.1211 0.1795 -0.5373
v 0.1486 0.1790 -0.5131
v 0.1463 0.1778 -0.5222
v 0.1535 0.1747 -0.5151
v 0.1739 0.1726 -0.4913
v 0.1732 0.1704 -0.4976
v 0.1794 0.1744 -0.4920
v 0.1869 0.1860 -0.4723
v 0.1896 0.1820 -0.4816
v 0.1950 0.1902 -0.4710
v 0.2145 0.2002 -0.4600
v 0.2184 0.1951 -0.4651
v 0.2239 0.2016 -0.4560
v 0.2312 0.2118 -0.4352
v 0.2310 0.2105 -0.4416
v 0.2358 0.2107 -0.4354
v 0.2645 0.2049 -0.4179
v 0.2663 0.2037 -0.4214
v 0.2658 0.2088 -0.4144
v 0.2469 0.2078 -0.4115
v 0.2462 0.2072 -0.4177
v 0.2537 0.2072 -0.4106
v 0.2820 0.2093 -0.4256
v 0.2778 0.2027 -0.4321
v 0.2829 0.2042 -0.4332
v 0.2933 0.1997 -0.4409
v 0.2863 0.1882 -0.4462
v 0.2926 0.1908 -0.4439
v 0.3348 0.1997 -0.4126
v 0.3226 0.2005 -0.4197
v 0.3310 0.1960 -0.4166
v 0.3525 0.1796 -0.3992
v 0.3444 0.1859 -0.4093
v 0.3480 0.1750 -0.4136
v 0.3625 0.1618 -0.3832
v 0.3621 0.1602 -0.3912
v 0.3657 0.1581 -0.3804
v 0.3951 0.1382 -0.3703
v 0.3866 0.1425 -0.3783
v 0.3986 0.1336 -0.3779
v 0.4015 0.1193 -0.3680
v 0.4045 0.1260 -0.3635
v 0.4018 0.1255 -0.3676
v 0.4093 0.1140 -0.3554
v 0.4061 0.1139 -0.3586
v 0.4063 0.1052 -0.3589
v 0.4287 0.1181 -0.3438
v 0.4255 0.1125 -0.3460
v 0.4170 0.1350 -0.3534
v 0.4145 0.1351 -0.3569
v 0.4155 0.1313 -0.3546
v 0.4004 0.1344 -0.3701
v 0.3990 0.1378 -0.3668
v 0.3982 0.1361 -0.3714
v 0.4123 0.1416 -0.3593
v 0.4075 0.1412 -0.3625
v 0.4108 0.1401 -0.3619
v 0.4069 0.1365 -0.3645
v 0.4058 0.0983 -0.3600
v 0.4033 0.0956 -0.3651
v 0.4040 0.0896 -0.3592
v 0.4003 0.0946 -0.3895
v 0.4064 0.1018 -0.4000
v 0.4046 0.0993 -0.4015
v 0.3960 0.0960 -0.4267
v 0.3860 0.0915 -0.4294
v 0.3891 0.0909 -0.4209
v 0.3645 0.0823 -0.4375
v 0.3559 0.0752 -0.4338
v 0.3465 0.0845 -0.4371
v 0.3401 0.0757 -0.4329
v 0.3345 0.0748 -0.4339
v 0.3312 0.0735 -0.4390
v 0.3304 0.0710 -0.4354
v 0.3283 0.0740 -0.4521
v 0.3266 0.0745 -0.4621
v 0.3274 0.0667 -0.4495
v 0.3174 0.0673 -0.4697
v 0.3126 0.0731 -0.4774
v 0.3098 0.0619 -0.4708
v 0.2934 0.0417 -0.4772
v 0.2907 0.0586 -0.4972
v 0.2886 0.0377 -0.4827
v 0.2785 0.0326 -0.4881
v 0.2714 0.0371 -0.4984
v 0.2737 0.0325 -0.4919
v 0.2453 0.0362 -0.5148
v 0.2493 0.0386 -0.5155
v 0.2398 0.0387 -0.5230
v 0.2371 0.0571 -0.5368
v 0.2410 0.0588 -0.5374
v 0.2370 0.0600 -0.5382
v 0.2191 0.0691 -0.5301
v 0.2133 0.0806 -0.5334
v 0.2076 0.0735 -0.5222
v 0.1902 0.0767 -0.5113
v 0.1898 0.0748 -0.5083
v 0.1709 0.0664 -0.5093
v 0.1779 0.0706 -0.5070
v 0.1777 0.0747 -0.5114
v 0.1522 0.0490 -0.5137
v 0.1495 0.0543 -0.5225
v 0.1439 0.0483 -0.5254
v 0.1349 0.0461 -0.5408
v 0.1350 0.0521 -0.5480
v 0.1283 0.0456 -0.5470
v 0.1111 0.0474 -0.5593
v 0.1149 0.0569 -0.5668
v 0.1053 0.0517 -0.5643
v 0.0715 0.0399 -0.5596
v 0.0778 0.0454 -0.5610
v 0.0700 0.0455 -0.5643
v 0.0572 0.0373 -0.5612
v 0.0609 0.0510 -0.5663
v 0.0549 0.0398 -0.5593
v 0.0516 0.0684 -0.5597
v 0.0586 0.0789 -0.5669
v 0.0486 0.0734 -0.5551
v 0.0327 0.0817 -0.5218
v 0.0373 0.0840 -0.5300
v 0.0349 0.0909 -0.5200
v 0.0180 0.0804 -0.5085
v 0.0238 0.0855 -0.5090
v 0.0194 0.0860 -0.5088
v 0.0085 0.0673 -0.5042
v 0.0118 0.0708 -0.5055
v 0.0083 0.0713 -0.5087
v 0.0030 0.0753 -0.5326
v 0.0207 0.0796 -0.5519
v 0.0174 0.0793 -0.5541
v 0.0092 0.0769 -0.5491
v -0.0037 0.0800 -0.5662
v -0.0409 0.0827 -0.5851
v -0.0327 0.0886 -0.5934
v -0.0383 0.0903 -0.5962
v -0.0719 0.0842 -0.5853
v -0.0738 0.0874 -0.5890
v -0.0837 0.0844 -0.5832
v -0.1140 0.0722 -0.5671
v -0.1121 0.0798 -0.5716
v -0.1160 0.0748 -0.5650
v -0.0960 0.0878 -0.5806
v -0.0878 0.0915 -0.5848
v -0.0911 0.0940 -0.5831
v -0.0669 0.0917 -0.5957
v -0.0551 0.0969 -0.6000
v -0.0439 0.1131 -0.5992
v -0.0222 0.1143 -0.5856
v -0.0143 0.1170 -0.5773
v -0.0227 0.1193 -0.5789
v 0.0077 0.1272 -0.5644
v -0.0018 0.1218 -0.5689
v 0.0032 0.1219 -0.5692
v 0.0146 0.1132 -0.5430
v 0.0134 0.1163 -0.5572
v 0.0165 0.1063 -0.5502
v 0.0178 0.0927 -0.5345
v 0.0187 0.0975 -0.5377
v 0.0195 0.0930 -0.5400
v 0.0160 0.0836 -0.5393
v 0.0174 0.0813 -0.5438
v 0.0122 0.0812 -0.5378
v 0.0213 0.0814 -0.5546
v 0.0150 0.0844 -0.5673
v 0.0115 0.0869 -0.5706
v 0.0083 0.0851 -0.5703
v -0.0093 0.0879 -0.5806
v -0.0106 0.0907 -0.5831
v -0.0128 0.0891 -0.5844
v -0.0337 0.0972 -0.5988
v -0.0330 0.0922 -0.5969
v -0.0310 0.0904 -0.5954
v -0.0230 0.1025 -0.5916
v -0.0299 0.1075 -0.5963
v -0.0337 0.1023 -0.5990
v 0.0066 0.1125 -0.5715
v -0.0014 0.1109 -0.5764
v 0.0083 0.1058 -0.5726
v 0.0245 0.0906 -0.5551
v 0.0196 0.0979 -0.5585
v 0.0247 0.0892 -0.5581
v 0.0213 0.0825 -0.5461
v 0.0214 0.0942 -0.5491
v 0.0192 0.0993 -0.5534
v 0.0076 0.1236 -0.5673
v -0.0012 0.1166 -0.5739
v -0.0081 0.0931 -0.5824
v -0.0075 0.1011 -0.5820
v -0.0199 0.0950 -0.5895
v 0.0199 0.0899 -0.5091
v 0.0182 0.0922 -0.5133
v 0.0299 0.0760 -0.5191
v 0.0319 0.0735 -0.5262
v 0.0368 0.1148 -0.5151
v 0.0363 0.1186 -0.5159
v 0.0311 0.1232 -0.5184
v 0.0357 0.1253 -0.5234
v 0.0298 0.1245 -0.5215
v 0.0385 0.1280 -0.5297
v 0.0394 0.1336 -0.5344
v 0.0359 0.1318 -0.5307
v 0.0523 0.1341 -0.5502
v 0.0583 0.1364 -0.5551
v 0.0520 0.1372 -0.5505
v 0.0619 0.1567 -0.5480
v 0.0580 0.1547 -0.5499
v 0.0620 0.1498 -0.5562
v 0.0911 0.1693 -0.5395
v 0.1079 0.1693 -0.5419
v 0.1033 0.1752 -0.5373
v 0.1222 0.1636 -0.5428
v 0.1267 0.1571 -0.5387
v 0.1432 0.1777 -0.5240
v 0.1404 0.1783 -0.5266
v 0.1493 0.1710 -0.5239
v 0.1726 0.1556 -0.5215
v 0.1649 0.1535 -0.5251
v 0.1708 0.1515 -0.5236
v 0.1719 0.1628 -0.5134
v 0.1653 0.1648 -0.5175
v 0.1750 0.1599 -0.5158
v 0.1524 0.1736 -0.5194
v 0.1567 0.1710 -0.5163
v 0.1736 0.1676 -0.5026
v 0.1786 0.1705 -0.4979
v 0.1991 0.1818 -0.4883
v 0.1995 0.1855 -0.4797
v 0.2394 0.2007 -0.4518
v 0.2308 0.1957 -0.4615
v 0.2418 0.1942 -0.4607
v 0.2592 0.2005 -0.4344
v 0.2639 0.1970 -0.4399
v 0.2644 0.1992 -0.4337
v 0.2761 0.1993 -0.4351
v 0.2777 0.1979 -0.4389
v 0.2804 0.1866 -0.4493
v 0.2791 0.1900 -0.4470
v 0.2758 0.1877 -0.4515
v 0.2870 0.1846 -0.4465
v 0.2867 0.1808 -0.4496
v 0.2925 0.1819 -0.4454
v 0.3018 0.1999 -0.4370
v 0.3028 0.1967 -0.4386
v 0.3081 0.1960 -0.4337
v 0.3251 0.1882 -0.4236
v 0.3202 0.1905 -0.4257
v 0.3171 0.1841 -0.4289
v 0.3350 0.1770 -0.4238
v 0.3318 0.1706 -0.4270
v 0.3378 0.1699 -0.4265
v 0.3492 0.1644 -0.4284
v 0.3466 0.1675 -0.4254
v 0.3446 0.1656 -0.4295
v 0.3585 0.1625 -0.4041
v 0.3572 0.1602 -0.4094
v 0.3611 0.1589 -0.4069
v 0.3744 0.1496 -0.4301
v 0.3686 0.1527 -0.4308
v 0.3716 0.1472 -0.4329
v 0.3965 0.1324 -0.4080
v 0.3899 0.1370 -0.4137
v 0.3920 0.1288 -0.4167
v 0.4018 0.1104 -0.3698
v 0.4017 0.1223 -0.3719
v 0.4024 0.1172 -0.3751
v 0.4058 0.1075 -0.4027
v 0.4069 0.1027 -0.4115
v 0.4001 0.0959 -0.4091
v 0.4023 0.0974 -0.4173
v 0.3986 0.0958 -0.4171
v 0.3945 0.1024 -0.4293
v 0.3907 0.1095 -0.4310
v 0.3859 0.1054 -0.4381
v 0.3712 0.0881 -0.4430
v 0.3756 0.0908 -0.4469
v 0.3662 0.0869 -0.4423
v 0.3396 0.0858 -0.4354
v 0.3386 0.0950 -0.4347
v 0.3355 0.0855 -0.4349
v 0.3309 0.0898 -0.4393
v 0.3289 0.0934 -0.4379
v 0.3272 0.0925 -0.4420
v 0.3332 0.1024 -0.4344
v 0.3343 0.1083 -0.4342
v 0.3291 0.1020 -0.4351
v 0.3219 0.1172 -0.4511
v 0.3225 0.1197 -0.4599
v 0.3234 0.1099 -0.4536
v 0.3246 0.0882 -0.4712
v 0.3224 0.0879 -0.4764
v 0.3082 0.0789 -0.4873
v 0.3076 0.0671 -0.4776
v 0.2890 0.0766 -0.5159
v 0.2922 0.0875 -0.5204
v 0.2885 0.0870 -0.5234
v 0.2624 0.0423 -0.5105
v 0.2434 0.0495 -0.5318
v 0.2463 0.0423 -0.5222
v 0.2413 0.0699 -0.5414
v 0.2412 0.0811 -0.5467
v 0.2370 0.0714 -0.5426
v 0.2314 0.0932 -0.5557
v 0.2309 0.0969 -0.5566
v 0.2279 0.0975 -0.5558
v 0.1909 0.0804 -0.5155
v 0.1918 0.0860 -0.5191
v 0.1832 0.0824 -0.5146
v 0.1622 0.0624 -0.5141
v 0.1613 0.0686 -0.5188
v 0.1550 0.0612 -0.5203
v 0.1465 0.0846 -0.5359
v 0.1397 0.0578 -0.5423
v 0.1467 0.0687 -0.5331
v 0.1400 0.0993 -0.5388
v 0.1392 0.0948 -0.5443
v 0.1452 0.0926 -0.5336
v 0.1366 0.0626 -0.5537
v 0.1345 0.0628 -0.5573
v 0.1356 0.0573 -0.5539
v 0.1250 0.0643 -0.5675
v 0.1249 0.0691 -0.5703
v 0.1207 0.0637 -0.5711
v 0.0972 0.0665 -0.5776
v 0.1013 0.0701 -0.5788
v 0.0937 0.0707 -0.5803
v 0.0646 0.0443 -0.5660
v 0.0656 0.0500 -0.5682
v 0.0629 0.0473 -0.5663
v 0.0586 0.0610 -0.5668
v 0.0634 0.0738 -0.5723
v 0.0465 0.0840 -0.5491
v 0.0531 0.0849 -0.5563
v 0.0506 0.0900 -0.5489
v 0.0417 0.1048 -0.5236
v 0.0483 0.1085 -0.5349
v 0.0426 0.1125 -0.5233
v 0.0367 0.1210 -0.5197
v 0.0703 0.1288 -0.5631
v 0.0665 0.1362 -0.5613
v 0.0621 0.1304 -0.5569
v 0.0789 0.1467 -0.5607
v 0.0821 0.1407 -0.5692
v 0.0861 0.1485 -0.5559
v 0.1135 0.1554 -0.5511
v 0.1089 0.1493 -0.5556
v 0.1186 0.1568 -0.5502
v 0.1272 0.1422 -0.5380
v 0.1219 0.1485 -0.5470
v 0.1227 0.1372 -0.5481
v 0.1443 0.1430 -0.5264
v 0.1455 0.1552 -0.5273
v 0.1397 0.1502 -0.5289
v 0.1523 0.1264 -0.5250
v 0.1432 0.1367 -0.5266
v 0.1455 0.1234 -0.5270
v 0.1690 0.0821 -0.5202
v 0.1703 0.0909 -0.5202
v 0.1563 0.0852 -0.5254
v 0.1787 0.0854 -0.5163
v 0.1859 0.0916 -0.5175
v 0.1784 0.0913 -0.5170
v 0.1776 0.1179 -0.5207
v 0.1778 0.1299 -0.5205
v 0.1734 0.1294 -0.5203
v 0.1674 0.1377 -0.5229
v 0.1678 0.1434 -0.5242
v 0.1602 0.1414 -0.5246
v 0.1871 0.1533 -0.5221
v 0.1981 0.1440 -0.5286
v 0.2136 0.1475 -0.5305
v 0.2238 0.1752 -0.5033
v 0.2307 0.1791 -0.4977
v 0.2177 0.1769 -0.5010
v 0.2462 0.1859 -0.4823
v 0.2562 0.1879 -0.4836
v 0.2521 0.1879 -0.4768
v 0.2670 0.1887 -0.4652
v 0.2626 0.1888 -0.4727
v 0.2659 0.1876 -0.4737
v 0.2874 0.1763 -0.4519
v 0.2882 0.1739 -0.4558
v 0.2914 0.1748 -0.4494
v 0.3055 0.1846 -0.4407
v 0.3029 0.1880 -0.4419
v 0.3032 0.1780 -0.4424
v 0.3203 0.1681 -0.4303
v 0.3177 0.1803 -0.4292
v 0.3154 0.1648 -0.4343
v 0.3248 0.1443 -0.4292
v 0.3277 0.1597 -0.4282
v 0.3231 0.1538 -0.4290
v 0.3323 0.1499 -0.4293
v 0.3342 0.1648 -0.4286
v 0.3414 0.1562 -0.4337
v 0.3454 0.1625 -0.4329
v 0.3419 0.1622 -0.4310
v 0.3638 0.1547 -0.4363
v 0.3607 0.1534 -0.4386
v 0.3687 0.1500 -0.4348
v 0.3756 0.1434 -0.4307
v 0.3697 0.1412 -0.4361
v 0.3755 0.1361 -0.4341
v 0.3970 0.1184 -0.4155
v 0.3920 0.1174 -0.4244
v 0.4018 0.1018 -0.4231
v 0.4012 0.0983 -0.4225
v 0.3756 0.1103 -0.4459
v 0.3703 0.1126 -0.4477
v 0.3727 0.1074 -0.4490
v 0.3379 0.1035 -0.4362
v 0.3502 0.1119 -0.4428
v 0.3425 0.1270 -0.4400
v 0.3264 0.1182 -0.4292
v 0.3239 0.1197 -0.4328
v 0.3259 0.1138 -0.4294
v 0.3231 0.1252 -0.4336
v 0.3188 0.1335 -0.4404
v 0.3202 0.1191 -0.4413
v 0.3350 0.1399 -0.4341
v 0.3417 0.1377 -0.4383
v 0.3405 0.1469 -0.4360
v 0.3554 0.1573 -0.4379
v 0.3537 0.1597 -0.4366
v 0.3506 0.1601 -0.4365
v 0.3578 0.1326 -0.4462
v 0.3541 0.1336 -0.4460
v 0.3576 0.1290 -0.4461
v 0.3660 0.1173 -0.4476
v 0.3675 0.1133 -0.4489
v 0.3527 0.1245 -0.4448
v 0.3490 0.1313 -0.4434
v 0.3173 0.1421 -0.4480
v 0.3177 0.1430 -0.4562
v 0.3186 0.1374 -0.4501
v 0.3229 0.1213 -0.4676
v 0.3229 0.1144 -0.4724
v 0.3238 0.1078 -0.4622
v 0.3157 0.0989 -0.4889
v 0.3160 0.0904 -0.4849
v 0.2988 0.1022 -0.5222
v 0.2935 0.0969 -0.5246
v 0.2964 0.0920 -0.5180
v 0.2696 0.0594 -0.5195
v 0.2676 0.0717 -0.5281
v 0.2604 0.0583 -0.5263
v 0.2495 0.0939 -0.5496
v 0.2524 0.0974 -0.5472
v 0.2468 0.0964 -0.5506
v 0.2465 0.1153 -0.5428
v 0.2349 0.1097 -0.5494
v 0.2418 0.1032 -0.5499
v 0.2766 0.1265 -0.5323
v 0.2779 0.1346 -0.5278
v 0.2676 0.1355 -0.5302
v 0.2496 0.1698 -0.5085
v 0.2496 0.1620 -0.5154
v 0.2620 0.1650 -0.5109
v 0.2423 0.1828 -0.4912
v 0.2533 0.1826 -0.4946
v 0.2706 0.1813 -0.4826
v 0.2818 0.1749 -0.4792
v 0.3007 0.1638 -0.4505
v 0.2954 0.1668 -0.4553
v 0.3003 0.1606 -0.4576
v 0.3032 0.1646 -0.4456
v 0.3048 0.1693 -0.4431
v 0.3000 0.1668 -0.4465
v 0.3125 0.1531 -0.4461
v 0.3121 0.1512 -0.4530
v 0.3153 0.1478 -0.4469
v 0.3211 0.1422 -0.4748
v 0.3167 0.1482 -0.4765
v 0.3208 0.1410 -0.4800
v 0.3190 0.1221 -0.4861
v 0.3167 0.1366 -0.4941
v 0.3141 0.1219 -0.4960
v 0.3034 0.1089 -0.5150
v 0.2983 0.1087 -0.5261
v 0.2771 0.1163 -0.5361
v 0.2694 0.1184 -0.5371
v 0.2696 0.1026 -0.5418
v 0.3060 0.1391 -0.5039
v 0.2878 0.1447 -0.5136
v 0.2897 0.1358 -0.5198
v 0.3086 0.1487 -0.4910
v 0.3056 0.1472 -0.4963
v 0.3124 0.1440 -0.4940
v 0.2972 0.1528 -0.4976
v 0.2629 0.1733 -0.5010
v 0.2575 0.1759 -0.5008
v 0.2962 0.1688 -0.4507
v 0.2951 0.1733 -0.4470
v 0.2928 0.1705 -0.4520
v 0.2350 0.1279 -0.5398
v 0.2242 0.1248 -0.5437
v 0.2279 0.1148 -0.5485
v 0.2357 0.0986 -0.5551
v 0.2036 0.1157 -0.5365
v 0.2028 0.1222 -0.5357
v 0.1887 0.1276 -0.5255
v 0.1809 0.1320 -0.5232
v 0.1855 0.1372 -0.5262
v 0.1792 0.1354 -0.5235
v 0.1968 0.1311 -0.5310
v 0.2006 0.1362 -0.5321
v 0.1932 0.1357 -0.5291
v 0.2179 0.1267 -0.5432
v 0.2196 0.1306 -0.5409
v 0.2210 0.1168 -0.5483
v 0.2209 0.1118 -0.5496
v 0.2236 0.1156 -0.5493
v 0.4043 0.1143 -0.4010
v 0.4003 0.1204 -0.4074
v 0.4043 0.1108 -0.4074
v 0.2220 0.1829 -0.4867
v 0.2101 0.1831 -0.4863
v 0.2032 0.1796 -0.4963
v 0.1511 0.0912 -0.5291
v 0.1490 0.1037 -0.5287
v 0.1449 0.0958 -0.5328
v 0.1288 0.1025 -0.5581
v 0.1289 0.0957 -0.5653
v 0.1337 0.0941 -0.5580
v 0.1280 0.0659 -0.5671
v 0.1288 0.0757 -0.5671
v 0.0917 0.0785 -0.5835
v 0.1027 0.0838 -0.5805
v 0.0913 0.0821 -0.5834
v 0.0813 0.0801 -0.5830
v 0.0874 0.0791 -0.5841
v 0.0876 0.0822 -0.5835
v 0.0660 0.0892 -0.5682
v 0.0720 0.0896 -0.5727
v 0.0715 0.1003 -0.5681
v 0.0547 0.1091 -0.5463
v 0.0616 0.1095 -0.5570
v 0.0571 0.1164 -0.5500
v 0.0765 0.1230 -0.5666
v 0.0784 0.1317 -0.5683
v 0.0912 0.1435 -0.5631
v 0.0871 0.1398 -0.5686
v 0.0931 0.1264 -0.5707
v 0.0956 0.1339 -0.5717
v 0.0878 0.1270 -0.5706
v 0.0881 0.1119 -0.5719
v 0.0880 0.0995 -0.5759
v 0.0951 0.1150 -0.5714
v 0.1143 0.1274 -0.5644
v 0.1097 0.1226 -0.5673
v 0.1146 0.1185 -0.5658
v 0.1009 0.1438 -0.5612
v 0.0955 0.1389 -0.5687
v 0.1065 0.1374 -0.5666
v 0.1178 0.1463 -0.5530
v 0.1186 0.1408 -0.5541
v 0.1338 0.1329 -0.5326
v 0.1327 0.1193 -0.5393
v 0.1363 0.1183 -0.5347
v 0.1248 0.1122 -0.5569
v 0.1185 0.1214 -0.5617
v 0.1195 0.1122 -0.5643
v 0.1182 0.0873 -0.5774
v 0.1212 0.0954 -0.5727
v 0.1162 0.1017 -0.5716
v 0.1101 0.1144 -0.5689
v 0.1153 0.1105 -0.5682
v 0.1853 0.0749 -0.5073
v 0.1846 0.0779 -0.5113
v 0.3800 0.0913 -0.4420
v 0.3794 0.0975 -0.4465
v 0.3773 0.0933 -0.4475
v 0.3531 0.1863 -0.3881
v 0.3455 0.1948 -0.3992
v 0.0286 0.1379 -0.5270
v -0.0578 0.1385 -0.5855
v -0.0539 0.1343 -0.5866
v 0.0137 0.0566 -0.4963
v 0.3799 0.1574 -0.3540
v 0.3788 0.1522 -0.3590
v 0.3863 0.1546 -0.3560
v 0.3617 0.1600 -0.3671
v 0.3679 0.1627 -0.3468
v 0.3603 0.1618 -0.3537
v 0.3677 0.1599 -0.3503
v 0.2421 0.2134 -0.3938
v 0.2351 0.2132 -0.4003
v 0.2430 0.2111 -0.4011
v 0.0024 0.1487 -0.5385
v -0.0076 0.1687 -0.5426
v -0.0016 0.1413 -0.5462
v -0.0641 0.1432 -0.5837
v -0.0662 0.1450 -0.5816
v -0.1493 0.1957 -0.4909
v -0.1587 0.1944 -0.4867
v -0.0498 0.0553 -0.5581
v 0.1922 0.0379 -0.4799
v 0.1876 0.0415 -0.4799
v 0.1535 0.1800 -0.4298
v 0.1586 0.1847 -0.4296
v 0.1514 0.1806 -0.4227
v 0.1565 0.1765 -0.4399
v 0.1504 0.1757 -0.4466
v 0.1576 0.1760 -0.4459
v 0.1498 0.1763 -0.4403
v 0.1466 0.1778 -0.4446
v -0.0380 0.1855 -0.5528
v -0.0353 0.1836 -0.5549
v 0.2714 0.0224 -0.4102
v 0.2620 0.0214 -0.4062
v 0.1424 0.1788 -0.4295
v 0.1428 0.1775 -0.4248
v -0.1347 0.0374 -0.4794
v -0.1320 0.0390 -0.4856
v -0.1398 0.0381 -0.4777
v 0.2463 0.0178 -0.3979
v 0.4250 0.1549 -0.2530
v 0.2106 0.2295 -0.3495
v 0.2166 0.2254 -0.3550
v 0.2178 0.2235 -0.3470
v 0.2066 0.2317 -0.3493
v 0.2020 0.2322 -0.3543
v 0.2068 0.2316 -0.3546
v -0.2578 0.1934 -0.4221
v -0.2598 0.1940 -0.4244
v -0.2573 0.1910 -0.4252
v -0.3509 0.1259 -0.4134
v -0.3567 0.1264 -0.4056
v -0.3325 0.1305 -0.4359
v -0.3384 0.1254 -0.4318
v -0.1253 0.0280 -0.4677
v -0.1339 0.0315 -0.4699
v 0.1803 0.2241 -0.3328
v 0.1757 0.2225 -0.3388
v 0.1917 0.2307 -0.3436
v 0.0376 0.1806 -0.3891
v 0.0542 0.1888 -0.3972
v 0.0416 0.1821 -0.3876
v -0.4074 0.0831 -0.2962
v -0.4059 0.0887 -0.3011
v -0.3102 0.0377 -0.3784
v -0.3166 0.0385 -0.3771
v -0.3142 0.0398 -0.3846
v -0.3032 0.0424 -0.3899
v -0.2824 0.0366 -0.3950
v 0.4057 0.1608 -0.2061
v 0.3994 0.1632 -0.2112
v 0.4030 0.1586 -0.2110
v 0.3944 0.1694 -0.2059
v 0.3961 0.1660 -0.2119
v 0.3964 0.1658 -0.2080
v 0.1411 0.1879 -0.3483
v 0.1374 0.1802 -0.3550
v 0.1400 0.1881 -0.3557
v 0.0254 0.1709 -0.3836
v 0.0219 0.1661 -0.3930
v 0.0273 0.1729 -0.3902
v 0.0170 0.1609 -0.4009
v 0.0156 0.1611 -0.4067
v 0.0199 0.1643 -0.4018
v 0.4794 0.1002 -0.0972
v 0.4817 0.1028 -0.1029
v 0.4812 0.0974 -0.1039
v 0.4874 0.1169 -0.0919
v 0.4850 0.1146 -0.0985
v 0.4837 0.1106 -0.0914
v 0.4836 0.1238 -0.1143
v 0.4850 0.1312 -0.1137
v 0.4820 0.1277 -0.1165
v 0.4806 0.1203 -0.1268
v 0.4762 0.1319 -0.1320
v 0.4762 0.1263 -0.1384
v 0.4730 0.1425 -0.1516
v 0.4749 0.1380 -0.1426
v 0.4826 0.1528 -0.1455
v 0.4796 0.1497 -0.1543
v 0.4820 0.1509 -0.1510
v 0.4895 0.1461 -0.1180
v 0.4920 0.1412 -0.1052
v 0.4907 0.1189 -0.0871
v 0.4908 0.1229 -0.0925
v 0.4967 0.1343 -0.0874
v 0.4959 0.1316 -0.0891
v 0.4991 0.1280 -0.0821
v 0.4792 0.1563 -0.1394
v 0.4782 0.1551 -0.1554
v 0.0692 0.1471 -0.2673
v 0.0680 0.1531 -0.2720
v 0.0320 0.1876 -0.2481
v 0.0246 0.1855 -0.2615
v 0.0326 0.1838 -0.2635
v 0.0108 0.1986 -0.2030
v 0.0183 0.1987 -0.1975
v 0.0077 0.1538 -0.3764
v 0.0075 0.1546 -0.3798
v -0.0304 0.2303 -0.1827
v -0.0385 0.2243 -0.2253
v -0.2261 0.2013 -0.3513
v 0.1127 0.0328 -0.3258
v 0.1059 0.0340 -0.3230
v 0.4784 0.1563 -0.0971
v 0.4871 0.1515 -0.0963
v 0.3786 0.1756 -0.1963
v 0.3764 0.1810 -0.2019
v 0.0252 0.0746 -0.2956
v 0.0305 0.0773 -0.2948
v 0.0077 0.0852 -0.3038
v 0.0112 0.0919 -0.3022
v 0.0174 0.0932 -0.2976
v 0.0220 0.1063 -0.2929
v 0.0199 0.1026 -0.2990
v 0.0194 0.1090 -0.2924
v 0.0014 0.1675 -0.2827
v 0.0034 0.1637 -0.2905
v 0.0104 0.1704 -0.2880
v 0.0293 0.1463 -0.3266
v 0.0294 0.1419 -0.3296
v 0.0309 0.1476 -0.3314
v 0.0210 0.1448 -0.3440
v 0.0267 0.1459 -0.3402
v 0.0250 0.1367 -0.3258
v 0.0199 0.1355 -0.3331
v 0.0262 0.1373 -0.3313
v 0.0159 0.1460 -0.3508
v 0.0189 0.1482 -0.3488
v 0.0026 0.1425 -0.3542
v 0.0086 0.1443 -0.3559
v 0.0134 0.1248 -0.3201
v 0.0076 0.1245 -0.3268
v 0.0131 0.1254 -0.3260
v -0.0272 0.2485 -0.1057
v -0.0330 0.2459 -0.1296
v 0.3423 0.0384 -0.1643
v 0.3386 0.0399 -0.1599
v 0.3455 0.0397 -0.1613
v 0.3724 0.1756 -0.1801
v 0.3680 0.1744 -0.1834
v 0.3748 0.1752 -0.1818
v 0.3613 0.1755 -0.1850
v 0.3549 0.1789 -0.1851
v 0.3589 0.1780 -0.1878
v 0.2410 0.2105 -0.2409
v 0.2393 0.2158 -0.2457
v 0.2424 0.2101 -0.2457
v 0.2171 0.0226 -0.2058
v 0.2169 0.0222 -0.2116
v 0.2057 0.0229 -0.2150
v 0.4584 0.1087 0.0133
v 0.4565 0.1085 0.0048
v 0.4596 0.1211 0.0056
v 0.4595 0.1238 0.0016
v 0.4590 0.1202 0.0006
v 0.1648 0.2062 -0.2660
v 0.4780 0.1011 0.0377
v 0.4795 0.1005 0.0343
v 0.4775 0.0937 0.0362
v 0.4457 0.1670 -0.0372
v 0.4542 0.1616 -0.0374
v 0.4511 0.1599 -0.0272
v 0.4413 0.0365 -0.0466
v 0.3792 0.2005 -0.0606
v 0.3849 0.1985 -0.0482
v 0.4530 0.1209 0.0594
v 0.4540 0.1193 0.0567
v 0.4489 0.1142 0.0604
v 0.2907 0.1498 -0.1321
v 0.2912 0.1485 -0.1359
v 0.2917 0.1483 -0.1404
v 0.2937 0.1515 -0.1436
v 0.2943 0.1498 -0.1375
v 0.2764 0.1427 -0.1318
v 0.2766 0.1460 -0.1393
v 0.2837 0.1457 -0.1316
v 0.2074 0.1476 -0.2006
v 0.2076 0.1487 -0.2059
v 0.2586 0.1368 -0.1144
v 0.2636 0.1383 -0.1186
v 0.4526 0.1441 0.0746
v 0.4509 0.1474 0.0695
v 0.4537 0.1421 0.0679
v 0.4418 0.1611 0.0636
v 0.4426 0.1596 0.0576
v 0.4468 0.1516 0.0627
v 0.4207 0.1839 0.0513
v 0.4268 0.1812 0.0422
v 0.4306 0.1759 0.0500
v 0.4282 0.1792 0.0255
v 0.4292 0.1823 0.0295
v 0.4182 0.1878 0.0525
v 0.4268 0.1787 0.0565
v 0.3102 0.1749 -0.0775
v 0.3085 0.1738 -0.0859
v 0.3151 0.1773 -0.0872
v 0.1903 0.2149 -0.1787
v 0.1899 0.2108 -0.1775
v 0.0951 0.2792 -0.1220
v 0.0947 0.2774 -0.1251
v 0.0992 0.2775 -0.1220
v 0.0910 0.2770 -0.0579
v 0.0988 0.2692 -0.0624
v 0.0957 0.2677 -0.0561
v 0.1853 0.2426 -0.0768
v 0.1740 0.2462 -0.0690
v 0.2127 0.2403 -0.0533
v 0.2170 0.2404 -0.0579
v 0.2195 0.2317 -0.0455
v 0.2316 0.2300 -0.0511
v 0.1936 0.2396 -0.0834
v 0.2674 0.2175 -0.0830
v 0.2621 0.2169 -0.0870
v 0.2656 0.2167 -0.0864
v 0.2011 0.2184 -0.0291
v 0.2010 0.2220 -0.0346
v 0.0697 0.2996 -0.0626
v 0.0701 0.2973 -0.0708
v 0.0757 0.3249 -0.0511
v 0.0741 0.3162 -0.0483
v 0.0649 0.3311 -0.0546
v 0.0706 0.3371 -0.0580
v 0.0676 0.3395 -0.0579
v 0.0732 0.3357 -0.0483
v 0.0669 0.3404 -0.0540
v 0.0683 0.3446 -0.0563
v 0.0875 0.3342 -0.0482
v 0.0883 0.3424 -0.0487
v 0.0858 0.3401 -0.0519
v 0.0884 0.3588 -0.0591
v 0.0841 0.3733 -0.0674
v 0.0786 0.3632 -0.0687
v 0.0740 0.3572 -0.0606
v 0.0714 0.3602 -0.0641
v 0.0740 0.3637 -0.0647
v 0.0895 0.3594 -0.0543
v 0.0898 0.3629 -0.0575
v 0.0886 0.3518 -0.0511
v 0.0869 0.3809 -0.0672
v 0.0844 0.3862 -0.0714
v 0.0755 0.3634 -0.0685
v 0.0775 0.3712 -0.0704
v 0.0728 0.3651 -0.0677
v 0.0815 0.3847 -0.0690
v 0.0890 0.3960 -0.0672
v 0.0856 0.3852 -0.0656
v 0.0887 0.3803 -0.0643
v 0.0854 0.3959 -0.0712
v 0.0442 0.2464 -0.0687
v 0.0181 0.2650 -0.0687
v 0.0178 0.2648 -0.0763
v 0.0117 0.2674 -0.0686
v 0.0006 0.2581 -0.0522
v -0.0037 0.2524 -0.0550
v 0.0024 0.2554 -0.0549
v -0.0321 0.2726 -0.0456
v -0.0420 0.2911 -0.0524
v -0.0439 0.2985 -0.0590
v -0.0465 0.2943 -0.0493
v -0.0549 0.3050 -0.0484
v -0.0560 0.3152 -0.0501
v -0.0487 0.3074 -0.0481
v -0.0366 0.3092 -0.0563
v -0.0341 0.3116 -0.0625
v -0.0351 0.3057 -0.0546
v -0.0218 0.3059 -0.0732
v -0.0245 0.3083 -0.0783
v -0.0238 0.3039 -0.0767
v -0.0291 0.2842 -0.0584
v -0.0206 0.2891 -0.0651
v -0.0265 0.2918 -0.0659
v -0.0456 0.3088 -0.0686
v -0.0530 0.3179 -0.0686
v -0.0553 0.3138 -0.0637
v -0.0508 0.3160 -0.0528
v -0.0435 0.3267 -0.0682
v -0.0419 0.3326 -0.0762
v -0.0340 0.3205 -0.0744
v -0.0259 0.3117 -0.0784
v -0.0310 0.3171 -0.0860
v -0.0274 0.3093 -0.0801
v -0.0331 0.3121 -0.0811
v -0.0341 0.3177 -0.0862
v -0.0378 0.3149 -0.0821
v -0.0613 0.3296 -0.0700
v -0.0704 0.3491 -0.0678
v -0.0673 0.3329 -0.0616
v -0.0621 0.3227 -0.0518
v -0.0648 0.3307 -0.0553
v -0.0638 0.3353 -0.0570
v -0.0566 0.3261 -0.0553
v -0.0608 0.3499 -0.0660
v -0.0516 0.3342 -0.0650
v -0.0595 0.3691 -0.0815
v -0.0604 0.3742 -0.0858
v -0.0557 0.3640 -0.0858
v -0.0393 0.3333 -0.0855
v -0.0431 0.3401 -0.0887
v -0.0407 0.3353 -0.0890
v -0.0600 0.3517 -0.0813
v -0.0573 0.3593 -0.0874
v -0.0596 0.3658 -0.0882
v -0.0739 0.3597 -0.0653
v -0.0741 0.3658 -0.0688
v -0.0741 0.3691 -0.0679
v -0.0684 0.3725 -0.0720
v -0.0624 0.3678 -0.0752
v -0.0621 0.3760 -0.0876
v -0.0593 0.3715 -0.0880
v -0.0739 0.3804 -0.0732
v -0.0727 0.3739 -0.0759
v -0.0723 0.3862 -0.0793
v -0.0525 0.3575 -0.0894
v -0.0562 0.3648 -0.0892
v -0.0546 0.3593 -0.0905
v -0.0352 0.3263 -0.0851
v -0.0371 0.3211 -0.0871
v -0.0133 0.2773 -0.0607
v -0.0115 0.2816 -0.0663
v -0.0165 0.2847 -0.0630
v -0.0067 0.2902 -0.0745
v -0.0043 0.2853 -0.0823
v -0.0044 0.2913 -0.0784
v 0.0083 0.2789 -0.0966
v 0.0063 0.2733 -0.0990
v 0.0092 0.2725 -0.1014
v 0.0239 0.2790 -0.0871
v 0.0219 0.2774 -0.0933
v 0.0263 0.2739 -0.0948
v 0.0308 0.2598 -0.0898
v 0.0264 0.2613 -0.0855
v 0.0294 0.2674 -0.0870
v 0.0252 0.2683 -0.0730
v 0.0229 0.2655 -0.0683
v 0.0046 0.2700 -0.0741
v 0.0028 0.2703 -0.0688
v -0.0076 0.2767 -0.0682
v -0.0050 0.2771 -0.0750
v -0.0081 0.2800 -0.0707
v 0.0097 0.2670 -0.0812
v 0.0038 0.2706 -0.0809
v 0.0102 0.2634 -0.1035
v 0.0113 0.2624 -0.1068
v 0.0076 0.2668 -0.0999
v 0.0234 0.2726 -0.1014
v 0.0194 0.2683 -0.1092
v 0.0240 0.2667 -0.1107
v 0.0312 0.2628 -0.0960
v 0.0309 0.2634 -0.1019
v 0.0351 0.2557 -0.1036
v 0.0246 0.2576 -0.0905
v 0.0294 0.2520 -0.0985
v 0.0262 0.2485 -0.1044
v 0.0158 0.2541 -0.1055
v 0.0204 0.2486 -0.1087
v 0.0181 0.2443 -0.1178
v 0.0172 0.2476 -0.1193
v 0.0192 0.2465 -0.1231
v 0.0166 0.2513 -0.1191
v 0.0221 0.2634 -0.1150
v 0.0264 0.2632 -0.1155
v 0.0357 0.2393 -0.1132
v 0.0384 0.2448 -0.1148
v 0.0387 0.2406 -0.1155
v 0.0232 0.2339 -0.1299
v 0.0235 0.2329 -0.1346
v 0.0190 0.2414 -0.1243
v 0.0292 0.2535 -0.1222
v 0.0263 0.2457 -0.1275
v 0.0297 0.2473 -0.1273
v 0.0372 0.2464 -0.1190
v 0.0390 0.2396 -0.1202
v 0.0256 0.2358 -0.1258
v 0.0318 0.2334 -0.1282
v 0.0343 0.2462 -0.1237
v 0.0339 0.2421 -0.1281
v -0.0258 0.2487 -0.0828
v -0.0697 0.2407 -0.1796
v -0.0773 0.2376 -0.1924
v -0.0746 0.2400 -0.1994
v -0.0958 0.2285 -0.2269
v -0.1020 0.2237 -0.2382
v -0.0968 0.2284 -0.2390
v -0.4019 0.0682 -0.2222
v -0.3985 0.0672 -0.2287
v -0.4038 0.0742 -0.2233
v -0.3977 0.0635 -0.2347
v -0.3906 0.0514 -0.2372
v -0.3818 0.0461 -0.2410
v -0.3965 0.0531 -0.2411
v -0.3841 0.0461 -0.2557
v -0.3772 0.0449 -0.2607
v 0.0286 0.2280 -0.0729
v 0.0304 0.2382 -0.0689
v 0.0241 0.2294 -0.0756
v 0.4520 0.0462 0.1184
v 0.4528 0.0451 0.1142
v 0.4489 0.0390 0.1171
v 0.4416 0.1757 0.0816
v 0.4334 0.1826 0.0769
v 0.0550 0.3239 -0.0449
v 0.0575 0.3252 -0.0433
v -0.0686 0.2403 -0.0687
v -0.0658 0.2419 -0.0644
v -0.0694 0.2449 -0.0681
v -0.0769 0.2485 -0.0759
v -0.0897 0.2521 -0.0910
v -0.0766 0.2454 -0.0796
v -0.1003 0.2496 -0.1040
v -0.0999 0.2477 -0.1011
v -0.1113 0.2637 -0.0912
v -0.1109 0.2641 -0.0975
v -0.1139 0.2667 -0.0910
v -0.1284 0.2845 -0.0841
v -0.1340 0.2863 -0.0875
v -0.1312 0.2891 -0.0889
v -0.1069 0.2746 -0.0665
v -0.1082 0.2758 -0.0721
v -0.1040 0.2741 -0.0662
v -0.0865 0.2614 -0.0724
v -0.0929 0.2623 -0.0821
v -0.0843 0.2560 -0.0777
v -0.0948 0.2595 -0.0902
v -0.1089 0.2604 -0.1114
v -0.1075 0.2656 -0.1115
v -0.1109 0.2653 -0.1140
v -0.1200 0.2729 -0.0921
v -0.1179 0.2739 -0.0986
v -0.1212 0.2766 -0.0982
v -0.1380 0.2937 -0.0908
v -0.1363 0.2957 -0.0944
v -0.1127 0.2780 -0.0971
v -0.1180 0.2838 -0.1036
v -0.1129 0.2774 -0.1056
v -0.1114 0.2722 -0.1179
v -0.1128 0.2675 -0.1166
v -0.1241 0.2826 -0.1022
v -0.1233 0.2835 -0.1117
v -0.1274 0.2875 -0.1073
v -0.1403 0.2938 -0.0939
v -0.1380 0.2917 -0.0962
v -0.1415 0.2953 -0.0972
v -0.1372 0.3019 -0.1014
v -0.1355 0.3052 -0.1086
v -0.1311 0.2970 -0.1027
v -0.1231 0.2938 -0.1195
v -0.1236 0.2970 -0.1289
v -0.1192 0.2877 -0.1229
v -0.1249 0.2916 -0.1277
v -0.1282 0.2991 -0.1291
v -0.1441 0.3024 -0.0989
v -0.1427 0.2990 -0.1018
v -0.1456 0.3042 -0.1030
v -0.1490 0.3229 -0.1132
v -0.1483 0.3271 -0.1176
v -0.1433 0.3160 -0.1108
v -0.1352 0.3118 -0.1209
v -0.1398 0.3228 -0.1294
v -0.1299 0.3058 -0.1260
v -0.1327 0.3047 -0.1298
v -0.1357 0.3119 -0.1332
v -0.1379 0.3127 -0.1292
v -0.1498 0.3204 -0.1147
v -0.1500 0.3251 -0.1159
v -0.1527 0.3395 -0.1247
v -0.1465 0.3355 -0.1314
v -0.1429 0.3247 -0.1234
v -0.1481 0.3259 -0.1243
v -0.1424 0.3225 -0.1337
v -0.1522 0.3355 -0.1278
v -0.1210 0.2909 -0.1289
v -0.1203 0.2855 -0.1270
v -0.0851 0.2212 -0.1749
v -0.0779 0.2259 -0.1581
v -0.2134 0.2093 -0.2817
v -0.2139 0.2114 -0.2838
v -0.2123 0.2093 -0.2862
v -0.3752 0.0379 -0.2180
v -0.3702 0.0406 -0.2220
v -0.3733 0.0421 -0.2221
v -0.3687 0.0428 -0.2270
v -0.1001 0.1746 -0.2418
v -0.1040 0.1785 -0.2437
v -0.1013 0.1763 -0.2390
v -0.0733 0.1983 -0.0782
v -0.0753 0.2048 -0.0805
v -0.0797 0.1991 -0.0881
v -0.0988 0.2149 -0.1073
v -0.1031 0.2078 -0.1223
v -0.0950 0.2095 -0.1075
v -0.4348 0.1366 -0.1810
v -0.4325 0.1439 -0.1841
v -0.4486 0.1268 -0.0669
v -0.4463 0.1264 -0.0749
v -0.4505 0.1356 -0.0706
v -0.4487 0.1022 -0.0635
v -0.4470 0.0989 -0.0680
v -0.4452 0.1077 -0.0680
v -0.4504 0.0805 -0.0884
v -0.4495 0.0914 -0.0860
v -0.4501 0.0558 -0.1251
v -0.4283 0.0317 -0.1783
v -0.3780 0.0241 -0.2092
v -0.3839 0.0270 -0.2094
v -0.3877 0.0213 -0.2062
v -0.3340 0.0289 -0.2462
v -0.3338 0.0299 -0.2322
v -0.0846 0.1181 -0.3050
v -0.0831 0.1236 -0.3099
v -0.0803 0.1202 -0.3087
v -0.0851 0.1128 -0.3010
v -0.0916 0.1182 -0.2999
v -0.0890 0.1159 -0.3021
v -0.0313 0.2108 -0.0416
v -0.0265 0.2118 -0.0467
v -0.0327 0.2113 -0.0455
v -0.0124 0.1719 -0.1172
v -0.0100 0.1658 -0.1253
v -0.0123 0.1682 -0.1262
v 0.1934 0.1963 -0.1253
v 0.1929 0.1952 -0.1292
v 0.2047 0.1853 -0.1266
v 0.2170 0.1692 -0.1362
v 0.2038 0.1766 -0.1401
v 0.2116 0.1695 -0.1402
v 0.2157 0.1621 -0.1433
v 0.2084 0.1667 -0.1431
v 0.2081 0.1625 -0.1439
v 0.1995 0.1763 -0.1431
v 0.2041 0.1731 -0.1433
v 0.1851 0.1817 -0.1480
v 0.1848 0.1872 -0.1452
v 0.1812 0.1821 -0.1457
v 0.1796 0.1958 -0.1356
v 0.3658 0.1972 0.0457
v 0.3707 0.1943 0.0408
v 0.3773 0.2022 0.0496
v 0.0802 0.3131 -0.0289
v 0.0801 0.3183 -0.0349
v 0.0805 0.3131 -0.0336
v -0.1736 0.2024 -0.1864
v -0.1636 0.2051 -0.1734
v -0.2159 0.1946 -0.2288
v -0.2210 0.1927 -0.2346
v -0.2204 0.1968 -0.2356
v -0.2264 0.1957 -0.2384
v -0.2341 0.1989 -0.2416
v -0.2265 0.1981 -0.2418
v -0.2167 0.1879 -0.2266
v -0.2209 0.1881 -0.2309
v -0.2182 0.1910 -0.2301
v -0.2272 0.1863 -0.2308
v -0.2318 0.1888 -0.2339
v -0.2257 0.1890 -0.2331
v -0.4372 0.0290 -0.0896
v -0.4383 0.0279 -0.0977
v -0.4396 0.0307 -0.0984
v -0.0804 0.0565 -0.3033
v -0.0900 0.0575 -0.3033
v 0.0069 0.1745 -0.0962
v 0.0071 0.1650 -0.1211
v 0.0006 0.1722 -0.1030
v 0.2767 0.1425 -0.0172
v 0.2803 0.1383 -0.0151
v 0.2762 0.1377 -0.0174
v 0.2207 0.1837 0.0083
v 0.2190 0.1876 0.0072
v 0.2238 0.1828 0.0069
v 0.2020 0.2039 -0.0005
v 0.1981 0.2067 -0.0012
v 0.2019 0.2086 -0.0037
v 0.2131 0.1922 0.0064
v 0.2146 0.1886 0.0085
v 0.1110 0.2591 -0.0130
v -0.0822 0.2812 -0.0157
v -0.0805 0.2808 -0.0197
v -0.0988 0.2254 -0.0803
v -0.1051 0.2228 -0.0856
v -0.1006 0.2254 -0.0865
v -0.2437 0.1938 -0.2227
v -0.2434 0.1948 -0.2261
v -0.2434 0.0187 -0.2206
v -0.2506 0.0168 -0.2282
v -0.2561 0.0147 -0.2151
v 0.4275 0.1169 0.1849
v 0.4259 0.1484 0.1845
v 0.4336 0.1504 0.1693
v 0.4234 0.1814 0.1423
v 0.4298 0.1810 0.1329
v 0.1673 0.2110 0.0064
v 0.1738 0.2144 -0.0013
v 0.1734 0.2098 0.0041
v -0.2140 0.1973 -0.0172
v -0.2218 0.1890 -0.0166
v -0.2397 0.2056 -0.0064
v -0.2158 0.2163 -0.0116
v -0.1917 0.1764 -0.0269
v -0.1958 0.1773 -0.0303
v -0.2171 0.1421 -0.0885
v -0.2164 0.1424 -0.0992
v -0.2220 0.1475 -0.0892
v -0.1977 0.1432 -0.1063
v -0.1974 0.1477 -0.1132
v -0.2035 0.1451 -0.1077
v -0.1359 0.2047 -0.1030
v -0.1384 0.2031 -0.1095
v -0.1348 0.2061 -0.1082
v -0.3010 0.1841 -0.1555
v -0.2185 0.0336 -0.1813
v -0.2148 0.0341 -0.1834
v -0.2232 0.0290 -0.1859
v -0.4430 0.0422 0.0279
v -0.4448 0.0397 0.0335
v -0.4553 0.0654 0.0919
v -0.4547 0.0695 0.0864
v -0.3702 0.0316 -0.0059
v -0.3619 0.0295 -0.0123
v -0.3724 0.0318 -0.0126
v -0.4485 0.0458 0.0925
v -0.4448 0.0387 0.0879
v -0.4467 0.0489 0.0862
v -0.4674 0.1531 0.1780
v -0.4730 0.1536 0.1678
v -0.4686 0.1568 0.1761
v -0.4572 0.1431 0.1789
v -0.4576 0.1486 0.1855
v -0.4630 0.1418 0.1624
v -0.4648 0.1406 0.1596
v -0.4643 0.1434 0.1650
v -0.4503 0.1197 0.1740
v -0.4682 0.1317 0.1485
v -0.3909 0.0180 0.0706
v -0.3958 0.0210 0.0625
v -0.3268 0.0235 0.0193
v -0.3234 0.0243 0.0076
v -0.4073 0.2034 0.0609
v -0.4073 0.2026 0.0565
v -0.2879 0.0327 -0.0121
v -0.2830 0.0320 -0.0213
v -0.2908 0.0289 -0.0121
v -0.2783 0.0379 -0.0040
v -0.2716 0.0469 -0.0180
v -0.2670 0.0504 -0.0231
v -0.2703 0.0443 -0.0241
v -0.2589 0.0658 -0.0268
v -0.2567 0.0705 -0.0289
v -0.2555 0.0649 -0.0331
v -0.2676 0.0533 -0.0140
v -0.2642 0.0593 -0.0184
v -0.2670 0.0552 -0.0203
v -0.3610 0.1984 0.0491
v -0.3614 0.1964 0.0381
v -0.3571 0.1953 0.0422
v -0.2929 0.1991 0.0182
v -0.2939 0.1959 0.0139
v -0.2853 0.1995 0.0161
v -0.4271 0.1015 0.2182
v -0.4274 0.1032 0.2234
v -0.2713 0.0273 0.1098
v -0.2675 0.0282 0.1034
v -0.2765 0.0251 0.1097
v 0.0865 0.2378 0.0106
v 0.0773 0.2453 0.0119
v 0.0865 0.2450 0.0085
v -0.3075 0.1762 0.0852
v -0.3063 0.1768 0.0794
v -0.3011 0.1776 0.0852
v -0.2790 0.0368 0.1311
v -0.2841 0.0368 0.1297
v -0.2536 0.0577 0.1135
v -0.2558 0.0555 0.1154
v -0.1471 0.1708 -0.0065
v -0.1526 0.1787 -0.0050
v -0.1226 0.1392 -0.0221
v -0.1151 0.1372 -0.0278
v 0.0936 0.1881 -0.0635
v 0.0991 0.1883 -0.0693
v 0.4024 0.1761 0.1774
v 0.4183 0.1685 0.1734
v 0.3970 0.1879 0.1555
v 0.3905 0.1904 0.1509
v 0.3983 0.1902 0.1496
v 0.3621 0.1963 0.1449
v 0.3522 0.1983 0.1415
v 0.3594 0.2013 0.1374
v 0.3616 0.2109 0.1263
v 0.3627 0.2146 0.1188
v 0.3748 0.2118 0.1253
v 0.3202 0.1998 0.0934
v 0.3290 0.2015 0.0866
v 0.3307 0.2025 0.0961
v 0.3275 0.1992 0.1270
v 0.3109 0.1974 0.1177
v 0.3268 0.2002 0.1166
v 0.3144 0.1978 0.0839
v 0.3214 0.1984 0.0782
v 0.3847 0.1856 0.1628
v -0.4151 0.0636 0.2226
v -0.4107 0.0619 0.2199
v -0.2656 0.0333 0.1356
v -0.2569 0.0377 0.1318
v -0.2658 0.0365 0.1331
v -0.2514 0.1242 0.0576
v -0.2457 0.1165 0.0666
v 0.3029 0.1930 0.1315
v 0.3094 0.1952 0.1329
v 0.2413 0.1437 0.0743
v 0.2403 0.1438 0.0702
v 0.2413 0.1471 0.0694
v 0.1071 0.2583 0.0401
v 0.1087 0.2546 0.0369
v -0.4217 0.1384 0.3390
v -0.3449 0.0305 0.1865
v -0.3429 0.0326 0.1738
v -0.3526 0.0353 0.1782
v 0.2209 0.1093 0.1442
v 0.2251 0.1161 0.1416
v 0.2234 0.1192 0.1504
v 0.2052 0.1568 0.1991
v 0.2204 0.1540 0.1844
v 0.2118 0.1611 0.1991
v 0.2204 0.1743 0.2155
v 0.2133 0.1675 0.2084
v 0.2330 0.1710 0.2004
v 0.2100 0.1823 0.2404
v 0.2059 0.1768 0.2331
v 0.2128 0.1823 0.2390
v 0.2152 0.1881 0.2440
v 0.1848 0.1738 0.2526
v 0.1858 0.1721 0.2480
v 0.2114 0.1977 0.2809
v 0.2086 0.1926 0.2712
v 0.2133 0.2006 0.2790
v 0.2267 0.2134 0.3052
v 0.2218 0.2091 0.2934
v 0.2240 0.2106 0.2910
v 0.2703 0.2276 0.3186
v 0.2693 0.2280 0.3052
v 0.2765 0.2285 0.3149
v 0.2754 0.2217 0.3432
v 0.2834 0.2223 0.3379
v 0.2833 0.2169 0.3433
v 0.3016 0.2146 0.3329
v 0.3063 0.2143 0.3227
v 0.3084 0.2095 0.3281
v 0.3179 0.2017 0.3216
v 0.3178 0.2030 0.3119
v 0.3209 0.1986 0.3142
v 0.3253 0.1975 0.2974
v 0.3222 0.2021 0.2913
v 0.3292 0.1937 0.2940
v 0.3151 0.2098 0.2775
v 0.3117 0.2112 0.2619
v 0.3140 0.2098 0.2636
v 0.3011 0.2005 0.2452
v 0.2986 0.1989 0.2397
v 0.3131 0.2005 0.2513
v 0.2854 0.2052 0.2470
v 0.2895 0.2003 0.2403
v 0.3017 0.2027 0.2491
v 0.2487 0.1836 0.2035
v 0.2538 0.1784 0.1969
v 0.2597 0.1827 0.2001
v 0.2407 0.1699 0.1940
v 0.2385 0.1749 0.2020
v 0.2268 0.1921 0.2355
v 0.2417 0.1890 0.2152
v 0.2377 0.1981 0.2341
v 0.2268 0.2058 0.2667
v 0.2304 0.2040 0.2519
v 0.2358 0.2107 0.2635
v 0.2286 0.2095 0.2824
v 0.2355 0.2143 0.2910
v 0.2538 0.2235 0.3058
v 0.2617 0.2246 0.3002
v 0.2929 0.2256 0.3251
v 0.2977 0.2248 0.3144
v 0.2975 0.2238 0.3244
v 0.3120 0.2130 0.3082
v 0.3124 0.2122 0.3018
v 0.3141 0.2088 0.3096
v 0.2961 0.2177 0.2714
v 0.3046 0.2142 0.2636
v 0.3012 0.2175 0.2774
v 0.2917 0.2157 0.2647
v 0.3008 0.2231 0.3143
v 0.2987 0.2217 0.2933
v 0.3049 0.2184 0.2977
v 0.2670 0.2184 0.2683
v 0.2597 0.2139 0.2576
v 0.2728 0.2173 0.2644
v 0.2821 0.2277 0.2900
v 0.2709 0.2219 0.2749
v 0.2764 0.2220 0.2732
v 0.2484 0.2134 0.2580
v 0.2505 0.2108 0.2492
v 0.2866 0.2277 0.2925
v 0.2922 0.2258 0.2919
v 0.2240 0.1585 0.1871
v 0.2318 0.1636 0.1901
v 0.1717 0.1875 0.2521
v 0.1725 0.1816 0.2533
v 0.1647 0.1919 0.2454
v 0.1615 0.1927 0.2432
v 0.1630 0.1894 0.2393
v 0.1278 0.1980 0.1938
v 0.1282 0.1983 0.1881
v 0.3792 0.1454 0.2130
v 0.3728 0.1512 0.2090
v 0.3850 0.1493 0.2109
v 0.3108 0.1740 0.1640
v 0.3104 0.1786 0.1603
v 0.3157 0.1758 0.1638
v 0.2973 0.1856 0.1529
v 0.2998 0.1854 0.1579
v 0.1811 0.1477 0.0270
v 0.1777 0.1460 0.0242
v 0.1746 0.1482 0.0210
v 0.0475 0.2402 0.0342
v 0.0418 0.2398 0.0340
v 0.0320 0.2374 0.0435
v 0.0318 0.2363 0.0306
v -0.1956 0.1998 0.0958
v -0.1999 0.2052 0.0994
v -0.1750 0.2051 0.0870
v -0.1736 0.2108 0.0887
v -0.1778 0.2070 0.0894
v -0.3082 0.2140 0.3496
v -0.3117 0.2103 0.3545
v -0.2957 0.2237 0.3620
v -0.3012 0.2163 0.3543
v -0.2957 0.2214 0.3544
v -0.2511 0.2278 0.2791
v -0.2447 0.2247 0.2769
v -0.3993 0.1235 0.3654
v -0.3988 0.1268 0.3647
v -0.3970 0.1284 0.3725
v -0.4000 0.1225 0.3723
v -0.4004 0.1190 0.3655
v -0.4087 0.1214 0.3545
v -0.4093 0.1066 0.3529
v -0.4171 0.1095 0.3478
v -0.4387 0.1026 0.3327
v -0.4420 0.1033 0.3268
v -0.4392 0.0794 0.3113
v -0.4423 0.0883 0.3159
v -0.4488 0.0933 0.3023
v -0.4404 0.0756 0.2880
v -0.4473 0.0913 0.2923
v -0.2102 0.0356 0.1875
v -0.2067 0.0432 0.1854
v -0.2203 0.0401 0.1697
v -0.2559 0.1365 0.1027
v -0.2569 0.1431 0.0958
v -0.2558 0.1371 0.0968
v -0.1165 0.1764 0.0451
v -0.1166 0.1753 0.0400
v -0.1248 0.1744 0.0451
v -0.1257 0.1866 0.0590
v -0.1118 0.1820 0.0511
v -0.1242 0.1827 0.0567
v -0.1041 0.1927 0.0521
v -0.0905 0.1883 0.0475
v -0.0961 0.1866 0.0482
v -0.0724 0.1827 0.0202
v -0.0466 0.1483 0.0511
v -0.0437 0.1517 0.0457
v -0.0471 0.1477 0.0427
v 0.3263 0.1582 0.2011
v 0.3238 0.1606 0.2034
v 0.3216 0.1600 0.2003
v 0.4009 0.1149 0.3357
v 0.3951 0.1047 0.3337
v 0.0446 0.2679 0.0521
v 0.0441 0.2705 0.0490
v 0.0483 0.2708 0.0501
v 0.0305 0.2728 0.0282
v 0.0243 0.2790 0.0275
v -0.2248 0.2293 0.2128
v -0.2216 0.2284 0.2175
v -0.2389 0.1479 0.1201
v -0.2377 0.1546 0.1186
v -0.1929 0.1880 0.0841
v -0.1927 0.1932 0.0841
v -0.2115 0.1840 0.2201
v -0.2154 0.1884 0.2227
v -0.2080 0.1836 0.2116
v -0.2040 0.1801 0.2058
v -0.2069 0.1848 0.2052
v -0.1995 0.1801 0.1909
v -0.1960 0.1792 0.1835
v -0.2003 0.1818 0.1830
v -0.0949 0.2325 0.0517
v -0.0959 0.2289 0.0490
v -0.0830 0.1643 0.0405
v -0.0836 0.1665 0.0375
v 0.1276 0.2952 0.1073
v 0.1205 0.2862 0.1012
v 0.1254 0.2864 0.0967
v 0.1231 0.2972 0.1168
v 0.1292 0.3028 0.1152
v 0.1278 0.3066 0.1225
v 0.1282 0.3096 0.1354
v 0.1353 0.3157 0.1341
v 0.1320 0.3081 0.1293
v 0.1314 0.3025 0.1232
v 0.1333 0.2966 0.1150
v 0.1337 0.2848 0.0995
v 0.1354 0.2909 0.1000
v 0.1319 0.2890 0.0970
v 0.1419 0.3136 0.1153
v 0.1412 0.3114 0.1127
v 0.1408 0.3072 0.1103
v 0.1328 0.3163 0.1266
v 0.1348 0.3133 0.1201
v 0.1407 0.3290 0.1279
v 0.1422 0.3317 0.1383
v 0.1422 0.3346 0.1382
v 0.1444 0.3332 0.1349
v 0.1321 0.3175 0.1369
v 0.1349 0.3227 0.1319
v 0.1333 0.3213 0.1349
v 0.1425 0.3195 0.1206
v 0.1419 0.3181 0.1181
v 0.1417 0.3149 0.1193
v -0.1868 0.2111 0.3025
v -0.1878 0.2141 0.3060
v -0.3876 0.1259 0.4221
v -0.3858 0.1343 0.4204
v -0.3824 0.1385 0.4236
v -0.3995 0.1143 0.4104
v -0.3942 0.1220 0.4141
v -0.3916 0.1165 0.4223
v -0.4213 0.0510 0.3140
v -0.2933 0.0199 0.2224
v -0.2982 0.0202 0.2122
v -0.3069 0.0212 0.2225
v -0.1749 0.1756 0.1766
v -0.1666 0.1773 0.1718
v -0.1717 0.1789 0.1653
v 0.1267 0.1864 0.1082
v 0.0416 0.2522 0.0696
v 0.0483 0.2530 0.0707
v -0.3363 0.0184 0.3011
v -0.3423 0.0212 0.2995
v -0.1190 0.1249 0.2802
v -0.1501 0.1408 0.2606
v -0.1554 0.1353 0.2527
v -0.1818 0.1472 0.2350
v -0.1790 0.1541 0.2376
v -0.1817 0.1545 0.2346
v -0.1821 0.1598 0.2289
v -0.1852 0.1594 0.2269
v -0.1746 0.1559 0.2445
v -0.1756 0.1580 0.2410
v -0.1760 0.1537 0.2417
v -0.1656 0.1646 0.2647
v -0.1699 0.1602 0.2565
v -0.1647 0.1583 0.2596
v -0.1509 0.1730 0.2220
v -0.1416 0.1799 0.2047
v -0.1480 0.1765 0.2031
v -0.1162 0.2007 0.1484
v -0.1114 0.2046 0.1282
v -0.1292 0.1917 0.1577
v -0.1042 0.2095 0.1244
v -0.1396 0.1828 0.1797
v -0.1301 0.1899 0.1713
v -0.0894 0.2218 0.1226
v -0.0886 0.2225 0.1150
v -0.0927 0.2197 0.1259
v -0.0885 0.2209 0.0888
v -0.0802 0.2261 0.0763
v -0.0856 0.2229 0.0772
v -0.0708 0.2349 0.0738
v -0.0662 0.2363 0.0657
v -0.0704 0.2323 0.0675
v -0.0732 0.2395 0.1033
v -0.0664 0.2451 0.0846
v -0.0743 0.2351 0.0893
v -0.0562 0.2586 0.0825
v -0.0559 0.2576 0.0766
v -0.0608 0.2533 0.0827
v -0.0615 0.2458 0.0673
v -0.0546 0.2504 0.0637
v -0.0565 0.2464 0.0626
v 0.1665 0.1447 0.1775
v 0.1657 0.1492 0.1717
v 0.1636 0.1429 0.1726
v 0.0653 0.2353 0.0839
v 0.0373 0.2355 0.0626
v 0.0376 0.2367 0.0568
v 0.0416 0.2336 0.0623
v -0.0430 0.2566 0.0910
v -0.0429 0.2565 0.0840
v -0.0423 0.2618 0.0904
v -0.0396 0.2363 0.0710
v -0.0409 0.2357 0.0674
v -0.0397 0.2402 0.0732
v -0.1361 0.2104 0.2368
v -0.3744 0.0332 0.3473
v 0.1737 0.1459 0.2025
v 0.1745 0.1486 0.1946
v 0.1733 0.1459 0.1939
v 0.1701 0.1625 0.1901
v 0.1687 0.1623 0.1851
v 0.1704 0.1581 0.1879
v 0.1576 0.1883 0.1586
v 0.1501 0.1920 0.1547
v 0.1568 0.1879 0.1534
v -0.0349 0.2233 0.1529
v -0.0363 0.2240 0.1477
v -0.0344 0.2277 0.1528
v -0.0384 0.2263 0.1370
v -0.0393 0.2292 0.1278
v -0.0350 0.2203 0.0558
v -0.0371 0.2252 0.0612
v 0.0829 0.1727 0.1747
v 0.0824 0.1785 0.1700
v 0.0876 0.1760 0.1821
v 0.1390 0.1706 0.2937
v 0.1357 0.1657 0.2885
v 0.1409 0.1672 0.2865
v 0.1024 0.1380 0.2978
v 0.1126 0.1441 0.2895
v 0.1045 0.1442 0.2984
v 0.1063 0.1822 0.2994
v 0.1056 0.1779 0.3040
v 0.1783 0.1853 0.3009
v 0.1751 0.1804 0.2863
v 0.2864 0.1968 0.4168
v 0.1009 0.2127 0.3133
v 0.1050 0.2127 0.3056
v 0.1036 0.2079 0.3130
v 0.1014 0.2084 0.3200
v 0.0973 0.2147 0.3191
v 0.0792 0.2393 0.2831
v 0.0708 0.1123 0.2973
v 0.0559 0.1172 0.3033
v 0.2186 0.1997 0.3814
v 0.2173 0.1994 0.3730
v 0.2268 0.1974 0.3847
v 0.2070 0.2035 0.3777
v 0.0293 0.1810 0.3430
v 0.0261 0.1841 0.3409
v 0.0223 0.1934 0.3409
v 0.0292 0.2187 0.3367
v 0.0290 0.2183 0.3322
v 0.0331 0.2225 0.3371
v 0.0316 0.2159 0.3250
v 0.0320 0.2150 0.3195
v 0.0349 0.2173 0.3251
v 0.0221 0.2055 0.2968
v 0.0228 0.2105 0.2969
v 0.0893 0.1937 0.3490
v -0.0034 0.1362 0.2485
v -0.0029 0.1417 0.2303
v -0.0050 0.1370 0.2430
v -0.3015 0.0507 0.4098
v -0.3026 0.0457 0.3972
v -0.3063 0.0390 0.3849
v -0.2992 0.0370 0.3822
v -0.3028 0.0368 0.3783
v -0.2861 0.0330 0.3540
v -0.2747 0.0312 0.3356
v -0.2415 0.0247 0.3086
v -0.2328 0.0212 0.3023
v -0.2448 0.0225 0.3019
v -0.2259 0.0178 0.2817
v -0.2135 0.0187 0.2753
v -0.2246 0.0178 0.2711
v -0.3252 0.0564 0.4006
v -0.3248 0.0630 0.4053
v -0.3178 0.0600 0.4030
v -0.3254 0.0805 0.4556
v -0.3273 0.0746 0.4455
v -0.3274 0.0798 0.4432
v -0.2837 0.0313 0.4392
v -0.2377 0.0100 0.3843
v -0.2267 0.0059 0.3778
v -0.2353 0.0084 0.3800
v -0.2214 0.0053 0.3764
v -0.2014 0.0057 0.3527
v -0.2100 0.0028 0.3603
v -0.1811 0.0114 0.3442
v -0.1734 0.0137 0.3304
v -0.1840 0.0132 0.3344
v 0.0886 0.0707 0.2934
v 0.0864 0.0744 0.2935
v 0.3085 0.0555 0.3952
v 0.3097 0.0515 0.3931
v 0.0552 0.1362 0.3227
v 0.0716 0.1397 0.3223
v 0.0596 0.1429 0.3288
v -0.1936 0.0166 0.3822
v -0.2024 0.0147 0.3822
v 0.0936 0.0579 0.2982
v 0.0868 0.0524 0.3024
v 0.2674 0.1647 0.4421
v 0.2745 0.1587 0.4456
v 0.2542 0.1829 0.4312
v 0.2468 0.1854 0.4296
v 0.2530 0.1867 0.4276
v -0.2479 0.0616 0.5390
v -0.2556 0.0621 0.5327
v -0.2599 0.0731 0.5347
v -0.2434 0.0638 0.5419
v -0.2383 0.0565 0.5391
v -0.2425 0.0568 0.5385
v -0.2548 0.0200 0.4656
v -0.2446 0.0189 0.4544
v -0.1182 0.0226 0.3440
v -0.1146 0.0225 0.3402
v 0.0929 0.1764 0.3903
v 0.0900 0.1751 0.3874
v 0.0931 0.1834 0.3881
v -0.1872 0.0739 0.5087
v 0.1273 0.0171 0.3062
v 0.1382 0.0187 0.2937
v 0.1282 0.0193 0.2982
v -0.1692 0.0510 0.4842
v 0.2514 0.1508 0.4793
v 0.0985 0.1936 0.4449
v -0.0837 0.0098 0.4949
v -0.0822 0.0100 0.4836
v -0.0877 0.0110 0.4825
v 0.1297 0.1869 0.4940
v 0.1212 0.1793 0.4902
v 0.1186 0.1824 0.4857
v 0.1038 0.1878 0.4692
v 0.0085 0.1756 0.4550
v 0.1806 0.1531 0.5139
v 0.1834 0.1539 0.5153
v -0.0721 0.0153 0.5320
v -0.0721 0.0177 0.5368
v -0.0669 0.0176 0.5361
v -0.0227 0.0285 0.4937
v -0.0083 0.0270 0.4693
v -0.0318 0.0236 0.4954
v 0.0012 0.0269 0.4507
v 0.0076 0.0279 0.4480
v -0.0005 0.0242 0.4452
v 0.0150 0.0208 0.4285
v 0.0115 0.0244 0.4398
v 0.1740 0.1395 0.5280
v 0.1743 0.1421 0.5257
v 0.1798 0.1447 0.5232
v -0.0033 0.0858 0.5691

f 1 2 3
f 4 5 6
f 7 8 9
f 10 11 12
f 13 14 15
f 16 17 18
f 19 20 21
f 8 22 23
f 11 24 25
f 26 27 28
f 29 30 31
f 32 17 33
f 34 35 36
f 37 38 39
f 40 41 42
f 43 44 45
f 46 47 48
f 49 26 28
f 50 51 52
f 53 54 55
f 56 57 58
f 59 60 61
f 62 63 64
f 65 66 67
f 68 69 70
f 71 72 73
f 74 75 76
f 77 78 79
f 80 81 82
f 83 84 85
f 86 87 88
f 89 90 51
f 91 92 93
f 94 95 96
f 97 98 99
f 100 101 102
f 103 104 105
f 106 107 108
f 109 110 111
f 112 113 114
f 115 116 117
f 118 119 120
f 121 122 123
f 124 125 126
f 127 126 128
f 129 130 131
f 132 133 134
f 87 135 136
f 137 138 139
f 140 141 142
f 143 144 145
f 146 147 148
f 102 149 150
f 107 151 152
f 153 154 155
f 156 157 158
f 159 160 161
f 162 163 164
f 119 165 166
f 167 168 169
f 170 171 172
f 173 174 175
f 176 177 178
f 179 180 181
f 182 183 184
f 185 186 187
f 188 189 190
f 191 192 193
f 194 195 196
f 197 198 146
f 199 200 201
f 202 203 204
f 205 206 207
f 208 209 210
f 157 211 158
f 212 213 214
f 215 216 217
f 218 219 220
f 163 221 222
f 223 224 225
f 169 226 227
f 228 229 230
f 231 232 233
f 234 235 236
f 237 238 239
f 240 241 242
f 186 243 244
f 245 246 247
f 248 249 250
f 251 252 253
f 254 255 256
f 257 258 259
f 260 261 262
f 263 264 265
f 266 267 268
f 190 269 270
f 271 272 273
f 274 275 276
f 277 278 279
f 280 281 282
f 283 284 285
f 286 287 288
f 289 290 291
f 292 293 294
f 295 296 297
f 298 299 300
f 301 302 303
f 304 305 306
f 307 308 309
f 310 311 312
f 313 314 315
f 316 317 219
f 318 319 320
f 321 322 323
f 324 325 326
f 327 328 329
f 330 331 332
f 333 334 335
f 336 337 338
f 339 340 341
f 342 343 344
f 345 346 347
f 348 349 350
f 351 352 353
f 354 355 356
f 357 358 359
f 360 361 362
f 363 364 365
f 366 367 368
f 369 370 371
f 372 261 373
f 374 375 376
f 377 378 379
f 380 381 267
f 382 383 384
f 275 385 386
f 387 388 389
f 390 391 392
f 393 394 395
f 396 397 398
f 399 400 290
f 401 402 403
f 404 405 406
f 297 407 408
f 409 410 411
f 412 413 414
f 415 416 417
f 418 419 420
f 421 422 423
f 320 423 424
f 425 426 427
f 428 429 430
f 431 432 328
f 433 434 329
f 435 436 437
f 438 439 440
f 441 442 443
f 444 445 446
f 447 448 449
f 450 451 452
f 453 454 455
f 456 457 458
f 459 460 453
f 461 462 463
f 464 465 466
f 467 468 449
f 469 470 471
f 472 473 474
f 475 476 477
f 478 479 480
f 481 482 483
f 484 485 354
f 486 487 488
f 489 490 491
f 492 493 494
f 362 495 496
f 471 470 345
f 497 498 499
f 500 501 502
f 503 504 505
f 375 506 507
f 508 509 510
f 381 511 512
f 513 514 515
f 516 517 388
f 518 519 520
f 521 522 523
f 524 525 526
f 527 528 529
f 530 531 532
f 403 533 534
f 535 536 537
f 538 539 540
f 541 542 543
f 544 545 546
f 547 548 549
f 550 551 552
f 553 554 555
f 556 557 558
f 559 560 561
f 562 563 423
f 564 565 566
f 567 568 569
f 569 568 570
f 571 572 573
f 574 575 434
f 576 577 578
f 579 580 581
f 582 583 584
f 585 586 587
f 588 589 590
f 591 592 593
f 594 595 596
f 597 598 599
f 502 600 500
f 601 602 603
f 604 605 606
f 607 608 609
f 610 611 612
f 613 614 615
f 616 617 618
f 619 620 621
f 622 623 624
f 625 626 627
f 628 629 630
f 631 632 633
f 634 635 636
f 637 638 639
f 640 641 642
f 643 644 645
f 646 647 648
f 649 650 651
f 652 653 654
f 655 656 657
f 658 659 660
f 661 662 663
f 664 665 666
f 667 668 669
f 670 671 672
f 673 674 675
f 676 677 678
f 580 679 581
f 680 681 682
f 683 684 685
f 686 687 688
f 689 588 590
f 690 691 692
f 693 694 695
f 696 697 698
f 699 700 701
f 702 703 704
f 603 705 706
f 707 708 605
f 611 709 710
f 711 712 713
f 714 715 716
f 716 717 718
f 618 719 720
f 721 722 723
f 724 725 726
f 727 728 729
f 730 731 732
f 733 734 735
f 736 737 738
f 739 740 741
f 742 743 744
f 745 746 747
f 748 749 750
f 751 752 753
f 754 755 756
f 757 758 759
f 760 761 762
f 763 764 765
f 764 766 767
f 768 769 770
f 771 772 773
f 774 775 776
f 777 778 779
f 780 781 782
f 783 784 785
f 786 787 788
f 789 790 791
f 685 684 792
f 793 794 795
f 796 797 798
f 695 799 800
f 698 801 802
f 803 804 805
f 806 807 808
f 809 810 811
f 812 813 814
f 815 816 817
f 818 819 820
f 821 822 823
f 824 825 826
f 827 828 829
f 830 831 832
f 833 834 835
f 836 837 838
f 839 840 841
f 842 843 844
f 845 846 847
f 738 848 849
f 850 851 852
f 853 854 855
f 856 857 858
f 859 860 861
f 862 863 864
f 758 865 866
f 867 868 869
f 870 871 872
f 873 874 875
f 876 877 878
f 878 879 880
f 881 882 774
f 883 884 885
f 886 887 888
f 889 890 891
f 892 893 894
f 895 896 897
f 790 898 899
f 900 901 902
f 903 904 905
f 906 907 908
f 909 910 911
f 912 913 914
f 915 916 917
f 918 919 920
f 921 922 923
f 924 925 807
f 926 927 928
f 929 930 931
f 932 933 934
f 935 936 937
f 819 938 820
f 939 940 941
f 942 943 944
f 829 945 946
f 947 948 949
f 950 951 952
f 953 954 839
f 955 956 957
f 958 959 960
f 961 962 963
f 964 965 966
f 967 968 969
f 853 852 970
f 971 972 973
f 974 975 976
f 977 978 979
f 980 981 982
f 983 984 985
f 986 987 988
f 989 990 991
f 992 993 875
f 994 995 996
f 997 998 999
f 1000 1001 1002
f 1003 1004 1005
f 1006 1007 1008
f 1009 1010 1011
f 1012 1013 1014
f 1015 1016 1017
f 1018 1019 1020
f 1021 1022 1023
f 1024 1025 1026
f 1027 1028 1029
f 1030 1031 1032
f 1033 1034 1035
f 1036 1037 1038
f 1039 1040 1041
f 1042 1043 1044
f 1045 1046 1047
f 1048 1049 1050
f 1051 1052 1053
f 1054 1055 1056
f 1057 1058 1059
f 1060 1061 1062
f 1063 1064 1065
f 1066 1067 930
f 1068 1069 1070
f 1071 1072 1073
f 1074 1075 1076
f 1077 1078 1079
f 1080 1081 1082
f 942 1083 943
f 1084 1085 1086
f 1087 1088 1089
f 1090 1091 1092
f 1093 1094 1095
f 1096 1097 1098
f 1099 1100 1101
f 1102 1103 1104
f 1105 1106 1107
f 1108 1109 1110
f 964 1111 1112
f 1113 1114 1115
f 1116 1117 1118
f 1119 1120 1121
f 1122 1123 1124
f 1125 1126 1127
f 1128 1129 1130
f 1131 1132 1133
f 1134 1135 1136
f 1137 1138 1139
f 1140 1141 1142
f 1143 1144 1145
f 1146 1147 1148
f 1149 1150 1151
f 1152 1153 1154
f 1005 1155 1156
f 1157 1158 1159
f 1013 1160 1161
f 1162 1163 1164
f 1165 1166 1167
f 1168 1169 1170
f 1171 1172 1173
f 1174 1175 1176
f 1177 1178 1179
f 1180 1181 1182
f 1183 1184 1185
f 1186 1187 1188
f 1189 1190 1191
f 1192 1193 1194
f 1195 1196 1197
f 1198 1199 1200
f 1201 1202 1203
f 1204 1205 1206
f 1207 1208 1209
f 1210 1211 1212
f 1213 1211 1214
f 1215 1216 1217
f 1218 1219 1220
f 1221 1038 1215
f 1222 1223 1224
f 1225 1226 1227
f 1228 1229 1230
f 1231 1232 1205
f 1233 1234 1235
f 1236 1237 1238
f 1239 1240 1241
f 1242 1243 1244
f 1245 1246 1247
f 1248 1249 1250
f 1251 1252 1253
f 1254 1255 1256
f 1257 1258 1259
f 1260 1261 1262
f 1263 1264 1265
f 1266 1267 1268
f 1269 1270 1271
f 1272 1273 1274
f 1275 1276 1277
f 1278 1279 1280
f 1281 1282 1283
f 1284 1285 1286
f 1287 1288 1087
f 1289 1290 1291
f 1292 1293 1294
f 1295 1296 1297
f 1298 1299 1300
f 1301 1302 1100
f 1303 1304 1305
f 1306 1307 1308
f 1309 1310 1311
f 1312 1313 1314
f 1315 1316 1317
f 1318 1319 1320
f 1321 1322 1323
f 1324 1325 1326
f 1327 1328 1329
f 1330 1331 1332
f 1333 1334 1335
f 1336 1337 1338
f 1339 1340 1341
f 1342 1343 1344
f 1345 1346 1347
f 1348 1349 1350
f 1351 1352 1353
f 1354 1355 1356
f 1357 1358 1359
f 1360 1361 1362
f 1363 1364 1365
f 1366 1367 1368
f 1369 1370 1371
f 1159 1372 1373
f 1374 1375 1376
f 1377 1378 1379
f 1380 1381 1382
f 1383 1384 1385
f 1386 1387 1388
f 1172 1389 1390
f 1391 1392 1393
f 1394 1395 1396
f 1397 1398 1399
f 1400 1401 1402
f 1403 1404 1405
f 1406 1407 1408
f 1409 1410 1411
f 1412 1413 1414
f 1415 1416 1417
f 1418 1419 1420
f 1421 1422 1423
f 1424 1425 1426
f 1427 1428 1429
f 1430 1431 1432
f 1433 1434 1435
f 1436 1437 1438
f 1439 1440 1441
f 1442 1443 1444
f 1445 1446 1447
f 1448 1449 1450
f 1451 1452 1453
f 1454 1455 1456
f 1457 1277 1458
f 1459 1460 1461
f 1462 1463 1464
f 1465 1466 1467
f 1468 1469 1470
f 1285 1471 1472
f 1473 1474 1475
f 1476 1477 1478
f 1479 1480 1481
f 1482 1483 1293
f 1484 1485 1486
f 1487 1488 1489
f 1490 1491 1492
f 1493 1494 1495
f 1496 1497 1498
f 1499 1500 1501
f 1502 1503 1504
f 1505 1506 1507
f 1508 1509 1510
f 1511 1512 1319
f 1513 1514 1515
f 1516 1517 1518
f 1519 1520 1521
f 1522 1523 1524
f 1525 1526 1527
f 1528 1529 1530
f 1531 1532 1533
f 1534 1535 1536
f 1537 1538 1539
f 1540 1541 1542
f 1543 1544 1545
f 1546 1547 1548
f 1549 1550 1551
f 1552 1553 1554
f 1555 1556 1557
f 1558 1559 1560
f 1561 1562 1563
f 1564 1565 1566
f 1567 1568 1569
f 1570 1571 1572
f 1573 1574 1575
f 1576 1577 1578
f 1579 1580 1581
f 1582 1583 1584
f 1585 1586 1381
f 1587 1588 1589
f 1590 1591 1592
f 1593 1594 1595
f 1596 1597 1598
f 1599 1600 1601
f 1602 1603 1604
f 1605 1606 1607
f 1608 1609 1610
f 1611 1612 1613
f 1614 1615 1616
f 1617 1618 1619
f 1620 1621 1622
f 1623 1624 1625
f 1626 1627 1628
f 1629 1630 1631
f 1426 1632 1633
f 1428 1634 1635
f 1636 1637 1638
f 1639 1640 1641
f 1642 1643 1644
f 1645 1646 1647
f 1648 1649 1650
f 1651 1652 1653
f 1654 1655 1656
f 1657 1658 1659
f 1462 1660 1463
f 1661 1662 1663
f 1664 1665 1666
f 1667 1668 1669
f 1670 1671 1672
f 1673 1674 1675
f 1676 1677 1678
f 1679 1680 1681
f 1473 1682 1683
f 1684 1685 1686
f 1687 1688 1481
f 1689 1690 1691
f 1692 1693 1694
f 1695 1696 1485
f 1697 1698 1699
f 1700 1701 1702
f 1703 1704 1705
f 1706 1707 1708
f 1709 1710 1711
f 1712 1492 1713
f 1714 1715 1716
f 1717 1718 1719
f 1720 1721 1722
f 1723 1724 1725
f 1505 1726 1506
f 1727 1728 1729
f 1730 1731 1732
f 1733 1734 1735
f 1521 1736 1737
f 1738 1739 1740
f 1741 1742 1743
f 1744 1745 1746
f 1747 1748 1749
f 1750 1751 1752
f 1753 1754 1755
f 1756 1757 1758
f 1544 1759 1760
f 1761 1762 1763
f 1764 1765 1766
f 1767 1768 1769
f 1770 1771 1772
f 1773 1774 1775
f 1776 1777 1778
f 1565 1779 1780
f 1781 1782 1783
f 1784 1785 1786
f 1787 1788 1789
f 1790 1791 1792
f 1580 1793 1581
f 1794 1795 1796
f 1583 1797 1798
f 1799 1589 1588
f 1800 1801 1802
f 1803 1804 1805
f 1806 1807 1808
f 1809 1810 1600
f 1811 1812 1813
f 1814 1815 1816
f 1606 1817 1818
f 1609 1819 1820
f 1821 1822 1823
f 1824 1825 1826
f 1827 1828 1829
f 1830 1831 1832
f 1833 1834 1835
f 1625 1836 1837
f 1627 1838 1839
f 1840 1841 1842
f 1843 1844 1845
f 1846 1847 1848
f 1849 1850 1851
f 1852 1853 1854
f 1855 1856 1857
f 1858 1859 1860
f 1861 1862 1863
f 1864 1865 1866
f 1867 1868 1869
f 1870 1871 1872
f 1873 1874 1875
f 1876 1877 1878
f 1668 1879 1880
f 1881 1882 1883
f 1884 1885 1886
f 1887 1677 1888
f 1889 1890 1891
f 1892 1893 1894
f 1684 1895 1685
f 1896 1897 1898
f 1899 1900 1901
f 1902 1903 1904
f 1905 1906 1907
f 1908 1909 1910
f 1911 1912 1913
f 1914 1915 1916
f 1808 1917 1918
f 1919 1920 1921
f 1922 1923 1924
f 1925 1926 1818
f 1927 1928 1929
f 1930 1931 1932
f 1933 1934 1935
f 1936 1937 1938
f 1826 1939 1940
f 1941 1942 1943
f 1944 1945 1946
f 1947 1948 1949
f 1950 1951 1952
f 1953 1954 1955
f 1956 1957 1958
f 1959 1960 1961
f 1962 1963 1964
f 1965 1966 1967
f 1968 1969 1970
f 1971 1972 1973
f 1974 1975 1976
f 1977 1978 1979
f 1980 1981 1982
f 1983 1984 1985
f 1986 1987 1988
f 1989 1990 1875
f 1991 1992 1993
f 1994 1995 1996
f 1997 1998 1999
f 2000 2001 2002
f 2003 2004 2005
f 2006 2007 2008
f 2009 2010 2011
f 2012 2013 2014
f 2015 2016 2017
f 2018 2019 1903
f 2020 2021 2022
f 2023 2024 2025
f 2026 2027 2028
f 2029 2030 2031
f 2032 2033 2034
f 2035 2036 2037
f 2038 2039 2040
f 2041 2042 2043
f 2044 2045 2046
f 2047 2048 2049
f 2050 2051 2052
f 2053 2054 2055
f 2056 2057 2058
f 2059 2060 2061
f 2062 2063 2064
f 2065 2066 2067
f 2068 2069 2061
f 2070 2071 2057
f 2072 2054 2073
f 2074 2075 2076
f 1951 2077 2078
f 2079 2080 2081
f 2082 2083 2084
f 2085 2086 1966
f 2087 2088 2089
f 2090 2091 2092
f 2093 2094 2095
f 2096 2097 2098
f 2099 2100 2101
f 2102 2103 2104
f 2105 2106 2107
f 2108 2109 2110
f 2111 2112 2113
f 2114 2115 2116
f 2117 2118 2119
f 2120 2121 2122
f 2123 2124 2125
f 2126 2127 2128
f 2127 2129 2130
f 2131 2132 2133
f 2134 2135 2136
f 2137 2138 2139
f 2140 2141 2010
f 2142 2143 2144
f 2145 2146 2147
f 2148 2149 2150
f 2019 2151 2152
f 2153 2154 2155
f 2156 2157 2158
f 2159 2160 2161
f 2162 2163 2164
f 2165 2166 2167
f 2168 2169 2170
f 2171 2172 2173
f 2174 2175 2176
f 2043 2177 2178
f 2179 2180 2181
f 2182 2183 2184
f 2185 2186 2187
f 2188 2189 2190
f 2191 2192 2193
f 2194 2195 2196
f 2197 2198 2199
f 2200 2201 2202
f 2203 2204 2205
f 2206 2207 2208
f 2209 2210 2211
f 2212 2213 2214
f 2215 2216 2217
f 2218 2219 2065
f 2080 2220 2221
f 2222 2223 2224
f 2225 2226 2227
f 2225 2228 2229
f 2230 2231 2232
f 2233 2234 2235
f 2236 2237 2238
f 2087 2239 2088
f 2091 2240 2241
f 2242 2243 2244
f 2098 2097 2245
f 2246 2247 2248
f 2249 2250 2103
f 2251 2252 2106
f 2253 2254 2255
f 2110 2256 2257
f 2258 2259 2260
f 2261 2262 2118
f 2263 2121 2120
f 2264 2265 2266
f 2267 2268 2269
f 2270 2271 2272
f 2273 2274 2275
f 2276 2277 2278
f 2279 2280 2281
f 2282 2283 2284
f 2285 2286 2287
f 2288 2289 2146
f 2290 2291 2292
f 2293 2294 2295
f 2296 2297 2298
f 2299 2157 2300
f 2161 2301 2302
f 2303 2304 2305
f 2306 2307 2308
f 2309 2310 2311
f 2312 2313 2314
f 2315 2316 2317
f 2318 2319 2320
f 2321 2322 2323
f 2324 2325 2326
f 2327 2328 2329
f 2330 2331 2332
f 2333 2334 2335
f 2336 2337 2338
f 2339 2340 2341
f 2342 2343 2344
f 2305 2304 2345
f 2307 2346 2347
f 2348 2349 2350
f 2351 2352 2353
f 2352 2354 2355
f 2356 2357 2358
f 2359 2360 2361
f 2362 2363 2364
f 2365 2363 2366
f 2367 2368 2325
f 2369 2370 2371
f 2372 2373 2374
f 2375 2376 2377
f 2378 2379 2380
f 2381 2382 2383
f 2384 2385 2386
f 2387 2388 2389
f 2390 2391 2392
f 2393 2394 2395
f 2356 2396 2397
f 2398 2399 2361
f 2400 2401 2402
f 2403 2404 2405
f 2406 2407 2408
f 2409 2410 2411
f 2412 2413 2414
f 2415 2416 2417
f 2379 2418 2419
f 2420 2421 2422
f 2423 2424 2425
f 2426 2427 2428
f 2429 2430 2431
f 2432 2433 2404
f 2434 2435 2436
f 2437 2438 2439
f 2440 2441 2442
f 2443 2444 2445
f 2446 2447 2448
f 2449 2450 2451
f 2421 2452 2453
f 2454 2455 2456
f 2457 2458 2459
f 2460 2461 2462
f 2463 2464 2465
f 2466 2467 2468
f 2469 2470 2471
f 2472 2473 2474
f 2475 2476 2477
f 2478 2479 2480
f 2481 2482 2483
f 2484 2485 2486
f 2486 2487 2488
f 2489 2490 2491
f 2491 2492 2493
f 2494 2495 2496
f 2497 2498 2499
f 2500 2501 2502
f 2503 2504 2505
f 2506 2507 2508
f 2509 2510 2511
f 2512 2513 2514
f 2515 2516 2517
f 2518 2519 2520
f 2521 2522 2523
f 2524 2525 2526
f 2527 2528 2529
f 2530 2531 2532
f 2533 2531 2534
f 2535 2536 2537
f 2538 2539 2540
f 2541 2542 2543
f 2544 2545 2546
f 2547 2548 2549
f 2550 2551 2552
f 2553 2554 2555
f 2556 2557 2558
f 2559 2560 2561
f 2562 2563 2564
f 2565 2566 2567
f 2568 2569 2570
f 2571 2572 2573
f 2574 2575 2576
f 2577 2578 2579
f 2580 2581 2582
f 2583 2584 2585
f 2586 2587 2588
f 2589 2590 2591
f 2592 2593 2594
f 1709 2595 2596
f 2597 2598 2599
f 2600 2586 2601
f 2602 2603 2604
f 2605 2606 2607
f 2608 2609 2610
f 2611 2612 2613
f 2614 2615 2616
f 2617 2618 2619
f 2620 2621 2482
f 2622 2623 2624
f 2625 2626 2627
f 2628 2629 2630
f 2631 2632 2633
f 2498 2634 2635
f 2636 2637 2638
f 2639 2640 2641
f 2642 2643 2644
f 2645 2646 2647
f 2648 2649 2650
f 2651 2652 2653
f 2654 2655 2656
f 2657 2658 2659
f 2660 2645 2647
f 2661 2662 2663
f 2664 2665 2666
f 2667 2668 2669
f 2670 2671 2672
f 2673 2674 2675
f 2676 2677 2678
f 2679 2680 2681
f 2682 2683 2684
f 2685 2686 2687
f 2688 2689 2690
f 1746 2691 2692
f 2693 2694 2695
f 2696 2697 2698
f 2699 2700 2701
f 2702 2703 2704
f 2705 2706 2707
f 2708 2709 2710
f 1771 2711 2712
f 1774 2713 2714
f 1776 2715 1777
f 2716 2717 2718
f 2719 2720 2721
f 1781 2722 2723
f 2724 2725 2726
f 2727 2728 2729
f 2730 2731 2732
f 2733 2734 2735
f 2736 2737 2738
f 2739 2740 2741
f 2742 2743 2744
f 2745 2746 2747
f 2748 2749 2750
f 1699 2751 2752
f 1702 2753 2754
f 2755 2756 2757
f 2758 2759 2760
f 2761 2762 2763
f 2764 2765 2766
f 2767 2768 2769
f 2770 2771 2772
f 2773 2774 2775
f 2776 2777 2778
f 2779 2780 2781
f 2782 2783 2784
f 2619 2618 2785
f 2786 2787 2788
f 2789 2790 2791
f 2627 2792 2793
f 2630 2794 2795
f 2796 2797 2798
f 2799 2800 2801
f 2802 2803 2804
f 2805 2641 2806
f 2807 2808 2809
f 2810 2811 2812
f 2813 2814 2815
f 2816 2817 2818
f 2819 2820 2821
f 2822 2823 2824
f 2825 2826 2827
f 2828 2829 2830
f 2831 2832 2833
f 2834 2835 2836
f 2683 2837 2684
f 2838 2839 2840
f 2689 2841 2842
f 2843 2844 2845
f 2846 2847 2848
f 2849 2850 2851
f 2852 2853 2854
f 2855 2856 2857
f 2858 2859 2860
f 2861 2862 2847
f 2863 2864 2865
f 2866 2867 2868
f 2869 2870 2871
f 2872 2873 2874
f 2875 2876 2877
f 2878 2879 2880
f 2881 2882 2883
f 2884 2885 2886
f 2887 2888 2889
f 2890 2891 2892
f 2722 2893 2894
f 2895 2896 2897
f 2898 2899 2900
f 2901 2902 2903
f 2904 2905 2906
f 2907 2908 2731
f 2909 2910 2737
f 2911 2912 2913
f 2914 2915 2916
f 2917 2918 2919
f 2920 2746 2921
f 2922 2923 2924
f 2925 2926 2927
f 2928 2929 2758
f 2930 2931 2932
f 2933 2934 2935
f 2936 2937 2938
f 2769 2939 2940
f 2941 2942 2771
f 2943 2944 2945
f 2946 2947 2948
f 2949 2950 2951
f 2952 2953 2954
f 2955 2956 2957
f 2958 2959 2960
f 2961 2962 2963
f 2964 2965 2966
f 2967 2968 2969
f 2833 2970 2971
f 2972 2973 2974
f 2975 2976 2977
f 2978 2979 2980
f 2981 2980 2982
f 2983 2984 2985
f 2986 2987 2988
f 2989 2990 2991
f 2992 2993 2994
f 2995 2996 2997
f 2998 2999 3000
f 3001 3002 3003
f 2877 2876 3004
f 3005 3006 3007
f 3008 3009 3010
f 3011 3012 3013
f 3014 3015 3016
f 3017 3018 3019
f 3020 2888 3021
f 3022 3023 3024
f 3025 3026 3027
f 3028 3029 3030
f 2900 3031 3032
f 3033 3034 3035
f 3036 3037 3038
f 3039 3040 3041
f 3042 3043 3044
f 3045 3046 3047
f 3048 3049 3050
f 3051 3052 3053
f 3054 3055 3056
f 3057 3054 3058
f 3059 3060 3061
f 3062 3063 3064
f 3065 3066 3067
f 3068 3069 3070
f 3071 3072 3073
f 3074 3075 3076
f 3077 3078 3079
f 3080 3081 3082
f 3083 3084 3085
f 3086 3087 3088
f 3089 3090 2939
f 3091 3092 3093
f 3094 3095 3096
f 3097 3098 3099
f 3100 3101 3102
f 3103 3104 3105
f 3106 3107 3108
f 3109 3110 3111
f 3112 3113 3114
f 3115 3116 3117
f 3058 3118 3109
f 3119 3120 3121
f 3122 3061 3123
f 3124 3125 3126
f 3127 3128 3129
f 3130 3131 3132
f 3133 3134 3135
f 3136 3137 3138
f 3139 3140 3141
f 3142 3143 3144
f 3145 3146 3147
f 3148 3149 3150
f 3151 3152 2950
f 2947 3153 3154
f 3155 3156 3157
f 3158 3159 3160
f 3161 3162 3163
f 3164 3165 3166
f 3167 3168 3169
f 3170 3171 3172
f 3173 3174 3175
f 3176 3177 3178
f 3179 3180 3156
f 3181 3182 3183
f 3184 3185 3186
f 3187 3188 3189
f 3190 3191 3192
f 3193 3194 3195
f 3196 3197 3198
f 3199 3200 3201
f 3202 3203 3204
f 3205 3206 3207
f 3208 3209 3210
f 3211 3212 3213
f 3214 3215 3216
f 3217 3218 3219
f 3220 3221 3222
f 3223 3224 3225
f 3226 3227 3228
f 3229 3230 3231
f 3232 3233 3234
f 3235 3236 3237
f 3238 3239 3240
f 3241 3242 3243
f 3244 3245 3246
f 3247 3248 3249
f 3250 3251 3252
f 3253 3254 3255
f 3256 3257 3258
f 3259 3260 3261
f 3248 3262 3263
f 3264 3240 3265
f 3266 3267 3268
f 3269 2809 3270
f 3271 3272 3273
f 3274 3275 3276
f 3277 3278 3279
f 3099 3280 3281
f 3282 3283 3284
f 3285 3286 3287
f 3288 3289 3290
f 3291 3292 3293
f 3294 3295 3296
f 3297 3298 3299
f 3300 3301 3302
f 3303 3304 3305
f 3306 3307 3304
f 3308 3309 3310
f 3311 3312 3313
f 3314 3315 3316
f 3317 3318 3319
f 3320 3321 3322
f 3194 3323 3195
f 3324 3193 3325
f 3326 3327 3328
f 3329 3330 3331
f 3332 3333 3334
f 3202 3335 3203
f 3336 3337 3338
f 3339 3340 3341
f 3342 3343 3344
f 3345 3346 3347
f 3348 3349 3350
f 3351 3352 3353
f 3354 3355 3356
f 3357 3358 3359
f 3360 3361 3362
f 3363 3364 3365
f 3366 3367 3368
f 3369 3370 3371
f 3372 3373 3374
f 3375 3373 3376
f 3377 3378 3379
f 3380 3381 3382
f 3383 3384 3385
f 3386 3387 3388
f 3227 3389 3228
f 3390 3391 3392
f 3393 3394 3395
f 3396 3395 3397
f 3398 3399 3400
f 3401 3402 3403
f 3404 3405 3406
f 3407 3408 3409
f 3410 3404 3411
f 3412 3413 3414
f 3415 3416 3417
f 3418 3419 3420
f 3421 3422 3423
f 3424 3425 3426
f 3427 3428 3429
f 3430 3431 3432
f 3433 3296 3434
f 3435 3436 3437
f 3438 3439 3310
f 3440 3441 3442
f 3443 3444 3445
f 3446 3447 3448
f 3449 3450 3451
f 3452 3453 3454
f 3455 3456 3457
f 3458 3459 3460
f 3461 3462 3463
f 3331 3464 3465
f 3466 3467 3468
f 3334 3469 3470
f 3471 3472 3473
f 3474 3475 3476
f 3477 3478 3341
f 3479 3480 3481
f 3482 3483 3484
f 3485 3486 3487
f 3488 3489 3490
f 3491 3492 3493
f 3494 3495 3496
f 3497 3498 3499
f 3500 3501 3502
f 3503 3504 3505
f 3506 3507 3508
f 3509 3510 3511
f 3512 3513 3514
f 3515 3516 3517
f 3518 3519 3520
f 3521 3522 2169
f 3523 3524 3525
f 3526 3527 3528
f 3529 3530 3531
f 3532 3533 3534
f 3535 3536 3537
f 3538 3539 3540
f 2187 3541 3542
f 3543 3544 3545
f 3546 3547 3548
f 3549 3550 3551
f 3552 3553 3554
f 3555 3556 3557
f 3558 3559 3560
f 3561 3562 3563
f 3564 3565 3566
f 3567 3568 3569
f 3570 3571 3572
f 3573 3574 3575
f 3576 3577 3578
f 3579 3580 3581
f 3582 3583 3584
f 3585 3586 3587
f 3588 3589 3590
f 3591 3592 3593
f 3594 3595 3596
f 3597 3598 3599
f 3600 3601 3602
f 3603 3604 3605
f 3606 3607 3608
f 3609 3610 3611
f 3612 3613 3614
f 3510 3615 3616
f 3617 3618 3619
f 3620 3621 3619
f 3622 3623 3624
f 3625 3626 3627
f 3628 3629 3630
f 3631 3632 3633
f 3634 3635 3636
f 3637 3638 3639
f 3640 3641 3642
f 3643 3644 3645
f 3646 3647 3648
f 3649 3650 3651
f 3652 3653 3654
f 3655 3656 3657
f 3658 3659 3660
f 3661 3662 3358
f 3663 3664 3665
f 3666 3667 3668
f 3669 3670 3671
f 3672 3673 3674
f 3675 3676 3677
f 3678 3679 3680
f 3681 3682 3683
f 3684 3685 3686
f 3687 3688 3689
f 3690 3691 3692
f 3403 3693 3694
f 3695 3696 3697
f 3698 3699 3700
f 3701 3702 3407
f 3703 3704 3705
f 3706 3707 3708
f 3709 3710 3711
f 3712 3713 3714
f 3715 3716 3717
f 3718 3719 3720
f 3721 3722 3723
f 3724 3725 3726
f 3727 3728 3729
f 3730 3731 3732
f 3733 3734 3735
f 3736 3737 3443
f 3738 3739 3740
f 3741 3742 3743
f 3744 3745 3746
f 3747 3748 3749
f 3750 3751 3752
f 3753 3754 3755
f 3756 3757 3758
f 3759 3760 3761
f 3762 3763 3764
f 3765 3766 3767
f 3768 3769 3770
f 3771 3772 3773
f 3774 3775 3771
f 3776 3777 3778
f 3779 3780 3781
f 3782 3783 3784
f 3472 3785 3786
f 3787 3788 3789
f 3790 3791 3792
f 3793 3794 3795
f 3796 3797 3798
f 3799 3800 3801
f 3802 3803 3804
f 3805 3806 3807
f 3808 3809 3810
f 3811 3812 3813
f 3814 3815 3816
f 3525 3524 3817
f 3818 3819 3820
f 3821 3822 3823
f 3824 3825 3826
f 3827 3828 3829
f 3830 3831 3832
f 3833 3834 3835
f 3836 3837 3838
f 3839 3840 3841
f 3549 3842 3843
f 3844 3845 3846
f 3847 3848 3849
f 3850 3851 3852
f 3853 3854 3855
f 3856 3857 3858
f 3859 3860 3861
f 3862 3863 3864
f 3865 3866 3867
f 3868 3869 3870
f 3871 3872 3873
f 3874 3875 3876
f 3877 3878 3879
f 3580 3880 3581
f 3881 3882 3883
f 3589 3884 3885
f 3886 3887 3888
f 3889 3890 3891
f 3892 3893 3894
f 3601 3895 3602
f 3896 3897 3898
f 3899 3900 3901
f 3902 3903 3904
f 3905 3906 3907
f 3908 3909 3910
f 3911 3912 3913
f 3638 3914 3915
f 3916 3917 3918
f 3919 3920 3921
f 3922 3923 3924
f 3925 3926 3927
f 3928 3929 3930
f 3931 3932 3933
f 3934 3935 3936
f 3937 3938 3939
f 3940 3941 3942
f 3943 3944 3945
f 3946 3947 3948
f 3949 3950 3951
f 3952 3953 3954
f 3955 3956 3957
f 3958 3959 3960
f 3961 3962 3702
f 3963 3964 3965
f 3966 3967 3968
f 3969 3970 3971
f 3972 3973 3974
f 3713 3975 3976
f 3977 3978 3979
f 3980 3981 3982
f 3983 3984 3985
f 3720 3986 3987
f 3988 3989 3990
f 3983 3985 3991
f 3992 3993 3994
f 3995 3996 3997
f 3998 3999 4000
f 4001 4002 4003
f 4004 4005 4006
f 4007 4008 4009
f 4010 4011 4012
f 4013 4014 4015
f 4016 4017 4018
f 4019 4020 4021
f 4022 4023 4024
f 4025 4026 4027
f 4028 4029 4030
f 4031 4032 4033
f 4034 4035 4036
f 4037 4038 4039
f 4040 4041 4042
f 4043 4044 4045
f 4046 4047 4048
f 4049 4050 4051
f 4052 4053 4054
f 4055 3783 4056
f 4057 4058 4059
f 4060 4061 4062
f 4063 4064 4065
f 4066 4067 4068
f 4069 4070 4071
f 4072 4073 4074
f 4075 4076 4077
f 4078 4079 4080
f 4081 4082 4083
f 4084 4085 4086
f 4087 4088 4089
f 4090 4091 4092
f 4093 4094 4095
f 4096 4097 4090
f 4098 4099 4100
f 4101 4102 4103
f 4104 4105 4106
f 4107 4108 4109
f 4110 4111 4112
f 4113 4114 4115
f 4116 4117 4118
f 4119 4120 4121
f 4122 4123 4124
f 4125 4126 4127
f 4128 4129 4130
f 4131 4132 4133
f 4134 4135 4136
f 4137 4138 4139
f 4140 4141 4142
f 4143 4144 4145
f 4146 3819 4147
f 4148 4149 4150
f 4151 4152 4153
f 4154 4155 4156
f 4157 4158 4159
f 4160 4161 4162
f 4163 4164 4165
f 4166 4167 4168
f 4169 4170 4171
f 4172 4173 4174
f 4175 4176 4177
f 4178 4179 4180
f 3847 3849 4181
f 3852 4182 4183
f 4184 4185 4186
f 4187 4188 4189
f 4190 4191 4192
f 4193 4194 4195
f 4196 4197 4198
f 4199 4200 3882
f 4201 4202 4203
f 4204 4205 4206
f 4207 4208 4209
f 4210 4211 4212
f 4213 4214 4215
f 4216 4217 4218
f 4219 4220 4221
f 4222 4223 4224
f 4225 4226 4227
f 4228 4229 3912
f 4230 4231 4232
f 4233 4234 4235
f 4236 4237 4238
f 4239 4240 4241
f 4242 4243 4244
f 4245 4246 3922
f 4247 3927 3926
f 4248 4249 4250
f 4251 4252 4253
f 4254 4255 4256
f 4257 4258 4259
f 4260 4261 3944
f 4262 4263 4264
f 4265 4266 4267
f 4268 4269 4270
f 4271 4272 4273
f 4274 4275 4276
f 4277 4278 4279
f 4280 4281 4282
f 4283 4284 4285
f 4286 4287 3967
f 4288 4289 4290
f 4291 4292 4293
f 4294 4295 4296
f 4297 4298 4299
f 4300 4301 4302
f 4303 4304 4008
f 4305 4306 4307
f 4308 4309 4310
f 4311 4312 4018
f 4313 4314 4315
f 4316 4317 4318
f 4319 4320 4321
f 4322 4323 4324
f 4325 4326 4327
f 4328 4329 4330
f 4331 4332 4333
f 4334 4335 4336
f 4337 4338 4339
f 4340 4341 4342
f 4343 4344 4345
f 4346 4347 4348
f 4349 4350 4351
f 4352 4353 4354
f 4355 4356 4357
f 4358 4359 4360
f 4361 4362 4363
f 4364 4365 4041
f 4366 4367 4368
f 4369 4370 4371
f 4372 4373 4374
f 4375 4376 4377
f 4378 4379 4380
f 4381 4060 4382
f 4383 4384 4385
f 4386 4387 4388
f 4389 4390 4391
f 4392 4393 4394
f 4395 4396 4397
f 4398 4399 4400
f 4401 4402 4403
f 4404 4405 4406
f 4407 4408 4409
f 4410 4411 4412
f 4413 4414 4415
f 4416 4417 4418
f 4419 4420 4421
f 4422 4423 4424
f 4425 4426 4386
f 4427 4428 4429
f 4430 4431 4432
f 4433 4434 4435
f 4436 4437 4438
f 4439 4440 4441
f 4442 4443 4444
f 4445 4446 4447
f 4448 4449 4450
f 4451 4452 4453
f 4454 4455 4456
f 4457 4458 4459
f 4460 4461 4462
f 4463 4464 4465
f 4466 4467 4468
f 4469 4470 4471
f 4472 4473 4474
f 4475 4476 4477
f 4478 4479 4480
f 4481 4482 4483
f 4484 4485 4486
f 4487 4488 4482
f 4489 4490 4491
f 4492 4441 4493
f 4494 4495 4496
f 4497 4498 4499
f 4500 4501 4502
f 4503 4504 4505
f 4506 4507 4508
f 4509 4510 4511
f 4512 4513 4514
f 4515 4516 4517
f 4518 4519 4520
f 4520 4521 4522
f 4523 4524 4525
f 4526 4527 4528
f 4529 4530 4531
f 4532 4533 4534
f 4535 4093 4536
f 4537 4538 4539
f 4540 4541 4542
f 4543 4544 4545
f 4546 4547 4548
f 4549 4550 4551
f 4552 4553 4554
f 4555 4556 4557
f 4558 4559 4560
f 4561 4562 4563
f 4564 4565 4566
f 4567 4094 4093
f 4568 4569 4570
f 4571 4572 4573
f 4574 4575 4576
f 4577 4578 4579
f 4580 4581 4582
f 4583 4584 4585
f 4586 4587 4413
f 4588 4589 4590
f 4591 4592 4593
f 4594 4595 4596
f 4423 4597 4598
f 4599 4600 4601
f 4602 4603 4604
f 4605 4606 4607
f 4608 4609 4610
f 4611 4612 4428
f 4613 4614 4615
f 4616 4607 4606
f 4617 4618 4619
f 4620 4621 4597
f 4622 4623 4624
f 4625 4626 4627
f 4628 4629 4630
f 4429 4428 4631
f 4632 4633 4634
f 4635 4636 4637
f 4638 4639 4640
f 4641 4642 4643
f 4644 4645 4646
f 4452 4647 4648
f 4649 4650 4651
f 4652 4653 4654
f 4655 4656 4657
f 4658 4659 4660
f 4661 4662 4663
f 4664 4665 4666
f 4664 4476 4667
f 4498 4668 4669
f 4670 4671 4672
f 4673 4674 4675
f 4501 4676 4677
f 4678 4679 4680
f 4681 4682 4683
f 4684 4685 4686
f 4687 4688 4689
f 4690 4691 4692
f 4693 4694 4695
f 4696 4697 4698
f 4699 4700 4701
f 4702 4703 4704
f 4705 4706 4707
f 4708 4709 4710
f 4711 4712 4713
f 4714 4715 4716
f 4717 4718 4719
f 4720 4721 4722
f 4723 4724 4725
f 4726 4727 4728
f 4729 4730 4258
f 4731 4732 4733
f 4734 4735 4736
f 4737 4738 4739
f 4740 4741 4742
f 4743 4744 4745
f 4746 4747 4748
f 4749 4750 4751
f 4752 4753 4754
f 4755 4756 4757
f 4758 4759 4760
f 4761 4762 4763
f 4764 4765 4766
f 4765 4767 4295
f 4768 4769 4770
f 4771 4772 4773
f 4774 4775 4776
f 4777 4778 4779
f 4780 4781 4782
f 4783 4784 4785
f 4786 4787 4788
f 4789 4790 4791
f 4792 4793 4794
f 4795 4796 4797
f 4798 4799 4800
f 4801 4802 4803
f 4804 4805 4806
f 4807 4808 4809
f 4810 4811 4812
f 4813 4814 4815
f 4816 4817 4818
f 4819 4820 4821
f 4822 4823 4824
f 4825 4826 4827
f 4828 4829 4830
f 4831 4832 4833
f 4834 4835 4836
f 4837 4838 4839
f 4840 4841 4842
f 4843 4844 4845
f 4846 4847 4848
f 4849 4850 4851
f 4852 4853 4854
f 4846 4855 4847
f 4856 4857 4858
f 4859 4860 4861
f 4862 4863 4864
f 4865 4866 4867
f 4868 4869 4870
f 4871 4872 4873
f 4872 4874 4875
f 4876 4877 4878
f 4879 4880 4881
f 4882 4883 4884
f 4885 4886 4887
f 4882 4888 4883
f 4889 4890 4891
f 4892 4893 4880
f 4894 4895 4896
f 4897 4898 4899
f 4900 4901 4902
f 4903 4904 4905
f 4906 4907 4908
f 4909 4910 4911
f 4897 4912 4913
f 4914 4915 4916
f 4917 4918 4919
f 4920 4921 4922
f 4923 4924 4925
f 4926 4927 4928
f 4929 4930 4931
f 4932 4933 4934
f 4935 4936 4937
f 4938 4939 4940
f 4941 4942 4943
f 4944 4945 4946
f 4947 4948 4949
f 4950 4951 4952
f 4953 4954 4955
f 4956 4957 4342
f 4958 4344 4959
f 4960 4961 4962
f 4963 4964 4965
f 4966 4967 4968
f 4969 4970 4971
f 4972 4973 4974
f 3773 4975 4976
f 4977 4978 4979
f 4980 4981 4982
f 4983 4984 4985
f 4370 4986 4987
f 4988 4989 4990
f 4991 4992 4993
f 4994 4995 4996
f 4997 4998 4999
f 5000 5001 5002
f 4404 4406 5003
f 5004 5005 5006
f 5007 5008 5009
f 5010 5011 5012
f 5013 5014 5015
f 5016 5017 5018
f 5019 5020 5021
f 5022 5023 5024
f 5025 5026 5027
f 5028 5029 5030
f 5031 5032 5033
f 5034 5035 5036
f 5037 5038 5039
f 5040 5041 5042
f 5043 5044 5045
f 4186 5046 5047
f 5048 5049 5050
f 5051 5052 5053
f 5054 5055 5056
f 5057 5058 5059
f 5060 5061 5062
f 5061 5063 5064
f 5065 5066 5067
f 4208 5068 5069
f 5070 5071 5072
f 4214 5073 5074
f 5075 5076 5077
f 5078 5079 5080
f 5081 5082 5083
f 5084 5085 5079
f 5086 5087 5088
f 5089 5090 5091
f 5092 5093 5094
f 5095 5096 5097
f 5098 5099 5100
f 5101 5102 5103
f 5104 5105 5106
f 5107 5108 5109
f 5110 5111 5112
f 5113 5114 5115
f 5116 5117 5087
f 5118 5119 5120
f 5121 5122 5123
f 5124 5125 5126
f 5127 5128 5129
f 5130 5131 5132
f 5133 5134 5135
f 5136 5137 5138
f 5139 5140 5141
f 5142 5143 5144
f 5145 5146 5147
f 5148 5149 5150
f 5151 5152 4592
f 5153 5154 5155
f 5156 5157 5158
f 5159 5160 5161
f 5162 5163 5164
f 5165 5166 5167
f 5168 5169 5170
f 5171 5172 5173
f 5174 5175 5176
f 5177 5178 5179
f 5180 5181 5182
f 5183 5184 5185
f 5186 5187 5188
f 5189 5190 5191
f 5192 5193 5194
f 5195 4657 5196
f 5197 5198 5199
f 5200 5201 5202
f 5203 5204 5205
f 5206 5207 5208
f 4676 5209 5210
f 4682 5211 5212
f 4686 5213 5214
f 5215 5216 5217
f 5218 5219 5220
f 5221 5222 5223
f 5224 5225 5226
f 5227 5228 5229
f 5230 5231 5232
f 5233 5234 5235
f 5236 5237 5238
f 5239 5240 5241
f 5242 5243 5244
f 5245 5246 5247
f 5248 5249 5250
f 5251 5252 5253
f 5254 5255 5256
f 5257 5258 5259
f 5260 5261 5262
f 5263 5264 5265
f 5266 5267 5268
f 5269 5270 5271
f 5272 5273 5274
f 5275 5276 5277
f 5278 5279 5280
f 5281 5282 5283
f 5284 5285 5286
f 5287 5288 5289
f 5290 5291 5292
f 5293 5294 5295
f 5296 5297 5298
f 5299 5300 5301
f 5302 5303 5304
f 5305 5306 5307
f 5308 5309 5310
f 5297 5311 5298
f 5312 5313 5314
f 5315 5316 5317
f 5318 5319 5320
f 5321 5322 5323
f 5301 5280 5324
f 5325 5276 5326
f 5327 5266 5328
f 5329 5330 5331
f 5332 5333 5334
f 5335 5336 5337
f 5338 5339 5340
f 5341 5342 5343
f 5341 5344 5342
f 5345 5346 5347
f 5348 5349 5350
f 4753 5351 5352
f 5353 5354 5355
f 5356 5354 5357
f 5358 5359 5360
f 5361 5362 5363
f 5364 5365 5366
f 5367 5368 5369
f 5370 5371 5372
f 5373 5374 5375
f 5376 5377 5378
f 5379 5380 5381
f 5382 5383 5384
f 5383 5385 5386
f 5382 5387 4787
f 5388 5389 5390
f 5391 5392 5393
f 5394 5395 5396
f 4814 5397 4815
f 5398 5399 5400
f 5401 5402 5403
f 5404 5405 5406
f 5407 5408 5409
f 5410 5411 5412
f 5413 5414 5415
f 5416 5417 5418
f 5419 5420 5421
f 5422 5423 5424
f 5425 5426 5427
f 5428 5429 5427
f 5430 5431 5426
f 5432 5433 5434
f 5435 5436 3001
f 5437 5438 5439
f 5440 5441 5422
f 5442 5420 5443
f 5444 5445 5446
f 5447 5448 5449
f 4836 5450 5451
f 5452 5453 5454
f 5455 5456 5457
f 5458 5459 5460
f 5461 5462 5463
f 5464 5465 5466
f 5467 5468 5469
f 5470 5471 5472
f 5473 5474 5475
f 5476 5477 5478
f 5479 5480 5481
f 5482 5483 5484
f 5485 5486 5487
f 5488 5489 5490
f 5491 5492 5493
f 5494 5495 5496
f 5497 5498 5499
f 5500 5501 3052
f 5502 5503 5504
f 5505 5506 5507
f 5508 5509 5510
f 5511 5512 5513
f 5514 5515 3104
f 5516 5517 5518
f 5519 5520 5521
f 5522 2957 5523
f 5524 5525 5526
f 5527 5528 5529
f 5530 5531 5532
f 5533 5534 5535
f 5536 5537 5538
f 5539 5540 5541
f 5542 5543 2980
f 5544 5545 5546
f 2985 5547 5548
f 5549 5550 5551
f 5548 5552 5553
f 5554 5555 5556
f 5557 5558 5559
f 5560 5561 5562
f 5563 5564 5555
f 5565 5566 5567
f 5568 5569 4866
f 5570 5571 5572
f 5573 5574 5575
f 5576 5577 5578
f 5579 5580 5581
f 5582 5583 5584
f 5585 5586 5587
f 5588 5589 5590
f 5591 5592 5593
f 5594 5595 5596
f 5597 5598 5599
f 5600 5601 5602
f 5603 5604 5605
f 5606 5607 4930
f 5608 5609 5610
f 5611 5612 5613
f 5614 5615 5616
f 5617 5618 5619
f 5620 5621 5622
f 5623 5624 4944
f 5625 5626 5627
f 5628 5629 5630
f 5631 5632 5633
f 4951 5634 5635
f 5636 5637 5638
f 5639 5640 5641
f 5642 5643 5644
f 5645 5646 5647
f 5648 5649 5650
f 5651 5652 5653
f 4954 5654 5655
f 5656 5657 5658
f 5659 5660 5661
f 5661 5662 5663
f 5664 5665 5666
f 5667 5668 5669
f 5670 5671 5672
f 4965 5673 5674
f 5675 5676 5677
f 5678 5679 5675
f 5680 5681 5682
f 5683 5684 5685
f 5686 5687 5688
f 5689 5690 5691
f 5692 5693 5694
f 5695 5696 5697
f 5698 5699 5700
f 5701 5702 5703
f 5704 5705 5706
f 5707 5708 5709
f 5710 5711 5712
f 5713 5714 5715
f 5716 5717 5718
f 5719 5720 5721
f 5722 5723 5724
f 5009 5725 5726
f 5727 5728 5729
f 5730 5731 5732
f 5733 5734 5735
f 5736 5737 5738
f 5739 5740 5741
f 5742 5743 5744
f 5745 5746 5747
f 5748 5749 5750
f 5751 5752 5753
f 5754 5755 5756
f 5045 5757 5758
f 5759 5760 5761
f 5762 5763 5764
f 5765 5766 5767
f 5768 5769 5055
f 5770 5771 5772
f 5773 5774 5110
f 5775 5776 5777
f 5778 5779 5780
f 5781 5782 5783
f 5784 5785 5786
f 5787 5788 5789
f 5140 5790 5791
f 5792 5793 5794
f 5795 5796 5797
f 5798 5799 5800
f 5801 5802 5803
f 5804 5805 5152
f 5806 5807 5808
f 5809 5810 5811
f 5812 5813 5814
f 5815 5816 5817
f 5818 5819 5820
f 5821 5822 5823
f 5824 5825 5826
f 5827 5173 5828
f 5829 5830 5831
f 5832 5833 5834
f 5835 5836 5829
f 5837 5838 5839
f 5840 5841 5228
f 5842 5843 5844
f 5845 5838 5837
f 5846 5847 5848
f 5849 5850 5851
f 5852 5853 5854
f 5855 5856 5857
f 5858 5859 5860
f 5861 5225 5862
f 5863 5864 5865
f 5866 5867 5868
f 5869 5870 5871
f 5872 5873 5874
f 5875 5876 5877
f 5185 5878 5879
f 5880 5881 5870
f 5882 5883 5207
f 5884 5885 5886
f 5887 5884 5888
f 5872 5889 5873
f 5835 5829 5890
f 5891 5167 5892
f 5824 5826 5893
f 5894 5895 5240
f 5896 5897 5898
f 5899 5900 5901
f 5902 5903 5904
f 5905 5246 5906
f 5907 5908 5909
f 5250 5910 5911
f 5912 5913 5914
f 5252 5915 5253
f 5916 5917 5918
f 5919 5920 5921
f 5261 5922 5923
f 5924 5925 5926
f 5927 5928 5330
f 5929 5930 5931
f 5932 5933 5934
f 5935 5936 5937
f 5938 5939 5940
f 5941 5942 5943
f 5944 5945 5946
f 5947 5948 5949
f 5950 5951 5952
f 5953 5954 5955
f 5358 5956 5359
f 5957 5958 5362
f 5959 5960 5961
f 5962 5963 5964
f 5965 5375 5966
f 5967 5968 5969
f 5970 5971 5972
f 5973 5974 5975
f 5973 5976 5974
f 5977 5978 5979
f 5980 5981 5982
f 5983 5984 5985
f 5986 5987 5988
f 5989 5990 5991
f 5992 5993 5994
f 5995 5996 5997
f 5998 5999 6000
f 6001 6000 6002
f 6003 6004 6005
f 6006 6007 6008
f 6009 6010 6011
f 6012 6013 6014
f 6015 6016 6017
f 6018 6019 6020
f 6021 6022 6023
f 6024 6025 6026
f 6027 6028 6029
f 6030 6031 6032
f 6033 6034 6035
f 6036 6037 6038
f 6039 6040 6041
f 6042 6043 6044
f 6045 6046 6047
f 6048 6049 6050
f 6051 6052 6053
f 5495 6054 6055
f 6056 6057 6058
f 6059 6060 6061
f 6062 6063 6064
f 6065 6066 6067
f 6068 6069 6070
f 6071 5609 5608
f 6072 6073 6074
f 6075 6076 6077
f 6078 6079 6080
f 6081 6082 6083
f 5621 6084 5622
f 6085 6086 6087
f 6088 6089 6090
f 6091 6092 6093
f 6094 6095 6096
f 6097 6098 6099
f 6100 6101 6102
f 6103 6104 6105
f 5640 6106 6107
f 6108 6109 6110
f 6111 6112 6113
f 6114 6115 6116
f 6117 6118 6119
f 6120 6121 6122
f 6123 6124 6125
f 6126 6127 6128
f 6129 6130 6131
f 6132 6133 6134
f 6135 6136 6137
f 6138 6139 6140
f 6141 6142 6143
f 6144 6145 6146
f 6147 6148 6149
f 6150 6151 6152
f 6153 6154 6155
f 6156 6157 6158
f 6159 6160 6161
f 5687 6162 6163
f 6164 6165 6166
f 6167 6168 6169
f 6170 6171 6172
f 6173 6174 6175
f 5709 6176 6177
f 6178 6179 6180
f 6181 6182 6183
f 6184 6185 6186
f 6187 6188 6189
f 6190 6191 6192
f 6193 6194 6195
f 6196 6197 6198
f 6199 6200 6201
f 5727 6202 5728
f 6203 6204 6205
f 6206 5732 6207
f 6208 6209 6210
f 6211 5740 6212
f 6213 6214 6215
f 6216 6217 6218
f 6219 6220 6221
f 6222 6223 6224
f 6225 6226 6227
f 6228 6229 6230
f 6231 5756 6232
f 6233 6234 6235
f 6236 6237 6238
f 6239 6240 6241
f 6242 6243 6244
f 6245 6246 6247
f 6248 6249 6250
f 6251 6252 6253
f 6254 6255 6256
f 6257 6258 6259
f 6255 6260 6256
f 6261 6262 6263
f 6264 6265 6266
f 6267 6268 6269
f 6270 6271 5785
f 6272 6273 6274
f 6275 6276 6277
f 6278 6279 6280
f 6281 6282 6275
f 6283 6284 6285
f 6286 6287 6288
f 6289 6290 6291
f 5802 6292 6293
f 6294 6295 6296
f 6297 6298 6299
f 6300 6301 6302
f 6303 6304 6305
f 6306 6307 6308
f 6309 6310 5810
f 6311 6312 6313
f 6314 6315 6316
f 6317 6318 6319
f 6320 6321 6322
f 5822 6323 6324
f 6325 6326 6327
f 6328 6329 5900
f 5901 6330 6331
f 6332 6333 6334
f 6335 5904 6336
f 6337 6338 6339
f 6340 6341 6342
f 6343 6344 6345
f 6346 6347 6348
f 6349 6350 6351
f 6352 6353 6354
f 6355 6356 6357
f 5922 6358 6359
f 6360 6361 6362
f 6363 6364 6365
f 6366 6367 6368
f 6369 6370 6371
f 6372 6373 6374
f 6375 6376 6377
f 6378 6379 6380
f 5939 6381 6382
f 6383 6384 6385
f 6386 6387 6388
f 6389 6390 6391
f 6392 6393 6394
f 6395 6396 6397
f 6398 6399 6400
f 6401 6402 6403
f 6404 6405 6406
f 6407 6408 6409
f 6410 6411 6412
f 6413 6414 6415
f 5985 6416 6417
f 6418 6419 6420
f 6421 6422 6423
f 6424 6425 6426
f 6427 6428 6429
f 6430 6431 6432
f 6433 6434 6435
f 6436 6437 6438
f 6439 6440 6441
f 6442 6443 6444
f 6445 6446 6447
f 6448 6449 6450
f 6451 6452 6453
f 6454 6455 6456
f 6457 6458 6459
f 6460 6461 6462
f 6463 6464 6465
f 6026 6466 6029
f 6467 6468 6469
f 6470 6471 6472
f 6473 6474 6475
f 6476 6477 6039
f 6478 6479 6480
f 6481 6482 6483
f 6484 6485 6486
f 6487 6488 6489
f 6490 6491 6492
f 6493 6494 6495
f 6060 6496 6061
f 6497 6498 6499
f 6500 6501 6502
f 6503 6504 6505
f 6506 6507 6508
f 6506 6509 6510
f 6511 6079 6512
f 6513 6514 6515
f 6516 6517 6518
f 6519 6520 6521
f 6522 6523 6524
f 6525 6526 6527
f 6528 6529 6530
f 6101 6531 6102
f 6532 6533 6534
f 6535 6536 6537
f 6538 6539 6540
f 6140 6541 6542
f 6543 6544 6545
f 6546 6547 6548
f 6549 6550 6551
f 6552 6553 6554
f 6555 6556 6557
f 6558 6559 6560
f 6561 6562 6563
f 6564 6565 6566
f 6567 6568 6569
f 6570 6571 6572
f 6573 6574 6575
f 6171 6576 6577
f 6578 6579 6580
f 6581 6582 6583
f 6584 6585 6586
f 6587 6588 6589
f 6590 6591 6592
f 6593 6594 6595
f 6596 6597 6598
f 6599 6600 6601
f 6602 6603 6604
f 6605 6606 6607
f 6608 6609 6610
f 6611 6612 6613
f 6614 6615 6616
f 6617 6618 6619
f 6620 6621 6622
f 6623 6624 6625
f 6626 6627 6628
f 6629 6630 6631
f 6632 6633 6634
f 6635 6636 6637
f 6638 6639 6640
f 6641 6642 6643
f 6644 6645 6646
f 6240 6647 6648
f 6649 6650 6651
f 6652 6653 6654
f 6655 6656 6239
f 6657 6248 6250
f 6658 6659 6660
f 6661 6662 6663
f 6664 6665 6267
f 6666 6667 6668
f 6669 6670 6671
f 6672 6673 6674
f 6675 6676 6677
f 6678 6679 6680
f 6681 6682 6672
f 6683 6684 6685
f 6686 6687 6284
f 6688 6689 6287
f 6690 6691 6692
f 6290 6693 6291
f 6694 6695 6696
f 6304 6697 6698
f 6699 6700 6701
f 6702 6703 6704
f 6705 6706 6707
f 6708 6709 6710
f 6711 6712 6713
f 6714 6715 6716
f 6717 6718 6719
f 6720 6721 6722
f 6723 6724 6725
f 6726 6727 6728
f 6729 6730 6731
f 6732 6733 6734
f 6735 6736 6737
f 6738 6739 6740
f 6353 6741 6742
f 6743 6744 6745
f 6746 6747 6748
f 6749 6750 6751
f 6752 6753 6754
f 6755 6756 6757
f 6758 6759 6368
f 6370 6760 6761
f 6762 6763 6764
f 6765 6766 6767
f 6768 6769 6376
f 6770 6771 6772
f 6773 6774 6775
f 6776 6777 6778
f 6779 6780 6781
f 6782 6783 6784
f 6785 6786 6787
f 6398 6788 6789
f 6790 6791 6792
f 6793 6794 6795
f 6796 6797 6798
f 6799 6800 6801
f 6802 6803 6804
f 6805 6806 6807
f 6808 6809 6500
f 6810 6811 6812
f 6813 6814 6815
f 6814 6816 6817
f 6818 6819 6820
f 6509 6821 6822
f 6823 6824 6825
f 6826 6827 6828
f 6829 6830 6831
f 6832 6833 6520
f 6834 6835 6836
f 6837 6838 6839
f 6840 6841 6842
f 6843 6844 6845
f 6846 6847 6848
f 6849 6850 6536
f 6851 6852 6853
f 6540 6854 6855
f 6856 6857 6858
f 6859 6860 6861
f 6862 6863 6864
f 6550 6865 6866
f 6867 6868 6869
f 6870 6871 6872
f 6873 6874 6875
f 6876 6877 6878
f 6879 6880 6881
f 6882 6562 6883
f 6566 6884 6885
f 6886 6887 6888
f 6889 6890 6891
f 6892 6893 6894
f 6895 6896 6897
f 6898 6899 6900
f 6901 6902 6903
f 6904 6905 6906
f 6907 6908 6909
f 6910 6608 6911
f 6912 6913 6619
f 6914 6915 6916
f 6917 6918 6919
f 6920 6921 6922
f 6923 6924 6925
f 6926 6927 6928
f 6929 6930 6931
f 6932 6933 6934
f 6935 6936 6937
f 6938 6939 6940
f 6941 6942 6943
f 6944 6945 6946
f 6947 6948 6949
f 6950 6937 6951
f 6952 6953 6954
f 6955 6956 6957
f 6958 6959 6960
f 6961 6962 6963
f 6964 6965 6966
f 6967 6968 6969
f 6970 6971 6972
f 6973 6689 6974
f 6975 6976 6977
f 6978 6979 6980
f 6981 6982 6983
f 6984 6985 6986
f 6987 6988 6989
f 6990 6991 6992
f 6993 6994 6995
f 6996 6712 6997
f 6998 6999 7000
f 7001 7002 7003
f 7004 7005 7006
f 7007 7008 7009
f 7010 7011 7012
f 7013 7014 7015
f 7016 7017 7018
f 7019 7020 7021
f 7022 7023 7024
f 7025 7026 7027
f 7028 7029 7030
f 7031 7032 7033
f 7034 7035 7036
f 7037 7038 7039
f 6891 7040 7041
f 7042 7043 7044
f 7045 7046 7047
f 7048 7049 7050
f 7051 7052 7053
f 7054 7055 7056
f 7057 7058 7059
f 7060 7061 7062
f 6911 7063 7064
f 7065 7066 7067
f 7068 7069 7070
f 7071 7072 7073
f 7074 7075 7076
f 7077 7078 7079
f 7080 7081 7082
f 7083 7084 7085
f 6926 7086 7087
f 7088 7089 7090
f 7091 7092 7093
f 7094 7095 7096
f 7097 7098 6958
f 7099 7100 7101
f 7102 7103 7104
f 7105 7106 7107
f 7108 7109 7110
f 7111 7112 7113
f 6971 7114 6972
f 7115 7116 7117
f 7118 7119 6979
f 7120 7121 7015
f 7122 7123 7124
f 7125 7126 7127
f 7128 7129 7130
f 7131 7132 7133
f 7043 7134 7135
f 7136 7137 7138
f 7139 7140 7141
f 7142 7143 7144
f 7145 7146 7147
f 7148 7149 7150
f 7151 7152 7153
f 7154 7155 7156
f 7157 7158 7159
f 7160 7161 7162
f 7163 7164 7165
f 7166 7167 7072
f 7168 7169 7170
f 7171 7172 7173
f 7174 7175 7176
f 7177 7178 7179
f 7180 7181 7182
f 7089 7183 7184
f 7185 7186 7187
f 7188 7189 7190
f 7191 7192 7193
f 7194 7195 7196
f 7197 7198 7199
f 7200 7201 7202
f 7203 7204 7205
f 7206 7207 7208
f 7209 7210 7211
f 7212 7213 7214
f 7215 7216 7217
f 7218 7219 7220
f 7221 7222 7223
f 7224 7225 7226
f 7227 7228 7229
f 7230 7231 7232
f 7233 7234 7235
f 7236 7237 7238
f 7239 7240 7241
f 7242 7243 7244
f 7245 7246 7247
f 7248 7249 7250
f 7251 7252 7253
f 7254 7255 7256
f 7257 7258 7259
f 7260 7261 7262
f 7263 7264 7265
f 7266 7267 7268
f 7269 7270 7271
f 7272 7273 7274
f 7275 7276 7277
f 7186 7278 7279
f 7280 7281 7282
f 7283 7284 7285
f 7286 7287 7288
f 7289 7290 7192
f 7291 7292 7293
f 7294 7295 7296
f 7297 7210 7298
f 7299 7300 7301
f 7302 7303 7304
f 7305 7306 7307
f 7308 7309 7310
f 7311 7312 7224
f 7313 7314 7315
f 7316 7317 7318
f 7319 7320 7321
f 7322 7323 7324
f 7325 7326 7327
f 7328 7329 7330
f 7331 7332 7333
f 7334 7335 7336
f 7337 7338 7339
f 7340 7341 7342
f 7343 7344 7345
f 7346 7347 7348
f 7349 7350 7351
f 7352 7353 7354
f 7355 7356 7357
f 7358 7359 7360
f 7361 7362 7363
f 7364 7365 7366
f 7367 7368 7369
f 7370 7371 7372
f 7373 7374 7375
f 7294 7376 7295
f 7377 7378 7379
f 7380 7381 7382
f 7383 7384 7302
f 7385 7386 7387
f 7388 7389 7390
f 7391 7392 7393
f 7394 7395 7396
f 7397 7398 7399
f 7314 7400 7315
f 7401 7402 7403
f 7404 7405 7406
f 7407 7408 7409
f 7410 7411 7412
f 7413 7414 7415
f 7326 7416 7417
f 7330 7329 7418
f 7333 7419 7331
f 7420 7421 7422
f 7423 7424 7425
f 7426 7427 7428
f 7429 7430 7431
f 7432 7433 7434
f 7435 7436 7437
f 7438 7439 7350
f 7440 7441 7442
f 7443 7444 7445
f 7446 7447 7448
f 7363 7449 7450
f 7451 7452 7453
f 7454 7455 7456
f 7457 7458 7459
f 7460 7461 7462
f 7463 7464 7465
f 7466 7467 7468
f 7377 7469 7470
f 7471 7472 7473
f 7474 7475 7476
f 7477 7478 7479
f 7480 7481 7475
f 7482 7483 7484
f 7485 7486 7487
f 7488 7489 7490
f 7491 7492 7493
f 7391 7494 7495
f 7396 7395 7496
f 7497 7498 7499
f 7500 7501 7502
f 7503 7504 7505
f 7506 7507 7508
f 7509 7510 7511
f 7512 7513 7514
f 7515 7516 7517
f 7518 7519 7520
f 7521 7522 7523
f 7524 7525 7526
f 7527 7528 7521
f 7529 7530 7531
f 7532 7533 7534
f 7535 7536 7537
f 7538 7539 7540
f 7541 7542 7543
f 7544 7545 7546
f 7547 7548 7549
f 7431 7550 7551
f 7552 7553 7554
f 7555 7556 7557
f 7558 7559 7560
f 7561 7562 7563
f 7564 7565 7566
f 7567 7451 7568
f 7569 7570 7571
f 7572 7573 7574
f 7575 7576 7577
f 7578 7579 7580
f 7461 7581 7582
f 7583 7584 7585
f 7586 7587 7588
f 7589 7590 7591
f 7592 7593 7594
f 7595 7596 7597
f 7598 7599 7600
f 7601 7602 7603
f 7604 7605 7606
f 7607 7608 7609
f 7610 7611 7612
f 7613 7614 7615
f 7616 7617 7618
f 7504 7619 7620
f 7621 7622 7506
f 7623 7624 7625
f 7626 7627 7628
f 7629 7630 7631
f 7632 7633 7634
f 7635 7636 7637
f 7638 7639 7640
f 7641 7642 7643
f 7644 7645 7646
f 7647 7648 7649
f 7650 7651 7652
f 7653 7654 7655
f 7656 7657 7658
f 7659 7660 7661
f 7662 7663 7664
f 7665 7666 7667
f 7668 7669 7670
f 7671 7672 7673
f 7556 7674 7675
f 7560 7676 7677
f 7566 7678 7679
f 7680 7681 7682
f 7683 7684 7685
f 7686 7687 7688
f 7689 7690 7691
f 7692 7693 7694
f 7695 7696 7697
f 7698 7699 7700
f 7701 7702 7703
f 7704 7705 7706
f 7707 7708 7709
f 7710 7711 7712
f 7713 7714 7715
f 7716 7717 7718
f 7719 7720 7721
f 7722 7723 7724
f 7614 7725 7726
f 7727 7728 7729
f 7730 7731 7732
f 7733 7734 7735
f 7736 7737 7738
f 7739 7740 7741
f 7742 7743 7744
f 7745 7746 7747
f 7748 7749 7750
f 7751 7752 7753
f 7754 7755 7756
f 7757 7758 7759
f 7760 7761 7762
f 7763 7764 7765
f 7766 7767 7768
f 7769 7770 7771
f 7772 7773 7774
f 7775 7776 7777
f 7778 7779 7780
f 7781 7782 7783
f 7784 7785 7786
f 7787 7788 7789
f 7790 7789 7791
f 7778 7792 7793
f 7794 7795 7796
f 7797 7798 7799
f 7800 7801 7802
f 7803 7804 7805
f 7806 7807 7808
f 7809 7810 7811
f 7812 7813 7814
f 7815 7816 7817
f 7818 7819 7820
f 7814 7821 7822
f 7823 7824 7825
f 7826 7827 7828
f 7829 7830 7831
f 7827 7832 7828
f 7833 7834 7835
f 7836 7837 7838
f 7839 7840 7841
f 7842 7843 7844
f 7845 7846 7847
f 7848 7849 7850
f 7851 7852 7853
f 7854 7855 7856
f 7857 7858 7648
f 7859 7649 7860
f 7861 7862 7863
f 7864 7865 7866
f 7867 7868 7869
f 7870 7871 7872
f 7873 7874 7875
f 7876 7877 7878
f 7879 7880 7881
f 7882 7883 7884
f 7885 7886 7887
f 7888 7889 7890
f 7678 7891 7892
f 7893 7894 7895
f 7896 7897 7891
f 7898 7899 7900
f 7901 7902 7903
f 7904 7905 7906
f 7907 7908 7909
f 7687 7910 7911
f 7912 7913 7914
f 7915 7916 7917
f 7918 7919 7699
f 7920 7921 7702
f 7704 7922 7705
f 7923 7924 7708
f 7925 7926 7711
f 7713 7927 7714
f 7928 7929 7930
f 7931 7932 7719
f 7933 7934 7935
f 7936 7937 7938
f 7939 7940 7941
f 7942 7943 7944
f 7945 7946 7947
f 7738 7948 7949
f 7950 7951 7952
f 7953 7954 7955
f 7956 7957 7958
f 7959 7960 7961
f 7962 7963 7964
f 7965 7966 7967
f 7968 7969 7970
f 7971 7972 7973
f 7974 7975 7976
f 7977 7978 7979
f 7980 7981 7982
f 7983 7751 7753
f 7984 7985 7986
f 7765 7987 7988
f 7989 7990 7991
f 7992 7993 7994
f 7995 7996 7997
f 7998 7999 8000
f 8001 8002 8003
f 8004 8005 8006
f 8007 8008 8009
f 8010 8011 8012
f 8013 6888 8014
f 8015 8016 8017
f 8018 8019 8020
f 6720 8021 8022
f 8023 8024 8025
f 6721 8026 8027
f 8028 8029 8030
f 8031 8032 8033
f 8034 8035 8036
f 6740 8037 8038
f 8039 8040 6744
f 8041 8042 8043
f 8042 8044 8045
f 8046 8047 6750
f 8048 8049 8050
f 8051 8052 8053
f 8054 8055 8056
f 8057 8058 8059
f 8060 8061 8062
f 8063 8064 8065
f 8066 8067 8068
f 6772 6771 8069
f 6774 8070 8071
f 8072 8073 8074
f 8075 8076 8077
f 8078 8079 8080
f 8081 8082 8083
f 8084 8085 8086
f 8087 8088 8089
f 8090 8091 8092
f 6795 8093 8094
f 8095 8096 8097
f 6800 8098 8099
f 8100 8101 8102
f 8103 8104 6806
f 8105 8106 8107
f 8108 8109 8110
f 8111 8112 8113
f 8114 8115 8116
f 8117 8118 8119
f 8120 8121 8122
f 8123 8124 8125
f 8126 8127 8128
f 8129 8130 8131
f 8132 8133 8134
f 8135 8136 8137
f 8138 8139 8140
f 8141 8142 8143
f 8144 8145 8146
f 8147 8148 8149
f 8150 8151 8152
f 8153 8154 8155
f 6469 6468 8156
f 6472 8157 8158
f 8159 8160 6474
f 8161 8162 8163
f 8164 8165 8166
f 6480 8167 8168
f 8169 8170 8171
f 8172 8173 8174
f 8175 8176 8177
f 8178 8179 6491
f 6494 8180 8181
f 8182 8183 8184
f 8185 8186 8187
f 8188 8189 8120
f 8190 8191 6819
f 8192 8193 8194
f 8195 8196 8197
f 8198 8199 8200
f 8201 8202 6829
f 8203 8204 8205
f 8206 8207 8208
f 8209 8210 8211
f 8212 8213 8214
f 8215 8216 8217
f 6842 8218 8219
f 6844 8220 8221
f 8222 8223 8224
f 8225 8226 8227
f 8228 8229 8230
f 8231 8232 8233
f 8234 8235 8236
f 8237 8238 8239
f 8240 8241 8242
f 8243 8244 8245
f 8246 8247 8248
f 8249 8250 8251
f 8252 8253 8254
f 8255 8256 8257
f 8258 8259 8260
f 8261 8262 6859
f 8263 8264 8265
f 8266 8267 8268
f 8269 8270 8271
f 8272 8273 8274
f 8275 8276 8277
f 8278 8279 8280
f 8281 8282 8283
f 8284 8285 8286
f 8287 8288 8289
f 8290 8291 8292
f 8293 8294 8295
f 8296 8297 8298
f 8299 8300 8301
f 8302 8303 8304
f 8305 8306 8307
f 8308 8309 8310
f 8311 8312 8313
f 8314 8315 8316
f 8317 8318 8319
f 8320 8321 8322
f 8323 8324 8325
f 8326 8327 8328
f 8329 8330 8331
f 8332 8333 8334
f 8335 8336 8337
f 8338 8339 8340
f 7862 8341 8342
f 7865 8343 8344
f 8345 8346 8347
f 8348 8349 8350
f 8351 8352 8353
f 8354 8355 8356
f 8357 8358 8359
f 8360 8361 8362
f 8363 8364 8365
f 8366 8367 8368
f 8369 8370 8371
f 8372 8373 8374
f 8375 8376 8377
f 8378 8379 8380
f 8381 8382 8383
f 8384 8385 8386
f 8387 8388 8389
f 8390 8391 8392
f 7924 8393 8394
f 8395 7927 8396
f 8397 8398 8399
f 8400 8401 8402
f 8403 8404 8405
f 8406 8407 8408
f 8409 8410 8411
f 8412 8413 7940
f 8414 8415 8416
f 8417 8418 8419
f 8420 8421 8422
f 8423 8424 8425
f 8426 8427 8428
f 8429 8430 8431
f 8432 8433 8434
f 8435 8436 8437
f 8438 8439 8440
f 8441 8442 8443
f 8444 8445 8446
f 8447 8448 8449
f 8450 8451 8452
f 8439 8453 8454
f 8455 8456 8457
f 8458 7978 8459
f 8460 8461 8462
f 8463 8464 8465
f 8466 8467 8468
f 8469 8030 8470
f 8471 8472 8473
f 8474 8475 8476
f 8477 8478 8479
f 8480 8481 8482
f 8483 7986 8484
f 8485 8486 8487
f 8488 8489 8490
f 8491 8492 8493
f 8494 8495 8496
f 8497 8498 8499
f 8500 8501 8502
f 8503 8504 8505
f 8005 8506 8507
f 8508 8024 8023
f 8509 8510 8511
f 8512 8513 8514
f 8515 8516 8517
f 8518 8519 8520
f 8481 8480 8521
f 8522 8523 8524
f 8525 8526 8527
f 8528 8529 8530
f 8531 8532 8533
f 8534 8535 8536
f 8537 8538 8539
f 8540 8541 8542
f 8543 8544 8545
f 8546 8547 8548
f 8549 8550 8551
f 8552 8553 8554
f 8555 8556 8557
f 8558 8559 8560
f 8561 8562 8563
f 8564 8565 8566
f 8567 8568 8569
f 8570 8571 8572
f 8571 8573 8574
f 8575 8576 8577
f 8578 8579 8580
f 8581 8582 8583
f 8584 8585 8586
f 8587 8588 8589
f 8590 8591 8592
f 8593 8594 8595
f 8596 8597 8598
f 8599 8600 8601
f 8602 8603 8604
f 8570 8605 8571
f 8606 8607 8579
f 8608 8609 8610
f 8611 8612 8552
f 8613 8614 8615
f 8616 8617 8618
f 8619 8620 8621
f 8622 8623 8624
f 8621 8625 8626
f 8627 8628 8629
f 8630 8631 8632
f 8633 8560 8559
f 8548 8541 8546
f 8634 8543 8635
f 8636 8637 8481
f 8638 8639 8640
f 8641 8642 8643
f 8644 8645 8646
f 8647 7991 8648
f 8649 8642 8641
f 8650 8651 8652
f 8653 8654 8655
f 8656 8657 8658
f 8036 8035 8659
f 8660 8661 8662
f 8663 8664 8665
f 8666 8667 8668
f 8669 8670 8671
f 8672 8673 8674
f 8675 8676 8677
f 8678 8679 8063
f 8680 8681 8682
f 8683 8684 8685
f 8686 8687 8688
f 8689 8690 8691
f 8692 8693 8694
f 8695 8696 8697
f 8674 8698 8699
f 8700 8701 8685
f 8702 8703 8704
f 8705 8706 8707
f 8708 8709 8710
f 8711 8712 8713
f 8714 8715 8074
f 8077 8716 8717
f 8718 8719 8720
f 8721 8722 8723
f 8724 8725 8726
f 8727 8728 8088
f 8729 8730 8731
f 8732 8733 8734
f 8735 8736 8737
f 8738 8739 8740
f 8741 8742 8743
f 8744 8745 8746
f 8747 8748 8749
f 8750 8751 8752
f 8753 8754 8755
f 8756 8757 8758
f 8759 8760 8761
f 8762 8763 8764
f 8765 8766 8767
f 8768 8769 8770
f 8771 8772 8773
f 8774 8775 8776
f 8777 8778 8779
f 8780 8781 8782
f 8783 8784 8785
f 8786 8787 8788
f 8789 8790 8791
f 8792 8793 8794
f 8795 8796 8164
f 8797 8166 8798
f 8799 8800 8801
f 8802 8803 8804
f 8805 8806 8807
f 8808 8809 8810
f 8811 8812 8813
f 8814 8815 8816
f 8193 8817 8818
f 8819 8820 8821
f 8196 8822 8823
f 8824 8825 8826
f 8827 8828 8829
f 8830 8831 8832
f 8833 8834 8835
f 8836 8837 8838
f 8839 8840 8210
f 8841 8842 8843
f 8844 8845 8216
f 8846 8847 8848
f 8849 8850 8851
f 8852 8853 8854
f 8855 8856 8857
f 8858 8859 8860
f 8861 8862 8863
f 8864 8865 8866
f 8867 8868 8869
f 8870 8871 8872
f 8873 8233 8874
f 8875 8876 8877
f 8878 8879 8880
f 8881 8882 8883
f 8237 8239 8884
f 8244 8885 8886
f 8887 8888 8889
f 8890 8891 8892
f 8893 8894 8895
f 8896 8897 8270
f 8898 8899 8900
f 8273 8901 8902
f 8903 8904 8905
f 8906 8907 8908
f 8909 8910 8911
f 8912 8913 8914
f 8915 8916 8917
f 8918 8919 8920
f 8921 8922 8923
f 8924 8925 8926
f 8927 8928 8929
f 8930 8931 8932
f 8307 8306 8933
f 8934 8935 8936
f 8937 8938 8939
f 8940 8941 8942
f 8943 8944 8945
f 8946 8947 8948
f 8949 8950 8951
f 8952 8953 8954
f 8955 8956 8957
f 8958 8959 8960
f 8961 8962 8963
f 8964 8965 8966
f 8967 8968 8969
f 8970 8971 8972
f 8973 8974 8975
f 8976 8977 8978
f 8979 8980 8981
f 8982 8983 8984
f 8985 8986 8987
f 8988 8989 8990
f 8991 8992 8993
f 8994 8995 8996
f 8997 8998 8999
f 9000 9001 9002
f 9003 9004 9005
f 9006 9007 9008
f 9009 9010 8382
f 9011 9012 9013
f 9014 9015 9016
f 9017 9018 9019
f 9020 9021 8388
f 9022 9023 9024
f 9025 9026 9027
f 9028 9029 8398
f 9030 9031 9032
f 9033 9034 9035
f 9036 9037 9038
f 9039 9040 9041
f 9042 9043 9044
f 9045 9046 9047
f 9048 9049 9050
f 9051 9052 9053
f 9054 9055 9056
f 9057 9058 9059
f 9060 9061 9062
f 8430 9063 9064
f 9065 9066 9067
f 9068 9069 9070
f 9071 9072 8434
f 9073 9074 9075
f 9076 9077 9078
f 9079 9080 9081
f 9082 9083 9084
f 9085 9086 9087
f 9088 9089 9090
f 9091 9092 9093
f 9094 9095 9096
f 9097 9098 9099
f 9100 9101 9102
f 9103 9104 9105
f 9106 9107 9108
f 9109 9110 9111
f 9112 9113 9114
f 9115 9116 9117
f 9118 9119 9120
f 9121 9122 9123
f 8720 9124 9125
f 9126 9127 9128
f 9129 9130 9131
f 9132 9133 9134
f 9135 9136 9137
f 9138 9139 8733
f 9140 9141 9142
f 9143 9144 8736
f 8739 9145 9146
f 8741 8743 9147
f 9148 9149 9150
f 9151 9152 9153
f 8752 8751 9154
f 9155 9156 9157
f 9158 9159 9160
f 8757 9161 9162
f 9163 9164 9165
f 9166 9167 9168
f 9169 9170 9171
f 9172 9173 9174
f 9175 9176 9177
f 9178 9179 9180
f 9181 9182 9183
f 8779 9184 9185
f 8784 9186 9187
f 9188 9189 9190
f 9191 9192 9193
f 9194 9195 9196
f 9197 9198 9199
f 9200 9201 9202
f 9203 9204 9205
f 9206 9207 9208
f 9209 9210 9211
f 9212 9213 9214
f 9215 9216 9217
f 9218 9219 9220
f 9221 9222 9223
f 9224 9225 9226
f 9227 9228 9229
f 9230 9231 9232
f 9233 9234 8824
f 9235 9236 9237
f 9238 9239 9240
f 9241 9242 9243
f 9244 9245 9246
f 8835 9247 9248
f 9249 9250 9251
f 9252 9253 9254
f 9255 9256 9257
f 9258 9259 9260
f 9261 9262 9263
f 9264 9265 9266
f 9267 9268 9269
f 9270 9271 9272
f 9273 9274 9275
f 9276 9277 9278
f 9279 9280 9281
f 8847 9282 9283
f 9284 9285 9286
f 9287 9288 9289
f 9290 9291 9292
f 9293 9294 9295
f 9296 9297 9298
f 9299 9300 9301
f 8869 9302 9303
f 9304 9305 9306
f 9307 9308 9309
f 9310 9311 9312
f 9313 9314 8876
f 9315 9316 9317
f 9318 9319 9320
f 9321 9322 9323
f 9324 9325 9326
f 9327 9328 9329
f 8892 8891 9330
f 9331 9332 9333
f 9334 9335 9336
f 9337 9338 9339
f 9340 9341 8918
f 9342 9343 9344
f 9345 9346 9347
f 9348 9349 9350
f 9351 9352 9353
f 9354 9355 9356
f 9357 9358 9359
f 9360 9361 9362
f 9363 9364 9365
f 9366 9367 9368
f 9369 9370 9371
f 9372 9373 9374
f 9375 9376 9377
f 9378 9377 9379
f 9380 9381 9382
f 9383 9384 9385
f 9386 9387 9388
f 9389 9390 9391
f 9392 9393 9394
f 9395 9396 9397
f 9398 9399 9400
f 9401 9402 9403
f 9404 9405 9406
f 9407 9408 9409
f 9410 9411 9412
f 9413 9414 9415
f 9416 9417 9418
f 9419 9420 9421
f 9422 9423 9424
f 9425 9426 9427
f 9428 9429 9430
f 9431 9432 9433
f 9434 9435 9436
f 9437 9438 9439
f 9440 9015 9014
f 9441 9442 9443
f 9018 9444 9445
f 9446 9447 9023
f 9448 9449 9450
f 9451 9452 9453
f 9443 9454 9455
f 9456 9442 9457
f 9458 9459 9460
f 9461 9462 9463
f 9464 9465 9466
f 9467 9468 9469
f 9470 9471 9472
f 9473 9474 9475
f 9476 9477 9478
f 9031 9479 9480
f 9481 9482 9483
f 9484 9035 9034
f 9485 9486 9487
f 9488 9489 9490
f 9491 9482 9492
f 9493 9494 9495
f 9496 9497 9498
f 9499 9500 9501
f 9502 9503 9504
f 9505 9506 9507
f 9508 9509 9510
f 9511 9512 9513
f 9514 9515 9516
f 9517 9518 9519
f 9520 9521 9522
f 9523 9524 9525
f 9526 9527 9528
f 9529 9530 9531
f 9532 9533 9534
f 9535 9536 9338
f 9537 9538 9539
f 9540 9541 9542
f 9543 9544 9545
f 9546 9547 9548
f 9549 9550 9551
f 9552 9553 9554
f 9555 9556 9557
f 9558 9559 9560
f 9561 9562 9563
f 9564 9565 9566
f 9567 9568 9569
f 9570 9571 9572
f 9573 9574 9575
f 9576 9577 9578
f 9579 9580 9581
f 9579 9582 9583
f 9584 9585 9586
f 9587 9588 9589
f 9590 9591 9582
f 9592 9593 9594
f 9595 9596 9597
f 9598 9599 9600
f 9601 9602 9603
f 9604 9605 9606
f 9607 9608 9609
f 9610 9611 9558
f 9612 9613 9614
f 9612 9615 9616
f 9617 9618 9619
f 9620 9621 9622
f 9623 9624 9625
f 9626 9627 9628
f 9629 9630 9631
f 9371 9632 9633
f 9634 9635 9636
f 9637 9638 9639
f 9640 9641 9642
f 9643 9644 9645
f 9646 9647 9648
f 9649 9650 9651
f 9390 9652 9391
f 9394 9653 9654
f 9396 9655 9656
f 9657 9658 9659
f 9660 9661 9662
f 9663 9664 9665
f 9666 9667 9668
f 9412 9669 9670
f 9671 9672 9673
f 9674 9675 9676
f 9677 9678 9679
f 9680 9681 9682
f 9465 9683 9684
f 9685 9686 9687
f 9688 9689 9478
f 9690 9691 9476
f 9692 9693 9694
f 9693 9695 9696
f 9697 9698 9494
f 9699 9700 9701
f 9702 9703 9704
f 9705 9706 9500
f 9707 9708 9709
f 9710 9711 9712
f 9713 9714 9715
f 9716 9717 9718
f 9719 9720 9721
f 9722 9723 9724
f 9725 9726 9727
f 9728 9729 9730
f 9731 9732 9733
f 9734 9735 9736
f 9737 9738 9739
f 9740 9741 9742
f 9743 9744 9745
f 9746 9747 9748
f 9749 9750 9538
f 9751 9752 9753
f 9754 9546 9548
f 9755 9756 9757
f 9758 9759 9760
f 9761 9762 9763
f 9764 9765 9766
f 9767 9768 9769
f 9770 9771 9772
f 9773 9774 9775
f 9776 9777 9778
f 9779 9780 9781
f 9782 9783 9784
f 9785 9786 9787
f 9788 9789 9790
f 9791 9792 9793
f 9794 9795 9796
f 9078 9797 9798
f 9799 9800 9801
f 9802 9803 9804
f 9805 9806 9807
f 9808 9809 9810
f 9811 9812 9813
f 9814 9815 9816
f 9817 9818 9819
f 9820 9821 9822
f 9823 9824 9825
f 9826 9827 9828
f 9829 9830 9831
f 9832 9833 9834
f 9835 9836 9837
f 9838 9839 9840
f 9841 9842 9843
f 9844 9845 9846
f 9847 9848 9849
f 9850 9851 9852
f 9853 9854 9855
f 9856 9857 9858
f 9859 9860 9861
f 9862 9863 9864
f 9865 9866 9867
f 9868 9869 9136
f 9870 9871 9872
f 9873 9874 9875
f 9876 9877 9878
f 9879 9880 9881
f 9882 9883 9884
f 9885 9886 9887
f 9888 9889 9890
f 9891 9892 9893
f 9894 9895 9896
f 9897 9898 9899
f 9900 9901 9902
f 9903 9904 9905
f 9906 9907 9908
f 9909 9910 9911
f 9912 9913 9914
f 9915 9916 9917
f 9918 9919 9920
f 9180 9921 9922
f 9923 9924 9925
f 9926 9927 9928
f 9929 9930 9931
f 9932 9933 9189
f 9934 9935 9936
f 9937 9938 9939
f 9940 9941 9942
f 9198 9943 9944
f 9945 9946 9947
f 9948 9949 9950
f 9951 9952 9953
f 9954 9955 9956
f 9957 9958 9212
f 9959 9960 9961
f 9962 9963 9219
f 9964 9965 9966
f 9967 9968 9969
f 9970 9971 9972
f 9973 9974 9975
f 9976 9977 9978
f 9979 9980 9981
f 9982 9983 9984
f 9985 9986 9987
f 9988 9989 9990
f 9991 9992 9993
f 9994 9995 9996
f 9997 9998 9999
f 10000 10001 10002
f 10003 10004 10005
f 10006 10007 10008
f 10009 10010 10011
f 10012 10013 10014
f 10015 10016 10017
f 10018 10019 10020
f 10020 10021 10015
f 10022 10023 9281
f 10024 10025 10026
f 10027 10028 10029
f 9288 10030 10031
f 9291 10032 10033
f 10034 10035 10036
f 10037 10038 10039
f 10040 10041 10042
f 10043 10044 10045
f 10046 10047 10048
f 10049 10050 10051
f 10052 10053 10054
f 10055 10056 10057
f 10058 10059 10060
f 10061 10062 10063
f 10064 10065 10066
f 10067 10068 10069
f 10070 10071 10072
f 10073 10074 10075
f 10076 10077 10078
f 10079 10080 10081
f 10082 10083 10084
f 10085 10086 10087
f 10088 10089 10090
f 10091 10092 10093
f 10094 10095 10096
f 9620 10097 10098
f 10099 10100 10101
f 10102 9624 10103
f 10104 10105 10106
f 10107 10108 10109
f 10110 10111 10112
f 10113 10114 10115
f 10116 10117 10118
f 10119 10120 10121
f 10122 10123 10124
f 10125 10126 10127
f 10128 10129 10130
f 10131 10132 10133
f 10134 10135 10136
f 10137 10138 10139
f 10140 10141 10142
f 10143 10144 10145
f 10146 10147 10148
f 10149 10150 10151
f 10152 10153 10154
f 10155 10156 10157
f 10158 10159 10160
f 10161 10162 10163
f 10163 10162 10164
f 10165 10166 10167
f 10168 10169 10170
f 10171 10172 10173
f 10174 10175 10176
f 10177 10178 10179
f 9705 10180 10181
f 10182 10183 10184
f 10185 10186 10187
f 9708 10188 10189
f 10190 10191 10192
f 10193 10194 10195
f 9718 10196 10197
f 10198 10199 10200
f 10201 10202 10203
f 10204 10205 10206
f 10207 10198 10208
f 10209 10210 10211
f 10212 10213 10214
f 10215 10216 10217
f 10218 10219 10220
f 9753 9752 10221
f 10222 10223 10224
f 10225 10226 10227
f 10228 10229 10230
f 10224 10223 10226
f 10231 10232 10233
f 9758 10234 10235
f 10236 10237 10238
f 10239 10240 10241
f 10242 9768 10243
f 10244 10245 10246
f 10247 10248 10249
f 10250 10251 10252
f 10253 10254 10255
f 10256 10257 10258
f 10259 10260 10261
f 10262 10263 10264
f 10265 10266 10267
f 10268 10269 10270
f 9780 10271 10272
f 10273 10274 10275
f 10276 10277 10278
f 10279 10280 10281
f 10282 10283 10284
f 10285 10286 10287
f 10288 10289 10290
f 10291 10292 10293
f 10294 10295 10296
f 9838 10297 10298
f 10299 10300 10301
f 10302 10303 10304
f 10305 10256 10258
f 10306 10307 10308
f 10309 10310 10311
f 10035 10312 10313
f 10314 10315 10316
f 9841 10317 10318
f 10319 10320 10321
f 10322 10323 10324
f 10325 10326 10327
f 10328 10329 10330
f 10331 10332 10333
f 10334 10335 10336
f 10337 10338 10339
f 10340 10341 10342
f 10343 10344 10345
f 10346 10347 10348
f 10349 10350 10351
f 10352 10353 10354
f 10355 10356 10357
f 10358 10359 10360
f 10361 10362 10363
f 10364 10365 10366
f 10356 10367 10368
f 10369 10370 10371
f 10372 10373 10374
f 10375 10376 10377
f 10378 10379 10380
f 10381 10382 10383
f 10384 10385 10386
f 10387 10388 10389
f 10390 10391 10392
f 10393 10394 10395
f 10396 10397 10398
f 10353 10399 10378
f 10349 10400 10350
f 10401 10402 10403
f 10404 10405 10406
f 10407 10003 10408
f 10409 10410 10411
f 10412 10413 10414
f 10415 10416 10417
f 10418 10419 10420
f 10421 10413 10412
f 10422 10423 10424
f 10425 10426 10427
f 10428 10429 10430
f 10431 10432 10433
f 10434 10435 10436
f 10437 10438 10439
f 10440 10441 10442
f 10443 10444 10445
f 10025 10446 10447
f 10448 10449 10450
f 10451 10452 10453
f 10454 10455 10456
f 10457 10458 10459
f 10460 10461 10462
f 10463 10464 10465
f 10466 10467 10468
f 10469 10470 10471
f 10472 10473 10474
f 10475 10476 10477
f 10478 10479 10480
f 10481 10482 10483
f 10484 10485 10486
f 10487 10488 10489
f 10490 10491 10436
f 10492 10493 10494
f 10495 10496 10497
f 10498 10499 10500
f 10501 10502 10503
f 10504 10505 10506
f 10449 10507 10508
f 10509 10510 10511
f 10512 10513 10453
f 10514 10515 10516
f 10517 10518 10458
f 10462 10519 10520
f 10521 10522 10523
f 10524 10525 10526
f 10527 10528 10529
f 10530 10531 10532
f 10498 10533 10534
f 10535 10496 10495
f 10536 10537 10538
f 10539 10540 10541
f 10542 10543 10544
f 10545 10546 10547
f 10548 10549 10550
f 10551 10545 10552
f 10553 10554 10555
f 10556 10557 10553
f 10558 10559 10560
f 10561 10562 10563
f 10564 10565 10566
f 10567 10568 10569
f 10570 10571 10572
f 10573 10574 10575
f 10576 10577 10578
f 10579 10580 10581
f 10582 10583 10584
f 10585 10586 10587
f 10588 10589 10590
f 10591 10592 10593
f 10594 10595 10596
f 10597 10598 10599
f 10600 10601 10602
f 10603 10604 10605
f 10606 10607 10608
f 10609 10610 10611
f 9976 10612 9977
f 10613 10614 10615
f 10616 10617 10618
f 10619 10620 10621
f 10622 9905 10623
f 10624 10625 10626
f 10627 10628 10629
f 10630 10631 10632
f 10633 10634 10635
f 10636 10637 10638
f 10639 10640 10641
f 10642 10643 9934
f 10644 10645 10646
f 10647 10648 9941
f 10649 10650 10651
f 10652 10653 10654
f 10655 10656 9946
f 10657 10658 10659
f 10660 10661 10662
f 10663 10664 10665
f 10666 10667 10668
f 10669 10670 10671
f 9965 10672 10673
f 10674 10675 10676
f 10677 10678 10679
f 9972 10680 10681
f 10682 10683 10684
f 10685 10686 10687
f 10688 10689 10690
f 10691 10692 10693
f 10694 10695 10696
f 10697 10698 10699
f 10700 10701 10702
f 10703 10704 10705
f 10706 10707 10708
f 10709 10710 10711
f 10710 10712 10713
f 10714 10715 10716
f 10717 10718 10719
f 10720 10721 10722
f 10723 10724 10725
f 10724 10726 10727
f 10728 10729 10730
f 10731 10732 10733
f 10734 10735 10736
f 10737 10738 10739
f 10577 10740 10741
f 10742 10743 10744
f 10745 10746 10747
f 10588 10590 10748
f 10749 10750 10751
f 10752 10753 10754
f 10755 10756 10757
f 10758 10759 10760
f 10761 10762 10763
f 10764 10765 10766
f 10767 10768 10769
f 10770 10771 10772
f 10773 10774 10775
f 10776 10777 10778
f 10779 10780 10781
f 10782 10783 10784
f 10785 10786 10787
f 10788 10789 10790
f 10621 10791 10792
f 10793 10794 10795
f 10796 10797 10798
f 10799 10790 10800
f 10801 10802 10803
f 10804 10805 10806
f 10807 10808 10809
f 10810 10811 10812
f 10813 10814 10815
f 10816 10817 10818
f 10819 10820 10821
f 10822 10823 10824
f 10825 10826 10827
f 10828 10829 10830
f 10831 10832 10833
f 10834 10835 10836
f 10837 10838 10839
f 10840 10841 10842
f 10843 10844 10845
f 10846 10847 10848
f 10849 10850 10851
f 10852 10853 10854
f 10855 10856 10857
f 10858 10859 10860
f 10861 10862 10863
f 10864 10865 10866
f 10867 10868 10869
f 10870 10871 10872
f 10873 10874 10875
f 10876 10877 10878
f 10879 10880 10881
f 10736 10735 10882
f 10883 10884 10885
f 10886 10887 10888
f 10889 10890 10746
f 10891 10892 10893
f 10894 10895 10896
f 10897 10898 10899
f 10900 10901 10902
f 10903 10751 10904
f 10905 10902 10906
f 10907 10908 10909
f 10910 10911 10765
f 10912 10913 10914
f 10915 10916 10917
f 10918 10919 10920
f 10921 10922 10923
f 10924 10925 10926
f 10774 10927 10919
f 10780 10928 10929
f 10930 10779 10781
f 10931 10932 10933
f 10934 10935 10936
f 10937 10938 10939
f 10802 10940 10941
f 10942 10943 10944
f 10945 10946 10947
f 10948 10949 10950
f 10951 10952 10953
f 10813 10954 10955
f 10956 10957 10825
f 10958 10959 10960
f 10961 10962 10963
f 10830 10829 10964
f 10965 10966 10967
f 10968 10969 10970
f 10971 10972 10973
f 10974 10975 10976
f 10977 10978 10979
f 10843 10980 10981
f 10982 10983 10984
f 10985 10986 10987
f 10850 10988 10989
f 10990 10991 10992
f 10993 10994 10995
f 10996 10997 10998
f 10995 10999 11000
f 11001 11002 11003
f 11004 11005 10862
f 11006 11007 11008
f 11009 11010 11011
f 11012 11013 11014
f 11015 11016 11017
f 11018 11019 11020
f 11021 11022 11023
f 11024 11025 11026
f 11027 11028 11029
f 11030 11031 11032
f 10877 11033 11034
f 11035 11036 11037
f 11038 11039 11040
f 11041 11042 11043
f 11044 11045 11046
f 11047 11048 11049
f 11050 11051 11052
f 11053 11054 11055
f 11056 11057 11058
f 11059 11060 11061
f 11062 11063 11064
f 11065 11066 11067
f 11068 11069 11070
f 11071 11072 11073
f 11074 11075 11076
f 11077 11078 11079
f 11080 11081 11082
f 11083 11084 11085
f 11086 11087 11088
f 11089 11090 11091
f 11092 11093 11094
f 11095 11096 11097
f 11089 11091 11094
f 10944 11098 11099
f 11100 11101 11102
f 11095 11097 11103
f 11104 11105 11106
f 11107 11108 11109
f 11110 11111 11112
f 10971 11113 10972
f 11114 11115 11116
f 11117 11118 11119
f 11120 11121 11122
f 11123 11124 11125
f 11126 11127 11128
f 11129 11130 11131
f 11132 11133 11134
f 11135 11136 11137
f 11138 11139 11140
f 11141 11142 11143
f 11144 11145 11146
f 11147 11148 11149
f 11150 11151 11152
f 11153 11154 11155
f 11156 11157 11001
f 11158 11159 11160
f 11161 11162 11163
f 11164 11165 11166
f 11167 11168 11169
f 11170 11171 11172
f 11173 11174 11175
f 11176 11177 11178
f 11028 11179 11180
f 11181 11182 11183
f 11184 11185 11186
f 11187 11188 11189
f 11190 11191 11192
f 11193 11194 11195
f 11196 11197 11198
f 11199 11200 11201
f 11202 11203 11204
f 11205 11206 11207
f 11208 11209 11210
f 11211 11212 11213
f 11214 11215 11216
f 11217 11218 11219
f 11220 11221 11222
f 11223 11224 11225
f 11218 11226 11219
f 11227 11228 11229
f 11230 11231 11232
f 11233 11234 11235
f 11236 11237 11238
f 11239 11240 11241
f 11242 11243 11244
f 11245 11246 11247
f 11248 11249 11250
f 11251 11252 11253
f 11254 11255 11256
f 11085 11257 11258
f 11259 11260 11261
f 11262 11263 11264
f 11265 11266 11267
f 11268 11269 11270
f 11271 11272 11273
f 11274 11275 11276
f 11117 11277 11278
f 11279 11280 11281
f 11282 11283 11284
f 11285 11286 11287
f 11288 11289 11290
f 11291 11292 11293
f 11294 11295 11296
f 11297 11298 11299
f 11144 11300 11301
f 11302 11303 11304
f 11305 11306 11307
f 11308 11309 11147
f 11310 11311 11312
f 11313 11314 11315
f 11316 11317 11159
f 11318 11319 11320
f 11321 11322 11323
f 11324 11325 11166
f 11326 11327 11328
f 11329 11330 11331
f 11332 11333 11334
f 11335 11336 11337
f 11338 11339 11340
f 11341 11342 11343
f 11344 11345 11346
f 11347 11348 11178
f 11349 11350 11351
f 11352 11353 11183
f 11354 11355 11356
f 11357 11358 11359
f 11360 11361 11362
f 11363 11364 11365
f 11366 11367 11368
f 11195 11369 11370
f 11371 11372 11373
f 11374 11375 11376
f 11377 11378 11379
f 11380 11381 11382
f 11383 11384 11385
f 11386 11387 11388
f 11389 11390 11391
f 11392 11393 11394
f 11395 11396 11397
f 11398 11399 11400
f 11401 11402 11403
f 11404 11405 11406
f 11407 11408 11409
f 11262 11410 11263
f 11266 11411 11269
f 11412 11413 11414
f 11415 11272 11416
f 11417 11418 11419
f 11420 11421 11422
f 11423 11424 11425
f 11426 11427 11428
f 11429 11430 11431
f 11432 11433 11434
f 11292 11435 11436
f 11437 11438 11439
f 11440 11441 11442
f 11443 11444 11445
f 11446 11447 11448
f 11449 11450 11451
f 11452 11453 11454
f 11455 11456 11457
f 11458 11459 11460
f 11461 11462 11327
f 11463 11464 11465
f 11330 11466 11467
f 11468 11469 11470
f 11471 11472 11473
f 11474 11475 11476
f 11477 11478 11479
f 11480 11481 11482
f 11483 11484 11485
f 11486 11487 11488
f 11489 11490 11491
f 11492 10132 11493
f 11494 11495 11496
f 11497 11498 10138
f 11499 11500 11501
f 11502 11503 11504
f 10145 11505 11506
f 11507 11508 11509
f 11510 11511 11512
f 11513 11514 11515
f 10157 11516 11517
f 11518 11519 11520
f 11521 11522 11523
f 11524 11525 11526
f 11527 11528 11529
f 11530 11531 11532
f 11533 11534 11535
f 11536 11537 10183
f 11538 11539 11540
f 11541 11542 11543
f 11544 11545 11546
f 11547 11548 11549
f 11550 11551 11552
f 11553 11554 11555
f 11556 11557 11558
f 10238 11559 11560
f 11561 11562 11563
f 11564 11565 11566
f 11567 11568 11569
f 11570 11571 11572
f 11573 11574 11575
f 11576 11577 11578
f 11579 11580 11581
f 11582 11583 11584
f 11585 11586 11587
f 11588 11589 11590
f 11591 11592 11593
f 11594 10050 11595
f 11596 11597 11598
f 11599 11600 11601
f 11602 11603 11604
f 11605 11606 11607
f 10063 11608 11609
f 10065 11610 11611
f 10068 11612 11613
f 11614 11615 11616
f 11617 11618 10083
f 11619 11620 11621
f 11622 11623 11624
f 11625 11626 11627
f 11628 11629 11630
f 11631 11632 11633
f 11634 11635 11636
f 11637 11638 11639
f 11640 11641 11642
f 11643 11644 11645
f 11646 11647 11648
f 11649 11650 11651
f 11652 11653 11654
f 11655 11656 11657
f 11658 11659 11660
f 11661 11662 11663
f 11664 11665 11666
f 11667 11668 11669
f 11670 11671 11672
f 11673 11674 11675
f 11676 11677 11678
f 11679 11680 11681
f 11682 11683 11684
f 11685 11686 11687
f 11688 11689 11690
f 11691 11692 11693
f 11694 11648 11695
f 11696 11646 11697
f 11698 11699 11700
f 11701 11702 11703
f 11704 11705 11706
f 11707 11708 11709
f 11710 11711 11712
f 11713 11714 11715
f 11716 11717 11718
f 11719 11720 11721
f 11722 11723 11671
f 11724 11725 11726
f 11724 11727 11725
f 11728 11729 11730
f 11731 11732 11733
f 11734 11735 11736
f 11737 11738 11739
f 11740 11741 11742
f 11743 11744 11745
f 11746 11747 11748
f 11749 11750 11751
f 11752 11753 11754
f 11755 11756 11757
f 11758 11700 11759
f 11760 11761 11762
f 11763 11764 11765
f 11766 11767 11768
f 11769 11770 11771
f 11598 11772 11773
f 11774 11775 11776
f 11777 11778 11779
f 11780 11781 11782
f 11783 11784 11785
f 11786 11787 11788
f 11789 11790 11791
f 11650 11792 11793
f 11794 11795 11796
f 11797 11794 11798
f 11799 11800 11801
f 11802 11803 11804
f 11805 11806 11807
f 11808 11809 11810
f 11811 11812 11813
f 11814 11815 11350
f 11816 11817 11818
f 11819 11820 11821
f 11822 11823 11824
f 11825 11826 11827
f 11828 11829 11830
f 11831 11832 11833
f 11834 11835 11836
f 11837 11838 11839
f 11840 11841 11842
f 11843 11844 11845
f 11846 11847 11848
f 11849 11850 11851
f 11852 11853 11854
f 11855 11856 11857
f 11858 11859 11860
f 11861 11862 11863
f 11864 11865 11866
f 11393 11867 11868
f 11869 11870 11871
f 11872 11873 11874
f 11875 11876 11877
f 11878 11879 11880
f 11881 11882 11883
f 11884 11885 11886
f 11887 11888 11889
f 11890 11891 11892
f 11893 11894 11895
f 11896 11897 11898
f 11899 11900 11901
f 11902 11903 11904
f 11905 11906 11907
f 11908 11909 11910
f 11911 11912 11913
f 11913 11914 11915
f 11916 11917 11918
f 11919 11920 11921
f 11922 11923 11453
f 11924 11925 11926
f 11927 11928 11929
f 11930 11931 11460
f 11932 11933 11934
f 11935 11936 11937
f 11938 11939 11940
f 11472 11941 11942
f 11943 11944 11945
f 11946 11947 11948
f 11949 11481 11950
f 11951 11952 11953
f 11954 11955 11956
f 11490 11957 11958
f 11959 11960 11961
f 11962 11963 11964
f 11965 11966 11967
f 11968 11969 11970
f 11971 11972 11973
f 11503 11974 11975
f 11976 11977 11978
f 11508 11979 11980
f 11981 11982 11983
f 11984 11985 11986
f 11987 11988 11989
f 11990 11991 11992
f 11993 11994 11995
f 11996 11997 11998
f 11999 12000 12001
f 12002 12003 12004
f 11530 12005 11531
f 12006 12007 12008
f 12009 12010 12011
f 12012 12013 12014
f 12015 12016 12017
f 12018 12019 12020
f 12021 12022 12023
f 12024 12025 12026
f 12027 12028 12029
f 12030 12031 12032
f 12033 12034 12035
f 12036 12037 12038
f 12039 12040 12041
f 11570 12042 11571
f 12043 12044 12045
f 12046 12047 12048
f 11581 12049 12050
f 12051 12052 12053
f 12054 12055 12056
f 12057 12058 12059
f 12060 12061 12062
f 12063 12064 12065
f 12066 12067 12068
f 12069 12070 12071
f 12072 12073 12074
f 12075 12076 12077
f 12078 12079 12080
f 12081 12082 12083
f 12084 12085 12086
f 12087 12088 12084
f 12089 12090 12091
f 12092 12093 12094
f 12095 12096 12097
f 12098 12099 12100
f 12101 12102 12103
f 11738 12104 12105
f 12106 12107 12108
f 12109 12110 12111
f 12112 12113 12114
f 12115 12116 12117
f 12118 12119 12120
f 12121 12122 12123
f 12124 12125 12126
f 12127 12128 12129
f 11771 12130 12131
f 12132 12133 12134
f 12135 12136 12137
f 12138 12139 12140
f 12141 12142 12143
f 12144 11778 12145
f 12146 12147 12148
f 12149 12150 12151
f 12152 12153 12154
f 12155 12156 12157
f 12158 12159 12160
f 12161 12162 11809
f 12163 12164 12165
f 12166 11812 11811
f 12167 12168 12169
f 12170 12171 12172
f 12173 12174 12153
f 12175 12167 12176
f 12137 12177 12178
f 12179 12180 12181
f 11817 12182 12183
f 12184 12185 12186
f 12187 12188 12189
f 12190 12191 12192
f 12193 12194 12195
f 12196 12197 12198
f 12199 12200 12201
f 12202 12203 12204
f 12205 12206 12207
f 12208 12209 12210
f 12211 12212 12213
f 12214 12215 12216
f 12217 12218 12219
f 11854 12220 12221
f 12222 12223 12224
f 12225 12226 12227
f 12228 12229 12230
f 11861 12231 12232
f 12233 12234 12235
f 12236 12237 12238
f 12239 12240 12241
f 12242 12243 12244
f 12245 12246 12247
f 12248 12249 12250
f 12250 12251 12252
f 12253 12254 12255
f 12256 12257 12258
f 12259 12260 12261
f 11901 12262 12263
f 12264 12265 12266
f 12267 12268 12269
f 11908 12270 12271
f 12272 12273 12274
f 12275 12276 12277
f 11918 12278 12279
f 12280 12281 12282
f 12283 12284 12285
f 12286 12287 12288
f 12289 12290 12291
f 12292 12293 12294
f 12295 12296 12297
f 12298 12299 12300
f 12301 12302 12303
f 12304 12305 12306
f 12307 12308 12309
f 12310 12311 12312
f 12313 12314 12315
f 12316 12317 12318
f 12319 12320 12321
f 12322 12323 12324
f 12325 12326 12327
f 12328 12329 12330
f 12331 12332 12333
f 11972 12334 12335
f 12336 12337 12338
f 12339 12340 12341
f 12342 12343 12344
f 12345 12346 12347
f 12348 12349 12350
f 12351 12352 12353
f 12354 12355 12356
f 11995 12357 12358
f 12359 12360 11997
f 12361 12362 12363
f 12364 12365 12366
f 12367 12368 12369
f 12370 12010 12009
f 12371 12372 12373
f 12374 12375 12376
f 12377 12378 12022
f 12379 12380 12381
f 12382 12383 12384
f 12385 12386 12387
f 12388 12389 12390
f 12391 12392 12393
f 12394 12395 12396
f 12397 12398 12399
f 12400 12401 12402
f 12401 12403 12404
f 12405 12406 12407
f 12408 12409 12410
f 12411 12396 12412
f 12413 12414 12415
f 12416 12417 12418
f 12419 12075 12420
f 12080 12421 12422
f 12423 12424 12425
f 12426 12427 12428
f 12429 12430 12431
f 12432 12433 12434
f 12435 12436 12437
f 12438 12439 12440
f 12441 12442 12443
f 12444 12445 12446
f 12447 12448 12449
f 12450 12451 12452
f 12453 12454 12455
f 12456 12457 12458
f 12459 12460 12461
f 12462 12463 12464
f 12465 12466 12467
f 12468 12469 12465
f 12470 12471 12472
f 12177 12473 12474
f 12475 12476 12477
f 12478 12479 12480
f 12481 12482 12483
f 12484 12485 12486
f 12458 12487 12488
f 12489 12490 12491
f 12492 12493 12494
f 12495 12496 12497
f 12498 12499 12207
f 12500 12501 12502
f 12503 12210 12504
f 12505 12506 12507
f 12508 12509 12510
f 12511 12512 12513
f 12514 12515 12516
f 12517 12518 12519
f 12520 12521 12522
f 12523 12524 12525
f 12526 12527 12528
f 12529 12530 12531
f 12532 12533 12534
f 12535 12536 12537
f 12538 12539 12540
f 12541 12251 12542
f 12543 12544 12545
f 12546 12547 12548
f 12549 12550 12551
f 12552 12553 12554
f 12555 12556 12557
f 12558 12559 12560
f 12561 12562 12563
f 12564 12565 12566
f 12567 12568 12569
f 12570 12571 12572
f 12573 12574 12575
f 12576 12577 12578
f 12579 12580 12581
f 12582 12583 12584
f 12294 12585 12586
f 12587 12588 12589
f 12590 12591 12592
f 12593 12594 12595
f 12596 12597 12598
f 12599 12600 12601
f 12602 12603 12604
f 12605 12317 12316
f 12606 12607 12608
f 12609 12610 12611
f 12612 12613 12614
f 12326 12615 12616
f 12617 12618 12619
f 12329 12620 12621
f 12622 12623 12624
f 12625 12626 12627
f 12628 12629 12630
f 12631 12632 12633
f 12634 12635 12636
f 12637 12638 12639
f 12640 12641 12642
f 12643 12644 12645
f 12646 12647 12648
f 12649 12650 12651
f 12652 12653 12654
f 12655 12656 12657
f 12365 12658 12366
f 12659 12660 12661
f 12662 12663 12664
f 12665 12666 12667
f 12668 12669 12670
f 12667 12666 12671
f 12672 12673 12674
f 12675 12676 12677
f 12678 12679 12680
f 12384 12681 12682
f 12683 12684 12685
f 12386 12686 12687
f 12688 12689 12690
f 12691 12692 12693
f 12694 12695 12696
f 12697 12698 12435
f 12699 12700 12701
f 12702 12703 12441
f 12704 12705 12706
f 12444 12707 12445
f 12708 12709 12710
f 12711 12712 12713
f 12714 12715 12716
f 12717 12718 12719
f 12720 12721 12722
f 12723 12724 12725
f 12726 12727 12728
f 12497 12729 12730
f 12731 12732 12733
f 12734 12735 12736
f 12737 12738 12739
f 12740 12741 12742
f 12743 12744 12745
f 12746 12747 12748
f 12749 12750 12751
f 12752 12753 12754
f 12755 12756 12757
f 12758 12759 12760
f 12761 12762 12763
f 12530 12764 12765
f 12766 12767 12768
f 12769 12770 12771
f 12772 12773 12774
f 12775 12776 12777
f 12778 12779 12780
f 12781 12782 12783
f 12545 12784 12785
f 12786 12787 12788
f 12789 12790 12791
f 12792 12793 12794
f 12795 12796 12797
f 12798 12799 12800
f 12801 12802 12803
f 12804 12805 12806
f 12569 12807 12808
f 12809 12810 12811
f 12577 12812 12578
f 12813 12814 12815
f 12816 12817 12818
f 12819 12820 12821
f 12822 12823 12824
f 12825 12826 12827
f 12828 12829 12594
f 12830 12831 12832
f 12833 12834 12835
f 12836 12837 12838
f 12839 12840 12841
f 12842 12843 12844
f 12845 12846 12847
f 12848 12849 12850
f 12851 12852 12853
f 12854 12855 12856
f 12857 12858 12859
f 12860 12861 12862
f 12863 12864 12865
f 12866 12867 12868
f 12869 12870 12871
f 12872 12873 12874
f 12875 12876 12877
f 12878 12879 12880
f 12881 12633 12882
f 12883 12884 12885
f 12886 12887 12888
f 12889 12890 12891
f 12892 12893 12894
f 12895 12896 12897
f 12898 12899 12900
f 12901 12902 12903
f 12904 12905 12906
f 12907 12908 12909
f 12910 12668 12670
f 12911 12912 12913
f 12914 12915 12916
f 12917 12918 12919
f 12920 12921 12922
f 12923 12917 12924
f 12893 12925 12894
f 12926 12927 12928
f 12929 12930 12931
f 12932 12933 12934
f 12935 12936 12937
f 12938 12939 12940
f 12941 12942 12943
f 12944 12945 12946
f 12947 12948 12949
f 12679 12950 12951
f 12952 12953 12954
f 12955 12956 12957
f 12958 12959 12960
f 12961 12962 12963
f 12964 12965 12966
f 12964 12967 12965
f 12968 12969 12970
f 12971 12972 12973
f 12974 12975 12976
f 12977 12978 12979
f 12980 12981 12982
f 12983 12984 12985
f 12986 12987 12988
f 12989 12990 12991
f 12714 12716 12992
f 12993 12994 12995
f 12996 12997 12998
f 12999 13000 13001
f 13002 13003 13004
f 13005 13006 13007
f 13008 13009 13010
f 13011 13012 13013
f 13014 13015 13016
f 13017 13018 13019
f 13020 13021 13022
f 13023 13024 13025
f 13026 13027 13028
f 13029 13030 13031
f 13032 13033 13034
f 13035 13036 13037
f 13038 13039 13040
f 13041 12763 13042
f 13043 13044 13045
f 13046 13047 13048
f 12771 13049 13050
f 13051 13052 13053
f 13054 13055 13056
f 13057 13058 13059
f 13060 13061 13062
f 13063 13064 13065
f 13066 13067 13068
f 13069 13070 12802
f 13071 13072 13073
f 13074 13075 13076
f 13077 13078 13079
f 13080 13081 12812
f 13082 13083 13084
f 13085 13086 13087
f 12819 13088 12820
f 13089 13090 13091
f 13092 13093 13094
f 13095 13096 12826
f 12830 13097 13098
f 13099 13100 12834
f 13101 13102 13103
f 13104 13105 13106
f 13107 13108 13109
f 13110 13111 13112
f 13113 13114 13115
f 13116 13117 13118
f 12853 12852 13119
f 13120 13121 13122
f 13123 13124 12860
f 13125 13126 13127
f 13128 13129 13130
f 13131 13132 13133
f 13134 13135 13136
f 13137 13138 12877
f 13139 13140 13141
f 13142 13143 13144
f 13145 13146 13147
f 13148 13149 13150
f 13151 13152 13153
f 13154 13155 13156
f 13157 13158 13159
f 13160 13161 13162
f 12935 13163 13164
f 13165 13166 12939
f 13167 13168 13169
f 13170 13171 13172
f 13173 13174 13175
f 13176 13177 13178
f 13179 13180 13181
f 13182 12956 13183
f 13184 13185 13186
f 13187 13188 13189
f 12972 13190 13191
f 13192 13193 12974
f 13194 13195 12978
f 13196 13197 13198
f 13199 13200 13201
f 13202 13203 13204
f 13205 13206 13207
f 13208 13209 13210
f 12995 12994 13211
f 12996 12998 13212
f 13213 13214 13215
f 13216 13217 13218
f 13219 13220 13221
f 13222 13016 13223
f 13224 13225 13226
f 13022 13227 13228
f 13229 13230 13231
f 13232 13233 13234
f 13235 13236 13237
f 13238 13239 13240
f 13241 13242 13243
f 13244 13245 13246
f 13247 13248 13249
f 13250 13251 13252
f 13253 13254 13255
f 13048 13256 13257
f 13258 13259 13063
f 13260 13053 13261
f 13262 13263 13264
f 13265 13266 13267
f 13268 13269 13270
f 13271 13272 13273
f 13274 13275 13276
f 13082 13277 13083
f 13278 13279 13280
f 13281 13282 13283
f 13284 13285 13286
f 13090 13287 13091
f 13093 13288 13289
f 13290 13291 13292
f 13293 13294 13295
f 13296 13297 13298
f 13299 13103 13300
f 13301 13302 13303
f 13304 13305 13306
f 13307 13308 13309
f 13310 13311 13116
f 13118 13312 13313
f 13314 13315 13316
f 13317 13318 13319
f 13320 13321 13322
f 13323 13324 13325
f 13326 13327 13328
f 13329 13330 13331
f 13332 13333 13334
f 13335 13336 13337
f 13338 13339 13340
f 13341 13342 13142
f 13343 13344 13345
f 13346 13347 13348
f 13349 13350 13351
f 13153 13352 13353
f 13354 13355 13356
f 13357 13358 13359
f 13360 13161 13361
f 13362 13363 13364
f 13365 13366 13367
f 13368 13369 13370
f 13174 13371 13372
f 13373 13374 13375
f 13376 13377 13378
f 13379 13380 13381
f 13382 13383 13384
f 13385 13386 13387
f 13388 13389 13390
f 13391 13392 13393
f 13394 13395 13396
f 13397 13398 13399
f 13400 13401 13402
f 13403 13404 13405
f 13406 13407 13408
f 13409 13410 13411
f 13412 13413 13414
f 13415 13416 13417
f 13404 13418 13419
f 13420 13421 13422
f 13423 13424 13425
f 13425 13424 13426
f 13427 13428 13429
f 13430 13431 13432
f 13433 13434 13435
f 13436 13437 13438
f 13439 13440 13441
f 13442 13443 13444
f 13445 13446 13447
f 13448 13449 13450
f 13451 13452 13453
f 13454 13455 13456
f 13457 13458 13459
f 13460 13461 13462
f 13227 13463 13464
f 13465 13466 13467
f 13468 13469 13470
f 13471 13472 13473
f 13474 13475 13476
f 13477 13478 13479
f 13480 13481 13482
f 13483 13484 13485
f 13486 13487 13488
f 13489 13490 13491
f 13492 13493 13494
f 13495 13496 13497
f 13498 13499 13500
f 13501 13502 13503
f 13504 13505 13506
f 13507 13508 13509
f 13279 13510 13280
f 13511 13512 13282
f 13513 13514 13515
f 13516 13517 13518
f 13519 13520 13521
f 13522 13523 13524
f 13525 13526 13527
f 13294 13528 13529
f 13530 13531 13532
f 13533 13534 13535
f 13536 13537 13538
f 13539 13540 13541
f 13306 13542 13307
f 13543 13544 13545
f 13546 13547 13548
f 13549 13550 13551
f 13552 13553 13554
f 13555 13556 13557
f 13321 13558 13559
f 13560 13561 13562
f 13563 13564 13565
f 13328 13566 13567
f 13568 13569 13570
f 13571 13572 13573
f 13574 13575 13576
f 13577 13578 13579
f 13580 13581 13582
f 13583 13584 13585
f 13586 13587 13588
f 13589 13590 13591
f 13592 13593 13594
f 13358 13595 13596
f 13597 13598 13599
f 13600 13601 13602
f 13603 13604 13605
f 13606 13607 13608
f 13609 13610 13611
f 13612 13613 13614
f 13615 13616 13617
f 13618 13619 13620
f 13621 13622 13623
f 13390 13624 13625
f 13619 13626 13627
f 13628 13629 13630
f 13631 13632 13633
f 13634 13635 13636
f 13637 13638 13639
f 13640 13641 13642
f 13638 13643 13392
f 13644 13645 13646
f 13647 13648 13649
f 13650 13651 13652
f 13653 13650 13654
f 13655 13656 13657
f 13658 13659 13660
f 13661 13662 13663
f 13664 13665 13666
f 13667 13668 13669
f 13670 13671 13672
f 13673 13674 13675
f 13676 13677 13678
f 13679 13680 13681
f 13682 13683 13684
f 13685 13686 13687
f 13688 13689 13601
f 13593 13690 13691
f 13692 13693 13694
f 13695 13696 13697
f 13698 13699 13700
f 13701 13702 13703
f 13704 13705 13706
f 13707 13708 13709
f 13710 13711 13712
f 13713 13714 13715
f 13716 13717 13718
f 13719 13720 13721
f 13722 13723 13724
f 13725 13726 13719
f 13727 13728 13729
f 13730 13731 13732
f 13733 13734 13735
f 13736 13737 13738
f 13737 13739 13740
f 13741 13742 13743
f 13744 13745 13746
f 13747 13748 13749
f 13750 13751 13752
f 13753 13754 13755
f 13754 13756 13757
f 13758 13759 13760
f 13761 13762 13763
f 13763 13764 13765
f 13766 13767 13768
f 13769 13770 13771
f 13772 13773 13774
f 13775 13776 13777
f 13778 13779 13780
f 13781 13782 13783
f 13784 13785 13786
f 13787 13788 13789
f 13790 13791 13792
f 13793 13794 13795
f 13796 13797 13798
f 13799 13800 13801
f 13802 13803 13804
f 13448 13805 13806
f 13807 13808 13809
f 13810 13811 13812
f 13813 13814 13815
f 13467 13466 13816
f 13817 13818 13819
f 13471 13820 13821
f 13822 13823 13824
f 13825 13826 13827
f 13828 13829 13830
f 13831 13832 13833
f 13834 13835 13836
f 13837 13838 13839
f 13840 13841 13842
f 13843 13844 13845
f 13846 13847 13848
f 13509 13849 13850
f 13851 13852 13853
f 13854 13855 13856
f 13515 13857 13858
f 13859 13860 13520
f 13861 13862 13863
f 13864 13865 13866
f 13867 13868 13869
f 13870 13871 13872
f 13531 13873 13874
f 13875 13876 13877
f 13878 13879 13880
f 13881 13882 13883
f 13539 13884 13540
f 13885 13886 13887
f 13888 13889 13890
f 13891 13892 13893
f 13894 13895 13896
f 13897 13898 13899
f 13900 13901 13902
f 13903 13904 13905
f 13906 13907 13908
f 13562 13561 13909
f 13910 13911 13912
f 13913 13914 13915
f 13916 13917 13570
f 13918 13919 13920
f 13921 13922 13923
f 13924 13925 13926
f 13927 13768 13925
f 13928 13929 13930
f 13931 13932 13933
f 13934 13935 13936
f 13937 13938 13939
f 13940 13941 13942
f 13943 13944 13945
f 13946 13947 13948
f 13949 13950 13951
f 13952 13953 13954
f 13955 13956 13957
f 13958 13959 13960
f 13961 13962 13797
f 13963 13964 13965
f 13966 13967 13968
f 13969 13970 13971
f 13972 13973 13974
f 13975 13976 13977
f 13978 13979 13980
f 13981 13982 13983
f 13984 13985 13986
f 13987 13988 13989
f 13990 13991 13992
f 13993 13994 13995
f 13996 13997 13998
f 13999 14000 14001
f 14002 14003 14004
f 14005 14006 14007
f 14008 14009 14010
f 14011 14012 13842
f 14013 14014 14015
f 14016 14017 14018
f 14019 14020 14021
f 14022 14021 14020
f 14023 14024 14025
f 14026 14027 14028
f 14029 14030 14031
f 13852 14032 14033
f 13855 14034 14035
f 14036 14037 14038
f 14039 14040 14041
f 14042 14043 14044
f 14045 14046 14047
f 14048 14049 14050
f 14051 14052 14053
f 14054 14055 14056
f 14057 14058 14059
f 13877 14060 14061
f 14062 14063 14064
f 14065 14066 14067
f 14068 14069 14070
f 14071 14072 14073
f 14074 14075 14076
f 14077 14078 14079
f 14080 14081 14082
f 14083 14084 14085
f 14086 14087 14088
f 14089 14090 14091
f 13904 14092 13905
f 14093 14094 14095
f 13906 14096 13907
f 14097 14098 14099
f 14100 14101 14102
f 14103 14104 14105
f 14106 14107 14108
f 14100 14109 14101
f 14110 14111 13929
f 14112 14113 14114
f 14115 14116 14117
f 14118 14119 14120
f 14121 14122 14123
f 14124 14125 14126
f 14093 14127 14094
f 14128 14129 14130
f 14131 14132 14133
f 14134 14135 14136
f 14137 14138 14139
f 14140 14141 14142
f 14143 14144 14145
f 14124 14146 14125
f 14147 14148 14143
f 14149 14150 14141
f 14151 14152 14153
f 14154 14155 14088
f 14156 14157 14083
f 14158 14159 13948
f 14160 14161 14162
f 14163 14164 14165
f 14166 14167 14168
f 14169 14170 14171
f 14172 14173 14174
f 13963 14175 14176
f 14177 14178 14179
f 14180 14181 14182
f 14183 14184 14185
f 13968 14186 14187
f 13970 14188 14189
f 13973 14190 14191
f 14192 14193 14194
f 14195 14196 14197
f 14198 14199 13988
f 14200 14201 14202
f 14203 14204 14205
f 14206 14207 14208
f 14209 14210 14211
f 14212 14213 14214
f 14215 14216 14217
f 14218 14219 14220
f 14221 14222 14223
f 14224 14225 14226
f 14227 14228 14229
f 14027 14230 14231
f 14232 14233 14234
f 14235 14236 14237
f 14238 14239 14240
f 14241 14242 14243
f 14244 14245 14246
f 14247 14248 14249
f 14250 14251 14252
f 14253 14254 14040
f 14043 14255 14256
f 14257 14258 14259
f 14260 14261 14262
f 14263 14264 14265
f 14266 14267 14268
f 14269 14270 14271
f 14272 14273 14274
f 14275 14276 14277
f 14278 14279 14280
f 14281 14282 14283
f 14284 14285 14286
f 14287 14288 14289
f 14290 14291 14292
f 14293 14294 14081
f 14295 14296 14297
f 14298 14299 14300
f 14301 14161 14160
f 14302 14303 14304
f 14305 14306 14307
f 14308 14309 14310
f 14311 14312 14313
f 14314 14315 14316
f 14317 14318 14319
f 14320 14321 14322
f 14323 14324 14325
f 14326 14327 14328
f 14329 14330 14331
f 14332 14333 14334
f 14335 14336 14337
f 14338 14339 14340
f 14341 14342 14343
f 14344 14345 14346
f 14347 14348 14349
f 14350 14351 14352
f 14353 14354 14355
f 14356 14357 14354
f 14358 14359 14360
f 14361 14362 14363
f 14364 14365 14366
f 14367 14226 14368
f 14369 14235 14370
f 14371 14372 14373
f 14374 14375 14376
f 14377 14378 14379
f 14380 14381 14382
f 14383 14384 14385
f 14386 14387 14388
f 14389 14390 14391
f 14372 14392 14393
f 14376 14394 14395
f 14396 14397 14398
f 14399 14400 14401
f 14254 14402 14403
f 14404 14405 14406
f 14407 14408 14409
f 14410 14411 14412
f 14413 14414 14415
f 14416 14417 14418
f 14419 14420 14421
f 14422 14336 14423
f 14343 14424 14425
f 14426 14427 14428
f 14429 14430 14431
f 14432 14433 14434
f 14435 14436 14437
f 14438 14439 14440
f 14441 14442 14404
f 14443 14444 14445
f 14446 14447 14448
f 14449 14450 14451
f 14449 14452 14450
f 14453 14454 14421
f 14455 14456 14457
f 14458 14459 14460
f 14266 14461 14267
f 14462 14463 14464
f 14465 14466 14467
f 14468 14469 14470
f 14471 14459 14472
f 14473 14474 14475
f 14476 14477 14478
f 14479 14480 14481
f 14482 14483 14484
f 14485 14486 14487
f 14488 14489 14285
f 14490 14491 14492
f 14493 14494 14495
f 14496 14497 14498
f 14499 14500 14501
f 14502 14503 14302
f 14504 14306 14505
f 14506 14507 14508
f 14509 14510 14511
f 14512 14513 14514
f 14515 14516 14517
f 14312 14518 14519
f 14520 14521 14522
f 14523 14524 14525
f 14526 14527 14528
f 14514 14529 14530
f 14514 14524 14512
f 14531 14060 14532
f 14533 14534 14535
f 14536 14537 13996
f 14538 13952 13787
f 13932 14539 14540
f 14541 13554 13900
f 14542 14543 14544
f 14545 13826 13825
f 14546 14547 14548
f 14549 14550 14551
f 14552 14553 14554
f 14555 14556 13767
f 13627 14557 14558
f 14559 13909 13564
f 14560 13533 14561
f 14562 14563 14564
f 14565 14566 14567
f 14568 14569 14566
f 14570 13196 14571
f 14572 13291 14573
f 14574 14575 13213
f 14576 14577 14578
f 13096 14573 14579
f 14580 12766 12768
f 14581 14582 14583
f 14584 14585 14586
f 14587 14588 14589
f 12914 14590 14591
f 12912 14592 14593
f 14594 14595 12869
f 12548 12547 12786
f 14596 14597 14598
f 14599 14600 14601
f 14602 12356 14603
f 12344 14604 14605
f 14606 14607 12641
f 12340 14608 12341
f 14609 14610 14611
f 14612 14613 14614
f 14615 14616 14617
f 14618 14619 14620
f 14621 14622 14623
f 11990 11989 11991
f 14624 14625 14626
f 14627 14628 14629
f 14630 14631 14632
f 14633 14634 14635
f 12253 14636 14637
f 14638 14639 14640
f 11882 14641 14642
f 14643 14644 14627
f 14645 14646 14647
f 14648 14649 14638
f 14650 14651 12135
f 14652 14653 14654
f 11765 14655 14656
f 14657 11742 14658
f 14659 14660 12055
f 11550 14661 11551
f 11466 14662 14663
f 14664 11880 14665
f 14666 11396 14667
f 14668 14669 10116
f 14670 14671 14672
f 14673 14674 14675
f 14676 14677 14678
f 14679 14680 14681
f 14682 11746 14683
f 14684 14685 14686
f 14687 11745 14688
f 14689 11686 14690
f 14691 14692 14693
f 14694 14695 11576
f 14696 14697 14698
f 14699 14700 14701
f 14702 14703 14704
f 14705 14706 14707
f 14708 14709 14710
f 14711 14712 11105
f 14713 14714 14715
f 11038 14716 11039
f 14717 14718 14719
f 14720 14721 14722
f 10973 10972 14723
f 10784 14724 14725
f 14726 14727 14728
f 14729 14730 10610
f 14731 14732 14733
f 14734 14735 14736
f 14737 14738 10703
f 14739 10687 14740
f 14741 14742 14743
f 14744 14745 14746
f 14747 14748 14749
f 9907 14750 14751
f 14752 14747 14753
f 14754 14755 14756
f 10505 14757 14758
f 14759 14760 14761
f 14762 14763 14764
f 10433 14765 14766
f 14767 10339 14768
f 10418 14769 14770
f 10432 14771 14765
f 14772 14773 14774
f 14775 9878 14776
f 14777 14778 10322
f 9858 14779 14780
f 14781 14782 14783
f 14784 14785 14786
f 14787 14788 14789
f 14790 14791 14792
f 14793 14794 14795
f 14796 14797 14798
f 14799 14800 14791
f 14801 14802 14803
f 14804 14805 14806
f 14807 14808 14799
f 10034 10036 14809
f 14810 14811 14812
f 14813 14814 14815
f 14816 10277 10276
f 14817 14818 14819
f 14820 14821 14822
f 14823 14824 14825
f 14826 14827 14828
f 14829 14830 14831
f 14832 14833 14834
f 14822 14821 14835
f 14836 14837 14838
f 14839 14840 14841
f 14842 14843 14844
f 14845 14846 14847
f 14848 14849 14850
f 14851 14852 14853
f 14854 14855 14856
f 14857 14858 14859
f 14860 14861 14862
f 14863 14864 14865
f 14866 14867 14852
f 14855 14868 14869
f 14870 14871 14872
f 14873 14874 14875
f 14843 14876 14877
f 14878 14879 14880
f 14881 14882 14883
f 14884 14885 14886
f 14887 14888 14889
f 14890 14891 14892
f 10303 14893 14894
f 14812 14895 14896
f 14897 14898 14899
f 14895 14900 14901
f 14902 14903 14904
f 14905 14906 14907
f 14908 14909 14910
f 14911 14912 14913
f 14914 14915 14916
f 14917 14918 14919
f 14907 14920 14921
f 14922 14923 14924
f 14925 14926 14927
f 14928 14929 14930
f 14924 14931 14932
f 14933 14934 14925
f 14935 14930 14936
f 10266 14937 10267
f 14938 14939 14940
f 14941 14942 14943
f 14944 14945 14946
f 14945 14947 10158
f 14948 14949 14950
f 14951 14952 10152
f 14953 14954 14955
f 14956 14957 14958
f 14959 14960 9176
f 9116 14961 14962
f 14963 14964 14965
f 14966 14967 14968
f 9795 14969 14970
f 14971 14972 14973
f 14974 14975 14976
f 14977 14978 14979
f 14980 14981 14982
f 14982 14983 14967
f 14984 14985 14986
f 14987 14988 14989
f 14976 14990 14991
f 14992 14993 14994
f 14985 14995 14996
f 14997 14998 14999
f 15000 15001 15002
f 15003 15004 15005
f 15006 15007 15008
f 15009 15007 15010
f 15011 15012 15013
f 15014 15015 15016
f 15017 15018 15019
f 15020 15021 15022
f 15014 15023 15024
f 15025 15026 15027
f 15028 15029 15030
f 15008 15031 15032
f 9566 15033 15034
f 15035 15036 15037
f 15038 15039 15040
f 15039 9406 15041
f 15042 15043 15044
f 15045 15046 15047
f 15048 15049 15050
f 15051 9451 15052
f 15053 15054 15055
f 15056 15057 15058
f 15059 9426 15060
f 15061 9419 9421
f 8981 15062 9413
f 15063 15064 15065
f 15066 15067 8968
f 15068 15069 15070
f 15071 15072 15073
f 15074 15075 15076
f 15077 15078 15079
f 15080 15081 15082
f 15083 15084 15085
f 15086 15087 15088
f 15089 15090 15084
f 15091 15092 15093
f 9263 15094 9266
f 15095 15096 15097
f 15098 15099 15100
f 8428 15101 15102
f 15103 15104 15105
f 15106 15107 15108
f 15109 15110 15111
f 15112 15113 15114
f 15115 15116 15117
f 15118 15119 8947
f 15120 15121 15122
f 15123 15124 15125
f 15126 15127 15128
f 15129 15130 15131
f 8102 15132 15133
f 8089 15134 8730
f 15135 8036 15136
f 15137 15138 15139
f 15140 15141 8417
f 15142 15143 15144
f 6459 15145 6457
f 15146 6453 15147
f 15148 8143 15149
f 15150 15151 15152
f 8023 15153 15154
f 15155 15156 8018
f 15157 15158 6880
f 15159 15160 15161
f 15162 15163 15164
f 15165 15166 15167
f 15168 7718 7931
f 15169 15170 15171
f 7437 15172 15173
f 15174 15175 7355
f 15176 15177 15178
f 15179 15180 15181
f 15182 15183 15184
f 7276 15185 15186
f 15187 15188 15189
f 7178 15190 7179
f 7270 15191 7267
f 7162 15192 15193
f 15194 15195 7245
f 15196 15197 7203
f 15198 15199 15200
f 7054 7056 15201
f 15202 15203 15204
f 15205 15206 15207
f 15208 15209 15210
f 15211 15212 15213
f 15214 15215 15216
f 6628 15217 15218
f 15219 15220 15221
f 6595 6901 6903
f 15222 15223 15224
f 15225 15226 15227
f 15228 6600 15229
f 6190 15230 15231
f 15232 15233 6573
f 15234 15235 6552
f 15236 15237 6529
f 15238 6448 15239
f 15240 15241 15242
f 15243 15244 15245
f 15246 15247 15248
f 15249 15250 15251
f 15252 15253 15254
f 15249 15255 15256
f 6001 6002 15257
f 15258 15259 6215
f 15260 15261 15262
f 5712 15263 15264
f 5402 15265 15266
f 15267 15268 15269
f 15270 5947 15271
f 5039 15272 5041
f 15273 15274 15275
f 15276 15277 15278
f 15279 15280 15281
f 15282 15283 15284
f 15285 15286 15287
f 15288 15285 15287
f 15289 5505 15290
f 15291 15292 15293
f 15294 15295 15296
f 15297 15298 15299
f 15300 15301 15302
f 15303 15304 15305
f 15306 15307 15308
f 15309 15310 15311
f 15312 15313 15314
f 15315 15316 15317
f 15318 15319 15320
f 15321 15322 15323
f 15284 15324 15325
f 15326 15327 15328
f 15329 15330 15331
f 15296 15332 15333
f 15334 15335 15298
f 15336 15337 15338
f 15339 15340 15341
f 15342 15343 15344
f 15342 15345 15343
f 15346 15347 15348
f 15349 15350 15351
f 15352 15353 15354
f 15355 15356 15350
f 15337 15357 15358
f 15359 15360 15284
f 15361 5508 15362
f 15363 15364 15365
f 15366 15367 5515
f 15368 15369 15370
f 15371 15372 15373
f 4821 15374 15375
f 15376 15377 15378
f 15379 15380 15381
f 5368 15382 5369
f 4646 15383 15384
f 15385 15386 15387
f 5106 15388 15389
f 15390 15391 15392
f 15393 15394 5076
f 15395 15396 15397
f 15398 15399 15395
f 15400 15401 15402
f 15403 15404 5037
f 4176 15405 15406
f 15407 15408 15409
f 15410 15411 15412
f 15413 15414 15415
f 15416 15417 15418
f 15419 15420 15421
f 15422 15423 15424
f 15425 4986 4370
f 15426 15427 15428
f 15429 15430 15431
f 15432 5435 15433
f 15434 15435 15436
f 15437 15438 4734
f 4510 15439 15440
f 15441 4456 15442
f 15443 4621 15444
f 4124 15445 15446
f 15447 15448 15449
f 15450 15451 15452
f 15453 15454 4437
f 15455 4048 15456
f 15457 15458 15459
f 15460 15461 15462
f 15463 15464 15465
f 15466 15467 4278
f 15468 15469 15470
f 15471 15472 15473
f 15474 15475 15476
f 15477 15478 15479
f 15480 15481 15482
f 15483 15484 15485
f 15486 15487 4548
f 15488 15489 15490
f 15491 15492 15493
f 15494 4172 4174
f 15495 15496 15497
f 15498 15499 15500
f 3714 3713 15501
f 15502 3683 15503
f 3544 15504 15505
f 15506 15507 15508
f 15509 15510 15511
f 15512 3805 15513
f 15514 15515 15516
f 15517 15518 15519
f 15520 15521 15522
f 15523 15524 15525
f 15523 15526 15524
f 15527 15528 15525
f 15529 15530 15531
f 15532 15533 15534
f 15535 15536 15537
f 15538 15539 15540
f 15541 15542 15543
f 15544 15545 15546
f 15547 15548 15549
f 15550 3696 3695
f 15551 15552 15553
f 15554 15555 15556
f 15557 15558 15559
f 3632 3630 15560
f 2191 3546 15561
f 15562 15563 15564
f 15565 15566 15567
f 15568 15569 15570
f 15571 15572 15573
f 15574 3370 15575
f 3216 15576 15577
f 15578 15579 15580
f 15581 15582 15583
f 3255 3085 3081
f 15584 15585 15586
f 2818 15587 15588
f 15589 2827 15590
f 2685 2687 15591
f 15592 15593 15594
f 15595 15596 15592
f 15597 2811 2810
f 1916 15598 15599
f 15600 15601 15602
f 15603 15601 15600
f 15604 15605 15606
f 15607 15608 15609
f 15610 15611 15612
f 15613 2553 15614
f 1719 1718 15615
f 2381 2338 2382
f 15616 15617 15618
f 15619 15620 2075
f 15621 15622 15623
f 15624 15625 2051
f 15626 15627 15628
f 15629 15630 15631
f 15632 15633 15634
f 15635 15636 15637
f 1623 1625 15638
f 15639 15640 15641
f 15642 15640 15639
f 1616 15643 15644
f 15645 15646 15647
f 15648 1798 15649
f 15650 15651 1548
f 15652 15653 15654
f 1617 15655 15656
f 1379 15657 15658
f 1329 15659 15660
f 15661 15662 15663
f 15664 15665 15666
f 15667 15668 15669
f 15670 15671 1412
f 15672 15673 1401
f 15674 15675 15676
f 1242 15677 1243
f 15678 15679 15680
f 917 15681 1043
f 863 981 15682
f 735 734 15683
f 15684 15685 15686
f 15687 15688 15689
f 15690 635 737
f 626 15691 627
f 15692 649 15693
f 15694 15695 15696
f 15697 15698 15699
f 15700 15701 15702
f 442 15703 15704
f 15705 15706 15707
f 300 409 411
f 15708 84 132
