# Tarmin2 Converted Camp Model
mtllib chest.mtl
usemtl chest

v 0.1061 0.2192 -0.2481
v 0.0982 0.2183 -0.2515
v 0.1032 0.2151 -0.2503
v 0.1057 0.2106 -0.2471
v 0.0982 0.2108 -0.2497
v 0.1037 0.2041 -0.2419
v 0.0989 0.2072 -0.2470
v 0.0973 0.2031 -0.2412
v 0.0970 0.2023 -0.2295
v 0.0913 0.2031 -0.2366
v 0.0885 0.2060 -0.2296
v 0.1084 0.2023 -0.2216
v 0.1109 0.1992 -0.2287
v 0.1054 0.2000 -0.2290
v 0.1031 0.2019 -0.2382
v 0.1162 0.1996 -0.2334
v 0.1233 0.2021 -0.2361
v 0.1097 0.2020 -0.2399
v 0.1277 0.2155 -0.2399
v 0.1168 0.2143 -0.2450
v 0.1146 0.2103 -0.2453
v 0.1453 0.2170 -0.2318
v 0.1475 0.2246 -0.2315
v 0.1379 0.2168 -0.2356
v 0.1416 0.2074 -0.2299
v 0.1411 0.2127 -0.2343
v 0.1356 0.2073 -0.2346
v 0.1274 0.2000 -0.2280
v 0.1271 0.2016 -0.2330
v 0.1220 0.1992 -0.2282
v 0.1208 0.2025 -0.2164
v 0.1222 0.1996 -0.2232
v 0.1167 0.1998 -0.2234
v 0.1100 0.2138 -0.2169
v 0.1230 0.2091 -0.2116
v 0.1085 0.2086 -0.2178
v 0.1333 0.2048 -0.2134
v 0.1373 0.2036 -0.2182
v 0.1344 0.2033 -0.2164
v 0.1469 0.2082 -0.2220
v 0.1436 0.2071 -0.2266
v 0.1380 0.2033 -0.2225
v 0.1395 0.2078 -0.2117
v 0.1364 0.2167 -0.2059
v 0.1390 0.2104 -0.2088
v 0.1341 0.2102 -0.2085
v 0.1334 0.2213 -0.2073
v 0.1349 0.2291 -0.2073
v 0.1409 0.2264 -0.2038
v 0.1462 0.2128 -0.2093
v 0.1500 0.2164 -0.2096
v 0.1526 0.2136 -0.2144
v 0.1455 0.2106 -0.2127
v 0.1489 0.2108 -0.2164
v 0.1467 0.2086 -0.2155
v 0.1533 0.2191 -0.2273
v 0.1548 0.2257 -0.2283
v 0.1471 0.2125 -0.2296
v 0.1606 0.2336 -0.2241
v 0.1562 0.2330 -0.2277
v 0.1542 0.2176 -0.2126
v 0.1575 0.2190 -0.2170
v 0.1488 0.2196 -0.2056
v 0.1582 0.2305 -0.2050
v 0.1553 0.2227 -0.2085
v 0.1632 0.2298 -0.2136
v 0.1633 0.2295 -0.2166
v 0.1578 0.2208 -0.2133
v 0.1671 0.2416 -0.2116
v 0.1686 0.2464 -0.2137
v 0.1680 0.2443 -0.2160
v 0.1602 0.2450 -0.2026
v 0.1635 0.2422 -0.2049
v 0.1592 0.2343 -0.2044
v 0.1512 0.2327 -0.2018
v 0.1521 0.2386 -0.2011
v 0.1565 0.2325 -0.2035
v 0.1459 0.2267 -0.2029
v 0.1459 0.2413 -0.2004
v 0.1410 0.2490 -0.1996
v 0.1445 0.2478 -0.1993
v 0.1393 0.2514 -0.1872
v 0.1446 0.2550 -0.1873
v 0.1418 0.2548 -0.1904
v 0.1294 0.2474 -0.1872
v 0.1325 0.2504 -0.1913
v 0.1267 0.2452 -0.1887
v 0.1264 0.2225 -0.1871
v 0.1228 0.2350 -0.1894
v 0.1159 0.2300 -0.1922
v 0.1529 0.1884 -0.1759
v 0.1388 0.1552 -0.1819
v 0.1539 0.1616 -0.1755
v 0.1588 0.1545 -0.1768
v 0.1558 0.1549 -0.1772
v 0.1588 0.1503 -0.1810
v 0.1519 0.1492 -0.1821
v 0.1707 0.1559 -0.1753
v 0.1641 0.1532 -0.1806
v 0.1603 0.1502 -0.1923
v 0.1710 0.1626 -0.1701
v 0.1648 0.1563 -0.1759
v 0.1694 0.1681 -0.1690
v 0.1683 0.1809 -0.1696
v 0.1630 0.1677 -0.1721
v 0.1868 0.1739 -0.1635
v 0.1826 0.1789 -0.1637
v 0.1821 0.1700 -0.1639
v 0.1912 0.1682 -0.1670
v 0.1920 0.1730 -0.1643
v 0.1864 0.1689 -0.1654
v 0.1957 0.1984 -0.1577
v 0.1721 0.2134 -0.1675
v 0.2040 0.1844 -0.1571
v 0.2036 0.1884 -0.1555
v 0.1978 0.1851 -0.1570
v 0.2154 0.1900 -0.1526
v 0.2161 0.1975 -0.1504
v 0.2109 0.1908 -0.1520
v 0.2250 0.2145 -0.1451
v 0.2181 0.2073 -0.1483
v 0.2229 0.2076 -0.1464
v 0.2262 0.2010 -0.1468
v 0.2240 0.2038 -0.1463
v 0.2234 0.1993 -0.1461
v 0.2396 0.2136 -0.1409
v 0.2358 0.2173 -0.1407
v 0.2359 0.2140 -0.1410
v 0.2418 0.2097 -0.1430
v 0.2456 0.2188 -0.1403
v 0.2416 0.2561 -0.1362
v 0.2344 0.2257 -0.1405
v 0.2434 0.2324 -0.1364
v 0.2617 0.2433 -0.1276
v 0.2672 0.2487 -0.1259
v 0.2599 0.2529 -0.1283
v 0.2628 0.2373 -0.1285
v 0.2678 0.2428 -0.1274
v 0.2758 0.2377 -0.1295
v 0.2737 0.2428 -0.1267
v 0.2690 0.2369 -0.1311
v 0.2736 0.2552 -0.1220
v 0.2860 0.2511 -0.1282
v 0.2870 0.2553 -0.1235
v 0.2805 0.2483 -0.1255
v 0.2857 0.2664 -0.1165
v 0.2790 0.2657 -0.1193
v 0.2803 0.2603 -0.1203
v 0.2577 0.3023 -0.1282
v 0.2315 0.2873 -0.1401
v 0.2582 0.2866 -0.1279
v 0.2037 0.2308 -0.1534
v 0.1523 0.2452 -0.1764
v 0.1451 0.2504 -0.1806
v 0.1401 0.2451 -0.1820
v 0.1462 0.2542 -0.1814
v 0.1489 0.2575 -0.1874
v 0.1523 0.2644 -0.1921
v 0.1519 0.2608 -0.1931
v 0.1508 0.2623 -0.1885
v 0.1456 0.2505 -0.1964
v 0.1448 0.2551 -0.1920
v 0.1505 0.2496 -0.1969
v 0.1642 0.2480 -0.2041
v 0.1649 0.2442 -0.2072
v 0.1691 0.2672 -0.2119
v 0.1689 0.2617 -0.2149
v 0.1686 0.2523 -0.2090
v 0.1669 0.2697 -0.2208
v 0.1652 0.2622 -0.2224
v 0.1685 0.2546 -0.2183
v 0.1661 0.2440 -0.2209
v 0.1641 0.2439 -0.2238
v 0.1584 0.2377 -0.2280
v 0.1646 0.2495 -0.2238
v 0.1585 0.2433 -0.2278
v 0.1375 0.2259 -0.2347
v 0.1441 0.2314 -0.2320
v 0.1392 0.2307 -0.2323
v 0.1243 0.2213 -0.2395
v 0.1154 0.2206 -0.2432
v 0.1211 0.2242 -0.2382
v 0.1137 0.2237 -0.2420
v 0.0911 0.2364 -0.2523
v 0.0929 0.2297 -0.2526
v 0.0983 0.2309 -0.2479
v 0.0871 0.2212 -0.2554
v 0.0866 0.2263 -0.2566
v 0.0820 0.2217 -0.2552
v 0.0865 0.2127 -0.2494
v 0.0823 0.2173 -0.2530
v 0.0774 0.2168 -0.2496
v 0.0726 0.2165 -0.2352
v 0.0749 0.2139 -0.2411
v 0.0696 0.2194 -0.2412
v 0.0805 0.2132 -0.2277
v 0.0688 0.2255 -0.2334
v 0.0690 0.2346 -0.2296
v 0.0877 0.2144 -0.2254
v 0.0865 0.2081 -0.2280
v 0.1013 0.2089 -0.2218
v 0.0924 0.2172 -0.2235
v 0.1021 0.2134 -0.2203
v 0.0993 0.2192 -0.2215
v 0.1012 0.2221 -0.2219
v 0.1083 0.2186 -0.2183
v 0.1213 0.2143 -0.2114
v 0.1223 0.2191 -0.2117
v 0.1294 0.2146 -0.2082
v 0.1292 0.2250 -0.2101
v 0.1240 0.2256 -0.2143
v 0.1307 0.2301 -0.2109
v 0.1384 0.2347 -0.2050
v 0.1352 0.2365 -0.2081
v 0.1386 0.2441 -0.2035
v 0.1368 0.2437 -0.2062
v 0.1352 0.2421 -0.2115
v 0.1339 0.2508 -0.2050
v 0.1206 0.2450 -0.1925
v 0.1267 0.2497 -0.1927
v 0.1225 0.2491 -0.1940
v 0.1162 0.2405 -0.1936
v 0.1134 0.2153 -0.1922
v 0.1017 0.2382 -0.1986
v 0.0917 0.2304 -0.2024
v 0.1208 0.1730 -0.1897
v 0.0991 0.1597 -0.1992
v 0.1145 0.1556 -0.1929
v 0.1340 0.1494 -0.1861
v 0.1400 0.1478 -0.1867
v 0.1461 0.1499 -0.1817
v 0.1459 0.1481 -0.1866
v 0.1459 0.1455 -0.1929
v 0.1531 0.1469 -0.1880
v 0.1560 0.1470 -0.1987
v 0.1687 0.1531 -0.1916
v 0.1810 0.1610 -0.1759
v 0.1815 0.1605 -0.1820
v 0.1841 0.1627 -0.1759
v 0.1908 0.1672 -0.1739
v 0.1981 0.1738 -0.1639
v 0.1942 0.1690 -0.1707
v 0.2008 0.1737 -0.1663
v 0.2032 0.1743 -0.1615
v 0.2064 0.1772 -0.1642
v 0.2049 0.1790 -0.1603
v 0.2095 0.1846 -0.1574
v 0.2132 0.1864 -0.1570
v 0.2111 0.1824 -0.1631
v 0.2169 0.1880 -0.1581
v 0.2208 0.2018 -0.1469
v 0.2223 0.1961 -0.1503
v 0.2301 0.1988 -0.1521
v 0.2330 0.2021 -0.1487
v 0.2404 0.2091 -0.1457
v 0.2374 0.2046 -0.1528
v 0.2414 0.2090 -0.1517
v 0.2538 0.2214 -0.1368
v 0.2524 0.2208 -0.1398
v 0.2585 0.2246 -0.1399
v 0.2655 0.2279 -0.1325
v 0.2638 0.2275 -0.1359
v 0.2644 0.2311 -0.1307
v 0.2519 0.2254 -0.1352
v 0.2568 0.2311 -0.1342
v 0.2503 0.2317 -0.1336
v 0.2683 0.2358 -0.1395
v 0.2667 0.2341 -0.1374
v 0.2624 0.2271 -0.1396
v 0.2762 0.2424 -0.1343
v 0.2744 0.2382 -0.1353
v 0.2822 0.2493 -0.1291
v 0.2819 0.2507 -0.1331
v 0.2868 0.2552 -0.1277
v 0.2906 0.2624 -0.1300
v 0.2884 0.2568 -0.1189
v 0.2902 0.2605 -0.1189
v 0.2909 0.2721 -0.1151
v 0.2906 0.2781 -0.1137
v 0.2848 0.2725 -0.1157
v 0.2854 0.2856 -0.1155
v 0.2849 0.3024 -0.1158
v 0.2760 0.2946 -0.1196
v 0.2693 0.3024 -0.1223
v 0.2580 0.3057 -0.1285
v 0.2562 0.3086 -0.1324
v 0.2379 0.3023 -0.1370
v 0.2331 0.3022 -0.1393
v 0.2140 0.2938 -0.1480
v 0.2145 0.3023 -0.1478
v 0.2087 0.3022 -0.1504
v 0.2055 0.3021 -0.1518
v 0.2037 0.3081 -0.1558
v 0.1965 0.3023 -0.1564
v 0.1732 0.3022 -0.1675
v 0.1633 0.2865 -0.1731
v 0.1662 0.2743 -0.1707
v 0.1584 0.2646 -0.1748
v 0.1516 0.2745 -0.1824
v 0.1524 0.2617 -0.1790
v 0.1522 0.2701 -0.1874
v 0.1541 0.2701 -0.1918
v 0.1560 0.2753 -0.1943
v 0.1651 0.2609 -0.2031
v 0.1566 0.2646 -0.1956
v 0.1671 0.2842 -0.2057
v 0.1694 0.2852 -0.2122
v 0.1707 0.2992 -0.2164
v 0.1694 0.2788 -0.2155
v 0.1674 0.2812 -0.2207
v 0.1688 0.2890 -0.2188
v 0.1672 0.2944 -0.2215
v 0.1607 0.2903 -0.2254
v 0.1647 0.2997 -0.2240
v 0.1606 0.3104 -0.2271
v 0.1543 0.2513 -0.2273
v 0.1607 0.2604 -0.2252
v 0.1561 0.2649 -0.2261
v 0.1460 0.2499 -0.2262
v 0.1506 0.2560 -0.2265
v 0.1465 0.2584 -0.2246
v 0.1361 0.2372 -0.2260
v 0.1421 0.2432 -0.2264
v 0.1393 0.2440 -0.2235
v 0.1373 0.2486 -0.2156
v 0.1393 0.2497 -0.2200
v 0.1374 0.2552 -0.2151
v 0.1295 0.2608 -0.2110
v 0.1261 0.2633 -0.2141
v 0.1287 0.2575 -0.2092
v 0.1354 0.2495 -0.2100
v 0.1313 0.2352 -0.2173
v 0.1324 0.2360 -0.2218
v 0.1342 0.2396 -0.2164
v 0.1274 0.2314 -0.2181
v 0.1276 0.2319 -0.2227
v 0.1288 0.2311 -0.2282
v 0.1270 0.2274 -0.2335
v 0.1280 0.2253 -0.2358
v 0.1447 0.2365 -0.2303
v 0.1503 0.2400 -0.2293
v 0.1472 0.2446 -0.2280
v 0.1223 0.2291 -0.2282
v 0.1159 0.2277 -0.2336
v 0.1219 0.2273 -0.2334
v 0.1040 0.2304 -0.2390
v 0.1035 0.2296 -0.2430
v 0.1093 0.2280 -0.2388
v 0.0951 0.2374 -0.2446
v 0.0941 0.2367 -0.2486
v 0.0990 0.2328 -0.2440
v 0.0862 0.2358 -0.2557
v 0.0861 0.2445 -0.2549
v 0.0803 0.2448 -0.2585
v 0.0818 0.2254 -0.2568
v 0.0814 0.2333 -0.2575
v 0.0778 0.2290 -0.2574
v 0.0674 0.2289 -0.2500
v 0.0719 0.2366 -0.2580
v 0.0664 0.2389 -0.2547
v 0.0640 0.2305 -0.2475
v 0.0640 0.2367 -0.2523
v 0.0604 0.2388 -0.2453
v 0.0633 0.2369 -0.2329
v 0.0595 0.2409 -0.2404
v 0.0585 0.2467 -0.2377
v 0.0650 0.2295 -0.2350
v 0.0644 0.2287 -0.2449
v 0.0723 0.2369 -0.2269
v 0.0679 0.2418 -0.2267
v 0.0707 0.2432 -0.2249
v 0.0780 0.2272 -0.2268
v 0.0831 0.2265 -0.2256
v 0.0948 0.2254 -0.2243
v 0.1003 0.2254 -0.2241
v 0.1117 0.2234 -0.2202
v 0.1058 0.2249 -0.2233
v 0.1098 0.2263 -0.2245
v 0.1171 0.2253 -0.2195
v 0.1166 0.2274 -0.2238
v 0.1227 0.2280 -0.2187
v 0.1164 0.2282 -0.2286
v 0.1224 0.2292 -0.2232
v 0.0985 0.2313 -0.2307
v 0.0963 0.2351 -0.2356
v 0.1033 0.2306 -0.2339
v 0.0913 0.2368 -0.2318
v 0.0911 0.2413 -0.2370
v 0.0988 0.2338 -0.2397
v 0.0893 0.2489 -0.2451
v 0.0888 0.2496 -0.2491
v 0.0919 0.2430 -0.2452
v 0.0873 0.2493 -0.2527
v 0.0832 0.2587 -0.2559
v 0.0862 0.2615 -0.2450
v 0.0871 0.2563 -0.2482
v 0.0877 0.2537 -0.2441
v 0.0843 0.2501 -0.2300
v 0.0867 0.2533 -0.2392
v 0.0874 0.2462 -0.2353
v 0.0864 0.2366 -0.2284
v 0.0852 0.2423 -0.2308
v 0.0876 0.2309 -0.2263
v 0.0941 0.2304 -0.2274
v 0.0762 0.2377 -0.2262
v 0.0755 0.2495 -0.2160
v 0.0810 0.2510 -0.2234
v 0.0753 0.2494 -0.2225
v 0.0866 0.2549 -0.2233
v 0.0857 0.2557 -0.2270
v 0.0832 0.2545 -0.2241
v 0.0859 0.2588 -0.2379
v 0.0855 0.2667 -0.2404
v 0.0884 0.2773 -0.2346
v 0.0864 0.2750 -0.2391
v 0.0875 0.2673 -0.2348
v 0.0935 0.2867 -0.2337
v 0.0924 0.2971 -0.2341
v 0.0889 0.2931 -0.2343
v 0.0854 0.2968 -0.2462
v 0.0848 0.2928 -0.2505
v 0.0852 0.2828 -0.2453
v 0.0837 0.2844 -0.2533
v 0.0819 0.2920 -0.2574
v 0.0817 0.2762 -0.2569
v 0.0790 0.2646 -0.2589
v 0.0788 0.2833 -0.2594
v 0.0750 0.2758 -0.2612
v 0.0753 0.2468 -0.2604
v 0.0704 0.2498 -0.2603
v 0.0633 0.2404 -0.2531
v 0.0664 0.2499 -0.2587
v 0.0634 0.2587 -0.2577
v 0.0584 0.2515 -0.2482
v 0.0594 0.2674 -0.2504
v 0.0577 0.2668 -0.2444
v 0.0574 0.2614 -0.2346
v 0.0574 0.2580 -0.2395
v 0.0548 0.2674 -0.2335
v 0.0459 0.2666 -0.2263
v 0.0468 0.2692 -0.2299
v 0.0392 0.2663 -0.2266
v 0.0471 0.2554 -0.2218
v 0.0389 0.2613 -0.2251
v 0.0421 0.2459 -0.2239
v 0.0584 0.2378 -0.2159
v 0.0510 0.2436 -0.2201
v 0.0474 0.2292 -0.2214
v 0.0640 0.2380 -0.2148
v 0.0689 0.2439 -0.2148
v 0.0626 0.2442 -0.2154
v 0.0592 0.2472 -0.2165
v 0.0642 0.2486 -0.2227
v 0.0587 0.2496 -0.2211
v 0.0487 0.2499 -0.2217
v 0.0522 0.2558 -0.2220
v 0.0475 0.2598 -0.2220
v 0.0547 0.2616 -0.2270
v 0.0454 0.2617 -0.2231
v 0.0583 0.2580 -0.2312
v 0.0575 0.2565 -0.2338
v 0.0580 0.2569 -0.2277
v 0.0587 0.2535 -0.2322
v 0.0640 0.2480 -0.2287
v 0.0732 0.2445 -0.2124
v 0.0747 0.2378 -0.2092
v 0.0688 0.2369 -0.2129
v 0.0712 0.2298 -0.2111
v 0.0933 0.2385 -0.2029
v 0.0869 0.2382 -0.2051
v 0.0804 0.2449 -0.2090
v 0.0869 0.2498 -0.2109
v 0.0808 0.2491 -0.2111
v 0.0803 0.2503 -0.2165
v 0.1144 0.2549 -0.2132
v 0.1121 0.2607 -0.2229
v 0.1041 0.2550 -0.2185
v 0.0878 0.2603 -0.2287
v 0.0927 0.2641 -0.2294
v 0.0868 0.2615 -0.2334
v 0.0929 0.2680 -0.2319
v 0.1021 0.2770 -0.2360
v 0.0939 0.2760 -0.2341
v 0.0962 0.2806 -0.2343
v 0.1081 0.2897 -0.2401
v 0.1003 0.2895 -0.2357
v 0.0989 0.2961 -0.2340
v 0.1045 0.3017 -0.2346
v 0.0992 0.3024 -0.2347
v 0.0895 0.2999 -0.2350
v 0.0884 0.3070 -0.2486
v 0.0858 0.3009 -0.2511
v 0.0868 0.3089 -0.2546
v 0.0912 0.3213 -0.2558
v 0.0883 0.3189 -0.2585
v 0.0758 0.3166 -0.2618
v 0.0812 0.3252 -0.2618
v 0.0763 0.3249 -0.2612
v 0.0702 0.2874 -0.2613
v 0.0710 0.3034 -0.2604
v 0.0669 0.2957 -0.2591
v 0.0660 0.2609 -0.2586
v 0.0666 0.2767 -0.2593
v 0.0632 0.2625 -0.2578
v 0.0581 0.2808 -0.2493
v 0.0617 0.2920 -0.2553
v 0.0587 0.3002 -0.2497
v 0.0551 0.3026 -0.2389
v 0.0570 0.2966 -0.2449
v 0.0560 0.3041 -0.2444
v 0.0469 0.2968 -0.2307
v 0.0506 0.3069 -0.2346
v 0.0406 0.3031 -0.2314
v 0.0396 0.2692 -0.2284
v 0.0468 0.2880 -0.2298
v 0.0338 0.2791 -0.2286
v 0.0284 0.2627 -0.2296
v 0.0277 0.2789 -0.2299
v 0.0089 0.2730 -0.2381
v 0.0408 0.2011 -0.2243
v 0.0271 0.2269 -0.2305
v 0.0182 0.1983 -0.2347
v 0.0391 0.1831 -0.2247
v 0.0264 0.1794 -0.2299
v 0.0337 0.1782 -0.2272
v 0.0392 0.1738 -0.2280
v 0.0380 0.1773 -0.2260
v 0.0340 0.1743 -0.2284
v 0.0496 0.1842 -0.2201
v 0.0420 0.1757 -0.2228
v 0.0496 0.1779 -0.2206
v 0.0719 0.1734 -0.2105
v 0.0643 0.1774 -0.2141
v 0.0651 0.1715 -0.2148
v 0.0747 0.1613 -0.2100
v 0.0717 0.1675 -0.2105
v 0.0719 0.1602 -0.2147
v 0.0875 0.1562 -0.2038
v 0.0844 0.1556 -0.2058
v 0.0878 0.1492 -0.2053
v 0.0885 0.1446 -0.2071
v 0.0864 0.1475 -0.2109
v 0.0917 0.1432 -0.2110
v 0.0920 0.1440 -0.2066
v 0.0953 0.1471 -0.2032
v 0.0911 0.1490 -0.2045
v 0.1042 0.1433 -0.1997
v 0.1093 0.1498 -0.1951
v 0.1053 0.1509 -0.1971
v 0.1069 0.1386 -0.2024
v 0.1107 0.1387 -0.2053
v 0.1099 0.1429 -0.1996
v 0.1174 0.1431 -0.1934
v 0.1205 0.1492 -0.1913
v 0.1133 0.1499 -0.1934
v 0.1288 0.1439 -0.1921
v 0.1261 0.1496 -0.1882
v 0.1222 0.1432 -0.1936
v 0.1388 0.1441 -0.1892
v 0.1289 0.1403 -0.1996
v 0.1230 0.1391 -0.1992
v 0.1255 0.1400 -0.2031
v 0.1325 0.1387 -0.2108
v 0.1389 0.1367 -0.2137
v 0.1454 0.1415 -0.2066
v 0.1632 0.1437 -0.2057
v 0.1503 0.1406 -0.2087
v 0.1514 0.1383 -0.2111
v 0.1658 0.1500 -0.1974
v 0.1768 0.1556 -0.1920
v 0.1879 0.1624 -0.1866
v 0.1973 0.1701 -0.1788
v 0.2018 0.1744 -0.1701
v 0.2135 0.1830 -0.1703
v 0.2221 0.1905 -0.1585
v 0.2284 0.1960 -0.1589
v 0.2252 0.1933 -0.1587
v 0.2381 0.2054 -0.1590
v 0.2474 0.2148 -0.1516
v 0.2741 0.2428 -0.1397
v 0.2648 0.2331 -0.1445
v 0.2734 0.2432 -0.1455
v 0.2994 0.2742 -0.1293
v 0.2855 0.2574 -0.1378
v 0.2989 0.2741 -0.1358
v 0.3074 0.2854 -0.1289
v 0.3102 0.2886 -0.1327
v 0.3170 0.2999 -0.1234
v 0.3187 0.2946 -0.1149
v 0.3181 0.2980 -0.1179
v 0.3221 0.3021 -0.1136
v 0.3218 0.2961 -0.1119
v 0.3241 0.3024 -0.1088
v 0.3237 0.2905 -0.1093
v 0.3151 0.2787 -0.1104
v 0.3158 0.2843 -0.1115
v 0.3209 0.2794 -0.1123
v 0.3311 0.2809 -0.1129
v 0.3383 0.2793 -0.1162
v 0.3312 0.2761 -0.1155
v 0.3339 0.2658 -0.1221
v 0.3279 0.2661 -0.1176
v 0.3335 0.2721 -0.1174
v 0.3136 0.2665 -0.1050
v 0.3150 0.2732 -0.1101
v 0.3198 0.2688 -0.1130
v 0.3091 0.2795 -0.1174
v 0.3119 0.2839 -0.1135
v 0.3098 0.2789 -0.1106
v 0.3058 0.2774 -0.1189
v 0.3094 0.2833 -0.1191
v 0.3105 0.2784 -0.1055
v 0.3075 0.2842 -0.1081
v 0.2977 0.2783 -0.1106
v 0.2952 0.2763 -0.1125
v 0.2989 0.2725 -0.1116
v 0.3025 0.2668 -0.1144
v 0.3030 0.2725 -0.1134
v 0.2992 0.2666 -0.1120
v 0.3028 0.2556 -0.1135
v 0.2991 0.2607 -0.1120
v 0.3034 0.2619 -0.1153
v 0.3127 0.2522 -0.1205
v 0.3097 0.2567 -0.1182
v 0.3149 0.2572 -0.1188
v 0.3081 0.2479 -0.1199
v 0.3075 0.2442 -0.1227
v 0.3026 0.2439 -0.1173
v 0.3028 0.2376 -0.1097
v 0.3068 0.2438 -0.1087
v 0.3028 0.2435 -0.1103
v 0.3077 0.2498 -0.1104
v 0.3123 0.2563 -0.1106
v 0.3095 0.2565 -0.1148
v 0.2994 0.2572 -0.1119
v 0.3213 0.2536 -0.1225
v 0.3203 0.2609 -0.1182
v 0.3277 0.2550 -0.1273
v 0.3299 0.2561 -0.1339
v 0.3219 0.2488 -0.1275
v 0.3078 0.2409 -0.1261
v 0.3131 0.2416 -0.1292
v 0.3099 0.2375 -0.1288
v 0.3004 0.2389 -0.1168
v 0.3042 0.2427 -0.1238
v 0.3025 0.2399 -0.1247
v 0.2916 0.2322 -0.1177
v 0.2972 0.2393 -0.1235
v 0.2927 0.2385 -0.1208
v 0.2912 0.2202 -0.1156
v 0.2962 0.2270 -0.1141
v 0.2912 0.2261 -0.1159
v 0.3176 0.2143 -0.1036
v 0.2912 0.2144 -0.1156
v 0.3356 0.2013 -0.0955
v 0.3798 0.2195 -0.0767
v 0.3709 0.2440 -0.0793
v 0.3664 0.2062 -0.0820
v 0.3561 0.2269 -0.0859
v 0.3149 0.2409 -0.1042
v 0.3170 0.2293 -0.1036
v 0.3028 0.2318 -0.1099
v 0.3001 0.2320 -0.1123
v 0.3142 0.2552 -0.1036
v 0.3179 0.2597 -0.1022
v 0.3140 0.2611 -0.1039
v 0.3186 0.2643 -0.1137
v 0.3204 0.2725 -0.1022
v 0.3198 0.2787 -0.1032
v 0.3144 0.2730 -0.1061
v 0.3107 0.2727 -0.1054
v 0.3148 0.2787 -0.1064
v 0.3095 0.2893 -0.1052
v 0.3099 0.2842 -0.1052
v 0.3162 0.2995 -0.0992
v 0.3142 0.3022 -0.1009
v 0.3136 0.2945 -0.1023
v 0.3023 0.2899 -0.1080
v 0.2968 0.2845 -0.1099
v 0.3026 0.2837 -0.1095
v 0.2972 0.3030 -0.1106
v 0.3026 0.3079 -0.1111
v 0.2984 0.3070 -0.1118
v 0.2907 0.3028 -0.1137
v 0.2913 0.3080 -0.1168
v 0.2848 0.3086 -0.1204
v 0.2847 0.3121 -0.1264
v 0.2795 0.3083 -0.1217
v 0.2799 0.3122 -0.1277
v 0.2839 0.3138 -0.1306
v 0.2738 0.3108 -0.1274
v 0.2665 0.3112 -0.1319
v 0.2766 0.3149 -0.1344
v 0.2645 0.3139 -0.1368
v 0.2564 0.3135 -0.1387
v 0.2460 0.3064 -0.1342
v 0.2444 0.3091 -0.1380
v 0.2383 0.3085 -0.1396
v 0.2219 0.3071 -0.1458
v 0.2372 0.3136 -0.1476
v 0.2270 0.3124 -0.1513
v 0.2150 0.3088 -0.1511
v 0.2256 0.3140 -0.1548
v 0.2153 0.3134 -0.1573
v 0.2089 0.3068 -0.1517
v 0.2088 0.3104 -0.1569
v 0.2056 0.3052 -0.1519
v 0.1985 0.3074 -0.1575
v 0.2037 0.3133 -0.1629
v 0.1971 0.3098 -0.1616
v 0.1853 0.3023 -0.1615
v 0.1917 0.3089 -0.1626
v 0.1855 0.3072 -0.1633
v 0.1816 0.3021 -0.1633
v 0.1800 0.3084 -0.1674
v 0.1696 0.3021 -0.1692
v 0.1624 0.3025 -0.1744
v 0.1549 0.2941 -0.1796
v 0.1521 0.2888 -0.1818
v 0.1526 0.2906 -0.1870
v 0.1526 0.2810 -0.1864
v 0.1537 0.2764 -0.1900
v 0.1592 0.3017 -0.1984
v 0.1558 0.3087 -0.1934
v 0.1589 0.3079 -0.1984
v 0.1662 0.3039 -0.2059
v 0.1692 0.3031 -0.2116
v 0.1688 0.2906 -0.2089
v 0.1704 0.3164 -0.2164
v 0.1690 0.3055 -0.2191
v 0.1674 0.3078 -0.2218
v 0.1662 0.3137 -0.2245
v 0.1558 0.2953 -0.2263
v 0.1544 0.3080 -0.2273
v 0.1484 0.2981 -0.2256
v 0.1452 0.3063 -0.2259
v 0.1361 0.3026 -0.2233
v 0.1310 0.3025 -0.2269
v 0.1347 0.2963 -0.2232
v 0.1343 0.2906 -0.2226
v 0.1313 0.2903 -0.2272
v 0.1348 0.2854 -0.2207
v 0.1366 0.2837 -0.2177
v 0.1380 0.2790 -0.2174
v 0.1340 0.2686 -0.2166
v 0.1395 0.2730 -0.2172
v 0.1343 0.2752 -0.2187
v 0.1284 0.2717 -0.2180
v 0.1256 0.2731 -0.2240
v 0.1249 0.2678 -0.2189
v 0.1161 0.2686 -0.2277
v 0.1213 0.2738 -0.2297
v 0.1195 0.2767 -0.2357
v 0.1158 0.2497 -0.1997
v 0.1205 0.2543 -0.2089
v 0.1069 0.2517 -0.2087
v 0.1095 0.2457 -0.1983
v 0.1099 0.2501 -0.2033
v 0.1076 0.2488 -0.2005
v 0.0980 0.2460 -0.2039
v 0.0962 0.2489 -0.2068
v 0.0929 0.2502 -0.2104
v 0.1078 0.2680 -0.2302
v 0.1144 0.2747 -0.2356
v 0.1033 0.2715 -0.2335
v 0.1162 0.2851 -0.2411
v 0.1163 0.2899 -0.2414
v 0.1113 0.2849 -0.2408
v 0.1164 0.2934 -0.2404
v 0.1199 0.2930 -0.2403
v 0.1269 0.2992 -0.2308
v 0.1242 0.2964 -0.2354
v 0.1286 0.2944 -0.2304
v 0.1200 0.3061 -0.2325
v 0.1214 0.3143 -0.2305
v 0.1154 0.3076 -0.2331
v 0.1100 0.2926 -0.2398
v 0.1052 0.2950 -0.2365
v 0.1045 0.3080 -0.2341
v 0.0982 0.3073 -0.2367
v 0.0942 0.3127 -0.2412
v 0.1032 0.3198 -0.2425
v 0.0981 0.3189 -0.2453
v 0.0925 0.3161 -0.2496
v 0.0968 0.3214 -0.2490
v 0.0950 0.3244 -0.2534
v 0.0971 0.3313 -0.2553
v 0.0942 0.3337 -0.2582
v 0.0939 0.3285 -0.2582
v 0.0993 0.3280 -0.2514
v 0.1043 0.3323 -0.2500
v 0.0999 0.3333 -0.2524
v 0.0982 0.3368 -0.2523
v 0.1043 0.3428 -0.2495
v 0.0978 0.3428 -0.2515
v 0.0923 0.3497 -0.2557
v 0.0862 0.3415 -0.2574
v 0.0912 0.3409 -0.2558
v 0.0814 0.3305 -0.2611
v 0.0651 0.3178 -0.2564
v 0.0668 0.3143 -0.2586
v 0.0703 0.3254 -0.2568
v 0.0539 0.3250 -0.2461
v 0.0627 0.3261 -0.2508
v 0.0595 0.3293 -0.2475
v 0.0460 0.3165 -0.2426
v 0.0463 0.3210 -0.2440
v 0.0378 0.3177 -0.2425
v 0.0406 0.3121 -0.2365
v 0.0462 0.3134 -0.2401
v 0.0399 0.3144 -0.2400
v 0.0222 0.3022 -0.2326
v 0.0224 0.3068 -0.2337
v 0.0183 0.3019 -0.2335
v 0.0248 0.2925 -0.2321
v 0.0199 0.2848 -0.2334
v -0.0163 0.2906 -0.2485
v -0.0578 0.2856 -0.2666
v -0.0604 0.2529 -0.2689
v -0.0398 0.1786 -0.2609
v -0.0199 0.1875 -0.2521
v -0.0356 0.2036 -0.2590
v 0.0101 0.1573 -0.2397
v 0.0154 0.1660 -0.2374
v 0.0069 0.1694 -0.2403
v 0.0238 0.1745 -0.2331
v 0.0191 0.1733 -0.2345
v 0.0227 0.1676 -0.2357
v 0.0293 0.1756 -0.2283
v 0.0400 0.1710 -0.2323
v 0.0410 0.1689 -0.2378
v 0.0460 0.1710 -0.2336
v 0.0553 0.1694 -0.2284
v 0.0513 0.1699 -0.2336
v 0.0592 0.1671 -0.2312
v 0.0615 0.1657 -0.2230
v 0.0582 0.1682 -0.2263
v 0.0675 0.1659 -0.2154
v 0.0690 0.1615 -0.2173
v 0.0755 0.1569 -0.2112
v 0.0748 0.1556 -0.2161
v 0.0797 0.1546 -0.2102
v 0.0813 0.1499 -0.2125
v 0.0982 0.1412 -0.2111
v 0.0920 0.1437 -0.2176
v 0.1025 0.1405 -0.2127
v 0.1174 0.1395 -0.2045
v 0.1107 0.1392 -0.2109
v 0.1188 0.1390 -0.2095
v 0.1114 0.1383 -0.2158
v 0.1206 0.1376 -0.2142
v 0.1038 0.1384 -0.2215
v 0.0969 0.1395 -0.2258
v 0.1020 0.1365 -0.2271
v 0.1313 0.1321 -0.2199
v 0.1182 0.1315 -0.2247
v 0.1248 0.1285 -0.2246
v 0.1564 0.1321 -0.2137
v 0.1387 0.1294 -0.2197
v 0.1430 0.1257 -0.2193
v 0.1608 0.1385 -0.2099
v 0.1731 0.1445 -0.2049
v 0.1854 0.1494 -0.2011
v 0.1861 0.1446 -0.2028
v 0.1991 0.1561 -0.1964
v 0.2179 0.1782 -0.1838
v 0.2084 0.1732 -0.1846
v 0.2073 0.1693 -0.1885
v 0.2193 0.1832 -0.1791
v 0.2303 0.1899 -0.1784
v 0.2339 0.1975 -0.1721
v 0.2499 0.2114 -0.1685
v 0.2415 0.2008 -0.1741
v 0.2524 0.2093 -0.1722
v 0.2586 0.2254 -0.1575
v 0.2616 0.2261 -0.1608
v 0.2721 0.2401 -0.1522
v 0.2860 0.2576 -0.1440
v 0.2864 0.2553 -0.1495
v 0.2991 0.2725 -0.1414
v 0.3202 0.3081 -0.1219
v 0.3190 0.3040 -0.1224
v 0.3214 0.3058 -0.1267
v 0.3187 0.3123 -0.1182
v 0.3216 0.3131 -0.1214
v 0.3099 0.3069 -0.1049
v 0.3158 0.3085 -0.1113
v 0.3084 0.3084 -0.1092
v 0.3205 0.3069 -0.1046
v 0.3211 0.3060 -0.1129
v 0.3198 0.2967 -0.0987
v 0.3189 0.3021 -0.0985
v 0.3260 0.2903 -0.0982
v 0.3258 0.2961 -0.0968
v 0.3208 0.2901 -0.0984
v 0.3322 0.2957 -0.0923
v 0.3285 0.2987 -0.0933
v 0.3294 0.2959 -0.0947
v 0.3311 0.3013 -0.0924
v 0.3320 0.3070 -0.0937
v 0.3279 0.3029 -0.0932
v 0.3267 0.3070 -0.0984
v 0.3210 0.3071 -0.0996
v 0.3338 0.3027 -0.1064
v 0.3277 0.3075 -0.1049
v 0.3319 0.3068 -0.1059
v 0.3385 0.2929 -0.1094
v 0.3379 0.2992 -0.1065
v 0.3434 0.2921 -0.1101
v 0.3434 0.2871 -0.1145
v 0.3468 0.2862 -0.1195
v 0.3272 0.2907 -0.1072
v 0.3277 0.2965 -0.1073
v 0.3397 0.2735 -0.1239
v 0.3372 0.2754 -0.1191
v 0.3345 0.2628 -0.1294
v 0.3306 0.2610 -0.1250
v 0.3370 0.2692 -0.1351
v 0.3236 0.2503 -0.1407
v 0.3288 0.2566 -0.1397
v 0.3247 0.2551 -0.1443
v 0.3176 0.2445 -0.1305
v 0.3228 0.2468 -0.1351
v 0.3158 0.2398 -0.1350
v 0.3111 0.2344 -0.1357
v 0.3064 0.2336 -0.1316
v 0.2965 0.2311 -0.1262
v 0.3014 0.2303 -0.1308
v 0.2966 0.2271 -0.1304
v 0.2854 0.2210 -0.1251
v 0.2905 0.2265 -0.1240
v 0.2860 0.2251 -0.1286
v 0.2801 0.2148 -0.1272
v 0.2811 0.2207 -0.1258
v 0.2848 0.2170 -0.1317
v 0.2895 0.2072 -0.1166
v 0.2840 0.2093 -0.1197
v 0.2791 0.2028 -0.1211
v 0.2974 0.1860 -0.1126
v 0.3214 0.1488 -0.1009
v 0.2701 0.1152 -0.1223
v 0.2975 0.1161 -0.1103
v 0.3509 0.1509 -0.0879
v 0.3522 0.1182 -0.0863
v 0.3552 0.1094 -0.0856
v 0.3475 0.1093 -0.0881
v 0.3552 0.1032 -0.0871
v 0.3498 0.1032 -0.0903
v 0.3542 0.1002 -0.0909
v 0.3657 0.1083 -0.0810
v 0.3624 0.1029 -0.0853
v 0.3714 0.1042 -0.0801
v 0.3787 0.1151 -0.0749
v 0.3733 0.1086 -0.0771
v 0.3759 0.1048 -0.0762
v 0.3797 0.1300 -0.0757
v 0.3706 0.1544 -0.0799
v 0.3661 0.1284 -0.0809
v 0.3631 0.1790 -0.0833
v 0.3437 0.1811 -0.0917
v 0.3851 0.2048 -0.0758
v 0.3810 0.1902 -0.0766
v 0.3852 0.1819 -0.0759
v 0.3897 0.2084 -0.0755
v 0.3912 0.2347 -0.0752
v 0.3860 0.2239 -0.0754
v 0.3848 0.2462 -0.0742
v 0.3922 0.2654 -0.0751
v 0.3846 0.2698 -0.0734
v 0.3751 0.3027 -0.0758
v 0.3736 0.3083 -0.0796
v 0.3670 0.3025 -0.0788
v 0.3349 0.2831 -0.0929
v 0.3499 0.2887 -0.0858
v 0.3389 0.2925 -0.0902
v 0.3300 0.2761 -0.0956
v 0.3318 0.2838 -0.0950
v 0.3223 0.2784 -0.0986
v 0.3224 0.2701 -0.0990
v 0.3210 0.2645 -0.1007
v 0.3218 0.2590 -0.1002
v 0.3194 0.2844 -0.1030
v 0.3265 0.2854 -0.0973
v 0.3307 0.2902 -0.0959
v 0.3185 0.2901 -0.1018
v 0.3151 0.2844 -0.1059
v 0.3443 0.3021 -0.0869
v 0.3558 0.3082 -0.0857
v 0.3496 0.3081 -0.0874
v 0.3538 0.3051 -0.1064
v 0.3498 0.3089 -0.1002
v 0.3551 0.3097 -0.1003
v 0.3351 0.3044 -0.1042
v 0.3391 0.3085 -0.0995
v 0.3429 0.3020 -0.1047
v 0.3541 0.3003 -0.1118
v 0.3486 0.2991 -0.1086
v 0.3571 0.2971 -0.1230
v 0.3537 0.2944 -0.1265
v 0.3506 0.2892 -0.1242
v 0.3490 0.2873 -0.1278
v 0.3521 0.2947 -0.1304
v 0.3472 0.2861 -0.1318
v 0.3388 0.2751 -0.1380
v 0.3397 0.2820 -0.1399
v 0.3329 0.2655 -0.1413
v 0.3292 0.2730 -0.1469
v 0.3173 0.2559 -0.1519
v 0.3228 0.2573 -0.1476
v 0.3209 0.2495 -0.1470
v 0.3172 0.2476 -0.1492
v 0.3186 0.2448 -0.1451
v 0.3134 0.2407 -0.1502
v 0.3108 0.2424 -0.1539
v 0.3083 0.2350 -0.1540
v 0.3045 0.2245 -0.1462
v 0.3007 0.2216 -0.1504
v 0.2992 0.2183 -0.1466
v 0.2866 0.2105 -0.1405
v 0.2915 0.2106 -0.1461
v 0.2815 0.2020 -0.1449
v 0.2843 0.2109 -0.1374
v 0.2823 0.2130 -0.1347
v 0.2723 0.2030 -0.1281
v 0.2736 0.2084 -0.1320
v 0.2682 0.2033 -0.1303
v 0.2640 0.1943 -0.1284
v 0.2669 0.1982 -0.1348
v 0.2636 0.1952 -0.1347
v 0.2634 0.1851 -0.1281
v 0.2614 0.1923 -0.1349
v 0.2597 0.1840 -0.1316
v 0.2615 0.1799 -0.1293
v 0.2559 0.1781 -0.1320
v 0.2591 0.1656 -0.1294
v 0.2458 0.1374 -0.1339
v 0.2662 0.1092 -0.1235
v 0.2729 0.1086 -0.1214
v 0.2811 0.1065 -0.1170
v 0.2771 0.1065 -0.1201
v 0.2780 0.1024 -0.1221
v 0.2847 0.1046 -0.1166
v 0.2851 0.0973 -0.1237
v 0.2911 0.1026 -0.1156
v 0.2979 0.1044 -0.1115
v 0.2976 0.1022 -0.1141
v 0.3027 0.1031 -0.1106
v 0.3100 0.1045 -0.1056
v 0.3064 0.1091 -0.1059
v 0.3087 0.1028 -0.1087
v 0.3187 0.1088 -0.1003
v 0.3143 0.1030 -0.1049
v 0.3204 0.1030 -0.1032
v 0.3260 0.1038 -0.0992
v 0.3302 0.1064 -0.0966
v 0.3259 0.1073 -0.0980
v 0.3373 0.1045 -0.0935
v 0.3325 0.1029 -0.0977
v 0.3401 0.0973 -0.1002
v 0.3460 0.0941 -0.0978
v 0.3477 0.0990 -0.0946
v 0.3461 0.0846 -0.0981
v 0.3630 0.0891 -0.0908
v 0.3559 0.0926 -0.0936
v 0.3780 0.0858 -0.0840
v 0.3755 0.0923 -0.0859
v 0.3652 0.0796 -0.0899
v 0.3415 0.0552 -0.1003
v 0.3565 0.0328 -0.0934
v 0.3788 0.0136 -0.0832
v 0.3771 0.0191 -0.0846
v 0.3730 0.0123 -0.0847
v 0.3567 0.0103 -0.0755
v 0.3618 0.0109 -0.0872
v 0.3535 0.0108 -0.0881
v 0.3421 0.0094 -0.0557
v 0.3455 0.0106 -0.0534
v 0.3523 0.0093 -0.0517
v 0.3357 0.0154 -0.0564
v 0.3398 0.0168 -0.0544
v 0.3503 0.0152 -0.0515
v 0.3456 0.0160 -0.0537
v 0.3489 0.0184 -0.0531
v 0.3628 0.0090 -0.0490
v 0.3697 0.0084 -0.0608
v 0.3677 0.0099 -0.0752
v 0.3741 0.0100 -0.0784
v 0.3745 0.0114 -0.0819
v 0.3679 0.0110 -0.0814
v 0.3847 0.0123 -0.0828
v 0.3838 0.0181 -0.0840
v 0.3862 0.0285 -0.0837
v 0.3927 0.0403 -0.0867
v 0.3865 0.0483 -0.0839
v 0.3927 0.0842 -0.0866
v 0.3856 0.0986 -0.0831
v 0.3860 0.0857 -0.0834
v 0.3926 0.0993 -0.0845
v 0.3925 0.1024 -0.0804
v 0.3856 0.1031 -0.0767
v 0.3914 0.1080 -0.0758
v 0.3854 0.1079 -0.0748
v 0.3791 0.0985 -0.0838
v 0.3952 0.1083 -0.0785
v 0.3920 0.1150 -0.0751
v 0.3863 0.1344 -0.0751
v 0.3906 0.1429 -0.0754
v 0.3846 0.1543 -0.0757
v 0.3815 0.1654 -0.0762
v 0.4002 0.1609 -0.0827
v 0.4030 0.1661 -0.0842
v 0.4001 0.1767 -0.0828
v 0.3959 0.2055 -0.0801
v 0.3997 0.2016 -0.0829
v 0.3997 0.2128 -0.0835
v 0.3968 0.2579 -0.0795
v 0.3923 0.2830 -0.0749
v 0.3921 0.2964 -0.0748
v 0.3848 0.2963 -0.0727
v 0.3915 0.3030 -0.0757
v 0.3958 0.3027 -0.0792
v 0.3903 0.3076 -0.0769
v 0.3756 0.3062 -0.0762
v 0.3855 0.3105 -0.0807
v 0.3673 0.3081 -0.0811
v 0.3577 0.3019 -0.0817
v 0.3607 0.3126 -0.1011
v 0.3662 0.3146 -0.0994
v 0.3656 0.3134 -0.1055
v 0.3602 0.3094 -0.1063
v 0.3650 0.3106 -0.1112
v 0.3595 0.3052 -0.1120
v 0.3636 0.3058 -0.1176
v 0.3706 0.3154 -0.1201
v 0.3659 0.3110 -0.1231
v 0.3598 0.3039 -0.1260
v 0.3616 0.3100 -0.1283
v 0.3447 0.2825 -0.1359
v 0.3462 0.2879 -0.1349
v 0.3215 0.2692 -0.1501
v 0.3081 0.2471 -0.1564
v 0.3020 0.2327 -0.1577
v 0.2988 0.2255 -0.1591
v 0.2928 0.2235 -0.1629
v 0.2889 0.2134 -0.1612
v 0.2821 0.2000 -0.1576
v 0.2807 0.2008 -0.1620
v 0.2728 0.1896 -0.1582
v 0.2764 0.1970 -0.1483
v 0.2731 0.1923 -0.1527
v 0.2714 0.1917 -0.1489
v 0.2665 0.1942 -0.1434
v 0.2637 0.1959 -0.1409
v 0.2674 0.1968 -0.1413
v 0.2726 0.1982 -0.1424
v 0.2776 0.2040 -0.1402
v 0.2738 0.2087 -0.1355
v 0.2695 0.2075 -0.1336
v 0.2553 0.1875 -0.1414
v 0.2561 0.1910 -0.1377
v 0.2615 0.1894 -0.1447
v 0.2559 0.1851 -0.1341
v 0.2508 0.1795 -0.1336
v 0.2422 0.1691 -0.1378
v 0.2477 0.1739 -0.1358
v 0.2429 0.1739 -0.1400
v 0.2349 0.1676 -0.1402
v 0.2350 0.1708 -0.1402
v 0.2334 0.1681 -0.1461
v 0.2315 0.1490 -0.1413
v 0.2317 0.1574 -0.1422
v 0.2279 0.1564 -0.1444
v 0.2196 0.1387 -0.1463
v 0.2224 0.1141 -0.1428
v 0.2282 0.1049 -0.1404
v 0.2316 0.1086 -0.1389
v 0.2251 0.1089 -0.1412
v 0.2404 0.1071 -0.1342
v 0.2385 0.1033 -0.1381
v 0.2442 0.1050 -0.1340
v 0.2569 0.1056 -0.1286
v 0.2573 0.1027 -0.1311
v 0.2652 0.1042 -0.1263
v 0.2734 0.1034 -0.1224
v 0.2673 0.0999 -0.1289
v 0.2712 0.0974 -0.1301
v 0.2647 0.0957 -0.1329
v 0.2760 0.0943 -0.1283
v 0.2933 0.0920 -0.1216
v 0.2717 0.0871 -0.1313
v 0.2851 0.0752 -0.1257
v 0.3047 0.0997 -0.1131
v 0.3002 0.0978 -0.1177
v 0.3049 0.0951 -0.1155
v 0.3271 0.0998 -0.1030
v 0.3293 0.0949 -0.1056
v 0.3199 0.0753 -0.1101
v 0.2905 0.0257 -0.1234
v 0.3384 0.0285 -0.1017
v 0.3488 0.0156 -0.0970
v 0.3412 0.0129 -0.1001
v 0.3436 0.0121 -0.0980
v 0.3361 0.0105 -0.0926
v 0.3398 0.0113 -0.0965
v 0.3287 0.0105 -0.0961
v 0.3119 0.0098 -0.0684
v 0.3081 0.0102 -0.0823
v 0.3080 0.0100 -0.0696
v 0.3150 0.0123 -0.0666
v 0.3100 0.0162 -0.0666
v 0.3153 0.0161 -0.0654
v 0.3250 0.0143 -0.0617
v 0.3198 0.0153 -0.0650
v 0.3215 0.0209 -0.0605
v 0.3276 0.0097 -0.0619
v 0.3381 0.0099 -0.0673
v 0.3247 0.0098 -0.0627
v 0.3274 0.0228 -0.0538
v 0.3319 0.0189 -0.0585
v 0.3279 0.0202 -0.0587
v 0.3193 0.0240 -0.0486
v 0.3214 0.0240 -0.0533
v 0.2603 0.0244 0.0272
v 0.3045 0.0244 -0.0057
v 0.2692 0.0244 -0.0163
v 0.2700 0.0244 0.0617
v 0.2438 0.0244 0.0483
v 0.1411 0.0244 0.0444
v 0.1967 0.0244 0.0488
v 0.1671 0.0244 0.0349
v 0.1153 0.0244 0.0544
v 0.1044 0.0244 0.0288
v 0.0861 0.0244 0.1101
v 0.0930 0.0244 0.0657
v 0.0588 0.0244 0.0779
v 0.0393 0.0244 0.1004
v 0.0697 0.0245 0.1119
v 0.0500 0.0244 0.2063
v 0.0803 0.0244 0.1576
v 0.0570 0.0245 0.1472
v 0.0560 0.0242 0.2160
v 0.0671 0.0243 0.2156
v 0.0695 0.0244 0.2279
v 0.0755 0.0246 0.2279
v 0.0652 0.0238 0.2246
v 0.0630 0.0208 0.2338
v 0.0635 0.0235 0.2285
v 0.0584 0.0177 0.2333
v 0.0458 0.0096 0.2343
v 0.0557 0.0121 0.2346
v 0.0468 0.0125 0.2314
v 0.0215 0.0095 0.2377
v 0.0342 0.0097 0.2284
v 0.0225 0.0099 0.2265
v -0.0031 0.0090 0.2524
v 0.0005 0.0110 0.2543
v 0.0118 0.0093 0.2561
v 0.0088 0.0111 0.2570
v 0.0113 0.0199 0.2614
v 0.0178 0.0121 0.2608
v 0.0391 0.0101 0.2694
v 0.0355 0.0097 0.2588
v 0.0308 0.0100 0.2651
v 0.0328 0.0127 0.2686
v 0.0305 0.0203 0.2683
v 0.0421 0.0166 0.2725
v 0.0532 0.0100 0.2737
v 0.0558 0.0165 0.2783
v 0.0590 0.0115 0.2789
v 0.0699 0.0100 0.2798
v 0.0617 0.0099 0.2735
v 0.0633 0.0103 0.2779
v 0.0718 0.0096 0.2550
v 0.0755 0.0097 0.2464
v 0.0732 0.0095 0.2436
v 0.0652 0.0133 0.2395
v 0.0605 0.0098 0.2380
v 0.0629 0.0095 0.2407
v 0.0631 0.0157 0.2374
v 0.0691 0.0213 0.2356
v 0.0750 0.0207 0.2396
v 0.0753 0.0232 0.2347
v 0.0710 0.0190 0.2399
v 0.0867 0.0219 0.2410
v 0.0813 0.0243 0.2341
v 0.0809 0.0221 0.2396
v 0.0864 0.0169 0.2449
v 0.0802 0.0164 0.2425
v 0.0925 0.0213 0.2448
v 0.0884 0.0205 0.2446
v 0.0981 0.0229 0.2411
v 0.1048 0.0240 0.2397
v 0.1027 0.0238 0.2351
v 0.1467 0.0243 0.2312
v 0.1575 0.0244 0.2015
v 0.1196 0.0242 0.2198
v 0.1313 0.0244 0.1677
v 0.1449 0.0244 0.1149
v 0.1075 0.0244 0.1293
v 0.1793 0.0244 0.0764
v 0.1557 0.0244 0.0822
v 0.2265 0.0244 0.1270
v 0.2158 0.0244 0.1118
v 0.1932 0.0245 0.1337
v 0.2308 0.0244 0.1853
v 0.2057 0.0245 0.1642
v 0.2053 0.0245 0.2118
v 0.1863 0.0234 0.2814
v 0.1949 0.0245 0.2744
v 0.1867 0.0248 0.2746
v 0.1801 0.0214 0.2824
v 0.1807 0.0246 0.2747
v 0.1741 0.0208 0.2806
v 0.1766 0.0121 0.2866
v 0.1747 0.0164 0.2832
v 0.1680 0.0114 0.2823
v 0.1616 0.0115 0.2793
v 0.1490 0.0106 0.2750
v 0.1566 0.0096 0.2794
v 0.1406 0.0096 0.2870
v 0.1435 0.0095 0.2728
v 0.1335 0.0093 0.2697
v 0.1263 0.0125 0.3097
v 0.1326 0.0101 0.3105
v 0.1275 0.0103 0.3063
v 0.1133 0.0121 0.3030
v 0.1086 0.0164 0.3020
v 0.1236 0.0160 0.3084
v 0.1632 0.0366 0.3252
v 0.1588 0.0189 0.3230
v 0.1400 0.0234 0.3153
v 0.1837 0.0389 0.3341
v 0.1782 0.0616 0.3321
v 0.1885 0.0550 0.3369
v 0.1986 0.0253 0.3421
v 0.1971 0.0201 0.3384
v 0.1952 0.0305 0.3393
v 0.2020 0.0239 0.3486
v 0.2004 0.0167 0.3433
v 0.1999 0.0433 0.3441
v 0.1996 0.0668 0.3444
v 0.2018 0.0635 0.3498
v 0.2088 0.0399 0.3598
v 0.2049 0.0493 0.3568
v 0.2082 0.0606 0.3600
v 0.2092 0.0892 0.3627
v 0.2142 0.0913 0.3645
v 0.2174 0.0837 0.3661
v 0.2355 0.0453 0.3730
v 0.2277 0.0573 0.3697
v 0.2330 0.0596 0.3716
v 0.2337 0.0199 0.3710
v 0.2386 0.0255 0.3742
v 0.2434 0.0172 0.3756
v 0.2508 0.0149 0.3789
v 0.2489 0.0215 0.3804
v 0.2598 0.0020 0.3804
v 0.2565 0.0088 0.3799
v 0.2651 0.0082 0.3829
v 0.2684 0.0016 0.3794
v 0.2533 0.0010 0.3731
v 0.2576 0.0015 0.3782
v 0.2820 0.0007 0.3745
v 0.2439 0.0008 0.3611
v 0.2313 0.0022 0.3685
v 0.2234 0.0063 0.3656
v 0.2222 0.0188 0.3660
v 0.2050 0.0179 0.3564
v 0.2106 0.0218 0.3614
v 0.2255 0.0018 0.3598
v 0.2160 0.0015 0.3563
v 0.2165 0.0022 0.3612
v 0.2045 0.0036 0.3508
v 0.2044 0.0058 0.3460
v 0.2036 0.0079 0.3485
v 0.2027 0.0100 0.3434
v 0.1992 0.0108 0.3383
v 0.1923 0.0113 0.3355
v 0.1973 0.0160 0.3386
v 0.1865 0.0103 0.3326
v 0.1986 0.0101 0.3154
v 0.1761 0.0113 0.3294
v 0.1891 0.0242 0.3358
v 0.1789 0.0217 0.3314
v 0.1583 0.0098 0.3205
v 0.1636 0.0123 0.3242
v 0.1465 0.0111 0.3179
v 0.1626 0.0098 0.3096
v 0.1459 0.0100 0.3149
v 0.1362 0.0100 0.3119
v 0.1420 0.0107 0.3156
v 0.1680 0.0099 0.2935
v 0.1749 0.0104 0.2885
v 0.1700 0.0099 0.2847
v 0.1807 0.0157 0.2872
v 0.1858 0.0204 0.2868
v 0.1815 0.0191 0.2867
v 0.1924 0.0209 0.2882
v 0.1984 0.0250 0.2805
v 0.1925 0.0245 0.2808
v 0.2041 0.0242 0.2867
v 0.2101 0.0244 0.2864
v 0.2034 0.0242 0.2826
v 0.2010 0.0168 0.2939
v 0.1974 0.0197 0.2922
v 0.1940 0.0185 0.2921
v 0.2013 0.0091 0.2970
v 0.1920 0.0101 0.2962
v 0.1846 0.0097 0.3017
v 0.2036 0.0086 0.2994
v 0.2061 0.0145 0.2967
v 0.2102 0.0072 0.3046
v 0.2134 0.0078 0.3029
v 0.2094 0.0080 0.3016
v 0.2155 0.0068 0.3053
v 0.2211 0.0050 0.3120
v 0.2274 0.0040 0.3132
v 0.2208 0.0067 0.3074
v 0.2073 0.0065 0.3278
v 0.2093 0.0067 0.3175
v 0.2013 0.0103 0.3239
v 0.2050 0.0068 0.3409
v 0.2089 0.0033 0.3368
v 0.2041 0.0079 0.3369
v 0.2116 0.0027 0.3386
v 0.2168 0.0029 0.3289
v 0.2117 0.0038 0.3296
v 0.2469 0.0017 0.3409
v 0.2318 0.0027 0.3275
v 0.2162 0.0019 0.3335
v 0.2513 0.0024 0.3308
v 0.2623 0.0025 0.3285
v 0.2538 0.0032 0.3266
v 0.2447 0.0031 0.3242
v 0.2459 0.0035 0.3193
v 0.2387 0.0034 0.3167
v 0.2452 0.0103 0.3162
v 0.2364 0.0039 0.3144
v 0.2284 0.0116 0.3097
v 0.2332 0.0197 0.3075
v 0.2269 0.0168 0.3073
v 0.2206 0.0170 0.3038
v 0.2274 0.0216 0.3031
v 0.2176 0.0198 0.3032
v 0.2157 0.0209 0.2995
v 0.2149 0.0160 0.3014
v 0.2158 0.0235 0.2927
v 0.2219 0.0239 0.2924
v 0.2160 0.0243 0.2864
v 0.2060 0.0246 0.2720
v 0.2658 0.0238 0.2336
v 0.2324 0.0244 0.2174
v 0.2626 0.0243 0.1729
v 0.2490 0.0243 0.1437
v 0.3034 0.0235 0.1669
v 0.2954 0.0241 0.1289
v 0.2857 0.0240 0.1642
v 0.3137 0.0239 0.1177
v 0.3218 0.0240 0.0964
v 0.2695 0.0243 0.1088
v 0.2429 0.0244 0.0888
v 0.3204 0.0242 0.0646
v 0.3348 0.0241 0.0443
v 0.3059 0.0244 0.0402
v 0.3418 0.0243 0.0145
v 0.3612 0.0240 0.0039
v 0.3515 0.0243 -0.0193
v 0.3316 0.0244 -0.0321
v 0.3392 0.0238 -0.0422
v 0.3359 0.0239 -0.0475
v 0.3392 0.0211 -0.0534
v 0.3334 0.0212 -0.0547
v 0.3506 0.0241 -0.0417
v 0.3570 0.0201 -0.0475
v 0.3507 0.0208 -0.0492
v 0.3629 0.0213 -0.0429
v 0.3611 0.0190 -0.0471
v 0.3566 0.0232 -0.0421
v 0.3753 0.0073 -0.0431
v 0.3702 0.0081 -0.0450
v 0.3737 0.0122 -0.0420
v 0.3770 0.0149 -0.0391
v 0.3742 0.0215 -0.0368
v 0.3855 0.0161 -0.0355
v 0.3846 0.0038 -0.0406
v 0.3867 0.0021 -0.0640
v 0.3809 0.0047 -0.0500
v 0.3751 0.0066 -0.0504
v 0.3750 0.0069 -0.0595
v 0.3663 0.0090 -0.0464
v 0.3828 0.0064 -0.0758
v 0.3806 0.0090 -0.0787
v 0.3757 0.0080 -0.0712
v 0.3965 0.0067 -0.0890
v 0.3902 0.0195 -0.0858
v 0.3902 0.0109 -0.0849
v 0.3984 0.0326 -0.0905
v 0.3955 0.0526 -0.0889
v 0.3997 0.0485 -0.0912
v 0.3986 0.0667 -0.0917
v 0.3982 0.0913 -0.0916
v 0.3983 0.0961 -0.0907
v 0.3952 0.0914 -0.0899
v 0.3986 0.1018 -0.0859
v 0.3963 0.0982 -0.0891
v 0.4028 0.1029 -0.0860
v 0.4102 0.1049 -0.0818
v 0.4092 0.1020 -0.0849
v 0.4160 0.1042 -0.0815
v 0.4272 0.1041 -0.0759
v 0.4240 0.1086 -0.0772
v 0.4227 0.1018 -0.0799
v 0.4406 0.0950 -0.0745
v 0.4397 0.1014 -0.0722
v 0.4305 0.0998 -0.0773
v 0.4515 0.0956 -0.0701
v 0.4504 0.0906 -0.0719
v 0.4659 0.0975 -0.0647
v 0.4691 0.0944 -0.0643
v 0.4807 0.0948 -0.0588
v 0.4748 0.0951 -0.0610
v 0.4716 0.0890 -0.0631
v 0.4895 0.0663 -0.0521
v 0.4792 0.0729 -0.0589
v 0.4850 0.0628 -0.0554
v 0.4922 0.0669 -0.0467
v 0.4912 0.0810 -0.0490
v 0.4908 0.0561 -0.0494
v 0.4910 0.0345 -0.0421
v 0.4915 0.0470 -0.0458
v 0.4922 0.0359 -0.0468
v 0.4848 0.0160 -0.0270
v 0.4904 0.0064 -0.0392
v 0.4860 0.0061 -0.0311
v 0.4728 0.0100 -0.0002
v 0.4729 0.0156 0.0003
v 0.4789 0.0259 -0.0133
v 0.4703 0.0447 0.0015
v 0.4728 0.0536 -0.0006
v 0.4729 0.0358 -0.0004
v 0.4672 0.0534 0.0033
v 0.4709 0.0578 0.0018
v 0.4728 0.0717 -0.0018
v 0.4759 0.0968 -0.0089
v 0.4786 0.0969 -0.0136
v 0.4779 0.0900 -0.0109
v 0.4798 0.0641 -0.0148
v 0.4862 0.0779 -0.0286
v 0.4861 0.0407 -0.0292
v 0.4908 0.0989 -0.0389
v 0.4916 0.0833 -0.0448
v 0.4910 0.0762 -0.0415
v 0.4915 0.0993 -0.0500
v 0.4901 0.0966 -0.0523
v 0.4874 0.1008 -0.0360
v 0.4859 0.1034 -0.0395
v 0.4884 0.1008 -0.0510
v 0.4855 0.1043 -0.0492
v 0.4839 0.1029 -0.0521
v 0.4743 0.1105 -0.0540
v 0.4645 0.1145 -0.0580
v 0.4628 0.1051 -0.0589
v 0.4503 0.1000 -0.0684
v 0.4508 0.1163 -0.0637
v 0.4390 0.1045 -0.0701
v 0.4489 0.1075 -0.0657
v 0.4336 0.1118 -0.0722
v 0.4227 0.1256 -0.0764
v 0.4566 0.1084 -0.0622
v 0.4764 0.1188 -0.0524
v 0.4819 0.1337 -0.0497
v 0.4760 0.1664 -0.0529
v 0.4780 0.2068 -0.0526
v 0.4583 0.1378 -0.0606
v 0.4334 0.1558 -0.0716
v 0.4140 0.2244 -0.0804
v 0.4113 0.1701 -0.0810
v 0.4031 0.1529 -0.0841
v 0.4106 0.1196 -0.0811
v 0.4147 0.1112 -0.0802
v 0.4026 0.1087 -0.0842
v 0.3972 0.1039 -0.0823
v 0.3982 0.1084 -0.0813
v 0.4004 0.1311 -0.0829
v 0.4029 0.1371 -0.0831
v 0.4002 0.1463 -0.0828
v 0.4029 0.2011 -0.0842
v 0.4064 0.2261 -0.0828
v 0.4026 0.2220 -0.0836
v 0.4034 0.2511 -0.0831
v 0.4063 0.2722 -0.0821
v 0.4005 0.2567 -0.0832
v 0.4006 0.2743 -0.0831
v 0.4001 0.2963 -0.0830
v 0.3971 0.2758 -0.0782
v 0.3974 0.3092 -0.0835
v 0.3910 0.3083 -0.0801
v 0.3910 0.3120 -0.0839
v 0.3973 0.3159 -0.0871
v 0.3904 0.3157 -0.0872
v 0.3907 0.3198 -0.0913
v 0.3912 0.3248 -0.0941
v 0.3851 0.3215 -0.0938
v 0.3793 0.3139 -0.0891
v 0.3744 0.3155 -0.0919
v 0.3759 0.3121 -0.0857
v 0.3720 0.3175 -0.0991
v 0.3698 0.3165 -0.1042
v 0.3708 0.3165 -0.1102
v 0.3691 0.3135 -0.1153
v 0.3761 0.3212 -0.1218
v 0.3734 0.3207 -0.1252
v 0.3730 0.3254 -0.1295
v 0.3725 0.3323 -0.1334
v 0.3668 0.3215 -0.1307
v 0.3516 0.3040 -0.1342
v 0.3542 0.3124 -0.1335
v 0.3449 0.3022 -0.1371
v 0.3425 0.3100 -0.1353
v 0.3307 0.2948 -0.1410
v 0.3402 0.3023 -0.1380
v 0.3117 0.2652 -0.1525
v 0.2990 0.2510 -0.1577
v 0.3059 0.2525 -0.1568
v 0.2937 0.2294 -0.1628
v 0.2998 0.2408 -0.1601
v 0.2797 0.2205 -0.1681
v 0.2632 0.1995 -0.1745
v 0.2807 0.2156 -0.1677
v 0.2741 0.2047 -0.1698
v 0.2630 0.1919 -0.1733
v 0.2701 0.1945 -0.1689
v 0.2707 0.1882 -0.1631
v 0.2662 0.1838 -0.1595
v 0.2519 0.1759 -0.1535
v 0.2611 0.1784 -0.1589
v 0.2494 0.1703 -0.1597
v 0.2498 0.1806 -0.1404
v 0.2542 0.1817 -0.1475
v 0.2444 0.1787 -0.1443
v 0.2382 0.1735 -0.1417
v 0.2385 0.1685 -0.1537
v 0.2289 0.1666 -0.1522
v 0.2327 0.1640 -0.1551
v 0.2327 0.1610 -0.1589
v 0.2271 0.1602 -0.1542
v 0.2225 0.1562 -0.1460
v 0.2229 0.1601 -0.1471
v 0.2212 0.1567 -0.1520
v 0.2222 0.1471 -0.1460
v 0.2193 0.1501 -0.1490
v 0.2160 0.1452 -0.1492
v 0.2094 0.1385 -0.1508
v 0.2090 0.1458 -0.1577
v 0.2065 0.1388 -0.1532
v 0.1957 0.1279 -0.1575
v 0.2030 0.1340 -0.1545
v 0.1975 0.1329 -0.1565
v 0.2121 0.1333 -0.1493
v 0.2105 0.1147 -0.1485
v 0.2126 0.1090 -0.1467
v 0.2089 0.1030 -0.1520
v 0.2146 0.1022 -0.1501
v 0.2257 0.1030 -0.1444
v 0.2322 0.1035 -0.1400
v 0.2351 0.0971 -0.1474
v 0.2399 0.0977 -0.1431
v 0.2329 0.1005 -0.1438
v 0.2578 0.0913 -0.1372
v 0.2451 0.0902 -0.1434
v 0.2546 0.0823 -0.1395
v 0.2285 0.0593 -0.1516
v 0.2343 0.0513 -0.1488
v 0.2453 0.0283 -0.1435
v 0.2279 0.0331 -0.1513
v 0.2286 0.0252 -0.1517
v 0.2679 0.0234 -0.1334
v 0.2527 0.0126 -0.1402
v 0.2647 0.0125 -0.1349
v 0.2778 0.0103 -0.1261
v 0.2774 0.0124 -0.1293
v 0.2671 0.0115 -0.1326
v 0.2800 0.0106 -0.1211
v 0.2866 0.0111 -0.1204
v 0.2815 0.0104 -0.1244
v 0.2634 0.0102 -0.0925
v 0.2713 0.0103 -0.1137
v 0.2564 0.0103 -0.1090
v 0.2657 0.0154 -0.0865
v 0.2633 0.0215 -0.0839
v 0.2743 0.0160 -0.0827
v 0.2886 0.0103 -0.0796
v 0.2804 0.0166 -0.0790
v 0.2871 0.0167 -0.0767
v 0.2726 0.0102 -0.0869
v 0.2958 0.0103 -0.0945
v 0.2841 0.0104 -0.1134
v 0.3053 0.0127 -0.1171
v 0.3035 0.0157 -0.1173
v 0.2914 0.0117 -0.1217
v 0.3073 0.0286 -0.1159
v 0.2945 0.0156 -0.1218
v 0.3198 0.0121 -0.1093
v 0.3174 0.0130 -0.1114
v 0.3120 0.0110 -0.1106
v 0.3271 0.0153 -0.1066
v 0.2963 0.0101 -0.0755
v 0.3001 0.0100 -0.0735
v 0.2932 0.0159 -0.0742
v 0.2997 0.0159 -0.0711
v 0.2921 0.0238 -0.0649
v 0.2986 0.0197 -0.0701
v 0.2924 0.0211 -0.0721
v 0.2977 0.0242 -0.0587
v 0.3100 0.0216 -0.0645
v 0.3036 0.0209 -0.0661
v 0.2950 0.0241 -0.0564
v 0.2861 0.0242 -0.0647
v 0.2812 0.0242 -0.0488
v 0.3157 0.0227 -0.0599
v 0.3161 0.0202 -0.0647
v 0.3097 0.0237 -0.0593
v 0.3196 0.0187 -0.0648
v 0.2725 0.0242 -0.0636
v 0.2604 0.0243 -0.0686
v 0.1983 0.0244 -0.0193
v 0.2220 0.0245 -0.0579
v 0.1893 0.0245 -0.0487
v 0.1855 0.0243 -0.0893
v 0.1644 0.0244 -0.0506
v 0.0922 0.0244 -0.0158
v 0.1095 0.0244 -0.0457
v 0.0749 0.0244 -0.0430
v 0.0591 0.0244 0.0272
v 0.0666 0.0243 -0.0181
v 0.0256 0.0244 0.0547
v 0.0359 0.0244 0.0174
v -0.0061 0.0244 0.0297
v -0.0425 0.0244 0.0680
v -0.0359 0.0244 0.0444
v -0.0631 0.0244 0.0498
v -0.0348 0.0244 0.1311
v -0.0642 0.0244 0.0973
v -0.0571 0.0242 0.1412
v -0.0765 0.0242 0.1635
v -0.0816 0.0241 0.1558
v -0.0807 0.0191 0.1752
v -0.0826 0.0215 0.1708
v -0.0812 0.0157 0.1758
v -0.0770 0.0203 0.1750
v -0.0709 0.0237 0.1697
v -0.0768 0.0228 0.1703
v -0.0659 0.0121 0.1829
v -0.0556 0.0166 0.1836
v -0.0648 0.0162 0.1818
v -0.0640 0.0198 0.1811
v -0.0593 0.0229 0.1760
v -0.0655 0.0214 0.1770
v -0.0417 0.0238 0.1813
v -0.0372 0.0242 0.1729
v -0.0446 0.0236 0.1760
v -0.0357 0.0246 0.1810
v -0.0501 0.0101 0.1903
v -0.0439 0.0148 0.1905
v -0.0470 0.0196 0.1866
v -0.0558 0.0112 0.1883
v -0.0510 0.0127 0.1869
v -0.0632 0.0101 0.1970
v -0.0645 0.0108 0.1877
v -0.0757 0.0104 0.1821
v -0.0904 0.0101 0.1854
v -0.0954 0.0105 0.1785
v -0.1049 0.0098 0.1864
v -0.1076 0.0129 0.2101
v -0.0998 0.0093 0.2097
v -0.1058 0.0106 0.2090
v -0.0952 0.0137 0.2157
v -0.0877 0.0094 0.2152
v -0.0978 0.0095 0.2122
v -0.0684 0.0099 0.2242
v -0.0911 0.0166 0.2172
v -0.0695 0.0161 0.2263
v -0.0560 0.0203 0.2317
v -0.0601 0.0100 0.2284
v -0.0668 0.0127 0.2277
v -0.0768 0.0105 0.2204
v -0.0810 0.0118 0.2203
v -0.0727 0.0098 0.2099
v -0.0239 0.0153 0.1994
v -0.0298 0.0162 0.1958
v -0.0270 0.0125 0.1982
v -0.0385 0.0102 0.1964
v -0.0467 0.0107 0.1925
v -0.0535 0.0105 0.1922
v -0.0303 0.0210 0.1932
v -0.0299 0.0238 0.1876
v -0.0365 0.0189 0.1932
v -0.0248 0.0215 0.1944
v -0.0180 0.0246 0.1869
v -0.0239 0.0247 0.1870
v -0.0187 0.0207 0.1986
v -0.0183 0.0237 0.1932
v -0.0233 0.0192 0.1985
v 0.0071 0.0244 0.0846
v -0.0071 0.0244 0.0616
v -0.0201 0.0244 0.1038
v 0.0113 0.0245 0.1987
v 0.0165 0.0242 0.1983
v 0.0058 0.0244 0.1830
v -0.0067 0.0231 0.1996
v 0.0007 0.0242 0.1941
v -0.0064 0.0245 0.1928
v -0.0127 0.0113 0.2057
v -0.0063 0.0164 0.2059
v -0.0107 0.0188 0.2047
v -0.0243 0.0113 0.2005
v -0.0200 0.0100 0.2166
v -0.0061 0.0098 0.2104
v -0.0156 0.0104 0.2075
v -0.0385 0.0099 0.2286
v -0.0521 0.0100 0.2255
v -0.0480 0.0105 0.2312
v -0.0468 0.0116 0.2342
v -0.0406 0.0123 0.2369
v -0.0177 0.0091 0.2446
v -0.0315 0.0096 0.2400
v -0.0276 0.0094 0.2413
v -0.0055 0.0088 0.2501
v -0.0155 0.0091 0.2469
v -0.0130 0.0173 0.2498
v -0.0197 0.0286 0.2498
v 0.0004 0.0197 0.2567
v 0.0011 0.0344 0.2622
v 0.0007 0.0287 0.2606
v -0.0081 0.0326 0.2575
v -0.0054 0.0431 0.2609
v 0.0072 0.0377 0.2640
v 0.0211 0.0128 0.2631
v 0.0149 0.0250 0.2640
v 0.0213 0.0448 0.2678
v 0.0123 0.0599 0.2669
v 0.0265 0.0537 0.2690
v 0.0458 0.0600 0.2755
v 0.0545 0.0294 0.2786
v 0.0422 0.0380 0.2736
v 0.0972 0.0127 0.2978
v 0.0882 0.0199 0.2935
v 0.0855 0.0350 0.2926
v 0.1075 0.0806 0.3019
v 0.1087 0.0909 0.3019
v 0.1227 0.0920 0.3080
v 0.1595 0.0658 0.3238
v 0.1358 0.0764 0.3137
v 0.1642 0.0957 0.3250
v 0.1742 0.0809 0.3300
v 0.1920 0.0760 0.3392
v 0.1906 0.0899 0.3387
v 0.1942 0.0936 0.3406
v 0.1990 0.0913 0.3447
v 0.2040 0.0972 0.3496
v 0.1996 0.0954 0.3443
v 0.2036 0.0974 0.3463
v 0.2082 0.1008 0.3550
v 0.2064 0.1011 0.3497
v 0.2096 0.1084 0.3530
v 0.2081 0.0956 0.3588
v 0.2129 0.0947 0.3637
v 0.2097 0.0923 0.3613
v 0.2558 0.0816 0.3816
v 0.2304 0.0871 0.3713
v 0.2481 0.0913 0.3777
v 0.2600 0.0904 0.3826
v 0.2663 0.0944 0.3859
v 0.2740 0.0955 0.3879
v 0.2725 0.0917 0.3883
v 0.2757 0.0418 0.3902
v 0.2651 0.0465 0.3863
v 0.2683 0.0625 0.3870
v 0.2950 0.0173 0.3970
v 0.2910 0.0398 0.3962
v 0.2965 0.0350 0.3967
v 0.2996 0.0181 0.3970
v 0.3027 0.0308 0.3932
v 0.3006 0.0149 0.3949
v 0.3030 0.0017 0.3903
v 0.2979 0.0053 0.3940
v 0.3023 0.0050 0.3930
v 0.3059 0.0017 0.3887
v 0.3074 0.0081 0.3861
v 0.3078 0.0012 0.3845
v 0.3036 0.0003 0.3853
v 0.2929 0.0105 0.3949
v 0.2851 0.0082 0.3913
v 0.2776 0.0130 0.3890
v 0.2610 0.0195 0.3857
v 0.2638 0.0326 0.3863
v 0.2681 0.0207 0.3870
v 0.2565 0.0556 0.3826
v 0.2470 0.0433 0.3812
v 0.2423 0.0461 0.3769
v 0.2482 0.0500 0.3796
v 0.2429 0.0424 0.3781
v 0.2440 0.0305 0.3802
v 0.2396 0.0341 0.3759
v 0.2443 0.0412 0.3806
v 0.2518 0.0386 0.3839
v 0.2554 0.0288 0.3840
v 0.2755 0.0069 0.3863
v 0.2666 0.0150 0.3855
v 0.2929 0.0024 0.3901
v 0.2834 0.0012 0.3846
v 0.2838 0.0025 0.3876
v 0.3064 0.0006 0.3645
v 0.2825 0.0015 0.3463
v 0.2917 0.0021 0.3399
v 0.3035 0.0022 0.3402
v 0.2800 0.0023 0.3344
v 0.2838 0.0043 0.3338
v 0.2836 0.0109 0.3308
v 0.2785 0.0061 0.3317
v 0.2693 0.0142 0.3273
v 0.2676 0.0162 0.3237
v 0.2652 0.0101 0.3271
v 0.2563 0.0045 0.3252
v 0.2602 0.0032 0.3262
v 0.2560 0.0070 0.3234
v 0.2505 0.0068 0.3204
v 0.2503 0.0107 0.3179
v 0.2438 0.0052 0.3169
v 0.2501 0.0151 0.3155
v 0.2507 0.0178 0.3106
v 0.2462 0.0141 0.3153
v 0.2401 0.0119 0.3129
v 0.2388 0.0165 0.3107
v 0.2341 0.0110 0.3115
v 0.2453 0.0210 0.3044
v 0.2507 0.0202 0.2993
v 0.2433 0.0221 0.3023
v 0.2335 0.0219 0.3033
v 0.2394 0.0225 0.2935
v 0.2276 0.0229 0.2984
v 0.2215 0.0223 0.2989
v 0.2507 0.0210 0.2912
v 0.2612 0.0197 0.2797
v 0.2551 0.0213 0.2853
v 0.2729 0.0198 0.2599
v 0.2773 0.0204 0.2484
v 0.2670 0.0211 0.2605
v 0.2606 0.0237 0.2519
v 0.2682 0.0229 0.2448
v 0.2756 0.0239 0.2054
v 0.2980 0.0240 0.1811
v 0.2581 0.0242 0.1984
v 0.2857 0.0211 0.2271
v 0.3006 0.0197 0.2107
v 0.2981 0.0214 0.1994
v 0.3175 0.0195 0.1778
v 0.3199 0.0200 0.1606
v 0.3085 0.0213 0.1781
v 0.3166 0.0220 0.1515
v 0.3154 0.0241 0.1402
v 0.3098 0.0232 0.1540
v 0.3346 0.0214 0.1101
v 0.3441 0.0221 0.0878
v 0.3327 0.0231 0.0962
v 0.3388 0.0244 0.0758
v 0.3479 0.0221 0.0715
v 0.3449 0.0233 0.0639
v 0.3568 0.0231 0.0390
v 0.3622 0.0244 0.0232
v 0.3504 0.0239 0.0354
v 0.3726 0.0216 0.0180
v 0.3690 0.0236 0.0105
v 0.3686 0.0236 0.0174
v 0.3643 0.0239 -0.0220
v 0.3683 0.0233 -0.0318
v 0.3623 0.0242 -0.0356
v 0.3684 0.0231 -0.0362
v 0.3689 0.0209 -0.0414
v 0.3740 0.0237 -0.0296
v 0.3804 0.0209 -0.0346
v 0.3886 0.0166 -0.0327
v 0.3863 0.0213 -0.0297
v 0.3786 0.0227 -0.0083
v 0.3853 0.0220 -0.0158
v 0.3798 0.0234 -0.0236
v 0.3847 0.0217 -0.0058
v 0.3891 0.0208 -0.0141
v 0.3835 0.0184 0.0080
v 0.3841 0.0207 0.0008
v 0.3793 0.0217 0.0061
v 0.3742 0.0191 0.0283
v 0.3816 0.0177 0.0172
v 0.3784 0.0196 0.0152
v 0.3570 0.0201 0.0652
v 0.3679 0.0183 0.0499
v 0.3555 0.0218 0.0536
v 0.3472 0.0202 0.0909
v 0.3484 0.0207 0.0784
v 0.3398 0.0181 0.1169
v 0.3546 0.0182 0.0998
v 0.3460 0.0193 0.1016
v 0.3558 0.0191 0.0821
v 0.3652 0.0185 0.0729
v 0.3677 0.0185 0.0577
v 0.3791 0.0181 0.0441
v 0.3801 0.0168 0.0262
v 0.3737 0.0181 0.0408
v 0.3863 0.0163 0.0161
v 0.3867 0.0165 0.0095
v 0.3990 0.0152 -0.0032
v 0.3937 0.0151 -0.0057
v 0.3899 0.0152 -0.0001
v 0.3953 0.0153 -0.0115
v 0.3983 0.0143 -0.0182
v 0.3930 0.0182 -0.0186
v 0.3899 0.0217 -0.0237
v 0.3923 0.0166 -0.0289
v 0.3898 0.0215 -0.0270
v 0.3984 0.0062 -0.0315
v 0.3937 0.0110 -0.0314
v 0.3975 0.0105 -0.0286
v 0.4084 0.0044 -0.0278
v 0.4033 0.0050 -0.0298
v 0.4033 0.0098 -0.0259
v 0.4186 0.0032 -0.0228
v 0.4225 0.0021 -0.0271
v 0.4162 0.0025 -0.0253
v 0.4347 0.0028 -0.0163
v 0.4385 0.0019 -0.0185
v 0.4327 0.0024 -0.0187
v 0.4093 0.0021 -0.0332
v 0.3918 0.0019 -0.0416
v 0.3925 0.0028 -0.0367
v 0.4153 0.0009 -0.0445
v 0.4323 0.0000 -0.0704
v 0.4090 0.0010 -0.0656
v 0.3891 0.0029 -0.0794
v 0.3814 0.0052 -0.0680
v 0.3999 0.0031 -0.0894
v 0.3995 0.0101 -0.0913
v 0.4025 0.0151 -0.0933
v 0.4031 0.0373 -0.0923
v 0.4031 0.0550 -0.0924
v 0.4077 0.0725 -0.0914
v 0.4028 0.0769 -0.0924
v 0.4101 0.0975 -0.0883
v 0.4027 0.0961 -0.0908
v 0.4027 0.0913 -0.0918
v 0.4280 0.0934 -0.0815
v 0.4164 0.0900 -0.0865
v 0.4260 0.0759 -0.0831
v 0.4191 0.0343 -0.0860
v 0.4258 0.0477 -0.0832
v 0.4209 0.0571 -0.0854
v 0.4146 0.0184 -0.0878
v 0.4114 0.0307 -0.0894
v 0.4077 0.0155 -0.0918
v 0.4289 0.0186 -0.0824
v 0.4252 0.0253 -0.0838
v 0.4200 0.0051 -0.0847
v 0.4341 0.0585 -0.0821
v 0.4301 0.0627 -0.0824
v 0.4488 0.0451 -0.0744
v 0.4439 0.0502 -0.0756
v 0.4423 0.0449 -0.0788
v 0.4497 0.0345 -0.0752
v 0.4468 0.0399 -0.0769
v 0.4432 0.0337 -0.0792
v 0.4614 0.0393 -0.0695
v 0.4579 0.0407 -0.0703
v 0.4564 0.0322 -0.0721
v 0.4736 0.0344 -0.0625
v 0.4678 0.0434 -0.0661
v 0.4622 0.0274 -0.0702
v 0.4733 0.0107 -0.0616
v 0.4747 0.0203 -0.0615
v 0.4669 0.0159 -0.0653
v 0.4582 0.0029 -0.0663
v 0.4573 0.0130 -0.0705
v 0.4521 0.0046 -0.0708
v 0.4645 0.0022 -0.0582
v 0.4606 0.0024 -0.0635
v 0.4565 0.0019 -0.0626
v 0.4635 0.0017 -0.0333
v 0.4847 0.0017 -0.0470
v 0.4706 0.0019 -0.0506
v 0.4840 0.0029 -0.0553
v 0.4808 0.0061 -0.0587
v 0.4783 0.0028 -0.0574
v 0.4915 0.0315 -0.0500
v 0.4851 0.0272 -0.0555
v 0.4875 0.0095 -0.0546
v 0.4918 0.0097 -0.0469
v 0.4910 0.0057 -0.0500
v 0.4889 0.0025 -0.0469
v 0.4888 0.0040 -0.0403
v 0.4762 0.0023 -0.0214
v 0.4830 0.0021 -0.0290
v 0.4711 0.0037 -0.0037
v 0.4772 0.0025 -0.0135
v 0.4731 0.0020 -0.0123
v 0.4708 0.0069 0.0005
v 0.4627 0.0057 -0.0026
v 0.4503 0.0164 -0.0028
v 0.4570 0.0147 -0.0014
v 0.4677 0.0131 0.0018
v 0.4676 0.0244 0.0028
v 0.4529 0.0375 -0.0006
v 0.4537 0.0506 -0.0004
v 0.4552 0.0291 -0.0008
v 0.4592 0.0517 0.0010
v 0.4626 0.0668 0.0026
v 0.4512 0.0909 0.0003
v 0.4601 0.0959 0.0005
v 0.4669 0.0912 0.0024
v 0.4699 0.0963 0.0008
v 0.4724 0.0824 -0.0013
v 0.4700 0.0772 0.0009
v 0.4702 0.1030 -0.0032
v 0.4722 0.1047 -0.0069
v 0.4737 0.0994 -0.0042
v 0.4726 0.1085 -0.0104
v 0.4783 0.1076 -0.0251
v 0.4765 0.1020 -0.0137
v 0.4800 0.0993 -0.0151
v 0.4819 0.1020 -0.0251
v 0.4826 0.0969 -0.0194
v 0.4901 0.0961 -0.0373
v 0.4826 0.1165 -0.0373
v 0.4839 0.1215 -0.0439
v 0.4853 0.1078 -0.0433
v 0.4835 0.1307 -0.0466
v 0.4835 0.1192 -0.0467
v 0.4835 0.1605 -0.0472
v 0.4818 0.1604 -0.0498
v 0.4832 0.1455 -0.0473
v 0.4838 0.1876 -0.0476
v 0.4813 0.1851 -0.0505
v 0.4837 0.1743 -0.0479
v 0.4839 0.2061 -0.0376
v 0.4847 0.2084 -0.0439
v 0.4845 0.1842 -0.0419
v 0.4750 0.1871 -0.0142
v 0.4809 0.1910 -0.0303
v 0.4769 0.1545 -0.0213
v 0.4697 0.1311 -0.0040
v 0.4737 0.1203 -0.0139
v 0.4663 0.1102 -0.0032
v 0.4694 0.1104 -0.0045
v 0.4667 0.1281 -0.0025
v 0.4624 0.1296 -0.0028
v 0.4669 0.1457 -0.0020
v 0.4702 0.1573 -0.0034
v 0.4722 0.1527 -0.0091
v 0.4627 0.1881 -0.0023
v 0.4672 0.1895 -0.0015
v 0.4671 0.1720 -0.0016
v 0.4699 0.2351 -0.0041
v 0.4725 0.2222 -0.0062
v 0.4701 0.2144 -0.0041
v 0.4721 0.2452 -0.0070
v 0.4724 0.2666 -0.0080
v 0.4754 0.2558 -0.0136
v 0.4671 0.2478 -0.0022
v 0.4625 0.2610 -0.0031
v 0.4670 0.2697 -0.0030
v 0.4750 0.2825 -0.0124
v 0.4723 0.2881 -0.0077
v 0.4754 0.2993 -0.0114
v 0.4803 0.3131 -0.0155
v 0.4819 0.3102 -0.0196
v 0.4784 0.3081 -0.0138
v 0.4799 0.3021 -0.0228
v 0.4835 0.3018 -0.0315
v 0.4839 0.2903 -0.0347
v 0.4835 0.2455 -0.0358
v 0.4850 0.2276 -0.0415
v 0.4849 0.2362 -0.0482
v 0.4848 0.2187 -0.0482
v 0.4797 0.2260 -0.0522
v 0.4817 0.2440 -0.0503
v 0.4781 0.2410 -0.0525
v 0.4427 0.2360 -0.0678
v 0.4263 0.2664 -0.0747
v 0.4080 0.2533 -0.0822
v 0.4340 0.3020 -0.0721
v 0.4216 0.3007 -0.0773
v 0.4247 0.2879 -0.0756
v 0.4084 0.3085 -0.0828
v 0.4085 0.3152 -0.0866
v 0.4037 0.3080 -0.0843
v 0.4031 0.3149 -0.0870
v 0.4086 0.3195 -0.0915
v 0.4023 0.3184 -0.0907
v 0.3992 0.3196 -0.0918
v 0.4032 0.3220 -0.0964
v 0.3984 0.3227 -0.0958
v 0.3911 0.3309 -0.0943
v 0.3871 0.3259 -0.0940
v 0.3836 0.3262 -0.0997
v 0.3832 0.3277 -0.1063
v 0.3796 0.3253 -0.1019
v 0.3775 0.3235 -0.1068
v 0.3770 0.3219 -0.1107
v 0.3737 0.3201 -0.1062
v 0.3873 0.3291 -0.1172
v 0.3860 0.3300 -0.1242
v 0.3818 0.3243 -0.1172
v 0.3842 0.3328 -0.1266
v 0.3879 0.3377 -0.1256
v 0.3839 0.3375 -0.1290
v 0.3707 0.3346 -0.1342
v 0.3640 0.3277 -0.1332
v 0.3563 0.3195 -0.1331
v 0.3484 0.3113 -0.1348
v 0.3469 0.3191 -0.1325
v 0.3375 0.3108 -0.1339
v 0.3159 0.2877 -0.1415
v 0.3051 0.2688 -0.1504
v 0.3235 0.2927 -0.1411
v 0.2947 0.2515 -0.1572
v 0.2827 0.2386 -0.1616
v 0.2883 0.2404 -0.1615
v 0.2713 0.2186 -0.1695
v 0.2781 0.2292 -0.1655
v 0.2660 0.2179 -0.1696
v 0.2553 0.2062 -0.1741
v 0.2418 0.1971 -0.1770
v 0.2413 0.1916 -0.1799
v 0.2359 0.1813 -0.1837
v 0.2222 0.1686 -0.1890
v 0.2264 0.1674 -0.1883
v 0.2383 0.1640 -0.1795
v 0.2461 0.1783 -0.1811
v 0.2311 0.1616 -0.1837
v 0.2288 0.1517 -0.1754
v 0.2311 0.1566 -0.1797
v 0.2239 0.1497 -0.1803
v 0.2236 0.1495 -0.1682
v 0.2257 0.1507 -0.1704
v 0.2198 0.1489 -0.1670
v 0.2150 0.1469 -0.1663
v 0.2063 0.1449 -0.1645
v 0.2032 0.1439 -0.1606
v 0.1983 0.1392 -0.1585
v 0.1974 0.1392 -0.1649
v 0.1898 0.1285 -0.1618
v 0.1807 0.1213 -0.1628
v 0.1803 0.1275 -0.1692
v 0.1780 0.1215 -0.1650
v 0.1921 0.1155 -0.1573
v 0.1856 0.1088 -0.1600
v 0.1888 0.1091 -0.1581
v 0.1978 0.1033 -0.1582
v 0.1970 0.1088 -0.1548
v 0.1915 0.1037 -0.1614
v 0.2105 0.0983 -0.1603
v 0.1975 0.0991 -0.1665
v 0.2054 0.0978 -0.1641
v 0.2256 0.0984 -0.1497
v 0.2289 0.0941 -0.1520
v 0.2249 0.0829 -0.1552
v 0.2186 0.0808 -0.1603
v 0.2216 0.0750 -0.1587
v 0.2184 0.0620 -0.1658
v 0.2186 0.0724 -0.1623
v 0.2145 0.0621 -0.1679
v 0.2276 0.0481 -0.1533
v 0.2232 0.0418 -0.1579
v 0.2231 0.0171 -0.1536
v 0.2199 0.0247 -0.1581
v 0.2148 0.0179 -0.1593
v 0.2380 0.0127 -0.1451
v 0.2299 0.0098 -0.1479
v 0.2324 0.0097 -0.1455
v 0.2280 0.0101 -0.1203
v 0.2444 0.0099 -0.1400
v 0.2219 0.0099 -0.1385
v 0.1940 0.0117 -0.1197
v 0.2031 0.0114 -0.1168
v 0.1985 0.0101 -0.1203
v 0.2238 0.0101 -0.1087
v 0.2218 0.0105 -0.1127
v 0.2117 0.0162 -0.1096
v 0.2083 0.0190 -0.1115
v 0.2102 0.0212 -0.1075
v 0.2217 0.0154 -0.1065
v 0.2225 0.0215 -0.1017
v 0.2277 0.0168 -0.1024
v 0.2270 0.0126 -0.1045
v 0.2370 0.0103 -0.1035
v 0.2287 0.0110 -0.1066
v 0.2442 0.0102 -0.1053
v 0.2463 0.0101 -0.1294
v 0.2494 0.0103 -0.1373
v 0.2736 0.0105 -0.1244
v 0.2668 0.0103 -0.1298
v 0.2405 0.0110 -0.1016
v 0.2445 0.0105 -0.0990
v 0.2466 0.0106 -0.1014
v 0.2400 0.0166 -0.0965
v 0.2399 0.0213 -0.0943
v 0.2469 0.0163 -0.0944
v 0.2525 0.0126 -0.0933
v 0.2621 0.0157 -0.0886
v 0.2515 0.0211 -0.0897
v 0.2576 0.0207 -0.0882
v 0.2569 0.0246 -0.0763
v 0.2572 0.0234 -0.0830
v 0.2515 0.0243 -0.0782
v 0.2510 0.0244 -0.0824
v 0.2451 0.0245 -0.0821
v 0.2230 0.0245 -0.0839
v 0.2218 0.0247 -0.0940
v 0.2115 0.0246 -0.0824
v 0.1981 0.0239 -0.1012
v 0.1985 0.0239 -0.1061
v 0.1616 0.0243 -0.0903
v 0.1801 0.0241 -0.1042
v 0.1754 0.0238 -0.1094
v 0.1123 0.0243 -0.0862
v 0.1497 0.0243 -0.1077
v 0.0687 0.0243 -0.0684
v 0.0510 0.0243 -0.0143
v 0.0269 0.0243 -0.0548
v 0.0227 0.0243 -0.0262
v -0.0340 0.0244 0.0140
v 0.0042 0.0243 -0.0060
v -0.0184 0.0243 -0.0179
v -0.0595 0.0244 0.0159
v -0.0921 0.0244 0.0327
v -0.1040 0.0244 0.0675
v -0.1334 0.0244 0.0545
v -0.1202 0.0244 0.0944
v -0.1057 0.0241 0.1449
v -0.1152 0.0243 0.1227
v -0.1235 0.0240 0.1462
v -0.0941 0.0241 0.1577
v -0.0971 0.0239 0.1545
v -0.1001 0.0237 0.1580
v -0.1031 0.0163 0.1655
v -0.0945 0.0214 0.1650
v -0.1005 0.0212 0.1632
v -0.1184 0.0098 0.1645
v -0.1121 0.0114 0.1649
v -0.1210 0.0098 0.1619
v -0.1318 0.0094 0.1901
v -0.1211 0.0097 0.1780
v -0.1448 0.0094 0.1823
v -0.1556 0.0097 0.1835
v -0.1607 0.0106 0.1788
v -0.1588 0.0117 0.1851
v -0.1656 0.0144 0.1873
v -0.1625 0.0174 0.1907
v -0.1575 0.0134 0.1886
v -0.1633 0.0227 0.1927
v -0.1553 0.0301 0.1942
v -0.1516 0.0167 0.1937
v -0.1472 0.0241 0.1958
v -0.1519 0.0328 0.1943
v -0.1371 0.0238 0.1992
v -0.1183 0.0100 0.2021
v -0.1234 0.0173 0.2033
v -0.1098 0.0097 0.2065
v -0.1281 0.0094 0.1973
v -0.1202 0.0089 0.1982
v -0.1413 0.0102 0.1931
v -0.1488 0.0099 0.1885
v -0.0954 0.0115 0.1715
v -0.0986 0.0103 0.1725
v -0.0927 0.0195 0.1693
v -0.0937 0.0160 0.1700
v -0.0880 0.0111 0.1776
v -0.0705 0.0111 0.1827
v -0.0791 0.0101 0.1789
v -0.0824 0.0242 0.1636
v -0.0884 0.0232 0.1641
v -0.0967 0.0219 0.2152
v -0.1109 0.0183 0.2088
v -0.0790 0.0749 0.2237
v -0.1230 0.0780 0.2060
v -0.0848 0.0842 0.2212
v -0.0423 0.0581 0.2399
v -0.0516 0.0451 0.2349
v -0.0501 0.0664 0.2362
v -0.0390 0.0452 0.2410
v -0.0354 0.0574 0.2440
v -0.0324 0.0453 0.2451
v -0.0269 0.0255 0.2449
v -0.0397 0.0295 0.2393
v -0.0334 0.0358 0.2432
v -0.0244 0.0372 0.2515
v -0.0260 0.0564 0.2528
v -0.0189 0.0448 0.2565
v 0.0008 0.0496 0.2637
v -0.0195 0.0486 0.2568
v -0.0080 0.0597 0.2605
v 0.0020 0.0721 0.2638
v 0.0147 0.0739 0.2659
v 0.0326 0.0663 0.2707
v 0.0256 0.0784 0.2683
v 0.0413 0.0829 0.2738
v 0.0674 0.0844 0.2847
v 0.0564 0.0932 0.2799
v 0.0661 0.0930 0.2836
v 0.0727 0.0944 0.2866
v 0.0785 0.0981 0.2855
v 0.0792 0.0941 0.2887
v 0.0921 0.0922 0.2948
v 0.0939 0.0956 0.2940
v 0.0975 0.0935 0.2976
v 0.1138 0.0942 0.3042
v 0.1291 0.1028 0.3025
v 0.1311 0.1069 0.3016
v 0.1352 0.1049 0.3034
v 0.1425 0.0991 0.3124
v 0.1468 0.1041 0.3092
v 0.1526 0.1027 0.3140
v 0.1546 0.0959 0.3205
v 0.1533 0.0984 0.3183
v 0.1602 0.0980 0.3227
v 0.1536 0.1091 0.3106
v 0.1585 0.1040 0.3148
v 0.1741 0.0977 0.3287
v 0.1708 0.1003 0.3240
v 0.1763 0.1021 0.3246
v 0.1796 0.0939 0.3327
v 0.1798 0.0973 0.3313
v 0.1845 0.0978 0.3342
v 0.1910 0.1058 0.3274
v 0.1942 0.1087 0.3286
v 0.1951 0.1030 0.3329
v 0.2012 0.0976 0.3418
v 0.2062 0.1013 0.3444
v 0.2094 0.1050 0.3423
v 0.2112 0.1148 0.3449
v 0.2104 0.1085 0.3441
v 0.2103 0.1149 0.3526
v 0.2103 0.1166 0.3488
v 0.2103 0.1439 0.3438
v 0.2102 0.1472 0.3525
v 0.2100 0.1620 0.3504
v 0.2122 0.1592 0.3542
v 0.2233 0.1684 0.3600
v 0.2141 0.1756 0.3556
v 0.2153 0.1920 0.3569
v 0.2570 0.1236 0.3733
v 0.2406 0.2045 0.3672
v 0.2633 0.1955 0.3765
v 0.2762 0.1645 0.3815
v 0.2876 0.1962 0.3865
v 0.2884 0.1615 0.3860
v 0.2922 0.1214 0.3868
v 0.2958 0.1345 0.3867
v 0.2973 0.1200 0.3866
v 0.2971 0.1031 0.3906
v 0.2968 0.1106 0.3880
v 0.3019 0.1017 0.3898
v 0.3049 0.0961 0.3931
v 0.3039 0.1047 0.3811
v 0.3076 0.1003 0.3848
v 0.3051 0.0781 0.3921
v 0.3087 0.0909 0.3861
v 0.3111 0.0728 0.3806
v 0.2992 0.0754 0.3964
v 0.2961 0.0797 0.3966
v 0.3001 0.0944 0.3971
v 0.2965 0.0981 0.3937
v 0.3025 0.0984 0.3935
v 0.2874 0.1017 0.3894
v 0.2886 0.1066 0.3878
v 0.2923 0.1025 0.3905
v 0.2870 0.1143 0.3860
v 0.2771 0.1147 0.3820
v 0.2862 0.1292 0.3853
v 0.2869 0.0952 0.3934
v 0.2916 0.0971 0.3933
v 0.2823 0.0717 0.3925
v 0.2914 0.0809 0.3956
v 0.2934 0.0655 0.3964
v 0.2989 0.0450 0.3964
v 0.2969 0.0549 0.3970
v 0.3000 0.0583 0.3963
v 0.3061 0.0526 0.3891
v 0.3030 0.0560 0.3934
v 0.3078 0.0296 0.3858
v 0.3116 0.0311 0.3793
v 0.3133 0.0183 0.3750
v 0.3161 0.0085 0.3684
v 0.3204 0.0180 0.3597
v 0.3207 0.0038 0.3574
v 0.3151 0.0018 0.3702
v 0.3181 0.0016 0.3617
v 0.3137 0.0012 0.3644
v 0.3227 0.0025 0.3504
v 0.3181 0.0020 0.3582
v 0.3204 0.0048 0.3432
v 0.3146 0.0129 0.3406
v 0.3090 0.0023 0.3414
v 0.3067 0.0103 0.3382
v 0.3042 0.0168 0.3354
v 0.2995 0.0108 0.3359
v 0.2930 0.0144 0.3337
v 0.2914 0.0167 0.3292
v 0.2911 0.0097 0.3343
v 0.2889 0.0201 0.3216
v 0.2828 0.0163 0.3278
v 0.2770 0.0187 0.3223
v 0.2742 0.0203 0.3158
v 0.2563 0.0114 0.3209
v 0.2616 0.0152 0.3220
v 0.2579 0.0140 0.3212
v 0.2624 0.0194 0.3097
v 0.2632 0.0190 0.3012
v 0.2566 0.0187 0.3100
v 0.2515 0.0197 0.3040
v 0.2447 0.0164 0.3118
v 0.2577 0.0184 0.2924
v 0.2686 0.0178 0.2777
v 0.2929 0.0212 0.2893
v 0.2904 0.0204 0.2673
v 0.2683 0.0201 0.3097
v 0.3123 0.0215 0.2977
v 0.2946 0.0209 0.3069
v 0.3015 0.0213 0.3232
v 0.3060 0.0229 0.3204
v 0.3054 0.0214 0.3117
v 0.3034 0.0223 0.3316
v 0.2975 0.0169 0.3330
v 0.3068 0.0307 0.3197
v 0.3092 0.0273 0.3131
v 0.3091 0.0229 0.3095
v 0.3173 0.0242 0.2912
v 0.3200 0.0278 0.2869
v 0.3195 0.0242 0.2860
v 0.3172 0.0217 0.2875
v 0.3144 0.0217 0.2722
v 0.3412 0.0217 0.2251
v 0.3340 0.0215 0.2108
v 0.3174 0.0214 0.2476
v 0.3119 0.0206 0.2186
v 0.3133 0.0196 0.1938
v 0.3412 0.0218 0.1740
v 0.3491 0.0211 0.1574
v 0.3400 0.0215 0.1675
v 0.3247 0.0195 0.1647
v 0.3273 0.0187 0.1552
v 0.3487 0.0201 0.1406
v 0.3463 0.0190 0.1263
v 0.3326 0.0184 0.1516
v 0.3642 0.0212 0.1306
v 0.3830 0.0214 0.1159
v 0.3698 0.0202 0.1056
v 0.3870 0.0199 0.0676
v 0.3758 0.0177 0.0553
v 0.3728 0.0189 0.0770
v 0.4133 0.0210 0.0527
v 0.4276 0.0215 0.0402
v 0.4207 0.0203 0.0294
v 0.4023 0.0180 0.0170
v 0.4144 0.0180 -0.0008
v 0.3997 0.0165 0.0059
v 0.4085 0.0142 -0.0127
v 0.4008 0.0143 -0.0118
v 0.4147 0.0062 -0.0230
v 0.4099 0.0088 -0.0237
v 0.4123 0.0090 -0.0215
v 0.3991 0.0116 -0.0252
v 0.4009 0.0078 -0.0296
v 0.4203 0.0161 -0.0109
v 0.4269 0.0109 -0.0153
v 0.4214 0.0093 -0.0187
v 0.4404 0.0066 -0.0121
v 0.4370 0.0104 -0.0120
v 0.4454 0.0104 -0.0078
v 0.4443 0.0028 -0.0131
v 0.4477 0.0116 -0.0054
v 0.4438 0.0175 -0.0019
v 0.4413 0.0206 0.0048
v 0.4373 0.0197 0.0052
v 0.4265 0.0158 -0.0112
v 0.4442 0.0214 0.0011
v 0.4304 0.0210 0.0249
v 0.4318 0.0225 0.0297
v 0.4348 0.0212 0.0211
v 0.4353 0.0236 0.0234
v 0.4382 0.0240 0.0196
v 0.4383 0.0214 0.0149
v 0.4430 0.0274 0.0059
v 0.4473 0.0330 0.0028
v 0.4447 0.0245 0.0022
v 0.4488 0.0224 -0.0004
v 0.4508 0.0279 0.0003
v 0.4558 0.0216 -0.0013
v 0.4446 0.0385 0.0060
v 0.4434 0.0666 0.0071
v 0.4433 0.0520 0.0070
v 0.4349 0.0403 0.0268
v 0.3970 0.0443 0.1148
v 0.4052 0.0650 0.0952
v 0.4234 0.0361 0.0537
v 0.3887 0.0368 0.1340
v 0.3910 0.0262 0.1295
v 0.3822 0.0216 0.1386
v 0.3881 0.0236 0.1304
v 0.3859 0.0221 0.1278
v 0.3755 0.0233 0.1585
v 0.3788 0.0224 0.1464
v 0.3753 0.0217 0.1524
v 0.3639 0.0227 0.1835
v 0.3691 0.0217 0.1711
v 0.3629 0.0217 0.1793
v 0.3499 0.0223 0.2093
v 0.3513 0.0217 0.2006
v 0.3444 0.0217 0.2121
v 0.3454 0.0247 0.2311
v 0.3476 0.0241 0.2225
v 0.3427 0.0229 0.2292
v 0.3521 0.0329 0.2167
v 0.3564 0.0250 0.2066
v 0.3520 0.0268 0.2155
v 0.3545 0.0230 0.2035
v 0.3581 0.0216 0.1952
v 0.3662 0.0243 0.1815
v 0.3688 0.0245 0.1782
v 0.3719 0.0242 0.1692
v 0.3743 0.0246 0.1666
v 0.3816 0.0241 0.1460
v 0.3827 0.0329 0.1476
v 0.3870 0.0293 0.1375
v 0.3851 0.0253 0.1419
v 0.3676 0.0538 0.1811
v 0.3825 0.0722 0.1469
v 0.3612 0.0275 0.1949
v 0.3621 0.0346 0.1938
v 0.3656 0.0284 0.1852
v 0.3767 0.0889 0.1570
v 0.3809 0.0856 0.1490
v 0.3731 0.0776 0.1675
v 0.3959 0.0679 0.1167
v 0.4026 0.0854 0.1008
v 0.4049 0.0891 0.0920
v 0.4080 0.0805 0.0872
v 0.4141 0.0842 0.0722
v 0.4232 0.0836 0.0515
v 0.4202 0.0637 0.0601
v 0.4328 0.0876 0.0296
v 0.4379 0.0829 0.0190
v 0.4305 0.0789 0.0354
v 0.4482 0.0909 0.0030
v 0.4534 0.0799 -0.0004
v 0.4499 0.0948 -0.0018
v 0.4545 0.0998 -0.0052
v 0.4558 0.0979 -0.0023
v 0.4604 0.1030 -0.0024
v 0.4655 0.0989 -0.0001
v 0.4620 0.1115 -0.0034
v 0.4582 0.1251 -0.0052
v 0.4637 0.1194 -0.0033
v 0.4520 0.1506 -0.0083
v 0.4583 0.1715 -0.0049
v 0.4626 0.1529 -0.0024
v 0.4671 0.1588 -0.0017
v 0.4627 0.2113 -0.0033
v 0.4519 0.2630 -0.0085
v 0.4582 0.2762 -0.0058
v 0.4473 0.2706 -0.0100
v 0.4451 0.2889 -0.0107
v 0.4530 0.2862 -0.0081
v 0.4631 0.2781 -0.0042
v 0.4661 0.2994 -0.0045
v 0.4670 0.3079 -0.0038
v 0.4694 0.3028 -0.0048
v 0.4748 0.3124 -0.0047
v 0.4751 0.3078 -0.0077
v 0.4714 0.3087 -0.0044
v 0.4769 0.3161 -0.0024
v 0.4814 0.3175 -0.0058
v 0.4786 0.3146 -0.0072
v 0.4859 0.3163 -0.0159
v 0.4863 0.3142 -0.0242
v 0.4919 0.3179 -0.0207
v 0.4949 0.3198 -0.0280
v 0.4949 0.3169 -0.0302
v 0.4867 0.3140 -0.0273
v 0.4875 0.3093 -0.0342
v 0.4844 0.3073 -0.0291
v 0.4883 0.3074 -0.0396
v 0.4897 0.3100 -0.0450
v 0.4862 0.3022 -0.0416
v 0.4849 0.2587 -0.0416
v 0.4851 0.2757 -0.0450
v 0.4849 0.2608 -0.0456
v 0.4839 0.2531 -0.0480
v 0.4814 0.2606 -0.0504
v 0.4767 0.2961 -0.0529
v 0.4666 0.3080 -0.0574
v 0.4688 0.2806 -0.0564
v 0.4800 0.3119 -0.0525
v 0.4782 0.3146 -0.0559
v 0.4794 0.3081 -0.0527
v 0.4606 0.3147 -0.0632
v 0.4508 0.3082 -0.0641
v 0.4449 0.3038 -0.0671
v 0.4471 0.3083 -0.0670
v 0.4431 0.3080 -0.0689
v 0.4393 0.3085 -0.0701
v 0.4270 0.3088 -0.0758
v 0.4245 0.3123 -0.0789
v 0.4277 0.3163 -0.0807
v 0.4198 0.3140 -0.0816
v 0.4157 0.3130 -0.0819
v 0.4143 0.3140 -0.0846
v 0.4139 0.3214 -0.0924
v 0.4204 0.3243 -0.0897
v 0.4118 0.3227 -0.0944
v 0.4078 0.3256 -0.0965
v 0.4031 0.3256 -0.0979
v 0.4030 0.3362 -0.0957
v 0.3959 0.3327 -0.0941
v 0.4032 0.3306 -0.0973
v 0.4320 0.3414 -0.0824
v 0.4176 0.3442 -0.0883
v 0.4220 0.3321 -0.0885
v 0.4355 0.3332 -0.0823
v 0.4290 0.3255 -0.0866
v 0.4360 0.3264 -0.0829
v 0.4562 0.3440 -0.0698
v 0.4474 0.3380 -0.0758
v 0.4623 0.3424 -0.0681
v 0.4838 0.3430 -0.0593
v 0.4813 0.3522 -0.0585
v 0.4605 0.3492 -0.0681
v 0.4526 0.3489 -0.0711
v 0.4417 0.3487 -0.0774
v 0.4319 0.3488 -0.0810
v 0.4303 0.3606 -0.0835
v 0.4189 0.3556 -0.0868
v 0.4258 0.3528 -0.0843
v 0.4024 0.3483 -0.0931
v 0.4085 0.3542 -0.0888
v 0.4010 0.3544 -0.0936
v 0.4019 0.3424 -0.0940
v 0.3993 0.3381 -0.0949
v 0.3917 0.3371 -0.0995
v 0.3894 0.3331 -0.0999
v 0.3886 0.3329 -0.1061
v 0.3916 0.3382 -0.1053
v 0.3912 0.3354 -0.1104
v 0.3909 0.3486 -0.1231
v 0.3885 0.3484 -0.1253
v 0.3936 0.3433 -0.1063
v 0.3955 0.3491 -0.1102
v 0.3945 0.3438 -0.1111
v 0.3930 0.3418 -0.0956
v 0.3943 0.3440 -0.1012
v 0.3920 0.3411 -0.1036
v 0.3980 0.3489 -0.0957
v 0.3968 0.3516 -0.1080
v 0.3952 0.3590 -0.1090
v 0.3944 0.3537 -0.1130
v 0.3913 0.3617 -0.1181
v 0.3860 0.3611 -0.1227
v 0.3848 0.3585 -0.1239
v 0.3785 0.3425 -0.1319
v 0.3798 0.3519 -0.1284
v 0.3735 0.3423 -0.1330
v 0.3634 0.3361 -0.1334
v 0.3684 0.3420 -0.1329
v 0.3608 0.3433 -0.1292
v 0.3559 0.3288 -0.1320
v 0.3485 0.3267 -0.1296
v 0.3326 0.3179 -0.1252
v 0.3284 0.3061 -0.1328
v 0.3403 0.3232 -0.1262
v 0.3281 0.3181 -0.1221
v 0.3327 0.3237 -0.1210
v 0.3266 0.3243 -0.1204
v 0.3154 0.3208 -0.1218
v 0.3111 0.3255 -0.1234
v 0.3088 0.3188 -0.1231
v 0.3078 0.3104 -0.1149
v 0.3098 0.3127 -0.1185
v 0.3021 0.3115 -0.1183
v 0.3001 0.3136 -0.1242
v 0.2970 0.3158 -0.1274
v 0.2923 0.3111 -0.1219
v 0.2951 0.3172 -0.1294
v 0.2884 0.3203 -0.1330
v 0.2808 0.3248 -0.1358
v 0.2719 0.3212 -0.1395
v 0.2824 0.3178 -0.1347
v 0.2636 0.3207 -0.1431
v 0.2658 0.3298 -0.1423
v 0.2557 0.3205 -0.1469
v 0.2441 0.3153 -0.1482
v 0.2460 0.3196 -0.1505
v 0.2416 0.3173 -0.1524
v 0.2156 0.3258 -0.1638
v 0.2263 0.3195 -0.1589
v 0.2131 0.3172 -0.1646
v 0.2159 0.3202 -0.1633
v 0.2026 0.3197 -0.1692
v 0.2016 0.3139 -0.1662
v 0.2007 0.3175 -0.1701
v 0.1911 0.3161 -0.1732
v 0.1760 0.3145 -0.1767
v 0.1891 0.3178 -0.1761
v 0.1819 0.3177 -0.1783
v 0.1678 0.3080 -0.1734
v 0.1690 0.3121 -0.1785
v 0.1633 0.3068 -0.1754
v 0.1617 0.3091 -0.1793
v 0.1524 0.2963 -0.1830
v 0.1531 0.3025 -0.1838
v 0.1520 0.2980 -0.1878
v 0.1471 0.3050 -0.1893
v 0.1510 0.3084 -0.1884
v 0.1506 0.3022 -0.1917
v 0.1536 0.3126 -0.1890
v 0.1677 0.3159 -0.1841
v 0.1644 0.3164 -0.1881
v 0.1623 0.3149 -0.1864
v 0.1751 0.3259 -0.1843
v 0.1680 0.3236 -0.1891
v 0.1725 0.3211 -0.1852
v 0.1619 0.3198 -0.1991
v 0.1630 0.3236 -0.1995
v 0.1647 0.3215 -0.2034
v 0.1653 0.3258 -0.2054
v 0.1686 0.3270 -0.2182
v 0.1644 0.3289 -0.2239
v 0.1669 0.3258 -0.2206
v 0.1596 0.3310 -0.2269
v 0.1543 0.3284 -0.2294
v 0.1588 0.3282 -0.2281
v 0.1497 0.3236 -0.2301
v 0.1504 0.3313 -0.2318
v 0.1431 0.3268 -0.2326
v 0.1426 0.3104 -0.2265
v 0.1441 0.3187 -0.2295
v 0.1382 0.3141 -0.2275
v 0.1342 0.3078 -0.2255
v 0.1341 0.3148 -0.2269
v 0.1289 0.3099 -0.2280
v 0.1235 0.3169 -0.2287
v 0.1273 0.3144 -0.2279
v 0.1342 0.3223 -0.2326
v 0.1342 0.3264 -0.2355
v 0.1321 0.3241 -0.2358
v 0.1126 0.3188 -0.2350
v 0.1201 0.3232 -0.2376
v 0.1101 0.3203 -0.2382
v 0.1152 0.3137 -0.2332
v 0.1113 0.3267 -0.2443
v 0.1031 0.3256 -0.2475
v 0.1095 0.3377 -0.2493
v 0.1189 0.3438 -0.2484
v 0.1105 0.3429 -0.2489
v 0.1108 0.3500 -0.2501
v 0.1044 0.3500 -0.2503
v 0.1043 0.3545 -0.2523
v 0.1041 0.3590 -0.2582
v 0.1003 0.3541 -0.2529
v 0.0874 0.3490 -0.2566
v 0.0949 0.3543 -0.2571
v 0.0870 0.3540 -0.2576
v 0.0759 0.3366 -0.2559
v 0.0793 0.3387 -0.2582
v 0.0785 0.3434 -0.2548
v 0.0691 0.3506 -0.2476
v 0.0755 0.3554 -0.2514
v 0.0672 0.3548 -0.2474
v 0.0645 0.3366 -0.2462
v 0.0688 0.3429 -0.2465
v 0.0624 0.3435 -0.2450
v 0.0476 0.3361 -0.2436
v 0.0561 0.3420 -0.2438
v 0.0500 0.3492 -0.2414
v 0.0409 0.3227 -0.2439
v 0.0387 0.3292 -0.2446
v 0.0337 0.3217 -0.2448
v 0.0261 0.3177 -0.2466
v 0.0168 0.3209 -0.2510
v 0.0182 0.3165 -0.2476
v 0.0052 0.3019 -0.2391
v 0.0164 0.3082 -0.2375
v 0.0058 0.3061 -0.2396
v 0.0038 0.2948 -0.2398
v -0.0017 0.3022 -0.2420
v -0.0081 0.3019 -0.2445
v -0.0143 0.3024 -0.2477
v -0.0234 0.3022 -0.2508
v -0.0483 0.3020 -0.2619
v -0.0604 0.3018 -0.2671
v -0.0888 0.2706 -0.2807
v -0.0885 0.2402 -0.2816
v -0.0837 0.2240 -0.2800
v -0.1079 0.2125 -0.2910
v -0.0665 0.2029 -0.2727
v -0.1251 0.1764 -0.2985
v -0.1465 0.1617 -0.3074
v -0.1231 0.1466 -0.2966
v -0.0285 0.1189 -0.2539
v -0.0609 0.1433 -0.2691
v -0.0478 0.1173 -0.2621
v -0.0305 0.1038 -0.2566
v -0.0312 0.1093 -0.2546
v -0.0351 0.1039 -0.2573
v -0.0192 0.1037 -0.2510
v -0.0213 0.1089 -0.2506
v -0.0231 0.1053 -0.2511
v -0.0112 0.1058 -0.2456
v -0.0128 0.1027 -0.2501
v -0.0072 0.1022 -0.2460
v 0.0017 0.1021 -0.2416
v 0.0013 0.1092 -0.2397
v -0.0019 0.1016 -0.2446
v 0.0102 0.0970 -0.2405
v 0.0099 0.1025 -0.2372
v 0.0051 0.0975 -0.2442
v 0.0173 0.0984 -0.2343
v 0.0136 0.1027 -0.2349
v 0.0159 0.0968 -0.2384
v 0.0277 0.1030 -0.2294
v 0.0291 0.1130 -0.2292
v 0.0214 0.1096 -0.2310
v 0.0114 0.1213 -0.2369
v 0.0047 0.1268 -0.2399
v -0.0038 0.1235 -0.2432
v -0.0145 0.1361 -0.2486
v -0.0133 0.1092 -0.2466
v 0.0117 0.1479 -0.2391
v 0.0172 0.1550 -0.2384
v 0.0233 0.1606 -0.2378
v 0.0302 0.1650 -0.2375
v 0.0339 0.1604 -0.2418
v 0.0513 0.1670 -0.2401
v 0.0465 0.1634 -0.2440
v 0.0516 0.1603 -0.2461
v 0.0655 0.1573 -0.2414
v 0.0716 0.1563 -0.2325
v 0.0738 0.1565 -0.2202
v 0.0806 0.1503 -0.2247
v 0.0799 0.1511 -0.2197
v 0.0981 0.1407 -0.2205
v 0.0902 0.1433 -0.2260
v 0.0914 0.1401 -0.2307
v 0.0840 0.1411 -0.2361
v 0.0944 0.1354 -0.2333
v 0.0912 0.1270 -0.2393
v 0.0830 0.1346 -0.2404
v 0.0810 0.1271 -0.2414
v 0.1174 0.1253 -0.2287
v 0.1078 0.1206 -0.2343
v 0.1269 0.1205 -0.2259
v 0.1133 0.1291 -0.2286
v 0.1244 0.1149 -0.2262
v 0.1367 0.1159 -0.2222
v 0.1365 0.1080 -0.2167
v 0.1304 0.1114 -0.2220
v 0.1271 0.1070 -0.2207
v 0.1217 0.1042 -0.2160
v 0.1235 0.1054 -0.2191
v 0.1192 0.1038 -0.2188
v 0.1106 0.1026 -0.2047
v 0.1104 0.1041 -0.2000
v 0.1173 0.1042 -0.2061
v 0.1226 0.1066 -0.2001
v 0.1165 0.1058 -0.2007
v 0.1170 0.1096 -0.1993
v 0.1179 0.1061 -0.1871
v 0.1222 0.1106 -0.1936
v 0.1165 0.1090 -0.1929
v 0.1215 0.1050 -0.1874
v 0.1284 0.1104 -0.1898
v 0.1214 0.1098 -0.1880
v 0.1237 0.1135 -0.1900
v 0.1288 0.1112 -0.1940
v 0.1276 0.1032 -0.1874
v 0.1336 0.1103 -0.1866
v 0.1429 0.0990 -0.1826
v 0.1330 0.1011 -0.1853
v 0.1308 0.0964 -0.1896
v 0.1582 0.0974 -0.1766
v 0.1514 0.0980 -0.1791
v 0.1530 0.0956 -0.1813
v 0.1450 0.1042 -0.1792
v 0.1483 0.1093 -0.1761
v 0.1450 0.1093 -0.1789
v 0.1344 0.1088 -0.1809
v 0.1346 0.1040 -0.1811
v 0.1392 0.1126 -0.1880
v 0.1395 0.1149 -0.1830
v 0.1482 0.1133 -0.1916
v 0.1352 0.1084 -0.1969
v 0.1281 0.1056 -0.1998
v 0.1282 0.1070 -0.1963
v 0.1334 0.1052 -0.2106
v 0.1308 0.1056 -0.2140
v 0.1279 0.1048 -0.2121
v 0.1566 0.1138 -0.2080
v 0.1563 0.1172 -0.2116
v 0.1536 0.1138 -0.2119
v 0.1624 0.1175 -0.2077
v 0.1455 0.1151 -0.2171
v 0.1840 0.1287 -0.2017
v 0.1787 0.1285 -0.2057
v 0.1780 0.1243 -0.2025
v 0.1707 0.1174 -0.1939
v 0.1769 0.1205 -0.1984
v 0.1638 0.1141 -0.1992
v 0.1619 0.1188 -0.1857
v 0.1629 0.1216 -0.1816
v 0.1683 0.1200 -0.1868
v 0.1626 0.1210 -0.1767
v 0.1688 0.1224 -0.1831
v 0.1520 0.1156 -0.1749
v 0.1509 0.1164 -0.1802
v 0.1511 0.1091 -0.1744
v 0.1565 0.1027 -0.1744
v 0.1561 0.1090 -0.1726
v 0.1517 0.1032 -0.1752
v 0.1636 0.0978 -0.1748
v 0.1627 0.1014 -0.1724
v 0.1680 0.1012 -0.1697
v 0.1730 0.1091 -0.1649
v 0.1676 0.1092 -0.1675
v 0.1624 0.1092 -0.1697
v 0.1671 0.1155 -0.1683
v 0.1650 0.1175 -0.1700
v 0.1679 0.1225 -0.1746
v 0.1739 0.1227 -0.1834
v 0.1853 0.1242 -0.1879
v 0.1786 0.1214 -0.1891
v 0.1793 0.1210 -0.1933
v 0.1846 0.1250 -0.1975
v 0.1963 0.1309 -0.1919
v 0.1982 0.1342 -0.1932
v 0.1904 0.1291 -0.1956
v 0.1902 0.1272 -0.1833
v 0.1909 0.1269 -0.1875
v 0.1876 0.1271 -0.1810
v 0.1742 0.1268 -0.1712
v 0.1744 0.1271 -0.1746
v 0.1699 0.1258 -0.1706
v 0.1739 0.1215 -0.1679
v 0.1860 0.1286 -0.1782
v 0.2069 0.1367 -0.1865
v 0.2059 0.1371 -0.1898
v 0.2000 0.1325 -0.1884
v 0.2135 0.1429 -0.1858
v 0.2175 0.1498 -0.1884
v 0.2075 0.1402 -0.1898
v 0.2285 0.1547 -0.1828
v 0.2102 0.1417 -0.1714
v 0.2139 0.1409 -0.1764
v 0.2085 0.1387 -0.1762
v 0.1993 0.1432 -0.1613
v 0.2051 0.1425 -0.1663
v 0.1912 0.1311 -0.1760
v 0.1872 0.1324 -0.1651
v 0.1926 0.1348 -0.1716
v 0.2105 0.1395 -0.1809
v 0.2013 0.1335 -0.1783
v 0.2230 0.1594 -0.1889
v 0.2116 0.1559 -0.1938
v 0.1991 0.1504 -0.1979
v 0.1869 0.1398 -0.2030
v 0.1994 0.1441 -0.1979
v 0.2119 0.1629 -0.1923
v 0.2287 0.1841 -0.1824
v 0.2260 0.1768 -0.1861
v 0.1799 0.1041 -0.1639
v 0.1797 0.1079 -0.1627
v 0.1804 0.0962 -0.1739
v 0.1813 0.0937 -0.1758
v 0.1915 0.0990 -0.1683
v 0.2058 0.0774 -0.1685
v 0.2008 0.0873 -0.1686
v 0.1877 0.0871 -0.1753
v 0.1992 0.0672 -0.1727
v 0.1972 0.0504 -0.1742
v 0.2143 0.0336 -0.1673
v 0.1992 0.0379 -0.1728
v 0.1986 0.0288 -0.1716
v 0.2201 0.0331 -0.1604
v 0.2143 0.0286 -0.1659
v 0.2127 0.0126 -0.1580
v 0.2035 0.0123 -0.1632
v 0.2069 0.0095 -0.1598
v 0.2016 0.0099 -0.1381
v 0.2092 0.0094 -0.1572
v 0.1882 0.0099 -0.1469
v 0.1802 0.0103 -0.1305
v 0.1656 0.0100 -0.1484
v 0.1687 0.0158 -0.1295
v 0.1697 0.0213 -0.1247
v 0.1807 0.0166 -0.1236
v 0.1814 0.0218 -0.1189
v 0.1917 0.0195 -0.1168
v 0.1845 0.0130 -0.1226
v 0.1917 0.0104 -0.1225
v 0.1821 0.0118 -0.1252
v 0.1962 0.0128 -0.1173
v 0.1986 0.0169 -0.1142
v 0.2056 0.0123 -0.1135
v 0.2052 0.0170 -0.1119
v 0.1989 0.0214 -0.1117
v 0.1932 0.0215 -0.1130
v 0.2162 0.0236 -0.1006
v 0.2166 0.0205 -0.1059
v 0.2101 0.0245 -0.1000
v 0.2279 0.0241 -0.0946
v 0.2322 0.0179 -0.0998
v 0.2284 0.0213 -0.1004
v 0.2355 0.0162 -0.0986
v 0.2344 0.0120 -0.1015
v 0.2407 0.0240 -0.0849
v 0.2395 0.0241 -0.0885
v 0.2327 0.0245 -0.0815
v 0.2463 0.0197 -0.0941
v 0.2502 0.0165 -0.0941
v 0.2169 0.0117 -0.1090
v 0.2111 0.0115 -0.1129
v 0.2081 0.0130 -0.1112
v 0.1809 0.0242 -0.1116
v 0.1632 0.0244 -0.1172
v 0.1575 0.0240 -0.1187
v 0.1516 0.0244 -0.1231
v 0.1525 0.0216 -0.1308
v 0.1454 0.0236 -0.1259
v 0.1336 0.0241 -0.1183
v 0.1323 0.0237 -0.1305
v 0.1158 0.0238 -0.1324
v 0.1225 0.0234 -0.1411
v 0.1114 0.0233 -0.1433
v 0.0750 0.0242 -0.1044
v 0.0903 0.0238 -0.1459
v 0.0754 0.0241 -0.1521
v 0.0048 0.0243 -0.0844
v 0.0427 0.0243 -0.1147
v 0.0202 0.0245 -0.1422
v -0.0284 0.0244 -0.1105
v -0.0203 0.0244 -0.1229
v -0.0502 0.0244 -0.1420
v -0.0052 0.0243 -0.0715
v -0.0092 0.0243 -0.0459
v -0.0689 0.0243 -0.0376
v -0.0812 0.0243 -0.0587
v -0.0921 0.0243 -0.0378
v -0.1180 0.0244 0.0293
v -0.0966 0.0244 0.0001
v -0.1279 0.0244 -0.0068
v -0.2051 0.0241 0.0928
v -0.1721 0.0243 0.0536
v -0.2343 0.0242 0.0933
v -0.2403 0.0242 0.0933
v -0.2412 0.0241 0.0825
v -0.2462 0.0207 0.1006
v -0.2462 0.0242 0.0935
v -0.2524 0.0205 0.0993
v -0.2642 0.0114 0.0999
v -0.2551 0.0158 0.1011
v -0.2625 0.0154 0.0995
v -0.2609 0.0101 0.1027
v -0.2687 0.0106 0.0994
v -0.2910 0.0097 0.1256
v -0.2872 0.0100 0.1022
v -0.3098 0.0098 0.1051
v -0.2866 0.0096 0.1323
v -0.2962 0.0098 0.1301
v -0.2929 0.0154 0.1324
v -0.2909 0.0115 0.1324
v -0.2596 0.0096 0.1384
v -0.2566 0.0101 0.1136
v -0.2750 0.0099 0.1075
v -0.2758 0.0126 0.1386
v -0.2717 0.0104 0.1386
v -0.2806 0.0110 0.1368
v -0.2850 0.0233 0.1362
v -0.2980 0.0321 0.1310
v -0.2595 0.0228 0.1470
v -0.2306 0.0182 0.1590
v -0.2458 0.0128 0.1521
v -0.2347 0.0287 0.1580
v -0.2139 0.0174 0.1683
v -0.2251 0.0287 0.1632
v -0.2219 0.0371 0.1671
v -0.2059 0.0098 0.1707
v -0.2097 0.0093 0.1678
v -0.2113 0.0122 0.1684
v -0.1880 0.0116 0.1794
v -0.1821 0.0104 0.1718
v -0.1941 0.0116 0.1750
v -0.1767 0.0097 0.1495
v -0.1821 0.0101 0.1368
v -0.1979 0.0096 0.1484
v -0.2142 0.0092 0.1657
v -0.2110 0.0089 0.1633
v -0.2164 0.0091 0.1627
v -0.2301 0.0115 0.1576
v -0.2278 0.0093 0.1567
v -0.2385 0.0094 0.1537
v -0.2468 0.0101 0.1489
v -0.2508 0.0114 0.1491
v -0.2423 0.0098 0.1527
v -0.2614 0.0113 0.1445
v -0.2569 0.0095 0.1449
v -0.2667 0.0098 0.1418
v -0.2329 0.0099 0.1338
v -0.2274 0.0106 0.1218
v -0.2439 0.0103 0.1202
v -0.2491 0.0102 0.1082
v -0.2567 0.0105 0.1067
v -0.2446 0.0154 0.1050
v -0.2485 0.0128 0.1044
v -0.2345 0.0202 0.1066
v -0.2346 0.0237 0.0994
v -0.2409 0.0196 0.1044
v -0.2290 0.0220 0.1062
v -0.2220 0.0237 0.1002
v -0.2286 0.0240 0.0993
v -0.2325 0.0172 0.1110
v -0.2233 0.0216 0.1103
v -0.2293 0.0196 0.1105
v -0.2302 0.0125 0.1130
v -0.2329 0.0133 0.1111
v -0.2363 0.0112 0.1140
v -0.2160 0.0111 0.1218
v -0.2242 0.0106 0.1189
v -0.2103 0.0124 0.1213
v -0.2161 0.0160 0.1168
v -0.2176 0.0119 0.1184
v -0.2156 0.0194 0.1159
v -0.2114 0.0228 0.1115
v -0.2173 0.0213 0.1121
v -0.2054 0.0237 0.1110
v -0.1994 0.0240 0.1109
v -0.2063 0.0237 0.1065
v -0.2110 0.0241 0.1051
v -0.1818 0.0242 0.1167
v -0.1845 0.0242 0.0894
v -0.1919 0.0237 0.1110
v -0.2001 0.0200 0.1224
v -0.1998 0.0224 0.1176
v -0.2043 0.0190 0.1225
v -0.2059 0.0114 0.1244
v -0.1982 0.0160 0.1246
v -0.2049 0.0157 0.1230
v -0.2038 0.0105 0.1303
v -0.2114 0.0101 0.1251
v -0.1858 0.0112 0.1341
v -0.1789 0.0125 0.1338
v -0.1886 0.0117 0.1303
v -0.1770 0.0115 0.1363
v -0.1790 0.0156 0.1326
v -0.1873 0.0191 0.1281
v -0.1888 0.0211 0.1243
v -0.1881 0.0153 0.1292
v -0.1644 0.0240 0.1209
v -0.1635 0.0242 0.1096
v -0.1702 0.0242 0.1227
v -0.1702 0.0176 0.1353
v -0.1705 0.0208 0.1340
v -0.1746 0.0175 0.1338
v -0.1645 0.0164 0.1380
v -0.1592 0.0218 0.1356
v -0.1646 0.0219 0.1342
v -0.1525 0.0243 0.1285
v -0.1367 0.0242 0.1216
v -0.1520 0.0242 0.1155
v -0.1468 0.0240 0.1345
v -0.1576 0.0177 0.1406
v -0.1526 0.0207 0.1415
v -0.1578 0.0205 0.1392
v -0.1570 0.0104 0.1472
v -0.1530 0.0116 0.1471
v -0.1614 0.0098 0.1441
v -0.1607 0.0097 0.1518
v -0.1513 0.0096 0.1706
v -0.1349 0.0095 0.1580
v -0.1515 0.0095 0.1577
v -0.1448 0.0098 0.1509
v -0.1359 0.0169 0.1510
v -0.1426 0.0163 0.1482
v -0.1510 0.0158 0.1460
v -0.1413 0.0221 0.1450
v -0.1473 0.0203 0.1451
v -0.1326 0.0235 0.1398
v -0.1280 0.0240 0.1321
v -0.1381 0.0236 0.1347
v -0.1298 0.0213 0.1513
v -0.1336 0.0208 0.1506
v -0.1273 0.0122 0.1582
v -0.1293 0.0167 0.1544
v -0.1367 0.0096 0.1556
v -0.1102 0.0165 0.1633
v -0.1118 0.0212 0.1591
v -0.1236 0.0167 0.1580
v -0.1160 0.0236 0.1485
v -0.2125 0.0099 0.1390
v -0.2059 0.0208 0.1183
v -0.2359 0.0158 0.1089
v -0.1840 0.0135 0.1833
v -0.1795 0.0120 0.1792
v -0.1852 0.0168 0.1839
v -0.1847 0.0223 0.1849
v -0.1809 0.0163 0.1861
v -0.1636 0.0449 0.1949
v -0.1688 0.0218 0.1915
v -0.1955 0.0481 0.1831
v -0.1576 0.0522 0.1948
v -0.1522 0.0389 0.1943
v -0.1468 0.0462 0.1963
v -0.1393 0.0592 0.1989
v -0.1382 0.0795 0.1990
v -0.1376 0.0884 0.1981
v -0.1287 0.0904 0.2024
v -0.0968 0.0897 0.2156
v -0.0906 0.0934 0.2156
v -0.0873 0.0896 0.2192
v -0.0720 0.0908 0.2251
v -0.0809 0.0922 0.2216
v -0.0687 0.0934 0.2251
v -0.0595 0.0865 0.2311
v -0.0538 0.0921 0.2331
v -0.0478 0.0813 0.2371
v -0.0269 0.0727 0.2498
v -0.0379 0.0705 0.2428
v -0.0348 0.0826 0.2438
v -0.0193 0.0619 0.2567
v -0.0180 0.0756 0.2541
v -0.0092 0.0724 0.2586
v -0.0107 0.0829 0.2557
v 0.0027 0.0776 0.2625
v 0.0166 0.0824 0.2653
v 0.0253 0.0891 0.2672
v 0.0281 0.0957 0.2669
v 0.0355 0.0932 0.2708
v 0.0488 0.0978 0.2756
v 0.0439 0.0951 0.2748
v 0.0412 0.1024 0.2663
v 0.0570 0.0995 0.2763
v 0.0542 0.1031 0.2720
v 0.0648 0.1041 0.2741
v 0.0687 0.1055 0.2743
v 0.0717 0.1026 0.2789
v 0.0878 0.0980 0.2888
v 0.0834 0.1030 0.2835
v 0.0929 0.1044 0.2858
v 0.1052 0.1043 0.2917
v 0.1092 0.1030 0.2943
v 0.1125 0.1093 0.2928
v 0.1124 0.1166 0.2933
v 0.1180 0.1087 0.2958
v 0.1043 0.1387 0.2910
v 0.1046 0.1117 0.2900
v 0.1513 0.1201 0.3102
v 0.1414 0.1135 0.3057
v 0.1344 0.1260 0.3031
v 0.1912 0.1566 0.3285
v 0.1711 0.1266 0.3190
v 0.1445 0.1653 0.3091
v 0.1650 0.1899 0.3181
v 0.1491 0.2069 0.3116
v 0.1952 0.2022 0.3307
v 0.2026 0.1384 0.3336
v 0.2010 0.1500 0.3331
v 0.2060 0.1482 0.3375
v 0.2108 0.1148 0.3409
v 0.2104 0.1555 0.3422
v 0.2104 0.1805 0.3419
v 0.2100 0.1779 0.3528
v 0.2098 0.1910 0.3529
v 0.2137 0.2152 0.3556
v 0.2426 0.2725 0.3681
v 0.2215 0.2345 0.3592
v 0.2223 0.2652 0.3593
v 0.2517 0.3091 0.3738
v 0.2526 0.3010 0.3721
v 0.2414 0.3003 0.3683
v 0.2827 0.2192 0.3849
v 0.2931 0.1892 0.3873
v 0.2937 0.2193 0.3877
v 0.2971 0.2041 0.3883
v 0.2926 0.1485 0.3875
v 0.2961 0.1637 0.3871
v 0.2991 0.1530 0.3865
v 0.2992 0.1396 0.3855
v 0.3009 0.1535 0.3835
v 0.3011 0.1340 0.3831
v 0.3026 0.1171 0.3808
v 0.3069 0.1658 0.3728
v 0.3126 0.1512 0.3611
v 0.3095 0.1157 0.3662
v 0.3116 0.1202 0.3617
v 0.3146 0.1151 0.3540
v 0.3076 0.1039 0.3779
v 0.3108 0.1032 0.3698
v 0.3099 0.0967 0.3835
v 0.3137 0.0966 0.3766
v 0.3194 0.0970 0.3647
v 0.3221 0.0846 0.3582
v 0.3209 0.0639 0.3602
v 0.3261 0.0581 0.3486
v 0.3253 0.0415 0.3487
v 0.3234 0.0375 0.3541
v 0.3253 0.0229 0.3500
v 0.3245 0.0098 0.3499
v 0.3253 0.0276 0.3460
v 0.3234 0.0404 0.3435
v 0.3236 0.0226 0.3442
v 0.3175 0.0323 0.3409
v 0.3113 0.0385 0.3373
v 0.3100 0.0213 0.3376
v 0.3034 0.0506 0.3310
v 0.3038 0.0446 0.3286
v 0.3032 0.0329 0.3289
v 0.3110 0.0689 0.3081
v 0.3143 0.0580 0.3009
v 0.3138 0.0376 0.3025
v 0.3210 0.0371 0.2860
v 0.3163 0.0241 0.2957
v 0.3321 0.0367 0.2612
v 0.3252 0.0305 0.2763
v 0.3235 0.0243 0.2768
v 0.3273 0.0249 0.2714
v 0.3214 0.0222 0.2750
v 0.3331 0.0250 0.2591
v 0.3371 0.0292 0.2498
v 0.3362 0.0244 0.2497
v 0.3398 0.0237 0.2383
v 0.3423 0.0252 0.2363
v 0.3383 0.0255 0.2472
v 0.3401 0.0252 0.2412
v 0.3394 0.0491 0.2448
v 0.3424 0.0336 0.2382
v 0.3496 0.0870 0.2190
v 0.3547 0.0900 0.2059
v 0.3589 0.0844 0.1979
v 0.3686 0.0901 0.1751
v 0.3716 0.0913 0.1675
v 0.3728 0.0876 0.1668
v 0.3737 0.0921 0.1650
v 0.3743 0.0910 0.1622
v 0.3714 0.0966 0.1567
v 0.3737 0.0984 0.1463
v 0.3766 0.0939 0.1514
v 0.3802 0.0923 0.1488
v 0.3823 0.0938 0.1389
v 0.3793 0.0981 0.1342
v 0.3825 0.0963 0.1327
v 0.3862 0.0904 0.1375
v 0.3880 0.0908 0.1309
v 0.3907 0.0871 0.1263
v 0.3980 0.0891 0.1097
v 0.4002 0.0898 0.1037
v 0.3973 0.0839 0.1121
v 0.4022 0.0900 0.0980
v 0.4004 0.0972 0.0868
v 0.4025 0.1029 0.0761
v 0.4030 0.0987 0.0765
v 0.4100 0.0923 0.0793
v 0.4122 0.0933 0.0698
v 0.4118 0.0901 0.0755
v 0.4079 0.1027 0.0633
v 0.4136 0.0967 0.0573
v 0.4116 0.0967 0.0642
v 0.4208 0.0895 0.0565
v 0.4214 0.0925 0.0547
v 0.4232 0.0901 0.0493
v 0.4236 0.0947 0.0387
v 0.4236 0.0967 0.0334
v 0.4278 0.0922 0.0384
v 0.4301 0.0909 0.0337
v 0.4327 0.0919 0.0304
v 0.4392 0.0924 0.0145
v 0.4418 0.0933 0.0055
v 0.4379 0.0900 0.0187
v 0.4434 0.0949 -0.0012
v 0.4438 0.0972 -0.0064
v 0.4380 0.1022 -0.0072
v 0.4439 0.1022 -0.0096
v 0.4522 0.1021 -0.0073
v 0.4520 0.1090 -0.0086
v 0.4555 0.1038 -0.0051
v 0.4438 0.1309 -0.0093
v 0.4370 0.1367 -0.0065
v 0.4437 0.1440 -0.0088
v 0.4372 0.1823 -0.0060
v 0.4370 0.2155 -0.0065
v 0.4436 0.1885 -0.0086
v 0.4374 0.2438 -0.0086
v 0.4433 0.2439 -0.0108
v 0.4438 0.2243 -0.0095
v 0.4392 0.2463 -0.0113
v 0.4391 0.2504 -0.0107
v 0.4408 0.2540 -0.0112
v 0.4392 0.2581 -0.0115
v 0.4210 0.2329 0.0307
v 0.4283 0.2423 0.0114
v 0.4324 0.2342 0.0021
v 0.4197 0.2123 0.0353
v 0.4337 0.2104 0.0010
v 0.4132 0.1945 0.0522
v 0.4051 0.2336 0.0694
v 0.4184 0.2606 0.0350
v 0.4102 0.2228 0.0579
v 0.3800 0.2520 0.1249
v 0.3932 0.2639 0.0938
v 0.3895 0.2323 0.1058
v 0.3513 0.2486 0.1880
v 0.3679 0.2535 0.1514
v 0.3605 0.2249 0.1707
v 0.3387 0.2204 0.2180
v 0.3516 0.2137 0.1911
v 0.3478 0.1937 0.2006
v 0.3411 0.2633 0.2086
v 0.3398 0.2396 0.2138
v 0.3286 0.2468 0.2365
v 0.3031 0.2263 0.2927
v 0.3190 0.2645 0.2556
v 0.3132 0.2074 0.2719
v 0.2906 0.1748 0.3200
v 0.2907 0.2114 0.3202
v 0.3028 0.1679 0.2947
v 0.2996 0.1280 0.3019
v 0.3206 0.1310 0.2566
v 0.3113 0.1177 0.2768
v 0.2905 0.1090 0.3277
v 0.2907 0.1280 0.3202
v 0.2904 0.1091 0.3202
v 0.2954 0.0965 0.3206
v 0.2969 0.0976 0.3145
v 0.3010 0.0936 0.3210
v 0.3027 0.0956 0.3334
v 0.3007 0.0941 0.3271
v 0.3045 0.0915 0.3313
v 0.3113 0.0873 0.3370
v 0.3078 0.0944 0.3357
v 0.3143 0.0965 0.3403
v 0.3190 0.1016 0.3438
v 0.3143 0.1044 0.3418
v 0.3113 0.1462 0.3404
v 0.2929 0.1398 0.3340
v 0.3069 0.1030 0.3389
v 0.2930 0.1038 0.3336
v 0.2919 0.1018 0.3289
v 0.2962 0.1018 0.3343
v 0.2961 0.0965 0.3291
v 0.2926 0.1089 0.3339
v 0.2914 0.1306 0.3280
v 0.2919 0.2012 0.3341
v 0.2901 0.1939 0.3274
v 0.2925 0.1693 0.3341
v 0.2916 0.2308 0.3341
v 0.2897 0.2216 0.3272
v 0.3134 0.1797 0.3418
v 0.3135 0.2045 0.3421
v 0.3038 0.2020 0.3384
v 0.3172 0.1953 0.3435
v 0.3165 0.2059 0.3438
v 0.3120 0.2275 0.3418
v 0.3039 0.2541 0.3391
v 0.3131 0.2804 0.3427
v 0.2966 0.3083 0.3368
v 0.2889 0.2659 0.3272
v 0.2894 0.2362 0.3272
v 0.2905 0.2289 0.3200
v 0.2905 0.2663 0.3204
v 0.2901 0.2816 0.3198
v 0.2938 0.2644 0.3120
v 0.3163 0.2962 0.2598
v 0.3232 0.3013 0.2461
v 0.3277 0.2908 0.2359
v 0.3372 0.2997 0.2159
v 0.3448 0.3033 0.1989
v 0.3407 0.2835 0.2081
v 0.3553 0.2671 0.1775
v 0.3563 0.2884 0.1735
v 0.3666 0.2861 0.1512
v 0.3686 0.3008 0.1468
v 0.3751 0.2966 0.1326
v 0.3955 0.2985 0.0852
v 0.4038 0.3021 0.0656
v 0.4081 0.2788 0.0576
v 0.4083 0.3045 0.0540
v 0.4127 0.3092 0.0471
v 0.4134 0.3043 0.0444
v 0.4292 0.2940 0.0068
v 0.4323 0.2749 0.0009
v 0.4275 0.2587 0.0127
v 0.4292 0.3165 0.0143
v 0.4317 0.3120 0.0010
v 0.4267 0.3108 0.0153
v 0.4183 0.3143 0.0388
v 0.4247 0.3171 0.0270
v 0.4206 0.3126 0.0302
v 0.4131 0.3146 0.0515
v 0.4144 0.3136 0.0455
v 0.4116 0.3109 0.0504
v 0.4037 0.3088 0.0671
v 0.4067 0.3084 0.0607
v 0.3951 0.3079 0.0883
v 0.3995 0.3053 0.0770
v 0.3818 0.3019 0.1180
v 0.3862 0.3088 0.1081
v 0.3882 0.3020 0.1027
v 0.3735 0.3056 0.1355
v 0.3779 0.3051 0.1276
v 0.3619 0.3019 0.1597
v 0.3541 0.3105 0.1826
v 0.3556 0.3074 0.1755
v 0.3537 0.3045 0.1801
v 0.3478 0.3160 0.2010
v 0.3515 0.3132 0.1907
v 0.3463 0.3100 0.1998
v 0.3344 0.3091 0.2229
v 0.3412 0.3072 0.2093
v 0.3278 0.3089 0.2369
v 0.3312 0.3081 0.2303
v 0.3305 0.3026 0.2306
v 0.3204 0.3096 0.2551
v 0.3143 0.3144 0.2717
v 0.3158 0.3124 0.2648
v 0.3120 0.3092 0.2723
v 0.2987 0.3099 0.3021
v 0.3034 0.3088 0.2918
v 0.2996 0.3023 0.2985
v 0.2903 0.2927 0.3203
v 0.2925 0.2979 0.3146
v 0.2911 0.3021 0.3340
v 0.2886 0.3021 0.3274
v 0.2887 0.2889 0.3273
v 0.2912 0.3132 0.3205
v 0.2976 0.3183 0.3101
v 0.2975 0.3128 0.3049
v 0.3046 0.3186 0.2947
v 0.3103 0.3169 0.2836
v 0.3079 0.3127 0.2841
v 0.3207 0.3194 0.2618
v 0.3190 0.3148 0.2619
v 0.3225 0.3191 0.2573
v 0.3242 0.3183 0.2532
v 0.3221 0.3155 0.2562
v 0.3274 0.3170 0.2481
v 0.3310 0.3195 0.2402
v 0.3294 0.3149 0.2402
v 0.3387 0.3179 0.2243
v 0.3397 0.3168 0.2196
v 0.3365 0.3153 0.2253
v 0.3444 0.3178 0.2118
v 0.3488 0.3212 0.2008
v 0.3566 0.3174 0.1837
v 0.3586 0.3217 0.1786
v 0.3577 0.3149 0.1777
v 0.3622 0.3170 0.1714
v 0.3659 0.3145 0.1607
v 0.3614 0.3096 0.1661
v 0.3701 0.3153 0.1521
v 0.3679 0.3090 0.1516
v 0.3776 0.3158 0.1360
v 0.3808 0.3158 0.1290
v 0.3783 0.3114 0.1301
v 0.3830 0.3146 0.1226
v 0.3863 0.3176 0.1201
v 0.3859 0.3133 0.1121
v 0.3886 0.3189 0.1143
v 0.3920 0.3174 0.1078
v 0.3883 0.3148 0.1108
v 0.3918 0.3111 0.0959
v 0.3960 0.3136 0.0916
v 0.4011 0.3138 0.0793
v 0.4033 0.3134 0.0712
v 0.4000 0.3101 0.0779
v 0.4082 0.3203 0.0709
v 0.4096 0.3179 0.0671
v 0.4062 0.3152 0.0695
v 0.4142 0.3209 0.0561
v 0.4176 0.3202 0.0481
v 0.4166 0.3167 0.0467
v 0.4206 0.3189 0.0422
v 0.4264 0.3224 0.0311
v 0.4318 0.3246 0.0186
v 0.4349 0.3230 0.0061
v 0.4398 0.3263 -0.0002
v 0.4367 0.3211 -0.0009
v 0.4393 0.3117 -0.0115
v 0.4357 0.2863 -0.0062
v 0.4395 0.2874 -0.0119
v 0.4422 0.3075 -0.0114
v 0.4519 0.3080 -0.0094
v 0.4608 0.2920 -0.0054
v 0.4562 0.3041 -0.0069
v 0.4620 0.3061 -0.0047
v 0.4684 0.3128 -0.0025
v 0.4729 0.3169 0.0007
v 0.4684 0.3205 0.0013
v 0.4732 0.3206 0.0021
v 0.4780 0.3254 0.0014
v 0.4803 0.3213 -0.0025
v 0.4758 0.3177 0.0006
v 0.4778 0.3312 0.0024
v 0.4843 0.3306 -0.0055
v 0.4846 0.3254 -0.0050
v 0.4881 0.3262 -0.0142
v 0.4844 0.3208 -0.0059
v 0.4902 0.3210 -0.0181
v 0.4896 0.3422 -0.0260
v 0.4999 0.3248 -0.0416
v 0.4956 0.3252 -0.0305
v 0.4911 0.3142 -0.0320
v 0.4983 0.3172 -0.0362
v 0.4926 0.3130 -0.0393
v 0.4923 0.3146 -0.0483
v 0.4951 0.3178 -0.0513
v 0.4897 0.3154 -0.0508
v 0.4867 0.3031 -0.0457
v 0.4851 0.3021 -0.0482
v 0.4855 0.2922 -0.0450
v 0.4838 0.3135 -0.0519
v 0.4885 0.3217 -0.0583
v 0.4977 0.3254 -0.0540
v 0.4888 0.3257 -0.0582
v 0.4779 0.3214 -0.0631
v 0.4665 0.3214 -0.0681
v 0.4664 0.3161 -0.0624
v 0.4576 0.3171 -0.0676
v 0.4510 0.3112 -0.0642
v 0.4493 0.3137 -0.0681
v 0.4398 0.3120 -0.0704
v 0.4378 0.3142 -0.0739
v 0.4277 0.3125 -0.0765
v 0.4396 0.3235 -0.0818
v 0.4367 0.3218 -0.0815
v 0.4969 0.3344 -0.0538
v 0.4965 0.3381 -0.0534
v 0.4879 0.3355 -0.0582
v 0.4959 0.3425 -0.0519
v 0.4901 0.3506 -0.0548
v 0.4937 0.3425 -0.0549
v 0.4815 0.3578 -0.0594
v 0.4862 0.3642 -0.0598
v 0.4788 0.3613 -0.0615
v 0.4704 0.3620 -0.0638
v 0.4674 0.3689 -0.0669
v 0.4613 0.3640 -0.0698
v 0.4487 0.3556 -0.0751
v 0.4461 0.3618 -0.0778
v 0.4401 0.3552 -0.0788
v 0.4389 0.3610 -0.0804
v 0.4396 0.3650 -0.0819
v 0.4218 0.3637 -0.0861
v 0.4083 0.3607 -0.0890
v 0.4022 0.3608 -0.0930
v 0.3969 0.3657 -0.1003
v 0.3939 0.3635 -0.1086
v 0.3980 0.3602 -0.1009
v 0.3925 0.3682 -0.1071
v 0.3900 0.3702 -0.1103
v 0.3899 0.3652 -0.1161
v 0.3827 0.3617 -0.1231
v 0.3853 0.3716 -0.1117
v 0.3868 0.3667 -0.1177
v 0.3923 0.3728 -0.1016
v 0.3894 0.3733 -0.1046
v 0.3887 0.3726 -0.1086
v 0.3856 0.3751 -0.0987
v 0.3914 0.3751 -0.0989
v 0.3921 0.3789 -0.0938
v 0.3924 0.3831 -0.0920
v 0.3856 0.3778 -0.0937
v 0.3800 0.3748 -0.0986
v 0.3685 0.3720 -0.1000
v 0.3707 0.3686 -0.1077
v 0.3730 0.3720 -0.1012
v 0.3612 0.3735 -0.0993
v 0.3628 0.3688 -0.1036
v 0.3671 0.3607 -0.1184
v 0.3774 0.3665 -0.1182
v 0.3742 0.3542 -0.1278
v 0.3757 0.3600 -0.1240
v 0.3690 0.3501 -0.1287
v 0.3613 0.3514 -0.1222
v 0.3554 0.3443 -0.1242
v 0.3597 0.3568 -0.1122
v 0.3615 0.3554 -0.1188
v 0.3630 0.3605 -0.1120
v 0.3575 0.3596 -0.1062
v 0.3627 0.3645 -0.1058
v 0.3563 0.3656 -0.1030
v 0.3454 0.3568 -0.1051
v 0.3507 0.3607 -0.1049
v 0.3448 0.3599 -0.1058
v 0.3506 0.3518 -0.1093
v 0.3528 0.3481 -0.1142
v 0.3569 0.3541 -0.1107
v 0.3456 0.3386 -0.1163
v 0.3518 0.3431 -0.1190
v 0.3501 0.3436 -0.1134
v 0.3398 0.3351 -0.1156
v 0.3383 0.3395 -0.1122
v 0.3175 0.3343 -0.1200
v 0.3233 0.3293 -0.1198
v 0.3300 0.3363 -0.1160
v 0.3388 0.3311 -0.1180
v 0.3381 0.3257 -0.1214
v 0.3061 0.3305 -0.1250
v 0.2960 0.3256 -0.1294
v 0.2999 0.3199 -0.1272
v 0.2783 0.3392 -0.1346
v 0.2487 0.3328 -0.1491
v 0.3140 0.3493 -0.1174
v 0.2933 0.3510 -0.1258
v 0.3113 0.3429 -0.1194
v 0.3336 0.3444 -0.1108
v 0.3375 0.3543 -0.1086
v 0.3242 0.3465 -0.1143
v 0.3379 0.3428 -0.1107
v 0.3493 0.3735 -0.1031
v 0.3244 0.3656 -0.1136
v 0.3415 0.3650 -0.1068
v 0.3568 0.3750 -0.0992
v 0.3495 0.3900 -0.1027
v 0.3710 0.3837 -0.0940
v 0.3783 0.3896 -0.0907
v 0.3652 0.3895 -0.0960
v 0.3545 0.4050 -0.1002
v 0.3135 0.4138 -0.1183
v 0.2841 0.4037 -0.1310
v 0.2427 0.3921 -0.1493
v 0.2631 0.3852 -0.1402
v 0.2751 0.3538 -0.1341
v 0.2819 0.3489 -0.1311
v 0.2625 0.3495 -0.1399
v 0.2463 0.3519 -0.1461
v 0.2442 0.3483 -0.1477
v 0.2171 0.3354 -0.1619
v 0.1963 0.3262 -0.1727
v 0.1925 0.3200 -0.1742
v 0.1859 0.3205 -0.1778
v 0.1806 0.3236 -0.1818
v 0.1722 0.3415 -0.1811
v 0.1682 0.3359 -0.1847
v 0.1779 0.3367 -0.1796
v 0.1615 0.3299 -0.1935
v 0.1578 0.3314 -0.1960
v 0.1615 0.3297 -0.2005
v 0.1651 0.3301 -0.2064
v 0.1621 0.3365 -0.2160
v 0.1644 0.3332 -0.2200
v 0.1657 0.3313 -0.2167
v 0.1635 0.3321 -0.2233
v 0.1543 0.3401 -0.2256
v 0.1446 0.3315 -0.2340
v 0.1512 0.3341 -0.2304
v 0.1463 0.3382 -0.2324
v 0.1388 0.3331 -0.2356
v 0.1327 0.3326 -0.2384
v 0.1222 0.3287 -0.2424
v 0.1270 0.3338 -0.2421
v 0.1205 0.3327 -0.2458
v 0.1255 0.3512 -0.2505
v 0.1197 0.3544 -0.2534
v 0.1203 0.3497 -0.2507
v 0.1248 0.3591 -0.2574
v 0.1246 0.3663 -0.2584
v 0.1105 0.3591 -0.2580
v 0.0921 0.3644 -0.2594
v 0.0940 0.3715 -0.2604
v 0.0879 0.3661 -0.2576
v 0.0780 0.3746 -0.2501
v 0.0809 0.3639 -0.2537
v 0.0822 0.3714 -0.2525
v 0.0813 0.3818 -0.2486
v 0.0838 0.3884 -0.2466
v 0.0755 0.3865 -0.2482
v 0.0728 0.3652 -0.2494
v 0.0673 0.3602 -0.2478
v 0.0641 0.3720 -0.2400
v 0.0641 0.3785 -0.2402
v 0.0589 0.3720 -0.2378
v 0.0564 0.3495 -0.2421
v 0.0589 0.3554 -0.2403
v 0.0321 0.3349 -0.2456
v 0.0403 0.3412 -0.2430
v 0.0308 0.3450 -0.2443
v 0.0195 0.3349 -0.2503
v 0.0110 0.3325 -0.2546
v 0.0054 0.3267 -0.2578
v 0.0099 0.3182 -0.2527
v -0.0158 0.3123 -0.2563
v 0.0014 0.3182 -0.2577
v -0.0077 0.3175 -0.2595
v -0.0230 0.3061 -0.2512
v -0.0247 0.3088 -0.2550
v -0.0353 0.3064 -0.2569
v -0.0367 0.3094 -0.2609
v -0.0358 0.3019 -0.2564
v -0.0484 0.3100 -0.2669
v -0.0497 0.3133 -0.2713
v -0.0541 0.3105 -0.2690
v -0.0560 0.3142 -0.2720
v -0.0524 0.3150 -0.2749
v -0.0586 0.3143 -0.2741
v -0.0639 0.3017 -0.2685
v -0.0654 0.3099 -0.2715
v -0.0762 0.3018 -0.2742
v -0.0976 0.3008 -0.2840
v -0.1111 0.2911 -0.2899
v -0.0926 0.2897 -0.2818
v -0.1233 0.2659 -0.2961
v -0.1462 0.2883 -0.3053
v -0.1619 0.2724 -0.3128
v -0.1658 0.3021 -0.3138
v -0.1859 0.2855 -0.3233
v -0.1899 0.2481 -0.3258
v -0.1902 0.2087 -0.3265
v -0.2048 0.2186 -0.3329
v -0.2051 0.1792 -0.3329
v -0.1507 0.1843 -0.3097
v -0.1834 0.1799 -0.3235
v -0.1921 0.1384 -0.3266
v -0.1668 0.1304 -0.3151
v -0.1849 0.1089 -0.3222
v -0.1470 0.1117 -0.3055
v -0.1456 0.1056 -0.3045
v -0.1494 0.1065 -0.3076
v -0.1322 0.1095 -0.2986
v -0.1417 0.1081 -0.3031
v -0.1423 0.1047 -0.3041
v -0.1285 0.1051 -0.2981
v -0.1245 0.1091 -0.2962
v -0.1242 0.1033 -0.2978
v -0.1175 0.1005 -0.2978
v -0.1184 0.1044 -0.2949
v -0.1079 0.1092 -0.2875
v -0.1131 0.1044 -0.2918
v -0.1066 0.1026 -0.2901
v -0.1010 0.1038 -0.2864
v -0.0951 0.1092 -0.2819
v -0.1015 0.1091 -0.2853
v -0.1127 0.1206 -0.2907
v -0.1234 0.1163 -0.2954
v -0.1174 0.1122 -0.2927
v -0.0745 0.1244 -0.2741
v -0.0973 0.1177 -0.2836
v -0.0891 0.1095 -0.2795
v -0.0834 0.1027 -0.2798
v -0.0930 0.1047 -0.2828
v -0.0949 0.1012 -0.2867
v -0.0720 0.1057 -0.2739
v -0.0778 0.1022 -0.2782
v -0.0669 0.1027 -0.2736
v -0.0642 0.1054 -0.2690
v -0.0547 0.0957 -0.2739
v -0.0475 0.1039 -0.2630
v -0.0513 0.1098 -0.2630
v -0.0512 0.1028 -0.2665
v -0.0385 0.1092 -0.2577
v -0.0435 0.1038 -0.2621
v -0.0365 0.1010 -0.2598
v -0.0319 0.0959 -0.2650
v -0.0298 0.0973 -0.2601
v -0.0358 0.0965 -0.2639
v -0.0482 0.0954 -0.2720
v -0.0329 0.0938 -0.2695
v -0.0232 0.0959 -0.2630
v -0.0164 0.0971 -0.2602
v -0.0241 0.0981 -0.2599
v -0.0182 0.1004 -0.2552
v -0.0124 0.0990 -0.2546
v -0.0009 0.0970 -0.2477
v -0.0042 0.0972 -0.2481
v 0.0023 0.0956 -0.2499
v 0.0119 0.0958 -0.2434
v 0.0100 0.0936 -0.2486
v 0.0186 0.0928 -0.2464
v 0.0300 0.0982 -0.2291
v 0.0290 0.0978 -0.2320
v 0.0341 0.0973 -0.2289
v 0.0340 0.1034 -0.2269
v 0.0452 0.1157 -0.2226
v 0.0390 0.1220 -0.2270
v 0.0394 0.1094 -0.2236
v 0.0291 0.1200 -0.2303
v 0.0277 0.1272 -0.2318
v 0.0169 0.1388 -0.2374
v 0.0108 0.1371 -0.2387
v 0.0257 0.1494 -0.2395
v 0.0305 0.1553 -0.2411
v 0.0235 0.1546 -0.2389
v 0.0391 0.1570 -0.2454
v 0.0296 0.1392 -0.2361
v 0.0362 0.1399 -0.2395
v 0.0291 0.1443 -0.2393
v 0.0402 0.1330 -0.2342
v 0.0397 0.1381 -0.2405
v 0.0326 0.1373 -0.2345
v 0.0524 0.1449 -0.2485
v 0.0574 0.1498 -0.2489
v 0.0471 0.1502 -0.2485
v 0.0520 0.1549 -0.2486
v 0.0582 0.1572 -0.2462
v 0.0609 0.1544 -0.2464
v 0.0714 0.1503 -0.2412
v 0.0805 0.1476 -0.2329
v 0.0766 0.1287 -0.2415
v 0.0789 0.1308 -0.2415
v 0.0750 0.1328 -0.2429
v 0.0705 0.1230 -0.2379
v 0.0759 0.1241 -0.2404
v 0.0721 0.1287 -0.2412
v 0.0625 0.1238 -0.2319
v 0.0555 0.1272 -0.2331
v 0.0462 0.1269 -0.2280
v 0.0469 0.1297 -0.2325
v 0.0412 0.1260 -0.2279
v 0.0336 0.1216 -0.2286
v 0.0407 0.1290 -0.2314
v 0.0340 0.1277 -0.2305
v 0.0438 0.1317 -0.2344
v 0.0581 0.1358 -0.2436
v 0.0555 0.1371 -0.2458
v 0.0523 0.1352 -0.2418
v 0.0643 0.1489 -0.2465
v 0.0576 0.1447 -0.2485
v 0.0634 0.1349 -0.2433
v 0.0687 0.1385 -0.2447
v 0.0612 0.1391 -0.2455
v 0.0457 0.1218 -0.2246
v 0.0583 0.1212 -0.2208
v 0.0594 0.1242 -0.2278
v 0.0513 0.1207 -0.2218
v 0.0635 0.1218 -0.2275
v 0.0597 0.1196 -0.2174
v 0.0582 0.1161 -0.2162
v 0.0506 0.1157 -0.2195
v 0.0509 0.1098 -0.2177
v 0.0683 0.1011 -0.2128
v 0.0574 0.0989 -0.2192
v 0.0608 0.0975 -0.2184
v 0.0736 0.0911 -0.2191
v 0.0661 0.0930 -0.2227
v 0.0623 0.0896 -0.2244
v 0.0860 0.0962 -0.2092
v 0.0797 0.0948 -0.2141
v 0.0861 0.0939 -0.2130
v 0.0747 0.1025 -0.2098
v 0.0777 0.0985 -0.2114
v 0.0693 0.1095 -0.2098
v 0.0660 0.1092 -0.2110
v 0.0698 0.1042 -0.2102
v 0.0698 0.1157 -0.2153
v 0.0768 0.1145 -0.2232
v 0.0717 0.1177 -0.2231
v 0.0732 0.1165 -0.2279
v 0.0784 0.1146 -0.2309
v 0.0690 0.1210 -0.2348
v 0.0908 0.1093 -0.2297
v 0.0845 0.1157 -0.2356
v 0.0821 0.1146 -0.2333
v 0.0838 0.1125 -0.2164
v 0.0850 0.1102 -0.2226
v 0.0769 0.1154 -0.2175
v 0.0806 0.1144 -0.2167
v 0.0824 0.1097 -0.2058
v 0.0822 0.1139 -0.2117
v 0.0797 0.1098 -0.2078
v 0.0863 0.1015 -0.2042
v 0.0934 0.1102 -0.2041
v 0.0870 0.1105 -0.2061
v 0.0940 0.1070 -0.2169
v 0.0943 0.1103 -0.2113
v 0.0993 0.1066 -0.2114
v 0.0997 0.1054 -0.2223
v 0.0994 0.1067 -0.2272
v 0.0941 0.1069 -0.2224
v 0.0937 0.1083 -0.2264
v 0.0992 0.1084 -0.2300
v 0.0929 0.1165 -0.2368
v 0.0814 0.1233 -0.2403
v 0.0980 0.1211 -0.2375
v 0.0979 0.1241 -0.2369
v 0.0913 0.1225 -0.2392
v 0.1049 0.1062 -0.2269
v 0.1133 0.1082 -0.2287
v 0.1154 0.1070 -0.2263
v 0.1052 0.1041 -0.2112
v 0.1100 0.1037 -0.2181
v 0.1012 0.1057 -0.2165
v 0.1049 0.1085 -0.1991
v 0.1066 0.1051 -0.2008
v 0.1051 0.1049 -0.2051
v 0.0988 0.1049 -0.2002
v 0.1047 0.1024 -0.1983
v 0.0981 0.1001 -0.2018
v 0.1099 0.1046 -0.1942
v 0.1104 0.1006 -0.1966
v 0.1183 0.0970 -0.1943
v 0.1215 0.1003 -0.1901
v 0.1163 0.1027 -0.1924
v 0.1301 0.0908 -0.1932
v 0.1218 0.0948 -0.1951
v 0.1144 0.0939 -0.2002
v 0.1321 0.0804 -0.1943
v 0.1045 0.0742 -0.2064
v 0.1271 0.0611 -0.1965
v 0.1578 0.0869 -0.1862
v 0.1455 0.0880 -0.1886
v 0.1465 0.0814 -0.1895
v 0.1724 0.0875 -0.1801
v 0.1622 0.0911 -0.1824
v 0.1624 0.0851 -0.1846
v 0.1757 0.0813 -0.1801
v 0.1772 0.0728 -0.1807
v 0.1769 0.0474 -0.1822
v 0.1802 0.0584 -0.1807
v 0.1619 0.0477 -0.1887
v 0.1796 0.0296 -0.1792
v 0.1828 0.0407 -0.1795
v 0.1885 0.0220 -0.1743
v 0.1740 0.0166 -0.1793
v 0.1806 0.0123 -0.1742
v 0.1829 0.0162 -0.1752
v 0.1745 0.0137 -0.1777
v 0.1827 0.0102 -0.1680
v 0.1885 0.0112 -0.1695
v 0.1807 0.0103 -0.1709
v 0.1669 0.0099 -0.1718
v 0.1543 0.0100 -0.1604
v 0.1321 0.0126 -0.1461
v 0.1386 0.0101 -0.1455
v 0.1298 0.0116 -0.1489
v 0.1477 0.0109 -0.1420
v 0.1415 0.0163 -0.1411
v 0.1472 0.0161 -0.1385
v 0.1554 0.0130 -0.1347
v 0.1678 0.0103 -0.1337
v 0.1553 0.0102 -0.1391
v 0.1717 0.0102 -0.1323
v 0.1643 0.0202 -0.1291
v 0.1682 0.0188 -0.1289
v 0.1458 0.0238 -0.1294
v 0.1461 0.0206 -0.1365
v 0.1398 0.0241 -0.1289
v 0.1342 0.0236 -0.1352
v 0.1409 0.0194 -0.1407
v 0.1345 0.0212 -0.1410
v 0.1306 0.0161 -0.1454
v 0.1272 0.0209 -0.1462
v 0.1287 0.0218 -0.1422
v 0.1167 0.0166 -0.1525
v 0.1170 0.0214 -0.1480
v 0.1226 0.0171 -0.1490
v 0.1289 0.0100 -0.1530
v 0.1242 0.0114 -0.1528
v 0.1362 0.0099 -0.1652
v 0.1053 0.0101 -0.1644
v 0.1142 0.0100 -0.1566
v 0.1153 0.0102 -0.1602
v 0.1076 0.0160 -0.1564
v 0.1034 0.0179 -0.1576
v 0.1050 0.0216 -0.1538
v 0.1109 0.0230 -0.1472
v 0.1049 0.0238 -0.1467
v 0.0993 0.0227 -0.1533
v 0.0996 0.0208 -0.1578
v 0.0902 0.0238 -0.1525
v 0.0880 0.0215 -0.1598
v 0.0866 0.0198 -0.1638
v 0.0817 0.0234 -0.1588
v 0.0720 0.0234 -0.1612
v 0.0700 0.0234 -0.1649
v 0.0662 0.0241 -0.1582
v 0.0580 0.0245 -0.1640
v 0.0520 0.0241 -0.1661
v 0.0505 0.0244 -0.1566
v 0.0360 0.0245 -0.1595
v 0.0404 0.0247 -0.1698
v 0.0357 0.0244 -0.1715
v 0.0169 0.0246 -0.1734
v 0.0053 0.0247 -0.1874
v 0.0119 0.0213 -0.1941
v 0.0061 0.0214 -0.1953
v -0.0039 0.0245 -0.1379
v -0.0070 0.0246 -0.1766
v -0.0231 0.0245 -0.1716
v -0.0800 0.0243 -0.1830
v -0.1012 0.0244 -0.1581
v -0.1132 0.0243 -0.1313
v -0.0832 0.0244 -0.1276
v -0.0987 0.0244 -0.1390
v -0.1573 0.0243 -0.0481
v -0.1126 0.0243 -0.0628
v -0.1515 0.0243 -0.0783
v -0.1592 0.0243 -0.0194
v -0.1728 0.0244 -0.0169
v -0.1870 0.0243 -0.0240
v -0.2079 0.0244 -0.0208
v -0.2146 0.0243 0.0140
v -0.2439 0.0243 0.0226
v -0.2496 0.0244 -0.0192
v -0.2501 0.0244 0.0036
v -0.2725 0.0242 0.0544
v -0.2790 0.0244 0.0170
v -0.3006 0.0244 0.0520
v -0.2929 0.0205 0.0833
v -0.2872 0.0240 0.0758
v -0.2930 0.0239 0.0759
v -0.3045 0.0154 0.0824
v -0.2993 0.0205 0.0814
v -0.3039 0.0189 0.0816
v -0.3054 0.0115 0.0833
v -0.2992 0.0157 0.0837
v -0.3063 0.0101 0.0895
v -0.3082 0.0104 0.0852
v -0.3169 0.0099 0.0822
v -0.3271 0.0098 0.1155
v -0.3335 0.0098 0.1020
v -0.3365 0.0100 0.1127
v -0.3246 0.0099 0.1181
v -0.3175 0.0099 0.1158
v -0.3180 0.0126 0.1224
v -0.3101 0.0097 0.1219
v -0.3206 0.0127 0.1202
v -0.3081 0.0151 0.1262
v -0.2355 0.0695 0.1593
v -0.2465 0.0585 0.1537
v -0.2539 0.0763 0.1506
v -0.2321 0.0830 0.1604
v -0.2210 0.0705 0.1682
v -0.2253 0.0750 0.1646
v -0.2130 0.0793 0.1699
v -0.2145 0.0559 0.1742
v -0.2209 0.0615 0.1712
v -0.2062 0.0644 0.1782
v -0.1972 0.0595 0.1825
v -0.1995 0.0719 0.1812
v -0.1634 0.0563 0.1949
v -0.1570 0.0664 0.1944
v -0.1607 0.0777 0.1927
v -0.1540 0.0776 0.1940
v -0.1478 0.0813 0.1953
v -0.1564 0.0895 0.1915
v -0.1451 0.0884 0.1951
v -0.1400 0.0935 0.1950
v -0.1285 0.0941 0.1990
v -0.1128 0.0917 0.2081
v -0.1215 0.0925 0.2046
v -0.1103 0.0938 0.2079
v -0.1000 0.0938 0.2115
v -0.0661 0.0925 0.2275
v -0.0579 0.0948 0.2287
v -0.0419 0.0956 0.2347
v -0.0468 0.0989 0.2301
v -0.0389 0.0967 0.2341
v -0.0346 0.0898 0.2423
v -0.0292 0.0918 0.2444
v -0.0202 0.0888 0.2513
v -0.0151 0.0930 0.2518
v -0.0045 0.0944 0.2542
v 0.0003 0.1025 0.2493
v 0.0105 0.1047 0.2510
v 0.0258 0.0992 0.2636
v 0.0179 0.1026 0.2561
v 0.0285 0.1025 0.2614
v 0.0355 0.1035 0.2625
v 0.0312 0.1068 0.2599
v 0.0361 0.1086 0.2614
v 0.0286 0.1137 0.2571
v 0.0391 0.1137 0.2623
v 0.0518 0.1050 0.2687
v 0.0558 0.1092 0.2689
v 0.0717 0.1092 0.2753
v 0.0843 0.1092 0.2809
v 0.0769 0.1093 0.2777
v 0.0777 0.1253 0.2790
v 0.0967 0.1094 0.2863
v 0.0471 0.1588 0.2678
v 0.0006 0.1930 0.2496
v 0.0665 0.1726 0.2764
v 0.0949 0.1889 0.2887
v 0.0501 0.1950 0.2700
v 0.0728 0.2189 0.2792
v 0.1393 0.1866 0.3074
v 0.1197 0.2062 0.2993
v 0.2008 0.2034 0.3336
v 0.2014 0.2201 0.3333
v 0.2104 0.2123 0.3417
v 0.2052 0.2299 0.3368
v 0.2104 0.2521 0.3412
v 0.2100 0.2539 0.3525
v 0.2121 0.2668 0.3533
v 0.2138 0.2629 0.3547
v 0.2140 0.2355 0.3556
v 0.2098 0.2319 0.3528
v 0.2121 0.2457 0.3541
v 0.2131 0.2986 0.3536
v 0.2102 0.3048 0.3492
v 0.2114 0.3081 0.3542
v 0.2319 0.3019 0.3640
v 0.2241 0.3020 0.3603
v 0.2272 0.3086 0.3617
v 0.2413 0.3094 0.3698
v 0.2571 0.3086 0.3765
v 0.2560 0.3062 0.3736
v 0.2667 0.2810 0.3776
v 0.2641 0.3021 0.3758
v 0.2694 0.3020 0.3784
v 0.2798 0.2799 0.3832
v 0.2862 0.2989 0.3860
v 0.2908 0.2798 0.3870
v 0.2993 0.2597 0.3870
v 0.2973 0.2669 0.3885
v 0.3002 0.2743 0.3874
v 0.2996 0.2443 0.3865
v 0.3024 0.2367 0.3828
v 0.2998 0.2246 0.3872
v 0.3015 0.2162 0.3838
v 0.2991 0.2119 0.3868
v 0.2970 0.1822 0.3878
v 0.2971 0.1916 0.3873
v 0.2992 0.1680 0.3862
v 0.3160 0.2109 0.3558
v 0.3189 0.1997 0.3498
v 0.3156 0.1886 0.3561
v 0.3187 0.1851 0.3497
v 0.3188 0.1807 0.3456
v 0.3172 0.1675 0.3513
v 0.3184 0.1500 0.3495
v 0.3188 0.1471 0.3454
v 0.3175 0.1355 0.3489
v 0.3183 0.1282 0.3454
v 0.3171 0.1354 0.3430
v 0.3173 0.1181 0.3447
v 0.3176 0.1030 0.3581
v 0.3183 0.1094 0.3513
v 0.3205 0.1043 0.3517
v 0.3238 0.1009 0.3502
v 0.3236 0.1005 0.3460
v 0.3262 0.0954 0.3481
v 0.3261 0.0858 0.3477
v 0.3251 0.0824 0.3458
v 0.3262 0.0638 0.3478
v 0.3253 0.0712 0.3462
v 0.3251 0.0608 0.3458
v 0.3238 0.0733 0.3443
v 0.3234 0.0574 0.3434
v 0.3203 0.0753 0.3419
v 0.3176 0.0862 0.3407
v 0.3136 0.0659 0.3381
v 0.3235 0.0966 0.3438
v 0.3094 0.1078 0.3684
v 0.3135 0.1025 0.3681
v 0.3174 0.1082 0.3443
v 0.3144 0.1136 0.3423
v 0.3181 0.2073 0.3460
v 0.3188 0.1938 0.3457
v 0.3180 0.2371 0.3460
v 0.3166 0.2320 0.3442
v 0.3187 0.2289 0.3459
v 0.3191 0.2568 0.3503
v 0.3185 0.2465 0.3460
v 0.3191 0.2304 0.3500
v 0.3142 0.2448 0.3607
v 0.3165 0.2865 0.3576
v 0.3195 0.2830 0.3504
v 0.3182 0.3004 0.3469
v 0.3176 0.2811 0.3467
v 0.3155 0.2889 0.3446
v 0.3106 0.2975 0.3420
v 0.3095 0.3237 0.3394
v 0.3008 0.3213 0.3359
v 0.2928 0.3183 0.3315
v 0.2916 0.3154 0.3280
v 0.2917 0.3084 0.3337
v 0.2945 0.3204 0.3218
v 0.2936 0.3169 0.3202
v 0.2970 0.3243 0.3143
v 0.3080 0.3235 0.2892
v 0.3134 0.3285 0.2774
v 0.3309 0.3275 0.2391
v 0.3314 0.3497 0.2339
v 0.3411 0.3661 0.2111
v 0.3429 0.3824 0.2071
v 0.3611 0.3651 0.1680
v 0.3655 0.3335 0.1632
v 0.3824 0.3481 0.1249
v 0.3760 0.3263 0.1418
v 0.3709 0.3195 0.1533
v 0.3843 0.3202 0.1253
v 0.3807 0.3169 0.1318
v 0.3915 0.3242 0.1080
v 0.3938 0.3156 0.0993
v 0.3977 0.3182 0.0960
v 0.4032 0.3179 0.0835
v 0.4045 0.3214 0.0790
v 0.4046 0.3171 0.0777
v 0.4161 0.3375 0.0494
v 0.4212 0.3333 0.0393
v 0.4162 0.3276 0.0514
v 0.4206 0.3258 0.0419
v 0.4261 0.3330 0.0302
v 0.4265 0.3254 0.0295
v 0.4303 0.3505 0.0120
v 0.4369 0.3426 -0.0005
v 0.4309 0.3307 0.0191
v 0.4385 0.3292 0.0025
v 0.4421 0.3318 -0.0020
v 0.4519 0.3143 -0.0087
v 0.4434 0.3208 -0.0068
v 0.4519 0.3200 -0.0071
v 0.4607 0.3257 -0.0008
v 0.4547 0.3296 -0.0040
v 0.4604 0.3312 -0.0007
v 0.4601 0.3421 -0.0016
v 0.4599 0.3578 -0.0010
v 0.4670 0.3434 0.0010
v 0.4731 0.3458 0.0027
v 0.4711 0.3581 0.0021
v 0.4754 0.3529 0.0014
v 0.4789 0.3471 -0.0032
v 0.4832 0.3459 -0.0120
v 0.4796 0.3382 0.0008
v 0.4873 0.3348 -0.0158
v 0.4923 0.3460 -0.0365
v 0.4994 0.3306 -0.0470
v 0.4988 0.3168 -0.0414
v 0.5000 0.3202 -0.0466
v 0.4987 0.3172 -0.0464
v 0.4905 0.3585 -0.0435
v 0.4892 0.3647 -0.0494
v 0.4912 0.3549 -0.0476
v 0.4899 0.3699 -0.0431
v 0.4901 0.3874 -0.0460
v 0.4886 0.3779 -0.0506
v 0.4875 0.3862 -0.0528
v 0.4867 0.3802 -0.0561
v 0.4861 0.3720 -0.0609
v 0.4807 0.3723 -0.0639
v 0.4836 0.3673 -0.0621
v 0.4738 0.3738 -0.0650
v 0.4670 0.3761 -0.0671
v 0.4608 0.3789 -0.0699
v 0.4541 0.3816 -0.0737
v 0.4563 0.3772 -0.0731
v 0.4508 0.3683 -0.0765
v 0.4453 0.3685 -0.0792
v 0.4414 0.3878 -0.0795
v 0.4377 0.3854 -0.0825
v 0.4446 0.3841 -0.0792
v 0.4161 0.3707 -0.0877
v 0.4282 0.3836 -0.0836
v 0.4137 0.3767 -0.0882
v 0.4369 0.3895 -0.0803
v 0.4506 0.3955 -0.0699
v 0.4486 0.4027 -0.0718
v 0.4475 0.3954 -0.0720
v 0.4622 0.3924 -0.0662
v 0.4557 0.3843 -0.0706
v 0.4603 0.3842 -0.0690
v 0.4776 0.3870 -0.0611
v 0.4818 0.3925 -0.0572
v 0.4754 0.3930 -0.0602
v 0.4827 0.3879 -0.0583
v 0.4880 0.3937 -0.0515
v 0.4855 0.3914 -0.0547
v 0.4907 0.4034 -0.0452
v 0.4907 0.3995 -0.0485
v 0.4886 0.3988 -0.0346
v 0.4911 0.4188 -0.0418
v 0.4906 0.3867 -0.0412
v 0.4803 0.3566 -0.0092
v 0.4781 0.3753 -0.0079
v 0.4832 0.3729 -0.0190
v 0.4707 0.4006 0.0022
v 0.4744 0.4052 -0.0039
v 0.4738 0.3732 0.0004
v 0.4689 0.3862 0.0052
v 0.4639 0.3912 0.0057
v 0.4644 0.4002 0.0069
v 0.4596 0.4142 0.0125
v 0.4635 0.4084 0.0088
v 0.4603 0.4077 0.0091
v 0.4455 0.4245 0.0206
v 0.4538 0.4207 0.0182
v 0.4506 0.4175 0.0140
v 0.4409 0.4334 0.0312
v 0.4359 0.4307 0.0244
v 0.4328 0.4355 0.0317
v 0.4329 0.4322 0.0267
v 0.4240 0.4323 0.0335
v 0.4330 0.4399 0.0390
v 0.4390 0.4401 0.0408
v 0.4507 0.4355 0.0353
v 0.4520 0.4300 0.0296
v 0.4477 0.4340 0.0334
v 0.4577 0.4268 0.0228
v 0.4620 0.4310 0.0157
v 0.4621 0.4212 0.0143
v 0.4631 0.4455 0.0126
v 0.4690 0.4299 0.0022
v 0.4748 0.4183 -0.0074
v 0.4788 0.4238 -0.0166
v 0.4821 0.4057 -0.0207
v 0.4904 0.4144 -0.0462
v 0.4907 0.4114 -0.0481
v 0.4808 0.4132 -0.0549
v 0.4699 0.4150 -0.0620
v 0.4733 0.4072 -0.0601
v 0.4635 0.4023 -0.0653
v 0.4571 0.3980 -0.0679
v 0.4461 0.4092 -0.0754
v 0.4402 0.4034 -0.0774
v 0.4328 0.4060 -0.0810
v 0.4277 0.4104 -0.0830
v 0.4221 0.3967 -0.0843
v 0.4130 0.4000 -0.0887
v 0.4064 0.3809 -0.0920
v 0.4037 0.3889 -0.0935
v 0.4007 0.3788 -0.0951
v 0.3967 0.3777 -0.0960
v 0.3988 0.3848 -0.0940
v 0.3853 0.3955 -0.0890
v 0.3922 0.4062 -0.0905
v 0.3854 0.4192 -0.0883
v 0.3781 0.4101 -0.0897
v 0.3677 0.4169 -0.0938
v 0.3736 0.4233 -0.0906
v 0.3669 0.4239 -0.0933
v 0.3565 0.4233 -0.0982
v 0.3527 0.4274 -0.0998
v 0.3449 0.4244 -0.1034
v 0.3288 0.4272 -0.1111
v 0.3183 0.4284 -0.1143
v 0.3165 0.4234 -0.1164
v 0.3064 0.4304 -0.1185
v 0.2986 0.4285 -0.1223
v 0.3130 0.4279 -0.1180
v 0.2839 0.4275 -0.1295
v 0.2751 0.4281 -0.1318
v 0.2772 0.4239 -0.1326
v 0.2458 0.4040 -0.1475
v 0.2337 0.3899 -0.1528
v 0.2466 0.3865 -0.1477
v 0.2478 0.3836 -0.1467
v 0.2631 0.3733 -0.1400
v 0.2542 0.3674 -0.1444
v 0.2584 0.3566 -0.1411
v 0.2462 0.3571 -0.1477
v 0.2382 0.3505 -0.1510
v 0.2225 0.3444 -0.1579
v 0.2300 0.3506 -0.1546
v 0.2175 0.3510 -0.1580
v 0.2179 0.3462 -0.1587
v 0.2077 0.3485 -0.1633
v 0.2052 0.3426 -0.1652
v 0.1959 0.3405 -0.1693
v 0.1980 0.3494 -0.1677
v 0.1934 0.3446 -0.1693
v 0.1793 0.3473 -0.1767
v 0.1704 0.3485 -0.1813
v 0.1912 0.3492 -0.1698
v 0.1965 0.3578 -0.1693
v 0.1830 0.3545 -0.1751
v 0.1588 0.3388 -0.1872
v 0.1553 0.3408 -0.1912
v 0.1563 0.3360 -0.1926
v 0.1512 0.3425 -0.1939
v 0.1512 0.3424 -0.1980
v 0.1520 0.3377 -0.1953
v 0.1545 0.3548 -0.2074
v 0.1561 0.3512 -0.2111
v 0.1552 0.3481 -0.2066
v 0.1611 0.3382 -0.2123
v 0.1584 0.3423 -0.2160
v 0.1533 0.3437 -0.2238
v 0.1496 0.3429 -0.2275
v 0.1454 0.3492 -0.2285
v 0.1433 0.3500 -0.2336
v 0.1459 0.3437 -0.2285
v 0.1368 0.3381 -0.2374
v 0.1380 0.3445 -0.2383
v 0.1330 0.3375 -0.2390
v 0.1330 0.3454 -0.2436
v 0.1377 0.3565 -0.2491
v 0.1272 0.3447 -0.2470
v 0.1454 0.3565 -0.2390
v 0.1425 0.3558 -0.2445
v 0.1418 0.3490 -0.2380
v 0.1401 0.3680 -0.2477
v 0.1324 0.3691 -0.2538
v 0.1300 0.3635 -0.2574
v 0.1272 0.3696 -0.2579
v 0.1304 0.3726 -0.2537
v 0.1261 0.3745 -0.2536
v 0.1263 0.3718 -0.2560
v 0.1327 0.3761 -0.2440
v 0.1269 0.3777 -0.2498
v 0.1325 0.3735 -0.2487
v 0.1427 0.3696 -0.2398
v 0.1427 0.3742 -0.2347
v 0.1382 0.3729 -0.2421
v 0.1491 0.3677 -0.2300
v 0.1461 0.3654 -0.2360
v 0.1497 0.3627 -0.2287
v 0.1525 0.3562 -0.2227
v 0.1492 0.3558 -0.2267
v 0.1501 0.3483 -0.2254
v 0.1559 0.3603 -0.2112
v 0.1543 0.3706 -0.2165
v 0.1546 0.3598 -0.2171
v 0.1509 0.3489 -0.1988
v 0.1515 0.3616 -0.1991
v 0.1528 0.3487 -0.2037
v 0.1515 0.3896 -0.2024
v 0.1529 0.3952 -0.2105
v 0.1519 0.3799 -0.2048
v 0.1523 0.3788 -0.2237
v 0.1526 0.3719 -0.2252
v 0.1483 0.3838 -0.2242
v 0.1418 0.3789 -0.2296
v 0.1476 0.3764 -0.2280
v 0.1364 0.3790 -0.2343
v 0.1375 0.3764 -0.2375
v 0.1292 0.3790 -0.2416
v 0.1271 0.3868 -0.2459
v 0.1283 0.3790 -0.2449
v 0.1223 0.3794 -0.2519
v 0.1249 0.3840 -0.2501
v 0.1220 0.3827 -0.2517
v 0.1138 0.3795 -0.2565
v 0.1044 0.3765 -0.2597
v 0.1153 0.3751 -0.2578
v 0.1102 0.3668 -0.2594
v 0.1112 0.3722 -0.2593
v 0.1043 0.3719 -0.2613
v 0.0991 0.3718 -0.2614
v 0.0994 0.3761 -0.2598
v 0.0856 0.3700 -0.2553
v 0.0898 0.3713 -0.2590
v 0.0887 0.3750 -0.2554
v 0.0976 0.3847 -0.2470
v 0.0940 0.3798 -0.2504
v 0.1000 0.3831 -0.2509
v 0.0932 0.3838 -0.2464
v 0.0930 0.3950 -0.2432
v 0.0885 0.3844 -0.2461
v 0.0852 0.3739 -0.2531
v 0.0829 0.3980 -0.2456
v 0.0763 0.3973 -0.2464
v 0.0677 0.3943 -0.2458
v 0.0673 0.4111 -0.2457
v 0.0606 0.4026 -0.2421
v 0.0510 0.4056 -0.2385
v 0.0583 0.4131 -0.2375
v 0.0540 0.4126 -0.2363
v 0.0514 0.4003 -0.2408
v 0.0483 0.3976 -0.2426
v 0.0541 0.3955 -0.2403
v 0.0593 0.3915 -0.2418
v 0.0574 0.4005 -0.2409
v 0.0588 0.3785 -0.2383
v 0.0515 0.3723 -0.2376
v 0.0395 0.3666 -0.2399
v 0.0238 0.3620 -0.2456
v 0.0378 0.3604 -0.2401
v 0.0123 0.3437 -0.2515
v 0.0062 0.3557 -0.2512
v -0.0083 0.3410 -0.2602
v 0.0104 0.3365 -0.2539
v -0.0116 0.3313 -0.2639
v -0.0253 0.3301 -0.2692
v -0.0208 0.3259 -0.2676
v -0.0066 0.3256 -0.2634
v -0.0108 0.3192 -0.2631
v -0.0240 0.3159 -0.2646
v -0.0278 0.3178 -0.2692
v -0.0387 0.3150 -0.2698
v -0.0344 0.3183 -0.2717
v -0.0363 0.3206 -0.2736
v -0.0397 0.3178 -0.2753
v -0.0484 0.3166 -0.2777
v -0.0456 0.3214 -0.2778
v -0.0535 0.3164 -0.2794
v -0.0650 0.3142 -0.2756
v -0.0714 0.3097 -0.2747
v -0.0808 0.3092 -0.2780
v -0.0765 0.3142 -0.2804
v -0.0826 0.3143 -0.2824
v -0.0874 0.3135 -0.2824
v -0.0890 0.3138 -0.2852
v -0.0887 0.3089 -0.2807
v -0.1042 0.3087 -0.2870
v -0.1064 0.3024 -0.2880
v -0.1006 0.3056 -0.2858
v -0.1038 0.3124 -0.2877
v -0.1057 0.3137 -0.2921
v -0.1129 0.3098 -0.2925
v -0.1124 0.3142 -0.2972
v -0.1149 0.3127 -0.2942
v -0.1298 0.3020 -0.2972
v -0.1315 0.3095 -0.3007
v -0.1365 0.3020 -0.3002
v -0.1419 0.3020 -0.3027
v -0.1483 0.3021 -0.3058
v -0.1525 0.3079 -0.3096
v -0.1541 0.3111 -0.3139
v -0.1545 0.3020 -0.3086
v -0.1461 0.3148 -0.3161
v -0.1556 0.3143 -0.3185
v -0.1655 0.3074 -0.3154
v -0.1649 0.3120 -0.3198
v -0.1691 0.3055 -0.3157
v -0.1813 0.3021 -0.3210
v -0.1825 0.3097 -0.3242
v -0.1891 0.3020 -0.3244
v -0.2053 0.2801 -0.3331
v -0.1966 0.3021 -0.3281
v -0.2056 0.3022 -0.3339
v -0.2068 0.2596 -0.3390
v -0.2065 0.2496 -0.3462
v -0.2062 0.2373 -0.3393
v -0.2067 0.2128 -0.3390
v -0.2062 0.2003 -0.3381
v -0.2071 0.1660 -0.3391
v -0.2054 0.1397 -0.3331
v -0.2053 0.1265 -0.3330
v -0.2086 0.1087 -0.3393
v -0.2061 0.1089 -0.3334
v -0.1934 0.1043 -0.3272
v -0.1970 0.1094 -0.3278
v -0.1950 0.1011 -0.3317
v -0.1811 0.1046 -0.3218
v -0.1810 0.1015 -0.3248
v -0.1692 0.1046 -0.3164
v -0.1725 0.1088 -0.3169
v -0.1711 0.1025 -0.3194
v -0.1655 0.1034 -0.3158
v -0.1556 0.1006 -0.3149
v -0.1571 0.1051 -0.3105
v -0.1476 0.1026 -0.3094
v -0.1479 0.0967 -0.3150
v -0.1387 0.0978 -0.3111
v -0.1255 0.0916 -0.3056
v -0.1318 0.0961 -0.3074
v -0.1370 0.0912 -0.3107
v -0.0952 0.0743 -0.2929
v -0.1308 0.0735 -0.3084
v -0.1148 0.0329 -0.3016
v -0.0749 0.0296 -0.2837
v -0.1015 0.0156 -0.2958
v -0.0851 0.0192 -0.2882
v -0.0746 0.0622 -0.2838
v -0.0662 0.0864 -0.2799
v -0.0751 0.0908 -0.2840
v -0.0925 0.0911 -0.2915
v -0.0806 0.0945 -0.2867
v -0.0858 0.0976 -0.2879
v -0.0955 0.0957 -0.2924
v -0.0889 0.0981 -0.2879
v -0.0580 0.0951 -0.2761
v -0.0666 0.0980 -0.2772
v -0.0687 0.0944 -0.2811
v -0.0393 0.0861 -0.2713
v -0.0521 0.0917 -0.2742
v -0.0463 0.0759 -0.2736
v -0.0486 0.0420 -0.2744
v -0.0425 0.0538 -0.2742
v -0.0471 0.0596 -0.2741
v -0.0540 0.0191 -0.2740
v -0.0457 0.0284 -0.2736
v -0.0556 0.0302 -0.2757
v -0.0558 0.0097 -0.2713
v -0.0466 0.0186 -0.2719
v -0.0940 0.0100 -0.2713
v -0.0688 0.0099 -0.2684
v -0.0723 0.0102 -0.2742
v -0.0814 0.0104 -0.2805
v -0.0929 0.0104 -0.2881
v -0.0946 0.0105 -0.2852
v -0.1146 0.0097 -0.2559
v -0.1188 0.0099 -0.2655
v -0.1241 0.0120 -0.2591
v -0.1292 0.0160 -0.2592
v -0.1241 0.0156 -0.2579
v -0.0961 0.0122 -0.2465
v -0.1052 0.0123 -0.2508
v -0.0999 0.0162 -0.2465
v -0.0863 0.0097 -0.2436
v -0.0797 0.0097 -0.2534
v -0.0902 0.0098 -0.2448
v -0.1049 0.0096 -0.2528
v -0.0748 0.0098 -0.2377
v -0.0767 0.0101 -0.2418
v -0.0784 0.0099 -0.2390
v -0.0625 0.0100 -0.2320
v -0.0750 0.0170 -0.2334
v -0.0700 0.0177 -0.2303
v -0.0640 0.0217 -0.2243
v -0.0654 0.0179 -0.2281
v -0.0704 0.0234 -0.2231
v -0.0493 0.0129 -0.2225
v -0.0517 0.0116 -0.2250
v -0.0531 0.0171 -0.2223
v -0.0336 0.0117 -0.2182
v -0.0425 0.0115 -0.2222
v -0.0400 0.0126 -0.2188
v -0.0373 0.0134 -0.2165
v -0.0340 0.0161 -0.2148
v -0.0287 0.0122 -0.2140
v -0.0204 0.0102 -0.2144
v -0.0471 0.0101 -0.2256
v -0.0441 0.0092 -0.2475
v -0.0408 0.0093 -0.2555
v -0.0614 0.0098 -0.2438
v -0.0424 0.0094 -0.2624
v -0.0477 0.0110 -0.2676
v -0.0537 0.0095 -0.2685
v -0.0424 0.0127 -0.2671
v -0.0403 0.0148 -0.2692
v -0.0475 0.0133 -0.2698
v -0.0316 0.0171 -0.2670
v -0.0303 0.0235 -0.2694
v -0.0330 0.0192 -0.2696
v -0.0199 0.0123 -0.2584
v -0.0272 0.0141 -0.2642
v -0.0275 0.0096 -0.2590
v -0.0155 0.0091 -0.2450
v -0.0127 0.0094 -0.2513
v -0.0327 0.0085 -0.2517
v -0.0084 0.0102 -0.2093
v -0.0058 0.0102 -0.2115
v -0.0159 0.0101 -0.2207
v -0.0061 0.0114 -0.2067
v -0.0157 0.0170 -0.2069
v -0.0084 0.0172 -0.2048
v 0.0053 0.0155 -0.1999
v -0.0060 0.0211 -0.2011
v 0.0002 0.0206 -0.1995
v -0.0022 0.0103 -0.2078
v 0.0031 0.0101 -0.2034
v 0.0211 0.0099 -0.2219
v 0.0163 0.0096 -0.2394
v 0.0051 0.0098 -0.2273
v 0.0052 0.0093 -0.2454
v -0.0068 0.0092 -0.2499
v -0.0041 0.0114 -0.2515
v -0.0052 0.0166 -0.2552
v -0.0111 0.0119 -0.2543
v 0.0033 0.0093 -0.2478
v 0.0024 0.0285 -0.2582
v -0.0144 0.0346 -0.2655
v -0.0175 0.0455 -0.2680
v -0.0365 0.0340 -0.2740
v -0.0419 0.0348 -0.2739
v -0.0411 0.0676 -0.2735
v -0.0355 0.0711 -0.2728
v -0.0365 0.0784 -0.2714
v -0.0160 0.0900 -0.2635
v -0.0248 0.0947 -0.2656
v -0.0287 0.0916 -0.2679
v -0.0042 0.0855 -0.2577
v -0.0143 0.0817 -0.2638
v -0.0128 0.0694 -0.2658
v 0.0118 0.0903 -0.2502
v 0.0057 0.0937 -0.2525
v 0.0050 0.0821 -0.2551
v 0.0181 0.0800 -0.2477
v 0.0148 0.0729 -0.2519
v 0.0190 0.0725 -0.2484
v 0.0241 0.0492 -0.2431
v 0.0244 0.0601 -0.2433
v 0.0208 0.0586 -0.2472
v 0.0207 0.0465 -0.2469
v 0.0201 0.0259 -0.2440
v 0.0192 0.0351 -0.2473
v 0.0156 0.0248 -0.2481
v 0.0222 0.0112 -0.2391
v 0.0182 0.0173 -0.2435
v 0.0140 0.0097 -0.2423
v 0.0395 0.0128 -0.2320
v 0.0368 0.0126 -0.2342
v 0.0305 0.0100 -0.2351
v 0.0362 0.0099 -0.2243
v 0.0295 0.0101 -0.2311
v 0.0170 0.0101 -0.2011
v 0.0069 0.0100 -0.2024
v 0.0163 0.0113 -0.1984
v 0.0241 0.0122 -0.1917
v 0.0234 0.0115 -0.1947
v 0.0207 0.0128 -0.1928
v 0.0359 0.0123 -0.1879
v 0.0397 0.0108 -0.1877
v 0.0318 0.0102 -0.1909
v 0.0433 0.0100 -0.1853
v 0.0452 0.0158 -0.1821
v 0.0484 0.0122 -0.1812
v 0.0698 0.0101 -0.1781
v 0.0655 0.0101 -0.1930
v 0.0602 0.0100 -0.1792
v 0.0775 0.0100 -0.1731
v 0.0865 0.0100 -0.1836
v 0.0926 0.0125 -0.1639
v 0.0893 0.0099 -0.1675
v 0.0743 0.0197 -0.1700
v 0.0703 0.0210 -0.1701
v 0.0628 0.0156 -0.1762
v 0.0643 0.0213 -0.1717
v 0.0691 0.0165 -0.1725
v 0.0523 0.0241 -0.1704
v 0.0591 0.0196 -0.1761
v 0.0527 0.0211 -0.1762
v 0.0522 0.0163 -0.1785
v 0.0583 0.0160 -0.1771
v 0.0413 0.0211 -0.1819
v 0.0452 0.0197 -0.1818
v 0.0352 0.0213 -0.1834
v 0.0228 0.0243 -0.1786
v 0.0230 0.0244 -0.1820
v 0.0171 0.0248 -0.1816
v 0.0205 0.0161 -0.1929
v 0.0181 0.0221 -0.1895
v 0.0250 0.0164 -0.1902
v 0.0182 0.0121 -0.1952
v 0.0103 0.0158 -0.1978
v 0.0175 0.0161 -0.1944
v 0.0384 0.0152 -0.1853
v 0.0944 0.0169 -0.1608
v 0.1056 0.0115 -0.1601
v 0.1223 0.0099 -0.1716
v 0.1161 0.0098 -0.1972
v 0.0878 0.0101 -0.2025
v 0.0749 0.0101 -0.2145
v 0.0447 0.0101 -0.1973
v 0.0479 0.0098 -0.2177
v 0.0316 0.0101 -0.2083
v 0.0505 0.0101 -0.2249
v 0.0455 0.0097 -0.2276
v 0.0432 0.0098 -0.2300
v 0.0540 0.0155 -0.2281
v 0.0460 0.0174 -0.2305
v 0.0532 0.0396 -0.2280
v 0.0292 0.0630 -0.2393
v 0.0401 0.0191 -0.2329
v 0.0909 0.0168 -0.2114
v 0.0715 0.0216 -0.2198
v 0.0815 0.0154 -0.2152
v 0.1402 0.0215 -0.1903
v 0.1364 0.0313 -0.1919
v 0.1245 0.0156 -0.1969
v 0.1449 0.0115 -0.1855
v 0.1467 0.0147 -0.1871
v 0.1361 0.0098 -0.1891
v 0.1247 0.0099 -0.1947
v 0.1187 0.0126 -0.1992
v 0.1128 0.0099 -0.2004
v 0.1090 0.0099 -0.2014
v 0.0965 0.0099 -0.2071
v 0.0896 0.0104 -0.2079
v 0.0799 0.0118 -0.2147
v 0.0716 0.0100 -0.2179
v 0.0598 0.0166 -0.2247
v 0.0553 0.0097 -0.2246
v 0.1453 0.0098 -0.1811
v 0.1387 0.0097 -0.1862
v 0.1501 0.0112 -0.1809
v 0.1522 0.0132 -0.1831
v 0.1516 0.0168 -0.1850
v 0.1586 0.0228 -0.1847
v 0.1597 0.0301 -0.1877
v 0.1546 0.0298 -0.1873
v 0.1469 0.0355 -0.1873
v 0.1450 0.0312 -0.1887
v 0.1506 0.0336 -0.1880
v 0.1445 0.0508 -0.1885
v 0.1577 0.0563 -0.1898
v 0.1572 0.0707 -0.1891
v 0.1521 0.0638 -0.1889
v 0.1553 0.0747 -0.1883
v 0.1591 0.0822 -0.1874
v 0.1561 0.0845 -0.1876
v 0.1654 0.0127 -0.1767
v 0.1628 0.0174 -0.1811
v 0.0859 0.0847 -0.2148
v 0.0463 0.0788 -0.2318
v 0.0444 0.0902 -0.2323
v 0.0311 0.0936 -0.2379
v 0.0298 0.0908 -0.2396
v 0.0254 0.0796 -0.2424
v 0.0552 0.0965 -0.2225
v 0.0565 0.0940 -0.2260
v 0.0420 0.0980 -0.2234
v 0.0462 0.1040 -0.2212
v 0.0415 0.1072 -0.2219
v 0.0468 0.1104 -0.2206
v 0.1054 0.0850 -0.2056
v 0.0982 0.0905 -0.2081
v 0.1049 0.0929 -0.2043
v 0.1097 0.0944 -0.2012
v 0.1040 0.0956 -0.2029
v 0.0979 0.0966 -0.2043
v 0.0919 0.0927 -0.2102
v 0.0979 0.0940 -0.2067
v 0.0848 0.0912 -0.2141
v 0.1148 0.0960 -0.1977
v 0.0993 0.0177 -0.1589
v 0.0097 0.0208 -0.2507
v 0.0009 0.0357 -0.2598
v 0.0036 0.0412 -0.2594
v -0.0004 0.0460 -0.2622
v 0.0071 0.0481 -0.2581
v 0.0059 0.0603 -0.2591
v -0.0003 0.0506 -0.2627
v -0.0203 0.0573 -0.2695
v -0.0123 0.0632 -0.2663
v -0.0216 0.0712 -0.2695
v 0.0136 0.0662 -0.2540
v 0.0073 0.0706 -0.2578
v 0.0174 0.0430 -0.2523
v 0.0058 0.0305 -0.2568
v 0.0169 0.0355 -0.2519
v -0.0068 0.0961 -0.2563
v -0.0131 0.0955 -0.2605
v -0.0045 0.0939 -0.2575
v -0.0057 0.0244 -0.1892
v -0.0003 0.0235 -0.1941
v -0.0062 0.0244 -0.1936
v -0.0181 0.0247 -0.1933
v -0.0118 0.0231 -0.2002
v -0.0179 0.0241 -0.1997
v -0.0420 0.0244 -0.1890
v -0.0298 0.0247 -0.1991
v -0.0339 0.0240 -0.2003
v -0.0568 0.0243 -0.2006
v -0.0414 0.0245 -0.2050
v -0.0473 0.0239 -0.2075
v -0.0616 0.0242 -0.2086
v -0.0647 0.0243 -0.2168
v -0.0744 0.0243 -0.2070
v -0.1233 0.0243 -0.1890
v -0.1218 0.0242 -0.2186
v -0.1506 0.0243 -0.1804
v -0.1846 0.0243 -0.1616
v -0.1607 0.0243 -0.1568
v -0.1777 0.0243 -0.1253
v -0.2094 0.0243 -0.1468
v -0.2133 0.0243 -0.1004
v -0.2376 0.0243 -0.0895
v -0.2521 0.0243 -0.1419
v -0.2593 0.0244 -0.1010
v -0.2616 0.0244 -0.0377
v -0.2282 0.0244 -0.0548
v -0.2637 0.0244 -0.0565
v -0.2763 0.0244 -0.0124
v -0.3114 0.0244 -0.0614
v -0.3221 0.0244 -0.0384
v -0.3352 0.0245 0.0297
v -0.3296 0.0244 -0.0120
v -0.3680 0.0244 0.0178
v -0.3632 0.0246 0.0467
v -0.3603 0.0245 0.0366
v -0.3647 0.0243 0.0423
v -0.3737 0.0195 0.0523
v -0.3756 0.0212 0.0483
v -0.3762 0.0155 0.0530
v -0.3799 0.0101 0.0526
v -0.3799 0.0131 0.0527
v -0.3811 0.0066 0.0532
v -0.3835 0.0096 0.0499
v -0.3885 0.0058 0.0548
v -0.3691 0.0067 0.0640
v -0.3726 0.0071 0.0598
v -0.3735 0.0069 0.0640
v -0.3864 0.0079 0.0896
v -0.3872 0.0062 0.0795
v -0.3916 0.0058 0.0910
v -0.3816 0.0123 0.0951
v -0.3804 0.0096 0.0925
v -0.3868 0.0098 0.0939
v -0.3791 0.0359 0.0964
v -0.3785 0.0181 0.0966
v -0.3865 0.0156 0.0950
v -0.3692 0.0100 0.0967
v -0.3810 0.0087 0.0843
v -0.3544 0.0081 0.0708
v -0.3431 0.0090 0.0688
v -0.3527 0.0081 0.0658
v -0.3607 0.0117 0.0603
v -0.3564 0.0161 0.0605
v -0.3626 0.0158 0.0589
v -0.3580 0.0208 0.0581
v -0.3577 0.0234 0.0532
v -0.3618 0.0194 0.0581
v -0.3573 0.0247 0.0466
v -0.3636 0.0218 0.0539
v -0.3210 0.0245 0.0468
v -0.3397 0.0245 0.0524
v -0.3403 0.0218 0.0641
v -0.3399 0.0239 0.0587
v -0.3454 0.0206 0.0641
v -0.3495 0.0179 0.0643
v -0.3520 0.0162 0.0630
v -0.3406 0.0088 0.0711
v -0.3388 0.0123 0.0696
v -0.3284 0.0093 0.0765
v -0.3395 0.0093 0.0840
v -0.3165 0.0159 0.0775
v -0.3171 0.0199 0.0763
v -0.3218 0.0154 0.0766
v -0.3272 0.0170 0.0724
v -0.3228 0.0212 0.0718
v -0.3289 0.0208 0.0700
v -0.3332 0.0169 0.0698
v -0.3284 0.0235 0.0648
v -0.3344 0.0218 0.0656
v -0.3223 0.0244 0.0642
v -0.3046 0.0245 0.0700
v -0.3100 0.0241 0.0658
v -0.3054 0.0213 0.0776
v -0.3108 0.0212 0.0764
v -0.3077 0.0125 0.0815
v -0.3097 0.0156 0.0797
v -0.3192 0.0098 0.0794
v -0.3547 0.0106 0.1025
v -0.3477 0.0098 0.0987
v -0.3646 0.0100 0.1001
v -0.3519 0.0120 0.1059
v -0.3577 0.0125 0.1035
v -0.3557 0.0156 0.1058
v -0.3485 0.0100 0.1070
v -0.3355 0.0155 0.1145
v -0.3658 0.0480 0.1023
v -0.3512 0.0586 0.1085
v -0.3224 0.0457 0.1207
v -0.3473 0.0857 0.1106
v -0.3213 0.0775 0.1211
v -0.2917 0.0910 0.1332
v -0.2738 0.0882 0.1412
v -0.2670 0.0960 0.1434
v -0.2603 0.0983 0.1467
v -0.2479 0.0987 0.1520
v -0.2521 0.0967 0.1501
v -0.2505 0.0992 0.1497
v -0.2275 0.0992 0.1600
v -0.2373 0.0986 0.1558
v -0.2279 0.1040 0.1528
v -0.2096 0.0837 0.1720
v -0.2195 0.0892 0.1659
v -0.2087 0.0928 0.1709
v -0.2078 0.0993 0.1695
v -0.1947 0.0995 0.1771
v -0.1886 0.0981 0.1806
v -0.1797 0.0992 0.1817
v -0.1745 0.0944 0.1856
v -0.1656 0.0981 0.1868
v -0.1630 0.1022 0.1821
v -0.1584 0.0986 0.1865
v -0.1366 0.0978 0.1924
v -0.1462 0.1027 0.1846
v -0.1357 0.1027 0.1889
v -0.1292 0.0967 0.1940
v -0.1288 0.1022 0.1910
v -0.1201 0.0971 0.1948
v -0.1163 0.1025 0.1954
v -0.1166 0.1104 0.1951
v -0.1109 0.1033 0.1984
v -0.1064 0.0970 0.2038
v -0.1051 0.1013 0.2009
v -0.1015 0.0961 0.2078
v -0.0945 0.0968 0.2108
v -0.0976 0.0986 0.2072
v -0.0929 0.1012 0.2080
v -0.0861 0.0982 0.2139
v -0.0872 0.1036 0.2098
v -0.0815 0.1014 0.2136
v -0.0767 0.0989 0.2176
v -0.0754 0.1031 0.2153
v -0.0634 0.1039 0.2206
v -0.0686 0.1096 0.2171
v -0.0639 0.1097 0.2190
v -0.0568 0.1005 0.2248
v -0.0506 0.1037 0.2253
v -0.0406 0.1027 0.2305
v -0.0406 0.1093 0.2280
v -0.0344 0.1036 0.2330
v -0.0283 0.0946 0.2423
v -0.0274 0.0981 0.2390
v -0.0189 0.0967 0.2447
v -0.0100 0.0959 0.2500
v -0.0098 0.1027 0.2444
v -0.0056 0.0998 0.2485
v 0.0020 0.1067 0.2477
v 0.0140 0.1088 0.2515
v 0.0190 0.1081 0.2545
v 0.0341 0.1234 0.2605
v 0.0202 0.1308 0.2553
v 0.0373 0.1379 0.2628
v 0.0058 0.1518 0.2509
v -0.0052 0.1676 0.2472
v -0.0072 0.1781 0.2470
v 0.0100 0.1686 0.2531
v -0.0040 0.2233 0.2470
v 0.0076 0.2489 0.2516
v 0.0680 0.2499 0.2761
v 0.0977 0.2586 0.2884
v 0.1594 0.2539 0.3150
v 0.1265 0.2520 0.3011
v 0.1530 0.2882 0.3114
v 0.2016 0.2406 0.3332
v 0.1961 0.2343 0.3310
v 0.1944 0.2606 0.3300
v 0.2053 0.2716 0.3365
v 0.2107 0.2813 0.3412
v 0.2106 0.2685 0.3503
v 0.2114 0.2826 0.3509
v 0.2062 0.3090 0.3452
v 0.2061 0.3096 0.3500
v 0.2050 0.3175 0.3593
v 0.2109 0.3131 0.3562
v 0.2053 0.3133 0.3544
v 0.2050 0.3206 0.3619
v 0.2265 0.3126 0.3623
v 0.2163 0.3143 0.3597
v 0.2259 0.3207 0.3693
v 0.2283 0.3155 0.3661
v 0.2172 0.3215 0.3666
v 0.2036 0.3254 0.3620
v 0.2086 0.3329 0.3636
v 0.2226 0.3299 0.3701
v 0.2565 0.3256 0.3847
v 0.2487 0.3182 0.3804
v 0.2437 0.3230 0.3796
v 0.2370 0.3187 0.3747
v 0.2355 0.3167 0.3712
v 0.2342 0.3209 0.3741
v 0.2586 0.3162 0.3831
v 0.2607 0.3180 0.3858
v 0.2636 0.3093 0.3785
v 0.2807 0.3088 0.3848
v 0.2727 0.3136 0.3854
v 0.2792 0.3132 0.3857
v 0.2902 0.3081 0.3886
v 0.2972 0.2801 0.3886
v 0.2973 0.3024 0.3891
v 0.2996 0.2902 0.3875
v 0.3017 0.2611 0.3843
v 0.3024 0.2929 0.3848
v 0.3055 0.2607 0.3781
v 0.3099 0.3022 0.3710
v 0.3161 0.3036 0.3621
v 0.3134 0.2952 0.3646
v 0.3207 0.3081 0.3558
v 0.3251 0.3117 0.3511
v 0.3206 0.3056 0.3526
v 0.3254 0.3155 0.3469
v 0.3241 0.3200 0.3442
v 0.3178 0.3131 0.3440
v 0.3166 0.3402 0.3409
v 0.3043 0.3517 0.3352
v 0.2987 0.3386 0.3340
v 0.2950 0.3254 0.3280
v 0.2979 0.3254 0.3337
v 0.2943 0.3369 0.3199
v 0.2954 0.3267 0.3207
v 0.3024 0.3582 0.2990
v 0.3184 0.3700 0.2593
v 0.3047 0.3476 0.2943
v 0.3308 0.3742 0.2323
v 0.3293 0.3650 0.2360
v 0.3621 0.4017 0.1667
v 0.3852 0.4121 0.1177
v 0.3940 0.4086 0.0970
v 0.4028 0.3848 0.0766
v 0.3999 0.3614 0.0841
v 0.4173 0.3507 0.0443
v 0.4134 0.4109 0.0517
v 0.4318 0.3835 0.0090
v 0.4141 0.3658 0.0505
v 0.4410 0.3427 -0.0038
v 0.4366 0.3487 -0.0012
v 0.4402 0.3606 -0.0045
v 0.4391 0.3344 0.0010
v 0.4420 0.3384 -0.0029
v 0.4541 0.3638 -0.0034
v 0.4501 0.3607 -0.0067
v 0.4523 0.3728 -0.0030
v 0.4554 0.3980 0.0045
v 0.4575 0.3747 0.0007
v 0.4670 0.3790 0.0046
v 0.4598 0.3877 0.0052
v 0.4592 0.3973 0.0061
v 0.4564 0.4072 0.0078
v 0.4609 0.4011 0.0071
v 0.4492 0.4006 0.0004
v 0.4437 0.4020 -0.0009
v 0.4457 0.4094 0.0030
v 0.4366 0.4144 0.0082
v 0.4438 0.4134 0.0051
v 0.4390 0.4126 0.0053
v 0.4273 0.4194 0.0198
v 0.4343 0.4248 0.0179
v 0.4319 0.4203 0.0158
v 0.4230 0.4189 0.0275
v 0.4264 0.4130 0.0202
v 0.4239 0.4073 0.0268
v 0.4087 0.4244 0.0619
v 0.4157 0.4241 0.0465
v 0.4281 0.4300 0.0241
v 0.4328 0.4266 0.0216
v 0.4266 0.4259 0.0232
v 0.4210 0.4333 0.0366
v 0.4199 0.4365 0.0404
v 0.4248 0.4383 0.0386
v 0.4257 0.4417 0.0420
v 0.4206 0.4425 0.0460
v 0.4260 0.4437 0.0450
v 0.4138 0.4495 0.0627
v 0.4188 0.4439 0.0515
v 0.4142 0.4406 0.0540
v 0.3964 0.4360 0.0880
v 0.4037 0.4367 0.0744
v 0.3993 0.4311 0.0821
v 0.3936 0.4436 0.1010
v 0.3941 0.4365 0.0953
v 0.3908 0.4351 0.1002
v 0.3891 0.4674 0.1259
v 0.3920 0.4555 0.1127
v 0.3812 0.4521 0.1334
v 0.3710 0.4535 0.1557
v 0.3734 0.4353 0.1411
v 0.3626 0.4321 0.1657
v 0.3672 0.4399 0.1579
v 0.3687 0.4321 0.1523
v 0.3456 0.4134 0.2030
v 0.3634 0.4215 0.1636
v 0.3813 0.4290 0.1238
v 0.3850 0.4307 0.1133
v 0.3858 0.4266 0.1134
v 0.3962 0.4163 0.0924
v 0.4040 0.4312 0.0702
v 0.4136 0.4328 0.0529
v 0.3943 0.4307 0.0919
v 0.4005 0.4229 0.0805
v 0.3890 0.4378 0.1075
v 0.3884 0.4318 0.1070
v 0.3312 0.4262 0.2323
v 0.3402 0.4308 0.2134
v 0.3421 0.4247 0.2089
v 0.3066 0.4177 0.2922
v 0.3173 0.4171 0.2658
v 0.3186 0.4042 0.2632
v 0.2982 0.4010 0.3148
v 0.3088 0.3963 0.2864
v 0.3033 0.3755 0.2981
v 0.3029 0.4145 0.3100
v 0.3034 0.4175 0.3059
v 0.3028 0.4117 0.3057
v 0.3084 0.4263 0.2986
v 0.3079 0.4246 0.2916
v 0.3048 0.4187 0.2969
v 0.3109 0.4322 0.2857
v 0.3146 0.4386 0.2805
v 0.3115 0.4314 0.2794
v 0.3194 0.4260 0.2600
v 0.3266 0.4290 0.2408
v 0.3248 0.4219 0.2474
v 0.3421 0.4484 0.2176
v 0.3439 0.4371 0.2073
v 0.3353 0.4355 0.2260
v 0.3467 0.4312 0.1971
v 0.3523 0.4326 0.1872
v 0.3481 0.4254 0.1957
v 0.3579 0.4747 0.1962
v 0.3617 0.4783 0.1877
v 0.3596 0.4657 0.1867
v 0.3679 0.4706 0.1698
v 0.3667 0.4776 0.1751
v 0.3676 0.4801 0.1710
v 0.3745 0.4780 0.1600
v 0.3785 0.4775 0.1532
v 0.3755 0.4687 0.1539
v 0.3824 0.4727 0.1427
v 0.3873 0.4743 0.1341
v 0.3941 0.4734 0.1203
v 0.3973 0.4770 0.1170
v 0.3965 0.4713 0.1134
v 0.4040 0.4630 0.0950
v 0.4044 0.4546 0.0864
v 0.3981 0.4541 0.0992
v 0.4088 0.4587 0.0797
v 0.4120 0.4560 0.0736
v 0.4085 0.4534 0.0771
v 0.4203 0.4569 0.0678
v 0.4149 0.4539 0.0647
v 0.4148 0.4561 0.0689
v 0.4329 0.4472 0.0510
v 0.4261 0.4491 0.0543
v 0.4267 0.4537 0.0606
v 0.4467 0.4438 0.0444
v 0.4491 0.4430 0.0407
v 0.4466 0.4405 0.0424
v 0.4343 0.4572 0.0641
v 0.4389 0.4563 0.0598
v 0.4391 0.4530 0.0588
v 0.4287 0.4629 0.0744
v 0.4351 0.4604 0.0665
v 0.4204 0.4599 0.0728
v 0.4270 0.4581 0.0680
v 0.4086 0.4679 0.0922
v 0.4135 0.4648 0.0836
v 0.4089 0.4654 0.0875
v 0.4033 0.4708 0.1029
v 0.4089 0.4718 0.0991
v 0.4062 0.4690 0.0979
v 0.4005 0.4755 0.1134
v 0.4013 0.4781 0.1169
v 0.4024 0.4807 0.1216
v 0.3964 0.4781 0.1213
v 0.3908 0.4797 0.1331
v 0.3909 0.4773 0.1285
v 0.3946 0.4845 0.1415
v 0.3936 0.4838 0.1356
v 0.3910 0.4837 0.1397
v 0.3870 0.4849 0.1549
v 0.3803 0.4822 0.1528
v 0.3798 0.4831 0.1570
v 0.3793 0.4854 0.1691
v 0.3781 0.4836 0.1626
v 0.3719 0.4824 0.1690
v 0.3663 0.4793 0.1791
v 0.3678 0.4813 0.1745
v 0.3625 0.4817 0.1887
v 0.3649 0.4801 0.1840
v 0.3559 0.4766 0.2038
v 0.3609 0.4797 0.1978
v 0.3556 0.4753 0.2004
v 0.3459 0.4606 0.2161
v 0.3498 0.4700 0.2115
v 0.3517 0.4692 0.2074
v 0.3450 0.4661 0.2256
v 0.3469 0.4654 0.2177
v 0.3433 0.4609 0.2233
v 0.3373 0.4595 0.2393
v 0.3379 0.4595 0.2341
v 0.3370 0.4562 0.2353
v 0.3313 0.4540 0.2465
v 0.3327 0.4589 0.2470
v 0.3350 0.4566 0.2416
v 0.3401 0.4647 0.2395
v 0.3379 0.4572 0.2612
v 0.3392 0.4603 0.2548
v 0.3321 0.4557 0.2576
v 0.3311 0.4543 0.2618
v 0.3273 0.4534 0.2590
v 0.3199 0.4430 0.2807
v 0.3319 0.4540 0.2663
v 0.3236 0.4470 0.2705
v 0.3204 0.4420 0.2843
v 0.3183 0.4374 0.2662
v 0.3216 0.4332 0.2563
v 0.3158 0.4323 0.2702
v 0.3260 0.4508 0.2629
v 0.3273 0.4512 0.2544
v 0.3211 0.4427 0.2625
v 0.3143 0.4342 0.2933
v 0.3152 0.4377 0.2876
v 0.3148 0.4313 0.2986
v 0.3110 0.4305 0.2975
v 0.3152 0.4194 0.3163
v 0.3195 0.4276 0.3067
v 0.3150 0.4264 0.3062
v 0.3084 0.4158 0.3176
v 0.3024 0.4096 0.3159
v 0.3057 0.4131 0.3205
v 0.3024 0.4072 0.3270
v 0.3018 0.4079 0.3221
v 0.2987 0.4059 0.3238
v 0.2974 0.3960 0.3270
v 0.2978 0.3999 0.3216
v 0.2964 0.3905 0.3203
v 0.3011 0.3753 0.3324
v 0.2965 0.3797 0.3275
v 0.2959 0.3665 0.3280
v 0.3126 0.3641 0.3380
v 0.3036 0.3619 0.3341
v 0.2957 0.3576 0.3279
v 0.2934 0.3576 0.3201
v 0.2961 0.3494 0.3271
v 0.2974 0.3794 0.3142
v 0.2949 0.3768 0.3208
v 0.2975 0.4030 0.3177
v 0.3266 0.3348 0.3481
v 0.3234 0.3518 0.3431
v 0.3231 0.3353 0.3444
v 0.3269 0.3316 0.3517
v 0.3292 0.3195 0.3512
v 0.3281 0.3131 0.3563
v 0.3125 0.3077 0.3726
v 0.3184 0.3110 0.3690
v 0.3080 0.3106 0.3856
v 0.3088 0.3082 0.3787
v 0.3049 0.3041 0.3841
v 0.3027 0.3149 0.3948
v 0.3080 0.3163 0.3959
v 0.3067 0.3136 0.3913
v 0.2970 0.3186 0.3987
v 0.2936 0.3169 0.3949
v 0.2904 0.3206 0.3965
v 0.3037 0.3178 0.3999
v 0.3036 0.3205 0.4021
v 0.3068 0.3206 0.4003
v 0.3097 0.3187 0.3983
v 0.3128 0.3201 0.3922
v 0.3125 0.3169 0.3905
v 0.3181 0.3168 0.3796
v 0.3176 0.3136 0.3772
v 0.3221 0.3153 0.3702
v 0.3269 0.3164 0.3641
v 0.3278 0.3132 0.3593
v 0.3256 0.3350 0.3570
v 0.3254 0.3424 0.3508
v 0.3252 0.3810 0.3501
v 0.3249 0.3737 0.3458
v 0.3249 0.3520 0.3517
v 0.3251 0.3869 0.3456
v 0.3213 0.3957 0.3586
v 0.3218 0.3644 0.3595
v 0.3132 0.3531 0.3793
v 0.3103 0.3683 0.3831
v 0.3184 0.3569 0.3681
v 0.3055 0.3437 0.3943
v 0.3094 0.3453 0.3868
v 0.3081 0.3364 0.3959
v 0.3051 0.3287 0.4031
v 0.3026 0.3355 0.4018
v 0.3070 0.3302 0.4006
v 0.2974 0.3487 0.3962
v 0.2970 0.3546 0.3951
v 0.3016 0.3484 0.3951
v 0.3045 0.3622 0.3916
v 0.3081 0.3593 0.3871
v 0.3052 0.3518 0.3914
v 0.3049 0.3795 0.3925
v 0.3003 0.3839 0.3937
v 0.3048 0.3927 0.3927
v 0.2978 0.3985 0.3947
v 0.2908 0.4262 0.3914
v 0.2978 0.4216 0.3935
v 0.3023 0.4330 0.3883
v 0.3091 0.4317 0.3811
v 0.3043 0.4187 0.3921
v 0.3150 0.4242 0.3693
v 0.3197 0.4305 0.3603
v 0.3149 0.4088 0.3714
v 0.3248 0.4248 0.3494
v 0.3247 0.4297 0.3450
v 0.3260 0.4245 0.3449
v 0.3253 0.4000 0.3456
v 0.3237 0.4126 0.3399
v 0.3227 0.3968 0.3419
v 0.3196 0.4030 0.3383
v 0.3185 0.4086 0.3351
v 0.3132 0.4033 0.3347
v 0.3110 0.4064 0.3325
v 0.3082 0.4036 0.3320
v 0.3183 0.4123 0.3299
v 0.3222 0.4181 0.3240
v 0.3193 0.4170 0.3231
v 0.3241 0.4272 0.3106
v 0.3253 0.4340 0.3001
v 0.3194 0.4350 0.2951
v 0.3165 0.4370 0.2916
v 0.3330 0.4403 0.2939
v 0.3370 0.4475 0.2827
v 0.3250 0.4403 0.2890
v 0.3405 0.4513 0.2791
v 0.3443 0.4567 0.2714
v 0.3398 0.4544 0.2705
v 0.3464 0.4599 0.2726
v 0.3510 0.4641 0.2598
v 0.3509 0.4667 0.2486
v 0.3547 0.4708 0.2397
v 0.3462 0.4654 0.2472
v 0.3633 0.4767 0.2280
v 0.3609 0.4773 0.2227
v 0.3510 0.4715 0.2332
v 0.3466 0.4687 0.2299
v 0.3499 0.4725 0.2221
v 0.3574 0.4779 0.2153
v 0.3606 0.4796 0.2052
v 0.3564 0.4778 0.2104
v 0.3679 0.4841 0.1976
v 0.3756 0.4859 0.1935
v 0.3806 0.4873 0.1847
v 0.3740 0.4851 0.1848
v 0.3644 0.4802 0.2137
v 0.3702 0.4837 0.2024
v 0.3645 0.4812 0.2065
v 0.3689 0.4884 0.2215
v 0.3755 0.4900 0.2045
v 0.3716 0.4859 0.2121
v 0.3648 0.4794 0.2277
v 0.3653 0.4798 0.2212
v 0.3563 0.4704 0.2487
v 0.3533 0.4679 0.2510
v 0.3408 0.4525 0.2886
v 0.3399 0.4480 0.2839
v 0.3286 0.4360 0.3233
v 0.3353 0.4476 0.3043
v 0.3306 0.4345 0.3158
v 0.3249 0.4306 0.3386
v 0.3259 0.4359 0.3312
v 0.3261 0.4305 0.3326
v 0.3253 0.4204 0.3383
v 0.3248 0.4201 0.3319
v 0.3251 0.4221 0.3240
v 0.3244 0.4229 0.3189
v 0.3310 0.4332 0.3100
v 0.3359 0.4429 0.3009
v 0.3350 0.4413 0.2966
v 0.3228 0.4332 0.3502
v 0.3206 0.4372 0.3439
v 0.3243 0.4299 0.3498
v 0.3200 0.4367 0.3499
v 0.3189 0.4406 0.3461
v 0.3111 0.4491 0.3573
v 0.3167 0.4453 0.3483
v 0.3153 0.4409 0.3548
v 0.3178 0.4338 0.3613
v 0.3187 0.4353 0.3555
v 0.3126 0.4290 0.3724
v 0.3158 0.4307 0.3659
v 0.3076 0.4346 0.3795
v 0.3033 0.4408 0.3725
v 0.3080 0.4371 0.3729
v 0.3071 0.4455 0.3643
v 0.3075 0.4522 0.3606
v 0.3116 0.4406 0.3613
v 0.3082 0.4648 0.3557
v 0.3094 0.4606 0.3565
v 0.3133 0.4656 0.3482
v 0.3208 0.4769 0.3342
v 0.3177 0.4564 0.3431
v 0.3237 0.4837 0.3259
v 0.3268 0.4798 0.3206
v 0.3350 0.4803 0.3031
v 0.3407 0.5065 0.2878
v 0.3596 0.5153 0.2439
v 0.3542 0.4752 0.2569
v 0.3607 0.4828 0.2415
v 0.3604 0.4770 0.2409
v 0.3767 0.4973 0.2037
v 0.3876 0.4994 0.1783
v 0.3812 0.4936 0.1919
v 0.3830 0.4900 0.1856
v 0.3863 0.4882 0.1777
v 0.3830 0.4864 0.1728
v 0.3988 0.4874 0.1483
v 0.4025 0.4870 0.1387
v 0.3981 0.4858 0.1433
v 0.3973 0.4816 0.1306
v 0.4049 0.4834 0.1305
v 0.4116 0.4851 0.1194
v 0.4108 0.4817 0.1174
v 0.4144 0.4810 0.1109
v 0.4170 0.4764 0.1033
v 0.4158 0.4772 0.1062
v 0.4142 0.4731 0.0973
v 0.4092 0.4738 0.1031
v 0.4183 0.4675 0.0865
v 0.4133 0.4691 0.0909
v 0.4212 0.4630 0.0781
v 0.4234 0.4658 0.0829
v 0.4246 0.4781 0.0916
v 0.4247 0.4724 0.0882
v 0.4211 0.4760 0.0980
v 0.4271 0.4857 0.0881
v 0.4371 0.4854 0.0669
v 0.4335 0.4755 0.0740
v 0.4445 0.4618 0.0511
v 0.4436 0.4534 0.0531
v 0.4556 0.4332 0.0267
v 0.4435 0.4979 0.0527
v 0.4524 0.4846 0.0329
v 0.4534 0.4625 0.0324
v 0.4523 0.4992 0.0281
v 0.4516 0.5008 0.0255
v 0.4537 0.4991 0.0232
v 0.4572 0.4895 0.0207
v 0.4579 0.4935 0.0168
v 0.4594 0.4886 0.0161
v 0.4651 0.4754 0.0026
v 0.4678 0.4722 -0.0058
v 0.4696 0.4624 -0.0078
v 0.4772 0.4384 -0.0202
v 0.4789 0.4275 -0.0160
v 0.4770 0.4304 -0.0148
v 0.4778 0.4467 -0.0295
v 0.4798 0.4440 -0.0327
v 0.4821 0.4383 -0.0311
v 0.4847 0.4325 -0.0315
v 0.4866 0.4358 -0.0360
v 0.4882 0.4303 -0.0368
v 0.4862 0.4331 -0.0479
v 0.4865 0.4369 -0.0435
v 0.4823 0.4372 -0.0443
v 0.4812 0.4363 -0.0485
v 0.4813 0.4315 -0.0519
v 0.4785 0.4252 -0.0552
v 0.4574 0.4136 -0.0708
v 0.4555 0.4264 -0.0699
v 0.4468 0.4324 -0.0711
v 0.4432 0.4231 -0.0762
v 0.4344 0.4158 -0.0819
v 0.4287 0.4165 -0.0827
v 0.4024 0.4244 -0.0912
v 0.4024 0.4069 -0.0927
v 0.4069 0.4066 -0.0920
v 0.4049 0.4043 -0.0935
v 0.4019 0.3944 -0.0937
v 0.3978 0.4143 -0.0916
v 0.3916 0.4214 -0.0899
v 0.3842 0.4293 -0.0878
v 0.3868 0.4349 -0.0869
v 0.3788 0.4284 -0.0883
v 0.3733 0.4297 -0.0890
v 0.3671 0.4279 -0.0922
v 0.3720 0.4268 -0.0906
v 0.3674 0.4307 -0.0901
v 0.3584 0.4280 -0.0958
v 0.3372 0.4300 -0.1041
v 0.3354 0.4276 -0.1070
v 0.3512 0.4303 -0.0757
v 0.3323 0.4303 -0.0851
v 0.3505 0.4303 -0.0903
v 0.3776 0.4302 -0.0694
v 0.3662 0.4303 -0.0774
v 0.3739 0.4301 -0.0733
v 0.3776 0.4314 -0.0604
v 0.3791 0.4353 -0.0593
v 0.3738 0.4310 -0.0602
v 0.3677 0.4340 -0.0578
v 0.3611 0.4328 -0.0623
v 0.3677 0.4307 -0.0638
v 0.3529 0.4306 -0.0658
v 0.3523 0.4305 -0.0691
v 0.3561 0.4303 -0.0665
v 0.3486 0.4342 -0.0654
v 0.3440 0.4325 -0.0690
v 0.3484 0.4318 -0.0680
v 0.3326 0.4301 -0.0773
v 0.3358 0.4315 -0.0725
v 0.3324 0.4324 -0.0739
v 0.3276 0.4348 -0.0737
v 0.3238 0.4315 -0.0772
v 0.3279 0.4306 -0.0772
v 0.3152 0.4344 -0.0797
v 0.3212 0.4311 -0.0805
v 0.3032 0.4304 -0.0890
v 0.3072 0.4323 -0.0853
v 0.3033 0.4346 -0.0852
v 0.2957 0.4306 -0.0948
v 0.2858 0.4302 -0.1000
v 0.2867 0.4299 -0.1063
v 0.3204 0.4303 -0.1126
v 0.3138 0.4299 -0.1141
v 0.2886 0.4304 -0.1249
v 0.2731 0.4298 -0.1299
v 0.2710 0.4271 -0.1350
v 0.2550 0.4242 -0.1424
v 0.2394 0.4249 -0.1496
v 0.2674 0.4176 -0.1376
v 0.2246 0.4245 -0.1556
v 0.2311 0.4280 -0.1530
v 0.2274 0.4279 -0.1535
v 0.2229 0.3850 -0.1577
v 0.2161 0.4109 -0.1599
v 0.1931 0.3895 -0.1708
v 0.2133 0.3772 -0.1638
v 0.2131 0.3707 -0.1652
v 0.2217 0.3740 -0.1631
v 0.2237 0.3692 -0.1637
v 0.2323 0.3758 -0.1593
v 0.2388 0.3673 -0.1573
v 0.2354 0.3649 -0.1585
v 0.2374 0.3626 -0.1553
v 0.2423 0.3617 -0.1516
v 0.2376 0.3558 -0.1514
v 0.2262 0.3555 -0.1564
v 0.2319 0.3600 -0.1564
v 0.2259 0.3595 -0.1580
v 0.2174 0.3549 -0.1580
v 0.2065 0.3555 -0.1644
v 0.2076 0.3619 -0.1655
v 0.2018 0.3744 -0.1682
v 0.1738 0.3606 -0.1797
v 0.1686 0.3767 -0.1818
v 0.1631 0.3640 -0.1849
v 0.1564 0.3656 -0.1891
v 0.1510 0.3750 -0.1936
v 0.1513 0.3604 -0.1941
v 0.1511 0.3840 -0.1929
v 0.1511 0.3891 -0.1983
v 0.1503 0.3811 -0.2000
v 0.1511 0.4177 -0.1974
v 0.1512 0.4006 -0.1972
v 0.1527 0.4031 -0.1878
v 0.1523 0.4030 -0.1914
v 0.1554 0.4013 -0.1865
v 0.1838 0.4161 -0.1737
v 0.1553 0.4127 -0.1865
v 0.1525 0.4207 -0.1877
v 0.1520 0.4200 -0.1923
v 0.1552 0.4188 -0.1864
v 0.1505 0.4243 -0.2048
v 0.1508 0.4198 -0.2113
v 0.1517 0.4125 -0.2087
v 0.1500 0.4067 -0.2190
v 0.1514 0.4159 -0.2133
v 0.1493 0.4181 -0.2148
v 0.1514 0.3842 -0.2209
v 0.1396 0.3829 -0.2285
v 0.1438 0.3906 -0.2248
v 0.1393 0.3893 -0.2262
v 0.1300 0.3888 -0.2339
v 0.1262 0.3995 -0.2410
v 0.1288 0.3897 -0.2400
v 0.1273 0.3952 -0.2463
v 0.1247 0.3986 -0.2491
v 0.1241 0.3940 -0.2529
v 0.1165 0.3947 -0.2546
v 0.1205 0.3980 -0.2526
v 0.1164 0.3986 -0.2530
v 0.1068 0.3808 -0.2570
v 0.1149 0.3850 -0.2555
v 0.1112 0.3882 -0.2551
v 0.1041 0.3850 -0.2528
v 0.1035 0.3878 -0.2515
v 0.0983 0.3891 -0.2461
v 0.1020 0.3959 -0.2472
v 0.0983 0.3949 -0.2450
v 0.0966 0.4027 -0.2402
v 0.0995 0.3998 -0.2434
v 0.0995 0.4059 -0.2399
v 0.0884 0.4091 -0.2398
v 0.0810 0.4034 -0.2444
v 0.0927 0.4068 -0.2395
v 0.0751 0.4264 -0.2404
v 0.0698 0.4164 -0.2448
v 0.0747 0.4128 -0.2449
v 0.0886 0.4293 -0.2317
v 0.0776 0.4308 -0.2354
v 0.0859 0.4264 -0.2354
v 0.0653 0.4141 -0.2432
v 0.0635 0.4262 -0.2402
v 0.0563 0.4152 -0.2348
v 0.0505 0.4166 -0.2345
v 0.0395 0.4119 -0.2400
v 0.0335 0.4054 -0.2437
v 0.0408 0.4038 -0.2427
v 0.0323 0.3972 -0.2462
v 0.0345 0.3949 -0.2481
v 0.0350 0.3999 -0.2455
v 0.0219 0.3840 -0.2515
v 0.0291 0.3841 -0.2518
v 0.0294 0.3874 -0.2522
v 0.0420 0.3808 -0.2443
v 0.0349 0.3804 -0.2483
v 0.0371 0.3741 -0.2440
v 0.0305 0.3686 -0.2446
v 0.0218 0.3670 -0.2467
v -0.0031 0.3603 -0.2561
v -0.0145 0.3606 -0.2613
v -0.0132 0.3532 -0.2606
v -0.0377 0.3473 -0.2718
v -0.0201 0.3362 -0.2662
v -0.0414 0.3293 -0.2765
v -0.0333 0.3249 -0.2726
v -0.0555 0.3175 -0.2819
v -0.0660 0.3205 -0.2877
v -0.0655 0.3169 -0.2854
v -0.0710 0.3159 -0.2860
v -0.0676 0.3178 -0.2877
v -0.0717 0.3172 -0.2890
v -0.0774 0.3170 -0.2909
v -0.0798 0.3179 -0.2932
v -0.0857 0.3160 -0.2917
v -0.0944 0.3139 -0.2873
v -0.0975 0.3162 -0.2975
v -0.1004 0.3133 -0.2882
v -0.1061 0.3169 -0.3031
v -0.1178 0.3142 -0.2991
v -0.1286 0.3093 -0.2985
v -0.1237 0.3140 -0.3001
v -0.1273 0.3135 -0.3000
v -0.1292 0.3143 -0.3040
v -0.1238 0.3161 -0.3091
v -0.1333 0.3144 -0.3066
v -0.1409 0.3075 -0.3039
v -0.1421 0.3109 -0.3083
v -0.1305 0.3169 -0.3141
v -0.1329 0.3178 -0.3162
v -0.1397 0.3148 -0.3130
v -0.1326 0.3241 -0.3161
v -0.1446 0.3233 -0.3213
v -0.1406 0.3202 -0.3193
v -0.1647 0.3137 -0.3226
v -0.1593 0.3168 -0.3260
v -0.1681 0.3155 -0.3262
v -0.1703 0.3143 -0.3239
v -0.1737 0.3141 -0.3237
v -0.1765 0.3098 -0.3217
v -0.1808 0.3069 -0.3215
v -0.1820 0.3145 -0.3287
v -0.1764 0.3161 -0.3326
v -0.1881 0.3139 -0.3289
v -0.2016 0.3096 -0.3331
v -0.1937 0.3141 -0.3326
v -0.1990 0.3136 -0.3347
v -0.2062 0.3021 -0.3391
v -0.2054 0.2984 -0.3467
v -0.2053 0.2990 -0.3505
v -0.2059 0.2850 -0.3503
v -0.2064 0.2678 -0.3473
v -0.2061 0.2610 -0.3504
v -0.2063 0.2436 -0.3509
v -0.2081 0.2304 -0.3542
v -0.2066 0.2113 -0.3509
v -0.2082 0.2041 -0.3543
v -0.2082 0.1909 -0.3542
v -0.2066 0.1675 -0.3507
v -0.2067 0.1485 -0.3509
v -0.2070 0.1474 -0.3450
v -0.2071 0.1253 -0.3513
v -0.2083 0.1088 -0.3462
v -0.2065 0.1026 -0.3391
v -0.2067 0.1028 -0.3457
v -0.2010 0.0982 -0.3381
v -0.1958 0.0954 -0.3373
v -0.1848 0.0906 -0.3319
v -0.1885 0.0954 -0.3325
v -0.1538 0.0922 -0.3185
v -0.1705 0.0852 -0.3258
v -0.1589 0.0567 -0.3209
v -0.1432 0.0150 -0.3136
v -0.1520 0.0225 -0.3176
v -0.1561 0.0099 -0.3174
v -0.1413 0.0101 -0.3085
v -0.1325 0.0102 -0.3065
v -0.1447 0.0102 -0.3119
v -0.1478 0.0101 -0.3105
v -0.1638 0.0097 -0.3136
v -0.1700 0.0097 -0.2963
v -0.1832 0.0101 -0.2861
v -0.1871 0.0096 -0.2893
v -0.1793 0.0099 -0.2846
v -0.1891 0.0128 -0.2866
v -0.1865 0.0160 -0.2850
v -0.1870 0.0207 -0.2829
v -0.1821 0.0176 -0.2813
v -0.1717 0.0100 -0.2800
v -0.1722 0.0100 -0.2836
v -0.1662 0.0127 -0.2752
v -0.1689 0.0114 -0.2776
v -0.1688 0.0164 -0.2759
v -0.1461 0.0096 -0.2701
v -0.1274 0.0100 -0.2804
v -0.1598 0.0098 -0.2747
v -0.1438 0.0097 -0.2676
v -0.1522 0.0156 -0.2702
v -0.1454 0.0161 -0.2665
v -0.1356 0.0100 -0.2659
v -0.1375 0.0122 -0.2634
v -0.1359 0.0159 -0.2621
v -0.1277 0.0097 -0.2613
v -0.1349 0.0239 -0.2520
v -0.1283 0.0203 -0.2575
v -0.1346 0.0215 -0.2580
v -0.1172 0.0231 -0.2466
v -0.1227 0.0211 -0.2533
v -0.1292 0.0241 -0.2459
v -0.1409 0.0242 -0.2517
v -0.1864 0.0243 -0.2003
v -0.1638 0.0243 -0.2585
v -0.2096 0.0244 -0.2122
v -0.2104 0.0243 -0.1759
v -0.2208 0.0243 -0.1602
v -0.3048 0.0246 -0.1991
v -0.2634 0.0245 -0.2334
v -0.2884 0.0245 -0.2225
v -0.2757 0.0244 -0.1852
v -0.2911 0.0243 -0.1702
v -0.2522 0.0244 -0.0776
v -0.2786 0.0244 -0.0726
v -0.3299 0.0243 -0.0796
v -0.3576 0.0244 -0.0617
v -0.3679 0.0236 -0.0595
v -0.3693 0.0244 -0.0531
v -0.3655 0.0242 -0.0304
v -0.3757 0.0237 -0.0365
v -0.3812 0.0240 -0.0297
v -0.3754 0.0241 -0.0121
v -0.3863 0.0246 0.0222
v -0.3987 0.0246 0.0230
v -0.3992 0.0231 -0.0007
v -0.4048 0.0229 0.0232
v -0.4087 0.0138 0.0333
v -0.4049 0.0211 0.0296
v -0.4110 0.0178 0.0297
v -0.4169 0.0153 0.0295
v -0.4166 0.0187 0.0241
v -0.4206 0.0122 0.0291
v -0.4251 0.0042 0.0330
v -0.4253 0.0075 0.0291
v -0.4303 0.0054 0.0299
v -0.4490 0.0033 0.0270
v -0.4366 0.0042 0.0304
v -0.4442 0.0044 0.0254
v -0.4305 0.0011 0.0780
v -0.4314 0.0017 0.0560
v -0.4529 0.0010 0.0609
v -0.4496 0.0021 0.0798
v -0.4449 0.0006 0.0756
v -0.4616 0.0020 0.0742
v -0.4472 0.0028 0.0822
v -0.4433 0.0076 0.0848
v -0.4379 0.0019 0.0858
v -0.4321 0.0021 0.0896
v -0.4328 0.0012 0.0866
v -0.4352 0.0025 0.0884
v -0.4355 0.0013 0.0828
v -0.4417 0.0011 0.0808
v -0.4253 0.0048 0.0941
v -0.4282 0.0047 0.0929
v -0.4262 0.0230 0.0947
v -0.4083 0.0020 0.0973
v -0.4185 0.0011 0.0927
v -0.4147 0.0020 0.0975
v -0.3910 0.0045 0.0774
v -0.3932 0.0040 0.0674
v -0.3947 0.0024 0.0871
v -0.4141 0.0028 0.0526
v -0.4139 0.0044 0.0427
v -0.4270 0.0032 0.0411
v -0.4081 0.0088 0.0371
v -0.4135 0.0080 0.0342
v -0.4033 0.0121 0.0368
v -0.4033 0.0171 0.0343
v -0.3989 0.0161 0.0373
v -0.3937 0.0216 0.0367
v -0.3997 0.0205 0.0348
v -0.3926 0.0248 0.0289
v -0.3939 0.0243 0.0255
v -0.3874 0.0212 0.0411
v -0.3806 0.0247 0.0350
v -0.3868 0.0241 0.0354
v -0.3875 0.0154 0.0446
v -0.3814 0.0223 0.0419
v -0.3872 0.0116 0.0463
v -0.3935 0.0106 0.0427
v -0.3917 0.0073 0.0446
v -0.3877 0.0069 0.0479
v -0.3821 0.0152 0.0489
v -0.3802 0.0206 0.0464
v -0.4157 0.0121 0.0313
v -0.3964 0.0028 0.0964
v -0.3923 0.0043 0.0867
v -0.3936 0.0096 0.0965
v -0.3909 0.0077 0.0939
v -0.3954 0.0058 0.0970
v -0.3964 0.0131 0.0991
v -0.4004 0.0402 0.1019
v -0.3935 0.0315 0.0975
v -0.3864 0.0432 0.0953
v -0.3795 0.0526 0.0973
v -0.3793 0.0711 0.0971
v -0.3794 0.0841 0.0977
v -0.3734 0.0789 0.0995
v -0.3671 0.0834 0.1016
v -0.3717 0.0936 0.0992
v -0.3623 0.0915 0.1031
v -0.3447 0.0937 0.1109
v -0.3519 0.0892 0.1077
v -0.3501 0.0950 0.1070
v -0.3101 0.0967 0.1240
v -0.3271 0.1028 0.1100
v -0.3146 0.1036 0.1154
v -0.3040 0.1019 0.1217
v -0.2979 0.1038 0.1221
v -0.2937 0.1028 0.1258
v -0.2793 0.1021 0.1329
v -0.2862 0.1034 0.1276
v -0.2815 0.1048 0.1284
v -0.2625 0.0991 0.1441
v -0.2685 0.1037 0.1344
v -0.2630 0.1037 0.1378
v -0.2618 0.1084 0.1354
v -0.2638 0.1132 0.1348
v -0.2567 0.1090 0.1383
v -0.2510 0.1035 0.1435
v -0.2456 0.1027 0.1459
v -0.2366 0.1038 0.1494
v -0.2212 0.1085 0.1533
v -0.2247 0.1051 0.1528
v -0.2278 0.1094 0.1508
v -0.2165 0.1030 0.1580
v -0.2068 0.1044 0.1582
v -0.1984 0.1034 0.1649
v -0.1911 0.1029 0.1713
v -0.1871 0.1030 0.1711
v -0.1845 0.1029 0.1748
v -0.1800 0.1031 0.1785
v -0.1582 0.1029 0.1813
v -0.1640 0.1081 0.1778
v -0.1578 0.1081 0.1788
v -0.1484 0.1127 0.1809
v -0.1480 0.1046 0.1819
v -0.1514 0.1101 0.1808
v -0.1402 0.1036 0.1860
v -0.1392 0.1100 0.1852
v -0.1357 0.1055 0.1866
v -0.1223 0.1103 0.1915
v -0.1191 0.1025 0.1935
v -0.1230 0.1154 0.1979
v -0.1103 0.1106 0.1975
v -0.1071 0.1046 0.1988
v -0.1051 0.1107 0.2016
v -0.1086 0.1126 0.2007
v -0.1117 0.1146 0.2052
v -0.0995 0.1129 0.2102
v -0.1010 0.1145 0.2077
v -0.1061 0.1150 0.2097
v -0.1115 0.1106 0.2222
v -0.1055 0.1122 0.2166
v -0.1118 0.1114 0.2171
v -0.1239 0.1143 0.2250
v -0.1170 0.1112 0.2218
v -0.1225 0.1124 0.2214
v -0.1150 0.1189 0.2345
v -0.1109 0.1136 0.2309
v -0.1195 0.1147 0.2286
v -0.1112 0.1115 0.2269
v -0.1032 0.1108 0.2226
v -0.0914 0.1136 0.2333
v -0.0911 0.1160 0.2389
v -0.0810 0.1149 0.2366
v -0.0779 0.1146 0.2274
v -0.0768 0.1151 0.2225
v -0.0917 0.1119 0.2279
v -0.0881 0.1123 0.2206
v -0.0884 0.1131 0.2159
v -0.0943 0.1120 0.2220
v -0.0943 0.1132 0.2173
v -0.0935 0.1109 0.2102
v -0.1006 0.1123 0.2178
v -0.0836 0.1134 0.2212
v -0.0812 0.1149 0.2194
v -0.0824 0.1111 0.2153
v -0.0726 0.1136 0.2163
v -0.0765 0.1144 0.2176
v -0.0641 0.1165 0.2219
v -0.0576 0.1092 0.2208
v -0.0522 0.1089 0.2228
v -0.0521 0.1158 0.2243
v -0.0465 0.1108 0.2258
v -0.0401 0.1157 0.2295
v -0.0345 0.1103 0.2318
v -0.0224 0.1037 0.2382
v -0.0260 0.1071 0.2359
v -0.0183 0.1044 0.2389
v -0.0301 0.1168 0.2337
v -0.0287 0.1214 0.2341
v -0.0196 0.1217 0.2384
v -0.0109 0.1306 0.2428
v -0.0111 0.1386 0.2435
v -0.0075 0.1384 0.2451
v -0.0051 0.1502 0.2467
v -0.0127 0.1573 0.2488
v -0.0054 0.1617 0.2473
v -0.0125 0.1722 0.2462
v -0.0166 0.1784 0.2444
v -0.0138 0.1633 0.2485
v -0.0188 0.1688 0.2480
v -0.0120 0.1671 0.2472
v -0.0194 0.1561 0.2520
v -0.0129 0.1505 0.2473
v -0.0309 0.1481 0.2569
v -0.0365 0.1502 0.2592
v -0.0282 0.1534 0.2567
v -0.0366 0.1443 0.2576
v -0.0346 0.1385 0.2516
v -0.0421 0.1418 0.2578
v -0.0417 0.1500 0.2600
v -0.0414 0.1552 0.2596
v -0.0363 0.1554 0.2590
v -0.0434 0.1628 0.2569
v -0.0376 0.1635 0.2568
v -0.0262 0.1694 0.2519
v -0.0247 0.1709 0.2492
v -0.0248 0.1665 0.2527
v -0.0302 0.1733 0.2491
v -0.0269 0.1744 0.2465
v -0.0349 0.1791 0.2383
v -0.0329 0.1825 0.2369
v -0.0299 0.1796 0.2398
v -0.0230 0.1842 0.2402
v -0.0150 0.1876 0.2434
v -0.0265 0.1927 0.2379
v -0.0397 0.1894 0.2317
v -0.0312 0.2122 0.2348
v -0.0339 0.2329 0.2330
v -0.0403 0.2404 0.2301
v -0.0350 0.2436 0.2323
v -0.0275 0.2472 0.2366
v -0.0351 0.2559 0.2345
v -0.0285 0.2556 0.2365
v -0.0009 0.2731 0.2482
v 0.0135 0.2808 0.2533
v 0.0445 0.2592 0.2660
v 0.0354 0.2942 0.2604
v 0.0457 0.2824 0.2650
v 0.0615 0.2735 0.2721
v 0.0534 0.3021 0.2666
v 0.0677 0.2936 0.2733
v 0.0870 0.2900 0.2819
v 0.0887 0.3019 0.2818
v 0.0949 0.3016 0.2847
v 0.0999 0.3015 0.2870
v 0.0992 0.3091 0.2904
v 0.1098 0.3017 0.2914
v 0.1209 0.3144 0.3091
v 0.1291 0.3089 0.3034
v 0.1234 0.3102 0.3024
v 0.1323 0.3144 0.3167
v 0.1408 0.3087 0.3090
v 0.1350 0.3099 0.3076
v 0.1464 0.3020 0.3083
v 0.1528 0.3021 0.3112
v 0.1578 0.3127 0.3227
v 0.1620 0.3056 0.3152
v 0.1585 0.3073 0.3151
v 0.1746 0.3019 0.3204
v 0.1704 0.3020 0.3187
v 0.1700 0.3080 0.3207
v 0.1874 0.3021 0.3259
v 0.1873 0.3106 0.3314
v 0.1940 0.3022 0.3288
v 0.2023 0.2962 0.3330
v 0.2022 0.3024 0.3335
v 0.2107 0.2960 0.3406
v 0.2094 0.3066 0.3414
v 0.2102 0.3024 0.3408
v 0.2001 0.3146 0.3499
v 0.2007 0.3136 0.3443
v 0.1973 0.3144 0.3442
v 0.1960 0.3207 0.3545
v 0.1939 0.3171 0.3492
v 0.1935 0.3226 0.3512
v 0.1995 0.3236 0.3576
v 0.1967 0.3289 0.3543
v 0.2040 0.3309 0.3619
v 0.2082 0.3405 0.3631
v 0.2050 0.3367 0.3613
v 0.2067 0.3445 0.3592
v 0.2249 0.3449 0.3695
v 0.2480 0.3319 0.3817
v 0.2554 0.3340 0.3854
v 0.2506 0.3440 0.3796
v 0.2643 0.3420 0.3858
v 0.2705 0.3308 0.3903
v 0.2759 0.3396 0.3911
v 0.2845 0.3336 0.3957
v 0.3013 0.3230 0.4029
v 0.3009 0.3321 0.4028
v 0.3057 0.3226 0.4031
v 0.3096 0.3252 0.3987
v 0.3156 0.3251 0.3883
v 0.3101 0.3220 0.3968
v 0.3158 0.3318 0.3845
v 0.3219 0.3366 0.3671
v 0.3205 0.3275 0.3751
v 0.2895 0.3404 0.3976
v 0.2950 0.3442 0.3975
v 0.2888 0.3518 0.3941
v 0.2854 0.3548 0.3917
v 0.2852 0.3599 0.3921
v 0.2967 0.3609 0.3948
v 0.3013 0.3570 0.3936
v 0.3023 0.3679 0.3934
v 0.2876 0.3821 0.3928
v 0.2858 0.3906 0.3915
v 0.2916 0.3845 0.3937
v 0.2741 0.4201 0.3861
v 0.2624 0.4242 0.3820
v 0.2742 0.4273 0.3853
v 0.2968 0.4284 0.3915
v 0.2975 0.4358 0.3863
v 0.3050 0.4362 0.3815
v 0.3023 0.4383 0.3771
v 0.2977 0.4415 0.3732
v 0.2980 0.4486 0.3677
v 0.2936 0.4516 0.3635
v 0.2983 0.4512 0.3650
v 0.2987 0.4619 0.3576
v 0.2789 0.4677 0.3438
v 0.3039 0.4672 0.3551
v 0.3082 0.4694 0.3523
v 0.3088 0.4749 0.3487
v 0.3098 0.4722 0.3506
v 0.3078 0.4781 0.3456
v 0.2970 0.4830 0.3344
v 0.3092 0.4809 0.3417
v 0.3167 0.4830 0.3361
v 0.3183 0.4881 0.3311
v 0.3214 0.4875 0.3278
v 0.3284 0.4994 0.3137
v 0.3313 0.5007 0.3069
v 0.3268 0.4939 0.3179
v 0.3376 0.5091 0.2922
v 0.3394 0.5112 0.2888
v 0.3516 0.5196 0.2587
v 0.3567 0.5230 0.2463
v 0.3831 0.5229 0.1871
v 0.4035 0.5061 0.1427
v 0.3823 0.5081 0.1909
v 0.3910 0.4929 0.1710
v 0.3868 0.4923 0.1785
v 0.3910 0.4892 0.1669
v 0.3949 0.4902 0.1583
v 0.3933 0.4874 0.1561
v 0.4062 0.4892 0.1329
v 0.4133 0.4891 0.1181
v 0.4218 0.4970 0.1002
v 0.4106 0.4950 0.1254
v 0.4432 0.5103 0.0502
v 0.4406 0.5122 0.0481
v 0.4448 0.5094 0.0459
v 0.4458 0.5048 0.0445
v 0.4503 0.5034 0.0342
v 0.4501 0.4981 0.0355
v 0.4489 0.5023 0.0254
v 0.4479 0.4977 0.0156
v 0.4542 0.4977 0.0183
v 0.4585 0.4928 0.0124
v 0.4624 0.4863 0.0057
v 0.4627 0.4838 -0.0018
v 0.4638 0.4825 0.0049
v 0.4663 0.4771 -0.0009
v 0.4682 0.4734 -0.0109
v 0.4696 0.4702 -0.0117
v 0.4726 0.4519 -0.0136
v 0.4717 0.4605 -0.0138
v 0.4727 0.4616 -0.0168
v 0.4751 0.4523 -0.0282
v 0.4750 0.4499 -0.0312
v 0.4774 0.4416 -0.0380
v 0.4829 0.4402 -0.0349
v 0.4608 0.4418 -0.0451
v 0.4489 0.4417 -0.0512
v 0.4720 0.4395 -0.0452
v 0.4630 0.4361 -0.0596
v 0.4693 0.4323 -0.0595
v 0.4725 0.4337 -0.0554
v 0.4465 0.4350 -0.0672
v 0.4562 0.4323 -0.0656
v 0.4318 0.4378 -0.0685
v 0.4328 0.4344 -0.0744
v 0.4316 0.4304 -0.0774
v 0.3977 0.4388 -0.0816
v 0.3971 0.4352 -0.0894
v 0.4083 0.4383 -0.0809
v 0.4126 0.4424 -0.0652
v 0.4083 0.4438 -0.0667
v 0.4119 0.4410 -0.0703
v 0.4391 0.4425 -0.0530
v 0.4292 0.4436 -0.0578
v 0.4377 0.4413 -0.0567
v 0.4624 0.4475 -0.0390
v 0.4487 0.4446 -0.0476
v 0.4546 0.4424 -0.0468
v 0.4697 0.4468 -0.0362
v 0.4709 0.4529 -0.0303
v 0.4737 0.4584 -0.0225
v 0.4715 0.4581 -0.0251
v 0.4739 0.4560 -0.0261
v 0.4251 0.4695 -0.0356
v 0.3984 0.4659 -0.0518
v 0.4305 0.4600 -0.0424
v 0.4694 0.4610 -0.0246
v 0.4023 0.4417 -0.0707
v 0.4033 0.4472 -0.0654
v 0.3963 0.4412 -0.0754
v 0.3922 0.4353 -0.0893
v 0.3921 0.4376 -0.0867
v 0.3922 0.4414 -0.0759
v 0.3891 0.4383 -0.0809
v 0.3926 0.4391 -0.0811
v 0.3918 0.4457 -0.0708
v 0.3949 0.4438 -0.0720
v 0.3961 0.4500 -0.0661
v 0.3904 0.4618 -0.0599
v 0.3856 0.4643 -0.0591
v 0.3864 0.4580 -0.0631
v 0.3801 0.4557 -0.0570
v 0.3851 0.4495 -0.0656
v 0.3842 0.4550 -0.0623
v 0.3740 0.4598 -0.0471
v 0.3790 0.4653 -0.0544
v 0.3746 0.4658 -0.0471
v 0.3632 0.4522 -0.0484
v 0.3688 0.4589 -0.0452
v 0.3609 0.4575 -0.0451
v 0.3718 0.4430 -0.0523
v 0.3747 0.4534 -0.0502
v 0.3669 0.4460 -0.0508
v 0.3748 0.4415 -0.0546
v 0.3807 0.4422 -0.0583
v 0.3808 0.4353 -0.0635
v 0.3833 0.4424 -0.0630
v 0.3814 0.4342 -0.0704
v 0.3867 0.4419 -0.0697
v 0.3852 0.4423 -0.0669
v 0.3860 0.4363 -0.0759
v 0.3804 0.4324 -0.0861
v 0.3861 0.4365 -0.0810
v 0.3571 0.4548 -0.0482
v 0.3535 0.4397 -0.0591
v 0.3617 0.4460 -0.0524
v 0.3613 0.4617 -0.0423
v 0.3544 0.4696 -0.0378
v 0.3557 0.4711 -0.0348
v 0.3623 0.4713 -0.0348
v 0.3633 0.4761 -0.0323
v 0.3371 0.4746 -0.0416
v 0.3113 0.4781 -0.0522
v 0.3240 0.4691 -0.0529
v 0.3122 0.4622 -0.0635
v 0.2871 0.4487 -0.0837
v 0.3431 0.4561 -0.0534
v 0.3093 0.4408 -0.0783
v 0.3089 0.4349 -0.0822
v 0.2997 0.4309 -0.0887
v 0.2942 0.4325 -0.0914
v 0.2871 0.4307 -0.0948
v 0.2898 0.4334 -0.0923
v 0.2829 0.4363 -0.0932
v 0.2798 0.4302 -0.1007
v 0.2714 0.4315 -0.1008
v 0.2759 0.4303 -0.1050
v 0.2632 0.4303 -0.1067
v 0.2533 0.4303 -0.1189
v 0.2655 0.4302 -0.1157
v 0.2591 0.4311 -0.1068
v 0.2568 0.4309 -0.1108
v 0.2554 0.4363 -0.1045
v 0.2486 0.4338 -0.1107
v 0.2556 0.4328 -0.1083
v 0.2385 0.4305 -0.1185
v 0.2358 0.4308 -0.1209
v 0.2427 0.4308 -0.1177
v 0.2264 0.4335 -0.1218
v 0.2240 0.4309 -0.1237
v 0.2284 0.4303 -0.1248
v 0.2216 0.4309 -0.1277
v 0.2205 0.4331 -0.1251
v 0.2162 0.4302 -0.1299
v 0.2076 0.4308 -0.1356
v 0.2077 0.4327 -0.1318
v 0.2038 0.4303 -0.1363
v 0.2181 0.4304 -0.1350
v 0.1972 0.4305 -0.1470
v 0.2187 0.4299 -0.1555
v 0.2384 0.4302 -0.1262
v 0.2440 0.4296 -0.1445
v 0.2183 0.4278 -0.1584
v 0.2152 0.4231 -0.1598
v 0.2061 0.4275 -0.1638
v 0.1772 0.4275 -0.1758
v 0.1859 0.4248 -0.1719
v 0.1846 0.4280 -0.1714
v 0.1685 0.4258 -0.1794
v 0.1635 0.4275 -0.1817
v 0.1670 0.4210 -0.1808
v 0.1525 0.4287 -0.1868
v 0.1492 0.4275 -0.1930
v 0.1525 0.4245 -0.1875
v 0.1462 0.4303 -0.1991
v 0.1484 0.4272 -0.1989
v 0.1483 0.4278 -0.2045
v 0.1425 0.4306 -0.2076
v 0.1470 0.4258 -0.2122
v 0.1468 0.4202 -0.2164
v 0.1409 0.4257 -0.2164
v 0.1362 0.4192 -0.2197
v 0.1437 0.4087 -0.2203
v 0.1335 0.4064 -0.2230
v 0.1329 0.3940 -0.2281
v 0.1319 0.3993 -0.2271
v 0.1271 0.3947 -0.2312
v 0.1239 0.3926 -0.2322
v 0.1271 0.3909 -0.2321
v 0.1236 0.4013 -0.2403
v 0.1237 0.4014 -0.2475
v 0.1221 0.3997 -0.2502
v 0.1115 0.3946 -0.2540
v 0.1105 0.4065 -0.2390
v 0.1061 0.4024 -0.2440
v 0.1118 0.4037 -0.2440
v 0.1211 0.4032 -0.2354
v 0.1160 0.4045 -0.2406
v 0.1202 0.4026 -0.2426
v 0.1257 0.4126 -0.2249
v 0.1208 0.4069 -0.2281
v 0.1273 0.4064 -0.2250
v 0.1274 0.4217 -0.2223
v 0.1173 0.4156 -0.2285
v 0.1117 0.4086 -0.2353
v 0.1149 0.4131 -0.2311
v 0.1111 0.4160 -0.2324
v 0.1032 0.4164 -0.2348
v 0.1027 0.4104 -0.2376
v 0.1075 0.4109 -0.2364
v 0.0949 0.4220 -0.2348
v 0.0944 0.4157 -0.2371
v 0.0983 0.4274 -0.2305
v 0.1104 0.4285 -0.2256
v 0.1127 0.4262 -0.2287
v 0.1187 0.4269 -0.2241
v 0.1129 0.4317 -0.2160
v 0.1235 0.4310 -0.2185
v 0.1392 0.4321 -0.2045
v 0.1455 0.4302 -0.1920
v 0.1394 0.4323 -0.1993
v 0.1248 0.4309 -0.1880
v 0.1255 0.4318 -0.1976
v 0.1370 0.4312 -0.1921
v 0.1501 0.4305 -0.1602
v 0.1641 0.4308 -0.1705
v 0.1688 0.4305 -0.1571
v 0.1720 0.4363 -0.1441
v 0.1625 0.4338 -0.1499
v 0.1695 0.4309 -0.1509
v 0.1510 0.4326 -0.1555
v 0.1456 0.4303 -0.1602
v 0.1439 0.4382 -0.1534
v 0.1394 0.4345 -0.1573
v 0.1453 0.4339 -0.1561
v 0.1302 0.4302 -0.1661
v 0.1335 0.4331 -0.1621
v 0.1275 0.4340 -0.1633
v 0.1197 0.4302 -0.1724
v 0.1223 0.4301 -0.1754
v 0.1219 0.4331 -0.1687
v 0.1422 0.4440 -0.1511
v 0.1266 0.4410 -0.1592
v 0.1324 0.4381 -0.1577
v 0.1561 0.4386 -0.1486
v 0.1504 0.4362 -0.1512
v 0.1837 0.4411 -0.1356
v 0.1624 0.4438 -0.1431
v 0.2004 0.4467 -0.1250
v 0.1959 0.4356 -0.1343
v 0.2069 0.4366 -0.1288
v 0.0947 0.4592 -0.1632
v 0.1026 0.4389 -0.1710
v 0.1240 0.4479 -0.1568
v 0.1096 0.4362 -0.1691
v 0.1107 0.4327 -0.1732
v 0.1159 0.4351 -0.1686
v 0.1107 0.4304 -0.1775
v 0.0968 0.4301 -0.1923
v 0.0866 0.4326 -0.2173
v 0.1166 0.4322 -0.2079
v 0.1021 0.4323 -0.2070
v 0.0696 0.4337 -0.2282
v 0.0903 0.4322 -0.2232
v 0.0846 0.4311 -0.2302
v 0.0642 0.4335 -0.2283
v 0.0597 0.4318 -0.2326
v 0.0644 0.4329 -0.2333
v 0.0425 0.4302 -0.2130
v 0.0464 0.4303 -0.2224
v 0.0579 0.4299 -0.2053
v 0.0556 0.4320 -0.1948
v 0.0491 0.4333 -0.1976
v 0.0517 0.4301 -0.1998
v 0.0717 0.4307 -0.1912
v 0.0671 0.4323 -0.1904
v 0.0636 0.4303 -0.1947
v 0.0737 0.4348 -0.1852
v 0.0696 0.4403 -0.1837
v 0.0667 0.4361 -0.1866
v 0.0570 0.4468 -0.1860
v 0.0775 0.4459 -0.1776
v 0.0887 0.4416 -0.1753
v 0.0959 0.4351 -0.1767
v 0.1011 0.4306 -0.1775
v 0.1040 0.4340 -0.1741
v 0.0929 0.4302 -0.1829
v 0.0886 0.4302 -0.1881
v 0.0989 0.4305 -0.1821
v 0.0811 0.4300 -0.1887
v 0.0744 0.4303 -0.1960
v 0.0749 0.4304 -0.1885
v 0.0800 0.4331 -0.1844
v 0.0502 0.4382 -0.1938
v 0.0399 0.4412 -0.1965
v 0.0408 0.4348 -0.2002
v 0.0475 0.4305 -0.1999
v 0.0400 0.4300 -0.2059
v 0.0451 0.4305 -0.2043
v 0.0084 0.4304 -0.2266
v -0.0121 0.4301 -0.2311
v 0.0077 0.4303 -0.2362
v 0.0262 0.4305 -0.2333
v 0.0411 0.4293 -0.2311
v 0.0475 0.4204 -0.2337
v 0.0515 0.4246 -0.2334
v 0.0479 0.4257 -0.2331
v 0.0301 0.4290 -0.2362
v 0.0306 0.4268 -0.2402
v 0.0406 0.4269 -0.2346
v 0.0254 0.4032 -0.2462
v 0.0199 0.4114 -0.2466
v 0.0147 0.3949 -0.2505
v 0.0243 0.3897 -0.2502
v 0.0288 0.3939 -0.2486
v 0.0234 0.3949 -0.2486
v 0.0192 0.3886 -0.2505
v 0.0133 0.3803 -0.2518
v 0.0031 0.3783 -0.2559
v 0.0094 0.3767 -0.2537
v 0.0247 0.3754 -0.2498
v 0.0313 0.3820 -0.2520
v 0.0236 0.3805 -0.2522
v -0.0050 0.3676 -0.2581
v 0.0013 0.3753 -0.2573
v -0.0099 0.3730 -0.2606
v -0.0187 0.3788 -0.2640
v -0.0353 0.3842 -0.2710
v -0.0312 0.3748 -0.2699
v -0.0461 0.3516 -0.2748
v -0.0394 0.3534 -0.2721
v -0.0406 0.3586 -0.2738
v -0.0468 0.3439 -0.2765
v -0.0526 0.3495 -0.2788
v -0.0590 0.3415 -0.2822
v -0.0749 0.3467 -0.2882
v -0.1001 0.3492 -0.2982
v -0.0808 0.3328 -0.2928
v -0.0837 0.3230 -0.2949
v -0.1015 0.3199 -0.3032
v -0.0924 0.3183 -0.2987
v -0.0980 0.3182 -0.3002
v -0.1080 0.3178 -0.3054
v -0.1181 0.3170 -0.3087
v -0.1255 0.3203 -0.3130
v -0.1544 0.3243 -0.3256
v -0.1632 0.3288 -0.3294
v -0.1655 0.3220 -0.3305
v -0.1615 0.3180 -0.3284
v -0.1736 0.3181 -0.3345
v -0.1811 0.3207 -0.3389
v -0.1824 0.3173 -0.3382
v -0.1867 0.3182 -0.3417
v -0.1947 0.3174 -0.3446
v -0.2003 0.3142 -0.3391
v -0.2005 0.3140 -0.3446
v -0.1983 0.3170 -0.3492
v -0.2017 0.3130 -0.3489
v -0.2053 0.3080 -0.3528
v -0.2064 0.2937 -0.3523
v -0.2082 0.2697 -0.3530
v -0.2082 0.2821 -0.3535
v -0.2122 0.2762 -0.3556
v -0.2207 0.2887 -0.3596
v -0.2296 0.2995 -0.3636
v -0.2408 0.2762 -0.3681
v -0.2655 0.3028 -0.3788
v -0.2871 0.3011 -0.3879
v -0.2740 0.2836 -0.3824
v -0.2353 0.2372 -0.3657
v -0.2567 0.2139 -0.3749
v -0.2336 0.1999 -0.3651
v -0.2088 0.2171 -0.3539
v -0.2102 0.1295 -0.3562
v -0.2173 0.1595 -0.3584
v -0.2228 0.1362 -0.3609
v -0.2086 0.1095 -0.3541
v -0.2089 0.1185 -0.3539
v -0.2108 0.1130 -0.3565
v -0.2109 0.1070 -0.3573
v -0.2153 0.1072 -0.3596
v -0.2135 0.1017 -0.3608
v -0.2073 0.1036 -0.3558
v -0.2069 0.1000 -0.3587
v -0.2043 0.0983 -0.3588
v -0.2041 0.0989 -0.3452
v -0.2044 0.0994 -0.3504
v -0.2012 0.0954 -0.3442
v -0.1989 0.0835 -0.3400
v -0.1985 0.0941 -0.3410
v -0.2001 0.0839 -0.3458
v -0.1856 0.0439 -0.3329
v -0.1987 0.0608 -0.3396
v -0.1985 0.0399 -0.3395
v -0.1723 0.0181 -0.3266
v -0.1722 0.0096 -0.3241
v -0.1607 0.0116 -0.3199
v -0.1641 0.0101 -0.3192
v -0.1704 0.0095 -0.3215
v -0.1819 0.0092 -0.3271
v -0.2043 0.0093 -0.3053
v -0.1971 0.0091 -0.3075
v -0.2047 0.0084 -0.3145
v -0.2089 0.0114 -0.3063
v -0.2074 0.0157 -0.3021
v -0.2021 0.0095 -0.3011
v -0.2040 0.0216 -0.2945
v -0.2055 0.0199 -0.2990
v -0.2108 0.0246 -0.2930
v -0.2050 0.0248 -0.2871
v -0.1992 0.0199 -0.2933
v -0.1929 0.0234 -0.2821
v -0.1886 0.0176 -0.2871
v -0.1921 0.0203 -0.2876
v -0.2280 0.0246 -0.2636
v -0.2030 0.0245 -0.2684
v -0.2053 0.0251 -0.2808
v -0.2734 0.0243 -0.2693
v -0.2406 0.0246 -0.2806
v -0.2700 0.0242 -0.2797
v -0.2834 0.0242 -0.2361
v -0.2932 0.0245 -0.2284
v -0.2993 0.0246 -0.2168
v -0.3106 0.0213 -0.2114
v -0.3241 0.0196 -0.1851
v -0.3180 0.0223 -0.1874
v -0.3198 0.0206 -0.1904
v -0.3349 0.0187 -0.1688
v -0.3288 0.0181 -0.1790
v -0.3280 0.0180 -0.1876
v -0.3417 0.0199 -0.1409
v -0.3400 0.0193 -0.1526
v -0.3504 0.0192 -0.1293
v -0.3646 0.0185 -0.1096
v -0.3572 0.0181 -0.1235
v -0.3711 0.0186 -0.1107
v -0.3974 0.0195 -0.0687
v -0.4015 0.0207 -0.1009
v -0.3993 0.0190 -0.0414
v -0.4155 0.0200 -0.0353
v -0.4147 0.0197 -0.0055
v -0.4015 0.0194 -0.0170
v -0.4007 0.0189 -0.0247
v -0.4335 0.0196 0.0117
v -0.4333 0.0196 0.0064
v -0.4397 0.0185 0.0122
v -0.4399 0.0112 0.0212
v -0.4402 0.0159 0.0177
v -0.4458 0.0119 0.0174
v -0.4439 0.0059 0.0224
v -0.4401 0.0055 0.0250
v -0.4349 0.0109 0.0242
v -0.4344 0.0165 0.0194
v -0.4370 0.0132 0.0227
v -0.4282 0.0156 0.0235
v -0.4278 0.0184 0.0181
v -0.4329 0.0147 0.0231
v -0.4275 0.0199 0.0114
v -0.4053 0.0208 -0.0045
v -0.3924 0.0221 -0.0169
v -0.3928 0.0202 -0.0281
v -0.3811 0.0224 -0.0383
v -0.3857 0.0195 -0.0394
v -0.3686 0.0221 -0.0692
v -0.3684 0.0205 -0.0798
v -0.3788 0.0198 -0.0613
v -0.3615 0.0208 -0.0911
v -0.3596 0.0203 -0.1020
v -0.3700 0.0182 -0.0947
v -0.3500 0.0201 -0.1208
v -0.3591 0.0192 -0.1104
v -0.3378 0.0208 -0.1379
v -0.3367 0.0206 -0.1487
v -0.3335 0.0220 -0.1527
v -0.3227 0.0231 -0.1642
v -0.3259 0.0211 -0.1718
v -0.3225 0.0243 -0.1583
v -0.3145 0.0241 -0.1655
v -0.3316 0.0235 -0.1298
v -0.3471 0.0203 -0.1281
v -0.3519 0.0239 -0.0970
v -0.3397 0.0238 -0.1157
v -0.3569 0.0216 -0.1043
v -0.3521 0.0241 -0.0891
v -0.3243 0.0241 -0.1130
v -0.4096 0.0211 0.0169
v -0.4162 0.0202 0.0172
v -0.4664 0.0040 0.0158
v -0.4557 0.0068 0.0165
v -0.4698 0.0040 0.0156
v -0.4742 0.0017 0.0238
v -0.4781 0.0024 0.0240
v -0.4809 0.0023 0.0268
v -0.4900 0.0019 0.0532
v -0.4851 0.0009 0.0440
v -0.4861 0.0019 0.0385
v -0.4889 0.0022 0.0614
v -0.4857 0.0009 0.0580
v -0.4903 0.0020 0.0575
v -0.4929 0.0185 0.0579
v -0.4925 0.0374 0.0611
v -0.4897 0.0246 0.0630
v -0.4782 0.0052 0.0693
v -0.4834 0.0022 0.0658
v -0.4805 0.0199 0.0689
v -0.4661 0.0006 0.0637
v -0.4804 0.0010 0.0585
v -0.4624 0.0008 0.0696
v -0.4762 0.0024 0.0702
v -0.4653 0.0062 0.0747
v -0.4588 0.0174 0.0797
v -0.4609 0.0282 0.0813
v -0.4548 0.0277 0.0834
v -0.4375 0.0213 0.0898
v -0.4419 0.0395 0.0892
v -0.4251 0.0505 0.0958
v -0.4127 0.0046 0.0997
v -0.4142 0.0420 0.1004
v -0.4041 0.0243 0.1032
v -0.4036 0.0855 0.1043
v -0.4008 0.0745 0.1028
v -0.4042 0.0648 0.1027
v -0.3996 0.0550 0.1023
v -0.3935 0.0491 0.0975
v -0.3869 0.0909 0.0968
v -0.3867 0.0942 0.0953
v -0.3817 0.0907 0.0967
v -0.3726 0.0956 0.0965
v -0.3795 0.0967 0.0921
v -0.3732 0.0989 0.0931
v -0.3632 0.1009 0.0969
v -0.3489 0.1055 0.1013
v -0.3316 0.1090 0.1056
v -0.3261 0.1086 0.1086
v -0.3211 0.1048 0.1106
v -0.3178 0.1066 0.1107
v -0.3095 0.1046 0.1165
v -0.3040 0.1043 0.1197
v -0.2936 0.1054 0.1227
v -0.2856 0.1085 0.1261
v -0.2645 0.1223 0.1346
v -0.2554 0.1149 0.1383
v -0.2462 0.1311 0.1426
v -0.2418 0.1533 0.1456
v -0.2074 0.1336 0.1593
v -0.2131 0.1217 0.1560
v -0.2250 0.1342 0.1518
v -0.2065 0.1128 0.1572
v -0.2031 0.1076 0.1609
v -0.1993 0.1087 0.1625
v -0.1976 0.1151 0.1619
v -0.1951 0.1043 0.1650
v -0.1926 0.1150 0.1640
v -0.1953 0.1367 0.1649
v -0.1907 0.1068 0.1678
v -0.1872 0.1085 0.1683
v -0.1796 0.1064 0.1737
v -0.1825 0.1077 0.1696
v -0.1789 0.1151 0.1695
v -0.1746 0.1151 0.1713
v -0.1809 0.1333 0.1700
v -0.1722 0.1196 0.1730
v -0.1633 0.1155 0.1757
v -0.1525 0.1156 0.1800
v -0.1544 0.1238 0.1813
v -0.1566 0.1216 0.1794
v -0.1569 0.1278 0.1859
v -0.1406 0.1159 0.1858
v -0.1516 0.1218 0.1832
v -0.1452 0.1218 0.1868
v -0.1455 0.1221 0.1981
v -0.1403 0.1210 0.1924
v -0.1458 0.1237 0.1928
v -0.1592 0.1251 0.2045
v -0.1523 0.1241 0.1987
v -0.1601 0.1269 0.1972
v -0.1505 0.1237 0.2144
v -0.1572 0.1248 0.2098
v -0.1607 0.1296 0.2121
v -0.1617 0.1348 0.2153
v -0.1669 0.1425 0.2147
v -0.1494 0.1329 0.2223
v -0.1279 0.1218 0.2299
v -0.1382 0.1278 0.2258
v -0.1260 0.1269 0.2323
v -0.1092 0.1227 0.2388
v -0.1171 0.1261 0.2354
v -0.1086 0.1268 0.2397
v -0.0991 0.1318 0.2426
v -0.0985 0.1271 0.2431
v -0.0795 0.1288 0.2504
v -0.0797 0.1217 0.2457
v -0.0953 0.1259 0.2448
v -0.0715 0.1208 0.2436
v -0.0661 0.1189 0.2276
v -0.0707 0.1162 0.2264
v -0.0591 0.1221 0.2314
v -0.0598 0.1206 0.2264
v -0.0670 0.1216 0.2426
v -0.0652 0.1211 0.2368
v -0.0707 0.1268 0.2505
v -0.0650 0.1298 0.2523
v -0.0656 0.1251 0.2478
v -0.0547 0.1368 0.2548
v -0.0483 0.1351 0.2523
v -0.0575 0.1312 0.2521
v -0.0436 0.1334 0.2486
v -0.0362 0.1344 0.2444
v -0.0418 0.1322 0.2428
v -0.0524 0.1283 0.2431
v -0.0479 0.1277 0.2370
v -0.0556 0.1248 0.2359
v -0.0485 0.1219 0.2278
v -0.0530 0.1227 0.2280
v -0.0508 0.1257 0.2294
v -0.0403 0.1213 0.2300
v -0.0313 0.1237 0.2332
v -0.0348 0.1283 0.2355
v -0.0225 0.1269 0.2374
v -0.0232 0.1324 0.2388
v -0.0192 0.1313 0.2391
v -0.0278 0.1392 0.2470
v -0.0253 0.1391 0.2448
v -0.0240 0.1362 0.2413
v -0.0141 0.1355 0.2426
v -0.0184 0.1401 0.2436
v -0.0205 0.1463 0.2485
v -0.0119 0.1433 0.2448
v -0.0173 0.1440 0.2452
v -0.0299 0.1328 0.2387
v -0.0364 0.1330 0.2400
v -0.0532 0.1413 0.2571
v -0.0527 0.1443 0.2583
v -0.0471 0.1449 0.2594
v -0.0468 0.1498 0.2598
v -0.0466 0.1549 0.2590
v -0.0538 0.1621 0.2518
v -0.0522 0.1656 0.2468
v -0.0441 0.1685 0.2524
v -0.0356 0.1700 0.2527
v -0.0408 0.1720 0.2493
v -0.0425 0.1731 0.2467
v -0.0405 0.1743 0.2435
v -0.0399 0.1768 0.2384
v -0.0445 0.1781 0.2324
v -0.0397 0.1800 0.2334
v -0.0433 0.1823 0.2308
v -0.0403 0.1837 0.2321
v -0.0522 0.1723 0.2276
v -0.0546 0.1792 0.2249
v -0.0509 0.1787 0.2261
v -0.0468 0.2380 0.2266
v -0.0518 0.1963 0.2255
v -0.0503 0.2313 0.2254
v -0.0530 0.2477 0.2301
v -0.0478 0.2425 0.2270
v -0.0521 0.2439 0.2267
v -0.0400 0.2439 0.2300
v -0.0474 0.2566 0.2384
v -0.0418 0.2546 0.2337
v -0.0459 0.2549 0.2345
v -0.0554 0.2399 0.2460
v -0.0511 0.2500 0.2466
v -0.0541 0.2459 0.2443
v -0.0588 0.2307 0.2452
v -0.0581 0.2375 0.2443
v -0.0619 0.2364 0.2423
v -0.0582 0.2244 0.2568
v -0.0588 0.2248 0.2495
v -0.0613 0.2215 0.2525
v -0.0641 0.2246 0.2655
v -0.0571 0.2279 0.2616
v -0.0651 0.2202 0.2628
v -0.0700 0.2240 0.2692
v -0.0727 0.2161 0.2640
v -0.0823 0.2160 0.2660
v -0.0854 0.2221 0.2677
v -0.0902 0.2202 0.2649
v -0.0840 0.2261 0.2686
v -0.0718 0.2286 0.2708
v -0.0757 0.2322 0.2718
v -0.0707 0.2326 0.2724
v -0.0619 0.2456 0.2742
v -0.0608 0.2335 0.2701
v -0.0657 0.2329 0.2719
v -0.0576 0.2296 0.2649
v -0.0532 0.2362 0.2642
v -0.0505 0.2417 0.2621
v -0.0491 0.2444 0.2572
v -0.0507 0.2388 0.2572
v -0.0519 0.2395 0.2530
v -0.0541 0.2330 0.2519
v -0.0482 0.2598 0.2496
v -0.0484 0.2564 0.2451
v -0.0491 0.2511 0.2510
v -0.0469 0.2599 0.2400
v -0.0426 0.2619 0.2385
v -0.0356 0.2620 0.2367
v -0.0359 0.2666 0.2384
v -0.0289 0.2616 0.2374
v -0.0127 0.2787 0.2442
v -0.0224 0.2719 0.2408
v -0.0216 0.2853 0.2422
v -0.0015 0.2903 0.2484
v 0.0096 0.2975 0.2520
v 0.0121 0.3026 0.2527
v 0.0172 0.3023 0.2548
v 0.0303 0.3023 0.2587
v 0.0289 0.3081 0.2604
v 0.0411 0.3022 0.2617
v 0.0469 0.3088 0.2674
v 0.0531 0.3074 0.2681
v 0.0573 0.3019 0.2680
v 0.0588 0.3084 0.2723
v 0.0697 0.3019 0.2735
v 0.0705 0.3089 0.2783
v 0.0690 0.3063 0.2741
v 0.0643 0.3115 0.2795
v 0.0664 0.3140 0.2880
v 0.0758 0.3123 0.2854
v 0.0656 0.3130 0.2843
v 0.0670 0.3177 0.2925
v 0.0622 0.3224 0.2917
v 0.0536 0.3258 0.2878
v 0.0494 0.3323 0.2854
v 0.0621 0.3283 0.2919
v 0.0787 0.3204 0.2983
v 0.0844 0.3233 0.3006
v 0.1057 0.3167 0.3078
v 0.1022 0.3248 0.3078
v 0.1176 0.3207 0.3140
v 0.1319 0.3260 0.3198
v 0.1277 0.3199 0.3181
v 0.1271 0.3142 0.3124
v 0.1285 0.3134 0.3093
v 0.1081 0.3178 0.3098
v 0.1141 0.3154 0.3088
v 0.1041 0.3149 0.3021
v 0.1059 0.3134 0.2988
v 0.0985 0.3141 0.2984
v 0.0918 0.3182 0.3035
v 0.0860 0.3153 0.2975
v 0.0695 0.3210 0.2940
v 0.0770 0.3161 0.2954
v 0.0874 0.3133 0.2917
v 0.0880 0.3089 0.2851
v 0.0745 0.3143 0.2925
v 0.0824 0.3020 0.2790
v 0.0763 0.3084 0.2795
v 0.0813 0.3069 0.2800
v 0.0913 0.3132 0.2949
v 0.0933 0.3124 0.2915
v 0.1094 0.3069 0.2921
v 0.1057 0.3086 0.2920
v 0.1216 0.3018 0.2971
v 0.1111 0.3097 0.2954
v 0.1173 0.3092 0.2974
v 0.1204 0.3140 0.3038
v 0.1199 0.3135 0.3003
v 0.1469 0.3158 0.3249
v 0.1479 0.3128 0.3195
v 0.1445 0.3144 0.3224
v 0.1493 0.3170 0.3273
v 0.1520 0.3152 0.3262
v 0.1694 0.3129 0.3266
v 0.1636 0.3138 0.3253
v 0.1656 0.3174 0.3340
v 0.1701 0.3142 0.3299
v 0.1641 0.3165 0.3311
v 0.1778 0.3178 0.3396
v 0.1757 0.3167 0.3373
v 0.1726 0.3206 0.3373
v 0.1824 0.3214 0.3424
v 0.1875 0.3168 0.3435
v 0.1930 0.3158 0.3441
v 0.1966 0.3146 0.3406
v 0.1925 0.3144 0.3399
v 0.1930 0.3135 0.3367
v 0.1981 0.3075 0.3327
v 0.1935 0.3090 0.3320
v 0.1897 0.3177 0.3469
v 0.1935 0.3347 0.3500
v 0.1868 0.3342 0.3445
v 0.1906 0.3397 0.3460
v 0.1978 0.3420 0.3514
v 0.1922 0.3441 0.3448
v 0.1961 0.3466 0.3480
v 0.2134 0.3499 0.3636
v 0.2079 0.3521 0.3586
v 0.2279 0.3569 0.3700
v 0.2517 0.3548 0.3801
v 0.2415 0.3572 0.3761
v 0.2524 0.3638 0.3819
v 0.2598 0.3567 0.3832
v 0.2623 0.3603 0.3849
v 0.2648 0.3496 0.3842
v 0.2717 0.3481 0.3862
v 0.2817 0.3468 0.3917
v 0.2798 0.3594 0.3906
v 0.2787 0.3650 0.3920
v 0.2884 0.3691 0.3975
v 0.2866 0.3662 0.3964
v 0.2863 0.3713 0.3961
v 0.2896 0.3721 0.3957
v 0.2904 0.3783 0.3942
v 0.2947 0.3770 0.3945
v 0.2850 0.3837 0.3914
v 0.2810 0.3718 0.3946
v 0.2699 0.3795 0.3897
v 0.2822 0.3772 0.3929
v 0.2553 0.3745 0.3855
v 0.2554 0.3810 0.3856
v 0.2616 0.3756 0.3875
v 0.2491 0.3716 0.3810
v 0.2470 0.3786 0.3798
v 0.2497 0.3835 0.3805
v 0.2443 0.3887 0.3760
v 0.2519 0.3894 0.3800
v 0.2608 0.3912 0.3834
v 0.2520 0.3954 0.3789
v 0.2566 0.4014 0.3806
v 0.2549 0.4184 0.3799
v 0.2509 0.4126 0.3785
v 0.2429 0.4279 0.3741
v 0.2632 0.4301 0.3803
v 0.2727 0.4310 0.3838
v 0.2777 0.4326 0.3859
v 0.2865 0.4357 0.3856
v 0.2867 0.4400 0.3733
v 0.2878 0.4429 0.3681
v 0.2924 0.4411 0.3734
v 0.2811 0.4412 0.3673
v 0.2770 0.4438 0.3634
v 0.2807 0.4386 0.3731
v 0.2544 0.4378 0.3667
v 0.2454 0.4396 0.3584
v 0.2696 0.4418 0.3618
v 0.2609 0.4429 0.3564
v 0.2539 0.4457 0.3522
v 0.2662 0.4457 0.3571
v 0.2403 0.4490 0.3436
v 0.2148 0.4611 0.3224
v 0.2562 0.4598 0.3412
v 0.2255 0.4419 0.3444
v 0.2225 0.4475 0.3369
v 0.2288 0.4420 0.3443
v 0.2106 0.4504 0.3241
v 0.2125 0.4552 0.3206
v 0.2135 0.4539 0.3253
v 0.2173 0.4651 0.3196
v 0.3026 0.4719 0.3508
v 0.2839 0.4732 0.3406
v 0.2813 0.4782 0.3339
v 0.2965 0.4915 0.3228
v 0.3121 0.4840 0.3396
v 0.3103 0.4893 0.3308
v 0.3141 0.4938 0.3249
v 0.3152 0.4910 0.3304
v 0.3202 0.4931 0.3263
v 0.3212 0.5010 0.3168
v 0.3256 0.5025 0.3137
v 0.3245 0.4979 0.3178
v 0.3284 0.5027 0.3117
v 0.3263 0.5054 0.3072
v 0.3295 0.5068 0.3053
v 0.3317 0.5077 0.3014
v 0.3349 0.5095 0.2957
v 0.3350 0.5049 0.2987
v 0.3425 0.5165 0.2787
v 0.3380 0.5168 0.2807
v 0.3414 0.5187 0.2769
v 0.3459 0.5197 0.2710
v 0.3439 0.5246 0.2619
v 0.3489 0.5226 0.2620
v 0.3519 0.5230 0.2552
v 0.3539 0.5264 0.2492
v 0.3554 0.5310 0.2386
v 0.3560 0.5335 0.2299
v 0.3583 0.5309 0.2365
v 0.3627 0.5286 0.2304
v 0.3676 0.5339 0.2159
v 0.3685 0.5305 0.2177
v 0.3784 0.5343 0.1939
v 0.3806 0.5384 0.1874
v 0.3817 0.5324 0.1871
v 0.3897 0.5340 0.1689
v 0.3942 0.5356 0.1581
v 0.3969 0.5291 0.1538
v 0.3977 0.5356 0.1502
v 0.4012 0.5379 0.1392
v 0.4015 0.5350 0.1425
v 0.4086 0.5244 0.1275
v 0.4151 0.5295 0.1099
v 0.4188 0.5234 0.1035
v 0.4201 0.5262 0.1005
v 0.4225 0.5276 0.0926
v 0.4236 0.5251 0.0913
v 0.4324 0.5208 0.0728
v 0.4346 0.5176 0.0687
v 0.4298 0.5189 0.0788
v 0.4364 0.5172 0.0582
v 0.4369 0.5159 0.0533
v 0.4390 0.5151 0.0576
v 0.4403 0.5143 0.0525
v 0.4423 0.5106 0.0422
v 0.4418 0.5081 0.0359
v 0.4461 0.5085 0.0409
v 0.4050 0.5161 0.0393
v 0.4309 0.5162 0.0514
v 0.4305 0.5225 0.0706
v 0.4309 0.5208 0.0658
v 0.4334 0.5206 0.0694
v 0.4346 0.5198 0.0643
v 0.4198 0.5291 0.0879
v 0.4245 0.5270 0.0868
v 0.4078 0.5333 0.1046
v 0.4185 0.5303 0.0936
v 0.4145 0.5319 0.1033
v 0.4115 0.5335 0.1161
v 0.4060 0.5356 0.1161
v 0.4083 0.5350 0.1110
v 0.4176 0.5309 0.0991
v 0.4032 0.5350 0.1380
v 0.4074 0.5347 0.1241
v 0.4079 0.5316 0.1266
v 0.3881 0.5375 0.1187
v 0.3403 0.5374 0.0916
v 0.3948 0.5356 0.1096
v 0.3397 0.5411 0.1346
v 0.3069 0.5414 0.1138
v 0.3419 0.5403 0.1166
v 0.3890 0.5392 0.1678
v 0.3869 0.5410 0.1634
v 0.3916 0.5385 0.1637
v 0.3829 0.5400 0.1756
v 0.3827 0.5412 0.1727
v 0.3858 0.5409 0.1690
v 0.3467 0.5404 0.1800
v 0.3589 0.5408 0.1714
v 0.3680 0.5400 0.1866
v 0.3748 0.5375 0.2013
v 0.3730 0.5392 0.1978
v 0.3778 0.5387 0.1916
v 0.3622 0.5353 0.2204
v 0.3731 0.5357 0.2053
v 0.3591 0.5332 0.2264
v 0.3596 0.5308 0.2320
v 0.3679 0.5397 0.1981
v 0.3248 0.5400 0.1802
v 0.2980 0.5413 0.1556
v 0.2898 0.5414 0.1480
v 0.2941 0.5419 0.1406
v 0.3025 0.5413 0.1207
v 0.3059 0.5386 0.1067
v 0.3116 0.5394 0.1030
v 0.3105 0.5378 0.0960
v 0.3157 0.5391 0.0940
v 0.3251 0.5360 0.0792
v 0.3306 0.5323 0.0652
v 0.3402 0.5336 0.0717
v 0.3501 0.5290 0.0570
v 0.3442 0.5238 0.0358
v 0.3445 0.5220 0.0303
v 0.3699 0.5204 0.0363
v 0.3676 0.5159 0.0219
v 0.3562 0.5118 0.0053
v 0.3549 0.5075 -0.0013
v 0.3639 0.5078 -0.0006
v 0.4196 0.5092 0.0272
v 0.3785 0.4988 -0.0156
v 0.4305 0.4998 0.0116
v 0.4237 0.4875 -0.0135
v 0.3912 0.4842 -0.0336
v 0.4085 0.4807 -0.0303
v 0.4540 0.4828 -0.0065
v 0.4640 0.4786 -0.0083
v 0.4584 0.4904 0.0070
v 0.4498 0.4911 0.0046
v 0.4597 0.4869 0.0018
v 0.3817 0.4683 -0.0545
v 0.3822 0.4723 -0.0533
v 0.3804 0.4748 -0.0506
v 0.3831 0.4589 -0.0608
v 0.3688 0.4770 -0.0352
v 0.3731 0.4709 -0.0440
v 0.3731 0.4799 -0.0402
v 0.3654 0.4883 -0.0276
v 0.3674 0.4832 -0.0324
v 0.3675 0.4907 -0.0301
v 0.3627 0.4888 -0.0239
v 0.3642 0.4968 -0.0211
v 0.3592 0.4944 -0.0167
v 0.3559 0.4967 -0.0113
v 0.3585 0.5031 -0.0097
v 0.3471 0.4884 -0.0177
v 0.3489 0.4846 -0.0219
v 0.3550 0.4907 -0.0132
v 0.3505 0.4827 -0.0237
v 0.3493 0.4806 -0.0278
v 0.3567 0.4835 -0.0237
v 0.3619 0.4851 -0.0245
v 0.3627 0.4825 -0.0275
v 0.3293 0.4798 -0.0405
v 0.3459 0.4773 -0.0341
v 0.3001 0.4838 -0.0540
v 0.2851 0.4821 -0.0620
v 0.2571 0.4835 -0.0739
v 0.2754 0.4763 -0.0719
v 0.2395 0.4714 -0.0917
v 0.2089 0.4651 -0.1100
v 0.2288 0.4575 -0.1055
v 0.2731 0.4395 -0.0952
v 0.2623 0.4411 -0.0992
v 0.2658 0.4374 -0.0990
v 0.2447 0.4394 -0.1086
v 0.2434 0.4321 -0.1147
v 0.2230 0.4403 -0.1187
v 0.2330 0.4350 -0.1170
v 0.2027 0.4332 -0.1332
v 0.1992 0.4307 -0.1391
v 0.1958 0.4320 -0.1378
v 0.1921 0.4302 -0.1417
v 0.1806 0.4301 -0.1483
v 0.1880 0.4306 -0.1445
v 0.1757 0.4304 -0.1477
v 0.1787 0.4309 -0.1683
v 0.1965 0.4304 -0.1631
v 0.1975 0.4306 -0.1576
v 0.1797 0.4305 -0.1716
v 0.1903 0.4292 -0.1679
v 0.1670 0.4305 -0.1761
v 0.1558 0.4302 -0.1816
v 0.1586 0.4278 -0.1835
v 0.1338 0.4737 -0.1369
v 0.1037 0.4684 -0.1535
v 0.1427 0.4670 -0.1377
v 0.0934 0.4765 -0.1520
v 0.0692 0.4821 -0.1576
v 0.0552 0.4759 -0.1684
v 0.0297 0.4784 -0.1773
v -0.0122 0.4750 -0.1986
v 0.0309 0.4700 -0.1833
v -0.0112 0.4671 -0.2038
v -0.0405 0.4592 -0.2223
v -0.0238 0.4544 -0.2178
v 0.0140 0.4370 -0.2102
v 0.0026 0.4376 -0.2158
v 0.0094 0.4340 -0.2156
v 0.0222 0.4306 -0.2137
v 0.0289 0.4310 -0.2097
v 0.0209 0.4351 -0.2095
v 0.0337 0.4331 -0.2045
v 0.0317 0.4311 -0.2066
v 0.0358 0.4304 -0.2058
v 0.0167 0.4308 -0.2184
v 0.0267 0.4303 -0.2188
v 0.0280 0.4304 -0.2126
v -0.0010 0.4302 -0.2246
v 0.0075 0.4308 -0.2213
v -0.0047 0.4304 -0.2242
v -0.0005 0.4332 -0.2207
v -0.0071 0.4342 -0.2217
v -0.0137 0.4335 -0.2260
v -0.0183 0.4303 -0.2301
v -0.0216 0.4304 -0.2393
v -0.0317 0.4305 -0.2461
v -0.0118 0.4309 -0.2496
v -0.0075 0.4301 -0.2534
v 0.0025 0.4274 -0.2524
v 0.0078 0.4299 -0.2469
v 0.0082 0.4251 -0.2504
v -0.0027 0.4192 -0.2555
v 0.0109 0.4175 -0.2497
v 0.0044 0.4010 -0.2535
v -0.0236 0.3893 -0.2652
v -0.0021 0.3858 -0.2572
v -0.0057 0.3780 -0.2591
v -0.0406 0.3788 -0.2746
v -0.0387 0.3713 -0.2748
v -0.0338 0.3656 -0.2711
v -0.0402 0.3652 -0.2756
v -0.0561 0.3551 -0.2807
v -0.0570 0.3612 -0.2825
v -0.0661 0.3548 -0.2833
v -0.0695 0.3623 -0.2861
v -0.0862 0.3562 -0.2922
v -0.1129 0.3556 -0.3028
v -0.1328 0.3500 -0.3130
v -0.1417 0.3488 -0.3178
v -0.1354 0.3420 -0.3153
v -0.1496 0.3432 -0.3216
v -0.1605 0.3493 -0.3253
v -0.1640 0.3385 -0.3283
v -0.1745 0.3327 -0.3342
v -0.1785 0.3385 -0.3345
v -0.1835 0.3349 -0.3379
v -0.1754 0.3256 -0.3358
v -0.1855 0.3254 -0.3421
v -0.1894 0.3203 -0.3447
v -0.1916 0.3256 -0.3473
v -0.1933 0.3203 -0.3479
v -0.1987 0.3229 -0.3589
v -0.2014 0.3217 -0.3605
v -0.2017 0.3156 -0.3539
v -0.2101 0.3117 -0.3565
v -0.2119 0.3156 -0.3604
v -0.2107 0.3079 -0.3561
v -0.2346 0.3075 -0.3664
v -0.2292 0.3142 -0.3662
v -0.2393 0.3124 -0.3690
v -0.2524 0.3086 -0.3736
v -0.2416 0.3135 -0.3718
v -0.2514 0.3128 -0.3744
v -0.2591 0.3089 -0.3768
v -0.2685 0.3085 -0.3802
v -0.2868 0.3083 -0.3893
v -0.2907 0.3020 -0.3889
v -0.2860 0.2911 -0.3873
v -0.2879 0.2845 -0.3887
v -0.2535 0.2556 -0.3735
v -0.2879 0.2538 -0.3886
v -0.2807 0.2342 -0.3853
v -0.2871 0.1972 -0.3876
v -0.2881 0.2126 -0.3878
v -0.2914 0.2043 -0.3881
v -0.2821 0.1615 -0.3861
v -0.2877 0.1412 -0.3886
v -0.2803 0.1408 -0.3852
v -0.2674 0.1237 -0.3795
v -0.2786 0.1247 -0.3844
v -0.2768 0.1093 -0.3840
v -0.2297 0.1169 -0.3638
v -0.2444 0.1112 -0.3703
v -0.2392 0.1061 -0.3682
v -0.2282 0.1018 -0.3671
v -0.2311 0.0954 -0.3725
v -0.2211 0.0945 -0.3683
v -0.2165 0.0876 -0.3662
v -0.2271 0.0888 -0.3713
v -0.2022 0.0827 -0.3600
v -0.2027 0.0910 -0.3601
v -0.2080 0.0805 -0.3625
v -0.2007 0.0782 -0.3511
v -0.2014 0.0909 -0.3568
v -0.2007 0.0797 -0.3566
v -0.2007 0.0609 -0.3507
v -0.2011 0.0536 -0.3565
v -0.2011 0.0445 -0.3504
v -0.1983 0.0293 -0.3395
v -0.1911 0.0349 -0.3353
v -0.1983 0.0360 -0.3396
v -0.1881 0.0162 -0.3336
v -0.1983 0.0160 -0.3400
v -0.1950 0.0108 -0.3344
v -0.1979 0.0084 -0.3272
v -0.1940 0.0096 -0.3317
v -0.2002 0.0088 -0.3335
v -0.2088 0.0068 -0.3222
v -0.2110 0.0051 -0.3277
v -0.2207 0.0048 -0.3192
v -0.2287 0.0059 -0.3121
v -0.2269 0.0041 -0.3148
v -0.2151 0.0222 -0.3097
v -0.2117 0.0199 -0.3087
v -0.2167 0.0119 -0.3107
v -0.2165 0.0249 -0.2985
v -0.2115 0.0225 -0.3064
v -0.2162 0.0257 -0.3036
v -0.2112 0.0251 -0.2867
v -0.2181 0.0249 -0.2843
v -0.2218 0.0256 -0.2992
v -0.2229 0.0278 -0.3053
v -0.2289 0.0249 -0.2984
v -0.2516 0.0234 -0.2971
v -0.2580 0.0233 -0.3045
v -0.2757 0.0244 -0.2755
v -0.2745 0.0228 -0.2830
v -0.2811 0.0213 -0.2786
v -0.2914 0.0221 -0.2489
v -0.2816 0.0244 -0.2605
v -0.2897 0.0211 -0.2591
v -0.3009 0.0217 -0.2287
v -0.2987 0.0204 -0.2437
v -0.3031 0.0195 -0.2347
v -0.3143 0.0186 -0.2178
v -0.3088 0.0186 -0.2281
v -0.3146 0.0182 -0.2265
v -0.3207 0.0191 -0.1952
v -0.3174 0.0177 -0.2053
v -0.3268 0.0184 -0.1964
v -0.3583 0.0204 -0.1873
v -0.3517 0.0205 -0.2096
v -0.3607 0.0212 -0.1954
v -0.3781 0.0204 -0.1343
v -0.3807 0.0215 -0.1496
v -0.3913 0.0220 -0.1325
v -0.4046 0.0221 -0.1012
v -0.3972 0.0213 -0.1157
v -0.4021 0.0231 -0.1107
v -0.4072 0.0276 -0.1036
v -0.4050 0.0243 -0.1087
v -0.4038 0.0293 -0.1116
v -0.4149 0.0227 -0.0798
v -0.4101 0.0230 -0.0922
v -0.4134 0.0244 -0.0876
v -0.4126 0.0208 -0.0741
v -0.4230 0.0214 -0.0616
v -0.4240 0.0215 -0.0573
v -0.4248 0.0240 -0.0596
v -0.4276 0.0246 -0.0554
v -0.4380 0.0322 -0.0317
v -0.4304 0.0402 -0.0499
v -0.4504 0.0431 -0.0045
v -0.4563 0.0375 0.0062
v -0.4536 0.0569 0.0011
v -0.4613 0.0158 0.0103
v -0.4622 0.0244 0.0089
v -0.4674 0.0143 0.0114
v -0.4728 0.0058 0.0139
v -0.4720 0.0130 0.0110
v -0.4745 0.0040 0.0163
v -0.4811 0.0213 0.0280
v -0.4780 0.0068 0.0218
v -0.4885 0.0752 0.0443
v -0.4807 0.0599 0.0277
v -0.4873 0.0987 0.0433
v -0.4923 0.0474 0.0573
v -0.4917 0.0615 0.0521
v -0.4927 0.0626 0.0580
v -0.4907 0.0670 0.0635
v -0.4927 0.0749 0.0609
v -0.4933 0.0915 0.0622
v -0.4850 0.0626 0.0675
v -0.4818 0.0944 0.0698
v -0.4734 0.0251 0.0736
v -0.4777 0.0390 0.0717
v -0.4663 0.0328 0.0796
v -0.4639 0.0310 0.0818
v -0.4601 0.0334 0.0823
v -0.4550 0.0372 0.0838
v -0.4566 0.0438 0.0819
v -0.4481 0.0462 0.0862
v -0.4544 0.0710 0.0829
v -0.4543 0.0898 0.0825
v -0.4427 0.0795 0.0878
v -0.4297 0.0937 0.0936
v -0.4360 0.0907 0.0903
v -0.4341 0.0947 0.0901
v -0.4174 0.0932 0.0990
v -0.4092 0.0945 0.1013
v -0.4089 0.0910 0.1027
v -0.4082 0.0708 0.1024
v -0.3997 0.0909 0.1034
v -0.3993 0.0959 0.1012
v -0.3957 0.0912 0.1009
v -0.3922 0.0892 0.0982
v -0.3931 0.0960 0.0968
v -0.3868 0.0964 0.0921
v -0.3805 0.0940 0.0952
v -0.3839 0.0970 0.0890
v -0.3718 0.1037 0.0907
v -0.3758 0.1056 0.0872
v -0.3737 0.1099 0.0878
v -0.3635 0.1051 0.0930
v -0.3601 0.1094 0.0935
v -0.3094 0.1313 0.1161
v -0.3536 0.1167 0.0966
v -0.2926 0.1563 0.1242
v -0.2524 0.1709 0.1417
v -0.2171 0.1561 0.1564
v -0.2265 0.1617 0.1529
v -0.2220 0.1631 0.1555
v -0.2174 0.1621 0.1569
v -0.2221 0.1681 0.1573
v -0.2182 0.1690 0.1608
v -0.2242 0.1668 0.1809
v -0.2168 0.1641 0.1725
v -0.2253 0.1699 0.1721
v -0.2209 0.1684 0.1906
v -0.2321 0.1755 0.1854
v -0.2380 0.1861 0.1867
v -0.2232 0.1724 0.1927
v -0.2097 0.1659 0.1983
v -0.2195 0.1718 0.1940
v -0.2167 0.1755 0.1963
v -0.1994 0.1660 0.2025
v -0.2154 0.1805 0.1969
v -0.2005 0.1736 0.2012
v -0.1821 0.1536 0.2090
v -0.1688 0.1486 0.2138
v -0.1549 0.1410 0.2193
v -0.1392 0.1344 0.2257
v -0.1379 0.1406 0.2243
v -0.1335 0.1430 0.2239
v -0.1226 0.1379 0.2303
v -0.1099 0.1337 0.2372
v -0.1097 0.1391 0.2341
v -0.0980 0.1367 0.2413
v -0.0797 0.1344 0.2503
v -0.0888 0.1356 0.2464
v -0.0794 0.1387 0.2504
v -0.0697 0.1382 0.2541
v -0.0640 0.1432 0.2546
v -0.0635 0.1389 0.2557
v -0.0700 0.1476 0.2498
v -0.0743 0.1500 0.2439
v -0.0651 0.1537 0.2483
v -0.0601 0.1577 0.2487
v -0.0595 0.1599 0.2460
v -0.0530 0.1671 0.2382
v -0.0507 0.1709 0.2324
v -0.0436 0.1740 0.2393
v -0.0548 0.1669 0.2321
v -0.0534 0.1677 0.2296
v -0.0630 0.1598 0.2274
v -0.0604 0.1670 0.2227
v -0.0607 0.1619 0.2323
v -0.0750 0.1607 0.2171
v -0.0766 0.1681 0.2151
v -0.0691 0.1674 0.2177
v -0.0693 0.1551 0.2285
v -0.0755 0.1549 0.2221
v -0.0659 0.1564 0.2250
v -0.0788 0.1567 0.2182
v -0.0827 0.1540 0.2163
v -0.0806 0.1610 0.2139
v -0.0858 0.1613 0.2107
v -0.0964 0.1704 0.2062
v -0.0833 0.1694 0.2119
v -0.0796 0.2194 0.2130
v -0.0797 0.2311 0.2138
v -0.0705 0.2293 0.2173
v -0.0599 0.2378 0.2213
v -0.0640 0.2426 0.2214
v -0.0604 0.2412 0.2215
v -0.0655 0.2477 0.2300
v -0.0667 0.2454 0.2249
v -0.0733 0.2498 0.2290
v -0.0647 0.2488 0.2374
v -0.0591 0.2489 0.2341
v -0.0649 0.2487 0.2342
v -0.0763 0.2366 0.2408
v -0.0703 0.2436 0.2401
v -0.0757 0.2425 0.2421
v -0.0884 0.2239 0.2343
v -0.0789 0.2301 0.2381
v -0.0844 0.2302 0.2376
v -0.0670 0.2364 0.2404
v -0.0607 0.2431 0.2406
v -0.0654 0.2430 0.2394
v -0.0543 0.2496 0.2401
v -0.0539 0.2502 0.2339
v -0.0594 0.2492 0.2374
v -0.0585 0.2441 0.2253
v -0.0686 0.2189 0.2439
v -0.0782 0.2141 0.2389
v -0.0727 0.2106 0.2461
v -0.0741 0.2132 0.2426
v -0.0817 0.2078 0.2394
v -0.0750 0.2084 0.2540
v -0.0765 0.2070 0.2509
v -0.0833 0.2056 0.2555
v -0.0826 0.2126 0.2638
v -0.0814 0.2080 0.2587
v -0.0915 0.2115 0.2621
v -0.1001 0.2111 0.2588
v -0.0980 0.2151 0.2614
v -0.0950 0.2229 0.2618
v -0.0854 0.2367 0.2640
v -0.0909 0.2325 0.2600
v -0.0871 0.2381 0.2605
v -0.0796 0.2388 0.2686
v -0.0772 0.2511 0.2697
v -0.0737 0.2480 0.2717
v -0.0700 0.2385 0.2735
v -0.0680 0.2489 0.2744
v -0.0635 0.2669 0.2743
v -0.0572 0.2573 0.2741
v -0.0576 0.2536 0.2740
v -0.0528 0.2468 0.2695
v -0.0551 0.2555 0.2721
v -0.0520 0.2556 0.2703
v -0.0494 0.2640 0.2665
v -0.0482 0.2628 0.2612
v -0.0479 0.2600 0.2645
v -0.0480 0.2660 0.2643
v -0.0564 0.2785 0.2735
v -0.0515 0.2642 0.2706
v -0.0635 0.3180 0.2742
v -0.0593 0.3249 0.2736
v -0.0572 0.3014 0.2739
v -0.0513 0.2888 0.2707
v -0.0518 0.3135 0.2702
v -0.0480 0.3083 0.2647
v -0.0480 0.2927 0.2619
v -0.0479 0.3047 0.2589
v -0.0482 0.2891 0.2577
v -0.0491 0.3022 0.2514
v -0.0476 0.2993 0.2453
v -0.0493 0.2902 0.2515
v -0.0479 0.2671 0.2464
v -0.0479 0.2728 0.2463
v -0.0421 0.2689 0.2419
v -0.0422 0.2786 0.2428
v -0.0360 0.2708 0.2401
v -0.0372 0.2825 0.2412
v -0.0423 0.2933 0.2422
v -0.0355 0.3028 0.2420
v -0.0295 0.3030 0.2424
v -0.0234 0.3083 0.2451
v -0.0132 0.3031 0.2449
v -0.0135 0.3162 0.2561
v -0.0109 0.3120 0.2530
v -0.0219 0.3128 0.2499
v -0.0205 0.3209 0.2560
v -0.0188 0.3254 0.2577
v -0.0025 0.3178 0.2632
v -0.0034 0.3113 0.2550
v -0.0057 0.3087 0.2505
v 0.0051 0.3025 0.2504
v 0.0060 0.3088 0.2544
v -0.0040 0.3135 0.2587
v 0.0040 0.3149 0.2621
v 0.0159 0.3102 0.2596
v 0.0092 0.3180 0.2688
v 0.0051 0.3177 0.2653
v 0.0061 0.3205 0.2675
v 0.0257 0.3179 0.2753
v 0.0269 0.3146 0.2705
v 0.0219 0.3192 0.2742
v 0.0384 0.3181 0.2804
v 0.0361 0.3173 0.2779
v 0.0360 0.3210 0.2800
v 0.0476 0.3130 0.2761
v 0.0418 0.3149 0.2774
v 0.0505 0.3142 0.2814
v 0.0527 0.3111 0.2732
v 0.0571 0.3057 0.2684
v 0.0406 0.3119 0.2714
v 0.0434 0.3258 0.2837
v 0.0382 0.3298 0.2819
v 0.0433 0.3397 0.2814
v 0.0296 0.3423 0.2747
v 0.0485 0.3467 0.2828
v 0.0735 0.3304 0.2959
v 0.0681 0.3394 0.2919
v 0.0797 0.3434 0.2963
v 0.1274 0.3371 0.3165
v 0.1124 0.3404 0.3095
v 0.1154 0.3443 0.3092
v 0.1601 0.3247 0.3319
v 0.1558 0.3360 0.3292
v 0.1789 0.3273 0.3406
v 0.1861 0.3431 0.3420
v 0.1850 0.3546 0.3390
v 0.1925 0.3520 0.3438
v 0.2060 0.3590 0.3561
v 0.2023 0.3480 0.3524
v 0.2034 0.3545 0.3517
v 0.2066 0.3717 0.3577
v 0.2045 0.3833 0.3580
v 0.2104 0.3794 0.3609
v 0.2203 0.3809 0.3654
v 0.2169 0.3940 0.3636
v 0.2292 0.3909 0.3686
v 0.2302 0.3816 0.3698
v 0.2369 0.3877 0.3722
v 0.2400 0.3825 0.3749
v 0.2448 0.4003 0.3752
v 0.2438 0.3923 0.3741
v 0.2315 0.4030 0.3694
v 0.2250 0.4169 0.3659
v 0.2124 0.4205 0.3596
v 0.2157 0.4305 0.3604
v 0.2322 0.4319 0.3680
v 0.2294 0.4338 0.3645
v 0.2400 0.4322 0.3703
v 0.2261 0.4358 0.3605
v 0.2352 0.4364 0.3645
v 0.2297 0.4391 0.3526
v 0.2188 0.4426 0.3387
v 0.2152 0.4466 0.3334
v 0.2125 0.4475 0.3302
v 0.2159 0.4520 0.3297
v 0.2103 0.4425 0.3155
v 0.2051 0.4352 0.3081
v 0.2101 0.4443 0.3092
v 0.2124 0.4566 0.3096
v 0.2109 0.4530 0.3027
v 0.2140 0.4620 0.3040
v 0.2175 0.4702 0.3126
v 0.2153 0.4694 0.3096
v 0.2190 0.4753 0.3081
v 0.2204 0.4784 0.3056
v 0.2202 0.4797 0.3028
v 0.2263 0.4793 0.3075
v 0.2408 0.4804 0.3138
v 0.2334 0.4917 0.2944
v 0.2516 0.4855 0.3122
v 0.2285 0.4924 0.2894
v 0.2281 0.4948 0.2855
v 0.2306 0.4959 0.2843
v 0.2726 0.4960 0.3046
v 0.2959 0.5058 0.2951
v 0.3217 0.5119 0.2918
v 0.3197 0.5064 0.3031
v 0.2537 0.5041 0.2814
v 0.2660 0.5093 0.2748
v 0.2509 0.5120 0.2615
v 0.2412 0.5113 0.2570
v 0.2536 0.5167 0.2500
v 0.3314 0.5178 0.2778
v 0.3197 0.5224 0.2614
v 0.3337 0.5219 0.2668
v 0.3420 0.5265 0.2542
v 0.3476 0.5248 0.2601
v 0.3123 0.5318 0.2238
v 0.2706 0.5350 0.1955
v 0.3327 0.5350 0.2145
v 0.2807 0.5394 0.1749
v 0.2734 0.5372 0.1758
v 0.2764 0.5380 0.1701
v 0.2911 0.5412 0.1538
v 0.2878 0.5388 0.1463
v 0.2867 0.5359 0.1410
v 0.2909 0.5415 0.1443
v 0.2934 0.5396 0.1362
v 0.2968 0.5413 0.1329
v 0.2984 0.5361 0.1177
v 0.2994 0.5395 0.1236
v 0.2989 0.5347 0.1116
v 0.3016 0.5302 0.1032
v 0.3019 0.5299 0.1000
v 0.3083 0.5336 0.0938
v 0.3106 0.5338 0.0899
v 0.3101 0.5295 0.0826
v 0.3115 0.5282 0.0772
v 0.3170 0.5364 0.0833
v 0.3033 0.5241 0.0703
v 0.3100 0.5246 0.0722
v 0.3095 0.5236 0.0691
v 0.3005 0.5214 0.0534
v 0.3091 0.5212 0.0591
v 0.3211 0.5257 0.0613
v 0.3197 0.5285 0.0667
v 0.3163 0.5245 0.0649
v 0.3219 0.5352 0.0750
v 0.3260 0.5333 0.0695
v 0.3269 0.5235 0.0514
v 0.3294 0.5301 0.0554
v 0.3219 0.5229 0.0545
v 0.3162 0.5175 0.0511
v 0.3158 0.5161 0.0430
v 0.3219 0.5187 0.0514
v 0.3264 0.5200 0.0513
v 0.3269 0.5192 0.0480
v 0.3319 0.5258 0.0446
v 0.3392 0.5246 0.0376
v 0.3365 0.5230 0.0375
v 0.3401 0.5211 0.0305
v 0.3420 0.5197 0.0262
v 0.3459 0.5108 0.0133
v 0.3508 0.5148 0.0126
v 0.3479 0.5149 0.0144
v 0.3520 0.5057 0.0019
v 0.3516 0.5111 0.0069
v 0.3467 0.5049 0.0072
v 0.3505 0.5008 -0.0001
v 0.3442 0.4955 -0.0032
v 0.3514 0.4986 -0.0042
v 0.3618 0.5066 -0.0050
v 0.3628 0.5017 -0.0142
v 0.3716 0.4956 -0.0237
v 0.3684 0.4955 -0.0252
v 0.3686 0.4929 -0.0284
v 0.3738 0.4908 -0.0324
v 0.3751 0.4855 -0.0389
v 0.3789 0.4828 -0.0409
v 0.3491 0.4947 -0.0059
v 0.3427 0.4898 -0.0161
v 0.3519 0.4930 -0.0109
v 0.3379 0.4959 -0.0052
v 0.2994 0.4958 -0.0309
v 0.3239 0.4881 -0.0321
v 0.3380 0.5001 0.0053
v 0.3380 0.5013 0.0083
v 0.2979 0.5023 -0.0165
v 0.2986 0.4892 -0.0449
v 0.2299 0.4943 -0.0722
v 0.2415 0.4884 -0.0756
v 0.2689 0.4888 -0.0642
v 0.2187 0.4841 -0.0907
v 0.1810 0.4876 -0.1035
v 0.1882 0.4816 -0.1076
v 0.1474 0.4860 -0.1204
v 0.1097 0.4870 -0.1364
v 0.1291 0.4810 -0.1333
v 0.0565 0.4918 -0.1520
v 0.0655 0.4877 -0.1538
v 0.0873 0.4912 -0.1424
v 0.0736 0.5018 -0.1285
v 0.0562 0.4968 -0.1437
v 0.0937 0.4966 -0.1309
v 0.1193 0.5034 -0.1051
v 0.0974 0.5002 -0.1216
v 0.1372 0.4973 -0.1086
v 0.1527 0.5111 -0.0715
v 0.1505 0.5071 -0.0824
v 0.1990 0.5107 -0.0513
v 0.1915 0.5223 -0.0233
v 0.1567 0.5159 -0.0568
v 0.1928 0.5164 -0.0395
v 0.2177 0.5324 0.0135
v 0.2314 0.5232 -0.0092
v 0.2347 0.5248 -0.0038
v 0.2258 0.5351 0.0288
v 0.2172 0.5353 0.0215
v 0.2264 0.5315 0.0156
v 0.2817 0.5235 0.0450
v 0.2617 0.5245 0.0265
v 0.2816 0.5189 0.0248
v 0.2822 0.5312 0.0914
v 0.2851 0.5268 0.0662
v 0.2953 0.5279 0.0832
v 0.3034 0.5262 0.0794
v 0.3002 0.5283 0.0869
v 0.2856 0.5324 0.1168
v 0.2754 0.5335 0.1074
v 0.2877 0.5323 0.1115
v 0.2798 0.5328 0.1282
v 0.2786 0.5335 0.1229
v 0.2868 0.5335 0.1288
v 0.2812 0.5335 0.1405
v 0.2717 0.5338 0.1325
v 0.2803 0.5328 0.1342
v 0.2689 0.5333 0.1441
v 0.2740 0.5327 0.1400
v 0.2744 0.5328 0.1461
v 0.2763 0.5346 0.1580
v 0.2751 0.5335 0.1520
v 0.2780 0.5350 0.1522
v 0.2543 0.5337 0.1506
v 0.2682 0.5326 0.1514
v 0.2684 0.5317 0.1573
v 0.2728 0.5343 0.1669
v 0.2751 0.5348 0.1643
v 0.2663 0.5295 0.1708
v 0.2626 0.5298 0.1674
v 0.2702 0.5329 0.1695
v 0.2569 0.5277 0.1805
v 0.2593 0.5292 0.1762
v 0.2644 0.5298 0.1812
v 0.2575 0.5267 0.1864
v 0.2632 0.5293 0.1872
v 0.2642 0.5320 0.1988
v 0.2670 0.5327 0.1901
v 0.2630 0.5289 0.2159
v 0.2694 0.5301 0.2140
v 0.2926 0.5280 0.2314
v 0.2580 0.5266 0.2213
v 0.2558 0.5250 0.2147
v 0.2595 0.5278 0.2128
v 0.2568 0.5246 0.2040
v 0.2516 0.5228 0.1981
v 0.2560 0.5239 0.1986
v 0.2517 0.5253 0.1898
v 0.2519 0.5269 0.1843
v 0.2577 0.5259 0.1927
v 0.2442 0.5294 0.1727
v 0.2117 0.5344 0.1540
v 0.1937 0.5399 0.1340
v 0.2116 0.5389 0.1371
v 0.2006 0.5419 0.1224
v 0.1875 0.5463 0.1024
v 0.2066 0.5431 0.1087
v 0.2373 0.5393 0.1069
v 0.2602 0.5358 0.1118
v 0.2533 0.5364 0.0936
v 0.2423 0.5373 0.0775
v 0.2672 0.5337 0.0906
v 0.2175 0.5417 0.0681
v 0.2161 0.5404 0.0491
v 0.2342 0.5375 0.0619
v 0.2038 0.5376 0.0308
v 0.2091 0.5418 0.0500
v 0.1679 0.5329 0.0035
v 0.1860 0.5288 -0.0045
v 0.1876 0.5358 0.0213
v 0.1484 0.5205 -0.0471
v 0.0780 0.5269 -0.0617
v 0.0928 0.5207 -0.0740
v 0.1027 0.5266 -0.0486
v 0.1056 0.5348 -0.0153
v 0.0731 0.5355 -0.0269
v 0.1006 0.5317 -0.0307
v 0.1784 0.5439 0.0585
v 0.1584 0.5430 0.0514
v 0.1604 0.5403 0.0351
v 0.1990 0.5460 0.0850
v 0.1908 0.5470 0.0812
v 0.1978 0.5466 0.0705
v 0.1765 0.5466 0.1042
v 0.1791 0.5470 0.0932
v 0.1925 0.5470 0.0878
v 0.1651 0.5357 0.1494
v 0.1842 0.5432 0.1219
v 0.1851 0.5372 0.1444
v 0.1758 0.5274 0.1727
v 0.1910 0.5320 0.1612
v 0.2012 0.5264 0.1785
v 0.1848 0.5144 0.2062
v 0.1899 0.5211 0.1907
v 0.2114 0.5141 0.2134
v 0.2415 0.5120 0.2334
v 0.2400 0.5134 0.2231
v 0.2443 0.5136 0.2307
v 0.2408 0.5112 0.2396
v 0.2340 0.5088 0.2325
v 0.2472 0.5155 0.2487
v 0.2477 0.5177 0.2438
v 0.2491 0.5202 0.2338
v 0.2490 0.5193 0.2273
v 0.2536 0.5231 0.2312
v 0.2550 0.5251 0.2218
v 0.2396 0.5160 0.2149
v 0.2453 0.5203 0.2033
v 0.2458 0.5185 0.2095
v 0.2420 0.5227 0.1972
v 0.2288 0.5251 0.1863
v 0.2514 0.5236 0.1944
v 0.2460 0.5181 0.2167
v 0.2488 0.5189 0.2159
v 0.2457 0.5160 0.2340
v 0.2460 0.5159 0.2281
v 0.2330 0.5011 0.2571
v 0.2354 0.5047 0.2509
v 0.2383 0.5090 0.2576
v 0.2364 0.5060 0.2676
v 0.2338 0.5019 0.2623
v 0.2375 0.5083 0.2627
v 0.2299 0.4988 0.2628
v 0.2286 0.5005 0.2524
v 0.2320 0.5006 0.2524
v 0.2281 0.5031 0.2439
v 0.2279 0.5053 0.2388
v 0.2351 0.5058 0.2449
v 0.2345 0.5073 0.2384
v 0.2257 0.5086 0.2310
v 0.1750 0.5074 0.2193
v 0.2130 0.5063 0.2324
v 0.2206 0.5011 0.2471
v 0.2282 0.5012 0.2485
v 0.2143 0.4893 0.2666
v 0.2225 0.4945 0.2605
v 0.2205 0.4887 0.2694
v 0.2228 0.4869 0.2797
v 0.2220 0.4880 0.2734
v 0.2255 0.4915 0.2800
v 0.2279 0.4955 0.2807
v 0.2281 0.4948 0.2750
v 0.2304 0.4986 0.2794
v 0.2277 0.4945 0.2684
v 0.2267 0.4949 0.2638
v 0.2236 0.4874 0.2861
v 0.2214 0.4833 0.2811
v 0.2198 0.4808 0.2858
v 0.2166 0.4811 0.2786
v 0.2222 0.4841 0.2866
v 0.1972 0.4820 0.2697
v 0.1871 0.4879 0.2585
v 0.1349 0.4986 0.2252
v 0.1501 0.5024 0.2229
v 0.1587 0.4956 0.2370
v 0.1295 0.5063 0.2128
v 0.1254 0.5133 0.1955
v 0.1350 0.5142 0.1977
v 0.1390 0.5215 0.1828
v 0.1523 0.5273 0.1719
v 0.1500 0.5209 0.1864
v 0.1568 0.5341 0.1525
v 0.1585 0.5375 0.1416
v 0.1434 0.5390 0.1218
v 0.1535 0.5425 0.1077
v 0.1689 0.5427 0.1232
v 0.1573 0.5446 0.0915
v 0.1497 0.5448 0.0729
v 0.1155 0.5444 0.0507
v 0.1425 0.5438 0.0537
v 0.1262 0.5414 0.0285
v 0.0561 0.5410 -0.0063
v 0.0834 0.5388 -0.0051
v 0.0486 0.5385 -0.0287
v 0.0470 0.5357 -0.0505
v 0.0627 0.5346 -0.0399
v 0.0642 0.5318 -0.0522
v 0.0531 0.5303 -0.0677
v 0.0694 0.5222 -0.0843
v 0.0521 0.5247 -0.0854
v 0.0617 0.5172 -0.1014
v 0.0506 0.5037 -0.1329
v 0.0191 0.4984 -0.1548
v 0.0240 0.4852 -0.1730
v -0.0118 0.4869 -0.1865
v 0.0039 0.4815 -0.1857
v -0.0497 0.4866 -0.2041
v -0.0408 0.4815 -0.2056
v -0.0551 0.4749 -0.2176
v -0.0995 0.4764 -0.2363
v -0.0449 0.4389 -0.2342
v -0.0340 0.4554 -0.2224
v -0.0513 0.4524 -0.2303
v -0.0121 0.4367 -0.2215
v -0.0191 0.4368 -0.2252
v -0.0244 0.4350 -0.2276
v -0.0258 0.4320 -0.2315
v -0.0218 0.4307 -0.2290
v -0.0341 0.4305 -0.2354
v -0.0354 0.4306 -0.2397
v -0.0301 0.4302 -0.2359
v -0.0414 0.4301 -0.2429
v -0.0380 0.4318 -0.2379
v -0.0423 0.4332 -0.2384
v -0.0536 0.4324 -0.2450
v -0.0505 0.4311 -0.2477
v -0.0478 0.4315 -0.2438
v -0.0558 0.4371 -0.2395
v -0.0606 0.4347 -0.2456
v -0.0543 0.4438 -0.2358
v -0.0502 0.4387 -0.2369
v -0.0271 0.4428 -0.2251
v -0.0326 0.4374 -0.2302
v -0.0638 0.4406 -0.2415
v -0.0720 0.4420 -0.2439
v -0.0703 0.4370 -0.2451
v -0.0715 0.4341 -0.2506
v -0.0706 0.4309 -0.2579
v -0.0652 0.4318 -0.2510
v -0.0836 0.4310 -0.2714
v -0.0887 0.4309 -0.2858
v -0.0744 0.4311 -0.2751
v -0.0251 0.4307 -0.2571
v -0.0459 0.4308 -0.2665
v -0.0363 0.4309 -0.2661
v -0.0452 0.4297 -0.2700
v -0.0363 0.4276 -0.2678
v -0.0218 0.4289 -0.2606
v -0.0097 0.4271 -0.2579
v -0.0548 0.4247 -0.2770
v -0.0630 0.4271 -0.2808
v -0.0523 0.4155 -0.2767
v -0.0470 0.3943 -0.2752
v -0.0652 0.3946 -0.2830
v -0.0563 0.3852 -0.2802
v -0.0518 0.3785 -0.2802
v -0.0468 0.3843 -0.2766
v -0.0512 0.3668 -0.2828
v -0.0540 0.3716 -0.2831
v -0.0600 0.3663 -0.2840
v -0.0666 0.3707 -0.2855
v -0.0690 0.3799 -0.2854
v -0.0837 0.3683 -0.2914
v -0.1040 0.3730 -0.2998
v -0.1188 0.3746 -0.3067
v -0.1174 0.3646 -0.3054
v -0.1283 0.3611 -0.3103
v -0.1328 0.3598 -0.3141
v -0.1284 0.3543 -0.3096
v -0.1384 0.3613 -0.3192
v -0.1434 0.3553 -0.3199
v -0.1385 0.3533 -0.3156
v -0.1497 0.3563 -0.3228
v -0.1595 0.3548 -0.3243
v -0.1594 0.3657 -0.3265
v -0.1692 0.3659 -0.3289
v -0.1656 0.3553 -0.3266
v -0.1764 0.3467 -0.3323
v -0.1931 0.3487 -0.3386
v -0.1923 0.3388 -0.3399
v -0.1943 0.3358 -0.3460
v -0.1888 0.3340 -0.3416
v -0.1977 0.3360 -0.3520
v -0.1953 0.3313 -0.3515
v -0.1955 0.3267 -0.3529
v -0.1987 0.3309 -0.3593
v -0.2117 0.3288 -0.3660
v -0.2032 0.3368 -0.3632
v -0.2103 0.3400 -0.3653
v -0.2186 0.3215 -0.3687
v -0.2259 0.3270 -0.3722
v -0.2305 0.3217 -0.3732
v -0.2217 0.3198 -0.3691
v -0.2385 0.3170 -0.3733
v -0.2454 0.3208 -0.3810
v -0.2551 0.3251 -0.3867
v -0.2489 0.3192 -0.3816
v -0.2587 0.3144 -0.3796
v -0.2681 0.3122 -0.3808
v -0.2807 0.3089 -0.3858
v -0.2701 0.3140 -0.3845
v -0.2761 0.3138 -0.3865
v -0.2818 0.3146 -0.3902
v -0.2818 0.3179 -0.3967
v -0.2878 0.3141 -0.3922
v -0.2974 0.3104 -0.3899
v -0.2934 0.3139 -0.3932
v -0.2980 0.3152 -0.3957
v -0.3020 0.3084 -0.3801
v -0.3077 0.3165 -0.3862
v -0.3043 0.3058 -0.3698
v -0.3031 0.3028 -0.3721
v -0.3039 0.3071 -0.3731
v -0.3137 0.3086 -0.3559
v -0.3098 0.3076 -0.3618
v -0.3182 0.3133 -0.3566
v -0.3219 0.3173 -0.3489
v -0.3220 0.3171 -0.3548
v -0.3217 0.3235 -0.3489
v -0.3178 0.3377 -0.3459
v -0.3153 0.3382 -0.3437
v -0.3019 0.3079 -0.3384
v -0.3017 0.3236 -0.3359
v -0.2978 0.3108 -0.3337
v -0.2969 0.3169 -0.3271
v -0.2982 0.3228 -0.3329
v -0.3047 0.3019 -0.3067
v -0.3034 0.3199 -0.3102
v -0.3049 0.3108 -0.3064
v -0.3175 0.3086 -0.3014
v -0.3108 0.3169 -0.3033
v -0.3165 0.3180 -0.3031
v -0.3217 0.2907 -0.2981
v -0.3226 0.3019 -0.3008
v -0.3287 0.2920 -0.2982
v -0.3307 0.2714 -0.2926
v -0.3224 0.2801 -0.2960
v -0.3277 0.2798 -0.2962
v -0.3389 0.2683 -0.2792
v -0.3361 0.2650 -0.2850
v -0.3392 0.2699 -0.2835
v -0.3386 0.2759 -0.2727
v -0.3391 0.2748 -0.2775
v -0.3389 0.2849 -0.2753
v -0.3342 0.2669 -0.2617
v -0.3364 0.2669 -0.2650
v -0.3351 0.2710 -0.2643
v -0.3320 0.2611 -0.2511
v -0.3329 0.2618 -0.2592
v -0.3326 0.2669 -0.2567
v -0.3318 0.2580 -0.2696
v -0.3322 0.2591 -0.2750
v -0.3362 0.2603 -0.2697
v -0.3393 0.2648 -0.2781
v -0.3345 0.2616 -0.2813
v -0.3224 0.2613 -0.2863
v -0.3204 0.2633 -0.2897
v -0.3274 0.2651 -0.2880
v -0.3212 0.2741 -0.2944
v -0.3164 0.2864 -0.2977
v -0.3116 0.2907 -0.2983
v -0.3158 0.2943 -0.2984
v -0.3144 0.3004 -0.2984
v -0.3106 0.3022 -0.3017
v -0.3170 0.3026 -0.2998
v -0.3051 0.2913 -0.3078
v -0.2998 0.2821 -0.3225
v -0.2986 0.2997 -0.3221
v -0.2981 0.2567 -0.3304
v -0.2984 0.2738 -0.3284
v -0.2990 0.2549 -0.3270
v -0.3028 0.2622 -0.3364
v -0.3039 0.2788 -0.3380
v -0.2979 0.2697 -0.3313
v -0.2981 0.2907 -0.3275
v -0.2978 0.2872 -0.3322
v -0.2977 0.2959 -0.3330
v -0.3121 0.3075 -0.3447
v -0.3120 0.3024 -0.3463
v -0.3148 0.3098 -0.3470
v -0.3129 0.3036 -0.3501
v -0.3101 0.3061 -0.3583
v -0.3089 0.3010 -0.3605
v -0.3107 0.2812 -0.3444
v -0.3114 0.2922 -0.3508
v -0.3102 0.2686 -0.3441
v -0.3028 0.2348 -0.3358
v -0.3054 0.2464 -0.3400
v -0.3010 0.2550 -0.3342
v -0.3100 0.2192 -0.3445
v -0.3104 0.2221 -0.3490
v -0.3104 0.2319 -0.3440
v -0.3104 0.2461 -0.3516
v -0.3081 0.2490 -0.3579
v -0.3105 0.2691 -0.3513
v -0.3018 0.2626 -0.3728
v -0.2973 0.2779 -0.3825
v -0.2996 0.3022 -0.3781
v -0.2976 0.2996 -0.3830
v -0.2983 0.3063 -0.3814
v -0.2922 0.2714 -0.3889
v -0.2921 0.2889 -0.3891
v -0.2946 0.2249 -0.3877
v -0.2922 0.2406 -0.3889
v -0.2946 0.2421 -0.3869
v -0.2922 0.2187 -0.3888
v -0.2917 0.2291 -0.3883
v -0.2919 0.1880 -0.3887
v -0.3086 0.1818 -0.3523
v -0.3037 0.1813 -0.3651
v -0.3096 0.2103 -0.3526
v -0.3085 0.1900 -0.3444
v -0.3096 0.1980 -0.3482
v -0.3100 0.2056 -0.3446
v -0.3021 0.2041 -0.3347
v -0.3064 0.2072 -0.3405
v -0.3021 0.2260 -0.3347
v -0.3188 0.2280 -0.2843
v -0.3001 0.2347 -0.3266
v -0.3174 0.2422 -0.2868
v -0.3261 0.2442 -0.2664
v -0.3227 0.2450 -0.2754
v -0.3264 0.2499 -0.2680
v -0.3305 0.2511 -0.2556
v -0.3282 0.2495 -0.2605
v -0.3312 0.2561 -0.2568
v -0.3417 0.2327 -0.2301
v -0.3357 0.2479 -0.2421
v -0.3416 0.2520 -0.2276
v -0.3496 0.2545 -0.2097
v -0.3464 0.2553 -0.2156
v -0.3513 0.2620 -0.2095
v -0.3579 0.2492 -0.1914
v -0.3562 0.2552 -0.1975
v -0.3572 0.2558 -0.1942
v -0.3692 0.2593 -0.1866
v -0.3627 0.2574 -0.1913
v -0.3703 0.2612 -0.1922
v -0.3748 0.2554 -0.1692
v -0.3696 0.2553 -0.1750
v -0.3731 0.2569 -0.1777
v -0.3823 0.2547 -0.1640
v -0.3792 0.2562 -0.1711
v -0.3880 0.2559 -0.1688
v -0.3868 0.2533 -0.1521
v -0.3852 0.2539 -0.1591
v -0.3891 0.2535 -0.1545
v -0.3941 0.2555 -0.1612
v -0.4166 0.2560 -0.1112
v -0.3997 0.2528 -0.1314
v -0.4067 0.2565 -0.1410
v -0.4177 0.2559 -0.1039
v -0.4274 0.2608 -0.0965
v -0.4361 0.2736 -0.0787
v -0.4330 0.2655 -0.0902
v -0.4323 0.2672 -0.0929
v -0.4370 0.2740 -0.0706
v -0.4382 0.2822 -0.0652
v -0.4437 0.2976 -0.0448
v -0.4405 0.2902 -0.0535
v -0.4423 0.2964 -0.0528
v -0.4435 0.2978 -0.0379
v -0.4463 0.3031 -0.0375
v -0.4462 0.3137 -0.0212
v -0.4482 0.3090 -0.0303
v -0.4487 0.3146 -0.0311
v -0.4414 0.3195 -0.0120
v -0.4422 0.3138 -0.0169
v -0.4432 0.3196 -0.0178
v -0.4394 0.3053 -0.0109
v -0.4380 0.3037 -0.0182
v -0.4405 0.3094 -0.0174
v -0.4433 0.3147 -0.0035
v -0.4422 0.3219 -0.0083
v -0.4457 0.3302 -0.0004
v -0.4528 0.3198 0.0110
v -0.4482 0.3219 0.0049
v -0.4529 0.3299 0.0109
v -0.4608 0.3182 0.0115
v -0.4622 0.3022 0.0135
v -0.4644 0.3095 0.0126
v -0.4668 0.3034 0.0149
v -0.4698 0.3027 0.0179
v -0.4705 0.3069 0.0162
v -0.4791 0.3077 0.0359
v -0.4746 0.3026 0.0324
v -0.4777 0.3086 0.0299
v -0.4902 0.3134 0.0444
v -0.4839 0.3104 0.0376
v -0.4884 0.3134 0.0367
v -0.4903 0.3141 0.0578
v -0.4876 0.3093 0.0527
v -0.4926 0.3143 0.0519
v -0.4985 0.3254 0.0650
v -0.4996 0.3178 0.0578
v -0.5000 0.3251 0.0586
v -0.4894 0.3220 0.0693
v -0.4959 0.3211 0.0658
v -0.4938 0.3255 0.0679
v -0.4799 0.3086 0.0631
v -0.4836 0.3071 0.0604
v -0.4850 0.3139 0.0624
v -0.4908 0.3161 0.0619
v -0.4868 0.3125 0.0595
v -0.4836 0.2941 0.0571
v -0.4837 0.2920 0.0531
v -0.4848 0.3025 0.0571
v -0.4847 0.3042 0.0513
v -0.4828 0.3017 0.0478
v -0.4847 0.3068 0.0474
v -0.4671 0.2747 0.0183
v -0.4646 0.2658 0.0160
v -0.4653 0.2802 0.0150
v -0.4616 0.2770 0.0140
v -0.4516 0.3022 0.0125
v -0.4572 0.3022 0.0135
v -0.4517 0.2194 0.0125
v -0.4513 0.2640 0.0125
v -0.4593 0.2410 0.0138
v -0.4638 0.2136 0.0156
v -0.4617 0.2231 0.0138
v -0.4645 0.2337 0.0153
v -0.4800 0.1786 0.0479
v -0.4672 0.1802 0.0204
v -0.4688 0.2236 0.0236
v -0.4823 0.1690 0.0531
v -0.4819 0.1821 0.0534
v -0.4809 0.1956 0.0599
v -0.4828 0.2012 0.0574
v -0.4817 0.2187 0.0605
v -0.4813 0.1631 0.0604
v -0.4813 0.1784 0.0590
v -0.4786 0.1807 0.0620
v -0.4473 0.1999 0.0771
v -0.4749 0.1616 0.0647
v -0.4746 0.2052 0.0646
v -0.4455 0.1461 0.0778
v -0.4315 0.1795 0.0841
v -0.4220 0.1089 0.0881
v -0.4399 0.1200 0.0802
v -0.4073 0.1095 0.0949
v -0.4121 0.1196 0.0924
v -0.4035 0.1193 0.0956
v -0.3992 0.1012 0.0979
v -0.4028 0.1088 0.0962
v -0.3993 0.1117 0.0951
v -0.4174 0.0973 0.0942
v -0.4167 0.1039 0.0921
v -0.4098 0.1018 0.0957
v -0.4253 0.1014 0.0898
v -0.4470 0.1024 0.0798
v -0.4481 0.1089 0.0762
v -0.4333 0.1088 0.0834
v -0.4709 0.1416 0.0665
v -0.4776 0.1398 0.0627
v -0.4578 0.1118 0.0725
v -0.4642 0.1060 0.0698
v -0.4665 0.1185 0.0687
v -0.4606 0.0958 0.0774
v -0.4780 0.0949 0.0711
v -0.4603 0.1022 0.0741
v -0.4366 0.0983 0.0868
v -0.4329 0.1040 0.0855
v -0.4271 0.0966 0.0918
v -0.4583 0.0886 0.0813
v -0.4672 0.0491 0.0789
v -0.4713 0.0764 0.0754
v -0.4635 0.0714 0.0793
v -0.4551 0.0505 0.0819
v -0.4564 0.0577 0.0821
v -0.4493 0.0506 0.0847
v -0.4886 0.0983 0.0651
v -0.4903 0.0985 0.0621
v -0.4862 0.1015 0.0619
v -0.4811 0.1083 0.0619
v -0.4812 0.1143 0.0602
v -0.4756 0.1197 0.0643
v -0.4818 0.1277 0.0566
v -0.4813 0.1368 0.0604
v -0.4823 0.1488 0.0576
v -0.4819 0.1648 0.0566
v -0.4821 0.1767 0.0560
v -0.4797 0.1169 0.0466
v -0.4701 0.1150 0.0274
v -0.4719 0.1345 0.0306
v -0.4655 0.1643 0.0177
v -0.4638 0.1677 0.0159
v -0.4644 0.1763 0.0154
v -0.4517 0.1832 0.0124
v -0.4591 0.1921 0.0141
v -0.4605 0.1746 0.0146
v -0.4611 0.1348 0.0151
v -0.4646 0.1412 0.0156
v -0.4643 0.1344 0.0166
v -0.4687 0.1217 0.0233
v -0.4664 0.1189 0.0187
v -0.4667 0.1399 0.0197
v -0.4743 0.1084 0.0343
v -0.4833 0.1092 0.0533
v -0.4850 0.1031 0.0485
v -0.4812 0.1076 0.0474
v -0.4803 0.1035 0.0404
v -0.4789 0.1077 0.0424
v -0.4832 0.1020 0.0422
v -0.4786 0.1028 0.0354
v -0.4801 0.0966 0.0275
v -0.4775 0.0995 0.0253
v -0.4755 0.1043 0.0333
v -0.4716 0.1029 0.0196
v -0.4677 0.1086 0.0195
v -0.4622 0.1088 0.0153
v -0.4647 0.1237 0.0159
v -0.4647 0.1151 0.0166
v -0.4649 0.0987 0.0119
v -0.4716 0.0959 0.0103
v -0.4684 0.0958 0.0099
v -0.4570 0.0970 0.0117
v -0.4506 0.1024 0.0122
v -0.4570 0.1020 0.0142
v -0.4501 0.1091 0.0129
v -0.4454 0.1091 0.0088
v -0.4510 0.1295 0.0128
v -0.4515 0.1536 0.0126
v -0.4473 0.1425 0.0078
v -0.4465 0.1626 0.0065
v -0.4422 0.1604 -0.0019
v -0.4445 0.1638 0.0038
v -0.4447 0.1834 0.0025
v -0.4374 0.1871 -0.0135
v -0.4424 0.2067 -0.0026
v -0.4481 0.2362 0.0081
v -0.4467 0.2594 0.0071
v -0.4466 0.2963 0.0083
v -0.4444 0.3058 0.0041
v -0.4472 0.3068 0.0063
v -0.4428 0.3062 -0.0016
v -0.4330 0.2919 -0.0192
v -0.4335 0.2999 -0.0191
v -0.4345 0.2961 -0.0159
v -0.4380 0.2985 -0.0272
v -0.4418 0.3030 -0.0256
v -0.4377 0.3012 -0.0227
v -0.4419 0.2971 -0.0327
v -0.4353 0.2845 -0.0462
v -0.4404 0.2908 -0.0440
v -0.4391 0.2840 -0.0537
v -0.4340 0.2727 -0.0633
v -0.4301 0.2682 -0.0704
v -0.4309 0.2661 -0.0791
v -0.4349 0.2705 -0.0711
v -0.4245 0.2614 -0.0797
v -0.4202 0.2631 -0.0653
v -0.4199 0.2624 -0.0715
v -0.4239 0.2643 -0.0711
v -0.4163 0.2608 -0.0705
v -0.4151 0.2570 -0.0766
v -0.4174 0.2613 -0.0752
v -0.4190 0.2620 -0.0583
v -0.4161 0.2555 -0.0623
v -0.4248 0.2706 -0.0533
v -0.4217 0.2675 -0.0595
v -0.4264 0.2708 -0.0601
v -0.4269 0.2789 -0.0358
v -0.4254 0.2732 -0.0425
v -0.4273 0.2800 -0.0413
v -0.4277 0.2786 -0.0325
v -0.4223 0.2441 -0.0472
v -0.4240 0.2658 -0.0430
v -0.4187 0.2532 -0.0559
v -0.4145 0.2494 -0.0666
v -0.4106 0.2494 -0.0749
v -0.4068 0.2371 -0.0842
v -0.4075 0.2458 -0.0832
v -0.4098 0.2539 -0.0815
v -0.4148 0.2568 -0.0854
v -0.4116 0.2556 -0.0930
v -0.4152 0.2560 -0.0944
v -0.4094 0.2542 -0.1058
v -0.3965 0.2493 -0.1172
v -0.4052 0.2529 -0.1161
v -0.3922 0.2498 -0.1282
v -0.3867 0.2435 -0.1311
v -0.3907 0.2492 -0.1344
v -0.3848 0.2451 -0.1379
v -0.3813 0.2437 -0.1434
v -0.3868 0.2495 -0.1399
v -0.3783 0.2437 -0.1487
v -0.3750 0.2435 -0.1552
v -0.3804 0.2501 -0.1516
v -0.3755 0.2505 -0.1590
v -0.3717 0.2435 -0.1626
v -0.3742 0.2502 -0.1633
v -0.3686 0.2499 -0.1701
v -0.3699 0.2544 -0.1708
v -0.3725 0.2518 -0.1673
v -0.3639 0.2410 -0.1799
v -0.3622 0.2493 -0.1818
v -0.3640 0.2495 -0.1790
v -0.3724 0.2033 -0.1638
v -0.3518 0.1858 -0.2114
v -0.3567 0.2190 -0.1979
v -0.3895 0.1983 -0.1243
v -0.3791 0.1896 -0.1488
v -0.3869 0.2217 -0.1302
v -0.3989 0.2438 -0.1034
v -0.3940 0.2341 -0.1145
v -0.3957 0.2428 -0.1121
v -0.4039 0.2435 -0.0904
v -0.4041 0.2493 -0.0947
v -0.4083 0.2519 -0.0935
v -0.3980 0.2472 -0.1065
v -0.4020 0.2498 -0.1061
v -0.3947 0.2454 -0.1159
v -0.3923 0.2470 -0.1190
v -0.3925 0.2485 -0.1223
v -0.3896 0.2447 -0.1274
v -0.3829 0.2413 -0.1396
v -0.4177 0.1895 -0.0586
v -0.4034 0.1882 -0.0914
v -0.4008 0.2221 -0.0982
v -0.4312 0.2203 -0.0274
v -0.4325 0.2914 -0.0234
v -0.4316 0.2865 -0.0349
v -0.4336 0.2969 -0.0231
v -0.4343 0.2957 -0.0287
v -0.4203 0.1428 -0.0504
v -0.4093 0.1582 -0.0762
v -0.4204 0.1639 -0.0512
v -0.4265 0.1031 -0.0357
v -0.4255 0.1093 -0.0383
v -0.4321 0.1031 -0.0231
v -0.4417 0.1176 -0.0013
v -0.4440 0.1327 0.0035
v -0.4461 0.1264 0.0068
v -0.4463 0.1026 0.0085
v -0.4563 0.0944 0.0088
v -0.4519 0.0975 0.0108
v -0.4564 0.0723 0.0061
v -0.4563 0.0855 0.0066
v -0.4621 0.0907 0.0085
v -0.4682 0.0913 0.0088
v -0.4719 0.0913 0.0098
v -0.4722 0.0988 0.0133
v -0.4749 0.0981 0.0149
v -0.4847 0.0966 0.0365
v -0.4667 0.0545 0.0088
v -0.4717 0.0681 0.0096
v -0.4712 0.0544 0.0106
v -0.4752 0.0098 0.0142
v -0.4718 0.0243 0.0104
v -0.4737 0.0305 0.0134
v -0.4565 0.0549 0.0057
v -0.4646 0.0368 0.0086
v -0.4523 0.0743 -0.0004
v -0.4473 0.0614 -0.0116
v -0.4452 0.0737 -0.0152
v -0.4502 0.0874 -0.0019
v -0.4445 0.0842 -0.0150
v -0.4486 0.0899 -0.0025
v -0.4451 0.0986 0.0048
v -0.4458 0.0945 -0.0024
v -0.4439 0.0969 -0.0022
v -0.4405 0.1004 -0.0076
v -0.4351 0.1030 -0.0164
v -0.4423 0.1057 -0.0002
v -0.4395 0.0900 -0.0255
v -0.4308 0.0952 -0.0343
v -0.4327 0.0989 -0.0240
v -0.4268 0.0991 -0.0362
v -0.4251 0.0960 -0.0475
v -0.4247 0.1024 -0.0416
v -0.4281 0.0884 -0.0534
v -0.4237 0.0892 -0.0600
v -0.4242 0.0825 -0.0622
v -0.4220 0.0851 -0.0675
v -0.4222 0.0886 -0.0676
v -0.4196 0.0898 -0.0697
v -0.4148 0.0951 -0.0696
v -0.4179 0.0917 -0.0680
v -0.4193 0.0958 -0.0581
v -0.4153 0.1001 -0.0602
v -0.4176 0.1028 -0.0566
v -0.4090 0.0984 -0.0767
v -0.4086 0.0969 -0.0812
v -0.4084 0.1032 -0.0758
v -0.4026 0.1219 -0.0905
v -0.4003 0.1595 -0.0975
v -0.3877 0.1520 -0.1274
v -0.3758 0.1465 -0.1555
v -0.3930 0.1810 -0.1156
v -0.3587 0.1407 -0.1958
v -0.3533 0.1618 -0.2083
v -0.3664 0.1740 -0.1785
v -0.3446 0.1824 -0.2272
v -0.3332 0.1887 -0.2525
v -0.3414 0.2070 -0.2332
v -0.3211 0.1728 -0.2803
v -0.3215 0.1983 -0.2791
v -0.3006 0.1516 -0.3265
v -0.3020 0.1676 -0.3347
v -0.3007 0.1996 -0.3267
v -0.3095 0.1555 -0.3463
v -0.3098 0.1738 -0.3476
v -0.3061 0.1826 -0.3407
v -0.3019 0.1398 -0.3347
v -0.3091 0.1295 -0.3458
v -0.3091 0.1159 -0.3071
v -0.2998 0.1209 -0.3269
v -0.3004 0.1355 -0.3265
v -0.3214 0.0977 -0.2848
v -0.3197 0.0953 -0.2915
v -0.3209 0.1031 -0.2807
v -0.3135 0.1030 -0.2971
v -0.3140 0.0954 -0.3039
v -0.3098 0.1030 -0.3055
v -0.3096 0.0981 -0.3092
v -0.3088 0.0966 -0.3151
v -0.3082 0.1030 -0.3090
v -0.3045 0.1031 -0.3179
v -0.3009 0.1084 -0.3251
v -0.3049 0.1030 -0.3398
v -0.3073 0.1113 -0.3426
v -0.3010 0.1207 -0.3337
v -0.3042 0.0976 -0.3347
v -0.3086 0.0966 -0.3403
v -0.3053 0.0992 -0.3393
v -0.3029 0.1029 -0.3208
v -0.3034 0.0971 -0.3272
v -0.3001 0.1031 -0.3273
v -0.3126 0.0901 -0.3210
v -0.3120 0.0820 -0.3266
v -0.3109 0.0885 -0.3270
v -0.3101 0.0920 -0.3389
v -0.3127 0.0943 -0.3433
v -0.3118 0.1000 -0.3441
v -0.3166 0.0949 -0.3479
v -0.3126 0.0997 -0.3473
v -0.3093 0.1088 -0.3459
v -0.3102 0.1039 -0.3533
v -0.3089 0.1088 -0.3514
v -0.3048 0.1213 -0.3610
v -0.3080 0.1208 -0.3510
v -0.3058 0.1509 -0.3585
v -0.2999 0.1314 -0.3723
v -0.2915 0.1310 -0.3883
v -0.2910 0.1505 -0.3880
v -0.2935 0.1413 -0.3874
v -0.2911 0.1701 -0.3880
v -0.2878 0.1807 -0.3886
v -0.2936 0.1114 -0.3868
v -0.2911 0.1197 -0.3875
v -0.2934 0.1169 -0.3863
v -0.2971 0.1161 -0.3793
v -0.2992 0.1052 -0.3765
v -0.2998 0.0986 -0.3878
v -0.2979 0.1050 -0.3824
v -0.3084 0.0774 -0.3720
v -0.3021 0.0967 -0.3846
v -0.3059 0.0986 -0.3775
v -0.3148 0.0710 -0.3586
v -0.3135 0.0964 -0.3616
v -0.3075 0.1015 -0.3675
v -0.3034 0.1083 -0.3673
v -0.3064 0.1077 -0.3616
v -0.3046 0.1034 -0.3693
v -0.3024 0.1040 -0.3744
v -0.3159 0.0969 -0.3512
v -0.3158 0.0955 -0.3554
v -0.3128 0.1000 -0.3518
v -0.3126 0.0909 -0.3413
v -0.3164 0.0821 -0.3480
v -0.3167 0.0915 -0.3475
v -0.3154 0.0848 -0.3552
v -0.3162 0.0477 -0.3486
v -0.3166 0.0608 -0.3483
v -0.3126 0.0696 -0.3410
v -0.3109 0.0710 -0.3333
v -0.3109 0.0887 -0.3337
v -0.3144 0.0854 -0.3186
v -0.3179 0.0891 -0.3094
v -0.3190 0.0898 -0.3038
v -0.3228 0.0853 -0.2977
v -0.3231 0.0889 -0.2960
v -0.3243 0.0899 -0.2913
v -0.3389 0.0499 -0.2620
v -0.3301 0.0694 -0.2813
v -0.3358 0.0762 -0.2674
v -0.3462 0.0833 -0.2426
v -0.3431 0.0855 -0.2503
v -0.3454 0.0897 -0.2423
v -0.3556 0.0838 -0.2217
v -0.3526 0.0906 -0.2232
v -0.3584 0.0888 -0.2154
v -0.3532 0.0952 -0.2152
v -0.3566 0.0949 -0.2094
v -0.3566 0.1032 -0.2002
v -0.3603 0.0955 -0.1980
v -0.3567 0.0996 -0.2004
v -0.3550 0.1032 -0.2036
v -0.3529 0.1037 -0.2102
v -0.3442 0.1033 -0.2278
v -0.3384 0.1031 -0.2398
v -0.3388 0.1482 -0.2402
v -0.3330 0.1034 -0.2526
v -0.3300 0.1056 -0.2607
v -0.3338 0.1164 -0.2511
v -0.3265 0.1040 -0.2689
v -0.3259 0.0981 -0.2749
v -0.3216 0.0984 -0.2816
v -0.3235 0.0942 -0.2851
v -0.3288 0.0836 -0.2827
v -0.3290 0.0890 -0.2816
v -0.3332 0.0870 -0.2710
v -0.3382 0.0849 -0.2610
v -0.3374 0.0899 -0.2618
v -0.3394 0.0890 -0.2594
v -0.3385 0.0971 -0.2449
v -0.3373 0.0957 -0.2513
v -0.3365 0.1029 -0.2446
v -0.3497 0.0898 -0.2330
v -0.3429 0.0951 -0.2386
v -0.3448 0.0984 -0.2287
v -0.3501 0.0954 -0.2229
v -0.3334 0.0997 -0.2529
v -0.3656 0.0860 -0.1963
v -0.3638 0.0909 -0.1966
v -0.3656 0.0919 -0.1908
v -0.3732 0.0847 -0.1805
v -0.3695 0.0886 -0.1878
v -0.3717 0.0895 -0.1808
v -0.3684 0.1001 -0.1712
v -0.3684 0.0956 -0.1799
v -0.3737 0.1033 -0.1583
v -0.3701 0.1161 -0.1677
v -0.3821 0.1280 -0.1396
v -0.3942 0.1032 -0.1100
v -0.3829 0.1033 -0.1364
v -0.3935 0.1322 -0.1128
v -0.3926 0.0962 -0.1185
v -0.3862 0.0962 -0.1344
v -0.3894 0.0886 -0.1407
v -0.3826 0.0954 -0.1452
v -0.3846 0.0855 -0.1547
v -0.3825 0.0898 -0.1568
v -0.3850 0.0898 -0.1514
v -0.3774 0.0920 -0.1646
v -0.3773 0.0972 -0.1569
v -0.3768 0.0820 -0.1726
v -0.3747 0.0885 -0.1776
v -0.3778 0.0876 -0.1687
v -0.3886 0.0839 -0.1450
v -0.3859 0.0828 -0.1514
v -0.3869 0.0887 -0.1494
v -0.4084 0.0366 -0.1012
v -0.4007 0.0627 -0.1182
v -0.4180 0.0485 -0.0787
v -0.4212 0.0254 -0.0719
v -0.4263 0.0651 -0.0589
v -0.4270 0.0820 -0.0558
v -0.4315 0.0852 -0.0459
v -0.4384 0.0780 -0.0303
v -0.4356 0.0843 -0.0362
v -0.4390 0.0845 -0.0277
v -0.4332 0.0884 -0.0431
v -0.4355 0.0885 -0.0337
v -0.4303 0.0898 -0.0459
v -0.4135 0.0847 -0.0867
v -0.4100 0.0884 -0.0962
v -0.4126 0.0897 -0.0870
v -0.4165 0.0883 -0.0799
v -0.4077 0.0954 -0.0879
v -0.4038 0.0973 -0.0933
v -0.4028 0.0948 -0.0985
v -0.4032 0.1034 -0.0890
v -0.4001 0.0954 -0.1040
v -0.4021 0.0895 -0.1106
v -0.3974 0.0982 -0.1055
v -0.3978 0.0865 -0.1245
v -0.3966 0.0894 -0.1227
v -0.3988 0.0852 -0.1215
v -0.3941 0.0805 -0.1324
v -0.3936 0.0883 -0.1324
v -0.3956 0.0849 -0.1282
v -0.3913 0.0855 -0.1391
v -0.3920 0.0872 -0.1365
v -0.3980 0.0385 -0.1251
v -0.3983 0.0247 -0.1250
v -0.3945 0.0281 -0.1325
v -0.3805 0.0251 -0.1653
v -0.3782 0.0275 -0.1703
v -0.3814 0.0399 -0.1634
v -0.3686 0.0517 -0.1931
v -0.3641 0.0748 -0.2031
v -0.3839 0.0650 -0.1572
v -0.3373 0.0240 -0.2641
v -0.3530 0.0404 -0.2291
v -0.3517 0.0243 -0.2310
v -0.3436 0.0234 -0.2473
v -0.3443 0.0269 -0.2486
v -0.3564 0.0218 -0.2097
v -0.3536 0.0230 -0.2220
v -0.3608 0.0235 -0.2073
v -0.3713 0.0271 -0.1855
v -0.3694 0.0247 -0.1900
v -0.3677 0.0274 -0.1935
v -0.3747 0.0217 -0.1681
v -0.3734 0.0227 -0.1759
v -0.3773 0.0239 -0.1689
v -0.3861 0.0230 -0.1464
v -0.3815 0.0219 -0.1569
v -0.3841 0.0243 -0.1540
v -0.3904 0.0269 -0.1413
v -0.3925 0.0248 -0.1369
v -0.3680 0.0212 -0.1804
v -0.3668 0.0222 -0.1892
v -0.3713 0.0242 -0.1835
v -0.3479 0.0214 -0.2268
v -0.3425 0.0215 -0.2444
v -0.3470 0.0215 -0.2372
v -0.3370 0.0207 -0.2415
v -0.3362 0.0217 -0.2573
v -0.3410 0.0216 -0.2514
v -0.3347 0.0224 -0.2669
v -0.3315 0.0244 -0.2776
v -0.3346 0.0240 -0.2725
v -0.3337 0.0279 -0.2749
v -0.3303 0.0326 -0.2829
v -0.3201 0.0666 -0.3056
v -0.3213 0.0860 -0.3015
v -0.3118 0.0316 -0.3249
v -0.3115 0.0375 -0.3276
v -0.3141 0.0452 -0.3207
v -0.3105 0.0333 -0.3329
v -0.3118 0.0337 -0.3410
v -0.3127 0.0405 -0.3409
v -0.3083 0.0215 -0.3402
v -0.3098 0.0314 -0.3380
v -0.3099 0.0260 -0.3282
v -0.3090 0.0283 -0.3323
v -0.3169 0.0238 -0.3129
v -0.3146 0.0293 -0.3179
v -0.3187 0.0294 -0.3088
v -0.3093 0.0196 -0.2877
v -0.3188 0.0209 -0.3037
v -0.3204 0.0211 -0.2983
v -0.3133 0.0211 -0.3150
v -0.3038 0.0206 -0.3273
v -0.3113 0.0243 -0.3243
v -0.3025 0.0173 -0.3356
v -0.3047 0.0160 -0.3398
v -0.3054 0.0207 -0.3343
v -0.3042 0.0029 -0.3459
v -0.3091 0.0101 -0.3437
v -0.3031 0.0052 -0.3418
v -0.2958 0.0036 -0.3383
v -0.2937 0.0067 -0.3368
v -0.2857 0.0029 -0.3352
v -0.2978 0.0030 -0.3409
v -0.2721 0.0011 -0.3450
v -0.2964 0.0020 -0.3551
v -0.3131 0.0102 -0.3471
v -0.3096 0.0050 -0.3465
v -0.3118 0.0036 -0.3498
v -0.3162 0.0216 -0.3489
v -0.3135 0.0280 -0.3458
v -0.3159 0.0135 -0.3501
v -0.3158 0.0125 -0.3544
v -0.3160 0.0267 -0.3516
v -0.3079 0.0024 -0.3696
v -0.2988 0.0006 -0.3804
v -0.3075 0.0019 -0.3738
v -0.3130 0.0334 -0.3627
v -0.3044 0.0043 -0.3817
v -0.3043 0.0279 -0.3804
v -0.2994 0.0166 -0.3894
v -0.2998 0.0483 -0.3882
v -0.2942 0.0356 -0.3970
v -0.2927 0.0553 -0.3986
v -0.2960 0.0610 -0.3943
v -0.2946 0.0922 -0.3952
v -0.2920 0.0955 -0.3969
v -0.2948 0.0969 -0.3940
v -0.2859 0.1037 -0.3902
v -0.2863 0.0978 -0.3944
v -0.2802 0.1030 -0.3883
v -0.2879 0.1077 -0.3891
v -0.2834 0.1089 -0.3871
v -0.2869 0.1157 -0.3876
v -0.2805 0.1058 -0.3860
v -0.2760 0.1057 -0.3846
v -0.2702 0.1022 -0.3836
v -0.2779 0.0978 -0.3914
v -0.2532 0.1049 -0.3738
v -0.2570 0.1171 -0.3756
v -0.2380 0.0971 -0.3753
v -0.2399 0.1016 -0.3721
v -0.2470 0.1026 -0.3734
v -0.2330 0.0942 -0.3746
v -0.2412 0.0940 -0.3777
v -0.2437 0.0898 -0.3795
v -0.2089 0.0566 -0.3626
v -0.2206 0.0336 -0.3682
v -0.2021 0.0243 -0.3566
v -0.2031 0.0345 -0.3596
v -0.2036 0.0155 -0.3597
v -0.2082 0.0029 -0.3512
v -0.2047 0.0073 -0.3593
v -0.2084 0.0032 -0.3566
v -0.2174 0.0012 -0.3341
v -0.2126 0.0022 -0.3480
v -0.2172 0.0013 -0.3569
v -0.2416 0.0027 -0.3214
v -0.2427 0.0078 -0.3101
v -0.2399 0.0127 -0.3087
v -0.2345 0.0100 -0.3080
v -0.2458 0.0097 -0.3109
v -0.2516 0.0155 -0.3141
v -0.2450 0.0148 -0.3106
v -0.2304 0.0078 -0.3094
v -0.2287 0.0137 -0.3108
v -0.2235 0.0100 -0.3107
v -0.2230 0.0143 -0.3117
v -0.2228 0.0219 -0.3108
v -0.2160 0.0267 -0.3080
v -0.2123 0.0256 -0.3081
v -0.2290 0.0261 -0.3042
v -0.2289 0.0226 -0.3092
v -0.2356 0.0232 -0.3041
v -0.2347 0.0200 -0.3095
v -0.2424 0.0221 -0.3040
v -0.2491 0.0227 -0.3047
v -0.2460 0.0200 -0.3099
v -0.2520 0.0205 -0.3117
v -0.2578 0.0216 -0.3111
v -0.2575 0.0195 -0.3153
v -0.2642 0.0218 -0.3105
v -0.2792 0.0189 -0.3004
v -0.2706 0.0202 -0.3103
v -0.2751 0.0183 -0.3104
v -0.2878 0.0176 -0.2813
v -0.2901 0.0183 -0.2964
v -0.2934 0.0178 -0.2745
v -0.3307 0.0210 -0.2671
v -0.3241 0.0213 -0.2847
v -0.3273 0.0228 -0.2853
v -0.3279 0.0242 -0.2886
v -0.3157 0.0185 -0.2402
v -0.2872 0.0212 -0.2698
v -0.2920 0.0185 -0.2607
v -0.2985 0.0189 -0.3215
v -0.3063 0.0203 -0.3207
v -0.3036 0.0113 -0.3401
v -0.2979 0.0157 -0.3344
v -0.2901 0.0119 -0.3324
v -0.2923 0.0161 -0.3292
v -0.2862 0.0111 -0.3301
v -0.2829 0.0033 -0.3325
v -0.2812 0.0064 -0.3302
v -0.2745 0.0029 -0.3292
v -0.2725 0.0035 -0.3266
v -0.2741 0.0062 -0.3266
v -0.2566 0.0031 -0.3215
v -0.2657 0.0028 -0.3283
v -0.2650 0.0038 -0.3250
v -0.2451 0.0059 -0.3127
v -0.2474 0.0041 -0.3153
v -0.2522 0.0068 -0.3152
v -0.2568 0.0158 -0.3162
v -0.2540 0.0181 -0.3157
v -0.2641 0.0207 -0.3141
v -0.2566 0.0054 -0.3186
v -0.2681 0.0115 -0.3208
v -0.2630 0.0125 -0.3179
v -0.2695 0.0171 -0.3169
v -0.2713 0.0141 -0.3216
v -0.2755 0.0172 -0.3168
v -0.2803 0.0180 -0.3078
v -0.2895 0.0177 -0.3181
v -0.2897 0.0178 -0.3220
v -0.2807 0.0102 -0.3284
v -0.2803 0.0155 -0.3233
v -0.2742 0.0107 -0.3241
v -0.2460 0.0008 -0.3632
v -0.2533 0.0006 -0.3536
v -0.2840 0.0016 -0.3858
v -0.2984 0.0008 -0.3858
v -0.2975 0.0018 -0.3910
v -0.2970 0.0056 -0.3930
v -0.3003 0.0019 -0.3886
v -0.2878 0.0051 -0.3975
v -0.2878 0.0097 -0.3993
v -0.2941 0.0061 -0.3988
v -0.2817 0.0024 -0.3912
v -0.2930 0.0014 -0.3916
v -0.2738 0.0073 -0.3919
v -0.2789 0.0083 -0.3941
v -0.2760 0.0050 -0.3917
v -0.2553 0.0156 -0.3839
v -0.2740 0.0141 -0.3928
v -0.2699 0.0104 -0.3903
v -0.2568 0.0044 -0.3824
v -0.2669 0.0030 -0.3873
v -0.2646 0.0023 -0.3848
v -0.2451 0.0019 -0.3735
v -0.2469 0.0024 -0.3773
v -0.2530 0.0023 -0.3791
v -0.2123 0.0029 -0.3615
v -0.2202 0.0014 -0.3624
v -0.2235 0.0021 -0.3675
v -0.2178 0.0049 -0.3661
v -0.2173 0.0098 -0.3665
v -0.2356 0.0021 -0.3729
v -0.2381 0.0026 -0.3750
v -0.2351 0.0181 -0.3748
v -0.2643 0.0263 -0.3892
v -0.2880 0.0215 -0.4006
v -0.2523 0.0909 -0.3840
v -0.2779 0.0479 -0.3969
v -0.2797 0.0888 -0.3978
v -0.2874 0.0491 -0.4013
v -0.2916 0.0185 -0.4005
v -0.2920 0.0099 -0.4001
v -0.2913 0.0403 -0.4005
v -0.2905 0.0530 -0.4001
v -0.2874 0.0880 -0.4002
v -0.2874 0.0796 -0.4010
v -0.2874 0.0939 -0.3988
v -0.2840 0.0933 -0.3984
v -0.2689 0.0969 -0.3886
v -0.2679 0.0935 -0.3917
v -0.2642 0.0946 -0.3889
v -0.2596 0.0999 -0.3817
v -0.2514 0.0964 -0.3811
v -0.2823 0.0234 -0.2696
v -0.2060 0.0061 -0.3417
v -0.2042 0.0083 -0.3482
v -0.2032 0.0118 -0.3527
v -0.2033 0.0103 -0.3566
v -0.2021 0.0316 -0.3515
v -0.2021 0.0395 -0.3556
v -0.2023 0.0696 -0.3598
v -0.3739 0.0976 -0.1630
v -0.3741 0.0990 -0.1588
v -0.3658 0.0968 -0.1848
v -0.3132 0.0827 -0.3410
v -0.3708 0.2406 -0.1650
v -0.3608 0.2501 -0.1869
v -0.3628 0.2539 -0.1821
v -0.4322 0.2852 -0.0415
v -0.4308 0.2818 -0.0446
v -0.4278 0.2743 -0.0527
v -0.4449 0.2352 0.0033
v -0.4369 0.2755 -0.0120
v -0.4437 0.2749 0.0032
v -0.4928 0.0983 0.0582
v -0.4926 0.0964 0.0530
v -0.4904 0.0986 0.0526
v -0.4917 0.0962 0.0638
v -0.4941 0.0914 0.0583
v -0.4937 0.0740 0.0582
v -0.4934 0.0828 0.0589
v -0.4516 0.1047 0.0754
v -0.3962 0.1038 0.0949
v -0.3932 0.1021 0.0916
v -0.3931 0.1147 0.0877
v -0.3872 0.1088 0.0857
v -0.3929 0.1086 0.0878
v -0.3644 0.1217 0.0923
v -0.3786 0.1097 0.0858
v -0.3796 0.1325 0.0862
v -0.3801 0.1559 0.0864
v -0.3801 0.2056 0.0865
v -0.3613 0.1762 0.0948
v -0.3414 0.1558 0.1032
v -0.3382 0.1844 0.1051
v -0.2933 0.2073 0.1248
v -0.2934 0.2237 0.1247
v -0.2873 0.2203 0.1279
v -0.2796 0.1824 0.1304
v -0.2751 0.2085 0.1328
v -0.2674 0.1968 0.1361
v -0.2619 0.1829 0.1380
v -0.2458 0.1851 0.1445
v -0.2297 0.1734 0.1510
v -0.2380 0.1797 0.1494
v -0.2340 0.1808 0.1519
v -0.2279 0.1755 0.1650
v -0.2274 0.1746 0.1573
v -0.2319 0.1796 0.1618
v -0.2475 0.1872 0.1698
v -0.2342 0.1782 0.1666
v -0.2401 0.1856 0.1623
v -0.2434 0.1839 0.1749
v -0.2532 0.1926 0.1745
v -0.2570 0.2047 0.1817
v -0.2573 0.1999 0.1777
v -0.2686 0.2102 0.1739
v -0.2445 0.1967 0.1862
v -0.2588 0.2116 0.1816
v -0.2467 0.2045 0.1862
v -0.2609 0.2192 0.1813
v -0.2326 0.1960 0.1909
v -0.2369 0.2046 0.1885
v -0.2183 0.1883 0.1949
v -0.2057 0.1828 0.1975
v -0.1890 0.1703 0.2035
v -0.1705 0.1588 0.2099
v -0.1821 0.1701 0.2032
v -0.1680 0.1620 0.2075
v -0.1538 0.1487 0.2171
v -0.1461 0.1487 0.2177
v -0.1160 0.1433 0.2271
v -0.1045 0.1425 0.2324
v -0.0839 0.1450 0.2426
v -0.0942 0.1443 0.2357
v -0.0850 0.1475 0.2377
v -0.0764 0.1519 0.2375
v -0.0640 0.1589 0.2389
v -0.0671 0.1562 0.2308
v -0.0840 0.1497 0.2201
v -0.0802 0.1527 0.2216
v -0.0878 0.1492 0.2220
v -0.0861 0.1535 0.2144
v -0.0984 0.1590 0.2068
v -0.1303 0.1820 0.1920
v -0.1148 0.2056 0.1978
v -0.0914 0.2050 0.2077
v -0.1079 0.2241 0.2001
v -0.0906 0.2332 0.2090
v -0.0841 0.2383 0.2135
v -0.0719 0.2386 0.2173
v -0.0818 0.2438 0.2163
v -0.0761 0.2445 0.2196
v -0.0780 0.2433 0.2167
v -0.0866 0.2578 0.2346
v -0.0913 0.2544 0.2291
v -0.0927 0.2635 0.2369
v -0.0828 0.2608 0.2391
v -0.0863 0.2615 0.2383
v -0.0881 0.2684 0.2427
v -0.0881 0.2720 0.2457
v -0.0883 0.2745 0.2477
v -0.0808 0.2682 0.2494
v -0.0802 0.2733 0.2515
v -0.0831 0.2793 0.2519
v -0.0766 0.2748 0.2543
v -0.0766 0.2779 0.2624
v -0.0770 0.2871 0.2593
v -0.0765 0.2891 0.2643
v -0.0774 0.2644 0.2638
v -0.0782 0.2673 0.2570
v -0.0735 0.2724 0.2705
v -0.0715 0.2845 0.2725
v -0.0714 0.2643 0.2725
v -0.0683 0.2718 0.2738
v -0.0679 0.2918 0.2741
v -0.0750 0.3195 0.2740
v -0.0781 0.3233 0.2742
v -0.0767 0.3289 0.2743
v -0.0635 0.3281 0.2735
v -0.0640 0.3334 0.2718
v -0.0573 0.3331 0.2697
v -0.0547 0.3310 0.2666
v -0.0539 0.3360 0.2601
v -0.0520 0.3285 0.2635
v -0.0504 0.3197 0.2651
v -0.0483 0.3166 0.2605
v -0.0476 0.3090 0.2545
v -0.0465 0.3141 0.2506
v -0.0481 0.3084 0.2511
v -0.0415 0.3149 0.2485
v -0.0410 0.3094 0.2450
v -0.0452 0.3124 0.2457
v -0.0387 0.3125 0.2457
v -0.0353 0.3087 0.2440
v -0.0308 0.3117 0.2468
v -0.0314 0.3202 0.2522
v -0.0379 0.3236 0.2518
v -0.0307 0.3262 0.2537
v -0.0117 0.3284 0.2608
v -0.0258 0.3310 0.2552
v -0.0184 0.3362 0.2575
v -0.0034 0.3324 0.2646
v 0.0055 0.3366 0.2693
v 0.0104 0.3312 0.2711
v 0.0261 0.3211 0.2761
v 0.0183 0.3249 0.2738
v 0.0318 0.3260 0.2804
v 0.0272 0.3383 0.2748
v 0.0126 0.3435 0.2689
v 0.0047 0.3522 0.2646
v -0.0237 0.3573 0.2525
v 0.0238 0.3819 0.2728
v 0.1174 0.3490 0.3098
v 0.0844 0.3543 0.2976
v 0.0962 0.3634 0.3025
v 0.1411 0.3433 0.3219
v 0.1445 0.3518 0.3229
v 0.1582 0.3564 0.3298
v 0.1476 0.3609 0.3248
v 0.1565 0.3614 0.3296
v 0.1688 0.3539 0.3333
v 0.1698 0.3663 0.3363
v 0.1763 0.3610 0.3369
v 0.1743 0.3695 0.3369
v 0.1710 0.3770 0.3356
v 0.1799 0.3717 0.3388
v 0.1951 0.3786 0.3460
v 0.1873 0.3865 0.3435
v 0.1919 0.3880 0.3468
v 0.1963 0.3837 0.3488
v 0.1967 0.3891 0.3514
v 0.2003 0.3845 0.3534
v 0.2013 0.3906 0.3576
v 0.1993 0.3912 0.3554
v 0.1981 0.3958 0.3565
v 0.1985 0.4007 0.3563
v 0.1972 0.4061 0.3513
v 0.2025 0.4078 0.3571
v 0.2070 0.4144 0.3573
v 0.2011 0.4152 0.3521
v 0.2057 0.4235 0.3551
v 0.2173 0.4335 0.3596
v 0.2116 0.4347 0.3552
v 0.2192 0.4361 0.3584
v 0.2085 0.4360 0.3522
v 0.2125 0.4376 0.3452
v 0.2205 0.4370 0.3542
v 0.2084 0.4369 0.3387
v 0.2049 0.4339 0.3342
v 0.2087 0.4391 0.3319
v 0.2064 0.4353 0.3258
v 0.2041 0.4303 0.3155
v 0.2080 0.4354 0.3157
v 0.1989 0.4302 0.3084
v 0.2010 0.4331 0.3055
v 0.2034 0.4306 0.3109
v 0.2033 0.4374 0.3033
v 0.2007 0.4410 0.3010
v 0.2058 0.4416 0.3034
v 0.1843 0.4393 0.2949
v 0.1874 0.4512 0.2894
v 0.1963 0.4456 0.2965
v 0.2096 0.4545 0.2977
v 0.2108 0.4583 0.2973
v 0.2170 0.4716 0.3041
v 0.2162 0.4682 0.3010
v 0.2168 0.4702 0.2984
v 0.2182 0.4761 0.3038
v 0.2184 0.4758 0.2976
v 0.2197 0.4805 0.2905
v 0.2234 0.4871 0.2918
v 0.2207 0.4821 0.2975
v 0.2069 0.4765 0.2795
v 0.2141 0.4776 0.2807
v 0.1393 0.4804 0.2496
v 0.1360 0.4851 0.2437
v 0.1687 0.4837 0.2571
v 0.1662 0.4708 0.2675
v 0.1761 0.4760 0.2674
v 0.1990 0.4668 0.2843
v 0.1596 0.4471 0.2797
v 0.1385 0.4576 0.2650
v 0.1672 0.4637 0.2729
v 0.2061 0.4649 0.2895
v 0.2112 0.4708 0.2864
v 0.2117 0.4650 0.2916
v 0.2144 0.4721 0.2867
v 0.1635 0.4335 0.2893
v 0.1873 0.4297 0.3035
v 0.1842 0.4324 0.2984
v 0.1893 0.4346 0.2999
v 0.1868 0.4282 0.3095
v 0.1806 0.4297 0.3028
v 0.1996 0.4299 0.3342
v 0.1871 0.4289 0.3242
v 0.1987 0.4289 0.3246
v 0.2021 0.4322 0.3397
v 0.2025 0.4310 0.3368
v 0.2060 0.4352 0.3503
v 0.2012 0.4326 0.3449
v 0.2063 0.4350 0.3442
v 0.2084 0.4327 0.3568
v 0.2059 0.4303 0.3548
v 0.2064 0.4334 0.3544
v 0.1976 0.4230 0.3452
v 0.1991 0.4259 0.3477
v 0.2014 0.4235 0.3508
v 0.2032 0.4328 0.3526
v 0.1982 0.4293 0.3444
v 0.1820 0.4278 0.3369
v 0.1820 0.4286 0.3318
v 0.1901 0.4286 0.3381
v 0.1635 0.4284 0.3101
v 0.1690 0.4278 0.3040
v 0.1800 0.4285 0.3088
v 0.1756 0.4301 0.2976
v 0.1760 0.4332 0.2950
v 0.1801 0.4311 0.2977
v 0.1577 0.4300 0.2902
v 0.1643 0.4305 0.2919
v 0.1435 0.4322 0.2812
v 0.1455 0.4382 0.2788
v 0.1481 0.4328 0.2832
v 0.0964 0.4623 0.2459
v 0.1387 0.4673 0.2591
v 0.0746 0.4742 0.2297
v 0.0752 0.4846 0.2220
v 0.1013 0.4827 0.2345
v 0.1197 0.4885 0.2342
v 0.1221 0.5012 0.2177
v 0.1068 0.5095 0.1935
v 0.1008 0.5150 0.1774
v 0.0956 0.5204 0.1607
v 0.1175 0.5256 0.1577
v 0.1233 0.5188 0.1803
v 0.0607 0.5242 0.1335
v 0.0590 0.5307 0.1121
v 0.0944 0.5257 0.1447
v 0.1000 0.5368 0.1068
v 0.0734 0.5397 0.0796
v 0.1156 0.5386 0.1055
v 0.0488 0.5425 0.0538
v 0.0742 0.5439 0.0517
v 0.0999 0.5423 0.0736
v 0.1176 0.5441 0.0642
v 0.1406 0.5439 0.0804
v 0.1412 0.5426 0.0942
v 0.0430 0.5440 0.0060
v 0.0654 0.5435 0.0146
v 0.0042 0.5461 0.0141
v 0.0187 0.5456 0.0015
v 0.0291 0.5454 0.0211
v -0.0077 0.5448 0.0266
v 0.0101 0.5456 0.0241
v -0.0033 0.5436 0.0380
v 0.0061 0.5372 0.0701
v 0.0068 0.5405 0.0556
v 0.0254 0.5383 0.0696
v 0.0228 0.5282 0.1062
v 0.0253 0.5336 0.0885
v 0.0545 0.5139 0.1579
v 0.0372 0.5207 0.1333
v 0.0743 0.5177 0.1574
v 0.0681 0.4998 0.1952
v 0.0629 0.5066 0.1785
v 0.1077 0.5026 0.2086
v 0.0185 0.4995 0.1743
v 0.0263 0.5051 0.1661
v -0.0355 0.5067 0.1383
v -0.0307 0.5139 0.1249
v -0.0121 0.5087 0.1426
v -0.0071 0.5184 0.1223
v -0.0141 0.5243 0.1056
v 0.0076 0.5241 0.1128
v -0.0315 0.5270 0.0946
v -0.0207 0.5336 0.0783
v -0.0048 0.5286 0.0964
v -0.0207 0.5386 0.0590
v -0.0149 0.5415 0.0461
v -0.0085 0.5399 0.0569
v -0.0360 0.5425 0.0223
v -0.0483 0.5437 0.0035
v -0.0084 0.5455 0.0176
v -0.0342 0.5450 -0.0031
v -0.0704 0.5447 -0.0314
v -0.0242 0.5448 -0.0108
v -0.0083 0.5437 -0.0172
v -0.0058 0.5412 -0.0309
v 0.0076 0.5413 -0.0295
v 0.0420 0.5377 -0.0409
v 0.0144 0.5326 -0.0701
v 0.0196 0.5273 -0.0866
v 0.0370 0.5317 -0.0675
v 0.0315 0.5162 -0.1124
v 0.0058 0.5041 -0.1489
v -0.0216 0.5054 -0.1573
v -0.0250 0.4977 -0.1746
v -0.0601 0.4958 -0.1944
v -0.0649 0.4911 -0.2049
v -0.0371 0.4906 -0.1924
v -0.0881 0.4898 -0.2190
v -0.0776 0.5025 -0.1905
v -0.0952 0.4989 -0.2075
v -0.0504 0.5142 -0.1488
v -0.0664 0.5067 -0.1749
v -0.0383 0.5089 -0.1567
v -0.0514 0.5280 -0.1093
v -0.0728 0.5247 -0.1287
v -0.0401 0.5227 -0.1214
v -0.0241 0.5338 -0.0783
v -0.0133 0.5297 -0.0895
v -0.0043 0.5390 -0.0457
v 0.0013 0.5360 -0.0600
v 0.0146 0.5384 -0.0450
v -0.0380 0.5406 -0.0476
v -0.0328 0.5373 -0.0647
v -0.0932 0.5415 -0.0659
v -0.0996 0.5382 -0.0875
v -0.0888 0.5357 -0.0951
v -0.0826 0.5307 -0.1131
v -0.0531 0.5319 -0.0964
v -0.0895 0.5262 -0.1323
v -0.0889 0.5205 -0.1506
v -0.0871 0.5145 -0.1667
v -0.0721 0.5178 -0.1491
v -0.1226 0.5064 -0.2015
v -0.1365 0.5000 -0.2181
v -0.1015 0.4995 -0.2092
v -0.1336 0.4878 -0.2388
v -0.1192 0.4818 -0.2405
v -0.1173 0.4857 -0.2364
v -0.1281 0.4801 -0.2453
v -0.1266 0.4755 -0.2479
v -0.1159 0.4783 -0.2416
v -0.1178 0.4726 -0.2463
v -0.1378 0.4650 -0.2597
v -0.0866 0.4632 -0.2389
v -0.0832 0.4423 -0.2483
v -0.1003 0.4421 -0.2555
v -0.0871 0.4379 -0.2512
v -0.0746 0.4379 -0.2476
v -0.0772 0.4346 -0.2506
v -0.0765 0.4310 -0.2574
v -0.0850 0.4300 -0.2614
v -0.1069 0.4312 -0.2970
v -0.0874 0.4311 -0.2887
v -0.0781 0.4306 -0.2825
v -0.0656 0.4311 -0.2780
v -0.0593 0.4283 -0.2778
v -0.0612 0.4310 -0.2768
v -0.0479 0.4281 -0.2727
v -0.0948 0.4244 -0.2942
v -0.1033 0.4283 -0.2972
v -0.1114 0.4253 -0.3019
v -0.1119 0.4058 -0.3028
v -0.1352 0.4042 -0.3130
v -0.1334 0.3911 -0.3125
v -0.1339 0.3762 -0.3155
v -0.1375 0.3829 -0.3155
v -0.1391 0.3785 -0.3170
v -0.1334 0.3703 -0.3167
v -0.1373 0.3718 -0.3204
v -0.1393 0.3642 -0.3223
v -0.1422 0.3668 -0.3235
v -0.1426 0.3624 -0.3228
v -0.1397 0.3738 -0.3219
v -0.1416 0.3773 -0.3198
v -0.1469 0.3774 -0.3221
v -0.1505 0.3717 -0.3255
v -0.1614 0.3732 -0.3266
v -0.1680 0.3759 -0.3282
v -0.1850 0.3757 -0.3355
v -0.1924 0.3882 -0.3391
v -0.1951 0.3667 -0.3413
v -0.2001 0.3695 -0.3458
v -0.2064 0.3619 -0.3567
v -0.2006 0.3546 -0.3449
v -0.2004 0.3482 -0.3454
v -0.2047 0.3524 -0.3552
v -0.1997 0.3432 -0.3465
v -0.2005 0.3412 -0.3502
v -0.2009 0.3398 -0.3563
v -0.1990 0.3389 -0.3479
v -0.1991 0.3344 -0.3593
v -0.2013 0.3374 -0.3603
v -0.2070 0.3476 -0.3637
v -0.2108 0.3519 -0.3636
v -0.2147 0.3487 -0.3657
v -0.2128 0.3581 -0.3633
v -0.2145 0.3715 -0.3630
v -0.2194 0.3614 -0.3664
v -0.2261 0.3588 -0.3695
v -0.2247 0.3675 -0.3685
v -0.2276 0.3635 -0.3691
v -0.2214 0.3473 -0.3682
v -0.2337 0.3510 -0.3736
v -0.2370 0.3313 -0.3776
v -0.2520 0.3340 -0.3842
v -0.2649 0.3256 -0.3906
v -0.2594 0.3212 -0.3869
v -0.2671 0.3206 -0.3905
v -0.2743 0.3213 -0.3948
v -0.2787 0.3254 -0.3983
v -0.2948 0.3200 -0.4031
v -0.3023 0.3151 -0.3922
v -0.3029 0.3166 -0.3964
v -0.3053 0.3172 -0.3942
v -0.3129 0.3190 -0.3775
v -0.3109 0.3171 -0.3828
v -0.3096 0.3198 -0.3860
v -0.3183 0.3165 -0.3627
v -0.3165 0.3167 -0.3709
v -0.3213 0.3197 -0.3575
v -0.3193 0.3378 -0.3486
v -0.3199 0.3323 -0.3533
v -0.3199 0.3428 -0.3508
v -0.3164 0.3634 -0.3445
v -0.3183 0.3534 -0.3476
v -0.3176 0.3685 -0.3471
v -0.3137 0.3736 -0.3418
v -0.3169 0.3911 -0.3433
v -0.3063 0.3813 -0.3365
v -0.3030 0.3463 -0.3355
v -0.2982 0.3461 -0.3317
v -0.3015 0.3261 -0.3175
v -0.2983 0.3258 -0.3262
v -0.3026 0.3395 -0.3165
v -0.3138 0.3592 -0.2930
v -0.3100 0.3550 -0.3017
v -0.3071 0.3675 -0.3079
v -0.3164 0.3482 -0.2883
v -0.3176 0.3547 -0.2849
v -0.3236 0.3544 -0.2677
v -0.3194 0.3609 -0.2791
v -0.3271 0.3590 -0.2603
v -0.3410 0.3668 -0.2289
v -0.3365 0.3940 -0.2400
v -0.3670 0.3763 -0.1714
v -0.3551 0.3811 -0.1979
v -0.3608 0.4123 -0.1852
v -0.3881 0.3884 -0.1236
v -0.3801 0.4136 -0.1410
v -0.3895 0.4308 -0.1185
v -0.3816 0.4308 -0.1354
v -0.3878 0.4379 -0.1244
v -0.3979 0.4345 -0.1006
v -0.3939 0.4295 -0.1091
v -0.3962 0.4359 -0.1057
v -0.4077 0.4253 -0.0795
v -0.4048 0.4327 -0.0873
v -0.4136 0.4367 -0.0709
v -0.4090 0.4327 -0.0784
v -0.4066 0.4384 -0.0864
v -0.4214 0.4278 -0.0484
v -0.4211 0.4378 -0.0572
v -0.4281 0.4361 -0.0422
v -0.4283 0.4191 -0.0335
v -0.4226 0.4205 -0.0463
v -0.4267 0.4244 -0.0377
v -0.4302 0.4267 -0.0339
v -0.4333 0.4299 -0.0319
v -0.4468 0.4190 -0.0106
v -0.4395 0.4273 -0.0230
v -0.4489 0.4247 -0.0107
v -0.4522 0.4094 -0.0026
v -0.4499 0.4135 -0.0063
v -0.4581 0.4105 -0.0010
v -0.4614 0.4135 0.0033
v -0.4571 0.4306 0.0037
v -0.4601 0.4337 0.0072
v -0.4646 0.4296 0.0109
v -0.4666 0.4358 0.0151
v -0.4697 0.4322 0.0155
v -0.4760 0.4263 0.0254
v -0.4746 0.4333 0.0233
v -0.4778 0.4340 0.0304
v -0.4826 0.4339 0.0417
v -0.4803 0.4327 0.0330
v -0.4786 0.4360 0.0411
v -0.4812 0.4363 0.0448
v -0.4913 0.4158 0.0554
v -0.4849 0.4246 0.0437
v -0.4861 0.4273 0.0482
v -0.4914 0.4048 0.0596
v -0.4906 0.3967 0.0522
v -0.4885 0.4077 0.0617
v -0.4876 0.4213 0.0608
v -0.4866 0.4098 0.0641
v -0.4870 0.4059 0.0643
v -0.4828 0.4059 0.0663
v -0.4782 0.3972 0.0696
v -0.4668 0.3825 0.0797
v -0.4713 0.3905 0.0745
v -0.4652 0.3908 0.0770
v -0.4649 0.3805 0.0820
v -0.4560 0.3809 0.0839
v -0.4328 0.3797 0.0919
v -0.4440 0.3821 0.0874
v -0.4328 0.3889 0.0906
v -0.4233 0.3718 0.0955
v -0.4238 0.3845 0.0951
v -0.4122 0.3872 0.0996
v -0.4086 0.3731 0.1006
v -0.4036 0.3842 0.1028
v -0.4002 0.3682 0.1024
v -0.4020 0.3497 0.1029
v -0.4120 0.3597 0.0995
v -0.4031 0.3612 0.1020
v -0.3865 0.3365 0.1098
v -0.3922 0.3439 0.1049
v -0.3865 0.3425 0.1089
v -0.3811 0.3427 0.1224
v -0.3825 0.3373 0.1155
v -0.3826 0.3433 0.1159
v -0.3794 0.3486 0.1313
v -0.3795 0.3549 0.1279
v -0.3760 0.3572 0.1334
v -0.3717 0.3420 0.1420
v -0.3751 0.3448 0.1403
v -0.3653 0.3449 0.1455
v -0.3574 0.3367 0.1481
v -0.3565 0.3457 0.1450
v -0.3466 0.3305 0.1449
v -0.3502 0.3390 0.1457
v -0.3440 0.3328 0.1421
v -0.3393 0.3193 0.1456
v -0.3406 0.3242 0.1430
v -0.3248 0.3104 0.1473
v -0.3154 0.2885 0.1574
v -0.3166 0.2975 0.1536
v -0.2998 0.2769 0.1618
v -0.2784 0.2553 0.1698
v -0.2726 0.2543 0.1695
v -0.2666 0.2487 0.1708
v -0.2452 0.2237 0.1801
v -0.2568 0.2390 0.1730
v -0.2440 0.2272 0.1766
v -0.2105 0.1920 0.1928
v -0.2292 0.2075 0.1867
v -0.2203 0.2030 0.1872
v -0.2077 0.1946 0.1891
v -0.2075 0.1981 0.1831
v -0.1948 0.1869 0.1898
v -0.1653 0.1638 0.2048
v -0.1771 0.1739 0.1964
v -0.1616 0.1641 0.2023
v -0.1409 0.1523 0.2129
v -0.1500 0.1586 0.2043
v -0.1394 0.1537 0.2088
v -0.1282 0.1469 0.2202
v -0.1312 0.1501 0.2141
v -0.1201 0.1469 0.2197
v -0.1027 0.1451 0.2283
v -0.1108 0.1467 0.2207
v -0.1018 0.1472 0.2222
v -0.0924 0.1484 0.2255
v -0.0998 0.1484 0.2157
v -0.0934 0.1510 0.2108
v -0.0879 0.1504 0.2156
v -0.1050 0.1504 0.2095
v -0.1069 0.1515 0.2050
v -0.1024 0.1535 0.2073
v -0.1153 0.1585 0.1998
v -0.1155 0.1652 0.1987
v -0.1106 0.1595 0.2014
v -0.1192 0.1513 0.1993
v -0.1230 0.1554 0.1979
v -0.1184 0.1551 0.1984
v -0.1112 0.1502 0.2055
v -0.1154 0.1535 0.2015
v -0.1108 0.1550 0.2028
v -0.1256 0.1499 0.2085
v -0.1275 0.1496 0.2031
v -0.1205 0.1494 0.2072
v -0.1326 0.1518 0.2082
v -0.1298 0.1510 0.2047
v -0.1290 0.1546 0.1981
v -0.1273 0.1614 0.1934
v -0.1344 0.1668 0.1907
v -0.1560 0.1794 0.1814
v -0.1592 0.1755 0.1805
v -0.1605 0.1854 0.1802
v -0.1496 0.2036 0.1843
v -0.1436 0.2334 0.1866
v -0.1324 0.2165 0.1907
v -0.1224 0.2293 0.1939
v -0.1325 0.2392 0.1901
v -0.1244 0.2437 0.1918
v -0.1132 0.2481 0.2010
v -0.1119 0.2431 0.1985
v -0.1156 0.2451 0.1974
v -0.1031 0.2430 0.2052
v -0.0966 0.2420 0.2089
v -0.1004 0.2388 0.2051
v -0.0940 0.2532 0.2254
v -0.0880 0.2440 0.2143
v -0.0902 0.2425 0.2111
v -0.1069 0.2512 0.2141
v -0.1075 0.2583 0.2225
v -0.1008 0.2669 0.2362
v -0.0969 0.2608 0.2316
v -0.1005 0.2608 0.2281
v -0.1134 0.2772 0.2418
v -0.1089 0.2698 0.2344
v -0.1163 0.2746 0.2332
v -0.1131 0.2836 0.2458
v -0.1069 0.2811 0.2475
v -0.1101 0.2792 0.2451
v -0.0994 0.2801 0.2498
v -0.0945 0.2909 0.2507
v -0.0890 0.2844 0.2510
v -0.0827 0.2852 0.2520
v -0.0833 0.2913 0.2508
v -0.0768 0.2904 0.2537
v -0.0764 0.2939 0.2555
v -0.0783 0.2963 0.2574
v -0.0790 0.3032 0.2632
v -0.0821 0.3091 0.2595
v -0.0814 0.3124 0.2652
v -0.0769 0.3132 0.2723
v -0.0832 0.3239 0.2704
v -0.0839 0.3352 0.2701
v -0.0861 0.3371 0.2665
v -0.0826 0.3384 0.2691
v -0.0768 0.3445 0.2680
v -0.0712 0.3436 0.2674
v -0.0688 0.3385 0.2702
v -0.0614 0.3397 0.2661
v -0.0661 0.3426 0.2662
v -0.0645 0.3447 0.2633
v -0.0573 0.3373 0.2646
v -0.0566 0.3415 0.2613
v -0.0506 0.3327 0.2575
v -0.0529 0.3390 0.2530
v -0.0477 0.3368 0.2515
v -0.0471 0.3244 0.2561
v -0.0447 0.3311 0.2514
v -0.0452 0.3256 0.2519
v -0.0462 0.3199 0.2526
v -0.0406 0.3303 0.2519
v -0.0349 0.3324 0.2525
v -0.0303 0.3438 0.2505
v -0.0195 0.3483 0.2548
v -0.0114 0.3427 0.2592
v 0.0121 0.3358 0.2717
v 0.0029 0.3410 0.2660
v 0.0023 0.3485 0.2633
v -0.0349 0.3546 0.2483
v -0.0350 0.3904 0.2494
v -0.0279 0.3904 0.2517
v 0.0707 0.4005 0.2925
v 0.0244 0.3967 0.2732
v 0.0467 0.4131 0.2823
v 0.1075 0.3993 0.3077
v 0.0977 0.4255 0.3034
v 0.1168 0.4178 0.3113
v 0.1013 0.4273 0.3047
v 0.1266 0.4272 0.3153
v 0.1200 0.4243 0.3124
v 0.1239 0.4280 0.3133
v 0.1609 0.3916 0.3306
v 0.1380 0.4056 0.3202
v 0.1542 0.4227 0.3262
v 0.1803 0.4091 0.3390
v 0.1712 0.4035 0.3350
v 0.1678 0.4249 0.3317
v 0.1924 0.3964 0.3487
v 0.1931 0.4058 0.3469
v 0.1785 0.4247 0.3365
v 0.1722 0.4270 0.3335
v 0.1619 0.4276 0.3289
v 0.1552 0.4282 0.3252
v 0.1634 0.4292 0.3266
v 0.1490 0.4291 0.3205
v 0.1349 0.4281 0.3178
v 0.1402 0.4288 0.3109
v 0.1575 0.4277 0.2981
v 0.1514 0.4291 0.2921
v 0.1396 0.4279 0.2925
v 0.1415 0.4298 0.2854
v 0.1457 0.4280 0.2919
v 0.1368 0.4337 0.2780
v 0.1230 0.4305 0.2746
v 0.1226 0.4343 0.2715
v 0.1268 0.4314 0.2744
v 0.1225 0.4296 0.2801
v 0.1161 0.4305 0.2732
v 0.1295 0.4292 0.2860
v 0.1348 0.4301 0.2804
v 0.1226 0.4292 0.3092
v 0.1087 0.4292 0.2976
v 0.1302 0.4288 0.2976
v 0.1140 0.4270 0.3099
v 0.1096 0.4267 0.3073
v 0.1078 0.4289 0.2803
v 0.1165 0.4283 0.2805
v 0.1115 0.4307 0.2689
v 0.1059 0.4327 0.2659
v 0.1078 0.4355 0.2645
v 0.0715 0.4428 0.2460
v 0.0547 0.4593 0.2302
v 0.0818 0.4356 0.2543
v 0.0685 0.4340 0.2500
v 0.0879 0.4324 0.2591
v 0.0931 0.4347 0.2594
v 0.0998 0.4301 0.2670
v 0.0978 0.4306 0.2632
v 0.1020 0.4317 0.2653
v 0.1008 0.4349 0.2623
v 0.0719 0.4288 0.2625
v 0.0696 0.4301 0.2557
v 0.0795 0.4295 0.2614
v 0.0629 0.4291 0.2835
v 0.0679 0.4287 0.2702
v 0.0757 0.4294 0.2914
v 0.0741 0.4279 0.2935
v 0.0649 0.4283 0.2891
v 0.0560 0.4271 0.2862
v 0.0493 0.4268 0.2821
v 0.0522 0.4293 0.2800
v 0.0427 0.4291 0.2607
v 0.0539 0.4289 0.2609
v 0.0580 0.4282 0.2571
v 0.0468 0.4297 0.2451
v 0.0593 0.4303 0.2505
v 0.0644 0.4301 0.2515
v 0.0409 0.4299 0.2446
v 0.0433 0.4316 0.2401
v 0.0364 0.4422 0.2318
v -0.0170 0.4530 0.2030
v 0.0154 0.4659 0.2096
v 0.0258 0.4765 0.2070
v 0.0025 0.4804 0.1950
v 0.0290 0.4845 0.2016
v -0.0096 0.4852 0.1856
v 0.0117 0.4889 0.1894
v -0.0691 0.4931 0.1493
v -0.0564 0.5060 0.1327
v -0.0369 0.4903 0.1672
v -0.0380 0.4825 0.1756
v -0.0345 0.4867 0.1727
v -0.0309 0.4692 0.1880
v -0.0458 0.4772 0.1764
v -0.0239 0.4794 0.1846
v -0.0405 0.4474 0.1960
v -0.0521 0.4596 0.1846
v -0.0226 0.4360 0.2094
v -0.0252 0.4401 0.2059
v -0.0152 0.4395 0.2110
v -0.0067 0.4333 0.2197
v -0.0009 0.4344 0.2213
v 0.0012 0.4301 0.2306
v -0.0060 0.4301 0.2236
v 0.0004 0.4305 0.2267
v 0.0174 0.4300 0.2343
v 0.0101 0.4303 0.2293
v 0.0143 0.4310 0.2292
v 0.0213 0.4286 0.2641
v 0.0229 0.4294 0.2540
v 0.0395 0.4290 0.2694
v 0.0412 0.4276 0.2783
v 0.0356 0.4282 0.2731
v 0.0438 0.4270 0.2809
v 0.0521 0.4224 0.2843
v 0.0167 0.4226 0.2692
v 0.0096 0.4273 0.2655
v 0.0168 0.4267 0.2690
v -0.0035 0.4272 0.2588
v -0.0184 0.4267 0.2548
v -0.0070 0.4288 0.2537
v -0.0343 0.4300 0.2401
v -0.0260 0.4301 0.2218
v -0.0125 0.4302 0.2220
v -0.0192 0.4300 0.2182
v -0.0241 0.4325 0.2132
v -0.0178 0.4334 0.2147
v -0.0355 0.4299 0.2125
v -0.0406 0.4347 0.2031
v -0.0296 0.4303 0.2129
v -0.0437 0.4386 0.1988
v -0.0380 0.4410 0.2003
v -0.0589 0.4314 0.2042
v -0.0571 0.4353 0.1982
v -0.0528 0.4321 0.2033
v -0.0470 0.4306 0.2187
v -0.0564 0.4313 0.2093
v -0.0474 0.4304 0.2100
v -0.0437 0.4302 0.2478
v -0.0495 0.4305 0.2338
v -0.0407 0.4299 0.2447
v -0.0288 0.4290 0.2475
v -0.0205 0.4297 0.2465
v -0.0075 0.4172 0.2600
v -0.0160 0.4241 0.2565
v -0.0010 0.4227 0.2620
v -0.0236 0.4072 0.2537
v -0.0313 0.4117 0.2505
v -0.0291 0.4162 0.2522
v -0.0411 0.4243 0.2519
v -0.0361 0.4256 0.2510
v -0.0329 0.4224 0.2519
v -0.0429 0.4197 0.2526
v -0.0395 0.4183 0.2505
v -0.0450 0.4134 0.2524
v -0.0512 0.4219 0.2571
v -0.0479 0.4185 0.2550
v -0.0512 0.4137 0.2579
v -0.0593 0.4154 0.2573
v -0.0676 0.4264 0.2514
v -0.0560 0.4211 0.2568
v -0.0481 0.4275 0.2531
v -0.0437 0.4271 0.2519
v -0.0668 0.4301 0.2464
v -0.0640 0.4310 0.2361
v -0.0836 0.4282 0.2422
v -0.0993 0.4282 0.2357
v -0.0914 0.4297 0.2349
v -0.0880 0.4316 0.2203
v -0.0860 0.4317 0.2023
v -0.0670 0.4313 0.2153
v -0.0766 0.4316 0.1988
v -0.0706 0.4317 0.1982
v -0.0658 0.4318 0.2040
v -0.0641 0.4337 0.1980
v -0.0725 0.4381 0.1868
v -0.0807 0.4436 0.1811
v -0.0742 0.4465 0.1824
v -0.1319 0.4431 0.1600
v -0.1270 0.4565 0.1548
v -0.0985 0.4477 0.1715
v -0.0864 0.4660 0.1669
v -0.0906 0.4769 0.1574
v -0.0658 0.4739 0.1701
v -0.0591 0.4806 0.1682
v -0.1429 0.4834 0.1291
v -0.1364 0.4877 0.1269
v -0.1173 0.4861 0.1372
v -0.1000 0.4929 0.1360
v -0.0835 0.5048 0.1214
v -0.0514 0.5126 0.1222
v -0.0571 0.5180 0.1049
v -0.0394 0.5223 0.1034
v -0.0423 0.5248 0.0960
v -0.0629 0.5266 0.0772
v -0.0285 0.5317 0.0817
v -0.0615 0.5358 0.0454
v -0.0925 0.5383 0.0161
v -0.0495 0.5396 0.0335
v -0.1201 0.5403 -0.0099
v -0.1335 0.5427 -0.0330
v -0.0975 0.5426 -0.0149
v -0.0698 0.5443 -0.0164
v -0.1010 0.5444 -0.0401
v -0.1495 0.5448 -0.0601
v -0.1483 0.5447 -0.0708
v -0.1280 0.5444 -0.0577
v -0.1295 0.5429 -0.0754
v -0.1211 0.5378 -0.1034
v -0.1162 0.5405 -0.0832
v -0.1802 0.5315 -0.1469
v -0.1576 0.5295 -0.1515
v -0.1362 0.5352 -0.1321
v -0.1054 0.5294 -0.1312
v -0.1223 0.5272 -0.1531
v -0.1027 0.5237 -0.1494
v -0.1381 0.5164 -0.1839
v -0.1457 0.5079 -0.2047
v -0.1122 0.5177 -0.1759
v -0.1374 0.5296 -0.1500
v -0.1575 0.5238 -0.1683
v -0.1288 0.5246 -0.1629
v -0.2181 0.5252 -0.1740
v -0.2207 0.5199 -0.1925
v -0.1848 0.5257 -0.1668
v -0.2243 0.5121 -0.2189
v -0.2233 0.5085 -0.2273
v -0.2180 0.5067 -0.2306
v -0.2174 0.5033 -0.2387
v -0.2047 0.4992 -0.2442
v -0.1812 0.5036 -0.2257
v -0.1631 0.4999 -0.2275
v -0.1598 0.4884 -0.2487
v -0.1454 0.4844 -0.2480
v -0.1577 0.4804 -0.2572
v -0.1763 0.4816 -0.2644
v -0.1590 0.4739 -0.2630
v -0.1766 0.4654 -0.2769
v -0.1444 0.4439 -0.2742
v -0.1620 0.4466 -0.2812
v -0.1594 0.4407 -0.2830
v -0.1300 0.4405 -0.2694
v -0.1361 0.4360 -0.2743
v -0.1297 0.4336 -0.2745
v -0.1134 0.4378 -0.2630
v -0.1191 0.4435 -0.2631
v -0.1181 0.4340 -0.2685
v -0.1014 0.4372 -0.2590
v -0.0941 0.4377 -0.2552
v -0.0935 0.4315 -0.2626
v -0.0942 0.4307 -0.2681
v -0.1080 0.4300 -0.2728
v -0.1143 0.4308 -0.2805
v -0.1026 0.4308 -0.2772
v -0.1238 0.4329 -0.2742
v -0.1234 0.4303 -0.2809
v -0.1172 0.4313 -0.2746
v -0.1469 0.4306 -0.2921
v -0.1411 0.4315 -0.3005
v -0.1188 0.4315 -0.2972
v -0.1167 0.4309 -0.3006
v -0.1095 0.4311 -0.2992
v -0.1214 0.4308 -0.3049
v -0.1292 0.4287 -0.3084
v -0.1160 0.4273 -0.3041
v -0.1277 0.4245 -0.3088
v -0.1627 0.3911 -0.3253
v -0.1792 0.3992 -0.3323
v -0.1871 0.4159 -0.3350
v -0.1928 0.4013 -0.3390
v -0.1965 0.4087 -0.3455
v -0.1993 0.4094 -0.3524
v -0.1988 0.4015 -0.3489
v -0.2005 0.3863 -0.3495
v -0.2048 0.3854 -0.3552
v -0.2093 0.3779 -0.3591
v -0.2154 0.3926 -0.3626
v -0.2266 0.3995 -0.3670
v -0.2228 0.4093 -0.3654
v -0.2378 0.4037 -0.3715
v -0.2274 0.3822 -0.3694
v -0.2241 0.3869 -0.3670
v -0.2316 0.3888 -0.3697
v -0.2309 0.3691 -0.3727
v -0.2327 0.3808 -0.3753
v -0.2327 0.3704 -0.3752
v -0.2340 0.3572 -0.3736
v -0.2337 0.3632 -0.3743
v -0.2380 0.3545 -0.3747
v -0.2506 0.3505 -0.3803
v -0.2643 0.3422 -0.3891
v -0.2525 0.3423 -0.3833
v -0.2637 0.3498 -0.3874
v -0.2731 0.3458 -0.3939
v -0.2655 0.3334 -0.3908
v -0.2861 0.3397 -0.3999
v -0.2869 0.3515 -0.4000
v -0.2916 0.3416 -0.3997
v -0.3040 0.3234 -0.3944
v -0.3007 0.3247 -0.4005
v -0.2992 0.3328 -0.3990
v -0.3107 0.3454 -0.3696
v -0.3052 0.3389 -0.3839
v -0.3052 0.3457 -0.3801
v -0.3165 0.3587 -0.3560
v -0.3136 0.3490 -0.3640
v -0.3113 0.3673 -0.3651
v -0.3145 0.3910 -0.3549
v -0.3152 0.4042 -0.3485
v -0.3161 0.3902 -0.3494
v -0.3162 0.3987 -0.3459
v -0.3161 0.4117 -0.3429
v -0.3025 0.4074 -0.3332
v -0.2985 0.4018 -0.3305
v -0.3036 0.3871 -0.3168
v -0.2990 0.3790 -0.3276
v -0.2998 0.4022 -0.3259
v -0.3004 0.3683 -0.3231
v -0.3138 0.4224 -0.2949
v -0.3106 0.4192 -0.3017
v -0.3144 0.4257 -0.2970
v -0.3242 0.4153 -0.2692
v -0.3186 0.4267 -0.2833
v -0.3216 0.4351 -0.2761
v -0.3328 0.4399 -0.2519
v -0.3241 0.4331 -0.2702
v -0.3275 0.4417 -0.2644
v -0.3539 0.4337 -0.2001
v -0.3392 0.4377 -0.2347
v -0.3574 0.4402 -0.1942
v -0.3756 0.4360 -0.1515
v -0.3670 0.4348 -0.1698
v -0.3798 0.4486 -0.1482
v -0.4091 0.4543 -0.0912
v -0.3941 0.4626 -0.1251
v -0.4151 0.4643 -0.0843
v -0.4244 0.4520 -0.0611
v -0.4306 0.4590 -0.0522
v -0.4387 0.4366 -0.0294
v -0.4419 0.4431 -0.0263
v -0.4279 0.4395 -0.0469
v -0.4245 0.4443 -0.0562
v -0.4504 0.4363 -0.0091
v -0.4553 0.4442 0.0018
v -0.4583 0.4543 0.0109
v -0.4514 0.4652 -0.0027
v -0.4592 0.4670 0.0162
v -0.4670 0.4511 0.0296
v -0.4628 0.4572 0.0217
v -0.4652 0.4621 0.0296
v -0.4615 0.4638 0.0364
v -0.4634 0.4684 0.0317
v -0.4608 0.4699 0.0329
v -0.4589 0.4462 0.0511
v -0.4611 0.4547 0.0433
v -0.4487 0.4496 0.0534
v -0.4314 0.4399 0.0707
v -0.4373 0.4453 0.0623
v -0.4265 0.4418 0.0691
v -0.4178 0.4407 0.0739
v -0.4053 0.4410 0.0795
v -0.4104 0.4388 0.0798
v -0.3976 0.4320 0.1009
v -0.4131 0.4338 0.0895
v -0.3980 0.4359 0.0884
v -0.3865 0.4279 0.1034
v -0.3925 0.4321 0.1016
v -0.3868 0.4310 0.1016
v -0.3821 0.3990 0.1063
v -0.3899 0.4142 0.1050
v -0.3806 0.4146 0.1060
v -0.3807 0.3853 0.1064
v -0.3897 0.3882 0.1046
v -0.3713 0.3774 0.1113
v -0.3677 0.3828 0.1115
v -0.3619 0.3778 0.1138
v -0.3504 0.3719 0.1186
v -0.3551 0.3765 0.1168
v -0.3521 0.3857 0.1170
v -0.3459 0.3613 0.1230
v -0.3452 0.3667 0.1213
v -0.3385 0.3606 0.1220
v -0.3537 0.3598 0.1277
v -0.3508 0.3607 0.1232
v -0.3471 0.3570 0.1262
v -0.3511 0.3494 0.1404
v -0.3504 0.3531 0.1333
v -0.3463 0.3448 0.1365
v -0.3456 0.3392 0.1416
v -0.3414 0.3354 0.1377
v -0.3492 0.3438 0.1413
v -0.3622 0.3508 0.1423
v -0.3607 0.3553 0.1403
v -0.3571 0.3504 0.1416
v -0.3636 0.3601 0.1349
v -0.3628 0.3635 0.1260
v -0.3592 0.3600 0.1322
v -0.3577 0.3646 0.1230
v -0.3514 0.3650 0.1220
v -0.3731 0.3655 0.1211
v -0.3728 0.3700 0.1148
v -0.3681 0.3667 0.1205
v -0.3780 0.3705 0.1099
v -0.3816 0.3681 0.1061
v -0.3817 0.3719 0.1052
v -0.3920 0.3664 0.1027
v -0.3921 0.3725 0.1028
v -0.4002 0.4047 0.1044
v -0.4008 0.4179 0.1027
v -0.3963 0.4159 0.1041
v -0.4225 0.4279 0.0923
v -0.4163 0.4316 0.0939
v -0.4088 0.4291 0.0975
v -0.4277 0.4331 0.0855
v -0.4290 0.4359 0.0790
v -0.4445 0.4374 0.0686
v -0.4500 0.4385 0.0655
v -0.4480 0.4419 0.0607
v -0.4626 0.4355 0.0698
v -0.4697 0.4384 0.0575
v -0.4562 0.4378 0.0630
v -0.4675 0.4411 0.0516
v -0.4711 0.4419 0.0483
v -0.4697 0.4461 0.0447
v -0.4687 0.4498 0.0422
v -0.4664 0.4518 0.0419
v -0.4664 0.4590 0.0345
v -0.4644 0.4644 0.0336
v -0.4704 0.4459 0.0398
v -0.4694 0.4472 0.0348
v -0.4724 0.4414 0.0353
v -0.4709 0.4414 0.0288
v -0.4680 0.4434 0.0278
v -0.4668 0.4405 0.0190
v -0.4631 0.4388 0.0132
v -0.4692 0.4370 0.0168
v -0.4826 0.4374 0.0524
v -0.4823 0.4369 0.0484
v -0.4778 0.4380 0.0522
v -0.4742 0.4332 0.0667
v -0.4812 0.4369 0.0596
v -0.4712 0.4350 0.0662
v -0.4473 0.4320 0.0819
v -0.4555 0.4310 0.0773
v -0.4531 0.4337 0.0754
v -0.4366 0.4287 0.0863
v -0.4366 0.4319 0.0840
v -0.4284 0.4307 0.0884
v -0.4369 0.4126 0.0878
v -0.4569 0.4191 0.0797
v -0.4308 0.4230 0.0902
v -0.4319 0.4021 0.0899
v -0.4450 0.4052 0.0838
v -0.4333 0.3957 0.0887
v -0.4287 0.3954 0.0917
v -0.4438 0.3886 0.0851
v -0.4504 0.3909 0.0812
v -0.4463 0.3929 0.0816
v -0.4614 0.3961 0.0772
v -0.4637 0.4042 0.0763
v -0.4560 0.4021 0.0790
v -0.4740 0.4298 0.0691
v -0.4704 0.4327 0.0704
v -0.4831 0.4250 0.0631
v -0.4867 0.4296 0.0572
v -0.4888 0.4241 0.0529
v -0.4862 0.4297 0.0519
v -0.4887 0.4240 0.0574
v -0.3852 0.3663 0.1048
v -0.3775 0.3637 0.1197
v -0.3822 0.3626 0.1122
v -0.3803 0.3665 0.1110
v -0.3736 0.3615 0.1310
v -0.3797 0.3603 0.1205
v -0.3826 0.3520 0.1183
v -0.3851 0.3537 0.1104
v -0.3828 0.3576 0.1151
v -0.3392 0.3288 0.1398
v -0.3358 0.3293 0.1362
v -0.3343 0.3254 0.1393
v -0.3281 0.3241 0.1382
v -0.3156 0.3091 0.1448
v -0.3153 0.3144 0.1404
v -0.3106 0.3087 0.1430
v -0.3011 0.3000 0.1437
v -0.3070 0.3051 0.1435
v -0.3049 0.3089 0.1398
v -0.2847 0.2721 0.1594
v -0.2944 0.2872 0.1509
v -0.2842 0.2762 0.1533
v -0.2610 0.2481 0.1663
v -0.2742 0.2658 0.1569
v -0.2588 0.2489 0.1612
v -0.2512 0.2368 0.1714
v -0.2506 0.2388 0.1672
v -0.2423 0.2289 0.1727
v -0.2412 0.2304 0.1676
v -0.2318 0.2203 0.1729
v -0.2206 0.2096 0.1780
v -0.2109 0.2039 0.1750
v -0.1970 0.1911 0.1834
v -0.1874 0.1839 0.1864
v -0.1874 0.1847 0.1813
v -0.1828 0.1816 0.1852
v -0.1761 0.1761 0.1897
v -0.1735 0.1746 0.1869
v -0.1685 0.1713 0.1901
v -0.1503 0.1605 0.1973
v -0.1601 0.1658 0.1928
v -0.1517 0.1613 0.1929
v -0.1414 0.1555 0.2036
v -0.1410 0.1595 0.1924
v -0.1396 0.1673 0.1882
v -0.1360 0.1615 0.1914
v -0.1527 0.1658 0.1872
v -0.1514 0.1732 0.1836
v -0.1464 0.1667 0.1865
v -0.1591 0.1717 0.1847
v -0.1696 0.1735 0.1825
v -0.1708 0.1775 0.1807
v -0.1642 0.1740 0.1813
v -0.1770 0.1862 0.1748
v -0.1822 0.1910 0.1737
v -0.1763 0.1907 0.1743
v -0.1886 0.1992 0.1687
v -0.1947 0.2026 0.1677
v -0.1939 0.2071 0.1668
v -0.1474 0.2667 0.1865
v -0.1639 0.2598 0.1797
v -0.1535 0.2872 0.1851
v -0.1354 0.2766 0.1943
v -0.1411 0.2832 0.1912
v -0.1362 0.2884 0.1955
v -0.1341 0.2818 0.2036
v -0.1336 0.2819 0.1977
v -0.1345 0.2903 0.2035
v -0.1414 0.2841 0.2109
v -0.1374 0.2829 0.2072
v -0.1377 0.2915 0.2082
v -0.1496 0.2621 0.2172
v -0.1476 0.2917 0.2146
v -0.1506 0.2922 0.2182
v -0.1531 0.2736 0.2237
v -0.1521 0.2778 0.2201
v -0.1529 0.2949 0.2234
v -0.1533 0.2749 0.2316
v -0.1534 0.2833 0.2276
v -0.1530 0.2939 0.2316
v -0.1520 0.3027 0.2345
v -0.1527 0.3137 0.2354
v -0.1489 0.3050 0.2375
v -0.1497 0.2600 0.2365
v -0.1497 0.2746 0.2364
v -0.1467 0.2703 0.2381
v -0.1430 0.2721 0.2387
v -0.1439 0.2849 0.2386
v -0.1348 0.2365 0.2428
v -0.1384 0.2490 0.2405
v -0.1328 0.2412 0.2416
v -0.1175 0.2213 0.2511
v -0.1284 0.2217 0.2471
v -0.1282 0.2275 0.2462
v -0.1095 0.2235 0.2528
v -0.1167 0.2259 0.2487
v -0.1114 0.2273 0.2485
v -0.1073 0.2113 0.2567
v -0.1119 0.2102 0.2539
v -0.1077 0.2143 0.2570
v -0.1045 0.2052 0.2543
v -0.1067 0.2029 0.2516
v -0.1146 0.2067 0.2519
v -0.1055 0.1996 0.2448
v -0.1111 0.1998 0.2395
v -0.1146 0.2025 0.2473
v -0.1249 0.2076 0.2466
v -0.1182 0.2032 0.2459
v -0.1307 0.2079 0.2387
v -0.1164 0.2049 0.2491
v -0.1218 0.2097 0.2499
v -0.1171 0.2092 0.2513
v -0.1392 0.2165 0.2384
v -0.1426 0.2266 0.2408
v -0.1372 0.2190 0.2421
v -0.1436 0.2320 0.2407
v -0.1474 0.2355 0.2375
v -0.1419 0.2416 0.2404
v -0.1497 0.2470 0.2360
v -0.1525 0.2515 0.2348
v -0.1534 0.2470 0.2278
v -0.1525 0.2494 0.2236
v -0.1544 0.2598 0.2278
v -0.1521 0.2477 0.2211
v -0.1478 0.2341 0.2202
v -0.1483 0.2440 0.2180
v -0.1501 0.2331 0.2279
v -0.1486 0.2326 0.2228
v -0.1519 0.2389 0.2278
v -0.1470 0.2265 0.2281
v -0.1430 0.2233 0.2238
v -0.1474 0.2288 0.2242
v -0.1421 0.2238 0.2204
v -0.1417 0.2305 0.2166
v -0.1446 0.2327 0.2186
v -0.1427 0.2344 0.2160
v -0.1399 0.2442 0.2126
v -0.1442 0.2438 0.2152
v -0.1351 0.2556 0.2102
v -0.1348 0.2614 0.2092
v -0.1395 0.2515 0.2121
v -0.1308 0.2647 0.1960
v -0.1327 0.2734 0.1965
v -0.1296 0.2711 0.2013
v -0.1297 0.2618 0.2047
v -0.1345 0.2382 0.2133
v -0.1347 0.2494 0.2110
v -0.1227 0.2207 0.2167
v -0.1295 0.2295 0.2141
v -0.1293 0.2219 0.2162
v -0.1363 0.2134 0.2252
v -0.1316 0.2130 0.2206
v -0.1394 0.2224 0.2198
v -0.1367 0.2129 0.2286
v -0.1320 0.2118 0.2242
v -0.1358 0.2131 0.2413
v -0.1369 0.2125 0.2337
v -0.1173 0.2026 0.2338
v -0.1221 0.2042 0.2291
v -0.1275 0.2057 0.2339
v -0.1315 0.2093 0.2274
v -0.1187 0.2152 0.2189
v -0.1145 0.2177 0.2211
v -0.1191 0.2203 0.2182
v -0.1225 0.2366 0.2178
v -0.1258 0.2398 0.2148
v -0.1233 0.2295 0.2167
v -0.1216 0.2410 0.2201
v -0.1237 0.2441 0.2166
v -0.1253 0.2478 0.2135
v -0.1235 0.2550 0.2047
v -0.1235 0.2549 0.1994
v -0.1289 0.2560 0.2069
v -0.1246 0.2480 0.1920
v -0.1220 0.2507 0.1963
v -0.1269 0.2568 0.1961
v -0.1299 0.2596 0.1947
v -0.1284 0.2621 0.1982
v -0.1155 0.2521 0.2095
v -0.1153 0.2503 0.2033
v -0.1187 0.2524 0.2069
v -0.1121 0.2494 0.2049
v -0.1231 0.2540 0.2106
v -0.1196 0.2545 0.2133
v -0.1230 0.2610 0.2218
v -0.1185 0.2623 0.2218
v -0.1226 0.2593 0.2186
v -0.1200 0.2721 0.2270
v -0.1223 0.2673 0.2237
v -0.1214 0.2706 0.2242
v -0.1173 0.2801 0.2389
v -0.1229 0.2803 0.2348
v -0.1178 0.2903 0.2429
v -0.1200 0.2849 0.2391
v -0.1216 0.2902 0.2386
v -0.1044 0.2854 0.2500
v -0.1024 0.2876 0.2507
v -0.1055 0.2977 0.2466
v -0.0944 0.2964 0.2472
v -0.0930 0.3017 0.2453
v -0.0879 0.2977 0.2457
v -0.0855 0.3044 0.2475
v -0.0870 0.3090 0.2498
v -0.0824 0.3022 0.2499
v -0.0939 0.3165 0.2512
v -0.0889 0.3170 0.2554
v -0.0851 0.3174 0.2613
v -0.0876 0.3254 0.2626
v -0.0881 0.3316 0.2636
v -0.0885 0.3369 0.2634
v -0.0938 0.3475 0.2644
v -0.0892 0.3417 0.2633
v -0.0935 0.3435 0.2622
v -0.0881 0.3518 0.2707
v -0.0824 0.3479 0.2682
v -0.0879 0.3490 0.2679
v -0.0937 0.3561 0.2725
v -0.1052 0.3611 0.2723
v -0.0884 0.3587 0.2741
v -0.1152 0.3664 0.2684
v -0.1108 0.3711 0.2703
v -0.1105 0.3663 0.2712
v -0.0833 0.3656 0.2734
v -0.0943 0.3754 0.2704
v -0.0829 0.3729 0.2687
v -0.0718 0.3500 0.2672
v -0.0829 0.3558 0.2725
v -0.0703 0.3556 0.2687
v -0.0663 0.3490 0.2657
v -0.0636 0.3528 0.2653
v -0.0612 0.3473 0.2631
v -0.0556 0.3610 0.2632
v -0.0525 0.3554 0.2580
v -0.0562 0.3512 0.2605
v -0.0538 0.3491 0.2560
v -0.0530 0.3467 0.2525
v -0.0530 0.3429 0.2526
v -0.0363 0.3442 0.2495
v -0.0417 0.3488 0.2482
v -0.0348 0.3484 0.2485
v -0.0423 0.3549 0.2489
v -0.0430 0.3638 0.2503
v -0.0414 0.3899 0.2502
v -0.0409 0.4105 0.2504
v -0.0351 0.4046 0.2497
v -0.0454 0.3964 0.2532
v -0.0497 0.3851 0.2571
v -0.0483 0.3779 0.2548
v -0.0540 0.3670 0.2621
v -0.0510 0.4070 0.2590
v -0.0489 0.4013 0.2565
v -0.0518 0.3944 0.2596
v -0.0587 0.4044 0.2617
v -0.0541 0.4094 0.2601
v -0.0660 0.4135 0.2558
v -0.0734 0.4241 0.2499
v -0.0772 0.4059 0.2545
v -0.0733 0.4125 0.2517
v -0.0698 0.4006 0.2590
v -0.0829 0.3997 0.2606
v -0.0778 0.4019 0.2579
v -0.0757 0.3986 0.2597
v -0.0819 0.4076 0.2513
v -0.0805 0.4114 0.2499
v -0.0773 0.4085 0.2512
v -0.0880 0.4073 0.2507
v -0.0855 0.4110 0.2484
v -0.0970 0.4114 0.2439
v -0.1010 0.4186 0.2400
v -0.0892 0.4127 0.2455
v -0.0837 0.4173 0.2472
v -0.0846 0.4263 0.2456
v -0.1130 0.4260 0.2335
v -0.1163 0.4275 0.2305
v -0.1071 0.4269 0.2354
v -0.1231 0.4281 0.2246
v -0.1207 0.4304 0.2242
v -0.1098 0.4292 0.2288
v -0.1318 0.4307 0.2117
v -0.1397 0.4272 0.2032
v -0.1343 0.4293 0.2025
v -0.1275 0.4314 0.2051
v -0.1091 0.4309 0.1959
v -0.1022 0.4315 0.2038
v -0.0968 0.4314 0.1946
v -0.0936 0.4320 0.1862
v -0.0881 0.4316 0.1927
v -0.0755 0.4341 0.1922
v -0.0814 0.4358 0.1857
v -0.0822 0.4402 0.1823
v -0.0908 0.4417 0.1778
v -0.1110 0.4402 0.1702
v -0.1046 0.4328 0.1784
v -0.1087 0.4351 0.1741
v -0.1045 0.4363 0.1743
v -0.1014 0.4301 0.1835
v -0.0989 0.4337 0.1810
v -0.0996 0.4305 0.1869
v -0.0875 0.4343 0.1863
v -0.0930 0.4358 0.1801
v -0.0868 0.4384 0.1808
v -0.1200 0.4282 0.1811
v -0.1225 0.4298 0.1740
v -0.1167 0.4300 0.1754
v -0.1348 0.4298 0.1675
v -0.1326 0.4340 0.1648
v -0.1265 0.4305 0.1692
v -0.1672 0.4410 0.1462
v -0.1884 0.4448 0.1351
v -0.1896 0.4564 0.1284
v -0.2177 0.4600 0.1140
v -0.1924 0.4640 0.1225
v -0.2555 0.4686 0.0919
v -0.2604 0.4828 0.0800
v -0.2331 0.4767 0.0959
v -0.1641 0.4790 0.1238
v -0.1299 0.4805 0.1372
v -0.1892 0.4819 0.1106
v -0.1698 0.4827 0.1184
v -0.1877 0.4890 0.1029
v -0.2127 0.4919 0.0878
v -0.1843 0.4931 0.0980
v -0.1960 0.5066 0.0669
v -0.1885 0.5131 0.0550
v -0.1497 0.5018 0.0964
v -0.1161 0.5026 0.1100
v -0.0949 0.5083 0.1078
v -0.1135 0.5213 0.0662
v -0.0888 0.5270 0.0621
v -0.0749 0.5217 0.0850
v -0.0732 0.5313 0.0565
v -0.1374 0.5336 0.0160
v -0.1406 0.5376 -0.0032
v -0.0996 0.5360 0.0243
v -0.1634 0.5388 -0.0178
v -0.1686 0.5415 -0.0309
v -0.1494 0.5405 -0.0231
v -0.1512 0.5440 -0.0480
v -0.1304 0.5443 -0.0471
v -0.1757 0.5451 -0.0639
v -0.1698 0.5459 -0.0753
v -0.1654 0.5448 -0.0564
v -0.1818 0.5436 -0.0384
v -0.1872 0.5437 -0.0467
v -0.1788 0.5449 -0.0460
v -0.1836 0.5349 -0.0059
v -0.1873 0.5434 -0.0360
v -0.1752 0.5388 -0.0195
v -0.1475 0.5292 0.0272
v -0.1642 0.5322 0.0095
v -0.1872 0.5183 0.0425
v -0.1648 0.5245 0.0342
v -0.1488 0.5202 0.0529
v -0.2245 0.5111 0.0471
v -0.2236 0.5170 0.0344
v -0.2355 0.5128 0.0391
v -0.2749 0.5069 0.0309
v -0.2536 0.5156 0.0207
v -0.1927 0.5237 0.0263
v -0.2059 0.5353 -0.0108
v -0.1966 0.5377 -0.0169
v -0.2139 0.5393 -0.0413
v -0.2457 0.5367 -0.0583
v -0.2115 0.5407 -0.0529
v -0.1950 0.5431 -0.0709
v -0.1837 0.5443 -0.0753
v -0.1817 0.5451 -0.0651
v -0.1718 0.5450 -0.0823
v -0.1600 0.5443 -0.0859
v -0.2127 0.5367 -0.1228
v -0.2340 0.5321 -0.1469
v -0.2006 0.5338 -0.1383
v -0.2394 0.5389 -0.1005
v -0.2479 0.5374 -0.1160
v -0.2165 0.5404 -0.0995
v -0.2374 0.5367 -0.1225
v -0.2454 0.5342 -0.1373
v -0.2520 0.5285 -0.1630
v -0.2524 0.5276 -0.1694
v -0.2457 0.5274 -0.1690
v -0.2347 0.5209 -0.1941
v -0.2347 0.5191 -0.1981
v -0.2363 0.5179 -0.2071
v -0.2359 0.5171 -0.2106
v -0.2316 0.5175 -0.2047
v -0.2370 0.5182 -0.2167
v -0.2365 0.5226 -0.2233
v -0.2348 0.5167 -0.2232
v -0.2305 0.5121 -0.2278
v -0.2292 0.5106 -0.2347
v -0.2208 0.5056 -0.2358
v -0.2210 0.5011 -0.2476
v -0.2150 0.5007 -0.2458
v -0.2190 0.5025 -0.2445
v -0.2115 0.4975 -0.2503
v -0.2127 0.4963 -0.2554
v -0.2078 0.4961 -0.2524
v -0.2015 0.4933 -0.2559
v -0.2123 0.4932 -0.2626
v -0.2056 0.4910 -0.2617
v -0.2057 0.4886 -0.2668
v -0.2110 0.4877 -0.2752
v -0.2064 0.4833 -0.2755
v -0.2008 0.4792 -0.2771
v -0.1939 0.4762 -0.2769
v -0.2009 0.4698 -0.2858
v -0.1997 0.4736 -0.2828
v -0.2057 0.4728 -0.2911
v -0.1909 0.4600 -0.2874
v -0.2007 0.4645 -0.2907
v -0.1997 0.4594 -0.2921
v -0.1712 0.4550 -0.2808
v -0.1894 0.4500 -0.2925
v -0.1691 0.4391 -0.2888
v -0.1826 0.4398 -0.2949
v -0.1772 0.4381 -0.2928
v -0.1715 0.4358 -0.2917
v -0.1708 0.4322 -0.2977
v -0.1648 0.4340 -0.2921
v -0.1556 0.4394 -0.2815
v -0.1588 0.4345 -0.2867
v -0.1536 0.4347 -0.2848
v -0.1558 0.4306 -0.2893
v -0.1483 0.4324 -0.2861
v -0.1393 0.4302 -0.2838
v -0.1336 0.4309 -0.2858
v -0.1351 0.4326 -0.2797
v -0.1264 0.4302 -0.2780
v -0.1613 0.4301 -0.2962
v -0.1532 0.4309 -0.2965
v -0.1559 0.4307 -0.2926
v -0.1760 0.4315 -0.3045
v -0.1699 0.4314 -0.3051
v -0.1547 0.4321 -0.3058
v -0.1441 0.4320 -0.3078
v -0.1297 0.4314 -0.3034
v -0.1357 0.4310 -0.3085
v -0.1579 0.4297 -0.3202
v -0.1689 0.4262 -0.3254
v -0.1502 0.4266 -0.3177
v -0.1710 0.4330 -0.3244
v -0.1805 0.4318 -0.3284
v -0.1752 0.4312 -0.3273
v -0.1885 0.4286 -0.3338
v -0.1945 0.4246 -0.3394
v -0.1880 0.4237 -0.3347
v -0.1981 0.4188 -0.3499
v -0.1999 0.4302 -0.3501
v -0.2040 0.4188 -0.3542
v -0.2134 0.4164 -0.3601
v -0.2214 0.4259 -0.3621
v -0.2240 0.4178 -0.3653
v -0.2458 0.4155 -0.3748
v -0.2747 0.4192 -0.3870
v -0.2523 0.4038 -0.3778
v -0.2321 0.3956 -0.3685
v -0.2373 0.3887 -0.3731
v -0.2362 0.3823 -0.3762
v -0.2397 0.3790 -0.3779
v -0.2507 0.3589 -0.3804
v -0.2444 0.3644 -0.3806
v -0.2507 0.3619 -0.3818
v -0.2456 0.3547 -0.3786
v -0.2421 0.3605 -0.3781
v -0.2468 0.3587 -0.3796
v -0.2652 0.3605 -0.3885
v -0.2653 0.3678 -0.3882
v -0.2742 0.3640 -0.3927
v -0.2734 0.3551 -0.3936
v -0.2794 0.3489 -0.3983
v -0.2875 0.3601 -0.3986
v -0.2905 0.3532 -0.3980
v -0.2979 0.3408 -0.3945
v -0.2946 0.3461 -0.3959
v -0.2994 0.3494 -0.3877
v -0.3080 0.3538 -0.3730
v -0.3035 0.3705 -0.3790
v -0.3068 0.4171 -0.3680
v -0.2983 0.4300 -0.3869
v -0.3025 0.4270 -0.3767
v -0.3150 0.4186 -0.3453
v -0.3138 0.4140 -0.3503
v -0.3125 0.4300 -0.3390
v -0.3140 0.4242 -0.3454
v -0.3132 0.4244 -0.3503
v -0.3165 0.4304 -0.3280
v -0.3130 0.4259 -0.3333
v -0.3143 0.4298 -0.3336
v -0.3134 0.4208 -0.3391
v -0.3131 0.4247 -0.3399
v -0.3086 0.4145 -0.3352
v -0.3057 0.4182 -0.3308
v -0.3060 0.4184 -0.3262
v -0.3117 0.4241 -0.3181
v -0.3068 0.4174 -0.3198
v -0.3101 0.4239 -0.3062
v -0.3111 0.4247 -0.3123
v -0.3145 0.4274 -0.3041
v -0.3172 0.4316 -0.2954
v -0.3167 0.4309 -0.3039
v -0.3246 0.4393 -0.2982
v -0.3285 0.4453 -0.2772
v -0.3271 0.4433 -0.2862
v -0.3332 0.4518 -0.2776
v -0.3391 0.4580 -0.2502
v -0.3345 0.4496 -0.2548
v -0.3328 0.4501 -0.2645
v -0.3509 0.4817 -0.2301
v -0.3450 0.4584 -0.2322
v -0.3440 0.4645 -0.2394
v -0.3659 0.4725 -0.1897
v -0.3518 0.4601 -0.2164
v -0.3624 0.4893 -0.2055
v -0.3961 0.5020 -0.1321
v -0.3827 0.4887 -0.1588
v -0.3786 0.5030 -0.1721
v -0.4201 0.4741 -0.0778
v -0.4122 0.4925 -0.0960
v -0.4266 0.4755 -0.0638
v -0.4354 0.5126 -0.0384
v -0.4155 0.5202 -0.0876
v -0.4278 0.5247 -0.0561
v -0.4597 0.4771 0.0183
v -0.4450 0.4784 -0.0166
v -0.4518 0.4870 0.0003
v -0.4607 0.4765 0.0233
v -0.4573 0.4839 0.0236
v -0.4552 0.4816 0.0264
v -0.4299 0.4872 0.0317
v -0.3823 0.4761 0.0622
v -0.3943 0.4848 0.0491
v -0.3689 0.4912 0.0538
v -0.3803 0.4638 0.0727
v -0.3778 0.4700 0.0682
v -0.3758 0.4642 0.0723
v -0.3736 0.4627 0.0711
v -0.3713 0.4672 0.0673
v -0.3716 0.4552 0.0712
v -0.3814 0.4519 0.0798
v -0.3803 0.4570 0.0761
v -0.3787 0.4540 0.0774
v -0.3914 0.4488 0.0786
v -0.3850 0.4556 0.0762
v -0.3843 0.4479 0.0820
v -0.3867 0.4337 0.0926
v -0.3869 0.4375 0.0875
v -0.3819 0.4341 0.0878
v -0.3751 0.4267 0.1034
v -0.3820 0.4298 0.0928
v -0.3758 0.4269 0.0934
v -0.3748 0.4244 0.1054
v -0.3681 0.4249 0.1067
v -0.3693 0.4214 0.1078
v -0.3642 0.3936 0.1120
v -0.3664 0.4126 0.1099
v -0.3572 0.4096 0.1135
v -0.3178 0.3988 0.1307
v -0.3401 0.4129 0.1203
v -0.3016 0.3884 0.1378
v -0.3171 0.3839 0.1314
v -0.2631 0.3966 0.1542
v -0.2853 0.4032 0.1443
v -0.2663 0.4225 0.1520
v -0.2301 0.4167 0.1675
v -0.2509 0.4184 0.1586
v -0.2390 0.4219 0.1626
v -0.1792 0.3813 0.1900
v -0.2099 0.3953 0.1768
v -0.2063 0.4162 0.1777
v -0.1568 0.3917 0.1989
v -0.1720 0.4166 0.1924
v -0.1558 0.4069 0.1987
v -0.1438 0.3810 0.2048
v -0.1433 0.3925 0.2045
v -0.1382 0.3838 0.2097
v -0.1359 0.3838 0.2162
v -0.1392 0.3928 0.2089
v -0.1377 0.4027 0.2144
v -0.1357 0.4004 0.2258
v -0.1371 0.4043 0.2219
v -0.1352 0.4160 0.2237
v -0.1317 0.3992 0.2338
v -0.1308 0.4158 0.2281
v -0.1279 0.4179 0.2286
v -0.1164 0.4064 0.2348
v -0.1225 0.4077 0.2329
v -0.1186 0.4085 0.2330
v -0.1121 0.3977 0.2449
v -0.1153 0.4000 0.2381
v -0.1101 0.4000 0.2450
v -0.1046 0.4038 0.2569
v -0.1069 0.4028 0.2510
v -0.1038 0.4045 0.2510
v -0.1012 0.4026 0.2643
v -0.0995 0.4041 0.2618
v -0.0944 0.4031 0.2644
v -0.0947 0.3952 0.2670
v -0.0998 0.4001 0.2659
v -0.0946 0.4003 0.2657
v -0.0855 0.3953 0.2638
v -0.0828 0.3953 0.2620
v -0.0893 0.3838 0.2648
v -0.0889 0.3782 0.2665
v -0.0871 0.3797 0.2636
v -0.0841 0.3764 0.2663
v -0.0782 0.3752 0.2658
v -0.0690 0.3682 0.2689
v -0.0650 0.3707 0.2667
v -0.0640 0.3666 0.2683
v -0.0564 0.3663 0.2645
v -0.0599 0.3795 0.2642
v -0.0591 0.3924 0.2637
v -0.0564 0.3849 0.2631
v -0.0629 0.3860 0.2636
v -0.0618 0.3988 0.2627
v -0.0646 0.3776 0.2646
v -0.0599 0.3714 0.2658
v -0.0770 0.3952 0.2601
v -0.0994 0.3794 0.2670
v -0.0992 0.3837 0.2671
v -0.0932 0.3789 0.2678
v -0.1076 0.3907 0.2648
v -0.1079 0.3952 0.2648
v -0.1018 0.3884 0.2684
v -0.0975 0.3871 0.2684
v -0.0999 0.3934 0.2678
v -0.0935 0.3897 0.2665
v -0.1074 0.3986 0.2642
v -0.1075 0.4021 0.2603
v -0.1047 0.4000 0.2648
v -0.1118 0.3927 0.2521
v -0.1139 0.3900 0.2443
v -0.1116 0.3978 0.2514
v -0.1114 0.3834 0.2502
v -0.1120 0.3860 0.2469
v -0.1110 0.3898 0.2510
v -0.1080 0.3859 0.2620
v -0.1087 0.3840 0.2570
v -0.1114 0.3925 0.2598
v -0.1163 0.3747 0.2619
v -0.1101 0.3789 0.2568
v -0.1052 0.3833 0.2629
v -0.1094 0.3737 0.2698
v -0.1049 0.3780 0.2672
v -0.1132 0.3584 0.2689
v -0.1194 0.3612 0.2647
v -0.1197 0.3663 0.2649
v -0.1088 0.3486 0.2637
v -0.1162 0.3501 0.2622
v -0.1223 0.3608 0.2602
v -0.1273 0.3674 0.2528
v -0.1291 0.3718 0.2488
v -0.1225 0.3705 0.2597
v -0.1220 0.3756 0.2525
v -0.1207 0.3777 0.2469
v -0.1170 0.3771 0.2507
v -0.1168 0.3789 0.2473
v -0.1165 0.3836 0.2439
v -0.1188 0.3852 0.2395
v -0.1322 0.3951 0.2341
v -0.1336 0.3919 0.2334
v -0.1361 0.3852 0.2315
v -0.1367 0.3880 0.2257
v -0.1353 0.3998 0.2295
v -0.1373 0.3770 0.2216
v -0.1351 0.3753 0.2135
v -0.1364 0.3835 0.2201
v -0.1385 0.3766 0.2271
v -0.1327 0.3840 0.2366
v -0.1300 0.3743 0.2472
v -0.1327 0.3745 0.2421
v -0.1298 0.3763 0.2444
v -0.1270 0.3746 0.2495
v -0.1266 0.3768 0.2467
v -0.1332 0.3677 0.2433
v -0.1314 0.3622 0.2462
v -0.1255 0.3484 0.2494
v -0.1284 0.3446 0.2445
v -0.1314 0.3552 0.2438
v -0.1395 0.3435 0.2386
v -0.1379 0.3486 0.2382
v -0.1340 0.3439 0.2409
v -0.1417 0.3531 0.2350
v -0.1443 0.3494 0.2323
v -0.1429 0.3560 0.2321
v -0.1429 0.3573 0.2283
v -0.1446 0.3467 0.2236
v -0.1418 0.3595 0.2247
v -0.1398 0.3626 0.2219
v -0.1379 0.3580 0.2181
v -0.1374 0.3676 0.2188
v -0.1394 0.3427 0.2174
v -0.1345 0.3486 0.2157
v -0.1385 0.3493 0.2176
v -0.1399 0.3363 0.2097
v -0.1383 0.3407 0.2135
v -0.1410 0.3386 0.2146
v -0.1361 0.3391 0.2047
v -0.1356 0.3471 0.2041
v -0.1354 0.3426 0.2096
v -0.1345 0.3550 0.2114
v -0.1378 0.3614 0.2080
v -0.1350 0.3667 0.2117
v -0.1412 0.3602 0.2039
v -0.1510 0.3764 0.2013
v -0.1408 0.3713 0.2069
v -0.1476 0.3535 0.1981
v -0.1599 0.3536 0.1944
v -0.1620 0.3628 0.1951
v -0.1672 0.3608 0.1930
v -0.1700 0.3606 0.1917
v -0.1718 0.3640 0.1929
v -0.1758 0.3575 0.1877
v -0.1937 0.3616 0.1809
v -0.1780 0.3632 0.1873
v -0.1837 0.3712 0.1872
v -0.1865 0.3787 0.1872
v -0.1971 0.3728 0.1830
v -0.2008 0.3791 0.1816
v -0.1897 0.3748 0.1867
v -0.2039 0.3666 0.1796
v -0.1949 0.3654 0.1810
v -0.2385 0.3730 0.1661
v -0.2329 0.3770 0.1685
v -0.2197 0.3719 0.1756
v -0.2455 0.3679 0.1629
v -0.2565 0.3718 0.1594
v -0.2493 0.3736 0.1615
v -0.2603 0.3674 0.1580
v -0.2567 0.3674 0.1593
v -0.2507 0.3626 0.1597
v -0.2393 0.3610 0.1639
v -0.2244 0.3588 0.1694
v -0.2357 0.3560 0.1644
v -0.2161 0.3399 0.1740
v -0.2318 0.3505 0.1661
v -0.2101 0.3488 0.1751
v -0.1870 0.3405 0.1854
v -0.2008 0.3432 0.1793
v -0.1906 0.3486 0.1812
v -0.1751 0.3247 0.1937
v -0.1859 0.3271 0.1886
v -0.1780 0.3310 0.1920
v -0.1633 0.3254 0.1999
v -0.1659 0.3290 0.1986
v -0.1631 0.3327 0.1985
v -0.1625 0.3165 0.1945
v -0.1605 0.3186 0.1987
v -0.1560 0.3146 0.1950
v -0.1740 0.3210 0.1932
v -0.1762 0.3181 0.1897
v -0.1804 0.3218 0.1901
v -0.1878 0.3215 0.1867
v -0.1970 0.3186 0.1820
v -0.1935 0.3258 0.1862
v -0.2322 0.3338 0.1685
v -0.2483 0.3416 0.1600
v -0.2686 0.3467 0.1497
v -0.2575 0.3507 0.1545
v -0.2638 0.3569 0.1520
v -0.2704 0.3670 0.1524
v -0.2610 0.3616 0.1550
v -0.2738 0.3801 0.1503
v -0.2759 0.3553 0.1453
v -0.2813 0.3647 0.1453
v -0.2711 0.3606 0.1494
v -0.2976 0.3662 0.1384
v -0.2977 0.3772 0.1392
v -0.2891 0.3734 0.1427
v -0.3195 0.3730 0.1301
v -0.3122 0.3737 0.1337
v -0.3405 0.3672 0.1217
v -0.3323 0.3821 0.1252
v -0.3284 0.3639 0.1257
v -0.3271 0.3547 0.1249
v -0.3356 0.3577 0.1222
v -0.3287 0.3424 0.1289
v -0.3273 0.3475 0.1260
v -0.3239 0.3437 0.1282
v -0.3112 0.3417 0.1338
v -0.3060 0.3440 0.1341
v -0.2967 0.3404 0.1396
v -0.2805 0.3330 0.1482
v -0.2823 0.3417 0.1448
v -0.2596 0.3184 0.1578
v -0.2694 0.3210 0.1539
v -0.2643 0.3254 0.1574
v -0.2501 0.3175 0.1594
v -0.2426 0.3153 0.1596
v -0.2540 0.3149 0.1541
v -0.2723 0.3182 0.1524
v -0.2782 0.3206 0.1500
v -0.2844 0.3182 0.1469
v -0.2907 0.3171 0.1428
v -0.2943 0.3196 0.1435
v -0.3018 0.3205 0.1415
v -0.3054 0.3140 0.1398
v -0.3098 0.3201 0.1397
v -0.3051 0.3269 0.1403
v -0.3165 0.3263 0.1373
v -0.3150 0.3323 0.1361
v -0.3189 0.3385 0.1327
v -0.3386 0.3435 0.1284
v -0.3412 0.3476 0.1279
v -0.3353 0.3441 0.1282
v -0.3386 0.3326 0.1350
v -0.3402 0.3412 0.1323
v -0.3346 0.3333 0.1333
v -0.3236 0.3260 0.1365
v -0.3285 0.3276 0.1351
v -0.3278 0.3354 0.1319
v -0.3008 0.3085 0.1385
v -0.2997 0.3080 0.1345
v -0.3009 0.3002 0.1398
v -0.2953 0.2915 0.1385
v -0.2942 0.2901 0.1454
v -0.2811 0.2743 0.1445
v -0.2868 0.2796 0.1384
v -0.2824 0.2756 0.1397
v -0.2751 0.2679 0.1499
v -0.2714 0.2643 0.1472
v -0.2691 0.2619 0.1551
v -0.2562 0.2476 0.1564
v -0.2491 0.2393 0.1618
v -0.2413 0.2318 0.1617
v -0.2359 0.2277 0.1605
v -0.2330 0.2275 0.1567
v -0.2318 0.2244 0.1610
v -0.2248 0.2169 0.1646
v -0.2222 0.2143 0.1632
v -0.2188 0.2105 0.1694
v -0.2125 0.2076 0.1650
v -0.2180 0.2129 0.1628
v -0.2109 0.2139 0.1620
v -0.2013 0.2142 0.1634
v -0.2061 0.2084 0.1634
v -0.2042 0.2143 0.1621
v -0.1930 0.1976 0.1692
v -0.2001 0.2008 0.1685
v -0.1935 0.1908 0.1762
v -0.1940 0.1937 0.1744
v -0.1883 0.1893 0.1751
v -0.1826 0.1834 0.1808
v -0.1868 0.1853 0.1775
v -0.1820 0.1853 0.1759
v -0.1793 0.1803 0.1848
v -0.1775 0.1774 0.1870
v -0.1705 0.1726 0.1867
v -0.1656 0.1708 0.1863
v -0.2031 0.1968 0.1782
v -0.2005 0.1953 0.1749
v -0.1975 0.1932 0.1786
v -0.2071 0.2005 0.1749
v -0.2050 0.2021 0.1696
v -0.2038 0.1976 0.1749
v -0.2098 0.2204 0.1601
v -0.2146 0.2873 0.1579
v -0.2174 0.3019 0.1567
v -0.1989 0.2900 0.1643
v -0.1760 0.3020 0.1743
v -0.1750 0.3103 0.1790
v -0.1686 0.3022 0.1779
v -0.1525 0.3026 0.1860
v -0.1444 0.3030 0.1909
v -0.1451 0.3099 0.1947
v -0.1460 0.3144 0.1979
v -0.1393 0.3093 0.1973
v -0.1340 0.2964 0.1976
v -0.1325 0.3025 0.2041
v -0.1343 0.2962 0.2054
v -0.1330 0.2982 0.2106
v -0.1374 0.3022 0.2107
v -0.1423 0.2974 0.2117
v -0.1413 0.3083 0.2109
v -0.1445 0.3050 0.2122
v -0.1448 0.3146 0.2107
v -0.1454 0.3197 0.2098
v -0.1493 0.3138 0.2140
v -0.1540 0.3192 0.2279
v -0.1525 0.3210 0.2200
v -0.1517 0.3281 0.2220
v -0.1505 0.3332 0.2327
v -0.1504 0.3360 0.2280
v -0.1469 0.3425 0.2332
v -0.1426 0.3391 0.2395
v -0.1469 0.3316 0.2391
v -0.1442 0.3414 0.2368
v -0.1404 0.3310 0.2419
v -0.1357 0.3366 0.2411
v -0.1342 0.3301 0.2418
v -0.1356 0.3170 0.2418
v -0.1354 0.3256 0.2425
v -0.1300 0.3201 0.2412
v -0.1290 0.3135 0.2396
v -0.1334 0.3090 0.2394
v -0.1311 0.3027 0.2370
v -0.1341 0.2993 0.2379
v -0.1398 0.2945 0.2390
v -0.1338 0.2877 0.2367
v -0.1387 0.2787 0.2381
v -0.1325 0.2781 0.2358
v -0.1340 0.2661 0.2371
v -0.1346 0.2525 0.2394
v -0.1294 0.2435 0.2399
v -0.1221 0.2307 0.2448
v -0.1277 0.2365 0.2424
v -0.1238 0.2366 0.2409
v -0.1169 0.2283 0.2465
v -0.1037 0.2263 0.2537
v -0.1050 0.2287 0.2492
v -0.0976 0.2300 0.2542
v -0.0956 0.2323 0.2508
v -0.1004 0.2303 0.2490
v -0.0987 0.2313 0.2449
v -0.0876 0.2393 0.2564
v -0.0846 0.2429 0.2602
v -0.0818 0.2490 0.2611
v -0.0813 0.2516 0.2569
v -0.0796 0.2559 0.2612
v -0.0788 0.2608 0.2514
v -0.0797 0.2472 0.2477
v -0.0765 0.2537 0.2437
v -0.0791 0.2555 0.2454
v -0.0802 0.2411 0.2445
v -0.0777 0.2451 0.2453
v -0.0878 0.2351 0.2431
v -0.0889 0.2306 0.2380
v -0.0820 0.2359 0.2410
v -0.0930 0.2304 0.2384
v -0.0996 0.2283 0.2355
v -0.0948 0.2276 0.2352
v -0.0828 0.2167 0.2365
v -0.0922 0.2160 0.2321
v -0.0886 0.2106 0.2350
v -0.0898 0.2053 0.2368
v -0.0922 0.2066 0.2333
v -0.1001 0.2011 0.2348
v -0.1057 0.1993 0.2397
v -0.1069 0.2005 0.2359
v -0.0944 0.2009 0.2501
v -0.0892 0.2008 0.2454
v -0.0946 0.1996 0.2451
v -0.0864 0.2031 0.2526
v -0.0838 0.2048 0.2409
v -0.0894 0.2016 0.2407
v -0.0882 0.2051 0.2553
v -0.0833 0.2037 0.2509
v -0.1113 0.2005 0.2345
v -0.1116 0.2019 0.2303
v -0.1122 0.2056 0.2253
v -0.1141 0.2082 0.2234
v -0.1178 0.2063 0.2238
v -0.1096 0.2205 0.2245
v -0.1100 0.2124 0.2225
v -0.1155 0.2300 0.2246
v -0.1150 0.2239 0.2221
v -0.1113 0.2264 0.2273
v -0.1061 0.2292 0.2346
v -0.1067 0.2266 0.2301
v -0.0953 0.2313 0.2411
v -0.0925 0.2339 0.2462
v -0.0909 0.2358 0.2513
v -0.0863 0.2408 0.2522
v -0.0827 0.2466 0.2523
v -0.0801 0.2536 0.2519
v -0.1161 0.2347 0.2335
v -0.1155 0.2333 0.2289
v -0.1113 0.2313 0.2342
v -0.1189 0.2369 0.2242
v -0.1198 0.2349 0.2209
v -0.1193 0.2367 0.2374
v -0.1226 0.2423 0.2354
v -0.1192 0.2386 0.2323
v -0.1265 0.2511 0.2349
v -0.1251 0.2543 0.2316
v -0.1241 0.2471 0.2336
v -0.1226 0.2555 0.2168
v -0.1226 0.2482 0.2192
v -0.1227 0.2531 0.2230
v -0.1259 0.2667 0.2314
v -0.1233 0.2662 0.2273
v -0.1297 0.2634 0.2349
v -0.1293 0.2714 0.2342
v -0.1031 0.2055 0.2288
v -0.0764 0.2495 0.2400
v -0.1227 0.2270 0.2472
v -0.1284 0.2326 0.2443
v -0.1243 0.2963 0.2370
v -0.1264 0.2906 0.2344
v -0.1272 0.2949 0.2346
v -0.1102 0.2901 0.2479
v -0.1145 0.2945 0.2448
v -0.1093 0.2974 0.2461
v -0.1104 0.3102 0.2417
v -0.1165 0.3080 0.2388
v -0.1154 0.3149 0.2425
v -0.1045 0.3103 0.2430
v -0.1016 0.3063 0.2403
v -0.1058 0.3052 0.2402
v -0.0997 0.3030 0.2431
v -0.0940 0.3113 0.2474
v -0.1000 0.3144 0.2471
v -0.1092 0.3348 0.2573
v -0.1007 0.3289 0.2557
v -0.0992 0.3228 0.2519
v -0.1030 0.3445 0.2622
v -0.0997 0.3381 0.2591
v -0.1059 0.3402 0.2598
v -0.0973 0.3518 0.2681
v -0.1000 0.3478 0.2637
v -0.1033 0.3497 0.2654
v -0.1048 0.3553 0.2689
v -0.1191 0.3484 0.2590
v -0.1126 0.3433 0.2594
v -0.1192 0.3228 0.2461
v -0.1210 0.3309 0.2469
v -0.1157 0.3303 0.2507
v -0.1293 0.3375 0.2430
v -0.1240 0.3265 0.2435
v -0.1270 0.3283 0.2405
v -0.1246 0.3311 0.2435
v -0.1155 0.3213 0.2470
v -0.1181 0.3134 0.2396
v -0.1229 0.3138 0.2395
v -0.1225 0.3198 0.2423
v -0.1225 0.3011 0.2375
v -0.1238 0.3086 0.2370
v -0.1162 0.3027 0.2391
v -0.1447 0.3005 0.2393
v -0.1456 0.3139 0.2406
v -0.1407 0.3140 0.2418
v -0.1406 0.3226 0.2421
v -0.1466 0.3441 0.2252
v -0.1430 0.3410 0.2183
v -0.1491 0.3195 0.2133
v -0.1453 0.3247 0.2101
v -0.1484 0.3246 0.2139
v -0.1395 0.3368 0.2047
v -0.1477 0.3425 0.1980
v -0.1386 0.3491 0.2028
v -0.1521 0.3378 0.1979
v -0.1568 0.3447 0.1957
v -0.1486 0.3387 0.1983
v -0.1739 0.3366 0.1922
v -0.1776 0.3456 0.1869
v -0.1687 0.3405 0.1930
v -0.1519 0.3304 0.2017
v -0.1469 0.3313 0.2032
v -0.1457 0.3200 0.2061
v -0.1451 0.3246 0.2064
v -0.1452 0.3167 0.2038
v -0.1513 0.3166 0.1991
v -0.1496 0.3123 0.1949
v -0.1465 0.3080 0.1919
v -0.1516 0.3090 0.1902
v -0.1571 0.3079 0.1861
v -0.1632 0.3091 0.1846
v -0.1698 0.3138 0.1874
v -0.1733 0.3137 0.1842
v -0.1650 0.3065 0.1808
v -0.1813 0.3145 0.1803
v -0.1990 0.3175 0.1796
v -0.2045 0.3177 0.1781
v -0.2138 0.3185 0.1757
v -0.2046 0.3207 0.1804
v -0.2312 0.3175 0.1684
v -0.2295 0.3209 0.1697
v -0.2160 0.3173 0.1733
v -0.2270 0.3148 0.1643
v -0.2342 0.3148 0.1633
v -0.2347 0.3132 0.1592
v -0.2284 0.3085 0.1551
v -0.2303 0.3051 0.1513
v -0.2400 0.3133 0.1568
v -0.2451 0.3097 0.1496
v -0.2515 0.3128 0.1507
v -0.2506 0.3022 0.1419
v -0.2567 0.3092 0.1434
v -0.2510 0.3085 0.1447
v -0.2708 0.3121 0.1422
v -0.2747 0.3115 0.1386
v -0.2814 0.3147 0.1426
v -0.2833 0.3118 0.1366
v -0.2864 0.3112 0.1326
v -0.2930 0.3137 0.1372
v -0.2859 0.3076 0.1274
v -0.2929 0.3125 0.1334
v -0.2813 0.2902 0.1275
v -0.2870 0.2973 0.1252
v -0.2818 0.3024 0.1275
v -0.2661 0.2788 0.1343
v -0.2708 0.2807 0.1333
v -0.2675 0.2907 0.1342
v -0.2626 0.2667 0.1375
v -0.2666 0.2727 0.1348
v -0.2751 0.2677 0.1439
v -0.2744 0.2675 0.1385
v -0.2707 0.2665 0.1394
v -0.2666 0.2594 0.1472
v -0.2692 0.2616 0.1488
v -0.2700 0.2610 0.1457
v -0.2632 0.2555 0.1462
v -0.2639 0.2601 0.1408
v -0.2619 0.2562 0.1422
v -0.2579 0.2495 0.1523
v -0.2572 0.2500 0.1480
v -0.2540 0.2466 0.1522
v -0.2515 0.2437 0.1518
v -0.2497 0.2447 0.1477
v -0.2468 0.2427 0.1503
v -0.2337 0.2309 0.1523
v -0.2411 0.2364 0.1519
v -0.2362 0.2394 0.1505
v -0.2294 0.2253 0.1561
v -0.2305 0.2281 0.1517
v -0.2270 0.2315 0.1527
v -0.2178 0.2198 0.1576
v -0.2226 0.2265 0.1562
v -0.2171 0.2266 0.1567
v -0.2230 0.2191 0.1584
v -0.2209 0.2150 0.1591
v -0.2295 0.2332 0.1513
v -0.2336 0.2486 0.1503
v -0.2276 0.2456 0.1525
v -0.2326 0.3024 0.1504
v -0.2246 0.3010 0.1542
v -0.2166 0.3103 0.1620
v -0.2179 0.3065 0.1573
v -0.2223 0.3130 0.1614
v -0.2042 0.3021 0.1620
v -0.1986 0.3095 0.1674
v -0.1922 0.3019 0.1667
v -0.1843 0.3074 0.1724
v -0.1888 0.3091 0.1693
v -0.1875 0.3142 0.1745
v -0.1766 0.3069 0.1749
v -0.1793 0.3127 0.1779
v -0.1977 0.3152 0.1737
v -0.1897 0.3135 0.1704
v -0.1931 0.3140 0.1708
v -0.2040 0.3100 0.1661
v -0.2021 0.3144 0.1708
v -0.2106 0.3133 0.1670
v -0.2189 0.3145 0.1669
v -0.2406 0.2836 0.1468
v -0.2390 0.3022 0.1478
v -0.2455 0.3022 0.1444
v -0.2466 0.3070 0.1454
v -0.2572 0.3021 0.1388
v -0.2628 0.3081 0.1391
v -0.2582 0.3065 0.1396
v -0.2697 0.3023 0.1333
v -0.2744 0.3077 0.1334
v -0.2706 0.3063 0.1339
v -0.2556 0.2813 0.1398
v -0.2518 0.2550 0.1443
v -0.2529 0.2617 0.1422
v -0.2459 0.2553 0.1448
v -0.2284 0.2664 0.1522
v -0.2392 0.2622 0.1477
v -0.2555 0.2607 0.1412
v -0.2585 0.2607 0.1401
v -0.2366 0.2298 0.1564
v -0.2438 0.2343 0.1579
v -0.2458 0.2377 0.1532
v -0.2796 0.2724 0.1416
v -0.2827 0.2782 0.1340
v -0.2807 0.2731 0.1372
v -0.2856 0.2796 0.1326
v -0.2846 0.2800 0.1293
v -0.2871 0.2838 0.1294
v -0.2820 0.2841 0.1280
v -0.2933 0.2961 0.1224
v -0.2913 0.2883 0.1263
v -0.2966 0.2859 0.1254
v -0.2932 0.3025 0.1218
v -0.2982 0.3069 0.1226
v -0.2937 0.3062 0.1221
v -0.3051 0.3009 0.1288
v -0.3003 0.3073 0.1290
v -0.3049 0.3059 0.1283
v -0.3042 0.2975 0.1280
v -0.3033 0.3008 0.1318
v -0.2973 0.2905 0.1269
v -0.2995 0.2963 0.1240
v -0.2928 0.2850 0.1338
v -0.2950 0.2872 0.1297
v -0.2892 0.2824 0.1356
v -0.2982 0.3021 0.1216
v -0.3041 0.3020 0.1205
v -0.3060 0.3063 0.1222
v -0.3010 0.3000 0.1358
v -0.2988 0.2947 0.1326
v -0.1643 0.3022 0.1801
v -0.1389 0.3086 0.2055
v -0.1356 0.3071 0.1984
v -0.1349 0.3063 0.2065
v -0.1578 0.3249 0.2006
v -0.2059 0.3561 0.1768
v -0.2171 0.3548 0.1725
v -0.2161 0.3610 0.1741
v -0.2800 0.3486 0.1442
v -0.3127 0.3477 0.1315
v -0.3175 0.3518 0.1281
v -0.3032 0.3544 0.1349
v -0.2214 0.3811 0.1730
v -0.0850 0.4026 0.2600
v -0.0888 0.4048 0.2559
v -0.0831 0.4043 0.2559
v -0.0991 0.4057 0.2510
v -0.1042 0.4066 0.2447
v -0.0992 0.4068 0.2460
v -0.0995 0.4051 0.2570
v -0.1099 0.4062 0.2385
v -0.1138 0.4120 0.2353
v -0.1066 0.4083 0.2392
v -0.1080 0.4149 0.2377
v -0.1166 0.4245 0.2318
v -0.1230 0.4242 0.2280
v -0.1347 0.4197 0.2225
v -0.1349 0.4262 0.2151
v -0.1307 0.4265 0.2232
v -0.1406 0.4241 0.2040
v -0.1456 0.4249 0.2004
v -0.1503 0.4262 0.1955
v -0.1667 0.4259 0.1884
v -0.1559 0.4267 0.1843
v -0.1500 0.4268 0.1741
v -0.1464 0.4270 0.1686
v -0.1407 0.4272 0.1736
v -0.1287 0.4280 0.1742
v -0.1452 0.4328 0.1602
v -0.1467 0.4363 0.1575
v -0.1366 0.4317 0.1639
v -0.1641 0.4260 0.1632
v -0.1634 0.4295 0.1565
v -0.1574 0.4299 0.1569
v -0.1531 0.4271 0.1674
v -0.1916 0.4250 0.1819
v -0.1808 0.4258 0.1788
v -0.1824 0.4242 0.1861
v -0.1710 0.4205 0.1921
v -0.1665 0.4240 0.1922
v -0.1599 0.4223 0.1954
v -0.1488 0.4139 0.2009
v -0.1579 0.4169 0.1972
v -0.1548 0.4218 0.1983
v -0.1428 0.3993 0.2041
v -0.1401 0.4014 0.2078
v -0.1480 0.4221 0.2004
v -0.1576 0.4261 0.1949
v -0.2000 0.4237 0.1786
v -0.1968 0.4251 0.1774
v -0.2102 0.4237 0.1751
v -0.2110 0.4253 0.1720
v -0.2075 0.4253 0.1756
v -0.2250 0.4257 0.1672
v -0.2326 0.4258 0.1547
v -0.2163 0.4259 0.1670
v -0.2018 0.4260 0.1564
v -0.2120 0.4261 0.1477
v -0.2050 0.4259 0.1456
v -0.1701 0.4263 0.1620
v -0.1758 0.4260 0.1572
v -0.1696 0.4272 0.1565
v -0.1672 0.4309 0.1514
v -0.1745 0.4347 0.1465
v -0.1872 0.4297 0.1437
v -0.1838 0.4327 0.1429
v -0.1818 0.4304 0.1453
v -0.1817 0.4257 0.1576
v -0.1938 0.4263 0.1509
v -0.1874 0.4262 0.1512
v -0.2026 0.4292 0.1396
v -0.2026 0.4326 0.1359
v -0.1974 0.4311 0.1391
v -0.1988 0.4346 0.1359
v -0.1896 0.4384 0.1375
v -0.2179 0.4354 0.1273
v -0.2384 0.4378 0.1169
v -0.2163 0.4468 0.1219
v -0.2064 0.4312 0.1339
v -0.2283 0.4262 0.1336
v -0.2276 0.4294 0.1272
v -0.2220 0.4280 0.1335
v -0.2347 0.4306 0.1219
v -0.2368 0.4329 0.1201
v -0.2293 0.4327 0.1238
v -0.2343 0.4255 0.1341
v -0.2336 0.4283 0.1272
v -0.2461 0.4255 0.1281
v -0.2399 0.4262 0.1275
v -0.2394 0.4293 0.1215
v -0.2429 0.4327 0.1172
v -0.2551 0.4375 0.1095
v -0.2660 0.4442 0.1013
v -0.3029 0.4534 0.0803
v -0.3517 0.4572 0.0576
v -0.3065 0.4643 0.0724
v -0.2842 0.4836 0.0678
v -0.2718 0.4887 0.0683
v -0.2090 0.4859 0.0978
v -0.2410 0.4895 0.0802
v -0.2956 0.4916 0.0517
v -0.3125 0.4945 0.0386
v -0.2702 0.4987 0.0506
v -0.3385 0.4934 0.0275
v -0.3395 0.4964 0.0218
v -0.3308 0.4972 0.0242
v -0.3461 0.4942 0.0273
v -0.3456 0.4991 0.0219
v -0.3419 0.4946 0.0240
v -0.3399 0.5003 0.0155
v -0.3265 0.5032 0.0118
v -0.3276 0.5058 0.0049
v -0.3205 0.5074 0.0035
v -0.2709 0.5196 -0.0021
v -0.2227 0.5254 0.0126
v -0.2244 0.5294 -0.0038
v -0.2330 0.5309 -0.0165
v -0.2992 0.5288 -0.0583
v -0.2936 0.5316 -0.0680
v -0.2728 0.5330 -0.0593
v -0.2827 0.5345 -0.0828
v -0.2441 0.5382 -0.0749
v -0.2749 0.5366 -0.1113
v -0.2088 0.5414 -0.0700
v -0.2757 0.5366 -0.1230
v -0.2766 0.5389 -0.1300
v -0.2701 0.5369 -0.1242
v -0.2726 0.5353 -0.1314
v -0.2704 0.5356 -0.1346
v -0.2700 0.5355 -0.1290
v -0.2715 0.5365 -0.1466
v -0.2699 0.5372 -0.1535
v -0.2642 0.5333 -0.1461
v -0.2651 0.5339 -0.1525
v -0.2699 0.5385 -0.1572
v -0.2660 0.5355 -0.1587
v -0.2582 0.5299 -0.1636
v -0.2630 0.5320 -0.1666
v -0.2598 0.5307 -0.1699
v -0.2584 0.5317 -0.1768
v -0.2581 0.5329 -0.1802
v -0.2531 0.5282 -0.1759
v -0.2496 0.5238 -0.1835
v -0.2464 0.5244 -0.1804
v -0.2534 0.5286 -0.1818
v -0.2508 0.5251 -0.1875
v -0.2517 0.5264 -0.1911
v -0.2470 0.5239 -0.1870
v -0.2405 0.5227 -0.1865
v -0.2409 0.5218 -0.1926
v -0.2332 0.5223 -0.1872
v -0.2466 0.5268 -0.2037
v -0.2467 0.5299 -0.2039
v -0.2423 0.5226 -0.2050
v -0.2392 0.5180 -0.2066
v -0.2416 0.5234 -0.2119
v -0.2401 0.5193 -0.2114
v -0.2404 0.5206 -0.2151
v -0.2340 0.5237 -0.2316
v -0.2344 0.5176 -0.2270
v -0.2321 0.5184 -0.2356
v -0.2310 0.5239 -0.2406
v -0.2299 0.5173 -0.2407
v -0.2250 0.5063 -0.2399
v -0.2292 0.5118 -0.2401
v -0.2279 0.5124 -0.2453
v -0.2234 0.5049 -0.2462
v -0.2234 0.5109 -0.2551
v -0.2229 0.5059 -0.2531
v -0.2218 0.5066 -0.2591
v -0.2207 0.5115 -0.2640
v -0.2189 0.5063 -0.2653
v -0.2158 0.4948 -0.2591
v -0.2169 0.4958 -0.2637
v -0.2118 0.4941 -0.2577
v -0.2133 0.4936 -0.2689
v -0.2144 0.5002 -0.2755
v -0.2136 0.4945 -0.2761
v -0.2122 0.4948 -0.2812
v -0.2112 0.4882 -0.2796
v -0.2009 0.4819 -0.2750
v -0.2075 0.4821 -0.2797
v -0.2087 0.4830 -0.2877
v -0.2066 0.4889 -0.2942
v -0.2069 0.4834 -0.2939
v -0.2039 0.4709 -0.2928
v -0.2039 0.4716 -0.2999
v -0.2028 0.4711 -0.3047
v -0.2035 0.4653 -0.2992
v -0.2020 0.4651 -0.3046
v -0.2005 0.4651 -0.3108
v -0.2021 0.4599 -0.3055
v -0.1988 0.4487 -0.2981
v -0.1961 0.4518 -0.2951
v -0.2000 0.4528 -0.2977
v -0.2000 0.4474 -0.3033
v -0.2007 0.4481 -0.3105
v -0.1996 0.4426 -0.3052
v -0.1940 0.4363 -0.3040
v -0.1951 0.4357 -0.3098
v -0.1887 0.4354 -0.3022
v -0.1881 0.4322 -0.3100
v -0.1878 0.4328 -0.3167
v -0.1816 0.4317 -0.3107
v -0.1939 0.4368 -0.3224
v -0.1880 0.4343 -0.3209
v -0.1757 0.4342 -0.3217
v -0.1703 0.4342 -0.3212
v -0.1810 0.4332 -0.3255
v -0.1875 0.4323 -0.3301
v -0.1937 0.4350 -0.3324
v -0.1967 0.4337 -0.3394
v -0.1927 0.4313 -0.3341
v -0.2023 0.4352 -0.3458
v -0.2010 0.4338 -0.3495
v -0.1983 0.4333 -0.3478
v -0.2092 0.4362 -0.3527
v -0.2208 0.4355 -0.3580
v -0.2130 0.4338 -0.3556
v -0.2352 0.4299 -0.3682
v -0.2426 0.4243 -0.3729
v -0.2705 0.4335 -0.3825
v -0.2749 0.4282 -0.3860
v -0.2683 0.4276 -0.3832
v -0.2568 0.3908 -0.3802
v -0.2763 0.4009 -0.3893
v -0.2686 0.3888 -0.3869
v -0.2437 0.3805 -0.3804
v -0.2485 0.3876 -0.3785
v -0.2533 0.3838 -0.3816
v -0.2610 0.3845 -0.3842
v -0.2681 0.3811 -0.3879
v -0.2535 0.3779 -0.3831
v -0.2743 0.3676 -0.3916
v -0.2817 0.3759 -0.3949
v -0.2874 0.3727 -0.3980
v -0.2933 0.3733 -0.3945
v -0.2905 0.3785 -0.3972
v -0.2918 0.3952 -0.3968
v -0.2996 0.3596 -0.3859
v -0.2947 0.3914 -0.3938
v -0.2952 0.4187 -0.3934
v -0.2948 0.4274 -0.3920
v -0.2989 0.4358 -0.3799
v -0.2995 0.4306 -0.3835
v -0.2972 0.4344 -0.3849
v -0.3057 0.4306 -0.3674
v -0.3094 0.4286 -0.3601
v -0.3042 0.4361 -0.3505
v -0.3037 0.4354 -0.3569
v -0.3014 0.4415 -0.3498
v -0.2994 0.4470 -0.3525
v -0.2944 0.4535 -0.3596
v -0.3006 0.4579 -0.3478
v -0.3086 0.4690 -0.3314
v -0.3046 0.4822 -0.3365
v -0.3087 0.4875 -0.3288
v -0.3142 0.5068 -0.3159
v -0.3110 0.5005 -0.3239
v -0.3116 0.5078 -0.3192
v -0.3324 0.5193 -0.2766
v -0.3238 0.4993 -0.2973
v -0.3220 0.5182 -0.2998
v -0.3354 0.5356 -0.2680
v -0.3314 0.5305 -0.2764
v -0.3338 0.5374 -0.2701
v -0.3504 0.5389 -0.2356
v -0.3497 0.5465 -0.2341
v -0.3549 0.5445 -0.2242
v -0.3666 0.5410 -0.1998
v -0.3652 0.5509 -0.2006
v -0.3684 0.5543 -0.1943
v -0.3894 0.5534 -0.1455
v -0.3762 0.5438 -0.1774
v -0.3815 0.5582 -0.1627
v -0.3802 0.5625 -0.1494
v -0.3792 0.5615 -0.1633
v -0.3747 0.5630 -0.1582
v -0.3136 0.5609 -0.1102
v -0.3233 0.5618 -0.1253
v -0.2991 0.5618 -0.1118
v -0.3099 0.5597 -0.0950
v -0.3047 0.5590 -0.0939
v -0.3081 0.5589 -0.0859
v -0.3095 0.5550 -0.0740
v -0.3111 0.5575 -0.0798
v -0.3067 0.5571 -0.0836
v -0.3043 0.5558 -0.0851
v -0.2985 0.5536 -0.0971
v -0.3027 0.5450 -0.0852
v -0.3120 0.5420 -0.0655
v -0.3055 0.5351 -0.0717
v -0.3066 0.5338 -0.0671
v -0.3005 0.5293 -0.0631
v -0.2984 0.5300 -0.0651
v -0.3107 0.5253 -0.0477
v -0.3121 0.5295 -0.0543
v -0.3039 0.5257 -0.0478
v -0.3017 0.5211 -0.0272
v -0.3094 0.5231 -0.0389
v -0.3034 0.5243 -0.0408
v -0.3163 0.5193 -0.0301
v -0.3153 0.5222 -0.0348
v -0.3102 0.5197 -0.0274
v -0.3170 0.5155 -0.0169
v -0.3162 0.5172 -0.0225
v -0.3059 0.5136 -0.0058
v -0.3280 0.5076 -0.0010
v -0.3283 0.5123 -0.0117
v -0.3214 0.5108 -0.0064
v -0.3356 0.5107 -0.0020
v -0.3338 0.5125 -0.0075
v -0.3341 0.5178 -0.0120
v -0.3349 0.5247 -0.0121
v -0.3299 0.5166 -0.0146
v -0.3230 0.5117 -0.0113
v -0.3287 0.5184 -0.0190
v -0.3234 0.5184 -0.0255
v -0.3235 0.5226 -0.0304
v -0.3208 0.5184 -0.0281
v -0.3226 0.5296 -0.0401
v -0.3197 0.5307 -0.0434
v -0.3168 0.5242 -0.0420
v -0.3193 0.5363 -0.0485
v -0.3175 0.5420 -0.0536
v -0.3174 0.5363 -0.0532
v -0.3141 0.5490 -0.0634
v -0.3266 0.5477 -0.0399
v -0.3318 0.5504 -0.0517
v -0.3221 0.5476 -0.0461
v -0.3328 0.5364 -0.0211
v -0.3297 0.5440 -0.0312
v -0.3289 0.5357 -0.0266
v -0.3340 0.5297 -0.0154
v -0.3292 0.5240 -0.0248
v -0.3415 0.5361 -0.0099
v -0.3400 0.5373 -0.0130
v -0.3359 0.5347 -0.0135
v -0.3349 0.5390 -0.0207
v -0.3348 0.5426 -0.0250
v -0.3585 0.5527 -0.0712
v -0.3223 0.5536 -0.0602
v -0.3198 0.5550 -0.0684
v -0.3138 0.5530 -0.0668
v -0.3156 0.5535 -0.0631
v -0.3108 0.5524 -0.0712
v -0.3119 0.5553 -0.0718
v -0.3284 0.5586 -0.0890
v -0.3714 0.5606 -0.1219
v -0.3911 0.5601 -0.1339
v -0.3867 0.5603 -0.1486
v -0.3927 0.5565 -0.1377
v -0.3900 0.5578 -0.1414
v -0.3961 0.5572 -0.1276
v -0.3942 0.5551 -0.1334
v -0.3935 0.5594 -0.1313
v -0.3974 0.5576 -0.1092
v -0.4005 0.5561 -0.1167
v -0.3968 0.5575 -0.1209
v -0.4034 0.5535 -0.0948
v -0.4018 0.5550 -0.1030
v -0.3977 0.5546 -0.0958
v -0.4024 0.5526 -0.1138
v -0.4016 0.5485 -0.1180
v -0.3992 0.5538 -0.1221
v -0.4031 0.5362 -0.1161
v -0.3924 0.5307 -0.1415
v -0.3972 0.5531 -0.1288
v -0.4100 0.5499 -0.0968
v -0.4074 0.5472 -0.1045
v -0.4070 0.5514 -0.1007
v -0.4074 0.5525 -0.0899
v -0.4009 0.5522 -0.0856
v -0.3740 0.5490 -0.0624
v -0.4152 0.5456 -0.0655
v -0.4149 0.5465 -0.0725
v -0.4075 0.5476 -0.0706
v -0.4128 0.5480 -0.0774
v -0.4159 0.5454 -0.0804
v -0.4133 0.5492 -0.0822
v -0.4197 0.5324 -0.0752
v -0.4140 0.5442 -0.0867
v -0.4189 0.5409 -0.0746
v -0.4230 0.5414 -0.0568
v -0.4240 0.5346 -0.0638
v -0.4230 0.5398 -0.0627
v -0.4295 0.5346 -0.0464
v -0.4258 0.5386 -0.0535
v -0.4215 0.5381 -0.0482
v -0.4177 0.5316 -0.0308
v -0.4267 0.5352 -0.0419
v -0.3880 0.5370 -0.0321
v -0.3944 0.5222 -0.0020
v -0.3858 0.5297 -0.0140
v -0.3707 0.5248 0.0031
v -0.3668 0.5135 0.0245
v -0.3892 0.5152 0.0126
v -0.3643 0.5194 0.0161
v -0.3553 0.5097 0.0313
v -0.3573 0.5145 0.0267
v -0.3533 0.5117 0.0271
v -0.3525 0.5010 0.0290
v -0.3497 0.5002 0.0261
v -0.3578 0.4893 0.0413
v -0.3578 0.4946 0.0407
v -0.3529 0.4879 0.0379
v -0.3609 0.4772 0.0510
v -0.3581 0.4822 0.0443
v -0.3505 0.4696 0.0498
v -0.3536 0.4721 0.0469
v -0.3510 0.4750 0.0450
v -0.3501 0.4640 0.0541
v -0.3290 0.4707 0.0582
v -0.3632 0.4681 0.0535
v -0.3635 0.4716 0.0538
v -0.3581 0.4669 0.0526
v -0.3674 0.4694 0.0614
v -0.3645 0.4773 0.0557
v -0.3641 0.4659 0.0564
v -0.3682 0.4491 0.0670
v -0.3667 0.4593 0.0627
v -0.3625 0.4570 0.0579
v -0.3767 0.4295 0.0865
v -0.3766 0.4362 0.0800
v -0.3752 0.4311 0.0813
v -0.3634 0.4264 0.0969
v -0.3689 0.4260 0.0937
v -0.3629 0.4258 0.0877
v -0.3312 0.4263 0.0953
v -0.3504 0.4262 0.0895
v -0.3397 0.4261 0.0873
v -0.3107 0.4257 0.1291
v -0.3235 0.4261 0.1195
v -0.2959 0.4261 0.1327
v -0.3082 0.4248 0.1318
v -0.2998 0.4257 0.1358
v -0.2917 0.4227 0.1400
v -0.2821 0.4192 0.1448
v -0.2797 0.4235 0.1449
v -0.2729 0.4227 0.1484
v -0.2531 0.4235 0.1565
v -0.2696 0.4256 0.1449
v -0.2569 0.4260 0.1491
v -0.2347 0.4255 0.1606
v -0.2435 0.4257 0.1560
v -0.2586 0.4260 0.1293
v -0.2577 0.4259 0.1221
v -0.2516 0.4269 0.1215
v -0.2631 0.4272 0.1155
v -0.2683 0.4290 0.1105
v -0.2627 0.4302 0.1102
v -0.2671 0.4316 0.1077
v -0.2726 0.4311 0.1046
v -0.2655 0.4352 0.1060
v -0.2884 0.4360 0.0955
v -0.3040 0.4383 0.0875
v -0.2926 0.4261 0.1041
v -0.2921 0.4292 0.0980
v -0.2865 0.4283 0.1034
v -0.2810 0.4259 0.1103
v -0.2804 0.4292 0.1038
v -0.2749 0.4273 0.1096
v -0.2863 0.4260 0.1170
v -0.2755 0.4262 0.1150
v -0.2686 0.4261 0.1214
v -0.2887 0.4263 0.1079
v -0.2978 0.4284 0.0986
v -0.3160 0.4272 0.0921
v -0.3137 0.4308 0.0869
v -0.3089 0.4288 0.0932
v -0.3489 0.4482 0.0634
v -0.3664 0.4449 0.0660
v -0.3592 0.4460 0.0629
v -0.3639 0.4306 0.0697
v -0.3637 0.4360 0.0666
v -0.3561 0.4302 0.0692
v -0.3451 0.4269 0.0807
v -0.3507 0.4287 0.0751
v -0.3446 0.4297 0.0748
v -0.3337 0.4266 0.0868
v -0.3390 0.4288 0.0804
v -0.3330 0.4296 0.0807
v -0.3182 0.4263 0.0980
v -0.3221 0.4262 0.0928
v -0.3126 0.4261 0.1088
v -0.3063 0.4261 0.1030
v -0.2988 0.4256 0.1047
v -0.3261 0.4316 0.0816
v -0.3352 0.4349 0.0761
v -0.3437 0.4353 0.0719
v -0.3513 0.4259 0.0814
v -0.3567 0.4272 0.0746
v -0.3697 0.4307 0.0743
v -0.3697 0.4365 0.0701
v -0.3692 0.4325 0.0708
v -0.3576 0.4587 0.0562
v -0.3580 0.4639 0.0540
v -0.3157 0.4254 0.1289
v -0.3344 0.4241 0.1209
v -0.3454 0.4263 0.1146
v -0.3596 0.4259 0.1112
v -0.3498 0.4251 0.1139
v -0.3457 0.4223 0.1168
v -0.3620 0.4261 0.1051
v -0.3794 0.4361 0.0834
v -0.3805 0.4488 0.0811
v -0.3771 0.4480 0.0790
v -0.3698 0.4832 0.0597
v -0.3632 0.4866 0.0511
v -0.3673 0.4769 0.0610
v -0.3650 0.4933 0.0502
v -0.3662 0.4892 0.0536
v -0.3634 0.5025 0.0428
v -0.3589 0.5049 0.0383
v -0.3603 0.5007 0.0416
v -0.3594 0.5076 0.0363
v -0.3625 0.5098 0.0329
v -0.3579 0.5097 0.0330
v -0.3977 0.4932 0.0392
v -0.4070 0.5017 0.0253
v -0.3685 0.4968 0.0485
v -0.4457 0.4975 0.0144
v -0.4472 0.5073 0.0015
v -0.4475 0.5085 -0.0014
v -0.4446 0.5110 -0.0040
v -0.4361 0.5124 -0.0021
v -0.4455 0.5136 -0.0089
v -0.4389 0.5159 -0.0090
v -0.4381 0.5216 -0.0197
v -0.4400 0.5214 -0.0234
v -0.4361 0.5253 -0.0247
v -0.4361 0.5269 -0.0298
v -0.4367 0.5236 -0.0343
v -0.4350 0.5282 -0.0351
v -0.4282 0.5322 -0.0367
v -0.4308 0.5331 -0.0415
v -0.4287 0.5316 -0.0515
v -0.4264 0.5358 -0.0577
v -0.4275 0.5355 -0.0528
v -0.4339 0.5273 -0.0391
v -0.4398 0.5170 -0.0265
v -0.4387 0.5224 -0.0281
v -0.4410 0.5189 -0.0149
v -0.4438 0.5155 -0.0159
v -0.4407 0.5200 -0.0184
v -0.4469 0.5108 -0.0066
v -0.4463 0.5075 -0.0112
v -0.4452 0.5141 -0.0119
v -0.4517 0.4958 0.0010
v -0.4499 0.5044 -0.0038
v -0.4513 0.5008 0.0019
v -0.4552 0.4889 0.0098
v -0.4543 0.4943 0.0063
v -0.4548 0.4938 0.0112
v -0.4575 0.4870 0.0170
v -0.4554 0.4903 0.0134
v -0.4537 0.4928 0.0155
v -0.3747 0.4764 0.0647
v -0.3732 0.4807 0.0607
v -0.3701 0.4766 0.0634
v -0.3560 0.4759 0.0458
v -0.3079 0.4833 0.0577
v -0.3333 0.4824 0.0456
v -0.3186 0.4882 0.0463
v -0.3443 0.4825 0.0400
v -0.3446 0.4850 0.0372
v -0.3519 0.4963 0.0293
v -0.3495 0.5135 0.0200
v -0.3465 0.5106 0.0157
v -0.3486 0.5069 0.0213
v -0.3355 0.5003 0.0126
v -0.3395 0.5058 0.0095
v -0.3338 0.5022 0.0104
v -0.3393 0.5073 0.0042
v -0.3386 0.5079 0.0011
v -0.3343 0.5070 0.0011
v -0.3443 0.5127 0.0100
v -0.3397 0.5119 0.0003
v -0.3526 0.5167 0.0223
v -0.3500 0.5171 0.0197
v -0.3517 0.5225 0.0135
v -0.3487 0.5237 0.0106
v -0.3489 0.5208 0.0141
v -0.3462 0.5281 0.0034
v -0.3392 0.5292 -0.0036
v -0.3430 0.5235 0.0047
v -0.3492 0.5313 -0.0029
v -0.3429 0.5309 -0.0011
v -0.3748 0.5439 -0.0459
v -0.3505 0.5263 0.0069
v -0.3457 0.5235 0.0087
v -0.3561 0.5177 0.0210
v -0.3557 0.5207 0.0165
v -0.3524 0.5196 0.0191
v -0.4067 0.5404 -0.0484
v -0.4143 0.5426 -0.0573
v -0.4030 0.5443 -0.0579
v -0.4216 0.5432 -0.0670
v -0.4192 0.5431 -0.0629
v -0.3915 0.5482 -0.1419
v -0.3765 0.5160 -0.1791
v -0.3699 0.5270 -0.1938
v -0.3821 0.5340 -0.1652
v -0.3564 0.5000 -0.2253
v -0.3482 0.4975 -0.2445
v -0.3567 0.5095 -0.2248
v -0.3378 0.4749 -0.2704
v -0.3368 0.4942 -0.2704
v -0.3190 0.4646 -0.3131
v -0.3181 0.4809 -0.3113
v -0.3262 0.4788 -0.2954
v -0.3275 0.4458 -0.3009
v -0.3211 0.4402 -0.3152
v -0.3220 0.4507 -0.3121
v -0.3206 0.4338 -0.3140
v -0.3170 0.4289 -0.3216
v -0.3295 0.4508 -0.2930
v -0.3309 0.4607 -0.2891
v -0.3494 0.4824 -0.2381
v -0.3446 0.4732 -0.2495
v -0.3433 0.4764 -0.2555
v -0.3102 0.4448 -0.3340
v -0.3037 0.4417 -0.3449
v -0.3117 0.4536 -0.3289
v -0.3106 0.4320 -0.3450
v -0.3119 0.4289 -0.3506
v -0.3076 0.4349 -0.3445
v -0.3552 0.4888 -0.2242
v -0.3604 0.4974 -0.2147
v -0.2996 0.5338 -0.0770
v -0.3004 0.5361 -0.0826
v -0.2925 0.5327 -0.0765
v -0.2928 0.5333 -0.0824
v -0.2934 0.5344 -0.0886
v -0.2866 0.5344 -0.0942
v -0.2919 0.5361 -0.1005
v -0.2876 0.5360 -0.1038
v -0.2812 0.5357 -0.1053
v -0.2874 0.5406 -0.1123
v -0.2810 0.5364 -0.1116
v -0.2830 0.5401 -0.1181
v -0.2886 0.5479 -0.1178
v -0.2852 0.5477 -0.1245
v -0.2816 0.5424 -0.1287
v -0.2828 0.5478 -0.1300
v -0.2769 0.5404 -0.1354
v -0.2764 0.5413 -0.1417
v -0.2757 0.5419 -0.1451
v -0.2749 0.5371 -0.1411
v -0.2710 0.5407 -0.1532
v -0.2687 0.5420 -0.1594
v -0.2635 0.5494 -0.1704
v -0.2649 0.5397 -0.1650
v -0.2600 0.5468 -0.1787
v -0.2592 0.5355 -0.1772
v -0.2574 0.5470 -0.1836
v -0.2511 0.5463 -0.2002
v -0.2523 0.5388 -0.1935
v -0.2518 0.5330 -0.1925
v -0.2478 0.5297 -0.2005
v -0.2521 0.5299 -0.1917
v -0.2473 0.5416 -0.2062
v -0.2414 0.5358 -0.2180
v -0.2418 0.5389 -0.2221
v -0.2432 0.5410 -0.2267
v -0.2399 0.5382 -0.2243
v -0.2382 0.5359 -0.2331
v -0.2372 0.5353 -0.2388
v -0.2350 0.5317 -0.2326
v -0.2317 0.5289 -0.2410
v -0.2284 0.5266 -0.2484
v -0.2314 0.5296 -0.2505
v -0.2277 0.5264 -0.2521
v -0.2269 0.5255 -0.2573
v -0.2266 0.5247 -0.2609
v -0.2247 0.5224 -0.2584
v -0.2214 0.5173 -0.2642
v -0.2220 0.5193 -0.2672
v -0.2207 0.5169 -0.2693
v -0.2177 0.5106 -0.2714
v -0.2165 0.5097 -0.2755
v -0.2153 0.5060 -0.2762
v -0.2159 0.5087 -0.2803
v -0.2141 0.5055 -0.2812
v -0.2124 0.5004 -0.2822
v -0.2141 0.5047 -0.2858
v -0.2104 0.4987 -0.2873
v -0.2100 0.4939 -0.2875
v -0.2077 0.4939 -0.2931
v -0.2092 0.4893 -0.2884
v -0.2095 0.4962 -0.2953
v -0.2081 0.4932 -0.2975
v -0.2068 0.4876 -0.3034
v -0.2115 0.4820 -0.3104
v -0.2041 0.4828 -0.3042
v -0.2027 0.4771 -0.3048
v -0.2032 0.4765 -0.3096
v -0.2029 0.4701 -0.3145
v -0.2016 0.4654 -0.3153
v -0.2007 0.4542 -0.3107
v -0.1997 0.4616 -0.3175
v -0.1984 0.4538 -0.3167
v -0.2000 0.4429 -0.3086
v -0.1989 0.4477 -0.3153
v -0.1978 0.4421 -0.3172
v -0.1944 0.4360 -0.3170
v -0.1964 0.4427 -0.3218
v -0.1939 0.4368 -0.3273
v -0.1879 0.4342 -0.3263
v -0.2023 0.4446 -0.3322
v -0.2082 0.4421 -0.3384
v -0.2027 0.4400 -0.3369
v -0.2184 0.4417 -0.3436
v -0.2242 0.4395 -0.3509
v -0.2154 0.4384 -0.3492
v -0.2202 0.4371 -0.3548
v -0.2320 0.4364 -0.3627
v -0.2140 0.4430 -0.3392
v -0.2201 0.4455 -0.3404
v -0.2011 0.4597 -0.3198
v -0.2039 0.4614 -0.3224
v -0.2013 0.4529 -0.3251
v -0.2384 0.4544 -0.3423
v -0.2450 0.4476 -0.3499
v -0.2302 0.4432 -0.3452
v -0.2471 0.4417 -0.3570
v -0.2441 0.4434 -0.3518
v -0.2484 0.4443 -0.3543
v -0.2411 0.4374 -0.3662
v -0.2618 0.4374 -0.3726
v -0.2750 0.4319 -0.3848
v -0.2781 0.4392 -0.3747
v -0.2864 0.4360 -0.3821
v -0.2962 0.4294 -0.3898
v -0.2929 0.4332 -0.3888
v -0.2960 0.4330 -0.3884
v -0.2853 0.4414 -0.3724
v -0.2895 0.4383 -0.3780
v -0.2664 0.4421 -0.3666
v -0.2545 0.4404 -0.3639
v -0.2698 0.4505 -0.3594
v -0.2625 0.4451 -0.3608
v -0.2556 0.4471 -0.3555
v -0.2652 0.4689 -0.3441
v -0.2831 0.4607 -0.3576
v -0.2560 0.4568 -0.3486
v -0.2876 0.4544 -0.3621
v -0.2905 0.4470 -0.3660
v -0.2876 0.4436 -0.3696
v -0.2983 0.4375 -0.3676
v -0.2921 0.4427 -0.3670
v -0.2926 0.4444 -0.3635
v -0.2998 0.4406 -0.3556
v -0.3011 0.4368 -0.3627
v -0.2969 0.4408 -0.3622
v -0.3030 0.4335 -0.3689
v -0.3017 0.4343 -0.3741
v -0.2948 0.4374 -0.3786
v -0.2939 0.4626 -0.3573
v -0.2968 0.4654 -0.3525
v -0.2997 0.4787 -0.3465
v -0.2963 0.4752 -0.3507
v -0.2982 0.4835 -0.3444
v -0.3050 0.4924 -0.3334
v -0.3009 0.4892 -0.3404
v -0.3017 0.4935 -0.3358
v -0.3066 0.4996 -0.3299
v -0.3087 0.5049 -0.3250
v -0.3115 0.5130 -0.3165
v -0.3055 0.5078 -0.3214
v -0.2944 0.5070 -0.3191
v -0.2957 0.5233 -0.2929
v -0.3108 0.5195 -0.3074
v -0.2756 0.5183 -0.2932
v -0.2428 0.5200 -0.2761
v -0.2236 0.5172 -0.2735
v -0.2314 0.5247 -0.2627
v -0.2430 0.5333 -0.2470
v -0.2354 0.5324 -0.2444
v -0.2487 0.5392 -0.2355
v -0.2414 0.5372 -0.2348
v -0.2482 0.5456 -0.2107
v -0.2524 0.5461 -0.2159
v -0.2448 0.5432 -0.2169
v -0.2657 0.5516 -0.1997
v -0.2574 0.5495 -0.2032
v -0.2594 0.5513 -0.1939
v -0.2736 0.5563 -0.1820
v -0.2802 0.5522 -0.2065
v -0.2711 0.5537 -0.1930
v -0.3286 0.5520 -0.2289
v -0.3339 0.5460 -0.2537
v -0.2950 0.5494 -0.2241
v -0.3177 0.5328 -0.2824
v -0.3045 0.5284 -0.2872
v -0.2770 0.5348 -0.2594
v -0.3114 0.5266 -0.2928
v -0.3197 0.5233 -0.2988
v -0.3210 0.5260 -0.2955
v -0.3244 0.5273 -0.2894
v -0.3242 0.5305 -0.2881
v -0.3296 0.5360 -0.2765
v -0.3234 0.5323 -0.2839
v -0.3365 0.5430 -0.2605
v -0.3344 0.5416 -0.2645
v -0.3392 0.5479 -0.2489
v -0.3407 0.5439 -0.2541
v -0.3383 0.5444 -0.2560
v -0.3483 0.5557 -0.2209
v -0.3453 0.5534 -0.2314
v -0.3455 0.5449 -0.2433
v -0.3420 0.5454 -0.2489
v -0.3525 0.5506 -0.2264
v -0.3487 0.5508 -0.2322
v -0.3500 0.5542 -0.2269
v -0.3561 0.5561 -0.2158
v -0.3528 0.5541 -0.2247
v -0.3513 0.5573 -0.2159
v -0.3617 0.5530 -0.2073
v -0.3604 0.5594 -0.2027
v -0.3647 0.5572 -0.1999
v -0.3672 0.5570 -0.1935
v -0.3703 0.5606 -0.1850
v -0.3446 0.5622 -0.1615
v -0.3547 0.5616 -0.1848
v -0.3146 0.5616 -0.1539
v -0.3275 0.5622 -0.1419
v -0.2931 0.5623 -0.1290
v -0.2991 0.5618 -0.1185
v -0.2946 0.5609 -0.1125
v -0.2932 0.5582 -0.1124
v -0.2871 0.5584 -0.1253
v -0.2907 0.5532 -0.1148
v -0.2940 0.5478 -0.1057
v -0.2972 0.5414 -0.0961
v -0.2988 0.5383 -0.0928
v -0.2940 0.5361 -0.0946
v -0.2920 0.5369 -0.1041
v -0.2930 0.5410 -0.1050
v -0.3049 0.5389 -0.0808
v -0.2818 0.5552 -0.1338
v -0.2731 0.5530 -0.1516
v -0.2698 0.5478 -0.1578
v -0.2743 0.5461 -0.1476
v -0.2678 0.5561 -0.1649
v -0.2657 0.5556 -0.1707
v -0.2639 0.5525 -0.1707
v -0.2618 0.5513 -0.1767
v -0.2618 0.5539 -0.1817
v -0.2578 0.5506 -0.1859
v -0.2724 0.5587 -0.1659
v -0.2800 0.5601 -0.1428
v -0.2754 0.5596 -0.1541
v -0.2752 0.5573 -0.1510
v -0.2874 0.5619 -0.1406
v -0.2888 0.5612 -0.1489
v -0.2824 0.5607 -0.1408
v -0.2888 0.5610 -0.1241
v -0.2892 0.5614 -0.1326
v -0.3072 0.5601 -0.1700
v -0.3276 0.5586 -0.1938
v -0.3413 0.5567 -0.2152
v -0.3602 0.5598 -0.1966
v -0.3533 0.5587 -0.2034
v -0.2185 0.5044 -0.2890
v -0.2350 0.5050 -0.2955
v -0.2156 0.5009 -0.2935
v -0.2127 0.5001 -0.2918
v -0.2130 0.4981 -0.2946
v -0.2095 0.4976 -0.2921
v -0.2111 0.4893 -0.3044
v -0.2343 0.4836 -0.3188
v -0.2224 0.4758 -0.3207
v -0.2070 0.4747 -0.3143
v -0.2242 0.4631 -0.3303
v -0.2082 0.4660 -0.3209
v -0.2876 0.4689 -0.3540
v -0.2940 0.4813 -0.3471
v -0.2929 0.4742 -0.3522
v -0.2638 0.5020 -0.3117
v -0.2911 0.4998 -0.3267
v -0.2547 0.4922 -0.3191
v -0.3144 0.5121 -0.3143
v -0.3163 0.5141 -0.3115
v -0.2875 0.3967 -0.3956
v -0.2831 0.4164 -0.3907
v -0.2926 0.4128 -0.3949
v -0.3059 0.5414 -0.0769
v -0.3050 0.5371 -0.0776
v -0.2147 0.4188 0.1744
v -0.2243 0.4225 0.1689
v -0.1203 0.4152 0.2319
v -0.1222 0.4205 0.2300
v -0.1114 0.4013 0.2400
v -0.1078 0.4035 0.2450
v -0.3921 0.4366 0.0881
v -0.3881 0.4325 0.0966
v -0.3962 0.4418 0.0821
v -0.4045 0.4467 0.0750
v -0.4310 0.4573 0.0556
v -0.4593 0.4741 0.0309
v -0.4356 0.4729 0.0419
v -0.4573 0.4777 0.0290
v -0.4599 0.4760 0.0279
v -0.4585 0.4801 0.0258
v -0.4019 0.4877 -0.1176
v -0.3913 0.4799 -0.1378
v -0.3730 0.4611 -0.1693
v -0.3270 0.4427 -0.2730
v -0.3160 0.4279 -0.2884
v -0.3088 0.4118 -0.3070
v -0.3050 0.4108 -0.3176
v -0.3088 0.4184 -0.3107
v -0.1594 0.4320 -0.2913
v -0.0768 0.3476 0.2682
v -0.1052 0.2197 0.2569
v -0.1022 0.2234 0.2569
v -0.2890 0.2717 0.1622
v -0.2957 0.2839 0.1554
v -0.2990 0.3605 -0.3277
v -0.3190 0.3574 -0.3505
v -0.1061 0.4536 -0.2523
v -0.1384 0.4525 -0.2671
v 0.0331 0.4296 0.2462
v 0.0280 0.4304 0.2378
v 0.0349 0.4300 0.2403
v 0.0236 0.4303 0.2349
v 0.0246 0.4347 0.2314
v 0.0271 0.4307 0.2347
v 0.0190 0.4329 0.2307
v 0.0216 0.4377 0.2273
v 0.0062 0.4375 0.2219
v 0.0092 0.4444 0.2189
v 0.1400 0.4274 0.3190
v 0.1615 0.3732 0.3318
v 0.1480 0.3754 0.3250
v 0.1273 0.3557 0.3144
v 0.1350 0.3661 0.3188
v -0.0761 0.2968 0.2692
v -0.0774 0.2949 0.2628
v -0.1235 0.1503 0.2010
v -0.2559 0.2206 0.1823
v -0.2450 0.2173 0.1837
v -0.2680 0.2158 0.1772
v -0.2769 0.2254 0.1756
v -0.2694 0.2228 0.1782
v -0.2874 0.2320 0.1696
v -0.2889 0.2387 0.1706
v -0.2841 0.2298 0.1708
v -0.2989 0.2403 0.1615
v -0.2952 0.2441 0.1679
v -0.3071 0.2608 0.1628
v -0.2921 0.2545 0.1676
v -0.3412 0.3049 0.1471
v -0.3463 0.3149 0.1454
v -0.3348 0.3023 0.1502
v -0.3492 0.3135 0.1442
v -0.3510 0.3202 0.1453
v -0.3569 0.3267 0.1468
v -0.3572 0.3316 0.1483
v -0.3514 0.3258 0.1465
v -0.3646 0.3295 0.1459
v -0.3675 0.3372 0.1457
v -0.3622 0.3319 0.1473
v -0.3749 0.3410 0.1405
v -0.3779 0.3378 0.1331
v -0.3787 0.3432 0.1330
v -0.3805 0.3370 0.1207
v -0.3796 0.3284 0.1181
v -0.3832 0.3306 0.1144
v -0.3879 0.3270 0.1103
v -0.3968 0.3312 0.1074
v -0.3870 0.3310 0.1100
v -0.3823 0.3237 0.1126
v -0.3773 0.3207 0.1153
v -0.3737 0.3164 0.1143
v -0.3757 0.3139 0.1112
v -0.3686 0.3198 0.1247
v -0.3647 0.3143 0.1177
v -0.3702 0.3168 0.1176
v -0.3570 0.3102 0.1048
v -0.3621 0.3082 0.0971
v -0.3689 0.3111 0.1047
v -0.3717 0.3104 0.0987
v -0.3747 0.3082 0.0915
v -0.3795 0.3112 0.0986
v -0.3919 0.3173 0.1050
v -0.3938 0.3211 0.1069
v -0.3873 0.3178 0.1069
v -0.4010 0.3190 0.1052
v -0.4009 0.3141 0.0996
v -0.4082 0.3172 0.1010
v -0.4074 0.3223 0.1051
v -0.4131 0.3257 0.1028
v -0.4033 0.3258 0.1066
v -0.4134 0.3398 0.1011
v -0.4137 0.3475 0.0996
v -0.4036 0.3399 0.1042
v -0.4241 0.3554 0.0952
v -0.4386 0.3605 0.0897
v -0.4469 0.3680 0.0873
v -0.4405 0.3744 0.0896
v -0.4556 0.3673 0.0844
v -0.4604 0.3734 0.0833
v -0.4520 0.3774 0.0868
v -0.4640 0.3647 0.0819
v -0.4672 0.3736 0.0803
v -0.4776 0.3733 0.0709
v -0.4874 0.3874 0.0642
v -0.4756 0.3850 0.0724
v -0.4894 0.3743 0.0616
v -0.4897 0.3868 0.0613
v -0.4912 0.3829 0.0570
v -0.4906 0.3793 0.0533
v -0.4912 0.3944 0.0568
v -0.4896 0.3596 0.0475
v -0.4910 0.3688 0.0552
v -0.4911 0.3615 0.0591
v -0.4907 0.3780 0.0590
v -0.4920 0.3494 0.0619
v -0.4929 0.3507 0.0577
v -0.4880 0.3525 0.0655
v -0.4778 0.3605 0.0697
v -0.4756 0.3546 0.0722
v -0.4675 0.3482 0.0767
v -0.4606 0.3558 0.0804
v -0.4507 0.3505 0.0845
v -0.4434 0.3411 0.0882
v -0.4351 0.3487 0.0909
v -0.4291 0.3402 0.0933
v -0.4201 0.3422 0.0976
v -0.4243 0.3468 0.0953
v -0.4461 0.3194 0.0872
v -0.4515 0.3252 0.0859
v -0.4424 0.3186 0.0885
v -0.4182 0.3186 0.0996
v -0.4207 0.3174 0.0966
v -0.4234 0.3227 0.0987
v -0.4277 0.3091 0.0871
v -0.4289 0.3134 0.0882
v -0.4268 0.3150 0.0910
v -0.4466 0.3175 0.0848
v -0.4536 0.3208 0.0841
v -0.4802 0.3258 0.0747
v -0.4597 0.3319 0.0828
v -0.4977 0.3335 0.0646
v -0.4971 0.3390 0.0609
v -0.4927 0.3454 0.0648
v -0.4948 0.3430 0.0561
v -0.4942 0.3453 0.0589
v -0.4971 0.3196 0.0456
v -0.4898 0.3396 0.0403
v -0.4935 0.3415 0.0501
v -0.4946 0.3160 0.0414
v -0.4902 0.3151 0.0334
v -0.4852 0.3329 0.0289
v -0.4852 0.3493 0.0349
v -0.4858 0.3646 0.0399
v -0.4801 0.3585 0.0271
v -0.4810 0.3920 0.0321
v -0.4727 0.3953 0.0180
v -0.4703 0.4041 0.0143
v -0.4686 0.4074 0.0103
v -0.4707 0.4199 0.0158
v -0.4535 0.4038 0.0010
v -0.4622 0.4055 0.0059
v -0.4667 0.4022 0.0096
v -0.4462 0.4034 -0.0035
v -0.4453 0.4084 -0.0056
v -0.4469 0.4122 -0.0065
v -0.4428 0.4089 -0.0092
v -0.4436 0.4135 -0.0105
v -0.4407 0.4169 -0.0132
v -0.4364 0.4146 -0.0195
v -0.4372 0.4194 -0.0200
v -0.4301 0.3975 -0.0305
v -0.4327 0.4128 -0.0244
v -0.4356 0.4059 -0.0195
v -0.4437 0.3770 -0.0028
v -0.4380 0.3765 -0.0143
v -0.4443 0.3869 -0.0009
v -0.4508 0.3783 0.0074
v -0.4474 0.3797 0.0026
v -0.4512 0.3830 0.0065
v -0.4568 0.3719 0.0106
v -0.4570 0.3783 0.0097
v -0.4592 0.3742 0.0098
v -0.4687 0.3670 0.0127
v -0.4664 0.3594 0.0114
v -0.4638 0.3737 0.0106
v -0.4750 0.3587 0.0187
v -0.4718 0.3588 0.0146
v -0.4716 0.3764 0.0157
v -0.4772 0.3444 0.0197
v -0.4834 0.3180 0.0196
v -0.4813 0.3189 0.0162
v -0.4856 0.3221 0.0247
v -0.4869 0.3137 0.0268
v -0.4857 0.3158 0.0236
v -0.4887 0.3159 0.0291
v -0.4741 0.3078 0.0213
v -0.4787 0.3109 0.0217
v -0.4762 0.3137 0.0139
v -0.4714 0.3116 0.0115
v -0.4760 0.3167 0.0120
v -0.4675 0.3268 0.0111
v -0.4547 0.3623 0.0111
v -0.4614 0.3617 0.0107
v -0.4599 0.3464 0.0109
v -0.4534 0.3547 0.0111
v -0.4507 0.3484 0.0083
v -0.4510 0.3606 0.0079
v -0.4543 0.3696 0.0113
v -0.4515 0.3719 0.0085
v -0.4459 0.3693 0.0022
v -0.4327 0.3507 -0.0251
v -0.4318 0.3468 -0.0342
v -0.4314 0.3552 -0.0302
v -0.4255 0.3791 -0.0407
v -0.4172 0.3709 -0.0580
v -0.4047 0.4070 -0.0860
v -0.4178 0.3555 -0.0589
v -0.4090 0.3473 -0.0776
v -0.4293 0.3547 -0.0367
v -0.4267 0.3534 -0.0430
v -0.4244 0.3626 -0.0445
v -0.4336 0.3430 -0.0411
v -0.4318 0.3452 -0.0463
v -0.4301 0.3475 -0.0408
v -0.4246 0.3523 -0.0479
v -0.4250 0.3479 -0.0521
v -0.4206 0.3537 -0.0529
v -0.4214 0.3497 -0.0540
v -0.4258 0.3460 -0.0561
v -0.4214 0.3473 -0.0577
v -0.4416 0.3337 -0.0653
v -0.4334 0.3373 -0.0644
v -0.4383 0.3388 -0.0619
v -0.4223 0.3418 -0.0628
v -0.4193 0.3468 -0.0616
v -0.4168 0.3482 -0.0639
v -0.4133 0.3457 -0.0696
v -0.4205 0.3365 -0.0656
v -0.4185 0.3432 -0.0646
v -0.4221 0.3132 -0.0679
v -0.4150 0.3197 -0.0693
v -0.4214 0.3251 -0.0668
v -0.4327 0.3078 -0.0686
v -0.4335 0.3138 -0.0696
v -0.4382 0.3093 -0.0674
v -0.4393 0.2968 -0.0608
v -0.4378 0.3032 -0.0658
v -0.4445 0.3049 -0.0608
v -0.4556 0.3140 -0.0525
v -0.4515 0.3076 -0.0554
v -0.4563 0.3168 -0.0551
v -0.4535 0.3194 -0.0405
v -0.4564 0.3219 -0.0451
v -0.4524 0.3230 -0.0403
v -0.4469 0.3257 -0.0320
v -0.4517 0.3269 -0.0418
v -0.4410 0.3311 -0.0110
v -0.4420 0.3247 -0.0187
v -0.4405 0.3305 -0.0178
v -0.4427 0.3438 -0.0065
v -0.4480 0.3474 0.0039
v -0.4529 0.3402 0.0107
v -0.4562 0.3428 0.0109
v -0.4561 0.3375 0.0109
v -0.4381 0.3397 -0.0194
v -0.4362 0.3420 -0.0228
v -0.4386 0.3430 -0.0160
v -0.4331 0.3443 -0.0321
v -0.4412 0.3344 -0.0325
v -0.4380 0.3387 -0.0362
v -0.4382 0.3365 -0.0299
v -0.4393 0.3363 -0.0168
v -0.4419 0.3297 -0.0245
v -0.4381 0.3369 -0.0233
v -0.4428 0.3312 -0.0296
v -0.4455 0.3302 -0.0353
v -0.4444 0.3333 -0.0401
v -0.4394 0.3389 -0.0465
v -0.4352 0.3426 -0.0557
v -0.4412 0.3379 -0.0614
v -0.4502 0.3298 -0.0578
v -0.4461 0.3330 -0.0610
v -0.4417 0.3383 -0.0582
v -0.4530 0.3284 -0.0477
v -0.4555 0.3240 -0.0526
v -0.4528 0.3289 -0.0525
v -0.4554 0.3247 -0.0476
v -0.4485 0.3141 -0.0645
v -0.4472 0.3192 -0.0655
v -0.4523 0.3191 -0.0609
v -0.4380 0.3183 -0.0697
v -0.4388 0.3249 -0.0683
v -0.4436 0.3193 -0.0676
v -0.4436 0.3096 -0.0662
v -0.4436 0.3141 -0.0675
v -0.4412 0.3253 -0.0114
v -0.4453 0.3012 -0.0480
v -0.4446 0.3025 -0.0526
v -0.4484 0.3050 -0.0484
v -0.4438 0.3031 -0.0578
v -0.4315 0.2872 -0.0824
v -0.4296 0.2946 -0.0775
v -0.4352 0.2948 -0.0687
v -0.4265 0.3065 -0.0702
v -0.4230 0.3034 -0.0715
v -0.4219 0.3072 -0.0696
v -0.4140 0.3140 -0.0700
v -0.4089 0.3144 -0.0751
v -0.4103 0.3164 -0.0729
v -0.4046 0.3289 -0.0873
v -0.4091 0.3238 -0.0770
v -0.4004 0.3114 -0.0936
v -0.3927 0.3096 -0.1111
v -0.3976 0.3198 -0.1022
v -0.4101 0.3125 -0.0719
v -0.4090 0.3079 -0.0753
v -0.4156 0.3066 -0.0708
v -0.4130 0.3038 -0.0725
v -0.4204 0.2973 -0.0818
v -0.4157 0.2967 -0.0863
v -0.4158 0.2982 -0.0808
v -0.4036 0.3048 -0.0830
v -0.4035 0.3033 -0.0868
v -0.4026 0.3091 -0.0866
v -0.3984 0.3056 -0.0962
v -0.3860 0.3012 -0.1235
v -0.3853 0.3075 -0.1283
v -0.3839 0.3188 -0.1352
v -0.3739 0.3190 -0.1573
v -0.3789 0.3295 -0.1468
v -0.3603 0.3459 -0.1885
v -0.3549 0.3653 -0.1989
v -0.3716 0.3613 -0.1617
v -0.3419 0.3297 -0.2342
v -0.3392 0.3363 -0.2381
v -0.3439 0.3474 -0.2250
v -0.3292 0.3486 -0.2562
v -0.3304 0.3423 -0.2566
v -0.3313 0.3409 -0.2639
v -0.3279 0.3436 -0.2643
v -0.3331 0.3406 -0.2704
v -0.3289 0.3428 -0.2696
v -0.3323 0.3425 -0.2738
v -0.3336 0.3437 -0.2814
v -0.3264 0.3466 -0.2746
v -0.3216 0.3503 -0.2755
v -0.3210 0.3546 -0.2747
v -0.3225 0.3434 -0.2867
v -0.3279 0.3425 -0.2889
v -0.3234 0.3423 -0.2915
v -0.3196 0.3496 -0.2842
v -0.3130 0.3492 -0.2970
v -0.3091 0.3371 -0.3034
v -0.3087 0.3430 -0.3036
v -0.3154 0.3363 -0.3002
v -0.3422 0.3217 -0.3042
v -0.3255 0.3326 -0.3006
v -0.3312 0.3379 -0.2985
v -0.3111 0.3254 -0.3035
v -0.3075 0.3227 -0.3063
v -0.3101 0.3311 -0.3034
v -0.3200 0.3222 -0.3040
v -0.3221 0.3109 -0.3035
v -0.3338 0.3071 -0.3039
v -0.3276 0.3124 -0.3042
v -0.3341 0.3140 -0.3058
v -0.3391 0.2924 -0.2928
v -0.3360 0.2900 -0.2949
v -0.3383 0.2984 -0.2969
v -0.3423 0.2925 -0.2848
v -0.3410 0.2914 -0.2889
v -0.3445 0.2970 -0.2868
v -0.3529 0.3029 -0.2743
v -0.3487 0.3007 -0.2817
v -0.3517 0.3049 -0.2827
v -0.3546 0.2975 -0.2661
v -0.3603 0.2969 -0.2587
v -0.3664 0.2887 -0.2439
v -0.3712 0.2901 -0.2392
v -0.3753 0.2829 -0.2296
v -0.3750 0.2906 -0.2335
v -0.3806 0.2850 -0.2213
v -0.3881 0.2712 -0.1975
v -0.3807 0.2779 -0.2174
v -0.3877 0.2765 -0.2026
v -0.3998 0.2600 -0.1641
v -0.3967 0.2649 -0.1766
v -0.4040 0.2649 -0.1618
v -0.4107 0.2659 -0.1468
v -0.4071 0.2693 -0.1579
v -0.4095 0.2706 -0.1541
v -0.4209 0.2672 -0.1241
v -0.4156 0.2686 -0.1363
v -0.4209 0.2721 -0.1231
v -0.4289 0.2800 -0.0950
v -0.4274 0.2726 -0.1039
v -0.4237 0.2784 -0.1095
v -0.4362 0.2881 -0.0717
v -0.4345 0.2782 -0.0837
v -0.4245 0.2945 -0.0841
v -0.4206 0.2942 -0.0891
v -0.4213 0.2862 -0.1036
v -0.4179 0.2879 -0.1062
v -0.4196 0.2913 -0.0980
v -0.4098 0.2976 -0.0876
v -0.4105 0.2950 -0.0930
v -0.4085 0.2965 -0.0908
v -0.3997 0.2975 -0.0952
v -0.4037 0.2947 -0.0991
v -0.3989 0.2966 -0.0990
v -0.3965 0.2966 -0.1052
v -0.3975 0.2921 -0.1196
v -0.3924 0.2991 -0.1071
v -0.4022 0.2919 -0.1151
v -0.3968 0.2909 -0.1292
v -0.3864 0.2967 -0.1281
v -0.3851 0.3030 -0.1274
v -0.3844 0.2948 -0.1395
v -0.3794 0.3026 -0.1402
v -0.3820 0.3026 -0.1352
v -0.3904 0.2901 -0.1539
v -0.3858 0.2913 -0.1523
v -0.3884 0.2917 -0.1453
v -0.3784 0.2964 -0.1461
v -0.3764 0.3020 -0.1457
v -0.3674 0.3095 -0.1681
v -0.3674 0.3165 -0.1718
v -0.3631 0.3167 -0.1836
v -0.3597 0.3161 -0.1892
v -0.3619 0.3233 -0.1861
v -0.3498 0.3201 -0.2148
v -0.3472 0.3197 -0.2212
v -0.3551 0.3278 -0.2020
v -0.3464 0.3151 -0.2299
v -0.3453 0.3192 -0.2288
v -0.3496 0.3135 -0.2283
v -0.3547 0.3126 -0.2339
v -0.3510 0.3144 -0.2370
v -0.3509 0.3162 -0.2415
v -0.3491 0.3185 -0.2447
v -0.3452 0.3188 -0.2408
v -0.3394 0.3263 -0.2410
v -0.3388 0.3308 -0.2402
v -0.3411 0.3242 -0.2396
v -0.3398 0.3255 -0.2457
v -0.3446 0.3243 -0.2536
v -0.3407 0.3256 -0.2514
v -0.3377 0.3305 -0.2450
v -0.3387 0.3290 -0.2527
v -0.3361 0.3365 -0.2445
v -0.3378 0.3330 -0.2591
v -0.3384 0.3353 -0.2657
v -0.3331 0.3367 -0.2574
v -0.3417 0.3326 -0.2639
v -0.3427 0.3366 -0.2716
v -0.3365 0.3428 -0.2783
v -0.3406 0.3425 -0.2867
v -0.3437 0.3352 -0.2964
v -0.3388 0.3397 -0.2957
v -0.3422 0.3387 -0.2949
v -0.3389 0.3371 -0.2980
v -0.3508 0.3190 -0.2984
v -0.3484 0.3189 -0.3012
v -0.3514 0.3233 -0.2944
v -0.3532 0.3087 -0.2805
v -0.3514 0.3068 -0.2945
v -0.3536 0.3139 -0.2921
v -0.3546 0.3182 -0.2754
v -0.3542 0.3144 -0.2807
v -0.3537 0.3179 -0.2837
v -0.3542 0.3235 -0.2637
v -0.3538 0.3226 -0.2700
v -0.3522 0.3264 -0.2658
v -0.3539 0.3199 -0.2515
v -0.3535 0.3217 -0.2583
v -0.3492 0.3225 -0.2540
v -0.3428 0.3260 -0.2560
v -0.3468 0.3323 -0.2688
v -0.3482 0.3321 -0.2760
v -0.3459 0.3346 -0.2742
v -0.3509 0.3295 -0.2868
v -0.3514 0.3277 -0.2901
v -0.3473 0.3342 -0.2899
v -0.3465 0.3335 -0.2949
v -0.3533 0.3191 -0.2921
v -0.3528 0.3231 -0.2803
v -0.3517 0.3268 -0.2697
v -0.3489 0.3278 -0.2648
v -0.3586 0.3132 -0.2386
v -0.3657 0.3097 -0.2405
v -0.3611 0.3117 -0.2402
v -0.3598 0.3098 -0.2314
v -0.3560 0.3091 -0.2248
v -0.3544 0.3113 -0.2283
v -0.3515 0.3098 -0.2102
v -0.3567 0.3062 -0.2176
v -0.3519 0.3083 -0.2170
v -0.3557 0.3184 -0.1994
v -0.3530 0.3144 -0.2041
v -0.3519 0.3163 -0.2088
v -0.3574 0.3119 -0.1922
v -0.3564 0.3076 -0.1985
v -0.3560 0.3149 -0.1977
v -0.3624 0.3030 -0.1807
v -0.3609 0.3023 -0.1871
v -0.3619 0.3084 -0.1804
v -0.3570 0.3079 -0.1925
v -0.3587 0.3019 -0.1994
v -0.3628 0.3019 -0.2071
v -0.3628 0.3031 -0.2117
v -0.3559 0.3067 -0.2051
v -0.3695 0.3022 -0.2173
v -0.3669 0.3052 -0.2265
v -0.3634 0.3045 -0.2171
v -0.3718 0.2976 -0.1908
v -0.3665 0.3004 -0.2018
v -0.3649 0.3004 -0.1933
v -0.3683 0.2980 -0.1876
v -0.3672 0.3003 -0.1754
v -0.3644 0.3087 -0.1746
v -0.3718 0.3019 -0.1570
v -0.3730 0.2954 -0.1638
v -0.3687 0.3016 -0.1643
v -0.3789 0.2937 -0.1636
v -0.3768 0.2943 -0.1731
v -0.3707 0.2954 -0.1742
v -0.3718 0.2967 -0.1782
v -0.3797 0.2930 -0.1581
v -0.3743 0.2959 -0.1577
v -0.3953 0.2855 -0.1744
v -0.3928 0.2857 -0.1883
v -0.3916 0.2884 -0.1725
v -0.3874 0.2874 -0.2002
v -0.3837 0.2914 -0.2032
v -0.3862 0.2901 -0.1948
v -0.3768 0.2970 -0.2225
v -0.3748 0.2988 -0.2303
v -0.3730 0.3006 -0.2222
v -0.3706 0.3042 -0.2342
v -0.3699 0.3047 -0.2398
v -0.3653 0.3105 -0.2460
v -0.3646 0.3111 -0.2514
v -0.3628 0.3136 -0.2518
v -0.3573 0.3195 -0.2580
v -0.3589 0.3173 -0.2628
v -0.3563 0.3199 -0.2621
v -0.3593 0.3093 -0.2663
v -0.3561 0.3127 -0.2729
v -0.3587 0.3137 -0.2662
v -0.3676 0.3016 -0.2492
v -0.3672 0.3064 -0.2503
v -0.3691 0.3033 -0.2448
v -0.3729 0.2959 -0.2388
v -0.3742 0.2949 -0.2341
v -0.3806 0.2932 -0.2182
v -0.3772 0.2951 -0.2273
v -0.3885 0.2838 -0.2037
v -0.3857 0.2879 -0.2087
v -0.3974 0.2781 -0.1817
v -0.3924 0.2787 -0.1955
v -0.3932 0.2826 -0.1898
v -0.4029 0.2779 -0.1688
v -0.3967 0.2823 -0.1794
v -0.3992 0.2837 -0.1701
v -0.4043 0.2803 -0.1615
v -0.4095 0.2736 -0.1538
v -0.4071 0.2734 -0.1583
v -0.4075 0.2773 -0.1534
v -0.4073 0.2818 -0.1439
v -0.4045 0.2844 -0.1479
v -0.4160 0.2845 -0.1181
v -0.4084 0.2853 -0.1301
v -0.4088 0.2887 -0.1174
v -0.4037 0.2886 -0.1272
v -0.3951 0.2893 -0.1435
v -0.3917 0.2911 -0.1345
v -0.3965 0.2750 -0.1842
v -0.4037 0.2729 -0.1687
v -0.3793 0.2943 -0.1519
v -0.3748 0.2976 -0.1513
v -0.3617 0.3014 -0.1983
v -0.3594 0.3016 -0.2035
v -0.3479 0.3054 -0.2964
v -0.3472 0.3065 -0.2997
v -0.3519 0.3098 -0.2956
v -0.3457 0.3140 -0.3038
v -0.3509 0.3138 -0.2987
v -0.3399 0.3039 -0.3000
v -0.3392 0.3077 -0.3038
v -0.3443 0.3057 -0.3005
v -0.3226 0.3395 -0.2960
v -0.3169 0.3438 -0.2915
v -0.4241 0.2681 -0.1143
v -0.4166 0.2590 -0.1230
v -0.4157 0.2641 -0.1339
v -0.4199 0.2628 -0.1214
v -0.3850 0.2613 -0.1881
v -0.3820 0.2668 -0.2022
v -0.3761 0.2726 -0.2176
v -0.3665 0.2716 -0.2215
v -0.3571 0.2758 -0.2331
v -0.3706 0.2780 -0.2297
v -0.3599 0.2872 -0.2480
v -0.3523 0.2907 -0.2581
v -0.3579 0.2926 -0.2566
v -0.3510 0.2951 -0.2662
v -0.3461 0.2966 -0.2739
v -0.3497 0.2985 -0.2739
v -0.3414 0.2916 -0.2811
v -0.3446 0.2972 -0.2807
v -0.3392 0.2821 -0.2887
v -0.3364 0.2741 -0.2907
v -0.3381 0.2845 -0.2907
v -0.3419 0.2915 -0.2753
v -0.3397 0.2848 -0.2813
v -0.3405 0.2898 -0.2687
v -0.3395 0.2890 -0.2742
v -0.3447 0.2930 -0.2685
v -0.3447 0.2896 -0.2609
v -0.3475 0.2926 -0.2648
v -0.3434 0.2817 -0.2449
v -0.3429 0.2845 -0.2503
v -0.3479 0.2824 -0.2457
v -0.3385 0.2802 -0.2443
v -0.3400 0.2841 -0.2482
v -0.3453 0.2751 -0.2329
v -0.3388 0.2748 -0.2384
v -0.3460 0.2782 -0.2372
v -0.3558 0.2674 -0.2119
v -0.3505 0.2670 -0.2159
v -0.3584 0.2676 -0.2142
v -0.3785 0.2614 -0.1939
v -0.3635 0.2646 -0.2040
v -0.3674 0.2650 -0.2056
v -0.3766 0.2586 -0.1819
v -0.3584 0.2599 -0.1944
v -0.3630 0.2610 -0.1937
v -0.3525 0.2548 -0.2040
v -0.3511 0.2588 -0.2061
v -0.3488 0.2628 -0.2147
v -0.3435 0.2611 -0.2211
v -0.3399 0.2630 -0.2303
v -0.3431 0.2681 -0.2272
v -0.3397 0.2703 -0.2295
v -0.3385 0.2672 -0.2331
v -0.3398 0.2722 -0.2328
v -0.3338 0.2667 -0.2432
v -0.3340 0.2784 -0.2461
v -0.3337 0.2804 -0.2504
v -0.3353 0.2845 -0.2518
v -0.3323 0.2789 -0.2586
v -0.3342 0.2839 -0.2579
v -0.3341 0.2826 -0.2627
v -0.3389 0.2862 -0.2571
v -0.3383 0.2860 -0.2638
v -0.3374 0.2783 -0.2705
v -0.3386 0.2853 -0.2696
v -0.3323 0.2566 -0.2500
v -0.3327 0.2725 -0.2457
v -0.3473 0.2960 -0.2703
v -0.4685 0.3105 0.0122
v -0.4742 0.3107 0.0158
v -0.4558 0.3847 0.0075
v -0.4647 0.3870 0.0104
v -0.4337 0.4197 -0.0244
v -0.4307 0.4118 -0.0291
v -0.4670 0.3150 0.0730
v -0.4690 0.3126 0.0696
v -0.4835 0.3208 0.0713
v -0.4587 0.3096 0.0738
v -0.4678 0.3089 0.0694
v -0.4721 0.3028 0.0667
v -0.4549 0.3029 0.0742
v -0.4173 0.2877 0.0901
v -0.4310 0.2992 0.0847
v -0.4146 0.3022 0.0918
v -0.4088 0.2333 0.0937
v -0.4034 0.2463 0.0957
v -0.4023 0.2274 0.0954
v -0.3991 0.2047 0.0951
v -0.3991 0.2143 0.0959
v -0.3969 0.2123 0.0939
v -0.3991 0.1705 0.0956
v -0.3996 0.1916 0.0950
v -0.3958 0.1814 0.0928
v -0.3912 0.1657 0.0887
v -0.3859 0.1525 0.0874
v -0.3917 0.1402 0.0886
v -0.3966 0.1442 0.0930
v -0.3942 0.1383 0.0907
v -0.3970 0.1281 0.0943
v -0.3971 0.1174 0.0930
v -0.3955 0.1095 0.0920
v -0.4038 0.1369 0.0954
v -0.4034 0.1520 0.0947
v -0.4001 0.1399 0.0946
v -0.4086 0.1643 0.0934
v -0.4150 0.1983 0.0912
v -0.4035 0.1880 0.0958
v -0.3848 0.2139 0.0874
v -0.3802 0.2157 0.0871
v -0.3191 0.2531 0.1121
v -0.3653 0.2313 0.0928
v -0.3796 0.2596 0.0860
v -0.3102 0.2551 0.1154
v -0.3158 0.2626 0.1132
v -0.3097 0.2611 0.1156
v -0.3152 0.2396 0.1144
v -0.3049 0.2445 0.1191
v -0.2992 0.2377 0.1214
v -0.2972 0.2314 0.1229
v -0.2962 0.2380 0.1237
v -0.2922 0.2314 0.1256
v -0.2842 0.2265 0.1308
v -0.2870 0.2259 0.1273
v -0.2858 0.2330 0.1342
v -0.2949 0.2366 0.1433
v -0.2886 0.2337 0.1409
v -0.2900 0.2363 0.1374
v -0.2999 0.2396 0.1468
v -0.3006 0.2438 0.1403
v -0.3061 0.2473 0.1461
v -0.3010 0.2404 0.1569
v -0.3055 0.2450 0.1516
v -0.3075 0.2505 0.1580
v -0.3162 0.2646 0.1563
v -0.3336 0.2837 0.1467
v -0.3159 0.2689 0.1588
v -0.3269 0.2850 0.1538
v -0.3313 0.2945 0.1522
v -0.3220 0.2858 0.1565
v -0.3442 0.2991 0.1428
v -0.3483 0.3039 0.1386
v -0.3460 0.3055 0.1435
v -0.3646 0.3239 0.1411
v -0.3669 0.3282 0.1422
v -0.3735 0.3322 0.1384
v -0.3753 0.3324 0.1347
v -0.3780 0.3324 0.1255
v -0.3698 0.3248 0.1362
v -0.3602 0.3162 0.1330
v -0.3624 0.3158 0.1254
v -0.3559 0.3143 0.1383
v -0.3524 0.3070 0.1320
v -0.3466 0.3011 0.1226
v -0.3373 0.3001 0.1151
v -0.3493 0.3051 0.1184
v -0.3520 0.3088 0.1127
v -0.3506 0.3087 0.1040
v -0.3601 0.3110 0.1111
v -0.3392 0.3037 0.1122
v -0.3339 0.3011 0.1078
v -0.3390 0.3036 0.1059
v -0.3388 0.2984 0.1182
v -0.3322 0.2969 0.1111
v -0.3475 0.2993 0.1288
v -0.3378 0.2912 0.1239
v -0.3389 0.2883 0.1387
v -0.3463 0.2974 0.1340
v -0.3317 0.2807 0.1448
v -0.3305 0.2776 0.1407
v -0.3241 0.2685 0.1397
v -0.3284 0.2746 0.1350
v -0.3301 0.2802 0.1297
v -0.3305 0.2821 0.1263
v -0.3356 0.2857 0.1298
v -0.3317 0.2863 0.1243
v -0.3267 0.2859 0.1210
v -0.3346 0.2899 0.1221
v -0.3333 0.2938 0.1196
v -0.3280 0.2954 0.1173
v -0.3332 0.2961 0.1178
v -0.3206 0.2842 0.1103
v -0.3266 0.2903 0.1107
v -0.3221 0.2905 0.1123
v -0.3214 0.2848 0.1148
v -0.3181 0.2906 0.1120
v -0.3228 0.2950 0.1157
v -0.3204 0.2797 0.1173
v -0.3216 0.2726 0.1093
v -0.3211 0.2786 0.1092
v -0.3138 0.2673 0.1149
v -0.3148 0.2730 0.1169
v -0.3096 0.2672 0.1172
v -0.3096 0.2675 0.1203
v -0.3103 0.2732 0.1208
v -0.3150 0.2692 0.1258
v -0.3137 0.2599 0.1351
v -0.3124 0.2633 0.1291
v -0.3193 0.2641 0.1358
v -0.3282 0.2782 0.1278
v -0.3224 0.2762 0.1265
v -0.3264 0.2806 0.1252
v -0.3245 0.2829 0.1228
v -0.3159 0.2594 0.1403
v -0.3141 0.2579 0.1515
v -0.3210 0.2652 0.1459
v -0.3173 0.2626 0.1526
v -0.3037 0.2492 0.1375
v -0.3035 0.2513 0.1341
v -0.3114 0.2544 0.1379
v -0.3042 0.2544 0.1312
v -0.2997 0.2552 0.1258
v -0.3033 0.2572 0.1289
v -0.3075 0.2555 0.1190
v -0.3087 0.2620 0.1231
v -0.2987 0.2503 0.1285
v -0.2989 0.2436 0.1214
v -0.2988 0.2499 0.1227
v -0.2997 0.2489 0.1348
v -0.2878 0.2385 0.1315
v -0.2884 0.2418 0.1320
v -0.2923 0.2394 0.1369
v -0.3279 0.2789 0.1069
v -0.3378 0.2775 0.1027
v -0.3314 0.2839 0.1056
v -0.3334 0.2902 0.1036
v -0.3330 0.2963 0.1038
v -0.3465 0.2963 0.0982
v -0.3468 0.3003 0.0984
v -0.3449 0.3033 0.1018
v -0.3561 0.3027 0.0951
v -0.3522 0.3077 0.0998
v -0.3501 0.3030 0.0982
v -0.3785 0.2789 0.0860
v -0.3627 0.2968 0.0922
v -0.3623 0.3026 0.0924
v -0.3687 0.3079 0.0933
v -0.3636 0.3068 0.0935
v -0.3696 0.2963 0.0894
v -0.3760 0.3026 0.0868
v -0.3689 0.3024 0.0910
v -0.3792 0.2962 0.0852
v -0.3797 0.3028 0.0859
v -0.3764 0.2953 0.0867
v -0.3766 0.3064 0.0872
v -0.3803 0.3096 0.0921
v -0.3863 0.3113 0.0976
v -0.3925 0.3100 0.0977
v -0.3929 0.3143 0.1015
v -0.3984 0.3072 0.0968
v -0.4036 0.2853 0.0951
v -0.4052 0.2987 0.0949
v -0.4001 0.2885 0.0950
v -0.3965 0.2757 0.0946
v -0.3943 0.2809 0.0914
v -0.3955 0.2668 0.0926
v -0.3914 0.2596 0.0888
v -0.3956 0.2465 0.0928
v -0.3989 0.2249 0.0951
v -0.3990 0.2392 0.0959
v -0.3966 0.2316 0.0942
v -0.3913 0.2215 0.0890
v -0.3855 0.2434 0.0873
v -0.3912 0.2733 0.0893
v -0.3871 0.2791 0.0873
v -0.3859 0.2727 0.0865
v -0.3871 0.2903 0.0859
v -0.3874 0.2964 0.0861
v -0.3951 0.3033 0.0943
v -0.3929 0.2998 0.0889
v -0.3964 0.2963 0.0948
v -0.4156 0.3091 0.0929
v -0.4105 0.3074 0.0951
v -0.4400 0.3088 0.0814
v -0.4407 0.3128 0.0823
v -0.4377 0.3134 0.0854
v -0.4518 0.3090 0.0760
v -0.3434 0.3054 0.1135
v -0.3450 0.3084 0.1102
v -0.3483 0.3070 0.1147
v -0.2854 0.2254 0.1576
v -0.2890 0.2295 0.1522
v -0.2940 0.2341 0.1572
v -0.2918 0.2337 0.1465
v -0.2856 0.2307 0.1432
v -0.2793 0.2212 0.1328
v -0.2801 0.2274 0.1360
v -0.2722 0.2160 0.1390
v -0.2750 0.2146 0.1328
v -0.2747 0.2217 0.1401
v -0.2785 0.2247 0.1424
v -0.2804 0.2278 0.1413
v -0.2832 0.2267 0.1466
v -0.2675 0.2093 0.1385
v -0.2683 0.2145 0.1419
v -0.2569 0.2035 0.1458
v -0.2616 0.2034 0.1386
v -0.2626 0.2098 0.1460
v -0.2640 0.2060 0.1582
v -0.2663 0.2104 0.1519
v -0.2755 0.2144 0.1584
v -0.2816 0.2206 0.1630
v -0.2890 0.2301 0.1627
v -0.2820 0.2244 0.1707
v -0.2850 0.2275 0.1674
v -0.2561 0.2016 0.1553
v -0.2599 0.2054 0.1525
v -0.2502 0.1985 0.1470
v -0.2518 0.2021 0.1494
v -0.2514 0.1924 0.1438
v -0.2461 0.1913 0.1451
v -0.2392 0.1871 0.1595
v -0.2410 0.1903 0.1581
v -0.2442 0.1898 0.1606
v -0.2298 0.1834 0.1538
v -0.2333 0.1847 0.1541
v -0.2429 0.1855 0.1472
v -0.2448 0.1922 0.1518
v -0.2391 0.1867 0.1531
v -0.2589 0.1969 0.1394
v -0.2590 0.2017 0.1395
v -0.2566 0.1966 0.1686
v -0.2629 0.2031 0.1646
v -0.2638 0.2025 0.1690
v -0.4716 0.2414 0.0661
v -0.4718 0.2796 0.0663
v -0.4542 0.2662 0.0742
v -0.4789 0.2614 0.0628
v -0.4815 0.2742 0.0601
v -0.4789 0.2851 0.0626
v -0.4826 0.2215 0.0532
v -0.4831 0.2290 0.0575
v -0.4834 0.2640 0.0576
v -0.4828 0.2651 0.0528
v -0.4837 0.2816 0.0575
v -0.4755 0.2431 0.0370
v -0.4768 0.2775 0.0387
v -0.4517 0.3599 0.0847
v -0.4657 0.3613 0.0786
v -0.4697 0.3688 0.0770
v -0.4724 0.3623 0.0741
v -0.3934 0.3253 0.1081
v -0.1441 0.3810 -0.3194
v 0.0007 0.5156 -0.1247
v 0.0335 0.5443 0.0367
v 0.1266 0.3426 0.3151
v -0.0865 0.1488 0.2325
v -0.0829 0.1506 0.2298
v -0.2216 0.1708 0.1646
v -0.2188 0.1725 0.1611
v -0.2269 0.1733 0.1672
v -0.2258 0.1671 0.1546
v -0.4804 0.3025 0.0439
v -0.4776 0.3025 0.0369
v -0.4798 0.3065 0.0401
v -0.3283 0.2542 -0.2645
v -0.3281 0.2552 -0.2687
v -0.3220 0.2535 -0.2764
v -0.3273 0.2580 -0.2792
v -0.3277 0.2559 -0.2736
v -0.3203 0.2496 -0.2796
v -0.3135 0.2558 -0.2946
v -0.3154 0.2615 -0.2916
v -0.3164 0.2555 -0.2886
v -0.3178 0.2678 -0.2924
v -0.3144 0.2629 -0.2948
v -0.3146 0.2683 -0.2959
v -0.3119 0.2625 -0.2983
v -0.3096 0.2728 -0.2995
v -0.3085 0.2840 -0.3018
v -0.3082 0.2904 -0.3024
v -0.3083 0.2545 -0.3056
v -0.3048 0.2645 -0.3120
v 0.2193 0.5293 0.1716
v 0.2782 0.5372 0.1640
v 0.2818 0.5389 0.1582
v 0.2810 0.5398 0.1694
v 0.3096 0.5188 0.0499
v 0.3102 0.5205 0.0552
v 0.3060 0.5160 0.0358
v 0.3199 0.5111 0.0286
v 0.3203 0.5128 0.0358
v 0.3333 0.5202 0.0397
v 0.3277 0.5143 0.0376
v 0.3334 0.5173 0.0363
v 0.3329 0.5123 0.0303
v 0.3341 0.5100 0.0246
v 0.3366 0.5165 0.0303
v 0.3385 0.5111 0.0235
v 0.3389 0.5156 0.0276
v 0.3227 0.5066 0.0147
v 0.3321 0.5015 0.0063
v 0.3319 0.5036 0.0125
v 0.2863 0.5126 0.0058
v 0.2620 0.5139 -0.0127
v 0.2752 0.5086 -0.0168
v 0.2472 0.5123 -0.0310
v 0.2276 0.5121 -0.0370
v 0.2449 0.5072 -0.0420
v 0.1783 0.5032 -0.0782
v 0.2207 0.5060 -0.0535
v 0.1052 0.4934 -0.1310
v 0.1455 0.4915 -0.1143
v 0.2455 0.5187 -0.0138
v 0.2365 0.5180 -0.0209
v 0.2431 0.5180 -0.0191
v 0.2406 0.5230 -0.0038
v 0.3302 0.5253 0.2552
v 0.1583 0.3165 0.3301
v 0.0383 0.3142 0.2760
v 0.0354 0.3078 0.2622
v -0.0694 0.2141 0.2590
v -0.0633 0.2215 0.2479
v -0.1869 0.1458 0.2054
v -0.1817 0.1483 0.2089
v -0.1761 0.1417 0.2106
v -0.1867 0.1421 0.2004
v -0.1970 0.1481 0.1969
v -0.2009 0.1558 0.1993
v -0.2097 0.1612 0.1955
v -0.2129 0.1610 0.1912
v -0.2199 0.1649 0.1857
v -0.2164 0.1623 0.1804
v -0.2092 0.1587 0.1762
v -0.2042 0.1505 0.1621
v -0.2092 0.1561 0.1624
v -0.2055 0.1569 0.1645
v -0.2089 0.1483 0.1602
v -0.2031 0.1446 0.1618
v -0.1983 0.1451 0.1649
v -0.2014 0.1519 0.1676
v -0.1979 0.1509 0.1700
v -0.1870 0.1387 0.1679
v -0.1927 0.1445 0.1683
v -0.1886 0.1455 0.1700
v -0.1893 0.1453 0.1825
v -0.1871 0.1458 0.1746
v -0.1946 0.1492 0.1783
v -0.2029 0.1521 0.1862
v -0.2005 0.1499 0.1842
v -0.2032 0.1536 0.1807
v -0.1924 0.1436 0.1927
v -0.1836 0.1394 0.1893
v -0.1954 0.1471 0.1878
v -0.1727 0.1323 0.1955
v -0.1753 0.1362 0.1881
v -0.1803 0.1365 0.1935
v -0.1807 0.1418 0.1826
v -0.1802 0.1393 0.1755
v -0.1827 0.1441 0.1805
v -0.1709 0.1329 0.1747
v -0.1747 0.1378 0.1757
v -0.1704 0.1268 0.1742
v -0.1626 0.1281 0.1797
v -0.1612 0.1215 0.1778
v -0.1680 0.1322 0.1920
v -0.1692 0.1344 0.1892
v -0.1722 0.1319 0.2037
v -0.1744 0.1326 0.1987
v -0.1798 0.1368 0.2028
v -0.1639 0.1298 0.1932
v -0.1630 0.1311 0.1880
v -0.1515 0.1254 0.1944
v -0.1696 0.1344 0.1800
v -0.1712 0.1361 0.1752
v -0.1735 0.1374 0.1836
v -0.1841 0.1390 0.1702
v -0.1864 0.1332 0.1677
v -0.2009 0.1469 0.1632
v -0.1717 0.1361 0.2102
v -0.3160 0.1152 0.1125
v -0.3220 0.1101 0.1098
v -0.3273 0.1168 0.1078
v -0.4924 0.0316 0.0581
v -0.4573 0.0126 0.0124
v -0.4563 0.0173 0.0083
v -0.4460 0.0181 0.0071
v -0.4426 0.0198 -0.0014
v -0.4506 0.0185 0.0067
v -0.4437 0.0266 -0.0178
v -0.4454 0.0241 -0.0146
v -0.4427 0.0232 -0.0171
v -0.4323 0.0205 -0.0169
v -0.4288 0.0213 -0.0347
v -0.4384 0.0216 -0.0243
v -0.4366 0.0245 -0.0321
v -0.4329 0.0251 -0.0431
v -0.4372 0.0276 -0.0326
v -0.4190 0.0209 -0.0531
v -0.4276 0.0220 -0.0453
v -0.4092 0.0212 -0.0877
v -0.4394 0.0197 0.0058
v -0.3153 0.0188 -0.2021
v -0.2996 0.0233 -0.2217
v -0.2768 0.0243 -0.2488
v -0.2857 0.0237 -0.2462
v -0.0026 0.4254 -0.2548
v 0.0110 0.4306 -0.2186
v 0.0077 0.4310 -0.2180
v 0.3674 0.4658 -0.0402
v 0.3697 0.4645 -0.0436
v 0.3835 0.5392 0.1799
v 0.3968 0.5392 0.1345
v 0.3967 0.5367 0.1531
v 0.2432 0.3477 0.3766
v 0.1813 0.3134 0.3311
v 0.1863 0.3071 0.3268
v 0.1817 0.3088 0.3264
v 0.1757 0.3094 0.3249
v 0.1740 0.3064 0.3209
v -0.1225 0.1182 0.2293
v -0.1290 0.1172 0.2241
v -0.1380 0.1160 0.2121
v -0.1451 0.1195 0.2150
v -0.1341 0.1148 0.2153
v -0.1401 0.1182 0.2057
v -0.1345 0.1207 0.1948
v -0.1486 0.1213 0.2028
v -0.1288 0.1180 0.1982
v -0.1284 0.1162 0.1922
v -0.1310 0.1201 0.1947
v -0.1246 0.1139 0.1920
v -0.1293 0.1164 0.2067
v -0.1341 0.1178 0.2041
v -0.1173 0.1115 0.2167
v -0.1124 0.1135 0.2116
v -0.1163 0.1135 0.2108
v -0.1262 0.1142 0.2213
v -0.1495 0.1158 0.1814
v -0.1456 0.1098 0.1823
v -0.2360 0.1151 0.1456
v -0.2404 0.1099 0.1447
v -0.2467 0.1163 0.1419
v -0.4093 0.0024 0.1003
v -0.4538 0.0011 0.0702
v -0.1864 0.0239 -0.2708
v -0.1874 0.0241 -0.2756
v -0.1934 0.0248 -0.2751
v -0.1818 0.0244 -0.2693
v -0.1753 0.0211 -0.2755
v -0.1809 0.0216 -0.2769
v -0.1633 0.0159 -0.2737
v -0.1659 0.0192 -0.2754
v -0.1640 0.0214 -0.2712
v -0.1701 0.0245 -0.2634
v -0.1892 0.0244 -0.2588
v -0.1579 0.0161 -0.2715
v -0.1578 0.0208 -0.2696
v -0.1466 0.0238 -0.2581
v -0.1461 0.0214 -0.2639
v -0.1584 0.0244 -0.2575
v -0.1468 0.0242 -0.2518
v -0.2076 0.1114 -0.3503
v -0.2064 0.1042 -0.3503
v -0.2082 0.1679 -0.3541
v -0.2120 0.1457 -0.3563
v 0.1494 0.4301 -0.1870
v 0.1272 0.4001 -0.2294
v 0.1230 0.4011 -0.2330
v 0.1265 0.3995 -0.2349
v 0.4702 0.4429 -0.0401
v 0.4753 0.4452 -0.0346
v 0.2753 0.3172 0.3889
v 0.2664 0.3175 0.3874
v -0.4009 0.0026 0.1004
v -0.3988 0.0013 0.0901
v -0.1124 0.0240 -0.2316
v -0.1057 0.0234 -0.2373
v -0.1115 0.0240 -0.2402
v -0.1133 0.0171 -0.2519
v -0.1169 0.0209 -0.2517
v -0.1009 0.0200 -0.2454
v -0.0994 0.0216 -0.2415
v -0.0939 0.0235 -0.2348
v -0.0936 0.0214 -0.2401
v -0.1000 0.0240 -0.2344
v -0.0881 0.0241 -0.2285
v -0.0872 0.0219 -0.2362
v -0.0933 0.0235 -0.2301
v -0.0797 0.0240 -0.2183
v -0.0803 0.0234 -0.2243
v -0.0858 0.0239 -0.2229
v -0.0820 0.0234 -0.2289
v -0.0771 0.0197 -0.2340
v -0.0814 0.0210 -0.2348
v -0.0824 0.0108 -0.2412
v -0.0844 0.0164 -0.2396
v -0.0813 0.0167 -0.2368
v -0.0707 0.0243 -0.2167
v -0.1430 0.0100 -0.2957
v -0.1244 0.0113 -0.3037
v -0.1301 0.0107 -0.3030
v -0.1205 0.0158 -0.3041
v -0.1091 0.0127 -0.2988
v -0.1087 0.0102 -0.2953
v -0.0968 0.0125 -0.2933
v -0.0859 0.0150 -0.2880
v -0.0966 0.0103 -0.2897
v -0.0776 0.0123 -0.2837
v -0.0787 0.0158 -0.2853
v -0.0833 0.0116 -0.2851
v -0.0614 0.0187 -0.2768
v -0.0640 0.0267 -0.2787
v -0.0699 0.0177 -0.2808
v -0.1631 0.0975 -0.3221
v -0.1728 0.0966 -0.3253
v -0.1747 0.0930 -0.3270
v -0.1794 0.0974 -0.3282
v -0.1724 0.0997 -0.3227
v 0.0512 0.3818 -0.2392
v 0.0462 0.3866 -0.2437
v 0.1237 0.3890 -0.2531
v 0.2176 0.3585 -0.1582
v 0.2202 0.3638 -0.1620
v 0.2155 0.3611 -0.1614
v 0.2222 0.3659 -0.1637
v 0.2175 0.3667 -0.1640
v 0.2437 0.3831 -0.1492
v 0.2470 0.3764 -0.1493
v 0.3210 0.4322 0.3578
v 0.3220 0.4329 0.3545
v 0.3092 0.3064 0.3745
v 0.4173 0.4597 0.0713
v 0.4337 0.4529 0.0591
v 0.4296 0.4043 0.0138
v 0.4323 0.4073 0.0073
v 0.4323 0.4014 0.0077
v 0.4364 0.3725 -0.0013
v 0.4374 0.3958 -0.0010
v 0.4439 0.3814 -0.0035
v 0.4412 0.3667 -0.0045
v 0.4427 0.3964 -0.0011
v 0.4387 0.4019 -0.0007
v 0.4671 0.3570 0.0016
v 0.4632 0.3705 0.0023
v 0.4680 0.3666 0.0026
v 0.2113 0.2961 0.3453
v -0.3623 0.0112 0.1018
v -0.3717 0.0157 0.0993
v -0.3619 0.0161 0.1027
v -0.0582 0.0236 -0.2140
v -0.0586 0.0235 -0.2172
v -0.0470 0.0170 -0.2193
v -0.0525 0.0216 -0.2182
v -0.0467 0.0212 -0.2169
v -0.0410 0.0226 -0.2121
v -0.0406 0.0199 -0.2169
v -0.0471 0.0236 -0.2115
v -0.0294 0.0227 -0.2059
v -0.0257 0.0178 -0.2107
v -0.0289 0.0195 -0.2108
v -0.0176 0.0216 -0.2052
v -0.0115 0.0201 -0.2052
v -0.0618 0.0440 -0.2782
v 0.0638 0.3821 -0.2408
v 0.1197 0.3742 -0.2582
v 0.1453 0.3535 -0.2330
v 0.4885 0.3559 -0.0301
v 0.4892 0.3703 -0.0359
v 0.4903 0.3572 -0.0380
v 0.2971 0.2172 0.3885
v -0.2104 0.0431 0.1753
v -0.2030 0.0518 0.1800
v -0.1961 0.0392 0.1823
v -0.2132 0.0322 0.1719
v -0.2230 0.0460 0.1696
v -0.2236 0.0536 0.1699
v -0.2273 0.0536 0.1652
v -0.2264 0.0606 0.1660
v -0.2252 0.0473 0.1667
v -0.2292 0.0451 0.1627
v -0.2358 0.0541 0.1588
v -0.1898 0.0136 0.1815
v -0.2887 0.0100 0.0908
v -0.2927 0.0152 0.0865
v -0.2910 0.0128 0.0877
v -0.2818 0.0212 0.0874
v -0.2815 0.0232 0.0823
v -0.2878 0.0195 0.0876
v -0.2907 0.0178 0.0877
v -0.2695 0.0241 0.0816
v -0.2805 0.0236 0.0768
v -0.2703 0.0195 0.0929
v -0.2699 0.0222 0.0883
v -0.2738 0.0184 0.0928
v -0.2735 0.0127 0.0937
v -0.2760 0.0160 0.0919
v -0.2807 0.0129 0.0916
v -0.2869 0.0100 0.0933
v -0.2948 0.0103 0.0902
v -0.2584 0.0218 0.0946
v -0.2580 0.0241 0.0874
v -0.2640 0.0202 0.0950
v -0.0700 0.0243 -0.0844
v 0.2071 0.0240 -0.1668
v 0.2015 0.0167 -0.1669
v 0.1715 0.0946 -0.1782
v 0.1684 0.0967 -0.1748
v 0.1661 0.0982 -0.1717
v 0.1437 0.0934 -0.1865
v 0.1060 0.1049 -0.1938
v 0.1105 0.1095 -0.1982
v 0.0990 0.1103 -0.2013
v 0.0993 0.1107 -0.2057
v 0.0968 0.1130 -0.2023
v 0.0695 0.1334 -0.2435
v -0.0656 0.1147 -0.2698
v -0.0796 0.1092 -0.2753
v -0.0721 0.1091 -0.2728
v 0.0600 0.3482 -0.2436
v 0.0600 0.3526 -0.2422
v 0.0645 0.3478 -0.2453
v 0.0639 0.3532 -0.2444
v 0.3753 0.3793 -0.0936
v 0.3740 0.3757 -0.0986
v 0.4683 0.3257 0.0020
v 0.4733 0.3257 0.0029
v 0.3072 0.0535 0.3338
v 0.3065 0.0735 0.3331
v 0.3042 0.0735 0.3272
v 0.3035 0.0714 0.3302
v 0.3107 0.0844 0.3070
v 0.3165 0.0905 0.2916
v 0.3187 0.0779 0.2888
v 0.3245 0.0897 0.2741
v 0.3251 0.0771 0.2749
v 0.3300 0.0806 0.2636
v 0.3373 0.0814 0.2473
v 0.3349 0.0691 0.2538
v 0.3420 0.0874 0.2354
v 0.3502 0.0915 0.2170
v 0.3509 0.0907 0.2140
v 0.3568 0.0926 0.2011
v 0.3590 0.0903 0.1955
v 0.3639 0.0907 0.1861
v 0.3601 0.0968 0.1803
v 0.3656 0.0935 0.1795
v 0.3679 0.0928 0.1767
v 0.3656 0.0969 0.1685
v 0.3576 0.1071 0.1781
v 0.3734 0.1133 0.1443
v 0.3673 0.1027 0.1575
v 0.3540 0.0970 0.1918
v 0.3559 0.1027 0.1815
v 0.3566 0.0982 0.1820
v 0.3479 0.0961 0.2092
v 0.3504 0.0991 0.1934
v 0.3542 0.0933 0.2036
v 0.3457 0.0902 0.2267
v 0.3434 0.0970 0.2151
v 0.3478 0.0936 0.2156
v 0.3380 0.1140 0.2200
v 0.3460 0.1140 0.2031
v 0.3395 0.1030 0.2161
v 0.3330 0.0978 0.2344
v 0.3320 0.1026 0.2332
v 0.3363 0.0962 0.2328
v 0.3406 0.0904 0.2372
v 0.3401 0.0927 0.2341
v 0.3420 0.0906 0.2325
v 0.3336 0.0909 0.2522
v 0.3308 0.0966 0.2445
v 0.3368 0.0932 0.2441
v 0.3207 0.1024 0.2572
v 0.3281 0.1069 0.2407
v 0.3263 0.1024 0.2449
v 0.3196 0.0969 0.2688
v 0.3217 0.0977 0.2583
v 0.3178 0.0944 0.2804
v 0.3163 0.0983 0.2712
v 0.3220 0.0933 0.2779
v 0.3167 0.0930 0.2900
v 0.3137 0.0970 0.2803
v 0.3093 0.1026 0.2820
v 0.3117 0.1035 0.2787
v 0.3072 0.0967 0.2968
v 0.3078 0.1009 0.2887
v 0.3092 0.0967 0.2913
v 0.3090 0.0889 0.3094
v 0.3077 0.0924 0.3085
v 0.3099 0.0920 0.3060
v 0.3069 0.0851 0.3180
v 0.3070 0.0897 0.3147
v 0.2968 0.1031 0.3093
v 0.2977 0.0990 0.3101
v 0.3099 0.0987 0.2824
v 0.3296 0.1184 0.2374
v 0.3205 0.1093 0.2551
v 0.3373 0.1431 0.2225
v 0.3523 0.1446 0.1908
v 0.3690 0.1709 0.1557
v 0.3777 0.1653 0.1370
v 0.3728 0.1028 0.1451
v 0.3782 0.1030 0.1331
v 0.3784 0.0969 0.1391
v 0.3852 0.1030 0.1179
v 0.3890 0.0986 0.1149
v 0.3855 0.0999 0.1182
v 0.3905 0.1033 0.1056
v 0.3908 0.0995 0.1059
v 0.3970 0.0996 0.0888
v 0.3991 0.1039 0.0856
v 0.4063 0.0967 0.0748
v 0.4087 0.0985 0.0644
v 0.4140 0.1031 0.0474
v 0.4180 0.0968 0.0459
v 0.4144 0.0992 0.0478
v 0.4197 0.0974 0.0400
v 0.4223 0.0936 0.0449
v 0.4259 0.1029 0.0182
v 0.4264 0.0993 0.0184
v 0.4296 0.1022 0.0115
v 0.4314 0.1026 0.0036
v 0.4327 0.0991 0.0058
v 0.4322 0.1003 0.0014
v 0.4317 0.1045 0.0008
v 0.4339 0.1023 -0.0013
v 0.4257 0.1220 0.0194
v 0.4311 0.1501 0.0076
v 0.4330 0.1260 0.0032
v 0.4181 0.1114 0.0384
v 0.4195 0.1029 0.0341
v 0.3938 0.1552 0.0995
v 0.4022 0.1248 0.0778
v 0.3806 0.1802 0.1308
v 0.3839 0.2073 0.1214
v 0.3910 0.1860 0.1072
v 0.4271 0.1802 0.0178
v 0.3138 0.0939 0.2917
v 0.3303 0.0904 0.2598
v 0.3295 0.0935 0.2560
v 0.3415 0.0938 0.2277
v 0.3385 0.0983 0.2222
v 0.3418 0.0965 0.2205
v 0.2022 0.1085 0.3336
v 0.2046 0.1148 0.3350
v 0.1786 0.1089 0.3216
v 0.1830 0.1122 0.3240
v 0.1747 0.1047 0.3211
v 0.1659 0.1090 0.3161
v 0.1607 0.1083 0.3144
v 0.1475 0.1097 0.3085
v 0.1424 0.1073 0.3067
v 0.1255 0.1092 0.2981
v -0.1452 0.0244 0.0233
v -0.1593 0.0243 0.0787
v 0.2119 0.0835 -0.1639
v 0.1571 0.1165 -0.1889
v 0.1458 0.1159 -0.1878
v 0.1554 0.1125 -0.1966
v 0.1563 0.1112 -0.1997
v 0.0622 0.3324 -0.2467
v 0.0653 0.3330 -0.2488
v 0.0706 0.3329 -0.2533
v 0.0757 0.3420 -0.2518
v 0.1372 0.3057 -0.2240
v 0.1572 0.3078 -0.1810
v 0.1559 0.3097 -0.1852
v 0.1558 0.3027 -0.1798
v 0.3931 0.0216 0.1166
v 0.4030 0.0249 0.1012
v 0.4062 0.0244 0.0915
v 0.4052 0.0216 0.0885
v 0.4120 0.0275 0.0800
v 0.4097 0.0244 0.0850
v 0.4106 0.0216 0.0766
v 0.4073 0.0215 0.0804
v 0.4113 0.0241 0.0792
v 0.4219 0.0216 0.0519
v 0.4263 0.0245 0.0480
v 0.4293 0.0295 0.0399
v 0.4205 0.0248 0.0603
v 0.4177 0.0231 0.0632
v 0.3965 0.0287 0.1156
v 0.3974 0.0248 0.1135
v 0.3946 0.0243 0.1174
v 0.2743 0.1007 0.3849
v 0.2682 0.1043 0.3795
v 0.2722 0.1090 0.3801
v 0.2560 0.1049 0.3738
v 0.2436 0.1088 0.3677
v 0.2597 0.1088 0.3745
v 0.2437 0.0965 0.3741
v 0.2475 0.1014 0.3730
v 0.2544 0.0947 0.3798
v 0.2396 0.1040 0.3674
v 0.2303 0.1062 0.3639
v 0.2235 0.1174 0.3598
v 0.2208 0.1348 0.3586
v 0.2358 0.1324 0.3648
v 0.2343 0.0963 0.3706
v 0.2308 0.1012 0.3664
v 0.2399 0.1014 0.3698
v 0.0900 0.0855 0.2944
v 0.2694 0.0211 -0.0822
v 0.2774 0.0239 -0.0707
v 0.2685 0.0243 -0.0704
v 0.2807 0.0216 -0.0762
v 0.2868 0.0206 -0.0762
v 0.2549 0.1735 -0.1648
v 0.2412 0.1607 -0.1698
v 0.2532 0.1713 -0.1692
v 0.2551 0.1757 -0.1715
v 0.2495 0.1696 -0.1728
v 0.2632 0.1838 -0.1707
v 0.2502 0.1743 -0.1754
v 0.2683 0.1878 -0.1674
v 0.2652 0.1822 -0.1635
v 0.2750 0.2396 -0.1570
v 0.2778 0.2382 -0.1602
v 0.2859 0.2509 -0.1542
v 0.4715 0.1089 -0.0073
v 0.4803 0.1319 -0.0320
v 0.4832 0.1468 -0.0408
v 0.4842 0.1357 -0.0449
v 0.4740 0.0063 -0.0035
v 0.4745 0.0034 -0.0068
v 0.4879 0.0027 -0.0518
v 0.4418 0.0010 -0.0475
v 0.4496 0.0006 -0.0645
v 0.4264 0.0002 -0.0761
v 0.4177 0.0008 -0.0815
v 0.4090 0.0021 -0.0871
v 0.4032 0.0011 -0.0819
v 0.4032 0.0020 -0.0870
v 0.3975 0.0027 -0.0843
v 0.4387 0.0071 -0.0765
v 0.4310 0.0062 -0.0800
v 0.4314 0.0014 -0.0791
v 0.4452 0.0267 -0.0770
v 0.4344 0.0153 -0.0798
v 0.4370 0.0316 -0.0819
v 0.4324 0.0316 -0.0826
v 0.4358 0.0253 -0.0808
v 0.4565 0.0240 -0.0718
v 0.4682 0.0605 -0.0655
v 0.4614 0.0792 -0.0678
v 0.4597 0.0626 -0.0688
v 0.4534 0.0691 -0.0712
v 0.4475 0.0780 -0.0737
v 0.4469 0.0649 -0.0741
v 0.4362 0.0611 -0.0800
v 0.2049 0.0910 0.3568
v 0.2040 0.0944 0.3536
v 0.1951 0.0579 0.3409
v 0.1969 0.0740 0.3428
v 0.0955 0.0099 0.2943
v 0.0836 0.0161 0.2912
v 0.0821 0.0113 0.2898
v 0.0910 0.0097 0.2797
v 0.0793 0.0099 0.2876
v 0.0752 0.0156 0.2873
v 0.0729 0.0270 0.2868
v 0.0612 0.0125 0.2809
v 0.1011 0.0094 0.2621
v 0.0857 0.0096 0.2492
v 0.0763 0.0097 0.2670
v 0.1017 0.0094 0.2556
v 0.1038 0.0125 0.2554
v 0.0952 0.0122 0.2518
v 0.1004 0.0207 0.2505
v 0.1044 0.0230 0.2461
v 0.0986 0.0218 0.2467
v 0.1135 0.0240 0.2456
v 0.1285 0.0241 0.2404
v 0.1159 0.0239 0.2366
v 0.1443 0.0243 0.2461
v 0.1217 0.0214 0.2569
v 0.1281 0.0242 0.2512
v 0.1222 0.0238 0.2514
v 0.1120 0.0159 0.2572
v 0.1155 0.0202 0.2566
v 0.1122 0.0193 0.2566
v 0.1111 0.0122 0.2585
v 0.1214 0.0093 0.2643
v 0.1190 0.0094 0.2619
v 0.1101 0.0093 0.2600
v 0.1274 0.0216 0.2586
v 0.1340 0.0244 0.2513
v 0.1333 0.0161 0.2656
v 0.1335 0.0213 0.2630
v 0.1279 0.0159 0.2639
v 0.1400 0.0155 0.2696
v 0.1392 0.0216 0.2645
v 0.1452 0.0207 0.2686
v 0.1455 0.0235 0.2634
v 0.1408 0.0192 0.2687
v 0.1399 0.0246 0.2571
v 0.1574 0.0244 0.2630
v 0.1656 0.0244 0.2561
v 0.1526 0.0242 0.2566
v 0.1571 0.0231 0.2697
v 0.1513 0.0211 0.2703
v 0.1578 0.0160 0.2763
v 0.1568 0.0206 0.2746
v 0.1527 0.0154 0.2752
v 0.1683 0.0217 0.2763
v 0.1631 0.0242 0.2691
v 0.1627 0.0220 0.2748
v 0.1746 0.0238 0.2751
v 0.1750 0.0247 0.2687
v 0.1072 0.0098 0.2999
v 0.1060 0.0100 0.2967
v 0.1036 0.0100 0.2986
v -0.0047 0.0093 0.2406
v 0.0017 0.0103 0.2141
v -0.0009 0.0107 0.2111
v -0.0068 0.0111 0.2077
v 0.0105 0.0208 0.2101
v 0.0109 0.0233 0.2051
v 0.0061 0.0177 0.2100
v 0.0173 0.0160 0.2168
v 0.0104 0.0162 0.2127
v 0.0078 0.0099 0.2149
v 0.0120 0.0105 0.2189
v 0.0030 0.0098 0.2234
v 0.0251 0.0109 0.2233
v 0.0293 0.0130 0.2230
v 0.0235 0.0131 0.2205
v 0.0227 0.0166 0.2180
v 0.0283 0.0215 0.2166
v 0.0221 0.0203 0.2163
v 0.0225 0.0227 0.2113
v 0.0229 0.0244 0.2045
v 0.0166 0.0213 0.2120
v 0.0169 0.0241 0.2046
v 0.0404 0.0245 0.2103
v 0.0352 0.0243 0.2058
v 0.0346 0.0246 0.2104
v 0.0397 0.0209 0.2224
v 0.0402 0.0237 0.2166
v 0.0351 0.0199 0.2217
v 0.0395 0.0161 0.2263
v 0.0322 0.0098 0.2260
v 0.0447 0.0161 0.2288
v 0.0426 0.0178 0.2276
v 0.0398 0.0113 0.2285
v 0.0516 0.0211 0.2279
v 0.0520 0.0235 0.2226
v 0.0470 0.0195 0.2279
v 0.0521 0.0245 0.2162
v 0.0453 0.0213 0.2240
v 0.0308 0.0243 0.1922
v 0.0245 0.0245 0.1618
v -0.0126 0.0212 0.2003
v -0.0483 0.0215 0.1826
v -0.0536 0.0213 0.1812
v 0.2643 0.1871 -0.1496
v 0.2609 0.1807 -0.1537
v 0.3620 0.0154 -0.0478
v 0.1339 0.0150 0.3125
v 0.2186 0.0027 0.3637
v 0.3651 0.0127 -0.0889
v 0.3557 0.0117 -0.0924
v 0.3527 0.0975 -0.0948
v 0.3575 0.0963 -0.0924
v 0.2946 0.2210 -0.1337
v 0.2864 0.2220 -0.1302
v 0.2896 0.2234 -0.1308
v 0.2876 0.2133 -0.1186
v 0.2962 0.2352 -0.1239
v 0.0343 0.2965 -0.2303
v 0.0284 0.3025 -0.2317
v 0.0467 0.3109 -0.2369
v 0.0531 0.3142 -0.2441
v 0.0558 0.3084 -0.2448
v 0.0570 0.3150 -0.2476
v 0.0639 0.3044 -0.2572
v 0.0563 0.3224 -0.2464
v 0.1295 0.2902 -0.2314
v 0.1292 0.2850 -0.2310
v 0.1247 0.2851 -0.2370
v 0.1260 0.2798 -0.2325
v 0.1301 0.2758 -0.2220
v 0.1194 0.2839 -0.2402
v 0.1228 0.2900 -0.2399
v 0.1397 0.2547 -0.2184
v 0.1356 0.2615 -0.2148
v 0.1471 0.2712 -0.2241
v 0.1469 0.2839 -0.2243
v 0.1434 0.2788 -0.2225
v 0.1515 0.2828 -0.2255
v 0.1517 0.2685 -0.2257
v 0.2984 0.2673 -0.1165
v 0.3006 0.2720 -0.1188
v 0.2941 0.2654 -0.1245
v 0.2895 0.2594 -0.1255
v 0.3023 0.2754 -0.1205
v 0.0363 0.2664 -0.2276
v 0.0332 0.2694 -0.2285
v 0.0337 0.2612 -0.2270
v 0.0469 0.2727 -0.2306
v 0.0619 0.2626 -0.2547
v 0.0681 0.2407 -0.2577
v 0.0912 0.2437 -0.2417
v 0.1351 0.2504 -0.2002
v 0.0894 0.2132 -0.2517
v 0.2763 0.2429 -0.1243
v 0.2770 0.2372 -0.1255

f 1 2 3
f 4 3 5
f 6 7 8
f 9 10 11
f 12 13 14
f 15 6 8
f 16 17 18
f 19 20 21
f 22 23 24
f 25 26 27
f 28 29 30
f 31 32 33
f 34 35 36
f 37 38 39
f 40 41 42
f 43 38 37
f 44 45 46
f 47 48 49
f 50 51 52
f 53 54 55
f 56 57 58
f 59 60 57
f 61 62 52
f 63 64 65
f 66 67 68
f 69 70 71
f 72 73 74
f 75 76 77
f 78 75 63
f 79 80 81
f 82 83 84
f 85 86 87
f 88 89 90
f 91 92 93
f 94 93 95
f 96 95 97
f 98 99 100
f 101 102 98
f 103 104 105
f 106 107 108
f 109 110 111
f 112 113 107
f 114 115 116
f 117 118 119
f 120 121 122
f 123 124 125
f 126 127 128
f 129 130 126
f 131 132 133
f 134 135 136
f 137 138 134
f 139 140 141
f 142 136 135
f 143 144 145
f 146 147 148
f 149 150 151
f 152 113 112
f 153 154 155
f 156 157 83
f 158 159 160
f 161 162 163
f 164 165 72
f 166 167 168
f 169 170 171
f 172 173 59
f 174 175 176
f 177 178 179
f 180 181 20
f 182 183 181
f 184 185 186
f 187 188 189
f 190 191 192
f 193 194 195
f 196 197 198
f 196 199 200
f 201 202 203
f 204 205 206
f 207 208 209
f 210 211 212
f 213 214 215
f 216 217 218
f 219 220 221
f 222 87 219
f 223 224 225
f 226 227 228
f 92 229 230
f 231 232 97
f 232 233 234
f 100 235 236
f 237 238 239
f 239 238 240
f 241 242 243
f 244 245 246
f 247 119 114
f 248 249 250
f 125 251 252
f 123 253 254
f 255 256 257
f 126 128 129
f 258 259 260
f 261 262 263
f 264 265 266
f 267 268 269
f 270 139 271
f 272 273 143
f 274 273 275
f 276 277 146
f 278 279 280
f 281 282 283
f 284 149 151
f 285 286 149
f 150 287 288
f 289 290 291
f 292 293 294
f 295 296 297
f 298 299 300
f 158 301 302
f 303 304 305
f 304 306 168
f 307 308 309
f 310 311 312
f 313 314 315
f 316 317 318
f 319 320 321
f 322 323 324
f 325 326 327
f 328 329 330
f 218 217 331
f 332 333 334
f 335 336 332
f 336 337 333
f 338 182 339
f 340 341 342
f 343 344 345
f 346 347 348
f 349 350 351
f 352 353 354
f 355 356 357
f 358 359 360
f 361 362 363
f 364 365 366
f 197 367 364
f 368 358 361
f 369 370 371
f 372 373 202
f 205 374 375
f 376 377 378
f 379 380 381
f 380 382 383
f 384 385 386
f 387 388 385
f 386 389 346
f 390 391 392
f 393 394 353
f 395 396 397
f 398 399 400
f 401 402 387
f 403 401 404
f 369 371 405
f 406 407 408
f 409 410 411
f 412 413 395
f 414 415 416
f 417 418 419
f 420 421 422
f 423 424 425
f 426 427 428
f 359 429 430
f 431 432 433
f 434 435 436
f 437 438 439
f 440 441 442
f 443 444 445
f 446 447 448
f 449 450 451
f 452 453 454
f 455 456 443
f 457 458 459
f 460 461 458
f 462 463 460
f 453 464 454
f 465 406 450
f 466 467 468
f 225 469 470
f 471 472 473
f 473 409 474
f 475 476 477
f 478 479 480
f 481 482 483
f 484 485 486
f 487 488 489
f 418 490 419
f 491 492 420
f 493 494 495
f 496 497 498
f 499 500 501
f 502 503 504
f 505 506 507
f 508 509 510
f 511 512 513
f 514 515 516
f 517 518 519
f 520 521 522
f 523 524 525
f 526 527 528
f 529 530 531
f 532 533 534
f 535 536 537
f 538 539 540
f 541 542 543
f 544 545 546
f 547 548 549
f 550 551 552
f 553 554 555
f 556 557 558
f 559 556 560
f 561 562 560
f 563 564 565
f 566 567 568
f 236 569 570
f 238 571 572
f 573 574 249
f 575 576 577
f 256 576 578
f 257 578 579
f 580 581 582
f 583 584 585
f 586 587 588
f 589 590 591
f 592 593 594
f 595 596 597
f 598 599 600
f 601 602 603
f 604 605 606
f 607 608 609
f 610 611 607
f 612 613 609
f 614 615 616
f 617 618 619
f 620 621 622
f 623 624 625
f 626 627 628
f 629 630 631
f 632 633 634
f 620 622 635
f 636 625 637
f 638 639 640
f 641 642 643
f 644 645 646
f 647 648 649
f 650 651 652
f 653 654 655
f 656 657 658
f 659 660 661
f 662 644 663
f 664 665 666
f 667 604 606
f 668 669 670
f 671 672 612
f 673 613 674
f 675 676 677
f 678 679 680
f 681 682 683
f 684 685 282
f 686 687 688
f 689 690 691
f 692 693 694
f 286 695 696
f 287 697 698
f 699 700 701
f 702 703 704
f 705 706 707
f 708 709 710
f 711 712 713
f 714 715 295
f 716 717 718
f 719 720 721
f 722 303 302
f 723 724 725
f 726 727 728
f 729 730 308
f 731 732 314
f 733 315 734
f 735 736 737
f 737 738 739
f 740 741 742
f 743 742 744
f 745 746 747
f 748 749 750
f 751 752 753
f 754 755 756
f 757 758 759
f 224 760 469
f 761 756 762
f 763 764 765
f 766 767 768
f 769 767 770
f 771 772 773
f 774 775 776
f 485 777 778
f 489 779 780
f 781 782 783
f 784 785 786
f 787 788 789
f 790 791 792
f 793 794 795
f 796 797 798
f 497 799 498
f 800 801 802
f 803 804 805
f 806 807 808
f 809 810 811
f 812 813 814
f 518 815 816
f 817 818 819
f 820 821 822
f 823 824 825
f 826 827 828
f 528 525 829
f 830 831 832
f 833 834 835
f 836 837 835
f 536 838 839
f 840 841 842
f 542 539 843
f 844 845 846
f 847 848 849
f 849 850 851
f 852 853 854
f 855 856 857
f 858 859 860
f 566 861 862
f 863 864 865
f 866 867 868
f 869 870 871
f 872 873 874
f 875 876 877
f 878 879 880
f 585 880 587
f 881 882 883
f 884 881 885
f 886 887 888
f 889 591 890
f 891 892 675
f 893 894 895
f 896 897 898
f 899 900 901
f 892 902 903
f 904 905 906
f 907 908 909
f 910 911 599
f 912 594 913
f 911 914 915
f 601 916 917
f 916 918 639
f 919 920 921
f 922 923 924
f 643 925 926
f 927 928 929
f 930 931 932
f 933 934 935
f 936 937 938
f 936 938 939
f 940 941 942
f 943 940 944
f 945 944 946
f 947 948 949
f 950 951 952
f 953 954 955
f 956 957 958
f 959 960 943
f 961 962 963
f 964 965 966
f 967 968 969
f 970 971 972
f 973 974 975
f 976 977 978
f 979 980 981
f 978 982 669
f 983 984 893
f 982 985 986
f 987 988 989
f 990 991 992
f 993 994 995
f 990 996 997
f 998 999 1000
f 1001 1002 1003
f 1004 1005 1006
f 1007 1008 1009
f 1010 1011 1012
f 1013 1014 1015
f 1016 1017 1018
f 1019 1020 1021
f 935 1022 1023
f 1024 1025 1026
f 1027 1028 1029
f 1030 1031 1032
f 1033 1032 1034
f 941 1035 1036
f 941 1037 1038
f 1039 1040 1041
f 1042 1043 1044
f 1045 1046 1047
f 1048 1049 1050
f 1051 1052 1053
f 1054 1055 1056
f 1057 1058 1059
f 1060 1061 1059
f 1062 1063 1064
f 1065 1066 1067
f 1067 1068 1069
f 1070 1071 1072
f 1073 1074 1075
f 1076 1077 1078
f 1077 1079 1080
f 1081 1082 1083
f 1084 1085 1086
f 1087 1088 1089
f 1090 1091 1070
f 1092 1093 1094
f 1095 1096 1097
f 1096 1098 1099
f 1100 1101 1102
f 1096 1103 1066
f 1101 1104 1105
f 1106 1107 1108
f 1109 962 957
f 1110 1111 1112
f 1113 1114 1115
f 965 1116 968
f 1117 1118 1119
f 1120 1121 1122
f 1123 1124 971
f 972 971 1125
f 1126 988 987
f 1127 1128 1129
f 1130 1131 1132
f 1133 1134 1135
f 1136 1137 1002
f 1138 1139 1005
f 1140 1141 1008
f 1015 1014 1142
f 1143 1144 1145
f 1146 1147 1148
f 1149 1150 1151
f 1152 1153 1154
f 1155 1156 1021
f 1025 1157 1158
f 1159 1160 1161
f 1034 1162 1163
f 1164 1165 1166
f 1167 1168 1169
f 1170 1171 1172
f 1170 1173 1174
f 1175 1176 1177
f 1178 1179 1180
f 1181 1182 1183
f 1184 1185 1041
f 1186 1187 1188
f 1189 1190 1191
f 1192 1193 1194
f 1046 1193 1192
f 1059 1195 1196
f 1197 1191 1198
f 1069 1068 1199
f 1200 1201 1202
f 1203 1204 1205
f 1206 1207 1208
f 1209 1210 1211
f 1212 1213 1214
f 1215 1216 1217
f 1218 1219 1220
f 1221 1218 1222
f 1223 1224 1225
f 1226 1223 1227
f 1228 1229 1230
f 1231 1228 1232
f 1233 1234 1235
f 1236 1237 1235
f 1238 1239 1240
f 1241 1242 1238
f 1243 1244 1245
f 1246 1247 1248
f 1249 1250 1251
f 1252 1253 1254
f 1255 1256 1257
f 1258 1259 1260
f 1261 1262 1263
f 1264 1265 1266
f 1267 1268 1269
f 1270 1271 1272
f 1273 1274 1275
f 1276 1277 1278
f 1279 1280 1246
f 1281 1282 1283
f 1284 1285 1286
f 1274 1287 1288
f 1287 1289 1290
f 1291 1292 1293
f 1294 1295 1296
f 1297 1298 1299
f 1298 1300 1301
f 1302 1303 1304
f 1305 1306 1307
f 1308 1309 1310
f 1311 1312 1313
f 1314 1315 1316
f 1317 1318 1319
f 1320 1321 1322
f 1323 1324 1325
f 1326 1327 1328
f 1329 1330 1331
f 1332 1333 1334
f 1335 1336 1337
f 1338 1339 1335
f 1340 1341 1342
f 1343 1344 1345
f 1346 1347 1348
f 1349 1350 1351
f 1352 1353 1354
f 1355 1354 1356
f 1357 1358 1359
f 1360 1361 1362
f 1363 1364 1361
f 1365 1366 1367
f 1368 1343 1369
f 1370 1371 1372
f 1373 1374 1375
f 1376 1377 1339
f 1378 1379 1377
f 1380 1381 1382
f 1383 1384 1332
f 1385 1330 1386
f 1387 1388 1389
f 1390 1391 1389
f 1392 1393 1394
f 1395 1315 1314
f 1396 1308 1397
f 1398 1399 1400
f 1401 1402 1403
f 1404 1405 1406
f 1407 1408 1409
f 1410 1411 1407
f 1412 1413 1414
f 1415 1413 1412
f 1416 1417 1418
f 1419 1420 1421
f 1422 1423 1424
f 1425 1426 1427
f 1428 1429 1430
f 1431 1432 1433
f 1434 1435 1436
f 1436 1437 1438
f 1439 1440 1441
f 1442 1443 1444
f 1444 1445 1446
f 1447 1448 1449
f 1450 1451 1452
f 1453 1454 1305
f 1455 1456 1457
f 1458 1459 1456
f 1454 1460 1461
f 1462 1463 1464
f 1465 1466 1467
f 1468 1469 1470
f 1470 1471 1472
f 1473 1474 1475
f 1476 1477 1478
f 1479 1480 1481
f 1482 1483 1484
f 1485 1486 1487
f 1488 1489 1490
f 1491 1492 1493
f 1494 1495 1496
f 1093 1497 1498
f 1499 1500 1498
f 1501 1502 1503
f 1504 1505 1506
f 1507 1508 1509
f 1510 1511 1512
f 1513 1514 1515
f 1516 1513 1517
f 1518 1517 1519
f 1520 1521 1522
f 1523 1524 1525
f 1526 1527 1528
f 1529 1530 1531
f 1532 1533 1534
f 1535 1536 1537
f 1538 1539 1540
f 1538 1541 1542
f 1542 1543 1539
f 1544 1545 1546
f 1547 1548 1549
f 1550 1551 1552
f 1527 1553 1554
f 1555 1556 1550
f 1557 1558 1559
f 1560 1561 1562
f 1563 1513 1516
f 1564 1565 1566
f 1567 1568 1511
f 1569 1561 1564
f 1570 1571 1572
f 1573 1574 1572
f 1575 1576 1577
f 1577 1111 1578
f 1568 1579 1580
f 1506 1581 1504
f 1582 1583 1099
f 1584 1585 1586
f 1587 1588 1589
f 1590 1591 1592
f 1593 1594 1595
f 1121 1596 1597
f 1598 1599 1600
f 1601 1602 1603
f 1604 1605 1606
f 1607 1608 1128
f 1131 1609 1610
f 1611 1612 1134
f 1613 1614 1615
f 1616 1617 1618
f 1619 1620 1621
f 1622 1623 1624
f 1625 1626 1627
f 1627 1628 1629
f 1630 1631 1632
f 1148 1633 1634
f 1635 1636 1637
f 1638 1639 1640
f 1166 1640 1641
f 1169 1642 1643
f 1644 1645 1646
f 1647 1648 1649
f 1650 1651 1652
f 1653 1654 1655
f 1656 1657 1658
f 1174 1659 1660
f 1661 1662 1663
f 1175 1664 1665
f 1666 1667 1668
f 1669 1670 1671
f 1671 1672 1673
f 1674 1675 1676
f 1677 1678 1679
f 1680 1681 1682
f 1683 1684 1685
f 1686 1687 1688
f 1689 1690 1691
f 1692 1693 1694
f 1695 1696 1697
f 1698 1699 1700
f 1701 1702 1699
f 1703 1704 1705
f 1199 1706 1201
f 1707 1207 1696
f 1708 1709 1710
f 1711 1712 1713
f 1714 1715 1716
f 1717 1718 1719
f 1720 1721 1722
f 1214 1723 1720
f 1719 1724 1725
f 1726 1727 1728
f 1728 1729 1730
f 1731 1732 1733
f 1734 1731 1735
f 1736 1737 1738
f 1739 1740 1741
f 1742 1743 1744
f 1745 1744 1746
f 1747 1748 1749
f 1750 1751 1752
f 1753 1754 1755
f 1756 1757 1758
f 1759 1760 1761
f 1762 1760 1759
f 1763 1764 1765
f 1766 1767 1753
f 1768 1769 1770
f 1771 1772 1773
f 1774 1775 1776
f 1777 1778 1779
f 1780 1781 1782
f 1783 1784 1785
f 1780 1786 1787
f 1778 1788 1775
f 1789 1790 1791
f 1792 1793 1794
f 1795 1796 1797
f 1798 1799 1800
f 1801 1802 1803
f 1802 1799 1798
f 1804 1805 1806
f 1807 1808 1809
f 1810 1811 1812
f 1813 1814 1815
f 1816 1789 1791
f 1817 1818 1819
f 1820 1821 1822
f 1823 1783 1824
f 1825 1826 1827
f 1828 1825 1829
f 1830 1831 1832
f 1833 1834 1835
f 1833 1836 1837
f 1838 1259 1839
f 1840 1841 1842
f 1843 1844 1845
f 1846 1847 1848
f 1849 1850 1851
f 1852 1853 1854
f 1333 1855 1856
f 1857 1858 1859
f 1860 1861 1862
f 1863 1864 1865
f 1866 1863 1867
f 1347 1868 1867
f 1869 1351 1870
f 1869 1871 1872
f 1873 1874 1875
f 1876 1877 1878
f 1879 1880 1881
f 1882 1883 1884
f 1885 1886 1887
f 1888 1889 1890
f 1885 1890 1891
f 1892 1893 1894
f 1895 1896 1897
f 1877 1898 1878
f 1899 1900 1901
f 1899 1902 1900
f 1903 1904 1905
f 1906 1907 1903
f 1908 1359 1909
f 1910 1911 1912
f 1913 1914 1364
f 1915 1916 1917
f 1918 1919 1920
f 1921 1922 1923
f 1924 1925 1926
f 1927 1928 1929
f 1930 1931 1932
f 1933 1934 1935
f 1936 1937 1938
f 1939 1940 1941
f 1444 1942 1445
f 1943 1944 1945
f 1946 1947 1948
f 1949 1950 1451
f 1951 1952 1953
f 1954 1955 1956
f 1957 1958 1959
f 1960 1961 1962
f 1963 1964 1965
f 1966 1967 1968
f 1969 1970 1971
f 1972 1973 1974
f 1975 1976 1977
f 1978 1979 1977
f 1980 1981 1483
f 1982 1484 1983
f 1984 1985 1986
f 1987 1988 1985
f 1989 1990 1991
f 1992 1993 1994
f 1995 1996 1997
f 1998 1999 1964
f 2000 2001 2002
f 2003 2004 2005
f 2006 2007 2008
f 2009 2010 1993
f 2011 2012 2013
f 2014 2015 2016
f 2017 2018 2019
f 2020 2021 2022
f 2023 2024 2025
f 2026 2027 2028
f 2029 2030 2031
f 2032 2033 2034
f 2035 2036 2037
f 1486 2038 2039
f 2040 2041 1494
f 2042 2043 1497
f 2044 2045 2046
f 2047 2048 2049
f 2050 2051 2052
f 2053 2054 2055
f 2056 2057 2058
f 2059 2060 2061
f 2062 2063 2054
f 2064 2065 2066
f 2067 2068 2069
f 2070 2071 2072
f 2073 2074 2075
f 2076 2077 2078
f 2079 2080 2081
f 2082 2083 2084
f 2085 2086 2087
f 2088 2089 2090
f 2091 2092 2093
f 2094 2095 2096
f 1534 1533 2097
f 2098 2099 2085
f 2100 2101 2102
f 2103 2100 2104
f 2104 2105 2106
f 2107 2108 2103
f 2109 2110 2111
f 2112 2113 1541
f 2114 2115 2116
f 2117 2118 2119
f 2120 2121 2122
f 2123 2124 2125
f 2126 2127 2128
f 2129 1555 1550
f 2130 2131 2132
f 2133 1571 2134
f 2135 2136 2137
f 2138 2139 2140
f 2141 2142 2143
f 2144 2145 2146
f 2147 2146 2148
f 2120 2149 2150
f 2151 2152 2153
f 2154 2144 2155
f 2156 2157 2158
f 2159 2160 2161
f 2162 2163 2164
f 2165 2166 2167
f 2168 2169 2170
f 2171 2172 2173
f 2174 2175 2176
f 2177 2178 2141
f 2178 2179 2180
f 2181 2182 2183
f 2184 2185 2186
f 2187 2188 2189
f 2190 2191 2192
f 2193 2194 2195
f 2196 2197 2198
f 1602 2199 2200
f 2201 2202 2203
f 2204 2205 2206
f 2207 2208 2209
f 2210 2211 2212
f 1614 2213 2214
f 1617 2215 2216
f 1619 2217 2218
f 2219 2220 2221
f 2222 2223 2224
f 2225 2226 2227
f 2228 2229 2230
f 2231 2232 2233
f 2234 2235 2236
f 2237 2238 2239
f 2240 2241 2242
f 1654 2243 2244
f 1654 2244 2245
f 2246 2247 1658
f 1656 2248 2249
f 2249 2250 2251
f 2252 2253 2254
f 2255 2256 2257
f 2258 2259 2260
f 1662 2258 1663
f 1666 2261 2262
f 2263 2264 2265
f 2266 2267 2268
f 2269 2270 1675
f 2271 2272 2273
f 2274 2275 2276
f 2277 2278 2279
f 2280 2281 2282
f 2283 2277 2284
f 2285 2286 2287
f 2288 2289 2290
f 2291 2292 2293
f 2294 2295 2277
f 2295 2296 2278
f 1687 2297 2298
f 2299 2300 2301
f 2302 2303 2304
f 2305 2306 1686
f 2306 2307 2308
f 2309 1690 2310
f 2311 2312 2313
f 2314 2315 2316
f 1729 2317 2318
f 2319 2320 2321
f 2322 2319 2323
f 1732 2322 2324
f 2325 2326 2327
f 2328 2329 2330
f 1741 2331 2332
f 2333 2334 2335
f 2336 2337 2338
f 2339 2340 2341
f 2342 2343 2344
f 2345 2346 2347
f 2348 2349 2350
f 2351 2352 2353
f 2354 2355 2356
f 2357 2358 2359
f 2360 2361 2362
f 2363 2364 2365
f 2366 2367 2348
f 2368 2350 2369
f 2367 1773 2349
f 1772 2370 2371
f 2372 2343 2373
f 1771 2374 1772
f 1770 2375 2376
f 2377 1746 2378
f 2379 1774 2380
f 2381 2382 2383
f 2384 2385 2386
f 2387 2388 2389
f 2390 2391 2392
f 1783 2385 2391
f 2393 2394 2395
f 2396 2397 2398
f 1841 2399 2400
f 2401 2402 2403
f 2404 2405 2406
f 2407 2408 2409
f 2410 2411 2412
f 1851 1850 2413
f 2414 2415 2416
f 2417 2418 2419
f 2420 2421 2422
f 2419 2423 2424
f 2425 2426 2427
f 2428 2429 2430
f 2431 2432 2433
f 1862 2434 2435
f 2436 2437 2438
f 2439 2440 2441
f 2442 2443 2444
f 2445 2446 2447
f 2448 2449 2450
f 2451 2452 2453
f 2454 2455 2456
f 2457 2458 2459
f 2460 2461 2462
f 2463 2464 2465
f 2466 2467 2468
f 2469 2457 2470
f 2471 2472 2473
f 2474 2475 2476
f 2477 2471 2478
f 2479 2480 2481
f 2482 2483 2484
f 2463 2485 2486
f 2487 2488 2489
f 2490 2491 2492
f 2493 2494 2495
f 2492 2496 2497
f 2498 2499 2500
f 2501 2502 2503
f 2504 2505 2506
f 2505 2507 2508
f 2509 2510 1922
f 2511 2512 2513
f 2514 2515 2516
f 1931 2517 2518
f 2519 2520 1944
f 2521 2522 2523
f 2524 2521 2525
f 2526 2527 2528
f 2502 2529 2530
f 2531 2532 2527
f 2527 2533 2528
f 2534 2535 2536
f 2537 2538 2521
f 2539 2540 2541
f 2542 2543 1955
f 2544 2545 2546
f 2547 2548 1958
f 2549 2550 2551
f 2552 2553 2554
f 2555 2556 2557
f 2558 2559 2560
f 2561 2562 2563
f 2011 2564 2565
f 2566 2567 2568
f 2569 2570 2022
f 2571 2572 2573
f 2574 2575 2576
f 2574 2577 2029
f 2578 2576 2579
f 2580 2579 2581
f 2562 2582 2571
f 2580 2583 2579
f 2584 2585 2586
f 2587 2588 2589
f 2590 2591 2592
f 2593 2594 2595
f 2590 2596 2591
f 2597 2598 2599
f 2600 2601 2602
f 2603 2600 2604
f 2605 2606 2607
f 2608 2609 2610
f 2611 2612 2613
f 2614 2615 2616
f 2617 2618 2619
f 2620 2621 2622
f 2615 2623 2624
f 2625 2626 2612
f 2627 2628 2608
f 2608 2629 2609
f 2630 2631 2632
f 2633 2634 2603
f 2635 2636 2637
f 2638 2639 2640
f 2603 2634 2641
f 2642 2643 2644
f 2645 2646 2647
f 2648 2649 2650
f 2651 2652 2597
f 2653 2654 2655
f 2115 2656 2657
f 2658 2659 2660
f 2661 2662 2663
f 2153 2664 2154
f 2156 2665 2157
f 2666 2667 2166
f 2668 2669 2670
f 2166 2671 2167
f 2672 2673 2674
f 2675 2676 2677
f 2678 2679 2680
f 2681 2682 2171
f 2683 2684 2685
f 2686 2687 2688
f 2689 2690 2691
f 2692 2693 2694
f 2182 2695 2696
f 2697 2698 2699
f 2700 2701 2702
f 2698 2703 2704
f 2705 2706 2707
f 2708 2709 2187
f 2710 2711 2712
f 2713 2714 2190
f 2715 2716 2717
f 2197 2718 2719
f 2720 2721 2722
f 2723 2724 2725
f 2726 2727 2728
f 2729 2730 2731
f 2732 2733 2731
f 2729 2734 2735
f 2736 2737 2723
f 2738 2739 2740
f 2741 2742 2743
f 2744 2745 2720
f 2199 2746 2747
f 2748 2747 2749
f 2748 2749 2750
f 2751 2752 2211
f 2753 2754 2755
f 2756 2757 2758
f 2741 2743 2759
f 2760 2761 2762
f 2763 2764 2765
f 2766 2767 2768
f 2769 2770 2771
f 2217 2772 2773
f 2774 2775 2776
f 2777 2778 2779
f 881 883 885
f 2780 2781 2782
f 2783 2784 2785
f 2786 2787 2788
f 2789 2790 690
f 2791 2792 2793
f 2794 2795 2796
f 2797 2798 2799
f 2799 2800 2801
f 2802 2803 2804
f 2805 2806 2807
f 2808 2809 2810
f 2811 2812 2813
f 2813 2812 2814
f 2815 2816 2817
f 2818 2819 2820
f 2821 724 2819
f 2822 2823 2824
f 2825 2826 2827
f 2828 2829 2830
f 2830 2829 2831
f 2832 2833 2834
f 2835 2836 2837
f 2838 2839 2840
f 2841 2842 2843
f 2844 2845 2846
f 2847 775 2848
f 2849 2850 2851
f 2852 2853 2854
f 776 775 2855
f 782 2856 2857
f 2858 2859 2860
f 794 2861 2862
f 2863 2864 2865
f 2866 2867 2868
f 2869 2870 2871
f 2872 2873 2874
f 2875 2876 2877
f 2878 2879 2880
f 2881 2882 2883
f 2884 2885 2886
f 2887 2888 2889
f 2890 2891 2892
f 817 2893 2894
f 818 2895 2896
f 819 2897 2898
f 2899 2898 2900
f 822 2901 820
f 2902 2903 2904
f 2905 2906 2907
f 2908 2909 2910
f 2911 2912 2913
f 2914 2915 2916
f 2917 2918 2919
f 2920 2921 2922
f 2923 2924 2925
f 2926 2927 2928
f 2918 2929 2930
f 2931 2932 2933
f 2934 2935 823
f 828 2936 2937
f 2937 2938 831
f 2939 2940 2941
f 835 2942 2943
f 2944 2945 2946
f 2947 2948 853
f 2949 2950 2951
f 2952 2953 2954
f 2955 2956 2957
f 857 856 2958
f 2957 2959 2960
f 2961 2962 2963
f 2964 2965 2966
f 2967 2968 2969
f 2970 2971 2972
f 2973 2974 2975
f 2976 2977 2978
f 2974 2979 2980
f 2981 2982 2977
f 2983 2984 2985
f 2986 2987 2988
f 2989 2990 2991
f 2992 2982 2993
f 2994 2995 2996
f 2997 2998 2999
f 3000 3001 3002
f 3003 3004 3005
f 3003 3006 3004
f 3004 3007 3005
f 3008 3009 3010
f 3011 3012 3013
f 3014 3015 3016
f 3017 3018 3015
f 3019 3020 3021
f 3022 3023 3024
f 3025 3026 2986
f 3027 3028 3029
f 3030 3031 3032
f 3033 3018 3017
f 3034 3035 3036
f 3037 3038 3012
f 3039 3040 3041
f 3042 3043 3044
f 3045 3046 3047
f 3048 2250 3045
f 3049 3042 3044
f 3050 3051 3052
f 3053 3054 3055
f 2239 3056 3053
f 3057 3058 3059
f 3060 3061 2247
f 3062 3063 3064
f 3059 3065 3066
f 3067 2233 3068
f 3069 3070 3071
f 3068 3072 3069
f 3073 3074 2230
f 3075 2253 3076
f 3077 3078 3079
f 3080 3081 3082
f 2268 3083 3084
f 3085 3086 3087
f 3088 3089 2272
f 3090 3091 3092
f 3093 3094 3095
f 3096 3095 3097
f 3098 3099 3100
f 3100 3101 3102
f 3103 3104 3105
f 3106 3107 3108
f 2285 3109 2286
f 2318 3110 3111
f 3112 3113 3114
f 3115 3116 3117
f 3118 3119 3116
f 3120 3121 3122
f 2304 3123 3124
f 3125 3126 3127
f 3128 3101 2321
f 2323 3129 3130
f 3131 3132 3133
f 3134 3135 3136
f 3136 3137 3138
f 3139 3140 3141
f 3142 3143 3144
f 3145 3146 3147
f 3142 3148 3149
f 3150 3151 3152
f 3153 3154 3155
f 3156 3157 3158
f 3159 3158 3160
f 3161 3162 3163
f 3164 3165 3166
f 3167 3164 3168
f 3169 3170 3171
f 3172 3169 3173
f 3174 3175 3173
f 3176 3177 3178
f 3179 3180 3181
f 3182 3183 3184
f 3185 3186 3187
f 3188 3189 3190
f 3191 3192 3193
f 3194 3195 3196
f 3197 3198 3199
f 3200 3201 3202
f 3203 3204 3205
f 3206 3207 3208
f 3209 3210 3211
f 3212 3213 3214
f 3215 3167 3216
f 3217 3161 3218
f 3219 3220 3221
f 3222 3223 3224
f 3225 3226 3227
f 3228 3229 3230
f 3231 3232 3213
f 3233 3234 3235
f 3236 3237 3238
f 3239 3240 3241
f 3242 3156 3223
f 3243 3244 3245
f 3246 3247 3248
f 3249 3250 3251
f 3252 3249 3253
f 3254 3255 3256
f 3257 3258 3255
f 3259 3260 3261
f 3262 3263 3264
f 3265 3266 3267
f 3268 3269 3270
f 3271 3272 3273
f 3274 3272 3271
f 3275 3276 3277
f 3278 3279 3280
f 3281 3280 3197
f 3257 3255 3254
f 3282 3283 3284
f 3285 3286 3287
f 3288 3289 3290
f 3291 3292 3293
f 3286 3294 3295
f 3296 3297 3298
f 3299 3300 3301
f 3302 2336 2338
f 3293 3292 3272
f 3303 3253 3212
f 3304 3240 3239
f 3225 3219 3305
f 3306 3307 3194
f 3308 3309 3310
f 3311 3312 3313
f 3311 3314 3315
f 2362 3316 3317
f 3318 3319 3320
f 3321 3322 3323
f 3324 3325 3326
f 3327 3328 3329
f 3330 3331 3332
f 3333 3334 3335
f 3335 3334 3336
f 3335 3336 3337
f 3337 3338 2400
f 3339 3340 3341
f 3342 3343 3344
f 3345 3346 3347
f 3347 3348 3349
f 3350 3351 3352
f 2411 3353 3354
f 3355 3356 3357
f 3358 3356 3359
f 3360 3361 3362
f 3363 3364 3365
f 3366 3367 3368
f 3369 3370 3371
f 2436 3372 2437
f 2443 3373 3374
f 3375 3376 2446
f 2447 3376 3377
f 3378 3379 3380
f 3381 3382 3383
f 2450 3378 3384
f 3385 3386 3387
f 3388 3389 3390
f 3391 3392 3393
f 3394 3395 3396
f 3397 3398 3399
f 3400 3401 3402
f 2464 3403 2465
f 3404 3405 3406
f 3407 3408 3409
f 2491 3410 3411
f 3412 3413 3414
f 3415 3416 3417
f 2501 3417 2502
f 3418 3419 3420
f 3421 3422 2531
f 3423 3424 3425
f 3424 3426 3427
f 3428 3429 3430
f 3431 3432 3433
f 3434 3435 2617
f 3436 3435 3437
f 3438 2620 3439
f 3440 3441 3442
f 3443 3444 3445
f 3445 3444 3446
f 3447 3448 3449
f 2638 3450 3451
f 3452 3453 3454
f 3455 3456 3457
f 3458 3459 3460
f 2642 3459 3461
f 3462 3463 3464
f 3465 3466 3467
f 3468 3469 3470
f 3471 3472 3473
f 3474 3475 3476
f 2648 3477 3478
f 3479 3480 3481
f 3480 3482 2651
f 3483 3484 3485
f 3486 3487 3488
f 3489 3490 3491
f 3492 3493 3494
f 3495 3496 3497
f 3498 3499 3500
f 3495 3501 3499
f 3502 3503 3504
f 3505 3506 3507
f 3508 3509 3510
f 3511 3512 3513
f 3514 3515 3516
f 3517 3518 3519
f 3520 3521 3522
f 3523 3524 3525
f 3526 3527 3528
f 3529 3530 3531
f 3532 3533 3534
f 3535 3536 3537
f 3538 3539 3540
f 3540 3541 3542
f 3543 3544 3545
f 3546 3547 3548
f 3549 3550 3551
f 3538 3552 3539
f 3553 3554 3532
f 3555 3556 3557
f 3558 3559 3555
f 3560 3561 3562
f 3563 3564 3561
f 3565 3566 3562
f 3567 3568 3566
f 3558 3569 3570
f 3570 3571 3559
f 3572 3573 3574
f 3575 3576 3577
f 3578 3579 3580
f 3581 3582 3583
f 3584 3585 3583
f 3586 3587 3588
f 3589 3590 3591
f 3592 3593 3594
f 3595 3596 3597
f 3598 3599 3600
f 3601 3602 3603
f 3604 3605 3587
f 3606 3607 3586
f 3608 3609 3610
f 3611 3612 3585
f 3613 3584 3583
f 3614 3615 3616
f 3617 3618 3619
f 3620 3621 3578
f 3622 3623 3624
f 3625 3622 3576
f 3626 3627 3628
f 3629 3630 3631
f 3632 3633 3573
f 3634 3635 3636
f 3637 3638 3639
f 3640 3641 3642
f 3626 3643 3644
f 3645 3646 3647
f 3648 3649 3650
f 3651 3652 3653
f 3654 3655 3617
f 3656 3657 3658
f 3659 3660 3661
f 3660 3662 3663
f 3664 3665 3666
f 3667 3668 3669
f 3670 3671 3672
f 3673 3674 3606
f 3675 3676 3677
f 3678 3679 3680
f 3681 3682 3683
f 3684 3685 3599
f 3686 3687 3595
f 3687 3688 3689
f 3596 3690 3691
f 2669 3692 3693
f 2669 3694 2670
f 3695 3696 3697
f 2673 3698 2677
f 3699 3700 3701
f 3702 3703 3704
f 3705 3706 3702
f 3707 3708 3709
f 3710 2684 2683
f 3711 3712 3713
f 3714 3715 3716
f 3717 3718 3719
f 3720 3721 3722
f 2702 3723 2700
f 3724 3725 3726
f 3727 3728 3729
f 2703 3728 3730
f 3731 3732 2704
f 3733 3734 2708
f 3735 3734 2711
f 3736 2728 3737
f 3738 3739 3740
f 3741 3742 3743
f 3744 3745 3746
f 3747 3748 3749
f 3750 3751 3752
f 3753 3754 2738
f 2738 3755 2739
f 2743 3756 3757
f 3758 3759 3760
f 3761 3762 3763
f 2764 3764 2765
f 3765 3766 3762
f 3767 3768 3769
f 3770 3765 3771
f 3772 3773 3774
f 3774 3775 3770
f 3776 3777 3778
f 3779 3780 3776
f 3781 3782 3777
f 3783 3784 3785
f 2771 3786 3787
f 3788 3789 3790
f 3791 3792 3793
f 3794 3795 3796
f 3797 3798 3799
f 3800 3801 3802
f 3803 3800 3804
f 3805 3806 3807
f 3808 3809 3800
f 2781 3810 3811
f 2787 3812 2789
f 3813 3814 2795
f 3815 3816 3817
f 3818 3819 3820
f 3818 3804 3821
f 3822 3823 3824
f 3825 3826 3822
f 3827 3828 3829
f 3830 3831 3826
f 3832 3833 3834
f 3816 3835 3836
f 3837 3838 3839
f 3840 3841 2800
f 3842 3841 3843
f 3844 2825 2827
f 3845 3846 3847
f 3848 3849 3850
f 2831 3850 3851
f 3852 3853 3854
f 3855 3856 2835
f 3857 3858 3859
f 2850 3860 3861
f 3862 3863 3864
f 3865 3866 3867
f 3868 3869 3870
f 2863 3870 2864
f 3871 3872 3873
f 3874 3875 3876
f 3877 3878 3879
f 2874 3880 3881
f 3882 3883 3884
f 2880 3885 3886
f 3887 3888 3889
f 3890 3891 3892
f 2886 2885 3893
f 3894 3895 3896
f 3897 3898 2894
f 3899 3900 3901
f 3902 3903 3904
f 3905 3906 3907
f 3908 3909 3910
f 3911 3912 3913
f 3914 3915 3916
f 3917 3918 3919
f 3920 3921 3922
f 3923 3924 3925
f 3926 3925 3927
f 2904 3926 3928
f 3929 3928 3930
f 3931 3932 3933
f 3934 3935 3931
f 3936 3937 3938
f 3939 3940 3941
f 3942 3943 3944
f 3945 3946 3947
f 3948 3949 3950
f 3951 3952 3953
f 3954 3955 3956
f 3957 3956 3958
f 3959 3960 3961
f 3962 3963 3964
f 3965 3966 3967
f 3965 3968 3969
f 3970 3971 3972
f 2915 3973 3974
f 3975 3976 3977
f 3978 3979 3980
f 3981 3982 3983
f 3983 3984 3981
f 3985 3986 3987
f 3988 3989 2928
f 2929 3990 3991
f 3992 3993 3994
f 3995 2938 3993
f 3996 3997 3998
f 3999 4000 4001
f 4002 4003 4004
f 2941 4005 4006
f 2942 4007 4008
f 4009 2950 2949
f 4010 4011 4012
f 4013 4014 4015
f 4016 4013 4017
f 4018 4019 4020
f 4021 4022 4023
f 4019 4024 4022
f 4025 4026 4027
f 4028 4003 4029
f 4030 4031 4032
f 3985 4033 3986
f 4034 4035 4036
f 4037 4016 4035
f 4038 4034 4039
f 4039 4040 4041
f 4042 4043 4044
f 4045 4046 4047
f 4048 4049 4050
f 4051 4042 4052
f 4053 4054 4055
f 4056 4057 4058
f 4059 4060 4061
f 4062 4063 4064
f 4065 4066 4067
f 4067 4068 4065
f 4069 4070 4071
f 4072 4073 4074
f 4075 4076 4077
f 4078 4079 4080
f 4081 4082 4062
f 4063 4083 4084
f 4085 4086 4087
f 4088 4089 4082
f 2966 4090 4088
f 4091 4092 4093
f 4094 4095 4096
f 4097 4098 4094
f 4097 4099 4098
f 4100 4098 4101
f 4102 4103 4104
f 4105 4106 4107
f 4108 4109 4110
f 4111 4112 4113
f 4114 4115 4116
f 3082 4117 4118
f 4119 4120 4121
f 4122 3086 4123
f 4124 4122 4125
f 4126 4127 4128
f 4129 4130 4131
f 3097 4132 4133
f 4134 4135 4136
f 4137 4138 4139
f 4140 4141 4142
f 4143 4141 4140
f 3098 4144 4145
f 4146 4147 4148
f 4149 4150 4151
f 4152 4153 4154
f 4155 4156 4157
f 4136 4158 4159
f 4135 4160 4158
f 4161 4162 4163
f 4164 4165 4166
f 3138 4167 4168
f 4169 4170 4171
f 4172 4173 4174
f 4175 4176 4177
f 4178 4179 4180
f 4181 4182 4183
f 3144 4184 4185
f 4185 4186 4187
f 4188 4189 4190
f 3147 4191 4192
f 4193 4194 4195
f 4196 4197 4198
f 4199 4196 4200
f 4201 4202 4203
f 4204 4205 4206
f 4207 4208 4209
f 4210 4211 4212
f 4213 4214 4215
f 4216 4217 4213
f 4218 4219 4220
f 4221 4222 4223
f 4224 4225 4221
f 4226 4227 4228
f 4229 3183 3182
f 4230 4231 4232
f 4230 4232 4233
f 4234 4235 4236
f 4237 4238 4239
f 4240 4241 4242
f 4243 4244 4245
f 4246 4247 4248
f 3320 4249 4250
f 4251 4252 4253
f 3321 4254 3322
f 3323 3322 3325
f 4255 3326 4256
f 4257 4258 4259
f 4260 4261 4262
f 3336 4262 4263
f 4264 4265 4266
f 4267 4268 4269
f 4270 4271 4272
f 4272 4273 4274
f 3346 4275 4276
f 3349 3348 4277
f 4278 4279 4280
f 3353 4281 3359
f 4282 4283 4284
f 4285 4286 4287
f 4288 4289 3367
f 4290 3368 4291
f 4292 4293 4294
f 4295 4296 4297
f 4298 4299 4300
f 4301 4302 4303
f 4304 4305 4306
f 3383 4307 3381
f 4308 4309 3381
f 4310 4311 4312
f 4313 4314 4315
f 4316 4317 4318
f 4319 4320 4321
f 4321 4322 4323
f 4324 3385 4325
f 3390 4326 3392
f 4327 4328 4329
f 4330 4331 4332
f 4333 4334 4335
f 4336 4337 4338
f 4339 4340 4341
f 4342 4343 4344
f 4345 4344 4346
f 4347 4348 4349
f 4349 4350 4351
f 4352 4353 4354
f 4343 3544 4355
f 4346 4350 4348
f 4356 4339 4357
f 4358 4338 4359
f 4360 3563 4361
f 4362 4363 4364
f 4365 4366 4367
f 4368 4369 4370
f 4370 4371 4372
f 3567 4373 4374
f 3568 4375 4376
f 4377 4378 4379
f 4380 3638 4381
f 4380 4382 3638
f 4383 4384 3643
f 4385 4386 3651
f 4387 4388 4389
f 4390 4391 4392
f 4390 4392 4393
f 4394 3665 4395
f 3670 4396 3671
f 4397 4398 3674
f 4399 4400 4401
f 4402 4403 4404
f 4405 4406 4407
f 4408 4409 4410
f 4411 4412 3688
f 4413 4414 4415
f 4416 4417 4418
f 4419 4420 4421
f 4422 4423 4424
f 4425 4426 4427
f 4428 3711 3713
f 3711 4429 3712
f 4430 3738 3725
f 4431 4432 4433
f 3725 3738 3726
f 4434 4435 4436
f 4437 4438 4439
f 4439 4440 4441
f 4442 4443 4444
f 3748 4445 4446
f 4447 4448 4449
f 3751 4450 4451
f 4452 4453 4454
f 4455 4456 4457
f 4458 4453 4452
f 4459 4460 4461
f 4462 4463 4464
f 4465 4466 4467
f 4468 4466 4465
f 4469 4470 4440
f 4471 4472 4438
f 4473 4474 4475
f 4476 4477 4478
f 4479 4480 4481
f 4482 4483 4484
f 4485 4486 4487
f 4488 4489 4490
f 4491 4488 4492
f 4493 4494 4495
f 4491 4496 4497
f 4498 4499 4500
f 4501 4502 4503
f 4502 4504 4505
f 4506 4507 4508
f 4508 4474 4473
f 4509 4510 4471
f 4511 4512 4513
f 4514 4460 4515
f 4460 4516 4517
f 4518 4519 4520
f 4521 4522 4457
f 4522 4523 4524
f 3773 4525 4526
f 4527 4528 4529
f 4527 4529 4530
f 4531 4532 4533
f 4534 4535 4536
f 4537 4538 4539
f 4540 4541 4542
f 4543 4544 4545
f 4546 4547 3833
f 3834 4548 4549
f 4550 4551 4552
f 3839 4553 4554
f 4555 4556 4557
f 4558 4559 4560
f 4561 4562 4563
f 4564 4565 3845
f 4566 4567 4568
f 4564 4568 4565
f 4569 4570 4571
f 4572 4573 4574
f 4575 4576 4577
f 4578 4579 3852
f 3856 4580 4581
f 4582 4583 4584
f 4585 4586 4587
f 4588 4589 4590
f 4591 4592 4593
f 4594 4595 4596
f 4596 4597 3869
f 4598 4599 4600
f 4601 4602 4603
f 4604 4605 4606
f 4607 4608 4609
f 4610 4611 4612
f 4613 4614 4615
f 4616 4617 4618
f 4619 4620 4621
f 4614 4622 4623
f 4624 4625 4626
f 4625 4627 4628
f 4629 4630 4631
f 4632 4633 4634
f 4635 4636 4637
f 4638 4639 4640
f 4641 4642 3872
f 4643 4644 4645
f 4646 4647 4648
f 4649 4650 4651
f 4643 4645 4652
f 3879 4653 4654
f 4655 4656 4657
f 4658 4659 4660
f 4661 4662 4663
f 4663 4664 4665
f 3884 4666 4667
f 4668 4669 4670
f 4671 4672 4673
f 3890 4674 3891
f 4675 4676 4677
f 3895 4678 4679
f 4680 4681 4682
f 4683 4684 4685
f 4686 4687 4688
f 3909 4689 4690
f 4691 4692 4693
f 4694 4695 4696
f 4697 4698 4699
f 4700 4701 4697
f 4702 4703 4704
f 4705 4706 4707
f 4708 4709 3915
f 4710 4711 4712
f 4713 4714 4711
f 4715 4716 4717
f 4718 4719 4720
f 4721 4722 4723
f 4724 4725 4726
f 3921 4727 4728
f 3922 4729 4730
f 4731 4732 4733
f 4734 4735 4736
f 4737 3927 4738
f 4739 4740 4741
f 4742 4743 4744
f 4745 4746 4747
f 4748 4749 4750
f 4751 4752 4753
f 4754 4755 4756
f 4757 4758 4759
f 4760 4761 4762
f 3941 3937 4763
f 4764 3953 4763
f 4765 4766 4767
f 4768 4769 4770
f 4771 4772 4773
f 4774 4775 4776
f 4777 4778 4774
f 4779 4780 4781
f 4782 4783 4784
f 4785 4779 4786
f 4787 4788 4789
f 4790 4791 4792
f 4793 4794 4795
f 4794 4779 4796
f 4797 4798 4799
f 4800 4801 4802
f 4803 4804 4805
f 4806 4807 4808
f 4809 4810 4811
f 4812 4813 4814
f 4814 4815 4809
f 4816 4807 4810
f 4817 4818 4819
f 4820 4821 4822
f 4823 4824 4825
f 4826 4827 4828
f 4829 4830 4831
f 4832 4833 4834
f 4835 4836 4837
f 4838 4839 4840
f 4841 4842 4843
f 4844 4838 4845
f 4846 4847 4848
f 4849 4850 4832
f 4851 4852 4853
f 4854 4855 4852
f 4856 4857 4858
f 4859 4772 4771
f 4860 4861 4862
f 4863 4864 4865
f 4866 4867 4868
f 4869 4870 4871
f 4872 4873 4874
f 4875 4876 4877
f 4878 4875 4877
f 4879 4880 4881
f 4882 4883 4884
f 4885 4886 4887
f 4888 4889 4846
f 4890 4891 4892
f 4893 4894 4895
f 4896 4897 4898
f 4899 4900 4901
f 4902 4903 4904
f 4905 4906 4902
f 4907 4908 4173
f 4176 4909 4910
f 4911 4912 4913
f 4914 4915 4916
f 4917 4916 4918
f 4900 4919 4920
f 4900 4921 4919
f 4922 4923 4924
f 4925 4926 4927
f 4928 4929 4930
f 4895 4925 4893
f 4899 4931 4900
f 4907 4932 4933
f 4161 4934 4935
f 4903 4936 4937
f 4938 4939 4940
f 4939 4941 4942
f 4943 4944 4945
f 4946 4947 4948
f 4949 4950 4951
f 4952 4953 4954
f 4955 4956 4957
f 4958 4959 4935
f 4960 4959 4961
f 4936 4962 4963
f 4937 4964 4965
f 4966 4944 4967
f 4968 4955 4969
f 4970 4971 4968
f 4955 4972 4956
f 4973 4974 4975
f 4976 4977 4978
f 4979 4110 4953
f 4980 4981 4982
f 4983 4984 4985
f 4986 4125 4987
f 4131 4126 4128
f 4988 4047 4989
f 4990 4991 4992
f 4993 3980 4872
f 4044 4994 4995
f 4996 4997 4998
f 4999 4040 3985
f 5000 5001 4988
f 5002 5003 5004
f 5005 5006 5007
f 5008 4050 4049
f 4107 5009 5003
f 4933 5010 4165
f 5011 4855 4854
f 5012 5013 5014
f 5015 5016 5017
f 5018 5019 5020
f 5016 5021 5022
f 5023 5024 5025
f 5026 5027 5028
f 4929 4841 4187
f 5029 5030 5031
f 5032 5033 5034
f 5035 5036 5037
f 5038 5039 5040
f 5041 5042 5043
f 5044 5045 5046
f 5047 5048 5046
f 5049 5050 5051
f 5052 5053 5054
f 5055 5056 5057
f 5058 5059 5060
f 5061 5062 5063
f 5064 5065 5066
f 5067 5068 5069
f 5070 5069 5071
f 5072 5073 5074
f 5075 5076 5077
f 5078 5079 5080
f 5081 5082 5083
f 5084 5085 5086
f 5087 5088 5082
f 5089 5090 5091
f 5092 5093 5094
f 5095 5096 5097
f 5096 5098 5099
f 5100 5061 5101
f 5102 5103 5104
f 5105 5106 5091
f 5107 5108 5090
f 4220 5109 5110
f 5111 5112 5113
f 5114 5115 5116
f 5117 5118 5119
f 5116 5120 5118
f 5121 4209 5122
f 5123 5121 5124
f 5125 5126 5127
f 5128 5129 5130
f 5131 5132 5133
f 5134 4222 5129
f 5135 5136 5137
f 5138 5139 5140
f 5140 5141 5142
f 5142 5143 5144
f 5145 5146 5147
f 5148 5149 5150
f 5151 5152 5153
f 5153 5154 5155
f 5156 5157 5158
f 5159 5160 5161
f 5162 5163 5164
f 5165 5166 5167
f 5168 5169 5170
f 5171 5172 5173
f 5174 5175 5176
f 5177 5178 5179
f 5180 5179 5181
f 5182 5183 5184
f 4258 5185 5186
f 5187 5188 5189
f 5190 5191 5192
f 5193 5194 5195
f 4265 5196 4266
f 4268 5197 5198
f 5199 5200 5201
f 5200 5202 5201
f 5203 5204 5205
f 4283 5206 5207
f 4287 5208 5209
f 5210 5211 5212
f 5213 5214 5215
f 4294 5216 5217
f 4296 5218 5219
f 4302 5220 5221
f 5222 5223 5224
f 5225 5226 5227
f 5228 5229 5230
f 5231 5232 5233
f 5234 5235 5236
f 5237 5238 5239
f 5240 5235 5241
f 5240 5242 4308
f 5243 5244 5245
f 4314 5243 5246
f 5247 5248 5249
f 5250 5251 5252
f 5253 5254 5255
f 5256 5257 5258
f 5259 5260 5261
f 5262 5263 4375
f 5264 5265 5266
f 5265 5267 5268
f 5269 5270 5271
f 5272 4387 5273
f 4388 5274 4389
f 5275 5276 5277
f 5278 5279 4402
f 5280 5281 5282
f 5283 5284 5285
f 5286 5287 4412
f 5288 5289 5290
f 5290 5291 5292
f 5293 5294 4483
f 5295 5296 5297
f 5298 5299 5300
f 5301 5302 5303
f 5304 5305 5306
f 5307 5308 5309
f 5310 5311 5280
f 5312 5313 5314
f 5315 5316 5317
f 5318 5319 5320
f 5321 5322 5323
f 5324 5325 5326
f 5327 5328 5329
f 5330 5331 5332
f 5333 5332 5334
f 5335 5336 5337
f 5338 5339 5274
f 5340 5341 5342
f 5276 5343 5277
f 5344 5345 5310
f 5346 5326 5347
f 5348 5349 5341
f 5350 5351 5352
f 5353 5354 5355
f 5356 5357 5358
f 5359 5360 5361
f 5362 5363 5364
f 5365 5366 5367
f 5368 5369 5370
f 5371 5372 5373
f 5374 5375 5376
f 5377 5378 5379
f 5380 5381 5382
f 5383 5384 5385
f 5386 5387 5330
f 5388 5389 5390
f 5391 5392 5393
f 5394 5395 5396
f 5397 5398 5399
f 5400 5401 5402
f 5400 4497 5320
f 5403 5404 5405
f 5406 5407 5408
f 5409 5410 5406
f 5411 5412 5397
f 5413 5414 5415
f 5416 5417 5418
f 5419 5389 5420
f 5421 5420 5422
f 5423 5424 5387
f 5425 5426 5427
f 5428 5429 5430
f 5431 5432 5433
f 5434 5435 5381
f 5378 5436 5437
f 5438 5439 5440
f 5441 5442 5443
f 5444 5445 5446
f 5447 5448 5449
f 5450 5451 5452
f 5453 5448 5447
f 5454 5455 5456
f 5457 5456 5458
f 5459 5460 5461
f 5462 5459 5366
f 5463 5464 5465
f 5466 5467 5468
f 5469 5470 5365
f 5362 5471 5472
f 5473 5474 5475
f 5476 5477 5478
f 5479 5480 5481
f 5482 5483 5484
f 5485 5486 5487
f 5488 5489 5263
f 5490 5491 5492
f 5493 5358 5491
f 5487 5494 5491
f 5480 5477 5495
f 5496 5497 5498
f 5499 5496 5500
f 5501 5257 5256
f 5502 5503 5254
f 5504 5505 5506
f 5507 5508 5509
f 5510 5511 5512
f 5513 5514 5515
f 5516 5517 5518
f 5518 5519 5520
f 5521 5522 5523
f 5524 5525 5499
f 5526 5527 5528
f 5526 5529 5527
f 5530 5526 5531
f 5532 5533 5534
f 5535 5536 5537
f 5538 5539 5540
f 5541 5542 5543
f 5544 5545 5546
f 5547 5548 5549
f 5550 5551 5552
f 5553 5554 5555
f 5556 5557 5558
f 5559 5560 5561
f 5562 5563 5564
f 5565 5566 5567
f 5567 5568 5569
f 5570 5571 5572
f 5573 5574 5474
f 5469 5575 5576
f 5577 5578 5579
f 5580 5581 5582
f 5583 5584 5581
f 5585 5586 5587
f 5588 5589 5590
f 5591 5592 5444
f 5593 5594 5595
f 5594 5596 5439
f 5597 5598 5599
f 5600 5601 5602
f 5603 5604 5605
f 5606 5607 5588
f 5608 5586 5609
f 5610 5583 5611
f 5612 5613 5614
f 5615 5616 5617
f 5560 5615 5561
f 5618 5619 5563
f 5620 5621 5571
f 5622 5623 5624
f 5625 5626 5627
f 5628 5629 5626
f 5630 5631 5632
f 5633 5634 5557
f 5635 5636 5556
f 5637 5638 5639
f 5640 5641 5642
f 5641 5643 5644
f 5645 5646 5647
f 5646 5648 5649
f 5650 5651 5652
f 5653 5654 5655
f 5656 5657 5658
f 5659 5660 5598
f 5661 5428 5431
f 5662 5663 5664
f 5665 5426 5666
f 5666 5667 5668
f 5669 5670 5671
f 5670 5672 5673
f 5672 5674 5675
f 5676 5674 5677
f 5678 5679 5680
f 5681 5682 5683
f 5683 5682 5684
f 5684 5404 5685
f 4499 5686 4501
f 5687 5688 5689
f 5690 5691 5692
f 5693 5694 5695
f 5696 5697 5698
f 5699 5700 5701
f 5702 5703 5704
f 5705 5706 5707
f 5708 5709 5710
f 5708 5711 5712
f 5713 5714 4512
f 5715 5716 5717
f 5718 5719 4519
f 5720 5721 5722
f 5723 5724 4523
f 4528 5725 5726
f 5727 5728 5729
f 5730 5731 5732
f 5733 5734 5731
f 5734 4535 4534
f 5735 4537 5736
f 5737 5738 5739
f 5740 5741 5742
f 5743 5744 5745
f 5746 5747 5748
f 5749 5750 5751
f 5752 5753 5754
f 5755 5756 5757
f 5758 5759 5760
f 5761 5762 5758
f 5763 5764 5765
f 5766 5767 5768
f 5769 5770 4538
f 5771 5772 4544
f 4544 5773 4545
f 5774 5775 5776
f 5777 5778 5779
f 5780 5781 5782
f 5783 5784 5785
f 5785 5786 5787
f 5788 5789 5790
f 5791 5790 5792
f 5793 5794 5795
f 5796 5797 4559
f 5798 4567 5797
f 5783 5799 5784
f 5800 5801 5802
f 5803 5804 5805
f 5804 4617 5805
f 5806 5807 5808
f 5809 4620 5810
f 5811 5812 5813
f 5814 5815 5782
f 5816 5817 5818
f 5819 5820 5821
f 5822 5823 5824
f 4622 5825 4624
f 5826 5827 5828
f 5829 5830 5831
f 5832 5833 5834
f 5835 5836 5837
f 5838 5839 5840
f 5841 5842 4648
f 5843 5844 5845
f 5846 5847 5848
f 5849 5850 5851
f 5852 5853 5854
f 5855 5856 5857
f 5858 5853 5859
f 4659 5859 5860
f 5860 5861 4660
f 5862 5863 5864
f 5865 5866 5867
f 5868 5869 5870
f 5871 5872 5873
f 4669 5874 5875
f 5876 5877 5878
f 4673 5879 5880
f 5881 4687 5882
f 4685 4687 4686
f 5883 5884 5885
f 5886 5887 5888
f 5889 5890 5891
f 5892 5893 5894
f 4703 5895 5896
f 5897 5898 5899
f 5900 5901 5902
f 5903 5904 4708
f 5905 5906 5907
f 5908 5909 5910
f 5911 5912 5913
f 5914 5913 5915
f 4718 5916 5917
f 5918 5919 5920
f 5921 5922 5923
f 4723 5924 4721
f 5925 5926 5927
f 5928 5929 4725
f 5930 5931 5932
f 5932 5933 5934
f 5935 5936 5937
f 4732 5938 5939
f 5940 5941 5942
f 4736 5942 5943
f 5944 5945 5943
f 5946 5947 5948
f 5949 5950 5951
f 5952 5953 5954
f 5955 5956 5957
f 5958 5957 5959
f 5960 5958 5961
f 5962 5963 5964
f 5960 5965 5966
f 5967 5968 5969
f 5970 5971 5972
f 5973 5974 5975
f 5976 5971 5970
f 5977 5978 5979
f 5980 5981 5982
f 5983 5984 5985
f 5980 5982 5986
f 5987 5988 5989
f 5050 5990 5991
f 5992 5993 5994
f 5053 5995 5996
f 5997 5054 5998
f 5059 5999 6000
f 6000 6001 6002
f 6003 6004 6005
f 5063 6006 6007
f 6008 6009 6010
f 6011 6012 6013
f 6014 6015 6016
f 6017 6018 6019
f 6020 6021 6022
f 6023 6024 6025
f 6026 6027 6028
f 6029 6030 6031
f 6032 6033 6034
f 6031 6035 6036
f 6037 6038 6039
f 6040 6041 6042
f 6043 6044 6045
f 6046 6047 6048
f 6049 6011 6050
f 6011 6051 6052
f 6053 6054 6055
f 6056 6007 6057
f 6058 6059 6060
f 6061 6062 6058
f 6063 6064 6065
f 6066 5073 6063
f 6067 5068 6068
f 6011 6069 6050
f 6070 6071 6045
f 6072 6073 6074
f 6075 6076 6077
f 5084 6078 6079
f 6080 6081 6082
f 6083 6084 6085
f 6086 6087 6088
f 6089 6090 6091
f 6092 6093 6094
f 6095 6096 6097
f 6098 6099 6100
f 6101 6102 6103
f 5147 6104 6105
f 5149 6105 6106
f 6107 6108 6109
f 5154 6110 6111
f 5155 6112 6113
f 6113 6114 6115
f 5157 6116 5159
f 6117 6118 6119
f 6120 6121 6122
f 6123 6124 6125
f 5166 6126 6127
f 5169 6126 6128
f 5170 6129 6130
f 6131 6132 6133
f 6134 6135 6136
f 6137 6138 6139
f 6140 6141 6142
f 6143 6144 6145
f 6146 6147 6137
f 6148 6149 6150
f 6151 6152 6153
f 6154 6155 6156
f 6157 6158 6159
f 6160 6161 6162
f 6152 6163 6164
f 5184 6165 6166
f 6167 6168 6169
f 5188 6170 6171
f 6172 6173 6174
f 6175 6176 6177
f 6178 6179 6180
f 6181 6182 6183
f 6184 6185 5204
f 6186 6187 6188
f 6189 6182 6190
f 6191 6192 6193
f 6194 6195 6196
f 6197 6198 6192
f 6199 6200 6201
f 6202 6203 6204
f 6205 6206 6203
f 6207 6208 6209
f 6185 6210 6211
f 6212 6213 6214
f 6215 6216 6217
f 6218 6219 6220
f 5207 6221 6222
f 6223 6224 6225
f 6226 6227 6228
f 6229 6230 6231
f 6232 6233 6234
f 6235 6236 6237
f 6238 6239 6240
f 5212 6241 6242
f 6243 6244 6245
f 6246 6247 6248
f 6249 6250 6251
f 6252 6253 6254
f 6255 6254 6256
f 6257 6258 6259
f 6260 6261 6262
f 6263 6264 6265
f 6266 6267 6268
f 6266 6269 6270
f 6271 6272 6273
f 6274 6275 6276
f 6277 6278 6279
f 6280 6281 6282
f 6283 6284 6285
f 6286 6287 6278
f 6288 6289 6290
f 5542 6291 6292
f 6293 5548 5547
f 6294 6295 6296
f 6297 6298 6299
f 5551 6300 5552
f 5553 6301 6302
f 6303 6304 5638
f 6305 6306 6307
f 6308 6309 6310
f 6311 6312 6313
f 6314 6315 6316
f 6317 6318 6319
f 6320 6321 6322
f 5651 6323 6324
f 6325 6326 5652
f 6327 6328 6329
f 5657 6330 6331
f 6332 6333 6334
f 6335 6336 5667
f 6328 6337 6338
f 6337 5682 5681
f 6339 6340 6341
f 6342 6343 6344
f 5692 5691 6345
f 6346 5694 6347
f 5694 6348 5695
f 6349 6350 6351
f 5696 6352 5697
f 5697 6353 6354
f 6355 6356 6357
f 6358 6359 5702
f 5703 6360 6361
f 6362 6363 6364
f 6365 6366 6367
f 6368 5716 6369
f 6368 6370 6371
f 6372 5716 6371
f 6373 6374 6375
f 6376 6377 6378
f 6379 6380 6381
f 6382 6383 6384
f 6385 6359 6386
f 6387 6388 6389
f 6390 6391 6392
f 6392 6383 6393
f 6394 6377 6395
f 6396 6373 6394
f 6397 6398 5728
f 6399 6400 6401
f 6402 6403 6404
f 6405 6406 6407
f 6408 6409 6410
f 6411 6412 6413
f 6414 6415 6416
f 6417 6418 6419
f 6417 6420 6418
f 6421 6422 6423
f 6424 6425 6426
f 6427 6428 6429
f 5740 5742 6424
f 6430 6431 6432
f 5752 5754 5749
f 6430 6433 6434
f 6435 6434 6436
f 6436 6437 6435
f 6438 6439 6440
f 6441 6442 6443
f 6444 5765 6445
f 6446 6447 5766
f 6448 6449 6450
f 6451 6452 6453
f 6454 6455 6456
f 6454 6457 6458
f 6459 6460 6461
f 6462 6463 6464
f 6465 6466 6467
f 6468 6469 6470
f 6471 6472 6473
f 6474 6475 6476
f 6477 6478 6455
f 6476 6479 5777
f 6480 6481 5781
f 6482 6483 6484
f 6485 6486 6487
f 6488 6489 6490
f 6489 6491 6492
f 6493 6494 6495
f 6496 6497 6498
f 6499 6496 6500
f 6501 6502 6503
f 6504 6503 6505
f 6506 6507 5830
f 6508 5837 5836
f 5835 5837 6509
f 6510 6511 6512
f 6513 6514 6515
f 6516 6517 6518
f 6516 6519 6520
f 6521 6522 6523
f 6524 6525 6526
f 6527 6528 6524
f 5855 5857 6529
f 6530 6531 6532
f 6533 6534 6535
f 6536 6537 6491
f 6538 6539 6540
f 6541 6542 6543
f 6544 6545 6546
f 6541 6547 6548
f 6549 6550 6551
f 6552 6553 6554
f 6555 6556 6557
f 6558 6559 6560
f 6561 6549 6562
f 6563 6564 6544
f 6565 6566 6567
f 6568 6569 6570
f 6571 6572 6573
f 6574 6575 6556
f 6576 6577 6578
f 6576 6579 6580
f 6581 5856 5855
f 6582 6583 6584
f 6585 6586 6587
f 6588 6589 6590
f 6591 6592 6593
f 6594 6595 6596
f 6568 6597 6598
f 6569 6599 6600
f 6601 6602 6600
f 6603 6604 6605
f 6606 6591 6607
f 6608 6609 6594
f 6593 6607 6591
f 6610 6611 6612
f 6590 6589 6613
f 6614 6585 6615
f 6616 6617 6618
f 6619 6620 6586
f 6621 6622 6623
f 6624 6625 6626
f 6627 6628 6629
f 6630 6631 6632
f 5868 6630 6633
f 6634 6635 6636
f 6637 6638 6639
f 6640 6641 6642
f 6643 6644 6645
f 6646 6647 6648
f 6649 6650 6651
f 6652 6653 6654
f 6655 6656 6657
f 6657 6656 6658
f 5896 6659 6660
f 6661 5908 5906
f 6662 6663 6664
f 5912 6665 5913
f 6666 6667 6668
f 6669 6670 6671
f 6672 6673 6674
f 5926 6675 6676
f 6677 6678 6679
f 6680 6681 6682
f 6683 6684 6685
f 6686 6687 6688
f 5932 6689 5933
f 6690 6691 6692
f 6693 6694 6695
f 6696 6697 6698
f 6699 6700 6701
f 6702 6703 6704
f 6705 6706 6707
f 6708 6709 6710
f 5948 6708 6711
f 6711 6712 6713
f 6714 6713 6715
f 6715 6712 6716
f 6717 6718 6719
f 6720 6721 6722
f 6723 6724 6725
f 6726 6727 6723
f 6728 6729 6730
f 6731 6732 6733
f 6734 6735 6736
f 5994 6737 6738
f 5992 6739 6740
f 6741 6742 6743
f 6744 6745 6746
f 6747 6748 6749
f 6750 6751 6752
f 6753 6752 6754
f 6755 6753 6756
f 6757 6758 6759
f 6760 6761 6762
f 6763 6764 6765
f 6766 6763 6765
f 6021 6767 6022
f 6768 6769 6770
f 6771 6772 6773
f 6772 6774 6769
f 6775 6776 6758
f 6777 6778 6779
f 6780 6781 6782
f 6783 6784 6785
f 6786 6749 6787
f 6788 6789 6747
f 6790 6791 6792
f 6793 6794 6791
f 6795 6788 6796
f 6797 6798 6799
f 6800 6801 6798
f 6015 6802 6803
f 6804 6805 6806
f 6807 6808 6809
f 6810 6811 6812
f 6813 6814 6815
f 6816 6817 6818
f 6819 6820 6821
f 6822 6811 6823
f 6028 6824 6825
f 6825 6826 6028
f 6827 6828 6829
f 6039 6830 6831
f 6039 6831 6832
f 6833 6834 6835
f 6836 6837 6838
f 6839 6840 6077
f 6841 6842 6843
f 6844 6845 6846
f 6088 6847 6848
f 6090 6849 6850
f 6091 6851 6852
f 6092 6853 6854
f 6094 6093 6855
f 6096 6856 6097
f 6857 6858 6102
f 6859 6857 6860
f 6861 6862 6863
f 6111 6864 6865
f 6866 6867 6868
f 6869 6861 6870
f 6871 6869 6872
f 6873 6874 6875
f 6876 6877 6878
f 6119 6879 6880
f 6881 6882 6883
f 6884 6885 6886
f 6887 6888 6889
f 6890 6891 6892
f 6893 6894 6895
f 6896 6897 6898
f 6899 6900 6901
f 6902 6903 6904
f 6904 6905 6906
f 6907 6908 6909
f 6910 6150 6908
f 6911 6165 6912
f 6913 6914 6911
f 6915 6916 6910
f 6917 6918 6919
f 6920 6921 6922
f 6923 6924 6925
f 6926 6927 6928
f 6929 6930 6931
f 6170 6929 6932
f 6933 6934 6176
f 6935 6936 6937
f 6938 6939 6940
f 6941 6942 6179
f 6943 6944 6945
f 6924 6946 6947
f 6948 6196 6920
f 6948 6949 6950
f 6951 6952 6197
f 6953 6954 6955
f 6956 6205 6202
f 6957 6958 6959
f 6960 6961 6962
f 6962 6963 6964
f 6965 6966 6967
f 6968 6969 6970
f 6971 6972 6973
f 6216 6974 6217
f 6975 6976 6977
f 6978 6979 6980
f 6981 6982 6983
f 6984 6985 6986
f 6987 6988 6989
f 6990 6991 6992
f 6993 6994 6995
f 6996 6997 6998
f 6999 7000 7001
f 7002 7003 6988
f 7004 7005 7006
f 7007 6979 7008
f 7009 7010 7011
f 6976 7012 7013
f 7014 7015 7016
f 7017 7018 7019
f 7017 7020 6221
f 7021 7022 7023
f 7024 7025 7026
f 6227 7027 7028
f 7029 7030 7031
f 7032 7033 7034
f 7035 7036 7037
f 7038 7035 7039
f 7040 7041 7042
f 7043 7042 7044
f 7045 7046 7047
f 7048 7049 7047
f 7050 6240 7051
f 7052 7053 7045
f 7054 7055 7056
f 7057 7058 7043
f 7038 7059 7060
f 7061 7062 7063
f 7064 7065 7066
f 7067 6233 7068
f 7055 7069 7070
f 7071 7072 7073
f 7053 7074 7075
f 7076 7077 7078
f 7079 7080 7076
f 7081 6248 7082
f 7083 7084 7085
f 7086 7087 7088
f 7086 7089 7090
f 7091 7092 7093
f 7094 7095 7096
f 6261 7097 6262
f 7098 7099 7100
f 7101 7102 7103
f 7104 6268 7105
f 6269 7104 7106
f 7107 7108 7109
f 7110 7109 7111
f 6273 7112 7113
f 6275 7114 6286
f 6290 7115 7116
f 7117 7118 7119
f 7120 7121 7122
f 6294 7123 6295
f 7124 7125 7126
f 7127 7128 7129
f 7128 7130 7131
f 7132 7133 7134
f 7135 7136 7137
f 7138 7139 7140
f 6299 7141 7142
f 7143 7142 7144
f 7145 7146 7147
f 7148 7149 7146
f 7150 7148 7145
f 7151 7152 7153
f 7154 7155 7156
f 7157 7158 7159
f 7160 7161 7162
f 7163 7164 7165
f 7159 7158 7166
f 7167 7168 7169
f 6315 7170 7171
f 7172 7173 7174
f 6318 7175 6319
f 7176 7177 7178
f 7179 7180 7181
f 7182 7183 7184
f 7185 7186 7187
f 7188 7189 7190
f 7191 7192 6326
f 7193 7194 7195
f 7196 7197 7198
f 7199 7200 7201
f 7202 7203 7204
f 7205 7206 7207
f 7208 7209 7210
f 7211 7212 7213
f 7214 7215 7216
f 7217 7218 7219
f 7218 6340 7220
f 7221 7222 7223
f 7217 7224 7225
f 7226 7227 7228
f 7228 7229 7215
f 7212 7230 7231
f 7232 7233 7234
f 7235 7236 7237
f 7234 7233 7238
f 7239 7240 7241
f 7242 7243 7244
f 7245 7246 7247
f 7248 7249 7250
f 7251 7252 7253
f 7254 7255 7256
f 7257 7258 7259
f 7260 7261 7197
f 7194 7262 7263
f 7264 7265 7254
f 7266 7267 7268
f 7269 7270 7246
f 7271 7272 7273
f 7274 7275 7276
f 7276 7277 7230
f 7278 7279 7280
f 7280 7281 7224
f 7282 7283 7284
f 7285 7286 7287
f 7288 7289 7290
f 7291 7292 6350
f 7293 7294 7295
f 7296 7297 7298
f 7299 6406 7296
f 7300 7301 7302
f 7303 7304 7305
f 7306 7307 7308
f 7309 7308 7310
f 7311 7312 7313
f 7314 7315 7316
f 7317 7318 7306
f 7319 6438 7320
f 6439 7321 7322
f 7322 7323 7324
f 7325 7326 7327
f 7328 7329 7330
f 7329 7331 6459
f 6464 7332 6462
f 7333 6465 7334
f 6567 7335 6472
f 7336 7337 7338
f 7339 6475 7340
f 7341 6543 7339
f 7342 7343 7344
f 7343 7345 7346
f 7347 7348 7349
f 7350 7351 7352
f 7353 7354 7355
f 7356 7357 7358
f 7359 7360 7361
f 7362 7363 7364
f 7365 7366 7367
f 7368 7369 7370
f 7371 7372 7373
f 7374 6616 7375
f 7376 7377 7378
f 6617 7379 7380
f 7381 7382 7383
f 7384 7385 7386
f 7387 7388 7389
f 7389 7388 7390
f 7390 7391 7392
f 6635 7393 6641
f 6645 7394 7395
f 7396 7395 7397
f 7398 7399 7400
f 7400 7401 7402
f 7402 7403 6653
f 7404 7405 7406
f 7407 7408 7409
f 7410 7411 7412
f 6667 7413 7414
f 7415 7416 7417
f 7418 7419 7420
f 7421 7422 7423
f 7424 7425 7426
f 7427 7428 7429
f 6683 7430 7431
f 6684 7432 7433
f 6685 7434 7435
f 7436 7437 7438
f 7439 7440 7441
f 7442 7443 7444
f 7445 7446 7447
f 7448 7449 7450
f 7451 7452 7453
f 7454 7453 7455
f 7456 7457 7458
f 7459 7460 7461
f 7462 7463 7464
f 7465 7466 7467
f 7468 7469 7470
f 7471 7472 7473
f 7474 7475 7476
f 7477 7476 7478
f 7479 7480 7481
f 7482 7483 7484
f 7485 6725 7486
f 7487 7488 7489
f 6736 7490 7491
f 7492 7493 7494
f 7495 7496 7497
f 7498 7499 7500
f 7501 7502 7503
f 7504 7505 7506
f 7507 7508 7509
f 7510 7511 7512
f 7513 7514 7515
f 7516 7517 7518
f 7519 7520 7521
f 7522 7519 7523
f 7524 7525 7526
f 7527 7528 7529
f 7530 7529 7531
f 7532 7533 7534
f 7535 7536 7537
f 7538 6809 7539
f 7540 7541 7542
f 7543 7544 7545
f 7546 7547 7548
f 7549 7548 7550
f 7551 7552 7553
f 6828 7554 7555
f 7556 7557 7558
f 7559 7560 7561
f 7562 7563 7564
f 7565 7566 7567
f 6838 7568 6836
f 7569 7570 7571
f 7572 7573 6841
f 6842 7574 7575
f 7574 7576 6845
f 7577 7578 7579
f 6847 7580 7581
f 7582 7583 7584
f 6860 7584 7585
f 7586 7587 7588
f 7589 7590 7591
f 7592 7593 7594
f 7595 7592 7596
f 7596 7597 7598
f 7599 7600 7601
f 7602 7603 7604
f 6897 7605 7606
f 6898 7607 7608
f 7609 7610 7611
f 7612 7613 7614
f 7615 7616 7617
f 7618 7619 7620
f 7621 7622 7623
f 7624 7625 6953
f 7626 7627 7628
f 7629 7630 7627
f 7631 7632 7633
f 7634 7635 7636
f 7637 7638 7639
f 7640 7641 7642
f 7643 7644 7645
f 7646 7647 7648
f 7649 7650 7651
f 7652 7653 7654
f 7655 7656 7657
f 7658 7659 7660
f 7661 7662 7663
f 7664 7665 7666
f 7667 7668 7669
f 7656 6973 7670
f 7671 6981 7672
f 7673 7674 7675
f 7676 7677 7678
f 7679 6991 7680
f 7681 7682 7683
f 6994 7684 6995
f 7685 7686 7687
f 7688 7689 7690
f 7691 7690 7692
f 7693 7694 7695
f 7696 7697 7698
f 7699 7700 7701
f 7702 7700 7699
f 7703 7704 7694
f 7705 7706 7707
f 7708 7709 7710
f 7711 7712 7713
f 7714 7715 7716
f 7717 7718 7719
f 7719 7720 7721
f 7722 7723 7724
f 7725 7726 7727
f 7728 7729 7730
f 7731 7732 7733
f 7734 7735 7729
f 7736 7737 7022
f 7738 7739 7740
f 7741 7742 7743
f 7744 7745 7746
f 7747 7748 7749
f 7750 7751 7752
f 7753 7754 7028
f 7750 7027 7755
f 7756 7757 7041
f 7758 7759 7760
f 7761 7762 7763
f 7764 7765 7766
f 7767 7768 7769
f 7770 7771 7772
f 7773 7774 7775
f 7776 7777 7778
f 7779 7780 7781
f 7782 7783 7784
f 7785 7786 7787
f 7788 7789 7790
f 7791 7792 7793
f 7792 7794 7795
f 7795 7796 7152
f 7161 7797 7798
f 7799 7163 7800
f 7801 7802 7803
f 7804 7805 7806
f 7807 7808 7809
f 7810 7811 7812
f 7813 7814 7815
f 7816 7817 7818
f 7814 7819 7170
f 7820 7821 7822
f 7823 7824 7820
f 7825 7826 7827
f 7828 7829 7830
f 7189 7831 7832
f 7833 7834 7835
f 7836 7837 7838
f 7839 7267 7266
f 7840 7841 7842
f 7268 7843 7844
f 7845 7269 7846
f 7845 7847 7269
f 7848 7849 7270
f 7850 7851 7272
f 7852 7853 7854
f 7853 7855 7856
f 7857 7858 7859
f 7860 7861 7862
f 7274 7863 7864
f 7865 7866 7867
f 7868 7869 7870
f 7871 7872 7865
f 7865 7873 7866
f 7874 7875 7876
f 7876 7877 7279
f 7878 7879 7880
f 7881 7882 7883
f 7884 7885 7886
f 7887 7310 7888
f 7889 7890 7891
f 7892 7893 7894
f 7895 7896 7897
f 7898 7899 7900
f 7901 7883 7902
f 7903 7899 7898
f 7899 7904 7900
f 7905 7906 7907
f 7908 7909 7910
f 7911 7912 7913
f 7914 7915 7916
f 7917 7918 7919
f 7920 7921 7922
f 7923 7924 7925
f 7926 7927 7928
f 7929 7930 7931
f 7932 7933 7934
f 7935 7936 7937
f 7938 7939 7940
f 7940 7941 7942
f 7941 7855 7853
f 7943 7944 7945
f 7946 7947 7948
f 7949 7950 7951
f 7952 7953 7954
f 7955 7956 7957
f 7958 7959 7960
f 7961 7962 7838
f 7963 7964 7965
f 7966 7967 7968
f 7969 7966 7970
f 7971 7972 7834
f 7973 7974 7975
f 7976 7977 7978
f 7979 7980 7981
f 7982 7983 7984
f 7985 7967 7966
f 7986 7987 7988
f 7989 7990 7991
f 7950 7992 7993
f 7994 7995 7996
f 7997 7998 7999
f 8000 7933 8001
f 8002 8003 8004
f 7926 8005 7927
f 8006 8007 8008
f 8009 8010 8011
f 8012 8013 8014
f 8015 8016 8017
f 8018 8019 8020
f 8021 8022 8023
f 8024 8025 8026
f 8027 8028 8029
f 8030 8031 8032
f 8033 8034 8030
f 7827 8035 8036
f 8037 8038 8039
f 8039 8040 7976
f 8041 8042 8043
f 8044 8045 8046
f 8047 8043 8048
f 8049 8050 8037
f 8051 8052 8053
f 8054 8055 8056
f 8057 8055 8054
f 8051 8058 8059
f 8060 8061 8062
f 8063 8064 8034
f 8065 8027 8066
f 8067 8068 8058
f 8069 8070 8071
f 8072 8073 8074
f 8075 8076 8077
f 8078 8070 8079
f 8080 8081 8072
f 8082 8083 8084
f 8085 8086 8083
f 8087 8088 8089
f 8090 8091 8092
f 8093 8094 8095
f 8096 8097 8021
f 8098 8099 8100
f 8099 8101 8018
f 8102 8103 8104
f 8105 8106 8107
f 8108 8109 8110
f 8111 8112 8006
f 8113 8114 8115
f 8116 8117 7918
f 8118 8119 8120
f 8119 8121 8122
f 8123 8124 7360
f 8125 8126 8127
f 8128 8129 7379
f 8130 8131 8132
f 8133 8134 8135
f 8136 8137 8138
f 8139 8140 8141
f 8142 8143 8139
f 8125 8144 8145
f 8146 8147 8130
f 8148 8149 8150
f 8151 8152 8153
f 8154 8155 8156
f 8157 8158 8159
f 8159 8160 8161
f 7384 8162 8163
f 8164 8165 8166
f 8167 8168 8169
f 8170 8171 8169
f 8172 8173 8174
f 8175 8176 8177
f 8178 8179 8180
f 8181 8182 8183
f 8184 8185 8186
f 8187 8188 7408
f 8189 8190 8191
f 8192 8193 8194
f 8194 8195 8196
f 8195 8197 8198
f 8199 8200 7418
f 8201 8202 8203
f 8204 8205 8206
f 8207 8204 8206
f 7426 8208 7428
f 8209 8210 8211
f 7431 8212 8213
f 8214 8215 8216
f 8217 8218 8219
f 8220 8221 8222
f 8223 8220 8224
f 8225 8226 8227
f 8228 8229 8230
f 8231 8232 8233
f 8233 8234 8235
f 8236 8237 8238
f 8239 8238 8240
f 8241 8242 8243
f 8244 8245 8246
f 8247 8248 8249
f 8250 8251 8252
f 8253 8254 8255
f 8256 8257 8258
f 8259 8260 8261
f 8262 8263 8264
f 8265 8266 8267
f 8268 8269 8254
f 8270 8271 8272
f 8273 8251 8250
f 8274 8275 8276
f 8277 8278 8279
f 8280 8281 8282
f 8283 8284 8285
f 8286 8287 8288
f 8289 8290 8291
f 8292 8293 8294
f 8293 8295 8294
f 8296 8297 8229
f 8298 8299 8293
f 8300 8298 8287
f 8301 8302 8303
f 8304 8305 8306
f 8307 8308 8309
f 8310 8311 8312
f 8312 8313 8314
f 8315 7435 8316
f 8317 8318 8319
f 8320 8321 8317
f 8322 7439 7441
f 8323 8324 8325
f 8326 8327 8328
f 8329 8330 8331
f 8332 8333 8334
f 8335 8336 8337
f 8338 8339 8340
f 8341 8342 8343
f 8344 8345 8346
f 8347 8348 8349
f 8350 8351 8352
f 8353 8354 8355
f 8356 8357 8358
f 8359 8360 8361
f 8361 8358 8362
f 8363 8364 8365
f 8366 8363 8367
f 8368 8369 8370
f 8371 8368 8372
f 8373 8374 8375
f 8376 8373 8377
f 8378 8379 8380
f 8381 8382 8383
f 8384 8385 8386
f 8387 8388 8389
f 8390 8391 8392
f 8393 8390 8392
f 8394 8395 8396
f 8397 8396 8398
f 8399 8400 8401
f 8402 8403 8404
f 8405 8406 8407
f 8408 8409 8410
f 8411 8412 8413
f 8414 8415 8416
f 8417 8418 8405
f 8419 8420 8421
f 8422 8423 8424
f 8425 8426 8427
f 8428 8429 8430
f 8431 8432 8433
f 8434 8435 8436
f 8437 8438 8439
f 8440 8437 8441
f 8442 8443 8444
f 8445 8446 8447
f 8448 8449 8450
f 8451 8448 8452
f 8453 8454 8451
f 8455 8456 8457
f 8458 8459 8460
f 8461 8462 8463
f 8464 8453 8462
f 8465 8466 8467
f 8468 8469 8449
f 8470 8471 8472
f 8473 8474 8475
f 8476 8465 8477
f 8478 8476 8464
f 7559 8479 7560
f 8480 8481 8482
f 8483 8484 8485
f 8486 8487 8488
f 8489 8490 8491
f 8490 8492 8493
f 8445 8494 8495
f 8446 8495 8496
f 8497 8498 8499
f 8500 8501 8502
f 8503 8431 8504
f 8501 8505 8502
f 8506 8507 8508
f 8509 8510 8511
f 8497 8512 8498
f 8513 8514 8515
f 8516 8517 8518
f 8519 8520 8521
f 8522 8523 8524
f 8525 8526 8527
f 8528 8529 8530
f 8531 8532 8533
f 8534 8535 8536
f 8537 8538 8539
f 8539 8540 8541
f 8542 8543 8544
f 8432 8545 8546
f 8547 8548 8549
f 8548 8550 8549
f 8551 8552 8553
f 8554 8555 8556
f 8557 8555 8554
f 8557 8558 8559
f 8560 8561 8371
f 8562 8563 8564
f 8565 8563 8562
f 8566 8567 8568
f 8569 8570 8571
f 8572 8573 8566
f 8574 8575 8576
f 8577 8578 8579
f 8580 8581 8582
f 8583 8584 8573
f 8585 8586 8587
f 8570 8588 8589
f 8589 8590 8591
f 8592 8593 8594
f 8595 8596 8597
f 8598 8599 8600
f 8601 8602 8603
f 8604 8605 8606
f 8607 8608 8609
f 8610 8611 8612
f 8613 8614 8615
f 8616 8617 8618
f 8619 8620 8621
f 8622 8623 8624
f 8591 8590 8624
f 8619 8625 8626
f 8627 8628 8593
f 8629 8630 8595
f 8631 8601 8599
f 8632 8633 8634
f 8544 8543 8635
f 8636 8580 8637
f 8638 8639 8554
f 8640 8641 8642
f 8643 8644 8645
f 8646 8647 8648
f 8534 8649 8535
f 8531 8650 8651
f 8652 8653 8654
f 8655 8530 8656
f 8529 8657 8658
f 8659 8518 7542
f 8660 8661 8662
f 8663 8664 8665
f 7530 8666 8667
f 8668 8669 8670
f 8671 8672 8673
f 8674 8675 8676
f 8677 8678 8679
f 8680 8681 8682
f 8683 8684 8685
f 8686 8687 8684
f 8688 8689 8690
f 8691 8692 8693
f 8694 8695 8696
f 8697 8698 8699
f 8700 8701 8641
f 8702 8703 8704
f 8705 8706 8707
f 8708 8709 8710
f 8711 8712 8709
f 8713 8714 8715
f 8716 8717 8718
f 8719 8720 8716
f 8721 8722 8723
f 8724 8725 8726
f 8727 8728 8729
f 8730 8731 8732
f 8733 8734 8722
f 8735 8736 8737
f 8738 8739 8740
f 8741 8742 8743
f 8744 8745 8746
f 8747 8748 8739
f 8749 8750 8751
f 8752 8753 8754
f 8754 8755 8756
f 8757 8758 8324
f 8759 8760 8761
f 8762 8763 8322
f 8764 8765 8766
f 8767 8766 8758
f 8768 8769 8770
f 8771 8772 8773
f 8774 8771 8775
f 8776 8777 8778
f 8779 8780 8777
f 8781 8782 8783
f 8784 8785 8786
f 8774 8775 8787
f 8788 8789 8790
f 8791 8790 8792
f 8793 8745 8744
f 8794 8728 8795
f 8796 8797 8798
f 8799 8800 8801
f 8802 8803 8804
f 8805 8806 8807
f 8807 8808 8809
f 8810 8811 8812
f 8813 8808 8814
f 8815 8816 8817
f 8818 8819 8820
f 8821 8822 8726
f 8823 8824 8724
f 8825 8826 8827
f 8828 8829 8830
f 8831 8832 8833
f 8834 8835 8836
f 8834 8837 8806
f 8838 8818 8832
f 8809 8808 8813
f 8839 8840 8841
f 8842 8843 8844
f 8845 8844 8846
f 8847 8848 8849
f 8850 8851 8852
f 8853 8854 8850
f 8855 8856 8854
f 8857 8858 8859
f 8860 8861 8858
f 8862 8863 8864
f 8865 8866 8867
f 8868 8869 8870
f 7528 8871 8870
f 8872 8873 8874
f 8875 8876 8877
f 8878 8681 8879
f 8683 8880 8684
f 8881 8882 8883
f 8884 8885 8698
f 8886 8887 8888
f 8889 8890 8891
f 8892 8893 8894
f 8895 8896 8897
f 8895 8898 8899
f 8900 8901 8902
f 8903 8904 8905
f 8906 8907 8908
f 8909 8799 8910
f 8911 8912 8913
f 8914 8915 8916
f 8917 8918 8919
f 8920 8921 8922
f 8923 8924 8925
f 7512 8926 8927
f 7507 7509 8928
f 8929 8918 8930
f 8931 8932 8933
f 8934 8935 8936
f 8937 8938 8939
f 8940 8941 8799
f 8941 8942 8943
f 8944 8945 8946
f 8947 8948 8949
f 8950 8948 8951
f 8952 8953 8944
f 8954 8955 8956
f 8957 8958 8959
f 8960 8961 8962
f 8963 8964 8965
f 8966 8967 8968
f 8969 8970 8971
f 8972 8973 8974
f 8975 8976 8977
f 8975 8978 8979
f 8980 8981 8982
f 8983 8984 8985
f 8986 8987 8988
f 8988 8989 8990
f 8991 8992 8993
f 8994 8995 8996
f 8997 8998 8999
f 9000 9001 9002
f 7447 9003 9004
f 9005 8999 9006
f 9007 9008 9005
f 9009 9010 9011
f 9012 9013 9014
f 9015 7454 9016
f 9017 9018 9019
f 9020 9021 9022
f 9023 9024 9025
f 7478 9023 9026
f 9027 9028 9029
f 9030 9031 9032
f 9033 9034 9035
f 9036 9037 7481
f 9038 7484 9039
f 9040 9041 9042
f 9042 9043 9044
f 9045 9046 9047
f 9048 9049 9050
f 9051 9052 9053
f 9054 9055 9056
f 9057 8957 9058
f 8938 9059 9060
f 9061 9057 8934
f 7497 9062 9063
f 8958 9064 9065
f 9066 8963 9067
f 9068 9069 9070
f 9071 9072 9073
f 9074 9073 9075
f 9076 9077 9078
f 9079 9080 9081
f 9031 9082 9083
f 9050 9049 9084
f 9085 9086 9087
f 9088 9089 9090
f 9051 9053 9091
f 9092 9093 9064
f 9094 9095 9096
f 9025 9097 9098
f 8984 9099 9100
f 9101 9102 9103
f 9104 9105 9106
f 9099 9107 9108
f 9109 9110 9111
f 9112 9113 9114
f 9115 9116 9117
f 9118 9119 9120
f 9025 9121 9122
f 9123 9124 9125
f 9126 9127 9118
f 9128 9112 9127
f 9129 9130 9113
f 9013 9131 9014
f 9132 9133 9134
f 9130 9135 9136
f 9137 9134 9138
f 9133 9139 9140
f 8998 9141 9142
f 9143 9144 9145
f 9146 9145 9147
f 9148 7494 9062
f 9149 9150 9020
f 9151 9152 9021
f 9153 9154 9017
f 9154 9018 9017
f 9155 7458 9015
f 8861 9156 9157
f 8843 9158 8846
f 8790 8785 9159
f 8602 9160 8605
f 8611 9161 9162
f 8558 9163 9164
f 8574 8576 9165
f 9166 9167 9168
f 9169 9170 9171
f 9172 9173 9169
f 7547 9174 9175
f 8466 9176 8470
f 9177 9178 7573
f 9179 9180 9181
f 9182 9183 9184
f 9185 9186 9187
f 9188 9187 9189
f 9190 9191 9192
f 9193 9194 9195
f 7585 9196 9197
f 9198 9199 9200
f 9201 9202 9203
f 9204 9205 9206
f 9207 9204 9208
f 9209 9210 9211
f 9212 9213 9214
f 9213 9215 9214
f 9216 9217 9218
f 7604 9219 9220
f 9221 9222 9223
f 7609 9224 9225
f 7609 9225 7610
f 7613 9226 9227
f 9228 9229 9230
f 7622 9230 9231
f 9232 9233 7633
f 9234 9235 9236
f 9237 7643 7641
f 9238 7644 7643
f 7644 9239 9240
f 9241 9240 9242
f 9243 9244 7647
f 7647 9245 7648
f 9246 9247 9248
f 9249 9250 9251
f 9252 9253 9254
f 9255 9256 9257
f 9258 9259 9260
f 9261 9262 9263
f 9264 9265 9261
f 9266 9267 9268
f 9269 9270 7693
f 9271 9272 9273
f 9274 9275 9276
f 9277 9278 9279
f 9280 9281 7710
f 9282 9283 9284
f 9285 9286 9287
f 9288 9289 9286
f 7730 7726 9290
f 9291 9292 9293
f 9294 9295 9296
f 9297 9298 9299
f 9300 9301 9302
f 9303 9304 7759
f 9305 9306 9307
f 9308 9309 9310
f 9311 9308 9312
f 9313 9314 9315
f 9316 9317 9318
f 9319 9320 9321
f 9322 9323 9324
f 9325 9326 9327
f 9328 9329 9330
f 9331 9332 9333
f 9334 9335 9336
f 9337 9338 9339
f 9340 9341 9342
f 9343 9344 9345
f 9346 9347 9348
f 9349 9350 9351
f 9352 9353 9354
f 9355 9356 9357
f 7806 9358 9359
f 9360 9361 9362
f 9363 9364 7811
f 9365 9366 9367
f 9368 8085 9369
f 9370 9371 9372
f 9373 9374 9375
f 9376 9377 9378
f 9379 9380 9381
f 9380 9368 9382
f 9355 9383 9356
f 9384 9385 9386
f 9387 9388 9384
f 9389 9390 9391
f 9392 9389 9393
f 9394 9395 9396
f 9397 9398 9399
f 9400 9401 9402
f 9403 9401 9404
f 9405 9406 9407
f 9408 9409 9410
f 9411 9412 9413
f 9414 9383 9415
f 9416 9417 9418
f 9377 9419 9420
f 9421 9422 9423
f 9423 9424 9371
f 8087 9425 8090
f 9426 9427 8091
f 9428 9429 9430
f 9431 9432 9433
f 9434 9435 9436
f 9437 9438 9439
f 9440 9441 9442
f 9443 8106 9444
f 9445 9446 9447
f 9448 9449 9450
f 9451 9452 9453
f 9454 9455 9432
f 9456 9457 9458
f 9459 9460 9461
f 9462 9463 9459
f 9464 9465 9466
f 9467 9468 9469
f 9470 9471 9472
f 9473 9474 9475
f 9476 9477 9478
f 9479 9480 9481
f 9482 9483 9484
f 8108 9485 8109
f 9486 9487 9488
f 8114 9489 8115
f 9490 9491 9492
f 9493 9494 9495
f 8121 9496 8122
f 9497 9498 9493
f 9499 9500 9501
f 9502 9503 9504
f 9505 9506 9486
f 9507 9508 9509
f 9510 9511 9507
f 9512 9513 9510
f 9514 9515 9516
f 9515 9517 9503
f 9518 9519 9520
f 9521 9522 9523
f 9524 9525 9526
f 9527 9528 9529
f 9530 9531 9532
f 9533 9534 9535
f 8151 9536 9537
f 9538 9539 8154
f 8154 9540 8155
f 8155 9541 9542
f 9543 9544 9545
f 8160 9546 8161
f 9547 9548 9549
f 9550 9551 9552
f 9553 9554 9555
f 9556 9557 9558
f 9558 9559 9560
f 9561 9562 9563
f 8189 9564 9565
f 9565 9566 8190
f 9567 9568 9569
f 9570 9571 9572
f 9573 9574 9575
f 9576 9577 9578
f 9579 9580 8200
f 9581 9582 9583
f 9584 9585 9586
f 9587 9588 9589
f 9590 9591 9592
f 9593 9594 8210
f 9595 9594 9596
f 9597 9598 8218
f 8221 9599 8222
f 9600 9601 9602
f 9603 9604 9605
f 9606 9607 9608
f 9609 9610 9611
f 9612 9613 9614
f 9615 9616 9617
f 8240 9618 9619
f 9620 9621 9622
f 9623 9624 9625
f 9626 9623 9627
f 9628 9629 9630
f 9631 9630 9632
f 9633 9634 9635
f 9636 9635 9637
f 9638 9639 9640
f 9641 9642 9643
f 9644 9641 9645
f 9646 9647 9648
f 9649 9650 9651
f 9652 9653 9654
f 9655 9651 9656
f 9657 9658 9659
f 9660 9661 9662
f 9663 9664 9665
f 9666 9667 9668
f 9669 9670 9671
f 9672 9673 9674
f 9675 9672 9674
f 9676 9677 9678
f 9679 9680 9676
f 9681 9682 9683
f 9684 9685 9686
f 9687 9688 9689
f 9690 9687 9691
f 9692 9693 9694
f 9695 9696 9697
f 9698 9699 9700
f 9701 9702 9703
f 9704 9705 9706
f 9707 9708 9709
f 9710 9711 9712
f 9713 9714 9715
f 9716 9715 9717
f 9718 9719 9720
f 9721 9722 9723
f 9724 9725 9726
f 9727 9728 9729
f 9730 9731 9732
f 9733 9734 9735
f 9736 9737 9738
f 9739 9740 9741
f 9742 9743 9744
f 9745 9746 9747
f 9748 9749 9750
f 9751 9752 9236
f 9752 9753 9754
f 9755 9756 9757
f 9758 9759 9760
f 9761 9762 9763
f 9764 9765 9766
f 9767 9768 9769
f 9770 9771 9767
f 9771 9772 9768
f 9773 9774 9239
f 9775 9776 9777
f 9778 9779 9780
f 9781 9782 9783
f 9784 9785 9786
f 9787 9788 9789
f 9790 9791 9792
f 9790 9793 9794
f 9795 9796 9797
f 9798 9799 9800
f 9801 9802 9803
f 9804 9805 9806
f 9807 9808 9809
f 9262 9810 9811
f 9812 9813 9814
f 9815 9816 9272
f 9271 9815 9272
f 9817 9818 9819
f 9820 9821 9822
f 9823 9824 9825
f 9826 9827 9278
f 9828 9829 9830
f 9831 9832 9833
f 9283 9834 9285
f 9293 9835 9836
f 9837 9838 9839
f 9840 9841 9304
f 9842 9838 9306
f 9843 9844 9845
f 9846 9847 9848
f 9849 9846 9850
f 9851 9850 9852
f 9853 9854 9855
f 9856 9857 9858
f 9859 9860 9861
f 9862 9863 9332
f 9859 9861 9864
f 9864 9861 9865
f 9866 9867 9868
f 9869 9870 9871
f 9872 9873 9414
f 9874 9875 9876
f 9416 9877 9417
f 9878 9879 9880
f 9881 9882 9878
f 9874 9883 9884
f 9885 9886 9887
f 9888 9889 9855
f 9886 9890 9891
f 9892 9893 9894
f 9895 9896 9419
f 9897 9898 9895
f 9899 9897 9900
f 9901 9902 9903
f 9903 9902 9904
f 9905 9906 9907
f 9908 9909 9910
f 9911 9912 9910
f 9913 9914 9915
f 9908 9916 9917
f 9918 9919 9920
f 9906 9920 9921
f 9922 9923 9919
f 9923 9924 9896
f 9896 9925 9926
f 9927 9928 9929
f 9929 9930 9931
f 9932 9933 9934
f 9935 9936 9930
f 9937 9938 9939
f 9940 9941 9925
f 9942 9943 9944
f 9945 9944 9946
f 9947 9948 9949
f 9950 9951 9952
f 9953 9954 9955
f 9956 9957 9915
f 9958 9914 9959
f 9960 9961 9962
f 9963 9964 9965
f 9966 9967 9968
f 9969 9970 9971
f 9972 9973 9974
f 9975 9940 9976
f 9977 9978 9979
f 9980 9981 9982
f 9983 9984 9985
f 9964 9986 9987
f 9988 9989 9990
f 9991 9992 9993
f 9994 9995 9996
f 9997 9998 9999
f 10000 10001 10002
f 10003 10004 10005
f 9994 10006 10007
f 10008 10009 9983
f 10010 10011 10012
f 10013 10014 10015
f 10016 10017 10018
f 9977 10019 9978
f 10020 10021 10022
f 10023 10024 10025
f 10026 10027 10028
f 9938 10029 9935
f 10030 10031 10032
f 10033 10034 9933
f 10035 10036 10037
f 10038 10039 10040
f 10041 10042 10043
f 10044 10045 10046
f 10047 10048 9480
f 10049 10050 10051
f 10052 10053 10054
f 10055 10056 10057
f 10058 10059 10060
f 10061 10062 10063
f 10064 10065 10066
f 10067 10068 10069
f 10070 10071 10072
f 10073 10074 10075
f 10062 10076 9522
f 10077 10078 9524
f 10079 10080 10081
f 10081 10082 9531
f 10083 10084 10085
f 10086 10087 10088
f 10089 10090 10091
f 9534 10089 10092
f 9534 10092 10093
f 9539 10094 10095
f 10096 10097 10098
f 10099 10100 10101
f 10102 10103 10104
f 9540 10105 10106
f 10107 10108 10109
f 9551 10110 10111
f 10112 10113 10114
f 10115 10116 10117
f 10118 10119 9571
f 9585 10120 10121
f 10122 10123 10124
f 10125 10126 10127
f 10128 10129 10130
f 10131 10132 10133
f 10134 10135 10136
f 10137 10138 10135
f 9593 10136 10139
f 10140 10141 10142
f 10143 10144 10145
f 10146 10147 10148
f 10149 10150 10151
f 10152 10153 10154
f 9616 10155 10156
f 9617 10157 10158
f 10159 10160 10161
f 9625 10162 10159
f 10163 10164 10165
f 10166 10167 10168
f 10169 10170 10171
f 10172 10173 10174
f 10175 10176 10177
f 10178 10179 10180
f 10181 10180 10182
f 9659 10183 10184
f 10185 9650 10186
f 9664 10187 10188
f 10189 10190 10191
f 10192 10193 10194
f 10195 10196 10197
f 10198 10199 10200
f 10201 10202 10203
f 10204 10205 10206
f 10207 10208 10209
f 10210 10211 10212
f 10213 10214 10215
f 10216 10217 10213
f 10218 10219 10220
f 10221 10222 10223
f 10224 10225 10226
f 10227 10228 10229
f 10230 10231 10232
f 10233 10234 9720
f 10235 10230 10232
f 10236 10237 10238
f 10239 10240 10241
f 10242 10243 10227
f 10244 10245 10246
f 10247 10248 10249
f 10250 9699 10251
f 10252 10253 10254
f 10255 10256 10257
f 10258 10259 10208
f 10260 10261 10262
f 10263 10264 10265
f 10266 10267 10268
f 10268 10269 10270
f 10271 10194 10272
f 10273 10274 10269
f 10275 10276 10274
f 10277 10192 10276
f 10278 9667 10279
f 10280 9668 9667
f 10281 10282 10283
f 10284 10285 10286
f 10287 10288 10289
f 10290 10291 10292
f 10293 10294 10295
f 10293 10296 10297
f 9694 10298 10299
f 10300 10301 10302
f 10303 10304 10305
f 10306 10284 10307
f 9683 10308 10306
f 10309 10310 10311
f 9682 9676 10312
f 10250 10251 10313
f 10314 10315 10316
f 10317 10318 10314
f 10317 9711 10318
f 10319 10320 10321
f 10322 10234 10323
f 10324 10323 10325
f 10326 10327 10328
f 10329 10330 10331
f 10332 10333 10334
f 10335 10336 10337
f 10338 10339 10340
f 10340 10341 10342
f 9737 10343 10344
f 9738 10345 10346
f 10346 10347 10348
f 10349 10350 10351
f 10352 10353 10354
f 9743 10352 10355
f 10356 10357 10358
f 10359 10360 10361
f 10362 9775 10360
f 10363 10364 10365
f 10366 10367 10368
f 10369 10370 10371
f 10372 10373 10374
f 10375 10376 10377
f 10378 10379 10380
f 10381 10382 10383
f 10384 10385 10386
f 10387 10388 10389
f 10390 10391 10392
f 10393 10394 10395
f 10396 10397 10398
f 10399 10398 10400
f 10401 10402 10403
f 10404 10405 10406
f 10407 10408 10409
f 10410 10411 10412
f 10413 10414 10415
f 10416 10417 10418
f 10419 10420 10421
f 10422 10423 10424
f 10425 10426 10427
f 10428 10429 10430
f 10431 10432 10396
f 10433 10434 10435
f 10436 10437 10438
f 10439 10440 10441
f 10442 10443 10444
f 10445 10446 10447
f 10448 10449 10450
f 10451 10452 10453
f 10454 10455 10456
f 10451 10457 10452
f 10458 10459 10449
f 10460 10461 10462
f 10463 10464 10465
f 10466 10467 10463
f 10468 10469 10425
f 10470 10471 10472
f 10473 10467 10466
f 10474 10475 10476
f 10477 10478 10479
f 10477 10480 10481
f 10481 10482 10478
f 10483 10484 10485
f 9783 10486 10487
f 10488 10489 10490
f 10491 10492 10493
f 10491 10494 10492
f 10491 10495 10496
f 10497 10498 10499
f 10500 10501 10502
f 10503 9800 10504
f 10505 10506 10507
f 9804 10508 10509
f 9805 10510 10511
f 10511 10512 10513
f 10514 10515 10516
f 10517 10518 10515
f 9816 10519 10520
f 10521 10522 9818
f 10523 10524 10525
f 10526 10527 10528
f 10529 10530 10531
f 10532 10533 10534
f 10535 10536 10537
f 10538 10539 10540
f 10541 10542 10543
f 10544 10545 10546
f 10547 10548 10549
f 10550 10551 10552
f 10553 10554 9843
f 10555 10556 10557
f 10558 10556 10555
f 10559 10560 10561
f 10562 10563 10564
f 10565 10003 10566
f 10567 10568 10004
f 10569 10570 10571
f 10572 10573 10574
f 10575 10576 10577
f 10578 10579 10575
f 10580 10581 10582
f 10583 10584 10568
f 10585 10586 10587
f 10588 10589 10590
f 10591 10592 10593
f 10594 10595 10596
f 10597 10598 10599
f 10600 10601 10020
f 10602 10603 10021
f 10025 10604 10023
f 10605 10606 10607
f 10608 10609 10610
f 10611 10612 10613
f 10614 10615 10616
f 10617 10618 10619
f 10620 10621 10622
f 10622 10623 10624
f 10625 10626 10627
f 10628 10030 10629
f 10630 10631 10628
f 10632 10633 10634
f 10635 10636 10637
f 10034 10638 10639
f 10640 10641 10642
f 10039 10643 10040
f 10644 10645 10646
f 10647 10648 10649
f 10045 10650 10651
f 10652 10653 10654
f 10655 10656 10657
f 10658 10659 10660
f 10661 10662 10644
f 10663 10664 10665
f 10666 10667 10663
f 10668 10669 10670
f 10667 10671 10663
f 10672 10673 10658
f 10674 10675 10676
f 10677 10678 10679
f 10653 10680 10681
f 10682 10683 10684
f 10685 10686 10687
f 10688 10689 10682
f 10690 10691 10692
f 10055 10067 10069
f 10068 10693 10694
f 10695 10696 10697
f 10698 10699 10700
f 10701 10702 10071
f 10072 10703 10073
f 10704 10705 10706
f 10707 10708 10709
f 10710 10711 10712
f 10713 10714 10715
f 10080 10716 10717
f 10718 10719 10720
f 10721 10722 10723
f 10724 10721 10725
f 10726 10727 10728
f 10729 10730 10731
f 10732 10733 10734
f 10735 10736 10734
f 10737 10738 10739
f 10740 10100 10099
f 10741 10742 10743
f 10730 10744 10745
f 10103 10746 10747
f 10107 10748 10749
f 10750 10751 10752
f 10753 10754 10755
f 10756 10757 10758
f 10757 10759 10115
f 10760 10761 10759
f 10762 10763 10764
f 10765 10766 10767
f 10768 10769 10127
f 10770 10771 10129
f 10772 10773 10774
f 10775 10776 10777
f 10778 10779 10780
f 10138 10781 10782
f 10141 10783 10784
f 10785 10786 10787
f 10788 10789 10151
f 10790 10791 10792
f 10793 10153 10794
f 10795 10796 10797
f 10798 10799 10800
f 10799 10801 10802
f 10157 10803 10804
f 10805 10806 10807
f 10808 10809 10810
f 10811 10812 10813
f 10814 10815 10816
f 10817 10818 10819
f 10820 10821 10822
f 10823 10824 10825
f 10826 10827 10828
f 10829 10830 10831
f 10832 10833 10834
f 10835 10836 10837
f 10838 10835 10839
f 10840 10839 10841
f 10842 10843 10844
f 10845 10846 10847
f 10848 10849 10850
f 10851 10852 10853
f 10854 10855 10856
f 10857 10858 10859
f 10860 10861 10862
f 10863 10864 10865
f 10866 10867 10868
f 10869 10223 10870
f 10871 10872 10869
f 10873 10874 10875
f 10876 10877 10878
f 10879 10880 10881
f 10882 10883 10884
f 10885 10886 10887
f 10888 10889 10890
f 10891 10892 10893
f 10894 10895 10896
f 10897 10898 10899
f 10900 10901 10902
f 10903 10904 10905
f 10906 10907 10908
f 10909 10910 10911
f 10912 10913 10914
f 10915 10916 10917
f 10537 10917 10918
f 10919 10920 10921
f 10922 10561 10544
f 10923 10924 10925
f 10926 10927 10924
f 10920 10928 10929
f 10913 10572 10930
f 10931 10932 10933
f 10934 10935 10936
f 10937 10938 10939
f 10940 10941 10942
f 10943 10944 10945
f 10946 10947 10948
f 10949 10950 10951
f 10952 10953 10954
f 10955 10956 10536
f 10957 10958 10959
f 10960 10961 10957
f 10958 10962 10959
f 10963 10964 10965
f 10966 10967 10968
f 10969 10970 10946
f 10970 10971 10944
f 10972 10973 10894
f 10974 10975 10976
f 10977 10978 10979
f 10980 10977 10975
f 10981 10974 10973
f 10982 10983 10984
f 10985 10986 10966
f 10963 10987 10964
f 10963 10988 10987
f 10989 10990 10991
f 10992 10993 10994
f 10995 10996 10997
f 10998 10999 11000
f 11001 11002 11003
f 11004 11005 11006
f 11007 11008 11009
f 11010 11011 11012
f 11013 11014 11015
f 11016 11017 11018
f 11019 11020 11021
f 11022 11023 11024
f 11025 11026 11027
f 11028 11029 10879
f 11030 11031 11032
f 11026 11033 11034
f 11035 11036 11037
f 11038 11039 11040
f 11041 11042 11043
f 11044 11045 11046
f 11047 11048 11049
f 11050 11051 11052
f 11053 11054 11055
f 11056 11057 11058
f 11059 11060 11061
f 11062 11063 11064
f 11065 11066 11067
f 11068 11069 11047
f 11069 11070 11071
f 11072 11073 11074
f 11041 11073 11075
f 11076 11077 11078
f 11079 11080 11081
f 11082 10872 11083
f 11082 11084 11085
f 11086 11087 11088
f 11089 11090 11091
f 11092 11093 11094
f 11095 11094 11096
f 11097 11098 11099
f 11100 11101 11102
f 11103 11104 11098
f 11105 11106 11107
f 11108 11109 11110
f 11111 11112 11113
f 11089 11091 11114
f 11115 11116 11117
f 11118 11119 11120
f 11121 11122 11123
f 10331 11109 11124
f 11124 11125 11126
f 11126 11127 11128
f 11129 11130 11131
f 11132 11133 11134
f 10337 11135 11136
f 10341 11136 11137
f 11138 11139 11140
f 11141 11142 11143
f 11144 11145 11146
f 11147 11148 11149
f 11150 11151 10370
f 11152 11153 11154
f 11155 11156 11157
f 10349 11158 11159
f 10351 11160 11161
f 11162 11163 11164
f 11165 11166 11167
f 11146 11168 11149
f 11169 11170 11171
f 11172 11173 11174
f 10374 11175 11176
f 11177 11178 11179
f 11180 11181 11182
f 11183 11184 11182
f 11185 11186 11187
f 11188 11189 11190
f 11191 11192 11193
f 11194 11195 11196
f 11197 11198 11199
f 11200 11201 11202
f 11203 11204 11205
f 11206 11203 11205
f 11207 11208 11209
f 11210 11211 11212
f 11212 11213 11214
f 10403 11215 11216
f 11217 11218 11219
f 10408 11220 10409
f 11221 11222 11223
f 11224 11225 11226
f 7687 11227 11228
f 11229 11230 11231
f 9265 11232 9257
f 11233 11234 11235
f 11236 11237 11233
f 11238 11239 11240
f 11241 11242 11243
f 7661 7663 11243
f 11244 11245 11246
f 11247 11248 11249
f 11250 11249 11251
f 11252 11253 11254
f 11255 11253 11252
f 11256 11247 11257
f 11258 11259 11255
f 10410 10412 7682
f 11260 11261 10470
f 11262 11263 11264
f 11265 10475 11266
f 11267 11268 11269
f 11270 11271 11242
f 11226 11272 11273
f 11274 11275 11227
f 11276 11233 11277
f 11278 11279 11280
f 11281 11282 11267
f 11283 11284 11285
f 11286 11287 11288
f 11289 11290 11291
f 11292 10500 11293
f 11294 11295 11292
f 10500 10502 11293
f 11296 11266 11262
f 7660 11297 11236
f 11298 11299 11217
f 11300 11301 11302
f 11303 11304 11305
f 11306 11307 11308
f 11309 11310 11311
f 10511 11312 10512
f 11313 11314 10517
f 11315 11316 11317
f 11318 11319 11320
f 11321 11322 11323
f 11321 11323 11324
f 11325 10961 11326
f 11327 11328 11329
f 11330 10994 10990
f 11331 11332 11333
f 11329 11334 11327
f 11335 11336 11337
f 11338 11339 11340
f 11341 11342 11343
f 11344 11198 11200
f 10992 10995 10993
f 11345 11346 10999
f 11347 11348 11349
f 11007 11350 11010
f 11351 11019 11352
f 11353 11354 11355
f 11356 11357 11358
f 11359 11353 11360
f 11348 11361 11362
f 11189 11363 11361
f 11363 11178 11364
f 11365 11366 11367
f 11368 11369 11370
f 11371 11372 11173
f 11066 11373 11374
f 11375 11376 11377
f 11378 11379 11380
f 11378 11381 11382
f 11383 11101 11382
f 11384 11385 11386
f 11102 11387 11388
f 11389 11390 11391
f 11392 11393 11394
f 11395 11396 11397
f 11396 11398 11399
f 11400 11401 11402
f 11403 11404 11405
f 11406 11407 11403
f 11408 11409 11410
f 11411 11412 11413
f 11414 11415 11416
f 11417 11418 11419
f 11420 11421 11422
f 11423 11424 11425
f 11426 11427 11428
f 11429 11430 11431
f 11142 11432 11433
f 11434 11435 11436
f 11437 11385 11438
f 11439 11440 11441
f 11442 11443 11444
f 11445 11446 11447
f 11173 11448 11449
f 11450 11451 11452
f 11453 11454 11443
f 11455 11439 11456
f 11457 11458 11437
f 11459 11460 11387
f 11461 11462 11463
f 11464 11465 11466
f 11406 11403 11467
f 11468 11469 11470
f 11471 11435 11472
f 11473 11474 11406
f 11475 11423 11139
f 11476 11477 11424
f 11478 11479 11480
f 11481 11482 11479
f 11482 11483 11484
f 11485 11486 11487
f 11488 11489 11490
f 11491 11492 11493
f 11494 11495 11491
f 11496 11497 11485
f 11498 11499 11500
f 11501 11502 11503
f 11504 11495 11505
f 11506 11372 11369
f 11507 11508 11179
f 11184 11509 11507
f 11056 11058 11510
f 11052 11026 11025
f 11511 11512 11513
f 11193 11347 11349
f 10330 11109 10331
f 11070 11514 11076
f 11515 11516 11517
f 11031 11518 10880
f 11519 11520 11521
f 11522 11523 11524
f 10903 10905 11525
f 11526 11527 11528
f 11529 11530 10581
f 11531 10588 10586
f 11532 11533 11534
f 11535 11536 10592
f 11537 11538 11539
f 11540 11541 11542
f 11543 10617 10619
f 11544 11545 11546
f 11547 11548 11549
f 11540 11550 11541
f 11551 11552 11553
f 11554 11555 11556
f 11557 11558 11559
f 10889 11560 11561
f 11557 11562 11535
f 11563 11538 11537
f 11564 11565 11551
f 11566 11567 11568
f 11569 11570 11571
f 11572 11573 11574
f 11575 11576 11577
f 11578 11579 10620
f 11580 11581 11582
f 11583 11584 11585
f 11586 11587 11588
f 11589 10621 11590
f 11591 11592 11593
f 11586 11594 11587
f 11595 11596 11597
f 11598 11599 11600
f 11601 11602 11595
f 11603 11604 11601
f 11605 11606 11599
f 11592 11607 11608
f 11609 11610 11611
f 10626 11612 11613
f 11614 11615 10633
f 11614 10633 10632
f 11616 11617 11618
f 11619 11620 11621
f 11622 11623 11624
f 11620 11625 11621
f 11626 11627 11628
f 10670 11629 11630
f 11631 11632 10672
f 11633 11634 11635
f 10675 11636 11637
f 11638 10685 11639
f 11640 11641 11642
f 11643 11644 11645
f 11646 11647 11648
f 11649 11650 11651
f 11652 11653 11654
f 11655 11656 11657
f 11658 11659 11660
f 11661 11662 11663
f 11664 11665 11666
f 11667 11668 11669
f 11670 11671 11672
f 11672 11673 10696
f 10700 11674 11675
f 11676 11677 11678
f 11679 11680 11681
f 11682 11683 11684
f 11685 11686 11687
f 11688 11689 11690
f 11691 11692 11693
f 10714 11694 11695
f 11696 11697 10716
f 11698 11699 11700
f 10718 10720 11701
f 11702 11703 11704
f 11705 11706 11707
f 11708 11709 11710
f 11711 11712 11713
f 11714 11715 11716
f 11717 11718 11719
f 11718 11720 11721
f 11722 10753 11723
f 11724 11725 10754
f 11726 11727 11728
f 11729 11730 11731
f 11732 11733 11734
f 10763 11735 11736
f 11737 11738 11739
f 11740 11741 11742
f 11743 11744 11745
f 11746 11747 11748
f 11749 11750 11751
f 11752 11753 11754
f 11755 11752 11756
f 10791 11757 11758
f 11759 11760 11761
f 10790 11762 11763
f 11764 11765 11766
f 11767 11768 11769
f 11770 11771 11772
f 11773 11774 11775
f 11776 11777 11778
f 11779 11780 11781
f 11782 11783 11784
f 11785 11786 11787
f 11788 11789 11790
f 11791 11792 11793
f 11794 11795 11796
f 11797 11798 11799
f 11800 11801 11802
f 11803 11804 11805
f 11806 11807 11808
f 11809 11808 11810
f 11811 11812 11813
f 11814 11815 11816
f 11817 11818 11819
f 11820 11821 11822
f 11823 11824 11825
f 11826 11827 11823
f 11828 11829 11830
f 11831 11832 11833
f 11833 11834 11835
f 11836 11837 11838
f 11839 11840 11841
f 11840 11842 11806
f 11843 11844 11845
f 11846 11847 11848
f 11849 11848 11850
f 11851 11852 11853
f 11854 11855 11847
f 11856 11857 11844
f 11858 11859 11860
f 11861 11862 11800
f 11863 11864 11797
f 11865 11866 11791
f 11867 11788 11868
f 11869 11870 11871
f 11872 11873 11874
f 11875 11876 11877
f 11878 11879 11880
f 11881 11882 11883
f 11884 11885 11886
f 11887 11875 11888
f 11889 11888 11856
f 11890 11891 11892
f 11893 11894 11895
f 11896 11897 11898
f 11899 11900 11901
f 11902 11903 11904
f 11905 11906 11907
f 11908 11909 11910
f 11911 11912 11913
f 11914 11915 11916
f 11622 11917 11918
f 11919 11920 11921
f 11922 11919 11923
f 11924 11925 11926
f 11927 11928 11611
f 11929 11930 11931
f 11932 11933 11934
f 11935 11936 11937
f 11938 11939 11940
f 11941 11942 11943
f 11944 11945 11946
f 11947 11948 11949
f 11950 11951 11952
f 11953 11954 11955
f 11956 11957 11958
f 11959 11960 11570
f 10877 11956 10878
f 11961 11962 11963
f 11964 11965 11966
f 11967 11968 11969
f 11970 11971 11608
f 11972 11973 11974
f 11975 11976 11977
f 11978 11979 11980
f 11978 11981 11975
f 11972 11982 11973
f 11983 11984 11985
f 11986 11610 11609
f 11987 11937 11988
f 11989 11990 11991
f 11992 11993 11994
f 11995 11996 11997
f 11998 11999 11983
f 12000 12001 12002
f 12003 11997 12004
f 11986 12004 12005
f 12006 12007 11993
f 12008 12009 12010
f 12011 11934 12012
f 12013 11947 11950
f 12014 12015 11948
f 12016 12017 12018
f 10860 11941 12019
f 12020 12021 12022
f 12023 12024 12025
f 10844 12026 12027
f 12028 12029 12030
f 12031 12032 12033
f 12034 12035 12036
f 12037 12038 12035
f 12038 12039 12040
f 12041 12042 12043
f 12044 12045 12046
f 12047 12048 12049
f 12050 12051 11906
f 12052 12053 12054
f 12048 12055 12049
f 12045 12056 12057
f 12058 12059 12060
f 12061 12062 12063
f 12064 12065 12066
f 12067 12068 12069
f 12070 12071 12072
f 12073 12074 12075
f 11922 11923 12076
f 12077 12078 12079
f 12080 11921 12081
f 12082 11917 11622
f 12083 12084 12085
f 12086 12087 12088
f 12089 12090 12091
f 12092 12093 12087
f 12083 12094 12095
f 12096 12097 12098
f 12099 12100 12101
f 12099 12102 12103
f 11907 12104 11851
f 12105 12099 12106
f 12107 12108 12109
f 12110 12111 12112
f 11901 12113 12114
f 11882 12115 11883
f 12116 12117 12118
f 12119 12120 12121
f 12120 12122 12123
f 12124 12125 12126
f 12127 12128 12129
f 12130 12131 10798
f 12132 12127 12133
f 12134 12135 12136
f 12137 12138 12139
f 12140 12141 12142
f 10795 10797 12141
f 10825 12143 12144
f 11629 11819 11814
f 12145 12146 12147
f 12148 12149 11636
f 12150 12151 12152
f 12153 12154 12155
f 12156 12157 12158
f 12159 12160 11641
f 11641 12161 11643
f 12162 12163 12164
f 11646 12165 11647
f 12166 12167 12168
f 12167 12169 12170
f 12171 12172 12173
f 12174 12175 12176
f 11668 12177 12178
f 12179 12180 12181
f 12182 12183 12184
f 12184 12185 11674
f 12186 12187 12188
f 12189 12190 12191
f 12192 12193 12194
f 11687 12195 12196
f 12197 12198 12199
f 12200 12201 12202
f 12203 12204 12205
f 12204 12206 12207
f 12208 12209 12210
f 12211 12212 11703
f 11706 12213 12214
f 12215 12216 12217
f 12218 12219 12220
f 12221 12222 11720
f 11721 12223 12224
f 12225 12226 12227
f 12228 12229 12230
f 11733 12231 12232
f 12233 12234 12228
f 12235 12236 12237
f 12238 12239 12240
f 12241 12242 12243
f 12241 12244 12232
f 12245 12246 11737
f 12247 12248 12246
f 12249 12250 12251
f 12252 12253 12247
f 12254 12245 12255
f 12256 12257 12258
f 12259 12260 12261
f 12262 12263 12264
f 12265 12266 12267
f 12268 12269 12270
f 12271 12272 12265
f 11759 11761 12273
f 11768 12274 12275
f 12276 12277 12278
f 12279 12280 12281
f 11774 12282 12283
f 12284 12285 12286
f 12287 12288 12289
f 12194 12290 12291
f 12189 12292 12190
f 12293 12187 12294
f 12180 12295 12296
f 12297 12298 12299
f 12172 12297 12177
f 12300 12301 12302
f 12303 12304 12305
f 12306 12307 12308
f 12309 12310 12311
f 12312 12288 12287
f 12313 12314 11778
f 12315 12314 12316
f 12317 12318 12309
f 12307 12319 12320
f 12321 12322 12323
f 12324 12325 12306
f 12326 12322 12327
f 12328 12329 12330
f 12331 12332 12333
f 12334 12335 12336
f 11787 12337 12338
f 12339 12340 12341
f 12342 12341 12343
f 11796 12344 12345
f 12346 12347 12348
f 11804 12349 12350
f 12149 12351 12352
f 12353 12354 12152
f 12355 11805 12146
f 12348 12356 12158
f 12357 12358 12359
f 12360 12361 12362
f 12363 12364 12365
f 12366 12303 12361
f 12367 12368 12369
f 12370 12371 12372
f 12373 12374 12347
f 12375 12376 12366
f 12376 12377 12303
f 12378 12335 12379
f 12324 12330 12325
f 12309 12316 12312
f 12380 12381 12382
f 12383 12384 12385
f 12206 12386 12207
f 12387 12388 12209
f 12389 12390 12391
f 12259 12261 12390
f 12259 12392 12260
f 12393 12277 12394
f 12395 12396 12397
f 12398 12284 12399
f 12400 12401 12402
f 12403 12355 12404
f 12405 12406 11566
f 11530 12407 12408
f 10902 12409 12410
f 10211 12411 12412
f 12413 10205 12414
f 12415 12416 12417
f 12418 12419 12420
f 10829 12421 10830
f 12422 12423 10823
f 10171 12424 10819
f 12425 10165 10811
f 12426 12427 12428
f 10788 10146 10148
f 10733 12429 10735
f 10002 9999 10563
f 9821 12430 10538
f 12431 12432 7684
f 12433 12434 10332
f 12435 10160 10162
f 9613 12436 9614
f 12437 12438 10090
f 12439 12440 12441
f 12442 12443 12444
f 9950 9952 12445
f 12446 12447 12448
f 12449 9870 9869
f 12450 12451 9856
f 12452 12453 9314
f 12454 12455 9812
f 12456 9772 9762
f 9217 12457 12458
f 12459 12460 12461
f 12462 12463 12464
f 12462 12465 12466
f 12466 12467 12468
f 9726 12468 9724
f 12469 12470 12471
f 12470 12472 12473
f 12474 12475 12476
f 12477 12478 12479
f 12480 12481 12482
f 12483 12484 12485
f 12486 12487 12488
f 12489 12486 12485
f 12490 12491 12492
f 12493 12494 12495
f 12496 12497 12498
f 12499 12500 12501
f 12502 12503 12504
f 12505 12506 12507
f 12508 12509 12510
f 12511 12512 12513
f 12512 12514 9702
f 12515 12516 12517
f 12518 12519 12520
f 12521 12522 12519
f 12523 12524 12525
f 12524 12526 12527
f 12528 12529 12530
f 12531 12529 12532
f 12533 12534 12526
f 12535 12536 12533
f 12537 12538 12539
f 12540 12541 12542
f 12543 12544 12545
f 12512 12546 12547
f 12548 12549 12550
f 12551 12552 12553
f 12554 12555 12556
f 12548 12557 12558
f 12549 12559 12560
f 12561 12562 12563
f 12564 12536 12565
f 12566 12567 12568
f 12569 12570 12566
f 12567 12571 12572
f 12573 12574 12575
f 12576 12577 9669
f 12577 12578 12579
f 12580 12581 12582
f 12583 12584 12580
f 12585 12586 12587
f 12588 12589 12590
f 12591 12592 12593
f 12594 12595 12596
f 12597 12598 12599
f 12600 12601 12602
f 12603 12604 12605
f 12606 12607 12608
f 12574 12609 12606
f 12610 12611 12612
f 12613 12614 12615
f 8401 12616 12617
f 12618 12619 12620
f 12619 12621 12620
f 12622 12623 12624
f 12625 12626 12627
f 12628 12627 12629
f 12630 12595 12594
f 12631 12632 12633
f 12634 12635 9653
f 12636 9636 9642
f 12637 12638 12635
f 12639 12640 12641
f 12642 12643 12644
f 12645 12646 12647
f 12648 12649 12650
f 12651 12652 12653
f 12650 12654 12655
f 12656 12657 12637
f 12658 12659 12654
f 12660 12661 12662
f 12663 12664 12665
f 12666 12667 12668
f 12669 12670 12671
f 12672 12673 12674
f 12675 12674 12676
f 12677 12678 12679
f 8389 12680 12681
f 12682 12683 12684
f 12685 12686 12687
f 12631 12688 12632
f 12689 12690 12691
f 12692 12693 12694
f 12695 12696 12689
f 12697 12698 12690
f 12699 12700 12653
f 12701 12702 12703
f 12704 12705 12706
f 12673 12705 12707
f 12708 12709 12710
f 12711 12712 12713
f 12714 12715 12708
f 8388 8381 12716
f 12717 12718 12719
f 12720 12666 12668
f 12721 12722 12723
f 12724 12725 12726
f 12727 12728 12729
f 12728 12730 12731
f 12732 12733 12734
f 12735 12736 12728
f 12737 12725 12738
f 12739 12740 12741
f 12742 12743 12744
f 12745 12733 12732
f 12746 12747 12733
f 12748 12749 12750
f 12751 12752 12753
f 12752 9634 9633
f 12754 12755 12756
f 12757 12758 12759
f 12760 12761 12762
f 12763 12764 12765
f 12766 12767 12765
f 12768 12769 12770
f 9626 9627 12771
f 9626 12772 9623
f 12773 12774 12775
f 12776 12777 12778
f 12779 12780 12781
f 8246 12782 12783
f 12784 12785 12786
f 12787 12788 12789
f 12790 12791 12792
f 12793 12794 12795
f 12796 12793 12797
f 12798 12799 12800
f 12800 12801 12802
f 12803 12804 12805
f 12806 12807 12808
f 12809 12810 12811
f 12812 12813 12814
f 12815 12816 12817
f 12818 12819 12721
f 12820 12821 12739
f 12822 12823 12824
f 12825 12826 12827
f 12828 12829 12830
f 12831 12832 12833
f 12834 12835 12832
f 12746 12836 12837
f 12838 12839 12840
f 12841 12842 12843
f 12839 12844 12845
f 12749 12846 12847
f 12848 12849 12850
f 12851 12852 12853
f 12854 12855 12856
f 12857 12858 12854
f 12859 12860 12861
f 12862 12863 12864
f 12865 12866 12867
f 12868 12869 12870
f 12871 12872 12873
f 12874 12875 12872
f 12876 12877 12764
f 12878 12879 12880
f 12881 12879 12878
f 12881 12776 12778
f 12882 12883 12884
f 12885 12886 12887
f 12888 12889 12890
f 12891 12892 12893
f 12894 12895 12896
f 12867 12897 12869
f 12898 12899 12900
f 12901 12902 12903
f 12902 12884 12904
f 12890 12905 12906
f 12893 12907 12908
f 12909 12894 12859
f 12910 12911 12912
f 12913 12912 12914
f 12915 12916 12917
f 12918 12919 12920
f 12921 12922 12923
f 12924 12925 12926
f 12927 12928 12922
f 12929 12930 12931
f 12932 12933 12934
f 12935 12936 12937
f 12924 12938 12925
f 12846 12939 12940
f 12941 12942 12943
f 12944 12945 12942
f 12946 12947 12939
f 12948 12944 12949
f 12950 12951 12952
f 12953 12954 12955
f 12956 12957 12958
f 12910 12959 12960
f 12961 12962 12963
f 12964 12965 12966
f 12967 12968 12969
f 12970 12971 12972
f 12801 12973 12974
f 12975 12976 12956
f 12953 12977 12978
f 12979 12980 12981
f 12982 12983 12984
f 12982 12984 12985
f 12986 12987 12988
f 12989 12985 12990
f 12991 12992 12993
f 12993 12994 12834
f 12835 12995 12996
f 12997 12979 12998
f 12999 12948 13000
f 13001 12936 13002
f 13003 13004 13005
f 13004 13006 13007
f 13008 13009 13010
f 12770 13011 13012
f 12812 12814 13013
f 13014 13015 13016
f 12806 13017 12807
f 13018 13019 12804
f 13020 13021 13022
f 13023 13024 13025
f 13026 13027 13028
f 13029 12790 13030
f 13031 13032 13033
f 13034 13035 13029
f 13036 13037 13038
f 13024 13039 13040
f 13041 13042 13043
f 13044 13045 13041
f 13046 13047 13048
f 13049 13050 13051
f 13052 13053 13054
f 8350 8352 13055
f 8351 13056 13057
f 13058 8344 13059
f 13049 13060 13050
f 13061 13062 13063
f 13064 13065 13066
f 8343 13067 13062
f 13068 13069 13044
f 13070 13071 13072
f 13072 13073 13074
f 13075 13076 13077
f 13078 13079 13067
f 13080 13034 13027
f 8398 13081 13082
f 12605 13083 13084
f 13085 13086 9652
f 13087 13088 13089
f 13087 13090 13091
f 13092 13091 13093
f 13094 13095 13096
f 13097 13098 13099
f 13100 13101 13102
f 13103 13104 13105
f 13106 13107 13108
f 13109 13110 13111
f 13112 9179 13113
f 13114 13115 13116
f 13117 13118 13119
f 9186 13120 13121
f 13122 13123 13124
f 13125 13126 13127
f 13128 13129 13130
f 13131 13132 13133
f 13134 13135 13136
f 13137 13138 13139
f 13140 13141 13142
f 13143 13144 13145
f 13146 13147 13148
f 13149 13150 13151
f 13152 13153 13154
f 12477 13155 13156
f 12480 13157 13158
f 13158 13159 12481
f 13160 13161 13162
f 13163 13164 13161
f 13165 13166 13167
f 13168 13169 13170
f 13171 13172 13173
f 13174 13175 13166
f 13176 13177 13165
f 13178 13179 13153
f 13180 13181 13178
f 13182 13183 13181
f 13184 13185 13186
f 13187 13188 13189
f 13190 13191 13192
f 13193 13194 13195
f 13196 13197 13195
f 13195 13198 13197
f 13199 13200 13201
f 13202 13203 13204
f 13205 13206 13207
f 13208 13209 13210
f 13211 13212 13213
f 13199 13196 13214
f 13215 13208 13210
f 13216 13217 13218
f 13219 13220 13221
f 13222 13223 13224
f 13225 13125 13226
f 13227 13228 13229
f 13230 13227 13220
f 13231 13232 13233
f 13234 13235 13236
f 13175 13237 13238
f 13239 13240 13241
f 13242 13243 13244
f 13245 13246 13239
f 13247 13248 13249
f 13250 13251 13252
f 13253 13254 13255
f 12500 13256 13257
f 13258 13259 13260
f 13261 12506 13259
f 13262 13263 13264
f 13265 13266 13267
f 13267 13268 13269
f 13270 13271 13272
f 13273 13274 13120
f 13275 13276 13277
f 13278 13279 13253
f 13280 13281 13282
f 13283 13284 13096
f 13285 13286 13287
f 13093 13288 13285
f 13289 13290 13291
f 13292 13293 13294
f 13295 13296 13138
f 13297 13134 13298
f 13299 13300 13301
f 13302 13303 13304
f 13305 13299 13306
f 13307 13308 13309
f 13310 13311 13312
f 13313 13292 13314
f 13315 13313 13316
f 13310 13317 13318
f 13319 13307 13320
f 13321 13319 13322
f 13323 13324 13325
f 13326 13327 13323
f 13328 13329 13330
f 13307 13331 13332
f 13333 13334 13335
f 13336 13337 13338
f 13339 13340 13341
f 13339 13337 13336
f 8443 13342 13343
f 13344 13345 13346
f 13345 13347 13348
f 12515 12542 13349
f 12521 13350 13351
f 13352 12539 12538
f 12503 12510 13353
f 8232 9606 9608
f 9554 13354 9555
f 13355 9501 9491
f 9437 13356 9438
f 7764 7766 13357
f 13358 9751 13359
f 13360 13361 13362
f 7588 13363 7590
f 13364 13365 13366
f 13367 8337 13368
f 13369 13370 13371
f 8336 13372 13369
f 13373 13374 13375
f 13376 13377 13378
f 13378 13379 13380
f 8275 13381 13382
f 13383 13384 13380
f 8333 8301 8285
f 8045 8026 13385
f 13386 13387 13388
f 7858 13389 13390
f 13391 13392 13393
f 13394 13395 13396
f 13397 13398 13399
f 13400 13401 13398
f 13402 13403 13404
f 13405 13406 13407
f 13408 13409 13410
f 7925 13411 13412
f 7922 13413 13414
f 13415 13416 13417
f 7936 13418 7937
f 7829 7975 13419
f 13420 7080 7079
f 7755 7745 13421
f 13422 7025 7740
f 6991 6989 13423
f 6986 6985 13424
f 13425 13426 13427
f 13428 13429 13425
f 13430 13431 7599
f 13432 13433 7595
f 13434 13435 7593
f 13436 13437 13438
f 6861 13439 13440
f 13441 13442 13443
f 13444 13445 13446
f 13447 13448 13449
f 13450 13451 13452
f 13453 13454 13455
f 13456 13457 13458
f 13459 13460 13461
f 13462 13460 13463
f 13464 13465 13466
f 13467 13468 13456
f 13469 13470 13471
f 13472 6883 13473
f 6891 13474 6892
f 13475 13476 13477
f 13478 13479 13444
f 13480 13441 13440
f 13481 13427 6896
f 13482 13483 13484
f 6817 13485 7543
f 13486 13487 7532
f 13488 13489 13490
f 13491 13492 13493
f 13494 13495 13496
f 13497 13498 13499
f 13500 7524 13501
f 6753 13502 7522
f 13503 6761 13489
f 7504 13504 7505
f 6740 13505 7498
f 13506 7496 13507
f 13508 8163 7388
f 13509 7364 13510
f 13511 6433 13512
f 7200 13513 7201
f 13514 7206 13515
f 6272 13516 7112
f 13517 13518 13519
f 13520 13521 7081
f 13522 13523 6899
f 13524 13525 13526
f 13527 13528 13529
f 13530 13531 13532
f 6128 13533 13530
f 13534 13535 13524
f 13536 13537 13538
f 6140 13539 13523
f 6120 13540 13541
f 13542 13543 13544
f 6833 6835 13545
f 6027 13546 6028
f 13547 13548 13549
f 13550 13551 13552
f 13553 13554 13555
f 5988 13556 13557
f 13558 13555 13559
f 13560 13561 13562
f 13563 13560 13562
f 13564 6693 13565
f 13566 6691 13567
f 13568 6536 6488
f 13569 13570 13571
f 6385 13572 13573
f 13574 5244 13575
f 5224 5221 6257
f 13576 6070 13577
f 13578 13579 13580
f 5983 13581 13582
f 4792 13583 13584
f 13585 13586 13587
f 13588 13589 13590
f 13591 13592 13593
f 13594 13595 13596
f 13597 13598 13599
f 13600 4805 13591
f 5971 13601 5972
f 13602 5953 13603
f 4753 13604 13605
f 4755 13606 13607
f 4783 13608 13609
f 13610 13611 13612
f 13613 13614 13615
f 13616 13617 13618
f 4738 13619 13620
f 13621 13622 5871
f 5834 13623 4633
f 13624 13625 13626
f 13627 5786 13628
f 4549 13629 13630
f 13631 5634 13632
f 5253 13633 5502
f 5441 5443 5371
f 5411 5397 13634
f 13635 5400 5402
f 13636 13637 13638
f 13639 13640 13641
f 13642 5289 5285
f 13643 13644 5299
f 5301 5303 13637
f 13645 13646 13647
f 13648 5217 6254
f 13649 13650 13651
f 13652 13653 5042
f 13654 13655 13656
f 13657 13658 13659
f 13660 13661 13662
f 4839 13663 13664
f 4776 13665 13614
f 3883 13666 4666
f 4600 4599 13667
f 13668 4591 4583
f 13669 13670 13671
f 3386 13672 3387
f 13673 13674 13675
f 13676 3190 13677
f 13678 13679 13680
f 13681 13682 13679
f 13683 4231 4230
f 13675 3309 13684
f 13685 13686 13687
f 13688 13689 13690
f 13691 4210 13686
f 13692 13693 13689
f 13694 13695 13696
f 13697 13698 13699
f 3170 13700 13701
f 13702 13703 13704
f 3151 13705 4197
f 4134 4136 4152
f 3091 13706 13707
f 3078 13708 4114
f 13709 13710 3025
f 4115 13711 4112
f 13712 13713 4094
f 13714 13715 13716
f 4088 4082 4079
f 4015 4012 13717
f 13718 13719 13720
f 13721 13722 3885
f 13723 13724 13721
f 13725 3827 13726
f 3701 13727 13728
f 4354 13729 3416
f 13730 13731 13732
f 13733 13734 3421
f 13735 13736 13737
f 13738 13739 13740
f 13739 13741 3440
f 3440 13742 13743
f 3441 13744 13745
f 13746 13747 13748
f 13749 13750 3444
f 13751 13752 13753
f 13754 13755 13756
f 13757 13758 13759
f 13760 13761 13762
f 13763 13764 13765
f 13766 13767 13768
f 13769 13770 13771
f 13772 13773 13774
f 13775 13776 13777
f 13778 13775 13779
f 13780 13781 13782
f 13783 13784 13780
f 13784 13785 13786
f 13787 13788 13789
f 13790 13791 13792
f 13793 13794 13790
f 3536 13795 13796
f 13789 13788 13797
f 3530 13798 13799
f 13800 13801 13763
f 13801 13802 13803
f 13803 13752 13751
f 13804 13805 13806
f 13807 13808 13809
f 13808 13810 13811
f 13812 13813 3462
f 13814 3468 13815
f 13816 13817 13818
f 13817 13819 13820
f 3475 13821 13822
f 13823 13824 13825
f 13826 13827 13828
f 13829 13830 13831
f 13832 13829 13833
f 13834 13835 13810
f 13836 13837 13838
f 13839 3506 3492
f 13840 13783 13734
f 13841 13842 13772
f 13843 13844 13845
f 3521 3514 3516
f 13846 13847 2436
f 13848 3364 13849
f 13850 13851 13848
f 2424 2423 13852
f 3361 13853 13854
f 2414 13855 2415
f 2334 13856 13857
f 13858 2260 3081
f 3020 13859 13860
f 13861 3013 13862
f 2976 4103 2981
f 13863 13864 2875
f 13865 2869 13866
f 737 2841 13867
f 13868 13869 13870
f 2607 13871 2553
f 13872 13873 13874
f 13873 13875 13876
f 13877 13878 13879
f 13880 13881 2559
f 2602 13882 13881
f 13883 13880 13884
f 13885 13886 13887
f 2463 2465 2485
f 13888 13889 13890
f 13891 13892 13893
f 13894 13895 13896
f 13897 13898 13892
f 13899 13900 13901
f 13902 13903 13904
f 1848 2404 13905
f 1691 1690 13906
f 1724 13907 13908
f 1694 13909 13910
f 1711 1713 1718
f 1668 2261 1666
f 1637 13911 13912
f 13913 13914 13915
f 13916 2235 13917
f 1633 13918 13919
f 13920 13921 13922
f 13923 2123 2121
f 13924 13925 13926
f 2100 13927 13928
f 2096 2095 13929
f 13930 13931 2036
f 2037 13932 13933
f 13933 13934 13935
f 13936 2040 13937
f 13938 13939 13940
f 2081 13941 13938
f 13938 13941 13942
f 13943 13944 13945
f 2080 13946 13941
f 13947 13948 13949
f 13950 13951 13952
f 13953 2063 2062
f 2055 2063 2052
f 2049 2048 1501
f 1866 13954 13955
f 13956 13957 1341
f 13958 13959 1847
f 13960 13961 13962
f 13959 13963 13964
f 13965 1270 1269
f 13966 13967 13968
f 13969 13970 13971
f 13972 13973 13974
f 13975 13976 13977
f 13978 1294 13976
f 13979 13980 13981
f 13982 13983 13984
f 13985 13982 13970
f 13986 13987 13988
f 13989 13990 13980
f 13991 13992 13993
f 13994 13995 13991
f 13996 13997 13998
f 13995 13999 13992
f 14000 14001 14002
f 14003 14000 14004
f 14005 14006 14007
f 14008 14009 14010
f 14011 14012 14008
f 14013 14014 14015
f 1825 14016 1826
f 14017 14018 1818
f 1819 14019 1813
f 14020 14021 14022
f 14023 14024 14025
f 14026 14025 14027
f 14028 14029 14030
f 14031 14032 14033
f 14034 14035 14036
f 14037 1808 14021
f 14038 14039 14040
f 14041 14042 14043
f 1253 14044 14045
f 14046 14047 14048
f 14049 14050 14051
f 14050 14052 14053
f 14054 1240 14055
f 1810 1812 14056
f 14057 1761 14058
f 14059 1150 14060
f 1490 1084 14061
f 1391 14062 1331
f 14063 1370 1372
f 1218 1220 1222
f 1074 14064 14065
f 949 14066 14067
f 14068 14069 14070
f 995 908 993
f 936 14071 937
f 647 649 14072
f 532 534 838
f 815 14073 14074
f 14075 810 809
f 14076 14077 14078
f 14078 14079 14080
f 773 772 14081
f 14082 14083 14084
f 748 14085 749
f 14086 14087 766
f 327 14088 14089
f 14090 14091 14092
f 14093 735 14091
f 321 14094 14090
f 14095 14096 617
f 14097 14098 275
f 618 14099 610
f 240 238 572
f 14100 14101 14102
f 441 14103 514
f 14104 502 504
f 359 430 14105
f 14106 390 392
f 86 80 14107
f 190 14108 191
f 14109 140 14110
f 33 30 13
f 29 17 16
