# Tarmin2 Converted Camp Model
mtllib tent.mtl
usemtl tent

v -0.7991 0.2299 -0.1916
v -0.7985 0.2456 -0.1920
v -0.8018 0.2349 -0.1920
v -0.7820 0.2498 -0.1856
v -0.7745 0.2554 -0.1874
v -0.7827 0.2536 -0.1871
v -0.7806 0.2355 -0.1757
v -0.7832 0.2408 -0.1800
v -0.7846 0.2316 -0.1803
v -0.7902 0.2274 -0.1869
v -0.7828 0.2245 -0.1826
v -0.7604 0.2000 -0.1906
v -0.7559 0.2040 -0.1934
v -0.7688 0.2053 -0.1914
v -0.7430 0.2153 -0.1893
v -0.7502 0.2123 -0.1939
v -0.7440 0.2128 -0.1938
v -0.7056 0.2803 -0.1515
v -0.7213 0.2595 -0.1633
v -0.7118 0.2735 -0.1612
v -0.6883 0.2998 -0.1525
v -0.6877 0.2977 -0.1669
v -0.6791 0.3042 -0.1631
v -0.7009 0.2763 -0.1276
v -0.6975 0.2849 -0.1358
v -0.6918 0.2855 -0.1191
v -0.6775 0.3033 -0.1350
v -0.6702 0.3094 -0.1464
v -0.7491 0.2244 -0.1663
v -0.7590 0.2196 -0.1717
v -0.7497 0.2203 -0.1737
v -0.7608 0.2328 -0.1589
v -0.7623 0.2368 -0.1649
v -0.7647 0.2269 -0.1611
v -0.7615 0.2628 -0.1693
v -0.7664 0.2662 -0.1689
v -0.7656 0.2630 -0.1760
v -0.7515 0.2525 -0.1495
v -0.7506 0.2493 -0.1535
v -0.7551 0.2504 -0.1471
v -0.7700 0.2702 -0.1326
v -0.7826 0.2750 -0.1222
v -0.7783 0.2778 -0.1278
v -0.7694 0.2776 -0.1498
v -0.7760 0.2813 -0.1516
v -0.7745 0.2772 -0.1572
v -0.7832 0.2768 -0.1649
v -0.7905 0.2785 -0.1667
v -0.7913 0.2746 -0.1712
v -0.8048 0.2201 -0.1916
v -0.8073 0.2178 -0.1913
v -0.8105 0.2076 -0.1912
v -0.8135 0.1730 -0.1863
v -0.8063 0.1790 -0.1888
v -0.8188 0.1793 -0.1901
v -0.8035 0.1622 -0.1683
v -0.8012 0.1677 -0.1791
v -0.8115 0.1618 -0.1755
v -0.7883 0.2667 -0.1066
v -0.7868 0.2699 -0.1145
v -0.7845 0.2592 -0.1049
v -0.7611 0.2409 -0.1445
v -0.7627 0.2319 -0.1445
v -0.7654 0.2359 -0.1420
v -0.7426 0.2168 -0.1287
v -0.7469 0.2169 -0.1340
v -0.7395 0.2182 -0.1318
v -0.7053 0.2612 -0.0924
v -0.7073 0.2589 -0.1050
v -0.6982 0.2720 -0.0960
v -0.7238 0.2298 -0.0884
v -0.7288 0.2197 -0.0976
v -0.7158 0.2435 -0.0952
v -0.7630 0.2105 -0.1040
v -0.7678 0.2113 -0.1067
v -0.7658 0.2154 -0.1058
v -0.7763 0.2202 -0.1044
v -0.7811 0.2199 -0.1075
v -0.7816 0.2247 -0.1001
v -0.8206 0.1947 -0.1062
v -0.8237 0.1914 -0.1058
v -0.8223 0.1959 -0.1061
v -0.8062 0.1585 -0.1520
v -0.8004 0.1621 -0.1579
v -0.8065 0.1583 -0.1590
v -0.7593 0.1936 -0.1760
v -0.7586 0.1981 -0.1876
v -0.7648 0.1928 -0.1768
v -0.7580 0.1747 -0.1404
v -0.7514 0.1762 -0.1504
v -0.7651 0.1777 -0.1449
v -0.7274 0.1921 -0.1811
v -0.7220 0.1940 -0.1819
v -0.7276 0.1949 -0.1851
v -0.7280 0.1695 -0.1335
v -0.7276 0.1753 -0.1429
v -0.7372 0.1694 -0.1367
v -0.7754 0.1821 -0.1172
v -0.7664 0.1789 -0.1193
v -0.7743 0.1781 -0.1206
v -0.8135 0.2242 -0.1047
v -0.8130 0.2242 -0.1047
v -0.8149 0.2165 -0.1072
v -0.8045 0.2409 -0.0862
v -0.8101 0.2399 -0.0883
v -0.8086 0.2451 -0.0868
v -0.8054 0.1832 -0.1110
v -0.8021 0.1887 -0.1111
v -0.7905 0.1791 -0.1142
v -0.7751 0.1793 -0.1516
v -0.7766 0.1794 -0.1588
v -0.7808 0.1769 -0.1560
v -0.8123 0.1697 -0.1185
v -0.8046 0.1666 -0.1259
v -0.8121 0.1649 -0.1293
v -0.7978 0.1697 -0.1183
v -0.7812 0.1733 -0.1307
v -0.7788 0.1751 -0.1357
v -0.7826 0.1727 -0.1350
v -0.7590 0.1891 -0.1073
v -0.7665 0.1892 -0.1124
v -0.7640 0.1946 -0.1085
v -0.7456 0.1920 -0.0901
v -0.7451 0.1990 -0.0849
v -0.7425 0.1924 -0.0813
v -0.7426 0.2180 -0.0523
v -0.7358 0.2225 -0.0643
v -0.7364 0.2315 -0.0505
v -0.7336 0.2609 -0.0568
v -0.7250 0.2570 -0.0643
v -0.7318 0.2607 -0.0622
v -0.7135 0.2727 -0.0391
v -0.7184 0.2704 -0.0402
v -0.7194 0.2755 -0.0443
v -0.7124 0.2762 -0.0633
v -0.7154 0.2788 -0.0588
v -0.7206 0.2745 -0.0640
v -0.7568 0.2772 -0.0501
v -0.7521 0.2786 -0.0517
v -0.7625 0.2797 -0.0461
v -0.7312 0.2764 -0.0394
v -0.7289 0.2722 -0.0391
v -0.7380 0.2795 -0.0369
v -0.7739 0.2756 -0.0382
v -0.7678 0.2754 -0.0442
v -0.7706 0.2776 -0.0408
v -0.7743 0.2854 -0.0201
v -0.7854 0.2858 -0.0234
v -0.7829 0.2783 -0.0359
v -0.7866 0.2842 -0.0148
v -0.7765 0.2862 -0.0156
v -0.7750 0.2737 -0.0150
v -0.7705 0.2726 -0.0218
v -0.7783 0.2713 -0.0173
v -0.7848 0.2755 -0.0323
v -0.7870 0.2791 -0.0328
v -0.7363 0.2628 -0.0484
v -0.7423 0.2666 -0.0440
v -0.7344 0.2650 -0.0443
v -0.7408 0.2654 -0.0566
v -0.7449 0.2683 -0.0598
v -0.7486 0.2697 -0.0539
v -0.6123 0.3749 -0.0545
v -0.6332 0.3472 -0.0763
v -0.6014 0.3822 -0.0748
v -0.5745 0.3874 -0.2104
v -0.5703 0.3968 -0.2098
v -0.5848 0.3821 -0.2085
v -0.5139 0.4575 -0.2141
v -0.5222 0.4567 -0.2138
v -0.5262 0.4486 -0.2138
v -0.4236 0.6191 -0.1502
v -0.4231 0.6148 -0.1830
v -0.4048 0.6495 -0.1643
v -0.4369 0.5660 -0.2173
v -0.4334 0.5691 -0.2165
v -0.4356 0.5726 -0.2188
v -0.4921 0.5010 -0.2108
v -0.4826 0.5082 -0.2141
v -0.4896 0.5046 -0.2142
v -0.4545 0.5455 -0.2173
v -0.4461 0.5604 -0.2182
v -0.4608 0.5436 -0.2154
v -0.4489 0.5672 -0.2091
v -0.4434 0.5748 -0.2164
v -0.4406 0.5808 -0.2086
v -0.4891 0.4891 -0.2137
v -0.4795 0.5004 -0.2138
v -0.4898 0.4942 -0.2140
v -0.5623 0.3996 -0.1416
v -0.5394 0.4207 -0.2055
v -0.5632 0.3963 -0.1679
v -0.6719 0.2870 -0.1245
v -0.6795 0.2862 -0.1414
v -0.6816 0.2783 -0.1226
v -0.7208 0.2342 -0.1716
v -0.7205 0.2403 -0.1780
v -0.7259 0.2329 -0.1781
v -0.7270 0.2103 -0.1659
v -0.7267 0.2169 -0.1701
v -0.7278 0.2074 -0.1741
v -0.6947 0.1834 -0.1096
v -0.7022 0.1860 -0.1210
v -0.6887 0.1818 -0.1215
v -0.7197 0.2100 -0.1456
v -0.7246 0.2103 -0.1581
v -0.7212 0.2018 -0.1505
v -0.6998 0.2444 -0.1097
v -0.7041 0.2400 -0.1217
v -0.7069 0.2305 -0.1097
v -0.6684 0.2869 -0.0849
v -0.6691 0.2849 -0.0973
v -0.6815 0.2702 -0.0914
v -0.6902 0.2594 -0.0803
v -0.6923 0.2544 -0.0911
v -0.6972 0.2461 -0.0841
v -0.7168 0.1899 -0.0931
v -0.7198 0.1979 -0.0955
v -0.7152 0.1919 -0.0980
v -0.7025 0.1800 -0.0583
v -0.7038 0.1815 -0.0662
v -0.6909 0.1817 -0.0588
v -0.7148 0.1784 -0.0650
v -0.7122 0.1801 -0.0677
v -0.7194 0.1715 -0.0330
v -0.7197 0.1718 -0.0371
v -0.7095 0.1742 -0.0357
v -0.7177 0.1684 -0.0064
v -0.7177 0.1705 -0.0248
v -0.6984 0.1740 -0.0222
v -0.6478 0.1865 -0.0301
v -0.6545 0.1821 -0.0508
v -0.6327 0.1855 -0.0363
v -0.6814 0.1772 -0.1365
v -0.6814 0.1768 -0.1462
v -0.6697 0.1714 -0.1356
v -0.6898 0.1647 -0.1459
v -0.6903 0.1693 -0.1571
v -0.7173 0.1721 -0.1438
v -0.7219 0.1536 -0.0980
v -0.7284 0.1607 -0.1020
v -0.7239 0.1584 -0.0918
v -0.7257 0.1649 -0.0834
v -0.7320 0.1673 -0.0923
v -0.7314 0.1691 -0.0821
v -0.7477 0.1659 -0.0499
v -0.7447 0.1676 -0.0619
v -0.7486 0.1701 -0.0512
v -0.7566 0.1553 -0.0122
v -0.7533 0.1558 -0.0226
v -0.7574 0.1577 -0.0194
v -0.7157 0.1510 -0.0861
v -0.7179 0.1571 -0.0835
v -0.7109 0.1489 -0.0833
v -0.7080 0.1566 -0.1186
v -0.6967 0.1593 -0.1267
v -0.7123 0.1626 -0.1254
v -0.6469 0.1545 -0.1446
v -0.6551 0.1592 -0.1471
v -0.6508 0.1527 -0.1454
v -0.6684 0.1701 -0.1514
v -0.6730 0.1726 -0.1600
v -0.6684 0.1649 -0.1563
v -0.6076 0.1473 -0.1137
v -0.6226 0.1491 -0.1270
v -0.5990 0.1395 -0.1155
v -0.6145 0.1288 -0.1152
v -0.6044 0.1251 -0.1256
v -0.6130 0.1309 -0.1315
v -0.6955 0.1420 -0.0805
v -0.7004 0.1449 -0.0894
v -0.7041 0.1459 -0.0827
v -0.7052 0.1618 -0.0506
v -0.6956 0.1586 -0.0596
v -0.7065 0.1631 -0.0623
v -0.7417 0.1408 0.0083
v -0.7273 0.1454 -0.0031
v -0.7300 0.1497 -0.0115
v -0.7655 0.1463 0.0311
v -0.7594 0.1434 0.0244
v -0.7641 0.1471 0.0226
v -0.7801 0.1626 0.0128
v -0.7761 0.1575 0.0053
v -0.7751 0.1632 0.0040
v -0.7585 0.2255 -0.0136
v -0.7525 0.2139 -0.0311
v -0.7478 0.2209 -0.0377
v -0.7112 0.2850 -0.0230
v -0.6972 0.2930 -0.0369
v -0.6973 0.3012 -0.0227
v -0.6819 0.3245 -0.0022
v -0.6644 0.3332 -0.0241
v -0.6483 0.3502 -0.0153
v -0.5804 0.4001 -0.1141
v -0.5770 0.3996 -0.1577
v -0.5679 0.4130 -0.1323
v -0.5232 0.4780 -0.0673
v -0.5353 0.4586 -0.0977
v -0.5202 0.4780 -0.1064
v -0.5248 0.4627 -0.1766
v -0.5289 0.4530 -0.2039
v -0.5248 0.4587 -0.2013
v -0.4273 0.6233 -0.0604
v -0.4287 0.6155 -0.1128
v -0.4166 0.6407 -0.0668
v -0.3470 0.7501 -0.2088
v -0.3538 0.7348 -0.2199
v -0.3508 0.7395 -0.2231
v -0.2901 0.8590 -0.2404
v -0.2865 0.8647 -0.2416
v -0.2846 0.8719 -0.2354
v -0.2332 0.9776 -0.2564
v -0.2234 0.9928 -0.2581
v -0.2326 0.9801 -0.2518
v -0.2088 0.9916 -0.3644
v -0.2105 0.9899 -0.3935
v -0.2048 0.9956 -0.3787
v -0.1622 1.0140 -0.5666
v -0.1638 1.0152 -0.5952
v -0.1569 1.0162 -0.5914
v -0.1401 0.9954 -0.5789
v -0.1413 0.9932 -0.5888
v -0.1365 0.9856 -0.5823
v -0.1149 0.9596 -0.5989
v -0.1133 0.9533 -0.6046
v -0.1029 0.9513 -0.5988
v -0.0890 0.9254 -0.6223
v -0.1062 0.9433 -0.6238
v -0.0952 0.9353 -0.6372
v -0.0111 0.8457 -0.6465
v -0.0188 0.8489 -0.6521
v -0.0095 0.8409 -0.6517
v 0.0135 0.8372 -0.6372
v 0.0029 0.8337 -0.6451
v 0.0123 0.8295 -0.6448
v 0.0340 0.7813 -0.6970
v 0.0320 0.7787 -0.7132
v 0.0438 0.7700 -0.7041
v 0.0602 0.7981 -0.6448
v 0.0659 0.8017 -0.6409
v 0.0589 0.8051 -0.6418
v 0.0192 0.8342 -0.6371
v 0.0284 0.8410 -0.6335
v 0.0199 0.8401 -0.6343
v -0.0033 0.8583 -0.6291
v -0.0107 0.8542 -0.6369
v -0.0019 0.8538 -0.6327
v -0.0430 0.8856 -0.6276
v -0.0519 0.8925 -0.6272
v -0.0505 0.8864 -0.6368
v -0.0668 0.9158 -0.6124
v -0.0695 0.9124 -0.6156
v -0.0640 0.9111 -0.6141
v -0.0238 0.8781 -0.6250
v -0.0293 0.8768 -0.6273
v -0.0276 0.8721 -0.6295
v 0.0318 0.8892 -0.6147
v 0.0358 0.8846 -0.6200
v 0.0607 0.8805 -0.6160
v 0.0558 0.9198 -0.5505
v 0.0455 0.9173 -0.5587
v 0.0536 0.9150 -0.5638
v -0.0681 0.9287 -0.6031
v -0.0565 0.9177 -0.6082
v -0.0488 0.9237 -0.6011
v -0.0679 0.9427 -0.5857
v -0.0745 0.9394 -0.5954
v -0.0542 0.9346 -0.5936
v -0.1145 0.9975 -0.5225
v -0.1099 0.9931 -0.5281
v -0.0975 0.9900 -0.5141
v -0.0131 0.9338 -0.5605
v -0.0352 0.9484 -0.5514
v -0.0335 0.9359 -0.5692
v 0.0111 0.9327 -0.5238
v 0.0115 0.9307 -0.5292
v 0.0203 0.9328 -0.5178
v 0.0353 0.9221 -0.5439
v 0.0298 0.9192 -0.5613
v 0.0396 0.9192 -0.5545
v 0.0955 0.9409 -0.5235
v 0.1201 0.9458 -0.5342
v 0.1241 0.9513 -0.5276
v 0.1666 0.9818 -0.5123
v 0.1706 0.9814 -0.5152
v 0.1798 0.9855 -0.5101
v 0.1150 0.9624 -0.5095
v 0.1137 0.9505 -0.5206
v 0.1307 0.9614 -0.5188
v 0.0126 0.9585 -0.4778
v 0.0325 0.9358 -0.5130
v 0.0381 0.9459 -0.4982
v 0.1545 0.9875 -0.4848
v 0.1729 0.9882 -0.4903
v 0.1579 0.9843 -0.4755
v 0.2703 1.0072 -0.5014
v 0.2729 1.0065 -0.5115
v 0.2804 1.0103 -0.5090
v 0.3462 1.0469 -0.4825
v 0.3397 1.0407 -0.4825
v 0.3436 1.0422 -0.4849
v 0.3492 1.0382 -0.5372
v 0.3516 1.0382 -0.5428
v 0.3519 1.0439 -0.5381
v 0.3594 1.0825 -0.5185
v 0.3558 1.0833 -0.5290
v 0.3606 1.0835 -0.5291
v 0.3867 1.0738 -0.5583
v 0.3957 1.0818 -0.5637
v 0.3905 1.0744 -0.5614
v 0.3924 1.0695 -0.6010
v 0.3867 1.0660 -0.6040
v 0.3917 1.0614 -0.5992
v 0.3576 1.0433 -0.5944
v 0.3601 1.0473 -0.5985
v 0.3541 1.0515 -0.5969
v 0.3592 1.1009 -0.6247
v 0.3531 1.0947 -0.6237
v 0.3610 1.0960 -0.6264
v 0.3198 1.0889 -0.5915
v 0.3209 1.0883 -0.5982
v 0.3209 1.0951 -0.5908
v 0.3222 1.0877 -0.5825
v 0.3211 1.0823 -0.5919
v 0.3587 1.1167 -0.6027
v 0.3550 1.1115 -0.6087
v 0.3653 1.1205 -0.6056
v 0.3725 1.1268 -0.5951
v 0.3685 1.1192 -0.6117
v 0.3750 1.1223 -0.6079
v 0.3696 1.1239 -0.5983
v 0.3391 1.1087 -0.5704
v 0.3283 1.1051 -0.5798
v 0.3418 1.1118 -0.5732
v 0.3615 1.1166 -0.5774
v 0.3595 1.1177 -0.5847
v 0.3677 1.1201 -0.5805
v 0.3676 1.0997 -0.5552
v 0.3681 1.1099 -0.5581
v 0.3749 1.1030 -0.5559
v 0.3354 1.1004 -0.5670
v 0.3323 1.1005 -0.5714
v 0.3397 1.1022 -0.5650
v 0.3399 1.0806 -0.5657
v 0.3348 1.0896 -0.5672
v 0.3447 1.0817 -0.5606
v 0.3424 1.0628 -0.5796
v 0.3387 1.0694 -0.5760
v 0.3468 1.0623 -0.5707
v 0.3516 1.0305 -0.5655
v 0.3529 1.0352 -0.5764
v 0.3525 1.0371 -0.5483
v 0.3355 0.9839 -0.5672
v 0.3355 0.9927 -0.5631
v 0.3269 0.9800 -0.5696
v 0.2512 0.8641 -0.6317
v 0.2369 0.8537 -0.6332
v 0.2499 0.8540 -0.6373
v 0.1629 0.8259 -0.6515
v 0.1696 0.8308 -0.6477
v 0.1513 0.8328 -0.6510
v 0.0802 0.8496 -0.6422
v 0.0874 0.8548 -0.6432
v 0.0714 0.8565 -0.6411
v 0.0517 0.8555 -0.6365
v 0.0597 0.8657 -0.6369
v 0.0534 0.8644 -0.6357
v 0.0980 0.8833 -0.5945
v 0.0935 0.8793 -0.5988
v 0.0995 0.8784 -0.5993
v 0.1439 0.9432 -0.5490
v 0.1226 0.9324 -0.5609
v 0.1377 0.9341 -0.5595
v 0.1556 0.9081 -0.5754
v 0.1408 0.8938 -0.5843
v 0.1780 0.8945 -0.5818
v 0.1383 0.8654 -0.5988
v 0.1437 0.8655 -0.5985
v 0.1356 0.8771 -0.5933
v 0.1669 0.8561 -0.6054
v 0.1616 0.8502 -0.6146
v 0.1690 0.8540 -0.6085
v 0.2128 0.8489 -0.6249
v 0.2038 0.8446 -0.6253
v 0.2059 0.8417 -0.6313
v 0.2431 0.8660 -0.6258
v 0.2319 0.8556 -0.6289
v 0.3065 0.9731 -0.5632
v 0.3124 0.9710 -0.5717
v 0.3164 0.9820 -0.5628
v 0.2615 0.9074 -0.5937
v 0.2797 0.9217 -0.5972
v 0.2775 0.9294 -0.5835
v 0.1979 0.9288 -0.5561
v 0.1995 0.9114 -0.5693
v 0.2118 0.9231 -0.5601
v 0.2767 0.9442 -0.5590
v 0.2782 0.9396 -0.5684
v 0.2827 0.9493 -0.5600
v 0.2670 0.9872 -0.5322
v 0.2635 0.9934 -0.5266
v 0.2522 0.9872 -0.5273
v 0.1998 0.9862 -0.5157
v 0.2020 0.9822 -0.5222
v 0.2143 0.9895 -0.5174
v 0.1954 0.9660 -0.5295
v 0.2135 0.9509 -0.5376
v 0.2137 0.9666 -0.5286
v 0.2493 0.9948 -0.5177
v 0.2625 0.9975 -0.5212
v 0.2624 1.0008 -0.5142
v 0.3242 1.0097 -0.5482
v 0.3321 1.0164 -0.5485
v 0.3260 1.0140 -0.5477
v 0.3229 1.0142 -0.5426
v 0.3311 1.0188 -0.5435
v 0.2702 0.9345 -0.5657
v 0.2392 0.9042 -0.5785
v 0.2311 0.8908 -0.5889
v 0.2536 0.9083 -0.5825
v 0.1354 0.8631 -0.6052
v 0.1447 0.8604 -0.6054
v 0.0918 0.8765 -0.6056
v 0.0472 0.8293 -0.6370
v 0.0432 0.8227 -0.6375
v 0.0489 0.8227 -0.6381
v 0.1406 0.8269 -0.6516
v 0.1366 0.8337 -0.6513
v 0.1246 0.8266 -0.6483
v 0.0815 0.7944 -0.6400
v 0.0821 0.8029 -0.6384
v 0.0726 0.7930 -0.6427
v 0.1015 0.7465 -0.6673
v 0.0752 0.7500 -0.6940
v 0.1138 0.7413 -0.6614
v 0.1519 0.6844 -0.7261
v 0.1391 0.6860 -0.7303
v 0.1609 0.6741 -0.7308
v 0.2185 0.6511 -0.7198
v 0.2290 0.6533 -0.7148
v 0.2204 0.6541 -0.7145
v 0.2609 0.6963 -0.6777
v 0.2583 0.6845 -0.6868
v 0.2727 0.7025 -0.6783
v 0.2231 0.6921 -0.6615
v 0.2261 0.6802 -0.6696
v 0.2327 0.6949 -0.6606
v 0.1999 0.6641 -0.6947
v 0.2025 0.6612 -0.7073
v 0.2130 0.6593 -0.6980
v 0.1212 0.7184 -0.7053
v 0.1359 0.7056 -0.7123
v 0.1458 0.7017 -0.7071
v 0.1488 0.7317 -0.6533
v 0.1379 0.7264 -0.6612
v 0.1539 0.7196 -0.6608
v 0.1056 0.7730 -0.6430
v 0.1141 0.7783 -0.6392
v 0.1045 0.7786 -0.6401
v 0.1554 0.7959 -0.6419
v 0.1765 0.8029 -0.6455
v 0.1557 0.8197 -0.6514
v 0.2719 0.8615 -0.6287
v 0.2582 0.8504 -0.6350
v 0.2668 0.8500 -0.6291
v 0.1962 0.7638 -0.6295
v 0.2161 0.7731 -0.6262
v 0.2007 0.7745 -0.6292
v 0.1738 0.7334 -0.6451
v 0.1384 0.7529 -0.6434
v 0.1648 0.7239 -0.6531
v 0.1734 0.6924 -0.6735
v 0.1615 0.6988 -0.6771
v 0.1667 0.6943 -0.6761
v 0.1906 0.6923 -0.6668
v 0.1775 0.6939 -0.6704
v 0.1845 0.6800 -0.6769
v 0.2666 0.7506 -0.6379
v 0.2696 0.7447 -0.6455
v 0.2705 0.7590 -0.6358
v 0.2272 0.7446 -0.6333
v 0.2390 0.7453 -0.6332
v 0.2367 0.7635 -0.6239
v 0.2365 0.7720 -0.6215
v 0.2298 0.7806 -0.6225
v 0.2850 0.8340 -0.6138
v 0.2846 0.8483 -0.6150
v 0.2774 0.8380 -0.6181
v 0.3054 0.8509 -0.6143
v 0.3014 0.8358 -0.6175
v 0.3084 0.8373 -0.6191
v 0.2966 0.7516 -0.6539
v 0.2899 0.7264 -0.6660
v 0.2966 0.7399 -0.6585
v 0.2584 0.6555 -0.7075
v 0.2426 0.6511 -0.7141
v 0.2470 0.6435 -0.7147
v 0.1571 0.5931 -0.7599
v 0.1536 0.6015 -0.7587
v 0.1515 0.5946 -0.7750
v 0.1795 0.5630 -0.7448
v 0.1811 0.5746 -0.7421
v 0.1753 0.5657 -0.7471
v 0.2156 0.5246 -0.7272
v 0.2050 0.5306 -0.7352
v 0.2134 0.5189 -0.7325
v 0.2231 0.6187 -0.7268
v 0.2057 0.6238 -0.7333
v 0.2021 0.6009 -0.7332
v 0.2288 0.5257 -0.7167
v 0.2178 0.5322 -0.7242
v 0.2240 0.5207 -0.7203
v 0.2595 0.4723 -0.6996
v 0.2426 0.4889 -0.7122
v 0.2522 0.4729 -0.7090
v 0.3353 0.3537 -0.7594
v 0.3398 0.3394 -0.7831
v 0.3475 0.3384 -0.7687
v 0.2783 0.4471 -0.6998
v 0.2908 0.4221 -0.7130
v 0.3023 0.4134 -0.7072
v 0.2974 0.4362 -0.6888
v 0.3009 0.4238 -0.6969
v 0.3111 0.4223 -0.6886
v 0.3582 0.3304 -0.7656
v 0.3726 0.3180 -0.7662
v 0.3643 0.3350 -0.7481
v 0.3337 0.3376 -0.8043
v 0.3458 0.3232 -0.8056
v 0.3017 0.3349 -0.8613
v 0.2916 0.3311 -0.8613
v 0.2996 0.3203 -0.8653
v 0.3608 0.2663 -0.8753
v 0.3553 0.2608 -0.8798
v 0.3592 0.2543 -0.8820
v 0.3773 0.2005 -0.8903
v 0.3850 0.1950 -0.8920
v 0.3843 0.2025 -0.8901
v 0.4186 0.1767 -0.8968
v 0.4130 0.1782 -0.8989
v 0.4173 0.1736 -0.9000
v 0.3932 0.1711 -0.8963
v 0.3927 0.1782 -0.8963
v 0.3870 0.1715 -0.8912
v 0.3368 0.1693 -0.8687
v 0.3373 0.1734 -0.8700
v 0.3272 0.1843 -0.8622
v 0.3578 0.1452 -0.8790
v 0.3510 0.1520 -0.8776
v 0.3439 0.1552 -0.8683
v 0.3942 0.1407 -0.8899
v 0.4027 0.1363 -0.8920
v 0.4006 0.1477 -0.8932
v 0.4371 0.1486 -0.8848
v 0.4347 0.1603 -0.8889
v 0.4324 0.1453 -0.8869
v 0.4172 0.1395 -0.8824
v 0.4128 0.1420 -0.8794
v 0.4209 0.1419 -0.8808
v 0.3903 0.1306 -0.8699
v 0.3979 0.1300 -0.8752
v 0.3914 0.1285 -0.8777
v 0.4144 0.1712 -0.8736
v 0.4074 0.1809 -0.8709
v 0.4156 0.1777 -0.8699
v 0.4451 0.1748 -0.8620
v 0.4407 0.1764 -0.8650
v 0.4377 0.1772 -0.8620
v 0.4356 0.1459 -0.8597
v 0.4303 0.1482 -0.8677
v 0.4251 0.1492 -0.8619
v 0.4370 0.1623 -0.8568
v 0.4400 0.1697 -0.8496
v 0.4359 0.1703 -0.8538
v 0.4246 0.1701 -0.8976
v 0.4320 0.1703 -0.8934
v 0.4268 0.1760 -0.8940
v 0.3888 0.2513 -0.8577
v 0.3761 0.2646 -0.8574
v 0.3826 0.2545 -0.8645
v 0.3910 0.3014 -0.7691
v 0.3846 0.2971 -0.7838
v 0.4094 0.2790 -0.7803
v 0.4416 0.2963 -0.7289
v 0.4564 0.2828 -0.7329
v 0.4524 0.2987 -0.7202
v 0.3659 0.4005 -0.6715
v 0.3475 0.4004 -0.6815
v 0.3709 0.3714 -0.6924
v 0.3345 0.4649 -0.6505
v 0.3143 0.4544 -0.6660
v 0.3323 0.4529 -0.6567
v 0.3968 0.3564 -0.6924
v 0.3684 0.3646 -0.7011
v 0.4181 0.3287 -0.7079
v 0.5335 0.3548 -0.6415
v 0.5204 0.3378 -0.6617
v 0.5331 0.3110 -0.6740
v 0.4725 0.4345 -0.6187
v 0.4763 0.4090 -0.6321
v 0.4861 0.4180 -0.6228
v 0.5170 0.4748 -0.5738
v 0.5100 0.4467 -0.5933
v 0.5279 0.4457 -0.5829
v 0.4361 0.5249 -0.5916
v 0.3763 0.5205 -0.6121
v 0.3786 0.5041 -0.6168
v 0.2905 0.4910 -0.6756
v 0.2661 0.5163 -0.6941
v 0.2680 0.4994 -0.6908
v 0.2876 0.6233 -0.6865
v 0.2828 0.6166 -0.6910
v 0.2944 0.5766 -0.6821
v 0.3469 0.6273 -0.6057
v 0.3405 0.6243 -0.6132
v 0.3422 0.5715 -0.6198
v 0.3087 0.7707 -0.6414
v 0.3030 0.7461 -0.6524
v 0.3139 0.7621 -0.6391
v 0.3138 0.8336 -0.6207
v 0.3163 0.8302 -0.6222
v 0.3180 0.8355 -0.6188
v 0.2957 0.8921 -0.6156
v 0.2730 0.8724 -0.6287
v 0.2950 0.8824 -0.6158
v 0.3310 0.8448 -0.5955
v 0.3275 0.8420 -0.6072
v 0.3279 0.8199 -0.6053
v 0.3367 0.7347 -0.5991
v 0.3294 0.7325 -0.6114
v 0.3275 0.7069 -0.6196
v 0.3369 0.8674 -0.5768
v 0.3351 0.8649 -0.5807
v 0.3406 0.8647 -0.5738
v 0.3458 0.7639 -0.5825
v 0.3402 0.7612 -0.5891
v 0.3456 0.7463 -0.5842
v 0.3524 0.7108 -0.5850
v 0.3497 0.6680 -0.5955
v 0.3553 0.6470 -0.5950
v 0.4749 0.5479 -0.5664
v 0.4553 0.5468 -0.5764
v 0.4688 0.5274 -0.5767
v 0.4329 0.6293 -0.5657
v 0.4148 0.6193 -0.5745
v 0.4344 0.6038 -0.5704
v 0.3772 0.8499 -0.5523
v 0.3773 0.8283 -0.5566
v 0.3862 0.8351 -0.5505
v 0.3644 0.9020 -0.5470
v 0.3578 0.9088 -0.5540
v 0.3636 0.8902 -0.5525
v 0.3420 0.9741 -0.5685
v 0.3499 0.9863 -0.5638
v 0.3434 0.9856 -0.5654
v 0.3981 1.0344 -0.6052
v 0.3978 1.0408 -0.6036
v 0.3915 1.0345 -0.6052
v 0.3759 1.0079 -0.5738
v 0.3834 1.0088 -0.5830
v 0.3709 1.0087 -0.5756
v 0.3515 0.9757 -0.5625
v 0.3486 0.9775 -0.5648
v 0.3451 0.9655 -0.5680
v 0.3736 0.9066 -0.5285
v 0.3692 0.9053 -0.5363
v 0.3746 0.8982 -0.5271
v 0.3904 0.8453 -0.5140
v 0.3927 0.8410 -0.5179
v 0.3982 0.8256 -0.5096
v 0.3963 0.8516 -0.5000
v 0.3902 0.8571 -0.5072
v 0.3914 0.8503 -0.5074
v 0.3872 0.9151 -0.5171
v 0.3779 0.9123 -0.5233
v 0.3759 0.8997 -0.5228
v 0.3962 1.0106 -0.5696
v 0.4046 1.0113 -0.5760
v 0.3930 1.0100 -0.5757
v 0.4017 1.0496 -0.5900
v 0.3969 1.0507 -0.5962
v 0.4023 1.0466 -0.5946
v 0.3882 1.0566 -0.5506
v 0.3955 1.0547 -0.5556
v 0.3954 1.0496 -0.5538
v 0.3797 1.0610 -0.5196
v 0.3802 1.0582 -0.5269
v 0.3820 1.0510 -0.5158
v 0.3880 0.9330 -0.4048
v 0.3834 0.9727 -0.4515
v 0.3880 0.9464 -0.4324
v 0.4062 0.9403 -0.4757
v 0.3934 0.9700 -0.4873
v 0.4036 0.9522 -0.4910
v 0.3985 1.0162 -0.5606
v 0.3984 1.0208 -0.5583
v 0.4065 1.0148 -0.5613
v 0.4143 1.0380 -0.5688
v 0.4139 1.0377 -0.5779
v 0.4165 1.0279 -0.5743
v 0.4031 1.0228 -0.5581
v 0.4153 1.0114 -0.5615
v 0.3950 1.0386 -0.5534
v 0.3896 1.0431 -0.5497
v 0.3983 1.0418 -0.5540
v 0.3803 1.0180 -0.5370
v 0.3809 1.0274 -0.5470
v 0.3808 1.0189 -0.5458
v 0.3839 1.0069 -0.5320
v 0.4322 0.9902 -0.5732
v 0.4344 0.9928 -0.5753
v 0.4312 0.9959 -0.5744
v 0.4537 0.9584 -0.5762
v 0.4593 0.9581 -0.5752
v 0.4540 0.9644 -0.5754
v 0.4584 0.9684 -0.5683
v 0.4536 0.9753 -0.5712
v 0.4583 0.9644 -0.5739
v 0.4408 0.9943 -0.5685
v 0.4381 0.9981 -0.5710
v 0.4513 0.9559 -0.5667
v 0.4526 0.9524 -0.5732
v 0.4493 0.9594 -0.5726
v 0.4843 0.9121 -0.5652
v 0.4822 0.9262 -0.5654
v 0.4876 0.9166 -0.5667
v 0.4969 0.8881 -0.5676
v 0.4985 0.8959 -0.5659
v 0.5031 0.8916 -0.5674
v 0.4842 0.9116 -0.5794
v 0.4831 0.9186 -0.5790
v 0.4798 0.9128 -0.5778
v 0.4815 0.9058 -0.5749
v 0.4753 0.9172 -0.5674
v 0.4811 0.9084 -0.5705
v 0.5048 0.8725 -0.5783
v 0.5070 0.8804 -0.5812
v 0.5008 0.8814 -0.5792
v 0.5126 0.8594 -0.5790
v 0.5244 0.8476 -0.5841
v 0.5180 0.8620 -0.5832
v 0.5400 0.8392 -0.5814
v 0.5405 0.8348 -0.5845
v 0.5465 0.8271 -0.5828
v 0.5636 0.8016 -0.5784
v 0.5606 0.8069 -0.5828
v 0.5683 0.7971 -0.5800
v 0.6054 0.7331 -0.5789
v 0.6045 0.7389 -0.5846
v 0.6094 0.7315 -0.5833
v 0.6159 0.7195 -0.5889
v 0.6181 0.7150 -0.5920
v 0.6234 0.7087 -0.5893
v 0.6131 0.7045 -0.5853
v 0.6129 0.7059 -0.5890
v 0.6085 0.7120 -0.5850
v 0.6008 0.7451 -0.5879
v 0.6021 0.7403 -0.5887
v 0.5667 0.7758 -0.5829
v 0.5695 0.7806 -0.5883
v 0.5636 0.7817 -0.5833
v 0.5366 0.8217 -0.5780
v 0.5281 0.8355 -0.5776
v 0.5315 0.8292 -0.5767
v 0.5465 0.8293 -0.5743
v 0.5495 0.8240 -0.5781
v 0.5518 0.8172 -0.5745
v 0.5574 0.7950 -0.5762
v 0.5637 0.7921 -0.5752
v 0.5643 0.7853 -0.5762
v 0.5856 0.7501 -0.5783
v 0.5883 0.7437 -0.5829
v 0.5830 0.7502 -0.5838
v 0.6170 0.7026 -0.5816
v 0.6081 0.7194 -0.5788
v 0.6220 0.7031 -0.5794
v 0.6650 0.6439 -0.5863
v 0.6689 0.6433 -0.5886
v 0.6722 0.6306 -0.5843
v 0.6451 0.6713 -0.5957
v 0.6434 0.6780 -0.5942
v 0.6390 0.6726 -0.5953
v 0.6347 0.6823 -0.5819
v 0.6275 0.6869 -0.5829
v 0.6251 0.6938 -0.5814
v 0.6671 0.6401 -0.5965
v 0.6692 0.6430 -0.5939
v 0.6656 0.6465 -0.5947
v 0.6834 0.6102 -0.5855
v 0.6827 0.6175 -0.5870
v 0.6873 0.6103 -0.5888
v 0.6731 0.6122 -0.5955
v 0.6805 0.6026 -0.5966
v 0.6765 0.6180 -0.5985
v 0.7000 0.5795 -0.6018
v 0.7026 0.5838 -0.6002
v 0.6990 0.5867 -0.6008
v 0.7162 0.5433 -0.5986
v 0.7222 0.5481 -0.6036
v 0.7132 0.5483 -0.6011
v 0.7455 0.5166 -0.5918
v 0.7500 0.5154 -0.5987
v 0.7580 0.5001 -0.5942
v 0.7886 0.4528 -0.5995
v 0.7857 0.4561 -0.6044
v 0.7921 0.4496 -0.6027
v 0.8008 0.4179 -0.6100
v 0.8044 0.4252 -0.6060
v 0.7994 0.4248 -0.6102
v 0.7784 0.4492 -0.6085
v 0.7833 0.4551 -0.6088
v 0.7774 0.4562 -0.6093
v 0.7580 0.4998 -0.6030
v 0.7546 0.4998 -0.6067
v 0.7648 0.4876 -0.6045
v 0.7245 0.5340 -0.6029
v 0.7235 0.5412 -0.6039
v 0.7207 0.5351 -0.5986
v 0.7457 0.5226 -0.5986
v 0.7432 0.5232 -0.6027
v 0.7488 0.5155 -0.6027
v 0.6860 0.5928 -0.5894
v 0.6905 0.5902 -0.5880
v 0.6901 0.5845 -0.5896
v 0.7144 0.5686 -0.5898
v 0.7124 0.5745 -0.5927
v 0.7185 0.5589 -0.5901
v 0.7440 0.4983 -0.5954
v 0.7443 0.4983 -0.6027
v 0.7396 0.5056 -0.5995
v 0.7525 0.4839 -0.5963
v 0.7654 0.4703 -0.5960
v 0.7641 0.4672 -0.6003
v 0.7873 0.4336 -0.5981
v 0.7827 0.4448 -0.5960
v 0.7925 0.4333 -0.5948
v 0.8074 0.3978 -0.6051
v 0.8055 0.4017 -0.6079
v 0.8015 0.4081 -0.6032
v 0.8150 0.3480 -0.6402
v 0.8225 0.3546 -0.6348
v 0.8162 0.3542 -0.6346
v 0.8039 0.3141 -0.6623
v 0.8014 0.3194 -0.6646
v 0.7978 0.3192 -0.6600
v 0.7967 0.3479 -0.6507
v 0.7963 0.3477 -0.6724
v 0.8023 0.3477 -0.6719
v 0.8122 0.3787 -0.6065
v 0.8127 0.3718 -0.6119
v 0.8135 0.3814 -0.6092
v 0.8116 0.4023 -0.5983
v 0.8154 0.3949 -0.6019
v 0.8126 0.3912 -0.5995
v 0.8344 0.3719 -0.6182
v 0.8281 0.3698 -0.6240
v 0.8338 0.3590 -0.6309
v 0.8363 0.3220 -0.6416
v 0.8287 0.3129 -0.6492
v 0.8410 0.3021 -0.6397
v 0.8120 0.3133 -0.6615
v 0.8113 0.3071 -0.6609
v 0.8146 0.3044 -0.6585
v 0.7946 0.3344 -0.6722
v 0.7953 0.3375 -0.6769
v 0.7921 0.3400 -0.6761
v 0.8030 0.3393 -0.6271
v 0.8023 0.3442 -0.6286
v 0.8048 0.3476 -0.6226
v 0.8078 0.3501 -0.6022
v 0.8064 0.3368 -0.6160
v 0.8062 0.3483 -0.6141
v 0.8146 0.3062 -0.6108
v 0.8168 0.2992 -0.6222
v 0.8135 0.3034 -0.6217
v 0.8430 0.2968 -0.6353
v 0.8475 0.2989 -0.6327
v 0.8468 0.3286 -0.6319
v 0.8424 0.3313 -0.6344
v 0.8694 0.3183 -0.5708
v 0.8705 0.3175 -0.5760
v 0.8691 0.3062 -0.5790
v 0.8451 0.2933 -0.5993
v 0.8420 0.2940 -0.6295
v 0.8385 0.2924 -0.6033
v 0.8145 0.3505 -0.5901
v 0.8142 0.3587 -0.5906
v 0.8204 0.3477 -0.5861
v 0.8420 0.3702 -0.6015
v 0.8362 0.3745 -0.6069
v 0.8481 0.3656 -0.6061
v 0.8647 0.3430 -0.5821
v 0.8595 0.3487 -0.5926
v 0.8627 0.3386 -0.5974
v 0.8526 0.3075 -0.5684
v 0.8544 0.3199 -0.5625
v 0.8613 0.3129 -0.5628
v 0.8399 0.2966 -0.5856
v 0.8336 0.2968 -0.5930
v 0.8352 0.3037 -0.5861
v 0.8386 0.3544 -0.5787
v 0.8461 0.3561 -0.5810
v 0.8486 0.3545 -0.5735
v 0.8754 0.3494 -0.5460
v 0.8752 0.3489 -0.5519
v 0.8724 0.3420 -0.5467
v 0.8466 0.3514 -0.5634
v 0.8478 0.3535 -0.5680
v 0.8547 0.3540 -0.5571
v 0.8585 0.3536 -0.5421
v 0.8662 0.3564 -0.5513
v 0.8690 0.3539 -0.5401
v 0.8688 0.3492 -0.5399
v 0.8629 0.3537 -0.5404
v 0.8384 0.3598 -0.5861
v 0.8479 0.3089 -0.5719
v 0.8452 0.3219 -0.5677
v 0.8310 0.3647 -0.5907
v 0.8374 0.3662 -0.5934
v 0.8470 0.2949 -0.5913
v 0.8393 0.2936 -0.5923
v 0.8444 0.3395 -0.6212
v 0.8415 0.3448 -0.6259
v 0.8443 0.3377 -0.6252
v 0.8354 0.2928 -0.6209
v 0.8042 0.3251 -0.6296
v 0.8226 0.2939 -0.6320
v 0.8121 0.2997 -0.6383
v 0.8230 0.3490 -0.6383
v 0.7987 0.3473 -0.6408
v 0.8054 0.3495 -0.6298
v 0.8214 0.3246 -0.6549
v 0.8186 0.3334 -0.6562
v 0.8128 0.3343 -0.6636
v 0.8229 0.3771 -0.6140
v 0.8240 0.3735 -0.6200
v 0.8279 0.3780 -0.6116
v 0.7679 0.4611 -0.5975
v 0.7773 0.4566 -0.5943
v 0.6968 0.5779 -0.5901
v 0.6937 0.5797 -0.5933
v 0.7649 0.4842 -0.6073
v 0.7613 0.4870 -0.6075
v 0.7582 0.4788 -0.6056
v 0.7924 0.4456 -0.6051
v 0.7871 0.4524 -0.6081
v 0.7900 0.4466 -0.6086
v 0.8027 0.4267 -0.5970
v 0.7961 0.4346 -0.5964
v 0.7963 0.4390 -0.6002
v 0.7535 0.5114 -0.5961
v 0.7553 0.5081 -0.5988
v 0.7227 0.5573 -0.5998
v 0.7164 0.5664 -0.5974
v 0.7152 0.5562 -0.6032
v 0.6753 0.6333 -0.5913
v 0.6789 0.6260 -0.5896
v 0.6836 0.6098 -0.5996
v 0.6463 0.6644 -0.5963
v 0.6505 0.6695 -0.5940
v 0.6494 0.6500 -0.5880
v 0.6512 0.6444 -0.5911
v 0.6454 0.6539 -0.5880
v 0.6445 0.6787 -0.5862
v 0.6409 0.6857 -0.5906
v 0.6473 0.6749 -0.5936
v 0.5734 0.7701 -0.5769
v 0.5759 0.7620 -0.5804
v 0.5670 0.7781 -0.5760
v 0.5581 0.7896 -0.5828
v 0.5611 0.7957 -0.5877
v 0.5540 0.7972 -0.5833
v 0.5884 0.7617 -0.5878
v 0.5857 0.7686 -0.5869
v 0.5838 0.7635 -0.5901
v 0.6315 0.6977 -0.5900
v 0.6246 0.7062 -0.5923
v 0.6278 0.7009 -0.5926
v 0.5934 0.7464 -0.5776
v 0.5968 0.7485 -0.5783
v 0.6007 0.7343 -0.5784
v 0.5432 0.8146 -0.5850
v 0.5498 0.8048 -0.5855
v 0.5468 0.8117 -0.5859
v 0.5256 0.8541 -0.5691
v 0.5261 0.8476 -0.5715
v 0.5226 0.8570 -0.5702
v 0.4946 0.9115 -0.5748
v 0.4909 0.9142 -0.5776
v 0.4990 0.9048 -0.5766
v 0.4650 0.9342 -0.5659
v 0.4627 0.9363 -0.5701
v 0.4598 0.9403 -0.5663
v 0.4841 0.9288 -0.5726
v 0.4801 0.9324 -0.5744
v 0.4860 0.9244 -0.5744
v 0.4495 0.9729 -0.5610
v 0.4535 0.9756 -0.5650
v 0.4565 0.9660 -0.5641
v 0.4205 1.0130 -0.5610
v 0.4264 1.0009 -0.5622
v 0.3971 1.0126 -0.5643
v 0.3903 1.0160 -0.5585
v 0.4235 0.8780 -0.4665
v 0.4129 0.9199 -0.4865
v 0.4131 0.9022 -0.4859
v 0.4644 0.7387 -0.3926
v 0.4485 0.7744 -0.4217
v 0.4599 0.7085 -0.4039
v 0.4072 0.8049 -0.5188
v 0.4105 0.8009 -0.5296
v 0.4162 0.7880 -0.5227
v 0.4274 0.7656 -0.5295
v 0.4200 0.7794 -0.5361
v 0.4269 0.7639 -0.5360
v 0.4573 0.6695 -0.5446
v 0.4471 0.6681 -0.5514
v 0.4617 0.6457 -0.5477
v 0.4355 0.7451 -0.5361
v 0.4241 0.7644 -0.5426
v 0.4302 0.7500 -0.5419
v 0.4617 0.6769 -0.5394
v 0.4582 0.6782 -0.5413
v 0.5786 0.4686 -0.5340
v 0.5555 0.4965 -0.5360
v 0.5661 0.4648 -0.5463
v 0.6031 0.4042 -0.5565
v 0.5438 0.4184 -0.5889
v 0.5890 0.3792 -0.5819
v 0.5601 0.3040 -0.6613
v 0.5496 0.2929 -0.6769
v 0.5686 0.2758 -0.6735
v 0.4810 0.2393 -0.7580
v 0.4789 0.2296 -0.7704
v 0.5010 0.2273 -0.7533
v 0.4158 0.2333 -0.8318
v 0.4107 0.2347 -0.8376
v 0.4175 0.2311 -0.8388
v 0.4380 0.2178 -0.8405
v 0.4218 0.2198 -0.8605
v 0.4323 0.2026 -0.8649
v 0.4526 0.1653 -0.8401
v 0.4520 0.1716 -0.8453
v 0.4492 0.1630 -0.8441
v 0.4553 0.1658 -0.8105
v 0.4552 0.1593 -0.8175
v 0.4478 0.1618 -0.8232
v 0.4296 0.1775 -0.8619
v 0.4356 0.1774 -0.8676
v 0.4300 0.1773 -0.8680
v 0.3932 0.2002 -0.8555
v 0.3949 0.1934 -0.8631
v 0.3872 0.2004 -0.8605
v 0.4005 0.1993 -0.8435
v 0.4068 0.1942 -0.8549
v 0.3998 0.1982 -0.8524
v 0.4033 0.1978 -0.8106
v 0.4007 0.1991 -0.8142
v 0.3996 0.1904 -0.8154
v 0.4188 0.1869 -0.8245
v 0.4250 0.1854 -0.8217
v 0.4313 0.1806 -0.8250
v 0.4287 0.1863 -0.7926
v 0.4279 0.1926 -0.7998
v 0.4250 0.1870 -0.7984
v 0.3961 0.1782 -0.8227
v 0.3967 0.1845 -0.8188
v 0.3918 0.1785 -0.8227
v 0.3841 0.1839 -0.8692
v 0.3983 0.1713 -0.8750
v 0.3827 0.1788 -0.8693
v 0.3923 0.1346 -0.8455
v 0.3921 0.1398 -0.8452
v 0.3883 0.1308 -0.8535
v 0.3815 0.1750 -0.8380
v 0.3776 0.1733 -0.8449
v 0.3834 0.1678 -0.8447
v 0.3967 0.1737 -0.8257
v 0.3899 0.1703 -0.8336
v 0.3966 0.1681 -0.8286
v 0.4032 0.1429 -0.8145
v 0.4021 0.1490 -0.8225
v 0.4000 0.1432 -0.8239
v 0.4130 0.1460 -0.7467
v 0.4135 0.1443 -0.7691
v 0.4042 0.1445 -0.7722
v 0.4131 0.1463 -0.7911
v 0.4213 0.1544 -0.7930
v 0.4178 0.1500 -0.7922
v 0.4363 0.1938 -0.7817
v 0.4400 0.2005 -0.7909
v 0.4360 0.1957 -0.7925
v 0.4693 0.1877 -0.7772
v 0.4625 0.1727 -0.7942
v 0.4548 0.1873 -0.7952
v 0.4684 0.2026 -0.7623
v 0.4683 0.1953 -0.7707
v 0.4619 0.2036 -0.7700
v 0.4680 0.1701 -0.8084
v 0.4654 0.1706 -0.8137
v 0.4692 0.1625 -0.8030
v 0.4787 0.1906 -0.8171
v 0.4742 0.1785 -0.8350
v 0.4793 0.1830 -0.8242
v 0.4805 0.1760 -0.7738
v 0.4818 0.1726 -0.7774
v 0.4770 0.1735 -0.7779
v 0.4886 0.1843 -0.7987
v 0.4899 0.1866 -0.8055
v 0.4876 0.1836 -0.8071
v 0.5210 0.2003 -0.7435
v 0.5175 0.1987 -0.7501
v 0.5133 0.1927 -0.7382
v 0.5426 0.2127 -0.7290
v 0.5389 0.2157 -0.7324
v 0.5367 0.2103 -0.7368
v 0.5579 0.2208 -0.7131
v 0.5495 0.2158 -0.7150
v 0.5516 0.2161 -0.7069
v 0.5144 0.2027 -0.7075
v 0.5221 0.2079 -0.7079
v 0.5176 0.2077 -0.7114
v 0.4753 0.1681 -0.7195
v 0.4737 0.1735 -0.7288
v 0.4604 0.1683 -0.7400
v 0.4506 0.1493 -0.6418
v 0.4628 0.1496 -0.6508
v 0.4402 0.1490 -0.6812
v 0.4490 0.1529 -0.5210
v 0.4468 0.1515 -0.5819
v 0.4299 0.1559 -0.5798
v 0.3408 0.2027 -0.5507
v 0.3418 0.1967 -0.5970
v 0.3266 0.2091 -0.5830
v 0.3133 0.1782 -0.7627
v 0.3097 0.1743 -0.7670
v 0.3057 0.1788 -0.7617
v 0.3356 0.1548 -0.7868
v 0.3395 0.1513 -0.7926
v 0.3349 0.1546 -0.7930
v 0.3204 0.1309 -0.8237
v 0.3199 0.1450 -0.8188
v 0.3151 0.1460 -0.8201
v 0.2628 0.1920 -0.8256
v 0.2603 0.2075 -0.8246
v 0.2533 0.2006 -0.8261
v 0.2034 0.2533 -0.8289
v 0.1976 0.2766 -0.8295
v 0.1719 0.2820 -0.8318
v 0.1333 0.3548 -0.8369
v 0.1429 0.3551 -0.8362
v 0.1363 0.3634 -0.8357
v 0.0503 0.4280 -0.8491
v 0.0628 0.4344 -0.8490
v 0.0584 0.4414 -0.8528
v -0.0023 0.4574 -0.8526
v 0.0079 0.4693 -0.8537
v -0.0096 0.4732 -0.8529
v 0.0040 0.4390 -0.8532
v 0.0056 0.4486 -0.8545
v 0.0001 0.4419 -0.8514
v 0.0124 0.4196 -0.8449
v 0.0196 0.4245 -0.8487
v 0.0050 0.4247 -0.8462
v 0.0880 0.3383 -0.8376
v 0.0872 0.3575 -0.8395
v 0.0753 0.3504 -0.8383
v 0.0254 0.3969 -0.8360
v 0.0255 0.3988 -0.8398
v 0.0183 0.4066 -0.8381
v -0.0217 0.4350 -0.8433
v -0.0220 0.4415 -0.8495
v -0.0253 0.4313 -0.8477
v -0.0638 0.4782 -0.8522
v -0.0628 0.4883 -0.8488
v -0.0707 0.4778 -0.8505
v -0.0706 0.4229 -0.8454
v -0.0655 0.4288 -0.8482
v -0.0766 0.4311 -0.8454
v -0.1069 0.3388 -0.8344
v -0.0929 0.3602 -0.8371
v -0.1146 0.3408 -0.8358
v -0.0995 0.4142 -0.8425
v -0.0969 0.4292 -0.8437
v -0.1110 0.4214 -0.8412
v -0.0530 0.4950 -0.8493
v -0.0475 0.5139 -0.8467
v -0.0574 0.5022 -0.8464
v -0.0256 0.4859 -0.8528
v -0.0148 0.5321 -0.8461
v -0.0401 0.5295 -0.8436
v 0.0148 0.5291 -0.8469
v 0.0043 0.5380 -0.8433
v -0.0000 0.5357 -0.8458
v 0.0372 0.5074 -0.8457
v 0.0326 0.5039 -0.8475
v 0.0412 0.5033 -0.8429
v 0.0531 0.4814 -0.8478
v 0.0494 0.4775 -0.8518
v 0.0571 0.4723 -0.8489
v 0.0950 0.4168 -0.8390
v 0.0896 0.4297 -0.8393
v 0.0848 0.4210 -0.8415
v 0.1331 0.3760 -0.8340
v 0.1227 0.3899 -0.8336
v 0.1243 0.3756 -0.8376
v 0.1599 0.3916 -0.7827
v 0.1711 0.3872 -0.7860
v 0.1619 0.4001 -0.7834
v 0.1669 0.4320 -0.7817
v 0.1581 0.4416 -0.7805
v 0.1446 0.4329 -0.7812
v 0.1025 0.4887 -0.7621
v 0.1081 0.4909 -0.7689
v 0.1030 0.4958 -0.7643
v 0.0603 0.5362 -0.7536
v 0.0699 0.5403 -0.7560
v 0.0529 0.5510 -0.7526
v 0.0096 0.5876 -0.7436
v 0.0126 0.6025 -0.7429
v 0.0033 0.6004 -0.7415
v -0.0164 0.6486 -0.7352
v -0.0108 0.6596 -0.7348
v -0.0168 0.6605 -0.7340
v -0.0236 0.6056 -0.7273
v -0.0424 0.6425 -0.7263
v -0.0536 0.6445 -0.7178
v -0.0020 0.5430 -0.7153
v -0.0010 0.5384 -0.7221
v -0.0015 0.5485 -0.7149
v -0.0064 0.5486 -0.7739
v -0.0032 0.5506 -0.7848
v 0.0005 0.5484 -0.7741
v 0.0269 0.5295 -0.7934
v 0.0207 0.5334 -0.8131
v 0.0314 0.5275 -0.8002
v 0.0539 0.4944 -0.8161
v 0.0512 0.4959 -0.8268
v 0.0549 0.4892 -0.8261
v 0.1088 0.4122 -0.8153
v 0.1040 0.4159 -0.8308
v 0.1175 0.4000 -0.8222
v 0.1364 0.4026 -0.7681
v 0.1354 0.4125 -0.7720
v 0.1302 0.4120 -0.7638
v 0.1158 0.4351 -0.7661
v 0.1241 0.4360 -0.7722
v 0.1164 0.4422 -0.7695
v 0.0903 0.4552 -0.7604
v 0.0969 0.4622 -0.7599
v 0.0907 0.4628 -0.7559
v 0.0760 0.5069 -0.7511
v 0.0626 0.5124 -0.7488
v 0.0600 0.5047 -0.7434
v 0.0346 0.5281 -0.7388
v 0.0356 0.5327 -0.7384
v 0.0284 0.5266 -0.7365
v 0.0510 0.5132 -0.7813
v 0.0528 0.5096 -0.7924
v 0.0524 0.5023 -0.7856
v 0.0539 0.4942 -0.7854
v 0.0534 0.5006 -0.7916
v 0.0550 0.4945 -0.7935
v 0.0431 0.5097 -0.7609
v 0.0457 0.5096 -0.7684
v 0.0449 0.5057 -0.7598
v 0.0473 0.4946 -0.7455
v 0.0451 0.5019 -0.7534
v 0.0450 0.4947 -0.7537
v 0.0505 0.4782 -0.7303
v 0.0459 0.4866 -0.7372
v 0.0500 0.4779 -0.7535
v 0.0805 0.4451 -0.7782
v 0.0752 0.4552 -0.7859
v 0.0842 0.4425 -0.7888
v 0.1033 0.4260 -0.7595
v 0.1121 0.4331 -0.7608
v 0.1058 0.4342 -0.7597
v 0.1044 0.4152 -0.7536
v 0.1033 0.4157 -0.7613
v 0.1269 0.3930 -0.7846
v 0.1249 0.3953 -0.7912
v 0.1319 0.3894 -0.7844
v 0.1060 0.4131 -0.7697
v 0.1134 0.4070 -0.7850
v 0.1141 0.4046 -0.7686
v 0.1061 0.4179 -0.7072
v 0.1067 0.4253 -0.7265
v 0.1049 0.4107 -0.7033
v 0.1218 0.4090 -0.7354
v 0.1234 0.4040 -0.7316
v 0.1213 0.4022 -0.7459
v 0.1246 0.4104 -0.7082
v 0.1239 0.4038 -0.7152
v 0.1220 0.4107 -0.7151
v 0.1219 0.3943 -0.6756
v 0.1230 0.3953 -0.7113
v 0.1265 0.3948 -0.6921
v 0.1134 0.4197 -0.6321
v 0.1131 0.4189 -0.6822
v 0.1058 0.4141 -0.6552
v 0.1135 0.4224 -0.5988
v 0.1138 0.4192 -0.6108
v 0.1075 0.4181 -0.5987
v 0.1223 0.4194 -0.5299
v 0.1225 0.4205 -0.5530
v 0.1115 0.4167 -0.5222
v 0.1131 0.4036 -0.5334
v 0.1054 0.4098 -0.5489
v 0.1052 0.4092 -0.5683
v 0.1298 0.4115 -0.5490
v 0.1294 0.4013 -0.5722
v 0.1299 0.4121 -0.5924
v 0.1220 0.3952 -0.5314
v 0.1192 0.3981 -0.5292
v 0.1279 0.4160 -0.5063
v 0.1224 0.4157 -0.5060
v 0.1214 0.4090 -0.5058
v 0.1048 0.4093 -0.6088
v 0.1047 0.4092 -0.6320
v 0.1211 0.3942 -0.6110
v 0.1054 0.4112 -0.5180
v 0.1054 0.4116 -0.5220
v 0.1111 0.4079 -0.5149
v 0.1299 0.4123 -0.6407
v 0.1273 0.4184 -0.6030
v 0.1059 0.4140 -0.6784
v 0.1055 0.4141 -0.6995
v 0.1165 0.4218 -0.7347
v 0.1119 0.4242 -0.7372
v 0.0822 0.4474 -0.7623
v 0.0829 0.4546 -0.7598
v 0.0968 0.4828 -0.7417
v 0.0982 0.4862 -0.7468
v 0.0938 0.4888 -0.7443
v 0.0768 0.4737 -0.7214
v 0.0759 0.4695 -0.7284
v 0.0789 0.4710 -0.7250
v 0.0672 0.4796 -0.6983
v 0.0666 0.4765 -0.7120
v 0.0754 0.4809 -0.6984
v 0.0586 0.4822 -0.6933
v 0.0585 0.4888 -0.6986
v 0.0538 0.4831 -0.6940
v 0.0754 0.4864 -0.6985
v 0.0771 0.4885 -0.7111
v 0.0672 0.4888 -0.6985
v 0.0828 0.4833 -0.6996
v 0.0676 0.4569 -0.7609
v 0.0662 0.4607 -0.7679
v 0.0745 0.4547 -0.7597
v 0.0821 0.4407 -0.7761
v 0.0852 0.4378 -0.7783
v 0.0507 0.4785 -0.7226
v 0.0467 0.4870 -0.7309
v 0.0614 0.4833 -0.7925
v 0.0589 0.4863 -0.8071
v 0.0673 0.4719 -0.8000
v 0.0035 0.5328 -0.7470
v 0.0109 0.5312 -0.7528
v 0.0103 0.5298 -0.7467
v 0.0223 0.5238 -0.7510
v 0.0180 0.5282 -0.7572
v 0.0255 0.5212 -0.7544
v 0.0464 0.5271 -0.7444
v 0.0443 0.5332 -0.7453
v 0.0355 0.5237 -0.7439
v 0.0904 0.4406 -0.7622
v 0.0868 0.4370 -0.7683
v 0.0951 0.4385 -0.7626
v 0.1287 0.4089 -0.7555
v 0.1304 0.4044 -0.7605
v 0.0511 0.4985 -0.8179
v 0.0490 0.5023 -0.8282
v -0.0122 0.5484 -0.7810
v -0.0249 0.5414 -0.7974
v -0.0095 0.5511 -0.7999
v -0.0307 0.5352 -0.7789
v -0.0319 0.5365 -0.7886
v -0.0207 0.5412 -0.7793
v -0.0570 0.5218 -0.7708
v -0.0615 0.5217 -0.7756
v -0.0584 0.5256 -0.7748
v -0.0637 0.5160 -0.8369
v -0.0621 0.5078 -0.8419
v -0.0602 0.5159 -0.8410
v -0.0741 0.4927 -0.7753
v -0.0747 0.4970 -0.7870
v -0.0709 0.5014 -0.7702
v -0.1170 0.4258 -0.8386
v -0.1134 0.4341 -0.8394
v -0.1183 0.4336 -0.8325
v -0.1567 0.3818 -0.8333
v -0.1482 0.3945 -0.8302
v -0.1634 0.3765 -0.8294
v -0.1963 0.3273 -0.8314
v -0.1855 0.3471 -0.8276
v -0.2019 0.3272 -0.8242
v -0.1817 0.2422 -0.8242
v -0.1669 0.2577 -0.8259
v -0.1758 0.2556 -0.8275
v -0.3540 0.1342 -0.8226
v -0.3366 0.1247 -0.8234
v -0.3306 0.1389 -0.8198
v -0.2522 0.1621 -0.8200
v -0.2384 0.1779 -0.8208
v -0.2452 0.1811 -0.8224
v -0.1848 0.2325 -0.8206
v -0.1952 0.2269 -0.8240
v -0.1194 0.3190 -0.8315
v -0.1293 0.3068 -0.8300
v -0.1256 0.3078 -0.8267
v -0.0501 0.3994 -0.8368
v -0.0487 0.4065 -0.8399
v -0.0601 0.3940 -0.8382
v -0.0401 0.4077 -0.8250
v -0.0462 0.4022 -0.8350
v -0.0622 0.3825 -0.8243
v -0.1209 0.3108 -0.8035
v -0.1408 0.2859 -0.8155
v -0.1619 0.2593 -0.8028
v -0.0625 0.3842 -0.7822
v -0.0482 0.3988 -0.7873
v -0.0646 0.3814 -0.7861
v -0.0101 0.4355 -0.7849
v -0.0013 0.4283 -0.7862
v -0.0085 0.4297 -0.7885
v -0.0272 0.4421 -0.7252
v -0.0200 0.4509 -0.7533
v -0.0235 0.4474 -0.7587
v -0.0183 0.4492 -0.6407
v -0.0186 0.4495 -0.6676
v -0.0263 0.4417 -0.6676
v -0.0421 0.4194 -0.7762
v -0.0360 0.4266 -0.7768
v -0.0201 0.4276 -0.7868
v -0.0715 0.3861 -0.7624
v -0.0682 0.3877 -0.7718
v -0.0737 0.3820 -0.7709
v -0.1108 0.3401 -0.7671
v -0.1015 0.3382 -0.7809
v -0.1107 0.3324 -0.7752
v -0.1477 0.2816 -0.7770
v -0.1390 0.2913 -0.7813
v -0.1583 0.2669 -0.7795
v -0.2005 0.2281 -0.7537
v -0.1956 0.2319 -0.7607
v -0.2004 0.2237 -0.7603
v -0.2260 0.1993 -0.7511
v -0.2250 0.1950 -0.7549
v -0.2282 0.1967 -0.7479
v -0.2416 0.1632 -0.8147
v -0.2289 0.1806 -0.8189
v -0.2366 0.1737 -0.8187
v -0.2901 0.1084 -0.8166
v -0.2881 0.1184 -0.8185
v -0.2974 0.1085 -0.8198
v -0.3840 0.0877 -0.8255
v -0.3831 0.0998 -0.8233
v -0.3952 0.0851 -0.8232
v -0.4084 0.0831 -0.7970
v -0.4195 0.0659 -0.8088
v -0.4099 0.0788 -0.8109
v -0.3900 0.1025 -0.8180
v -0.3913 0.0985 -0.8191
v -0.3849 0.1061 -0.8183
v -0.3668 0.1259 -0.8230
v -0.3632 0.1305 -0.8205
v -0.3703 0.1226 -0.8202
v -0.3334 0.1484 -0.8190
v -0.3297 0.1591 -0.8177
v -0.3388 0.1498 -0.8179
v -0.2997 0.1962 -0.8210
v -0.2922 0.2100 -0.8201
v -0.3039 0.2024 -0.8169
v -0.2708 0.2386 -0.8229
v -0.2615 0.2493 -0.8230
v -0.2721 0.2403 -0.8182
v -0.2238 0.3023 -0.8218
v -0.2168 0.3111 -0.8229
v -0.2287 0.2979 -0.8156
v -0.2420 0.2794 -0.8234
v -0.2377 0.2848 -0.8211
v -0.2469 0.2748 -0.8190
v -0.1938 0.3447 -0.7753
v -0.1983 0.3398 -0.7808
v -0.1897 0.3511 -0.7773
v -0.0837 0.4707 -0.7701
v -0.0914 0.4652 -0.7762
v -0.0833 0.4749 -0.7739
v -0.0463 0.5180 -0.7493
v -0.0554 0.5158 -0.7619
v -0.0357 0.5240 -0.7518
v -0.0079 0.5515 -0.7052
v -0.0059 0.5389 -0.7138
v -0.0041 0.5512 -0.7127
v -0.0167 0.5412 -0.6643
v -0.0157 0.5518 -0.6832
v -0.0175 0.5487 -0.6657
v -0.0475 0.5163 -0.7380
v -0.0356 0.5226 -0.7377
v -0.0326 0.5235 -0.7199
v -0.0587 0.5058 -0.7138
v -0.0614 0.5023 -0.7265
v -0.0598 0.5064 -0.7397
v -0.0704 0.4767 -0.7094
v -0.0734 0.4732 -0.7224
v -0.0649 0.4837 -0.7266
v -0.0278 0.5261 -0.5993
v -0.0286 0.5266 -0.6206
v -0.0244 0.5332 -0.6031
v -0.1010 0.6581 -0.5670
v -0.1022 0.6614 -0.5753
v -0.1056 0.6618 -0.5667
v -0.1176 0.6794 -0.5765
v -0.1095 0.6798 -0.5824
v -0.1160 0.6834 -0.5811
v -0.1244 0.7286 -0.6133
v -0.1247 0.7344 -0.6215
v -0.1255 0.7335 -0.6160
v -0.1254 0.7079 -0.5941
v -0.1173 0.7101 -0.6002
v -0.1249 0.7125 -0.5981
v -0.1179 0.6971 -0.5892
v -0.1180 0.7030 -0.5922
v -0.1270 0.6966 -0.5876
v -0.1393 0.7028 -0.6063
v -0.1388 0.7041 -0.6139
v -0.1345 0.6730 -0.5917
v -0.1597 0.7192 -0.6602
v -0.1617 0.7407 -0.6624
v -0.1670 0.7207 -0.6654
v -0.1435 0.6971 -0.6411
v -0.1469 0.6880 -0.6469
v -0.1387 0.6717 -0.6407
v -0.1454 0.6024 -0.6379
v -0.1369 0.6052 -0.6369
v -0.1438 0.6076 -0.6397
v -0.1233 0.6096 -0.6197
v -0.1271 0.6129 -0.6284
v -0.1191 0.5873 -0.6162
v -0.1118 0.5696 -0.5935
v -0.1175 0.5798 -0.6117
v -0.1107 0.5567 -0.5901
v -0.1194 0.5521 -0.5986
v -0.1211 0.5606 -0.6060
v -0.1239 0.5512 -0.5979
v -0.1577 0.5505 -0.5970
v -0.1581 0.5586 -0.6047
v -0.1624 0.5532 -0.6103
v -0.1655 0.5762 -0.6590
v -0.1620 0.5979 -0.6554
v -0.1643 0.6067 -0.6612
v -0.1801 0.6450 -0.6741
v -0.1799 0.6622 -0.6730
v -0.1841 0.6587 -0.6714
v -0.2051 0.4679 -0.6794
v -0.1964 0.4817 -0.6795
v -0.2023 0.4876 -0.6784
v -0.2573 0.3379 -0.6818
v -0.2485 0.3627 -0.6820
v -0.2712 0.3279 -0.6828
v -0.3234 0.2535 -0.6794
v -0.3266 0.2406 -0.6834
v -0.3183 0.2567 -0.6820
v -0.2585 0.4209 -0.6514
v -0.2500 0.4320 -0.6593
v -0.2425 0.4563 -0.6507
v -0.3363 0.2553 -0.6404
v -0.3297 0.2629 -0.6580
v -0.3051 0.3218 -0.6515
v -0.2860 0.3794 -0.5911
v -0.2782 0.3900 -0.5964
v -0.2793 0.3972 -0.5856
v -0.3440 0.2457 -0.6236
v -0.3195 0.2983 -0.6191
v -0.3214 0.2109 -0.6857
v -0.3324 0.2035 -0.6872
v -0.3315 0.1972 -0.6859
v -0.3642 0.1834 -0.6607
v -0.3594 0.1857 -0.6747
v -0.3576 0.1966 -0.6620
v -0.3879 0.1503 -0.6967
v -0.3810 0.1547 -0.6960
v -0.3842 0.1647 -0.6923
v -0.3812 0.1107 -0.7117
v -0.3787 0.1223 -0.7057
v -0.3838 0.1151 -0.7054
v -0.3819 0.1324 -0.7578
v -0.3886 0.1265 -0.7686
v -0.3823 0.1320 -0.7720
v -0.3126 0.1955 -0.7603
v -0.3191 0.1906 -0.7684
v -0.3079 0.2047 -0.7674
v -0.2266 0.3043 -0.7774
v -0.2506 0.2749 -0.7862
v -0.2138 0.3204 -0.7855
v -0.1575 0.3824 -0.7679
v -0.1639 0.3801 -0.7774
v -0.1494 0.3935 -0.7707
v -0.0872 0.4601 -0.7624
v -0.0973 0.4527 -0.7684
v -0.0915 0.4611 -0.7707
v -0.1144 0.4301 -0.7629
v -0.1189 0.4259 -0.7687
v -0.1161 0.4310 -0.7700
v -0.1256 0.4153 -0.6387
v -0.1245 0.4165 -0.6621
v -0.1071 0.4358 -0.6565
v -0.0614 0.4978 -0.6118
v -0.0618 0.5013 -0.6312
v -0.0583 0.5050 -0.6058
v -0.0353 0.5514 -0.5177
v -0.0310 0.5457 -0.5300
v -0.0381 0.5583 -0.5453
v -0.1107 0.6415 -0.5373
v -0.1005 0.6443 -0.5431
v -0.1127 0.6432 -0.5436
v -0.1128 0.6357 -0.5351
v -0.1196 0.6340 -0.5459
v -0.1157 0.6273 -0.5356
v -0.1212 0.6510 -0.5576
v -0.1232 0.6578 -0.5652
v -0.1243 0.6485 -0.5639
v -0.1196 0.6141 -0.5466
v -0.1219 0.6175 -0.5637
v -0.1154 0.5936 -0.5409
v -0.0836 0.5283 -0.5323
v -0.0877 0.5412 -0.5355
v -0.0930 0.5392 -0.5483
v -0.1009 0.5206 -0.5592
v -0.1032 0.5284 -0.5669
v -0.1060 0.5214 -0.5655
v -0.1437 0.5024 -0.5461
v -0.1402 0.5045 -0.5509
v -0.1474 0.5028 -0.5506
v -0.1501 0.4639 -0.5212
v -0.1499 0.4730 -0.5274
v -0.1514 0.4684 -0.5300
v -0.1564 0.4513 -0.5527
v -0.1597 0.4536 -0.5830
v -0.1601 0.4360 -0.5596
v -0.1856 0.4834 -0.6769
v -0.1891 0.4909 -0.6797
v -0.1918 0.4767 -0.6786
v -0.2397 0.3308 -0.6717
v -0.2300 0.3470 -0.6697
v -0.2337 0.3506 -0.6744
v -0.2969 0.2482 -0.6820
v -0.2985 0.2553 -0.6849
v -0.3086 0.2363 -0.6851
v -0.2579 0.2719 -0.6676
v -0.2626 0.2778 -0.6698
v -0.2651 0.2710 -0.6680
v -0.2328 0.3070 -0.6541
v -0.2354 0.3104 -0.6581
v -0.2352 0.3019 -0.6604
v -0.1805 0.4369 -0.6514
v -0.1901 0.4270 -0.6637
v -0.1937 0.4030 -0.6548
v -0.2193 0.3392 -0.6471
v -0.2207 0.3468 -0.6569
v -0.2236 0.3339 -0.6518
v -0.2290 0.2934 -0.7535
v -0.2313 0.2925 -0.7606
v -0.2267 0.2950 -0.7574
v -0.1688 0.3650 -0.7243
v -0.1651 0.3700 -0.7548
v -0.1500 0.3873 -0.7526
v -0.2020 0.3308 -0.6524
v -0.2119 0.3189 -0.6582
v -0.2056 0.3240 -0.6724
v -0.1981 0.3659 -0.6285
v -0.1998 0.3669 -0.6361
v -0.1981 0.3562 -0.6285
v -0.1791 0.3543 -0.6143
v -0.1783 0.3540 -0.6222
v -0.1768 0.3591 -0.6002
v -0.1639 0.3778 -0.5681
v -0.1615 0.3816 -0.5592
v -0.1659 0.3790 -0.5602
v -0.1845 0.3842 -0.6048
v -0.1819 0.4055 -0.6269
v -0.1900 0.3734 -0.6134
v -0.1774 0.3707 -0.5678
v -0.1720 0.3642 -0.5758
v -0.1713 0.3695 -0.5758
v -0.1852 0.3626 -0.5848
v -0.1869 0.3639 -0.5907
v -0.1844 0.3577 -0.5834
v -0.1475 0.4353 -0.4957
v -0.1504 0.4416 -0.5079
v -0.1511 0.4306 -0.4992
v -0.1424 0.4355 -0.4887
v -0.1356 0.4424 -0.4896
v -0.1415 0.4404 -0.4910
v -0.1005 0.4437 -0.5688
v -0.1360 0.4053 -0.5778
v -0.1424 0.3972 -0.6190
v -0.0559 0.5084 -0.5145
v -0.0555 0.5024 -0.5220
v -0.0540 0.5074 -0.5255
v -0.0758 0.5175 -0.5205
v -0.0826 0.5198 -0.5301
v -0.0793 0.5112 -0.5221
v -0.0930 0.4751 -0.5108
v -0.1021 0.4787 -0.5195
v -0.1031 0.4669 -0.5101
v -0.0646 0.4863 -0.5063
v -0.0643 0.4804 -0.5123
v -0.0632 0.4844 -0.5146
v -0.0853 0.4678 -0.5012
v -0.0819 0.4653 -0.5062
v -0.0807 0.4715 -0.5007
v -0.0752 0.4744 -0.5003
v -0.0773 0.4686 -0.5063
v -0.0725 0.4723 -0.5063
v -0.0965 0.4487 -0.5101
v -0.0936 0.4519 -0.5132
v -0.0943 0.4545 -0.5082
v -0.0880 0.4563 -0.5085
v -0.0872 0.4555 -0.5141
v -0.0661 0.5242 -0.5041
v -0.0613 0.5197 -0.5021
v -0.0612 0.5230 -0.4968
v -0.0267 0.5265 -0.5018
v -0.0267 0.5262 -0.5142
v -0.0273 0.5317 -0.4990
v -0.0832 0.6131 -0.4987
v -0.0789 0.6113 -0.5119
v -0.0857 0.6192 -0.5057
v -0.1043 0.6210 -0.5052
v -0.1002 0.6260 -0.5075
v -0.1090 0.6199 -0.5130
v -0.1104 0.6113 -0.5058
v -0.1113 0.6159 -0.5155
v -0.1112 0.6080 -0.5099
v -0.0900 0.5602 -0.5071
v -0.0878 0.5538 -0.5184
v -0.0827 0.5519 -0.5047
v -0.0578 0.5227 -0.4826
v -0.0494 0.5199 -0.4843
v -0.0500 0.5213 -0.4752
v -0.0516 0.5651 -0.4401
v -0.0445 0.5570 -0.4493
v -0.0615 0.5803 -0.4485
v -0.1031 0.6087 -0.4691
v -0.0957 0.6108 -0.4757
v -0.1033 0.6101 -0.4748
v -0.1039 0.5980 -0.4558
v -0.1041 0.5946 -0.4594
v -0.1008 0.5951 -0.4523
v -0.0965 0.5858 -0.4437
v -0.0997 0.5876 -0.4517
v -0.0956 0.5804 -0.4468
v -0.0786 0.5889 -0.4283
v -0.0818 0.5949 -0.4315
v -0.0858 0.5877 -0.4302
v -0.0559 0.5667 -0.4287
v -0.0539 0.5663 -0.4334
v -0.0563 0.5716 -0.4314
v -0.0639 0.5574 -0.4220
v -0.0655 0.5541 -0.4291
v -0.0559 0.5563 -0.4212
v -0.0481 0.5261 -0.4229
v -0.0454 0.5272 -0.4178
v -0.0491 0.5311 -0.4205
v -0.0399 0.5422 -0.4208
v -0.0386 0.5442 -0.4287
v -0.0454 0.5458 -0.4221
v -0.0360 0.5278 -0.4175
v -0.0349 0.5290 -0.4213
v -0.0407 0.5316 -0.4162
v -0.0499 0.5495 -0.4206
v -0.0399 0.5485 -0.4311
v -0.0771 0.5798 -0.4235
v -0.0828 0.5780 -0.4277
v -0.0796 0.5732 -0.4239
v -0.0886 0.5796 -0.4299
v -0.0815 0.6012 -0.4601
v -0.0843 0.6052 -0.4672
v -0.0851 0.6046 -0.4595
v -0.0573 0.5268 -0.4655
v -0.0510 0.5231 -0.4685
v -0.0945 0.6277 -0.5131
v -0.0918 0.6291 -0.5206
v -0.0378 0.5209 -0.5038
v -0.0303 0.5245 -0.4991
v -0.0689 0.5334 -0.4971
v -0.0788 0.5416 -0.5126
v -0.0531 0.5121 -0.5144
v -0.1525 0.3901 -0.5399
v -0.1539 0.3908 -0.5310
v -0.1611 0.3867 -0.5373
v -0.1643 0.4077 -0.5401
v -0.1677 0.4037 -0.5521
v -0.1665 0.4041 -0.5445
v -0.1529 0.3950 -0.5144
v -0.1580 0.3939 -0.5230
v -0.1484 0.3943 -0.5145
v -0.1537 0.4106 -0.4829
v -0.1534 0.4201 -0.4949
v -0.1557 0.4125 -0.4899
v -0.1235 0.4328 -0.4890
v -0.1235 0.4212 -0.4981
v -0.1192 0.4263 -0.4986
v -0.1316 0.4118 -0.5018
v -0.1262 0.4191 -0.4910
v -0.1421 0.4251 -0.4749
v -0.1444 0.4261 -0.4808
v -0.1438 0.4194 -0.4733
v -0.1262 0.4183 -0.4817
v -0.1299 0.4148 -0.4752
v -0.1325 0.4097 -0.4834
v -0.1496 0.4012 -0.4779
v -0.1540 0.3956 -0.4828
v -0.1470 0.3991 -0.4856
v -0.1566 0.3859 -0.5451
v -0.1448 0.4501 -0.5046
v -0.1342 0.4581 -0.5047
v -0.1413 0.4565 -0.5060
v -0.1735 0.3885 -0.5592
v -0.1752 0.3877 -0.5677
v -0.1706 0.3797 -0.5601
v -0.1853 0.3562 -0.6064
v -0.1934 0.3644 -0.6140
v -0.1884 0.3563 -0.6143
v -0.2177 0.3291 -0.6394
v -0.2156 0.3336 -0.6412
v -0.2191 0.3330 -0.6443
v -0.1841 0.3494 -0.6449
v -0.1931 0.3396 -0.6560
v -0.1828 0.3500 -0.6669
v -0.2122 0.3116 -0.7530
v -0.2020 0.3240 -0.7530
v -0.1928 0.3359 -0.7444
v -0.2336 0.2882 -0.7521
v -0.2391 0.2843 -0.7614
v -0.2342 0.2867 -0.7587
v -0.3007 0.2119 -0.7641
v -0.2972 0.2191 -0.7693
v -0.2918 0.2225 -0.7638
v -0.3094 0.1919 -0.7459
v -0.3157 0.1885 -0.7543
v -0.3106 0.1930 -0.7531
v -0.3437 0.1557 -0.7575
v -0.3441 0.1592 -0.7629
v -0.3381 0.1601 -0.7554
v -0.2953 0.2096 -0.6923
v -0.3079 0.1945 -0.7033
v -0.2989 0.2060 -0.7190
v -0.2730 0.2477 -0.6614
v -0.2734 0.2551 -0.6673
v -0.2755 0.2507 -0.6656
v -0.2550 0.2759 -0.6626
v -0.2513 0.2722 -0.6677
v -0.2494 0.2784 -0.6628
v -0.2266 0.3090 -0.6545
v -0.2224 0.3067 -0.6606
v -0.2188 0.3104 -0.6552
v -0.2468 0.2739 -0.6737
v -0.2498 0.2689 -0.6838
v -0.2410 0.2786 -0.6762
v -0.2788 0.2462 -0.6594
v -0.2805 0.2492 -0.6667
v -0.2807 0.2409 -0.6611
v -0.3066 0.2099 -0.6465
v -0.3104 0.2112 -0.6566
v -0.3134 0.2035 -0.6466
v -0.3072 0.1913 -0.6606
v -0.3120 0.1867 -0.6682
v -0.3074 0.1904 -0.6683
v -0.2872 0.2164 -0.6609
v -0.2800 0.2254 -0.6691
v -0.2833 0.2215 -0.6609
v -0.2954 0.2165 -0.6455
v -0.2893 0.2204 -0.6473
v -0.2932 0.2219 -0.6473
v -0.2971 0.2117 -0.6399
v -0.3041 0.2018 -0.6526
v -0.2993 0.2048 -0.6536
v -0.3026 0.1936 -0.6688
v -0.3085 0.1909 -0.6753
v -0.3029 0.1942 -0.6740
v -0.3656 0.1404 -0.7566
v -0.3625 0.1436 -0.7617
v -0.3471 0.1511 -0.7541
v -0.3515 0.1390 -0.7321
v -0.3511 0.1401 -0.7393
v -0.3418 0.1473 -0.7385
v -0.3348 0.1776 -0.6845
v -0.3334 0.1695 -0.6907
v -0.3279 0.1722 -0.6914
v -0.3293 0.1721 -0.6711
v -0.3324 0.1796 -0.6754
v -0.3267 0.1772 -0.6761
v -0.3313 0.1878 -0.6611
v -0.3269 0.1932 -0.6761
v -0.3305 0.1885 -0.6686
v -0.3188 0.1782 -0.6478
v -0.3258 0.1769 -0.6546
v -0.3187 0.1781 -0.6527
v -0.3175 0.1841 -0.6763
v -0.3242 0.1822 -0.6787
v -0.3247 0.1829 -0.6839
v -0.3670 0.1328 -0.7002
v -0.3646 0.1373 -0.6987
v -0.3731 0.1334 -0.6995
v -0.3549 0.1519 -0.6829
v -0.3496 0.1538 -0.6909
v -0.3573 0.1552 -0.6900
v -0.3343 0.1633 -0.6933
v -0.3409 0.1618 -0.6913
v -0.3362 0.1568 -0.7520
v -0.3328 0.1597 -0.7478
v -0.3161 0.1992 -0.6395
v -0.3164 0.1908 -0.6446
v -0.3123 0.1941 -0.6459
v -0.3102 0.2015 -0.6397
v -0.2714 0.2397 -0.6845
v -0.2749 0.2366 -0.6976
v -0.2670 0.2469 -0.6820
v -0.3256 0.1691 -0.7464
v -0.3318 0.1692 -0.7558
v -0.3270 0.1703 -0.7528
v -0.2606 0.2556 -0.7538
v -0.2759 0.2443 -0.7685
v -0.2602 0.2616 -0.7663
v -0.2171 0.3262 -0.6440
v -0.2359 0.3238 -0.6651
v -0.2307 0.3266 -0.6587
v -0.2277 0.3404 -0.6635
v -0.2663 0.2638 -0.6691
v -0.2728 0.2627 -0.6690
v -0.2236 0.3681 -0.6735
v -0.2128 0.3842 -0.6706
v -0.2203 0.3829 -0.6754
v -0.1709 0.5471 -0.6654
v -0.1743 0.5593 -0.6700
v -0.1754 0.5358 -0.6707
v -0.1580 0.4976 -0.5636
v -0.1604 0.5087 -0.5925
v -0.1576 0.4843 -0.5745
v -0.1520 0.5042 -0.5571
v -0.1532 0.4955 -0.5517
v -0.1542 0.4791 -0.5446
v -0.1563 0.4655 -0.5619
v -0.1504 0.4489 -0.5134
v -0.1544 0.4420 -0.5299
v -0.1406 0.5084 -0.5550
v -0.0900 0.5272 -0.5435
v -0.0957 0.5241 -0.5533
v -0.0878 0.5147 -0.5355
v -0.1128 0.6273 -0.5279
v -0.1140 0.6178 -0.5257
v -0.0299 0.5422 -0.5182
v -0.0623 0.4927 -0.5934
v -0.0634 0.4921 -0.6214
v -0.0933 0.4540 -0.7619
v -0.2601 0.2637 -0.7750
v -0.3883 0.1236 -0.7625
v -0.3895 0.1199 -0.7716
v -0.4020 0.0859 -0.7474
v -0.4087 0.0798 -0.7570
v -0.3963 0.0962 -0.7533
v -0.4356 0.0328 -0.8148
v -0.4288 0.0306 -0.8225
v -0.4322 0.0325 -0.8206
v -0.4131 0.0204 -0.8072
v -0.4151 0.0215 -0.8144
v -0.4268 0.0253 -0.8147
v -0.4154 0.0237 -0.7654
v -0.4010 0.0160 -0.7847
v -0.4162 0.0225 -0.7805
v -0.3448 0.0139 -0.7996
v -0.3536 0.0035 -0.8066
v -0.3552 0.0001 -0.7997
v -0.3309 0.0438 -0.8228
v -0.3323 0.0514 -0.8253
v -0.3372 0.0387 -0.8240
v -0.2878 0.0900 -0.8113
v -0.2903 0.0940 -0.8135
v -0.2915 0.0866 -0.8162
v -0.3358 0.0342 -0.8205
v -0.3305 0.0401 -0.8203
v -0.3275 0.0397 -0.8101
v -0.3358 0.0286 -0.8153
v -0.3382 0.0228 -0.8072
v -0.2884 0.0836 -0.7739
v -0.2881 0.0888 -0.7722
v -0.2874 0.0818 -0.7850
v -0.2816 0.1113 -0.7986
v -0.2835 0.1115 -0.8117
v -0.2856 0.1053 -0.8034
v -0.2838 0.1113 -0.7628
v -0.2823 0.1107 -0.7800
v -0.2894 0.1007 -0.7622
v -0.3038 0.0897 -0.7307
v -0.3027 0.0898 -0.7404
v -0.3081 0.0805 -0.7397
v -0.2705 0.1344 -0.7560
v -0.2685 0.1334 -0.7622
v -0.2750 0.1267 -0.7573
v -0.2503 0.1710 -0.7474
v -0.2425 0.1740 -0.7538
v -0.2488 0.1694 -0.7530
v -0.2799 0.1378 -0.7428
v -0.2751 0.1362 -0.7486
v -0.2823 0.1350 -0.7397
v -0.3042 0.1100 -0.6892
v -0.3051 0.1083 -0.7037
v -0.3052 0.1030 -0.6851
v -0.2408 0.1879 -0.6733
v -0.2506 0.1757 -0.7027
v -0.2755 0.1465 -0.6985
v -0.2054 0.2276 -0.7142
v -0.2260 0.2035 -0.7189
v -0.3045 0.1090 -0.6204
v -0.3056 0.1097 -0.6379
v -0.3059 0.1028 -0.6342
v -0.2866 0.1378 -0.5414
v -0.2938 0.1285 -0.5725
v -0.3003 0.1236 -0.5466
v -0.3115 0.0795 -0.5077
v -0.3075 0.0861 -0.5059
v -0.3111 0.0839 -0.5098
v -0.3046 0.1263 -0.5065
v -0.3042 0.1240 -0.5187
v -0.3057 0.1169 -0.5067
v -0.2943 0.1345 -0.4679
v -0.2891 0.1317 -0.4835
v -0.2981 0.1333 -0.4762
v -0.3049 0.1240 -0.4334
v -0.3050 0.1242 -0.4563
v -0.3076 0.1180 -0.4668
v -0.3035 0.1082 -0.4893
v -0.3028 0.1092 -0.4972
v -0.2971 0.1025 -0.4911
v -0.2987 0.0951 -0.4413
v -0.3027 0.0963 -0.4609
v -0.2949 0.1011 -0.4607
v -0.2937 0.1320 -0.4256
v -0.2902 0.1327 -0.4449
v -0.2943 0.1332 -0.4449
v -0.3117 0.1124 -0.3751
v -0.3128 0.1096 -0.4065
v -0.3136 0.1078 -0.3892
v -0.2943 0.0991 -0.4297
v -0.2927 0.1055 -0.4316
v -0.2899 0.1118 -0.4201
v -0.2897 0.1144 -0.4435
v -0.2880 0.1176 -0.4301
v -0.2954 0.1320 -0.2926
v -0.3047 0.1244 -0.3177
v -0.3046 0.1228 -0.2960
v -0.3119 0.0918 -0.3446
v -0.3187 0.0976 -0.3678
v -0.3123 0.0929 -0.3755
v -0.3145 0.0855 -0.3100
v -0.3144 0.0855 -0.3215
v -0.3065 0.0888 -0.3157
v -0.2838 0.1200 -0.1515
v -0.2829 0.1243 -0.1591
v -0.2807 0.1273 -0.1479
v -0.3018 0.0843 -0.1788
v -0.3022 0.0843 -0.2020
v -0.2970 0.0915 -0.2000
v -0.3166 0.0902 -0.3048
v -0.3200 0.1015 -0.3022
v -0.3170 0.0919 -0.3293
v -0.3095 0.0802 -0.1976
v -0.3102 0.0839 -0.2240
v -0.2977 0.0885 -0.0626
v -0.2989 0.0879 -0.0839
v -0.2930 0.0982 -0.0888
v -0.2751 0.1354 -0.0672
v -0.2792 0.1314 -0.0747
v -0.2775 0.1358 -0.0873
v -0.2953 0.0944 0.0275
v -0.2920 0.1004 0.0004
v -0.2882 0.1122 0.0181
v -0.3197 0.0855 -0.0475
v -0.3186 0.0869 -0.0651
v -0.3186 0.0803 -0.0475
v -0.3131 0.0794 -0.1223
v -0.3156 0.0789 -0.1325
v -0.3131 0.0786 -0.1423
v -0.3031 0.0775 -0.0167
v -0.3100 0.0750 -0.0283
v -0.3034 0.0775 -0.0323
v -0.3161 0.0791 -0.1171
v -0.2953 0.1320 -0.2424
v -0.2954 0.1321 -0.2597
v -0.3034 0.1245 -0.2409
v -0.2910 0.1308 -0.1672
v -0.2928 0.1313 -0.1865
v -0.2950 0.1321 -0.1749
v -0.2937 0.1315 -0.2366
v -0.2878 0.1249 -0.2482
v -0.2929 0.1314 -0.2501
v -0.3038 0.1245 -0.1054
v -0.3067 0.1203 -0.1219
v -0.3114 0.1145 -0.0938
v -0.2949 0.1321 -0.1319
v -0.2939 0.1318 -0.1413
v -0.2984 0.1292 -0.1440
v -0.3106 0.1136 -0.0340
v -0.3064 0.1191 -0.0347
v -0.3110 0.1144 -0.0457
v -0.2881 0.1296 -0.0765
v -0.2909 0.1285 -0.0922
v -0.2989 0.1259 -0.0670
v -0.2577 0.1464 -0.1111
v -0.2610 0.1442 -0.1496
v -0.2498 0.1523 -0.1423
v -0.2179 0.1838 -0.1980
v -0.2188 0.1874 -0.2182
v -0.2186 0.1937 -0.1886
v -0.2253 0.1773 -0.3365
v -0.2210 0.1844 -0.3607
v -0.2212 0.1836 -0.3254
v -0.2323 0.1848 -0.4756
v -0.2355 0.1886 -0.4683
v -0.2261 0.1876 -0.4743
v -0.2585 0.1634 -0.4380
v -0.2601 0.1632 -0.4434
v -0.2494 0.1662 -0.4412
v -0.2566 0.1700 -0.4373
v -0.2546 0.1654 -0.4282
v -0.2328 0.1931 -0.4314
v -0.2280 0.1919 -0.4449
v -0.2318 0.1920 -0.4546
v -0.2246 0.1916 -0.3605
v -0.2187 0.1887 -0.3582
v -0.2434 0.1864 -0.4028
v -0.2381 0.1918 -0.4140
v -0.2481 0.1812 -0.4300
v -0.2337 0.1708 -0.4066
v -0.2296 0.1799 -0.4079
v -0.2299 0.1764 -0.3995
v -0.2648 0.1614 -0.3447
v -0.2649 0.1613 -0.3524
v -0.2588 0.1587 -0.3481
v -0.2588 0.1692 -0.3482
v -0.2648 0.1625 -0.3306
v -0.2660 0.1561 -0.2404
v -0.2658 0.1637 -0.2559
v -0.2645 0.1555 -0.2521
v -0.2411 0.1946 -0.2444
v -0.2460 0.1864 -0.2662
v -0.2527 0.1790 -0.2422
v -0.2664 0.1614 -0.2140
v -0.2655 0.1625 -0.2284
v -0.2698 0.1571 -0.2204
v -0.2642 0.1501 -0.1823
v -0.2681 0.1576 -0.1825
v -0.2664 0.1502 -0.1980
v -0.2666 0.1541 -0.1433
v -0.2654 0.1628 -0.1670
v -0.2669 0.1544 -0.1583
v -0.2668 0.1539 -0.1216
v -0.2639 0.1616 -0.1234
v -0.2650 0.1594 -0.1297
v -0.2272 0.1960 -0.1690
v -0.2344 0.1952 -0.1746
v -0.2334 0.1945 -0.1620
v -0.2664 0.1565 -0.0656
v -0.2663 0.1565 -0.0962
v -0.2704 0.1450 -0.0628
v -0.2608 0.1660 -0.0094
v -0.2577 0.1702 -0.0309
v -0.2626 0.1642 -0.0335
v -0.2275 0.1960 -0.1478
v -0.2184 0.1778 -0.1500
v -0.2216 0.1763 -0.1615
v -0.2187 0.1780 -0.1581
v -0.2530 0.1501 0.0420
v -0.2449 0.1546 -0.0020
v -0.2440 0.1560 0.0534
v -0.2268 0.1945 -0.0828
v -0.2186 0.1930 -0.0881
v -0.2276 0.1959 -0.1170
v -0.2342 0.1945 0.0067
v -0.2327 0.1947 -0.0125
v -0.2384 0.1910 -0.0214
v -0.2618 0.1646 0.0581
v -0.2592 0.1678 0.0513
v -0.2653 0.1619 0.0528
v -0.2327 0.1939 0.0784
v -0.2340 0.1943 0.0568
v -0.2402 0.1875 0.0699
v -0.2229 0.1736 0.1454
v -0.2181 0.1778 0.1181
v -0.2219 0.1853 0.1637
v -0.2671 0.1414 0.0356
v -0.2696 0.1403 -0.0035
v -0.2593 0.1461 -0.0117
v -0.2874 0.1106 0.1218
v -0.2882 0.1098 0.0879
v -0.2863 0.1155 0.0991
v -0.2876 0.1147 0.1345
v -0.2895 0.1139 0.1514
v -0.2924 0.1062 0.1518
v -0.2897 0.1231 0.1495
v -0.2865 0.1253 0.1411
v -0.2937 0.1237 0.1495
v -0.2792 0.1369 0.0728
v -0.2865 0.1305 0.0645
v -0.2839 0.1319 0.0729
v -0.2716 0.1461 0.0135
v -0.2680 0.1530 -0.0013
v -0.2725 0.1456 -0.0082
v -0.2742 0.1401 0.1092
v -0.2748 0.1387 0.0934
v -0.2693 0.1407 0.0955
v -0.2638 0.1542 0.1223
v -0.2696 0.1466 0.1077
v -0.2704 0.1446 0.1187
v -0.2620 0.1574 0.1280
v -0.2634 0.1602 0.1107
v -0.2198 0.1931 0.2073
v -0.2268 0.1950 0.1975
v -0.2303 0.1692 0.1681
v -0.2339 0.1669 0.1569
v -0.2265 0.1707 0.1684
v -0.2546 0.1575 0.2152
v -0.2551 0.1575 0.1998
v -0.2504 0.1561 0.2094
v -0.2302 0.1734 0.2455
v -0.2245 0.1762 0.2175
v -0.2236 0.1785 0.2388
v -0.2563 0.1611 0.1726
v -0.2559 0.1607 0.1901
v -0.2516 0.1659 0.2102
v -0.2511 0.1682 0.3023
v -0.2426 0.1779 0.2872
v -0.2505 0.1686 0.2817
v -0.2499 0.1695 0.3187
v -0.2303 0.1906 0.3193
v -0.2305 0.1911 0.3042
v -0.2260 0.1868 0.3260
v -0.2261 0.1787 0.3191
v -0.2221 0.1824 0.3192
v -0.2529 0.1654 0.3113
v -0.2502 0.1551 0.3633
v -0.2285 0.1745 0.3441
v -0.2501 0.1548 0.3865
v -0.2189 0.1780 0.3939
v -0.2196 0.1854 0.3937
v -0.2222 0.1765 0.3962
v -0.2268 0.1704 0.4489
v -0.2232 0.1745 0.4358
v -0.2174 0.1788 0.4506
v -0.2019 0.1855 0.5977
v -0.2033 0.1875 0.5646
v -0.2024 0.1948 0.5851
v -0.2471 0.1866 0.4954
v -0.2426 0.1938 0.4809
v -0.2489 0.1841 0.4833
v -0.2366 0.1886 0.3883
v -0.2251 0.1846 0.3574
v -0.2359 0.1878 0.3574
v -0.2594 0.1677 0.3608
v -0.2592 0.1660 0.3502
v -0.2651 0.1630 0.3573
v -0.2673 0.1505 0.4573
v -0.2583 0.1523 0.4439
v -0.2559 0.1522 0.4572
v -0.2664 0.1510 0.4409
v -0.2712 0.1510 0.4386
v -0.2710 0.1505 0.4232
v -0.2681 0.1594 0.4541
v -0.2679 0.1593 0.4303
v -0.2717 0.1535 0.4425
v -0.2727 0.1541 0.4888
v -0.2641 0.1647 0.4751
v -0.2726 0.1540 0.4734
v -0.2600 0.1673 0.5999
v -0.2562 0.1716 0.5819
v -0.2609 0.1654 0.5898
v -0.2685 0.1577 0.5198
v -0.2698 0.1571 0.5114
v -0.2650 0.1494 0.5196
v -0.2393 0.1539 0.6069
v -0.2401 0.1532 0.5703
v -0.2300 0.1595 0.5950
v -0.2600 0.1570 0.6352
v -0.2646 0.1610 0.6376
v -0.2621 0.1655 0.6352
v -0.2312 0.1576 0.6430
v -0.2176 0.1685 0.6047
v -0.2134 0.1693 0.6380
v -0.2186 0.2046 0.6140
v -0.2186 0.2029 0.5801
v -0.2274 0.2030 0.5977
v -0.2430 0.1876 0.6665
v -0.2351 0.1958 0.6644
v -0.2523 0.1765 0.6157
v -0.2716 0.1462 0.6654
v -0.2695 0.1436 0.6604
v -0.2723 0.1392 0.6661
v -0.2824 0.1390 0.6798
v -0.2762 0.1428 0.6736
v -0.2787 0.1391 0.6724
v -0.2421 0.1241 0.6482
v -0.2418 0.1206 0.6285
v -0.2497 0.1160 0.6460
v -0.2265 0.1111 0.4315
v -0.2005 0.1269 0.4190
v -0.2238 0.1121 0.3707
v -0.1937 0.1373 -0.0428
v -0.1980 0.1355 -0.0683
v -0.2199 0.1191 -0.0428
v -0.1987 0.1397 -0.1970
v -0.1953 0.1449 -0.2379
v -0.2045 0.1360 -0.2278
v -0.2299 0.1099 -0.0204
v -0.2251 0.1158 -0.0833
v -0.2356 0.1056 -0.0560
v -0.2513 0.0905 -0.1241
v -0.2573 0.0839 -0.1679
v -0.2587 0.0783 -0.1153
v -0.2640 0.1001 -0.3665
v -0.2594 0.1079 -0.4008
v -0.2635 0.1052 -0.4182
v -0.2895 0.0548 -0.4668
v -0.2899 0.0609 -0.4799
v -0.2922 0.0482 -0.4824
v -0.3283 0.0571 -0.5058
v -0.3244 0.0644 -0.5139
v -0.3286 0.0583 -0.5154
v -0.3249 0.0449 -0.4870
v -0.3258 0.0471 -0.4908
v -0.3340 0.0445 -0.4909
v -0.3287 0.0381 -0.4698
v -0.3178 0.0352 -0.4742
v -0.3242 0.0401 -0.4798
v -0.3113 0.0817 -0.6517
v -0.3079 0.0879 -0.6676
v -0.3107 0.0811 -0.6903
v -0.3190 0.0546 -0.7727
v -0.3097 0.0613 -0.7768
v -0.3164 0.0539 -0.7788
v -0.3543 0.0059 -0.7700
v -0.3423 0.0207 -0.7793
v -0.3518 0.0072 -0.7859
v -0.3443 0.0312 -0.7513
v -0.3388 0.0333 -0.7591
v -0.3482 0.0156 -0.7647
v -0.3911 0.0160 -0.7600
v -0.3972 0.0192 -0.7609
v -0.3972 0.0231 -0.7563
v -0.4069 0.0234 -0.7594
v -0.4109 0.0271 -0.7583
v -0.4101 0.0495 -0.7413
v -0.4151 0.0558 -0.7406
v -0.4111 0.0550 -0.7373
v -0.4069 0.0532 -0.7309
v -0.4100 0.0562 -0.7307
v -0.3883 0.1039 -0.6949
v -0.3886 0.1010 -0.7065
v -0.3852 0.1070 -0.7066
v -0.3717 0.1249 -0.6543
v -0.3744 0.1249 -0.6627
v -0.3694 0.1274 -0.6614
v -0.3937 0.1298 -0.6656
v -0.3972 0.1282 -0.6698
v -0.4033 0.1274 -0.6607
v -0.4163 0.1180 -0.6876
v -0.4116 0.1235 -0.6918
v -0.4166 0.1270 -0.6779
v -0.4244 0.1292 -0.6640
v -0.4174 0.1427 -0.6570
v -0.4252 0.1409 -0.6510
v -0.3937 0.1608 -0.6847
v -0.3907 0.1589 -0.6931
v -0.3873 0.1658 -0.6870
v -0.3752 0.1963 -0.6103
v -0.3660 0.2065 -0.6162
v -0.3649 0.2243 -0.5969
v -0.3869 0.2498 -0.5670
v -0.3800 0.2386 -0.5788
v -0.3512 0.2858 -0.5768
v -0.3816 0.1937 -0.6074
v -0.3782 0.1989 -0.6046
v -0.3875 0.1926 -0.6061
v -0.4045 0.1711 -0.6553
v -0.3970 0.1713 -0.6634
v -0.4021 0.1732 -0.6524
v -0.4108 0.1778 -0.6340
v -0.4087 0.1815 -0.6270
v -0.4144 0.1772 -0.6281
v -0.4325 0.1386 -0.6440
v -0.4314 0.1306 -0.6526
v -0.4298 0.1389 -0.6478
v -0.4239 0.1689 -0.6205
v -0.4201 0.1675 -0.6248
v -0.4196 0.1736 -0.6227
v -0.3941 0.2008 -0.5907
v -0.3956 0.1963 -0.5984
v -0.3885 0.2012 -0.5942
v -0.4223 0.1912 -0.5992
v -0.4168 0.1933 -0.5973
v -0.4220 0.1932 -0.5952
v -0.4436 0.1624 -0.6264
v -0.4445 0.1567 -0.6285
v -0.4407 0.1557 -0.6335
v -0.4495 0.1728 -0.5980
v -0.4485 0.1700 -0.6062
v -0.4463 0.1707 -0.6013
v -0.4585 0.1626 -0.6138
v -0.4581 0.1654 -0.6192
v -0.4379 0.1197 -0.6441
v -0.4433 0.1110 -0.6481
v -0.4428 0.1121 -0.6536
v -0.4339 0.1078 -0.6538
v -0.4235 0.1132 -0.6697
v -0.4309 0.1068 -0.6685
v -0.4062 0.1260 -0.6132
v -0.3994 0.1339 -0.6226
v -0.4090 0.1249 -0.6215
v -0.4169 0.1083 -0.6091
v -0.4188 0.1160 -0.6188
v -0.4301 0.0959 -0.6131
v -0.4380 0.1080 -0.6310
v -0.4424 0.1019 -0.6391
v -0.4409 0.1085 -0.6373
v -0.4328 0.1342 -0.6216
v -0.4335 0.1231 -0.6311
v -0.4327 0.1325 -0.6302
v -0.4795 0.1582 -0.5878
v -0.4818 0.1623 -0.5918
v -0.4842 0.1601 -0.5880
v -0.4861 0.1748 -0.5814
v -0.4883 0.1709 -0.5841
v -0.4853 0.1688 -0.5886
v -0.4808 0.1588 -0.5666
v -0.4853 0.1597 -0.5834
v -0.4881 0.1637 -0.5702
v -0.4464 0.1418 -0.5861
v -0.4343 0.1345 -0.5972
v -0.4415 0.1397 -0.5982
v -0.4193 0.1120 -0.5844
v -0.4218 0.1257 -0.5802
v -0.4162 0.1157 -0.5798
v -0.4143 0.0991 -0.5916
v -0.4097 0.1058 -0.5997
v -0.4163 0.0994 -0.5985
v -0.4057 0.1239 -0.5845
v -0.4028 0.1303 -0.5889
v -0.4043 0.1236 -0.5910
v -0.3590 0.1661 -0.6156
v -0.3478 0.1642 -0.6227
v -0.3597 0.1643 -0.6235
v -0.3514 0.1497 -0.6614
v -0.3570 0.1468 -0.6679
v -0.3525 0.1505 -0.6690
v -0.3771 0.1544 -0.6185
v -0.3804 0.1479 -0.6362
v -0.3595 0.1349 -0.6495
v -0.3491 0.1478 -0.6459
v -0.3487 0.1472 -0.6380
v -0.3580 0.1742 -0.5577
v -0.3504 0.1753 -0.5686
v -0.3587 0.1739 -0.5727
v -0.3514 0.1760 -0.5353
v -0.3439 0.1734 -0.5471
v -0.3504 0.1750 -0.5530
v -0.3547 0.1405 -0.5742
v -0.3644 0.1300 -0.6214
v -0.3468 0.1486 -0.5936
v -0.3891 0.1034 -0.6795
v -0.3876 0.1096 -0.6852
v -0.3867 0.1095 -0.6758
v -0.3816 0.1137 -0.6017
v -0.3843 0.1095 -0.6316
v -0.3765 0.1186 -0.6188
v -0.4114 0.0714 -0.6373
v -0.4114 0.0677 -0.6520
v -0.4061 0.0786 -0.6369
v -0.4117 0.0597 -0.6731
v -0.4097 0.0565 -0.6854
v -0.4115 0.0590 -0.6965
v -0.3591 0.0335 -0.7097
v -0.3542 0.0337 -0.7129
v -0.3566 0.0338 -0.7202
v -0.3493 0.0363 -0.6287
v -0.3536 0.0321 -0.6609
v -0.3542 0.0332 -0.6321
v -0.3707 0.0384 -0.4564
v -0.3601 0.0342 -0.5018
v -0.3677 0.0365 -0.5460
v -0.4091 0.0763 -0.5539
v -0.4117 0.0731 -0.5794
v -0.4051 0.0856 -0.5625
v -0.3626 0.1331 -0.4361
v -0.3541 0.1423 -0.4831
v -0.3526 0.1448 -0.4445
v -0.3339 0.1683 -0.5508
v -0.3337 0.1686 -0.5684
v -0.3416 0.1739 -0.5684
v -0.3508 0.1784 -0.4940
v -0.3509 0.1794 -0.5066
v -0.3556 0.1798 -0.4915
v -0.3840 0.1867 -0.4040
v -0.3748 0.1950 -0.4061
v -0.3795 0.1891 -0.4220
v -0.3569 0.1798 -0.4641
v -0.3525 0.1765 -0.4831
v -0.3563 0.1802 -0.4757
v -0.3434 0.1603 -0.4332
v -0.3452 0.1532 -0.4531
v -0.3428 0.1581 -0.4508
v -0.3569 0.1947 -0.4218
v -0.3572 0.1881 -0.4289
v -0.3581 0.1923 -0.4284
v -0.3564 0.2095 -0.3851
v -0.3546 0.2088 -0.4038
v -0.3677 0.2013 -0.3949
v -0.3869 0.1836 -0.3275
v -0.3806 0.1935 -0.3306
v -0.3975 0.1704 -0.3445
v -0.4111 0.1527 -0.3324
v -0.4144 0.1472 -0.3564
v -0.4264 0.1338 -0.3418
v -0.3884 0.1780 -0.3007
v -0.3796 0.1924 -0.3229
v -0.3922 0.1759 -0.3137
v -0.3506 0.2098 -0.3602
v -0.3434 0.2086 -0.3758
v -0.3499 0.2087 -0.3774
v -0.3348 0.1722 -0.3862
v -0.3351 0.1742 -0.3989
v -0.3361 0.1777 -0.3910
v -0.3408 0.1644 -0.3347
v -0.3497 0.1474 -0.3521
v -0.3405 0.1632 -0.3840
v -0.3351 0.1778 -0.3841
v -0.3377 0.1840 -0.3884
v -0.3348 0.1846 -0.3822
v -0.3428 0.2013 -0.3048
v -0.3491 0.2016 -0.3191
v -0.3573 0.1985 -0.3104
v -0.3969 0.1691 -0.2592
v -0.3886 0.1692 -0.2653
v -0.3966 0.1680 -0.2675
v -0.4202 0.1608 -0.2442
v -0.4202 0.1567 -0.2535
v -0.4348 0.1514 -0.2361
v -0.4294 0.1701 -0.1980
v -0.4257 0.1708 -0.2120
v -0.4401 0.1638 -0.1940
v -0.4833 0.1301 -0.1646
v -0.4817 0.1279 -0.1797
v -0.4861 0.1248 -0.1733
v -0.5059 0.1396 -0.1389
v -0.5020 0.1455 -0.1411
v -0.5044 0.1479 -0.1333
v -0.4877 0.1650 -0.1385
v -0.4824 0.1644 -0.1481
v -0.4796 0.1725 -0.1404
v -0.4516 0.1926 -0.1473
v -0.4415 0.1952 -0.1684
v -0.4432 0.1970 -0.1522
v -0.4132 0.2301 -0.1529
v -0.4119 0.2219 -0.1631
v -0.4056 0.2317 -0.1632
v -0.3179 0.3731 -0.2285
v -0.2856 0.4175 -0.2623
v -0.3018 0.4236 -0.2460
v -0.1642 0.6197 -0.4090
v -0.1593 0.6289 -0.4206
v -0.1624 0.6395 -0.4110
v -0.1483 0.7529 -0.5096
v -0.1467 0.7762 -0.5101
v -0.1449 0.7644 -0.5033
v -0.1919 0.8320 -0.5917
v -0.1900 0.8213 -0.6016
v -0.1891 0.8501 -0.5990
v -0.1810 0.8485 -0.6541
v -0.1780 0.8815 -0.6530
v -0.1822 0.8742 -0.6486
v -0.1693 0.7897 -0.6647
v -0.1637 0.7963 -0.6650
v -0.1664 0.8077 -0.6651
v -0.1248 0.8575 -0.6894
v -0.1252 0.8481 -0.6938
v -0.1161 0.8513 -0.6919
v -0.0869 0.8121 -0.7002
v -0.0968 0.8156 -0.7025
v -0.0962 0.8072 -0.7074
v -0.1350 0.8842 -0.6776
v -0.1404 0.8752 -0.6812
v -0.1340 0.8758 -0.6819
v -0.1518 0.9026 -0.6692
v -0.1548 0.9146 -0.6636
v -0.1631 0.9032 -0.6610
v -0.1295 0.8832 -0.6730
v -0.1284 0.8776 -0.6794
v -0.1237 0.8774 -0.6718
v -0.1270 0.8936 -0.6533
v -0.1305 0.8935 -0.6604
v -0.1263 0.8892 -0.6558
v -0.1008 0.9113 -0.6633
v -0.1003 0.9216 -0.6622
v -0.1073 0.9246 -0.6589
v -0.0694 0.8779 -0.6831
v -0.0714 0.8866 -0.6799
v -0.0814 0.8835 -0.6768
v -0.0466 0.8412 -0.6990
v -0.0458 0.8464 -0.6982
v -0.0561 0.8431 -0.6934
v -0.0957 0.8984 -0.6643
v -0.0854 0.8953 -0.6730
v -0.0913 0.9028 -0.6682
v -0.0934 0.8819 -0.6592
v -0.0859 0.8834 -0.6718
v -0.0968 0.8877 -0.6585
v -0.0983 0.8440 -0.6750
v -0.0958 0.8357 -0.6859
v -0.0900 0.8320 -0.6756
v -0.0644 0.8179 -0.6678
v -0.0577 0.8245 -0.6698
v -0.0625 0.8266 -0.6687
v -0.0138 0.7949 -0.7196
v -0.0058 0.7943 -0.7224
v -0.0092 0.8009 -0.7204
v 0.0392 0.7264 -0.7490
v 0.0440 0.7324 -0.7490
v 0.0370 0.7328 -0.7477
v 0.0796 0.6728 -0.7693
v 0.0738 0.6865 -0.7649
v 0.0684 0.6794 -0.7655
v 0.0955 0.6297 -0.7839
v 0.1063 0.6211 -0.7884
v 0.1012 0.6366 -0.7840
v 0.1537 0.5416 -0.8056
v 0.1569 0.5466 -0.8036
v 0.1516 0.5476 -0.8048
v 0.1377 0.5753 -0.7982
v 0.1370 0.5635 -0.8015
v 0.1432 0.5690 -0.8000
v 0.1062 0.5864 -0.7866
v 0.1137 0.5800 -0.7925
v 0.1083 0.5965 -0.7896
v 0.1027 0.5882 -0.7457
v 0.1046 0.5859 -0.7521
v 0.0980 0.5959 -0.7457
v 0.0975 0.5705 -0.7497
v 0.0972 0.5764 -0.7475
v 0.0886 0.5771 -0.7479
v 0.1187 0.5502 -0.7774
v 0.1274 0.5352 -0.7854
v 0.1187 0.5522 -0.7841
v 0.1695 0.4935 -0.8137
v 0.1753 0.4974 -0.8151
v 0.1683 0.5089 -0.8135
v 0.2085 0.4451 -0.8293
v 0.2208 0.4356 -0.8319
v 0.2176 0.4453 -0.8280
v 0.2467 0.3850 -0.8452
v 0.2518 0.3929 -0.8437
v 0.2448 0.3935 -0.8434
v 0.2489 0.3677 -0.8461
v 0.2462 0.3788 -0.8455
v 0.2364 0.3701 -0.8382
v 0.2995 0.3635 -0.8365
v 0.2890 0.3723 -0.8387
v 0.2899 0.3677 -0.8428
v 0.2580 0.4130 -0.8282
v 0.2705 0.3945 -0.8355
v 0.2746 0.3990 -0.8256
v 0.2295 0.4581 -0.8136
v 0.2358 0.4439 -0.8201
v 0.2430 0.4423 -0.8138
v 0.1740 0.5144 -0.8114
v 0.1672 0.5169 -0.8119
v 0.1888 0.5265 -0.7894
v 0.1850 0.5266 -0.7970
v 0.1952 0.5134 -0.7957
v 0.1888 0.5158 -0.8028
v 0.2060 0.4973 -0.7983
v 0.1876 0.5342 -0.7763
v 0.1765 0.5476 -0.7840
v 0.1077 0.6586 -0.7712
v 0.1039 0.6530 -0.7761
v 0.1113 0.6459 -0.7774
v 0.0786 0.7005 -0.7581
v 0.0819 0.6860 -0.7660
v 0.0904 0.6878 -0.7615
v 0.0706 0.7153 -0.7516
v 0.0599 0.7207 -0.7522
v 0.0657 0.7150 -0.7549
v 0.0353 0.7617 -0.7330
v 0.0321 0.7571 -0.7387
v 0.0457 0.7511 -0.7362
v 0.0010 0.8100 -0.7111
v -0.0101 0.8096 -0.7165
v 0.0063 0.7988 -0.7177
v -0.0266 0.8476 -0.6886
v -0.0299 0.8454 -0.6955
v -0.0185 0.8351 -0.6979
v 0.0059 0.8182 -0.6667
v 0.0128 0.8074 -0.6759
v 0.0227 0.8029 -0.6663
v -0.0458 0.8705 -0.6819
v -0.0504 0.8703 -0.6864
v -0.0449 0.8675 -0.6861
v -0.0893 0.9285 -0.6533
v -0.0894 0.9256 -0.6589
v -0.0839 0.9222 -0.6534
v -0.1241 0.9429 -0.6528
v -0.1182 0.9488 -0.6544
v -0.1274 0.9500 -0.6523
v -0.1194 0.9581 -0.6258
v -0.1120 0.9534 -0.6389
v -0.1493 1.0031 -0.6512
v -0.1494 0.9940 -0.6599
v -0.1463 0.9921 -0.6461
v -0.1784 0.9811 -0.6859
v -0.1723 0.9869 -0.6861
v -0.1784 0.9868 -0.6850
v -0.1787 1.0026 -0.6742
v -0.1786 0.9936 -0.6808
v -0.1719 1.0029 -0.6761
v -0.1643 1.0506 -0.6905
v -0.1612 1.0537 -0.6913
v -0.1698 1.0547 -0.6882
v -0.1937 1.0195 -0.6610
v -0.1901 1.0176 -0.6644
v -0.1924 1.0225 -0.6670
v -0.1993 1.0566 -0.6799
v -0.1942 1.0610 -0.6801
v -0.1987 1.0604 -0.6787
v -0.1407 1.0504 -0.6788
v -0.1408 1.0551 -0.6784
v -0.1470 1.0504 -0.6853
v -0.1420 1.0269 -0.6602
v -0.1363 1.0435 -0.6674
v -0.1415 1.0331 -0.6705
v -0.1495 1.0073 -0.6429
v -0.1491 1.0125 -0.6518
v -0.1460 1.0289 -0.6343
v -0.1414 1.0381 -0.6364
v -0.1409 1.0309 -0.6412
v -0.1382 1.0503 -0.6744
v -0.1395 1.0433 -0.6748
v -0.1545 1.0569 -0.6337
v -0.1648 1.0611 -0.6342
v -0.1468 1.0602 -0.6368
v -0.1945 1.0708 -0.6603
v -0.1884 1.0691 -0.6677
v -0.1878 1.0717 -0.6603
v -0.2092 1.0562 -0.6601
v -0.2075 1.0569 -0.6673
v -0.2060 1.0609 -0.6611
v -0.1923 1.0105 -0.6542
v -0.1891 1.0026 -0.6591
v -0.1909 1.0132 -0.6597
v -0.2057 0.9682 -0.6430
v -0.1970 0.9740 -0.6453
v -0.2022 0.9725 -0.6426
v -0.2182 0.9574 -0.6441
v -0.2108 0.9657 -0.6440
v -0.2153 0.9654 -0.6423
v -0.2548 0.9033 -0.6330
v -0.2569 0.9053 -0.6363
v -0.2509 0.9108 -0.6343
v -0.2267 0.9426 -0.6439
v -0.2207 0.9497 -0.6427
v -0.2254 0.9493 -0.6439
v -0.2291 0.9450 -0.6305
v -0.2235 0.9439 -0.6329
v -0.2344 0.9343 -0.6309
v -0.2539 0.8992 -0.6457
v -0.2451 0.9124 -0.6446
v -0.2505 0.9090 -0.6445
v -0.2850 0.8501 -0.6429
v -0.2853 0.8478 -0.6468
v -0.2786 0.8630 -0.6444
v -0.2573 0.8886 -0.6322
v -0.2608 0.8946 -0.6345
v -0.2556 0.8958 -0.6319
v -0.2665 0.8851 -0.6359
v -0.2651 0.8910 -0.6408
v -0.2731 0.8577 -0.6344
v -0.2719 0.8649 -0.6342
v -0.2678 0.8597 -0.6359
v -0.2917 0.8331 -0.6363
v -0.2898 0.8384 -0.6368
v -0.2876 0.8341 -0.6351
v -0.3076 0.8040 -0.6492
v -0.3025 0.8103 -0.6505
v -0.3044 0.8141 -0.6478
v -0.3226 0.7736 -0.6529
v -0.3158 0.7931 -0.6492
v -0.3228 0.7812 -0.6453
v -0.3103 0.7764 -0.6487
v -0.3059 0.7889 -0.6496
v -0.3149 0.7804 -0.6528
v -0.3349 0.7421 -0.6396
v -0.3394 0.7477 -0.6417
v -0.3335 0.7495 -0.6391
v -0.3203 0.7576 -0.6457
v -0.3184 0.7617 -0.6490
v -0.3231 0.7555 -0.6490
v -0.3452 0.7134 -0.6511
v -0.3387 0.7313 -0.6534
v -0.3462 0.7209 -0.6538
v -0.3644 0.6950 -0.6422
v -0.3667 0.6990 -0.6442
v -0.3634 0.7020 -0.6432
v -0.3345 0.7317 -0.6492
v -0.3360 0.7346 -0.6415
v -0.3329 0.7370 -0.6458
v -0.3563 0.7103 -0.6419
v -0.3588 0.7140 -0.6440
v -0.3553 0.7172 -0.6427
v -0.3641 0.6796 -0.6512
v -0.3649 0.6774 -0.6545
v -0.3697 0.6687 -0.6521
v -0.3871 0.6564 -0.6444
v -0.3825 0.6688 -0.6446
v -0.3803 0.6644 -0.6432
v -0.3724 0.6617 -0.6490
v -0.3752 0.6584 -0.6519
v -0.3801 0.6510 -0.6484
v -0.4005 0.6356 -0.6482
v -0.4097 0.6231 -0.6529
v -0.4020 0.6369 -0.6528
v -0.4147 0.6040 -0.6607
v -0.4108 0.6076 -0.6601
v -0.4086 0.6168 -0.6582
v -0.4325 0.5561 -0.6516
v -0.4358 0.5574 -0.6496
v -0.4346 0.5644 -0.6485
v -0.4534 0.5413 -0.6631
v -0.4473 0.5497 -0.6623
v -0.4463 0.5539 -0.6595
v -0.4548 0.5386 -0.6528
v -0.4629 0.5283 -0.6603
v -0.4509 0.5469 -0.6572
v -0.4614 0.5232 -0.6531
v -0.4680 0.5133 -0.6551
v -0.4616 0.5268 -0.6555
v -0.4349 0.5472 -0.6571
v -0.4333 0.5531 -0.6619
v -0.4390 0.5426 -0.6591
v -0.4811 0.4962 -0.6586
v -0.4860 0.4856 -0.6665
v -0.4812 0.4964 -0.6635
v -0.4756 0.4984 -0.6536
v -0.4747 0.5065 -0.6571
v -0.4721 0.5016 -0.6531
v -0.4774 0.4767 -0.6649
v -0.4749 0.4879 -0.6675
v -0.4834 0.4656 -0.6663
v -0.5190 0.4175 -0.6584
v -0.5306 0.4059 -0.6643
v -0.5219 0.4211 -0.6624
v -0.4942 0.4479 -0.6590
v -0.4887 0.4537 -0.6650
v -0.4957 0.4436 -0.6621
v -0.4974 0.4666 -0.6585
v -0.4947 0.4708 -0.6610
v -0.4938 0.4699 -0.6570
v -0.5135 0.4372 -0.6594
v -0.5129 0.4394 -0.6639
v -0.5100 0.4401 -0.6581
v -0.5155 0.4317 -0.6591
v -0.5109 0.4328 -0.6574
v -0.5034 0.4306 -0.6597
v -0.4965 0.4387 -0.6651
v -0.5432 0.3776 -0.6743
v -0.5376 0.3841 -0.6750
v -0.5385 0.3886 -0.6725
v -0.5571 0.3293 -0.6715
v -0.5614 0.3234 -0.6739
v -0.5637 0.3219 -0.6685
v -0.5231 0.3932 -0.6680
v -0.5227 0.3963 -0.6718
v -0.5268 0.3841 -0.6686
v -0.5347 0.3821 -0.6620
v -0.5294 0.3881 -0.6633
v -0.5302 0.3827 -0.6652
v -0.5404 0.3914 -0.6679
v -0.5338 0.4014 -0.6679
v -0.5566 0.3552 -0.6660
v -0.5539 0.3623 -0.6661
v -0.5506 0.3562 -0.6645
v -0.5717 0.3133 -0.6686
v -0.5683 0.3134 -0.6719
v -0.5818 0.3126 -0.6726
v -0.5833 0.3067 -0.6757
v -0.5777 0.3182 -0.6748
v -0.5918 0.2658 -0.6880
v -0.5930 0.2576 -0.6967
v -0.5884 0.2607 -0.6897
v -0.5811 0.2451 -0.7438
v -0.5848 0.2395 -0.7462
v -0.5809 0.2398 -0.7473
v -0.5825 0.2144 -0.7233
v -0.5737 0.2305 -0.7347
v -0.5823 0.2175 -0.7323
v -0.5963 0.2319 -0.7377
v -0.5926 0.2277 -0.7401
v -0.5929 0.2324 -0.7408
v -0.6183 0.2025 -0.7143
v -0.6122 0.2120 -0.7238
v -0.6247 0.2078 -0.7046
v -0.5982 0.1912 -0.7153
v -0.5948 0.1930 -0.7219
v -0.5981 0.1926 -0.7261
v -0.5987 0.1923 -0.7069
v -0.5942 0.1951 -0.7097
v -0.6226 0.1867 -0.6872
v -0.6284 0.1918 -0.6951
v -0.6302 0.1908 -0.6837
v -0.6208 0.2266 -0.7041
v -0.6172 0.2303 -0.7053
v -0.6180 0.2311 -0.6988
v -0.5975 0.2654 -0.6908
v -0.5967 0.2730 -0.6846
v -0.6030 0.2683 -0.6872
v -0.6197 0.2533 -0.6536
v -0.6237 0.2572 -0.6592
v -0.6191 0.2593 -0.6607
v -0.5940 0.2843 -0.6727
v -0.5892 0.2965 -0.6737
v -0.5890 0.2868 -0.6712
v -0.5793 0.2461 -0.6980
v -0.5844 0.2469 -0.7047
v -0.5807 0.2418 -0.7063
v -0.5795 0.2339 -0.6934
v -0.5783 0.2327 -0.7002
v -0.5806 0.2255 -0.6966
v -0.6023 0.1859 -0.6728
v -0.6048 0.1858 -0.6840
v -0.6118 0.1852 -0.6765
v -0.6373 0.2127 -0.6603
v -0.6350 0.2269 -0.6576
v -0.6344 0.2304 -0.6486
v -0.6269 0.2503 -0.6559
v -0.6277 0.2476 -0.6618
v -0.6273 0.2573 -0.6650
v -0.6316 0.2468 -0.6184
v -0.6319 0.2504 -0.6233
v -0.6279 0.2493 -0.6189
v -0.6091 0.2422 -0.6425
v -0.6054 0.2451 -0.6521
v -0.6062 0.2387 -0.6453
v -0.5876 0.2582 -0.6675
v -0.5880 0.2644 -0.6722
v -0.5836 0.2540 -0.6711
v -0.5818 0.2396 -0.6758
v -0.5845 0.2334 -0.6831
v -0.5893 0.2319 -0.6767
v -0.6047 0.1973 -0.6617
v -0.6002 0.1970 -0.6660
v -0.6028 0.1907 -0.6666
v -0.6295 0.2134 -0.6294
v -0.6232 0.2048 -0.6362
v -0.6275 0.2037 -0.6343
v -0.5882 0.2435 -0.6610
v -0.5918 0.2535 -0.6642
v -0.5866 0.2465 -0.6640
v -0.6177 0.2402 -0.6199
v -0.6143 0.2394 -0.6252
v -0.6214 0.2343 -0.6203
v -0.6270 0.2413 -0.6163
v -0.6218 0.2411 -0.6168
v -0.6208 0.1972 -0.6424
v -0.6083 0.2038 -0.6524
v -0.6139 0.1972 -0.6496
v -0.5815 0.2433 -0.6731
v -0.5807 0.2390 -0.6839
v -0.6309 0.2411 -0.6189
v -0.6304 0.1934 -0.6428
v -0.6232 0.1930 -0.6432
v -0.6270 0.1915 -0.6468
v -0.5799 0.2520 -0.6910
v -0.5802 0.2503 -0.6954
v -0.5779 0.2469 -0.6916
v -0.5972 0.2714 -0.6694
v -0.6015 0.2749 -0.6725
v -0.5960 0.2773 -0.6711
v -0.6037 0.2640 -0.6938
v -0.6002 0.2563 -0.7005
v -0.6319 0.1920 -0.6536
v -0.6364 0.1969 -0.6534
v -0.6034 0.1906 -0.7094
v -0.6040 0.1905 -0.7218
v -0.5867 0.2130 -0.7342
v -0.5905 0.2188 -0.7387
v -0.5947 0.2121 -0.7374
v -0.5753 0.2438 -0.7445
v -0.5758 0.3032 -0.6796
v -0.5731 0.3036 -0.6757
v -0.5751 0.3090 -0.6797
v -0.5231 0.3959 -0.6642
v -0.5636 0.3446 -0.6735
v -0.5658 0.3403 -0.6766
v -0.5604 0.3486 -0.6776
v -0.5096 0.4211 -0.6597
v -0.5040 0.4272 -0.6673
v -0.5110 0.4153 -0.6675
v -0.4929 0.4485 -0.6658
v -0.4887 0.4602 -0.6692
v -0.4953 0.4518 -0.6693
v -0.4840 0.4863 -0.6568
v -0.4878 0.4847 -0.6614
v -0.4473 0.5373 -0.6651
v -0.4369 0.5499 -0.6629
v -0.4461 0.5443 -0.6648
v -0.4084 0.5977 -0.6566
v -0.4141 0.5953 -0.6609
v -0.4142 0.6067 -0.6458
v -0.4208 0.6010 -0.6502
v -0.4133 0.6118 -0.6489
v -0.3963 0.6163 -0.6508
v -0.4001 0.6120 -0.6559
v -0.4024 0.6065 -0.6502
v -0.4030 0.6147 -0.6455
v -0.4000 0.6137 -0.6490
v -0.4062 0.6039 -0.6483
v -0.3970 0.6265 -0.6448
v -0.4343 0.5517 -0.6540
v -0.4292 0.5588 -0.6590
v -0.3986 0.6205 -0.6583
v -0.4036 0.6111 -0.6596
v -0.3827 0.6507 -0.6444
v -0.3786 0.6561 -0.6446
v -0.3587 0.6958 -0.6429
v -0.3575 0.7033 -0.6416
v -0.3542 0.7225 -0.6466
v -0.3508 0.7296 -0.6433
v -0.3506 0.7065 -0.6542
v -0.3546 0.7167 -0.6534
v -0.3157 0.7756 -0.6380
v -0.3197 0.7815 -0.6385
v -0.3105 0.7845 -0.6380
v -0.3206 0.7656 -0.6523
v -0.3262 0.7647 -0.6525
v -0.3303 0.7546 -0.6528
v -0.2789 0.8374 -0.6389
v -0.2743 0.8439 -0.6443
v -0.2802 0.8324 -0.6418
v -0.3028 0.7919 -0.6482
v -0.3049 0.7961 -0.6510
v -0.3035 0.8163 -0.6403
v -0.3011 0.8216 -0.6447
v -0.2952 0.8292 -0.6393
v -0.2760 0.8638 -0.6357
v -0.2710 0.8724 -0.6351
v -0.2567 0.8791 -0.6430
v -0.2600 0.8787 -0.6459
v -0.2622 0.8712 -0.6468
v -0.2270 0.9556 -0.6377
v -0.2242 0.9560 -0.6419
v -0.2179 0.9658 -0.6384
v -0.2459 0.9066 -0.6305
v -0.2497 0.9038 -0.6310
v -0.2449 0.9164 -0.6303
v -0.1999 0.9852 -0.6431
v -0.1953 0.9906 -0.6497
v -0.1945 0.9947 -0.6426
v -0.2031 1.0499 -0.6323
v -0.2068 1.0500 -0.6395
v -0.2032 1.0599 -0.6363
v -0.2038 1.0663 -0.6498
v -0.2039 1.0663 -0.6577
v -0.2008 1.0677 -0.6470
v -0.1407 1.0581 -0.6429
v -0.1390 1.0638 -0.6536
v -0.1379 1.0565 -0.6472
v -0.1685 1.0130 -0.5992
v -0.1695 1.0134 -0.6123
v -0.1635 1.0142 -0.6049
v -0.1810 1.0064 -0.6202
v -0.1846 1.0092 -0.6258
v -0.1785 1.0102 -0.6215
v -0.1859 0.9753 -0.6387
v -0.1840 0.9713 -0.6464
v -0.1880 0.9741 -0.6468
v -0.1609 0.9808 -0.6850
v -0.1657 0.9809 -0.6868
v -0.1660 0.9750 -0.6854
v -0.1532 0.9939 -0.6698
v -0.1558 0.9906 -0.6777
v -0.1494 0.9848 -0.6715
v -0.1490 0.9652 -0.6544
v -0.1510 0.9670 -0.6598
v -0.1513 0.9577 -0.6528
v -0.1756 0.9324 -0.6492
v -0.1669 0.9501 -0.6536
v -0.1737 0.9507 -0.6493
v -0.1261 0.9566 -0.6521
v -0.1337 0.9499 -0.6499
v -0.1259 0.9112 -0.6458
v -0.1153 0.9123 -0.6500
v -0.1214 0.9144 -0.6466
v -0.1342 0.9276 -0.6459
v -0.1303 0.9308 -0.6465
v -0.1388 0.9343 -0.6459
v -0.1670 0.9269 -0.6553
v -0.1617 0.9348 -0.6571
v -0.1663 0.9392 -0.6544
v -0.1792 0.9114 -0.6163
v -0.1793 0.9202 -0.6268
v -0.1797 0.9261 -0.6198
v -0.1819 0.9740 -0.6231
v -0.1799 0.9716 -0.6357
v -0.1840 0.9770 -0.6304
v -0.1771 1.0050 -0.6036
v -0.1779 1.0074 -0.6142
v -0.1739 1.0105 -0.6091
v -0.1835 0.9807 -0.6049
v -0.1829 0.9726 -0.6130
v -0.1826 0.9816 -0.6143
v -0.1873 0.9950 -0.5515
v -0.1812 0.9988 -0.5718
v -0.1793 1.0022 -0.5561
v -0.2051 0.9889 -0.4290
v -0.1984 0.9922 -0.4637
v -0.2003 0.9965 -0.4329
v -0.1949 0.9492 -0.5809
v -0.1930 0.9332 -0.5904
v -0.1932 0.9603 -0.5904
v -0.1850 0.8999 -0.6063
v -0.1854 0.9220 -0.6063
v -0.1719 0.8701 -0.5515
v -0.1785 0.8711 -0.5623
v -0.1785 0.8820 -0.5573
v -0.1971 0.9623 -0.5153
v -0.1937 0.9508 -0.5246
v -0.1946 0.9565 -0.5355
v -0.2130 0.9575 -0.4183
v -0.2047 0.9648 -0.4705
v -0.2126 0.9694 -0.4201
v -0.1665 0.8798 -0.5141
v -0.1638 0.8693 -0.5222
v -0.1691 0.8853 -0.5233
v -0.1581 0.8568 -0.4894
v -0.1736 0.8957 -0.5058
v -0.1729 0.8907 -0.4945
v -0.2063 0.9017 -0.4441
v -0.2030 0.9008 -0.4522
v -0.2037 0.9161 -0.4562
v -0.2165 0.9416 -0.3902
v -0.2134 0.9446 -0.4117
v -0.2179 0.9514 -0.3879
v -0.2263 0.9692 -0.2703
v -0.2241 0.9771 -0.2685
v -0.2297 0.9649 -0.2663
v -0.2460 0.9319 -0.2516
v -0.2458 0.9432 -0.2540
v -0.2528 0.9346 -0.2519
v -0.2266 0.9056 -0.3028
v -0.2276 0.9342 -0.3305
v -0.2313 0.9170 -0.2883
v -0.2031 0.8622 -0.3215
v -0.1980 0.8538 -0.3310
v -0.2012 0.8670 -0.3401
v -0.2091 0.8612 -0.4217
v -0.2088 0.8691 -0.4289
v -0.2071 0.8798 -0.4147
v -0.1760 0.8772 -0.4681
v -0.1705 0.8749 -0.4739
v -0.1804 0.8868 -0.4689
v -0.1751 0.8522 -0.4538
v -0.1728 0.8636 -0.4609
v -0.1855 0.8641 -0.4525
v -0.1510 0.8168 -0.5187
v -0.1562 0.8385 -0.5273
v -0.1533 0.8355 -0.5134
v -0.1481 0.6770 -0.4391
v -0.1462 0.6853 -0.4591
v -0.1449 0.7020 -0.4507
v -0.1487 0.8011 -0.4540
v -0.1504 0.8132 -0.4601
v -0.1545 0.8122 -0.4516
v -0.2090 0.8499 -0.4211
v -0.2050 0.8417 -0.4264
v -0.2069 0.8544 -0.4272
v -0.1927 0.8216 -0.3096
v -0.1924 0.8268 -0.3255
v -0.1944 0.8407 -0.3188
v -0.1971 0.7813 -0.2041
v -0.1933 0.7851 -0.2261
v -0.2007 0.8104 -0.2409
v -0.1910 0.7336 -0.2486
v -0.1915 0.7585 -0.2769
v -0.1888 0.7466 -0.2504
v -0.2194 0.7515 -0.3529
v -0.2156 0.7659 -0.3552
v -0.2189 0.7471 -0.3437
v -0.2100 0.8228 -0.4009
v -0.2094 0.8456 -0.4141
v -0.2073 0.8305 -0.3914
v -0.2103 0.7847 -0.3588
v -0.2101 0.8068 -0.3794
v -0.1974 0.7955 -0.3342
v -0.2202 0.7394 -0.3648
v -0.2162 0.7518 -0.3781
v -0.2186 0.7537 -0.3713
v -0.2259 0.7146 -0.3212
v -0.2303 0.7094 -0.3293
v -0.2242 0.7247 -0.3322
v -0.2119 0.7100 -0.3728
v -0.2182 0.7171 -0.3684
v -0.2201 0.6978 -0.3592
v -0.1579 0.7917 -0.4380
v -0.1571 0.8091 -0.4454
v -0.1670 0.8023 -0.4364
v -0.1595 0.6645 -0.4146
v -0.1658 0.6502 -0.4046
v -0.2059 0.6628 -0.3656
v -0.1886 0.6934 -0.3888
v -0.2041 0.6875 -0.3737
v -0.2428 0.6637 -0.3062
v -0.2335 0.6971 -0.3160
v -0.2342 0.6911 -0.3071
v -0.1866 0.6473 -0.1229
v -0.1864 0.6610 -0.1429
v -0.1841 0.6585 -0.1208
v -0.1863 0.7197 -0.1519
v -0.1892 0.7413 -0.1740
v -0.1893 0.7236 -0.1371
v -0.2287 0.8346 -0.1873
v -0.2272 0.8637 -0.2400
v -0.2327 0.8502 -0.1894
v -0.2471 0.9115 -0.2369
v -0.2407 0.9055 -0.2439
v -0.2500 0.9111 -0.2438
v -0.2600 0.9029 -0.1367
v -0.2503 0.9197 -0.1537
v -0.2595 0.9011 -0.1744
v -0.2340 0.9046 -0.2585
v -0.2345 0.9121 -0.2644
v -0.2386 0.9198 -0.2577
v -0.2651 0.9141 -0.2471
v -0.2620 0.9176 -0.2484
v -0.2600 0.9250 -0.2356
v -0.2898 0.8358 -0.2357
v -0.2881 0.8503 -0.2417
v -0.2950 0.8392 -0.2398
v -0.3152 0.8095 -0.2346
v -0.3150 0.8056 -0.2361
v -0.3122 0.8145 -0.2374
v -0.3574 0.7288 -0.2135
v -0.3619 0.7167 -0.2262
v -0.3576 0.7282 -0.2247
v -0.3892 0.6560 -0.2228
v -0.3881 0.6629 -0.2230
v -0.3941 0.6554 -0.2227
v -0.3773 0.6711 -0.2227
v -0.3725 0.6774 -0.2232
v -0.3822 0.6677 -0.2233
v -0.3499 0.7244 -0.2282
v -0.3445 0.7318 -0.2287
v -0.3446 0.7397 -0.2300
v -0.3076 0.7986 -0.2275
v -0.3065 0.8034 -0.2336
v -0.3105 0.7921 -0.2331
v -0.3380 0.7584 -0.0618
v -0.3233 0.7867 -0.0606
v -0.3239 0.7814 -0.1022
v -0.4268 0.5998 -0.0732
v -0.4091 0.6267 -0.0988
v -0.4198 0.6067 -0.1147
v -0.4068 0.6169 -0.1971
v -0.4157 0.5990 -0.2132
v -0.4195 0.6018 -0.1546
v -0.4669 0.5284 -0.1472
v -0.4671 0.5199 -0.2018
v -0.4920 0.4946 -0.1268
v -0.4888 0.4860 -0.2092
v -0.4848 0.4933 -0.2097
v -0.4924 0.4828 -0.2094
v -0.5721 0.4069 -0.0035
v -0.5666 0.4066 -0.0544
v -0.5794 0.3961 -0.0291
v -0.6890 0.2866 -0.0268
v -0.6715 0.2965 -0.0463
v -0.6880 0.2794 -0.0407
v -0.7194 0.2212 -0.0528
v -0.7133 0.2234 -0.0644
v -0.7243 0.2074 -0.0567
v -0.7459 0.1699 -0.0057
v -0.7441 0.1766 -0.0223
v -0.7427 0.1713 -0.0201
v -0.6498 0.1882 0.0018
v -0.6498 0.1890 -0.0054
v -0.6426 0.1901 -0.0052
v -0.6291 0.1813 -0.0784
v -0.6249 0.1792 -0.0862
v -0.6106 0.1813 -0.0704
v -0.5886 0.1429 -0.1031
v -0.5869 0.1342 -0.1072
v -0.5767 0.1384 -0.0972
v -0.5583 0.1135 -0.1294
v -0.5469 0.1194 -0.1288
v -0.5626 0.1205 -0.1300
v -0.5127 0.1324 -0.1218
v -0.5115 0.1393 -0.1191
v -0.5188 0.1305 -0.1184
v -0.5044 0.1716 -0.1210
v -0.4991 0.1671 -0.1269
v -0.5026 0.1759 -0.1192
v -0.4617 0.2110 -0.1127
v -0.4624 0.1994 -0.1174
v -0.4510 0.2093 -0.1239
v -0.4163 0.2701 -0.1330
v -0.4051 0.2855 -0.1418
v -0.4137 0.2878 -0.1313
v -0.3447 0.4220 -0.1789
v -0.3424 0.4210 -0.1920
v -0.3353 0.4384 -0.1946
v -0.2714 0.4998 -0.1146
v -0.2581 0.5306 -0.1338
v -0.2333 0.5550 -0.1135
v -0.2569 0.6197 -0.2744
v -0.2492 0.6443 -0.2834
v -0.2523 0.6300 -0.2710
v -0.2419 0.5968 -0.3166
v -0.2421 0.6186 -0.3179
v -0.2512 0.5979 -0.3049
v -0.2723 0.5406 -0.2789
v -0.2667 0.5666 -0.2850
v -0.2742 0.5562 -0.2730
v -0.3068 0.4940 -0.2291
v -0.3109 0.4825 -0.2315
v -0.2995 0.5046 -0.2408
v -0.3182 0.4676 -0.2196
v -0.3182 0.4612 -0.2244
v -0.3145 0.4740 -0.2274
v -0.3173 0.4252 -0.2301
v -0.3134 0.4480 -0.2341
v -0.3255 0.4282 -0.2206
v -0.2901 0.4989 -0.2596
v -0.2843 0.5261 -0.2640
v -0.2455 0.6489 -0.2792
v -0.2454 0.6407 -0.2661
v -0.2395 0.5256 -0.0769
v -0.2409 0.5335 -0.0954
v -0.2249 0.5520 -0.0859
v -0.2159 0.5366 -0.0289
v -0.2141 0.5578 -0.0656
v -0.2040 0.5627 -0.0444
v -0.1839 0.6801 -0.1023
v -0.1830 0.6699 -0.1146
v -0.1849 0.6958 -0.1188
v -0.1879 0.6615 -0.0097
v -0.1876 0.6828 -0.0677
v -0.1922 0.6854 -0.0454
v -0.2333 0.8103 -0.1171
v -0.2332 0.8313 -0.1506
v -0.2343 0.8272 -0.1233
v -0.2318 0.8722 -0.0511
v -0.2354 0.9045 -0.1208
v -0.2344 0.8977 -0.0877
v -0.2387 0.9169 0.0090
v -0.2415 0.9251 -0.0010
v -0.2409 0.9248 0.0141
v -0.2714 0.8874 -0.0716
v -0.2710 0.8809 -0.1449
v -0.2882 0.8462 -0.1477
v -0.2431 0.9221 -0.0751
v -0.2428 0.9207 -0.0862
v -0.2492 0.9223 -0.0751
v -0.2881 0.8565 -0.0511
v -0.3054 0.8215 -0.0616
v -0.3044 0.8266 -0.0314
v -0.3768 0.6978 0.0573
v -0.3787 0.6906 0.0129
v -0.3929 0.6691 0.0590
v -0.4480 0.5711 -0.0054
v -0.4574 0.5540 -0.0375
v -0.4614 0.5516 0.0189
v -0.5253 0.4638 0.0375
v -0.5251 0.4593 -0.0316
v -0.5389 0.4467 0.0264
v -0.5883 0.3907 0.0014
v -0.5983 0.3774 -0.0227
v -0.6031 0.3766 0.0057
v -0.7154 0.2815 0.0161
v -0.6994 0.2869 -0.0065
v -0.7148 0.2775 0.0057
v -0.7231 0.2830 0.0441
v -0.7283 0.2778 0.0354
v -0.7337 0.2714 0.0395
v -0.7759 0.1912 0.1334
v -0.7709 0.2038 0.1291
v -0.7745 0.2074 0.1158
v -0.7697 0.2118 0.0403
v -0.7618 0.2155 0.0244
v -0.7642 0.1947 0.0236
v -0.7520 0.2043 0.0003
v -0.7457 0.1937 -0.0179
v -0.7533 0.1938 0.0002
v -0.7435 0.1660 0.0184
v -0.7434 0.1647 0.0107
v -0.7342 0.1659 0.0148
v -0.6679 0.1779 0.0198
v -0.6707 0.1797 0.0091
v -0.6564 0.1850 0.0079
v -0.6102 0.1859 -0.0110
v -0.6075 0.1864 -0.0182
v -0.5995 0.1858 -0.0050
v -0.6183 0.1723 -0.0955
v -0.6157 0.1635 -0.1036
v -0.5962 0.1692 -0.0842
v -0.5501 0.1616 -0.0657
v -0.5421 0.1671 -0.0666
v -0.5501 0.1653 -0.0621
v -0.5307 0.1524 -0.0417
v -0.5354 0.1543 -0.0505
v -0.5340 0.1509 -0.0465
v -0.5134 0.1573 -0.0721
v -0.5130 0.1631 -0.0676
v -0.5027 0.1565 -0.0722
v -0.5023 0.1230 -0.0600
v -0.4977 0.1255 -0.0638
v -0.4969 0.1243 -0.0583
v -0.5296 0.1165 -0.0741
v -0.5209 0.1235 -0.0725
v -0.5272 0.1247 -0.0763
v -0.5489 0.1014 -0.0939
v -0.5440 0.1029 -0.0976
v -0.5428 0.1015 -0.1023
v -0.5849 0.1126 -0.1082
v -0.5770 0.1087 -0.1243
v -0.5974 0.1199 -0.1170
v -0.5947 0.1264 -0.0681
v -0.6040 0.1271 -0.0772
v -0.6035 0.1292 -0.0669
v -0.5845 0.1240 -0.0623
v -0.5770 0.1167 -0.0672
v -0.5900 0.1216 -0.0742
v -0.5422 0.1041 -0.0883
v -0.5460 0.1015 -0.0894
v -0.5333 0.1134 -0.0753
v -0.5278 0.1113 -0.0731
v -0.5459 0.1003 -0.0573
v -0.5422 0.0977 -0.0668
v -0.5472 0.0994 -0.0680
v -0.4878 0.1000 -0.0731
v -0.4881 0.0982 -0.0825
v -0.4948 0.1026 -0.0746
v -0.5035 0.0962 -0.0984
v -0.5039 0.0959 -0.1050
v -0.5113 0.0968 -0.1054
v -0.5118 0.1319 -0.0794
v -0.5131 0.1252 -0.0815
v -0.5195 0.1301 -0.0812
v -0.4960 0.1004 -0.0840
v -0.4957 0.0964 -0.0910
v -0.5029 0.0984 -0.0918
v -0.5018 0.1121 -0.1201
v -0.5067 0.1100 -0.1220
v -0.5057 0.1031 -0.1183
v -0.4715 0.1507 -0.1502
v -0.4650 0.1555 -0.1586
v -0.4717 0.1497 -0.1554
v -0.4796 0.1453 -0.1307
v -0.4802 0.1457 -0.1358
v -0.4803 0.1406 -0.1299
v -0.4811 0.1224 -0.1229
v -0.4740 0.1274 -0.1245
v -0.4825 0.1242 -0.1269
v -0.4326 0.1470 -0.1482
v -0.4343 0.1496 -0.1517
v -0.4403 0.1464 -0.1431
v -0.4335 0.1578 -0.1634
v -0.4299 0.1621 -0.1688
v -0.4426 0.1617 -0.1665
v -0.4048 0.1699 -0.2309
v -0.4091 0.1700 -0.2419
v -0.4117 0.1696 -0.2344
v -0.3987 0.1523 -0.1948
v -0.3902 0.1536 -0.2098
v -0.3980 0.1581 -0.2116
v -0.3717 0.1465 -0.1996
v -0.3726 0.1500 -0.2194
v -0.3818 0.1505 -0.2072
v -0.3474 0.1935 -0.2779
v -0.3438 0.1951 -0.2811
v -0.3521 0.1923 -0.2812
v -0.3348 0.1858 -0.2744
v -0.3334 0.1787 -0.2829
v -0.3330 0.1848 -0.2826
v -0.3422 0.1701 -0.2588
v -0.3411 0.1793 -0.2609
v -0.3496 0.1756 -0.2588
v -0.3577 0.1389 -0.2812
v -0.3576 0.1380 -0.3154
v -0.3513 0.1464 -0.2858
v -0.3597 0.1489 -0.2362
v -0.3590 0.1436 -0.2362
v -0.3578 0.1412 -0.2406
v -0.3740 0.1235 -0.2194
v -0.3688 0.1300 -0.2250
v -0.3698 0.1311 -0.2146
v -0.3894 0.1409 -0.1660
v -0.3826 0.1400 -0.1687
v -0.3865 0.1417 -0.1738
v -0.4223 0.1396 -0.1248
v -0.4204 0.1468 -0.1427
v -0.4327 0.1407 -0.1330
v -0.3807 0.1335 -0.1663
v -0.3782 0.1320 -0.1741
v -0.3996 0.1328 -0.0926
v -0.3967 0.1339 -0.1097
v -0.4022 0.1336 -0.0993
v -0.4196 0.1305 -0.0937
v -0.4297 0.1294 -0.1025
v -0.4292 0.1261 -0.0887
v -0.4658 0.1103 -0.1158
v -0.4659 0.1155 -0.1205
v -0.4704 0.1125 -0.1170
v -0.4548 0.1319 -0.1267
v -0.4435 0.1366 -0.1300
v -0.4493 0.1381 -0.1316
v -0.4202 0.1370 -0.1118
v -0.4296 0.1342 -0.1164
v -0.4716 0.1065 -0.1102
v -0.4741 0.1098 -0.1132
v -0.4891 0.1018 -0.0610
v -0.4802 0.0971 -0.0711
v -0.5273 0.0961 -0.0584
v -0.5282 0.0980 -0.0651
v -0.5345 0.0967 -0.0591
v -0.5531 0.1172 -0.0306
v -0.5471 0.1123 -0.0377
v -0.5523 0.1168 -0.0361
v -0.5036 0.0984 -0.0389
v -0.5136 0.0970 -0.0500
v -0.5053 0.0936 -0.0268
v -0.4817 0.1022 -0.0392
v -0.4727 0.0976 -0.0518
v -0.4817 0.1002 -0.0545
v -0.4190 0.1161 -0.0385
v -0.4216 0.1165 -0.0533
v -0.4279 0.1080 -0.0481
v -0.4213 0.1085 0.0036
v -0.4259 0.1063 -0.0162
v -0.4300 0.1039 -0.0126
v -0.4022 0.1254 -0.0261
v -0.3900 0.1230 -0.0491
v -0.3992 0.1250 -0.0460
v -0.3930 0.1014 -0.0997
v -0.3944 0.0984 -0.1446
v -0.3884 0.1096 -0.1352
v -0.3822 0.1102 -0.3659
v -0.3960 0.0944 -0.4023
v -0.3853 0.1080 -0.4574
v -0.4113 0.0595 -0.5616
v -0.4128 0.0619 -0.5785
v -0.4118 0.0637 -0.5505
v -0.4111 0.0689 -0.4827
v -0.4101 0.0721 -0.5057
v -0.4104 0.0733 -0.4720
v -0.4104 0.0602 -0.4634
v -0.4080 0.0564 -0.4800
v -0.4110 0.0597 -0.4958
v -0.4112 0.0641 -0.3788
v -0.4102 0.0605 -0.3882
v -0.4113 0.0623 -0.4022
v -0.4110 0.0694 -0.3324
v -0.4111 0.0646 -0.3520
v -0.4112 0.0681 -0.3658
v -0.4130 0.0629 -0.2713
v -0.4114 0.0637 -0.2976
v -0.4108 0.0711 -0.2846
v -0.4134 0.0686 -0.1506
v -0.4121 0.0675 -0.1887
v -0.4081 0.0760 -0.1783
v -0.3901 0.1111 -0.0543
v -0.3880 0.1102 -0.0716
v -0.3890 0.1154 -0.0580
v -0.4059 0.0868 0.0049
v -0.4010 0.0966 0.0022
v -0.4023 0.0929 0.0143
v -0.3985 0.1132 0.0175
v -0.3948 0.1169 0.0093
v -0.4028 0.1140 0.0178
v -0.4131 0.1057 0.0417
v -0.4188 0.1060 0.0315
v -0.4273 0.1032 0.0422
v -0.4026 0.0926 0.0429
v -0.4067 0.0855 0.0284
v -0.4026 0.0931 0.0256
v -0.4153 0.0628 -0.1247
v -0.4149 0.0628 -0.1439
v -0.3836 0.0425 -0.2918
v -0.3738 0.0396 -0.3760
v -0.3887 0.0457 -0.3640
v -0.3483 0.0327 -0.4081
v -0.3419 0.0387 -0.4201
v -0.3486 0.0325 -0.4218
v -0.2985 0.0302 -0.4424
v -0.2990 0.0326 -0.4664
v -0.3038 0.0267 -0.4404
v -0.2954 0.0290 -0.4129
v -0.2955 0.0302 -0.4367
v -0.2988 0.0263 -0.4226
v -0.3029 0.0222 -0.3369
v -0.3020 0.0231 -0.3803
v -0.3072 0.0241 -0.3587
v -0.3215 0.0333 -0.4086
v -0.3223 0.0338 -0.4283
v -0.3244 0.0361 -0.4219
v -0.3164 0.0296 -0.3569
v -0.3137 0.0278 -0.3889
v -0.3200 0.0322 -0.3681
v -0.3351 0.0376 -0.2289
v -0.3241 0.0358 -0.2598
v -0.3345 0.0378 -0.2637
v -0.3581 0.0341 -0.3685
v -0.3637 0.0349 -0.3017
v -0.3566 0.0317 -0.2306
v -0.3524 0.0313 -0.2401
v -0.3559 0.0312 -0.2497
v -0.3109 0.0241 -0.1768
v -0.3106 0.0239 -0.2006
v -0.3171 0.0333 -0.1913
v -0.2896 0.0243 -0.2941
v -0.2863 0.0324 -0.3013
v -0.2920 0.0210 -0.3174
v -0.2981 0.0182 -0.2008
v -0.2960 0.0176 -0.2204
v -0.3016 0.0195 -0.2265
v -0.2869 0.0209 -0.1227
v -0.2894 0.0192 -0.1396
v -0.2909 0.0183 -0.1208
v -0.3054 0.0216 -0.1140
v -0.2978 0.0185 -0.1261
v -0.3010 0.0195 -0.1522
v -0.3372 0.0356 -0.1604
v -0.3443 0.0328 -0.1917
v -0.3442 0.0320 -0.1614
v -0.3964 0.0456 -0.1315
v -0.3738 0.0369 -0.1430
v -0.3970 0.0459 -0.1667
v -0.4136 0.0587 -0.0673
v -0.4117 0.0555 -0.0806
v -0.4133 0.0588 -0.0925
v -0.4149 0.0695 0.0324
v -0.4144 0.0650 0.0231
v -0.4152 0.0695 0.0142
v -0.4053 0.1063 0.0801
v -0.4016 0.1079 0.0727
v -0.4061 0.1058 0.0722
v -0.4471 0.1172 0.1106
v -0.4449 0.1164 0.1025
v -0.4551 0.1102 0.1108
v -0.4709 0.0922 0.0866
v -0.4729 0.0924 0.0680
v -0.4749 0.0901 0.0799
v -0.4919 0.0970 -0.0006
v -0.4854 0.1009 0.0034
v -0.4875 0.1015 -0.0071
v -0.4827 0.1041 0.0035
v -0.4743 0.1088 0.0018
v -0.4804 0.1082 0.0002
v -0.4704 0.1049 0.0375
v -0.4698 0.1068 0.0275
v -0.4747 0.1032 0.0277
v -0.4756 0.0912 0.0653
v -0.4664 0.1087 0.0495
v -0.4739 0.0978 0.0496
v -0.4584 0.1115 0.0733
v -0.4532 0.1162 0.0640
v -0.4580 0.1112 0.0650
v -0.4474 0.1124 0.0646
v -0.4455 0.1091 0.0535
v -0.4484 0.1123 0.0556
v -0.4431 0.0972 -0.0400
v -0.4365 0.0992 -0.0515
v -0.4433 0.0970 -0.0513
v -0.4403 0.1085 0.0696
v -0.4335 0.1034 0.0598
v -0.4404 0.1054 0.0475
v -0.4661 0.1078 0.0548
v -0.4681 0.1039 0.0574
v -0.4655 0.1072 0.0002
v -0.4696 0.1083 -0.0016
v -0.4971 0.0939 0.0034
v -0.4999 0.0948 -0.0112
v -0.5051 0.0947 -0.0051
v -0.5341 0.1050 -0.0042
v -0.5300 0.1039 -0.0096
v -0.5334 0.1059 -0.0125
v -0.5416 0.0943 0.0266
v -0.5271 0.1008 0.0111
v -0.5357 0.1028 0.0049
v -0.5731 0.1028 0.0470
v -0.5735 0.0997 0.0404
v -0.5818 0.1033 0.0487
v -0.6037 0.1014 0.0104
v -0.5887 0.0982 0.0114
v -0.5964 0.1020 0.0015
v -0.5911 0.1194 -0.0342
v -0.6002 0.1237 -0.0442
v -0.6108 0.1199 -0.0343
v -0.6682 0.1313 -0.0580
v -0.6725 0.1339 -0.0671
v -0.6770 0.1326 -0.0623
v -0.6651 0.1288 -0.0509
v -0.6725 0.1312 -0.0520
v -0.6901 0.1606 -0.0351
v -0.6804 0.1579 -0.0442
v -0.6893 0.1613 -0.0436
v -0.6663 0.1595 -0.0117
v -0.6657 0.1623 -0.0204
v -0.6685 0.1617 -0.0173
v -0.7547 0.1404 0.0366
v -0.7502 0.1400 0.0260
v -0.7552 0.1409 0.0271
v -0.7472 0.1551 0.0532
v -0.7557 0.1595 0.0511
v -0.7377 0.1601 0.0516
v -0.7740 0.1715 0.0413
v -0.7753 0.1785 0.0410
v -0.7685 0.1689 0.0393
v -0.7831 0.1572 0.0616
v -0.7830 0.1528 0.0558
v -0.7874 0.1533 0.0656
v -0.7902 0.1520 0.0581
v -0.7817 0.1515 0.0479
v -0.7894 0.1528 0.0491
v -0.8005 0.1891 0.0773
v -0.7979 0.1869 0.0668
v -0.7986 0.1972 0.0738
v -0.7663 0.2565 0.0392
v -0.7626 0.2534 0.0275
v -0.7539 0.2657 0.0273
v -0.6439 0.3588 0.0226
v -0.6449 0.3561 0.0025
v -0.6303 0.3692 0.0087
v -0.5361 0.4667 -0.0037
v -0.5235 0.4807 -0.0331
v -0.5230 0.4852 0.0188
v -0.4399 0.6112 0.0572
v -0.4449 0.5983 -0.0107
v -0.4282 0.6284 0.0183
v -0.3695 0.7237 -0.0721
v -0.3811 0.6999 -0.0958
v -0.3689 0.7200 -0.1165
v -0.2906 0.8710 -0.1245
v -0.2986 0.8516 -0.1597
v -0.2849 0.8797 -0.1514
v -0.2245 0.9891 -0.0862
v -0.2161 0.9990 -0.1768
v -0.2138 0.9999 -0.1305
v -0.1931 1.0177 -0.2661
v -0.1937 1.0140 -0.2693
v -0.1863 1.0211 -0.2665
v -0.1756 1.0105 -0.3249
v -0.1839 1.0097 -0.3818
v -0.1716 1.0121 -0.3485
v -0.1320 1.0082 -0.4722
v -0.1356 1.0097 -0.5050
v -0.1248 1.0048 -0.4961
v -0.1234 1.0051 -0.4512
v -0.1074 0.9963 -0.4743
v -0.0547 0.9653 -0.5333
v -0.0492 0.9585 -0.5409
v -0.0450 0.9583 -0.5347
v -0.0485 0.9627 -0.4908
v -0.0529 0.9642 -0.5038
v -0.0423 0.9591 -0.4907
v -0.0090 0.9680 -0.4578
v -0.0133 0.9646 -0.4670
v 0.0046 0.9669 -0.4615
v 0.0829 0.9834 -0.4644
v 0.0907 0.9867 -0.4604
v 0.0833 0.9855 -0.4599
v 0.1836 0.9820 -0.4684
v 0.1748 0.9831 -0.4774
v 0.1830 0.9831 -0.4768
v 0.2561 1.0093 -0.4357
v 0.2701 1.0134 -0.4506
v 0.2689 1.0175 -0.4282
v 0.3071 1.0275 -0.4716
v 0.3247 1.0350 -0.4753
v 0.3131 1.0332 -0.4551
v 0.3471 1.0571 -0.4689
v 0.3489 1.0581 -0.4794
v 0.3607 1.0849 -0.4718
v 0.3558 1.0821 -0.4931
v 0.3612 1.0832 -0.4872
v 0.3755 1.0713 -0.5221
v 0.3782 1.0688 -0.5340
v 0.3723 1.0781 -0.4476
v 0.3701 1.0812 -0.4499
v 0.3765 1.0766 -0.4536
v 0.3563 1.0753 -0.4409
v 0.3574 1.0776 -0.4459
v 0.3605 1.0760 -0.4402
v 0.3406 1.0513 -0.4447
v 0.3448 1.0517 -0.4555
v 0.3449 1.0565 -0.4448
v 0.3709 1.0653 -0.4203
v 0.3669 1.0690 -0.4304
v 0.3743 1.0639 -0.4297
v 0.3902 1.0460 -0.4572
v 0.3866 1.0511 -0.4651
v 0.3898 1.0428 -0.4609
v 0.3912 1.0245 -0.3910
v 0.3914 1.0338 -0.4062
v 0.3904 1.0306 -0.4278
v 0.3914 0.9762 -0.2937
v 0.3979 1.0005 -0.3098
v 0.3876 0.9725 -0.3110
v 0.3866 0.9383 -0.1902
v 0.3849 0.9422 -0.2447
v 0.3835 0.9267 -0.2013
v 0.3944 1.0105 -0.3268
v 0.3917 1.0057 -0.3371
v 0.3913 0.9972 -0.3281
v 0.3936 0.8960 -0.3801
v 0.3983 0.8952 -0.3993
v 0.3978 0.8845 -0.3826
v 0.4707 0.7570 -0.3569
v 0.4597 0.7858 -0.3777
v 0.4642 0.7724 -0.3771
v 0.4516 0.7846 -0.3456
v 0.4378 0.8210 -0.3727
v 0.4500 0.8006 -0.3669
v 0.4811 0.7203 -0.3052
v 0.4854 0.7152 -0.3131
v 0.4912 0.6986 -0.2929
v 0.5071 0.6343 -0.3083
v 0.4964 0.6539 -0.3316
v 0.5108 0.5975 -0.3102
v 0.4236 0.7473 -0.4856
v 0.4311 0.7335 -0.4922
v 0.4313 0.7282 -0.4842
v 0.4909 0.6351 -0.5172
v 0.4847 0.6394 -0.5268
v 0.4998 0.6136 -0.5211
v 0.5764 0.4892 -0.5184
v 0.5682 0.4911 -0.5275
v 0.5881 0.4669 -0.5255
v 0.6632 0.3929 -0.5054
v 0.6392 0.4188 -0.5072
v 0.6502 0.4034 -0.5143
v 0.7298 0.2939 -0.5567
v 0.7087 0.3026 -0.5596
v 0.7095 0.2889 -0.5707
v 0.6912 0.2763 -0.5895
v 0.6739 0.2702 -0.6037
v 0.6847 0.2639 -0.6022
v 0.6047 0.2391 -0.6672
v 0.6007 0.2405 -0.6738
v 0.5971 0.2368 -0.6751
v 0.5582 0.2201 -0.6920
v 0.5542 0.2173 -0.6985
v 0.5518 0.2180 -0.6916
v 0.5114 0.1950 -0.7038
v 0.5146 0.2026 -0.7152
v 0.5077 0.1979 -0.7075
v 0.5043 0.1651 -0.6733
v 0.4993 0.1705 -0.6933
v 0.4754 0.1619 -0.7068
v 0.5249 0.1442 -0.4402
v 0.5198 0.1454 -0.5196
v 0.5116 0.1442 -0.4820
v 0.4294 0.1591 -0.5192
v 0.4128 0.1649 -0.5287
v 0.4169 0.1656 -0.4782
v 0.3880 0.1805 -0.4263
v 0.3979 0.1740 -0.4817
v 0.3785 0.1850 -0.4600
v 0.2957 0.2385 -0.5470
v 0.2953 0.2335 -0.5894
v 0.2731 0.2596 -0.5412
v 0.2892 0.1936 -0.7391
v 0.2824 0.2022 -0.7384
v 0.2930 0.2023 -0.7373
v 0.2999 0.1731 -0.7541
v 0.3011 0.1814 -0.7606
v 0.3114 0.1548 -0.7498
v 0.3057 0.1632 -0.7542
v 0.3097 0.1609 -0.7613
v 0.3307 0.1511 -0.7926
v 0.3337 0.1463 -0.7924
v 0.3363 0.1401 -0.7786
v 0.3270 0.1476 -0.8077
v 0.3367 0.1482 -0.8151
v 0.3309 0.1504 -0.8151
v 0.3188 0.0208 -0.8226
v 0.3227 0.0253 -0.8237
v 0.3047 0.0374 -0.8224
v 0.2754 0.0799 -0.8224
v 0.2902 0.0749 -0.8237
v 0.2602 0.1015 -0.8218
v 0.2767 0.1454 -0.8223
v 0.2880 0.1585 -0.8222
v 0.2697 0.1666 -0.8234
v 0.1365 0.3028 -0.8352
v 0.1083 0.3267 -0.8372
v 0.1135 0.3065 -0.8358
v 0.0728 0.3377 -0.8334
v 0.0752 0.3427 -0.8375
v 0.0661 0.3488 -0.8340
v 0.0243 0.3979 -0.7859
v 0.0170 0.4073 -0.7869
v 0.0189 0.4093 -0.7819
v -0.0078 0.4562 -0.7662
v -0.0003 0.4516 -0.7684
v -0.0113 0.4551 -0.7695
v 0.0281 0.3932 -0.7831
v 0.0310 0.3901 -0.7849
v 0.0943 0.3079 -0.8228
v 0.1086 0.2912 -0.8268
v 0.0855 0.3197 -0.8295
v 0.1516 0.2483 -0.8269
v 0.1469 0.2620 -0.8295
v 0.1397 0.2583 -0.8271
v 0.1773 0.2016 -0.8106
v 0.1739 0.2064 -0.8165
v 0.1627 0.2212 -0.8159
v 0.1820 0.2006 -0.8229
v 0.1876 0.2086 -0.8256
v 0.1780 0.2050 -0.8214
v 0.2118 0.1604 -0.8175
v 0.2159 0.1574 -0.8183
v 0.2046 0.1736 -0.8198
v 0.2394 0.1270 -0.8138
v 0.2451 0.1330 -0.8198
v 0.2381 0.1335 -0.8180
v 0.2252 0.1427 -0.8094
v 0.2342 0.1341 -0.8139
v 0.2276 0.1418 -0.8147
v 0.1405 0.2466 -0.7945
v 0.1130 0.2835 -0.7844
v 0.1337 0.2572 -0.7815
v 0.0556 0.3745 -0.6470
v 0.0697 0.3576 -0.6625
v 0.0638 0.3647 -0.7151
v 0.0159 0.4265 -0.6249
v 0.0098 0.4345 -0.6676
v -0.0019 0.4493 -0.5857
v -0.0432 0.4145 -0.5370
v -0.0349 0.4303 -0.5467
v -0.0487 0.4127 -0.5450
v -0.0852 0.3707 -0.5561
v -0.0770 0.3809 -0.5890
v -0.0942 0.3606 -0.5602
v -0.0812 0.3649 -0.5338
v -0.0824 0.3738 -0.5451
v -0.0863 0.3690 -0.5450
v -0.0577 0.3746 -0.5275
v -0.0573 0.3870 -0.5287
v -0.0651 0.3791 -0.5289
v -0.0197 0.4421 -0.5371
v -0.0183 0.4493 -0.5443
v -0.0235 0.4450 -0.5443
v -0.0001 0.4442 -0.5452
v 0.0053 0.4401 -0.5554
v -0.0019 0.4490 -0.5528
v 0.0734 0.3529 -0.5733
v 0.0799 0.3466 -0.6419
v 0.1087 0.3036 -0.7616
v 0.1056 0.2957 -0.7775
v 0.1022 0.3066 -0.7694
v 0.1281 0.2832 -0.7444
v 0.1286 0.2813 -0.7539
v 0.1210 0.2918 -0.7536
v 0.1442 0.2473 -0.7686
v 0.1433 0.2617 -0.7594
v 0.1490 0.2491 -0.7625
v 0.1889 0.2069 -0.7526
v 0.1873 0.2113 -0.7482
v 0.1933 0.2038 -0.7477
v 0.2391 0.1499 -0.7338
v 0.2328 0.1579 -0.7387
v 0.2294 0.1623 -0.7389
v 0.2650 0.1093 -0.7393
v 0.2609 0.1035 -0.7461
v 0.2596 0.1128 -0.7464
v 0.2581 0.1309 -0.6456
v 0.2665 0.1204 -0.6880
v 0.2614 0.1262 -0.7022
v 0.1831 0.2208 -0.5374
v 0.2015 0.1988 -0.6172
v 0.1887 0.2139 -0.5926
v 0.1064 0.3107 -0.5587
v 0.1175 0.2978 -0.5738
v 0.1067 0.3116 -0.5982
v 0.0825 0.3313 -0.5231
v 0.0834 0.3344 -0.5289
v 0.0746 0.3322 -0.5225
v 0.0642 0.3107 -0.4910
v 0.0691 0.3077 -0.5069
v 0.0682 0.3177 -0.4994
v 0.0975 0.2764 -0.5201
v 0.1150 0.2873 -0.5289
v 0.0964 0.2863 -0.5232
v 0.0837 0.3168 -0.5254
v 0.0895 0.3234 -0.5305
v 0.0852 0.3263 -0.5276
v 0.0899 0.2905 -0.5234
v 0.0903 0.2998 -0.5259
v 0.0798 0.2844 -0.5213
v 0.0759 0.3181 -0.5189
v 0.0824 0.3247 -0.5225
v 0.0745 0.3259 -0.5194
v 0.1454 0.2640 -0.5616
v 0.1420 0.2686 -0.5945
v 0.1315 0.2806 -0.5679
v 0.1080 0.2645 -0.5184
v 0.1115 0.2736 -0.5236
v 0.0977 0.2693 -0.5166
v 0.0633 0.3036 -0.4524
v 0.0643 0.2999 -0.4708
v 0.0603 0.3078 -0.4600
v 0.0747 0.2695 -0.4569
v 0.0747 0.2700 -0.4902
v 0.0727 0.2744 -0.4777
v 0.0905 0.2581 -0.4685
v 0.0958 0.2569 -0.4848
v 0.0855 0.2620 -0.4905
v 0.0621 0.2922 -0.3866
v 0.0667 0.2873 -0.4060
v 0.0635 0.2965 -0.4098
v -0.0095 0.3591 -0.3865
v -0.0035 0.3565 -0.3938
v -0.0106 0.3613 -0.3984
v -0.0177 0.3786 -0.4775
v -0.0047 0.3770 -0.4796
v -0.0090 0.3794 -0.4855
v -0.0201 0.3735 -0.4674
v -0.0204 0.3749 -0.4751
v -0.0343 0.3593 -0.4714
v -0.0452 0.3378 -0.3953
v -0.0507 0.3374 -0.4298
v -0.0675 0.3215 -0.4229
v -0.0107 0.3459 -0.2976
v -0.0052 0.3455 -0.3134
v -0.0111 0.3479 -0.3156
v -0.0088 0.3349 -0.2047
v -0.0091 0.3365 -0.2323
v -0.0210 0.3350 -0.2206
v -0.1053 0.2366 -0.1456
v -0.0959 0.2525 -0.1700
v -0.1109 0.2327 -0.1933
v -0.1284 0.1987 -0.0762
v -0.1277 0.2094 -0.1226
v -0.1320 0.1883 -0.1013
v -0.1609 0.1754 -0.1100
v -0.1537 0.1741 -0.1206
v -0.1638 0.1772 -0.1367
v -0.1596 0.1791 -0.2352
v -0.1544 0.1790 -0.2340
v -0.1550 0.1791 -0.2392
v -0.1533 0.1972 -0.3602
v -0.1528 0.2034 -0.3839
v -0.1570 0.1925 -0.3793
v -0.1805 0.1881 -0.4708
v -0.1826 0.1885 -0.4828
v -0.1883 0.1864 -0.4722
v -0.2213 0.1351 -0.4475
v -0.2166 0.1404 -0.4720
v -0.2281 0.1335 -0.4715
v -0.2176 0.1534 -0.5144
v -0.2227 0.1536 -0.5148
v -0.2221 0.1484 -0.5127
v -0.2195 0.2033 -0.5191
v -0.2204 0.2112 -0.5291
v -0.2245 0.2071 -0.5295
v -0.1592 0.2808 -0.5373
v -0.1574 0.2835 -0.5514
v -0.1702 0.2677 -0.5376
v -0.1181 0.3329 -0.6245
v -0.1155 0.3360 -0.6856
v -0.1280 0.3201 -0.6327
v -0.1290 0.3162 -0.7598
v -0.1180 0.3313 -0.7656
v -0.1237 0.3185 -0.7702
v -0.2035 0.2315 -0.6058
v -0.1914 0.2451 -0.6366
v -0.2113 0.2228 -0.6273
v -0.2404 0.1862 -0.5142
v -0.2420 0.1851 -0.5202
v -0.2431 0.1797 -0.5135
v -0.2577 0.1549 -0.5133
v -0.2527 0.1468 -0.5145
v -0.2491 0.1551 -0.5140
v -0.2868 0.1337 -0.5075
v -0.2828 0.1276 -0.5091
v -0.2840 0.1380 -0.5092
v -0.2884 0.1309 -0.4987
v -0.2971 0.1327 -0.4989
v -0.2581 0.1244 -0.5099
v -0.2504 0.1338 -0.5157
v -0.2586 0.1276 -0.5133
v -0.2725 0.1086 -0.5071
v -0.2683 0.1159 -0.5110
v -0.2740 0.1107 -0.5110
v -0.2926 0.0788 -0.4902
v -0.2955 0.0845 -0.4954
v -0.2963 0.0740 -0.4941
v -0.2803 0.0937 -0.4763
v -0.2788 0.1013 -0.5013
v -0.2838 0.0947 -0.4919
v -0.2861 0.0916 -0.4877
v -0.2754 0.1194 -0.5139
v -0.2561 0.1398 -0.5150
v -0.2668 0.1378 -0.5133
v -0.2798 0.1323 -0.5103
v -0.2817 0.1388 -0.5130
v -0.2489 0.1625 -0.5118
v -0.2567 0.1645 -0.5132
v -0.2786 0.1454 -0.5640
v -0.2414 0.1875 -0.5750
v -0.2650 0.1602 -0.6000
v -0.0854 0.3708 -0.7586
v -0.0810 0.3729 -0.7709
v -0.0874 0.3665 -0.7705
v -0.0593 0.4012 -0.5881
v -0.0568 0.4052 -0.6604
v -0.0750 0.3836 -0.6279
v -0.1208 0.3185 -0.5284
v -0.1214 0.3275 -0.5368
v -0.1269 0.3169 -0.5356
v -0.1532 0.2673 -0.5226
v -0.1589 0.2726 -0.5278
v -0.1665 0.2646 -0.5272
v -0.1882 0.2416 -0.5286
v -0.1913 0.2431 -0.5372
v -0.1892 0.2336 -0.5257
v -0.1879 0.2074 -0.5211
v -0.1955 0.2163 -0.5217
v -0.2014 0.2093 -0.5201
v -0.2114 0.2113 -0.5212
v -0.2021 0.2168 -0.5219
v -0.2085 0.2155 -0.5225
v -0.2038 0.1868 -0.5139
v -0.2034 0.1922 -0.5154
v -0.2134 0.1806 -0.5152
v -0.2014 0.1729 -0.4944
v -0.2069 0.1642 -0.5023
v -0.2095 0.1500 -0.4913
v -0.1697 0.2021 -0.5112
v -0.1696 0.2121 -0.5164
v -0.1733 0.1988 -0.5119
v -0.1517 0.2201 -0.4658
v -0.1544 0.2191 -0.4838
v -0.1577 0.2083 -0.4670
v -0.1040 0.2716 -0.4670
v -0.1021 0.2753 -0.4751
v -0.1158 0.2618 -0.4747
v -0.0905 0.3260 -0.5232
v -0.0876 0.3338 -0.5277
v -0.1006 0.3245 -0.5242
v -0.0400 0.3692 -0.5226
v -0.0552 0.3613 -0.5253
v -0.0517 0.3565 -0.5226
v 0.0056 0.4178 -0.5290
v 0.0088 0.4206 -0.5308
v -0.0006 0.4233 -0.5291
v -0.0004 0.4352 -0.5356
v -0.0024 0.4425 -0.5381
v -0.0101 0.4337 -0.5328
v 0.0092 0.3819 -0.5198
v 0.0139 0.3914 -0.5264
v 0.0072 0.3950 -0.5242
v 0.0260 0.3943 -0.5291
v 0.0309 0.3875 -0.5303
v 0.0308 0.3958 -0.5345
v 0.0369 0.3565 -0.5261
v 0.0392 0.3649 -0.5273
v 0.0295 0.3595 -0.5237
v 0.0422 0.3317 -0.5174
v 0.0345 0.3458 -0.5226
v 0.0289 0.3477 -0.5164
v 0.0141 0.3507 -0.4556
v 0.0338 0.3338 -0.4883
v 0.0002 0.3665 -0.4618
v 0.0263 0.3370 -0.4389
v 0.0020 0.3581 -0.4295
v 0.0003 0.3961 -0.5199
v -0.0026 0.4023 -0.5215
v -0.0104 0.3989 -0.5180
v 0.0283 0.3454 -0.5112
v 0.0205 0.3563 -0.5126
v 0.0717 0.3511 -0.5410
v 0.0757 0.3488 -0.5550
v 0.0651 0.3591 -0.5454
v 0.0041 0.3923 -0.5223
v -0.0001 0.3894 -0.5120
v -0.0310 0.3845 -0.5221
v -0.0240 0.3981 -0.5245
v -0.0401 0.3807 -0.5250
v -0.0862 0.3146 -0.4927
v -0.0810 0.3185 -0.5062
v -0.0884 0.3165 -0.5136
v -0.0962 0.3036 -0.4746
v -0.0967 0.3090 -0.4829
v -0.1009 0.3018 -0.4833
v -0.0967 0.2972 -0.4369
v -0.0985 0.2959 -0.4485
v -0.1003 0.2863 -0.4410
v -0.0692 0.3275 -0.4894
v -0.0626 0.3358 -0.5017
v -0.0974 0.2782 -0.3457
v -0.0927 0.2859 -0.3452
v -0.0956 0.2850 -0.3551
v -0.1268 0.2376 -0.3620
v -0.1211 0.2479 -0.3992
v -0.1379 0.2272 -0.3681
v -0.1338 0.2218 -0.3102
v -0.1388 0.2171 -0.3215
v -0.1386 0.2135 -0.3042
v -0.1056 0.2589 -0.3223
v -0.1027 0.2671 -0.3436
v -0.1097 0.2555 -0.3470
v -0.0816 0.2852 -0.2708
v -0.0776 0.2975 -0.3152
v -0.0891 0.2831 -0.3048
v -0.0739 0.2819 -0.1787
v -0.0630 0.2950 -0.2023
v -0.0796 0.2790 -0.2136
v -0.0195 0.3380 -0.2441
v -0.0275 0.3320 -0.2412
v -0.0956 0.2775 -0.3087
v -0.0965 0.2734 -0.3050
v -0.0883 0.2940 -0.3616
v -0.0948 0.2917 -0.3868
v -0.0932 0.2889 -0.3644
v -0.0998 0.2873 -0.4543
v -0.1007 0.2805 -0.4369
v -0.1158 0.2912 -0.5215
v -0.1130 0.3001 -0.5205
v -0.1214 0.2935 -0.5225
v -0.1194 0.2664 -0.5044
v -0.1134 0.2756 -0.5103
v -0.1212 0.2697 -0.5127
v -0.1354 0.2468 -0.4969
v -0.1333 0.2550 -0.5106
v -0.1448 0.2408 -0.5086
v -0.1000 0.2792 -0.4623
v -0.0999 0.2881 -0.4733
v -0.1001 0.2799 -0.4793
v -0.1448 0.2466 -0.5162
v -0.2105 0.2026 -0.5171
v -0.1695 0.2477 -0.5219
v -0.1748 0.2523 -0.5223
v -0.1774 0.2484 -0.5221
v -0.0933 0.3626 -0.6550
v -0.0727 0.3865 -0.6899
v -0.0893 0.3672 -0.7265
v -0.2266 0.2019 -0.5210
v -0.2329 0.1970 -0.5254
v -0.2330 0.1396 -0.5147
v -0.2306 0.1515 -0.5172
v -0.2090 0.1456 -0.4261
v -0.2071 0.1508 -0.4536
v -0.2109 0.1444 -0.4625
v -0.1899 0.1644 -0.3045
v -0.1865 0.1718 -0.3068
v -0.1915 0.1647 -0.3191
v -0.1859 0.1865 -0.4197
v -0.1725 0.1892 -0.4676
v -0.1868 0.1869 -0.4526
v -0.1654 0.1866 -0.3744
v -0.1606 0.1907 -0.3844
v -0.1648 0.1882 -0.3874
v -0.1598 0.1848 -0.3193
v -0.1597 0.1877 -0.3455
v -0.1657 0.1844 -0.3410
v -0.1814 0.1733 -0.2574
v -0.1831 0.1720 -0.2789
v -0.1859 0.1642 -0.2478
v -0.1787 0.1778 -0.2312
v -0.1725 0.1788 -0.2288
v -0.1780 0.1789 -0.2519
v -0.1814 0.1841 -0.3636
v -0.1811 0.1861 -0.3908
v -0.1891 0.1804 -0.3791
v -0.1883 0.1762 -0.3240
v -0.2231 0.1257 -0.3023
v -0.2172 0.1336 -0.3690
v -0.2316 0.1222 -0.3351
v -0.2288 0.1175 -0.2242
v -0.2186 0.1269 -0.2690
v -0.2324 0.1166 -0.2655
v -0.2043 0.1608 -0.4752
v -0.1611 0.2066 -0.4870
v -0.1586 0.2171 -0.5002
v -0.1662 0.2030 -0.5058
v -0.1477 0.1792 -0.2017
v -0.1440 0.1871 -0.2171
v -0.1478 0.1843 -0.2332
v -0.1378 0.1785 -0.0892
v -0.1404 0.1780 -0.1192
v -0.1443 0.1746 -0.0947
v -0.1604 0.1796 -0.2597
v -0.1790 0.1609 -0.0885
v -0.1736 0.1720 -0.0972
v -0.1797 0.1645 -0.1168
v -0.1794 0.1454 0.0646
v -0.1796 0.1472 0.0441
v -0.1825 0.1432 0.0458
v -0.1442 0.1701 0.0220
v -0.1438 0.1708 0.0031
v -0.1476 0.1706 0.0138
v -0.1657 0.1727 0.0025
v -0.1547 0.1733 -0.0341
v -0.1659 0.1725 -0.0379
v -0.1440 0.1716 -0.0184
v -0.1390 0.1738 -0.0203
v -0.1497 0.1717 -0.0461
v -0.1412 0.1660 0.1223
v -0.1418 0.1665 0.0963
v -0.1511 0.1702 0.0777
v -0.1727 0.1562 0.1331
v -0.1748 0.1540 0.1071
v -0.1749 0.1495 0.1365
v -0.1716 0.1572 0.1869
v -0.1716 0.1636 0.1609
v -0.1731 0.1539 0.1653
v -0.1834 0.1415 0.0914
v -0.1787 0.1463 0.0865
v -0.1655 0.1702 0.2362
v -0.1561 0.1725 0.2072
v -0.1649 0.1712 0.1996
v -0.1200 0.1781 0.1612
v -0.1255 0.1733 0.1337
v -0.1284 0.1692 0.1468
v -0.1196 0.2038 0.0498
v -0.1235 0.2025 0.0144
v -0.1241 0.1876 0.0352
v -0.1271 0.1842 0.0079
v -0.1268 0.1874 -0.0092
v -0.1265 0.1841 -0.0025
v -0.1119 0.2212 0.0038
v -0.1173 0.2168 -0.0299
v -0.1215 0.2120 -0.0280
v -0.1199 0.2016 0.0895
v -0.1193 0.2013 0.0663
v -0.1215 0.1903 0.0814
v -0.1204 0.1752 0.2292
v -0.1202 0.1773 0.2004
v -0.1222 0.1735 0.2085
v -0.1284 0.1678 0.3001
v -0.1253 0.1694 0.2800
v -0.1290 0.1676 0.2657
v -0.1712 0.1505 0.2749
v -0.1728 0.1462 0.2556
v -0.1736 0.1459 0.2733
v -0.1657 0.1701 0.3325
v -0.1573 0.1722 0.3117
v -0.1655 0.1701 0.2977
v -0.1177 0.1783 0.3410
v -0.1175 0.1801 0.2848
v -0.1211 0.1727 0.3162
v -0.1566 0.1721 0.4079
v -0.1570 0.1725 0.3692
v -0.1638 0.1706 0.4156
v -0.1915 0.1317 0.3449
v -0.1842 0.1356 0.3147
v -0.2067 0.1221 0.3172
v -0.1713 0.1454 0.5004
v -0.1721 0.1463 0.4855
v -0.1772 0.1412 0.4969
v -0.1653 0.1619 0.5640
v -0.1580 0.1665 0.5462
v -0.1655 0.1622 0.5292
v -0.1294 0.1688 0.4254
v -0.1245 0.1708 0.4122
v -0.1298 0.1682 0.3961
v -0.0877 0.2393 0.2655
v -0.1023 0.2196 0.2172
v -0.1094 0.2095 0.2791
v -0.0203 0.3288 0.1183
v -0.0179 0.3322 0.1154
v -0.0274 0.3221 0.0749
v 0.0251 0.2997 -0.0182
v 0.0056 0.3218 -0.0117
v 0.0094 0.3178 0.0126
v 0.0911 0.2048 0.0831
v 0.0913 0.2104 0.0647
v 0.0857 0.2151 0.0796
v 0.0203 0.3018 0.1525
v 0.0327 0.2885 0.1135
v 0.0003 0.3281 0.1109
v -0.0430 0.2912 0.3023
v -0.0417 0.2933 0.2634
v -0.0638 0.2685 0.3012
v 0.0212 0.2987 0.1924
v 0.0115 0.3111 0.1668
v 0.0093 0.3125 0.1754
v 0.0266 0.2905 0.3176
v -0.0004 0.3202 0.2805
v -0.0006 0.3197 0.3171
v -0.0564 0.2782 0.3995
v -0.0481 0.2860 0.3564
v -0.0651 0.2675 0.3581
v -0.1142 0.1855 0.4040
v -0.1157 0.1861 0.3767
v -0.1168 0.1806 0.3803
v -0.1055 0.2153 0.4171
v -0.1135 0.2033 0.3761
v -0.1132 0.2046 0.4191
v -0.0194 0.3165 0.4209
v -0.0105 0.3218 0.4049
v -0.0186 0.3181 0.4006
v -0.1022 0.2364 0.5881
v -0.0760 0.2672 0.5655
v -0.0868 0.2503 0.5423
v -0.1207 0.1938 0.5347
v -0.1184 0.2000 0.5206
v -0.1179 0.1925 0.5154
v -0.1297 0.1681 0.4968
v -0.1283 0.1690 0.4780
v -0.1344 0.1665 0.4832
v -0.1332 0.1651 0.5773
v -0.1305 0.1641 0.5622
v -0.1390 0.1659 0.5569
v -0.1189 0.1882 0.5696
v -0.1197 0.1892 0.5517
v -0.1186 0.1851 0.5468
v -0.1224 0.1740 0.6099
v -0.1238 0.1676 0.5814
v -0.1244 0.1688 0.6159
v -0.1557 0.1665 0.6007
v -0.1586 0.1661 0.5814
v -0.1650 0.1622 0.5852
v -0.1965 0.1511 0.6749
v -0.2018 0.1469 0.6739
v -0.2088 0.1458 0.6742
v -0.1895 0.2062 0.6829
v -0.1964 0.2060 0.6758
v -0.1932 0.2111 0.6838
v -0.1411 0.1709 0.6149
v -0.1480 0.1692 0.6094
v -0.1464 0.1711 0.6156
v -0.1744 0.1632 0.6693
v -0.1704 0.1659 0.6679
v -0.1722 0.1608 0.6670
v -0.1195 0.1851 0.6196
v -0.1221 0.1899 0.6102
v -0.1194 0.1864 0.6122
v -0.1075 0.2234 0.5471
v -0.1139 0.2118 0.5267
v -0.1156 0.2144 0.5534
v -0.1255 0.2011 0.6164
v -0.1252 0.2042 0.6006
v -0.1249 0.1936 0.6005
v -0.0216 0.3354 0.6260
v -0.0448 0.3070 0.5982
v -0.0568 0.2986 0.6210
v -0.0257 0.3398 0.6606
v -0.0185 0.3409 0.6345
v 0.0099 0.3101 0.3904
v 0.0296 0.2879 0.3574
v -0.0005 0.3198 0.3575
v 0.0872 0.2086 0.1458
v 0.0909 0.2021 0.1306
v 0.0837 0.2145 0.1224
v 0.0942 0.1874 0.2340
v 0.0916 0.2020 0.2148
v 0.0907 0.2091 0.2515
v 0.0766 0.2254 0.3040
v 0.0733 0.2305 0.2580
v 0.0721 0.2328 0.3139
v 0.0608 0.2572 0.4805
v 0.0594 0.2568 0.4467
v 0.0548 0.2656 0.4756
v 0.0901 0.2103 0.3485
v 0.0903 0.2083 0.3161
v 0.0884 0.2159 0.3422
v 0.0923 0.1955 0.3855
v 0.0933 0.1904 0.3661
v 0.0919 0.2001 0.3563
v 0.1132 0.1744 0.4076
v 0.1133 0.1718 0.3768
v 0.1086 0.1742 0.3945
v 0.0958 0.1842 0.2692
v 0.0990 0.1781 0.2404
v 0.1074 0.1678 0.0802
v 0.1127 0.1697 0.0663
v 0.1092 0.1702 0.0641
v 0.1300 0.1792 -0.0820
v 0.1297 0.1749 -0.0406
v 0.1353 0.1794 -0.0725
v 0.1515 0.1778 -0.2478
v 0.1526 0.1778 -0.2595
v 0.1406 0.1862 -0.2522
v 0.1504 0.1861 -0.3782
v 0.1415 0.1885 -0.4137
v 0.1373 0.1871 -0.3556
v 0.1305 0.2323 -0.5110
v 0.1349 0.2282 -0.5169
v 0.1317 0.2365 -0.5165
v 0.1156 0.2341 -0.4393
v 0.1176 0.2343 -0.4536
v 0.1121 0.2406 -0.4510
v 0.1219 0.2004 -0.4139
v 0.1250 0.1977 -0.4337
v 0.1233 0.2026 -0.4339
v 0.1133 0.2179 -0.3348
v 0.1104 0.2260 -0.3378
v 0.1078 0.2269 -0.3292
v 0.1319 0.1915 -0.4200
v 0.1311 0.1920 -0.4447
v 0.1278 0.1933 -0.4337
v 0.1323 0.1868 -0.3250
v 0.1326 0.1871 -0.3560
v 0.1273 0.1879 -0.3211
v 0.1113 0.1914 -0.2270
v 0.1127 0.1924 -0.2496
v 0.1087 0.1974 -0.2338
v 0.0998 0.2266 -0.2516
v 0.1030 0.2210 -0.2548
v 0.0992 0.2273 -0.2574
v 0.0629 0.2856 -0.3652
v 0.0666 0.2789 -0.3793
v 0.0649 0.2857 -0.3870
v 0.0304 0.3074 -0.2660
v 0.0259 0.3155 -0.2924
v 0.0079 0.3265 -0.2529
v -0.0181 0.3334 -0.0581
v -0.0338 0.3190 -0.1216
v -0.0332 0.3182 -0.0500
v -0.0034 0.3321 -0.0066
v -0.0026 0.3322 -0.0015
v -0.0026 0.3323 0.0236
v -0.0104 0.3329 0.0121
v 0.0736 0.2522 -0.2715
v 0.0723 0.2603 -0.3275
v 0.0668 0.2617 -0.2658
v 0.0772 0.2358 -0.0967
v 0.0744 0.2396 -0.1407
v 0.0692 0.2458 -0.1159
v 0.0988 0.2165 -0.1803
v 0.1003 0.2165 -0.2079
v 0.0956 0.2228 -0.1903
v 0.0988 0.1989 -0.0949
v 0.0979 0.2105 -0.1104
v 0.0969 0.2107 -0.0936
v 0.1314 0.1849 -0.2413
v 0.1364 0.1856 -0.2599
v 0.1067 0.1827 -0.0859
v 0.1079 0.1834 -0.1127
v 0.1033 0.1895 -0.1123
v 0.1212 0.1761 -0.0615
v 0.1189 0.1764 -0.0774
v 0.1141 0.1755 -0.0626
v 0.0921 0.2175 -0.0768
v 0.0790 0.2330 -0.0615
v 0.0818 0.2283 -0.0125
v 0.0949 0.2030 0.0609
v 0.0924 0.2115 0.0474
v 0.1061 0.1778 0.0137
v 0.1085 0.1772 -0.0190
v 0.1038 0.1819 -0.0012
v 0.1078 0.1738 0.0418
v 0.1124 0.1725 0.0281
v 0.1092 0.1745 0.0233
v 0.0916 0.2129 0.0358
v 0.0982 0.2073 0.0263
v 0.0860 0.2209 0.0279
v 0.1204 0.1793 -0.1514
v 0.1169 0.1817 -0.1704
v 0.1170 0.1795 -0.1458
v 0.0886 0.2288 -0.1778
v 0.0926 0.2279 -0.2000
v 0.0781 0.2394 -0.1952
v 0.0600 0.2724 -0.2607
v 0.0557 0.2810 -0.2716
v 0.0511 0.2808 -0.2334
v -0.0057 0.3316 -0.0378
v -0.0061 0.3302 -0.0603
v -0.0120 0.3324 -0.0487
v 0.0562 0.2882 -0.3112
v 0.0574 0.2934 -0.3544
v 0.0514 0.2983 -0.3368
v 0.1130 0.1864 -0.2095
v 0.1085 0.1922 -0.2040
v 0.1262 0.1920 -0.3607
v 0.1263 0.1924 -0.3816
v 0.1211 0.1973 -0.3550
v 0.1267 0.2041 -0.4746
v 0.1290 0.2138 -0.5025
v 0.1246 0.2223 -0.4758
v 0.1275 0.2247 -0.4903
v 0.1229 0.2315 -0.4760
v 0.1377 0.2644 -0.5301
v 0.1427 0.2634 -0.5359
v 0.1405 0.2671 -0.5362
v 0.1665 0.2395 -0.5333
v 0.1644 0.2419 -0.5391
v 0.1619 0.2434 -0.5346
v 0.1872 0.2135 -0.5287
v 0.1833 0.2181 -0.5286
v 0.1892 0.2086 -0.5233
v 0.1909 0.2098 -0.5291
v 0.1834 0.2105 -0.5218
v 0.1985 0.1781 -0.5199
v 0.2067 0.1867 -0.5223
v 0.1975 0.1855 -0.5186
v 0.1896 0.1470 -0.4927
v 0.1955 0.1463 -0.5107
v 0.1896 0.1516 -0.5051
v 0.1815 0.1679 -0.5152
v 0.1836 0.1788 -0.5189
v 0.1771 0.1799 -0.5165
v 0.1585 0.2248 -0.5255
v 0.1611 0.2345 -0.5289
v 0.1514 0.2251 -0.5267
v 0.1615 0.2187 -0.5241
v 0.1518 0.2180 -0.5252
v 0.1678 0.1952 -0.5158
v 0.1749 0.2049 -0.5199
v 0.1657 0.2022 -0.5182
v 0.1638 0.1728 -0.4114
v 0.1561 0.1806 -0.4009
v 0.1582 0.1770 -0.3721
v 0.2218 0.1385 -0.5112
v 0.2109 0.1427 -0.5127
v 0.1999 0.1429 -0.5057
v 0.2139 0.1710 -0.5203
v 0.2150 0.1794 -0.5237
v 0.2055 0.1706 -0.5195
v 0.2098 0.1487 -0.5176
v 0.2146 0.1575 -0.5192
v 0.2060 0.1558 -0.5191
v 0.2666 0.1215 -0.6321
v 0.2686 0.1161 -0.6552
v 0.2655 0.1208 -0.6610
v 0.2628 0.1281 -0.5282
v 0.2503 0.1410 -0.5489
v 0.2544 0.1361 -0.5233
v 0.2246 0.1365 -0.5028
v 0.2367 0.1354 -0.5103
v 0.2435 0.1171 -0.5010
v 0.2409 0.1267 -0.5021
v 0.2393 0.1266 -0.4972
v 0.2492 0.0798 -0.4980
v 0.2530 0.0800 -0.5037
v 0.2500 0.0824 -0.5044
v 0.2735 0.0844 -0.5337
v 0.2774 0.0789 -0.5499
v 0.2734 0.0867 -0.5559
v 0.2935 0.0502 -0.7494
v 0.2942 0.0433 -0.7618
v 0.2852 0.0563 -0.7594
v 0.2882 0.0559 -0.8189
v 0.2940 0.0543 -0.8219
v 0.2883 0.0596 -0.8225
v 0.2525 0.1069 -0.8072
v 0.2555 0.0949 -0.8137
v 0.2525 0.1080 -0.8126
v 0.2188 0.1564 -0.7577
v 0.2224 0.1484 -0.7622
v 0.2180 0.1538 -0.7635
v 0.2323 0.1494 -0.7479
v 0.2081 0.1723 -0.7560
v 0.2494 0.1127 -0.7626
v 0.2514 0.1046 -0.7700
v 0.2492 0.1107 -0.7679
v 0.2805 0.0580 -0.7715
v 0.2765 0.0606 -0.7834
v 0.2691 0.0703 -0.7714
v 0.2687 0.0991 -0.7070
v 0.2671 0.1009 -0.7250
v 0.2677 0.1061 -0.7134
v 0.2713 0.0809 -0.7473
v 0.2772 0.0696 -0.7522
v 0.2693 0.0776 -0.7547
v 0.2542 0.1023 -0.7576
v 0.2533 0.0944 -0.7625
v 0.2526 0.1043 -0.7626
v 0.2833 0.0536 -0.7970
v 0.2723 0.0652 -0.7936
v 0.3261 0.0014 -0.8109
v 0.3237 0.0046 -0.8139
v 0.3203 0.0064 -0.8071
v 0.3196 0.0105 -0.8152
v 0.3144 0.0162 -0.8140
v 0.3463 0.1158 -0.8049
v 0.3353 0.1247 -0.8144
v 0.3481 0.1071 -0.8135
v 0.3614 0.0872 -0.8160
v 0.3542 0.0892 -0.8233
v 0.3688 0.0764 -0.8147
v 0.3737 0.0307 -0.8149
v 0.3714 0.0293 -0.8181
v 0.3661 0.0258 -0.8152
v 0.3454 0.0173 -0.7712
v 0.3703 0.0304 -0.7770
v 0.3495 0.0163 -0.7849
v 0.3685 0.0481 -0.7494
v 0.3776 0.0500 -0.7563
v 0.3780 0.0421 -0.7639
v 0.3753 0.0691 -0.8110
v 0.3740 0.0779 -0.8101
v 0.3763 0.0538 -0.7508
v 0.3786 0.0564 -0.7548
v 0.3162 0.0259 -0.7474
v 0.3159 0.0195 -0.7550
v 0.3108 0.0286 -0.7493
v 0.3223 0.0323 -0.6903
v 0.3234 0.0322 -0.7142
v 0.3192 0.0326 -0.7002
v 0.3754 0.0675 -0.7054
v 0.3765 0.0649 -0.7269
v 0.3760 0.0637 -0.7069
v 0.3220 0.0318 -0.6433
v 0.3260 0.0328 -0.6543
v 0.3217 0.0323 -0.6659
v 0.2915 0.0635 -0.5394
v 0.2842 0.0709 -0.5543
v 0.2820 0.0692 -0.5475
v 0.2537 0.0641 -0.4740
v 0.2540 0.0665 -0.4819
v 0.2517 0.0622 -0.4669
v 0.2314 0.1176 -0.3521
v 0.2322 0.1193 -0.3603
v 0.2258 0.1232 -0.3573
v 0.2334 0.1018 -0.3165
v 0.2347 0.1085 -0.3295
v 0.2328 0.1082 -0.3095
v 0.2508 0.0592 -0.4269
v 0.2545 0.0559 -0.4363
v 0.2508 0.0599 -0.4483
v 0.2923 0.0607 -0.5048
v 0.2856 0.0662 -0.5091
v 0.2879 0.0641 -0.4954
v 0.2607 0.0531 -0.4141
v 0.2604 0.0540 -0.4408
v 0.2552 0.0542 -0.4179
v 0.2395 0.0685 -0.2744
v 0.2380 0.0772 -0.3057
v 0.2291 0.0961 -0.2544
v 0.2160 0.1179 -0.2195
v 0.2159 0.1193 -0.2402
v 0.2064 0.1250 -0.2293
v 0.2260 0.1000 -0.1951
v 0.2226 0.1098 -0.2056
v 0.2217 0.1093 -0.1873
v 0.2188 0.1130 0.0529
v 0.2174 0.1142 0.0132
v 0.2115 0.1189 0.0335
v 0.1590 0.1687 -0.2674
v 0.1696 0.1562 -0.2824
v 0.1641 0.1654 -0.3163
v 0.2078 0.1377 -0.4524
v 0.2161 0.1365 -0.4703
v 0.2011 0.1407 -0.4770
v 0.2359 0.1149 -0.3780
v 0.2365 0.1160 -0.3991
v 0.2365 0.1198 -0.3868
v 0.2242 0.1256 -0.3688
v 0.2156 0.1281 -0.3636
v 0.2035 0.1361 -0.4151
v 0.2115 0.1350 -0.4315
v 0.1964 0.1402 -0.4381
v 0.1418 0.1743 -0.0772
v 0.1551 0.1614 -0.1047
v 0.1468 0.1717 -0.1243
v 0.1628 0.1486 0.0047
v 0.1670 0.1479 -0.0529
v 0.1546 0.1577 -0.0462
v 0.1287 0.1768 0.0333
v 0.1259 0.1770 0.0259
v 0.1216 0.1743 0.0335
v 0.1267 0.1734 0.1667
v 0.1364 0.1718 0.1435
v 0.1263 0.1731 0.1329
v 0.1090 0.1717 0.2736
v 0.1097 0.1716 0.2484
v 0.1044 0.1742 0.2497
v 0.1294 0.1733 0.3381
v 0.1293 0.1736 0.3112
v 0.1193 0.1732 0.3189
v 0.1283 0.1741 0.2149
v 0.1358 0.1726 0.1918
v 0.1929 0.1300 0.0302
v 0.1654 0.1464 0.0319
v 0.1776 0.1388 0.0430
v 0.1434 0.1642 0.1986
v 0.1508 0.1556 0.1743
v 0.1422 0.1661 0.1767
v 0.2030 0.1217 0.1462
v 0.1932 0.1284 0.1305
v 0.1867 0.1307 0.1866
v 0.2466 0.0536 -0.0371
v 0.2474 0.0519 -0.0712
v 0.2424 0.0593 -0.0754
v 0.2510 0.0479 -0.2732
v 0.2541 0.0474 -0.2793
v 0.2518 0.0490 -0.2935
v 0.2768 0.0551 -0.4034
v 0.2695 0.0551 -0.4411
v 0.2668 0.0550 -0.4442
v 0.2794 0.0575 -0.2901
v 0.2907 0.0588 -0.3253
v 0.2807 0.0569 -0.3157
v 0.3104 0.0403 -0.4530
v 0.2980 0.0547 -0.4676
v 0.2999 0.0552 -0.4488
v 0.3153 0.0357 -0.5530
v 0.3188 0.0332 -0.5790
v 0.3153 0.0352 -0.5841
v 0.3469 0.0393 -0.5954
v 0.3520 0.0439 -0.6035
v 0.3470 0.0405 -0.6138
v 0.3756 0.0680 -0.6466
v 0.3756 0.0677 -0.6784
v 0.3755 0.0643 -0.6628
v 0.3542 0.1126 -0.7781
v 0.3478 0.1216 -0.7862
v 0.3545 0.1111 -0.7885
v 0.3264 0.1345 -0.7334
v 0.3185 0.1468 -0.7497
v 0.3298 0.1321 -0.7436
v 0.3246 0.1361 -0.6589
v 0.3214 0.1396 -0.7133
v 0.3388 0.1186 -0.6803
v 0.2859 0.2125 -0.7316
v 0.2820 0.2090 -0.7390
v 0.2635 0.2261 -0.7338
v 0.2623 0.2347 -0.7362
v 0.2683 0.2259 -0.7353
v 0.2713 0.2023 -0.7002
v 0.2662 0.2081 -0.7148
v 0.2704 0.2040 -0.7184
v 0.2512 0.2466 -0.7273
v 0.2446 0.2516 -0.7299
v 0.2443 0.2540 -0.7211
v 0.2435 0.2581 -0.7137
v 0.2375 0.2606 -0.7144
v 0.2444 0.2631 -0.7003
v 0.2480 0.2565 -0.7076
v 0.2439 0.2625 -0.7082
v 0.2282 0.2646 -0.6725
v 0.2320 0.2603 -0.6820
v 0.2334 0.2554 -0.6700
v 0.2382 0.2732 -0.6690
v 0.2380 0.2712 -0.6762
v 0.2297 0.2705 -0.6687
v 0.2545 0.2352 -0.7299
v 0.2583 0.2308 -0.7294
v 0.2558 0.2302 -0.7224
v 0.2358 0.2480 -0.6993
v 0.2373 0.2548 -0.7075
v 0.2361 0.2481 -0.7072
v 0.3096 0.1564 -0.5581
v 0.3066 0.1593 -0.6353
v 0.3178 0.1454 -0.6035
v 0.3752 0.0659 -0.4555
v 0.3754 0.0688 -0.4659
v 0.3754 0.0660 -0.4767
v 0.3739 0.0627 -0.5133
v 0.3751 0.0649 -0.5321
v 0.3746 0.0615 -0.5435
v 0.3734 0.0722 -0.5944
v 0.3738 0.0725 -0.6362
v 0.3757 0.0679 -0.6101
v 0.3530 0.0449 -0.5640
v 0.3469 0.0393 -0.5536
v 0.3251 0.0327 -0.5229
v 0.3236 0.0328 -0.5526
v 0.3216 0.0327 -0.5346
v 0.3356 0.0391 -0.3119
v 0.3292 0.0366 -0.3502
v 0.3274 0.0347 -0.3233
v 0.3129 0.0380 -0.2829
v 0.3005 0.0565 -0.2830
v 0.3027 0.0531 -0.2745
v 0.3165 0.0362 -0.2835
v 0.3216 0.0331 -0.3097
v 0.3161 0.0364 -0.3066
v 0.2514 0.0478 -0.1958
v 0.2541 0.0475 -0.2066
v 0.2507 0.0472 -0.2116
v 0.2864 0.0771 -0.1284
v 0.2767 0.0631 -0.1554
v 0.2740 0.0597 -0.1372
v 0.2826 0.0845 -0.1966
v 0.2735 0.0902 -0.1965
v 0.2765 0.0857 -0.1944
v 0.2739 0.1011 -0.2602
v 0.2676 0.1014 -0.2678
v 0.2741 0.1027 -0.2683
v 0.2516 0.1146 -0.3451
v 0.2439 0.1174 -0.3513
v 0.2518 0.1154 -0.3509
v 0.2689 0.1189 -0.3452
v 0.2682 0.1184 -0.3500
v 0.2602 0.1219 -0.3451
v 0.2512 0.1138 -0.2919
v 0.2442 0.1179 -0.3021
v 0.2508 0.1143 -0.2985
v 0.2432 0.1244 -0.2617
v 0.2473 0.1330 -0.2599
v 0.2432 0.1247 -0.2810
v 0.2703 0.1189 -0.2755
v 0.2681 0.1176 -0.2833
v 0.2673 0.1246 -0.2751
v 0.2385 0.1423 -0.2290
v 0.2444 0.1391 -0.2211
v 0.2394 0.1414 -0.2197
v 0.2085 0.1723 -0.2533
v 0.2162 0.1673 -0.2614
v 0.2216 0.1625 -0.2365
v 0.2348 0.1552 -0.2212
v 0.2355 0.1465 -0.2282
v 0.2314 0.1544 -0.2276
v 0.2352 0.1466 -0.1612
v 0.2334 0.1528 -0.1599
v 0.2285 0.1480 -0.1611
v 0.2297 0.1717 -0.1950
v 0.2328 0.1649 -0.1844
v 0.2329 0.1648 -0.2037
v 0.2232 0.1633 -0.2983
v 0.2220 0.1696 -0.3051
v 0.2235 0.1632 -0.3037
v 0.2042 0.1956 -0.4057
v 0.2011 0.1915 -0.3993
v 0.1998 0.1993 -0.4049
v 0.2040 0.1954 -0.4518
v 0.2124 0.1935 -0.4605
v 0.2083 0.1911 -0.4632
v 0.2183 0.1767 -0.4447
v 0.2196 0.1765 -0.4526
v 0.2229 0.1751 -0.4450
v 0.2054 0.1779 -0.4419
v 0.2052 0.1838 -0.4446
v 0.2117 0.1782 -0.4446
v 0.2144 0.1946 -0.3851
v 0.2068 0.1979 -0.3986
v 0.2009 0.2004 -0.3649
v 0.2033 0.1768 -0.2407
v 0.2057 0.1753 -0.2699
v 0.2355 0.1521 -0.1066
v 0.2355 0.1516 -0.1285
v 0.2386 0.1473 -0.1015
v 0.2433 0.1330 -0.0881
v 0.2446 0.1314 -0.1013
v 0.2442 0.1262 -0.0856
v 0.2425 0.1389 -0.0370
v 0.2469 0.1386 -0.0431
v 0.2436 0.1409 -0.0434
v 0.2441 0.1534 -0.1332
v 0.2369 0.1539 -0.1346
v 0.2403 0.1571 -0.1286
v 0.2452 0.1326 -0.1709
v 0.2429 0.1383 -0.1670
v 0.2454 0.1328 -0.1941
v 0.2429 0.1238 -0.1979
v 0.2435 0.1179 -0.1921
v 0.2447 0.1187 -0.1732
v 0.2764 0.0857 -0.1904
v 0.2816 0.0828 -0.1771
v 0.2763 0.0856 -0.1749
v 0.2840 0.0690 -0.2412
v 0.2897 0.0653 -0.2462
v 0.2815 0.0654 -0.2441
v 0.2914 0.0686 -0.2012
v 0.2871 0.0690 -0.2098
v 0.2832 0.0703 -0.1982
v 0.3298 0.0352 -0.2409
v 0.3379 0.0397 -0.2743
v 0.3246 0.0325 -0.2579
v 0.3094 0.0476 -0.1430
v 0.3132 0.0420 -0.1645
v 0.3069 0.0521 -0.1710
v 0.3017 0.0615 -0.1122
v 0.2954 0.0688 -0.1138
v 0.3005 0.0653 -0.1052
v 0.2880 0.0784 -0.0205
v 0.2902 0.0724 -0.0590
v 0.2869 0.0789 -0.0518
v 0.2843 0.0724 -0.0044
v 0.2878 0.0783 -0.0129
v 0.2833 0.0730 -0.0224
v 0.2654 0.0512 -0.0908
v 0.2694 0.0532 -0.1228
v 0.2639 0.0506 -0.1297
v 0.2508 0.0479 -0.0449
v 0.2510 0.0482 -0.0707
v 0.2680 0.0527 -0.0579
v 0.2626 0.0493 -0.0609
v 0.3004 0.0586 0.0276
v 0.2992 0.0614 0.0312
v 0.2971 0.0609 0.0416
v 0.2630 0.0476 0.0323
v 0.2675 0.0520 0.0066
v 0.2618 0.0479 0.0051
v 0.2480 0.0505 0.1331
v 0.2479 0.0517 0.0827
v 0.2433 0.0589 0.1203
v 0.2924 0.0575 0.0652
v 0.2996 0.0548 0.0627
v 0.2906 0.0601 0.0575
v 0.3209 0.0339 -0.1203
v 0.3207 0.0341 -0.1417
v 0.3181 0.0361 -0.1280
v 0.3711 0.0582 -0.2741
v 0.3753 0.0618 -0.3097
v 0.3678 0.0569 -0.3216
v 0.3730 0.0731 -0.4121
v 0.3672 0.0819 -0.4159
v 0.3745 0.0716 -0.4259
v 0.3766 0.0676 -0.2232
v 0.3761 0.0681 -0.2478
v 0.3779 0.0636 -0.2364
v 0.3755 0.0609 -0.2272
v 0.3761 0.0608 -0.2538
v 0.3705 0.0569 -0.2389
v 0.3269 0.0318 -0.1059
v 0.3675 0.0531 -0.1598
v 0.3308 0.0337 -0.1285
v 0.3243 0.0328 -0.0173
v 0.3241 0.0325 -0.0378
v 0.3206 0.0347 -0.0261
v 0.3252 0.0324 0.0152
v 0.3394 0.0401 -0.0004
v 0.3290 0.0346 0.0041
v 0.3210 0.0358 0.0987
v 0.3274 0.0372 0.0776
v 0.3215 0.0342 0.0710
v 0.2908 0.0540 0.1261
v 0.2825 0.0551 0.1236
v 0.2800 0.0523 0.1262
v 0.2498 0.0461 0.1997
v 0.2502 0.0446 0.1764
v 0.2459 0.0530 0.1780
v 0.2476 0.0490 0.2223
v 0.2417 0.0611 0.2248
v 0.2063 0.1166 0.2338
v 0.2159 0.1086 0.2068
v 0.2083 0.1164 0.1799
v 0.1479 0.1566 0.3266
v 0.1368 0.1708 0.3073
v 0.1407 0.1655 0.3420
v 0.1204 0.1757 0.4359
v 0.1192 0.1760 0.4154
v 0.1127 0.1740 0.4309
v 0.1143 0.1755 0.4778
v 0.1193 0.1757 0.4688
v 0.1126 0.1745 0.4599
v 0.0962 0.2101 0.5121
v 0.0950 0.2095 0.5039
v 0.0935 0.2176 0.5122
v 0.0958 0.1831 0.4582
v 0.0981 0.1793 0.4324
v 0.0957 0.1832 0.4228
v 0.0982 0.2168 0.5698
v 0.0984 0.2113 0.5560
v 0.0986 0.2159 0.5540
v 0.0962 0.2259 0.5970
v 0.0975 0.2251 0.5839
v 0.0936 0.2288 0.5892
v 0.1042 0.1785 0.5629
v 0.1074 0.1769 0.5455
v 0.1029 0.1775 0.5406
v 0.1052 0.1813 0.5919
v 0.1078 0.1792 0.5832
v 0.1065 0.1779 0.5665
v 0.1028 0.2081 0.6412
v 0.1019 0.2181 0.6253
v 0.1044 0.2164 0.6429
v 0.0653 0.2751 0.6235
v 0.0575 0.2794 0.5987
v 0.0523 0.2899 0.6281
v -0.0040 0.3404 0.6139
v -0.0006 0.3374 0.6116
v -0.0102 0.3386 0.6115
v 0.0007 0.3513 0.6636
v -0.0027 0.3561 0.6657
v -0.0004 0.3583 0.6692
v 0.0825 0.2680 0.6614
v 0.0795 0.2659 0.6512
v 0.0722 0.2792 0.6598
v 0.0506 0.3237 0.6745
v 0.0267 0.3563 0.6796
v 0.0588 0.3352 0.6810
v 0.1271 0.2258 0.6797
v 0.1220 0.2324 0.6769
v 0.1281 0.2348 0.6790
v 0.1287 0.2859 0.6892
v 0.1292 0.2803 0.6827
v 0.1283 0.2850 0.6844
v 0.1078 0.3032 0.6800
v 0.1022 0.2969 0.6733
v 0.1028 0.3023 0.6738
v 0.0746 0.3211 0.6795
v 0.0733 0.3366 0.6861
v 0.0862 0.3225 0.6822
v 0.0675 0.3556 0.6963
v 0.0653 0.3539 0.6899
v 0.0630 0.3603 0.6964
v -0.0188 0.4128 0.6710
v -0.0181 0.4150 0.6647
v -0.0105 0.4106 0.6693
v -0.0252 0.4307 0.6622
v -0.0188 0.4341 0.6577
v -0.0223 0.4257 0.6577
v -0.0227 0.4030 0.6824
v -0.0193 0.4074 0.6792
v -0.0122 0.4004 0.6806
v -0.0798 0.3559 0.6900
v -0.0604 0.3582 0.6854
v -0.0753 0.3279 0.6807
v -0.1226 0.2291 0.6639
v -0.1061 0.2506 0.6570
v -0.1195 0.2301 0.6575
v -0.1282 0.2209 0.6645
v -0.1294 0.2161 0.6625
v -0.1237 0.1932 0.6375
v -0.1224 0.1906 0.6235
v -0.1200 0.1858 0.6352
v -0.1315 0.1832 0.6762
v -0.1305 0.1814 0.6712
v -0.1345 0.1791 0.6712
v -0.1512 0.2271 0.6803
v -0.1428 0.2272 0.6774
v -0.1426 0.2189 0.6769
v -0.1112 0.3184 0.6853
v -0.1175 0.3244 0.6903
v -0.1119 0.3264 0.6886
v -0.0822 0.3653 0.6950
v -0.0740 0.3607 0.6900
v -0.0670 0.3906 0.7035
v -0.0610 0.3914 0.6952
v -0.0646 0.3866 0.6948
v -0.0895 0.3652 0.7129
v -0.0966 0.3570 0.7046
v -0.1047 0.3474 0.7191
v -0.1251 0.3223 0.7147
v -0.1108 0.3374 0.7023
v -0.1202 0.3258 0.7001
v -0.1264 0.2969 0.6811
v -0.1263 0.2929 0.6805
v -0.1351 0.2949 0.6834
v -0.1588 0.2099 0.6897
v -0.1580 0.2232 0.6836
v -0.1503 0.2158 0.6827
v -0.1636 0.1844 0.6793
v -0.1560 0.1801 0.6741
v -0.1645 0.1804 0.6739
v -0.1795 0.2343 0.6817
v -0.1805 0.2482 0.6814
v -0.1724 0.2359 0.6814
v -0.1704 0.2688 0.6972
v -0.1629 0.2715 0.6884
v -0.1683 0.2669 0.6877
v -0.1873 0.2299 0.6849
v -0.1927 0.2358 0.6827
v -0.2090 0.2170 0.6803
v -0.2057 0.2158 0.6760
v -0.2145 0.2152 0.6808
v -0.2194 0.2054 0.6428
v -0.2279 0.2029 0.6248
v -0.2004 0.1769 0.6507
v -0.1977 0.1855 0.6495
v -0.1965 0.1791 0.6534
v -0.1997 0.1701 0.6697
v -0.1947 0.1775 0.6654
v -0.1887 0.1769 0.6703
v -0.2199 0.1448 0.6735
v -0.2234 0.1473 0.6731
v -0.1980 0.1353 0.5908
v -0.2048 0.1287 0.5511
v -0.2110 0.1285 0.5752
v -0.2337 0.1406 0.6704
v -0.2397 0.1450 0.6682
v -0.2309 0.1450 0.6703
v -0.2442 0.1302 0.6651
v -0.2504 0.1322 0.6703
v -0.2433 0.1336 0.6687
v -0.1950 0.1931 0.6574
v -0.2032 0.2021 0.6573
v -0.2022 0.2052 0.6655
v -0.2344 0.1974 0.7595
v -0.2177 0.2174 0.7460
v -0.2313 0.2018 0.7336
v -0.2671 0.1571 0.7598
v -0.2665 0.1589 0.7456
v -0.2796 0.1422 0.7603
v -0.2963 0.1233 0.7579
v -0.2942 0.1292 0.7517
v -0.2970 0.1248 0.7519
v -0.3035 0.0937 0.6806
v -0.3028 0.1072 0.6729
v -0.3022 0.0961 0.6761
v -0.2707 0.1301 0.6687
v -0.2760 0.1256 0.6678
v -0.2795 0.1316 0.6662
v -0.2794 0.0995 0.6735
v -0.2718 0.1039 0.6737
v -0.2738 0.0949 0.6706
v -0.3034 0.0862 0.6799
v -0.2960 0.0875 0.6762
v -0.2892 0.0692 0.6668
v -0.2878 0.0706 0.6600
v -0.2897 0.0624 0.6662
v -0.2756 0.0839 0.6501
v -0.2646 0.0920 0.6397
v -0.2722 0.0830 0.6302
v -0.2572 0.0849 0.5282
v -0.2552 0.0863 0.4981
v -0.2625 0.0737 0.5120
v -0.2429 0.0957 0.2616
v -0.2370 0.1008 0.2448
v -0.2439 0.0928 0.2353
v -0.2736 0.0368 0.0835
v -0.2748 0.0376 0.0726
v -0.2805 0.0272 0.0724
v -0.2965 0.0189 0.0193
v -0.2914 0.0178 0.0085
v -0.2913 0.0166 -0.0051
v -0.2772 0.0372 0.0005
v -0.2664 0.0599 -0.0105
v -0.2864 0.0212 -0.0662
v -0.3184 0.0385 -0.1133
v -0.3166 0.0350 -0.1208
v -0.3191 0.0385 -0.1178
v -0.3250 0.0424 -0.0286
v -0.3224 0.0423 -0.0444
v -0.3339 0.0362 -0.0336
v -0.3821 0.0404 -0.0317
v -0.3830 0.0406 -0.1009
v -0.4036 0.0491 -0.0832
v -0.4126 0.0646 0.0687
v -0.4135 0.0643 0.0444
v -0.4135 0.0682 0.0578
v -0.3988 0.1018 0.0798
v -0.3977 0.1010 0.0720
v -0.3962 0.1095 0.0789
v -0.3946 0.1148 0.0923
v -0.3929 0.1148 0.0836
v -0.3948 0.1150 0.0876
v -0.3947 0.1022 0.0888
v -0.3925 0.1089 0.0879
v -0.3886 0.1036 0.0906
v -0.4302 0.1140 0.1435
v -0.4281 0.1092 0.1288
v -0.4336 0.1141 0.1329
v -0.4370 0.1182 0.1806
v -0.4350 0.1189 0.1721
v -0.4436 0.1142 0.1789
v -0.4437 0.1175 0.1261
v -0.4398 0.1153 0.1188
v -0.4440 0.1176 0.1183
v -0.4661 0.0982 0.1370
v -0.4624 0.0995 0.1280
v -0.4673 0.0951 0.1181
v -0.5208 0.0930 0.0425
v -0.5109 0.0940 0.0321
v -0.5264 0.0947 0.0310
v -0.5207 0.1086 0.1106
v -0.5051 0.1015 0.1062
v -0.5227 0.1057 0.0987
v -0.5435 0.1129 0.1724
v -0.5359 0.1148 0.1562
v -0.5484 0.1119 0.1476
v -0.5562 0.1096 0.1196
v -0.5561 0.1099 0.0992
v -0.5687 0.1058 0.1181
v -0.6127 0.0902 0.0991
v -0.6132 0.0926 0.0712
v -0.6200 0.0899 0.0801
v -0.6229 0.1185 0.0096
v -0.6269 0.1205 0.0007
v -0.6271 0.1253 0.0103
v -0.6237 0.1153 -0.0191
v -0.6253 0.1188 -0.0287
v -0.6328 0.1173 -0.0201
v -0.6509 0.1240 -0.0318
v -0.6603 0.1299 -0.0327
v -0.6494 0.1279 -0.0234
v -0.6723 0.1472 0.0092
v -0.6774 0.1485 0.0044
v -0.6743 0.1437 0.0131
v -0.6377 0.1460 0.0082
v -0.6365 0.1414 0.0086
v -0.6416 0.1473 0.0040
v -0.7010 0.1451 0.0318
v -0.6915 0.1440 0.0201
v -0.7277 0.1407 0.0164
v -0.6741 0.1333 0.0563
v -0.6709 0.1302 0.0474
v -0.6744 0.1336 0.0493
v -0.7013 0.1644 0.0440
v -0.6924 0.1677 0.0388
v -0.6705 0.1696 0.0383
v -0.6040 0.1693 0.0329
v -0.6096 0.1768 0.0235
v -0.6040 0.1754 0.0242
v -0.6196 0.1547 0.0401
v -0.6204 0.1620 0.0360
v -0.6121 0.1551 0.0411
v -0.5638 0.1593 0.1187
v -0.5738 0.1560 0.0970
v -0.5635 0.1650 0.1023
v -0.5238 0.1743 0.2373
v -0.5186 0.1791 0.2289
v -0.5062 0.1864 0.2762
v -0.5576 0.1385 0.2515
v -0.5564 0.1411 0.2345
v -0.5454 0.1486 0.2556
v -0.6054 0.1391 0.0653
v -0.6127 0.1432 0.0553
v -0.6066 0.1459 0.0570
v -0.6281 0.1414 0.0532
v -0.6416 0.1485 0.0494
v -0.6283 0.1458 0.0478
v -0.6518 0.1542 0.0505
v -0.6500 0.1591 0.0468
v -0.6469 0.1499 0.0505
v -0.6734 0.1343 0.0619
v -0.6739 0.1393 0.0621
v -0.6324 0.1294 0.0179
v -0.6341 0.1323 0.0121
v -0.6332 0.1248 0.0183
v -0.6436 0.1013 0.0319
v -0.6366 0.1011 0.0253
v -0.6415 0.1023 0.0275
v -0.6266 0.0904 0.0798
v -0.6271 0.0912 0.0688
v -0.6324 0.0924 0.0793
v -0.6605 0.1238 0.0830
v -0.6637 0.1305 0.0759
v -0.6555 0.1241 0.0856
v -0.6104 0.1220 0.1234
v -0.6111 0.1229 0.1101
v -0.5966 0.1278 0.1252
v -0.6230 0.1004 0.1310
v -0.6398 0.1058 0.1056
v -0.6312 0.1059 0.1253
v -0.6032 0.0971 0.1633
v -0.6059 0.0944 0.1510
v -0.6127 0.1005 0.1589
v -0.6020 0.1104 0.1932
v -0.6069 0.1043 0.1742
v -0.6064 0.1101 0.1816
v -0.5971 0.1110 0.2013
v -0.5937 0.1149 0.2098
v -0.5934 0.1107 0.2094
v -0.5532 0.1102 0.1568
v -0.5509 0.1103 0.1716
v -0.5785 0.1138 0.2397
v -0.5817 0.1151 0.2368
v -0.5804 0.1174 0.2424
v -0.5221 0.1604 0.3317
v -0.5270 0.1558 0.3143
v -0.5214 0.1640 0.3188
v -0.5585 0.1315 0.2958
v -0.5654 0.1246 0.2813
v -0.5707 0.1241 0.2646
v -0.5525 0.0996 0.2050
v -0.5434 0.1097 0.1973
v -0.5573 0.1017 0.1944
v -0.4893 0.1238 0.2346
v -0.4801 0.1232 0.2257
v -0.4886 0.1241 0.2263
v -0.5126 0.1214 0.1953
v -0.5046 0.1188 0.1829
v -0.5124 0.1186 0.1764
v -0.4964 0.1240 0.2187
v -0.4959 0.1234 0.2105
v -0.5055 0.1222 0.2193
v -0.5252 0.1166 0.1972
v -0.5319 0.1173 0.1754
v -0.4523 0.1097 0.1806
v -0.4525 0.1062 0.1575
v -0.4589 0.1075 0.1751
v -0.4813 0.1235 0.2426
v -0.4720 0.1222 0.2334
v -0.4807 0.1241 0.2340
v -0.5271 0.1025 0.2413
v -0.5226 0.1022 0.2394
v -0.5254 0.1019 0.2331
v -0.5571 0.1145 0.2692
v -0.5511 0.1122 0.2640
v -0.5571 0.1110 0.2548
v -0.5359 0.1222 0.2875
v -0.5331 0.1241 0.2898
v -0.5271 0.1220 0.2884
v -0.4765 0.1128 0.2791
v -0.4743 0.1160 0.2670
v -0.4882 0.1121 0.2718
v -0.4620 0.1139 0.2788
v -0.4615 0.1169 0.2701
v -0.4665 0.1152 0.2724
v -0.4275 0.1219 0.2036
v -0.4180 0.1209 0.1942
v -0.4273 0.1218 0.1952
v -0.3942 0.0931 0.1292
v -0.3883 0.1030 0.1068
v -0.3886 0.1026 0.1357
v -0.3972 0.1230 0.2091
v -0.3974 0.1194 0.2002
v -0.4112 0.1256 0.2108
v -0.3803 0.1169 0.2182
v -0.3804 0.1099 0.2107
v -0.3813 0.1163 0.2105
v -0.3832 0.1372 0.2401
v -0.3817 0.1347 0.2336
v -0.3888 0.1376 0.2409
v -0.3674 0.1266 0.2500
v -0.3723 0.1263 0.2366
v -0.3665 0.1298 0.2400
v -0.3643 0.1308 0.1726
v -0.3702 0.1279 0.1649
v -0.3637 0.1308 0.1648
v -0.3732 0.1251 0.1024
v -0.3736 0.1256 0.0947
v -0.3761 0.1330 0.1033
v -0.3791 0.1179 0.1415
v -0.3787 0.1162 0.1347
v -0.3739 0.1172 0.1416
v -0.3801 0.1393 0.1183
v -0.3820 0.1344 0.1100
v -0.3869 0.1279 0.1185
v -0.3788 0.1239 0.1574
v -0.3820 0.1331 0.1497
v -0.3778 0.1221 0.1489
v -0.3637 0.1309 0.1570
v -0.3640 0.1292 0.1408
v -0.3650 0.1390 0.1493
v -0.3746 0.1305 0.1713
v -0.3796 0.1352 0.1652
v -0.3801 0.1287 0.1695
v -0.3733 0.1458 0.1959
v -0.3659 0.1476 0.1877
v -0.3730 0.1467 0.1880
v -0.3567 0.1490 0.2349
v -0.3589 0.1477 0.2262
v -0.3664 0.1488 0.2340
v -0.4024 0.1332 0.2419
v -0.4053 0.1332 0.2337
v -0.4107 0.1292 0.2403
v -0.4047 0.1179 0.1918
v -0.4187 0.1235 0.2024
v -0.4657 0.1131 0.2950
v -0.4697 0.1128 0.2873
v -0.4810 0.1128 0.2945
v -0.5292 0.1311 0.3108
v -0.5273 0.1290 0.3022
v -0.5372 0.1284 0.3111
v -0.5520 0.1268 0.3109
v -0.5433 0.1204 0.2890
v -0.5534 0.1176 0.2849
v -0.5371 0.1317 0.3445
v -0.5399 0.1337 0.3398
v -0.5365 0.1377 0.3461
v -0.5323 0.1356 0.3552
v -0.5282 0.1332 0.3500
v -0.4498 0.1235 0.3132
v -0.4530 0.1192 0.3050
v -0.4625 0.1221 0.3091
v -0.4470 0.1350 0.3248
v -0.4414 0.1312 0.3216
v -0.4361 0.1467 0.3425
v -0.4405 0.1393 0.3317
v -0.4464 0.1480 0.3397
v -0.4102 0.1524 0.3628
v -0.4040 0.1487 0.3577
v -0.4129 0.1486 0.3540
v -0.4196 0.1717 0.3788
v -0.4187 0.1663 0.3724
v -0.4231 0.1708 0.3754
v -0.4040 0.1866 0.4191
v -0.3960 0.1841 0.4097
v -0.4043 0.1844 0.4105
v -0.3620 0.1660 0.3869
v -0.3630 0.1628 0.3770
v -0.3673 0.1624 0.3789
v -0.3483 0.1680 0.3186
v -0.3477 0.1685 0.3115
v -0.3544 0.1639 0.3025
v -0.3526 0.1566 0.2557
v -0.3502 0.1531 0.2414
v -0.3608 0.1583 0.2565
v -0.3693 0.1561 0.3276
v -0.3615 0.1598 0.3128
v -0.3747 0.1511 0.3046
v -0.3760 0.1564 0.3699
v -0.3709 0.1579 0.3561
v -0.3769 0.1538 0.3452
v -0.3496 0.1490 0.2415
v -0.3502 0.1503 0.2360
v -0.3499 0.1645 0.3410
v -0.3481 0.1574 0.3305
v -0.3481 0.1643 0.3356
v -0.3560 0.1383 0.3432
v -0.3487 0.1474 0.3384
v -0.3492 0.1479 0.3578
v -0.3986 0.0867 0.2035
v -0.3924 0.0944 0.1850
v -0.3868 0.1018 0.2099
v -0.4002 0.0535 0.1056
v -0.3995 0.0517 0.0784
v -0.4058 0.0563 0.0850
v -0.4067 0.0701 0.2529
v -0.4086 0.0699 0.2147
v -0.4058 0.0749 0.2434
v -0.4082 0.0698 0.3095
v -0.4064 0.0736 0.2992
v -0.4085 0.0697 0.3327
v -0.4016 0.0571 0.1772
v -0.3946 0.0516 0.1379
v -0.4030 0.0568 0.1396
v -0.3447 0.0314 -0.0083
v -0.3426 0.0313 -0.0302
v -0.3482 0.0306 -0.0214
v -0.3192 0.0468 -0.0208
v -0.3173 0.0422 -0.0444
v -0.3190 0.0454 -0.0339
v -0.3049 0.0236 -0.0056
v -0.3056 0.0223 -0.0225
v -0.3096 0.0297 -0.0086
v -0.3044 0.0231 0.1552
v -0.3048 0.0227 0.1223
v -0.3100 0.0307 0.1469
v -0.3262 0.0454 0.0405
v -0.3185 0.0460 0.0392
v -0.3241 0.0453 0.0338
v -0.3418 0.0345 0.0791
v -0.3427 0.0326 0.0584
v -0.3460 0.0316 0.0681
v -0.3497 0.0324 0.1731
v -0.3458 0.0346 0.1764
v -0.3471 0.0323 0.1685
v -0.3306 0.0532 0.2119
v -0.3318 0.0538 0.2031
v -0.3345 0.0496 0.2201
v -0.3091 0.0290 0.2216
v -0.3056 0.0256 0.1838
v -0.3111 0.0324 0.1892
v -0.2901 0.0168 0.1173
v -0.2881 0.0166 0.0955
v -0.2920 0.0174 0.0960
v -0.2886 0.0138 0.2920
v -0.2812 0.0211 0.2721
v -0.2854 0.0161 0.2704
v -0.3081 0.0261 0.2628
v -0.3174 0.0389 0.2684
v -0.3382 0.0436 0.2735
v -0.3349 0.0500 0.2495
v -0.3391 0.0430 0.2437
v -0.3567 0.0366 0.2913
v -0.3497 0.0349 0.2635
v -0.3571 0.0368 0.2619
v -0.3992 0.0554 0.3540
v -0.3991 0.0561 0.3173
v -0.4059 0.0600 0.3384
v -0.4106 0.0664 0.4150
v -0.4097 0.0636 0.3944
v -0.4092 0.0676 0.4054
v -0.4104 0.0656 0.4585
v -0.4109 0.0608 0.4411
v -0.4104 0.0643 0.4305
v -0.3613 0.1335 0.5870
v -0.3564 0.1396 0.5506
v -0.3489 0.1471 0.5736
v -0.3752 0.1779 0.5711
v -0.3674 0.1786 0.5663
v -0.3782 0.1816 0.5681
v -0.3716 0.1784 0.4896
v -0.3865 0.1733 0.4823
v -0.3859 0.1711 0.4928
v -0.3957 0.1721 0.4722
v -0.4124 0.1651 0.4671
v -0.4103 0.1626 0.4783
v -0.3894 0.1916 0.4346
v -0.3889 0.1903 0.4260
v -0.3974 0.1891 0.4351
v -0.4273 0.1796 0.4275
v -0.4274 0.1785 0.4148
v -0.4313 0.1778 0.4276
v -0.4522 0.1600 0.3650
v -0.4422 0.1600 0.3565
v -0.4514 0.1588 0.3567
v -0.4808 0.1439 0.4341
v -0.4814 0.1430 0.4268
v -0.4867 0.1437 0.4264
v -0.5120 0.1553 0.3984
v -0.5197 0.1439 0.3831
v -0.5159 0.1557 0.3830
v -0.4846 0.1946 0.3614
v -0.4878 0.1950 0.3404
v -0.4736 0.2027 0.3591
v -0.4653 0.2113 0.2422
v -0.4603 0.2120 0.2365
v -0.4545 0.2164 0.2598
v -0.4137 0.2005 0.2355
v -0.4207 0.1965 0.2281
v -0.4121 0.1984 0.2271
v -0.4350 0.1824 0.1612
v -0.4266 0.1854 0.1568
v -0.4259 0.1854 0.1645
v -0.4417 0.1721 0.0894
v -0.4482 0.1698 0.0876
v -0.4426 0.1774 0.0842
v -0.4669 0.1448 0.0188
v -0.4646 0.1453 0.0092
v -0.4603 0.1537 0.0175
v -0.4971 0.1246 -0.0425
v -0.4918 0.1264 -0.0410
v -0.4910 0.1247 -0.0320
v -0.5280 0.1391 -0.0689
v -0.5286 0.1487 -0.0675
v -0.5250 0.1428 -0.0731
v -0.5075 0.1299 -0.0361
v -0.5115 0.1354 -0.0337
v -0.5119 0.1322 -0.0363
v -0.4844 0.1325 -0.0149
v -0.4819 0.1323 -0.0203
v -0.4804 0.1370 -0.0130
v -0.4809 0.1454 0.0128
v -0.4864 0.1460 0.0060
v -0.4813 0.1411 0.0088
v -0.4650 0.1551 0.0565
v -0.4719 0.1564 0.0456
v -0.4677 0.1532 0.0422
v -0.4688 0.1596 0.0586
v -0.4918 0.1712 0.0374
v -0.4817 0.1599 0.0354
v -0.5508 0.1783 -0.0349
v -0.5453 0.1726 -0.0413
v -0.5407 0.1747 -0.0294
v -0.5208 0.1846 0.0206
v -0.5350 0.1877 0.0069
v -0.5325 0.1863 0.0023
v -0.4484 0.1705 0.1100
v -0.4502 0.1704 0.1038
v -0.4436 0.1702 0.1033
v -0.4431 0.1850 0.1621
v -0.4416 0.1827 0.1517
v -0.4412 0.1966 0.2019
v -0.4537 0.1984 0.1866
v -0.4479 0.1928 0.1801
v -0.5364 0.1923 0.0479
v -0.5544 0.1913 0.0282
v -0.5513 0.1926 0.0186
v -0.5545 0.1737 0.0965
v -0.5694 0.1682 0.0805
v -0.5648 0.1740 0.0734
v -0.5094 0.1918 0.1319
v -0.5197 0.1898 0.1086
v -0.5068 0.1938 0.1185
v -0.4816 0.2024 0.1841
v -0.4927 0.1980 0.1636
v -0.4871 0.1996 0.1526
v -0.4831 0.2027 0.2405
v -0.4994 0.1931 0.2100
v -0.4887 0.1996 0.1951
v -0.4378 0.2092 0.2370
v -0.4445 0.2035 0.2147
v -0.4327 0.2044 0.2311
v -0.5362 0.1818 0.1083
v -0.5353 0.1858 0.0896
v -0.4317 0.1991 0.2208
v -0.4285 0.1918 0.2126
v -0.5590 0.1920 0.0023
v -0.5470 0.1923 0.0105
v -0.4578 0.1539 0.0413
v -0.4657 0.1514 0.0339
v -0.4566 0.1549 0.0327
v -0.5090 0.1407 -0.0262
v -0.5270 0.1411 -0.0445
v -0.4886 0.1604 -0.0572
v -0.4952 0.1648 -0.0614
v -0.4897 0.1670 -0.0520
v -0.5043 0.1804 -0.0507
v -0.5099 0.1840 -0.0509
v -0.5016 0.1848 -0.0487
v -0.4924 0.2067 -0.0843
v -0.4937 0.1980 -0.0935
v -0.4852 0.2118 -0.0883
v -0.4260 0.2826 -0.1158
v -0.4238 0.2761 -0.1232
v -0.4181 0.2899 -0.1242
v -0.3728 0.3714 -0.1439
v -0.3726 0.3731 -0.1553
v -0.3587 0.3951 -0.1500
v -0.3307 0.4393 -0.1593
v -0.3254 0.4549 -0.1756
v -0.3164 0.4663 -0.1705
v -0.3836 0.3526 -0.1317
v -0.3869 0.3467 -0.1360
v -0.3822 0.3569 -0.1363
v -0.4124 0.2953 -0.0788
v -0.4136 0.3021 -0.0933
v -0.3981 0.3161 -0.0879
v -0.4432 0.2687 -0.0901
v -0.4440 0.2641 -0.0981
v -0.4364 0.2752 -0.0978
v -0.4554 0.2514 -0.0833
v -0.4488 0.2594 -0.0907
v -0.4428 0.2666 -0.0835
v -0.3701 0.3293 -0.0557
v -0.3739 0.3398 -0.0812
v -0.3553 0.3650 -0.0842
v -0.2217 0.5011 0.0410
v -0.2223 0.5138 0.0038
v -0.2011 0.5551 -0.0162
v -0.1795 0.6183 -0.0202
v -0.1797 0.6277 -0.0494
v -0.1795 0.6356 -0.0497
v -0.1950 0.6791 -0.0138
v -0.2001 0.7009 -0.0449
v -0.2074 0.7061 -0.0227
v -0.2353 0.8156 -0.0736
v -0.2344 0.8568 -0.1389
v -0.2342 0.8533 -0.1101
v -0.2495 0.9240 0.0334
v -0.2399 0.9214 0.0257
v -0.2480 0.9241 0.0256
v -0.2982 0.8455 0.0333
v -0.2998 0.8383 -0.0064
v -0.3145 0.8109 0.0103
v -0.3779 0.7012 0.1304
v -0.3603 0.7323 0.1068
v -0.3701 0.7125 0.0872
v -0.4242 0.6157 0.0797
v -0.4259 0.6092 0.0254
v -0.4383 0.5915 0.0713
v -0.5067 0.4898 0.0856
v -0.5143 0.4787 0.0553
v -0.5254 0.4663 0.1035
v -0.5111 0.4818 0.2128
v -0.5141 0.4797 0.1731
v -0.5286 0.4586 0.2086
v -0.6090 0.3758 0.1280
v -0.6045 0.3807 0.1045
v -0.6285 0.3580 0.1193
v -0.5876 0.3793 0.2427
v -0.5674 0.4086 0.2182
v -0.5870 0.3848 0.2180
v -0.5225 0.4599 0.3004
v -0.5148 0.4740 0.2528
v -0.5339 0.4442 0.2918
v -0.4520 0.5714 0.2308
v -0.4459 0.5818 0.1718
v -0.4574 0.5629 0.1713
v -0.3731 0.7118 0.2425
v -0.3629 0.7314 0.2130
v -0.3772 0.7046 0.2139
v -0.2683 0.9108 0.2132
v -0.2591 0.9282 0.1840
v -0.2874 0.8759 0.1963
v -0.2468 0.9216 0.1775
v -0.2526 0.9278 0.1550
v -0.2519 0.9280 0.1840
v -0.2356 0.8935 0.2516
v -0.2327 0.8747 0.2123
v -0.2372 0.9003 0.2178
v -0.2443 0.9219 0.2304
v -0.2440 0.9213 0.2149
v -0.2524 0.9275 0.2265
v -0.2307 0.7971 0.0252
v -0.2288 0.8305 0.0141
v -0.2276 0.8140 0.0512
v -0.1869 0.6404 0.0701
v -0.1979 0.6671 0.0654
v -0.1944 0.6592 0.0869
v -0.1842 0.5676 0.0488
v -0.1812 0.5823 0.0310
v -0.1805 0.5711 0.0739
v -0.1797 0.5680 0.0997
v -0.1779 0.5769 0.0918
v -0.1877 0.6188 0.2954
v -0.1848 0.5953 0.2689
v -0.1856 0.6253 0.2584
v -0.1832 0.6397 0.1280
v -0.1839 0.6356 0.1057
v -0.1886 0.6541 0.1288
v -0.2271 0.7779 0.1155
v -0.2307 0.7741 0.0482
v -0.2284 0.7927 0.0735
v -0.2190 0.7655 0.2372
v -0.2206 0.7427 0.1749
v -0.2230 0.7511 0.1709
v -0.1941 0.7269 0.2950
v -0.1924 0.7108 0.2584
v -0.1957 0.7333 0.2853
v -0.2001 0.7224 0.3903
v -0.1938 0.6709 0.3290
v -0.1967 0.7404 0.3478
v -0.2261 0.8659 0.3927
v -0.2292 0.8744 0.3633
v -0.2291 0.8929 0.4116
v -0.2174 0.9502 0.5846
v -0.2192 0.9499 0.5449
v -0.2167 0.9570 0.5723
v -0.2146 0.8675 0.5308
v -0.2157 0.8616 0.4960
v -0.2170 0.8873 0.5345
v -0.2271 0.9329 0.6311
v -0.2242 0.9241 0.6228
v -0.2218 0.9328 0.6211
v -0.2106 0.9839 0.6255
v -0.2100 0.9932 0.6230
v -0.2115 0.9873 0.6296
v -0.2239 0.9316 0.5091
v -0.2278 0.9269 0.4732
v -0.2257 0.9367 0.4905
v -0.2339 0.9687 0.4231
v -0.2416 0.9598 0.3979
v -0.2387 0.9672 0.3713
v -0.2601 0.9400 0.0032
v -0.2505 0.9556 -0.0221
v -0.2526 0.9556 0.0398
v -0.3267 0.8117 -0.0091
v -0.3278 0.8046 -0.0574
v -0.3209 0.8211 -0.0287
v -0.3089 0.8563 0.0934
v -0.2969 0.8766 0.0572
v -0.3026 0.8699 0.1133
v -0.3390 0.8013 0.1541
v -0.3481 0.7822 0.1289
v -0.3351 0.8073 0.1273
v -0.3686 0.7447 0.1545
v -0.3536 0.7728 0.1512
v -0.3494 0.7821 0.1883
v -0.3223 0.8277 0.2983
v -0.3084 0.8561 0.2742
v -0.3071 0.8549 0.3074
v -0.2533 0.9383 0.4248
v -0.2659 0.9206 0.3719
v -0.2564 0.9104 0.4541
v -0.2640 0.8983 0.4194
v -0.2669 0.8920 0.4450
v -0.2402 0.9203 0.3963
v -0.2342 0.9123 0.3879
v -0.2428 0.9210 0.3886
v -0.2412 0.9241 0.3047
v -0.2409 0.9245 0.2908
v -0.2474 0.9225 0.3042
v -0.3136 0.8244 0.2476
v -0.3107 0.8317 0.2161
v -0.3381 0.7765 0.2722
v -0.3961 0.6683 0.3030
v -0.3787 0.7008 0.2725
v -0.4077 0.6484 0.2759
v -0.4680 0.5437 0.3294
v -0.4579 0.5607 0.2965
v -0.4654 0.5487 0.2735
v -0.4563 0.5787 0.4635
v -0.4595 0.5778 0.4580
v -0.4578 0.5809 0.4605
v -0.4597 0.5814 0.1289
v -0.4671 0.5685 0.0909
v -0.4502 0.5958 0.0907
v -0.4923 0.5304 0.2095
v -0.4838 0.5439 0.1695
v -0.4845 0.5417 0.2301
v -0.5461 0.4609 0.1140
v -0.5593 0.4448 0.0880
v -0.5389 0.4690 0.0884
v -0.6585 0.3488 0.0624
v -0.6379 0.3654 0.0518
v -0.6439 0.3613 0.0894
v -0.6456 0.3585 0.1254
v -0.6521 0.3540 0.1073
v -0.6295 0.3740 0.1138
v -0.7516 0.2732 0.0795
v -0.7445 0.2825 0.0568
v -0.7343 0.2901 0.0722
v -0.7493 0.2657 0.1094
v -0.7508 0.2707 0.0921
v -0.7334 0.2848 0.0997
v -0.7115 0.2552 0.2297
v -0.7139 0.2630 0.1937
v -0.6825 0.2903 0.2186
v -0.5771 0.4208 0.1916
v -0.5793 0.4213 0.1676
v -0.5597 0.4428 0.1814
v -0.5200 0.4821 0.3867
v -0.5200 0.4837 0.3351
v -0.5077 0.5010 0.3886
v -0.4883 0.5303 0.4638
v -0.4975 0.5159 0.4328
v -0.4820 0.5403 0.4573
v -0.4836 0.5198 0.4674
v -0.4821 0.5303 0.4668
v -0.4794 0.5252 0.4666
v -0.5197 0.4810 0.4622
v -0.5198 0.4805 0.4436
v -0.5123 0.4916 0.4556
v -0.5895 0.3900 0.2788
v -0.5799 0.4066 0.2539
v -0.5795 0.4021 0.2868
v -0.6998 0.2622 0.2574
v -0.6962 0.2677 0.2475
v -0.6695 0.2949 0.2670
v -0.6332 0.3242 0.4040
v -0.6437 0.3121 0.4028
v -0.6362 0.3252 0.3216
v -0.5666 0.4083 0.4645
v -0.5719 0.4025 0.4479
v -0.5578 0.4219 0.4634
v -0.5215 0.4753 0.4679
v -0.5216 0.4761 0.4633
v -0.5181 0.4783 0.4685
v -0.5206 0.4644 0.4695
v -0.5161 0.4667 0.4644
v -0.5221 0.4582 0.4686
v -0.5016 0.4887 0.4490
v -0.5044 0.4837 0.3976
v -0.5219 0.4562 0.4474
v -0.6200 0.3296 0.2996
v -0.5807 0.3853 0.2601
v -0.6082 0.3497 0.2646
v -0.7054 0.2403 0.3495
v -0.7096 0.2377 0.3078
v -0.7201 0.2308 0.3406
v -0.7554 0.2163 0.2309
v -0.7576 0.2167 0.2198
v -0.7704 0.2118 0.2288
v -0.8424 0.1865 0.2909
v -0.8402 0.1894 0.2710
v -0.8473 0.1864 0.2769
v -0.7600 0.2074 0.1682
v -0.7528 0.2135 0.1628
v -0.7662 0.2012 0.1537
v -0.7128 0.2925 0.0534
v -0.7112 0.2933 0.0418
v -0.6692 0.3161 0.1333
v -0.6698 0.3219 0.1095
v -0.7051 0.2913 0.1004
v -0.7491 0.2192 0.2101
v -0.7598 0.2158 0.2114
v -0.6742 0.2855 0.2022
v -0.6616 0.3114 0.1698
v -0.6887 0.2742 0.1871
v -0.7133 0.2347 0.2699
v -0.7087 0.2387 0.2505
v -0.7199 0.2307 0.2487
v -0.6498 0.3380 0.1231
v -0.6433 0.3455 0.1144
v -0.6505 0.3406 0.1090
v -0.7457 0.2610 0.0728
v -0.7298 0.2773 0.0560
v -0.7507 0.2564 0.0602
v -0.7827 0.1841 0.1219
v -0.7841 0.1849 0.1096
v -0.7869 0.1774 0.1141
v -0.8261 0.1576 0.1265
v -0.8156 0.1542 0.1100
v -0.8229 0.1545 0.1160
v -0.8029 0.1962 0.0948
v -0.8031 0.2009 0.0883
v -0.8042 0.2007 0.0961
v -0.7978 0.2095 0.1206
v -0.7985 0.2091 0.1068
v -0.7911 0.2166 0.1143
v -0.7890 0.2081 0.1415
v -0.7912 0.2100 0.1366
v -0.7866 0.2122 0.1380
v -0.7624 0.2280 0.1909
v -0.7711 0.2235 0.1822
v -0.7644 0.2254 0.1824
v -0.7994 0.1941 0.1346
v -0.8038 0.1853 0.1268
v -0.8010 0.1929 0.1259
v -0.8147 0.1818 0.1514
v -0.8108 0.1808 0.1362
v -0.8004 0.1934 0.1509
v -0.8036 0.1800 0.1744
v -0.8106 0.1721 0.1628
v -0.8114 0.1798 0.1842
v -0.7902 0.2237 0.1926
v -0.7973 0.2144 0.1902
v -0.7846 0.2192 0.1819
v -0.7515 0.2391 0.2285
v -0.7614 0.2378 0.2208
v -0.7521 0.2358 0.2197
v -0.7337 0.2365 0.2494
v -0.7427 0.2377 0.2360
v -0.7338 0.2374 0.2341
v -0.7978 0.2379 0.2063
v -0.8000 0.2351 0.2029
v -0.7911 0.2352 0.2066
v -0.7942 0.2404 0.2204
v -0.7905 0.2376 0.2252
v -0.7975 0.2359 0.2295
v -0.8132 0.2443 0.2259
v -0.8124 0.2444 0.2194
v -0.8063 0.2430 0.2232
v -0.7902 0.2316 0.2328
v -0.7878 0.2352 0.2329
v -0.8145 0.2037 0.1985
v -0.8118 0.2007 0.1883
v -0.8042 0.2107 0.1969
v -0.8258 0.2066 0.2172
v -0.8229 0.2026 0.2074
v -0.8160 0.2101 0.2138
v -0.8353 0.2115 0.2538
v -0.8440 0.2125 0.2424
v -0.8343 0.2119 0.2438
v -0.7875 0.2365 0.2615
v -0.7807 0.2265 0.2567
v -0.7892 0.2347 0.2566
v -0.7931 0.2184 0.2550
v -0.7931 0.2205 0.2495
v -0.7875 0.2214 0.2571
v -0.8510 0.2139 0.2566
v -0.8447 0.2117 0.2568
v -0.8474 0.2096 0.2648
v -0.8574 0.1933 0.2551
v -0.8562 0.1915 0.2618
v -0.8548 0.1897 0.2423
v -0.8380 0.1777 0.2057
v -0.8366 0.1726 0.1934
v -0.8444 0.1774 0.2057
v -0.8532 0.1860 0.2535
v -0.8404 0.1981 0.3114
v -0.8544 0.1954 0.3001
v -0.8454 0.1984 0.2970
v -0.7674 0.2241 0.3093
v -0.7449 0.2331 0.2897
v -0.7483 0.2310 0.3271
v -0.7741 0.2404 0.2401
v -0.7798 0.2382 0.2273
v -0.7644 0.2457 0.2408
v -0.7574 0.2290 0.2726
v -0.7674 0.2318 0.2630
v -0.7581 0.2302 0.2644
v -0.7916 0.2510 0.2809
v -0.7911 0.2483 0.2741
v -0.7883 0.2496 0.2840
v -0.8211 0.2593 0.2821
v -0.8235 0.2542 0.2715
v -0.8125 0.2565 0.2819
v -0.7980 0.2502 0.2911
v -0.7926 0.2489 0.2868
v -0.8032 0.2492 0.2929
v -0.8401 0.2536 0.2733
v -0.8352 0.2539 0.2769
v -0.8290 0.2521 0.2671
v -0.8253 0.2626 0.3130
v -0.8258 0.2664 0.3105
v -0.8212 0.2597 0.3082
v -0.8133 0.2498 0.3025
v -0.8105 0.2494 0.2943
v -0.8191 0.2503 0.3035
v -0.8238 0.2569 0.3121
v -0.8050 0.2405 0.2415
v -0.8110 0.2400 0.2342
v -0.8205 0.2457 0.2426
v -0.7805 0.2380 0.2412
v -0.7746 0.2400 0.2480
v -0.7350 0.2368 0.3423
v -0.7347 0.2374 0.3115
v -0.7229 0.2435 0.3229
v -0.6945 0.2599 0.4554
v -0.6959 0.2619 0.3798
v -0.6811 0.2713 0.4563
v -0.6270 0.3247 0.4672
v -0.6209 0.3297 0.4670
v -0.6278 0.3133 0.4666
v -0.5945 0.3525 0.4679
v -0.5970 0.3561 0.4691
v -0.5915 0.3580 0.4682
v -0.6050 0.3419 0.3699
v -0.6149 0.3321 0.3317
v -0.6217 0.3206 0.3759
v -0.7037 0.2401 0.4118
v -0.7151 0.2327 0.3859
v -0.7137 0.2315 0.4578
v -0.6630 0.2758 0.4658
v -0.6572 0.2777 0.4619
v -0.6674 0.2702 0.4611
v -0.6114 0.3312 0.4671
v -0.6058 0.3414 0.4678
v -0.6114 0.3309 0.4609
v -0.6525 0.2872 0.4660
v -0.6465 0.2897 0.4632
v -0.6539 0.2828 0.4626
v -0.6901 0.2599 0.4656
v -0.6820 0.2675 0.4655
v -0.6812 0.2635 0.4652
v -0.7123 0.2402 0.4645
v -0.7193 0.2386 0.4633
v -0.7093 0.2446 0.4651
v -0.7276 0.2234 0.4411
v -0.7240 0.2256 0.4121
v -0.7344 0.2191 0.4216
v -0.8368 0.1837 0.3325
v -0.8228 0.1867 0.3237
v -0.8433 0.1839 0.3156
v -0.8597 0.1894 0.3601
v -0.8600 0.1935 0.3576
v -0.8627 0.1920 0.3720
v -0.8754 0.1887 0.4428
v -0.8739 0.1904 0.4232
v -0.8744 0.1915 0.4355
v -0.8368 0.1841 0.3966
v -0.8286 0.1842 0.3635
v -0.8436 0.1826 0.3658
v -0.8710 0.1846 0.4312
v -0.8634 0.1838 0.4178
v -0.8697 0.1846 0.4198
v -0.8541 0.1832 0.4173
v -0.8543 0.1827 0.3907
v -0.8203 0.1992 0.4537
v -0.8184 0.2007 0.4460
v -0.8170 0.2013 0.4542
v -0.7257 0.2243 0.4605
v -0.7324 0.2210 0.4521
v -0.7375 0.2196 0.4617
v -0.7407 0.2163 0.4607
v -0.7546 0.2169 0.4622
v -0.7439 0.2183 0.4624
v -0.7501 0.2227 0.4615
v -0.7427 0.2237 0.4631
v -0.8509 0.1925 0.4550
v -0.8570 0.1937 0.4520
v -0.8412 0.1959 0.4545
v -0.8591 0.1861 0.3691
v -0.8547 0.1850 0.3576
v -0.8570 0.1870 0.3538
v -0.5787 0.3749 0.4684
v -0.5741 0.3798 0.4555
v -0.5824 0.3720 0.4689
v -0.5442 0.4259 0.4690
v -0.5430 0.4331 0.4698
v -0.5417 0.4273 0.4656
v -0.5585 0.4099 0.4700
v -0.5614 0.4154 0.4680
v -0.5572 0.4167 0.4693
v -0.5598 0.4031 0.4689
v -0.5645 0.4088 0.4690
v -0.6033 0.3550 0.4680
v -0.6074 0.3521 0.4674
v -0.5958 0.3627 0.4690
v -0.7125 0.2464 0.4484
v -0.7629 0.2270 0.2827
v -0.7526 0.2308 0.2735
v -0.8529 0.1969 0.2897
v -0.8463 0.2010 0.2851
v -0.8087 0.2114 0.2799
v -0.8217 0.2104 0.2679
v -0.7984 0.2161 0.2534
v -0.8452 0.2124 0.2490
v -0.8345 0.2005 0.2160
v -0.8356 0.1926 0.2064
v -0.7966 0.2209 0.2333
v -0.7992 0.2170 0.2266
v -0.7961 0.2239 0.2264
v -0.8108 0.2423 0.2136
v -0.8077 0.2392 0.2097
v -0.8052 0.2425 0.2127
v -0.7962 0.2396 0.2095
v -0.7898 0.2369 0.2121
v -0.7743 0.2373 0.2190
v -0.7825 0.2338 0.2116
v -0.7741 0.2337 0.2134
v -0.8164 0.1863 0.2045
v -0.7552 0.2298 0.1886
v -0.7631 0.2248 0.1766
v -0.7547 0.2301 0.1748
v -0.7981 0.2050 0.1289
v -0.7904 0.2127 0.1279
v -0.8150 0.1579 0.1235
v -0.7682 0.2030 0.1756
v -0.8037 0.1707 0.1518
v -0.8168 0.1977 0.2393
v -0.8031 0.2010 0.2302
v -0.8138 0.1968 0.2294
v -0.7387 0.2204 0.2960
v -0.7375 0.2200 0.2586
v -0.7454 0.2157 0.2635
v -0.5864 0.3632 0.4279
v -0.5853 0.3667 0.3890
v -0.6014 0.3443 0.4056
v -0.5416 0.4400 0.4696
v -0.5400 0.4461 0.4685
v -0.5330 0.4405 0.4683
v -0.6687 0.2844 0.4304
v -0.6663 0.2896 0.3707
v -0.6529 0.2991 0.4540
v -0.5461 0.4400 0.4463
v -0.4889 0.5177 0.4684
v -0.4880 0.5251 0.4676
v -0.5594 0.4403 0.2057
v -0.7541 0.2562 0.1186
v -0.7639 0.2509 0.1046
v -0.6890 0.3225 0.1073
v -0.7195 0.3024 0.0748
v -0.6867 0.3260 0.0965
v -0.5416 0.4543 0.2922
v -0.5290 0.4756 0.2444
v -0.5124 0.4995 0.2381
v -0.4333 0.6262 0.1371
v -0.4283 0.6333 0.0990
v -0.4211 0.6474 0.1314
v -0.4414 0.6114 0.3113
v -0.4555 0.5881 0.2726
v -0.4362 0.6214 0.2711
v -0.3359 0.8026 0.2960
v -0.3436 0.7905 0.2671
v -0.3211 0.8347 0.2503
v -0.3948 0.6940 0.3110
v -0.4040 0.6787 0.2842
v -0.3780 0.7256 0.2868
v -0.4099 0.6555 0.4602
v -0.4119 0.6556 0.4558
v -0.4058 0.6649 0.4591
v -0.3738 0.7195 0.4573
v -0.3702 0.7287 0.4496
v -0.3708 0.7259 0.4545
v -0.3134 0.8309 0.4529
v -0.3233 0.8144 0.4387
v -0.3094 0.8392 0.4495
v -0.2824 0.8663 0.4541
v -0.2869 0.8722 0.4550
v -0.2812 0.8734 0.4553
v -0.2601 0.9121 0.3346
v -0.2747 0.8894 0.3045
v -0.2839 0.8685 0.3415
v -0.2494 0.9258 0.3782
v -0.2487 0.9258 0.3695
v -0.2498 0.9261 0.3734
v -0.3353 0.7755 0.3437
v -0.3421 0.7660 0.3114
v -0.3396 0.7662 0.3625
v -0.3566 0.7305 0.4543
v -0.3564 0.7319 0.4499
v -0.3601 0.7269 0.4557
v -0.3586 0.7495 0.4538
v -0.3600 0.7476 0.4458
v -0.3546 0.7548 0.4544
v -0.3385 0.7865 0.4491
v -0.3345 0.7937 0.4489
v -0.3050 0.8273 0.4548
v -0.3044 0.8245 0.4379
v -0.3071 0.8193 0.4493
v -0.3258 0.7852 0.4535
v -0.3266 0.7955 0.4559
v -0.3208 0.7966 0.4546
v -0.3356 0.7732 0.4558
v -0.3403 0.7794 0.4546
v -0.3345 0.7801 0.4562
v -0.3370 0.7666 0.4547
v -0.3413 0.7720 0.4559
v -0.3416 0.7815 0.4514
v -0.3376 0.7861 0.4540
v -0.3737 0.7011 0.4500
v -0.3652 0.7172 0.4222
v -0.3804 0.6901 0.4380
v -0.4330 0.5989 0.4612
v -0.4329 0.5997 0.4454
v -0.4360 0.5948 0.4569
v -0.4422 0.5948 0.4636
v -0.4429 0.6047 0.4609
v -0.4365 0.5960 0.4623
v -0.4501 0.5795 0.4645
v -0.4537 0.5854 0.4620
v -0.4491 0.5865 0.4636
v -0.4197 0.6298 0.4615
v -0.4181 0.6407 0.4607
v -0.4136 0.6349 0.4605
v -0.3905 0.6805 0.4583
v -0.3924 0.6864 0.4586
v -0.3859 0.6831 0.4582
v -0.4116 0.6364 0.4559
v -0.4179 0.6253 0.4604
v -0.4329 0.6168 0.4616
v -0.4279 0.6284 0.4598
v -0.4271 0.6179 0.4625
v -0.3746 0.7090 0.4572
v -0.3759 0.7148 0.4577
v -0.3694 0.7137 0.4576
v -0.3156 0.8087 0.3721
v -0.3023 0.8345 0.3530
v -0.3206 0.8029 0.3359
v -0.2972 0.8426 0.4548
v -0.3021 0.8491 0.4540
v -0.2959 0.8497 0.4552
v -0.3483 0.7636 0.4553
v -0.4309 0.6232 0.4555
v -0.4297 0.6268 0.4411
v -0.4255 0.6323 0.4551
v -0.3682 0.7385 0.3566
v -0.3641 0.7493 0.3108
v -0.3489 0.7735 0.3543
v -0.4480 0.6009 0.1373
v -0.4510 0.5965 0.1719
v -0.4370 0.5966 0.2746
v -0.4319 0.6059 0.2442
v -0.4417 0.5886 0.2587
v -0.2373 0.9069 0.2931
v -0.2401 0.9201 0.2804
v -0.2344 0.9267 0.4268
v -0.2376 0.9261 0.4190
v -0.2393 0.9271 0.4268
v -0.2536 0.9336 0.4607
v -0.2514 0.9395 0.4607
v -0.2493 0.9348 0.4620
v -0.2281 0.9418 0.4720
v -0.2344 0.9350 0.4637
v -0.2338 0.9425 0.4647
v -0.2609 0.9235 0.4487
v -0.2568 0.9316 0.4414
v -0.2719 0.8956 0.4566
v -0.2641 0.9018 0.4573
v -0.2659 0.8980 0.4552
v -0.2418 0.9285 0.4502
v -0.2406 0.9328 0.4501
v -0.2382 0.9272 0.4434
v -0.2500 0.9214 0.3265
v -0.2513 0.9206 0.3172
v -0.2578 0.9176 0.3226
v -0.2328 0.9121 0.3961
v -0.2330 0.9169 0.3987
v -0.2800 0.8805 0.4557
v -0.2788 0.8875 0.4554
v -0.2742 0.8814 0.4547
v -0.3349 0.8101 0.1774
v -0.3238 0.8291 0.1198
v -0.2399 0.9735 0.0413
v -0.2377 0.9746 -0.0195
v -0.2314 0.9820 -0.0158
v -0.1802 1.0172 -0.0868
v -0.1846 1.0197 -0.1498
v -0.1717 1.0213 -0.1119
v -0.1434 1.0290 -0.2827
v -0.1446 1.0240 -0.2832
v -0.1401 1.0270 -0.2847
v -0.1667 1.0137 -0.3767
v -0.1543 1.0146 -0.3272
v -0.1093 1.0017 -0.3891
v -0.0767 0.9814 -0.4227
v -0.0685 0.9779 -0.4147
v -0.0153 0.9699 -0.4373
v 0.0077 0.9706 -0.4486
v 0.0042 0.9708 -0.4337
v 0.0769 0.9757 -0.4264
v 0.0856 0.9792 -0.4368
v 0.1100 0.9728 -0.4274
v 0.1438 0.9771 -0.4540
v 0.1439 0.9795 -0.4588
v 0.1520 0.9769 -0.4533
v 0.2078 0.9941 -0.3518
v 0.2093 0.9940 -0.3667
v 0.2119 0.9966 -0.3518
v 0.2847 1.0416 -0.3502
v 0.2756 1.0361 -0.3572
v 0.2897 1.0418 -0.3536
v 0.3349 1.0645 -0.3524
v 0.3380 1.0630 -0.3607
v 0.3423 1.0665 -0.3516
v 0.3837 1.0557 -0.3215
v 0.3764 1.0590 -0.3294
v 0.3847 1.0505 -0.3271
v 0.3830 1.0532 -0.2641
v 0.3907 1.0443 -0.2632
v 0.3877 1.0456 -0.2543
v 0.3407 1.0772 -0.3286
v 0.3295 1.0743 -0.3389
v 0.3451 1.0745 -0.3360
v 0.2914 1.0502 -0.3448
v 0.2916 1.0462 -0.3493
v 0.2960 1.0522 -0.3442
v 0.2544 1.0315 -0.3443
v 0.2536 1.0267 -0.3511
v 0.2568 1.0280 -0.3488
v 0.2073 1.0017 -0.3411
v 0.2157 1.0032 -0.3452
v 0.1536 0.9764 -0.3684
v 0.1808 0.9835 -0.3732
v 0.1687 0.9797 -0.3579
v 0.1643 0.9801 -0.3373
v 0.1649 0.9784 -0.3458
v 0.1740 0.9806 -0.3400
v 0.1059 0.9664 -0.3288
v 0.1062 0.9656 -0.3370
v 0.1152 0.9721 -0.3273
v 0.1253 0.9775 -0.3241
v 0.1138 0.9790 -0.3187
v 0.1890 1.0024 -0.3226
v 0.1951 1.0046 -0.3322
v 0.2074 1.0112 -0.3220
v 0.2603 1.0382 -0.3401
v 0.2487 1.0338 -0.3358
v 0.2843 1.0571 -0.3117
v 0.3033 1.0664 -0.3389
v 0.3008 1.0665 -0.3016
v 0.3123 1.0702 -0.3359
v 0.3149 1.0695 -0.3404
v 0.3197 1.0733 -0.3381
v 0.3741 1.0581 -0.2412
v 0.3765 1.0584 -0.2477
v 0.3815 1.0500 -0.2360
v 0.3954 1.0078 -0.0627
v 0.3928 1.0167 -0.1116
v 0.3972 1.0046 -0.0890
v 0.3578 1.0679 -0.2466
v 0.3571 1.0728 -0.2769
v 0.3633 1.0711 -0.2815
v 0.3729 1.0343 -0.0581
v 0.3715 1.0406 -0.1064
v 0.3837 1.0278 -0.0767
v 0.3999 0.9944 -0.0315
v 0.4004 0.9938 -0.0547
v 0.4029 0.9787 -0.0090
v 0.3937 0.9303 -0.0559
v 0.3979 0.9396 -0.0623
v 0.3960 0.9413 -0.0811
v 0.3989 0.9649 -0.1660
v 0.3981 0.9674 -0.1864
v 0.3958 0.9587 -0.1709
v 0.3856 0.9207 -0.1164
v 0.3823 0.9134 -0.1660
v 0.3834 0.9075 -0.1195
v 0.3971 0.8574 -0.3020
v 0.3922 0.8822 -0.3004
v 0.3943 0.8781 -0.3461
v 0.4322 0.7379 -0.2404
v 0.4352 0.7587 -0.2811
v 0.4440 0.7293 -0.2522
v 0.5105 0.6237 -0.1872
v 0.5026 0.6484 -0.2176
v 0.5192 0.6179 -0.1943
v 0.5573 0.5476 -0.1663
v 0.5399 0.5853 -0.2101
v 0.5581 0.5420 -0.1798
v 0.4754 0.6367 -0.3865
v 0.4539 0.6680 -0.4305
v 0.4696 0.6367 -0.4042
v 0.4492 0.6914 -0.4855
v 0.4530 0.7003 -0.5040
v 0.4715 0.6646 -0.5013
v 0.5405 0.5455 -0.5134
v 0.5286 0.5599 -0.5207
v 0.5435 0.5349 -0.5209
v 0.6337 0.4282 -0.4910
v 0.6489 0.4103 -0.4985
v 0.6629 0.3952 -0.4901
v 0.7585 0.3031 -0.5230
v 0.7225 0.3239 -0.5273
v 0.7589 0.2978 -0.5341
v 0.7816 0.2774 -0.5385
v 0.7821 0.2813 -0.5342
v 0.7780 0.2806 -0.5397
v 0.7538 0.2708 -0.5608
v 0.7413 0.2669 -0.5700
v 0.7444 0.2665 -0.5669
v 0.7058 0.2583 -0.5901
v 0.7029 0.2590 -0.5934
v 0.6988 0.2563 -0.5913
v 0.6614 0.2512 -0.6160
v 0.6681 0.2516 -0.6145
v 0.6603 0.2511 -0.6216
v 0.6224 0.2449 -0.6469
v 0.6212 0.2441 -0.6528
v 0.6158 0.2462 -0.6475
v 0.5833 0.2332 -0.6527
v 0.5851 0.2389 -0.6555
v 0.5824 0.2347 -0.6602
v 0.5547 0.2230 -0.6782
v 0.5642 0.2248 -0.6823
v 0.5600 0.2223 -0.6856
v 0.5741 0.2253 -0.6592
v 0.5748 0.2322 -0.6698
v 0.5706 0.2258 -0.6645
v 0.6054 0.2094 -0.6232
v 0.6028 0.2208 -0.6303
v 0.5941 0.2104 -0.6365
v 0.6065 0.2544 -0.6304
v 0.6069 0.2537 -0.6352
v 0.6006 0.2505 -0.6317
v 0.6151 0.2613 -0.6140
v 0.6201 0.2631 -0.6213
v 0.6162 0.2621 -0.6202
v 0.6696 0.2141 -0.5615
v 0.6682 0.2176 -0.5635
v 0.6556 0.2132 -0.5741
v 0.5369 0.1543 -0.5821
v 0.5212 0.1590 -0.6300
v 0.5043 0.1559 -0.6397
v 0.6863 0.2152 -0.5436
v 0.6801 0.2151 -0.5504
v 0.6712 0.2088 -0.5518
v 0.6709 0.2781 -0.5630
v 0.6686 0.2781 -0.5686
v 0.6672 0.2728 -0.5601
v 0.6437 0.2626 -0.5743
v 0.6494 0.2718 -0.5724
v 0.6462 0.2719 -0.5772
v 0.6289 0.2651 -0.5988
v 0.6323 0.2707 -0.5979
v 0.6398 0.2691 -0.6017
v 0.6501 0.2599 -0.6094
v 0.6389 0.2649 -0.6093
v 0.6472 0.2697 -0.5961
v 0.7007 0.2715 -0.5686
v 0.7089 0.2617 -0.5791
v 0.7000 0.2582 -0.5857
v 0.7163 0.2706 -0.5635
v 0.7307 0.2637 -0.5673
v 0.7159 0.2625 -0.5738
v 0.6908 0.2714 -0.5509
v 0.6967 0.2727 -0.5480
v 0.7000 0.2779 -0.5532
v 0.6759 0.2728 -0.5573
v 0.6769 0.2783 -0.5641
v 0.6860 0.2141 -0.5344
v 0.6734 0.2037 -0.5298
v 0.5906 0.1495 -0.4013
v 0.5779 0.1491 -0.4555
v 0.5667 0.1459 -0.4090
v 0.5170 0.1446 -0.3131
v 0.5063 0.1451 -0.3989
v 0.4938 0.1465 -0.3168
v 0.4061 0.1672 -0.2591
v 0.4010 0.1712 -0.2908
v 0.3831 0.1746 -0.2288
v 0.3552 0.1761 -0.0968
v 0.3690 0.1720 -0.1268
v 0.3631 0.1784 -0.1637
v 0.4884 0.1466 -0.2649
v 0.4799 0.1482 -0.2918
v 0.4699 0.1490 -0.2559
v 0.3847 0.1588 -0.0419
v 0.3778 0.1655 -0.0982
v 0.3684 0.1644 -0.0308
v 0.5010 0.1428 -0.2018
v 0.4984 0.1449 -0.2396
v 0.4813 0.1459 -0.2236
v 0.6225 0.1562 -0.1879
v 0.6144 0.1548 -0.2418
v 0.6027 0.1506 -0.1933
v 0.6279 0.1604 -0.3286
v 0.6249 0.1597 -0.3742
v 0.6174 0.1568 -0.3554
v 0.6203 0.1521 -0.1010
v 0.6320 0.1581 -0.1422
v 0.5229 0.1316 0.0203
v 0.5337 0.1349 -0.0725
v 0.5136 0.1336 -0.0481
v 0.4124 0.1430 0.1604
v 0.4039 0.1458 0.1284
v 0.3931 0.1457 0.2234
v 0.3436 0.1607 0.2825
v 0.3546 0.1572 0.2469
v 0.3428 0.1632 0.2281
v 0.3204 0.2037 -0.1456
v 0.3196 0.2139 -0.2290
v 0.3098 0.2162 -0.1857
v 0.2671 0.2647 -0.3017
v 0.2695 0.2657 -0.3502
v 0.2588 0.2742 -0.3234
v 0.2455 0.2878 -0.3348
v 0.2448 0.2881 -0.3812
v 0.2393 0.2877 -0.3620
v 0.2461 0.2895 -0.5455
v 0.2455 0.2874 -0.5518
v 0.2353 0.2877 -0.5454
v 0.2310 0.2780 -0.6417
v 0.2375 0.2754 -0.6613
v 0.2327 0.2779 -0.6585
v 0.2864 0.2269 -0.6727
v 0.2782 0.2302 -0.6939
v 0.2743 0.2390 -0.6707
v 0.2288 0.2772 -0.5953
v 0.2294 0.2776 -0.6107
v 0.2291 0.2711 -0.6126
v 0.2282 0.2735 -0.5559
v 0.2285 0.2656 -0.5873
v 0.2312 0.2638 -0.5575
v 0.2281 0.2903 -0.5014
v 0.2282 0.2907 -0.5144
v 0.2291 0.2886 -0.5066
v 0.2339 0.2875 -0.4835
v 0.2325 0.2872 -0.4912
v 0.2316 0.2806 -0.4847
v 0.2651 0.2132 -0.4405
v 0.2555 0.2262 -0.5174
v 0.2747 0.2015 -0.4992
v 0.2742 0.2019 -0.3940
v 0.2845 0.1890 -0.4514
v 0.2320 0.2637 -0.3668
v 0.2301 0.2706 -0.3813
v 0.2335 0.2606 -0.3953
v 0.2305 0.2661 -0.3040
v 0.2287 0.2710 -0.3211
v 0.2313 0.2611 -0.3234
v 0.2676 0.2065 -0.2343
v 0.2555 0.2216 -0.2511
v 0.2552 0.2222 -0.2901
v 0.3298 0.1301 -0.3237
v 0.3303 0.1302 -0.3904
v 0.3431 0.1138 -0.3412
v 0.2989 0.1670 -0.1525
v 0.2960 0.1709 -0.1891
v 0.3131 0.1494 -0.1825
v 0.3724 0.0782 -0.0939
v 0.3793 0.0688 -0.1226
v 0.3794 0.0689 -0.0735
v 0.3760 0.0674 0.0699
v 0.3732 0.0636 0.0484
v 0.3614 0.0551 0.0642
v 0.3661 0.0715 0.1652
v 0.3634 0.0646 0.1227
v 0.3547 0.0623 0.1521
v 0.3632 0.0789 0.2350
v 0.3641 0.0840 0.2146
v 0.3660 0.0785 0.2050
v 0.3569 0.0794 0.3244
v 0.3585 0.0838 0.3140
v 0.3577 0.0805 0.3104
v 0.3308 0.0585 0.3793
v 0.3372 0.0648 0.3536
v 0.3225 0.0565 0.3635
v 0.2968 0.0553 0.3077
v 0.2966 0.0551 0.2840
v 0.2894 0.0544 0.2881
v 0.2994 0.0479 0.4002
v 0.3086 0.0485 0.3924
v 0.3018 0.0478 0.3825
v 0.2704 0.0441 0.3242
v 0.2669 0.0428 0.2931
v 0.2613 0.0402 0.3249
v 0.2954 0.0541 0.1185
v 0.2962 0.0540 0.1017
v 0.2874 0.0555 0.1186
v 0.3197 0.0445 0.1608
v 0.3155 0.0404 0.1471
v 0.3145 0.0431 0.1610
v 0.2825 0.0550 0.2149
v 0.2851 0.0549 0.1994
v 0.2825 0.0547 0.1904
v 0.2995 0.0528 0.2800
v 0.3057 0.0497 0.2533
v 0.2914 0.0543 0.2810
v 0.2934 0.0531 0.2264
v 0.2987 0.0498 0.1990
v 0.2900 0.0529 0.1878
v 0.3240 0.0410 0.1252
v 0.3397 0.0512 0.1338
v 0.3274 0.0408 0.1071
v 0.2660 0.0420 0.2516
v 0.2605 0.0404 0.2165
v 0.2589 0.0403 0.2525
v 0.2352 0.0807 0.3291
v 0.2358 0.0762 0.2923
v 0.2304 0.0900 0.2896
v 0.2222 0.1103 0.3600
v 0.2258 0.1023 0.3327
v 0.2206 0.1071 0.3171
v 0.2224 0.1131 0.3983
v 0.2165 0.1148 0.3704
v 0.2111 0.1199 0.4018
v 0.2429 0.0668 0.4048
v 0.2354 0.0944 0.4147
v 0.2423 0.0793 0.4388
v 0.2554 0.0394 0.3158
v 0.2604 0.0405 0.2884
v 0.2558 0.0401 0.2781
v 0.2629 0.0371 0.4616
v 0.2625 0.0377 0.4385
v 0.2594 0.0406 0.4515
v 0.2434 0.1120 0.4836
v 0.2483 0.1133 0.4973
v 0.2461 0.1074 0.5031
v 0.2497 0.1387 0.5737
v 0.2498 0.1376 0.5656
v 0.2466 0.1336 0.5676
v 0.2485 0.1368 0.4912
v 0.2473 0.1375 0.4812
v 0.2462 0.1375 0.4850
v 0.2593 0.1271 0.4809
v 0.2587 0.1269 0.4696
v 0.2593 0.1298 0.4770
v 0.2446 0.1475 0.4581
v 0.2463 0.1396 0.4581
v 0.2467 0.1395 0.4655
v 0.2378 0.1570 0.4134
v 0.2339 0.1602 0.4031
v 0.2311 0.1632 0.4216
v 0.2279 0.1617 0.3585
v 0.2261 0.1602 0.3650
v 0.2222 0.1637 0.3601
v 0.2232 0.1807 0.3422
v 0.2193 0.1731 0.3338
v 0.2185 0.1846 0.3388
v 0.2333 0.1601 0.3884
v 0.2302 0.1641 0.3650
v 0.2274 0.1716 0.3826
v 0.2188 0.1849 0.4250
v 0.2202 0.1857 0.4096
v 0.2101 0.1919 0.4113
v 0.2040 0.1850 0.3574
v 0.2037 0.1805 0.3420
v 0.1985 0.1809 0.3614
v 0.1976 0.1774 0.4116
v 0.1986 0.1854 0.4034
v 0.1975 0.1779 0.3999
v 0.2421 0.1519 0.4130
v 0.2419 0.1514 0.3958
v 0.2256 0.1653 0.4769
v 0.2221 0.1656 0.4661
v 0.2281 0.1631 0.4630
v 0.2114 0.1930 0.5005
v 0.2144 0.1906 0.4772
v 0.2072 0.1956 0.4830
v 0.2057 0.1952 0.4112
v 0.2069 0.1908 0.4043
v 0.2047 0.1948 0.4056
v 0.2264 0.1646 0.4889
v 0.2137 0.1696 0.4721
v 0.2233 0.1639 0.4811
v 0.2198 0.1848 0.5289
v 0.2207 0.1847 0.5139
v 0.2163 0.1894 0.5243
v 0.1905 0.1871 0.5193
v 0.1899 0.1876 0.4927
v 0.1959 0.1761 0.5495
v 0.2123 0.1690 0.5640
v 0.2056 0.1698 0.5465
v 0.2118 0.1690 0.5157
v 0.2130 0.1943 0.6151
v 0.2075 0.1962 0.5873
v 0.2044 0.1953 0.6162
v 0.2032 0.1702 0.6312
v 0.1980 0.1731 0.6176
v 0.2048 0.1700 0.6190
v 0.1921 0.1712 0.6466
v 0.1933 0.1715 0.6425
v 0.1956 0.1699 0.6502
v 0.2215 0.1853 0.6237
v 0.2130 0.1936 0.6455
v 0.1577 0.2070 0.6722
v 0.1585 0.1997 0.6639
v 0.1515 0.2035 0.6727
v 0.1897 0.1941 0.6431
v 0.1879 0.1919 0.6353
v 0.1839 0.1897 0.6427
v 0.1972 0.1659 0.6590
v 0.2041 0.1644 0.6559
v 0.2060 0.1600 0.6607
v 0.2463 0.1359 0.6526
v 0.2483 0.1318 0.6509
v 0.2457 0.1321 0.6584
v 0.2608 0.1269 0.5503
v 0.2593 0.1324 0.5474
v 0.2583 0.1313 0.5555
v 0.2479 0.0796 0.6146
v 0.2463 0.0963 0.5765
v 0.2464 0.1005 0.6002
v 0.2624 0.1183 0.5741
v 0.2630 0.1252 0.5740
v 0.2669 0.1222 0.5770
v 0.2596 0.1166 0.6278
v 0.2608 0.1171 0.6160
v 0.2621 0.1257 0.6276
v 0.2680 0.1245 0.6661
v 0.2669 0.1194 0.6507
v 0.2589 0.1327 0.6509
v 0.2571 0.1103 0.6615
v 0.2588 0.1133 0.6578
v 0.2597 0.1084 0.6642
v 0.2434 0.1264 0.5962
v 0.2410 0.1209 0.5797
v 0.2420 0.1202 0.6009
v 0.2354 0.1212 0.4965
v 0.2429 0.1177 0.4882
v 0.2368 0.1186 0.4879
v 0.2254 0.1206 0.4750
v 0.2346 0.1170 0.4677
v 0.2309 0.1181 0.4651
v 0.1662 0.1418 0.3990
v 0.1991 0.1234 0.3524
v 0.1756 0.1359 0.3462
v 0.1583 0.1473 0.4498
v 0.1581 0.1473 0.4116
v 0.1542 0.1499 0.4403
v 0.1255 0.1791 0.5678
v 0.1249 0.1790 0.5341
v 0.1193 0.1780 0.5465
v 0.1136 0.1858 0.6624
v 0.1200 0.1818 0.6454
v 0.1133 0.1813 0.6463
v 0.1784 0.1412 0.5746
v 0.1649 0.1460 0.5405
v 0.1686 0.1473 0.5844
v 0.1736 0.1513 0.6273
v 0.1610 0.1551 0.6142
v 0.1555 0.1620 0.6373
v 0.1451 0.1862 0.6637
v 0.1378 0.1868 0.6587
v 0.1422 0.1881 0.6601
v 0.1890 0.1499 0.6480
v 0.1832 0.1494 0.6392
v 0.1786 0.1541 0.6455
v 0.1864 0.1663 0.6669
v 0.1798 0.1743 0.6670
v 0.1837 0.1728 0.6667
v 0.2095 0.1399 0.6563
v 0.2049 0.1401 0.6522
v 0.2012 0.1449 0.6555
v 0.2486 0.0815 0.6428
v 0.2503 0.0695 0.6302
v 0.2720 0.0393 0.4846
v 0.2671 0.0361 0.4676
v 0.2676 0.0364 0.4926
v 0.2924 0.0477 0.5039
v 0.2916 0.0476 0.4813
v 0.2820 0.0481 0.4860
v 0.2630 0.0357 0.6074
v 0.2639 0.0367 0.5903
v 0.2603 0.0401 0.5967
v 0.2724 0.0437 0.6402
v 0.2811 0.0501 0.6346
v 0.2703 0.0368 0.6342
v 0.3151 0.0348 0.5255
v 0.3208 0.0339 0.5086
v 0.3148 0.0341 0.5161
v 0.3129 0.0449 0.4227
v 0.3165 0.0476 0.4066
v 0.3062 0.0456 0.4087
v 0.3618 0.0838 0.3840
v 0.3585 0.0882 0.3658
v 0.3584 0.0857 0.3448
v 0.3668 0.0830 0.4556
v 0.3681 0.0788 0.4419
v 0.3700 0.0763 0.4632
v 0.3729 0.0666 0.4897
v 0.3683 0.0684 0.4613
v 0.3664 0.0639 0.4693
v 0.3767 0.0707 0.6031
v 0.3783 0.0688 0.5874
v 0.3801 0.0632 0.6008
v 0.3581 0.0484 0.5622
v 0.3278 0.0324 0.5700
v 0.3377 0.0358 0.6091
v 0.3022 0.0445 0.6278
v 0.2996 0.0470 0.6100
v 0.2911 0.0502 0.6274
v 0.2977 0.0507 0.6542
v 0.2921 0.0572 0.6505
v 0.2927 0.0584 0.6583
v 0.2603 0.0644 0.6572
v 0.2677 0.0802 0.6660
v 0.2709 0.0644 0.6578
v 0.2420 0.1152 0.6669
v 0.2451 0.1248 0.6627
v 0.2514 0.1144 0.6636
v 0.2383 0.1199 0.6628
v 0.2309 0.1275 0.6621
v 0.2364 0.1257 0.6658
v 0.2742 0.1153 0.7034
v 0.2701 0.1076 0.6883
v 0.2743 0.1130 0.6891
v 0.2757 0.0785 0.6731
v 0.2757 0.0727 0.6660
v 0.2743 0.0776 0.6675
v 0.2696 0.1214 0.7020
v 0.2732 0.1157 0.6944
v 0.2317 0.1635 0.6847
v 0.2305 0.1617 0.6724
v 0.2266 0.1688 0.6745
v 0.1981 0.2027 0.6773
v 0.1966 0.2015 0.6683
v 0.1912 0.2076 0.6786
v 0.1747 0.2306 0.6885
v 0.1740 0.2258 0.6808
v 0.1743 0.2302 0.6839
v 0.1384 0.2738 0.6878
v 0.1429 0.2695 0.6841
v 0.1382 0.2706 0.6828
v 0.0991 0.3204 0.7674
v 0.1029 0.3175 0.7588
v 0.0958 0.3260 0.7624
v 0.0888 0.3350 0.7223
v 0.0983 0.3208 0.6988
v 0.0806 0.3430 0.7035
v 0.0645 0.3674 0.7664
v 0.0690 0.3603 0.7161
v 0.0576 0.3752 0.7381
v 0.0430 0.3892 0.6960
v 0.0453 0.3795 0.6895
v 0.0428 0.3855 0.6904
v 0.0230 0.4037 0.6873
v 0.0172 0.4095 0.6857
v 0.0214 0.4120 0.6900
v -0.0018 0.4327 0.6648
v -0.0026 0.4311 0.6601
v -0.0095 0.4371 0.6653
v -0.0199 0.4427 0.6807
v -0.0211 0.4359 0.6653
v -0.0264 0.4335 0.6728
v -0.0367 0.3960 0.6865
v -0.0419 0.4040 0.6884
v -0.0327 0.4026 0.6856
v -0.0529 0.4095 0.7406
v -0.0384 0.4272 0.7322
v -0.0442 0.4194 0.7135
v -0.0598 0.3980 0.7752
v -0.0637 0.3969 0.7663
v -0.0640 0.3929 0.7765
v -0.0805 0.3748 0.7731
v -0.0797 0.3787 0.7696
v -0.0820 0.3752 0.7637
v -0.1448 0.2948 0.7736
v -0.1415 0.3054 0.7668
v -0.1502 0.2922 0.7686
v -0.1842 0.2500 0.7687
v -0.1928 0.2408 0.7658
v -0.1928 0.2344 0.7735
v -0.2188 0.2162 0.7635
v -0.2159 0.2186 0.7591
v -0.2193 0.2149 0.7593
v -0.2271 0.1829 0.7844
v -0.2261 0.1910 0.7781
v -0.2333 0.1781 0.7800
v -0.2898 0.1189 0.7676
v -0.2928 0.1259 0.7611
v -0.2968 0.1178 0.7596
v -0.3104 0.0815 0.7311
v -0.3186 0.0708 0.7112
v -0.3244 0.0629 0.7390
v -0.3821 0.0121 0.7833
v -0.3749 0.0133 0.7789
v -0.3912 0.0157 0.7811
v -0.3858 0.0379 0.7271
v -0.3735 0.0330 0.6950
v -0.3926 0.0423 0.6950
v -0.3470 0.0323 0.3440
v -0.3580 0.0357 0.3339
v -0.3524 0.0326 0.3453
v -0.3298 0.0491 0.3271
v -0.3300 0.0529 0.3191
v -0.3322 0.0497 0.3128
v -0.3267 0.0476 0.3423
v -0.3235 0.0419 0.3347
v -0.3293 0.0472 0.3366
v -0.3255 0.0372 0.4229
v -0.3169 0.0336 0.4116
v -0.3276 0.0370 0.3944
v -0.3509 0.0302 0.4950
v -0.3504 0.0293 0.4690
v -0.3561 0.0306 0.4902
v -0.3577 0.0281 0.5986
v -0.3563 0.0275 0.5814
v -0.3632 0.0310 0.5749
v -0.3250 0.0356 0.4715
v -0.3371 0.0358 0.4531
v -0.3358 0.0365 0.5041
v -0.2942 0.0149 0.3332
v -0.2938 0.0154 0.3142
v -0.2985 0.0165 0.3209
v -0.2950 0.0128 0.3961
v -0.2896 0.0131 0.3845
v -0.2958 0.0140 0.3904
v -0.2730 0.0418 0.3975
v -0.2606 0.0672 0.3742
v -0.2667 0.0488 0.3136
v -0.2757 0.0301 0.2675
v -0.2688 0.0430 0.2720
v -0.2761 0.0282 0.2147
v -0.2537 0.0863 0.4589
v -0.2515 0.0862 0.3836
v -0.2623 0.0712 0.4796
v -0.2882 0.0157 0.4810
v -0.2886 0.0166 0.4547
v -0.2922 0.0143 0.4733
v -0.3043 0.0164 0.5446
v -0.2997 0.0143 0.5237
v -0.3044 0.0171 0.5101
v -0.3354 0.0376 0.6084
v -0.3303 0.0383 0.5882
v -0.3361 0.0366 0.5858
v -0.3570 0.0269 0.6393
v -0.3567 0.0270 0.6219
v -0.3714 0.0331 0.6425
v -0.3286 0.0561 0.6893
v -0.3190 0.0563 0.6784
v -0.3273 0.0553 0.6810
v -0.3100 0.0764 0.6820
v -0.3031 0.0782 0.6756
v -0.3074 0.0757 0.6764
v -0.2997 0.0597 0.6821
v -0.3071 0.0647 0.6775
v -0.3024 0.0668 0.6784
v -0.2884 0.0264 0.6696
v -0.2863 0.0255 0.6657
v -0.2866 0.0198 0.6603
v -0.2961 0.0095 0.5978
v -0.2885 0.0151 0.5855
v -0.2959 0.0111 0.5759
v -0.3029 0.0100 0.6168
v -0.3094 0.0181 0.5985
v -0.3103 0.0170 0.6291
v -0.3397 0.0389 0.6505
v -0.3352 0.0386 0.6428
v -0.3453 0.0350 0.6506
v -0.3111 0.0195 0.6492
v -0.3033 0.0091 0.6507
v -0.3045 0.0077 0.6429
v -0.3160 0.0419 0.6682
v -0.3166 0.0494 0.6724
v -0.3066 0.0448 0.6744
v -0.3254 0.0417 0.6641
v -0.3269 0.0396 0.6573
v -0.3372 0.0412 0.6650
v -0.2757 0.0483 0.5576
v -0.2706 0.0592 0.5382
v -0.2780 0.0400 0.5357
v -0.2837 0.0348 0.6230
v -0.2813 0.0392 0.6009
v -0.2859 0.0209 0.6201
v -0.2818 0.0714 0.6271
v -0.2808 0.0687 0.6134
v -0.2824 0.0613 0.6213
v -0.2882 0.0668 0.6381
v -0.2872 0.0556 0.6622
v -0.2987 0.0092 0.6009
v -0.3012 0.0116 0.5972
v -0.2884 0.0335 0.6765
v -0.2852 0.0324 0.6732
v -0.3213 0.0538 0.6749
v -0.3256 0.0541 0.6755
v -0.3678 0.0224 0.7664
v -0.3622 0.0251 0.7573
v -0.3678 0.0253 0.7590
v -0.3226 0.0329 0.6094
v -0.3178 0.0280 0.5837
v -0.2956 0.0129 0.5175
v -0.2957 0.0129 0.4984
v -0.2954 0.0134 0.4322
v -0.2914 0.0142 0.4221
v -0.2951 0.0129 0.4097
v -0.3108 0.0256 0.3830
v -0.3051 0.0205 0.3591
v -0.3098 0.0249 0.3643
v -0.3439 0.0326 0.4837
v -0.3468 0.0312 0.4996
v -0.3265 0.0480 0.3576
v -0.3286 0.0478 0.3538
v -0.3645 0.0342 0.4726
v -0.3562 0.0321 0.4375
v -0.4110 0.0687 0.5712
v -0.4117 0.0668 0.5463
v -0.4099 0.0718 0.5471
v -0.4032 0.0830 0.6632
v -0.4106 0.0711 0.6413
v -0.4038 0.0809 0.6175
v -0.3846 0.1274 0.7827
v -0.3846 0.1170 0.7676
v -0.3766 0.1358 0.7797
v -0.3386 0.1676 0.7716
v -0.3471 0.1562 0.7622
v -0.3388 0.1634 0.7550
v -0.3805 0.1928 0.7452
v -0.3569 0.1872 0.7376
v -0.3805 0.1866 0.7366
v -0.3870 0.2116 0.7538
v -0.3924 0.2159 0.7516
v -0.3771 0.2173 0.7590
v -0.3096 0.2248 0.7670
v -0.3032 0.2232 0.7679
v -0.3022 0.2175 0.7672
v -0.3099 0.2561 0.7927
v -0.3163 0.2569 0.7898
v -0.3092 0.2625 0.7927
v -0.3052 0.2575 0.7514
v -0.3016 0.2626 0.7472
v -0.3019 0.2625 0.7594
v -0.3120 0.2830 0.6711
v -0.3200 0.2857 0.6546
v -0.3195 0.2973 0.6567
v -0.3512 0.2924 0.6026
v -0.3564 0.2911 0.5905
v -0.3471 0.3011 0.6022
v -0.3337 0.2758 0.6490
v -0.3420 0.2786 0.6378
v -0.3275 0.2806 0.6445
v -0.3260 0.2588 0.6797
v -0.3330 0.2660 0.6664
v -0.3197 0.2630 0.6746
v -0.3695 0.2484 0.6561
v -0.3663 0.2549 0.6562
v -0.3710 0.2527 0.6585
v -0.3730 0.2655 0.6114
v -0.3738 0.2654 0.6053
v -0.3737 0.2697 0.6034
v -0.3651 0.2811 0.5779
v -0.3705 0.2762 0.5741
v -0.3668 0.2825 0.5701
v -0.3993 0.2601 0.4130
v -0.4096 0.2515 0.3824
v -0.3995 0.2585 0.3955
v -0.3483 0.2755 0.3267
v -0.3529 0.2708 0.2918
v -0.3441 0.2830 0.3102
v -0.3065 0.3602 0.3985
v -0.3031 0.3873 0.3898
v -0.2985 0.3894 0.4113
v -0.2934 0.3660 0.4462
v -0.3023 0.3538 0.4234
v -0.2971 0.3694 0.4310
v -0.2652 0.4841 0.4906
v -0.2807 0.4372 0.4551
v -0.2723 0.4653 0.4689
v -0.2630 0.4573 0.4102
v -0.2602 0.4463 0.3840
v -0.2475 0.4748 0.4149
v -0.1934 0.5566 0.4413
v -0.1870 0.5659 0.4154
v -0.1891 0.5850 0.4577
v -0.2039 0.7312 0.4455
v -0.2044 0.7413 0.4355
v -0.2082 0.7628 0.4836
v -0.1882 0.6470 0.4868
v -0.1879 0.6454 0.4670
v -0.1905 0.6708 0.4962
v -0.2105 0.5243 0.4377
v -0.2066 0.5213 0.4220
v -0.2021 0.5315 0.4286
v -0.2452 0.5268 0.4956
v -0.2554 0.5058 0.4839
v -0.2522 0.5039 0.4729
v -0.2664 0.4817 0.4767
v -0.2722 0.4631 0.4487
v -0.2632 0.4878 0.4731
v -0.2378 0.5643 0.5789
v -0.2427 0.5324 0.5635
v -0.2463 0.5272 0.5527
v -0.2202 0.6278 0.5743
v -0.2269 0.6071 0.5645
v -0.2185 0.6135 0.5562
v -0.1987 0.6686 0.5599
v -0.1945 0.6394 0.5256
v -0.1950 0.6734 0.5516
v -0.2031 0.7892 0.6128
v -0.2127 0.8055 0.5859
v -0.2103 0.8081 0.6033
v -0.2082 0.8533 0.6575
v -0.2115 0.8501 0.6392
v -0.2131 0.8713 0.6470
v -0.2005 0.7735 0.6147
v -0.2060 0.8230 0.6371
v -0.2063 0.7600 0.6393
v -0.2017 0.7587 0.6223
v -0.2059 0.7966 0.6546
v -0.2253 0.6392 0.6051
v -0.2246 0.6345 0.5935
v -0.2219 0.6540 0.6096
v -0.2119 0.8104 0.6983
v -0.2115 0.8066 0.6869
v -0.2107 0.8401 0.6990
v -0.2174 0.9522 0.7032
v -0.2179 0.9622 0.7022
v -0.2166 0.9645 0.7080
v -0.2103 0.9454 0.7373
v -0.2143 0.9425 0.7271
v -0.2145 0.9498 0.7269
v -0.2103 0.7750 0.7077
v -0.2101 0.7539 0.7043
v -0.2124 0.7791 0.7016
v -0.1656 0.8131 0.7678
v -0.1620 0.8328 0.7754
v -0.1625 0.8038 0.7750
v -0.1687 0.7058 0.7663
v -0.1819 0.7278 0.7482
v -0.1696 0.7205 0.7657
v -0.2293 0.5469 0.5931
v -0.2326 0.5694 0.5930
v -0.2836 0.3782 0.4696
v -0.2889 0.3828 0.4506
v -0.3265 0.3039 0.4154
v -0.3335 0.2960 0.3689
v -0.3203 0.3126 0.4120
v -0.3686 0.2822 0.4636
v -0.3874 0.2675 0.4203
v -0.3663 0.2791 0.4385
v -0.3064 0.3228 0.5318
v -0.3184 0.3130 0.4924
v -0.3036 0.3255 0.5166
v -0.3052 0.3245 0.5637
v -0.3063 0.3235 0.5494
v -0.3027 0.3274 0.5664
v -0.2532 0.3934 0.6476
v -0.2646 0.3717 0.6340
v -0.2470 0.4028 0.6377
v -0.2941 0.3376 0.5928
v -0.3025 0.3352 0.5928
v -0.2977 0.3323 0.5867
v -0.2854 0.3564 0.6283
v -0.2782 0.3647 0.6407
v -0.2852 0.3644 0.6492
v -0.3305 0.3258 0.6205
v -0.3349 0.3232 0.6003
v -0.3228 0.3368 0.6228
v -0.3170 0.3389 0.6592
v -0.3234 0.3273 0.6459
v -0.3224 0.3343 0.6426
v -0.2614 0.3974 0.6979
v -0.2633 0.3882 0.6772
v -0.2541 0.3995 0.6787
v -0.2338 0.4319 0.5814
v -0.2578 0.3954 0.5370
v -0.2452 0.4195 0.5525
v -0.1751 0.6008 0.7043
v -0.1791 0.5899 0.6916
v -0.1775 0.6136 0.7029
v -0.1869 0.5276 0.6764
v -0.1927 0.5158 0.6586
v -0.1934 0.5216 0.6529
v -0.1729 0.5834 0.7449
v -0.1782 0.5574 0.7204
v -0.1714 0.5837 0.7241
v -0.1809 0.6301 0.7029
v -0.1783 0.6369 0.7118
v -0.1653 0.6597 0.7626
v -0.1664 0.6763 0.7642
v -0.1626 0.6748 0.7746
v -0.1805 0.5690 0.7681
v -0.1785 0.5691 0.7506
v -0.1734 0.5868 0.7657
v -0.2039 0.5181 0.7724
v -0.1975 0.5305 0.7618
v -0.1909 0.5458 0.7710
v -0.2842 0.3844 0.7376
v -0.2806 0.3884 0.7266
v -0.2710 0.4003 0.7340
v -0.2910 0.3230 0.7573
v -0.2955 0.3116 0.7412
v -0.2919 0.3377 0.7451
v -0.2637 0.4134 0.7541
v -0.2620 0.4148 0.7442
v -0.2527 0.4301 0.7549
v -0.1924 0.5248 0.7942
v -0.2043 0.5073 0.7883
v -0.1968 0.5259 0.7894
v -0.1543 0.6382 0.7977
v -0.1508 0.6594 0.8016
v -0.1499 0.6335 0.8044
v -0.1599 0.7687 0.7808
v -0.1624 0.7782 0.7727
v -0.1599 0.7919 0.7829
v -0.1455 0.8606 0.7968
v -0.1482 0.8740 0.7925
v -0.1429 0.8634 0.7955
v -0.2040 0.9532 0.7442
v -0.2057 0.9564 0.7394
v -0.1740 0.9203 0.7669
v -0.1753 0.9353 0.7647
v -0.1668 0.9155 0.7738
v -0.1526 0.8800 0.7909
v -0.1590 0.8958 0.7841
v -0.1546 0.8981 0.7861
v -0.1869 0.9694 0.7457
v -0.1953 0.9699 0.7401
v -0.1966 0.9736 0.7367
v -0.1370 0.9877 0.6851
v -0.1475 0.9942 0.6749
v -0.1405 0.9923 0.6644
v -0.1330 0.9983 0.5726
v -0.1390 1.0012 0.5607
v -0.1335 0.9984 0.5443
v -0.1043 0.9802 0.6229
v -0.0890 0.9715 0.6176
v -0.0917 0.9747 0.6269
v -0.0202 0.9617 0.6270
v -0.0303 0.9568 0.6199
v -0.0094 0.9570 0.6203
v 0.1246 0.9279 0.5599
v 0.1162 0.9248 0.5434
v 0.1356 0.9281 0.5508
v 0.1717 0.9410 0.5938
v 0.1879 0.9464 0.5975
v 0.1874 0.9490 0.6087
v 0.0205 0.9327 0.5922
v 0.0183 0.9387 0.5991
v 0.0098 0.9338 0.5955
v 0.0037 0.9621 0.6273
v 0.0087 0.9577 0.6194
v 0.0195 0.9620 0.6229
v 0.0363 0.9650 0.6205
v 0.0382 0.9612 0.6153
v 0.0405 0.9652 0.6185
v 0.1487 0.9543 0.6208
v 0.1362 0.9596 0.6226
v 0.1321 0.9558 0.6166
v 0.1430 0.9635 0.6344
v 0.1481 0.9595 0.6288
v 0.1604 0.9600 0.6360
v 0.2130 0.9613 0.6419
v 0.2127 0.9602 0.6313
v 0.2232 0.9642 0.6407
v 0.2877 1.0037 0.6442
v 0.2918 1.0078 0.6346
v 0.3039 1.0083 0.6448
v 0.3093 1.0340 0.5830
v 0.3104 1.0343 0.5707
v 0.3102 1.0418 0.5816
v 0.3443 1.0423 0.5823
v 0.3406 1.0404 0.5717
v 0.3453 1.0372 0.5704
v 0.3487 1.0183 0.4925
v 0.3491 1.0125 0.4864
v 0.3481 1.0073 0.5011
v 0.3294 1.0233 0.4112
v 0.3291 1.0194 0.3465
v 0.3374 1.0201 0.3724
v 0.3403 1.0361 0.0192
v 0.3325 1.0409 -0.0194
v 0.3416 1.0432 -0.0423
v 0.3719 1.0234 0.0339
v 0.3652 1.0321 -0.0073
v 0.3731 1.0286 -0.0193
v 0.3514 1.0255 0.0974
v 0.3503 1.0316 0.0450
v 0.3586 1.0270 0.0629
v 0.3900 0.9910 0.2348
v 0.3835 0.9990 0.1998
v 0.3898 0.9961 0.1597
v 0.4065 0.9661 0.1341
v 0.4038 0.9756 0.1001
v 0.4050 0.9703 0.0813
v 0.3828 0.8902 -0.0001
v 0.3816 0.8891 -0.0268
v 0.3823 0.8815 0.0155
v 0.3987 0.8394 -0.1399
v 0.3966 0.8517 -0.2062
v 0.3997 0.8274 -0.1922
v 0.4073 0.8036 -0.2552
v 0.4061 0.8303 -0.3123
v 0.4132 0.7853 -0.2527
v 0.4808 0.5602 0.0064
v 0.4811 0.5671 -0.0144
v 0.4899 0.5558 -0.0102
v 0.5864 0.4732 -0.0258
v 0.5827 0.4861 -0.0526
v 0.5952 0.4582 -0.0204
v 0.6231 0.3714 0.0314
v 0.6232 0.3655 0.0191
v 0.6285 0.3480 0.0628
v 0.6405 0.3470 -0.1173
v 0.6185 0.3777 -0.1807
v 0.6358 0.3585 -0.1691
v 0.6466 0.3884 -0.4126
v 0.6858 0.3620 -0.4560
v 0.6760 0.3580 -0.4132
v 0.5407 0.5413 -0.4779
v 0.5403 0.5476 -0.4898
v 0.5570 0.5211 -0.4809
v 0.4543 0.6620 -0.4573
v 0.4601 0.6532 -0.4658
v 0.4617 0.6422 -0.4452
v 0.5391 0.5201 -0.4381
v 0.5278 0.5381 -0.4454
v 0.5678 0.5032 -0.4725
v 0.5927 0.4188 -0.2778
v 0.5871 0.4318 -0.3229
v 0.6073 0.4056 -0.2960
v 0.4852 0.5927 -0.4070
v 0.4771 0.6080 -0.4278
v 0.4869 0.5893 -0.4176
v 0.5314 0.5169 -0.2974
v 0.5357 0.5066 -0.2968
v 0.5511 0.4855 -0.2578
v 0.5257 0.5216 -0.3320
v 0.4993 0.5671 -0.3802
v 0.5256 0.5205 -0.3478
v 0.6002 0.4012 -0.1615
v 0.5966 0.4062 -0.1997
v 0.6075 0.3895 -0.1576
v 0.5969 0.4138 -0.1286
v 0.5880 0.4294 -0.1575
v 0.5931 0.4156 -0.1588
v 0.5868 0.4812 -0.0733
v 0.5757 0.5080 -0.1030
v 0.5770 0.5039 -0.1125
v 0.6072 0.4309 -0.0116
v 0.5974 0.4532 -0.0599
v 0.6105 0.4196 -0.0095
v 0.5962 0.4243 -0.1137
v 0.5883 0.4359 -0.1443
v 0.5598 0.4673 -0.2514
v 0.5688 0.4691 -0.3900
v 0.5480 0.5009 -0.4159
v 0.5906 0.4480 -0.4039
v 0.5530 0.5036 -0.4393
v 0.5814 0.4825 -0.4645
v 0.7592 0.3036 -0.5086
v 0.7918 0.2787 -0.5213
v 0.7749 0.2779 -0.5066
v 0.7814 0.2706 -0.5226
v 0.7689 0.2802 -0.5174
v 0.7543 0.2704 -0.5507
v 0.7610 0.2677 -0.5531
v 0.7549 0.2687 -0.5554
v 0.7166 0.2399 -0.5277
v 0.7244 0.2480 -0.5256
v 0.7121 0.2413 -0.5344
v 0.7182 0.2447 -0.4994
v 0.7222 0.2461 -0.5104
v 0.7132 0.2394 -0.5084
v 0.7160 0.2360 -0.4735
v 0.7211 0.2435 -0.4822
v 0.7129 0.2382 -0.4820
v 0.7454 0.2859 -0.5308
v 0.7467 0.2819 -0.5396
v 0.7415 0.2857 -0.5344
v 0.7603 0.2865 -0.5207
v 0.7634 0.2834 -0.5235
v 0.7553 0.2863 -0.5228
v 0.7600 0.2785 -0.4633
v 0.7626 0.2804 -0.4747
v 0.7539 0.2783 -0.4665
v 0.7921 0.2738 -0.4862
v 0.7926 0.2755 -0.5000
v 0.7926 0.2730 -0.4969
v 0.7781 0.2667 -0.4383
v 0.7820 0.2666 -0.4537
v 0.7760 0.2654 -0.4480
v 0.7403 0.2641 -0.4453
v 0.7409 0.2641 -0.4531
v 0.7371 0.2555 -0.4357
v 0.7174 0.2140 -0.2949
v 0.7236 0.2218 -0.3219
v 0.7149 0.2103 -0.3095
v 0.7286 0.2480 -0.3487
v 0.7288 0.2473 -0.3643
v 0.7279 0.2413 -0.3483
v 0.7443 0.2704 -0.4284
v 0.7442 0.2707 -0.4362
v 0.7376 0.2684 -0.4300
v 0.7485 0.2648 -0.3980
v 0.7477 0.2680 -0.4044
v 0.7393 0.2643 -0.3980
v 0.7642 0.2647 -0.3990
v 0.7670 0.2688 -0.4111
v 0.7679 0.2649 -0.4131
v 0.7456 0.2647 -0.3341
v 0.7494 0.2663 -0.3531
v 0.7482 0.2590 -0.3444
v 0.7388 0.3171 -0.4781
v 0.7588 0.3036 -0.4957
v 0.7873 0.2808 -0.4932
v 0.7402 0.2673 -0.3271
v 0.7395 0.2735 -0.3421
v 0.7380 0.2565 -0.3471
v 0.7397 0.2589 -0.3593
v 0.7324 0.2554 -0.3520
v 0.7443 0.2569 -0.3573
v 0.7460 0.2586 -0.3719
v 0.7219 0.2366 -0.2924
v 0.7233 0.2394 -0.3058
v 0.7242 0.2335 -0.3125
v 0.7122 0.2044 -0.2392
v 0.7133 0.2062 -0.2485
v 0.7098 0.2013 -0.2419
v 0.6875 0.1968 -0.4131
v 0.6993 0.2081 -0.4323
v 0.6717 0.1927 -0.4491
v 0.6774 0.2071 -0.4908
v 0.6857 0.2149 -0.5026
v 0.6713 0.2015 -0.5011
v 0.7203 0.2231 -0.3863
v 0.7174 0.2224 -0.4254
v 0.7126 0.2139 -0.3778
v 0.7028 0.2051 -0.3741
v 0.7084 0.2149 -0.4303
v 0.7008 0.2016 -0.1448
v 0.7063 0.2056 -0.1590
v 0.6984 0.2027 -0.1631
v 0.6981 0.2024 -0.2062
v 0.6977 0.1989 -0.2198
v 0.6916 0.1947 -0.2082
v 0.7146 0.2073 -0.1736
v 0.7122 0.2094 -0.1773
v 0.7071 0.2074 -0.1748
v 0.6837 0.1858 -0.0837
v 0.6948 0.1920 -0.1011
v 0.6890 0.1902 -0.1124
v 0.6974 0.2003 -0.0441
v 0.7017 0.2045 -0.0741
v 0.6983 0.1982 -0.0665
v 0.6670 0.1808 -0.0167
v 0.6683 0.1795 -0.0384
v 0.6602 0.1722 -0.0222
v 0.6121 0.1462 0.0742
v 0.6220 0.1495 0.0478
v 0.6090 0.1449 0.0317
v 0.4848 0.1339 0.1627
v 0.4824 0.1334 0.0718
v 0.4690 0.1351 0.1610
v 0.3509 0.1543 0.4761
v 0.3612 0.1497 0.4436
v 0.3435 0.1571 0.4588
v 0.3150 0.1809 0.1639
v 0.3059 0.1857 0.1564
v 0.3043 0.1865 0.1748
v 0.3018 0.1915 0.1281
v 0.3048 0.1913 0.1084
v 0.2992 0.1947 0.1188
v 0.3012 0.1965 0.0796
v 0.2913 0.2038 0.0730
v 0.2909 0.2026 0.0864
v 0.2831 0.2120 0.0411
v 0.2853 0.2139 0.0332
v 0.2727 0.2152 0.0415
v 0.2814 0.2232 -0.0663
v 0.2859 0.2224 -0.0744
v 0.2818 0.2237 -0.0713
v 0.2581 0.2512 -0.1026
v 0.2658 0.2464 -0.1263
v 0.2528 0.2559 -0.1129
v 0.2527 0.2711 -0.2228
v 0.2579 0.2676 -0.2398
v 0.2498 0.2740 -0.2297
v 0.2286 0.2846 -0.2539
v 0.2281 0.2845 -0.2809
v 0.2281 0.2787 -0.2514
v 0.2381 0.2732 -0.2205
v 0.2344 0.2717 -0.2284
v 0.2335 0.2623 -0.2209
v 0.2371 0.2626 -0.1823
v 0.2464 0.2685 -0.1893
v 0.2383 0.2651 -0.1895
v 0.2436 0.2611 -0.1536
v 0.2457 0.2639 -0.1708
v 0.2367 0.2612 -0.1707
v 0.2427 0.2470 -0.1052
v 0.2405 0.2536 -0.1129
v 0.2414 0.2466 -0.1220
v 0.2443 0.2566 -0.1064
v 0.2465 0.2587 -0.1129
v 0.2535 0.2483 -0.0665
v 0.2539 0.2511 -0.0746
v 0.2455 0.2448 -0.0667
v 0.2542 0.2315 -0.0409
v 0.2439 0.2398 -0.0591
v 0.2485 0.2353 -0.0592
v 0.3079 0.1571 -0.0199
v 0.3125 0.1511 -0.0705
v 0.3206 0.1414 -0.0136
v 0.3734 0.0769 -0.0161
v 0.3789 0.0688 -0.0359
v 0.3788 0.0693 -0.0089
v 0.3695 0.0772 0.1523
v 0.3676 0.0819 0.1258
v 0.3721 0.0763 0.1144
v 0.3122 0.1504 0.0931
v 0.3066 0.1584 0.0264
v 0.3241 0.1366 0.0694
v 0.2622 0.2267 -0.0126
v 0.2573 0.2336 -0.0236
v 0.2622 0.2212 -0.0049
v 0.2654 0.2305 0.0080
v 0.2628 0.2282 -0.0054
v 0.2650 0.2301 0.0183
v 0.2692 0.2298 0.0024
v 0.2672 0.2098 0.0493
v 0.2707 0.2051 0.0468
v 0.2710 0.2074 0.0561
v 0.2766 0.1939 0.0694
v 0.2767 0.1949 0.0585
v 0.2826 0.1865 0.0625
v 0.2892 0.2012 0.1146
v 0.2949 0.1973 0.1118
v 0.2893 0.2018 0.0973
v 0.2808 0.1991 0.1920
v 0.2842 0.1958 0.1682
v 0.2808 0.1994 0.1763
v 0.2789 0.1969 0.2111
v 0.2845 0.1967 0.1977
v 0.2812 0.1984 0.2025
v 0.2913 0.1934 0.2335
v 0.2807 0.1985 0.2275
v 0.2861 0.1976 0.2446
v 0.2784 0.1843 0.2572
v 0.2805 0.1835 0.2512
v 0.2817 0.1774 0.2573
v 0.3009 0.1558 0.2371
v 0.2966 0.1639 0.2040
v 0.3182 0.1338 0.2288
v 0.3150 0.1369 0.2414
v 0.3452 0.1039 0.2436
v 0.3032 0.1544 0.3807
v 0.3235 0.1295 0.3362
v 0.3214 0.1330 0.3631
v 0.2817 0.1927 0.2889
v 0.2862 0.1919 0.2916
v 0.2892 0.1933 0.2781
v 0.2743 0.1939 0.3256
v 0.2767 0.1952 0.3151
v 0.2701 0.1979 0.3241
v 0.2862 0.1896 0.3469
v 0.2804 0.1919 0.3270
v 0.2804 0.1915 0.3403
v 0.2824 0.1780 0.4270
v 0.2839 0.1841 0.3935
v 0.2875 0.1733 0.4070
v 0.3051 0.1790 0.4516
v 0.3077 0.1785 0.4365
v 0.2998 0.1822 0.4512
v 0.3144 0.1711 0.5989
v 0.3101 0.1725 0.5886
v 0.3071 0.1718 0.6069
v 0.3048 0.1778 0.5468
v 0.3052 0.1781 0.5276
v 0.2984 0.1770 0.5391
v 0.3172 0.1702 0.5741
v 0.3127 0.1719 0.5652
v 0.2879 0.1761 0.4655
v 0.2820 0.1800 0.4579
v 0.2823 0.1796 0.4466
v 0.2878 0.1734 0.4355
v 0.3080 0.1494 0.4360
v 0.2916 0.1710 0.5197
v 0.2923 0.1757 0.5081
v 0.2913 0.1710 0.5120
v 0.3179 0.1383 0.4032
v 0.3240 0.1337 0.4586
v 0.3297 0.1320 0.5802
v 0.3179 0.1430 0.5278
v 0.3409 0.1191 0.5651
v 0.2919 0.1712 0.5505
v 0.2918 0.1711 0.5370
v 0.2973 0.1721 0.5468
v 0.3037 0.1687 0.6187
v 0.3030 0.1682 0.6094
v 0.3061 0.1635 0.6199
v 0.3727 0.1479 0.6347
v 0.3832 0.1463 0.5896
v 0.3665 0.1500 0.6031
v 0.5165 0.1340 0.1749
v 0.5012 0.1337 0.1842
v 0.4855 0.1366 0.2723
v 0.6096 0.1497 0.1510
v 0.6138 0.1477 0.1017
v 0.5992 0.1459 0.1461
v 0.6663 0.1779 0.0126
v 0.6742 0.1844 0.0105
v 0.6695 0.1816 0.0113
v 0.6916 0.2003 0.0141
v 0.6976 0.2086 -0.0222
v 0.6950 0.2021 -0.0173
v 0.6749 0.1901 0.0890
v 0.6804 0.1942 0.0636
v 0.6743 0.1872 0.0699
v 0.6233 0.1647 0.2330
v 0.6162 0.1543 0.1802
v 0.6073 0.1574 0.2334
v 0.4724 0.1466 0.5299
v 0.4823 0.1439 0.4583
v 0.4596 0.1441 0.5201
v 0.4358 0.1460 0.6371
v 0.4566 0.1473 0.5897
v 0.4432 0.1449 0.5811
v 0.6082 0.1719 0.3385
v 0.6231 0.1730 0.2922
v 0.6145 0.1637 0.2616
v 0.6678 0.2095 0.1948
v 0.6703 0.2047 0.1676
v 0.6656 0.1982 0.1953
v 0.6907 0.2466 0.0869
v 0.6879 0.2406 0.0709
v 0.6831 0.2384 0.0831
v 0.7052 0.2419 -0.0670
v 0.7047 0.2411 -0.0748
v 0.6999 0.2319 -0.0671
v 0.7182 0.2424 -0.1780
v 0.7204 0.2494 -0.1922
v 0.7175 0.2404 -0.1828
v 0.7270 0.2524 -0.2445
v 0.7314 0.2543 -0.2631
v 0.7201 0.2473 -0.2525
v 0.6960 0.3274 -0.3736
v 0.7013 0.3334 -0.4139
v 0.7278 0.2933 -0.3676
v 0.7283 0.2562 -0.2443
v 0.7301 0.2576 -0.2487
v 0.7296 0.2555 -0.2523
v 0.7221 0.2583 -0.1726
v 0.7211 0.2634 -0.2044
v 0.7223 0.2588 -0.1922
v 0.6782 0.3248 -0.2412
v 0.6626 0.3468 -0.2825
v 0.6781 0.3297 -0.2809
v 0.7011 0.2876 -0.1738
v 0.7053 0.2884 -0.2239
v 0.7140 0.2703 -0.1728
v 0.7161 0.2520 -0.0942
v 0.7181 0.2511 -0.1212
v 0.7131 0.2466 -0.1107
v 0.7100 0.2507 -0.0537
v 0.7141 0.2554 -0.0748
v 0.7128 0.2507 -0.0745
v 0.6823 0.2942 -0.0628
v 0.6944 0.2845 -0.0925
v 0.6993 0.2685 -0.0294
v 0.6976 0.2495 0.0559
v 0.6978 0.2536 0.0561
v 0.6995 0.2529 0.0399
v 0.6587 0.2956 0.0674
v 0.6474 0.3106 0.0518
v 0.6700 0.2892 0.0318
v 0.6232 0.3703 0.1118
v 0.6238 0.3747 0.0838
v 0.6319 0.3301 0.1272
v 0.6012 0.4010 0.1280
v 0.6059 0.4056 0.1012
v 0.6089 0.3940 0.1240
v 0.5737 0.3941 0.2280
v 0.5685 0.4069 0.2034
v 0.5825 0.3899 0.2091
v 0.5210 0.5211 -0.0028
v 0.5092 0.5525 -0.0499
v 0.5277 0.5231 -0.0205
v 0.5412 0.4424 0.1720
v 0.5163 0.4828 0.1117
v 0.5389 0.4574 0.1229
v 0.4995 0.4906 0.1590
v 0.4939 0.5031 0.1334
v 0.5052 0.4896 0.1327
v 0.4429 0.5855 0.1592
v 0.4430 0.5963 0.1296
v 0.4458 0.5848 0.1288
v 0.4386 0.5380 0.3385
v 0.4482 0.5259 0.3243
v 0.4452 0.5254 0.3592
v 0.4782 0.4931 0.2776
v 0.4577 0.5231 0.2595
v 0.4751 0.5075 0.2248
v 0.5264 0.4252 0.3848
v 0.5310 0.4196 0.3607
v 0.5532 0.3984 0.3631
v 0.5045 0.4509 0.4411
v 0.5024 0.4503 0.4108
v 0.5155 0.4386 0.4264
v 0.4410 0.5266 0.4245
v 0.4287 0.5458 0.3953
v 0.4590 0.5026 0.3776
v 0.4375 0.5837 0.2024
v 0.4365 0.5960 0.2027
v 0.4394 0.5973 0.1781
v 0.4091 0.6093 0.3293
v 0.4198 0.6059 0.2906
v 0.4173 0.5975 0.3005
v 0.4344 0.6450 0.2379
v 0.4356 0.6441 0.2213
v 0.4346 0.6274 0.2263
v 0.4247 0.6715 0.0112
v 0.4259 0.6748 -0.0324
v 0.4314 0.6476 0.0229
v 0.4670 0.5644 0.0506
v 0.4648 0.5805 0.0133
v 0.4718 0.5726 0.0051
v 0.4142 0.7310 -0.0815
v 0.4156 0.7294 -0.1143
v 0.4202 0.7013 -0.0574
v 0.3987 0.8322 -0.0847
v 0.3988 0.8372 -0.1108
v 0.4016 0.8146 -0.0785
v 0.3829 0.8593 0.0706
v 0.3814 0.8735 0.0192
v 0.3827 0.8603 0.0427
v 0.3850 0.8821 0.2774
v 0.3862 0.8761 0.2376
v 0.3854 0.8721 0.2712
v 0.3819 0.8725 0.3618
v 0.3820 0.8739 0.3391
v 0.3836 0.8680 0.3385
v 0.3871 0.8800 0.1925
v 0.3880 0.8866 0.1585
v 0.3869 0.8738 0.1548
v 0.4075 0.9609 0.1690
v 0.4066 0.9590 0.1141
v 0.4080 0.9501 0.1587
v 0.3998 0.9346 0.2851
v 0.4055 0.9461 0.2568
v 0.4055 0.9422 0.2432
v 0.3797 0.8780 0.3734
v 0.3852 0.8689 0.3618
v 0.3860 0.8713 0.3822
v 0.4110 0.8015 0.3030
v 0.4086 0.8099 0.2863
v 0.4100 0.7920 0.2455
v 0.4208 0.7019 0.3471
v 0.4258 0.6850 0.3057
v 0.4246 0.6796 0.3160
v 0.3965 0.6230 0.3772
v 0.4014 0.6166 0.3594
v 0.3996 0.6116 0.3731
v 0.3984 0.6000 0.4081
v 0.4039 0.5933 0.3851
v 0.4067 0.5820 0.4081
v 0.5047 0.4641 0.5131
v 0.4851 0.4839 0.5115
v 0.4951 0.4666 0.4821
v 0.5884 0.3864 0.5419
v 0.5837 0.3866 0.5082
v 0.6033 0.3691 0.5197
v 0.6173 0.3409 0.4229
v 0.6337 0.3193 0.4057
v 0.6454 0.3112 0.4304
v 0.6607 0.2789 0.1859
v 0.6725 0.2694 0.1505
v 0.6748 0.2626 0.1886
v 0.6750 0.2408 0.1509
v 0.6759 0.2369 0.1198
v 0.6738 0.2319 0.1373
v 0.6679 0.2354 0.1902
v 0.6725 0.2420 0.1873
v 0.6683 0.2321 0.1876
v 0.6572 0.2320 0.3444
v 0.6582 0.2232 0.3192
v 0.6556 0.2258 0.3549
v 0.6532 0.1955 0.2893
v 0.6532 0.1923 0.2790
v 0.6417 0.1885 0.3103
v 0.6645 0.2592 0.3867
v 0.6623 0.2563 0.3689
v 0.6608 0.2562 0.3805
v 0.6769 0.2534 0.2490
v 0.6769 0.2550 0.2352
v 0.6747 0.2507 0.2321
v 0.6686 0.2410 0.2272
v 0.6709 0.2483 0.2054
v 0.6688 0.2401 0.1991
v 0.6732 0.2517 0.2549
v 0.6698 0.2483 0.2453
v 0.6675 0.2719 0.4030
v 0.6677 0.2676 0.3823
v 0.6683 0.2659 0.3952
v 0.6441 0.2247 0.4647
v 0.6496 0.2313 0.4501
v 0.6458 0.2208 0.4315
v 0.5822 0.1811 0.4822
v 0.6035 0.1869 0.4465
v 0.5836 0.1771 0.4539
v 0.5210 0.1704 0.5986
v 0.5082 0.1645 0.5974
v 0.4779 0.1592 0.6367
v 0.6485 0.2417 0.5199
v 0.6402 0.2301 0.5081
v 0.6697 0.2740 0.4469
v 0.6689 0.2733 0.4285
v 0.6697 0.2689 0.4344
v 0.6563 0.2528 0.5279
v 0.6645 0.2630 0.5284
v 0.6598 0.2591 0.5157
v 0.6480 0.2471 0.5478
v 0.6548 0.2520 0.5408
v 0.6470 0.2430 0.5331
v 0.6212 0.2327 0.5744
v 0.6434 0.2529 0.5778
v 0.6413 0.2449 0.5613
v 0.6816 0.2723 0.5948
v 0.6844 0.2744 0.5911
v 0.6803 0.2689 0.5809
v 0.6872 0.2901 0.6057
v 0.6845 0.2913 0.5954
v 0.6861 0.2858 0.6039
v 0.6460 0.3203 0.4713
v 0.6560 0.3081 0.4666
v 0.6703 0.2756 0.4690
v 0.6712 0.2788 0.4619
v 0.6697 0.2743 0.4588
v 0.6693 0.2851 0.5081
v 0.6721 0.2894 0.5042
v 0.6726 0.2873 0.4964
v 0.6729 0.2720 0.5364
v 0.6712 0.2760 0.5280
v 0.6695 0.2690 0.5319
v 0.6762 0.2975 0.5218
v 0.6714 0.2986 0.5024
v 0.6742 0.2940 0.5088
v 0.6462 0.3257 0.4925
v 0.6546 0.3154 0.4887
v 0.6534 0.3182 0.4967
v 0.6609 0.3349 0.5745
v 0.6561 0.3345 0.5627
v 0.6650 0.3243 0.5595
v 0.6561 0.3413 0.5750
v 0.6466 0.3402 0.5668
v 0.6554 0.3407 0.5711
v 0.6011 0.3734 0.5732
v 0.5982 0.3772 0.5598
v 0.6225 0.3503 0.5687
v 0.4756 0.5045 0.5400
v 0.4686 0.5049 0.5162
v 0.3755 0.6552 0.4909
v 0.3878 0.6224 0.4653
v 0.3848 0.6352 0.4983
v 0.3754 0.6887 0.4511
v 0.3790 0.6982 0.4460
v 0.3829 0.6815 0.4311
v 0.3580 0.7210 0.5386
v 0.3592 0.7194 0.5195
v 0.3637 0.6968 0.5096
v 0.3489 0.7804 0.5417
v 0.3528 0.7638 0.5306
v 0.3517 0.7583 0.5382
v 0.3520 0.7600 0.5732
v 0.3528 0.7498 0.5613
v 0.3630 0.7100 0.5508
v 0.4217 0.5877 0.5481
v 0.4164 0.5886 0.5295
v 0.4312 0.5558 0.5119
v 0.4903 0.5070 0.6117
v 0.5041 0.4875 0.6072
v 0.4998 0.4902 0.6185
v 0.5152 0.4658 0.6188
v 0.5184 0.4653 0.6119
v 0.5261 0.4510 0.6163
v 0.4832 0.4147 0.6540
v 0.5070 0.4097 0.6456
v 0.4978 0.3992 0.6519
v 0.5794 0.3495 0.6451
v 0.5829 0.3528 0.6404
v 0.5838 0.3470 0.6491
v 0.5809 0.3677 0.6170
v 0.5883 0.3677 0.6091
v 0.5908 0.3628 0.6190
v 0.5527 0.4181 0.6090
v 0.5490 0.4274 0.6042
v 0.5582 0.4150 0.6018
v 0.5590 0.3695 0.6321
v 0.5634 0.3792 0.6228
v 0.5726 0.3694 0.6230
v 0.5933 0.3681 0.6013
v 0.5991 0.3702 0.5905
v 0.5976 0.3617 0.6031
v 0.6303 0.3413 0.5891
v 0.6284 0.3440 0.5806
v 0.6385 0.3425 0.5892
v 0.6789 0.3548 0.6076
v 0.6675 0.3595 0.6026
v 0.6745 0.3475 0.6025
v 0.6776 0.3327 0.6129
v 0.6834 0.3370 0.6108
v 0.6776 0.3339 0.6078
v 0.6760 0.3086 0.6126
v 0.6759 0.3135 0.6069
v 0.6769 0.3058 0.6100
v 0.6970 0.3411 0.6149
v 0.7018 0.3376 0.6230
v 0.7013 0.3466 0.6205
v 0.6690 0.3724 0.6133
v 0.6630 0.3713 0.6106
v 0.6687 0.3680 0.6094
v 0.6220 0.3563 0.6182
v 0.6299 0.3639 0.6181
v 0.6226 0.3710 0.6169
v 0.6201 0.3412 0.5941
v 0.6214 0.3444 0.5878
v 0.6229 0.3397 0.5968
v 0.6224 0.3474 0.6172
v 0.6136 0.3457 0.6127
v 0.6166 0.3399 0.6043
v 0.6177 0.3398 0.5998
v 0.6223 0.3392 0.6044
v 0.6259 0.3831 0.6227
v 0.6233 0.3776 0.6183
v 0.6258 0.3809 0.6192
v 0.6558 0.3999 0.6262
v 0.6527 0.4081 0.6309
v 0.6480 0.4028 0.6288
v 0.6264 0.4492 0.6343
v 0.6293 0.4554 0.6344
v 0.6237 0.4566 0.6346
v 0.6205 0.4545 0.6424
v 0.6215 0.4557 0.6379
v 0.6155 0.4631 0.6426
v 0.6450 0.4176 0.6473
v 0.6369 0.4225 0.6440
v 0.6433 0.4264 0.6455
v 0.6373 0.4499 0.6402
v 0.6327 0.4526 0.6347
v 0.6354 0.4462 0.6342
v 0.6690 0.4040 0.6368
v 0.6673 0.4021 0.6266
v 0.6841 0.4009 0.6356
v 0.6862 0.3852 0.6277
v 0.6755 0.3783 0.6212
v 0.6829 0.3779 0.6257
v 0.7111 0.3584 0.6327
v 0.7035 0.3616 0.6285
v 0.7070 0.3558 0.6281
v 0.7131 0.3342 0.6329
v 0.7150 0.3425 0.6293
v 0.7059 0.3329 0.6294
v 0.6993 0.2839 0.6132
v 0.7107 0.2894 0.6129
v 0.6997 0.2915 0.6138
v 0.6907 0.3038 0.6259
v 0.6914 0.3087 0.6268
v 0.6830 0.3089 0.6261
v 0.7315 0.2606 0.6274
v 0.7320 0.2784 0.6287
v 0.7267 0.2688 0.6254
v 0.6928 0.2446 0.6297
v 0.6929 0.2493 0.6259
v 0.6868 0.2493 0.6297
v 0.6632 0.2649 0.5974
v 0.6591 0.2632 0.5884
v 0.6449 0.2634 0.5979
v 0.6534 0.2598 0.6161
v 0.6562 0.2633 0.6060
v 0.6474 0.2619 0.6106
v 0.6269 0.2550 0.6003
v 0.6355 0.2546 0.5918
v 0.6177 0.2483 0.6015
v 0.6169 0.2541 0.6251
v 0.6156 0.2575 0.6204
v 0.6110 0.2539 0.6269
v 0.5887 0.2414 0.6183
v 0.5866 0.2438 0.6241
v 0.5922 0.2493 0.6210
v 0.5473 0.2234 0.6457
v 0.5495 0.2196 0.6392
v 0.5420 0.2120 0.6396
v 0.5915 0.2428 0.6373
v 0.5885 0.2463 0.6354
v 0.5837 0.2424 0.6349
v 0.6272 0.2429 0.6368
v 0.6387 0.2529 0.6255
v 0.6196 0.2449 0.6332
v 0.6551 0.2566 0.6422
v 0.6599 0.2566 0.6367
v 0.6516 0.2540 0.6408
v 0.6623 0.2656 0.6631
v 0.6615 0.2618 0.6497
v 0.6589 0.2651 0.6566
v 0.6811 0.2521 0.6369
v 0.6811 0.2543 0.6315
v 0.6753 0.2558 0.6370
v 0.7062 0.2446 0.6566
v 0.7158 0.2476 0.6526
v 0.7060 0.2422 0.6503
v 0.7134 0.2520 0.6612
v 0.7190 0.2522 0.6570
v 0.7156 0.2500 0.6561
v 0.7274 0.2656 0.6573
v 0.7347 0.2710 0.6482
v 0.7307 0.2623 0.6517
v 0.7244 0.2913 0.6253
v 0.7183 0.2929 0.6179
v 0.7238 0.2845 0.6225
v 0.7304 0.2972 0.6531
v 0.7304 0.2998 0.6435
v 0.7334 0.2925 0.6432
v 0.7325 0.3417 0.6520
v 0.7345 0.3459 0.6487
v 0.7342 0.3381 0.6478
v 0.7153 0.3311 0.6374
v 0.7221 0.3366 0.6329
v 0.7363 0.3368 0.6430
v 0.7300 0.3339 0.6430
v 0.7079 0.3746 0.6506
v 0.7051 0.3753 0.6421
v 0.7111 0.3663 0.6502
v 0.7136 0.3464 0.6704
v 0.7185 0.3447 0.6631
v 0.7152 0.3402 0.6656
v 0.7076 0.2717 0.6726
v 0.7065 0.2851 0.6728
v 0.7139 0.2783 0.6720
v 0.6863 0.2743 0.6731
v 0.6755 0.2826 0.6767
v 0.6833 0.2862 0.6740
v 0.6781 0.3244 0.6575
v 0.6799 0.3295 0.6525
v 0.6784 0.3250 0.6530
v 0.6692 0.3431 0.6826
v 0.6779 0.3512 0.6825
v 0.6919 0.3428 0.6832
v 0.6622 0.4054 0.6571
v 0.6602 0.4056 0.6510
v 0.6778 0.4024 0.6602
v 0.6452 0.4087 0.6664
v 0.6461 0.4081 0.6586
v 0.6521 0.4067 0.6656
v 0.6354 0.3906 0.6254
v 0.6311 0.3852 0.6223
v 0.6110 0.3719 0.6496
v 0.6100 0.3733 0.6405
v 0.6206 0.3833 0.6569
v 0.6506 0.4047 0.6707
v 0.6596 0.4012 0.6678
v 0.6267 0.3564 0.6677
v 0.6237 0.3640 0.6682
v 0.6384 0.3562 0.6695
v 0.6546 0.3303 0.6851
v 0.6462 0.3349 0.6763
v 0.6540 0.3387 0.6788
v 0.6144 0.3661 0.6616
v 0.6051 0.3547 0.6541
v 0.6072 0.3651 0.6528
v 0.6073 0.3378 0.6650
v 0.6054 0.3390 0.6599
v 0.6117 0.3481 0.6613
v 0.6437 0.3215 0.6904
v 0.6521 0.3233 0.6886
v 0.6498 0.3169 0.6893
v 0.6649 0.2820 0.6815
v 0.6666 0.2955 0.6809
v 0.6385 0.3012 0.6804
v 0.6420 0.3012 0.6831
v 0.6461 0.2951 0.6790
v 0.6219 0.3272 0.6940
v 0.6137 0.3340 0.6885
v 0.6217 0.3303 0.6872
v 0.5909 0.3377 0.6838
v 0.5833 0.3369 0.6731
v 0.5916 0.3366 0.6739
v 0.6377 0.3048 0.6868
v 0.6314 0.3068 0.6881
v 0.6069 0.3177 0.6809
v 0.6133 0.3171 0.6734
v 0.6075 0.3168 0.6732
v 0.5957 0.3104 0.6775
v 0.6007 0.3162 0.6757
v 0.6041 0.3100 0.6705
v 0.6361 0.2781 0.6581
v 0.6390 0.2858 0.6597
v 0.6449 0.2800 0.6588
v 0.6265 0.2380 0.6625
v 0.6356 0.2491 0.6583
v 0.6387 0.2460 0.6536
v 0.5715 0.2041 0.6673
v 0.5940 0.2164 0.6577
v 0.5771 0.2106 0.6598
v 0.5283 0.2056 0.6593
v 0.5295 0.2096 0.6513
v 0.5267 0.2044 0.6476
v 0.4910 0.1812 0.6825
v 0.4912 0.1858 0.6729
v 0.4865 0.1816 0.6710
v 0.5392 0.1905 0.6757
v 0.5231 0.1944 0.6733
v 0.5110 0.1885 0.6788
v 0.5361 0.2001 0.6346
v 0.5731 0.2126 0.6101
v 0.5442 0.1955 0.6205
v 0.5534 0.1927 0.6054
v 0.5617 0.1931 0.5930
v 0.5300 0.1787 0.6103
v 0.4594 0.1604 0.6786
v 0.4727 0.1627 0.6595
v 0.4519 0.1548 0.6750
v 0.3773 0.1437 0.6952
v 0.3722 0.1467 0.6737
v 0.3670 0.1460 0.6957
v 0.3099 0.1752 0.6639
v 0.3166 0.1745 0.6585
v 0.3128 0.1778 0.6585
v 0.3173 0.1691 0.7319
v 0.3171 0.1692 0.7164
v 0.3155 0.1643 0.7223
v 0.3282 0.1483 0.7572
v 0.3322 0.1530 0.7528
v 0.3262 0.1558 0.7568
v 0.3703 0.1325 0.7237
v 0.3765 0.1361 0.7162
v 0.3693 0.1392 0.7140
v 0.3539 0.1355 0.7455
v 0.3498 0.1424 0.7426
v 0.3463 0.1427 0.7525
v 0.3142 0.1623 0.6734
v 0.3164 0.1561 0.6913
v 0.3160 0.1619 0.6989
v 0.3233 0.1417 0.6779
v 0.3214 0.1433 0.6410
v 0.3289 0.1343 0.6721
v 0.3288 0.1322 0.7162
v 0.3295 0.1330 0.6993
v 0.3447 0.1165 0.7263
v 0.3385 0.1254 0.7565
v 0.3337 0.1292 0.7523
v 0.3375 0.1247 0.7519
v 0.3672 0.1162 0.7599
v 0.3665 0.1215 0.7515
v 0.3596 0.1175 0.7571
v 0.4075 0.1291 0.7321
v 0.4220 0.1347 0.7220
v 0.3930 0.1280 0.7285
v 0.4745 0.1730 0.6894
v 0.4729 0.1736 0.6802
v 0.4679 0.1707 0.6826
v 0.4623 0.1548 0.7024
v 0.4591 0.1582 0.6989
v 0.4524 0.1538 0.6982
v 0.4157 0.1320 0.7550
v 0.4299 0.1354 0.7489
v 0.4240 0.1327 0.7443
v 0.4592 0.1446 0.7599
v 0.4645 0.1434 0.7486
v 0.4438 0.1412 0.7593
v 0.5296 0.1767 0.6966
v 0.5409 0.1859 0.6802
v 0.5182 0.1724 0.6965
v 0.4823 0.1528 0.7545
v 0.4860 0.1513 0.7434
v 0.4777 0.1476 0.7538
v 0.5540 0.2045 0.7160
v 0.5742 0.2142 0.7032
v 0.5451 0.1937 0.7201
v 0.6207 0.2798 0.6667
v 0.6271 0.2769 0.6630
v 0.6299 0.2624 0.6662
v 0.4980 0.2220 0.7465
v 0.5226 0.2300 0.7316
v 0.5070 0.2132 0.7433
v 0.5748 0.2864 0.6914
v 0.5666 0.2945 0.6928
v 0.5721 0.2936 0.6899
v 0.5733 0.3079 0.6947
v 0.5698 0.3000 0.6930
v 0.5615 0.3007 0.6976
v 0.5595 0.3109 0.7195
v 0.5606 0.3101 0.7119
v 0.5541 0.3082 0.7152
v 0.5050 0.2758 0.7614
v 0.5032 0.2780 0.7509
v 0.4896 0.2725 0.7614
v 0.4307 0.2585 0.7675
v 0.4363 0.2597 0.7646
v 0.4361 0.2544 0.7642
v 0.4449 0.1879 0.7952
v 0.4447 0.2005 0.7877
v 0.4505 0.1892 0.7916
v 0.4980 0.2608 0.7321
v 0.4885 0.2653 0.7401
v 0.4980 0.2732 0.7356
v 0.4526 0.2669 0.7748
v 0.4601 0.2669 0.7664
v 0.4524 0.2651 0.7657
v 0.4589 0.2533 0.7552
v 0.4626 0.2562 0.7512
v 0.4734 0.2527 0.7482
v 0.5289 0.2683 0.7165
v 0.5213 0.2792 0.7201
v 0.5267 0.2788 0.7160
v 0.5558 0.2990 0.7032
v 0.5591 0.2953 0.6968
v 0.5209 0.2701 0.7188
v 0.5089 0.2634 0.7267
v 0.5147 0.2668 0.7231
v 0.5234 0.2619 0.7221
v 0.4738 0.1873 0.7721
v 0.4797 0.1980 0.7646
v 0.4910 0.1903 0.7575
v 0.4437 0.1427 0.7737
v 0.4515 0.1444 0.7678
v 0.4441 0.1421 0.7666
v 0.4254 0.1315 0.7857
v 0.4316 0.1365 0.7824
v 0.4287 0.1379 0.7750
v 0.3677 0.1232 0.8196
v 0.3748 0.1242 0.8138
v 0.3699 0.1236 0.8136
v 0.4115 0.1273 0.8034
v 0.4095 0.1243 0.7971
v 0.4080 0.1245 0.8065
v 0.4316 0.1778 0.8115
v 0.4353 0.1865 0.8026
v 0.4377 0.1766 0.8034
v 0.3861 0.2159 0.8347
v 0.3754 0.2239 0.8400
v 0.3789 0.2259 0.8374
v 0.3986 0.2631 0.8107
v 0.3986 0.2606 0.8149
v 0.4034 0.2638 0.8111
v 0.3868 0.2345 0.8264
v 0.3963 0.2350 0.8145
v 0.3922 0.2214 0.8269
v 0.4157 0.2597 0.7836
v 0.4208 0.2611 0.7811
v 0.4196 0.2555 0.7798
v 0.4480 0.2593 0.8022
v 0.4449 0.2626 0.7968
v 0.4249 0.2640 0.8037
v 0.5338 0.2892 0.7484
v 0.5366 0.2945 0.7426
v 0.5282 0.2897 0.7438
v 0.5814 0.3016 0.7323
v 0.5907 0.3088 0.7222
v 0.5812 0.3092 0.7279
v 0.6168 0.3128 0.6959
v 0.6228 0.3105 0.6897
v 0.6166 0.3140 0.6882
v 0.5900 0.3126 0.7306
v 0.5921 0.3172 0.7245
v 0.5972 0.3129 0.7267
v 0.5906 0.3337 0.7051
v 0.5958 0.3397 0.6927
v 0.5984 0.3349 0.7013
v 0.5656 0.2928 0.7564
v 0.5641 0.2990 0.7524
v 0.5732 0.2982 0.7503
v 0.5055 0.2723 0.7901
v 0.5189 0.2764 0.7827
v 0.5124 0.2684 0.7870
v 0.5695 0.2902 0.7485
v 0.5763 0.2930 0.7409
v 0.5678 0.2958 0.7411
v 0.5872 0.2979 0.7402
v 0.5961 0.3039 0.7322
v 0.5919 0.2997 0.7370
v 0.5363 0.2844 0.7725
v 0.5282 0.2750 0.7775
v 0.4929 0.2947 0.7748
v 0.4969 0.3108 0.7650
v 0.4988 0.3012 0.7678
v 0.4576 0.3724 0.7181
v 0.4696 0.3711 0.7003
v 0.4987 0.3579 0.6937
v 0.4302 0.4573 0.6643
v 0.4528 0.4464 0.6601
v 0.4446 0.4391 0.6625
v 0.4266 0.5777 0.6674
v 0.4327 0.5809 0.6613
v 0.4455 0.5471 0.6601
v 0.4338 0.6043 0.6254
v 0.4257 0.6194 0.6175
v 0.4419 0.5875 0.6184
v 0.4336 0.6026 0.6415
v 0.4316 0.6088 0.6337
v 0.4434 0.5845 0.6311
v 0.4043 0.6727 0.6498
v 0.4127 0.6526 0.6409
v 0.4153 0.6429 0.6492
v 0.3466 0.8010 0.5975
v 0.3478 0.7805 0.5783
v 0.3517 0.7719 0.5868
v 0.3812 0.8364 0.5197
v 0.3764 0.8011 0.5059
v 0.3626 0.8203 0.5356
v 0.3364 0.8669 0.5984
v 0.3416 0.8665 0.5859
v 0.3369 0.8573 0.5963
v 0.3333 0.8891 0.6270
v 0.3356 0.8794 0.6095
v 0.3359 0.8726 0.6212
v 0.3543 0.8142 0.6355
v 0.3638 0.7818 0.6298
v 0.3680 0.7759 0.6411
v 0.3455 0.8419 0.6513
v 0.3443 0.8427 0.6350
v 0.3525 0.8208 0.6436
v 0.3359 0.8646 0.6714
v 0.3380 0.8623 0.6635
v 0.3413 0.8486 0.6711
v 0.3251 0.9180 0.6642
v 0.3281 0.9196 0.6530
v 0.3260 0.9076 0.6643
v 0.3667 0.9227 0.5761
v 0.3700 0.9256 0.5653
v 0.3716 0.9183 0.5648
v 0.3930 0.8020 0.4788
v 0.3963 0.7724 0.4594
v 0.3914 0.7662 0.4647
v 0.4161 0.7331 0.3677
v 0.4176 0.7304 0.3438
v 0.4204 0.7096 0.3510
v 0.4077 0.7386 0.4158
v 0.4087 0.7530 0.4168
v 0.4110 0.7303 0.4009
v 0.3974 0.8590 0.4328
v 0.3990 0.8503 0.3935
v 0.4024 0.8431 0.4147
v 0.3757 0.9063 0.3983
v 0.3763 0.9040 0.3877
v 0.3744 0.9017 0.3904
v 0.3899 0.9539 0.3923
v 0.3933 0.9498 0.3666
v 0.3890 0.9429 0.3906
v 0.3946 0.9830 0.2568
v 0.3986 0.9817 0.2164
v 0.4001 0.9761 0.2508
v 0.3932 0.9717 0.3375
v 0.3995 0.9705 0.2854
v 0.3968 0.9639 0.3241
v 0.3693 0.9380 0.4566
v 0.3745 0.9535 0.4449
v 0.3733 0.9376 0.4477
v 0.3766 0.9095 0.5048
v 0.3835 0.8955 0.4828
v 0.3875 0.8870 0.4888
v 0.3674 0.9290 0.5725
v 0.3638 0.9397 0.5749
v 0.3669 0.9322 0.5684
v 0.3588 0.9543 0.5943
v 0.3605 0.9474 0.5864
v 0.3590 0.9497 0.5967
v 0.3378 1.0124 0.5646
v 0.3444 1.0225 0.5512
v 0.3421 1.0113 0.5459
v 0.3352 1.0118 0.6036
v 0.3364 1.0199 0.6006
v 0.3349 1.0122 0.5929
v 0.3538 0.9584 0.6071
v 0.3561 0.9572 0.6030
v 0.3564 0.9502 0.6023
v 0.3316 0.9297 0.6339
v 0.3319 0.9272 0.6269
v 0.3309 0.9199 0.6360
v 0.3440 0.9857 0.6215
v 0.3442 0.9882 0.6125
v 0.3471 0.9795 0.6190
v 0.3381 0.9428 0.6527
v 0.3451 0.9488 0.6552
v 0.3374 0.9495 0.6523
v 0.3491 0.9775 0.6560
v 0.3457 0.9812 0.6505
v 0.3424 0.9757 0.6515
v 0.3367 1.0113 0.6357
v 0.3350 1.0115 0.6280
v 0.3367 1.0054 0.6324
v 0.3257 1.0507 0.5707
v 0.3272 1.0454 0.5656
v 0.3338 1.0453 0.5720
v 0.3248 1.0634 0.6508
v 0.3234 1.0619 0.6385
v 0.3267 1.0654 0.6467
v 0.3433 1.0201 0.6420
v 0.3494 1.0268 0.6429
v 0.3426 1.0238 0.6355
v 0.3688 1.0513 0.6597
v 0.3596 1.0514 0.6549
v 0.3577 1.0429 0.6526
v 0.3226 1.0652 0.6581
v 0.3292 1.0662 0.6573
v 0.3064 1.0193 0.5963
v 0.3073 1.0260 0.5830
v 0.3095 1.0265 0.5964
v 0.3186 1.0142 0.6430
v 0.3107 1.0107 0.6301
v 0.3180 1.0185 0.6345
v 0.2645 0.9764 0.6624
v 0.2517 0.9744 0.6544
v 0.2674 0.9850 0.6535
v 0.2737 0.9699 0.6750
v 0.2580 0.9651 0.6689
v 0.2837 0.9814 0.6719
v 0.3203 1.0038 0.6848
v 0.3172 1.0033 0.6793
v 0.3217 1.0140 0.6837
v 0.3190 1.0359 0.6423
v 0.3196 1.0288 0.6342
v 0.3140 1.0372 0.6248
v 0.3114 1.0618 0.6650
v 0.3155 1.0653 0.6612
v 0.3083 1.0698 0.6659
v 0.3247 1.1040 0.6794
v 0.3241 1.0984 0.6730
v 0.3288 1.1014 0.6767
v 0.3444 1.0650 0.6551
v 0.3505 1.0645 0.6550
v 0.3496 1.0754 0.6587
v 0.3786 1.0441 0.6815
v 0.3775 1.0437 0.6744
v 0.3749 1.0355 0.6815
v 0.3626 1.0005 0.6988
v 0.3699 0.9994 0.6896
v 0.3685 0.9951 0.6875
v 0.3760 1.0445 0.6904
v 0.3806 1.0510 0.6815
v 0.3761 1.0729 0.6960
v 0.3786 1.0799 0.6882
v 0.3800 1.0729 0.6882
v 0.3548 1.0546 0.7059
v 0.3631 1.0463 0.7009
v 0.3552 1.0450 0.7027
v 0.3522 1.0182 0.7060
v 0.3453 1.0263 0.7025
v 0.3514 1.0267 0.7031
v 0.3641 0.9858 0.6733
v 0.3658 0.9869 0.6667
v 0.3558 0.9794 0.6728
v 0.3598 1.0335 0.6557
v 0.3540 1.0308 0.6489
v 0.3570 1.0263 0.6529
v 0.3741 1.0209 0.6743
v 0.3707 1.0247 0.6681
v 0.3728 1.0187 0.6679
v 0.3620 0.9867 0.6556
v 0.3641 0.9912 0.6541
v 0.3556 0.9848 0.6537
v 0.3371 0.9746 0.6697
v 0.3428 0.9713 0.6676
v 0.3373 0.9719 0.6651
v 0.3649 0.9400 0.6702
v 0.3602 0.9513 0.6688
v 0.3659 0.9405 0.6654
v 0.3685 0.9195 0.6727
v 0.3675 0.9259 0.6718
v 0.3750 0.9113 0.6723
v 0.3812 0.9114 0.6654
v 0.3764 0.9184 0.6603
v 0.3800 0.9114 0.6599
v 0.3988 0.8651 0.6710
v 0.3917 0.8749 0.6697
v 0.3961 0.8787 0.6697
v 0.3856 0.8755 0.6654
v 0.3837 0.8810 0.6634
v 0.3838 0.8795 0.6672
v 0.4170 0.8427 0.6654
v 0.4115 0.8496 0.6692
v 0.4083 0.8585 0.6647
v 0.4071 0.8375 0.6605
v 0.4046 0.8456 0.6575
v 0.4045 0.8435 0.6645
v 0.3969 0.8590 0.6606
v 0.4027 0.8510 0.6570
v 0.4296 0.8110 0.6699
v 0.4236 0.8193 0.6691
v 0.4351 0.8091 0.6679
v 0.4543 0.7736 0.6666
v 0.4508 0.7826 0.6642
v 0.4584 0.7703 0.6648
v 0.4750 0.7332 0.6536
v 0.4735 0.7399 0.6549
v 0.4667 0.7334 0.6563
v 0.4685 0.7402 0.6670
v 0.4600 0.7474 0.6666
v 0.4645 0.7507 0.6666
v 0.4294 0.8108 0.6552
v 0.4281 0.8181 0.6563
v 0.4237 0.8122 0.6564
v 0.4464 0.7909 0.6594
v 0.4388 0.8037 0.6573
v 0.4428 0.7941 0.6563
v 0.4535 0.7652 0.6547
v 0.4521 0.7721 0.6547
v 0.4493 0.7664 0.6562
v 0.4376 0.7830 0.6597
v 0.4428 0.7742 0.6593
v 0.4400 0.7823 0.6566
v 0.4775 0.7191 0.6539
v 0.4764 0.7263 0.6533
v 0.4761 0.7128 0.6591
v 0.5006 0.6778 0.6512
v 0.4989 0.6865 0.6516
v 0.4965 0.6830 0.6510
v 0.4877 0.6953 0.6627
v 0.4839 0.6978 0.6587
v 0.4830 0.7002 0.6618
v 0.5178 0.6484 0.6625
v 0.5188 0.6572 0.6621
v 0.5250 0.6459 0.6610
v 0.5052 0.6614 0.6610
v 0.5097 0.6550 0.6569
v 0.5009 0.6674 0.6582
v 0.5157 0.6495 0.6492
v 0.5146 0.6565 0.6488
v 0.5125 0.6526 0.6498
v 0.5471 0.6106 0.6490
v 0.5430 0.6162 0.6486
v 0.5358 0.6095 0.6492
v 0.5449 0.5933 0.6588
v 0.5432 0.5948 0.6546
v 0.5387 0.6043 0.6566
v 0.5549 0.5734 0.6512
v 0.5603 0.5791 0.6452
v 0.5548 0.5804 0.6464
v 0.5651 0.5561 0.6507
v 0.5716 0.5467 0.6466
v 0.5642 0.5588 0.6471
v 0.5774 0.5417 0.6571
v 0.5711 0.5495 0.6555
v 0.5750 0.5503 0.6582
v 0.6049 0.5075 0.6491
v 0.6017 0.5157 0.6445
v 0.6085 0.5034 0.6487
v 0.5832 0.5232 0.6527
v 0.5873 0.5166 0.6487
v 0.5816 0.5267 0.6497
v 0.5888 0.5381 0.6500
v 0.5847 0.5457 0.6495
v 0.5870 0.5389 0.6454
v 0.6124 0.4871 0.6510
v 0.6138 0.4825 0.6495
v 0.6067 0.4896 0.6505
v 0.5975 0.4964 0.6440
v 0.6035 0.4867 0.6430
v 0.6012 0.4953 0.6398
v 0.6185 0.4752 0.6501
v 0.6097 0.4800 0.6480
v 0.6068 0.4942 0.6379
v 0.6056 0.5013 0.6392
v 0.5710 0.5655 0.6591
v 0.5734 0.5646 0.6555
v 0.5744 0.5588 0.6572
v 0.5605 0.5621 0.6542
v 0.5562 0.5719 0.6548
v 0.5591 0.5700 0.6570
v 0.5456 0.6031 0.6613
v 0.5461 0.6093 0.6593
v 0.5552 0.5959 0.6597
v 0.5334 0.6335 0.6592
v 0.5278 0.6459 0.6573
v 0.5303 0.6439 0.6544
v 0.5560 0.5908 0.6593
v 0.5286 0.6225 0.6493
v 0.5209 0.6370 0.6496
v 0.5165 0.6420 0.6574
v 0.4908 0.6852 0.6613
v 0.4968 0.6848 0.6660
v 0.5386 0.6211 0.6600
v 0.5297 0.6337 0.6628
v 0.4800 0.7215 0.6661
v 0.4744 0.7332 0.6675
v 0.4822 0.7258 0.6630
v 0.4920 0.7047 0.6658
v 0.4932 0.7072 0.6551
v 0.4996 0.6980 0.6614
v 0.4683 0.7281 0.6593
v 0.4708 0.7278 0.6555
v 0.4508 0.7791 0.6685
v 0.4129 0.8291 0.6674
v 0.4138 0.8236 0.6623
v 0.4095 0.8347 0.6645
v 0.3829 0.8838 0.6603
v 0.3893 0.8730 0.6601
v 0.3854 0.8821 0.6570
v 0.3906 0.8804 0.6561
v 0.3599 0.9344 0.6536
v 0.3589 0.9410 0.6548
v 0.3539 0.9355 0.6545
v 0.3229 0.9289 0.6695
v 0.3262 0.9260 0.6614
v 0.3209 0.9182 0.6758
v 0.3500 0.9368 0.6646
v 0.3460 0.9460 0.6681
v 0.3544 0.9356 0.6704
v 0.3138 0.9817 0.6770
v 0.3148 0.9888 0.6782
v 0.3223 0.9856 0.6763
v 0.3459 0.9922 0.6943
v 0.3520 0.9884 0.6911
v 0.3428 0.9887 0.6903
v 0.3263 1.0252 0.6868
v 0.3231 1.0270 0.6789
v 0.3244 1.0359 0.6884
v 0.3000 1.0694 0.6822
v 0.3053 1.0606 0.6755
v 0.3053 1.0617 0.6708
v 0.3293 1.0987 0.7087
v 0.3232 1.1016 0.7023
v 0.3286 1.1029 0.7007
v 0.3643 1.0974 0.6894
v 0.3714 1.0916 0.6827
v 0.3714 1.0923 0.6889
v 0.3355 1.0917 0.7151
v 0.3376 1.0979 0.7073
v 0.3405 1.0884 0.7141
v 0.3058 1.0837 0.7072
v 0.3057 1.0904 0.6997
v 0.3098 1.0851 0.7105
v 0.3126 1.0570 0.7136
v 0.3230 1.0423 0.6983
v 0.3126 1.0497 0.7007
v 0.3154 1.0605 0.7180
v 0.3095 1.0673 0.7170
v 0.3123 1.0692 0.7204
v 0.3515 1.0648 0.7099
v 0.3569 1.0709 0.7085
v 0.3655 1.0594 0.7044
v 0.3377 1.0355 0.6997
v 0.3342 1.0295 0.6964
v 0.3305 1.0392 0.6998
v 0.3065 1.0650 0.7111
v 0.3061 1.0707 0.7140
v 0.3454 1.0839 0.7130
v 0.3686 1.0747 0.7047
v 0.3453 1.0974 0.7022
v 0.3445 1.0922 0.7091
v 0.3058 1.0557 0.6821
v 0.3438 0.9952 0.6980
v 0.3350 1.0011 0.6981
v 0.3483 1.0019 0.7045
v 0.3042 0.9499 0.6894
v 0.3144 0.9371 0.6820
v 0.3046 0.9318 0.6867
v 0.2767 0.9016 0.6952
v 0.2826 0.9068 0.6901
v 0.2818 0.8964 0.6884
v 0.3018 0.7752 0.6812
v 0.2973 0.7839 0.6828
v 0.3055 0.7806 0.6821
v 0.3283 0.6165 0.6755
v 0.3127 0.6515 0.6771
v 0.3216 0.6535 0.6762
v 0.2562 0.6778 0.7009
v 0.2617 0.7059 0.7001
v 0.2703 0.6883 0.6938
v 0.2274 0.7748 0.7221
v 0.2354 0.8370 0.7211
v 0.2387 0.8066 0.7201
v 0.2753 0.7276 0.6925
v 0.2853 0.7029 0.6864
v 0.2555 0.8516 0.7107
v 0.2671 0.8523 0.7001
v 0.2620 0.8197 0.7042
v 0.2753 0.9303 0.6972
v 0.2615 0.9355 0.6893
v 0.2776 0.9410 0.6921
v 0.2891 0.9350 0.6943
v 0.2901 0.9419 0.6943
v 0.2956 0.9360 0.6912
v 0.2315 0.9372 0.6761
v 0.2344 0.9434 0.6733
v 0.2406 0.9401 0.6770
v 0.1624 0.9615 0.6492
v 0.1715 0.9600 0.6429
v 0.1826 0.9594 0.6497
v 0.2243 0.9367 0.6737
v 0.2131 0.9455 0.6694
v 0.2257 0.9420 0.6724
v 0.2352 0.8889 0.7121
v 0.2344 0.9022 0.7043
v 0.2452 0.8943 0.7131
v 0.1937 0.8512 0.7110
v 0.1809 0.8611 0.7042
v 0.1932 0.8638 0.7064
v 0.0623 0.9372 0.6637
v 0.0490 0.9480 0.6579
v 0.0700 0.9416 0.6606
v 0.1365 0.9610 0.6602
v 0.1153 0.9666 0.6529
v 0.1412 0.9649 0.6540
v 0.1101 0.9224 0.6693
v 0.0897 0.9319 0.6644
v 0.1182 0.9286 0.6654
v 0.0048 0.9603 0.6524
v -0.0096 0.9643 0.6517
v 0.0032 0.9641 0.6459
v -0.0813 0.9657 0.6557
v -0.0796 0.9697 0.6485
v -0.0681 0.9643 0.6547
v -0.0846 0.9403 0.6979
v -0.0893 0.9518 0.6832
v -0.0724 0.9327 0.6959
v -0.0924 0.9622 0.6675
v -0.0779 0.9514 0.6737
v -0.0809 0.9482 0.6805
v 0.0200 0.9309 0.6854
v 0.0274 0.9339 0.6794
v 0.0345 0.9229 0.6919
v 0.1110 0.8992 0.6885
v 0.0893 0.9091 0.6868
v 0.1081 0.9047 0.6822
v 0.1743 0.8469 0.7110
v 0.1719 0.8570 0.7065
v 0.1824 0.8474 0.7102
v 0.1621 0.8376 0.7206
v 0.1505 0.8497 0.7227
v 0.1585 0.8506 0.7163
v 0.1936 0.8349 0.7150
v 0.2058 0.8459 0.7159
v 0.1905 0.7327 0.7275
v 0.1797 0.7629 0.7274
v 0.1928 0.7648 0.7248
v 0.0893 0.8075 0.7330
v 0.0975 0.8112 0.7318
v 0.0976 0.7990 0.7325
v 0.0583 0.8905 0.7076
v 0.0478 0.9004 0.7054
v 0.0594 0.9003 0.7027
v 0.0658 0.8318 0.7357
v 0.0552 0.8416 0.7368
v 0.0653 0.8430 0.7309
v 0.0028 0.8282 0.7569
v 0.0053 0.8317 0.7521
v 0.0102 0.8219 0.7574
v -0.0261 0.9163 0.6944
v -0.0276 0.9333 0.6810
v -0.0099 0.9118 0.6973
v 0.0359 0.8798 0.7235
v 0.0378 0.8875 0.7181
v 0.0406 0.8807 0.7223
v -0.0084 0.8822 0.7188
v 0.0018 0.8874 0.7148
v 0.0096 0.8665 0.7277
v -0.0047 0.8308 0.7660
v 0.0020 0.8255 0.7615
v 0.0094 0.8156 0.7643
v 0.0534 0.8030 0.7503
v 0.0567 0.8240 0.7444
v 0.0619 0.8173 0.7437
v 0.1032 0.6919 0.7714
v 0.1079 0.6893 0.7634
v 0.1170 0.6733 0.7688
v 0.2437 0.5212 0.7835
v 0.2387 0.5260 0.7703
v 0.2585 0.5075 0.7657
v 0.3066 0.4654 0.7757
v 0.3135 0.4601 0.7618
v 0.3287 0.4483 0.7654
v 0.4152 0.3864 0.7771
v 0.4318 0.3790 0.7630
v 0.4316 0.3751 0.7738
v 0.2629 0.5064 0.8121
v 0.2845 0.4852 0.7872
v 0.2944 0.4772 0.8060
v 0.0975 0.6957 0.7957
v 0.1118 0.6776 0.7796
v 0.1406 0.6362 0.7825
v 0.0672 0.7424 0.7680
v 0.0761 0.7461 0.7529
v 0.0779 0.7321 0.7641
v 0.0604 0.7447 0.7983
v 0.0625 0.7459 0.7784
v 0.0750 0.7271 0.7868
v 0.1985 0.5714 0.8335
v 0.1885 0.5826 0.8247
v 0.2156 0.5535 0.8262
v 0.3082 0.4492 0.8433
v 0.2995 0.4655 0.8374
v 0.3259 0.4388 0.8325
v 0.1786 0.5920 0.8403
v 0.2117 0.5553 0.8425
v 0.0717 0.7254 0.8270
v 0.0468 0.7600 0.8065
v -0.0576 0.8807 0.7854
v -0.0423 0.8641 0.7892
v -0.0441 0.8622 0.7945
v -0.1092 0.9618 0.7020
v -0.1182 0.9741 0.6823
v -0.1058 0.9621 0.6890
v -0.1068 0.9416 0.7586
v -0.1152 0.9550 0.7489
v -0.1018 0.9434 0.7536
v -0.1061 0.9269 0.7681
v -0.1180 0.9375 0.7641
v -0.1163 0.9415 0.7620
v -0.1857 0.9642 0.7498
v -0.1965 0.9664 0.7438
v -0.1157 0.9305 0.7655
v -0.1255 0.9384 0.7646
v -0.1195 0.9197 0.7578
v -0.1157 0.9146 0.7580
v -0.1190 0.9115 0.7515
v -0.1065 0.8810 0.7486
v -0.1103 0.8880 0.7492
v -0.1078 0.8865 0.7465
v -0.0818 0.8481 0.7484
v -0.0766 0.8523 0.7445
v -0.0731 0.8503 0.7497
v -0.0717 0.8541 0.7867
v -0.0778 0.8618 0.7812
v -0.0760 0.8645 0.7862
v -0.0648 0.8442 0.7644
v -0.0662 0.8466 0.7595
v -0.0698 0.8527 0.7599
v -0.0401 0.8112 0.7664
v -0.0401 0.8113 0.7593
v -0.0446 0.8157 0.7656
v -0.0393 0.7989 0.7906
v -0.0504 0.8134 0.7910
v -0.0466 0.8066 0.7973
v -0.0570 0.8698 0.7952
v -0.0529 0.8702 0.7929
v -0.0411 0.8527 0.8024
v -0.1003 0.9041 0.7699
v -0.1044 0.9046 0.7630
v -0.1051 0.9123 0.7700
v -0.0903 0.8826 0.7511
v -0.0873 0.8788 0.7461
v -0.0955 0.8805 0.7432
v -0.0755 0.8817 0.7889
v -0.0830 0.8809 0.7847
v -0.0847 0.8876 0.7824
v -0.0956 0.8929 0.7709
v -0.0980 0.8940 0.7590
v -0.1000 0.8987 0.7643
v 0.0079 0.7748 0.8351
v -0.0104 0.8022 0.8244
v 0.0034 0.7914 0.8273
v -0.0344 0.7947 0.8149
v -0.0334 0.7860 0.8085
v -0.0385 0.7979 0.8105
v -0.0104 0.7660 0.7593
v -0.0167 0.7731 0.7575
v -0.0096 0.7715 0.7613
v -0.0244 0.7606 0.7607
v -0.0272 0.7641 0.7584
v -0.0197 0.7632 0.7578
v -0.0363 0.7779 0.7560
v -0.0315 0.7818 0.7513
v -0.0283 0.7704 0.7560
v -0.0733 0.8226 0.7591
v -0.0660 0.8198 0.7545
v -0.0606 0.8081 0.7555
v -0.0973 0.8380 0.7748
v -0.0888 0.8309 0.7695
v -0.0895 0.8198 0.7776
v -0.1245 0.9000 0.7640
v -0.1224 0.9033 0.7582
v -0.1208 0.8904 0.7657
v -0.1403 0.9075 0.7817
v -0.1303 0.8965 0.7762
v -0.1282 0.8827 0.7804
v -0.0659 0.7666 0.7836
v -0.0696 0.7793 0.7809
v -0.0571 0.7666 0.7804
v 0.0025 0.7157 0.7842
v 0.0027 0.7233 0.7782
v 0.0039 0.7176 0.7809
v 0.0203 0.7026 0.7904
v 0.0117 0.7085 0.7862
v 0.0213 0.7106 0.7895
v 0.0078 0.7389 0.7923
v 0.0061 0.7495 0.7809
v 0.0007 0.7498 0.7900
v 0.0029 0.7510 0.7738
v -0.0100 0.7411 0.7666
v -0.0032 0.7487 0.7647
v 0.0001 0.7387 0.8077
v -0.0079 0.7574 0.7949
v -0.0012 0.7382 0.8250
v 0.0104 0.7210 0.8208
v -0.0028 0.7408 0.8181
v 0.0426 0.6730 0.8206
v 0.0475 0.6672 0.8139
v 0.0440 0.6739 0.8143
v 0.0427 0.6548 0.8097
v 0.0402 0.6605 0.8069
v 0.0437 0.6638 0.8065
v -0.0102 0.6894 0.8038
v -0.0373 0.7153 0.7959
v -0.0272 0.7170 0.7941
v -0.1038 0.7566 0.7828
v -0.1077 0.7696 0.7822
v -0.0964 0.7598 0.7812
v -0.1224 0.8052 0.7940
v -0.1188 0.7918 0.7918
v -0.1222 0.7737 0.8014
v -0.1420 0.8373 0.8008
v -0.1386 0.8436 0.7978
v -0.1376 0.8251 0.8010
v -0.1436 0.7178 0.8119
v -0.1515 0.7570 0.8069
v -0.1421 0.7350 0.8117
v -0.1347 0.7680 0.8102
v -0.1412 0.7815 0.8092
v -0.1358 0.8013 0.8052
v -0.0890 0.7204 0.7766
v -0.0949 0.7212 0.7739
v -0.0970 0.7318 0.7746
v -0.0563 0.6992 0.7942
v -0.0650 0.7171 0.7905
v -0.0510 0.7077 0.7960
v -0.0936 0.6892 0.7563
v -0.0967 0.6868 0.7522
v -0.1000 0.6890 0.7568
v -0.1081 0.6570 0.7510
v -0.1016 0.6654 0.7423
v -0.1052 0.6573 0.7428
v -0.0994 0.6578 0.7337
v -0.0971 0.6553 0.7288
v -0.1041 0.6495 0.7344
v -0.0806 0.6260 0.7328
v -0.0822 0.6208 0.7260
v -0.0852 0.6271 0.7271
v -0.0951 0.6181 0.7206
v -0.0917 0.6265 0.7209
v -0.0873 0.6184 0.7211
v -0.0317 0.5435 0.7428
v -0.0319 0.5354 0.7353
v -0.0329 0.5403 0.7292
v -0.0641 0.5126 0.6311
v -0.0644 0.5143 0.6232
v -0.0574 0.5105 0.6276
v -0.0656 0.5263 0.6427
v -0.0584 0.5284 0.6309
v -0.0635 0.5163 0.6273
v -0.0543 0.5079 0.6663
v -0.0547 0.5081 0.6584
v -0.0417 0.5172 0.6793
v -0.0931 0.4923 0.6679
v -0.0907 0.4899 0.6505
v -0.0988 0.4836 0.6620
v -0.0913 0.4535 0.6340
v -0.0936 0.4527 0.6265
v -0.0895 0.4579 0.6274
v -0.0910 0.4723 0.6111
v -0.0921 0.4758 0.6174
v -0.0878 0.4793 0.6119
v -0.0781 0.4884 0.6421
v -0.0833 0.4835 0.6350
v -0.0557 0.5052 0.7159
v -0.0620 0.4976 0.6910
v -0.0578 0.5045 0.6880
v -0.0251 0.5481 0.7709
v -0.0247 0.5341 0.7663
v -0.0261 0.5457 0.7630
v -0.0210 0.5665 0.7989
v -0.0231 0.5807 0.8014
v -0.0114 0.5655 0.8112
v -0.0295 0.5664 0.7830
v -0.0441 0.5868 0.7719
v -0.0292 0.5793 0.7920
v 0.0054 0.6469 0.8205
v -0.0028 0.6665 0.8129
v 0.0122 0.6479 0.8203
v 0.0509 0.6544 0.8365
v 0.0550 0.6518 0.8301
v 0.0497 0.6604 0.8278
v 0.0584 0.6446 0.8354
v 0.0636 0.6367 0.8288
v 0.0601 0.6438 0.8294
v 0.0505 0.6393 0.8195
v 0.0556 0.6291 0.8217
v 0.0519 0.6304 0.8226
v 0.0337 0.5944 0.8401
v 0.0164 0.6145 0.8316
v 0.0297 0.6118 0.8348
v -0.0193 0.5948 0.8097
v -0.0066 0.5720 0.8177
v 0.0102 0.5564 0.8294
v 0.0036 0.5592 0.8261
v 0.0045 0.5705 0.8264
v 0.0450 0.5414 0.8469
v 0.0372 0.5521 0.8438
v 0.0452 0.5513 0.8487
v 0.0786 0.5013 0.8594
v 0.0751 0.5021 0.8575
v 0.0730 0.5076 0.8589
v 0.0248 0.5272 0.8493
v 0.0196 0.5334 0.8480
v 0.0268 0.5312 0.8429
v -0.0132 0.5425 0.8281
v -0.0132 0.5454 0.8199
v -0.0076 0.5455 0.8276
v -0.0282 0.5291 0.7652
v -0.0269 0.5293 0.7587
v -0.0645 0.4923 0.7507
v -0.0622 0.4973 0.7477
v -0.0630 0.4995 0.7571
v -0.0100 0.5418 0.8539
v -0.0095 0.5421 0.8403
v -0.0026 0.5436 0.8512
v 0.0350 0.5072 0.8605
v 0.0386 0.5130 0.8512
v 0.0449 0.5038 0.8551
v 0.0858 0.4780 0.8542
v 0.0816 0.4785 0.8515
v 0.0793 0.4884 0.8547
v 0.1416 0.5121 0.8574
v 0.1392 0.5134 0.8509
v 0.1344 0.5247 0.8552
v 0.1514 0.4959 0.8661
v 0.1515 0.4933 0.8576
v 0.1497 0.4981 0.8577
v 0.1502 0.4960 0.8509
v 0.1431 0.4948 0.8465
v 0.1464 0.4985 0.8458
v 0.1594 0.4585 0.8537
v 0.1675 0.4556 0.8533
v 0.1677 0.4486 0.8551
v 0.1319 0.4647 0.8572
v 0.1528 0.4532 0.8559
v 0.1473 0.4452 0.8580
v 0.0891 0.4472 0.8500
v 0.0898 0.4561 0.8490
v 0.0982 0.4490 0.8488
v 0.1203 0.4237 0.8439
v 0.1234 0.4233 0.8465
v 0.1223 0.4180 0.8432
v 0.1302 0.3962 0.8432
v 0.1288 0.4021 0.8440
v 0.1363 0.3946 0.8433
v 0.1433 0.4205 0.8571
v 0.1298 0.4411 0.8579
v 0.1495 0.4231 0.8588
v 0.1333 0.4488 0.8585
v 0.1561 0.4280 0.8589
v 0.1967 0.3874 0.8613
v 0.2007 0.3835 0.8591
v 0.1970 0.3784 0.8599
v 0.1982 0.3953 0.8637
v 0.1925 0.3965 0.8587
v 0.1984 0.4036 0.8653
v 0.1661 0.4398 0.8562
v 0.1746 0.4411 0.8589
v 0.1399 0.5437 0.8777
v 0.1323 0.5647 0.8777
v 0.1468 0.5468 0.8794
v 0.0407 0.7333 0.8470
v 0.0263 0.7481 0.8439
v 0.0280 0.7559 0.8401
v 0.0217 0.7205 0.8432
v 0.0241 0.7268 0.8458
v 0.0375 0.7105 0.8511
v 0.0190 0.7104 0.8332
v 0.0181 0.7091 0.8262
v 0.0103 0.7218 0.8275
v 0.0731 0.6218 0.8417
v 0.0691 0.6289 0.8374
v 0.0595 0.6417 0.8433
v 0.0887 0.5957 0.8345
v 0.0881 0.5979 0.8309
v 0.0872 0.6007 0.8416
v 0.0925 0.6356 0.8687
v 0.0768 0.6545 0.8652
v 0.0811 0.6590 0.8660
v 0.1071 0.5697 0.8512
v 0.1117 0.5635 0.8468
v 0.1093 0.5662 0.8438
v 0.0864 0.5724 0.8361
v 0.0888 0.5788 0.8328
v 0.0958 0.5634 0.8354
v 0.1137 0.5483 0.8372
v 0.1043 0.5554 0.8357
v 0.1127 0.5572 0.8378
v 0.1131 0.5244 0.8450
v 0.1191 0.5241 0.8426
v 0.1213 0.5186 0.8432
v 0.1258 0.5398 0.8552
v 0.1144 0.5580 0.8586
v 0.1271 0.5396 0.8628
v 0.1215 0.5405 0.8371
v 0.1206 0.5326 0.8391
v 0.1154 0.5428 0.8364
v 0.1062 0.5648 0.8371
v 0.1135 0.5638 0.8429
v 0.0911 0.5948 0.8446
v 0.0911 0.5864 0.8338
v 0.0669 0.6481 0.8577
v 0.0658 0.6590 0.8599
v 0.0769 0.6403 0.8633
v 0.0160 0.7870 0.8226
v 0.0145 0.7953 0.8136
v 0.0312 0.7719 0.8227
v 0.1124 0.6593 0.8546
v 0.1061 0.6735 0.8466
v 0.1139 0.6662 0.8459
v 0.2384 0.4997 0.8675
v 0.2379 0.5151 0.8595
v 0.2776 0.4715 0.8552
v 0.4479 0.3551 0.7802
v 0.4640 0.3519 0.7688
v 0.4506 0.3462 0.7842
v 0.2899 0.4330 0.8637
v 0.2794 0.4497 0.8637
v 0.3044 0.4309 0.8562
v 0.1662 0.5664 0.8749
v 0.1568 0.5846 0.8715
v 0.1786 0.5610 0.8713
v 0.1573 0.5473 0.8808
v 0.1388 0.5796 0.8776
v 0.1604 0.5552 0.8792
v 0.2584 0.3861 0.8847
v 0.2386 0.4405 0.8813
v 0.2633 0.4059 0.8802
v 0.2135 0.3859 0.8746
v 0.2041 0.4073 0.8747
v 0.2168 0.3892 0.8775
v 0.2292 0.3419 0.8647
v 0.2281 0.3328 0.8595
v 0.2249 0.3381 0.8593
v 0.2580 0.2960 0.8664
v 0.2529 0.2945 0.8596
v 0.2541 0.3029 0.8665
v 0.2212 0.3175 0.8605
v 0.2063 0.3372 0.8599
v 0.2142 0.3348 0.8603
v 0.1704 0.3654 0.8495
v 0.1679 0.3559 0.8435
v 0.1617 0.3729 0.8474
v 0.0827 0.4161 0.8581
v 0.0838 0.4249 0.8585
v 0.0960 0.4121 0.8547
v 0.0733 0.4712 0.8518
v 0.0758 0.4802 0.8512
v 0.0826 0.4727 0.8512
v 0.0388 0.4950 0.8677
v 0.0430 0.4928 0.8660
v -0.0286 0.5140 0.8654
v -0.0280 0.5342 0.8606
v -0.0174 0.5194 0.8660
v -0.0677 0.5131 0.8349
v -0.0650 0.5171 0.8277
v -0.0565 0.5188 0.8381
v -0.0722 0.4762 0.7418
v -0.0661 0.4856 0.7514
v -0.0694 0.4794 0.7530
v -0.1022 0.4491 0.6266
v -0.1096 0.4526 0.6221
v -0.1028 0.4507 0.6222
v -0.1191 0.4322 0.6514
v -0.1187 0.4408 0.6438
v -0.1126 0.4337 0.6422
v -0.1256 0.4323 0.6580
v -0.1243 0.4369 0.6581
v -0.1304 0.4359 0.6806
v -0.1322 0.4304 0.6804
v -0.1342 0.4321 0.6848
v -0.1314 0.4205 0.6746
v -0.1234 0.4207 0.6814
v -0.1274 0.4178 0.6814
v -0.1182 0.4233 0.7162
v -0.1167 0.4237 0.6893
v -0.1110 0.4308 0.7026
v -0.0884 0.4661 0.7841
v -0.0863 0.4645 0.7763
v -0.0816 0.4752 0.7849
v -0.1317 0.4079 0.7201
v -0.1412 0.4012 0.7121
v -0.1324 0.4086 0.7121
v -0.1488 0.4213 0.7209
v -0.1411 0.4277 0.7074
v -0.1453 0.4197 0.7078
v -0.1580 0.4022 0.7194
v -0.1574 0.4014 0.7117
v -0.1579 0.3941 0.7190
v -0.1065 0.4906 0.7180
v -0.0951 0.5006 0.6984
v -0.1061 0.4842 0.6995
v -0.0710 0.5182 0.6574
v -0.0681 0.5253 0.6526
v -0.0679 0.5177 0.6508
v -0.0493 0.5091 0.6281
v -0.0583 0.5113 0.6204
v -0.0493 0.5093 0.6201
v -0.0665 0.5355 0.6565
v -0.0654 0.5400 0.6585
v -0.0644 0.5388 0.6536
v -0.0867 0.5109 0.6904
v -0.0795 0.5161 0.6758
v -0.0879 0.5045 0.6834
v -0.0551 0.5572 0.6884
v -0.0567 0.5561 0.6821
v -0.0647 0.5563 0.6881
v -0.0408 0.5170 0.6703
v -0.0403 0.5177 0.6585
v -0.0389 0.5247 0.6699
v -0.0762 0.5647 0.7029
v -0.0676 0.5708 0.6980
v -0.0709 0.5656 0.6968
v -0.0870 0.5989 0.7137
v -0.0865 0.5928 0.7141
v -0.0894 0.5949 0.7174
v -0.1027 0.6170 0.7343
v -0.1005 0.6091 0.7346
v -0.1001 0.6000 0.7505
v -0.1008 0.5872 0.7746
v -0.0996 0.5906 0.7637
v -0.0966 0.5832 0.7507
v -0.0913 0.5668 0.7389
v -0.0861 0.5658 0.7232
v -0.0867 0.5563 0.7273
v -0.1309 0.5069 0.7765
v -0.1219 0.5113 0.7706
v -0.1325 0.4910 0.7703
v -0.1129 0.5808 0.7971
v -0.1073 0.5765 0.7927
v -0.1093 0.5622 0.7900
v -0.1219 0.5467 0.7870
v -0.1101 0.5477 0.7819
v -0.1202 0.5360 0.7817
v -0.1667 0.5083 0.7983
v -0.1595 0.5355 0.8014
v -0.1522 0.5313 0.7977
v -0.1253 0.6097 0.8058
v -0.1212 0.6242 0.8067
v -0.1167 0.6086 0.8024
v -0.0948 0.7042 0.7643
v -0.0968 0.7015 0.7596
v -0.0996 0.7041 0.7647
v -0.1139 0.6599 0.7988
v -0.1117 0.6852 0.7933
v -0.1109 0.6665 0.7911
v -0.1397 0.6638 0.8117
v -0.1427 0.6449 0.8097
v -0.1451 0.6598 0.8081
v -0.1783 0.5409 0.8010
v -0.1809 0.5524 0.7982
v -0.1757 0.5474 0.8009
v -0.1828 0.4744 0.7970
v -0.1801 0.4961 0.7984
v -0.1711 0.4856 0.7965
v -0.2193 0.4635 0.7906
v -0.2237 0.4658 0.7857
v -0.2125 0.4839 0.7908
v -0.2562 0.3997 0.7847
v -0.2576 0.4042 0.7825
v -0.2466 0.4139 0.7872
v -0.2233 0.4188 0.7973
v -0.2237 0.4340 0.7949
v -0.2094 0.4472 0.7980
v -0.2345 0.3675 0.8000
v -0.2340 0.3788 0.8000
v -0.2277 0.3727 0.7980
v -0.1691 0.3944 0.7358
v -0.1663 0.3950 0.7269
v -0.1722 0.3877 0.7341
v -0.1519 0.3836 0.7277
v -0.1568 0.3797 0.7197
v -0.1560 0.3863 0.7192
v -0.1318 0.4060 0.7586
v -0.1314 0.4076 0.7422
v -0.1231 0.4161 0.7616
v -0.0827 0.4779 0.8006
v -0.0774 0.4857 0.7928
v -0.0722 0.5056 0.8370
v -0.0687 0.5080 0.8397
v -0.0657 0.5051 0.8547
v -0.0686 0.4861 0.8574
v -0.0709 0.4941 0.8496
v -0.0647 0.4940 0.8591
v -0.0878 0.4692 0.8506
v -0.0849 0.4739 0.8411
v -0.0797 0.4774 0.8515
v -0.1027 0.4322 0.8581
v -0.0912 0.4430 0.8623
v -0.0889 0.4335 0.8627
v -0.1055 0.4410 0.8496
v -0.1173 0.4287 0.8433
v -0.1022 0.4487 0.8458
v -0.1470 0.3888 0.7653
v -0.1423 0.3945 0.7504
v -0.1360 0.4014 0.7662
v -0.1807 0.3706 0.7346
v -0.1787 0.3701 0.7271
v -0.1833 0.3664 0.7335
v -0.1959 0.3604 0.7548
v -0.1957 0.3554 0.7497
v -0.1992 0.3534 0.7553
v -0.1734 0.3595 0.7505
v -0.1775 0.3595 0.7398
v -0.1724 0.3640 0.7350
v -0.1677 0.3747 0.7900
v -0.1622 0.3799 0.7886
v -0.1548 0.3898 0.7951
v -0.1864 0.3449 0.7586
v -0.1964 0.3480 0.7507
v -0.1888 0.3485 0.7500
v -0.1941 0.3318 0.7752
v -0.1983 0.3280 0.7660
v -0.1941 0.3315 0.7662
v -0.2105 0.3166 0.7659
v -0.2151 0.3129 0.7659
v -0.2191 0.3172 0.7599
v -0.2472 0.3072 0.7849
v -0.2329 0.3088 0.7651
v -0.2397 0.3048 0.7697
v -0.2388 0.2837 0.7742
v -0.2435 0.2794 0.7716
v -0.2405 0.2854 0.7685
v -0.2580 0.2862 0.7754
v -0.2521 0.2892 0.7726
v -0.2528 0.2837 0.7716
v -0.2730 0.2649 0.7803
v -0.2677 0.2679 0.7781
v -0.2644 0.2619 0.7754
v -0.2888 0.2474 0.7809
v -0.2814 0.2487 0.7763
v -0.2863 0.2462 0.7761
v -0.2959 0.2716 0.7973
v -0.2895 0.2724 0.7980
v -0.2968 0.2604 0.7949
v -0.2827 0.3244 0.7806
v -0.2868 0.3248 0.7711
v -0.2797 0.3372 0.7774
v -0.2493 0.3713 0.7973
v -0.2462 0.3818 0.7960
v -0.2408 0.3739 0.7995
v -0.2773 0.3184 0.7921
v -0.2827 0.3178 0.7867
v -0.2762 0.3307 0.7860
v -0.2773 0.2853 0.7978
v -0.2713 0.2920 0.7953
v -0.2740 0.2835 0.7933
v -0.2941 0.2972 0.7676
v -0.2915 0.3114 0.7658
v -0.2907 0.3083 0.7756
v -0.3127 0.2624 0.7817
v -0.3069 0.2679 0.7813
v -0.3076 0.2687 0.7877
v -0.2822 0.2803 0.7984
v -0.2758 0.2747 0.7888
v -0.2854 0.2665 0.7911
v -0.2666 0.2545 0.8062
v -0.2685 0.2522 0.7951
v -0.2592 0.2633 0.7915
v -0.2255 0.3012 0.7826
v -0.2260 0.3014 0.7744
v -0.2222 0.3053 0.7745
v -0.1838 0.3455 0.7755
v -0.1841 0.3490 0.7838
v -0.1908 0.3394 0.7813
v -0.1412 0.3993 0.8417
v -0.1345 0.4098 0.8360
v -0.1347 0.4079 0.8420
v -0.1458 0.3868 0.8473
v -0.1495 0.3879 0.8448
v -0.1414 0.3953 0.8464
v -0.2064 0.2864 0.8450
v -0.2252 0.2929 0.8439
v -0.2064 0.3027 0.8445
v -0.2068 0.3236 0.7980
v -0.1987 0.3333 0.7918
v -0.1960 0.3369 0.8027
v -0.2383 0.2835 0.8397
v -0.2404 0.2832 0.8360
v -0.2356 0.2887 0.8396
v -0.2992 0.2139 0.7745
v -0.3041 0.2103 0.7671
v -0.3272 0.1975 0.7490
v -0.3262 0.1921 0.7446
v -0.3318 0.1972 0.7485
v -0.3276 0.1767 0.7549
v -0.3290 0.1742 0.7432
v -0.3225 0.1829 0.7510
v -0.3269 0.2197 0.7700
v -0.3257 0.2092 0.7586
v -0.3312 0.2047 0.7556
v -0.3409 0.1690 0.8001
v -0.3487 0.1614 0.7859
v -0.3412 0.1673 0.7831
v -0.3575 0.1570 0.7979
v -0.3602 0.1559 0.7845
v -0.3560 0.1570 0.7859
v -0.2972 0.1948 0.8409
v -0.3021 0.2004 0.8392
v -0.2935 0.2040 0.8406
v -0.3590 0.1558 0.8296
v -0.3503 0.1611 0.8276
v -0.3476 0.1611 0.8342
v -0.4009 0.1083 0.7991
v -0.4062 0.0979 0.7902
v -0.3996 0.1072 0.7861
v -0.4414 0.0543 0.7899
v -0.4379 0.0577 0.7892
v -0.4330 0.0633 0.7984
v -0.3934 0.1140 0.8331
v -0.3999 0.1087 0.8215
v -0.3935 0.1208 0.8257
v -0.3819 0.1394 0.8305
v -0.3716 0.1459 0.8267
v -0.3685 0.1456 0.8346
v -0.2916 0.1344 0.8422
v -0.2955 0.1236 0.8418
v -0.3085 0.1244 0.8429
v -0.2960 0.0986 0.8308
v -0.2925 0.1021 0.8184
v -0.2947 0.0917 0.8171
v -0.3187 0.0635 0.8373
v -0.3178 0.0621 0.8253
v -0.3222 0.0590 0.8324
v -0.3266 0.0516 0.8054
v -0.3119 0.0660 0.7918
v -0.3252 0.0546 0.7895
v -0.3572 0.0149 0.7974
v -0.3515 0.0235 0.7876
v -0.3571 0.0146 0.7828
v -0.3618 0.0118 0.8161
v -0.3680 0.0053 0.8073
v -0.4209 0.0458 0.7747
v -0.4102 0.0435 0.7683
v -0.4174 0.0490 0.7695
v -0.4131 0.0587 0.6487
v -0.4147 0.0625 0.6316
v -0.4151 0.0625 0.6567
v -0.4146 0.0701 0.7305
v -0.4124 0.0721 0.7076
v -0.4108 0.0782 0.7338
v -0.4188 0.0553 0.7661
v -0.4247 0.0487 0.7740
v -0.4434 0.0379 0.7967
v -0.4438 0.0417 0.7921
v -0.4457 0.0407 0.7983
v -0.4449 0.0452 0.8509
v -0.4498 0.0363 0.8313
v -0.4457 0.0447 0.8251
v -0.4005 0.0950 0.8501
v -0.4012 0.0988 0.8423
v -0.3897 0.1086 0.8478
v -0.4167 0.0753 0.8543
v -0.4136 0.0800 0.8533
v -0.4129 0.0733 0.8554
v -0.4347 0.0240 0.8495
v -0.4147 0.0143 0.8377
v -0.4454 0.0299 0.8442
v -0.4155 0.0254 0.8600
v -0.4054 0.0353 0.8601
v -0.3959 0.0186 0.8598
v -0.3644 0.1234 0.8561
v -0.3690 0.1283 0.8530
v -0.3644 0.1303 0.8537
v -0.3354 0.1149 0.8576
v -0.3321 0.1197 0.8541
v -0.3239 0.1090 0.8557
v -0.3039 0.1081 0.8468
v -0.3128 0.1148 0.8473
v -0.3072 0.1136 0.8442
v -0.3097 0.0755 0.8436
v -0.3014 0.0792 0.8337
v -0.3051 0.0742 0.8337
v -0.3125 0.1003 0.8564
v -0.3138 0.1063 0.8546
v -0.3018 0.0977 0.8527
v -0.3488 0.0568 0.8583
v -0.3274 0.0782 0.8577
v -0.3386 0.0564 0.8564
v -0.3442 0.0324 0.8136
v -0.3357 0.0428 0.7946
v -0.3456 0.0307 0.7973
v -0.3708 0.0066 0.8554
v -0.3721 0.0040 0.8507
v -0.3751 0.0038 0.8549
v -0.3728 0.0025 0.8414
v -0.3772 0.0000 0.8506
v -0.3947 0.0042 0.8569
v -0.3915 0.0007 0.8548
v -0.3960 0.0032 0.8508
v -0.3714 0.1126 0.8553
v -0.3751 0.1189 0.8535
v -0.4370 0.0381 0.7879
v -0.4148 0.0583 0.7230
v -0.4161 0.0625 0.6992
v -0.4171 0.0628 0.7339
v -0.4289 0.0308 0.7931
v -0.4255 0.0326 0.7868
v -0.3522 0.0243 0.7792
v -0.3022 0.0697 0.8017
v -0.3073 0.0680 0.7992
v -0.3170 0.0604 0.8084
v -0.3163 0.0616 0.8140
v -0.2662 0.1361 0.7953
v -0.2721 0.1294 0.7847
v -0.2755 0.1237 0.7899
v -0.2295 0.1797 0.8017
v -0.2350 0.1735 0.7902
v -0.2480 0.1581 0.7899
v -0.1681 0.2526 0.7970
v -0.1620 0.2605 0.7849
v -0.1686 0.2536 0.7853
v -0.1170 0.3146 0.7904
v -0.1230 0.3121 0.7838
v -0.1268 0.3039 0.7897
v -0.1313 0.3147 0.7688
v -0.1281 0.3207 0.7618
v -0.1362 0.3114 0.7667
v -0.0917 0.3508 0.7847
v -0.0982 0.3507 0.7778
v -0.1014 0.3362 0.7871
v -0.0553 0.3885 0.7908
v -0.0602 0.3876 0.7867
v -0.0622 0.3809 0.7921
v -0.0294 0.4368 0.7677
v -0.0257 0.4409 0.7548
v -0.0342 0.4336 0.7666
v 0.0263 0.4122 0.7066
v 0.0146 0.4254 0.6977
v 0.0057 0.4395 0.7059
v 0.0554 0.3733 0.7772
v 0.0607 0.3725 0.7663
v 0.0523 0.3799 0.7760
v 0.0619 0.3554 0.7845
v 0.0564 0.3642 0.7835
v 0.0510 0.3656 0.7899
v 0.0302 0.4032 0.7823
v 0.0276 0.4083 0.7814
v 0.0210 0.4055 0.7874
v -0.0034 0.4495 0.7416
v 0.0069 0.4415 0.7242
v -0.0040 0.4490 0.7046
v -0.0019 0.4428 0.7821
v 0.0009 0.4455 0.7749
v -0.0080 0.4476 0.7801
v -0.0021 0.4273 0.7921
v -0.0052 0.4308 0.7893
v -0.0124 0.4282 0.7921
v -0.0105 0.4273 0.8265
v -0.0104 0.4274 0.7981
v -0.0183 0.4252 0.8401
v -0.0899 0.3564 0.8514
v -0.0917 0.3507 0.8477
v -0.0961 0.3536 0.8511
v -0.0425 0.4071 0.8614
v -0.0375 0.4075 0.8576
v -0.0446 0.4014 0.8564
v 0.0015 0.4226 0.8584
v 0.0076 0.4161 0.8433
v -0.0019 0.4264 0.8402
v 0.1161 0.2967 0.7697
v 0.1120 0.3075 0.7586
v 0.1091 0.3055 0.7692
v 0.0627 0.3471 0.8072
v 0.0670 0.3431 0.7951
v 0.0520 0.3615 0.7975
v 0.1386 0.2753 0.7572
v 0.1307 0.2835 0.7411
v 0.1292 0.2834 0.7593
v 0.1513 0.2620 0.7632
v 0.1487 0.2645 0.7609
v 0.1464 0.2650 0.7654
v 0.1873 0.2168 0.6965
v 0.1937 0.2084 0.6871
v 0.1865 0.2151 0.6876
v 0.1793 0.2257 0.7610
v 0.1830 0.2231 0.7499
v 0.1755 0.2325 0.7596
v 0.1295 0.2634 0.7891
v 0.1345 0.2601 0.7790
v 0.1265 0.2709 0.7810
v 0.1690 0.2338 0.7678
v 0.1671 0.2398 0.7661
v 0.1626 0.2345 0.7732
v 0.2104 0.1881 0.7587
v 0.2047 0.1960 0.7517
v 0.2033 0.1958 0.7609
v 0.2152 0.1854 0.7064
v 0.2226 0.1759 0.6822
v 0.2166 0.1846 0.6771
v 0.2728 0.0993 0.7503
v 0.2725 0.0987 0.7411
v 0.2746 0.1010 0.7437
v 0.2799 0.0730 0.7698
v 0.2832 0.0733 0.7590
v 0.2770 0.0807 0.7682
v 0.2796 0.0647 0.7786
v 0.2757 0.0723 0.7774
v 0.2698 0.0710 0.7872
v 0.3281 0.0287 0.6570
v 0.3220 0.0269 0.6549
v 0.3216 0.0260 0.6991
v 0.3773 0.0536 0.7592
v 0.3658 0.0480 0.7383
v 0.3572 0.0428 0.7519
v 0.3379 0.0254 0.7777
v 0.3392 0.0299 0.7701
v 0.3301 0.0240 0.7752
v 0.3671 0.0303 0.7926
v 0.3642 0.0339 0.7840
v 0.3480 0.0194 0.7944
v 0.3046 0.0222 0.7884
v 0.3039 0.0266 0.7834
v 0.3001 0.0294 0.7869
v 0.3307 0.0299 0.7540
v 0.3452 0.0370 0.7381
v 0.3282 0.0284 0.7339
v 0.2890 0.0413 0.8037
v 0.2808 0.0540 0.7950
v 0.2812 0.0520 0.8123
v 0.2741 0.0602 0.8198
v 0.2676 0.0668 0.8277
v 0.2742 0.0617 0.8309
v 0.2524 0.0824 0.8318
v 0.2516 0.0862 0.8281
v 0.2531 0.1000 0.8428
v 0.2696 0.1103 0.7607
v 0.2607 0.1252 0.7591
v 0.2528 0.1285 0.7643
v 0.2215 0.1708 0.7663
v 0.2229 0.1738 0.7592
v 0.2162 0.1732 0.7679
v 0.1810 0.2007 0.7839
v 0.1904 0.1973 0.7746
v 0.1823 0.2001 0.7799
v 0.2160 0.1548 0.7991
v 0.1966 0.1793 0.7908
v 0.1865 0.1919 0.8050
v 0.2463 0.1386 0.7633
v 0.2392 0.1402 0.7700
v 0.2453 0.1214 0.8209
v 0.2081 0.1659 0.8165
v 0.2300 0.1448 0.8383
v 0.2175 0.1571 0.8341
v 0.2205 0.1540 0.8381
v 0.1125 0.2848 0.8393
v 0.1050 0.2932 0.8263
v 0.1013 0.2992 0.8366
v 0.1172 0.2850 0.8443
v 0.1062 0.2954 0.8410
v 0.1020 0.3032 0.8442
v 0.1683 0.2256 0.8422
v 0.1748 0.2085 0.8376
v 0.1697 0.2181 0.8391
v 0.2071 0.2609 0.8451
v 0.1740 0.2950 0.8473
v 0.1953 0.2871 0.8445
v 0.2282 0.2771 0.8439
v 0.2315 0.2775 0.8478
v 0.2281 0.2717 0.8431
v 0.1870 0.3297 0.8457
v 0.1794 0.3327 0.8431
v 0.1853 0.3417 0.8480
v 0.1780 0.3451 0.8454
v 0.1740 0.3395 0.8438
v 0.1725 0.3485 0.8432
v 0.2178 0.2994 0.8491
v 0.2102 0.3166 0.8535
v 0.2280 0.3007 0.8584
v 0.2973 0.1764 0.8435
v 0.2867 0.1971 0.8439
v 0.3029 0.1863 0.8434
v 0.3290 0.2172 0.8430
v 0.3325 0.2274 0.8445
v 0.3355 0.2174 0.8428
v 0.2927 0.2030 0.8456
v 0.2907 0.2144 0.8486
v 0.2999 0.2032 0.8480
v 0.2997 0.2146 0.8528
v 0.2912 0.2277 0.8528
v 0.2992 0.2246 0.8557
v 0.3391 0.2145 0.8594
v 0.3445 0.2151 0.8542
v 0.3370 0.2162 0.8507
v 0.3610 0.2265 0.8435
v 0.3592 0.2325 0.8484
v 0.3678 0.2236 0.8432
v 0.3442 0.2153 0.8595
v 0.3522 0.2178 0.8539
v 0.3094 0.2030 0.8673
v 0.3102 0.2027 0.8618
v 0.3043 0.2116 0.8667
v 0.3274 0.2361 0.8896
v 0.3213 0.2503 0.8880
v 0.3331 0.2377 0.8901
v 0.3123 0.3193 0.8792
v 0.3060 0.3900 0.8657
v 0.3198 0.3437 0.8694
v 0.4093 0.2558 0.8480
v 0.4124 0.2779 0.8273
v 0.4202 0.2755 0.8253
v 0.4600 0.2478 0.8145
v 0.4693 0.2547 0.8045
v 0.4522 0.2522 0.8109
v 0.3915 0.2474 0.8355
v 0.3983 0.2473 0.8342
v 0.3915 0.2511 0.8309
v 0.3751 0.2173 0.8679
v 0.3756 0.2262 0.8615
v 0.3662 0.2187 0.8652
v 0.3831 0.2083 0.8753
v 0.3896 0.2161 0.8676
v 0.3834 0.2175 0.8680
v 0.3921 0.1720 0.8617
v 0.4015 0.1711 0.8590
v 0.3955 0.1735 0.8590
v 0.3765 0.1940 0.8725
v 0.3695 0.2015 0.8718
v 0.3672 0.1911 0.8703
v 0.3235 0.1824 0.8789
v 0.3220 0.1770 0.8705
v 0.3153 0.1970 0.8774
v 0.3371 0.1474 0.8597
v 0.3406 0.1432 0.8565
v 0.3452 0.1486 0.8610
v 0.3373 0.1589 0.8366
v 0.3432 0.1627 0.8349
v 0.3435 0.1530 0.8355
v 0.4041 0.1416 0.8228
v 0.4115 0.1503 0.8196
v 0.4151 0.1387 0.8116
v 0.3876 0.1625 0.8339
v 0.3972 0.1412 0.8261
v 0.3850 0.1512 0.8311
v 0.4176 0.1643 0.8228
v 0.4200 0.1576 0.8156
v 0.4126 0.1583 0.8223
v 0.3479 0.1258 0.8477
v 0.3486 0.1322 0.8404
v 0.3515 0.1246 0.8427
v 0.3687 0.1180 0.8117
v 0.3687 0.1116 0.8006
v 0.3666 0.1085 0.8198
v 0.3717 0.1009 0.7685
v 0.3719 0.1097 0.7695
v 0.3679 0.1027 0.7652
v 0.3780 0.0710 0.6905
v 0.3779 0.0702 0.6511
v 0.3813 0.0629 0.6519
v 0.3802 0.0616 0.7607
v 0.3799 0.0683 0.7475
v 0.3816 0.0626 0.7397
v 0.3827 0.0853 0.7806
v 0.3757 0.0924 0.7709
v 0.3795 0.0840 0.7746
v 0.3714 0.1084 0.7976
v 0.3723 0.1038 0.8058
v 0.3802 0.0545 0.8131
v 0.3804 0.0545 0.8017
v 0.3818 0.0503 0.8253
v 0.3761 0.0316 0.7990
v 0.3833 0.0379 0.7940
v 0.3793 0.0378 0.7908
v 0.3072 0.0157 0.8377
v 0.3048 0.0200 0.8507
v 0.2648 0.0844 0.8541
v 0.2623 0.0924 0.8534
v 0.2712 0.0847 0.8558
v 0.2722 0.1482 0.8453
v 0.2819 0.1583 0.8453
v 0.2867 0.1459 0.8461
v 0.2834 0.1081 0.8573
v 0.2724 0.1121 0.8527
v 0.2838 0.1147 0.8555
v 0.3053 0.0208 0.8614
v 0.3012 0.0283 0.8580
v 0.3190 0.0900 0.8587
v 0.3371 0.1203 0.8552
v 0.3454 0.0897 0.8578
v 0.3194 0.1490 0.8473
v 0.3270 0.1485 0.8460
v 0.3291 0.1432 0.8505
v 0.3358 0.1534 0.8764
v 0.3336 0.1499 0.8666
v 0.3295 0.1588 0.8672
v 0.3510 0.1514 0.8751
v 0.3539 0.1613 0.8807
v 0.3591 0.1641 0.8811
v 0.4037 0.1797 0.8706
v 0.4036 0.1867 0.8725
v 0.4075 0.1819 0.8692
v 0.4392 0.2163 0.8396
v 0.4446 0.2238 0.8344
v 0.4368 0.2235 0.8397
v 0.3941 0.1950 0.8797
v 0.3923 0.1914 0.8762
v 0.3934 0.1887 0.8810
v 0.4342 0.2101 0.8452
v 0.4368 0.2024 0.8444
v 0.4398 0.2095 0.8398
v 0.4748 0.2545 0.8100
v 0.4786 0.2570 0.8025
v 0.4670 0.2494 0.8139
v 0.4337 0.2187 0.8630
v 0.4378 0.2210 0.8574
v 0.4368 0.2101 0.8631
v 0.4035 0.2063 0.8891
v 0.4149 0.2099 0.8821
v 0.4173 0.1986 0.8842
v 0.4198 0.1984 0.8804
v 0.4133 0.1960 0.8816
v 0.3783 0.1979 0.8977
v 0.3675 0.2015 0.8998
v 0.3730 0.2043 0.8975
v 0.3941 0.1817 0.8778
v 0.3949 0.1860 0.8781
v 0.3329 0.1685 0.8836
v 0.3391 0.1741 0.8847
v 0.3354 0.1611 0.8825
v 0.3185 0.2023 0.8846
v 0.3232 0.2129 0.8873
v 0.3336 0.2023 0.8922
v 0.3478 0.1605 0.8828
v 0.3450 0.1480 0.8743
v 0.3518 0.2428 0.8863
v 0.3658 0.2418 0.8815
v 0.3633 0.2321 0.8897
v 0.3523 0.2898 0.8634
v 0.3700 0.2828 0.8521
v 0.3570 0.2803 0.8635
v 0.3922 0.2804 0.8366
v 0.3982 0.2834 0.8339
v 0.4048 0.2763 0.8339
v 0.4417 0.2089 0.8466
v 0.4429 0.2059 0.8385
v 0.4321 0.2015 0.8599
v 0.3982 0.1945 0.8820
v 0.3952 0.1987 0.8807
v 0.4056 0.1831 0.8639
v 0.4053 0.1774 0.8614
v 0.3668 0.1632 0.8746
v 0.3736 0.1663 0.8691
v 0.3669 0.1650 0.8698
v 0.3148 0.1189 0.8558
v 0.3136 0.1290 0.8540
v 0.3260 0.1296 0.8545
v 0.3685 0.0873 0.8536
v 0.3731 0.0852 0.8454
v 0.3719 0.0792 0.8536
v 0.3798 0.0339 0.8550
v 0.3829 0.0434 0.8546
v 0.3828 0.0357 0.8507
v 0.3131 0.0067 0.8609
v 0.3218 0.0015 0.8595
v 0.3186 0.0009 0.8561
v 0.3514 0.0178 0.8618
v 0.3592 0.0320 0.8629
v 0.3624 0.0221 0.8598
v 0.3768 0.0383 0.8585
v 0.3289 0.0096 0.8639
v 0.3366 0.0168 0.8646
v 0.3372 0.0072 0.8608
v 0.2768 0.1214 0.8490
v 0.2842 0.1232 0.8500
v 0.2136 0.1732 0.8415
v 0.1932 0.1888 0.8382
v 0.1962 0.1985 0.8432
v 0.2614 0.1006 0.8547
v 0.2620 0.1064 0.8531
v 0.2682 0.1007 0.8565
v 0.3782 0.0298 0.8176
v 0.3806 0.0704 0.7783
v 0.3796 0.0777 0.7713
v 0.3798 0.0697 0.7663
v 0.3864 0.1242 0.8087
v 0.3825 0.1221 0.8028
v 0.3747 0.1234 0.8090
v 0.3523 0.1304 0.8371
v 0.3501 0.1393 0.8346
v 0.3564 0.1328 0.8326
v 0.3512 0.1445 0.8665
v 0.3494 0.1431 0.8623
v 0.3451 0.1431 0.8659
v 0.3233 0.1719 0.8613
v 0.3218 0.1786 0.8591
v 0.3202 0.1750 0.8626
v 0.4034 0.1859 0.8671
v 0.4057 0.1937 0.8747
v 0.3982 0.1891 0.8736
v 0.4221 0.2370 0.8380
v 0.4058 0.2381 0.8425
v 0.3977 0.2073 0.8741
v 0.4596 0.2617 0.8180
v 0.4655 0.2747 0.8043
v 0.4656 0.2604 0.8167
v 0.4710 0.3383 0.7708
v 0.4758 0.3437 0.7631
v 0.4846 0.3355 0.7605
v 0.4782 0.3136 0.7763
v 0.4824 0.3254 0.7683
v 0.4239 0.3006 0.8142
v 0.4288 0.2940 0.8115
v 0.4194 0.2853 0.8192
v 0.3901 0.2857 0.8378
v 0.2336 0.3648 0.8833
v 0.2297 0.3757 0.8820
v 0.2390 0.3690 0.8857
v 0.2459 0.3424 0.8828
v 0.2399 0.3431 0.8778
v 0.2564 0.2692 0.8555
v 0.2612 0.2735 0.8584
v 0.2692 0.2641 0.8579
v 0.2763 0.2559 0.8574
v 0.2806 0.2535 0.8562
v 0.2751 0.2504 0.8533
v 0.2934 0.2540 0.8775
v 0.2975 0.2346 0.8720
v 0.2857 0.2521 0.8691
v 0.2120 0.3234 0.8583
v 0.2917 0.2683 0.8819
v 0.2829 0.2877 0.8844
v 0.2982 0.2696 0.8852
v 0.3526 0.2017 0.9000
v 0.3355 0.2188 0.8930
v 0.3435 0.2225 0.8937
v 0.3589 0.2157 0.8635
v 0.3594 0.2249 0.8600
v 0.3516 0.2169 0.8598
v 0.3515 0.2115 0.8490
v 0.2965 0.2328 0.8561
v 0.3218 0.2095 0.8516
v 0.3239 0.2099 0.8432
v 0.3188 0.2061 0.8493
v 0.3085 0.1633 0.8432
v 0.3108 0.1759 0.8425
v 0.3195 0.1641 0.8417
v 0.1936 0.3466 0.8586
v 0.1901 0.3208 0.8442
v 0.1830 0.3247 0.8440
v 0.0693 0.4363 0.8652
v 0.0714 0.4240 0.8613
v 0.0495 0.4503 0.8739
v 0.0346 0.4452 0.8720
v 0.0409 0.4549 0.8739
v 0.0174 0.4093 0.8563
v 0.0241 0.4000 0.8508
v 0.0162 0.4085 0.8518
v 0.0489 0.3761 0.8531
v 0.0409 0.3851 0.8539
v 0.0442 0.3897 0.8568
v 0.1293 0.3120 0.8501
v 0.0900 0.3506 0.8534
v 0.1038 0.3531 0.8533
v 0.0570 0.3622 0.8501
v 0.0645 0.3496 0.8467
v 0.0585 0.3544 0.8462
v -0.0153 0.4423 0.8663
v -0.0102 0.4429 0.8665
v -0.0099 0.4352 0.8650
v -0.0497 0.4525 0.8724
v -0.0362 0.4618 0.8696
v -0.0352 0.4435 0.8697
v -0.0992 0.4015 0.8575
v -0.0928 0.3825 0.8562
v -0.1100 0.3770 0.8551
v -0.0886 0.3484 0.8339
v -0.1076 0.3254 0.8278
v -0.1020 0.3337 0.8369
v -0.0756 0.3622 0.8193
v -0.1007 0.3338 0.8032
v -0.1213 0.3085 0.8133
v -0.0615 0.3792 0.8281
v -0.0605 0.3811 0.8077
v -0.1580 0.2664 0.8352
v -0.1713 0.2494 0.8292
v -0.1674 0.2557 0.8363
v -0.1800 0.2396 0.8378
v -0.1897 0.2279 0.8291
v -0.2748 0.1339 0.8397
v -0.2703 0.1375 0.8386
v -0.2725 0.1339 0.8339
v -0.2795 0.1949 0.8431
v -0.2578 0.2317 0.8431
v -0.2312 0.2319 0.8438
v -0.2704 0.2384 0.8407
v -0.2659 0.2498 0.8385
v -0.2616 0.2470 0.8412
v -0.2630 0.2386 0.8422
v -0.1641 0.2952 0.8473
v -0.1505 0.3003 0.8473
v -0.1587 0.2725 0.8446
v -0.1396 0.3178 0.8492
v -0.1280 0.3181 0.8480
v -0.1424 0.2990 0.8467
v -0.1711 0.2672 0.8450
v -0.1804 0.2898 0.8464
v -0.2072 0.2130 0.8391
v -0.2037 0.2131 0.8344
v -0.2166 0.1990 0.8386
v -0.2240 0.2049 0.8427
v -0.2182 0.2065 0.8424
v -0.2304 0.1912 0.8422
v -0.2074 0.2178 0.8415
v -0.1945 0.2311 0.8427
v -0.1938 0.2254 0.8388
v -0.1200 0.3188 0.8467
v -0.1141 0.3241 0.8452
v -0.1205 0.3155 0.8436
v -0.0420 0.4149 0.8677
v -0.0420 0.4259 0.8713
v -0.0253 0.4276 0.8672
v -0.0052 0.4374 0.8661
v 0.0604 0.3862 0.8572
v 0.0626 0.4043 0.8593
v 0.0812 0.3820 0.8561
v 0.2130 0.1848 0.8437
v 0.1858 0.2247 0.8452
v 0.0678 0.3509 0.8515
v 0.0705 0.3425 0.8469
v 0.2463 0.1347 0.8422
v 0.2471 0.1242 0.8389
v 0.2390 0.1341 0.8399
v 0.2215 0.1630 0.7708
v 0.2290 0.1621 0.7657
v 0.2250 0.1649 0.7659
v 0.2531 0.0974 0.8181
v 0.2531 0.1019 0.8326
v 0.2671 0.0664 0.8203
v 0.2722 0.0623 0.8078
v 0.2643 0.0688 0.8149
v 0.3139 0.0085 0.8006
v 0.3116 0.0146 0.7932
v 0.3077 0.0177 0.7955
v 0.3224 0.0269 0.7653
v 0.3218 0.0282 0.7518
v 0.3159 0.0298 0.6814
v 0.3182 0.0296 0.6448
v 0.2758 0.0782 0.7743
v 0.2668 0.0795 0.7818
v 0.2721 0.0956 0.7477
v 0.2679 0.0973 0.7258
v 0.2142 0.1808 0.7658
v 0.2181 0.1791 0.7583
v 0.2129 0.1852 0.7639
v 0.1498 0.2408 0.7793
v 0.1540 0.2496 0.7697
v 0.1462 0.2500 0.7761
v 0.1522 0.2578 0.7655
v 0.1540 0.2578 0.7568
v 0.0888 0.3159 0.7860
v 0.0878 0.3199 0.7837
v 0.0796 0.3266 0.7927
v -0.0489 0.4142 0.8682
v -0.0500 0.4045 0.8607
v -0.0281 0.4153 0.8511
v -0.0400 0.4041 0.8471
v -0.0188 0.4435 0.7740
v -0.0109 0.4486 0.7745
v -0.0162 0.4484 0.7713
v 0.0070 0.4229 0.7889
v 0.0125 0.4317 0.7798
v 0.0077 0.4344 0.7821
v 0.0610 0.3521 0.7906
v 0.0092 0.4380 0.7433
v 0.0272 0.4135 0.7293
v -0.0428 0.4115 0.7834
v -0.0356 0.4270 0.7759
v -0.0413 0.4205 0.7746
v -0.1099 0.3291 0.7846
v -0.1168 0.3176 0.7856
v -0.1892 0.2300 0.7832
v -0.1948 0.2229 0.7803
v -0.3499 0.1372 0.8484
v -0.3574 0.1404 0.8461
v -0.3495 0.1442 0.8434
v -0.4372 0.0587 0.7830
v -0.4276 0.0691 0.7824
v -0.3899 0.1340 0.8203
v -0.3809 0.1410 0.8141
v -0.3101 0.1368 0.8429
v -0.2896 0.1556 0.8426
v -0.3608 0.1534 0.7805
v -0.2345 0.2834 0.8436
v -0.2317 0.2901 0.8407
v -0.1761 0.3480 0.8448
v -0.1851 0.3441 0.8366
v -0.1808 0.3499 0.8388
v -0.2241 0.2995 0.8413
v -0.2155 0.3030 0.8429
v -0.1354 0.3969 0.8512
v -0.1296 0.4084 0.8487
v -0.1266 0.4070 0.8518
v -0.2169 0.3113 0.7905
v -0.2101 0.3165 0.7834
v -0.2085 0.3204 0.7883
v -0.2573 0.2640 0.7822
v -0.2588 0.2644 0.7752
v -0.2417 0.2795 0.7779
v -0.2449 0.2766 0.7745
v -0.2307 0.3192 0.7713
v -0.2251 0.3267 0.7694
v -0.2262 0.3179 0.7647
v -0.1947 0.3324 0.7604
v -0.1907 0.3376 0.7653
v -0.1938 0.3516 0.7448
v -0.1918 0.3695 0.7562
v -0.1864 0.3734 0.7480
v -0.1907 0.3662 0.7497
v -0.1307 0.4097 0.7751
v -0.1227 0.4180 0.7722
v -0.1254 0.4199 0.7817
v -0.1529 0.3914 0.7891
v -0.1533 0.3870 0.7823
v -0.1501 0.3959 0.7871
v -0.0815 0.4593 0.8669
v -0.0987 0.4434 0.8568
v -0.0889 0.4602 0.8611
v -0.1040 0.4249 0.8583
v -0.1069 0.4301 0.8550
v -0.0715 0.4770 0.8612
v -0.0629 0.4795 0.8635
v -0.1176 0.4242 0.7757
v -0.1768 0.3882 0.7465
v -0.1780 0.3810 0.7405
v -0.2277 0.3436 0.7904
v -0.2157 0.3554 0.7857
v -0.2318 0.3312 0.7847
v -0.2575 0.3529 0.7950
v -0.2641 0.3702 0.7861
v -0.2578 0.3815 0.7899
v -0.1724 0.5239 0.8004
v -0.1650 0.5301 0.8022
v -0.1536 0.5955 0.8065
v -0.1513 0.6114 0.8063
v -0.1466 0.6074 0.8087
v -0.1597 0.5971 0.8023
v -0.1402 0.6188 0.8113
v -0.1419 0.5994 0.8094
v -0.1326 0.5454 0.7915
v -0.1329 0.5638 0.7966
v -0.1060 0.5491 0.7770
v -0.1016 0.5506 0.7690
v -0.1036 0.5250 0.7593
v -0.0704 0.5968 0.7195
v -0.0732 0.5879 0.7106
v -0.0713 0.5939 0.7138
v -0.0833 0.5726 0.7143
v -0.0793 0.5798 0.7059
v -0.0804 0.5732 0.7063
v -0.0637 0.5603 0.6937
v -0.0630 0.5657 0.6974
v -0.0679 0.5422 0.6720
v -0.0658 0.5428 0.6648
v -0.0715 0.5321 0.6699
v -0.0721 0.5232 0.6627
v -0.0753 0.5137 0.6642
v -0.1469 0.3985 0.7121
v -0.1507 0.4024 0.7054
v -0.1397 0.4002 0.7200
v -0.0992 0.4439 0.7500
v -0.0966 0.4474 0.7356
v -0.0862 0.4580 0.7510
v -0.1289 0.4345 0.6737
v -0.1303 0.4284 0.6736
v -0.1095 0.4319 0.6586
v -0.1105 0.4323 0.6506
v -0.0755 0.4742 0.6780
v -0.0713 0.4805 0.6506
v -0.0685 0.4861 0.6749
v -0.0491 0.5213 0.8477
v -0.0462 0.5244 0.8408
v -0.0422 0.5258 0.8541
v -0.0201 0.5379 0.8577
v -0.0060 0.5415 0.8598
v 0.0101 0.5206 0.8665
v 0.0126 0.5292 0.8618
v 0.0232 0.5126 0.8667
v 0.1392 0.3669 0.8493
v 0.1418 0.3719 0.8473
v 0.1485 0.3663 0.8461
v 0.2601 0.3009 0.8750
v 0.1973 0.3632 0.8623
v 0.2019 0.3728 0.8601
v 0.2045 0.3629 0.8600
v 0.2165 0.4461 0.8846
v 0.2026 0.4650 0.8845
v 0.2087 0.4790 0.8828
v 0.2887 0.3639 0.8794
v 0.2858 0.4230 0.8681
v 0.3961 0.3756 0.8131
v 0.4293 0.3625 0.7915
v 0.4266 0.3545 0.7989
v 0.0899 0.6762 0.8595
v 0.0791 0.7002 0.8496
v 0.0982 0.6741 0.8544
v 0.1394 0.5650 0.8789
v 0.1838 0.4343 0.8674
v 0.1803 0.4443 0.8695
v 0.1892 0.4321 0.8726
v 0.1953 0.4149 0.8695
v 0.1918 0.4177 0.8668
v 0.1883 0.4247 0.8679
v 0.1335 0.3841 0.8457
v 0.1272 0.3942 0.8457
v 0.0824 0.4491 0.8540
v 0.0825 0.4546 0.8504
v 0.1749 0.4538 0.8703
v 0.1721 0.4524 0.8550
v 0.1697 0.4599 0.8622
v 0.1548 0.4938 0.8702
v 0.1462 0.5052 0.8662
v 0.0867 0.5183 0.8581
v 0.0923 0.5341 0.8503
v 0.1256 0.5095 0.8460
v -0.0028 0.5392 0.8609
v 0.0089 0.5359 0.8606
v -0.0634 0.4925 0.7329
v -0.0591 0.5023 0.7427
v 0.0189 0.5297 0.8545
v 0.0149 0.5373 0.8490
v 0.0478 0.5314 0.8460
v 0.0510 0.5254 0.8467
v 0.0450 0.5254 0.8431
v 0.0163 0.5662 0.8336
v 0.0647 0.6089 0.8307
v 0.0544 0.6195 0.8278
v 0.0609 0.6176 0.8280
v 0.0593 0.6326 0.8217
v 0.0578 0.6420 0.8226
v -0.0194 0.5481 0.8037
v -0.0215 0.5487 0.7967
v -0.0173 0.5565 0.8018
v -0.0780 0.4779 0.6351
v -0.0785 0.4701 0.6278
v -0.0817 0.4812 0.6278
v -0.0846 0.4616 0.6276
v -0.0960 0.4637 0.6197
v -0.0986 0.4900 0.6829
v -0.0919 0.4976 0.6807
v -0.0656 0.5086 0.6513
v -0.0613 0.5055 0.6579
v -0.0693 0.5066 0.6528
v -0.0481 0.5597 0.7206
v -0.0961 0.6346 0.7267
v -0.0891 0.6309 0.7216
v -0.0989 0.6254 0.7264
v -0.0970 0.6657 0.7363
v -0.0948 0.6580 0.7335
v -0.1083 0.6647 0.7587
v -0.1026 0.6730 0.7501
v -0.1062 0.6649 0.7506
v -0.0399 0.6590 0.8025
v -0.0627 0.6918 0.7899
v -0.0461 0.6784 0.7995
v -0.1204 0.6720 0.8077
v -0.1148 0.6869 0.8000
v -0.1163 0.7825 0.7919
v -0.1109 0.7722 0.7863
v -0.0801 0.7534 0.7859
v -0.0901 0.7706 0.7844
v -0.0771 0.7600 0.7859
v 0.0298 0.6874 0.8034
v 0.0259 0.6887 0.7979
v 0.0301 0.6978 0.8068
v 0.0368 0.6879 0.8133
v 0.0374 0.6799 0.8065
v 0.0354 0.6864 0.8076
v 0.0239 0.7126 0.7989
v 0.0215 0.7186 0.7979
v -0.0024 0.7107 0.7899
v -0.0237 0.7297 0.7861
v -0.0180 0.7335 0.7804
v -0.1365 0.8614 0.7930
v -0.1435 0.8815 0.7897
v -0.1348 0.8796 0.7860
v -0.0821 0.8283 0.7638
v -0.0828 0.8378 0.7567
v -0.0787 0.7965 0.7793
v -0.0752 0.8009 0.7755
v -0.0663 0.7840 0.7775
v -0.0126 0.7465 0.7637
v -0.0147 0.7723 0.8263
v -0.0343 0.7995 0.8158
v -0.0412 0.8094 0.8133
v -0.0470 0.8199 0.8082
v -0.0415 0.8223 0.8136
v -0.0563 0.8338 0.7594
v -0.0554 0.8272 0.7526
v -0.0573 0.8329 0.7534
v -0.0634 0.8428 0.7598
v -0.0641 0.8339 0.7522
v -0.0657 0.8409 0.7528
v -0.0872 0.8843 0.7787
v -0.0887 0.8828 0.7741
v -0.0916 0.8899 0.7740
v -0.0872 0.8730 0.7508
v -0.0843 0.8676 0.7511
v -0.0884 0.8644 0.7447
v -0.1115 0.8965 0.7515
v -0.1060 0.8999 0.7563
v -0.1033 0.8956 0.7506
v -0.1498 0.9201 0.7809
v -0.1467 0.9368 0.7738
v -0.1381 0.9345 0.7696
v -0.1542 0.9794 0.7418
v -0.1487 0.9839 0.7292
v -0.1391 0.9734 0.7448
v -0.0331 0.8610 0.7646
v -0.0484 0.8804 0.7457
v -0.0317 0.8625 0.7541
v -0.0272 0.8477 0.7916
v -0.0415 0.8669 0.7817
v -0.0182 0.8417 0.7789
v 0.0536 0.7350 0.8408
v 0.0662 0.7292 0.8335
v 0.0769 0.7102 0.8423
v 0.3418 0.4277 0.8250
v 0.3584 0.4080 0.8260
v 0.0615 0.7500 0.7713
v 0.0625 0.7544 0.7644
v 0.3678 0.4160 0.8008
v 0.3905 0.4031 0.7828
v 0.3950 0.3967 0.7916
v 0.4410 0.4022 0.6785
v 0.4290 0.4173 0.6749
v 0.4542 0.4013 0.6702
v 0.3801 0.4282 0.7028
v 0.4012 0.4170 0.6949
v 0.3962 0.4146 0.7040
v 0.2552 0.5666 0.7065
v 0.2905 0.5530 0.6925
v 0.2953 0.5309 0.6959
v 0.4176 0.5642 0.6729
v 0.4397 0.5281 0.6663
v 0.4248 0.5368 0.6697
v 0.3853 0.6516 0.6824
v 0.4074 0.6143 0.6744
v 0.4060 0.5955 0.6758
v 0.3650 0.7697 0.6767
v 0.3735 0.7487 0.6719
v 0.3722 0.7460 0.6766
v 0.3166 0.8517 0.6837
v 0.3196 0.8687 0.6828
v 0.3280 0.8507 0.6836
v 0.3018 0.8532 0.6834
v 0.2895 0.8689 0.6833
v 0.2977 0.8774 0.6831
v 0.3185 0.7305 0.6805
v 0.3117 0.7579 0.6808
v 0.3378 0.7431 0.6867
v 0.3645 0.7145 0.6870
v 0.3618 0.7406 0.6861
v 0.3708 0.7209 0.6840
v 0.3556 0.7195 0.6879
v 0.3476 0.7515 0.6879
v 0.3570 0.7337 0.6880
v 0.3395 0.5789 0.6743
v 0.3454 0.5962 0.6741
v 0.3620 0.5494 0.6715
v 0.3550 0.5295 0.6723
v 0.3770 0.5181 0.6692
v 0.2671 0.5196 0.7230
v 0.2773 0.5109 0.7201
v 0.2674 0.5122 0.7301
v 0.1794 0.6294 0.7312
v 0.2051 0.6104 0.7226
v 0.1952 0.6088 0.7287
v 0.2218 0.7405 0.7226
v 0.1839 0.7151 0.7285
v 0.0930 0.7554 0.7402
v 0.0883 0.7719 0.7377
v 0.1026 0.7575 0.7373
v 0.1622 0.6396 0.7381
v 0.1507 0.6514 0.7412
v 0.1537 0.6601 0.7354
v 0.1253 0.6778 0.7492
v 0.1343 0.6775 0.7422
v 0.1398 0.6621 0.7441
v 0.0996 0.7127 0.7520
v 0.1037 0.7188 0.7456
v 0.1119 0.6988 0.7486
v 0.1313 0.6905 0.7398
v 0.1247 0.7083 0.7390
v 0.1464 0.6912 0.7355
v 0.2495 0.5438 0.7206
v 0.2504 0.5547 0.7140
v 0.2979 0.5145 0.7011
v 0.3612 0.4441 0.7034
v 0.3703 0.4430 0.6960
v 0.3973 0.4014 0.7613
v 0.4116 0.3914 0.7677
v 0.2371 0.5330 0.7495
v 0.2576 0.5156 0.7409
v 0.2761 0.4944 0.7459
v 0.0963 0.7040 0.7649
v 0.0951 0.7098 0.7580
v 0.1025 0.7007 0.7579
v 0.0148 0.8123 0.7605
v 0.0174 0.8080 0.7637
v 0.0454 0.8120 0.7510
v 0.0423 0.8344 0.7452
v 0.1289 0.8409 0.7331
v 0.1282 0.8583 0.7273
v 0.1357 0.8481 0.7310
v 0.1259 0.7500 0.7355
v 0.1339 0.7641 0.7350
v 0.1378 0.7396 0.7351
v 0.1796 0.8151 0.7197
v 0.1885 0.8207 0.7174
v 0.1900 0.8028 0.7205
v 0.1514 0.8706 0.7021
v 0.1550 0.8736 0.6972
v 0.1610 0.8641 0.7043
v 0.0193 0.9445 0.6683
v 0.0318 0.9427 0.6659
v 0.0390 0.9344 0.6741
v 0.0837 0.8970 0.7046
v 0.0762 0.9024 0.7001
v 0.0927 0.8935 0.7048
v -0.0348 0.8927 0.7185
v -0.0358 0.9101 0.7019
v -0.0235 0.8932 0.7136
v -0.0410 0.9605 0.6602
v -0.0322 0.9627 0.6571
v -0.0208 0.9578 0.6620
v 0.1351 0.9079 0.6782
v 0.1266 0.9230 0.6698
v 0.2525 0.9106 0.7053
v 0.2547 0.8990 0.7119
v 0.2127 0.8941 0.7002
v 0.2030 0.8965 0.6950
v 0.2116 0.9085 0.6909
v 0.2128 0.9559 0.6612
v 0.2271 0.9589 0.6607
v 0.2266 0.9534 0.6659
v 0.2734 0.9185 0.7003
v 0.2760 0.9258 0.6978
v 0.2807 0.9233 0.6966
v 0.1967 0.6560 0.7228
v 0.2148 0.6517 0.7168
v 0.2008 0.6408 0.7210
v 0.3305 0.5707 0.6763
v 0.2908 0.7972 0.6847
v 0.2978 0.7918 0.6819
v 0.2822 0.9128 0.6929
v 0.2876 0.9118 0.6879
v 0.3329 0.9799 0.6745
v 0.3213 0.9812 0.6736
v 0.3528 0.9418 0.6541
v 0.3521 0.9486 0.6556
v 0.3457 0.9431 0.6557
v 0.3726 0.9248 0.6702
v 0.3705 0.9326 0.6655
v 0.3804 0.9094 0.6700
v 0.3284 0.9750 0.6699
v 0.3307 0.9717 0.6642
v 0.3239 0.9654 0.6680
v 0.3586 1.0049 0.7035
v 0.3520 1.0119 0.7067
v 0.3577 1.0119 0.7055
v 0.3747 1.0886 0.6825
v 0.3792 1.0797 0.6821
v 0.3779 1.0048 0.6741
v 0.3751 1.0009 0.6642
v 0.3747 0.9961 0.6737
v 0.3764 1.0509 0.6675
v 0.3690 1.0396 0.6633
v 0.3146 1.1018 0.6887
v 0.3082 1.0974 0.6822
v 0.3171 1.1032 0.6836
v 0.3223 1.0366 0.6739
v 0.3233 1.0269 0.6585
v 0.3210 1.0430 0.6592
v 0.2905 0.9755 0.6826
v 0.2991 0.9789 0.6830
v 0.3141 1.0102 0.6508
v 0.3190 1.0139 0.6512
v 0.3431 1.0677 0.6583
v 0.3360 1.0636 0.6520
v 0.3507 1.0357 0.6428
v 0.3452 1.0444 0.6340
v 0.3498 1.0344 0.6360
v 0.3381 1.0150 0.6413
v 0.3370 1.0177 0.6363
v 0.3578 0.9476 0.6569
v 0.3404 0.9635 0.6300
v 0.3448 0.9725 0.6245
v 0.3474 0.9650 0.6185
v 0.3353 1.0197 0.6161
v 0.3336 1.0113 0.6122
v 0.3411 1.0218 0.5734
v 0.3411 1.0200 0.5643
v 0.3381 1.0185 0.5686
v 0.3543 1.0041 0.4555
v 0.3508 1.0128 0.4507
v 0.3551 1.0063 0.4442
v 0.3754 0.9827 0.4362
v 0.3791 0.9854 0.4130
v 0.3801 0.9720 0.4332
v 0.3611 0.9905 0.4504
v 0.3596 0.9997 0.4419
v 0.3652 0.9921 0.4406
v 0.3528 0.9576 0.5291
v 0.3636 0.9360 0.4896
v 0.3650 0.9306 0.5091
v 0.3758 0.9669 0.4409
v 0.3816 0.9654 0.4330
v 0.3656 1.0079 0.2463
v 0.3745 1.0043 0.2173
v 0.3729 1.0032 0.2678
v 0.3486 1.0177 0.3729
v 0.3590 1.0107 0.3519
v 0.3584 1.0120 0.3873
v 0.3422 1.0048 0.5421
v 0.3437 1.0093 0.5292
v 0.3436 0.9970 0.5391
v 0.3515 0.9610 0.5425
v 0.3569 0.9476 0.5348
v 0.3540 0.9561 0.5575
v 0.3817 0.9578 0.4343
v 0.4006 0.9537 0.3040
v 0.4026 0.9569 0.2837
v 0.3789 0.8862 0.4013
v 0.3769 0.8863 0.3889
v 0.3820 0.8796 0.3948
v 0.4045 0.8328 0.4236
v 0.4054 0.8320 0.4071
v 0.4030 0.7734 0.4431
v 0.3870 0.8630 0.5185
v 0.3914 0.8484 0.5022
v 0.3880 0.8494 0.5126
v 0.3350 0.9279 0.6178
v 0.3438 0.9282 0.6075
v 0.3365 0.9255 0.6130
v 0.3401 0.8312 0.6810
v 0.3360 0.8515 0.6789
v 0.3414 0.8401 0.6767
v 0.3570 0.8106 0.6582
v 0.3625 0.7954 0.6509
v 0.3628 0.7919 0.6627
v 0.3361 0.8779 0.5997
v 0.3398 0.8714 0.5921
v 0.3501 0.7975 0.6047
v 0.3440 0.8085 0.5961
v 0.4005 0.6845 0.6413
v 0.4089 0.6615 0.6320
v 0.4297 0.5975 0.6599
v 0.4329 0.5937 0.6553
v 0.3903 0.4659 0.6726
v 0.4243 0.4468 0.6667
v 0.4231 0.4356 0.6700
v 0.5198 0.3538 0.6817
v 0.5484 0.3476 0.6723
v 0.5397 0.3463 0.6842
v 0.5548 0.3043 0.7502
v 0.5394 0.3133 0.7441
v 0.5604 0.3153 0.7359
v 0.5661 0.3353 0.7013
v 0.5731 0.3362 0.6941
v 0.5774 0.3349 0.7009
v 0.5521 0.3514 0.6600
v 0.5720 0.3446 0.6599
v 0.4589 0.3695 0.7325
v 0.4839 0.3589 0.7210
v 0.4623 0.2919 0.7930
v 0.4740 0.2918 0.7863
v 0.4672 0.2862 0.7942
v 0.5729 0.2937 0.7511
v 0.5812 0.2957 0.7461
v 0.6017 0.3176 0.7214
v 0.6034 0.3112 0.7236
v 0.5927 0.3041 0.7256
v 0.4065 0.2589 0.8168
v 0.4145 0.2614 0.8104
v 0.3900 0.2068 0.8353
v 0.4070 0.1915 0.8280
v 0.3998 0.1910 0.8324
v 0.3633 0.1378 0.8286
v 0.3690 0.1331 0.8256
v 0.3615 0.1330 0.8278
v 0.4183 0.1298 0.7970
v 0.4253 0.1344 0.7961
v 0.4291 0.1329 0.7894
v 0.4496 0.1841 0.7946
v 0.4795 0.1803 0.7673
v 0.4227 0.1975 0.8064
v 0.4181 0.2216 0.7965
v 0.4230 0.2195 0.7906
v 0.4773 0.2698 0.7628
v 0.4740 0.2680 0.7579
v 0.4677 0.2683 0.7670
v 0.5430 0.2972 0.7177
v 0.5505 0.2992 0.7097
v 0.5465 0.2939 0.7063
v 0.5595 0.2802 0.6985
v 0.5594 0.2854 0.6963
v 0.5673 0.2850 0.6937
v 0.5998 0.2621 0.6855
v 0.6091 0.2522 0.6811
v 0.5761 0.2280 0.7029
v 0.6129 0.2264 0.6660
v 0.6079 0.2243 0.6735
v 0.5940 0.2234 0.6889
v 0.6031 0.2244 0.6804
v 0.5889 0.2147 0.6903
v 0.5012 0.1668 0.7425
v 0.5066 0.1641 0.7334
v 0.4938 0.1582 0.7432
v 0.4974 0.1598 0.7069
v 0.5019 0.1671 0.6986
v 0.4898 0.1588 0.7052
v 0.4584 0.1501 0.7060
v 0.4437 0.1473 0.7051
v 0.4024 0.1373 0.7112
v 0.3982 0.1404 0.7032
v 0.3878 0.1358 0.7146
v 0.4250 0.1326 0.7318
v 0.3455 0.1162 0.7502
v 0.3445 0.1156 0.7438
v 0.3514 0.1164 0.7513
v 0.3484 0.1135 0.7105
v 0.3466 0.1162 0.6561
v 0.3571 0.1039 0.7131
v 0.3218 0.1555 0.7507
v 0.3176 0.1601 0.7436
v 0.3197 0.1539 0.7437
v 0.3629 0.1354 0.7274
v 0.3591 0.1399 0.7191
v 0.3227 0.1632 0.7514
v 0.3088 0.1737 0.6586
v 0.3143 0.1720 0.6653
v 0.4283 0.1459 0.6751
v 0.4440 0.1485 0.6510
v 0.4994 0.1801 0.6862
v 0.4996 0.1858 0.6823
v 0.5384 0.2056 0.6629
v 0.5372 0.2109 0.6587
v 0.6349 0.3001 0.6703
v 0.6404 0.2903 0.6637
v 0.6315 0.2963 0.6650
v 0.6007 0.3210 0.6982
v 0.5997 0.3202 0.6889
v 0.5916 0.3221 0.6973
v 0.6341 0.3118 0.6951
v 0.6422 0.3109 0.6906
v 0.6368 0.3082 0.6911
v 0.6417 0.3173 0.6919
v 0.6368 0.3208 0.6933
v 0.6501 0.3793 0.6749
v 0.6383 0.3872 0.6729
v 0.6361 0.3920 0.6737
v 0.6464 0.3397 0.6739
v 0.6668 0.3946 0.6696
v 0.6764 0.3987 0.6634
v 0.6456 0.4096 0.6514
v 0.6529 0.4072 0.6579
v 0.6953 0.3899 0.6572
v 0.6970 0.3888 0.6521
v 0.6987 0.3805 0.6615
v 0.6993 0.3484 0.6842
v 0.6993 0.3547 0.6837
v 0.7091 0.3484 0.6824
v 0.6991 0.3181 0.6666
v 0.6943 0.3146 0.6637
v 0.6931 0.3261 0.6649
v 0.6846 0.3317 0.6658
v 0.6810 0.3303 0.6580
v 0.6780 0.3311 0.6658
v 0.6890 0.3957 0.6508
v 0.6940 0.3950 0.6467
v 0.6732 0.3586 0.6818
v 0.6706 0.3710 0.6769
v 0.6768 0.3637 0.6790
v 0.6769 0.3197 0.6581
v 0.6743 0.2952 0.6769
v 0.7159 0.3592 0.6506
v 0.7123 0.3643 0.6445
v 0.7192 0.3564 0.6469
v 0.7236 0.2754 0.6673
v 0.7219 0.2911 0.6650
v 0.7262 0.2882 0.6601
v 0.7177 0.2603 0.6672
v 0.7225 0.2595 0.6599
v 0.7176 0.2535 0.6615
v 0.7113 0.2546 0.6660
v 0.6862 0.2582 0.6634
v 0.6878 0.2493 0.6547
v 0.6840 0.2544 0.6548
v 0.6572 0.2683 0.6609
v 0.6549 0.2653 0.6536
v 0.6534 0.2704 0.6572
v 0.5590 0.2001 0.6673
v 0.5652 0.2142 0.6568
v 0.5759 0.2363 0.6352
v 0.5774 0.2397 0.6312
v 0.6114 0.2514 0.6091
v 0.6062 0.2501 0.6120
v 0.6084 0.2551 0.6119
v 0.6671 0.2580 0.6293
v 0.6764 0.2613 0.6217
v 0.6645 0.2600 0.6210
v 0.7216 0.2521 0.6313
v 0.7294 0.2570 0.6294
v 0.7220 0.2548 0.6278
v 0.7160 0.3064 0.6237
v 0.7080 0.3118 0.6196
v 0.7112 0.3074 0.6190
v 0.7290 0.3459 0.6306
v 0.7212 0.3512 0.6314
v 0.7146 0.3478 0.6278
v 0.6840 0.3914 0.6266
v 0.6716 0.3905 0.6200
v 0.6243 0.4665 0.6356
v 0.6229 0.4758 0.6425
v 0.6210 0.4700 0.6355
v 0.6360 0.4297 0.6439
v 0.6326 0.4336 0.6416
v 0.6538 0.3852 0.6182
v 0.6540 0.3927 0.6208
v 0.6451 0.3856 0.6202
v 0.6399 0.3633 0.6136
v 0.6433 0.3549 0.6056
v 0.6443 0.3608 0.6071
v 0.7080 0.3415 0.6281
v 0.6764 0.3173 0.6278
v 0.6771 0.3247 0.6215
v 0.6761 0.3090 0.6204
v 0.6672 0.3315 0.5901
v 0.6632 0.3365 0.5829
v 0.6658 0.3313 0.5829
v 0.6785 0.3304 0.6281
v 0.6840 0.3320 0.6215
v 0.6780 0.3314 0.6203
v 0.6542 0.3631 0.6047
v 0.6648 0.3644 0.6041
v 0.5922 0.3651 0.6060
v 0.5983 0.3623 0.6122
v 0.5714 0.3561 0.6400
v 0.5743 0.3630 0.6271
v 0.4644 0.4306 0.6579
v 0.4815 0.4281 0.6530
v 0.4824 0.5177 0.6194
v 0.4769 0.5274 0.6115
v 0.3954 0.6647 0.5884
v 0.3837 0.6716 0.5642
v 0.3929 0.6466 0.5560
v 0.3656 0.7814 0.5107
v 0.3754 0.7355 0.4711
v 0.3822 0.6699 0.4291
v 0.3887 0.6701 0.4125
v 0.3832 0.6569 0.4203
v 0.4612 0.5468 0.5897
v 0.4397 0.5584 0.5458
v 0.4514 0.5428 0.5505
v 0.6551 0.3547 0.5970
v 0.6465 0.3465 0.5906
v 0.6531 0.3479 0.5893
v 0.6501 0.3343 0.5521
v 0.6511 0.3289 0.5336
v 0.6565 0.3293 0.5493
v 0.6765 0.3187 0.5906
v 0.6781 0.3143 0.5822
v 0.6808 0.3041 0.5947
v 0.6835 0.2708 0.5742
v 0.6790 0.2681 0.5628
v 0.6718 0.2646 0.5705
v 0.6702 0.2663 0.5413
v 0.6609 0.2694 0.4766
v 0.6609 0.2637 0.4610
v 0.6584 0.2582 0.4704
v 0.4644 0.1528 0.6314
v 0.4906 0.1554 0.5827
v 0.4663 0.1503 0.6024
v 0.6549 0.2438 0.4236
v 0.6554 0.2480 0.4193
v 0.6559 0.2482 0.4076
v 0.6564 0.2372 0.3655
v 0.6585 0.2491 0.3651
v 0.6568 0.2395 0.3535
v 0.6570 0.2489 0.3806
v 0.6603 0.2308 0.3001
v 0.6607 0.2164 0.2881
v 0.6698 0.2318 0.1741
v 0.6712 0.2320 0.1566
v 0.6721 0.2235 0.1577
v 0.6201 0.3265 0.2554
v 0.6266 0.3190 0.2312
v 0.6295 0.3118 0.2570
v 0.5920 0.3613 0.3722
v 0.5845 0.3674 0.3512
v 0.6027 0.3486 0.3579
v 0.6345 0.3284 0.4538
v 0.4935 0.4781 0.5249
v 0.3916 0.6218 0.4014
v 0.4029 0.6005 0.3729
v 0.4254 0.6963 0.1408
v 0.4129 0.7535 0.0696
v 0.4183 0.7307 0.0722
v 0.4284 0.6596 0.0582
v 0.4213 0.6905 0.0138
v 0.4037 0.7955 0.1321
v 0.4006 0.8096 0.0942
v 0.4029 0.7982 0.0946
v 0.4137 0.7519 0.3009
v 0.4140 0.7387 0.2640
v 0.4169 0.7330 0.2961
v 0.3926 0.8476 0.2470
v 0.3919 0.8454 0.1949
v 0.3958 0.8384 0.2286
v 0.4111 0.7544 0.1337
v 0.4074 0.7769 0.0790
v 0.4096 0.8112 0.3690
v 0.4105 0.8047 0.3522
v 0.4121 0.7747 0.3561
v 0.3753 0.8964 0.3802
v 0.3759 0.8967 0.3723
v 0.3763 0.8871 0.3768
v 0.4038 0.9336 0.2141
v 0.4005 0.9263 0.1782
v 0.3948 0.9125 0.2017
v 0.3862 0.8642 0.3073
v 0.3831 0.8724 0.3061
v 0.3868 0.8641 0.2815
v 0.3831 0.8734 0.0615
v 0.4202 0.6948 -0.0172
v 0.4157 0.6162 0.3086
v 0.4100 0.5824 0.3662
v 0.5329 0.4191 0.4004
v 0.4308 0.5478 0.3561
v 0.4531 0.5710 0.1103
v 0.4492 0.5931 0.0643
v 0.4597 0.5651 0.0871
v 0.5430 0.4206 0.2570
v 0.5436 0.4279 0.2217
v 0.5601 0.4013 0.2593
v 0.5393 0.4639 0.1015
v 0.5547 0.4469 0.1121
v 0.6127 0.3471 0.2086
v 0.6205 0.3359 0.1990
v 0.6191 0.3336 0.2170
v 0.6178 0.3663 0.1484
v 0.6189 0.3760 0.1257
v 0.6208 0.3661 0.1367
v 0.6320 0.3341 0.0979
v 0.6327 0.3345 0.0693
v 0.6357 0.3211 0.1190
v 0.7058 0.2609 -0.0390
v 0.7061 0.2689 -0.0849
v 0.7114 0.2603 -0.0780
v 0.6717 0.3172 -0.1220
v 0.6733 0.3191 -0.1479
v 0.6821 0.3081 -0.1363
v 0.7225 0.2525 -0.2055
v 0.7237 0.2522 -0.2242
v 0.7214 0.2487 -0.2211
v 0.7176 0.2393 -0.2358
v 0.7162 0.2382 -0.2441
v 0.7193 0.2326 -0.2372
v 0.7186 0.2045 -0.1452
v 0.7215 0.2089 -0.1523
v 0.7190 0.2057 -0.1529
v 0.7169 0.2215 -0.1422
v 0.7185 0.2233 -0.1621
v 0.7083 0.2021 -0.0985
v 0.7115 0.2007 -0.1082
v 0.7079 0.1976 -0.1067
v 0.7181 0.2403 -0.2000
v 0.7196 0.2404 -0.2189
v 0.7202 0.2302 -0.2040
v 0.7013 0.2220 -0.0662
v 0.7040 0.2221 -0.0833
v 0.7023 0.2138 -0.0713
v 0.6951 0.2379 0.0243
v 0.6982 0.2405 0.0156
v 0.6928 0.2316 0.0251
v 0.7013 0.2490 0.0331
v 0.7025 0.2540 0.0213
v 0.7036 0.2491 0.0176
v 0.6621 0.1963 0.2264
v 0.6596 0.1881 0.2167
v 0.4412 0.1429 0.5302
v 0.4269 0.1438 0.5822
v 0.6642 0.1835 0.1432
v 0.6730 0.1906 0.1158
v 0.6670 0.1829 0.1161
v 0.6673 0.1805 0.0733
v 0.6730 0.1829 0.0333
v 0.6561 0.1704 0.0603
v 0.4666 0.1381 0.3565
v 0.4997 0.1387 0.3019
v 0.3131 0.1553 0.6419
v 0.3135 0.1531 0.6089
v 0.2970 0.1704 0.5044
v 0.3021 0.1677 0.5046
v 0.3025 0.1684 0.5162
v 0.3057 0.1792 0.4752
v 0.3045 0.1787 0.4603
v 0.2993 0.1793 0.4656
v 0.3112 0.1686 0.6199
v 0.3129 0.1703 0.6110
v 0.2899 0.1855 0.4580
v 0.2943 0.1835 0.4587
v 0.2945 0.1847 0.4533
v 0.3125 0.1788 0.2636
v 0.2997 0.1872 0.2553
v 0.2990 0.1864 0.2807
v 0.2801 0.1931 0.2976
v 0.2737 0.1930 0.2969
v 0.3416 0.1143 0.4507
v 0.3556 0.0966 0.4063
v 0.3573 0.0959 0.4320
v 0.2856 0.1934 0.2714
v 0.2830 0.1933 0.2655
v 0.2769 0.1912 0.2765
v 0.2847 0.1846 0.2102
v 0.2789 0.1968 0.1969
v 0.2882 0.1789 0.1921
v 0.2745 0.2010 0.0642
v 0.2663 0.2085 0.0144
v 0.2723 0.2009 0.0037
v 0.2705 0.2038 0.0295
v 0.2436 0.2400 -0.0745
v 0.2433 0.2397 -0.0879
v 0.2510 0.2316 -0.0637
v 0.2394 0.2494 -0.1446
v 0.2353 0.2546 -0.1708
v 0.2418 0.2421 -0.1505
v 0.2717 0.2576 -0.2677
v 0.2531 0.2748 -0.2619
v 0.2658 0.2487 -0.1525
v 0.2535 0.2561 -0.1345
v 0.2946 0.2178 -0.0910
v 0.2846 0.2261 -0.0815
v 0.2812 0.2093 0.0924
v 0.2833 0.2098 0.0881
v 0.2777 0.2079 0.0721
v 0.2920 0.1924 0.2080
v 0.2816 0.1993 0.2198
v 0.4093 0.1403 0.4445
v 0.4077 0.1398 0.3909
v 0.3952 0.1410 0.4259
v 0.6690 0.1775 -0.1271
v 0.6681 0.1774 -0.1769
v 0.6561 0.1692 -0.1249
v 0.6627 0.1734 -0.0368
v 0.6580 0.1684 -0.0420
v 0.7002 0.2135 -0.0508
v 0.7201 0.2059 -0.1591
v 0.7134 0.2045 -0.1521
v 0.6855 0.1903 -0.1837
v 0.6813 0.1865 -0.1995
v 0.6794 0.1854 -0.1614
v 0.7193 0.2281 -0.2753
v 0.7219 0.2278 -0.2954
v 0.7521 0.2619 -0.3542
v 0.7565 0.2689 -0.3765
v 0.7556 0.2604 -0.3702
v 0.7460 0.2702 -0.4131
v 0.7461 0.2707 -0.4216
v 0.7403 0.2708 -0.4137
v 0.7260 0.2390 -0.3296
v 0.7287 0.2404 -0.3702
v 0.7307 0.2438 -0.3948
v 0.7275 0.2345 -0.3799
v 0.7657 0.2642 -0.4292
v 0.7707 0.2658 -0.4449
v 0.7599 0.2692 -0.4343
v 0.7533 0.2784 -0.4753
v 0.7459 0.2767 -0.4684
v 0.7350 0.2727 -0.5260
v 0.7406 0.2782 -0.5254
v 0.7381 0.2807 -0.5300
v 0.7043 0.2356 -0.4909
v 0.6989 0.2273 -0.4840
v 0.7120 0.2417 -0.4912
v 0.7081 0.2400 -0.4954
v 0.7374 0.2810 -0.5362
v 0.7391 0.2797 -0.5459
v 0.7295 0.2788 -0.5374
v 0.7137 0.3350 -0.4584
v 0.7187 0.3347 -0.4754
v 0.5992 0.4037 -0.2248
v 0.6059 0.4336 0.0145
v 0.5978 0.4454 0.0147
v 0.4984 0.5652 -0.0541
v 0.4775 0.6060 -0.0938
v 0.4962 0.5815 -0.0834
v 0.4383 0.6623 -0.0856
v 0.4377 0.6824 -0.1384
v 0.4463 0.6432 -0.0742
v 0.3870 0.8596 -0.0361
v 0.3851 0.8719 -0.0723
v 0.3890 0.8608 -0.0786
v 0.4020 0.9752 0.2112
v 0.4058 0.9665 0.2100
v 0.3759 1.0142 0.0934
v 0.3796 1.0151 0.0582
v 0.3842 1.0067 0.1020
v 0.2967 1.0441 -0.1033
v 0.3112 1.0633 -0.2167
v 0.3090 1.0506 -0.1241
v 0.3146 1.0175 0.2156
v 0.3221 1.0199 0.1896
v 0.3250 1.0179 0.2216
v 0.2867 1.0292 0.0194
v 0.2772 1.0288 -0.0127
v 0.2960 1.0375 -0.0425
v 0.2171 1.0164 -0.2969
v 0.2275 1.0223 -0.3108
v 0.2224 1.0146 -0.1781
v 0.2140 1.0126 -0.2240
v 0.2334 1.0212 -0.1944
v 0.1541 0.9900 -0.0405
v 0.1502 0.9880 -0.0938
v 0.1708 0.9943 -0.0793
v 0.1032 0.9646 -0.3254
v 0.1047 0.9702 -0.3232
v 0.0595 0.9675 -0.3128
v 0.0615 0.9775 -0.3098
v 0.0455 0.9713 -0.3102
v 0.0429 0.9722 -0.4162
v 0.0520 0.9780 -0.4306
v 0.0643 0.9733 -0.4181
v 0.1356 0.9731 -0.3902
v 0.1319 0.9731 -0.4157
v 0.1510 0.9766 -0.4253
v -0.0338 0.9701 -0.3785
v -0.0566 0.9723 -0.4335
v -0.0292 0.9691 -0.3959
v -0.0580 0.9915 -0.3049
v -0.0662 0.9888 -0.3120
v -0.0617 0.9884 -0.3089
v -0.0800 1.0040 -0.2973
v -0.0888 1.0008 -0.3045
v -0.0812 0.9984 -0.3037
v -0.0258 0.9796 -0.3059
v -0.0148 0.9847 -0.3025
v -0.0256 0.9867 -0.3021
v 0.0241 0.9610 -0.3216
v -0.0009 0.9655 -0.3659
v 0.0437 0.9601 -0.3295
v 0.0130 0.9682 -0.3059
v 0.0047 0.9646 -0.3130
v 0.0126 0.9648 -0.3125
v 0.0203 0.9783 -0.3043
v 0.0325 0.9775 -0.3069
v 0.0325 0.9793 -0.3021
v 0.0865 0.9767 -0.1249
v 0.0896 0.9791 -0.2161
v 0.1108 0.9813 -0.2109
v 0.0879 0.9769 -0.0087
v 0.1273 0.9828 -0.0457
v 0.1171 0.9834 0.0168
v 0.2559 1.0202 0.0021
v 0.2657 1.0273 -0.0552
v 0.1777 0.9926 0.0671
v 0.1582 0.9912 0.0540
v 0.1852 0.9961 0.0495
v 0.1193 0.9829 0.0983
v 0.1407 0.9844 0.0937
v 0.1461 0.9802 0.1183
v 0.2170 0.9848 0.2237
v 0.2438 0.9979 0.2048
v 0.2496 0.9960 0.2440
v 0.3033 1.0142 0.3476
v 0.2975 1.0116 0.3151
v 0.3075 1.0152 0.3293
v 0.1698 0.9647 0.2543
v 0.1836 0.9758 0.1979
v 0.1862 0.9720 0.2356
v 0.2405 0.9814 0.3577
v 0.2614 0.9932 0.3461
v 0.2516 0.9862 0.3823
v 0.3263 1.0202 0.4301
v 0.3155 1.0174 0.4224
v 0.3203 1.0200 0.4187
v 0.3304 1.0287 0.5050
v 0.3305 1.0265 0.4845
v 0.3356 1.0279 0.4932
v 0.3054 1.0162 0.4095
v 0.3044 1.0158 0.3957
v 0.3113 1.0191 0.4144
v 0.2753 0.9931 0.4271
v 0.2673 0.9914 0.4192
v 0.2803 0.9975 0.4211
v 0.2614 0.9834 0.4384
v 0.2586 0.9807 0.4300
v 0.2646 0.9866 0.4280
v 0.2474 0.9770 0.4728
v 0.2346 0.9654 0.4375
v 0.2564 0.9811 0.4547
v 0.1896 0.9417 0.4366
v 0.1832 0.9444 0.4303
v 0.1918 0.9455 0.4332
v 0.1583 0.9255 0.4506
v 0.1632 0.9276 0.4427
v 0.1742 0.9338 0.4498
v 0.1605 0.9669 0.2199
v 0.1607 0.9743 0.1650
v 0.1840 0.9825 0.1394
v 0.0424 0.9790 0.0948
v 0.0616 0.9789 0.0763
v 0.0639 0.9801 0.1061
v 0.0198 0.9806 -0.2624
v 0.0171 0.9808 -0.3024
v 0.0295 0.9797 -0.2812
v -0.0850 1.0160 -0.2735
v -0.0607 1.0047 -0.2677
v -0.0726 1.0111 -0.2445
v -0.1118 1.0161 -0.2961
v -0.1153 1.0113 -0.3056
v -0.1099 1.0109 -0.2996
v -0.1353 1.0332 -0.2591
v -0.1198 1.0307 -0.2657
v -0.1174 1.0284 -0.2174
v -0.0958 1.0199 -0.2862
v -0.0874 1.0161 -0.2865
v -0.0315 0.9850 0.0484
v -0.0210 0.9840 -0.0361
v -0.0074 0.9802 -0.0137
v 0.0033 0.9797 0.0990
v 0.0229 0.9760 0.0437
v 0.0217 0.9790 0.0953
v 0.1141 0.9586 0.2281
v 0.1072 0.9652 0.1875
v 0.1467 0.9719 0.1625
v 0.0577 0.9600 0.2277
v 0.0780 0.9655 0.1922
v 0.0707 0.9571 0.2349
v -0.0592 0.9907 0.1228
v -0.0362 0.9860 0.1045
v -0.1185 1.0095 0.0947
v -0.1171 1.0130 0.0257
v -0.1047 1.0084 0.0501
v -0.1643 1.0250 -0.1403
v -0.1590 1.0287 -0.1791
v -0.1529 1.0247 -0.1136
v -0.1960 1.0073 0.1617
v -0.1890 1.0088 0.1076
v -0.1841 1.0104 0.1390
v -0.1458 1.0118 0.2436
v -0.1336 1.0097 0.1935
v -0.1314 1.0090 0.2462
v -0.0008 0.9780 0.2032
v 0.0259 0.9705 0.2070
v 0.0186 0.9618 0.2497
v 0.0224 0.9492 0.2982
v 0.0369 0.9572 0.2534
v 0.0533 0.9472 0.2860
v 0.1067 0.9359 0.3952
v 0.1118 0.9406 0.3431
v 0.1299 0.9365 0.4209
v 0.0704 0.9289 0.4353
v 0.0648 0.9307 0.4285
v 0.0850 0.9305 0.4314
v 0.1336 0.9214 0.4363
v 0.1399 0.9227 0.4426
v 0.1346 0.9193 0.4420
v 0.1731 0.9360 0.4888
v 0.1856 0.9414 0.4751
v 0.1964 0.9495 0.5141
v 0.2003 0.9512 0.5519
v 0.1925 0.9473 0.5335
v 0.2086 0.9570 0.5408
v 0.0980 0.9156 0.4792
v 0.1105 0.9162 0.4666
v 0.1250 0.9226 0.5096
v 0.1220 0.9123 0.4048
v 0.1055 0.9195 0.3965
v 0.1092 0.9163 0.4097
v 0.1051 0.9250 0.3428
v 0.1096 0.9281 0.3341
v 0.0999 0.9269 0.3362
v 0.2201 0.9944 -0.0205
v 0.2307 0.9911 -0.0282
v 0.2201 0.9944 -0.0283
v 0.2213 0.9873 -0.1154
v 0.2215 0.9840 -0.1494
v 0.2215 0.9855 -0.1447
v 0.2047 0.9827 -0.2099
v 0.2015 0.9778 -0.2179
v 0.2046 0.9833 -0.2216
v 0.1822 0.9825 -0.2289
v 0.1826 0.9803 -0.2445
v 0.1743 0.9829 -0.2327
v 0.1759 0.9794 -0.2522
v 0.1758 0.9778 -0.2597
v 0.1696 0.9802 -0.2521
v 0.1760 0.9703 -0.2359
v 0.1748 0.9763 -0.2445
v 0.1838 0.9724 -0.2364
v 0.1580 0.9641 -0.2237
v 0.1593 0.9649 -0.2328
v 0.1668 0.9632 -0.2202
v 0.2132 0.9733 -0.1719
v 0.2101 0.9748 -0.1789
v 0.2131 0.9803 -0.1747
v 0.2245 0.9781 -0.0904
v 0.2278 0.9848 -0.0855
v 0.2257 0.9775 -0.0812
v 0.2044 0.9592 -0.0806
v 0.2116 0.9645 -0.0886
v 0.2213 0.9647 -0.0468
v 0.2169 0.9929 0.0058
v 0.2246 0.9954 -0.0067
v 0.2395 0.9819 0.0174
v 0.2413 0.9844 0.0289
v 0.2398 0.9793 0.0283
v 0.2376 0.9950 0.0335
v 0.2356 0.9955 0.0258
v 0.2324 0.9955 0.0312
v 0.2347 0.9940 0.0660
v 0.2385 0.9972 0.0612
v 0.2321 0.9938 0.0613
v 0.1566 0.9711 0.1011
v 0.1682 0.9769 0.0702
v 0.1501 0.9744 0.0736
v 0.1926 0.9594 0.2372
v 0.2050 0.9660 0.2190
v 0.1931 0.9650 0.1937
v 0.2543 0.9874 0.0799
v 0.2505 0.9828 0.0748
v 0.2521 0.9896 0.0729
v 0.2590 0.9900 0.1066
v 0.2587 0.9893 0.0961
v 0.2587 0.9915 0.1027
v 0.2234 0.9560 0.0472
v 0.2243 0.9618 0.0067
v 0.2314 0.9655 0.0357
v 0.2543 0.9963 0.1341
v 0.2546 0.9879 0.1340
v 0.2555 0.9882 0.1250
v 0.2446 0.9873 0.1500
v 0.2401 0.9857 0.1504
v 0.2427 0.9836 0.1574
v 0.2399 0.9663 0.1576
v 0.2420 0.9719 0.1701
v 0.2402 0.9656 0.1765
v 0.1650 0.9212 0.1551
v 0.1613 0.9263 0.0838
v 0.1757 0.9278 0.1026
v 0.2359 0.9576 0.1971
v 0.2398 0.9627 0.1869
v 0.2444 0.9661 0.1900
v 0.2360 0.9813 0.1573
v 0.2355 0.9846 0.1491
v 0.2308 0.9814 0.1570
v 0.2287 0.9703 0.2443
v 0.2308 0.9738 0.2394
v 0.2212 0.9701 0.2332
v 0.2376 0.9652 0.2566
v 0.2333 0.9689 0.2502
v 0.2296 0.9670 0.2572
v 0.2118 0.9592 0.2888
v 0.2193 0.9621 0.2808
v 0.2131 0.9611 0.2762
v 0.1839 0.9343 0.3335
v 0.1838 0.9432 0.3276
v 0.1797 0.9385 0.3286
v 0.2045 0.9333 0.2960
v 0.2073 0.9353 0.2761
v 0.2152 0.9402 0.2883
v 0.1880 0.9265 0.3113
v 0.1877 0.9273 0.3192
v 0.1841 0.9248 0.3191
v 0.1703 0.9347 0.3548
v 0.1751 0.9312 0.3504
v 0.1674 0.9354 0.3499
v 0.1661 0.9182 0.3224
v 0.1716 0.9204 0.3100
v 0.1758 0.9232 0.3254
v 0.1130 0.9108 0.2001
v 0.1143 0.9136 0.1598
v 0.1300 0.9122 0.1973
v 0.1431 0.9566 -0.2219
v 0.1418 0.9566 -0.2266
v 0.1468 0.9600 -0.2222
v 0.1296 0.9647 -0.2202
v 0.1369 0.9606 -0.2292
v 0.1248 0.9631 -0.2267
v 0.1121 0.9666 -0.2248
v 0.0968 0.9660 -0.2351
v 0.0960 0.9669 -0.2174
v 0.0668 0.9549 -0.2137
v 0.0668 0.9509 -0.2193
v 0.0588 0.9528 -0.2137
v 0.0784 0.9608 -0.1763
v 0.0822 0.9599 -0.1826
v 0.0704 0.9592 -0.1839
v 0.0507 0.9486 -0.2137
v 0.0532 0.9492 -0.2184
v 0.0605 0.9484 -0.2084
v 0.1035 0.9501 -0.2090
v 0.0971 0.9559 -0.2153
v 0.1052 0.9559 -0.2143
v 0.0850 0.9657 -0.2367
v 0.0911 0.9654 -0.2468
v 0.0856 0.9659 -0.2444
v 0.1164 0.9495 -0.2017
v 0.1135 0.9523 -0.2068
v 0.1227 0.9519 -0.2004
v 0.0731 0.9484 -0.1720
v 0.0643 0.9489 -0.1831
v 0.0850 0.9467 -0.1757
v 0.0433 0.9544 -0.1597
v 0.0433 0.9550 -0.1674
v 0.0510 0.9532 -0.1674
v 0.0551 0.9412 -0.1405
v 0.0583 0.9434 -0.1439
v 0.0588 0.9410 -0.1363
v 0.0280 0.9540 -0.1366
v 0.0212 0.9510 -0.1476
v 0.0280 0.9538 -0.1443
v 0.0278 0.9499 -0.1211
v 0.0279 0.9524 -0.1288
v 0.0329 0.9455 -0.1226
v 0.0203 0.9602 -0.1056
v 0.0216 0.9585 -0.1160
v 0.0137 0.9557 -0.1109
v 0.0241 0.9422 -0.1008
v 0.0237 0.9459 -0.1062
v 0.0270 0.9406 -0.0981
v 0.0190 0.9404 -0.0751
v 0.0125 0.9454 -0.0750
v 0.0160 0.9418 -0.0778
v 0.0889 0.9227 0.0448
v 0.0785 0.9282 -0.0112
v 0.0993 0.9308 -0.0354
v 0.0547 0.9249 0.0427
v 0.0368 0.9317 -0.0039
v 0.0561 0.9303 -0.0203
v -0.0017 0.9507 -0.0902
v -0.0008 0.9493 -0.0959
v -0.0021 0.9486 -0.0864
v 0.0064 0.9623 -0.0126
v 0.0140 0.9608 -0.0380
v -0.0025 0.9612 -0.0439
v -0.0185 0.9624 -0.0827
v -0.0178 0.9625 -0.0898
v -0.0132 0.9656 -0.0825
v -0.0123 0.9478 -0.0439
v -0.0185 0.9541 -0.0438
v -0.0150 0.9539 -0.0516
v -0.0319 0.9576 -0.0420
v -0.0338 0.9662 -0.0423
v -0.0278 0.9580 -0.0443
v -0.0272 0.9521 -0.0029
v -0.0234 0.9518 -0.0194
v -0.0191 0.9481 -0.0099
v -0.0417 0.9655 0.0115
v -0.0394 0.9681 0.0189
v -0.0356 0.9616 0.0094
v -0.0403 0.9572 0.0175
v -0.0400 0.9573 0.0115
v -0.0353 0.9557 0.0215
v -0.0493 0.9661 0.0648
v -0.0471 0.9726 0.0566
v -0.0476 0.9657 0.0589
v -0.0315 0.9701 0.0647
v -0.0245 0.9689 0.0450
v -0.0322 0.9687 0.0378
v 0.0327 0.9658 0.1074
v 0.0485 0.9645 0.0692
v 0.0251 0.9643 0.0725
v 0.0976 0.9629 -0.1748
v 0.1015 0.9663 -0.1793
v 0.0965 0.9640 -0.1809
v 0.1590 0.9749 -0.2213
v 0.1591 0.9732 -0.2291
v 0.1533 0.9745 -0.2223
v 0.1890 0.9855 -0.2211
v 0.1924 0.9896 -0.2328
v 0.1883 0.9841 -0.2444
v 0.1927 0.9895 -0.2086
v 0.1982 0.9883 -0.2213
v 0.1927 0.9896 -0.2212
v 0.1657 0.9789 -0.1926
v 0.1666 0.9780 -0.2058
v 0.1627 0.9773 -0.2111
v 0.1185 0.9705 0.0259
v 0.1246 0.9698 -0.0094
v 0.1013 0.9660 -0.0121
v 0.0105 0.9674 0.1466
v 0.0295 0.9663 0.1326
v 0.0150 0.9664 0.1158
v -0.0558 0.9670 0.1019
v -0.0550 0.9709 0.0950
v -0.0538 0.9656 0.0938
v -0.0612 0.9555 0.2312
v -0.0589 0.9574 0.1821
v -0.0485 0.9494 0.1990
v -0.0631 0.9790 0.2024
v -0.0558 0.9774 0.1938
v -0.0650 0.9757 0.1955
v -0.0629 0.9800 0.2086
v -0.0535 0.9776 0.2039
v 0.0571 0.9597 0.1764
v 0.0501 0.9639 0.1550
v 0.0382 0.9625 0.1750
v 0.0228 0.9350 0.3050
v 0.0513 0.9514 0.2188
v 0.0327 0.9584 0.2011
v -0.0764 0.9790 0.2419
v -0.0716 0.9809 0.2313
v -0.0767 0.9809 0.2381
v -0.0681 0.9601 0.2465
v -0.0683 0.9616 0.2566
v -0.0733 0.9645 0.2496
v -0.0603 0.9527 0.2646
v -0.0598 0.9542 0.2725
v -0.0652 0.9570 0.2648
v -0.0554 0.9512 0.2886
v -0.0480 0.9585 0.2810
v -0.0569 0.9583 0.2799
v -0.0352 0.9586 0.2785
v -0.0275 0.9593 0.2631
v -0.0393 0.9599 0.2734
v -0.0423 0.9403 0.2958
v -0.0475 0.9416 0.2898
v -0.0436 0.9409 0.2875
v -0.0212 0.9370 0.1673
v -0.0260 0.9429 0.1019
v -0.0121 0.9381 0.0881
v 0.0094 0.9180 0.2818
v 0.0252 0.9184 0.2086
v 0.0203 0.9151 0.2859
v -0.0260 0.9326 0.2974
v -0.0323 0.9336 0.2879
v -0.0190 0.9304 0.2960
v 0.0051 0.9173 0.3268
v -0.0004 0.9212 0.2996
v 0.0069 0.9178 0.2896
v 0.0203 0.9197 0.3346
v 0.0121 0.9169 0.3269
v 0.0219 0.9169 0.3259
v 0.0738 0.9256 0.3367
v 0.0820 0.9288 0.3234
v 0.0620 0.9274 0.3306
v 0.0674 0.9053 0.3286
v 0.0598 0.9063 0.3136
v 0.0801 0.9041 0.3191
v 0.0621 0.9110 0.3648
v 0.0676 0.9087 0.3536
v 0.0814 0.9106 0.3669
v 0.0629 0.9209 0.3635
v 0.0630 0.9221 0.3427
v 0.0521 0.9186 0.3570
v 0.1208 0.9207 0.3657
v 0.1041 0.9217 0.3743
v 0.0379 0.9133 0.3862
v 0.0433 0.9143 0.3732
v 0.0354 0.9116 0.3807
v 0.1208 0.9111 0.3896
v 0.1262 0.9110 0.4024
v 0.1665 0.9176 0.3423
v 0.1702 0.9252 0.3494
v 0.1660 0.9179 0.3501
v 0.1764 0.9434 0.3173
v 0.1724 0.9430 0.3107
v 0.1730 0.9410 0.3192
v 0.1380 0.9279 0.3790
v 0.1373 0.9281 0.3734
v 0.1368 0.9188 0.3797
v 0.1581 0.9211 0.3715
v 0.1525 0.9191 0.3618
v 0.1597 0.9214 0.3659
v 0.1264 0.9333 0.3153
v 0.1435 0.9404 0.2881
v 0.1364 0.9450 0.2510
v 0.1105 0.9056 0.3382
v 0.1199 0.9080 0.2975
v 0.1351 0.9099 0.3219
v 0.0684 0.9161 0.4348
v 0.0658 0.9179 0.4284
v 0.0751 0.9175 0.4283
v 0.1056 0.9138 0.4274
v 0.1057 0.9166 0.4200
v 0.0939 0.9174 0.4274
v 0.0307 0.9354 0.4125
v 0.0325 0.9370 0.3739
v 0.0430 0.9340 0.4077
v -0.0959 0.9948 0.3078
v -0.0876 0.9953 0.2674
v -0.0801 0.9899 0.2866
v -0.0082 0.9382 0.4468
v -0.0034 0.9397 0.4369
v 0.0098 0.9351 0.4437
v 0.0435 0.9191 0.4482
v 0.0463 0.9238 0.4430
v 0.0509 0.9156 0.4493
v -0.0018 0.9265 0.4681
v -0.0015 0.9262 0.4576
v 0.0224 0.9179 0.4576
v -0.0291 0.9382 0.4624
v -0.0298 0.9419 0.4567
v -0.0212 0.9381 0.4563
v -0.0922 0.9779 0.4554
v -0.0970 0.9829 0.4395
v -0.0853 0.9736 0.4600
v -0.0854 0.9669 0.4660
v -0.0869 0.9703 0.4644
v -0.0812 0.9688 0.4610
v -0.1206 0.9912 0.4732
v -0.1256 0.9969 0.4632
v -0.1162 0.9903 0.4645
v -0.1584 1.0096 0.3761
v -0.1406 1.0108 0.3122
v -0.1401 1.0084 0.3493
v -0.2047 1.0052 0.2001
v -0.2079 1.0024 0.1605
v -0.2254 0.9922 0.2378
v -0.2327 0.9870 0.2091
v -0.2246 0.9926 0.1911
v -0.2485 0.9682 0.1828
v -0.2427 0.9759 0.1919
v -0.2419 0.9762 0.2365
v -0.2128 0.9890 0.4631
v -0.2203 0.9822 0.4527
v -0.2173 0.9875 0.4180
v -0.1769 1.0109 0.3484
v -0.1730 1.0136 0.2970
v -0.1659 1.0112 0.3516
v -0.1311 0.9971 0.5165
v -0.1308 0.9970 0.4930
v -0.1235 0.9921 0.4856
v -0.1988 1.0055 0.5281
v -0.1986 1.0017 0.5122
v -0.1940 1.0050 0.5161
v -0.2031 0.9954 0.4571
v -0.2029 0.9980 0.4114
v -0.1931 1.0023 0.4094
v -0.2029 0.9993 0.5226
v -0.2005 0.9954 0.5049
v -0.2267 0.9739 0.4660
v -0.2234 0.9785 0.4646
v -0.2167 0.9702 0.4806
v -0.2225 0.9709 0.4717
v -0.2178 0.9727 0.4744
v -0.2036 1.0027 0.5503
v -0.2004 1.0069 0.5510
v -0.1972 1.0104 0.5705
v -0.1495 0.9982 0.6549
v -0.1479 1.0025 0.6343
v -0.1406 0.9954 0.6478
v -0.1969 1.0149 0.6375
v -0.1950 1.0122 0.6281
v -0.1893 1.0150 0.6362
v -0.2078 0.9782 0.5699
v -0.2075 0.9779 0.5486
v -0.2056 0.9883 0.5700
v -0.1992 1.0174 0.6457
v -0.1933 1.0207 0.6426
v -0.1652 1.0251 0.6844
v -0.1668 1.0227 0.6765
v -0.1681 1.0212 0.6824
v -0.2269 1.0339 0.7050
v -0.2241 1.0424 0.7082
v -0.2178 1.0360 0.7099
v -0.2289 1.0536 0.6753
v -0.2290 1.0495 0.6716
v -0.2238 1.0580 0.6752
v -0.1781 1.0554 0.6599
v -0.1815 1.0542 0.6564
v -0.1824 1.0467 0.6520
v -0.1705 1.0355 0.7005
v -0.1681 1.0417 0.6951
v -0.1653 1.0328 0.6913
v -0.1700 1.0506 0.6980
v -0.1743 1.0565 0.7024
v -0.1730 1.0588 0.6982
v -0.2039 1.0582 0.6588
v -0.1991 1.0587 0.6583
v -0.1894 1.0587 0.6578
v -0.1811 1.0670 0.6965
v -0.1814 1.0683 0.6892
v -0.1775 1.0666 0.6892
v -0.1930 1.0659 0.7009
v -0.1947 1.0684 0.6889
v -0.1876 1.0680 0.6961
v -0.2045 1.0453 0.7125
v -0.2175 1.0425 0.7109
v -0.2092 1.0497 0.7106
v -0.1891 1.0563 0.7137
v -0.1878 1.0655 0.7033
v -0.1690 1.0559 0.6887
v -0.1683 1.0557 0.6818
v -0.1656 1.0478 0.6875
v -0.2080 1.0048 0.6597
v -0.2088 0.9947 0.6506
v -0.2063 1.0031 0.6513
v -0.2176 1.0223 0.6628
v -0.2269 1.0327 0.6659
v -0.2271 1.0244 0.6711
v -0.2098 1.0047 0.6812
v -0.2162 1.0116 0.6745
v -0.2273 1.0215 0.6819
v -0.2198 1.0269 0.7042
v -0.2249 1.0288 0.7026
v -0.2008 0.9892 0.7048
v -0.2000 0.9970 0.6972
v -0.1917 0.9940 0.7051
v -0.2157 0.9796 0.6662
v -0.2152 0.9803 0.6473
v -0.2116 0.9884 0.6627
v -0.2282 1.0556 0.6889
v -0.2248 1.0586 0.6820
v -0.2169 1.0626 0.6887
v -0.2050 1.0401 0.7114
v -0.1959 1.0312 0.7075
v -0.2108 1.0367 0.7110
v -0.1684 1.0280 0.6609
v -0.1732 1.0223 0.6557
v -0.1701 1.0182 0.6613
v -0.1702 1.0166 0.6816
v -0.1693 1.0130 0.6745
v -0.1629 1.0349 0.6814
v -0.1651 1.0455 0.6707
v -0.1631 1.0348 0.6746
v -0.1840 1.0203 0.6448
v -0.1832 1.0269 0.6472
v -0.1887 1.0203 0.6427
v -0.2042 0.9881 0.5390
v -0.1764 1.0021 0.4738
v -0.1682 1.0032 0.4582
v -0.1606 1.0026 0.4727
v -0.1728 1.0057 0.5643
v -0.1768 1.0064 0.5384
v -0.1625 1.0047 0.5501
v -0.2270 0.9780 0.4150
v -0.1905 1.0107 0.2654
v -0.1934 1.0098 0.2314
v -0.1821 1.0126 0.2445
v -0.0629 0.9494 0.4732
v -0.0629 0.9493 0.4689
v -0.0573 0.9476 0.4727
v -0.0695 0.9572 0.5961
v -0.0533 0.9495 0.5870
v -0.0584 0.9530 0.6054
v -0.0157 0.9345 0.5647
v -0.0054 0.9281 0.4880
v 0.0149 0.9231 0.4965
v -0.0560 0.9601 0.6207
v -0.0493 0.9572 0.6199
v -0.0411 0.9613 0.6251
v -0.0505 0.9504 0.6062
v -0.0948 0.9762 0.4633
v -0.0203 0.9325 0.4651
v -0.0180 0.9341 0.4578
v 0.0588 0.9123 0.4585
v 0.0587 0.9126 0.4500
v 0.0689 0.9125 0.4596
v -0.1039 0.9871 0.4367
v -0.0747 0.9743 0.4076
v 0.0149 0.9343 0.4431
v 0.0224 0.9351 0.4300
v 0.0314 0.9321 0.4378
v 0.0591 0.9176 0.4269
v 0.0640 0.9194 0.4192
v 0.0538 0.9176 0.4254
v 0.0855 0.9208 0.3959
v 0.0942 0.9234 0.3592
v 0.0734 0.9214 0.3787
v 0.0357 0.9097 0.3422
v 0.0552 0.9081 0.3416
v 0.0499 0.9096 0.3519
v 0.0111 0.9348 0.3176
v 0.0112 0.9371 0.3074
v 0.0062 0.9362 0.3198
v -0.0338 0.9507 0.2984
v -0.0264 0.9513 0.2899
v -0.0415 0.9527 0.2959
v -0.0329 0.9335 0.3036
v -0.0329 0.9334 0.2958
v -0.0269 0.9338 0.3038
v -0.0032 0.9336 0.3274
v -0.0041 0.9338 0.3210
v -0.0110 0.9307 0.3269
v -0.0105 0.9326 0.3461
v -0.0108 0.9314 0.3346
v -0.0164 0.9290 0.3420
v -0.0187 0.9440 0.3058
v -0.0073 0.9418 0.3064
v -0.0174 0.9455 0.2965
v -0.0252 0.9418 0.3126
v -0.0253 0.9456 0.3042
v -0.0278 0.9509 0.3008
v -0.0201 0.9489 0.2918
v 0.0049 0.9176 0.3346
v 0.0124 0.9192 0.3347
v 0.0001 0.9188 0.3702
v -0.0006 0.9186 0.3657
v 0.0049 0.9226 0.3707
v 0.0118 0.9229 0.3540
v 0.0192 0.9253 0.3500
v 0.0171 0.9258 0.3565
v 0.0358 0.9096 0.3345
v 0.0320 0.9129 0.3346
v 0.0277 0.9157 0.3270
v 0.0151 0.9159 0.3045
v -0.0482 0.9497 0.2952
v -0.0435 0.9585 0.2931
v -0.0480 0.9571 0.2941
v -0.0575 0.9644 0.2739
v -0.0568 0.9663 0.2666
v -0.0640 0.9622 0.2728
v -0.0711 0.9789 0.2419
v -0.0694 0.9799 0.2348
v 0.0101 0.9563 0.2305
v 0.0031 0.9641 0.2035
v -0.0177 0.9668 0.2191
v -0.0730 0.9635 0.2339
v -0.0659 0.9608 0.2014
v 0.0485 0.9656 0.1351
v 0.0296 0.9660 0.1516
v 0.2201 0.9949 -0.0573
v 0.2208 0.9959 -0.0740
v 0.2034 0.9900 -0.0520
v 0.2044 0.9905 -0.1363
v 0.2147 0.9891 -0.1444
v 0.2045 0.9904 -0.1440
v 0.1893 0.9872 -0.2130
v 0.0552 0.9659 0.0974
v 0.0766 0.9665 0.0771
v -0.0447 0.9561 0.0730
v -0.0492 0.9614 0.0716
v -0.0474 0.9585 0.0685
v -0.0461 0.9712 0.0179
v -0.0323 0.9574 -0.0363
v -0.0354 0.9664 -0.0377
v -0.0119 0.9666 -0.0670
v -0.0080 0.9600 -0.0663
v -0.0107 0.9581 -0.0732
v 0.0518 0.9615 0.0152
v 0.0628 0.9606 -0.0535
v 0.0360 0.9598 -0.0360
v 0.0973 0.9093 0.2153
v 0.0975 0.9117 0.1719
v 0.0132 0.9406 -0.0594
v 0.0151 0.9411 -0.0727
v 0.0513 0.9608 -0.1359
v 0.0269 0.9601 -0.1133
v 0.0286 0.9577 -0.1459
v 0.0287 0.9519 -0.1631
v 0.0217 0.9523 -0.1525
v 0.0233 0.9500 -0.1670
v 0.0233 0.9498 -0.1722
v 0.1337 0.9500 -0.1810
v 0.1296 0.9514 -0.1939
v 0.1064 0.9592 -0.2200
v 0.1028 0.9618 -0.2286
v 0.1132 0.9602 -0.2214
v 0.0519 0.9488 -0.1982
v 0.0383 0.9493 -0.2030
v 0.0440 0.9492 -0.2054
v 0.0627 0.9486 -0.2192
v 0.0717 0.9488 -0.2190
v 0.1197 0.9610 -0.2403
v 0.1187 0.9572 -0.2576
v 0.1052 0.9661 -0.2368
v 0.1682 0.9593 -0.1947
v 0.1659 0.9610 -0.2064
v 0.1750 0.9619 -0.2012
v 0.2021 0.9465 0.0227
v 0.1899 0.9414 0.0201
v 0.1959 0.9504 -0.0382
v 0.1267 0.9103 0.2258
v 0.1363 0.9119 0.2218
v 0.1321 0.9100 0.2617
v 0.1925 0.9286 0.2933
v 0.1943 0.9306 0.3103
v 0.2291 0.9488 0.2632
v 0.2317 0.9550 0.2802
v 0.2282 0.9491 0.2883
v 0.2093 0.9475 0.3243
v 0.2130 0.9514 0.3180
v 0.2055 0.9490 0.3191
v 0.2058 0.9413 0.3186
v 0.2111 0.9456 0.3197
v 0.2079 0.9393 0.3118
v 0.2087 0.9383 0.3054
v 0.2125 0.9439 0.3118
v 0.2212 0.9577 0.2886
v 0.2284 0.9597 0.2884
v 0.2286 0.9643 0.2805
v 0.2287 0.9746 0.2232
v 0.2370 0.9746 0.2074
v 0.2275 0.9756 0.2077
v 0.1659 0.9191 0.2122
v 0.2217 0.9505 0.0925
v 0.2270 0.9572 0.0624
v 0.2590 0.9893 0.0871
v 0.2590 0.9893 0.0828
v 0.2587 0.9908 0.0910
v 0.1929 0.9510 0.3006
v 0.2016 0.9552 0.2885
v 0.1848 0.9490 0.2947
v 0.2308 0.9941 0.0505
v 0.2346 0.9954 0.0401
v 0.2262 0.9943 0.0272
v 0.2302 0.9971 0.0235
v 0.2217 0.9747 -0.0938
v 0.1678 0.9639 -0.2368
v 0.1605 0.9666 -0.2454
v 0.1655 0.9642 -0.2433
v 0.1868 0.9828 -0.2519
v 0.1827 0.9784 -0.2523
v 0.2084 0.9801 -0.1905
v 0.2043 0.9728 -0.1994
v 0.2052 0.9814 -0.1992
v 0.2199 0.9953 -0.0824
v 0.2125 0.9930 -0.0823
v 0.1454 0.9756 0.0537
v 0.1738 0.9815 0.0263
v 0.1517 0.9771 0.0247
v 0.1347 0.9291 0.3491
v 0.1404 0.9333 0.3276
v 0.1229 0.9279 0.3475
v 0.0817 0.9179 0.4281
v 0.1010 0.9151 0.4204
v 0.0899 0.9168 0.4274
v 0.2862 1.0084 0.5482
v 0.3061 1.0221 0.5511
v 0.2980 1.0164 0.5608
v 0.0510 0.9290 0.4385
v 0.0666 0.9258 0.4391
v -0.0012 0.9489 0.3335
v 0.0123 0.9471 0.3207
v 0.0187 0.9430 0.3365
v -0.1545 1.0135 0.2853
v -0.1572 1.0131 0.2315
v -0.1599 1.0173 -0.0056
v -0.1486 1.0205 -0.0478
v -0.1453 1.0170 0.0125
v -0.0861 0.9986 0.1218
v -0.0914 1.0059 0.0231
v 0.0907 0.9514 0.2613
v 0.1000 0.9478 0.2847
v -0.0757 1.0051 -0.0600
v -0.0812 1.0128 -0.1356
v -0.0583 1.0001 -0.0956
v -0.0935 1.0039 -0.3002
v -0.0934 1.0032 -0.3045
v -0.0882 1.0041 -0.2987
v 0.0080 0.9790 -0.1056
v 0.0184 0.9800 -0.2070
v 0.0249 0.9763 -0.1165
v 0.1345 0.9404 0.3894
v 0.1488 0.9397 0.4208
v 0.1717 0.9434 0.4287
v 0.1781 0.9463 0.4238
v 0.2934 1.0053 0.4677
v 0.3119 1.0220 0.5177
v 0.3169 1.0336 0.5520
v 0.3203 1.0323 0.5447
v 0.3223 1.0376 0.5529
v 0.3138 1.0290 0.5564
v 0.3141 1.0276 0.5513
v 0.3141 1.0148 0.4397
v 0.3079 1.0129 0.4265
v 0.3182 1.0171 0.4316
v 0.2857 1.0063 0.3962
v 0.2844 1.0057 0.3700
v 0.3003 1.0147 0.4111
v 0.2303 0.9783 0.3281
v 0.2654 0.9971 0.3056
v 0.1566 0.9859 0.0918
v 0.1562 0.9787 0.1319
v 0.2317 1.0055 0.0840
v 0.2411 1.0122 0.0435
v 0.2574 1.0106 0.1288
v 0.0559 0.9755 -0.1326
v 0.0524 0.9783 -0.2406
v 0.0701 0.9782 -0.2320
v -0.0190 0.9722 -0.3121
v -0.0153 0.9682 -0.3213
v -0.0104 0.9713 -0.3119
v -0.0455 0.9987 -0.2317
v -0.0416 0.9965 -0.2618
v -0.0296 0.9925 -0.2419
v -0.0560 0.9973 -0.2987
v -0.0496 0.9926 -0.3013
v -0.0431 0.9944 -0.2970
v 0.0409 0.9626 -0.3614
v 0.0695 0.9647 -0.3792
v 0.0632 0.9602 -0.3299
v 0.1278 0.9842 -0.2105
v 0.1206 0.9830 -0.2666
v 0.1403 0.9871 -0.2290
v 0.1862 1.0013 -0.2390
v 0.1795 0.9994 -0.2901
v 0.1966 1.0057 -0.2543
v 0.3220 1.0172 0.3008
v 0.3141 1.0156 0.2655
v 0.3270 1.0167 0.2679
v 0.3276 1.0363 0.0214
v 0.3198 1.0403 -0.0208
v 0.3363 1.0231 0.4112
v 0.3447 1.0242 0.5412
v 0.3451 1.0237 0.5167
v 0.3465 1.0195 0.5250
v 0.3215 1.0486 0.5668
v 0.3031 1.0108 0.6287
v 0.3010 1.0132 0.6153
v 0.3073 1.0142 0.6193
v 0.1740 0.9581 0.6356
v 0.1866 0.9591 0.6428
v 0.0250 0.9591 0.6169
v 0.1489 0.9481 0.6118
v 0.1248 0.9377 0.5936
v 0.1605 0.9460 0.6078
v 0.0653 0.9210 0.5415
v 0.0841 0.9184 0.5131
v -0.0364 0.9651 0.6323
v -0.0540 0.9642 0.6279
v -0.0860 0.9642 0.5798
v -0.0908 0.9659 0.5574
v -0.0780 0.9587 0.5626
v -0.1189 0.9795 0.6615
v -0.1311 0.9902 0.6476
v -0.1192 0.9845 0.6458
v -0.2050 0.9827 0.7100
v -0.1494 0.8955 0.7883
v -0.1555 0.9173 0.7816
v -0.1542 0.7890 0.8008
v -0.1573 0.7865 0.7942
v -0.1877 0.5469 0.7885
v -0.1819 0.5646 0.7817
v -0.1797 0.5663 0.7918
v -0.2827 0.3424 0.7695
v -0.2806 0.3603 0.7657
v -0.2776 0.3549 0.7731
v -0.2956 0.3459 0.7276
v -0.2873 0.3639 0.7499
v -0.1735 0.5868 0.7779
v -0.1687 0.6010 0.7761
v -0.1905 0.5179 0.6999
v -0.1934 0.5076 0.6839
v -0.1876 0.5232 0.6870
v -0.2180 0.5305 0.6074
v -0.2175 0.5526 0.6146
v -0.1996 0.5556 0.6441
v -0.2930 0.3736 0.6976
v -0.3035 0.3618 0.6732
v -0.2873 0.3733 0.6810
v -0.2661 0.3872 0.6858
v -0.3220 0.3339 0.6051
v -0.3251 0.3277 0.5864
v -0.3128 0.3401 0.6099
v -0.2748 0.3540 0.5959
v -0.2691 0.3635 0.5742
v -0.2729 0.3564 0.6094
v -0.3574 0.2934 0.5015
v -0.3434 0.2988 0.5036
v -0.2231 0.4891 0.5898
v -0.2296 0.5021 0.5805
v -0.2147 0.5137 0.6089
v -0.2087 0.6966 0.6874
v -0.2148 0.6918 0.6705
v -0.2103 0.7298 0.6973
v -0.2197 0.6629 0.6473
v -0.2212 0.6656 0.6381
v -0.2179 0.6899 0.6580
v -0.1772 0.7497 0.7575
v -0.1705 0.7513 0.7645
v -0.2057 0.7397 0.7099
v -0.2065 0.7623 0.7135
v -0.2177 0.9526 0.6655
v -0.2170 0.9700 0.6677
v -0.2372 0.9053 0.6276
v -0.2306 0.9169 0.6280
v -0.2350 0.9154 0.6312
v -0.2318 0.9098 0.6444
v -0.2279 0.9167 0.6450
v -0.2234 0.9141 0.6485
v -0.2294 0.8975 0.6442
v -0.2330 0.9033 0.6451
v -0.2261 0.9047 0.6459
v -0.2553 0.8445 0.6353
v -0.2582 0.8453 0.6302
v -0.2654 0.8312 0.6314
v -0.2455 0.8645 0.6350
v -0.2416 0.8729 0.6307
v -0.2463 0.8640 0.6312
v -0.2268 0.8890 0.6231
v -0.2208 0.8802 0.6132
v -0.2240 0.9187 0.6222
v -0.2644 0.8528 0.6292
v -0.2603 0.8593 0.6274
v -0.2622 0.8607 0.6315
v -0.2582 0.8689 0.6386
v -0.2610 0.8628 0.6359
v -0.2575 0.8720 0.6351
v -0.2847 0.8132 0.6281
v -0.2769 0.8221 0.6277
v -0.2837 0.8176 0.6274
v -0.2859 0.7984 0.6289
v -0.2793 0.8085 0.6276
v -0.2848 0.8065 0.6277
v -0.2898 0.7888 0.6400
v -0.2865 0.7915 0.6388
v -0.2896 0.7846 0.6353
v -0.3131 0.7690 0.6384
v -0.3114 0.7747 0.6321
v -0.3081 0.7785 0.6353
v -0.3229 0.7454 0.6280
v -0.3181 0.7500 0.6273
v -0.3197 0.7537 0.6291
v -0.3118 0.7446 0.6348
v -0.3108 0.7465 0.6312
v -0.3134 0.7436 0.6298
v -0.3422 0.7204 0.6315
v -0.3383 0.7242 0.6306
v -0.3379 0.7244 0.6391
v -0.3269 0.7169 0.6318
v -0.3310 0.7157 0.6293
v -0.3313 0.7113 0.6321
v -0.3450 0.6898 0.6389
v -0.3438 0.6963 0.6405
v -0.3407 0.6954 0.6380
v -0.3605 0.6677 0.6272
v -0.3626 0.6745 0.6275
v -0.3698 0.6599 0.6271
v -0.3907 0.6119 0.6389
v -0.3896 0.6188 0.6403
v -0.3871 0.6150 0.6377
v -0.4218 0.5805 0.6270
v -0.4161 0.5919 0.6310
v -0.4194 0.5891 0.6318
v -0.4217 0.5580 0.6396
v -0.4161 0.5661 0.6391
v -0.4182 0.5611 0.6383
v -0.4225 0.5687 0.6266
v -0.4249 0.5763 0.6299
v -0.4297 0.5656 0.6270
v -0.4438 0.5468 0.6346
v -0.4465 0.5398 0.6312
v -0.4422 0.5502 0.6325
v -0.4715 0.5004 0.6298
v -0.4680 0.5032 0.6273
v -0.4657 0.5116 0.6322
v -0.4290 0.5439 0.6348
v -0.4267 0.5464 0.6314
v -0.4316 0.5413 0.6310
v -0.4519 0.5110 0.6395
v -0.4567 0.5171 0.6412
v -0.4509 0.5184 0.6414
v -0.4668 0.4886 0.6282
v -0.4590 0.5034 0.6281
v -0.4715 0.4946 0.6282
v -0.4652 0.4852 0.6377
v -0.4661 0.4949 0.6415
v -0.4603 0.4964 0.6393
v -0.4871 0.4704 0.6406
v -0.4857 0.4767 0.6388
v -0.4813 0.4716 0.6417
v -0.5048 0.4333 0.6413
v -0.5037 0.4403 0.6415
v -0.4992 0.4351 0.6391
v -0.4979 0.4594 0.6380
v -0.4998 0.4553 0.6318
v -0.4942 0.4667 0.6348
v -0.4687 0.4817 0.6389
v -0.4659 0.4860 0.6325
v -0.4717 0.4758 0.6384
v -0.5330 0.3867 0.6284
v -0.5187 0.4112 0.6277
v -0.5319 0.3973 0.6280
v -0.5213 0.4031 0.6399
v -0.5177 0.4059 0.6387
v -0.5211 0.3990 0.6352
v -0.5164 0.4300 0.6386
v -0.5133 0.4355 0.6380
v -0.5107 0.4321 0.6409
v -0.5262 0.4090 0.6411
v -0.5203 0.4101 0.6414
v -0.5378 0.3951 0.6276
v -0.5302 0.4054 0.6290
v -0.5312 0.4080 0.6319
v -0.5642 0.3498 0.6277
v -0.5619 0.3583 0.6286
v -0.5691 0.3489 0.6272
v -0.5429 0.3790 0.6413
v -0.5416 0.3858 0.6409
v -0.5367 0.3799 0.6395
v -0.5573 0.3628 0.6409
v -0.5597 0.3667 0.6380
v -0.5560 0.3696 0.6390
v -0.5740 0.3329 0.6409
v -0.5784 0.3377 0.6385
v -0.5726 0.3397 0.6407
v -0.5838 0.3114 0.6388
v -0.5825 0.3178 0.6404
v -0.5792 0.3169 0.6380
v -0.5997 0.3091 0.6376
v -0.5972 0.3146 0.6345
v -0.5943 0.3150 0.6385
v -0.5920 0.2969 0.6339
v -0.5866 0.3056 0.6379
v -0.5887 0.3003 0.6315
v -0.5995 0.2890 0.6380
v -0.5981 0.2951 0.6398
v -0.5947 0.2943 0.6375
v -0.6096 0.2750 0.6374
v -0.6109 0.2714 0.6333
v -0.6137 0.2722 0.6381
v -0.6265 0.2635 0.6378
v -0.6258 0.2704 0.6375
v -0.6208 0.2643 0.6374
v -0.6481 0.2247 0.6029
v -0.6507 0.2217 0.5955
v -0.6445 0.2221 0.5967
v -0.6430 0.2071 0.5562
v -0.6380 0.2121 0.5539
v -0.6397 0.2143 0.5506
v -0.6256 0.1942 0.6052
v -0.6296 0.1950 0.5941
v -0.6281 0.1846 0.6031
v -0.6569 0.2068 0.5839
v -0.6534 0.2038 0.5728
v -0.6513 0.2186 0.5687
v -0.6666 0.1980 0.6127
v -0.6631 0.2077 0.6117
v -0.6622 0.2079 0.6197
v -0.6562 0.2164 0.5895
v -0.6597 0.2161 0.5974
v -0.6480 0.2399 0.6273
v -0.6460 0.2391 0.6215
v -0.6408 0.2470 0.6280
v -0.6296 0.2490 0.6372
v -0.6263 0.2516 0.6354
v -0.6274 0.2458 0.6361
v -0.6308 0.2291 0.6140
v -0.6380 0.2251 0.6055
v -0.6317 0.2223 0.6081
v -0.6201 0.1981 0.6167
v -0.6205 0.1908 0.6169
v -0.6291 0.1808 0.6070
v -0.6407 0.1816 0.5817
v -0.6401 0.1711 0.5953
v -0.6544 0.1634 0.5866
v -0.6517 0.1658 0.5849
v -0.6568 0.1661 0.5840
v -0.6709 0.1645 0.6317
v -0.6728 0.1710 0.6202
v -0.6730 0.1675 0.6354
v -0.6500 0.2280 0.6524
v -0.6535 0.2338 0.6459
v -0.6496 0.2349 0.6465
v -0.6178 0.2012 0.6349
v -0.6180 0.2008 0.6281
v -0.6182 0.1947 0.6279
v -0.6339 0.2096 0.6644
v -0.6372 0.2158 0.6601
v -0.6328 0.2175 0.6559
v -0.6519 0.2153 0.6758
v -0.6558 0.2148 0.6680
v -0.6506 0.2155 0.6674
v -0.6500 0.1685 0.6756
v -0.6427 0.1784 0.6705
v -0.6491 0.1657 0.6714
v -0.6524 0.1586 0.6652
v -0.6521 0.1575 0.6537
v -0.6582 0.1580 0.6590
v -0.6648 0.1975 0.6643
v -0.6660 0.2031 0.6545
v -0.6628 0.2077 0.6612
v -0.6426 0.2079 0.6988
v -0.6417 0.2038 0.6946
v -0.6465 0.2050 0.7000
v -0.6604 0.1894 0.6868
v -0.6638 0.1858 0.6763
v -0.6616 0.1983 0.6858
v -0.6568 0.1846 0.6894
v -0.6524 0.1771 0.6827
v -0.6606 0.1734 0.6810
v -0.6467 0.2140 0.6967
v -0.6478 0.2160 0.6931
v -0.6424 0.2120 0.6992
v -0.6457 0.1634 0.6589
v -0.6468 0.1586 0.6514
v -0.6366 0.2085 0.6810
v -0.6348 0.2023 0.6727
v -0.6690 0.1668 0.6051
v -0.6707 0.1711 0.6054
v -0.6409 0.1555 0.6243
v -0.6386 0.1586 0.6220
v -0.6473 0.1556 0.6222
v -0.6302 0.2300 0.6475
v -0.6311 0.2403 0.6405
v -0.6270 0.2328 0.6408
v -0.6579 0.2247 0.6140
v -0.6555 0.2288 0.6140
v -0.6532 0.2334 0.6170
v -0.6659 0.1711 0.5912
v -0.6610 0.1674 0.5856
v -0.6602 0.1747 0.5831
v -0.6262 0.2019 0.6031
v -0.6298 0.2081 0.5943
v -0.6290 0.2016 0.5939
v -0.6384 0.2186 0.5883
v -0.6420 0.2196 0.5807
v -0.6341 0.2175 0.5782
v -0.6316 0.2536 0.6361
v -0.6272 0.2565 0.6362
v -0.6115 0.2859 0.6400
v -0.6105 0.2927 0.6386
v -0.6054 0.2872 0.6399
v -0.5969 0.3018 0.6407
v -0.5873 0.3237 0.6389
v -0.5912 0.3210 0.6378
v -0.5830 0.3323 0.6377
v -0.5832 0.3231 0.6261
v -0.5712 0.3356 0.6278
v -0.5728 0.3405 0.6273
v -0.5179 0.4240 0.6403
v -0.5120 0.4252 0.6416
v -0.5393 0.3823 0.6284
v -0.5407 0.3874 0.6284
v -0.5094 0.4388 0.6393
v -0.4827 0.4826 0.6382
v -0.4800 0.4785 0.6412
v -0.4591 0.5030 0.6410
v -0.4571 0.4994 0.6356
v -0.4410 0.5408 0.6417
v -0.4363 0.5419 0.6415
v -0.4369 0.5346 0.6394
v -0.4066 0.5827 0.6302
v -0.4094 0.5838 0.6270
v -0.4098 0.5793 0.6272
v -0.4044 0.6131 0.6374
v -0.4129 0.5984 0.6380
v -0.4011 0.6162 0.6385
v -0.4329 0.5637 0.6351
v -0.4352 0.5574 0.6299
v -0.4294 0.5693 0.6320
v -0.4349 0.5482 0.6422
v -0.4101 0.6007 0.6295
v -0.3805 0.6411 0.6254
v -0.3794 0.6527 0.6296
v -0.3829 0.6444 0.6279
v -0.3536 0.6735 0.6305
v -0.3453 0.6884 0.6312
v -0.3547 0.6815 0.6281
v -0.3667 0.6575 0.6404
v -0.3656 0.6646 0.6413
v -0.3633 0.6561 0.6380
v -0.3757 0.6356 0.6383
v -0.3732 0.6360 0.6345
v -0.3786 0.6292 0.6379
v -0.3851 0.6198 0.6383
v -0.3885 0.6258 0.6410
v -0.3823 0.6265 0.6391
v -0.4022 0.6165 0.6293
v -0.3760 0.6579 0.6269
v -0.3695 0.6668 0.6278
v -0.3722 0.6665 0.6311
v -0.3515 0.6805 0.6397
v -0.3564 0.6869 0.6410
v -0.3506 0.6880 0.6413
v -0.3504 0.7054 0.6379
v -0.3552 0.6982 0.6347
v -0.3471 0.7086 0.6391
v -0.3277 0.7442 0.6378
v -0.3241 0.7475 0.6392
v -0.3253 0.7407 0.6408
v -0.3358 0.7298 0.6382
v -0.3350 0.7330 0.6349
v -0.3270 0.7278 0.6277
v -0.3231 0.7380 0.6262
v -0.3355 0.7282 0.6277
v -0.2853 0.7952 0.6320
v -0.2902 0.7878 0.6304
v -0.3067 0.7571 0.6309
v -0.3030 0.7615 0.6314
v -0.3013 0.7701 0.6275
v -0.3033 0.7892 0.6364
v -0.3035 0.7897 0.6322
v -0.2989 0.7939 0.6387
v -0.2704 0.8207 0.6392
v -0.2638 0.8305 0.6354
v -0.2722 0.8163 0.6384
v -0.2775 0.8153 0.6282
v -0.2483 0.8622 0.6276
v -0.2544 0.8539 0.6287
v -0.2494 0.8550 0.6316
v -0.2357 0.8812 0.6398
v -0.2252 0.8822 0.6351
v -0.2354 0.8813 0.6350
v -0.2493 0.8727 0.6261
v -0.2414 0.8896 0.6271
v -0.2494 0.8797 0.6282
v -0.2092 0.8239 0.6804
v -0.2098 0.8508 0.6888
v -0.2000 0.7565 0.6105
v -0.2026 0.7907 0.6373
v -0.2229 0.8729 0.6269
v -0.2205 0.8632 0.6193
v -0.2224 0.8732 0.6204
v -0.2085 0.6004 0.5271
v -0.2027 0.5847 0.5009
v -0.1993 0.6057 0.5133
v -0.2592 0.4970 0.5128
v -0.2545 0.5184 0.5183
v -0.1916 0.6176 0.4990
v -0.1891 0.6074 0.4795
v -0.1891 0.6340 0.4967
v -0.1870 0.6045 0.3510
v -0.1884 0.6156 0.3244
v -0.1903 0.6313 0.3593
v -0.1945 0.5240 0.1982
v -0.1886 0.5412 0.2008
v -0.1942 0.5238 0.2598
v -0.2281 0.4511 0.2457
v -0.2288 0.4556 0.1884
v -0.2204 0.4651 0.2372
v -0.2988 0.4049 0.0039
v -0.2862 0.4268 -0.0063
v -0.2749 0.4332 0.0183
v -0.3811 0.2900 -0.0136
v -0.3930 0.2765 -0.0183
v -0.3679 0.3189 -0.0322
v -0.4868 0.2121 -0.0563
v -0.4807 0.2202 -0.0611
v -0.4723 0.2271 -0.0609
v -0.4082 0.2515 0.0074
v -0.4076 0.2547 -0.0060
v -0.4002 0.2601 0.0018
v -0.3127 0.3586 0.0766
v -0.3299 0.3406 0.0544
v -0.3094 0.3692 0.0579
v -0.2991 0.3619 0.1557
v -0.3246 0.3340 0.1255
v -0.3213 0.3389 0.1155
v -0.4377 0.2181 0.0556
v -0.4427 0.2196 0.0234
v -0.4308 0.2276 0.0618
v -0.4166 0.2383 0.1043
v -0.4202 0.2391 0.0710
v -0.3918 0.2653 0.1234
v -0.2954 0.3643 0.2167
v -0.3214 0.3369 0.1448
v -0.2804 0.3809 0.1982
v -0.3008 0.3638 0.2651
v -0.2716 0.3926 0.2618
v -0.2651 0.4027 0.2824
v -0.3132 0.3620 0.3188
v -0.3141 0.3555 0.2954
v -0.3075 0.3665 0.3086
v -0.3178 0.3535 0.3304
v -0.3193 0.3505 0.3117
v -0.3110 0.3677 0.3332
v -0.3742 0.2756 0.1807
v -0.3625 0.2894 0.1953
v -0.3622 0.2810 0.2161
v -0.4037 0.2123 0.2575
v -0.4008 0.2128 0.2501
v -0.3955 0.2175 0.2569
v -0.3887 0.2267 0.2722
v -0.3921 0.2236 0.2622
v -0.3831 0.2360 0.2555
v -0.3697 0.2515 0.3190
v -0.3766 0.2420 0.2965
v -0.3589 0.2633 0.3228
v -0.3779 0.2510 0.3421
v -0.3847 0.2418 0.3200
v -0.3769 0.2475 0.3279
v -0.4136 0.2391 0.3267
v -0.4237 0.2310 0.3029
v -0.4086 0.2365 0.3169
v -0.4368 0.2292 0.4040
v -0.4402 0.2280 0.3794
v -0.4297 0.2380 0.3677
v -0.4646 0.2100 0.4042
v -0.4668 0.2065 0.3948
v -0.4645 0.2095 0.3964
v -0.4612 0.2172 0.4089
v -0.4652 0.2169 0.4044
v -0.4577 0.2182 0.4032
v -0.4572 0.2199 0.4270
v -0.4579 0.2185 0.4197
v -0.4492 0.2212 0.4235
v -0.4559 0.2160 0.4543
v -0.4578 0.2165 0.4427
v -0.4537 0.2221 0.4499
v -0.4862 0.1930 0.4337
v -0.4813 0.1960 0.4307
v -0.4821 0.1980 0.4375
v -0.4766 0.2082 0.4538
v -0.4854 0.2087 0.4478
v -0.4819 0.2056 0.4452
v -0.4715 0.2125 0.4674
v -0.4784 0.2100 0.4595
v -0.4655 0.2093 0.4641
v -0.4486 0.2401 0.5175
v -0.4504 0.2389 0.5135
v -0.4434 0.2384 0.5221
v -0.4480 0.2474 0.5481
v -0.4453 0.2430 0.5405
v -0.4432 0.2463 0.5518
v -0.4932 0.2223 0.5046
v -0.4911 0.2163 0.4865
v -0.4866 0.2246 0.5003
v -0.4932 0.1838 0.4425
v -0.4983 0.1767 0.4226
v -0.4933 0.1840 0.4348
v -0.4978 0.1530 0.4372
v -0.5015 0.1492 0.4262
v -0.5040 0.1554 0.4273
v -0.4474 0.1590 0.4364
v -0.4538 0.1599 0.4262
v -0.4607 0.1531 0.4266
v -0.4258 0.1679 0.4484
v -0.4368 0.1661 0.4402
v -0.4353 0.1595 0.4493
v -0.4716 0.1542 0.4561
v -0.4891 0.1620 0.4509
v -0.4936 0.1730 0.4560
v -0.4715 0.1790 0.4689
v -0.4812 0.1884 0.4714
v -0.4717 0.1860 0.4726
v -0.4480 0.1970 0.5027
v -0.4464 0.1883 0.4942
v -0.4499 0.1934 0.4943
v -0.4348 0.1552 0.4731
v -0.4299 0.1547 0.4659
v -0.4358 0.1529 0.4651
v -0.4268 0.1799 0.5102
v -0.4319 0.1800 0.5034
v -0.4343 0.1870 0.5106
v -0.4732 0.2130 0.5572
v -0.4595 0.2103 0.5452
v -0.4690 0.2115 0.5470
v -0.4891 0.1957 0.4783
v -0.4856 0.1884 0.4714
v -0.4896 0.1898 0.4704
v -0.4734 0.2248 0.5234
v -0.4883 0.2261 0.5115
v -0.4729 0.2262 0.5045
v -0.4466 0.2571 0.5660
v -0.4477 0.2525 0.5585
v -0.4416 0.2563 0.5630
v -0.4071 0.2530 0.5317
v -0.4051 0.2532 0.5219
v -0.3917 0.2643 0.5449
v -0.4268 0.2366 0.4903
v -0.4257 0.2358 0.4755
v -0.4185 0.2391 0.4812
v -0.4360 0.2347 0.4943
v -0.4417 0.2316 0.4829
v -0.4351 0.2323 0.4772
v -0.3835 0.2734 0.5275
v -0.3922 0.2660 0.5060
v -0.3760 0.2827 0.5223
v -0.3976 0.2701 0.5866
v -0.3808 0.2707 0.5817
v -0.3819 0.2704 0.5918
v -0.4085 0.2629 0.5995
v -0.4122 0.2662 0.5955
v -0.4020 0.2654 0.5959
v -0.4516 0.2583 0.5812
v -0.4578 0.2489 0.5663
v -0.4499 0.2573 0.5714
v -0.4868 0.2243 0.5345
v -0.4920 0.2252 0.5215
v -0.4811 0.2246 0.5355
v -0.4846 0.2153 0.5575
v -0.4748 0.2124 0.5434
v -0.4817 0.2143 0.5388
v -0.4652 0.2326 0.5682
v -0.4632 0.2388 0.5693
v -0.4579 0.2339 0.5675
v -0.4270 0.2120 0.5501
v -0.4339 0.2089 0.5433
v -0.4351 0.2177 0.5507
v -0.4247 0.1843 0.5252
v -0.4239 0.1827 0.5201
v -0.4322 0.1910 0.5259
v -0.3930 0.1784 0.5161
v -0.3821 0.1739 0.5031
v -0.3880 0.1735 0.5037
v -0.3798 0.1893 0.5580
v -0.3825 0.1939 0.5558
v -0.3878 0.1941 0.5587
v -0.4272 0.2238 0.5656
v -0.4274 0.2234 0.5607
v -0.4324 0.2274 0.5650
v -0.4521 0.2434 0.5766
v -0.4528 0.2470 0.5801
v -0.4484 0.2436 0.5799
v -0.4168 0.2596 0.6333
v -0.4353 0.2634 0.6253
v -0.4154 0.2628 0.6242
v -0.3935 0.2518 0.6564
v -0.3887 0.2514 0.6482
v -0.3813 0.2498 0.6589
v -0.3410 0.2531 0.6925
v -0.3346 0.2553 0.6851
v -0.3138 0.2551 0.6920
v -0.4303 0.2403 0.7077
v -0.4459 0.2403 0.6930
v -0.4184 0.2437 0.7037
v -0.3180 0.2506 0.7476
v -0.3098 0.2539 0.7278
v -0.3103 0.2537 0.7516
v -0.3286 0.2372 0.7828
v -0.3253 0.2413 0.7859
v -0.3229 0.2325 0.7814
v -0.3970 0.2326 0.7405
v -0.4133 0.2352 0.7257
v -0.3942 0.2377 0.7367
v -0.4547 0.2449 0.6667
v -0.4597 0.2460 0.6581
v -0.4490 0.2473 0.6619
v -0.4444 0.2426 0.6070
v -0.4434 0.2422 0.5945
v -0.4502 0.2523 0.6050
v -0.4205 0.2147 0.5659
v -0.4223 0.2133 0.5577
v -0.4539 0.2414 0.6440
v -0.4510 0.2442 0.6304
v -0.4573 0.2507 0.6397
v -0.4073 0.2083 0.6287
v -0.3946 0.1996 0.6132
v -0.4084 0.2068 0.6118
v -0.3893 0.1906 0.5741
v -0.3928 0.1946 0.5660
v -0.3991 0.1985 0.5748
v -0.3883 0.2032 0.6425
v -0.3897 0.2007 0.6300
v -0.3992 0.2087 0.6389
v -0.4403 0.2251 0.6659
v -0.4386 0.2251 0.6540
v -0.4466 0.2273 0.6665
v -0.4525 0.2226 0.6892
v -0.4488 0.2218 0.6834
v -0.4529 0.2237 0.6830
v -0.4272 0.2227 0.6825
v -0.4313 0.2249 0.6792
v -0.4342 0.2220 0.6822
v -0.4255 0.2090 0.7056
v -0.4260 0.2125 0.6994
v -0.4329 0.2124 0.7046
v -0.3599 0.1779 0.6518
v -0.3666 0.1844 0.6424
v -0.3739 0.1933 0.6611
v -0.3466 0.1534 0.5909
v -0.3486 0.1623 0.5891
v -0.3483 0.1628 0.6004
v -0.3500 0.1464 0.6592
v -0.3536 0.1425 0.6130
v -0.3480 0.1495 0.6313
v -0.3400 0.1613 0.6740
v -0.3419 0.1557 0.6545
v -0.3411 0.1623 0.6507
v -0.3781 0.1884 0.6825
v -0.3716 0.1872 0.6753
v -0.3760 0.1916 0.6753
v -0.4132 0.2013 0.7392
v -0.4170 0.2045 0.7344
v -0.4155 0.2048 0.7405
v -0.3755 0.1773 0.6956
v -0.3688 0.1767 0.6847
v -0.3759 0.1831 0.6870
v -0.3491 0.1458 0.6880
v -0.3345 0.1627 0.7126
v -0.3345 0.1627 0.7255
v -0.3544 0.1831 0.7310
v -0.3492 0.1809 0.7260
v -0.3563 0.1802 0.7238
v -0.3743 0.1214 0.7163
v -0.3701 0.1248 0.6900
v -0.3630 0.1330 0.7123
v -0.4140 0.2110 0.7435
v -0.4048 0.2178 0.7451
v -0.4059 0.2094 0.7469
v -0.4223 0.2235 0.7311
v -0.4131 0.2287 0.7328
v -0.4141 0.2220 0.7380
v -0.3844 0.1941 0.6814
v -0.3874 0.1898 0.6933
v -0.3489 0.1485 0.6134
v -0.3457 0.1529 0.6197
v -0.3897 0.2012 0.6768
v -0.3744 0.1929 0.6668
v -0.3856 0.2010 0.6680
v -0.4132 0.2166 0.6873
v -0.4065 0.2164 0.6745
v -0.4175 0.2200 0.6828
v -0.3963 0.2094 0.6734
v -0.3937 0.2085 0.6618
v -0.4063 0.2168 0.6662
v -0.4515 0.2318 0.6613
v -0.4509 0.2356 0.6493
v -0.4602 0.2410 0.6595
v -0.4379 0.2555 0.6442
v -0.4438 0.2592 0.6337
v -0.4417 0.2623 0.6284
v -0.4425 0.2468 0.6630
v -0.4497 0.2529 0.6491
v -0.3583 0.2410 0.7614
v -0.3573 0.2442 0.7554
v -0.3444 0.2457 0.7681
v -0.3160 0.2448 0.7895
v -0.3224 0.2479 0.7880
v -0.3615 0.2501 0.6984
v -0.3803 0.2505 0.6758
v -0.3611 0.2524 0.6849
v -0.3561 0.2578 0.6759
v -0.3626 0.2604 0.6708
v -0.3557 0.2608 0.6726
v -0.4501 0.2408 0.5735
v -0.4052 0.1915 0.5409
v -0.4097 0.1991 0.5500
v -0.4027 0.1963 0.5499
v -0.4622 0.2155 0.5599
v -0.4508 0.2224 0.5570
v -0.4533 0.2166 0.5537
v -0.4651 0.2385 0.5639
v -0.4606 0.2422 0.5688
v -0.3975 0.2686 0.5681
v -0.3882 0.2677 0.5584
v -0.3807 0.2704 0.5658
v -0.4340 0.2675 0.5752
v -0.4417 0.2652 0.5745
v -0.4271 0.2633 0.5661
v -0.4841 0.2141 0.5248
v -0.4750 0.2098 0.5163
v -0.4838 0.2106 0.5091
v -0.4337 0.1541 0.4592
v -0.4428 0.1516 0.4644
v -0.4475 0.1845 0.4916
v -0.4504 0.1752 0.4839
v -0.4657 0.1807 0.4739
v -0.4498 0.1514 0.4637
v -0.4436 0.1503 0.4578
v -0.4520 0.1484 0.4556
v -0.4686 0.1478 0.4517
v -0.4825 0.1475 0.4435
v -0.4539 0.2490 0.5515
v -0.4532 0.2447 0.5405
v -0.4491 0.2355 0.5038
v -0.4423 0.2367 0.5129
v -0.4705 0.2077 0.4534
v -0.4592 0.2095 0.4583
v -0.4584 0.2110 0.4444
v -0.4676 0.2200 0.4297
v -0.4669 0.2153 0.4249
v -0.4714 0.2207 0.4253
v -0.4052 0.2517 0.3713
v -0.4130 0.2437 0.3445
v -0.3933 0.2529 0.3628
v -0.3964 0.2170 0.2653
v -0.3723 0.2572 0.2254
v -0.3660 0.2647 0.2323
v -0.3066 0.3791 0.3572
v -0.3020 0.3860 0.3513
v -0.2939 0.4071 0.3826
v -0.2015 0.5029 0.3183
v -0.2055 0.4924 0.2534
v -0.1945 0.5207 0.3286
v -0.2426 0.4284 0.2654
v -0.2585 0.4074 0.2348
v -0.2488 0.4206 0.2342
v -0.4361 0.1925 0.1011
v -0.4413 0.1949 0.0785
v -0.4329 0.2067 0.1043
v -0.4729 0.2012 -0.0293
v -0.4774 0.2040 -0.0368
v -0.4677 0.2099 -0.0306
v -0.4745 0.1764 -0.0263
v -0.4800 0.1741 -0.0355
v -0.4782 0.1842 -0.0312
v -0.4669 0.1531 -0.0067
v -0.4712 0.1539 -0.0189
v -0.4642 0.1737 -0.0045
v -0.4719 0.1673 -0.0216
v -0.4796 0.1621 -0.0386
v -0.4310 0.1899 0.1228
v -0.4347 0.1859 0.1076
v -0.4265 0.2048 0.1362
v -0.4177 0.1919 0.1931
v -0.4192 0.1883 0.1796
v -0.4152 0.1991 0.1878
v -0.3456 0.3127 0.1895
v -0.3611 0.2965 0.1389
v -0.3383 0.3192 0.1461
v -0.4550 0.2174 -0.0195
v -0.4613 0.2177 -0.0323
v -0.4470 0.2275 -0.0276
v -0.2598 0.4615 0.0001
v -0.2146 0.4848 0.1573
v -0.2159 0.4762 0.2090
v -0.1851 0.5946 0.4101
v -0.1856 0.5669 0.3620
v -0.1858 0.5881 0.3601
v -0.2703 0.4227 0.3557
v -0.2546 0.4299 0.3367
v -0.2509 0.4396 0.3526
v -0.2686 0.4146 0.4950
v -0.2601 0.4384 0.5122
v -0.2518 0.4308 0.5306
v -0.2880 0.4179 0.4386
v -0.2905 0.4154 0.4258
v -0.3576 0.2639 0.2947
v -0.4016 0.2588 0.4556
v -0.4132 0.2500 0.4164
v -0.4004 0.2603 0.4321
v -0.3675 0.2766 0.6415
v -0.3682 0.2802 0.6271
v -0.3586 0.2816 0.6263
v -0.3670 0.2487 0.6473
v -0.3672 0.2491 0.6350
v -0.3646 0.2572 0.6423
v -0.3708 0.2688 0.6213
v -0.3722 0.2632 0.6190
v -0.3657 0.2649 0.6512
v -0.3656 0.2637 0.6429
v -0.3666 0.2708 0.6500
v -0.3665 0.2797 0.6066
v -0.3628 0.2820 0.5988
v -0.3610 0.2826 0.6081
v -0.3262 0.2871 0.6437
v -0.3027 0.2669 0.7285
v -0.2966 0.2778 0.7588
v -0.3041 0.2282 0.7722
v -0.2970 0.2210 0.7692
v -0.3841 0.2229 0.7545
v -0.3626 0.1438 0.7650
v -0.3611 0.1398 0.7549
v -0.3553 0.1498 0.7647
v -0.3977 0.1010 0.7590
v -0.4055 0.0883 0.7472
v -0.3955 0.0988 0.7314
v -0.3926 0.0444 0.5527
v -0.3740 0.0088 0.7815
v -0.3880 0.0114 0.7909
v -0.3192 0.0693 0.7672
v -0.2394 0.1698 0.7836
v -0.2087 0.2280 0.7227
v -0.2008 0.2363 0.6968
v -0.2096 0.2264 0.7085
v -0.1580 0.2843 0.7260
v -0.1764 0.2629 0.7104
v -0.1805 0.2586 0.7373
v -0.2078 0.2277 0.7594
v -0.2061 0.2304 0.7452
v -0.2114 0.2247 0.7593
v -0.1483 0.2777 0.7815
v -0.1462 0.2863 0.7790
v -0.1534 0.2780 0.7784
v -0.0702 0.3880 0.7659
v -0.0684 0.3909 0.7516
v -0.0752 0.3827 0.7644
v -0.0417 0.4237 0.7551
v -0.0003 0.4355 0.6721
v -0.0050 0.4385 0.6692
v 0.0243 0.4127 0.6964
v 0.0172 0.4199 0.6927
v 0.1255 0.2894 0.7590
v 0.1232 0.2927 0.7409
v 0.1221 0.2951 0.7588
v 0.1701 0.2179 0.6759
v 0.1714 0.2226 0.6764
v 0.1347 0.1962 0.6722
v 0.1443 0.1944 0.6654
v 0.1356 0.1940 0.6653
v 0.1056 0.1915 0.6617
v 0.1077 0.1833 0.6426
v 0.1017 0.1947 0.6464
v 0.1019 0.2281 0.6497
v 0.0974 0.2304 0.6349
v 0.0957 0.2397 0.6481
v 0.1161 0.2158 0.6737
v 0.1130 0.2210 0.6679
v 0.1151 0.2254 0.6720
v 0.1233 0.2019 0.6819
v 0.1196 0.2001 0.6810
v 0.1190 0.2058 0.6816
v 0.1283 0.1999 0.6826
v 0.1227 0.2083 0.6828
v 0.1297 0.2091 0.6854
v 0.1509 0.2107 0.6847
v 0.1441 0.2165 0.6867
v 0.1512 0.2170 0.6863
v 0.1667 0.2113 0.6725
v 0.1721 0.2090 0.6683
v 0.1633 0.2086 0.6691
v 0.2710 0.0987 0.7297
v 0.2723 0.1053 0.7195
v 0.2742 0.1099 0.7263
v 0.2745 0.1114 0.7161
v 0.2702 0.1042 0.7082
v 0.2831 0.0705 0.6824
v 0.2796 0.0719 0.6721
v 0.2745 0.0804 0.6825
v 0.2950 0.0517 0.6436
v 0.2893 0.0559 0.6424
v 0.3265 0.0295 0.6360
v 0.3279 0.0312 0.6088
v 0.3219 0.0279 0.6317
v 0.3764 0.0638 0.5500
v 0.3760 0.0684 0.5297
v 0.3756 0.0616 0.5367
v 0.3648 0.0841 0.4120
v 0.3655 0.0783 0.4044
v 0.3049 0.0395 0.4946
v 0.2986 0.0467 0.5010
v 0.3013 0.0437 0.5039
v 0.2677 0.0346 0.5797
v 0.2747 0.0388 0.5424
v 0.2679 0.0355 0.5623
v 0.2916 0.0511 0.6354
v 0.2650 0.0371 0.5707
v 0.2746 0.0400 0.4996
v 0.2772 0.0434 0.4777
v 0.2149 0.1397 0.6603
v 0.2165 0.1359 0.6573
v 0.2109 0.1422 0.6600
v 0.1505 0.1719 0.6603
v 0.1561 0.1626 0.6470
v 0.1488 0.1684 0.6487
v 0.1365 0.1748 0.6409
v 0.1416 0.1690 0.6352
v 0.1426 0.1668 0.5929
v 0.1594 0.1457 0.3781
v 0.2363 0.1247 0.5163
v 0.2349 0.1233 0.5059
v 0.2310 0.1242 0.5220
v 0.2691 0.1084 0.6734
v 0.2667 0.1098 0.6651
v 0.2714 0.1182 0.6739
v 0.2618 0.1173 0.5853
v 0.2670 0.1218 0.5811
v 0.2670 0.1213 0.5947
v 0.2498 0.1388 0.5892
v 0.2516 0.1390 0.5814
v 0.2507 0.1374 0.6586
v 0.1736 0.1775 0.6693
v 0.1778 0.1787 0.6672
v 0.1985 0.1986 0.6583
v 0.1913 0.2021 0.6628
v 0.2226 0.1791 0.6512
v 0.2224 0.1813 0.6276
v 0.2211 0.1824 0.6432
v 0.1896 0.1776 0.6275
v 0.1899 0.1850 0.5898
v 0.1902 0.1785 0.5927
v 0.1953 0.1775 0.5704
v 0.1928 0.1818 0.5595
v 0.1895 0.1865 0.4421
v 0.1945 0.1841 0.4346
v 0.1989 0.1777 0.4424
v 0.2248 0.1653 0.4937
v 0.2222 0.1695 0.4953
v 0.2044 0.1863 0.3806
v 0.1982 0.1818 0.3826
v 0.2235 0.1723 0.4411
v 0.2210 0.1792 0.4232
v 0.2207 0.1822 0.4432
v 0.2296 0.1567 0.3649
v 0.2295 0.1568 0.3572
v 0.2410 0.1514 0.4405
v 0.2385 0.1561 0.4316
v 0.2398 0.1520 0.4506
v 0.2454 0.1489 0.4515
v 0.2512 0.1460 0.4532
v 0.2418 0.1272 0.4957
v 0.2399 0.1219 0.4960
v 0.2381 0.1243 0.5001
v 0.2504 0.1386 0.5389
v 0.2593 0.1322 0.5291
v 0.2492 0.1369 0.5311
v 0.2612 0.1255 0.5389
v 0.2601 0.1165 0.5232
v 0.2591 0.1170 0.5068
v 0.2522 0.0639 0.5304
v 0.2503 0.0682 0.5000
v 0.2484 0.0781 0.5161
v 0.2522 0.0595 0.4786
v 0.2474 0.0648 0.4439
v 0.2471 0.0728 0.4709
v 0.2249 0.1106 0.3882
v 0.2652 0.0389 0.3934
v 0.2650 0.0403 0.3564
v 0.2598 0.0370 0.3770
v 0.2831 0.0486 0.4158
v 0.2912 0.0495 0.3984
v 0.2825 0.0489 0.3984
v 0.3293 0.0626 0.3152
v 0.3354 0.0660 0.2936
v 0.3176 0.0566 0.3068
v 0.3575 0.0863 0.3218
v 0.3569 0.0784 0.2816
v 0.3583 0.0773 0.2620
v 0.3540 0.0753 0.2770
v 0.3756 0.0707 0.0579
v 0.3765 0.0666 0.0565
v 0.3415 0.1153 -0.0807
v 0.3395 0.1169 -0.1277
v 0.3546 0.0997 -0.1380
v 0.3235 0.1375 -0.2691
v 0.3526 0.1015 -0.2615
v 0.2295 0.2704 -0.3408
v 0.2320 0.2611 -0.4256
v 0.2360 0.2540 -0.4322
v 0.2301 0.2805 -0.5279
v 0.2292 0.2785 -0.5374
v 0.2296 0.2743 -0.5369
v 0.2513 0.2809 -0.5456
v 0.2573 0.2735 -0.5519
v 0.2483 0.2808 -0.5615
v 0.2995 0.2409 -0.4430
v 0.2889 0.2491 -0.4666
v 0.2817 0.2549 -0.4526
v 0.2478 0.2886 -0.5020
v 0.2504 0.2843 -0.5250
v 0.2468 0.2897 -0.5230
v 0.2375 0.2864 -0.3137
v 0.2455 0.2875 -0.3173
v 0.2386 0.2868 -0.3213
v 0.3187 0.2260 -0.4271
v 0.3178 0.2260 -0.4612
v 0.3432 0.1751 -0.0050
v 0.3516 0.1720 -0.0356
v 0.3404 0.1802 -0.0519
v 0.3507 0.1635 0.1314
v 0.3589 0.1620 0.0848
v 0.3414 0.1686 0.1075
v 0.4111 0.1397 0.3405
v 0.4066 0.1411 0.2931
v 0.3939 0.1416 0.3902
v 0.6287 0.1537 -0.0638
v 0.6436 0.1628 -0.1280
v 0.5898 0.1488 -0.2428
v 0.5758 0.1467 -0.3036
v 0.5710 0.1460 -0.2534
v 0.4267 0.1446 -0.0221
v 0.4275 0.1492 -0.1025
v 0.4153 0.1507 -0.0733
v 0.3375 0.1924 -0.1513
v 0.3407 0.2019 -0.2569
v 0.5599 0.1449 -0.2914
v 0.5629 0.1449 -0.3707
v 0.5500 0.1443 -0.3304
v 0.6414 0.1809 -0.5129
v 0.6135 0.1682 -0.5197
v 0.6147 0.1644 -0.4928
v 0.7031 0.2780 -0.5577
v 0.7072 0.2777 -0.5520
v 0.6428 0.2541 -0.5771
v 0.6337 0.2553 -0.5871
v 0.6413 0.2441 -0.5839
v 0.6568 0.1925 -0.5275
v 0.6300 0.1772 -0.5247
v 0.6715 0.2130 -0.5576
v 0.6150 0.2571 -0.6078
v 0.6135 0.2546 -0.6123
v 0.6271 0.2050 -0.5980
v 0.6232 0.2106 -0.6077
v 0.6106 0.2051 -0.6143
v 0.5762 0.2315 -0.6619
v 0.6363 0.2559 -0.6233
v 0.6442 0.2484 -0.6317
v 0.6390 0.2495 -0.6307
v 0.7706 0.2710 -0.5392
v 0.7632 0.2708 -0.5460
v 0.7624 0.2769 -0.5356
v 0.6023 0.4615 -0.4738
v 0.5776 0.4945 -0.4808
v 0.5953 0.4734 -0.4849
v 0.4489 0.6795 -0.4684
v 0.5307 0.5918 -0.2520
v 0.5172 0.6208 -0.2837
v 0.5330 0.5712 -0.2561
v 0.5608 0.5380 -0.1255
v 0.5454 0.5704 -0.1584
v 0.5553 0.5521 -0.1499
v 0.4530 0.7018 -0.2248
v 0.4621 0.6893 -0.2217
v 0.4622 0.6778 -0.2026
v 0.4626 0.6432 -0.1367
v 0.4700 0.6475 -0.1614
v 0.4791 0.6206 -0.1270
v 0.3923 0.8648 -0.1626
v 0.3941 0.8637 -0.2011
v 0.3974 0.8496 -0.1660
v 0.3993 0.9495 -0.0738
v 0.3661 1.0394 -0.0702
v 0.3624 1.0483 -0.1271
v 0.4030 0.9770 -0.0462
v 0.2926 1.0579 -0.2353
v 0.3065 1.0677 -0.2735
v 0.3154 1.0689 -0.2525
v 0.1271 0.9817 -0.3193
v 0.1336 0.9824 -0.3237
v 0.1444 0.9864 -0.3203
v 0.1617 0.9851 -0.3324
v 0.1531 0.9789 -0.3367
v 0.2225 1.0182 -0.3348
v 0.2326 1.0225 -0.3367
v 0.2299 1.0231 -0.3281
v 0.3299 1.0767 -0.3289
v 0.3894 1.0425 -0.3276
v 0.3839 1.0487 -0.3386
v 0.3880 1.0426 -0.3404
v 0.3550 1.0655 -0.3926
v 0.3528 1.0657 -0.4140
v 0.3604 1.0670 -0.4132
v 0.3187 1.0507 -0.3784
v 0.3179 1.0411 -0.4183
v 0.3255 1.0495 -0.4007
v 0.3320 1.0569 -0.3839
v 0.3284 1.0595 -0.3617
v 0.3917 1.0364 -0.3306
v 0.3908 1.0374 -0.3466
v 0.3939 1.0289 -0.3296
v 0.3577 1.0658 -0.3452
v 0.3564 1.0652 -0.3604
v 0.3622 1.0638 -0.3602
v 0.2936 1.0443 -0.3559
v 0.2994 1.0494 -0.3495
v 0.2211 0.9957 -0.4178
v 0.2375 1.0014 -0.4298
v 0.2220 0.9978 -0.3887
v 0.1451 0.9758 -0.4393
v 0.1444 0.9754 -0.4454
v 0.1507 0.9768 -0.4451
v -0.0518 0.9731 -0.3959
v -0.1538 1.0251 -0.2802
v -0.1632 1.0288 -0.2733
v -0.1628 1.0242 -0.2774
v -0.1697 1.0271 -0.1902
v -0.1536 1.0305 -0.2051
v -0.2595 0.9501 0.1699
v -0.2604 0.9474 0.1267
v -0.2507 0.9641 0.1402
v -0.2396 0.9568 0.4621
v -0.2351 0.9650 0.4614
v -0.2332 0.9596 0.4647
v -0.2146 0.9752 0.6398
v -0.2185 0.9268 0.6130
v -0.2160 0.8658 0.5692
v -0.2160 0.8882 0.5672
v -0.2229 0.9210 0.5168
v -0.2088 0.7525 0.2633
v -0.1982 0.7069 0.2124
v -0.2163 0.7451 0.2111
v -0.2095 0.7923 0.3489
v -0.2171 0.7996 0.3205
v -0.2155 0.8192 0.3775
v -0.2109 0.7934 0.5024
v -0.2082 0.8051 0.4544
v -0.1841 0.6609 0.2004
v -0.1853 0.6645 0.1829
v -0.1879 0.6824 0.2186
v -0.1868 0.6574 0.1528
v -0.1926 0.6707 0.1491
v -0.1916 0.6798 0.1807
v -0.1763 0.5869 0.1038
v -0.1774 0.5975 0.0535
v -0.1760 0.5996 0.1176
v -0.1873 0.6424 0.0920
v -0.1820 0.6265 0.0788
v -0.2584 0.9257 0.2556
v -0.2453 0.9228 0.2496
v -0.2445 0.9225 0.2419
v -0.3288 0.7971 0.2105
v -0.3487 0.7584 0.2254
v -0.5053 0.4837 0.3492
v -0.5183 0.4635 0.3578
v -0.6330 0.3221 0.2476
v -0.6059 0.3629 0.2139
v -0.6312 0.3292 0.2267
v -0.4701 0.5430 0.1490
v -0.4701 0.5426 0.1986
v -0.3310 0.7910 0.1374
v -0.3422 0.7669 0.1061
v -0.3555 0.7431 0.1302
v -0.2582 0.9259 0.0655
v -0.2504 0.9239 0.0636
v -0.2599 0.9224 0.0635
v -0.1894 0.6480 0.0540
v -0.1962 0.6658 0.0413
v -0.3700 0.3022 -0.0059
v -0.3492 0.3468 -0.0343
v -0.4360 0.2721 -0.1065
v -0.3745 0.3657 -0.1315
v -0.4869 0.1922 -0.1039
v -0.4800 0.1986 -0.1042
v -0.4857 0.1997 -0.0997
v -0.5159 0.1783 -0.0984
v -0.5101 0.1839 -0.1041
v -0.5142 0.1874 -0.0939
v -0.5200 0.1513 -0.1059
v -0.5173 0.1460 -0.1097
v -0.5133 0.1535 -0.1132
v -0.5696 0.1234 -0.1270
v -0.5821 0.1231 -0.1319
v -0.5658 0.1246 -0.0983
v -0.5677 0.1236 -0.1041
v -0.5592 0.1239 -0.0962
v -0.5443 0.1391 -0.0837
v -0.5414 0.1390 -0.0894
v -0.5428 0.1459 -0.0821
v -0.5472 0.1275 -0.0839
v -0.5457 0.1317 -0.0839
v -0.5492 0.1342 -0.0838
v -0.5506 0.1252 -0.0886
v -0.5456 0.1260 -0.0891
v -0.5234 0.1562 -0.1000
v -0.5175 0.1598 -0.1062
v -0.5278 0.1717 -0.0551
v -0.5337 0.1769 -0.0549
v -0.5262 0.1781 -0.0531
v -0.5064 0.1975 -0.0781
v -0.5023 0.1984 -0.0845
v -0.4963 0.2059 -0.0774
v -0.4779 0.2247 -0.0673
v -0.4854 0.2170 -0.0756
v -0.4690 0.2350 -0.0763
v -0.5199 0.1730 -0.0563
v -0.5122 0.1684 -0.0612
v -0.5215 0.1663 -0.0603
v -0.4777 0.1372 -0.0212
v -0.4725 0.1403 -0.0139
v -0.4579 0.1598 0.0649
v -0.4564 0.1608 0.0577
v -0.4494 0.1633 0.0637
v -0.4312 0.1851 0.1338
v -0.4322 0.1844 0.1244
v -0.4274 0.1935 0.1334
v -0.4074 0.2055 0.2244
v -0.4101 0.1993 0.2171
v -0.4084 0.2052 0.2123
v -0.4299 0.2238 0.2812
v -0.4296 0.2187 0.2668
v -0.4173 0.2238 0.2840
v -0.4850 0.1908 0.4058
v -0.4857 0.1915 0.3819
v -0.4715 0.1994 0.4039
v -0.4829 0.1449 0.3443
v -0.4791 0.1476 0.3367
v -0.4818 0.1454 0.3337
v -0.4998 0.1400 0.4076
v -0.4968 0.1384 0.3995
v -0.5025 0.1390 0.3936
v -0.4846 0.1432 0.4067
v -0.4880 0.1417 0.3877
v -0.4917 0.1406 0.4034
v -0.3815 0.1934 0.4344
v -0.3724 0.1908 0.4255
v -0.3809 0.1905 0.4253
v -0.3348 0.1745 0.4189
v -0.3352 0.1746 0.4129
v -0.3421 0.1794 0.4186
v -0.3591 0.1949 0.4595
v -0.3521 0.1953 0.4510
v -0.3575 0.1959 0.4496
v -0.3429 0.1968 0.4661
v -0.3360 0.1940 0.4573
v -0.3423 0.1966 0.4573
v -0.3300 0.1834 0.4500
v -0.3332 0.1791 0.4429
v -0.3330 0.1869 0.4423
v -0.3402 0.1713 0.4106
v -0.3428 0.1694 0.4032
v -0.3491 0.1741 0.4073
v -0.3485 0.1712 0.4008
v -0.3505 0.1700 0.3947
v -0.3542 0.1731 0.4027
v -0.3545 0.1393 0.3990
v -0.3490 0.1475 0.3654
v -0.3467 0.1506 0.3849
v -0.3322 0.1843 0.4884
v -0.3334 0.1877 0.4807
v -0.3430 0.1887 0.4895
v -0.3279 0.1826 0.5161
v -0.3273 0.1797 0.5122
v -0.3273 0.1813 0.5044
v -0.3407 0.1715 0.5583
v -0.3413 0.1775 0.5561
v -0.3474 0.1749 0.5607
v -0.3858 0.1027 0.4391
v -0.3628 0.1300 0.4201
v -0.3642 0.1299 0.4952
v -0.3436 0.1596 0.5597
v -0.3408 0.1611 0.5509
v -0.3317 0.1858 0.5331
v -0.3345 0.1862 0.5273
v -0.3334 0.1797 0.5344
v -0.3424 0.1796 0.5429
v -0.3415 0.1816 0.5356
v -0.3497 0.1476 0.4718
v -0.3356 0.1941 0.4751
v -0.3274 0.1898 0.4653
v -0.3338 0.1945 0.4655
v -0.3499 0.1816 0.4183
v -0.3509 0.1791 0.4124
v -0.3563 0.1796 0.4138
v -0.3851 0.1799 0.4664
v -0.3994 0.1755 0.4612
v -0.3986 0.1677 0.4887
v -0.3596 0.1800 0.5583
v -0.3713 0.1836 0.5597
v -0.3649 0.1297 0.6470
v -0.4096 0.0682 0.4400
v -0.4068 0.0741 0.4107
v -0.4082 0.0731 0.4645
v -0.3987 0.0560 0.2220
v -0.3680 0.0407 0.1926
v -0.3901 0.0507 0.1776
v -0.2790 0.0243 0.3072
v -0.2831 0.0193 0.1516
v -0.2799 0.0241 0.1305
v -0.2857 0.0160 0.1300
v -0.3254 0.0474 0.2279
v -0.3285 0.0510 0.2229
v -0.3314 0.0537 0.2422
v -0.3444 0.0372 0.2354
v -0.3395 0.0420 0.2070
v -0.3451 0.0359 0.1963
v -0.3387 0.0368 0.0406
v -0.3358 0.0397 0.0352
v -0.3370 0.0368 0.0319
v -0.3381 0.0364 0.0804
v -0.3330 0.0452 0.0762
v -0.3377 0.0393 0.0640
v -0.3156 0.0399 -0.0116
v -0.3192 0.0468 -0.0130
v -0.4059 0.0602 0.2051
v -0.4036 0.0607 0.2331
v -0.4061 0.0652 0.2407
v -0.3745 0.1156 0.3787
v -0.3780 0.1117 0.2906
v -0.3654 0.1265 0.3237
v -0.3510 0.1614 0.3498
v -0.3577 0.1633 0.3502
v -0.3829 0.1877 0.4206
v -0.4166 0.1689 0.3756
v -0.4082 0.1704 0.3815
v -0.4430 0.1521 0.3456
v -0.4363 0.1542 0.3503
v -0.3908 0.1453 0.3322
v -0.4070 0.1353 0.3178
v -0.3998 0.1435 0.3386
v -0.4979 0.1364 0.3324
v -0.4954 0.1393 0.3272
v -0.4995 0.1353 0.3263
v -0.4971 0.1354 0.3183
v -0.5021 0.1338 0.3233
v -0.5244 0.1381 0.3707
v -0.5124 0.1346 0.3646
v -0.5203 0.1345 0.3563
v -0.4599 0.1163 0.3023
v -0.4806 0.1175 0.3028
v -0.3711 0.1439 0.2348
v -0.3657 0.1488 0.2225
v -0.3714 0.1402 0.2258
v -0.3722 0.1345 0.2188
v -0.3725 0.1343 0.2113
v -0.3663 0.1334 0.2121
v -0.3751 0.1421 0.1648
v -0.3700 0.1475 0.1600
v -0.3753 0.1422 0.1580
v -0.3823 0.1331 0.1362
v -0.3804 0.1397 0.1259
v -0.3839 0.1295 0.1338
v -0.3731 0.1318 0.1180
v -0.3681 0.1421 0.1253
v -0.3693 0.1296 0.1256
v -0.3653 0.1316 0.1881
v -0.3708 0.1318 0.1805
v -0.3649 0.1311 0.1803
v -0.3655 0.1320 0.2343
v -0.3704 0.1297 0.2333
v -0.3735 0.1323 0.2273
v -0.3861 0.1038 0.1922
v -0.3954 0.1088 0.1416
v -0.3948 0.1081 0.1262
v -0.4048 0.1079 0.1351
v -0.4283 0.1189 0.2426
v -0.4269 0.1216 0.2118
v -0.4352 0.1166 0.2268
v -0.4929 0.1119 0.2640
v -0.4822 0.1168 0.2604
v -0.4896 0.1157 0.2572
v -0.5341 0.1111 0.2611
v -0.5365 0.1091 0.2514
v -0.5441 0.1120 0.2608
v -0.5264 0.1046 0.2482
v -0.4570 0.1105 0.1925
v -0.4653 0.1119 0.1958
v -0.5139 0.1073 0.2381
v -0.5659 0.1191 0.2729
v -0.5696 0.1197 0.2653
v -0.5735 0.1006 0.2131
v -0.5820 0.1090 0.2215
v -0.5874 0.1062 0.2083
v -0.5884 0.1163 0.2234
v -0.6127 0.1127 0.1689
v -0.6285 0.1184 0.1125
v -0.6376 0.1196 0.1018
v -0.6291 0.1219 0.0975
v -0.6516 0.1080 0.0842
v -0.6537 0.1161 0.0927
v -0.6511 0.1139 0.0975
v -0.6554 0.1195 0.0210
v -0.6539 0.1210 0.0177
v -0.6616 0.1283 0.0200
v -0.6517 0.1080 0.0653
v -0.6445 0.1004 0.0392
v -0.6668 0.1225 0.0641
v -0.6190 0.1459 0.0482
v -0.6286 0.1517 0.0435
v -0.6192 0.1502 0.0440
v -0.5487 0.1545 0.2087
v -0.5398 0.1564 0.2485
v -0.5238 0.1772 0.1989
v -0.5114 0.1849 0.2162
v -0.5793 0.1633 0.0717
v -0.5891 0.1600 0.0612
v -0.5782 0.1696 0.0609
v -0.5950 0.1730 0.0346
v -0.5934 0.1787 0.0243
v -0.7367 0.1516 0.0506
v -0.7280 0.1495 0.0481
v -0.7419 0.1488 0.0490
v -0.6773 0.1407 0.0554
v -0.6813 0.1414 0.0344
v -0.6812 0.1413 0.0271
v -0.6900 0.1442 0.0334
v -0.6585 0.1538 -0.0012
v -0.6685 0.1526 -0.0010
v -0.6180 0.1119 0.0104
v -0.6222 0.1161 0.0135
v -0.6281 0.0976 0.0346
v -0.6289 0.0997 0.0278
v -0.6348 0.0975 0.0346
v -0.6195 0.0898 0.0912
v -0.6242 0.0912 0.0885
v -0.5489 0.1110 0.1165
v -0.5249 0.1042 0.0918
v -0.5261 0.1034 0.0879
v -0.5382 0.1095 0.0905
v -0.4498 0.1089 0.1673
v -0.4465 0.1125 0.1571
v -0.4071 0.1093 0.1495
v -0.4144 0.1083 0.1422
v -0.3901 0.0468 0.0784
v -0.4056 0.0531 0.0549
v -0.3057 0.0224 -0.0693
v -0.3090 0.0256 -0.0943
v -0.3088 0.0254 -0.0697
v -0.2892 0.0170 0.0850
v -0.2441 0.0949 0.2829
v -0.2468 0.0904 0.2689
v -0.2504 0.0939 0.4810
v -0.2415 0.1009 0.4731
v -0.2461 0.0960 0.4555
v -0.2559 0.1035 0.6280
v -0.2527 0.1031 0.6054
v -0.2613 0.0948 0.6235
v -0.2917 0.0616 0.6788
v -0.2899 0.0639 0.6727
v -0.2876 0.0554 0.6794
v -0.2653 0.1020 0.6635
v -0.2666 0.0965 0.6545
v -0.2716 0.0950 0.6664
v -0.2882 0.1359 0.7138
v -0.2854 0.1381 0.6923
v -0.2932 0.1309 0.6934
v -0.2972 0.1275 0.6663
v -0.2901 0.1315 0.6659
v -0.2948 0.1315 0.6639
v -0.3027 0.1209 0.6895
v -0.3017 0.1211 0.6662
v -0.2945 0.0942 0.6755
v -0.2901 0.1337 0.7516
v -0.2890 0.1321 0.7609
v -0.2414 0.1677 0.7802
v -0.2372 0.1777 0.7772
v -0.2418 0.1781 0.7713
v -0.1931 0.2174 0.6866
v -0.1843 0.2099 0.6894
v -0.1778 0.2597 0.6959
v -0.1742 0.2612 0.6879
v -0.1621 0.2365 0.6814
v -0.1721 0.2476 0.6802
v -0.1633 0.2528 0.6808
v -0.0716 0.3851 0.7043
v -0.0662 0.3805 0.6933
v -0.1271 0.3180 0.6965
v -0.1345 0.3099 0.6967
v -0.1382 0.1997 0.6838
v -0.1433 0.2105 0.6803
v -0.1386 0.2058 0.6790
v -0.1260 0.2427 0.6742
v -0.1233 0.2370 0.6700
v -0.1341 0.2281 0.6743
v -0.0486 0.3272 0.6700
v -0.0446 0.3258 0.6655
v -0.0602 0.3113 0.6675
v -0.0011 0.3641 0.6726
v -0.0004 0.3717 0.6782
v 0.0115 0.3626 0.6770
v -0.0458 0.3460 0.6777
v -0.0439 0.3359 0.6735
v -0.0622 0.3224 0.6739
v -0.0225 0.3685 0.6793
v -0.0268 0.3569 0.6765
v -0.0082 0.4330 0.6577
v -0.0113 0.4325 0.6502
v 0.0212 0.3940 0.6844
v 0.0129 0.4026 0.6819
v 0.0891 0.3104 0.6754
v 0.0843 0.3122 0.6769
v 0.1328 0.2807 0.6885
v 0.1305 0.2724 0.6807
v 0.1041 0.2776 0.6748
v 0.0918 0.2910 0.6739
v 0.0990 0.2933 0.6739
v 0.0453 0.3080 0.6621
v 0.0594 0.2941 0.6620
v 0.0500 0.3007 0.6611
v 0.0236 0.3144 0.6045
v 0.0051 0.3325 0.5990
v 0.0063 0.3322 0.6161
v 0.1000 0.1946 0.6312
v 0.1001 0.1841 0.5602
v 0.0983 0.1839 0.5488
v 0.0977 0.1890 0.5536
v 0.0997 0.2185 0.5890
v 0.0955 0.1940 0.5405
v 0.0951 0.1935 0.5205
v 0.0953 0.2017 0.5187
v 0.1304 0.1746 0.4734
v 0.1296 0.1759 0.4501
v 0.1194 0.1764 0.4501
v 0.2251 0.0984 0.2618
v 0.2200 0.1043 0.2409
v 0.2203 0.1051 0.2791
v 0.2614 0.0410 0.1962
v 0.2664 0.0429 0.1803
v 0.2584 0.0416 0.1704
v 0.3222 0.0334 0.0324
v 0.3219 0.0344 0.0207
v 0.3276 0.0325 -0.0856
v 0.3241 0.0326 -0.0942
v 0.3557 0.0977 -0.3360
v 0.3751 0.0721 -0.3645
v 0.3662 0.0839 -0.3276
v 0.3763 0.0651 -0.3406
v 0.3725 0.0620 -0.3614
v 0.3726 0.0613 -0.3332
v 0.3074 0.0503 -0.1015
v 0.3014 0.0630 -0.0919
v 0.3029 0.0595 -0.0743
v 0.2836 0.0624 0.0551
v 0.2798 0.0584 0.0573
v 0.2640 0.0463 0.0719
v 0.2680 0.0500 0.0425
v 0.2749 0.0587 0.0186
v 0.2848 0.0710 0.0106
v 0.2752 0.0604 -0.0043
v 0.2805 0.0674 -0.0100
v 0.2993 0.0656 -0.0725
v 0.2989 0.0693 -0.0773
v 0.3183 0.0359 -0.1829
v 0.3229 0.0330 -0.1880
v 0.3211 0.0327 -0.2057
v 0.2860 0.0689 -0.2232
v 0.2840 0.0686 -0.2163
v 0.2786 0.0869 -0.1826
v 0.2753 0.0910 -0.1826
v 0.2753 0.0911 -0.1749
v 0.2765 0.1009 -0.2155
v 0.2702 0.0936 -0.2252
v 0.2731 0.0989 -0.2448
v 0.2539 0.1347 -0.2288
v 0.2582 0.1308 -0.2433
v 0.2539 0.1349 -0.2432
v 0.2576 0.1344 -0.0890
v 0.2523 0.1397 -0.1168
v 0.2458 0.1422 -0.0820
v 0.2905 0.1080 -0.1443
v 0.2909 0.1016 -0.1513
v 0.2824 0.1020 -0.1645
v 0.2511 0.1080 -0.1417
v 0.2501 0.1068 -0.1554
v 0.2564 0.1029 -0.1319
v 0.2706 0.0947 -0.0974
v 0.2820 0.0999 -0.1158
v 0.2755 0.0993 -0.0903
v 0.2756 0.1168 -0.0313
v 0.2687 0.1236 -0.0481
v 0.2684 0.1244 -0.0205
v 0.2601 0.1183 0.0168
v 0.2624 0.1126 0.0185
v 0.2633 0.1159 0.0250
v 0.2592 0.1077 -0.0472
v 0.2505 0.1155 -0.0703
v 0.2602 0.1053 -0.0689
v 0.2454 0.1336 0.0233
v 0.2528 0.1310 0.0159
v 0.2471 0.1347 0.0118
v 0.2729 0.1091 0.0184
v 0.2681 0.1012 0.0110
v 0.2746 0.1093 0.0106
v 0.2666 0.1150 0.0395
v 0.2710 0.1136 0.0376
v 0.2728 0.1123 0.0260
v 0.2594 0.1095 -0.0048
v 0.2676 0.1004 -0.0047
v 0.2685 0.1246 -0.0798
v 0.2593 0.1314 -0.0542
v 0.2637 0.0985 -0.0968
v 0.2657 0.0955 -0.1281
v 0.2814 0.1170 -0.1284
v 0.2784 0.1172 -0.1436
v 0.2766 0.1193 -0.1310
v 0.2833 0.0852 -0.1681
v 0.2888 0.0841 -0.1749
v 0.2856 0.0868 -0.1749
v 0.2397 0.1470 -0.1440
v 0.2395 0.1465 -0.1517
v 0.2372 0.1409 -0.1516
v 0.2096 0.2006 -0.1691
v 0.2157 0.1963 -0.1768
v 0.2110 0.2008 -0.2019
v 0.1988 0.1951 -0.2850
v 0.1978 0.1944 -0.3021
v 0.1967 0.1862 -0.2992
v 0.2148 0.1712 -0.4050
v 0.2112 0.1736 -0.4072
v 0.2191 0.1773 -0.4071
v 0.2245 0.1805 -0.3062
v 0.2201 0.1717 -0.3137
v 0.2246 0.1805 -0.3216
v 0.2145 0.1960 -0.2395
v 0.2155 0.1959 -0.2561
v 0.2093 0.2001 -0.2483
v 0.2150 0.1954 -0.2995
v 0.2152 0.1954 -0.3178
v 0.2091 0.1984 -0.3073
v 0.2021 0.1864 -0.1296
v 0.1986 0.1905 -0.1359
v 0.2012 0.1839 -0.1350
v 0.2403 0.1498 -0.0051
v 0.2399 0.1492 -0.0167
v 0.2440 0.1538 -0.0227
v 0.2083 0.1933 -0.0571
v 0.2135 0.1940 -0.0706
v 0.2080 0.1934 -0.0840
v 0.2294 0.1779 -0.0554
v 0.2297 0.1779 -0.1016
v 0.2212 0.1880 -0.0965
v 0.2085 0.1931 0.0106
v 0.2084 0.1944 -0.0127
v 0.2043 0.1847 0.0106
v 0.2117 0.1721 0.0605
v 0.2116 0.1719 0.0111
v 0.2226 0.1623 0.0464
v 0.2263 0.1781 0.0696
v 0.2289 0.1777 0.0623
v 0.2215 0.1866 0.0722
v 0.2406 0.1511 0.0258
v 0.2437 0.1535 0.0064
v 0.2320 0.1592 0.0296
v 0.2411 0.1506 0.0873
v 0.2417 0.1510 0.0794
v 0.2432 0.1532 0.0835
v 0.2394 0.1484 0.1107
v 0.2401 0.1508 0.0974
v 0.2418 0.1493 0.1029
v 0.2369 0.1564 0.1384
v 0.2433 0.1534 0.1338
v 0.2314 0.1595 0.1384
v 0.2262 0.1751 0.0776
v 0.2295 0.1661 0.0623
v 0.2285 0.1730 0.0656
v 0.2295 0.1700 0.0011
v 0.2300 0.1635 0.0085
v 0.2297 0.1634 -0.0166
v 0.2047 0.1834 0.1069
v 0.2053 0.1828 0.0836
v 0.2045 0.1787 0.0894
v 0.2230 0.1807 0.1030
v 0.2216 0.1707 0.0941
v 0.2226 0.1800 0.0973
v 0.2113 0.1855 0.1419
v 0.2151 0.1805 0.1412
v 0.2161 0.1819 0.1341
v 0.2156 0.1725 0.1415
v 0.2146 0.1710 0.1126
v 0.2188 0.1726 0.1300
v 0.2226 0.1637 0.0926
v 0.2180 0.1671 0.0876
v 0.2255 0.1618 0.0882
v 0.2150 0.1892 0.0183
v 0.2096 0.1927 0.0158
v 0.2063 0.1850 0.0183
v 0.2085 0.1939 -0.0340
v 0.2044 0.1847 -0.0377
v 0.2051 0.1855 -0.0917
v 0.2025 0.1842 -0.1205
v 0.2043 0.1784 -0.1013
v 0.2440 0.1536 -0.0959
v 0.2375 0.1593 -0.1112
v 0.2470 0.1262 -0.0658
v 0.2387 0.1474 -0.1285
v 0.2402 0.1485 -0.1358
v 0.2098 0.1976 -0.3296
v 0.2097 0.1970 -0.3541
v 0.2040 0.2000 -0.3355
v 0.2042 0.1957 -0.4383
v 0.2134 0.1943 -0.4449
v 0.2058 0.1978 -0.4449
v 0.2170 0.1894 -0.4605
v 0.2097 0.1898 -0.4707
v 0.2042 0.1868 -0.4381
v 0.2027 0.1932 -0.4447
v 0.2016 0.1797 -0.2814
v 0.2033 0.1765 -0.3175
v 0.2065 0.1748 -0.2918
v 0.2366 0.1623 -0.1535
v 0.2347 0.1552 -0.1671
v 0.2369 0.1625 -0.1709
v 0.2263 0.1632 -0.2366
v 0.2270 0.1641 -0.2636
v 0.2289 0.1709 -0.2307
v 0.2284 0.1480 -0.1863
v 0.2341 0.1450 -0.2200
v 0.2369 0.1422 -0.1972
v 0.2469 0.1334 -0.2444
v 0.2481 0.1342 -0.2521
v 0.2429 0.1242 -0.2444
v 0.2600 0.1004 -0.2603
v 0.2607 0.1008 -0.2646
v 0.2660 0.0988 -0.2603
v 0.2598 0.1162 -0.3509
v 0.2625 0.1093 -0.2884
v 0.2661 0.1166 -0.2907
v 0.2682 0.0917 -0.1873
v 0.2650 0.0947 -0.2120
v 0.2691 0.0918 -0.1984
v 0.2839 0.0734 -0.1514
v 0.2866 0.0777 -0.1594
v 0.2821 0.0712 -0.1698
v 0.2811 0.0639 -0.2523
v 0.2888 0.0630 -0.2718
v 0.2838 0.0626 -0.2810
v 0.3520 0.0479 -0.3212
v 0.3602 0.0524 -0.4953
v 0.3667 0.0554 -0.5475
v 0.3577 0.0491 -0.5406
v 0.3749 0.0692 -0.4814
v 0.3754 0.0655 -0.4962
v 0.2302 0.2618 -0.6029
v 0.2280 0.2643 -0.6146
v 0.2349 0.2531 -0.6046
v 0.2376 0.2641 -0.7067
v 0.2332 0.2617 -0.6997
v 0.2316 0.2673 -0.7049
v 0.2344 0.2539 -0.7151
v 0.2331 0.2533 -0.7226
v 0.2391 0.2466 -0.7145
v 0.2597 0.2179 -0.7228
v 0.2599 0.2180 -0.7286
v 0.2803 0.2125 -0.7349
v 0.2788 0.2193 -0.7313
v 0.3377 0.1335 -0.7584
v 0.3394 0.1333 -0.7627
v 0.3414 0.1276 -0.7561
v 0.3749 0.0619 -0.6163
v 0.3750 0.0619 -0.6313
v 0.3730 0.0592 -0.6218
v 0.3158 0.0353 -0.4469
v 0.3217 0.0332 -0.4604
v 0.3163 0.0358 -0.4719
v 0.3000 0.0569 -0.3835
v 0.2908 0.0617 -0.4139
v 0.2905 0.0599 -0.3782
v 0.2513 0.0486 -0.2626
v 0.2463 0.0535 -0.2586
v 0.2256 0.1025 0.0410
v 0.2265 0.1003 0.0056
v 0.2221 0.1082 0.0278
v 0.1507 0.1546 0.2911
v 0.1553 0.1494 0.2549
v 0.1368 0.1715 0.2747
v 0.1307 0.1726 0.2650
v 0.1371 0.1721 0.2478
v 0.1287 0.1737 0.2536
v 0.1197 0.1710 0.1716
v 0.1475 0.1654 0.0072
v 0.1446 0.1694 -0.0096
v 0.1408 0.1728 0.0088
v 0.2224 0.1098 0.0006
v 0.2200 0.1149 -0.2056
v 0.2203 0.1136 -0.2245
v 0.2538 0.0508 -0.3674
v 0.2543 0.0520 -0.3810
v 0.2516 0.0531 -0.3716
v 0.2219 0.1239 -0.3373
v 0.2451 0.0700 -0.4146
v 0.3362 0.0360 -0.6075
v 0.3258 0.0322 -0.6372
v 0.3267 0.0329 -0.6061
v 0.3758 0.0605 -0.6978
v 0.3756 0.0611 -0.7162
v 0.3237 0.0289 -0.7394
v 0.3293 0.0266 -0.7462
v 0.3227 0.0251 -0.7464
v 0.3791 0.0662 -0.7991
v 0.3779 0.0647 -0.8070
v 0.3798 0.0540 -0.8079
v 0.3753 0.0324 -0.7850
v 0.3657 0.0246 -0.7978
v 0.3281 0.0031 -0.7886
v 0.3347 0.0048 -0.8076
v 0.3273 0.0017 -0.8011
v 0.3766 0.0312 -0.8076
v 0.3442 0.1239 -0.7963
v 0.3540 0.1094 -0.7966
v 0.3370 0.0079 -0.8180
v 0.3290 0.0058 -0.8188
v 0.3019 0.0307 -0.7683
v 0.2915 0.0447 -0.7712
v 0.2907 0.0648 -0.5724
v 0.2801 0.0795 -0.6360
v 0.2806 0.0782 -0.5992
v 0.2588 0.1312 -0.5174
v 0.2593 0.1319 -0.5219
v 0.2540 0.1338 -0.5157
v 0.2590 0.1160 -0.5133
v 0.2591 0.1254 -0.5152
v 0.2534 0.1145 -0.5114
v 0.2598 0.0961 -0.5124
v 0.2664 0.1062 -0.5156
v 0.2609 0.1085 -0.5138
v 0.2751 0.0703 -0.4947
v 0.2755 0.0733 -0.4986
v 0.2693 0.0699 -0.4910
v 0.2362 0.1328 -0.4987
v 0.2457 0.1413 -0.5155
v 0.2471 0.1428 -0.5201
v 0.2426 0.1466 -0.5159
v 0.2282 0.1625 -0.5228
v 0.2299 0.1640 -0.5288
v 0.2225 0.1641 -0.5213
v 0.1680 0.1739 -0.4648
v 0.1587 0.1855 -0.4620
v 0.1622 0.1779 -0.4430
v 0.1765 0.1746 -0.5108
v 0.2041 0.1921 -0.5237
v 0.2099 0.1895 -0.5301
v 0.2059 0.1938 -0.5305
v 0.1520 0.2402 -0.5279
v 0.1586 0.2464 -0.5317
v 0.1529 0.2488 -0.5305
v 0.1446 0.1947 -0.5074
v 0.1516 0.1970 -0.5117
v 0.1406 0.2003 -0.5153
v 0.1447 0.1845 -0.3116
v 0.1483 0.1854 -0.3214
v 0.1396 0.1866 -0.3152
v 0.1365 0.1805 -0.1438
v 0.1360 0.1799 -0.1495
v 0.1273 0.1810 -0.1400
v 0.1204 0.1740 0.0213
v 0.1160 0.1722 0.0352
v 0.1028 0.1745 0.2086
v 0.0995 0.1784 0.2116
v 0.1021 0.1769 0.4707
v 0.1071 0.1755 0.4526
v 0.1023 0.1771 0.4429
v 0.0880 0.2155 0.3035
v 0.0884 0.2163 0.3267
v 0.0606 0.2515 0.3380
v 0.0655 0.2432 0.2756
v 0.0563 0.2563 0.2677
v -0.0110 0.3289 0.5059
v -0.0115 0.3264 0.4771
v -0.0192 0.3260 0.5157
v -0.0217 0.3260 0.5657
v -0.0474 0.3003 0.5660
v -0.0007 0.3212 0.3798
v -0.0093 0.3222 0.3799
v -0.0032 0.3244 0.3819
v -0.0172 0.3399 0.6233
v -0.0112 0.3410 0.6266
v -0.0146 0.3393 0.6192
v -0.0895 0.2683 0.6454
v -0.0832 0.2701 0.6249
v -0.1010 0.2501 0.6388
v -0.1580 0.1766 0.6690
v -0.1568 0.1734 0.6633
v -0.1658 0.1742 0.6689
v -0.1814 0.1701 0.6731
v -0.1865 0.1544 0.6735
v -0.1410 0.1697 0.6004
v -0.1473 0.1683 0.5953
v -0.1408 0.1675 0.5843
v -0.1491 0.1686 0.5813
v -0.0600 0.2833 0.5355
v -0.0723 0.2677 0.5265
v -0.1037 0.2195 0.4710
v -0.0857 0.2432 0.4202
v -0.1138 0.2043 0.4510
v -0.0106 0.3205 0.3479
v -0.0154 0.3236 0.2037
v -0.0179 0.3240 0.1917
v -0.0207 0.3194 0.2013
v -0.0119 0.3253 0.1888
v -0.0011 0.3266 0.1631
v -0.0104 0.3283 0.1651
v 0.0677 0.2454 0.0400
v 0.0509 0.2699 0.0074
v 0.0478 0.2707 0.0805
v -0.0104 0.3301 0.1476
v -0.0110 0.3318 0.1183
v -0.1188 0.1968 0.3058
v -0.1187 0.1968 0.2710
v -0.1244 0.1712 0.4620
v -0.1253 0.1705 0.4377
v -0.1292 0.1688 0.4557
v -0.1654 0.1623 0.4772
v -0.1653 0.1629 0.4600
v -0.1685 0.1539 0.4858
v -0.1237 0.1696 0.3846
v -0.1203 0.1743 0.3700
v -0.1236 0.1694 0.3673
v -0.1679 0.1615 0.3597
v -0.1701 0.1539 0.3440
v -0.1242 0.1694 0.2305
v -0.1160 0.2110 0.0491
v -0.1100 0.2204 0.0372
v -0.1191 0.1831 0.1287
v -0.1230 0.1817 0.0961
v -0.1277 0.1726 0.1069
v -0.1553 0.1730 0.1782
v -0.1650 0.1714 0.1764
v -0.1655 0.1714 0.1570
v -0.1645 0.1716 0.1377
v -0.1286 0.1783 0.0456
v -0.1263 0.1831 0.0326
v -0.1302 0.1795 0.0103
v -0.1738 0.1645 0.0570
v -0.1671 0.1712 0.0570
v -0.1733 0.1683 0.0545
v -0.1784 0.1503 0.0302
v -0.1761 0.1594 -0.0017
v -0.1800 0.1479 0.0156
v -0.1514 0.1713 -0.0538
v -0.1529 0.1723 -0.0664
v -0.1554 0.1735 -0.0630
v -0.1363 0.1859 -0.1508
v -0.1400 0.1886 -0.1947
v -0.1416 0.1781 -0.1621
v -0.0776 0.2757 -0.1508
v -0.0912 0.2658 -0.2158
v -0.0095 0.3404 -0.2687
v -0.0028 0.3402 -0.2774
v -0.0096 0.3438 -0.2861
v -0.0359 0.3524 -0.4365
v -0.0024 0.3705 -0.4628
v -0.0012 0.3720 -0.4747
v -0.0097 0.3740 -0.4673
v -0.0016 0.3492 -0.3460
v -0.0109 0.3538 -0.3516
v -0.0097 0.3502 -0.3325
v 0.1051 0.2530 -0.4915
v 0.1134 0.2497 -0.5012
v 0.1095 0.2534 -0.5041
v 0.0607 0.3090 -0.4755
v 0.0551 0.3154 -0.4628
v 0.1684 0.2377 -0.5561
v 0.1552 0.2522 -0.5428
v 0.0659 0.3000 -0.4919
v 0.0670 0.3033 -0.5003
v 0.1696 0.2346 -0.7466
v 0.1681 0.2328 -0.7535
v 0.1646 0.2408 -0.7464
v 0.1748 0.2241 -0.7535
v 0.2524 0.1363 -0.7122
v 0.2558 0.1304 -0.7309
v 0.2480 0.1387 -0.7311
v 0.1804 0.2235 -0.7146
v 0.1855 0.2148 -0.7419
v 0.1491 0.2420 -0.7689
v 0.1434 0.2463 -0.7749
v 0.0899 0.3160 -0.7760
v 0.0862 0.3199 -0.7787
v 0.0844 0.3336 -0.7707
v 0.0071 0.4362 -0.5440
v 0.0044 0.4391 -0.5408
v -0.0414 0.4100 -0.5294
v -0.0332 0.4178 -0.5294
v -0.0381 0.4153 -0.5296
v -0.0765 0.3666 -0.5291
v -0.0729 0.3796 -0.5356
v -0.0795 0.3705 -0.5352
v -0.0578 0.3971 -0.5357
v -0.0626 0.3946 -0.5434
v -0.0612 0.3902 -0.5346
v 0.0258 0.4145 -0.7304
v 0.0339 0.4038 -0.7569
v 0.0299 0.4106 -0.7607
v 0.0641 0.3524 -0.7769
v 0.0584 0.3542 -0.7816
v 0.0554 0.3650 -0.7756
v 0.0478 0.3811 -0.7705
v 0.0471 0.3739 -0.7785
v 0.0431 0.3825 -0.7761
v 0.0796 0.3284 -0.7837
v 0.0705 0.3383 -0.7907
v 0.0659 0.3459 -0.7829
v 0.2334 0.1363 -0.8172
v 0.2306 0.1414 -0.8181
v 0.1531 0.2344 -0.8203
v 0.1466 0.2411 -0.8161
v 0.0271 0.4113 -0.7703
v 0.0270 0.4076 -0.7768
v 0.0226 0.4108 -0.7778
v 0.0803 0.3282 -0.8306
v 0.0849 0.3292 -0.8350
v 0.0775 0.3341 -0.8331
v 0.2568 0.1453 -0.8216
v 0.2223 0.1731 -0.8229
v 0.2296 0.1480 -0.8198
v 0.2934 0.0435 -0.8088
v 0.2987 0.0393 -0.8162
v 0.2959 0.0434 -0.8187
v 0.3363 0.1397 -0.7919
v 0.3018 0.1649 -0.7278
v 0.3022 0.1668 -0.7433
v 0.3135 0.1489 -0.7257
v 0.2892 0.2167 -0.7060
v 0.4215 0.1648 -0.3499
v 0.4142 0.1680 -0.3849
v 0.4088 0.1696 -0.3345
v 0.5307 0.1491 -0.5592
v 0.5078 0.1522 -0.6125
v 0.5884 0.2629 -0.6681
v 0.5659 0.2480 -0.6945
v 0.5822 0.2456 -0.6849
v 0.5917 0.2877 -0.6466
v 0.6070 0.2744 -0.6453
v 0.6463 0.2621 -0.6277
v 0.6279 0.2549 -0.6453
v 0.6485 0.2509 -0.6325
v 0.7431 0.3037 -0.5393
v 0.7325 0.3021 -0.5475
v 0.7588 0.2923 -0.5417
v 0.6783 0.3744 -0.5121
v 0.6659 0.3830 -0.5204
v 0.6937 0.3556 -0.5185
v 0.4921 0.6232 -0.5278
v 0.5015 0.6054 -0.5262
v 0.4499 0.6860 -0.4305
v 0.4341 0.7271 -0.4554
v 0.4415 0.7000 -0.4490
v 0.4314 0.7868 -0.3171
v 0.4165 0.8224 -0.3372
v 0.4207 0.8262 -0.3535
v 0.3972 0.8761 -0.3659
v 0.4017 0.8584 -0.3524
v 0.3937 0.9591 -0.2054
v 0.3936 0.9641 -0.2324
v 0.3894 0.9508 -0.2179
v 0.3884 1.0477 -0.3820
v 0.3879 1.0490 -0.4098
v 0.3900 1.0446 -0.3937
v 0.3834 1.0555 -0.4124
v 0.3551 1.0711 -0.4386
v 0.3607 1.0724 -0.4362
v 0.3867 1.0492 -0.4790
v 0.3838 1.0482 -0.4962
v 0.3852 1.0420 -0.4830
v 0.3475 1.0663 -0.4709
v 0.3463 1.0729 -0.4835
v 0.3467 1.0728 -0.4723
v 0.2210 0.9946 -0.4472
v 0.0285 0.9738 -0.4449
v 0.0305 0.9731 -0.4519
v 0.0453 0.9766 -0.4479
v -0.0670 0.9736 -0.4752
v -0.1403 1.0109 -0.4908
v -0.1438 1.0130 -0.5221
v -0.2058 0.9942 -0.3261
v -0.2026 0.9982 -0.3557
v -0.1977 1.0012 -0.3377
v -0.2087 0.9994 -0.2681
v -0.2070 1.0067 -0.2644
v -0.2151 1.0010 -0.2633
v -0.2083 0.9941 -0.2732
v -0.2095 0.9904 -0.2812
v -0.2032 0.9960 -0.2761
v -0.1806 1.0085 -0.2936
v -0.1901 1.0040 -0.3084
v -0.1800 1.0085 -0.3089
v -0.1778 1.0254 -0.2427
v -0.2336 0.9799 -0.1763
v -0.2263 0.9884 -0.2294
v -0.2223 0.9937 -0.1992
v -0.3884 0.6902 -0.0653
v -0.3805 0.7076 -0.0346
v -0.4524 0.5871 0.0049
v -0.4597 0.5723 -0.0395
v -0.7479 0.2792 0.0495
v -0.7301 0.2938 0.0375
v -0.7869 0.1776 0.0343
v -0.7785 0.2049 0.0255
v -0.7921 0.1880 0.0509
v -0.8009 0.1857 0.0840
v -0.8025 0.1772 0.0774
v -0.7979 0.1506 0.0719
v -0.6654 0.1614 -0.0286
v -0.6678 0.1611 -0.0337
v -0.6741 0.1627 -0.0287
v -0.6775 0.1402 -0.0473
v -0.6769 0.1340 -0.0515
v -0.6844 0.1406 -0.0551
v -0.5575 0.0945 0.0318
v -0.5692 0.0943 0.0228
v -0.5692 0.0942 0.0293
v -0.5669 0.1070 0.0719
v -0.5540 0.1046 0.0628
v -0.5663 0.1065 0.0639
v -0.5217 0.0997 -0.0097
v -0.5203 0.0980 -0.0221
v -0.5269 0.1021 -0.0156
v -0.5106 0.0969 0.0183
v -0.5126 0.0968 0.0063
v -0.5192 0.0985 0.0191
v -0.4813 0.0885 0.0721
v -0.4818 0.0886 0.0648
v -0.4534 0.1110 0.1166
v -0.3998 0.0898 0.0742
v -0.4037 0.0857 0.0614
v -0.4001 0.0918 0.0645
v -0.4086 0.0525 -0.0867
v -0.4053 0.0506 -0.1178
v -0.4105 0.0548 -0.1060
v -0.2999 0.0195 -0.0946
v -0.2771 0.0453 -0.2042
v -0.2672 0.0699 -0.2315
v -0.2830 0.0337 -0.2401
v -0.2725 0.0904 -0.3909
v -0.2784 0.0851 -0.4284
v -0.2771 0.0793 -0.3922
v -0.2847 0.0280 -0.1856
v -0.2876 0.0215 -0.2057
v -0.2890 0.0209 -0.1920
v -0.2922 0.0181 -0.1989
v -0.2898 0.0205 -0.2156
v -0.2927 0.0169 -0.2170
v -0.3042 0.0208 -0.1890
v -0.3186 0.0326 -0.2578
v -0.3244 0.0345 -0.2706
v -0.3070 0.0246 -0.3916
v -0.2819 0.0613 -0.3839
v -0.2866 0.0532 -0.4203
v -0.2890 0.0411 -0.3965
v -0.3540 0.0327 -0.4139
v -0.4038 0.0512 -0.2418
v -0.4031 0.0526 -0.2968
v -0.4096 0.0563 -0.2562
v -0.4153 0.0694 -0.0224
v -0.4147 0.0647 -0.0375
v -0.4143 0.0691 -0.0437
v -0.4200 0.1073 0.0193
v -0.4283 0.1029 0.0260
v -0.3919 0.1151 -0.0165
v -0.3903 0.1166 -0.0403
v -0.3900 0.1218 -0.0241
v -0.4133 0.0628 -0.2501
v -0.4110 0.0691 -0.2545
v -0.3880 0.0457 -0.4125
v -0.3976 0.0503 -0.3850
v -0.4111 0.0596 -0.5153
v -0.4108 0.0598 -0.5388
v -0.4113 0.0635 -0.5276
v -0.3866 0.1095 -0.1752
v -0.3850 0.1139 -0.1596
v -0.4055 0.1166 0.0109
v -0.4080 0.1136 0.0171
v -0.4283 0.1112 -0.0582
v -0.4242 0.1189 -0.0655
v -0.4329 0.1131 -0.0723
v -0.5411 0.1104 -0.0286
v -0.5423 0.1095 -0.0358
v -0.5498 0.1146 -0.0279
v -0.4964 0.1037 -0.0510
v -0.4951 0.1045 -0.0590
v -0.5039 0.1015 -0.0478
v -0.4324 0.1230 -0.0860
v -0.4366 0.1178 -0.0873
v -0.4069 0.1514 -0.1828
v -0.4106 0.1560 -0.1848
v -0.4165 0.1514 -0.1726
v -0.3632 0.1371 -0.2287
v -0.3611 0.1369 -0.2362
v -0.3635 0.1490 -0.2293
v -0.3367 0.1759 -0.2668
v -0.3367 0.1813 -0.2612
v -0.3719 0.1524 -0.2290
v -0.4033 0.1655 -0.2218
v -0.3965 0.1642 -0.2349
v -0.4019 0.1672 -0.2338
v -0.4324 0.1449 -0.1422
v -0.4251 0.1473 -0.1495
v -0.4442 0.1527 -0.1453
v -0.4490 0.1491 -0.1411
v -0.5124 0.1169 -0.1249
v -0.5104 0.1244 -0.1279
v -0.5193 0.1170 -0.1260
v -0.5121 0.1001 -0.1167
v -0.5239 0.1046 -0.1240
v -0.5239 0.1015 -0.1190
v -0.4998 0.1063 -0.0749
v -0.5031 0.1064 -0.0828
v -0.5044 0.1110 -0.0742
v -0.5335 0.1076 -0.0760
v -0.5372 0.1102 -0.0805
v -0.6002 0.1273 -0.0607
v -0.5578 0.1040 -0.1198
v -0.5591 0.1069 -0.1244
v -0.5723 0.1069 -0.1201
v -0.5268 0.1262 -0.0827
v -0.5224 0.1229 -0.0888
v -0.5267 0.1233 -0.0888
v -0.4993 0.1285 -0.0677
v -0.4910 0.1322 -0.0586
v -0.5200 0.1582 -0.0674
v -0.5163 0.1529 -0.0740
v -0.5608 0.1712 -0.0575
v -0.5578 0.1671 -0.0616
v -0.5508 0.1698 -0.0562
v -0.5650 0.1849 -0.0367
v -0.5799 0.1845 -0.0464
v -0.5847 0.1801 -0.0602
v -0.7351 0.1667 0.0250
v -0.7212 0.1674 0.0184
v -0.7732 0.2233 0.0728
v -0.7727 0.2221 0.0606
v -0.7789 0.2101 0.0723
v -0.7592 0.2474 0.0505
v -0.7514 0.2481 0.0347
v -0.7668 0.2302 0.0435
v -0.6144 0.3712 0.0833
v -0.5855 0.3964 0.0327
v -0.6042 0.3784 0.0367
v -0.4035 0.6453 -0.0036
v -0.4097 0.6321 -0.0331
v -0.2598 0.9207 0.0314
v -0.2633 0.9088 -0.0208
v -0.2741 0.8897 0.0031
v -0.2303 0.8784 0.0009
v -0.1795 0.6277 -0.0153
v -0.1806 0.6438 -0.0406
v -0.1809 0.6367 -0.0079
v -0.2960 0.4508 -0.0908
v -0.2950 0.4610 -0.1072
v -0.2724 0.4871 -0.0941
v -0.3490 0.4139 -0.1647
v -0.3397 0.4307 -0.1703
v -0.3854 0.2954 -0.1618
v -0.3904 0.3147 -0.1535
v -0.4631 0.1901 -0.1272
v -0.4549 0.1989 -0.1258
v -0.4592 0.1962 -0.1224
v -0.5128 0.1422 -0.1143
v -0.5124 0.1467 -0.1142
v -0.5180 0.1383 -0.1127
v -0.5934 0.1327 -0.1203
v -0.6010 0.1356 -0.1272
v -0.5946 0.1319 -0.1307
v -0.5928 0.1854 -0.0538
v -0.6023 0.1832 -0.0615
v -0.5949 0.1822 -0.0609
v -0.7418 0.2050 -0.0215
v -0.6151 0.3648 0.0004
v -0.6159 0.3596 -0.0245
v -0.3987 0.6338 -0.1791
v -0.3302 0.7672 -0.1220
v -0.3138 0.7953 -0.1537
v -0.3260 0.7686 -0.1787
v -0.2937 0.8418 -0.0855
v -0.3105 0.8095 -0.0820
v -0.3844 0.6551 -0.2189
v -0.3802 0.6625 -0.2224
v -0.3833 0.6589 -0.2230
v -0.3773 0.6910 -0.2117
v -0.3789 0.6938 -0.1788
v -0.3417 0.7568 -0.2276
v -0.3401 0.7564 -0.2316
v -0.3354 0.7691 -0.2315
v -0.2818 0.8589 -0.2420
v -0.2762 0.8723 -0.2439
v -0.2804 0.8774 -0.2438
v -0.2586 0.8960 -0.2427
v -0.2596 0.8974 -0.2467
v -0.2639 0.8860 -0.2451
v -0.2513 0.9131 -0.2254
v -0.1869 0.7112 -0.1337
v -0.1898 0.7083 -0.1098
v -0.1980 0.6682 -0.1992
v -0.2088 0.6499 -0.2013
v -0.2008 0.6754 -0.2171
v -0.1760 0.6456 -0.3914
v -0.1670 0.6847 -0.4066
v -0.2261 0.6673 -0.3448
v -0.2268 0.6908 -0.3469
v -0.1938 0.7733 -0.4100
v -0.2004 0.7905 -0.4112
v -0.2030 0.7713 -0.4027
v -0.2192 0.7207 -0.3101
v -0.2173 0.7321 -0.3204
v -0.2111 0.7279 -0.3014
v -0.1868 0.7328 -0.2075
v -0.1870 0.7508 -0.2217
v -0.1875 0.7423 -0.1958
v -0.1917 0.8075 -0.2981
v -0.1926 0.8104 -0.3154
v -0.1429 0.7534 -0.4510
v -0.1410 0.7352 -0.4626
v -0.1418 0.7720 -0.4641
v -0.1435 0.7965 -0.4670
v -0.1467 0.8095 -0.4676
v -0.2054 0.8593 -0.4340
v -0.2081 0.8808 -0.4362
v -0.2247 0.9297 -0.3409
v -0.2140 0.9184 -0.3745
v -0.2166 0.9309 -0.3791
v -0.2086 0.8811 -0.3345
v -0.2566 0.9306 -0.2489
v -0.2090 0.9121 -0.4229
v -0.2085 0.9077 -0.4336
v -0.2103 0.9284 -0.4243
v -0.1535 0.8415 -0.4896
v -0.1555 0.8498 -0.5103
v -0.2016 0.9562 -0.4832
v -0.2000 0.9620 -0.4945
v -0.1943 0.9510 -0.5592
v -0.1950 0.9661 -0.5615
v -0.1956 0.9688 -0.5423
v -0.1864 0.9776 -0.5962
v -0.1832 0.9890 -0.5943
v -0.1781 0.9549 -0.6358
v -0.1769 0.9578 -0.6442
v -0.1789 0.9674 -0.6382
v -0.1699 0.9593 -0.6588
v -0.1659 0.9621 -0.6654
v -0.1707 0.9640 -0.6673
v -0.1420 0.9791 -0.6534
v -0.1455 0.9787 -0.6607
v -0.1418 0.9744 -0.6544
v -0.1807 0.9671 -0.6530
v -0.1756 0.9641 -0.6601
v -0.1814 0.9682 -0.6604
v -0.1884 1.0031 -0.6312
v -0.1879 1.0129 -0.6304
v -0.1508 1.0145 -0.5985
v -0.1533 1.0129 -0.6086
v -0.1484 1.0126 -0.6022
v -0.1878 1.0511 -0.6234
v -0.1691 1.0590 -0.6301
v -0.1687 1.0498 -0.6277
v -0.1924 0.9961 -0.6369
v -0.1912 1.0037 -0.6377
v -0.1910 0.9754 -0.6604
v -0.1887 0.9720 -0.6660
v -0.1900 0.9771 -0.6674
v -0.1724 1.0708 -0.6608
v -0.1356 1.0562 -0.6544
v -0.1363 1.0498 -0.6470
v -0.1419 1.0265 -0.6461
v -0.1368 1.0363 -0.6534
v -0.1417 1.0263 -0.6532
v -0.2006 1.0625 -0.6739
v -0.1984 1.0658 -0.6712
v -0.1873 1.0587 -0.6843
v -0.1934 1.0561 -0.6841
v -0.1843 0.9867 -0.6808
v -0.1828 0.9923 -0.6791
v -0.1653 1.0118 -0.6727
v -0.1717 1.0116 -0.6738
v -0.1217 0.9633 -0.6450
v -0.1207 0.9605 -0.6488
v -0.1138 0.9547 -0.6458
v -0.0741 0.9088 -0.6607
v -0.0644 0.9000 -0.6535
v -0.0342 0.8442 -0.7000
v -0.0334 0.8381 -0.7026
v -0.0276 0.8392 -0.7018
v 0.0707 0.6990 -0.7607
v 0.0649 0.7000 -0.7605
v 0.0676 0.6942 -0.7629
v 0.1486 0.6158 -0.7518
v 0.1457 0.6215 -0.7497
v 0.1435 0.6197 -0.7562
v 0.1288 0.6578 -0.7470
v 0.1276 0.6546 -0.7531
v 0.1334 0.6554 -0.7447
v 0.1793 0.6537 -0.7345
v 0.1654 0.6518 -0.7377
v 0.1845 0.6438 -0.7369
v 0.1532 0.6127 -0.7462
v 0.1600 0.6160 -0.7438
v 0.1524 0.6167 -0.7454
v 0.1076 0.6718 -0.7629
v 0.1175 0.6497 -0.7711
v 0.2611 0.4295 -0.7937
v 0.2859 0.3946 -0.8051
v 0.2844 0.4030 -0.7829
v 0.2868 0.3138 -0.8603
v 0.2848 0.3214 -0.8607
v 0.2740 0.3260 -0.8544
v 0.3025 0.2877 -0.8648
v 0.3071 0.2930 -0.8683
v 0.2910 0.3043 -0.8625
v 0.3394 0.2581 -0.8792
v 0.3381 0.2631 -0.8796
v 0.3298 0.2602 -0.8763
v 0.3755 0.2120 -0.8884
v 0.3681 0.2060 -0.8860
v 0.3270 0.2511 -0.8712
v 0.3204 0.2654 -0.8704
v 0.2993 0.2552 -0.8371
v 0.2993 0.2515 -0.8386
v 0.3046 0.2569 -0.8381
v 0.2862 0.2872 -0.8289
v 0.2927 0.2836 -0.8399
v 0.2867 0.2909 -0.8376
v 0.2912 0.2616 -0.8335
v 0.2983 0.2739 -0.8372
v 0.2918 0.2684 -0.8319
v 0.2619 0.3188 -0.8172
v 0.2659 0.3163 -0.8238
v 0.2593 0.3242 -0.8191
v 0.2101 0.3498 -0.7964
v 0.2137 0.3632 -0.7954
v 0.2058 0.3631 -0.7949
v 0.1980 0.4027 -0.7923
v 0.1988 0.4061 -0.7978
v 0.1970 0.4080 -0.7935
v 0.2236 0.4187 -0.8351
v 0.2288 0.4239 -0.8351
v 0.2219 0.4244 -0.8347
v 0.1731 0.4772 -0.8153
v 0.1836 0.4787 -0.8200
v 0.1789 0.4821 -0.8179
v 0.1338 0.5309 -0.7698
v 0.1366 0.5166 -0.7822
v 0.1297 0.5321 -0.7789
v 0.1605 0.4754 -0.7845
v 0.1669 0.4619 -0.7924
v 0.1559 0.4819 -0.7920
v 0.1891 0.4240 -0.8065
v 0.1968 0.4137 -0.8132
v 0.1880 0.4292 -0.8120
v 0.1905 0.4185 -0.7923
v 0.1870 0.4269 -0.7927
v 0.1887 0.4235 -0.7870
v 0.1679 0.4485 -0.7796
v 0.1577 0.4491 -0.7789
v 0.1530 0.4580 -0.7758
v 0.1607 0.4644 -0.7782
v 0.1518 0.4624 -0.7755
v 0.1225 0.5135 -0.7627
v 0.1161 0.5089 -0.7660
v 0.1227 0.5039 -0.7683
v 0.1138 0.5565 -0.7551
v 0.1199 0.5552 -0.7595
v 0.1172 0.5564 -0.7628
v 0.1137 0.5486 -0.7535
v 0.1064 0.5445 -0.7555
v 0.1137 0.5426 -0.7533
v 0.1365 0.5331 -0.7534
v 0.1343 0.5426 -0.7538
v 0.1276 0.5335 -0.7543
v 0.1597 0.5018 -0.7479
v 0.1608 0.5015 -0.7539
v 0.1537 0.5095 -0.7472
v 0.1434 0.5163 -0.7524
v 0.1411 0.5213 -0.7509
v 0.1378 0.5192 -0.7549
v 0.1401 0.5140 -0.7566
v 0.1447 0.5102 -0.7536
v 0.1648 0.4876 -0.7624
v 0.1599 0.4949 -0.7617
v 0.1630 0.4900 -0.7571
v 0.1586 0.5107 -0.7542
v 0.1578 0.5038 -0.7598
v 0.1583 0.5082 -0.7596
v 0.1245 0.5528 -0.7472
v 0.1290 0.5492 -0.7523
v 0.1220 0.5539 -0.7522
v 0.1427 0.4772 -0.7722
v 0.1444 0.4667 -0.7760
v 0.1498 0.4697 -0.7730
v 0.1758 0.4464 -0.8021
v 0.1633 0.4660 -0.7991
v 0.1462 0.5002 -0.7908
v 0.1462 0.5026 -0.7967
v 0.1374 0.5142 -0.7905
v 0.2422 0.3485 -0.8283
v 0.2452 0.3481 -0.8351
v 0.2319 0.3662 -0.8291
v 0.2049 0.3855 -0.7920
v 0.2001 0.3801 -0.7921
v 0.2097 0.3811 -0.7925
v 0.1999 0.3952 -0.7925
v 0.2067 0.3955 -0.8002
v 0.2046 0.3994 -0.8005
v 0.1748 0.3412 -0.7937
v 0.1831 0.3480 -0.7899
v 0.1727 0.3470 -0.7928
v 0.2297 0.3335 -0.8015
v 0.2287 0.3408 -0.8002
v 0.2179 0.3363 -0.7978
v 0.2487 0.2836 -0.8118
v 0.2546 0.2967 -0.8131
v 0.2465 0.2935 -0.8107
v 0.2613 0.3097 -0.8136
v 0.2530 0.3087 -0.8106
v 0.2221 0.3103 -0.7980
v 0.2298 0.3055 -0.8018
v 0.2155 0.3179 -0.7964
v 0.2120 0.3004 -0.7981
v 0.2033 0.2984 -0.8069
v 0.2057 0.2955 -0.8044
v 0.2248 0.2678 -0.8206
v 0.2193 0.2695 -0.8256
v 0.2238 0.2665 -0.8247
v 0.2274 0.2865 -0.7999
v 0.2285 0.2932 -0.7996
v 0.2203 0.2853 -0.8002
v 0.2312 0.2717 -0.8059
v 0.2225 0.2732 -0.8145
v 0.2267 0.2687 -0.8144
v 0.2914 0.2406 -0.8397
v 0.2908 0.2546 -0.8358
v 0.2804 0.2488 -0.8340
v 0.3269 0.2038 -0.8610
v 0.3387 0.2070 -0.8635
v 0.3421 0.2118 -0.8619
v 0.3760 0.1792 -0.8839
v 0.3707 0.1864 -0.8811
v 0.3692 0.1780 -0.8792
v 0.3523 0.2012 -0.8689
v 0.3538 0.1932 -0.8704
v 0.3574 0.2016 -0.8739
v 0.3076 0.2329 -0.8457
v 0.3148 0.2370 -0.8463
v 0.3108 0.2418 -0.8448
v 0.3368 0.2274 -0.8609
v 0.3434 0.2213 -0.8647
v 0.3362 0.2323 -0.8649
v 0.2847 0.2111 -0.8289
v 0.3024 0.1952 -0.8431
v 0.2915 0.2084 -0.8370
v 0.2485 0.2495 -0.8164
v 0.2413 0.2511 -0.8195
v 0.2420 0.2466 -0.8208
v 0.2515 0.2389 -0.8200
v 0.2433 0.2403 -0.8222
v 0.2482 0.2303 -0.8234
v 0.2829 0.2024 -0.8215
v 0.2833 0.2082 -0.8229
v 0.2736 0.2005 -0.8205
v 0.3051 0.1783 -0.8314
v 0.3192 0.1673 -0.8439
v 0.3096 0.1797 -0.8405
v 0.3131 0.1622 -0.8239
v 0.3155 0.1646 -0.8297
v 0.3060 0.1638 -0.8213
v 0.3833 0.1312 -0.8617
v 0.3826 0.1312 -0.8668
v 0.3514 0.1477 -0.7947
v 0.3449 0.1485 -0.7989
v 0.3454 0.1484 -0.7927
v 0.3575 0.1791 -0.6480
v 0.3444 0.1804 -0.6823
v 0.3451 0.1889 -0.6340
v 0.3670 0.1774 -0.6271
v 0.3562 0.1855 -0.6125
v 0.4003 0.1414 -0.8100
v 0.4002 0.1395 -0.8176
v 0.3689 0.1325 -0.8466
v 0.3737 0.1327 -0.8566
v 0.3617 0.1351 -0.8463
v 0.2826 0.1769 -0.8216
v 0.2922 0.1864 -0.8222
v 0.2807 0.1855 -0.8210
v 0.2804 0.2261 -0.8332
v 0.2899 0.2140 -0.8391
v 0.2855 0.2292 -0.8374
v 0.2522 0.2473 -0.8191
v 0.2604 0.2488 -0.8225
v 0.2549 0.2565 -0.8193
v 0.1742 0.3124 -0.8320
v 0.1698 0.3292 -0.8318
v 0.1656 0.3319 -0.8330
v 0.1891 0.3169 -0.8062
v 0.1813 0.3215 -0.8207
v 0.1907 0.3103 -0.8244
v 0.1767 0.3360 -0.7983
v 0.1756 0.3308 -0.8146
v 0.1792 0.3298 -0.8053
v 0.2132 0.2922 -0.7995
v 0.2134 0.2863 -0.8011
v 0.2380 0.2893 -0.8053
v 0.2390 0.3025 -0.8061
v 0.2299 0.3452 -0.7995
v 0.2380 0.3416 -0.8050
v 0.2346 0.3482 -0.8005
v 0.1688 0.3467 -0.7985
v 0.1635 0.3487 -0.8085
v 0.1733 0.3397 -0.7985
v 0.1593 0.3701 -0.7848
v 0.1598 0.3634 -0.7904
v 0.1631 0.3657 -0.7855
v 0.2307 0.3562 -0.8002
v 0.2337 0.3576 -0.8074
v 0.2283 0.3628 -0.8014
v 0.2757 0.2840 -0.8216
v 0.2826 0.2928 -0.8245
v 0.2772 0.2946 -0.8221
v 0.3019 0.2459 -0.8416
v 0.3080 0.2560 -0.8435
v 0.3804 0.2122 -0.8876
v 0.3726 0.2254 -0.8856
v 0.2718 0.3102 -0.8326
v 0.2714 0.3140 -0.8440
v 0.2595 0.3269 -0.8354
v 0.2419 0.3801 -0.8428
v 0.2291 0.3945 -0.8373
v 0.2305 0.4027 -0.8387
v 0.2235 0.4098 -0.8365
v 0.1849 0.4707 -0.8210
v 0.1930 0.4637 -0.8229
v 0.1909 0.4774 -0.8212
v 0.1240 0.5503 -0.7599
v 0.1255 0.5439 -0.7687
v 0.0556 0.6294 -0.7253
v 0.0382 0.6312 -0.7323
v 0.0612 0.6201 -0.7297
v 0.0209 0.6740 -0.7088
v 0.0087 0.6707 -0.7201
v 0.0213 0.6651 -0.7167
v 0.0739 0.6325 -0.7431
v 0.0786 0.6235 -0.7525
v 0.0623 0.6492 -0.7460
v 0.0623 0.6500 -0.7532
v 0.0699 0.6444 -0.7634
v 0.0595 0.6553 -0.7551
v 0.0296 0.7260 -0.7459
v 0.0309 0.7395 -0.7448
v 0.0245 0.7346 -0.7419
v -0.0213 0.7912 -0.7153
v -0.0296 0.8071 -0.7115
v -0.0639 0.7963 -0.6774
v -0.0575 0.8017 -0.6728
v -0.0649 0.8009 -0.6760
v -0.0583 0.7449 -0.7210
v -0.0639 0.7431 -0.7231
v -0.0572 0.7327 -0.7256
v -0.0292 0.6955 -0.7289
v -0.0266 0.6823 -0.7313
v -0.0182 0.6853 -0.7282
v 0.0167 0.7216 -0.7092
v 0.0247 0.7083 -0.7243
v 0.0085 0.7316 -0.7112
v -0.0375 0.7488 -0.6973
v -0.0420 0.7454 -0.7071
v -0.0336 0.7412 -0.6999
v -0.0202 0.7387 -0.6891
v -0.0188 0.7453 -0.6849
v -0.0264 0.7404 -0.6911
v -0.0228 0.7771 -0.7062
v -0.0099 0.7590 -0.7117
v -0.0130 0.7664 -0.7162
v -0.0516 0.7841 -0.6804
v -0.0518 0.7788 -0.6854
v -0.0480 0.7797 -0.6814
v -0.0334 0.7893 -0.6842
v -0.0338 0.7926 -0.6910
v -0.0369 0.7973 -0.6831
v -0.0338 0.7717 -0.6805
v -0.0323 0.7809 -0.6815
v -0.0437 0.7707 -0.6835
v -0.0352 0.7631 -0.6830
v -0.0414 0.7652 -0.6845
v -0.0099 0.7569 -0.6910
v -0.0153 0.7655 -0.6982
v -0.0127 0.7610 -0.6915
v -0.0479 0.7331 -0.7228
v -0.0401 0.7358 -0.7160
v -0.0509 0.7459 -0.7161
v -0.0338 0.7147 -0.7238
v -0.0494 0.7175 -0.7280
v -0.0032 0.7248 -0.6905
v -0.0067 0.7214 -0.6917
v -0.0010 0.7200 -0.6908
v -0.0006 0.7348 -0.6918
v -0.0020 0.7433 -0.6935
v -0.0116 0.7318 -0.6900
v 0.0293 0.6951 -0.6992
v 0.0357 0.6943 -0.7064
v 0.0308 0.6989 -0.7050
v 0.0194 0.6936 -0.6984
v 0.0226 0.7038 -0.6997
v 0.0115 0.6956 -0.6990
v 0.0395 0.6906 -0.7161
v 0.0271 0.7061 -0.7150
v 0.0317 0.7000 -0.7100
v -0.0486 0.6708 -0.7288
v -0.0527 0.7008 -0.7291
v -0.0615 0.6969 -0.7265
v -0.0834 0.7368 -0.7213
v -0.0845 0.7539 -0.7213
v -0.0956 0.7501 -0.7172
v -0.1029 0.7318 -0.7081
v -0.1000 0.7352 -0.7118
v -0.1082 0.7423 -0.7046
v -0.1161 0.7832 -0.7057
v -0.1087 0.7934 -0.7089
v -0.1155 0.8028 -0.7045
v -0.1549 0.8188 -0.6683
v -0.1482 0.8191 -0.6741
v -0.1505 0.8214 -0.6711
v -0.1412 0.7795 -0.6618
v -0.1396 0.7820 -0.6674
v -0.1490 0.7793 -0.6610
v -0.1155 0.7340 -0.6833
v -0.1227 0.7603 -0.6917
v -0.1296 0.7669 -0.6797
v -0.0858 0.6535 -0.6476
v -0.0948 0.6811 -0.6734
v -0.1035 0.6818 -0.6196
v -0.0666 0.6168 -0.6381
v -0.0560 0.6072 -0.6659
v -0.0742 0.6333 -0.6523
v -0.1260 0.7397 -0.6430
v -0.1136 0.7154 -0.6525
v -0.1248 0.7395 -0.6514
v -0.1462 0.7343 -0.6427
v -0.1487 0.7286 -0.6466
v -0.1451 0.7248 -0.6391
v -0.1427 0.7342 -0.6302
v -0.1417 0.7429 -0.6359
v -0.1439 0.7342 -0.6370
v -0.1327 0.7640 -0.6674
v -0.1362 0.7749 -0.6703
v -0.1384 0.7747 -0.6653
v -0.1649 0.7831 -0.6644
v -0.1579 0.7959 -0.6641
v -0.1870 0.6909 -0.6667
v -0.1860 0.7102 -0.6656
v -0.1897 0.6985 -0.6630
v -0.2016 0.5216 -0.6742
v -0.1944 0.5303 -0.6765
v -0.1977 0.5475 -0.6730
v -0.2065 0.5465 -0.6641
v -0.2034 0.5717 -0.6632
v -0.2069 0.5617 -0.6586
v -0.2574 0.4271 -0.6442
v -0.2397 0.4669 -0.6424
v -0.2116 0.5587 -0.6169
v -0.2089 0.5719 -0.6320
v -0.2056 0.5941 -0.6181
v -0.1976 0.6599 -0.6526
v -0.1984 0.6340 -0.6584
v -0.1941 0.6746 -0.6591
v -0.1857 0.8370 -0.6463
v -0.1853 0.8164 -0.6530
v -0.1840 0.8464 -0.6497
v -0.1972 0.7664 -0.5903
v -0.1940 0.7774 -0.5979
v -0.1947 0.7892 -0.5911
v -0.1969 0.7614 -0.5714
v -0.1953 0.7852 -0.5770
v -0.1929 0.7733 -0.5678
v -0.1979 0.6815 -0.5431
v -0.1985 0.7121 -0.5541
v -0.1919 0.7123 -0.5466
v -0.1939 0.7091 -0.6080
v -0.1945 0.6951 -0.6194
v -0.1917 0.7141 -0.6148
v -0.2064 0.6151 -0.5982
v -0.2035 0.6228 -0.6050
v -0.2034 0.6339 -0.5989
v -0.2189 0.6310 -0.5607
v -0.2196 0.6207 -0.5685
v -0.2156 0.6464 -0.5669
v -0.2105 0.6201 -0.5332
v -0.2086 0.6458 -0.5418
v -0.2018 0.6468 -0.5342
v -0.1813 0.6909 -0.5296
v -0.1870 0.6915 -0.5357
v -0.1774 0.7000 -0.5301
v -0.1519 0.7296 -0.5102
v -0.1589 0.7122 -0.5161
v -0.1532 0.7461 -0.5174
v -0.1621 0.6354 -0.4775
v -0.1706 0.6187 -0.4843
v -0.1605 0.6506 -0.4868
v -0.2214 0.5728 -0.5243
v -0.2213 0.5896 -0.5317
v -0.2072 0.6062 -0.5239
v -0.2489 0.5186 -0.5536
v -0.2427 0.5276 -0.5621
v -0.2406 0.5429 -0.5553
v -0.2617 0.4395 -0.5823
v -0.2644 0.4179 -0.5936
v -0.2590 0.4366 -0.5894
v -0.2623 0.4899 -0.5309
v -0.2563 0.5049 -0.5384
v -0.2500 0.5172 -0.5318
v -0.3232 0.3674 -0.5551
v -0.3059 0.3863 -0.5615
v -0.3083 0.3951 -0.5528
v -0.4116 0.2010 -0.5764
v -0.4181 0.1955 -0.5829
v -0.4097 0.1992 -0.5815
v -0.4643 0.1763 -0.5930
v -0.4629 0.1736 -0.6009
v -0.4577 0.1769 -0.5906
v -0.4207 0.2071 -0.5597
v -0.4158 0.2068 -0.5659
v -0.4139 0.2223 -0.5548
v -0.3029 0.4176 -0.5302
v -0.2942 0.4307 -0.5378
v -0.2889 0.4407 -0.5299
v -0.2736 0.4589 -0.5164
v -0.2691 0.4727 -0.5236
v -0.2621 0.4785 -0.5167
v -0.2531 0.4168 -0.4603
v -0.2367 0.4546 -0.4731
v -0.2324 0.4509 -0.4638
v -0.1939 0.5211 -0.4391
v -0.2025 0.4967 -0.4422
v -0.1990 0.5107 -0.4462
v -0.1713 0.5957 -0.4041
v -0.1717 0.5837 -0.4092
v -0.1662 0.6064 -0.4136
v -0.2116 0.4738 -0.3728
v -0.2003 0.5041 -0.3818
v -0.2072 0.4988 -0.3661
v -0.2240 0.4394 -0.4292
v -0.2212 0.4644 -0.4560
v -0.2152 0.4607 -0.4321
v -0.2952 0.3463 -0.4411
v -0.2864 0.3735 -0.4600
v -0.2785 0.3769 -0.4538
v -0.3145 0.3989 -0.5243
v -0.3355 0.3675 -0.5301
v -0.3193 0.3912 -0.5329
v -0.4163 0.2417 -0.5209
v -0.4134 0.2427 -0.5312
v -0.4045 0.2583 -0.5277
v -0.3387 0.2968 -0.4318
v -0.3556 0.2850 -0.4419
v -0.3422 0.2993 -0.4419
v -0.3714 0.2514 -0.3924
v -0.3681 0.2591 -0.4138
v -0.3550 0.2714 -0.4012
v -0.2983 0.3239 -0.3985
v -0.3174 0.3165 -0.4297
v -0.2868 0.3405 -0.4126
v -0.2947 0.3299 -0.2903
v -0.2854 0.3348 -0.3140
v -0.2795 0.3514 -0.3058
v -0.2931 0.3186 -0.3338
v -0.3032 0.3068 -0.3390
v -0.2940 0.3175 -0.3493
v -0.3586 0.2585 -0.3369
v -0.3675 0.2525 -0.3554
v -0.3523 0.2677 -0.3605
v -0.4260 0.2093 -0.4482
v -0.4384 0.2034 -0.4620
v -0.4311 0.2130 -0.4671
v -0.4266 0.2001 -0.5523
v -0.4260 0.1993 -0.5597
v -0.4226 0.2113 -0.5502
v -0.4285 0.2010 -0.5293
v -0.4276 0.2000 -0.5371
v -0.4283 0.2080 -0.5303
v -0.4375 0.1861 -0.5275
v -0.4426 0.1871 -0.5322
v -0.4343 0.1908 -0.5300
v -0.4887 0.1871 -0.5603
v -0.4895 0.1855 -0.5686
v -0.4755 0.1931 -0.5627
v -0.4946 0.1757 -0.5251
v -0.4914 0.1802 -0.5306
v -0.4838 0.1775 -0.5227
v -0.4891 0.1629 -0.5142
v -0.4898 0.1632 -0.5223
v -0.4938 0.1662 -0.5233
v -0.4600 0.1843 -0.5245
v -0.4505 0.1869 -0.5298
v -0.4489 0.1843 -0.5212
v -0.4381 0.2084 -0.4906
v -0.4348 0.2017 -0.5020
v -0.4364 0.2090 -0.4979
v -0.4388 0.1863 -0.4112
v -0.4524 0.1869 -0.4262
v -0.4374 0.1922 -0.4252
v -0.4552 0.1708 -0.4477
v -0.4538 0.1624 -0.4531
v -0.4538 0.1711 -0.4522
v -0.4634 0.1600 -0.4696
v -0.4601 0.1648 -0.4731
v -0.4580 0.1625 -0.4677
v -0.4495 0.1836 -0.4699
v -0.4457 0.1856 -0.4747
v -0.4480 0.1927 -0.4666
v -0.4527 0.1735 -0.4762
v -0.4586 0.1707 -0.4818
v -0.4547 0.1744 -0.4834
v -0.4613 0.1465 -0.5302
v -0.4606 0.1468 -0.5498
v -0.4677 0.1516 -0.5445
v -0.4201 0.1343 -0.5731
v -0.4245 0.1318 -0.5779
v -0.4267 0.1364 -0.5737
v -0.3857 0.1561 -0.5689
v -0.3767 0.1601 -0.5861
v -0.3867 0.1516 -0.5859
v -0.4339 0.1427 -0.5530
v -0.4284 0.1446 -0.5618
v -0.4354 0.1435 -0.5609
v -0.4038 0.1527 -0.5442
v -0.4050 0.1525 -0.5530
v -0.4120 0.1529 -0.5446
v -0.4026 0.1485 -0.5143
v -0.3896 0.1571 -0.5280
v -0.3943 0.1546 -0.5334
v -0.4362 0.1399 -0.5187
v -0.4279 0.1395 -0.5289
v -0.4351 0.1385 -0.5371
v -0.4845 0.1554 -0.4849
v -0.4867 0.1569 -0.4921
v -0.4838 0.1602 -0.4859
v -0.4500 0.1457 -0.4992
v -0.4490 0.1431 -0.5136
v -0.4573 0.1488 -0.5052
v -0.4785 0.1478 -0.4707
v -0.4804 0.1466 -0.4765
v -0.4810 0.1510 -0.4737
v -0.4504 0.1493 -0.4266
v -0.4518 0.1554 -0.4372
v -0.4509 0.1602 -0.4341
v -0.4519 0.1753 -0.4087
v -0.4513 0.1790 -0.4120
v -0.4460 0.1796 -0.4067
v -0.4108 0.2019 -0.3572
v -0.4131 0.1987 -0.3687
v -0.4048 0.2083 -0.3704
v -0.4133 0.2102 -0.2239
v -0.4192 0.2049 -0.2419
v -0.4079 0.2150 -0.2550
v -0.4180 0.2029 -0.2675
v -0.4194 0.1974 -0.2895
v -0.4142 0.2069 -0.2867
v -0.4343 0.1475 -0.3288
v -0.4303 0.1629 -0.3224
v -0.4300 0.1616 -0.3172
v -0.4494 0.1468 -0.4065
v -0.4483 0.1558 -0.3989
v -0.4474 0.1630 -0.3781
v -0.4504 0.1605 -0.3930
v -0.4441 0.1694 -0.3759
v -0.4340 0.1784 -0.3531
v -0.4302 0.1831 -0.3693
v -0.4248 0.1879 -0.3581
v -0.4269 0.1666 -0.3104
v -0.4271 0.1736 -0.3094
v -0.4268 0.1717 -0.3045
v -0.4562 0.1326 -0.4004
v -0.4572 0.1374 -0.4186
v -0.4484 0.1385 -0.3918
v -0.4594 0.1215 -0.3665
v -0.4611 0.1178 -0.3813
v -0.4600 0.1223 -0.3843
v -0.4725 0.1381 -0.4698
v -0.4743 0.1415 -0.4674
v -0.4707 0.1352 -0.4615
v -0.4365 0.1393 -0.4830
v -0.4434 0.1396 -0.4837
v -0.4437 0.1364 -0.4745
v -0.4637 0.1240 -0.4366
v -0.4610 0.1232 -0.4469
v -0.4628 0.1263 -0.4522
v -0.4381 0.1249 -0.3970
v -0.4445 0.1233 -0.4197
v -0.4484 0.1170 -0.3926
v -0.4103 0.1491 -0.4838
v -0.3946 0.1555 -0.4954
v -0.4017 0.1499 -0.5035
v -0.3965 0.1690 -0.4511
v -0.4103 0.1549 -0.4564
v -0.4051 0.1617 -0.4407
v -0.4238 0.1385 -0.4050
v -0.4209 0.1446 -0.4319
v -0.4275 0.1375 -0.4264
v -0.4417 0.1303 -0.2733
v -0.4446 0.1239 -0.2906
v -0.4562 0.1192 -0.2764
v -0.4724 0.1156 -0.2834
v -0.4705 0.1143 -0.2979
v -0.4739 0.1169 -0.2891
v -0.4582 0.1372 -0.2714
v -0.4378 0.1445 -0.3205
v -0.4469 0.1484 -0.2740
v -0.4447 0.1874 -0.1954
v -0.4357 0.1949 -0.2113
v -0.4385 0.1943 -0.1907
v -0.4070 0.2216 -0.1723
v -0.4046 0.2184 -0.1781
v -0.4005 0.2285 -0.1738
v -0.3375 0.2812 -0.2446
v -0.3264 0.3037 -0.2386
v -0.3354 0.2899 -0.2360
v -0.2917 0.3785 -0.2608
v -0.2612 0.4260 -0.2951
v -0.2715 0.4218 -0.2795
v -0.2441 0.4833 -0.3096
v -0.2098 0.5302 -0.3493
v -0.2316 0.5171 -0.3228
v -0.2398 0.4119 -0.3505
v -0.2448 0.3956 -0.3570
v -0.2334 0.4187 -0.3631
v -0.3707 0.2546 -0.2012
v -0.3484 0.2756 -0.2240
v -0.3606 0.2689 -0.2048
v -0.3475 0.2697 -0.2383
v -0.3363 0.2785 -0.2595
v -0.4299 0.2007 -0.1853
v -0.4224 0.2045 -0.1952
v -0.4186 0.2074 -0.1814
v -0.4815 0.1174 -0.2325
v -0.4765 0.1168 -0.2560
v -0.4844 0.1184 -0.2435
v -0.4670 0.1175 -0.2581
v -0.4607 0.1166 -0.2789
v -0.4797 0.1226 -0.2074
v -0.4852 0.1178 -0.2101
v -0.4886 0.1181 -0.2025
v -0.5006 0.1243 -0.1853
v -0.4968 0.1215 -0.2029
v -0.4971 0.1283 -0.1880
v -0.4716 0.1156 -0.2746
v -0.4657 0.1135 -0.2946
v -0.4604 0.1146 -0.3539
v -0.4519 0.1149 -0.3549
v -0.4599 0.1149 -0.3715
v -0.4651 0.1267 -0.4189
v -0.4628 0.1329 -0.4281
v -0.4620 0.1298 -0.4171
v -0.4630 0.1237 -0.3091
v -0.4617 0.1212 -0.3314
v -0.4343 0.1565 -0.3365
v -0.4347 0.1514 -0.3439
v -0.4362 0.1590 -0.3413
v -0.4232 0.1873 -0.2847
v -0.4253 0.1787 -0.2945
v -0.4232 0.1876 -0.2942
v -0.3866 0.2317 -0.3743
v -0.3940 0.2235 -0.3513
v -0.4574 0.1467 -0.4458
v -0.4537 0.1536 -0.4457
v -0.4386 0.1407 -0.5074
v -0.4442 0.1404 -0.5124
v -0.4441 0.1423 -0.4987
v -0.4377 0.1407 -0.4947
v -0.3950 0.1550 -0.5448
v -0.3979 0.1539 -0.5525
v -0.4036 0.1445 -0.5710
v -0.3942 0.1488 -0.5755
v -0.4004 0.1419 -0.5780
v -0.4635 0.1498 -0.5533
v -0.4677 0.1525 -0.5604
v -0.4578 0.1754 -0.4409
v -0.4575 0.1820 -0.4483
v -0.4581 0.1831 -0.4372
v -0.4393 0.1952 -0.4365
v -0.4332 0.1967 -0.4324
v -0.4807 0.1591 -0.5426
v -0.4990 0.1690 -0.5374
v -0.4422 0.1939 -0.5453
v -0.4540 0.1960 -0.5536
v -0.4419 0.1956 -0.5518
v -0.4256 0.2070 -0.5449
v -0.4259 0.2162 -0.5382
v -0.4245 0.2281 -0.4875
v -0.4157 0.2332 -0.4771
v -0.4009 0.2304 -0.4430
v -0.4086 0.2331 -0.4622
v -0.3028 0.3512 -0.2525
v -0.2964 0.3484 -0.2663
v -0.2914 0.3621 -0.2677
v -0.2981 0.3146 -0.3611
v -0.2885 0.3260 -0.3681
v -0.3069 0.3371 -0.4449
v -0.3318 0.3389 -0.4720
v -0.4042 0.2568 -0.5334
v -0.2386 0.4128 -0.4298
v -0.2330 0.4292 -0.4405
v -0.2326 0.4202 -0.4246
v -0.1983 0.5042 -0.3913
v -0.1821 0.5539 -0.4009
v -0.1873 0.5458 -0.3862
v -0.2653 0.3878 -0.4509
v -0.2699 0.3948 -0.4613
v -0.2815 0.4510 -0.5233
v -0.3081 0.4076 -0.5377
v -0.3114 0.3982 -0.5447
v -0.3014 0.4156 -0.5440
v -0.4261 0.1945 -0.5751
v -0.4255 0.1938 -0.5832
v -0.4168 0.1992 -0.5744
v -0.2649 0.4797 -0.5514
v -0.2587 0.4841 -0.5604
v -0.2566 0.4985 -0.5524
v -0.2420 0.5281 -0.5250
v -0.2342 0.5524 -0.5298
v -0.2307 0.5475 -0.5217
v -0.1556 0.7649 -0.5250
v -0.1618 0.7824 -0.5359
v -0.1574 0.7904 -0.5313
v -0.2269 0.5473 -0.5825
v -0.2212 0.5751 -0.5815
v -0.2284 0.5685 -0.5698
v -0.1958 0.7230 -0.5989
v -0.1915 0.7415 -0.6049
v -0.1948 0.7498 -0.5980
v -0.1995 0.7520 -0.5766
v -0.2007 0.7415 -0.5814
v -0.1986 0.7590 -0.5832
v -0.1850 0.8234 -0.6224
v -0.1868 0.8341 -0.6421
v -0.1841 0.8563 -0.6297
v -0.1887 0.7412 -0.6145
v -0.2123 0.5500 -0.6390
v -0.2108 0.5489 -0.6521
v -0.2087 0.5696 -0.6439
v -0.1885 0.7277 -0.6627
v -0.1559 0.8282 -0.6691
v -0.1521 0.8297 -0.6721
v -0.1580 0.8420 -0.6678
v -0.0758 0.7398 -0.7232
v -0.0660 0.7631 -0.7169
v -0.0632 0.7740 -0.7085
v -0.0729 0.7760 -0.7123
v -0.0563 0.8138 -0.6687
v -0.0564 0.8094 -0.6701
v -0.0510 0.8151 -0.6701
v 0.0514 0.6681 -0.7373
v 0.0550 0.6620 -0.7467
v 0.0431 0.6816 -0.7398
v 0.0747 0.6259 -0.7226
v 0.0738 0.6211 -0.7244
v 0.0805 0.6281 -0.7246
v 0.0754 0.5921 -0.7428
v 0.0855 0.5958 -0.7383
v 0.0805 0.6011 -0.7375
v 0.0676 0.6258 -0.7220
v 0.0698 0.6217 -0.7255
v 0.0564 0.6679 -0.7150
v 0.0557 0.6668 -0.7230
v 0.0522 0.6740 -0.7147
v 0.0447 0.6542 -0.7126
v 0.0389 0.6531 -0.7175
v 0.0440 0.6477 -0.7172
v 0.0498 0.6466 -0.7135
v 0.0587 0.6568 -0.7128
v 0.0503 0.6531 -0.7094
v 0.0337 0.6589 -0.7167
v 0.0386 0.6586 -0.7164
v 0.0411 0.6586 -0.7118
v 0.0828 0.6191 -0.7475
v 0.0909 0.6045 -0.7534
v 0.0314 0.6666 -0.7084
v 0.0273 0.6694 -0.7093
v 0.0907 0.5919 -0.7413
v 0.0840 0.5914 -0.7418
v 0.0972 0.6018 -0.7841
v 0.1007 0.5881 -0.7814
v 0.1676 0.5350 -0.8052
v 0.1589 0.5390 -0.8066
v 0.1667 0.5242 -0.8101
v 0.1260 0.6190 -0.7852
v 0.1112 0.6342 -0.7848
v 0.1207 0.6171 -0.7887
v 0.0433 0.7404 -0.7457
v 0.0416 0.7491 -0.7405
v 0.0377 0.7418 -0.7444
v -0.0167 0.8023 -0.7183
v -0.0802 0.8497 -0.6603
v -0.0787 0.8414 -0.6626
v -0.0751 0.8510 -0.6657
v -0.0881 0.8432 -0.6605
v -0.0949 0.8424 -0.6668
v -0.0898 0.8392 -0.6661
v -0.0807 0.8556 -0.6608
v -0.0873 0.8486 -0.6595
v -0.0557 0.8185 -0.6692
v -0.1097 0.8611 -0.6701
v -0.1175 0.8687 -0.6737
v -0.1149 0.8616 -0.6800
v -0.0766 0.8680 -0.6768
v -0.0700 0.8687 -0.6840
v -0.0773 0.8734 -0.6792
v -0.0610 0.8910 -0.6726
v -0.0639 0.8901 -0.6771
v -0.0591 0.8851 -0.6788
v -0.1146 0.9192 -0.6534
v -0.1158 0.9325 -0.6550
v -0.1108 0.8653 -0.6630
v -0.1313 0.8823 -0.6776
v -0.1075 0.8337 -0.6973
v -0.1117 0.8327 -0.6999
v -0.1039 0.8236 -0.7011
v -0.1632 0.8285 -0.6661
v -0.1768 0.8630 -0.6576
v -0.1716 0.8888 -0.6574
v -0.1926 0.8109 -0.5918
v -0.1924 0.7982 -0.5978
v -0.1434 0.7487 -0.4946
v -0.1421 0.7640 -0.4931
v -0.1708 0.6269 -0.3974
v -0.3430 0.3410 -0.2037
v -0.3353 0.3771 -0.2112
v -0.4183 0.2078 -0.1740
v -0.4155 0.2107 -0.1747
v -0.4158 0.2137 -0.1649
v -0.5013 0.1522 -0.1333
v -0.4944 0.1598 -0.1353
v -0.4782 0.1421 -0.1558
v -0.4781 0.1334 -0.1757
v -0.4517 0.1471 -0.2103
v -0.4327 0.1625 -0.2181
v -0.3634 0.1904 -0.2914
v -0.3635 0.1855 -0.2823
v -0.3412 0.1637 -0.2675
v -0.3495 0.1482 -0.3086
v -0.3406 0.1651 -0.2965
v -0.3420 0.2064 -0.3447
v -0.3401 0.2074 -0.3509
v -0.3459 0.2095 -0.3478
v -0.3984 0.1688 -0.3254
v -0.4045 0.1611 -0.3112
v -0.3426 0.2018 -0.3841
v -0.3453 0.2011 -0.3922
v -0.3433 0.2067 -0.3889
v -0.3423 0.1614 -0.4124
v -0.3425 0.1669 -0.4257
v -0.3891 0.1801 -0.4190
v -0.3939 0.1758 -0.3962
v -0.3520 0.1791 -0.5191
v -0.3642 0.1793 -0.5069
v -0.4045 0.0857 -0.5426
v -0.3994 0.0947 -0.5560
v -0.3502 0.0335 -0.5523
v -0.3440 0.0412 -0.5874
v -0.3503 0.0344 -0.5755
v -0.3636 0.0344 -0.7193
v -0.3868 0.1091 -0.5484
v -0.3899 0.1078 -0.5684
v -0.3799 0.1163 -0.5586
v -0.3506 0.1452 -0.6193
v -0.3441 0.1539 -0.6231
v -0.3443 0.1542 -0.6309
v -0.4112 0.1092 -0.5777
v -0.4119 0.1168 -0.5783
v -0.4236 0.1167 -0.5906
v -0.4260 0.1265 -0.5928
v -0.4801 0.1565 -0.5835
v -0.4783 0.1742 -0.5888
v -0.4843 0.1731 -0.5873
v -0.4316 0.1083 -0.6106
v -0.4346 0.1084 -0.6210
v -0.4300 0.1156 -0.6152
v -0.4288 0.1050 -0.6211
v -0.4344 0.0934 -0.6157
v -0.4169 0.1235 -0.6377
v -0.4376 0.1049 -0.6385
v -0.4854 0.1641 -0.5888
v -0.4757 0.1652 -0.5967
v -0.4779 0.1696 -0.5942
v -0.4421 0.1657 -0.6196
v -0.4501 0.1660 -0.6252
v -0.4043 0.1941 -0.5989
v -0.4145 0.1809 -0.6263
v -0.3840 0.2176 -0.5870
v -0.3745 0.2200 -0.5917
v -0.3730 0.2309 -0.5874
v -0.3550 0.2573 -0.5894
v -0.3572 0.2435 -0.5962
v -0.3480 0.2617 -0.5948
v -0.4115 0.1466 -0.6603
v -0.4035 0.1481 -0.6802
v -0.4068 0.1559 -0.6646
v -0.4153 0.1195 -0.6686
v -0.4133 0.1183 -0.6805
v -0.3873 0.1318 -0.6679
v -0.3891 0.1290 -0.6702
v -0.4096 0.0703 -0.6736
v -0.4094 0.0717 -0.6924
v -0.4003 0.0859 -0.6635
v -0.4110 0.0669 -0.7022
v -0.4119 0.0645 -0.7211
v -0.4088 0.0713 -0.7174
v -0.3651 0.0144 -0.7521
v -0.3730 0.0079 -0.7617
v -0.3812 0.0182 -0.7550
v -0.3195 0.0661 -0.7379
v -0.3119 0.0721 -0.7488
v -0.3164 0.0313 -0.4485
v -0.3362 0.0366 -0.4532
v -0.3270 0.0515 -0.4982
v -0.3326 0.0508 -0.5046
v -0.3367 0.0455 -0.4992
v -0.2914 0.0456 -0.4661
v -0.2688 0.0865 -0.3302
v -0.2666 0.0926 -0.3432
v -0.2727 0.0840 -0.3501
v -0.2593 0.0716 0.0802
v -0.2664 0.0574 0.0493
v -0.2694 0.0490 0.0768
v -0.1879 0.1538 -0.1964
v -0.1914 0.1514 -0.2371
v -0.2153 0.1179 0.1178
v -0.1969 0.1319 0.0751
v -0.2153 0.1197 0.0478
v -0.2095 0.1232 0.5095
v -0.2242 0.1137 0.4889
v -0.2268 0.1136 0.5113
v -0.2590 0.1173 0.6701
v -0.2582 0.1245 0.6716
v -0.2548 0.1213 0.6682
v -0.2636 0.1425 0.6614
v -0.2023 0.1767 0.6428
v -0.2523 0.1481 0.5608
v -0.2565 0.1465 0.5156
v -0.2599 0.1564 0.6118
v -0.2566 0.1505 0.6049
v -0.2483 0.1509 0.6124
v -0.2724 0.1538 0.4618
v -0.2536 0.1493 0.4730
v -0.2563 0.1507 0.4654
v -0.2486 0.1530 0.4728
v -0.2519 0.1754 0.3799
v -0.2549 0.1715 0.3634
v -0.2598 0.1682 0.3826
v -0.2187 0.1786 0.4167
v -0.2185 0.1784 0.4055
v -0.2172 0.1831 0.4192
v -0.2323 0.2018 0.5004
v -0.2357 0.1989 0.4806
v -0.2097 0.1921 0.4501
v -0.2100 0.1869 0.4419
v -0.2103 0.1909 0.4420
v -0.2378 0.1965 0.4721
v -0.2362 0.1949 0.4538
v -0.2463 0.1867 0.4694
v -0.2535 0.1776 0.4650
v -0.2140 0.1724 0.5368
v -0.2048 0.1778 0.5642
v -0.2192 0.1941 0.4114
v -0.2184 0.1846 0.4048
v -0.2199 0.1933 0.4057
v -0.2280 0.1726 0.3753
v -0.2233 0.1762 0.3599
v -0.2218 0.1765 0.3738
v -0.2501 0.1553 0.3212
v -0.2343 0.1705 0.3150
v -0.2373 0.1674 0.3309
v -0.2591 0.1590 0.3260
v -0.2566 0.1581 0.3153
v -0.2363 0.1690 0.2317
v -0.2191 0.1784 0.2136
v -0.2212 0.1801 0.2273
v -0.2579 0.1479 0.1551
v -0.2616 0.1517 0.1496
v -0.2636 0.1459 0.1486
v -0.3017 0.1230 0.0643
v -0.2946 0.1267 0.0472
v -0.3020 0.1235 0.0488
v -0.3137 0.0709 0.0951
v -0.3135 0.0708 0.0875
v -0.3097 0.0734 0.0715
v -0.3171 0.0758 0.0333
v -0.3172 0.0759 0.0097
v -0.3150 0.0712 0.0223
v -0.3125 0.0706 0.1107
v -0.3126 0.0707 0.1029
v -0.3074 0.0756 0.1094
v -0.3028 0.0842 0.1891
v -0.3054 0.0792 0.1691
v -0.3017 0.0840 0.1799
v -0.3206 0.0866 0.1744
v -0.3180 0.0898 0.1780
v -0.3173 0.0929 0.1630
v -0.3050 0.1172 0.1573
v -0.3054 0.1180 0.1457
v -0.3082 0.1098 0.1600
v -0.3013 0.1073 0.2150
v -0.3013 0.1080 0.1996
v -0.3123 0.1002 0.1976
v -0.3132 0.0947 0.1879
v -0.3164 0.0892 0.1878
v -0.3161 0.0895 0.2204
v -0.3210 0.0652 0.1803
v -0.3191 0.0698 0.1730
v -0.3204 0.0641 0.1736
v -0.3227 0.0637 0.2301
v -0.3205 0.0643 0.2250
v -0.3202 0.0635 0.2378
v -0.3198 0.0631 0.3005
v -0.3167 0.0654 0.3034
v -0.3241 0.0683 0.3034
v -0.2979 0.0898 0.2650
v -0.2996 0.0907 0.2455
v -0.2951 0.0951 0.2591
v -0.2985 0.1085 0.2939
v -0.2993 0.1080 0.2630
v -0.3025 0.1088 0.2843
v -0.2950 0.1009 0.1822
v -0.2990 0.0936 0.1883
v -0.2998 0.0895 0.1726
v -0.3192 0.0933 0.2798
v -0.3166 0.0946 0.2568
v -0.3219 0.0865 0.2532
v -0.3258 0.0711 0.3307
v -0.3252 0.0702 0.3114
v -0.3172 0.0683 0.3230
v -0.2991 0.0852 0.3462
v -0.3021 0.0772 0.3074
v -0.2944 0.0943 0.3229
v -0.2928 0.1026 0.4609
v -0.2923 0.0998 0.4463
v -0.2923 0.1086 0.4578
v -0.3247 0.0765 0.3773
v -0.3257 0.0824 0.3520
v -0.3257 0.0769 0.3470
v -0.3203 0.0881 0.4278
v -0.3208 0.0873 0.4195
v -0.3179 0.0779 0.4273
v -0.2997 0.0864 0.4615
v -0.3015 0.0823 0.4456
v -0.2989 0.0864 0.4382
v -0.2951 0.1246 0.4887
v -0.2884 0.1230 0.4847
v -0.2948 0.1241 0.4809
v -0.2984 0.1177 0.4577
v -0.2994 0.1173 0.4307
v -0.3059 0.1187 0.4655
v -0.3021 0.1091 0.3653
v -0.2974 0.1085 0.3653
v -0.3018 0.1089 0.3479
v -0.3125 0.1038 0.4091
v -0.3139 0.1028 0.3923
v -0.3186 0.0934 0.4012
v -0.3054 0.1109 0.3884
v -0.3048 0.1124 0.3805
v -0.3076 0.1083 0.3846
v -0.3190 0.0887 0.4964
v -0.3194 0.0909 0.4925
v -0.3184 0.0860 0.4885
v -0.2954 0.0948 0.5623
v -0.2982 0.0909 0.5243
v -0.2944 0.0979 0.5316
v -0.2935 0.1080 0.5740
v -0.2943 0.0988 0.5655
v -0.2929 0.1086 0.5670
v -0.3034 0.1002 0.5973
v -0.3071 0.0918 0.5896
v -0.2987 0.1005 0.5891
v -0.3057 0.0864 0.5819
v -0.3072 0.0858 0.5584
v -0.3029 0.0855 0.5662
v -0.3145 0.1023 0.5468
v -0.3153 0.1025 0.5275
v -0.3135 0.0928 0.5409
v -0.2942 0.1222 0.5370
v -0.3001 0.1209 0.5341
v -0.3005 0.1219 0.5581
v -0.3039 0.1230 0.6046
v -0.3041 0.1231 0.5909
v -0.3042 0.1189 0.5888
v -0.3107 0.1066 0.6126
v -0.3056 0.1105 0.6115
v -0.3117 0.1074 0.6008
v -0.3057 0.1186 0.5466
v -0.3057 0.1185 0.5279
v -0.3127 0.1090 0.5468
v -0.3032 0.0866 0.5872
v -0.3030 0.0859 0.5779
v -0.2921 0.1048 0.5563
v -0.3013 0.1224 0.4927
v -0.3015 0.1224 0.4809
v -0.3061 0.1187 0.4732
v -0.3204 0.0758 0.4190
v -0.3172 0.0723 0.4117
v -0.3088 0.0750 0.4193
v -0.3218 0.0881 0.3719
v -0.3211 0.0874 0.4118
v -0.2963 0.1099 0.3845
v -0.2939 0.1005 0.3690
v -0.2986 0.1106 0.3731
v -0.3133 0.1024 0.3036
v -0.3127 0.1015 0.2639
v -0.3027 0.0778 0.3384
v -0.3107 0.0694 0.3192
v -0.3021 0.0863 0.2339
v -0.3028 0.0861 0.2192
v -0.3018 0.0931 0.2301
v -0.3121 0.1002 0.2263
v -0.3217 0.0788 0.1569
v -0.3207 0.0868 0.1492
v -0.3197 0.0780 0.1492
v -0.3177 0.0771 0.0893
v -0.3139 0.0707 0.0797
v -0.2816 0.1323 0.0771
v -0.2897 0.1211 0.1705
v -0.2894 0.1220 0.1651
v -0.2957 0.1173 0.1705
v -0.2876 0.1182 0.0820
v -0.2890 0.1238 0.0875
v -0.2267 0.1708 0.1737
v -0.2653 0.1583 0.0577
v -0.2677 0.1523 0.0544
v -0.2686 0.1500 0.0823
v -0.2175 0.1775 0.0336
v -0.2187 0.1938 -0.1440
v -0.2283 0.1950 -0.1348
v -0.2640 0.1624 -0.0955
v -0.2652 0.1622 -0.0997
v -0.2688 0.1435 -0.1401
v -0.2446 0.1875 -0.1901
v -0.2435 0.1902 -0.2141
v -0.2539 0.1767 -0.1782
v -0.2569 0.1561 -0.3068
v -0.2569 0.1557 -0.3217
v -0.2496 0.1544 -0.2995
v -0.2574 0.1705 -0.3678
v -0.2528 0.1763 -0.3779
v -0.2574 0.1705 -0.3918
v -0.2583 0.1640 -0.4591
v -0.2552 0.1664 -0.4679
v -0.2545 0.1651 -0.4610
v -0.2508 0.1638 -0.4219
v -0.2457 0.1657 -0.4166
v -0.2483 0.1628 -0.4142
v -0.2475 0.1763 -0.4683
v -0.2471 0.1742 -0.4764
v -0.2278 0.1864 -0.4092
v -0.2270 0.1878 -0.4218
v -0.2282 0.1928 -0.4083
v -0.2173 0.1850 -0.1904
v -0.2665 0.1405 -0.1363
v -0.2665 0.1405 -0.1440
v -0.2870 0.1319 -0.0251
v -0.2875 0.1309 -0.0543
v -0.2947 0.1274 -0.0311
v -0.2978 0.1277 -0.1144
v -0.2932 0.1313 -0.1268
v -0.2983 0.1290 -0.1291
v -0.2948 0.1321 -0.1464
v -0.3021 0.1252 -0.2762
v -0.3105 0.1151 -0.2747
v -0.3198 0.0853 -0.0320
v -0.3178 0.0783 -0.0282
v -0.2824 0.1272 0.0211
v -0.2798 0.1321 0.0063
v -0.2796 0.1320 0.0243
v -0.2873 0.1101 0.0011
v -0.2875 0.1103 0.0062
v -0.3175 0.0854 -0.2532
v -0.3199 0.0934 -0.2714
v -0.3162 0.0853 -0.2812
v -0.2827 0.1225 -0.1333
v -0.2886 0.1080 -0.1436
v -0.3196 0.1009 -0.3369
v -0.3105 0.0935 -0.4121
v -0.3133 0.1012 -0.4296
v -0.3097 0.0934 -0.4355
v -0.2870 0.1187 -0.4414
v -0.3074 0.1193 -0.4743
v -0.3043 0.1309 -0.4832
v -0.3064 0.1199 -0.4831
v -0.2885 0.1166 -0.5043
v -0.2871 0.1233 -0.4989
v -0.2902 0.1161 -0.4997
v -0.3082 0.0767 -0.5038
v -0.3052 0.1103 -0.5954
v -0.3057 0.1018 -0.6082
v -0.1844 0.2495 -0.7547
v -0.1799 0.2548 -0.7594
v -0.1832 0.2488 -0.7597
v -0.2161 0.2131 -0.7462
v -0.2228 0.2035 -0.7485
v -0.2310 0.1967 -0.7393
v -0.3048 0.0992 -0.7039
v -0.3048 0.1080 -0.7231
v -0.3042 0.0991 -0.7229
v -0.2811 0.1321 -0.7458
v -0.2868 0.1269 -0.7395
v -0.2564 0.1481 -0.7645
v -0.2424 0.1641 -0.7694
v -0.2576 0.1448 -0.7713
v -0.3013 0.1019 -0.7392
v -0.2942 0.1042 -0.7483
v -0.2991 0.0956 -0.7450
v -0.2947 0.0763 -0.7768
v -0.2974 0.0700 -0.7846
v -0.3105 0.0681 -0.8244
v -0.3054 0.0796 -0.8250
v -0.3138 0.0649 -0.8247
v -0.3583 0.0064 -0.8174
v -0.3484 0.0146 -0.8171
v -0.3634 0.0070 -0.8228
v -0.4033 0.0163 -0.8006
v -0.3913 0.0112 -0.8138
v -0.4043 0.0174 -0.8135
v -0.4104 0.0209 -0.8178
v -0.4083 0.0228 -0.8214
v -0.4224 0.0241 -0.8185
v -0.3930 0.1086 -0.7639
v -0.3978 0.1002 -0.7752
v -0.3924 0.1112 -0.7749
v -0.3833 0.1069 -0.7147
v -0.3747 0.1186 -0.7141
v -0.3748 0.1776 -0.6542
v -0.3864 0.1710 -0.6823
v -0.3716 0.1777 -0.6608
v -0.3145 0.2228 -0.6846
v -0.3195 0.2248 -0.6879
v -0.2816 0.4040 -0.5775
v -0.2734 0.4158 -0.5807
v -0.2787 0.4410 -0.5598
v -0.2857 0.3211 -0.6794
v -0.2705 0.3513 -0.6785
v -0.2759 0.3516 -0.6751
v -0.3117 0.2425 -0.6864
v -0.3253 0.2288 -0.6863
v -0.2342 0.4210 -0.6787
v -0.2158 0.4492 -0.6797
v -0.2243 0.4513 -0.6758
v -0.1759 0.6849 -0.6702
v -0.1787 0.7087 -0.6685
v -0.1804 0.6808 -0.6705
v -0.1580 0.5738 -0.6208
v -0.1495 0.5806 -0.6215
v -0.1569 0.5797 -0.6227
v -0.1581 0.5662 -0.6127
v -0.1603 0.5653 -0.6205
v -0.1375 0.5512 -0.5956
v -0.1335 0.5626 -0.6069
v -0.1426 0.5623 -0.6051
v -0.1126 0.5795 -0.5901
v -0.1194 0.6004 -0.6071
v -0.1328 0.6234 -0.6385
v -0.1309 0.6071 -0.6326
v -0.1657 0.7660 -0.6644
v -0.1385 0.7113 -0.6058
v -0.1385 0.7189 -0.6141
v -0.1398 0.7184 -0.6210
v -0.1192 0.6896 -0.5828
v -0.1161 0.6917 -0.5885
v -0.1233 0.6942 -0.5837
v -0.1108 0.6665 -0.5666
v -0.1069 0.6671 -0.5731
v -0.1138 0.6714 -0.5692
v -0.0237 0.5332 -0.6185
v -0.0239 0.5420 -0.5970
v -0.0645 0.5040 -0.7585
v -0.0608 0.5078 -0.7550
v -0.0250 0.5690 -0.6874
v -0.0341 0.5778 -0.6746
v -0.0658 0.5125 -0.7676
v -0.0699 0.5102 -0.7796
v -0.0650 0.5192 -0.7740
v -0.1509 0.3969 -0.7779
v -0.1590 0.3873 -0.7845
v -0.1426 0.4070 -0.7837
v -0.3196 0.1847 -0.8080
v -0.3096 0.1956 -0.8125
v -0.3066 0.2023 -0.8018
v -0.3205 0.1809 -0.8165
v -0.3883 0.1181 -0.7929
v -0.3835 0.1141 -0.8086
v -0.3788 0.1265 -0.7942
v -0.4201 0.0645 -0.8185
v -0.4114 0.0730 -0.8187
v -0.3045 0.0867 -0.8249
v -0.3046 0.0932 -0.8259
v -0.3139 0.0812 -0.8260
v -0.2242 0.1900 -0.7592
v -0.2258 0.1876 -0.7623
v -0.2294 0.1881 -0.7561
v -0.1968 0.2179 -0.7863
v -0.1854 0.2337 -0.7772
v -0.1632 0.2605 -0.7787
v -0.0798 0.3709 -0.7773
v -0.0825 0.3649 -0.7791
v -0.0288 0.4388 -0.5923
v -0.0259 0.4417 -0.6260
v -0.0345 0.4322 -0.6576
v -0.0245 0.4469 -0.7692
v -0.0181 0.4484 -0.7760
v -0.0207 0.4432 -0.7782
v -0.0699 0.3763 -0.7816
v -0.0732 0.3724 -0.7840
v -0.0759 0.3738 -0.7780
v -0.0556 0.3918 -0.8325
v -0.2045 0.2074 -0.8063
v -0.2104 0.2001 -0.8178
v -0.2200 0.1882 -0.8125
v -0.3434 0.1422 -0.8193
v -0.3546 0.1382 -0.8187
v -0.1920 0.2443 -0.8282
v -0.1798 0.2609 -0.8293
v -0.2019 0.2560 -0.8290
v -0.1319 0.4157 -0.8296
v -0.1356 0.4096 -0.8339
v -0.1251 0.4209 -0.8348
v -0.0720 0.5054 -0.8331
v -0.0670 0.5139 -0.8321
v -0.0718 0.5117 -0.8260
v -0.0398 0.5338 -0.8001
v 0.0052 0.5351 -0.7244
v 0.0064 0.5408 -0.7233
v -0.0001 0.5329 -0.7255
v -0.0527 0.6334 -0.7114
v -0.0748 0.6767 -0.7124
v 0.0320 0.6214 -0.7383
v 0.0487 0.6148 -0.7370
v 0.0880 0.5197 -0.7603
v 0.0952 0.5142 -0.7622
v 0.0904 0.5279 -0.7602
v 0.1041 0.4664 -0.7629
v 0.1093 0.4702 -0.7677
v 0.1054 0.4786 -0.7642
v 0.1409 0.4030 -0.7750
v 0.1496 0.4038 -0.7795
v 0.1427 0.4066 -0.7774
v 0.1523 0.3719 -0.7858
v 0.1506 0.3703 -0.7911
v 0.0592 0.4801 -0.8402
v -0.0097 0.5503 -0.8188
v -0.0100 0.5482 -0.8304
v -0.0065 0.5481 -0.8338
v -0.0764 0.4871 -0.8370
v -0.0695 0.4994 -0.8387
v -0.0734 0.4965 -0.8345
v -0.0918 0.3701 -0.8388
v -0.1371 0.3361 -0.8359
v -0.0208 0.4281 -0.8190
v -0.0215 0.4271 -0.8277
v -0.0294 0.4182 -0.8099
v 0.0654 0.3652 -0.8397
v 0.0682 0.3766 -0.8412
v 0.0506 0.3865 -0.8415
v -0.0014 0.4322 -0.8448
v -0.0006 0.4364 -0.8486
v -0.0077 0.4366 -0.8436
v 0.0291 0.4776 -0.8525
v 0.0080 0.4859 -0.8524
v 0.1023 0.3733 -0.8396
v 0.0676 0.3933 -0.8426
v 0.2113 0.2647 -0.8279
v 0.2122 0.2703 -0.8279
v 0.2776 0.1896 -0.8220
v 0.2749 0.1926 -0.8215
v 0.2771 0.1832 -0.8227
v 0.3265 0.1537 -0.8151
v 0.3274 0.1549 -0.8230
v 0.3209 0.1497 -0.8148
v 0.3286 0.1564 -0.7837
v 0.3247 0.1523 -0.7774
v 0.3261 0.1615 -0.7818
v 0.3402 0.1662 -0.7548
v 0.3464 0.1540 -0.7786
v 0.3356 0.1635 -0.7686
v 0.3720 0.1831 -0.5522
v 0.3554 0.1908 -0.5737
v 0.3575 0.1945 -0.5194
v 0.4227 0.1477 -0.7168
v 0.4211 0.1493 -0.6954
v 0.4563 0.1744 -0.7507
v 0.4451 0.1729 -0.7643
v 0.4491 0.1677 -0.7548
v 0.4522 0.1933 -0.7609
v 0.4463 0.2017 -0.7704
v 0.4460 0.1973 -0.7702
v 0.4927 0.1826 -0.7561
v 0.4899 0.1784 -0.7635
v 0.4855 0.1829 -0.7626
v 0.5020 0.1852 -0.7491
v 0.4928 0.1907 -0.7492
v 0.4840 0.1990 -0.7309
v 0.4820 0.1994 -0.7369
v 0.4831 0.1945 -0.7297
v 0.4976 0.2006 -0.7212
v 0.5000 0.2015 -0.7323
v 0.4922 0.1963 -0.7228
v 0.4862 0.1990 -0.7414
v 0.4854 0.1966 -0.7481
v 0.4687 0.1762 -0.7393
v 0.4638 0.1847 -0.7473
v 0.5218 0.2026 -0.6992
v 0.5300 0.2087 -0.7001
v 0.5238 0.2078 -0.7019
v 0.5221 0.1988 -0.7244
v 0.5229 0.1994 -0.7302
v 0.5196 0.1966 -0.7312
v 0.4701 0.2060 -0.8096
v 0.4653 0.1913 -0.8343
v 0.4929 0.1822 -0.7676
v 0.4957 0.1860 -0.7740
v 0.4910 0.1830 -0.7710
v 0.4700 0.1779 -0.8444
v 0.4613 0.1604 -0.8089
v 0.4642 0.1646 -0.8008
v 0.4645 0.2022 -0.7533
v 0.4694 0.2073 -0.7538
v 0.4652 0.2061 -0.7568
v 0.4450 0.1865 -0.7691
v 0.4349 0.1862 -0.7822
v 0.4397 0.1805 -0.7749
v 0.3981 0.1424 -0.7969
v 0.3910 0.1444 -0.7771
v 0.3896 0.1760 -0.8287
v 0.3762 0.1725 -0.8535
v 0.3778 0.1768 -0.8640
v 0.3792 0.1683 -0.8532
v 0.3676 0.2028 -0.8299
v 0.3667 0.2002 -0.8374
v 0.3690 0.1986 -0.8295
v 0.3913 0.2089 -0.8154
v 0.3943 0.2059 -0.8235
v 0.3893 0.2093 -0.8279
v 0.3841 0.2154 -0.8074
v 0.3847 0.2132 -0.8232
v 0.3757 0.2017 -0.8155
v 0.3724 0.2000 -0.8217
v 0.3815 0.1992 -0.8132
v 0.3687 0.2101 -0.8383
v 0.3729 0.2157 -0.8430
v 0.3692 0.2107 -0.8457
v 0.4170 0.1903 -0.8101
v 0.4128 0.1853 -0.8132
v 0.4190 0.1867 -0.8074
v 0.3900 0.1935 -0.8152
v 0.3920 0.2020 -0.8146
v 0.3841 0.1939 -0.8156
v 0.3953 0.1847 -0.8698
v 0.3839 0.1967 -0.8631
v 0.4424 0.1446 -0.8511
v 0.4398 0.1457 -0.8568
v 0.4372 0.1436 -0.8531
v 0.4463 0.1777 -0.8113
v 0.4428 0.2145 -0.8360
v 0.4711 0.2708 -0.7349
v 0.4697 0.2562 -0.7464
v 0.4857 0.2590 -0.7369
v 0.5364 0.2236 -0.7302
v 0.5299 0.2152 -0.7403
v 0.6680 0.3532 -0.5466
v 0.6465 0.3618 -0.5550
v 0.6749 0.3313 -0.5580
v 0.4620 0.6812 -0.5355
v 0.3956 0.8303 -0.5428
v 0.3916 0.8372 -0.5462
v 0.3946 0.8267 -0.5460
v 0.4117 0.7965 -0.5376
v 0.4214 0.7806 -0.5300
v 0.4373 0.7969 -0.4414
v 0.4278 0.8105 -0.4566
v 0.4339 0.7794 -0.4466
v 0.4232 0.7672 -0.4647
v 0.4138 0.7837 -0.4773
v 0.4233 0.7578 -0.4684
v 0.4339 0.8579 -0.4429
v 0.4273 0.8750 -0.4577
v 0.4352 0.8484 -0.4442
v 0.3918 0.9534 -0.4581
v 0.3884 0.9741 -0.4781
v 0.3955 0.9558 -0.4710
v 0.3928 0.9314 -0.4305
v 0.3978 0.9252 -0.4377
v 0.3807 1.0594 -0.5377
v 0.4137 1.0130 -0.5758
v 0.4081 1.0141 -0.5795
v 0.3971 0.8336 -0.4989
v 0.4093 0.8271 -0.4827
v 0.3894 0.8933 -0.5108
v 0.3835 0.8869 -0.5141
v 0.3901 0.8784 -0.5081
v 0.3612 0.9901 -0.5580
v 0.3545 0.9849 -0.5614
v 0.3567 0.9807 -0.5585
v 0.4072 1.0376 -0.6000
v 0.3973 1.0459 -0.6011
v 0.3535 1.0047 -0.5634
v 0.3594 1.0112 -0.5698
v 0.3546 1.0129 -0.5670
v 0.3911 0.8403 -0.5427
v 0.3841 0.8530 -0.5466
v 0.3860 0.8433 -0.5477
v 0.4429 0.5648 -0.5765
v 0.4382 0.5436 -0.5847
v 0.3447 0.7056 -0.5919
v 0.3473 0.7241 -0.5872
v 0.3422 0.7235 -0.5930
v 0.3372 0.6982 -0.6046
v 0.3347 0.8006 -0.5893
v 0.3244 0.7849 -0.6164
v 0.3100 0.8736 -0.6094
v 0.3125 0.8637 -0.6111
v 0.3185 0.8764 -0.6066
v 0.3278 0.6445 -0.6283
v 0.3252 0.5976 -0.6395
v 0.3343 0.6076 -0.6243
v 0.3243 0.4956 -0.6506
v 0.3120 0.4950 -0.6609
v 0.3193 0.4811 -0.6554
v 0.4945 0.4801 -0.5842
v 0.4930 0.4563 -0.5974
v 0.5177 0.2883 -0.6990
v 0.3153 0.4432 -0.6711
v 0.4861 0.2861 -0.7158
v 0.3969 0.2458 -0.8376
v 0.3973 0.2447 -0.8492
v 0.4031 0.2402 -0.8375
v 0.3158 0.3425 -0.8442
v 0.3173 0.3309 -0.8544
v 0.3298 0.3181 -0.8544
v 0.4501 0.1762 -0.8482
v 0.4443 0.1701 -0.8460
v 0.4439 0.1762 -0.8529
v 0.4065 0.1714 -0.8751
v 0.4272 0.1416 -0.8855
v 0.4227 0.1466 -0.8918
v 0.4286 0.1559 -0.8916
v 0.4318 0.1653 -0.8934
v 0.3093 0.1942 -0.8495
v 0.3045 0.1973 -0.8475
v 0.3767 0.1541 -0.8849
v 0.3803 0.1629 -0.8853
v 0.3765 0.1706 -0.8833
v 0.4092 0.1839 -0.8954
v 0.4155 0.1873 -0.8906
v 0.3827 0.2245 -0.8836
v 0.3874 0.2092 -0.8876
v 0.3957 0.2116 -0.8842
v 0.3357 0.2920 -0.8726
v 0.3520 0.2798 -0.8707
v 0.3395 0.2938 -0.8702
v 0.3087 0.3503 -0.8435
v 0.2924 0.3581 -0.8491
v 0.3015 0.3481 -0.8529
v 0.3594 0.3599 -0.7144
v 0.3802 0.3231 -0.7479
v 0.4016 0.3119 -0.7420
v 0.3542 0.3218 -0.7897
v 0.2374 0.5002 -0.7129
v 0.2334 0.4994 -0.7183
v 0.2795 0.5611 -0.6937
v 0.2531 0.6348 -0.7120
v 0.2647 0.5693 -0.7029
v 0.1927 0.5691 -0.7371
v 0.1905 0.5847 -0.7372
v 0.1650 0.6020 -0.7441
v 0.1734 0.6160 -0.7408
v 0.2947 0.7232 -0.6651
v 0.2946 0.8724 -0.6152
v 0.2446 0.7680 -0.6219
v 0.1815 0.6846 -0.6753
v 0.1827 0.6789 -0.6819
v 0.2842 0.8543 -0.6176
v 0.2654 0.8388 -0.6264
v 0.1343 0.7613 -0.6406
v 0.1166 0.7589 -0.6456
v 0.1132 0.7328 -0.6815
v 0.1249 0.7257 -0.6809
v 0.2493 0.7121 -0.6549
v 0.2412 0.7061 -0.6556
v 0.2475 0.6991 -0.6647
v 0.2300 0.6575 -0.7085
v 0.2412 0.6596 -0.7077
v 0.2398 0.6637 -0.7018
v 0.1219 0.6986 -0.7290
v 0.1172 0.6851 -0.7421
v 0.1268 0.6863 -0.7352
v 0.0995 0.7578 -0.6537
v 0.1025 0.7651 -0.6483
v 0.0909 0.7711 -0.6495
v 0.0978 0.8618 -0.6345
v 0.0999 0.8586 -0.6398
v 0.1200 0.8511 -0.6410
v 0.1708 0.8191 -0.6511
v 0.1786 0.8250 -0.6484
v 0.2886 0.9203 -0.6069
v 0.2850 0.9032 -0.6149
v 0.2984 0.9222 -0.6056
v 0.3399 1.0096 -0.5582
v 0.3451 1.0158 -0.5596
v 0.3402 1.0176 -0.5550
v 0.3403 1.0623 -0.5893
v 0.3311 1.0712 -0.5842
v 0.3938 1.1072 -0.5705
v 0.3992 1.1047 -0.5775
v 0.3960 1.1025 -0.5692
v 0.3755 1.0779 -0.6177
v 0.3774 1.0883 -0.6232
v 0.3691 1.0801 -0.6222
v 0.3688 1.0535 -0.6034
v 0.3749 1.0601 -0.6060
v 0.3680 1.0637 -0.6096
v 0.3984 1.1063 -0.5874
v 0.3845 1.1214 -0.5996
v 0.3830 1.1066 -0.6162
v 0.3991 1.0839 -0.5664
v 0.3986 1.0793 -0.5673
v 0.3753 1.1099 -0.5598
v 0.3853 1.1061 -0.5605
v 0.3583 1.1110 -0.5669
v 0.3568 1.1121 -0.5744
v 0.3790 1.1091 -0.6189
v 0.3745 1.1151 -0.6186
v 0.3772 1.1074 -0.6240
v 0.3248 1.0895 -0.5791
v 0.3228 1.0825 -0.5848
v 0.3684 1.1025 -0.6282
v 0.3688 1.1081 -0.6249
v 0.3653 1.0385 -0.5973
v 0.3977 1.0583 -0.5905
v 0.3956 1.0634 -0.5951
v 0.3955 1.0569 -0.5955
v 0.3777 1.0797 -0.5477
v 0.3724 1.0916 -0.5525
v 0.3838 1.0875 -0.5553
v 0.3521 1.0805 -0.5083
v 0.3501 1.0783 -0.5250
v 0.3527 1.0817 -0.5250
v 0.3506 1.0499 -0.5140
v 0.3524 1.0549 -0.5168
v 0.3502 1.0601 -0.5125
v 0.2919 1.0136 -0.5218
v 0.3045 1.0170 -0.5192
v 0.3030 1.0182 -0.5084
v 0.1244 0.9882 -0.4864
v 0.1325 0.9866 -0.4923
v 0.1394 0.9886 -0.4865
v 0.1566 0.9632 -0.5278
v 0.1614 0.9536 -0.5385
v 0.1742 0.9638 -0.5300
v 0.0267 0.9241 -0.5456
v 0.0157 0.9269 -0.5491
v -0.0132 0.9432 -0.5139
v -0.0089 0.9401 -0.5232
v -0.0040 0.9389 -0.5130
v -0.1025 0.9885 -0.5299
v -0.0944 0.9868 -0.5218
v -0.0011 0.9008 -0.6081
v -0.0199 0.9058 -0.6085
v -0.0131 0.8986 -0.6140
v 0.0137 0.9109 -0.5836
v 0.0078 0.9265 -0.5625
v -0.0074 0.9213 -0.5779
v 0.0553 0.8909 -0.5988
v 0.0682 0.8839 -0.6050
v 0.0788 0.8863 -0.5967
v 0.0197 0.8629 -0.6302
v 0.0251 0.8733 -0.6294
v 0.0149 0.8694 -0.6281
v -0.0417 0.8997 -0.6168
v -0.0579 0.9060 -0.6165
v -0.0526 0.8993 -0.6212
v 0.0136 0.8559 -0.6296
v 0.0045 0.8526 -0.6304
v 0.0033 0.8465 -0.6348
v 0.0692 0.7895 -0.6456
v 0.0453 0.8062 -0.6444
v 0.0518 0.7934 -0.6527
v -0.0288 0.8617 -0.6506
v -0.0341 0.8638 -0.6666
v -0.0901 0.9297 -0.6120
v -0.0947 0.9310 -0.6229
v -0.0879 0.9259 -0.6148
v -0.1269 0.9645 -0.6061
v -0.1346 0.9738 -0.6062
v -0.1330 0.9713 -0.6140
v -0.1395 1.0096 -0.5532
v -0.1447 1.0115 -0.5732
v -0.1388 1.0065 -0.5608
v -0.1930 0.9997 -0.4657
v -0.1883 1.0039 -0.4702
v -0.1890 1.0043 -0.4651
v -0.2188 0.9846 -0.2684
v -0.2200 0.9794 -0.2748
v -0.2145 0.9865 -0.2729
v -0.2895 0.8659 -0.1997
v -0.2779 0.8932 -0.1637
v -0.3495 0.7434 -0.2247
v -0.3367 0.7684 -0.2223
v -0.4386 0.6088 -0.0115
v -0.5435 0.4344 -0.2087
v -0.5396 0.4374 -0.2090
v -0.5356 0.4452 -0.1997
v -0.7219 0.2967 0.0184
v -0.6961 0.3098 -0.0080
v -0.7328 0.2666 -0.0111
v -0.7416 0.2487 -0.0179
v -0.7327 0.2539 -0.0278
v -0.7567 0.1635 -0.0295
v -0.7578 0.1686 -0.0288
v -0.7637 0.1621 -0.0165
v -0.7585 0.1412 0.0330
v -0.6968 0.1513 -0.0659
v -0.6891 0.1458 -0.0601
v -0.6206 0.1328 -0.1277
v -0.6303 0.1395 -0.1371
v -0.6375 0.1401 -0.1289
v -0.6221 0.1406 -0.1361
v -0.6292 0.1463 -0.1380
v -0.6504 0.1594 -0.1426
v -0.6593 0.1643 -0.1468
v -0.7137 0.1477 -0.0904
v -0.7465 0.1583 -0.0317
v -0.7535 0.1605 -0.0305
v -0.7318 0.1677 -0.0763
v -0.6803 0.1777 -0.1589
v -0.6814 0.1755 -0.1636
v -0.6206 0.1892 -0.0120
v -0.6188 0.1868 -0.0233
v -0.7276 0.1716 -0.0368
v -0.6973 0.2519 -0.0687
v -0.7178 0.2017 -0.1058
v -0.7169 0.2010 -0.1133
v -0.7137 0.1934 -0.1134
v -0.7217 0.1987 -0.1595
v -0.6915 0.2748 -0.1923
v -0.6812 0.2885 -0.1974
v -0.6938 0.2813 -0.1975
v -0.6886 0.2765 -0.1822
v -0.6782 0.2862 -0.1898
v -0.6850 0.2800 -0.1898
v -0.7103 0.2471 -0.1615
v -0.7075 0.2551 -0.1743
v -0.7151 0.2446 -0.1734
v -0.6312 0.3270 -0.2008
v -0.6220 0.3354 -0.2033
v -0.6342 0.3276 -0.2044
v -0.6449 0.3294 -0.1823
v -0.6470 0.3279 -0.1978
v -0.6403 0.3331 -0.1963
v -0.6058 0.3528 -0.2048
v -0.6041 0.3579 -0.2062
v -0.6168 0.3446 -0.2049
v -0.6175 0.3379 -0.1470
v -0.5983 0.3570 -0.1961
v -0.6246 0.3312 -0.1615
v -0.5738 0.3823 -0.2061
v -0.5687 0.3893 -0.2089
v -0.5855 0.3714 -0.2071
v -0.6599 0.3039 -0.2007
v -0.6506 0.3176 -0.2037
v -0.6671 0.3014 -0.1999
v -0.7284 0.2520 -0.1744
v -0.7296 0.2513 -0.1818
v -0.7177 0.2661 -0.1712
v -0.7242 0.2401 -0.1819
v -0.7324 0.2345 -0.1831
v -0.6398 0.3173 -0.1498
v -0.6490 0.3109 -0.1652
v -0.6544 0.3052 -0.1437
v -0.5157 0.4521 -0.1919
v -0.5170 0.4495 -0.2046
v -0.5268 0.4356 -0.2054
v -0.4414 0.5715 -0.2179
v -0.4485 0.5635 -0.2172
v -0.4063 0.6528 -0.1201
v -0.4034 0.6616 -0.0865
v -0.5448 0.4287 -0.2105
v -0.5940 0.3773 -0.2008
v -0.5903 0.3810 -0.2079
v -0.5828 0.3894 -0.2062
v -0.7070 0.2818 -0.0342
v -0.7016 0.2837 -0.0424
v -0.7257 0.2638 -0.0663
v -0.7435 0.2045 -0.0771
v -0.7447 0.2046 -0.0837
v -0.7827 0.1795 -0.1175
v -0.7807 0.1765 -0.1208
v -0.7887 0.1757 -0.1180
v -0.7401 0.1948 -0.1869
v -0.7672 0.1804 -0.1569
v -0.7593 0.1834 -0.1633
v -0.7693 0.1827 -0.1649
v -0.8229 0.1771 -0.1124
v -0.8273 0.1771 -0.1156
v -0.8269 0.1791 -0.1136
v -0.7820 0.2499 -0.0955
v -0.7791 0.2454 -0.0996
v -0.7588 0.2221 -0.1259
v -0.7635 0.2283 -0.1282
v -0.7586 0.2252 -0.1444
v -0.7783 0.2342 -0.0968
v -0.7724 0.2318 -0.1014
v -0.7709 0.2247 -0.1026
v -0.7787 0.2282 -0.0979
v -0.7699 0.2194 -0.1037
v -0.7610 0.1961 -0.1035
v -0.7561 0.2023 -0.0998
v -0.7100 0.2540 -0.0868
v -0.7592 0.2320 -0.1518
v -0.7580 0.2261 -0.1517
v -0.7934 0.1711 -0.1758
v -0.7962 0.1704 -0.1832
v -0.7899 0.1826 -0.1908
v -0.7946 0.1935 -0.1919
v -0.8058 0.1869 -0.1909
v -0.7802 0.2863 -0.1333
v -0.7792 0.2863 -0.1480
v -0.7752 0.2848 -0.1436
v -0.7622 0.2736 -0.1510
v -0.7758 0.2738 -0.1652
v -0.7630 0.2723 -0.1557
v -0.7539 0.2427 -0.1664
v -0.7539 0.2481 -0.1736
v -0.7564 0.2453 -0.1754
v -0.6698 0.3039 -0.0952
v -0.6838 0.2905 -0.1038
v -0.6737 0.2997 -0.1003
v -0.7088 0.2754 -0.1885
v -0.6981 0.2852 -0.1881
v -0.7019 0.2835 -0.1791
v -0.7349 0.2192 -0.1829
v -0.7391 0.2183 -0.1856
v -0.7372 0.2147 -0.1871
v -0.7787 0.2177 -0.1842
v -0.7748 0.2137 -0.1865
v -0.7676 0.2163 -0.1814
v -0.7753 0.2423 -0.1796
v -0.7697 0.2466 -0.1836
v -0.7771 0.2452 -0.1823
v -0.8059 0.2222 -0.1914
v -0.8487 0.2802 0.5965
v -0.8490 0.2800 0.5900
v -0.8506 0.2764 0.5964
v -0.8604 0.2937 0.6385
v -0.8578 0.2892 0.6276
v -0.8605 0.2852 0.6363
v -0.8655 0.2777 0.6366
v -0.8672 0.2767 0.6351
v -0.8684 0.2768 0.6484
v -0.8631 0.2936 0.6615
v -0.8642 0.2950 0.6646
v -0.8629 0.2966 0.6564
v -0.8512 0.2970 0.6040
v -0.8557 0.3023 0.5991
v -0.8556 0.3020 0.5973
v -0.8691 0.2767 0.6554
v -0.8672 0.2782 0.6675
v -0.8648 0.2795 0.6447
v -0.8515 0.2777 0.6033
v -0.7891 0.2892 -0.1455
v -0.8288 0.1628 -0.1475
v -0.7891 0.2864 -0.1551
v -0.7945 0.2817 -0.1146
v -0.7942 0.2822 -0.1153
v -0.8047 0.2259 -0.1919
v -0.7982 0.2465 -0.1919
v -0.7979 0.2476 -0.1919
v -0.7901 0.2810 -0.1629
v -0.8280 0.1596 -0.1663
v -0.8109 0.2364 -0.0920
v -0.8117 0.2321 -0.0972
v -0.8014 0.2655 -0.0948
v -0.8506 0.2137 0.2507
v -0.8504 0.2090 0.2337
v -0.8558 0.1921 0.2346
v -0.8557 0.1920 0.2328
v -0.8671 0.2888 0.6744
v -0.8711 0.2762 0.6744
v -0.8712 0.2757 0.6736
v -0.8669 0.2760 0.6301
v -0.8602 0.2979 0.6319

f 1 2 3
f 4 5 6
f 7 8 9
f 9 10 11
f 12 13 14
f 15 16 17
f 18 19 20
f 21 22 23
f 24 25 26
f 27 21 28
f 29 30 31
f 32 33 34
f 35 36 37
f 38 39 40
f 41 42 43
f 44 45 46
f 47 48 49
f 50 51 52
f 53 54 55
f 56 57 58
f 59 60 61
f 62 63 64
f 65 66 67
f 68 69 70
f 71 72 73
f 74 75 76
f 77 78 79
f 80 81 82
f 83 84 85
f 86 87 88
f 89 90 91
f 92 93 94
f 95 96 97
f 98 99 100
f 101 102 103
f 104 105 106
f 107 108 109
f 110 111 112
f 113 114 115
f 113 116 114
f 117 118 119
f 120 121 122
f 123 124 125
f 126 127 128
f 129 130 131
f 132 133 134
f 135 136 137
f 138 139 140
f 141 142 143
f 144 145 146
f 147 148 149
f 150 148 151
f 152 153 154
f 155 149 156
f 157 158 159
f 160 161 162
f 163 164 165
f 166 167 168
f 169 170 171
f 172 173 174
f 175 176 177
f 178 179 180
f 181 182 183
f 184 185 186
f 187 188 189
f 190 191 192
f 193 194 195
f 196 197 198
f 199 200 201
f 202 203 204
f 205 206 207
f 208 209 210
f 211 212 213
f 214 215 216
f 217 218 219
f 220 221 222
f 223 224 220
f 225 226 227
f 228 229 230
f 231 232 233
f 234 235 236
f 237 238 239
f 240 241 242
f 243 244 245
f 246 247 248
f 249 250 251
f 252 253 254
f 255 256 257
f 258 259 260
f 261 262 263
f 264 265 266
f 267 268 269
f 270 271 272
f 273 274 275
f 276 277 278
f 279 280 281
f 282 283 284
f 285 286 287
f 288 289 290
f 291 292 293
f 294 295 296
f 297 298 299
f 300 301 302
f 303 304 305
f 306 307 308
f 309 310 311
f 312 313 314
f 315 316 317
f 318 319 320
f 321 322 323
f 324 325 326
f 327 328 329
f 330 331 332
f 333 334 335
f 336 337 338
f 339 340 341
f 342 343 344
f 345 346 347
f 348 349 350
f 351 352 353
f 354 355 356
f 357 358 359
f 360 361 362
f 363 364 365
f 366 367 368
f 369 370 371
f 372 373 374
f 375 376 377
f 378 379 380
f 381 382 383
f 384 385 386
f 387 388 389
f 390 391 392
f 393 394 395
f 396 397 398
f 399 400 401
f 402 403 404
f 405 406 407
f 408 409 410
f 411 412 413
f 414 415 416
f 417 418 419
f 420 421 422
f 423 424 420
f 425 426 427
f 428 429 430
f 431 427 428
f 432 433 434
f 435 436 437
f 438 439 440
f 441 442 443
f 444 445 446
f 447 448 449
f 450 451 452
f 453 454 455
f 456 457 458
f 459 460 461
f 462 463 464
f 465 466 467
f 468 469 470
f 471 472 473
f 474 475 476
f 477 478 479
f 480 481 482
f 483 484 485
f 486 487 457
f 488 489 490
f 491 492 493
f 494 495 496
f 497 498 499
f 500 501 502
f 503 504 505
f 506 507 508
f 509 510 511
f 512 513 514
f 515 514 516
f 497 517 498
f 518 519 520
f 478 521 522
f 469 523 470
f 524 525 526
f 527 528 529
f 530 531 532
f 533 534 535
f 536 537 538
f 539 540 541
f 542 543 544
f 545 546 547
f 548 549 550
f 551 552 553
f 554 555 556
f 557 558 559
f 560 561 562
f 563 564 565
f 566 567 568
f 569 570 571
f 572 573 574
f 575 576 577
f 578 579 580
f 581 582 583
f 584 585 567
f 586 587 588
f 589 590 591
f 592 593 594
f 595 596 597
f 598 599 600
f 601 602 603
f 604 605 606
f 607 608 609
f 610 611 612
f 613 614 615
f 616 617 618
f 619 620 621
f 622 623 624
f 625 626 627
f 617 628 629
f 630 631 632
f 633 634 635
f 636 637 638
f 639 640 641
f 642 643 644
f 645 646 647
f 648 649 650
f 651 652 653
f 654 655 656
f 657 658 659
f 660 661 662
f 663 664 665
f 666 667 668
f 669 670 671
f 672 673 674
f 675 676 677
f 678 679 680
f 681 682 683
f 684 685 686
f 687 688 689
f 690 691 692
f 693 694 695
f 696 697 698
f 699 700 701
f 702 703 704
f 705 706 707
f 708 709 710
f 711 712 713
f 714 715 716
f 717 718 719
f 720 721 722
f 723 724 725
f 726 727 728
f 729 730 731
f 732 733 734
f 735 736 737
f 738 739 740
f 741 742 743
f 744 745 746
f 747 748 749
f 750 751 752
f 753 754 755
f 756 757 758
f 759 760 761
f 762 763 764
f 765 766 767
f 768 769 770
f 771 772 773
f 774 775 776
f 777 778 779
f 780 781 782
f 783 784 785
f 786 787 788
f 789 790 791
f 792 793 794
f 795 796 797
f 798 799 800
f 797 801 802
f 803 804 805
f 806 807 808
f 806 808 809
f 810 811 812
f 813 814 815
f 816 817 818
f 819 820 811
f 821 822 823
f 824 825 826
f 827 828 829
f 830 831 832
f 833 834 835
f 836 837 838
f 839 840 841
f 842 843 844
f 845 846 847
f 848 849 850
f 851 852 853
f 854 855 856
f 849 857 858
f 859 860 861
f 862 863 864
f 865 866 867
f 868 869 870
f 871 872 873
f 874 875 876
f 877 878 879
f 880 881 882
f 883 884 885
f 886 887 888
f 889 890 891
f 892 893 894
f 895 896 897
f 898 899 900
f 901 902 903
f 904 905 906
f 907 908 909
f 910 911 912
f 913 914 915
f 916 917 918
f 919 920 921
f 922 923 924
f 925 926 927
f 928 929 930
f 931 932 933
f 934 935 936
f 937 938 939
f 940 941 942
f 943 944 945
f 946 947 948
f 949 950 951
f 952 953 954
f 955 956 957
f 958 959 960
f 961 962 963
f 964 965 966
f 967 968 969
f 970 971 972
f 973 974 975
f 976 977 960
f 978 979 958
f 980 981 982
f 983 984 985
f 986 987 988
f 989 990 991
f 992 993 994
f 995 996 997
f 998 999 1000
f 1001 1002 1003
f 1004 1005 1006
f 1007 1008 1009
f 1010 1011 1012
f 1013 1014 1012
f 1001 1015 1002
f 995 1016 1017
f 1018 1019 1015
f 1020 983 1021
f 1022 1023 1024
f 985 984 1025
f 971 1026 967
f 1027 1028 974
f 957 941 1029
f 968 1030 1031
f 1032 1033 1034
f 1035 1036 1037
f 1038 932 1039
f 1040 1041 924
f 1042 1043 1044
f 1045 1046 1047
f 1048 1049 1050
f 1051 902 1052
f 1053 1054 1055
f 879 1056 1057
f 894 893 1058
f 1059 1060 880
f 1061 1062 1063
f 1064 1065 1066
f 1067 1068 1069
f 1070 1071 1072
f 1073 1074 1075
f 1076 1077 1078
f 1079 1080 1081
f 1082 1083 1084
f 1085 1086 1087
f 1088 1089 1090
f 1091 1092 1093
f 1094 1095 1096
f 1097 1098 1099
f 822 813 823
f 802 1100 1101
f 795 1102 1103
f 1104 1105 1106
f 1107 1108 1109
f 1110 1111 1112
f 1113 1114 1115
f 1116 1117 1118
f 1119 1120 1121
f 1116 1122 1123
f 1124 1125 1126
f 1127 1128 1129
f 1130 1131 1132
f 1133 1134 1135
f 1136 1137 1138
f 1139 1140 1141
f 1142 1143 1144
f 1145 1146 1147
f 1148 1149 1150
f 1151 1152 1153
f 1154 1155 1156
f 1157 1158 1159
f 1160 1161 1162
f 1163 1164 1165
f 1166 1167 1168
f 1169 1170 1171
f 1172 1173 1174
f 1175 1176 1177
f 1178 1179 1180
f 1181 1182 1183
f 1184 1185 1186
f 1187 1188 1189
f 1190 1191 1192
f 1193 1194 1195
f 1196 1197 1198
f 1199 1200 1201
f 1202 1203 1204
f 1205 1206 1207
f 1208 1209 1210
f 1211 1212 1213
f 1214 1215 1216
f 1217 1218 1219
f 1220 1221 1222
f 1223 1224 1225
f 1226 1227 1228
f 1229 1230 1231
f 1232 1233 1234
f 1235 1236 1237
f 1238 1239 1240
f 1241 1242 1243
f 1244 1245 1246
f 1247 1248 1249
f 1250 1251 1252
f 1253 1254 1255
f 1256 1257 1258
f 1259 1260 1261
f 1262 1263 1264
f 1265 1266 1267
f 1268 1269 1270
f 1271 1272 1273
f 1274 1275 1276
f 1277 1278 1279
f 1280 1281 1282
f 1283 1284 1285
f 1286 1287 1288
f 1289 1290 1291
f 1292 1293 1294
f 1295 1296 1297
f 1298 1299 1300
f 1301 1302 1303
f 1304 1305 1306
f 1307 1308 1309
f 1310 1311 1312
f 1313 1314 1315
f 1316 1317 1318
f 1319 1320 1321
f 1322 1323 1324
f 1325 1326 1327
f 1328 1329 1330
f 1331 1332 1333
f 1334 1335 1336
f 1337 1338 1339
f 1340 1341 1342
f 1343 1344 1345
f 1346 1347 1348
f 1349 1350 1351
f 1352 1353 1354
f 1355 1356 1357
f 1358 1359 1360
f 1361 1362 1363
f 1364 1365 1366
f 1367 1368 1369
f 1370 1371 1372
f 1373 1374 1375
f 1376 1377 1378
f 1379 1376 1380
f 1381 1382 1383
f 1384 1385 1386
f 1387 1388 1389
f 1390 1391 1392
f 1393 1394 1395
f 1396 1397 1398
f 1399 1400 1401
f 1402 1403 1404
f 1405 1406 1407
f 1408 1409 1410
f 1411 1412 1413
f 1414 1415 1408
f 1416 1417 1418
f 1419 1420 1421
f 1422 1423 1424
f 1413 1425 1426
f 1401 1400 1427
f 1428 1387 1389
f 1388 1429 1430
f 1431 1349 1432
f 1433 1434 1435
f 1436 1437 1438
f 1439 1440 1441
f 1442 1443 1444
f 1445 1446 1447
f 1445 1448 1446
f 1449 1450 1451
f 1452 1373 1453
f 1454 1455 1370
f 1456 1457 1458
f 1459 1460 1461
f 1462 1463 1464
f 1465 1466 1467
f 1468 1469 1470
f 1471 1472 1345
f 1473 1474 1338
f 1475 1476 1477
f 1478 1479 1480
f 1481 1482 1483
f 1484 1485 1486
f 1487 1488 1489
f 1490 1491 1492
f 1493 1494 1495
f 1496 1497 1498
f 1499 1500 1501
f 1502 1503 1504
f 1505 1506 1507
f 1508 1499 1509
f 1510 1511 1512
f 1513 1514 1515
f 1516 1517 1518
f 1519 1520 1521
f 1522 1523 1524
f 1525 1526 1527
f 1528 1529 1530
f 1531 1532 1533
f 1534 1535 1536
f 1537 1538 1539
f 1540 1541 1542
f 1543 1544 1545
f 1546 1547 1548
f 1549 1550 1551
f 1552 1553 1554
f 1555 1556 1557
f 1558 1559 1560
f 1561 1562 1563
f 1564 1565 1566
f 1567 1568 1569
f 1570 1571 1572
f 1573 1574 1575
f 1576 1577 1578
f 1579 1580 1581
f 1582 1583 1584
f 1585 1586 1587
f 1588 1589 1590
f 1591 1592 1593
f 1594 1595 1596
f 1597 1598 1599
f 1600 1601 1602
f 1603 1604 1605
f 1606 1607 1608
f 1609 1610 1611
f 1612 1613 1614
f 1615 1616 1617
f 1618 1619 1620
f 1621 1622 1623
f 1624 1625 1626
f 1627 1628 1629
f 1630 1631 1632
f 1633 1634 1635
f 1636 1637 1638
f 1639 1640 1641
f 1642 1643 1644
f 1645 1646 1647
f 1648 1649 1650
f 1651 1652 1653
f 1654 1655 1656
f 1657 1658 1659
f 1660 1661 1662
f 1663 1664 1665
f 1666 1667 1668
f 1669 1670 1671
f 1672 1673 1674
f 1675 1669 1676
f 1677 1678 1679
f 1680 1681 1682
f 1683 1684 1685
f 1686 1687 1688
f 1689 1690 1691
f 1692 1693 1694
f 1695 1696 1697
f 1698 1699 1700
f 1701 1702 1703
f 1704 1705 1706
f 1707 1708 1709
f 1710 1711 1712
f 1713 1714 1715
f 1716 1717 1718
f 1719 1720 1721
f 1722 1723 1724
f 1725 1726 1727
f 1728 1729 1730
f 1731 1732 1733
f 1734 1735 1736
f 1737 1738 1739
f 1740 1741 1742
f 1743 1744 1745
f 1746 1747 1748
f 1749 1750 1751
f 1752 1753 1754
f 1755 1756 1757
f 1758 1759 1760
f 1761 1762 1763
f 1764 1765 1766
f 1767 1768 1769
f 1770 1771 1772
f 1773 1774 1775
f 1776 1777 1778
f 1779 1780 1781
f 1782 1783 1784
f 1785 1786 1787
f 1788 1789 1790
f 1791 1792 1793
f 1794 1795 1796
f 1797 1798 1799
f 1800 1801 1802
f 1803 1804 1805
f 1806 1807 1808
f 1809 1810 1811
f 1812 1813 1814
f 1815 1816 1817
f 1818 1819 1820
f 1821 1819 1822
f 1823 1824 1825
f 1826 1827 1828
f 1829 1830 1831
f 1832 1833 1834
f 1835 1836 1837
f 1838 1839 1840
f 1841 1842 1843
f 1844 1845 1846
f 1847 1848 1849
f 1850 1851 1852
f 1853 1854 1855
f 1856 1857 1858
f 1859 1860 1861
f 1862 1863 1864
f 1865 1866 1867
f 1868 1869 1870
f 1871 1872 1873
f 1874 1870 1875
f 1876 1877 1878
f 1877 1856 1879
f 1880 1881 1882
f 1883 1841 1884
f 1885 1886 1833
f 1887 1827 1888
f 1889 1890 1823
f 1800 1802 1891
f 1892 1893 1894
f 1895 1896 1897
f 1898 1899 1900
f 1901 1902 1903
f 1904 1905 1906
f 1907 1905 1908
f 1909 1910 1911
f 1912 1913 1914
f 1915 1916 1917
f 1894 1918 1892
f 1919 1920 1921
f 1922 1923 1924
f 1925 1926 1927
f 1928 1929 1930
f 1931 1932 1933
f 1934 1935 1936
f 1937 1938 1939
f 1940 1941 1942
f 1943 1944 1945
f 1946 1947 1948
f 1949 1950 1951
f 1952 1953 1954
f 1955 1956 1957
f 1958 1959 1960
f 1961 1962 1963
f 1964 1965 1966
f 1967 1968 1969
f 1970 1971 1972
f 1973 1974 1975
f 1976 1977 1978
f 1979 1980 1981
f 1982 1983 1984
f 1985 1986 1987
f 1988 1989 1990
f 1991 1992 1993
f 1994 1995 1996
f 1997 1998 1999
f 2000 2001 2002
f 2003 2004 2005
f 2006 2007 2008
f 2009 2010 2011
f 2012 1992 2013
f 2014 1948 2015
f 2016 2017 2018
f 2019 1967 1969
f 2020 2021 2022
f 2023 2024 2025
f 2026 2027 2028
f 1930 1763 2029
f 2030 2031 2032
f 1953 2033 2034
f 2035 2036 2037
f 2038 2039 2040
f 2041 2042 2043
f 1736 2044 2045
f 2046 2043 2047
f 1792 2048 2049
f 1735 2050 1736
f 2051 2052 2053
f 2054 1721 2055
f 2056 1714 1713
f 2057 2058 1710
f 2059 1702 1701
f 2027 2060 2028
f 2061 2062 1690
f 2063 2064 2065
f 2066 2067 2068
f 2069 2070 2071
f 2072 2073 2074
f 2075 2076 2077
f 2078 2079 2080
f 2081 2082 2083
f 2084 2085 2078
f 2086 2087 2088
f 2089 2090 2091
f 2092 2093 2094
f 2095 2096 2097
f 2098 2099 2100
f 2101 2102 2103
f 2104 2105 2106
f 2107 2108 2109
f 2110 2111 2112
f 2113 2114 2115
f 2113 2116 2117
f 2118 2119 2120
f 2121 2122 2123
f 2124 2125 2126
f 2127 2128 2129
f 2130 2131 2132
f 2133 2134 2135
f 2136 2137 2138
f 2139 2140 2141
f 2142 2143 2144
f 2145 2146 2147
f 2148 2141 2149
f 2150 2151 2152
f 2153 2154 2155
f 2156 2157 2158
f 2159 2160 2161
f 2162 2163 2164
f 2165 2166 2167
f 2168 2169 2170
f 2171 2172 2166
f 2173 2174 2175
f 2176 2177 2178
f 2179 2180 2181
f 2182 2183 2184
f 2185 2186 2187
f 2188 2189 2190
f 2191 2186 2185
f 2192 2193 2194
f 2195 2196 2197
f 2198 2199 2200
f 2201 2202 2203
f 2204 2205 2206
f 2207 2208 2209
f 2210 2211 2212
f 2213 2214 2215
f 2216 2217 2218
f 2219 2220 2221
f 2222 2223 2224
f 2225 2226 2227
f 2228 2225 2229
f 2230 2231 2232
f 2220 2233 2234
f 2235 2236 2237
f 2238 2239 2240
f 2241 2242 2243
f 2244 2241 2245
f 2246 2247 2248
f 2249 2250 2251
f 2252 2253 2254
f 2255 2256 2257
f 2258 2259 2260
f 2261 2262 2263
f 2264 2265 2266
f 2267 2268 2269
f 2270 2271 2272
f 2273 2218 2264
f 2274 2275 2276
f 2277 2278 2279
f 2280 2281 2282
f 2283 2284 2285
f 2286 2287 2288
f 2289 2290 2291
f 2292 2293 2294
f 2295 2296 2297
f 2298 2299 2300
f 2301 2302 2303
f 2304 2305 2306
f 2307 2308 2309
f 2310 2311 2312
f 2313 2314 2315
f 2316 2317 2318
f 2316 2319 2320
f 2321 2294 2322
f 2323 2324 2325
f 2326 2327 2328
f 2329 2330 2331
f 2332 2333 2334
f 2335 2336 2337
f 2338 2339 2340
f 2341 2342 2343
f 2338 2335 2344
f 2345 2346 2347
f 2348 2349 2350
f 2351 2352 2353
f 2354 2355 2356
f 2357 2358 2359
f 2360 2361 2362
f 2363 2364 2365
f 2366 2367 2368
f 2369 2370 2371
f 2372 2373 2374
f 2375 2376 2377
f 2378 2379 2380
f 2381 2382 2383
f 2384 2385 2386
f 2387 2388 2389
f 2390 2391 2392
f 2393 2394 2395
f 2396 2397 2398
f 2399 2400 2401
f 2402 2403 2404
f 2405 2406 2407
f 2408 2409 2410
f 2411 2412 2413
f 2414 2415 2416
f 2417 2418 2419
f 2420 2421 2422
f 2423 2424 2425
f 2426 2427 2428
f 2429 2430 2431
f 2432 2433 2434
f 2435 2436 2437
f 2438 2439 2440
f 2441 2442 2443
f 2444 2445 2446
f 2447 2448 2449
f 2450 2451 2452
f 2453 2454 2452
f 2455 2456 2457
f 2458 2455 2459
f 2460 2461 2462
f 2463 2464 2465
f 2466 2467 2468
f 2469 2470 2471
f 2472 2473 2474
f 2475 2476 2477
f 2478 2479 2480
f 2481 2482 2483
f 2484 2485 2486
f 2487 2488 2489
f 2490 2491 2492
f 2493 2494 2495
f 2496 2497 2498
f 2499 2500 2501
f 2502 2503 2504
f 2505 2506 2507
f 2508 2509 2510
f 2511 2506 2512
f 2513 2514 2515
f 2516 2517 2518
f 2519 2520 2521
f 2522 2523 2524
f 2525 2526 2527
f 2528 2529 2530
f 2531 2532 2533
f 2534 2535 2536
f 2537 2538 2539
f 2540 2541 2542
f 2543 2544 2545
f 2546 2547 2548
f 2549 2550 2551
f 2552 2553 2554
f 2555 2556 2557
f 2558 2559 2520
f 2560 2561 2562
f 2563 2564 2565
f 2566 2567 2568
f 2569 2570 2571
f 2572 2573 2574
f 2575 2576 2577
f 2578 2579 2580
f 2581 2582 2583
f 2584 2585 2586
f 2587 2588 2589
f 2590 2591 2592
f 2593 2594 2595
f 2596 2597 2598
f 2599 2600 2601
f 2602 2603 2604
f 2605 2606 2607
f 2608 2609 2610
f 2611 2612 2613
f 2614 2615 2616
f 2617 2618 2619
f 2620 2621 2622
f 2623 2624 2625
f 2626 2627 2628
f 2629 2630 2631
f 2632 2633 2634
f 2635 2636 2637
f 2638 2639 2640
f 2641 2642 2643
f 2644 2645 2646
f 2647 2648 2649
f 2650 2651 2652
f 2653 2654 2655
f 2656 2657 2658
f 2659 2660 2661
f 2662 2663 2664
f 2665 2666 2667
f 2668 2669 2670
f 2671 2672 2673
f 2674 2675 2676
f 2677 2678 2679
f 2680 2681 2682
f 2683 2684 2685
f 2686 2687 2688
f 2689 2690 2691
f 2692 2693 2694
f 2695 2696 2697
f 2698 2699 2700
f 2701 2702 2703
f 2704 2705 2706
f 2707 2708 2709
f 2710 2711 2712
f 2713 2714 2715
f 2716 2717 2718
f 2719 2720 2721
f 2722 2723 2724
f 2725 2726 2727
f 2728 2729 2730
f 2731 2732 2733
f 2734 2735 2736
f 2737 2738 2739
f 2740 2741 2742
f 2743 2744 2745
f 2746 2747 2748
f 2749 2750 2751
f 2752 2753 2754
f 2755 2756 2757
f 2758 2759 2760
f 2761 2762 2763
f 2764 2765 2766
f 2767 2768 2769
f 2770 2771 2772
f 2773 2774 2775
f 2757 2776 2777
f 2778 2779 2780
f 2780 2781 2782
f 2783 2784 2778
f 2785 2786 2787
f 2788 2789 2790
f 2791 2792 2793
f 2794 2795 2796
f 2797 2798 2799
f 2800 2801 2802
f 2803 2804 2805
f 2806 2807 2808
f 2809 2810 2811
f 2812 2813 2814
f 2815 2816 328
f 2817 2818 2819
f 2820 2821 2822
f 2823 2824 2825
f 2826 2827 2828
f 2829 2830 2831
f 2832 2833 2834
f 2835 2836 2837
f 2838 2839 2840
f 2841 2842 2817
f 2843 2844 2845
f 2839 2846 2847
f 2848 2849 2850
f 2851 2852 2853
f 2854 2855 2856
f 2857 2858 2859
f 2860 2861 2862
f 2863 2864 2865
f 2866 2867 2868
f 2869 2870 2871
f 2872 2873 2874
f 2875 2876 2877
f 2878 2879 2880
f 2881 2882 2883
f 2884 2885 2882
f 2886 2887 2888
f 2889 2890 2891
f 2892 2893 2894
f 2895 2896 2897
f 2898 2899 2900
f 2901 2902 2903
f 2904 2905 2906
f 2907 2908 2909
f 2910 2911 2912
f 2913 2914 2915
f 2916 2917 2918
f 2919 2920 2921
f 2922 2923 2924
f 2925 2926 2927
f 2928 2929 2930
f 2931 2932 2933
f 2934 2935 2936
f 2937 2938 2939
f 2940 2941 2942
f 2943 2944 2945
f 2946 2947 2948
f 2949 2950 2951
f 2952 2953 2954
f 2955 2956 2957
f 2958 2959 2960
f 2961 2962 2963
f 2964 2965 2966
f 2967 2968 2969
f 2970 2967 2971
f 2972 2963 2973
f 2974 2975 2976
f 2977 2978 2979
f 2980 2981 2982
f 2983 2984 2985
f 2986 2976 2987
f 2988 2989 2990
f 2991 2979 2992
f 2993 2994 2995
f 2996 2997 2998
f 2999 3000 3001
f 3002 3003 3004
f 3005 3006 3007
f 3008 3009 3010
f 3011 3012 3013
f 3014 3015 3011
f 3016 3017 3018
f 3019 3020 3021
f 3022 3023 3024
f 3025 3026 3027
f 3028 3029 3030
f 3031 3032 3033
f 3034 3035 3036
f 3037 3038 3039
f 3040 3041 3042
f 3043 3044 3045
f 3046 3047 3048
f 3049 3050 3051
f 3052 3053 3054
f 3055 3056 3057
f 3058 3059 3060
f 3061 3062 3063
f 3064 3065 3066
f 3067 3068 3069
f 3069 3070 3071
f 3072 3073 3074
f 3075 3076 3055
f 3077 3046 3070
f 3078 3079 3080
f 3081 3082 3083
f 3084 3085 3086
f 3022 3087 3088
f 3089 3018 3090
f 3091 3011 3092
f 3093 3094 3095
f 2999 3001 3096
f 2996 3022 2997
f 3097 3098 3099
f 2982 2984 3100
f 3101 3102 3103
f 3104 3105 3106
f 3107 3108 3109
f 3110 3111 2949
f 3112 3113 3114
f 3115 2932 3116
f 3117 3118 3119
f 3120 3121 3122
f 3123 3124 3125
f 3124 3126 3120
f 3127 3128 2946
f 3121 3129 3130
f 3131 2924 3132
f 3133 2912 3134
f 2918 3135 3136
f 3137 2909 3138
f 3139 3140 3141
f 3142 3143 3144
f 3145 3146 3147
f 2899 3148 3149
f 3150 3151 3152
f 3153 3154 2887
f 3155 3156 3157
f 3158 3159 3160
f 3161 3162 3163
f 3164 3165 3166
f 3167 3168 3169
f 3170 3171 3172
f 3173 3174 3175
f 3176 3177 3178
f 3179 3180 3181
f 3182 3183 3184
f 3185 3186 3187
f 3188 3189 3190
f 3191 3192 3193
f 3194 3195 3196
f 2814 3197 3198
f 3199 3200 3201
f 3202 3203 3204
f 3205 3206 3207
f 3208 3209 3210
f 3211 3212 3213
f 3214 3215 3216
f 3217 3218 3219
f 3220 3221 3222
f 3223 3224 3225
f 3226 3227 3228
f 3229 3208 3230
f 3231 3232 3233
f 3234 3235 3236
f 3237 3238 3239
f 3240 3241 3242
f 3243 3244 3245
f 3246 3247 3248
f 3249 3250 3251
f 3252 3253 3254
f 3255 3256 3257
f 3258 3259 3260
f 3261 3262 3263
f 3264 3265 3266
f 3267 3268 3269
f 3270 3271 3272
f 3273 3274 3275
f 3276 3277 3278
f 3279 3280 3281
f 3282 3283 3284
f 3285 3286 3287
f 3288 3289 3290
f 3291 3292 3293
f 3294 3295 3296
f 3297 3298 3299
f 3300 3301 3302
f 3303 3304 3305
f 3306 3307 3308
f 3309 3310 3311
f 3312 3313 3314
f 2673 3315 3316
f 3317 3318 3319
f 3320 3321 3322
f 3323 3324 3325
f 3326 3327 3328
f 3329 3330 3331
f 3332 3333 3334
f 3335 3336 3337
f 3338 3339 3340
f 3341 3342 3343
f 3344 3345 3346
f 3347 3348 3349
f 3350 3351 3352
f 3353 3354 3355
f 3356 3357 3358
f 3359 3360 3361
f 3362 3363 3364
f 3365 3366 3367
f 3368 3369 3370
f 3371 3372 3373
f 3374 3375 3376
f 3377 3378 3379
f 3380 3381 3382
f 3383 3384 3385
f 3386 3387 3388
f 3389 3390 3391
f 3392 3393 3394
f 3395 3396 3397
f 3398 3399 3400
f 3401 3402 3403
f 3404 3405 3406
f 3407 3408 3409
f 3410 3411 3412
f 3413 3414 3415
f 3416 3417 3418
f 3419 3420 3421
f 3422 3423 3424
f 3425 3426 3427
f 3428 3429 3430
f 3431 3432 3433
f 3434 3435 3436
f 3437 3438 3439
f 3440 3428 3441
f 3424 3442 3443
f 3444 3445 3446
f 3447 3448 3449
f 3450 3451 3452
f 3453 3454 3455
f 3456 3457 3458
f 3459 3460 3461
f 3462 3463 3464
f 3465 3466 3467
f 3468 3469 3470
f 3471 3472 3473
f 3474 3475 3476
f 3477 3478 3479
f 3480 3481 3482
f 3483 3484 3485
f 3486 3487 3488
f 3489 3490 3491
f 3492 3493 3494
f 3495 3496 3497
f 3498 3499 3500
f 3501 3502 3503
f 3504 3505 3506
f 3507 3508 3509
f 3510 3511 3512
f 3513 3514 3515
f 3516 3517 3518
f 3519 3520 3521
f 3522 3523 3524
f 3525 3526 3527
f 3528 3529 3530
f 3531 3532 3533
f 3534 3535 3536
f 3537 3538 3539
f 3540 3529 3541
f 3525 3542 3543
f 3544 3545 3546
f 3547 3548 3549
f 3550 3551 3552
f 3553 3554 3555
f 3556 3557 3558
f 3559 3560 3561
f 3562 3563 3564
f 3565 3566 3567
f 3568 3569 3570
f 3571 3572 3573
f 3574 3575 3576
f 3577 3578 3579
f 3580 3581 3582
f 3583 3584 3585
f 3586 3587 3588
f 3589 3590 3591
f 3592 3593 3594
f 3595 3596 3597
f 3598 3599 3600
f 3601 3602 3603
f 3604 3605 3606
f 3607 3608 3609
f 3605 3610 3611
f 3612 3613 3614
f 3615 3616 3617
f 3618 3619 3620
f 3621 3622 3623
f 3624 3607 3625
f 3626 3618 3627
f 3628 3629 3547
f 3630 3631 3632
f 3633 3634 3635
f 3636 3637 3638
f 3639 3640 3641
f 3642 3643 3644
f 3645 3646 3647
f 3648 3649 3650
f 3651 3652 3653
f 3654 3655 3656
f 3657 3658 3659
f 3660 3661 3662
f 3663 3664 3665
f 3666 3667 3668
f 3669 3670 3671
f 3672 3673 3674
f 3675 3676 3677
f 3678 3679 3680
f 3681 3682 3683
f 3684 3685 3686
f 3687 3688 3689
f 3690 3691 3692
f 3693 3694 3675
f 3695 3696 3697
f 3698 3699 3700
f 3701 3702 3703
f 3704 3705 3706
f 3707 3708 3709
f 3710 3711 3712
f 3713 3714 3715
f 3716 3717 3718
f 3719 3696 3720
f 3721 3722 3723
f 3724 3725 3726
f 3727 3728 3729
f 3730 3731 3732
f 3733 3734 3735
f 3736 3737 3738
f 3739 3740 3741
f 3742 3743 3744
f 3745 3746 3747
f 3748 3749 3750
f 3751 3752 3753
f 3754 3755 3756
f 3757 3758 3759
f 3760 3761 3762
f 3763 3764 3765
f 3766 3767 3768
f 3769 3770 3771
f 3772 3773 3774
f 3775 3776 3777
f 3778 3779 3780
f 3781 3782 3783
f 3784 3770 3785
f 3786 3787 3764
f 3788 3789 3790
f 3791 3792 3793
f 3794 3795 3796
f 3797 3798 3799
f 3800 3801 3802
f 3803 3804 3805
f 3806 3807 3808
f 3809 3806 3810
f 3811 3812 3813
f 3814 3815 3816
f 3817 3818 3819
f 3820 3821 3822
f 3823 3824 3825
f 3826 3827 3828
f 3829 3830 3831
f 3832 3833 3834
f 3835 3836 3837
f 3838 3839 3840
f 3841 3842 3843
f 3844 3845 3846
f 3847 3848 3849
f 3850 3851 3852
f 3853 3854 3855
f 3856 3857 3858
f 3859 3860 3861
f 3862 3863 3864
f 3865 3864 3866
f 3867 3868 3869
f 3870 3871 3872
f 3873 3874 3875
f 3876 3877 3878
f 3879 3880 3881
f 3882 3883 3884
f 3885 3886 3887
f 3888 399 3889
f 3890 3891 3892
f 786 3893 3894
f 3895 3896 3897
f 3898 3899 3900
f 3901 3902 3903
f 3904 3905 3906
f 3907 3908 3909
f 3910 3911 3912
f 3913 3914 3915
f 3916 3917 3918
f 3919 3920 3921
f 3922 3923 3924
f 3925 3926 3927
f 3928 3929 3930
f 3931 3932 3933
f 3934 3935 3936
f 3937 3938 3939
f 3940 3941 3942
f 3943 3944 3945
f 3946 3947 3948
f 3949 3950 3951
f 3952 3953 3954
f 3955 3956 3957
f 3958 3959 3960
f 3961 3962 3963
f 3964 3965 3966
f 3967 3968 3969
f 3970 3971 3972
f 3973 3974 3975
f 3976 3977 3978
f 3979 3980 3981
f 1237 3982 3983
f 3984 3985 3986
f 3987 3988 3989
f 3990 3991 3992
f 3993 3994 3995
f 3996 3997 3998
f 3999 4000 4001
f 4002 4003 4004
f 4005 4006 4007
f 4008 4009 4010
f 4011 4012 4013
f 4014 4015 4008
f 4016 4017 4018
f 4019 4020 4021
f 4022 4023 4024
f 4025 4026 4027
f 4028 4029 4030
f 4031 4032 4033
f 4034 4035 4036
f 4037 4038 4039
f 4040 4041 4042
f 4043 4044 4045
f 4046 4047 4048
f 4049 4050 4051
f 4052 4053 4054
f 4055 4056 4057
f 4058 4059 4060
f 4061 4062 4063
f 4064 4065 4041
f 4066 4067 4068
f 4069 4070 4071
f 4072 4073 4074
f 4075 4076 4077
f 4078 4079 4080
f 4081 4082 4083
f 4084 4085 4086
f 4087 4088 4089
f 4090 4091 4092
f 4093 4094 4095
f 4096 4097 4098
f 4099 4100 4101
f 4102 4103 4104
f 4105 4106 4107
f 4108 4109 4110
f 4111 4112 4113
f 4114 4115 4116
f 4117 4118 4119
f 4120 4121 4122
f 4123 4124 4125
f 4126 4127 4128
f 4129 4130 4131
f 4132 4133 4134
f 4135 4136 4137
f 4138 4139 4140
f 4141 4142 4143
f 4144 4145 4146
f 4147 4148 4149
f 4150 4151 4152
f 4153 4154 4155
f 4156 4157 4158
f 4159 4160 4161
f 4162 4163 4164
f 4165 4166 4167
f 4168 4169 4170
f 4171 4172 4173
f 4174 4175 4176
f 4177 4178 4179
f 4180 4181 4182
f 4183 4184 4185
f 4186 4187 4188
f 4189 4190 4191
f 4192 4193 4194
f 4195 4192 4196
f 4197 4198 4199
f 4200 4201 4202
f 4203 4204 4205
f 4206 4207 4208
f 4206 4208 4209
f 4210 4211 4212
f 4194 4213 4214
f 4189 4215 4216
f 4217 4218 4219
f 4220 4221 4222
f 4223 4224 4225
f 4226 4227 4228
f 4229 4230 4231
f 4232 4233 4234
f 4235 4236 4237
f 4238 4239 4240
f 4241 4242 4243
f 4244 4245 4246
f 4247 4248 4249
f 4250 4251 4252
f 4253 4254 4255
f 4256 4257 4258
f 4259 4260 4261
f 4262 4263 4264
f 4265 4266 4267
f 4268 4269 4270
f 4271 4272 4273
f 4274 4275 4276
f 4277 4278 4279
f 4280 4281 4282
f 4283 4280 4284
f 4285 4286 4287
f 4288 4279 4289
f 4290 4291 4292
f 4278 4274 4276
f 4268 4293 4294
f 4295 4296 4297
f 4298 4299 4300
f 4301 4302 4303
f 4304 4305 4306
f 4307 4308 4299
f 4309 4310 4311
f 4312 4313 4314
f 4315 4316 4317
f 4318 4319 4320
f 4321 4322 4323
f 4324 4325 4326
f 4146 4327 4328
f 4323 4329 4330
f 4331 4332 4333
f 4306 4334 4335
f 4259 4295 4297
f 4336 4337 4338
f 4339 4340 4341
f 4342 4343 4344
f 4345 4346 4347
f 4344 4343 4348
f 4349 4237 4238
f 4350 4351 4352
f 4353 4354 4355
f 4230 4176 4231
f 4356 4173 4357
f 4358 4169 4359
f 4360 4361 4362
f 4363 4364 4365
f 4366 4367 4368
f 4369 4370 4371
f 4372 4373 4374
f 4375 4376 4377
f 4378 4379 4380
f 4381 4382 4383
f 4384 4381 4383
f 4385 4386 4387
f 4388 4389 4390
f 4391 4244 4246
f 4392 4393 4394
f 4395 4396 4397
f 4398 4399 4400
f 4156 4158 4401
f 4402 4403 4404
f 4405 4406 4407
f 4408 4409 4410
f 4411 4412 4413
f 4414 4415 4416
f 4417 4418 4419
f 4420 4421 4422
f 4423 4424 4425
f 4426 4427 4405
f 4428 4429 4430
f 4431 4432 4433
f 4434 4435 4436
f 4437 4438 4439
f 4440 4441 4442
f 4443 4444 4445
f 4446 4447 4448
f 4449 4450 4451
f 4452 4453 4454
f 4455 4456 4457
f 4458 4459 4460
f 4461 4462 4463
f 4464 4465 4466
f 4467 4468 4469
f 4470 4471 4472
f 4473 4474 4475
f 4476 4477 4478
f 4479 4480 4481
f 4482 4483 4484
f 4485 4486 4487
f 4488 4489 4490
f 4491 4492 4493
f 4494 4495 4496
f 4497 4498 4499
f 4500 4501 4502
f 4503 4504 4505
f 4506 4507 4508
f 4509 4510 4511
f 4512 4513 4514
f 4515 4516 4517
f 4518 4519 4520
f 4521 4522 4523
f 4524 4525 4526
f 4527 4528 4529
f 4530 4531 4532
f 4533 4534 4535
f 4536 4537 4538
f 4539 4540 4541
f 4542 4543 4544
f 4545 4546 4547
f 4548 4549 4550
f 4551 4552 4553
f 4554 4555 4556
f 4557 4558 4554
f 4559 4560 4561
f 4562 4563 4564
f 4565 4566 4567
f 4568 4569 4570
f 4571 4572 4573
f 4574 4575 4576
f 4577 4578 4579
f 4580 4581 4582
f 4583 4584 4565
f 4585 4586 4587
f 4588 4589 4590
f 4591 4592 4593
f 4594 4595 4596
f 4597 4598 4599
f 4600 4601 4602
f 4603 4604 4605
f 4606 4607 4608
f 4609 4610 4611
f 4612 4613 4614
f 4615 4616 4617
f 4618 4619 4620
f 4621 4622 4623
f 4624 4625 4626
f 4627 4628 4629
f 4483 4630 4631
f 4632 4631 4633
f 4634 4635 4636
f 4637 4638 4639
f 4640 4641 4642
f 4643 4644 4645
f 4646 4593 4647
f 4648 4649 4650
f 4651 4652 4653
f 4654 4655 4656
f 4486 4657 4658
f 4659 4660 4661
f 4662 4663 4664
f 4665 4666 4667
f 4668 4669 4670
f 4671 4672 4673
f 4674 4675 4676
f 4677 4678 4679
f 4680 4681 4682
f 4683 4615 4684
f 4685 4686 4687
f 4688 4689 4690
f 4690 4691 4692
f 4693 4694 4695
f 4696 4697 4698
f 4699 4087 4700
f 4701 4702 4703
f 4704 4705 4706
f 4707 4708 4709
f 4710 4711 4712
f 4713 4714 4715
f 4716 4713 4717
f 4718 4719 4720
f 4721 4722 4723
f 4724 4725 4726
f 4727 4728 4729
f 4730 4731 4732
f 4733 4734 4735
f 4736 4737 4738
f 4739 4740 4724
f 4741 4742 4743
f 4744 4745 4746
f 4747 4748 4749
f 4750 4751 4752
f 4753 4754 4755
f 4756 4757 4758
f 4759 4760 4761
f 4762 4759 4763
f 4764 4765 4766
f 4767 4768 4769
f 4770 4771 4772
f 4773 4774 4775
f 4776 4777 4778
f 4768 4779 4780
f 4781 4782 4783
f 4783 4784 4785
f 4786 4787 4788
f 4789 4790 4791
f 4792 4793 4794
f 4795 4796 4797
f 4798 4799 4800
f 4801 4802 4791
f 4803 4804 4799
f 4805 4806 4807
f 4808 4809 4810
f 4811 4812 4813
f 4814 4815 4816
f 4817 4818 4819
f 4820 4821 4822
f 4823 4824 4825
f 4826 4827 4828
f 4829 4830 4831
f 4832 4833 4834
f 4835 4836 4837
f 4838 4839 4840
f 4841 4842 4843
f 4844 4845 4846
f 4847 4848 4849
f 4850 4851 4852
f 4853 4854 4855
f 4856 4857 4858
f 4825 4859 4860
f 4861 4862 4863
f 4864 4865 4866
f 4867 4868 4869
f 4870 4871 4872
f 4873 4874 4875
f 4876 4877 4878
f 4879 4880 4881
f 4882 4883 4873
f 4884 4885 4886
f 4887 4888 4889
f 4890 4891 4892
f 4893 4894 4895
f 4896 4897 4898
f 4899 4900 4901
f 4902 4903 4904
f 4905 4906 4907
f 4908 4909 4910
f 4911 4912 4913
f 4914 4915 4916
f 4917 4918 4919
f 4920 4921 4922
f 4923 4924 4925
f 4926 3980 4927
f 4928 4929 4930
f 4931 4932 4933
f 4934 4935 4936
f 4937 4936 4938
f 4939 4940 4941
f 4942 4943 4944
f 4945 4946 4947
f 4948 4949 4950
f 4951 4952 4953
f 4954 4955 4956
f 4957 4958 4959
f 4960 4961 4962
f 4963 4964 4965
f 4966 4911 4967
f 4968 4969 4970
f 4971 4972 4973
f 4974 4975 4976
f 4977 4978 4979
f 4980 4981 4982
f 4983 4984 4985
f 4986 4987 4988
f 4989 4990 4991
f 4992 4993 4994
f 4995 4996 4997
f 4998 4999 5000
f 5001 5002 5003
f 5004 5005 5006
f 5007 5008 5009
f 5010 5011 5012
f 5013 5014 5015
f 5016 5017 5018
f 5019 5020 5021
f 5022 5023 5024
f 5025 5026 5027
f 5028 5029 5030
f 5031 5032 5033
f 5034 5035 5036
f 5037 5038 5039
f 5040 5041 5010
f 5042 5043 5044
f 5045 5046 5047
f 5048 5049 5050
f 5051 5052 5053
f 5054 5055 5056
f 5057 5058 5059
f 5060 5061 5062
f 5063 5064 5065
f 5066 5067 5068
f 5069 5070 5071
f 5072 5073 5074
f 5075 5076 5077
f 5078 5079 5080
f 5081 5082 5083
f 5084 5085 5086
f 5087 5088 4894
f 5089 5084 5090
f 5091 5092 5093
f 5094 5095 5096
f 5097 5098 5099
f 5100 5101 5102
f 5103 5104 5105
f 5106 5107 5108
f 5109 5110 5111
f 5112 5113 5114
f 5115 5116 5117
f 5118 5119 5120
f 5121 5122 5123
f 5124 5125 5126
f 5127 5128 5129
f 5130 5131 5132
f 5133 5134 5135
f 5136 5135 5137
f 5138 5139 5140
f 5141 5142 5143
f 5144 5145 5146
f 5147 5148 5149
f 5150 5151 5152
f 5153 5154 5155
f 5156 5157 5158
f 5159 5160 5161
f 5162 5163 5164
f 5165 5166 5167
f 5168 5169 5170
f 5171 5172 5173
f 5174 5175 5176
f 5177 5178 5179
f 5180 5181 5182
f 5183 5184 5185
f 5186 5187 5188
f 5189 5190 5191
f 5192 5193 5194
f 5195 5196 5197
f 5198 5199 5200
f 5201 5202 5203
f 5204 5205 5206
f 5207 5208 5209
f 5210 5211 5212
f 5213 5214 5215
f 5216 5215 5217
f 5218 5219 5220
f 5221 5222 5223
f 5224 5225 5226
f 5227 5228 5229
f 5210 5230 5231
f 5232 5233 5234
f 5235 5236 5237
f 5238 5239 5240
f 5241 5242 5243
f 5244 5245 5246
f 5247 5248 5249
f 5250 5251 5252
f 5253 5254 5255
f 5256 5257 5250
f 5258 5259 5260
f 5261 2393 5262
f 5263 5264 5265
f 5266 5267 5268
f 5269 5270 4535
f 5271 5272 5273
f 5274 5275 5276
f 5277 5278 5279
f 5280 5281 5282
f 5283 5284 5285
f 5286 5287 5288
f 5289 5290 5291
f 5292 5293 5294
f 5295 5296 5297
f 5298 5299 5300
f 5301 5292 5302
f 5303 5304 5305
f 5306 5307 5308
f 5309 5310 5311
f 5312 5313 5314
f 5315 5316 5317
f 5318 5319 5320
f 5321 5322 5323
f 5324 5325 5326
f 5327 5328 5329
f 5330 5331 5332
f 5333 5334 5335
f 5336 5337 5338
f 5339 5340 5341
f 5342 5343 5344
f 5345 5346 5347
f 5348 5349 5350
f 5351 5352 5353
f 5354 5355 5356
f 5357 5358 5359
f 5360 5361 5362
f 5363 5364 5365
f 5366 5367 5368
f 5369 5370 5371
f 5372 5373 5374
f 5375 5376 5377
f 5378 5379 5380
f 5381 5382 5383
f 5384 5385 5386
f 5387 5388 5389
f 5390 5391 5392
f 5393 5394 5395
f 5396 5397 5398
f 5399 5400 5401
f 5402 5403 5404
f 5405 5406 5407
f 5408 5409 5410
f 5411 5412 5413
f 5414 5415 5416
f 5417 5418 5419
f 5420 5390 5421
f 5422 5423 5424
f 5425 5426 5427
f 5428 5429 5430
f 5431 5432 5433
f 5434 5435 5436
f 5437 5438 5439
f 5440 5441 5442
f 5443 5444 5445
f 5446 5447 5448
f 5363 5449 5450
f 5451 5452 5453
f 5454 5455 5456
f 5457 5458 5459
f 5460 5461 5462
f 5463 5464 5465
f 5466 5467 5468
f 5469 5470 5471
f 5472 5473 5461
f 5474 5475 5476
f 5477 5478 5479
f 5480 5481 5482
f 5483 5484 5485
f 5486 5487 5488
f 5489 5490 5491
f 5492 5493 5494
f 5495 5496 5497
f 5498 5499 5500
f 5501 5502 5503
f 5504 5505 5506
f 5507 5508 5509
f 5510 5511 5512
f 5513 5514 5515
f 5516 5517 5518
f 5519 5520 5521
f 5522 5523 5524
f 5525 5526 5527
f 5528 5529 5530
f 5531 5532 5533
f 5534 5535 5536
f 5537 5538 5539
f 5540 5541 5542
f 5503 5543 5544
f 5545 5546 5547
f 5548 5549 5550
f 5551 5552 5553
f 5554 5555 5556
f 5557 5558 5554
f 5559 5560 5561
f 5559 5562 5563
f 5564 5565 5566
f 5567 5568 5569
f 5570 5571 5572
f 5573 5574 5575
f 5576 5577 5578
f 5579 5580 5581
f 5582 5583 5584
f 5585 5586 5587
f 5588 5589 5590
f 5591 5592 5583
f 5593 5594 5595
f 5596 5597 5598
f 5599 5600 5601
f 5602 5603 5604
f 5605 5606 5607
f 5608 5609 5610
f 5611 5612 5613
f 5614 5615 5616
f 5617 5618 5619
f 5620 5621 5622
f 5623 5624 5625
f 5626 5627 5628
f 5629 5630 5631
f 5632 5633 5634
f 5635 5636 5637
f 5638 5639 5640
f 5641 5642 5643
f 5644 5645 5646
f 5647 5638 5648
f 5649 5650 5651
f 5652 5653 5654
f 5655 5656 5657
f 5658 5659 5660
f 5661 5662 5663
f 5664 5665 5666
f 5667 5668 5669
f 5670 5671 5672
f 5673 5674 5675
f 5676 5677 5678
f 5679 5680 5681
f 5682 5683 5684
f 5685 5686 5687
f 5688 5689 5690
f 5691 5692 5693
f 5694 5695 5696
f 5697 5698 5699
f 5700 5701 5702
f 5703 5704 5705
f 5706 5707 5708
f 5709 5710 5711
f 5712 5713 5714
f 5715 5716 5717
f 5718 5719 5720
f 5721 5722 5723
f 5724 5725 5726
f 5727 5728 5729
f 5730 5731 5732
f 5733 5734 5735
f 5736 5737 5738
f 5739 5740 5700
f 5741 5742 5743
f 5744 5745 5746
f 5747 5748 5749
f 5750 5751 5752
f 5753 5754 5755
f 5756 5757 5758
f 5759 5760 5761
f 5762 5763 5751
f 5764 5765 5698
f 5746 5766 5767
f 5768 5769 5770
f 5771 5772 5716
f 5773 5774 5775
f 5776 5777 5778
f 5779 5780 5781
f 5782 5783 5784
f 5785 5786 5787
f 5788 5789 5790
f 5791 5792 5793
f 5794 5795 5796
f 5797 5798 5799
f 5800 5801 5802
f 5803 5804 5805
f 5806 5807 5808
f 5809 5810 5811
f 5812 5813 5814
f 5815 5816 5817
f 5818 5819 5820
f 5821 5822 5823
f 5824 5825 5826
f 5827 5828 5829
f 5830 5831 5832
f 5833 5834 5835
f 5836 5837 5838
f 5839 5840 5841
f 5842 5843 5844
f 5845 5846 5847
f 5848 5849 5850
f 5851 5852 5853
f 5854 5855 5856
f 5857 5858 5859
f 5860 5861 5862
f 5863 5864 5865
f 5866 5867 5868
f 5869 5870 5871
f 5872 5871 5873
f 5874 5875 5876
f 5877 5878 5879
f 5880 5881 5882
f 5883 5884 5885
f 5886 5887 5888
f 5889 5890 5891
f 5892 5893 5894
f 5895 5896 5897
f 5898 5899 5900
f 5901 5902 5903
f 5904 5905 5906
f 5907 5908 5909
f 5910 5911 5912
f 5913 5914 5915
f 5916 5917 5918
f 5919 5920 5921
f 5922 5923 5924
f 5925 5926 5927
f 5928 5929 5930
f 5931 5932 5911
f 5933 5934 5935
f 5936 5937 5938
f 5939 5940 5941
f 5942 5943 5944
f 5945 5946 5947
f 5948 5949 5950
f 5951 5952 5953
f 5954 5955 5956
f 5957 5958 5959
f 5960 5961 5962
f 5963 5964 5965
f 5966 5967 5968
f 5969 5970 5971
f 5972 5973 5974
f 5975 5976 5977
f 5978 5979 5980
f 5981 5982 5983
f 5984 5985 5986
f 5987 5988 5989
f 5990 5991 5992
f 5993 5994 5995
f 5996 5997 5998
f 5999 6000 6001
f 6002 6003 6004
f 6005 6006 6007
f 6008 6009 6010
f 6011 6012 6013
f 6014 6015 6016
f 6017 6018 6019
f 6020 6021 6022
f 6023 6024 6025
f 6026 6027 6028
f 6029 6030 3489
f 6031 6032 6033
f 6021 6034 6035
f 6036 6037 6038
f 6039 6040 6041
f 6042 6043 6044
f 6045 6046 6047
f 6048 6049 6050
f 6051 6052 6053
f 6054 6055 6056
f 6057 6058 6059
f 6060 6061 6062
f 6063 6064 6065
f 6066 6067 6068
f 6069 6070 6071
f 6072 6073 6074
f 6075 6076 6077
f 6078 6079 6080
f 6081 6082 6083
f 6084 6085 6086
f 6087 6088 6089
f 6090 6091 6092
f 6093 6089 6094
f 6095 6096 6097
f 6098 6099 6100
f 6101 6102 6103
f 6104 6105 6106
f 6107 6108 6109
f 6110 6111 6112
f 6113 6114 6115
f 6116 6117 6118
f 6114 6119 6115
f 6120 6121 6122
f 6123 6124 6125
f 6126 6127 6128
f 6129 6130 6131
f 6132 6133 6134
f 6135 6136 6137
f 6138 6139 6140
f 6141 6142 6143
f 6144 6145 6146
f 6147 6148 6149
f 6144 6146 6150
f 6151 6152 6153
f 6154 6126 6155
f 6156 6157 6158
f 6159 6160 6161
f 6162 6163 6164
f 6165 6166 6167
f 6168 6169 6170
f 6171 6172 6173
f 6174 6175 6176
f 6177 6178 6179
f 6180 6181 6182
f 6183 6184 6185
f 6186 6187 6188
f 6189 6190 6191
f 6192 6193 6194
f 6195 6196 6197
f 6198 6199 6200
f 6201 6202 6203
f 6204 6205 6206
f 6207 6208 6205
f 6209 6210 6211
f 6212 6213 6214
f 6215 6216 6217
f 6217 6218 6219
f 6220 6221 6222
f 6223 6224 6225
f 6173 6172 6190
f 6226 6227 6228
f 6229 6230 6231
f 6232 6233 6234
f 6235 6236 6232
f 6237 6238 6239
f 6187 6240 6188
f 6241 6129 6242
f 6122 6243 6244
f 6245 6246 6247
f 6111 6248 6101
f 6249 6250 6099
f 6251 6252 6253
f 6254 6255 6256
f 6257 6084 6258
f 6259 6260 6261
f 6262 6072 6074
f 6263 6264 6265
f 6266 6057 6267
f 6051 6268 6052
f 6072 6269 6270
f 6271 6272 6273
f 6274 6275 6276
f 6277 6278 6279
f 6280 6281 6282
f 6283 6284 6285
f 6004 6003 6286
f 6287 6288 5987
f 5978 5980 6289
f 6290 6291 5972
f 6292 6293 6294
f 6295 6296 6297
f 6298 6299 6300
f 6301 6302 6303
f 6304 6305 6306
f 6307 6308 6309
f 6310 6311 6312
f 6313 6314 6315
f 6316 6317 6318
f 6319 6320 6321
f 6322 6323 6324
f 6325 6326 6327
f 6328 6329 6330
f 6331 6332 6333
f 6334 6335 6336
f 6337 6317 6338
f 6339 6340 6341
f 6342 6343 6344
f 6345 6346 6347
f 6348 6349 6345
f 6346 6350 6351
f 6352 6353 6354
f 6355 6356 6357
f 6358 6359 6360
f 6361 6362 6363
f 6364 6365 6366
f 6367 6368 6369
f 6366 6370 6371
f 6372 6373 6374
f 6375 6376 6377
f 6378 6379 6380
f 6381 6382 6383
f 6336 6335 6384
f 6385 6386 6387
f 6388 6389 6390
f 5954 6391 6392
f 5951 5953 6362
f 6393 6394 6395
f 6396 5857 6397
f 6398 6399 6400
f 6401 6402 6403
f 6404 6405 6406
f 6407 6408 6402
f 6409 6410 6411
f 6412 6413 6414
f 6415 6416 6417
f 6418 5936 6419
f 6420 6421 6422
f 5927 5926 6423
f 6424 5919 5921
f 6425 6426 6427
f 6428 6429 6430
f 6431 6432 6433
f 3861 6434 6435
f 6436 6437 6438
f 6439 6440 6441
f 6442 6443 6444
f 6445 6446 6447
f 6448 6449 6450
f 6451 6452 6453
f 6454 6455 6456
f 6457 6458 6459
f 6460 6461 6462
f 6463 6464 6465
f 6466 6467 6468
f 6469 6470 6471
f 6472 6450 6473
f 6474 6475 6476
f 6477 6478 6479
f 6480 6481 6482
f 6482 6483 6484
f 6485 6486 6487
f 6469 6488 6489
f 6490 6491 6492
f 6493 6494 6495
f 6496 6497 6498
f 6499 6500 6501
f 6502 6503 6504
f 6505 6506 6507
f 6508 6509 6510
f 6511 6512 6513
f 6514 6515 6516
f 6517 6518 6519
f 6520 6521 6522
f 6523 6524 6525
f 6526 6527 6528
f 6529 6530 6531
f 6532 6533 6534
f 6535 6536 6537
f 6538 6539 6540
f 6541 6542 6543
f 6544 6545 6546
f 6547 6548 6549
f 6550 6551 6552
f 6553 6554 6555
f 6556 6557 6558
f 6559 6560 6561
f 6562 6563 6564
f 6565 6566 6567
f 6568 6569 6570
f 6571 6572 6573
f 6574 6575 6576
f 6577 6578 6579
f 6580 6581 6582
f 6583 6584 6585
f 6586 6587 6588
f 6589 6590 6591
f 6592 6593 6594
f 6595 6596 6597
f 6598 6599 6600
f 6601 6602 6603
f 6604 6605 6606
f 6607 6608 6609
f 6610 6611 6591
f 6612 6586 6613
f 6614 6615 6616
f 6617 6618 6619
f 6620 6621 6622
f 6623 6624 6625
f 6626 6627 6628
f 6629 6630 6631
f 6632 6633 6634
f 6635 6636 6637
f 6638 6639 6640
f 6641 6642 6635
f 6643 6644 6645
f 6646 6647 6648
f 6649 6650 6651
f 6652 6653 6654
f 6655 6656 6657
f 6658 6659 6660
f 6661 6662 6663
f 6664 6665 6666
f 6667 6668 6669
f 6670 6671 6672
f 6673 6674 6675
f 6676 6677 6678
f 6679 6680 6681
f 6682 6683 6684
f 6685 6682 6686
f 6687 6688 6689
f 6690 6691 6692
f 6693 6694 6695
f 6696 6697 6698
f 6699 6700 6701
f 6702 6703 6704
f 6705 6706 6707
f 6708 6709 6710
f 6711 6712 6713
f 6714 6715 6716
f 6717 6718 6719
f 6720 6721 6722
f 6723 6724 6725
f 6726 6727 6728
f 6729 6730 6731
f 6732 6733 6734
f 6735 6736 6737
f 6738 6739 6740
f 6741 6742 6743
f 6744 6745 6746
f 6747 6748 6749
f 6750 6751 6752
f 6753 6754 6755
f 6756 6757 6758
f 6759 6760 6761
f 6762 6763 6764
f 6765 6766 6767
f 6768 6769 6770
f 6771 6772 6773
f 6774 6775 6776
f 6777 6778 6779
f 6780 6781 6782
f 6783 6784 6785
f 6786 6787 6788
f 6789 6790 6791
f 6792 6793 6794
f 6795 6796 6797
f 6798 6799 6800
f 6801 6802 6803
f 6804 6805 6783
f 6806 6807 6808
f 6809 6810 6811
f 6812 6813 6814
f 6815 6816 6817
f 6818 6819 6820
f 6821 6822 6823
f 6824 6825 6826
f 6827 6828 6829
f 6830 6831 6832
f 6833 6834 6835
f 6836 6827 6837
f 6838 6839 6840
f 6841 6842 6843
f 6844 6845 6846
f 6847 6848 6849
f 6850 6851 6852
f 6853 6854 6855
f 6856 6857 6858
f 6859 6860 6861
f 6862 6863 6864
f 6865 6866 6867
f 6868 6869 6870
f 6871 6872 6873
f 6874 6875 6876
f 6877 6878 6879
f 6880 6881 6882
f 6883 6884 6885
f 6886 6887 6888
f 6889 6890 6891
f 6892 6893 6894
f 6895 6896 6897
f 6898 6899 6900
f 6901 6902 6903
f 6904 6905 6906
f 6907 6908 6853
f 6909 6910 6911
f 6912 6913 6914
f 6915 6916 6917
f 6918 6919 6920
f 6921 6922 6923
f 6924 6925 6926
f 6927 6928 6929
f 6930 6931 6932
f 6933 6934 6935
f 6936 6937 6938
f 6939 6940 6941
f 6942 6943 6944
f 6945 6946 6947
f 6948 6949 6950
f 6951 6952 6953
f 6954 6955 6956
f 6957 6958 6959
f 6960 6961 6962
f 6963 6957 6964
f 6965 6966 6967
f 6968 6969 6970
f 6971 6972 6973
f 6974 6975 6976
f 6977 6978 6979
f 6980 6981 6982
f 6983 6984 6985
f 6986 6987 6988
f 6989 6990 6991
f 6992 6993 6994
f 6995 6996 6997
f 6998 6999 7000
f 7001 7002 7003
f 7004 7005 7006
f 7007 7008 7009
f 7010 7011 7012
f 7013 7014 7015
f 7016 7017 7018
f 7019 7020 7021
f 7022 7023 7024
f 7025 7026 7027
f 7028 7029 7030
f 7031 7032 7033
f 7034 7035 7036
f 7037 7038 7039
f 7040 7041 7042
f 7043 7044 7045
f 7046 7047 7048
f 7049 7050 7051
f 7052 7053 7054
f 7055 7056 7057
f 7058 7059 7060
f 7061 7062 7063
f 7064 7065 7066
f 7067 7068 7069
f 7070 7071 7072
f 7073 7074 7075
f 7076 7077 7078
f 7079 7080 7081
f 7082 7083 7084
f 7085 7086 7087
f 7088 7089 7090
f 7091 7092 7093
f 7094 7095 7096
f 7097 7098 7099
f 7100 7101 7102
f 7103 7104 7105
f 7106 7107 7108
f 7109 7110 7111
f 7112 7113 7114
f 7115 7116 7117
f 7118 7119 7120
f 5305 7121 7122
f 7123 7094 7124
f 7125 7126 7091
f 7084 7127 7128
f 7129 7130 7131
f 7132 7133 7077
f 7134 7135 7074
f 7136 7137 7138
f 7139 7140 7141
f 7054 7142 7143
f 7143 7142 7046
f 7144 7040 7145
f 7146 7047 7147
f 7148 7149 7150
f 7151 7152 7153
f 7154 7155 7156
f 7157 7158 7159
f 7160 7161 7162
f 7163 7164 7165
f 7166 7167 7168
f 7169 7170 7171
f 7172 7173 7174
f 7175 7176 7177
f 7178 7179 7180
f 7181 7182 7183
f 7184 7185 7186
f 7187 7188 7189
f 7190 7191 7192
f 7193 7194 7195
f 7196 7197 7198
f 7199 7200 7201
f 7202 7203 7204
f 7205 7206 7207
f 7208 7209 7210
f 7211 7212 7213
f 7214 7215 7216
f 7217 7218 7219
f 7220 7221 7222
f 7223 7224 7225
f 7226 7227 7228
f 7229 7230 7231
f 7232 7233 7234
f 7235 7236 7237
f 7238 7239 7240
f 7241 7242 7243
f 7244 7245 7246
f 7247 7241 7248
f 7249 7250 7251
f 7252 7253 7254
f 7255 7256 7257
f 7258 7259 7260
f 7261 7262 7263
f 7264 7265 7266
f 7267 7268 7269
f 7270 7271 7272
f 7273 7233 7274
f 7275 7205 7276
f 7277 7278 7279
f 7280 7281 7282
f 7283 7284 7285
f 7286 7287 7288
f 7289 7290 7291
f 7292 7293 7294
f 7295 7296 7297
f 7298 7299 7300
f 7301 7302 7303
f 7304 7305 7306
f 7307 7308 7309
f 7310 7311 7312
f 7313 7314 7315
f 7316 7317 7318
f 7312 7319 7320
f 7321 7322 7323
f 7324 7325 7326
f 7327 7328 7329
f 7330 7331 7332
f 7333 7334 7335
f 7336 7337 7338
f 7339 7340 7341
f 7342 7343 7344
f 7345 7346 7347
f 7348 7349 7350
f 7351 7261 7352
f 7353 7354 7355
f 7356 7357 7358
f 7359 7360 7361
f 7362 7363 7364
f 7365 7366 7367
f 7368 7369 7370
f 7371 7372 7373
f 7374 7375 7376
f 7377 7378 7379
f 7380 7381 7382
f 7383 7384 7385
f 7386 7387 7388
f 7389 7390 7391
f 7392 7393 7394
f 7395 7396 7397
f 7398 7399 7400
f 7401 7402 7403
f 7404 7405 7406
f 7407 7408 7409
f 7410 7411 7412
f 7413 7414 7415
f 7416 7417 7418
f 7419 7420 7421
f 7422 7423 7424
f 7425 7426 7427
f 7428 7429 7430
f 7431 7432 7433
f 7434 7435 7436
f 7437 7438 7439
f 7440 7441 7442
f 7443 7444 7445
f 7446 7447 7448
f 7449 7450 7451
f 7452 7453 7454
f 7455 7456 7457
f 7458 7459 7460
f 7461 7462 7463
f 7464 7465 7466
f 7467 7468 7469
f 7470 7471 7472
f 7473 7474 7475
f 7476 7477 7478
f 7479 7480 7481
f 7482 7483 7484
f 7485 7486 7476
f 7469 7468 7487
f 7488 7489 7490
f 7491 7460 7492
f 7493 6544 7494
f 7495 7496 7497
f 7498 7499 7500
f 7501 7502 7503
f 7504 7505 7506
f 7507 7508 7509
f 7510 7511 7512
f 7513 7514 7515
f 7516 7517 7518
f 7519 7520 7521
f 7522 7523 7524
f 7525 7526 7527
f 7528 7529 7530
f 7531 7532 7533
f 7534 7535 7536
f 7537 7538 7539
f 7540 7541 7542
f 7543 7544 7545
f 7546 7547 7548
f 7549 7550 7543
f 7551 7552 7553
f 7554 7555 7552
f 7556 7557 7558
f 7559 7560 7561
f 7562 7563 7564
f 7565 7566 7567
f 7568 7569 7570
f 7571 7572 7562
f 7573 7574 7575
f 7576 7577 7578
f 7579 7580 7581
f 7582 7583 7584
f 7585 7586 7587
f 7588 7589 7590
f 7591 7592 7593
f 7594 7595 7596
f 7597 7598 7599
f 7600 7601 7602
f 7603 7604 7605
f 7606 7607 7608
f 7609 7610 7611
f 7612 7613 7614
f 7615 7616 7617
f 7618 7619 7620
f 7621 7622 7623
f 7624 7625 7626
f 7627 7628 7629
f 7630 7631 7632
f 7633 7634 7635
f 7636 7617 7637
f 7638 7639 7640
f 7641 7642 7643
f 7644 7645 7646
f 7647 7648 7649
f 7650 7651 7652
f 7653 7654 7655
f 7656 7657 7641
f 7658 7659 7660
f 7661 7662 7659
f 7663 7664 7665
f 7666 7667 7668
f 7669 7670 7671
f 7672 7673 7674
f 7675 7676 7677
f 7678 7679 7680
f 7681 7682 7683
f 7684 7685 7686
f 7687 7686 7688
f 7689 7690 7691
f 7692 7693 7694
f 7695 7696 7697
f 7698 7699 7700
f 7701 7702 7703
f 7704 7705 7706
f 7707 7708 7709
f 7710 7711 7712
f 7713 7714 7708
f 7715 7716 7717
f 7718 7689 7719
f 7720 7721 7722
f 7719 7723 7724
f 7725 7726 7727
f 7728 7729 7730
f 7731 7732 7733
f 7734 7735 7736
f 7737 7738 7739
f 7740 7741 7742
f 7743 7744 7745
f 7746 7747 7748
f 7749 7750 7751
f 7752 7753 7754
f 7755 7756 7757
f 7758 7759 7760
f 7761 7762 7763
f 7764 7765 7766
f 7767 7768 7769
f 7770 7771 7772
f 7773 7774 7775
f 7776 7777 7778
f 7779 7780 7781
f 7782 7783 7784
f 7785 7786 7787
f 7788 7789 7790
f 7791 7792 7793
f 7794 7795 7796
f 7797 7798 7799
f 7800 7801 7802
f 7803 7804 7805
f 7806 7807 7808
f 7809 7810 7811
f 7812 7813 7814
f 7815 7816 7817
f 7818 7819 7820
f 7821 7822 7823
f 7824 7825 7826
f 7827 7828 7829
f 7830 7831 7832
f 7833 7834 7835
f 7836 7837 7838
f 7839 7840 7841
f 7842 7843 7844
f 7845 7846 7847
f 7848 7849 7850
f 7851 7852 7853
f 7854 7855 7856
f 7857 7858 7859
f 7860 7861 7862
f 7863 7864 7865
f 7866 7867 7868
f 7869 7870 7871
f 7872 7873 7874
f 7875 7876 7877
f 7878 7879 7880
f 7881 7882 7883
f 7884 7885 7886
f 7887 7888 7889
f 7890 7891 7892
f 7893 7894 7895
f 7896 7897 7898
f 7899 7900 7901
f 7902 7903 7904
f 7905 7906 7907
f 7908 7909 7910
f 7911 7912 7913
f 7914 7915 7916
f 7917 7918 7919
f 7920 7921 7922
f 7923 7924 7925
f 7926 7927 7928
f 7929 7930 7931
f 7932 7928 7933
f 7934 7935 7936
f 7937 7938 7939
f 7940 7941 7942
f 7943 7944 7945
f 7946 7937 7947
f 7948 7949 7950
f 7951 7952 7953
f 7954 7955 7956
f 7957 7958 7959
f 7960 7961 7962
f 7963 7964 7965
f 7966 7907 7967
f 7968 7969 7970
f 7971 7972 7973
f 7974 7975 7976
f 7977 7978 7979
f 7980 7981 7982
f 7983 7984 7985
f 7986 7987 7988
f 7989 7990 7991
f 7992 7993 7900
f 7994 7995 7996
f 7997 7998 7999
f 8000 8001 8002
f 8003 8004 8005
f 8006 8007 8008
f 8009 8010 8011
f 8012 8013 8014
f 8015 8016 8017
f 8018 8019 8020
f 8021 8022 8023
f 8024 8025 8026
f 8027 8028 8029
f 8030 8031 8032
f 8033 8034 8035
f 8036 8037 8038
f 8039 8040 8041
f 8042 8043 8044
f 8045 8046 8047
f 8048 8049 8050
f 8051 8052 8053
f 8054 8055 8056
f 8057 8058 8059
f 8060 8054 8061
f 8062 8063 8064
f 8065 8066 8067
f 8068 8069 8070
f 8071 8072 8073
f 8074 8075 8076
f 8077 8078 8079
f 8080 8081 8082
f 8083 8084 8085
f 8086 8087 8088
f 8089 8090 8091
f 8092 8093 8094
f 8095 8096 8097
f 8098 8099 8100
f 8101 8102 8103
f 8104 8105 8106
f 8107 8108 8109
f 8110 8111 8112
f 8113 8114 8115
f 8116 8117 8118
f 8119 8120 8121
f 8122 8123 8124
f 8125 8126 8127
f 8128 8129 8130
f 8131 8132 8133
f 8134 8135 8136
f 8137 8138 8139
f 8140 8141 8142
f 8143 8144 8145
f 8146 8147 8148
f 8149 8150 8151
f 8152 8153 8154
f 8155 8156 8157
f 8158 8159 8092
f 8157 8160 8161
f 8162 8163 8164
f 8165 8166 8167
f 8168 8169 8170
f 8171 8172 8173
f 8174 8175 8176
f 8177 8178 8179
f 8180 8181 8182
f 8183 8184 8185
f 8186 8065 8187
f 8188 8189 8190
f 8191 8185 8192
f 8193 8194 8195
f 8196 8197 8198
f 8199 8200 8201
f 8202 8203 8204
f 8205 8206 8207
f 8208 8209 8172
f 8210 8211 8212
f 8213 8214 8215
f 8216 8217 8218
f 8219 8210 8220
f 8221 8222 8223
f 8224 8225 8226
f 8227 8228 8229
f 8230 8231 8232
f 8233 8234 8235
f 8236 8237 8238
f 8239 8240 8241
f 8242 8243 8244
f 8245 8246 8247
f 8248 8249 8250
f 8251 8252 8253
f 8254 8255 8256
f 8257 8258 8259
f 8260 8261 8262
f 8263 8264 8265
f 8266 8267 8268
f 8269 8270 8271
f 8272 8273 8274
f 8275 8276 8277
f 8278 8279 8280
f 8281 8282 8283
f 8284 8285 8286
f 8287 8288 8289
f 8290 8291 8292
f 8293 8294 8295
f 8296 8297 8298
f 8299 8300 8301
f 8302 8303 8304
f 8305 8306 8307
f 8308 8309 8310
f 8311 8312 8313
f 8314 8315 8316
f 8317 8318 8319
f 8320 8321 8322
f 8323 8324 8325
f 8326 8327 8328
f 8329 8330 8331
f 8332 8333 8334
f 8335 8336 8337
f 8338 8339 8340
f 8341 8342 8343
f 8344 8345 8346
f 8347 8322 8348
f 8349 8345 8344
f 8350 8351 8352
f 8353 8354 8355
f 8356 8357 8358
f 8359 8360 8361
f 8362 8363 8364
f 8365 8366 8367
f 8368 8369 8370
f 8371 8372 8373
f 8374 8375 8376
f 8377 8378 8379
f 8380 8381 8382
f 8383 8384 8385
f 8386 8387 8388
f 8389 8390 8391
f 8392 8393 8394
f 8395 8396 8397
f 8398 8399 8400
f 8401 8402 8403
f 8404 8405 8406
f 8407 8408 8409
f 8410 8411 8412
f 8405 8413 8414
f 8415 8416 8417
f 8418 8419 8420
f 8421 8422 8423
f 8424 8425 8426
f 8427 8428 8429
f 8430 8431 8432
f 8433 8434 8435
f 8436 8437 8438
f 8439 8440 8441
f 8442 8443 8444
f 8445 8446 8447
f 8448 8449 8450
f 8451 8452 8453
f 8454 8455 8456
f 8457 8458 8459
f 8460 8461 8462
f 8463 8464 8465
f 8466 8467 8468
f 8469 8470 8471
f 8472 8473 8474
f 8475 8476 8477
f 8478 8479 8480
f 8481 8482 8483
f 8484 8485 8486
f 8487 8488 8489
f 8490 8491 8492
f 8493 8494 8495
f 8496 8497 8498
f 8499 8500 8501
f 8502 8503 8504
f 8505 8506 8507
f 8508 8509 8510
f 8511 8512 8513
f 8514 8515 8516
f 8517 8518 8519
f 8520 8521 8522
f 8523 8524 8525
f 8526 8527 8528
f 8529 8530 8531
f 8532 8533 8534
f 8535 8526 8536
f 8537 8538 8539
f 8540 8541 8542
f 8543 8544 8545
f 8546 8547 8548
f 8549 8550 8551
f 8552 8553 8554
f 8555 8556 8557
f 8558 8559 8560
f 8561 8562 8563
f 8564 8565 8566
f 8567 8568 8569
f 8570 8571 8564
f 8572 8573 8574
f 8575 8576 8577
f 8578 8579 8580
f 8581 8582 8583
f 8584 8585 8586
f 8587 8588 8589
f 8590 8591 8592
f 8593 8594 8595
f 8596 8597 8598
f 8599 8600 8601
f 8602 8603 8604
f 8605 8606 8607
f 8608 8609 8610
f 8611 8612 8613
f 8614 8615 8616
f 8617 8615 8618
f 8619 8620 8621
f 8622 8623 8624
f 8625 8626 8627
f 8628 8629 8630
f 8631 8632 8633
f 8634 8635 8636
f 8637 8638 8639
f 8640 8641 8642
f 8643 8644 8645
f 8646 8647 8648
f 8649 8650 8651
f 8652 8653 8654
f 8655 8656 8657
f 8658 8659 8660
f 8661 8662 8663
f 8664 8665 8666
f 8667 8668 8669
f 8670 8671 8672
f 8673 8674 8675
f 8676 8677 8678
f 8679 8680 8681
f 8682 8683 8684
f 8685 8686 8687
f 8688 8689 8690
f 8691 8692 8686
f 8693 8694 8690
f 8695 8696 8697
f 8698 8699 8700
f 8701 8702 8703
f 8704 8705 8706
f 8707 8701 8703
f 8708 8709 8710
f 8711 8649 8712
f 8713 8714 8704
f 8715 8716 8717
f 8718 8719 8720
f 8721 8645 8722
f 8622 8723 8623
f 8724 8725 8726
f 8727 8728 8729
f 8728 8730 8729
f 8731 8732 8733
f 8734 8735 8736
f 8737 8738 8739
f 8740 8741 8742
f 8743 8744 8745
f 8746 8747 8748
f 8749 8750 8751
f 8752 8753 8754
f 8755 8756 8757
f 8758 8759 8760
f 8761 8762 8763
f 8764 8765 8766
f 8767 8768 8769
f 8770 8771 8772
f 8773 8774 8775
f 8768 8776 8777
f 8778 8779 8771
f 8759 8780 8781
f 8782 8750 8749
f 8783 8784 8785
f 8786 8787 8788
f 8789 8790 8791
f 8792 8793 8794
f 8795 8796 8797
f 8798 8799 8800
f 8801 8802 8803
f 8804 8805 8800
f 8806 8807 8808
f 8809 8810 8811
f 8812 8813 8814
f 8815 8816 8817
f 8818 8819 8820
f 8821 8822 8823
f 8824 8825 8826
f 8827 8828 8829
f 8830 8831 8832
f 8833 8834 8835
f 8836 8837 8838
f 8839 8840 8841
f 8842 8843 8844
f 8845 8846 8847
f 8848 8849 8850
f 8851 8852 8853
f 8854 8855 8856
f 8857 8858 8859
f 8860 8861 8862
f 8863 8827 8864
f 8865 8866 8867
f 8868 8869 8870
f 8871 8872 8873
f 8874 8875 8876
f 8877 8878 8879
f 8880 8881 8882
f 8883 8884 8885
f 8886 8887 8888
f 8889 8890 8891
f 8892 8893 8894
f 8895 8896 8897
f 8898 8899 8900
f 8901 8902 8903
f 8904 8905 8906
f 8907 8908 8909
f 8910 8911 8912
f 8913 8914 8915
f 8916 8917 8918
f 8919 8920 8921
f 8922 8923 8924
f 8925 8919 8926
f 8927 8928 8916
f 8929 8930 8931
f 8932 8933 8934
f 8935 8936 8937
f 8938 8939 8940
f 8941 8942 7359
f 8943 8944 8939
f 8945 8946 8947
f 8948 8949 8950
f 8951 8952 8953
f 8954 8955 8956
f 8957 8958 8959
f 8960 8961 8962
f 8963 8964 8965
f 8966 8967 8968
f 8969 8970 8971
f 8972 8973 8974
f 8975 8976 8977
f 8978 8979 8980
f 8981 8982 8983
f 8984 8985 8986
f 8987 8988 8989
f 8990 8991 8992
f 8993 8994 8995
f 8996 8997 8998
f 8999 9000 9001
f 9002 9003 9004
f 9005 9006 9007
f 9008 9009 9010
f 9011 9012 9013
f 9014 9015 9016
f 9017 9018 9019
f 9020 9021 9022
f 9023 9019 9024
f 9025 9026 9027
f 9028 9029 9030
f 9031 9032 9033
f 9034 9035 9036
f 9037 9038 9039
f 9040 9041 9042
f 9043 9044 9045
f 9046 9047 9048
f 9049 9050 9051
f 9052 9053 9054
f 9055 9056 9057
f 9058 9059 9060
f 9061 9062 9063
f 9064 9065 9066
f 9067 9068 9069
f 9070 9071 9072
f 9073 9074 9075
f 9076 9077 9078
f 9079 9080 9081
f 9082 9083 9084
f 9085 9086 9087
f 9088 9089 9090
f 9091 9092 9093
f 9086 9094 9095
f 9096 9097 9098
f 9099 9100 9101
f 9102 9103 9104
f 9105 9106 9107
f 9108 9109 9110
f 9111 9112 9113
f 9114 9115 9116
f 9117 9118 9119
f 9120 9121 9122
f 9104 9123 9124
f 9125 9126 9127
f 9128 9129 9130
f 9131 9132 9133
f 9134 9135 9136
f 9137 9138 9139
f 9140 9141 9100
f 9142 9143 9144
f 9145 9146 9147
f 9148 9149 9150
f 9151 9152 9153
f 9154 9155 9156
f 9157 9158 9159
f 9160 9161 9162
f 9163 9164 9165
f 9166 9167 9168
f 9169 9170 9171
f 9172 9173 9174
f 9175 9176 9177
f 9178 9179 9180
f 9180 9181 9182
f 9183 9184 9185
f 9186 9187 9188
f 9189 9165 9190
f 9191 9192 9193
f 9194 9195 9196
f 9197 9198 9199
f 9200 9201 9202
f 9203 9204 9205
f 9206 9207 9208
f 9209 9210 9211
f 9212 9213 9214
f 9215 9216 9217
f 9218 9219 9220
f 9221 9222 9223
f 9224 9225 9226
f 9227 9228 9229
f 9220 9230 9231
f 9232 9233 9206
f 9234 9235 9236
f 9237 9238 9239
f 9240 9241 9242
f 9243 9244 9245
f 9246 9247 9248
f 9249 9250 9251
f 9252 9253 9254
f 9255 9256 9257
f 9258 9259 9260
f 9261 9262 9263
f 9264 9265 9266
f 9267 9268 9269
f 9270 9271 9272
f 9273 9274 9275
f 9276 9277 9278
f 9279 9280 9281
f 9282 9148 9283
f 9284 9285 9286
f 9287 9288 9289
f 9290 9291 9292
f 9293 9294 9295
f 9296 9297 9298
f 9299 9300 9296
f 9301 9302 9303
f 9304 9305 9306
f 9307 9308 9309
f 9310 9311 9312
f 9313 9314 9315
f 9316 9317 9318
f 9319 9320 9321
f 9322 9323 9324
f 9325 9326 9327
f 9328 9329 9330
f 9331 9332 9333
f 9334 9335 9336
f 9337 9338 9339
f 9340 9341 9342
f 9343 9344 9345
f 9346 9347 9348
f 9349 9350 9351
f 9352 9353 9354
f 9355 9356 9357
f 9358 9359 9360
f 9361 9362 9363
f 9364 9365 9366
f 9367 9368 9369
f 9370 9371 9372
f 9373 9374 9375
f 9376 9377 9378
f 9379 9380 9381
f 9382 9383 9384
f 9385 9386 9387
f 9388 9389 9390
f 9391 9392 9393
f 9394 9395 9396
f 9397 9398 9399
f 9400 9401 9402
f 9403 9404 9405
f 9406 9407 9408
f 9409 9312 9410
f 9411 9412 9413
f 9414 9415 9416
f 9417 9418 9419
f 9420 9421 9422
f 9423 9424 9425
f 9426 9427 9428
f 9429 9430 9431
f 9432 9433 9434
f 9435 9436 9437
f 9438 9439 9440
f 9441 9442 9443
f 9444 9445 9446
f 9447 9448 9449
f 9450 9451 9452
f 9453 9454 9455
f 9456 9457 9458
f 9459 9460 9461
f 9462 9463 9464
f 9465 9466 9467
f 9468 9469 9470
f 9471 9472 9473
f 9474 9475 9476
f 9477 9478 9479
f 9480 9481 9482
f 9483 9484 9485
f 9486 9487 9488
f 9489 9490 9491
f 9492 9493 9494
f 9495 9496 9497
f 9498 9499 9500
f 9501 9502 9503
f 9504 9505 9506
f 9507 9508 9509
f 9510 9511 9512
f 9513 9514 7168
f 9515 9516 9517
f 9518 9519 9520
f 9521 9522 9523
f 9524 9525 9526
f 9527 9528 9529
f 9530 9531 9532
f 9533 9534 9535
f 9536 9537 9538
f 9539 9540 9541
f 9542 9543 9544
f 9545 9546 9547
f 9548 9549 9550
f 9551 9552 9553
f 9554 9555 9556
f 9557 9558 9559
f 9560 9561 9562
f 9563 9560 9564
f 9565 9566 9567
f 9568 9569 9570
f 9571 9572 9573
f 9567 9574 9575
f 9576 9577 9578
f 9579 9580 9581
f 9582 9583 9584
f 9585 9586 9587
f 9588 9589 9590
f 9591 9592 9593
f 9594 9595 9596
f 9597 9598 9599
f 9600 9601 9602
f 9603 9604 9605
f 9606 9607 9608
f 9609 9610 9611
f 9612 9613 9614
f 9615 9616 9617
f 9616 9618 9619
f 9620 9621 9622
f 9623 9624 9594
f 9576 9625 9577
f 9626 9627 9628
f 9629 9630 9625
f 9561 9631 9562
f 9632 9633 9634
f 9635 9632 9634
f 9636 9637 9638
f 9639 9640 9641
f 9642 9643 9644
f 9645 9646 9647
f 9648 9649 9650
f 9651 9652 9653
f 9654 9655 9656
f 9657 9658 9659
f 9660 9661 9662
f 9663 9664 9665
f 9666 9667 9668
f 9669 9670 9671
f 9672 9673 9674
f 9675 9676 9677
f 9678 9679 9680
f 9681 9682 9683
f 9684 9685 9686
f 9687 9688 9689
f 9690 9691 9692
f 9693 9694 9695
f 9696 9697 9698
f 9699 9700 9701
f 9702 9703 9704
f 9705 9706 9707
f 9708 9709 9710
f 9711 9712 9713
f 9714 9715 9716
f 9717 9718 9719
f 9720 9721 9722
f 9723 9724 9725
f 9726 9727 9728
f 9729 9730 9731
f 9732 9733 9734
f 9735 9736 9737
f 9738 9739 9740
f 9741 9742 9743
f 9744 9745 9746
f 9747 9748 9749
f 9750 9751 9752
f 9753 9754 9755
f 9756 9757 9758
f 9759 9760 9761
f 9762 9763 9764
f 9765 9766 9767
f 9768 9769 9770
f 9761 9771 9772
f 9773 9768 9774
f 9775 9776 9777
f 9778 9779 9780
f 9781 9782 9783
f 9784 9785 9786
f 9787 9788 9789
f 9790 9791 9792
f 9793 9794 9795
f 9796 9797 9798
f 9799 9800 9801
f 9802 9803 9804
f 9805 9806 9807
f 9808 9809 9810
f 9811 9812 9813
f 9814 9815 9816
f 9817 9818 9819
f 9820 9821 9815
f 9822 9823 9824
f 9825 9826 9827
f 9828 9829 9830
f 9831 9832 9833
f 9834 9835 9836
f 9837 9838 9839
f 9840 9841 9842
f 9843 9844 9845
f 9846 9847 9848
f 9849 9850 9851
f 9852 9853 9854
f 9855 9856 9857
f 9858 9859 9860
f 9861 9862 9863
f 9864 9865 9866
f 9867 9868 9869
f 9870 9871 9872
f 9873 9874 9875
f 9876 9877 9878
f 9879 9880 9881
f 9882 9883 9884
f 9885 9886 9887
f 9874 9888 9889
f 9890 9891 9892
f 9893 9894 9895
f 9896 9750 9897
f 9898 9899 9900
f 9901 9902 9903
f 9904 9905 9906
f 9907 9897 9908
f 9909 9910 9911
f 9912 9913 9914
f 9915 9916 9917
f 9918 9919 9920
f 9921 9922 9923
f 9924 9925 9926
f 9927 9928 9929
f 9930 9931 9932
f 9933 9934 9935
f 9936 9937 9938
f 9939 9940 9941
f 9941 9942 9943
f 9944 9945 9946
f 9947 9948 9921
f 9949 9950 9951
f 9952 9953 9954
f 9955 9918 9956
f 9957 9958 9959
f 9960 9961 9962
f 9963 9964 9965
f 9966 9967 9968
f 9969 9970 9927
f 9923 9971 9972
f 9973 9974 9975
f 9976 9977 9978
f 9979 9980 9981
f 9982 9983 9984
f 9985 9986 9987
f 9988 9989 9990
f 9982 9991 9983
f 9992 9993 9994
f 9906 9995 9996
f 9997 9998 9999
f 10000 10001 10002
f 10003 9894 9893
f 10004 10005 10006
f 10007 10008 10009
f 10010 10011 10012
f 10013 10014 10015
f 10016 10017 10018
f 10019 10020 10021
f 10022 10023 10024
f 10025 10026 10027
f 10028 10029 10030
f 10031 10032 8416
f 10033 10034 10035
f 10036 9964 9963
f 10037 10038 10039
f 10040 10041 10037
f 10042 10043 10044
f 10045 10046 10047
f 10048 10049 10050
f 9801 10051 9270
f 10052 10053 10054
f 10055 10056 10057
f 10058 10059 10060
f 10061 9815 9821
f 9812 10062 9813
f 10063 10064 10065
f 10066 10067 10068
f 10051 9800 10069
f 10070 10071 9793
f 10072 9277 10073
f 10074 10075 10076
f 10077 10078 10079
f 10080 10081 10082
f 10083 10084 10085
f 10086 10087 10088
f 10089 10090 10091
f 10092 10093 10094
f 10095 10096 10097
f 10098 10099 10100
f 10101 10102 10103
f 10104 10105 10101
f 10106 10107 10108
f 10109 10107 10110
f 10111 10112 10113
f 10114 10115 10116
f 10117 10118 10119
f 10120 10117 10119
f 10121 10122 10123
f 10124 10125 10126
f 10127 10128 10121
f 10129 10130 10131
f 10132 10133 10134
f 10135 10136 10137
f 10138 10139 10140
f 10141 10142 10143
f 10091 10090 10144
f 10145 10146 10147
f 10148 9999 10149
f 10150 10151 10087
f 10152 10153 10154
f 10155 10156 10157
f 9757 10158 10159
f 10160 10161 10162
f 10163 10164 10165
f 10166 9747 10167
f 10168 9733 10169
f 9730 10170 10171
f 10172 10173 9724
f 10174 10175 10176
f 10177 10178 10179
f 10180 10181 9702
f 10182 10183 10184
f 10185 9687 10186
f 9688 10187 10188
f 10189 10190 10191
f 10192 10193 10194
f 9698 10195 9668
f 10196 10197 9673
f 10198 10199 10200
f 9645 10201 10202
f 10203 7015 10204
f 10205 10206 10207
f 9541 10208 10209
f 9545 10210 10211
f 10212 10213 9548
f 10214 9529 9528
f 10215 9510 10216
f 10217 10218 10219
f 9505 10220 10221
f 10222 10223 10224
f 10225 10226 10227
f 10228 9461 10229
f 9453 10230 10231
f 10232 10233 10234
f 9446 10235 10236
f 9442 10237 9443
f 10238 10239 10240
f 10241 10242 10243
f 10244 10245 10246
f 10247 10248 10249
f 10250 10251 9420
f 10252 9414 10253
f 10243 10242 10254
f 10255 9402 10256
f 10257 10258 10259
f 10260 10261 10262
f 9367 10263 10264
f 10265 10266 10267
f 10265 10268 10266
f 10267 10269 10270
f 10271 10272 9364
f 10273 10274 10275
f 10276 10277 10278
f 10279 10280 10281
f 10282 9345 10283
f 10284 10285 10286
f 9335 10287 10288
f 9314 10289 10290
f 10291 9314 9313
f 10292 10293 10294
f 10295 10296 9302
f 10297 9296 10298
f 10299 10300 10301
f 10302 10303 10304
f 10305 9145 10306
f 10307 10308 10309
f 10310 10311 10312
f 10313 9267 9269
f 10314 10315 10316
f 10317 10318 10319
f 10320 10321 9828
f 10322 10323 10324
f 10325 10326 10327
f 10328 9256 9255
f 10329 10330 10331
f 10332 10333 10334
f 10335 10336 9175
f 10337 10338 9169
f 10339 10340 10341
f 10342 9157 10343
f 10344 10345 10346
f 10307 10347 10348
f 9143 10349 10350
f 10351 10352 9135
f 10353 10354 10355
f 9125 9127 10356
f 10357 10358 10359
f 9116 10360 10361
f 10362 10363 10364
f 10365 10366 10367
f 10368 9090 10369
f 10370 10371 9085
f 10372 10373 10374
f 9081 9077 9076
f 9075 10375 9073
f 10376 10377 10378
f 9064 10379 10380
f 10381 10382 10383
f 10384 10385 10386
f 10387 10388 9376
f 9042 10389 10390
f 10391 10392 10393
f 10394 10395 10396
f 10397 10398 10399
f 10400 9016 10401
f 10402 10403 10404
f 10405 10406 10407
f 10408 10409 8996
f 10410 10411 10412
f 9021 10413 9022
f 10414 8984 10415
f 10416 10417 10418
f 10419 10420 10421
f 10422 10423 10424
f 10425 10426 10427
f 10428 10429 10430
f 10431 10432 10433
f 10434 10435 10436
f 10437 10438 10439
f 10440 10441 10442
f 10443 10444 10445
f 10446 10447 10448
f 8924 10449 10450
f 10451 10452 8913
f 10453 10454 10455
f 10456 10457 10458
f 10459 10460 10461
f 10462 10463 10464
f 10465 10466 10467
f 10468 10469 10470
f 10471 10472 10473
f 10474 10475 10476
f 10477 10478 10479
f 10480 10481 10482
f 10483 10484 10485
f 10486 10487 10488
f 10489 10490 10491
f 10492 10491 10493
f 10494 10495 10496
f 10497 10498 10499
f 8865 10500 10501
f 10502 10503 10504
f 10505 10506 10507
f 10508 10509 10510
f 10511 10512 10513
f 10514 10515 10516
f 10517 10518 10519
f 10520 10521 10459
f 10454 10522 10523
f 10524 10525 10526
f 10527 10528 10529
f 8891 10530 10531
f 10532 10533 8893
f 10534 10535 10536
f 10537 10538 10539
f 10540 10541 10542
f 10543 10544 10545
f 10546 10547 10548
f 10549 10550 10551
f 10552 10553 10554
f 10555 10556 10557
f 10558 8836 10559
f 8826 10560 10561
f 10562 10563 10564
f 10565 10566 10567
f 10568 10569 10570
f 10571 10572 10573
f 10574 10489 10492
f 8793 10575 10576
f 10577 10578 8790
f 10579 10580 8742
f 10581 10582 10583
f 10584 10585 10586
f 10587 10588 10589
f 10590 10591 10592
f 8573 10593 10594
f 10595 10596 10597
f 10598 8532 10599
f 10600 10601 10602
f 10603 10604 10605
f 10606 8548 10607
f 10608 8540 10609
f 10610 10611 8561
f 10612 10613 10614
f 10615 8531 10616
f 10617 10582 10581
f 10618 10619 10620
f 8521 10621 10622
f 10623 10624 10625
f 10626 10627 10628
f 10629 10630 10631
f 10632 10633 10634
f 10635 10636 10637
f 10638 10631 10639
f 10640 10641 10642
f 10643 10644 10645
f 10646 10647 10648
f 10649 10650 10651
f 8488 10639 10652
f 10653 10654 7882
f 10655 10656 10657
f 10658 8474 10659
f 8463 10660 8464
f 10661 10662 10663
f 10664 10665 10666
f 10667 10668 10669
f 10670 10671 10672
f 10673 10674 8442
f 10675 10676 8436
f 10677 10678 8434
f 10679 10680 8425
f 10681 10682 10683
f 10684 10685 10686
f 10687 10688 10689
f 10690 10691 10692
f 10685 10693 10694
f 10695 8418 10696
f 10697 10698 10699
f 10700 8403 10701
f 8397 10702 10703
f 10704 8390 8389
f 10705 10706 8376
f 10707 10708 10709
f 10710 10711 10712
f 10713 10714 10715
f 10716 8353 10717
f 10718 10719 10720
f 10721 10722 10723
f 10724 10725 10726
f 10727 10728 10729
f 10730 10731 10732
f 8230 10733 10734
f 10735 10736 10737
f 10738 10739 10740
f 10741 10742 10743
f 8357 8299 8358
f 10744 8295 10745
f 10746 10747 10748
f 10749 8288 8287
f 10750 10751 10752
f 10753 10754 10755
f 10756 10757 10758
f 10759 8266 10760
f 10761 10757 10756
f 8257 10762 10763
f 10764 10765 7758
f 10766 10767 8239
f 10768 10769 8236
f 10770 10771 10772
f 10773 10774 10775
f 10776 10777 10778
f 10779 10780 8205
f 8205 8207 10779
f 10781 10782 10783
f 8197 10784 8198
f 10785 8192 10786
f 8184 10787 10788
f 10789 10790 10791
f 10792 10793 10794
f 10795 10796 10797
f 10798 10799 10800
f 10801 10802 10790
f 10803 10804 10805
f 8174 8176 10806
f 8209 10807 8172
f 10808 10809 10810
f 10811 10812 10813
f 10814 10815 10816
f 10817 10814 10816
f 10818 10819 10820
f 10821 10822 10823
f 10824 8235 10825
f 10826 8127 10827
f 10828 10829 10830
f 10831 10832 10833
f 10834 10835 10836
f 10837 10838 10839
f 10840 10841 10842
f 8086 10843 10844
f 10845 10846 10847
f 10848 8078 10849
f 10845 8073 8072
f 10850 10851 10852
f 10853 10854 10855
f 8094 8093 10856
f 10857 10858 10859
f 10860 10861 10862
f 10863 10864 10865
f 10866 10867 8052
f 10868 8033 10869
f 10870 10871 8022
f 10872 10873 8018
f 10874 10875 8012
f 10876 10877 10878
f 10879 8440 10880
f 10881 10882 10883
f 10884 10885 10886
f 10887 10888 10889
f 10890 10891 10892
f 10893 10894 10895
f 10896 10897 10898
f 10899 7974 7976
f 10900 10901 10902
f 10903 10904 10905
f 10906 10907 10908
f 10909 10910 10911
f 7925 7924 10912
f 7918 10913 10914
f 10915 10916 10917
f 10918 10919 10920
f 10921 10922 10923
f 7966 10924 7907
f 10925 7900 7899
f 10926 7895 10927
f 10928 10929 10930
f 10931 10932 7854
f 10933 10934 10935
f 10936 10937 10938
f 10939 10940 10941
f 10942 10943 10929
f 10944 10945 10946
f 10947 10948 10949
f 10950 10951 10952
f 10953 10954 10955
f 10956 7430 7867
f 7854 10957 7862
f 7848 10958 7849
f 7898 7897 10959
f 7840 7836 10960
f 7843 10961 7832
f 10962 10963 10964
f 10965 10966 10967
f 7823 10968 10969
f 10970 10971 10972
f 10973 10974 10975
f 10976 10977 10978
f 10979 10980 10981
f 10982 10983 10984
f 10985 10986 10987
f 10988 10989 10990
f 10991 10992 10993
f 10994 10995 10992
f 10996 10997 10998
f 10999 11000 11001
f 11002 11003 11004
f 11005 11006 11007
f 11008 11009 11010
f 11011 7766 11012
f 7760 11013 11014
f 11015 11016 11017
f 11018 11019 11020
f 11021 11022 7739
f 11023 11024 8276
f 11025 11026 11027
f 11028 11029 11030
f 11031 11032 7731
f 11033 11034 11035
f 11036 11037 11038
f 11039 7692 11040
f 11041 11042 11043
f 11044 11045 11046
f 11047 11048 11049
f 7665 7664 11050
f 11051 11052 11053
f 7654 7644 7646
f 11054 11055 11056
f 11057 11058 11059
f 11060 6655 11061
f 7617 11062 11063
f 7613 11064 11065
f 11066 11067 11068
f 11069 7676 11070
f 11071 11072 11073
f 11074 11075 11076
f 7590 11077 11078
f 11079 11002 11004
f 10993 11080 11081
f 11082 11083 11084
f 11085 7556 11086
f 11087 11088 11089
f 11090 11091 11092
f 7557 11093 7558
f 11094 11095 11096
f 11097 11098 11099
f 7518 11100 11101
f 11102 11103 11104
f 7509 11105 11106
f 11105 11107 11108
f 11109 11110 11111
f 11112 11113 7546
f 7461 7463 11114
f 10976 7445 10977
f 11115 11116 7442
f 11117 11118 11119
f 11120 11121 11122
f 11123 11124 11125
f 8483 11126 11127
f 11128 11129 11130
f 11131 11132 11133
f 11134 11135 11136
f 11137 11138 11139
f 11140 6487 11141
f 11142 11143 11144
f 11145 11146 11147
f 11148 6480 11149
f 11150 11151 11152
f 11153 11154 11155
f 11156 11157 11158
f 11159 11160 11161
f 11162 11163 11164
f 11165 11166 11167
f 11168 11169 11170
f 11171 11172 11173
f 11174 11175 11176
f 11177 11178 11179
f 11180 11181 11182
f 11183 11184 11185
f 11186 11187 11138
f 11188 11189 11190
f 11191 11192 11193
f 11194 11195 11196
f 11197 11198 11199
f 11200 11201 11202
f 11203 11204 11205
f 11206 11207 11208
f 11209 11210 11211
f 11212 11213 11214
f 11215 11216 11217
f 11218 11219 11220
f 11221 11222 11223
f 11224 11225 11226
f 11227 11228 11229
f 11230 11231 11232
f 11233 11234 11235
f 11236 11237 11238
f 11239 11240 11241
f 11242 11243 11244
f 11245 11246 11247
f 11239 11248 11249
f 11250 11251 11252
f 11253 11254 11255
f 11256 11257 11258
f 11259 11260 11261
f 11262 11250 11263
f 11264 11265 11266
f 11267 11268 11269
f 11270 11271 11272
f 11273 11274 11275
f 11276 11277 11278
f 11279 11280 11281
f 11282 11283 11284
f 11285 11286 11287
f 11288 11289 11290
f 11291 11292 11293
f 11294 11295 11296
f 11297 11298 11299
f 11300 11301 11302
f 11303 11304 11305
f 11306 11307 11308
f 11309 11310 11311
f 11312 11313 11314
f 11315 11316 11317
f 11318 11319 11320
f 11321 11322 11323
f 11324 11325 11326
f 11327 11328 11329
f 11330 11331 11332
f 11333 11334 11335
f 11336 11337 11306
f 11338 11339 11340
f 11341 11342 11343
f 11344 11345 11346
f 11347 11348 11349
f 11350 11351 11352
f 11353 11354 11355
f 11356 11357 11358
f 11359 11360 11361
f 11362 11363 11364
f 11365 11366 11367
f 11368 11369 11370
f 11371 11372 11373
f 11374 11375 11376
f 11377 11378 11379
f 11380 11381 11382
f 11383 11384 11385
f 11386 11387 11388
f 11389 11390 11391
f 11392 11393 11394
f 11395 11396 11397
f 11398 11399 11400
f 11401 11402 11403
f 11404 11405 11406
f 11407 11408 11409
f 11410 11411 11412
f 11413 11414 11415
f 11416 11417 11418
f 11419 11420 11421
f 11422 11423 11424
f 11425 11426 11427
f 11428 11429 11430
f 11431 11432 11433
f 11434 11435 11436
f 11437 11438 11439
f 11440 11441 11442
f 11443 11444 11445
f 11446 11447 11448
f 11449 11450 11451
f 11452 11453 11454
f 11455 11456 11457
f 11458 11459 11460
f 11461 11462 11463
f 11464 11465 11466
f 11467 11468 11469
f 11470 11471 11472
f 11473 11474 11475
f 11476 11477 11478
f 11479 11480 11481
f 11482 11483 11484
f 11485 11486 11487
f 11488 11489 11490
f 11491 11492 11493
f 11494 11495 11496
f 11497 11498 11499
f 11500 11501 11502
f 11503 11504 11505
f 11506 11507 11508
f 11509 11510 11511
f 11512 11513 11514
f 11515 11516 11517
f 11518 11519 11520
f 11521 11522 11523
f 11524 11525 11526
f 11527 11528 11524
f 11529 11530 11531
f 11532 11533 11534
f 11535 11536 11537
f 11538 11539 11540
f 11541 11542 11543
f 11544 11545 11546
f 11547 11548 11549
f 11550 11551 11552
f 11553 11554 11555
f 11556 11557 11558
f 11559 11560 11561
f 11562 11563 11564
f 11565 11566 11567
f 11568 11569 11570
f 11571 11572 11573
f 11574 11575 11576
f 11577 11578 11579
f 11301 11580 11581
f 11582 11583 11584
f 11300 11585 11586
f 11587 11588 11589
f 11590 11591 11592
f 11593 11594 11595
f 11596 11597 11598
f 11599 11600 11601
f 11602 11603 11604
f 11605 11606 11607
f 11608 11609 11610
f 11611 11612 11613
f 11614 11615 11616
f 11617 11618 11619
f 11620 11621 11622
f 11623 11624 11625
f 11626 11627 11628
f 11629 11630 11631
f 11632 11633 11634
f 11635 11636 11637
f 11638 11639 11640
f 11641 11642 11270
f 11643 11644 11645
f 11646 11647 11648
f 11649 11650 11651
f 11652 11653 11654
f 11655 11656 11657
f 11658 11659 11660
f 11661 11662 11663
f 11664 11665 11659
f 11666 11650 11667
f 11668 11669 11670
f 11671 11672 11673
f 11674 11675 11676
f 11677 11678 11679
f 11680 11681 11682
f 11683 11677 11684
f 11685 11686 11687
f 11688 11689 11690
f 11691 11692 11693
f 11694 11695 11696
f 11697 11698 11699
f 11700 11701 11702
f 11703 11704 11705
f 11706 11707 11708
f 11709 11710 11711
f 11712 11713 11714
f 11715 11709 11716
f 11717 11718 11719
f 11720 11721 11722
f 11723 11724 11725
f 11726 11727 11728
f 11729 11730 11688
f 11731 11732 11733
f 11734 11735 11736
f 11737 11738 11739
f 11740 11741 11742
f 11743 11744 11745
f 11746 11686 11747
f 11748 11749 11750
f 11751 11752 11753
f 11682 11681 11754
f 11755 11756 11757
f 11758 11759 11760
f 11666 5910 11761
f 11762 11763 11764
f 11765 11766 11767
f 11768 11769 11770
f 11771 11772 11773
f 11774 11775 11776
f 11770 11769 11777
f 11778 11629 11631
f 11779 11628 11780
f 11781 11782 11783
f 11630 11784 11785
f 11786 11787 11788
f 11789 11790 11791
f 11792 11793 11794
f 11795 11796 11797
f 11798 11799 11800
f 11801 11802 11803
f 11804 11805 11806
f 11807 11808 11809
f 11810 11811 11812
f 11813 11814 11815
f 11816 11813 11817
f 11818 11819 11802
f 11820 11562 11821
f 11822 11823 11824
f 11825 11826 11827
f 11828 11829 11830
f 11831 11564 11558
f 11832 11833 11834
f 11835 11836 11837
f 11535 11838 11839
f 11840 11841 11842
f 11843 11844 11521
f 11530 11845 11846
f 11847 11848 11849
f 11850 11851 11852
f 11506 11508 11853
f 11854 11855 11495
f 11856 11857 11858
f 11859 11483 11482
f 11860 11861 11477
f 11862 11863 11864
f 11862 11864 11472
f 11865 11866 11867
f 11868 11869 11404
f 11870 11456 11871
f 11866 11872 11873
f 11874 11875 11876
f 11877 11878 11875
f 11879 11431 11880
f 11881 11882 11883
f 11884 11885 11886
f 11887 11417 11888
f 11889 11890 11891
f 11892 11893 11894
f 11895 11896 11897
f 11898 11899 11900
f 11395 11901 11902
f 11903 11904 11905
f 11906 11907 11908
f 11906 11909 11910
f 11911 11912 11913
f 11914 11915 11916
f 11917 11918 11919
f 11899 11371 11920
f 11377 11366 11378
f 11921 11359 11922
f 11923 11924 11925
f 11926 11927 11928
f 11929 11930 11343
f 11931 11342 11932
f 11332 11933 11330
f 11934 11935 11936
f 11316 11937 11938
f 11939 11940 11941
f 11848 11942 11943
f 11944 11945 11946
f 11947 11948 11949
f 11950 11951 11952
f 11953 11954 11955
f 11956 11285 11957
f 11958 11959 11960
f 11961 11962 11273
f 11963 11964 11965
f 11966 11266 11967
f 11968 11256 11969
f 11970 11971 11972
f 11973 11974 11975
f 11976 11977 11978
f 11284 11979 11980
f 11981 11982 11225
f 11983 11984 11954
f 11985 11986 11987
f 11988 11989 11985
f 11990 11991 11992
f 11993 11994 11995
f 11996 11997 11203
f 11193 11998 11999
f 12000 12001 12002
f 12003 12004 12005
f 12006 12007 12008
f 12009 12010 12011
f 12012 12013 12014
f 12015 12016 12017
f 12018 12019 12020
f 12021 12022 12023
f 12024 12025 12026
f 12027 12028 7414
f 12029 7412 10643
f 12030 12031 12032
f 8523 12033 8524
f 12034 12035 12036
f 8819 12037 12038
f 7393 7390 7389
f 7385 12039 7386
f 12040 12041 12042
f 12043 12044 7375
f 12045 12046 11776
f 12047 12048 12049
f 12050 12051 12052
f 12053 11731 7361
f 12054 12055 10434
f 12056 7345 12057
f 12058 12059 12060
f 12061 12062 12063
f 7335 12064 12065
f 12066 7326 12067
f 12068 12069 12070
f 12071 12072 12073
f 12074 12075 12076
f 12077 7305 7304
f 12078 12079 12080
f 12081 12082 12083
f 12084 7280 12085
f 12086 12087 12088
f 12089 12090 12091
f 12092 12093 12094
f 7272 12095 12096
f 12097 7265 12098
f 12099 12100 7259
f 12101 12102 12103
f 12104 12105 12106
f 12107 12108 12109
f 12110 12111 12112
f 12113 12114 12115
f 12116 12117 12118
f 12119 12120 12121
f 12122 12123 12124
f 12125 12126 12127
f 12128 12129 12130
f 12131 12132 12133
f 12134 12135 12136
f 12137 12138 12139
f 12140 12141 12142
f 12143 12144 12145
f 12146 12147 12148
f 12149 12150 12151
f 12152 12153 12154
f 12155 12156 12157
f 12158 12159 12160
f 12161 12162 12163
f 12164 12165 12166
f 12167 12168 12169
f 12170 12171 12172
f 12173 12174 12175
f 12176 12177 12178
f 12179 12180 12181
f 12182 12183 12184
f 12185 12186 12187
f 12188 12189 12190
f 12191 12192 12193
f 12194 12195 12196
f 12197 12198 12199
f 12200 12201 12202
f 12203 12204 12205
f 12200 12206 12207
f 12208 12209 12210
f 12211 12212 12213
f 12214 12215 12216
f 12217 12218 12219
f 12220 12221 12222
f 12223 12224 12225
f 12226 12227 12228
f 12229 12230 12231
f 12232 12233 12234
f 12235 12236 12237
f 12238 12239 12240
f 12241 12242 12243
f 12244 12245 12246
f 12247 12248 12249
f 12250 12251 12252
f 12253 12254 12255
f 12250 12256 12257
f 12258 12259 12260
f 12261 12262 12263
f 12264 12265 12266
f 12267 12247 12268
f 12269 12270 12271
f 12272 12273 12274
f 12275 12276 12277
f 12278 12279 12280
f 12281 12282 12283
f 12284 12285 12286
f 12287 12288 12289
f 12290 12291 12292
f 12293 12294 12295
f 12296 12297 12298
f 12299 12300 12301
f 12302 12303 12304
f 12305 12306 12307
f 12308 12309 12310
f 12311 12312 12293
f 12313 12284 12314
f 12276 12315 12316
f 12317 12318 12319
f 12320 12321 12322
f 12323 12324 12325
f 12326 12327 12328
f 12329 12330 12331
f 12332 12333 12334
f 12335 12238 12336
f 12337 12338 12339
f 12234 12233 12340
f 12341 12342 12343
f 12344 12345 12346
f 12347 12203 12348
f 12349 12199 12350
f 12205 12351 12188
f 12186 12352 12353
f 12184 12354 12355
f 12356 12357 12358
f 12359 12360 12361
f 12362 12363 12364
f 12365 12366 12367
f 12356 12368 12357
f 12363 12159 12369
f 12370 12371 12372
f 12373 12374 12375
f 12376 12377 12378
f 12379 12380 12381
f 12382 12383 12384
f 12363 12385 12364
f 12386 12387 12388
f 12389 12390 12391
f 12392 12393 12394
f 12395 12396 12397
f 12398 12145 12399
f 12400 12401 12402
f 12133 12403 12404
f 12405 12406 12407
f 12408 12409 12410
f 12411 12412 12413
f 12129 12414 12130
f 12415 12416 12417
f 12418 12419 12420
f 12421 12422 12423
f 7257 12424 12425
f 7250 12426 12427
f 12428 12429 12430
f 12431 12432 12433
f 12434 7208 12435
f 12436 12437 12438
f 12439 12440 12441
f 12442 12443 12444
f 12445 12446 12447
f 12448 12449 12450
f 12451 12452 12453
f 12454 12455 12456
f 12457 12458 12459
f 12460 12461 12462
f 12463 12464 12465
f 12466 12467 12468
f 12469 12470 12471
f 12472 12473 12474
f 12475 12476 12477
f 12478 12479 12480
f 12481 12482 12483
f 12484 12485 12486
f 12487 12488 12489
f 12490 12491 12492
f 12493 12494 12495
f 12496 12497 12498
f 12499 12500 12501
f 12502 12503 12504
f 12505 12506 12507
f 12508 12509 12510
f 12511 12512 12513
f 12514 12515 12516
f 12517 12518 12519
f 12520 12521 12522
f 12523 12524 12525
f 12526 12527 12528
f 12529 12530 12531
f 12532 12533 12534
f 12535 12536 12537
f 12538 12539 12540
f 12541 12542 12543
f 12544 12545 12546
f 12547 12548 12549
f 12550 12551 12552
f 12553 12554 12555
f 12556 12557 12558
f 12559 12560 12561
f 12562 12563 12564
f 12565 12566 12567
f 12568 12569 12570
f 12571 12572 12573
f 12574 12575 12576
f 12577 12578 12579
f 12580 12581 12582
f 12583 12584 12585
f 12586 12587 12588
f 12589 12590 12591
f 12592 12593 12594
f 12595 12596 12597
f 12598 12599 12600
f 12601 12602 12603
f 12604 12605 12606
f 12607 12608 12609
f 12610 12611 12612
f 12613 12614 12615
f 12616 12617 12618
f 12619 12620 12621
f 12622 12623 12624
f 12625 12626 12627
f 12628 12629 12630
f 12631 12632 12633
f 12634 12635 12636
f 12637 12638 12639
f 12640 12641 12642
f 12643 12644 12645
f 12646 12647 12648
f 12649 12650 12616
f 12651 12652 12653
f 12654 12655 12656
f 12657 12658 12659
f 12660 12661 12662
f 12663 12664 12665
f 12666 12667 12668
f 12669 12670 12671
f 12672 12673 12674
f 12675 12676 12677
f 12678 12679 12680
f 12681 12682 12683
f 12684 12685 12686
f 12687 12688 12689
f 12690 12691 12692
f 12693 12694 12695
f 12696 12697 12698
f 12699 12700 12701
f 12702 12703 12704
f 12705 12706 12707
f 12708 12709 12710
f 12687 12711 12712
f 12683 12713 12714
f 12715 12716 12717
f 12718 12719 12720
f 12721 12722 12723
f 12724 12725 12726
f 12727 12728 12729
f 12730 12731 12727
f 12732 12733 12734
f 12735 12736 7169
f 12737 12738 12739
f 12740 12741 12742
f 12621 12743 12619
f 12744 12745 12746
f 12747 12748 12749
f 12602 12750 12751
f 12752 12753 12754
f 12755 12756 12757
f 12758 12759 12760
f 12558 12761 12762
f 12763 12764 12765
f 12766 12767 12768
f 12547 12769 12770
f 12529 12771 12772
f 12527 12773 12774
f 12525 12520 12775
f 12776 12777 12514
f 12778 12779 12780
f 12781 12782 12783
f 12784 12487 12489
f 12785 12484 12786
f 12787 12788 12789
f 12790 12791 12792
f 12793 12794 12795
f 12796 12797 12798
f 12799 12800 12801
f 12802 12803 12804
f 12805 12806 12807
f 12808 12809 12802
f 12810 12811 12812
f 12813 12814 12815
f 12816 12817 12818
f 12819 12820 12821
f 12449 12822 12450
f 12446 12823 12824
f 12825 12826 12827
f 12828 12829 12830
f 12831 12832 12833
f 12834 7204 12835
f 12495 12836 7199
f 12837 12838 12839
f 12840 12841 12842
f 12843 12844 12845
f 12846 12847 7190
f 12848 12849 12850
f 12851 12852 12853
f 7176 7183 12854
f 7173 12855 12856
f 7169 12736 7170
f 12857 12858 7167
f 7164 12706 12859
f 12699 12701 7162
f 12860 12861 12862
f 12863 12864 12865
f 7080 12866 7081
f 12867 7028 12868
f 12869 7025 7027
f 9640 7019 12870
f 12871 12872 12873
f 12874 12875 12876
f 12877 12878 12879
f 12880 12881 12882
f 12883 12884 12885
f 9659 7002 12886
f 12887 6992 12888
f 12889 6991 12890
f 6983 6985 9664
f 12891 12892 12893
f 6972 12894 12895
f 12896 12897 12898
f 12899 12900 12901
f 12902 12903 12904
f 12905 12906 12907
f 12908 12909 12910
f 12911 12912 12913
f 12914 12915 12916
f 12917 12918 12919
f 12920 12921 12922
f 12923 12924 6957
f 12925 12926 12927
f 6946 12928 12929
f 12930 12931 12932
f 12933 12934 12935
f 12936 6927 12937
f 12938 12939 12940
f 12941 12942 12943
f 12944 6944 6919
f 6916 12941 12945
f 12946 12947 6909
f 12948 12949 12950
f 12951 12952 12953
f 12954 12955 12956
f 6877 12957 6881
f 12958 12959 12960
f 12961 12962 12963
f 12964 12965 12966
f 12967 12968 6771
f 6864 6847 12969
f 6902 12970 12971
f 6969 12972 12973
f 12974 12975 12976
f 12977 12978 12979
f 12980 12981 6823
f 12982 12983 12984
f 12985 6815 12986
f 12987 6798 12988
f 12989 12990 12991
f 12992 6786 12993
f 12994 12995 12996
f 12997 6780 12998
f 12999 13000 13001
f 13002 13003 13004
f 13005 13006 13007
f 13008 13009 13010
f 13011 13012 13013
f 6756 13014 6757
f 13015 13016 13017
f 13018 13019 13020
f 13021 13022 13023
f 13024 6715 6714
f 13025 13026 13027
f 6705 13028 13029
f 13030 13031 13032
f 13033 6698 13034
f 13035 6688 6687
f 6689 13036 13037
f 13038 13039 13040
f 13041 13042 13043
f 13044 13045 13046
f 13047 13048 13049
f 13050 13051 13052
f 13053 13054 13044
f 13055 13056 13057
f 13058 13059 13060
f 13061 13062 13063
f 13064 13065 6642
f 13066 13067 13068
f 13069 13070 13071
f 13072 13073 6652
f 13074 13075 13076
f 13077 13078 13079
f 13080 6609 13081
f 13082 13083 13084
f 6591 6611 6589
f 13077 13085 13086
f 13087 6581 6580
f 13088 6577 13089
f 13090 13091 13092
f 13093 6569 6568
f 13094 13095 13096
f 6603 6553 6555
f 13097 13098 13099
f 13100 13101 13102
f 7455 13103 7456
f 13104 13105 13106
f 13107 13108 13109
f 13110 13111 13112
f 13113 13114 13115
f 13116 13117 13118
f 6512 13119 6513
f 13120 13121 6506
f 6510 6509 13122
f 13123 13124 13125
f 13126 13127 13128
f 6477 13129 13130
f 13131 13132 13133
f 13134 6464 6463
f 13135 13136 13137
f 13138 13139 13140
f 13141 13142 13143
f 13141 13144 13145
f 13146 13147 13148
f 13149 13150 13151
f 6467 13152 13153
f 13154 13155 13156
f 13157 13158 13159
f 13160 11160 11159
f 13161 13162 13163
f 11268 13164 13165
f 13166 13167 13168
f 13169 13170 13171
f 12100 13172 11735
f 13173 13174 13175
f 13176 5908 5907
f 13177 13178 13179
f 13180 13181 13182
f 13183 7218 13184
f 13185 13186 13187
f 13188 13189 13190
f 13191 13192 13193
f 13194 13195 5866
f 13196 13197 13198
f 5943 13199 13200
f 6012 13201 13202
f 13203 13204 13205
f 5847 13206 13207
f 13208 13209 13210
f 13211 13212 13213
f 13214 13215 5867
f 13216 12453 13217
f 5798 13218 5799
f 13219 5793 5785
f 13220 13221 13222
f 13223 13224 13225
f 13226 13227 13228
f 13229 13230 3403
f 13231 13232 13233
f 13234 13235 13236
f 13237 13238 13239
f 13237 13240 13241
f 13242 13226 13243
f 13244 13245 13246
f 13247 13248 13249
f 13250 13251 13252
f 13253 13254 13255
f 5720 13256 13257
f 13258 13259 13260
f 13261 13262 13263
f 13264 13265 13266
f 13267 13268 13269
f 13270 13271 13272
f 13273 13274 13275
f 13276 13277 13278
f 13279 13280 13281
f 13282 13283 13284
f 13285 13286 13287
f 13288 13289 13290
f 13291 13292 13293
f 13294 13295 13296
f 13297 13298 13299
f 13300 13301 13302
f 13303 13304 13305
f 13306 13307 13308
f 13309 13310 13311
f 13312 13313 13314
f 13315 13316 13317
f 13318 13319 13312
f 13320 13321 13322
f 13323 13322 13324
f 13325 13316 13303
f 13326 13327 13328
f 13329 13330 13331
f 5673 13332 13333
f 13334 5671 5675
f 5668 13335 13336
f 13337 5664 12682
f 13338 13339 13340
f 13341 13342 13343
f 13344 5645 5644
f 13345 13346 13347
f 13348 13349 13350
f 13351 13352 13353
f 13354 13355 13356
f 13357 13358 13359
f 13360 5617 13361
f 13341 13362 13363
f 13364 5606 5605
f 13365 13366 13367
f 5582 5591 5583
f 13368 5593 13369
f 13284 13370 5677
f 13371 5570 13372
f 5564 13373 13374
f 13375 13376 13377
f 13378 13379 13380
f 13380 13381 13382
f 13383 13384 13385
f 5561 13386 13387
f 13388 13389 13390
f 13391 13392 13393
f 13394 13395 13396
f 13397 13398 13399
f 13400 13401 13402
f 13403 13404 13405
f 13406 13407 13408
f 5601 5600 13409
f 13410 13411 13412
f 13413 13414 13415
f 13416 13417 13418
f 5489 5494 5490
f 13419 13420 13421
f 13419 13422 13420
f 13423 5476 13424
f 5481 13425 5482
f 13426 13427 5458
f 5451 13428 13429
f 13430 5448 13431
f 5444 5442 13432
f 13433 13434 13435
f 13436 13437 13438
f 13439 13440 13441
f 13442 13443 13444
f 13445 13446 13447
f 5409 13448 13449
f 5406 13450 13451
f 13452 13453 13454
f 13455 5398 13456
f 13457 13458 13459
f 5421 5390 13460
f 13461 13462 13463
f 5381 13464 13465
f 13466 5372 13467
f 13468 13469 13470
f 13471 5371 13472
f 5365 13473 5366
f 13474 13475 13476
f 13477 13478 5475
f 13479 13412 13480
f 13481 13482 5603
f 13483 13484 13485
f 5642 13486 5643
f 13487 5312 13488
f 13489 13490 13491
f 13492 13493 13494
f 13495 13496 13497
f 13498 13499 13500
f 13501 13502 13503
f 13504 13505 13506
f 13507 13504 13508
f 5292 5294 13509
f 5288 13510 13511
f 13512 13513 13514
f 4538 13515 13516
f 13517 5255 13518
f 13519 13520 13521
f 13522 5234 13523
f 5240 13524 13525
f 13526 13527 13528
f 13529 13530 13531
f 13532 13533 13534
f 13535 13536 13537
f 13538 13539 13540
f 13541 13542 13538
f 13543 13544 5205
f 13545 13546 6989
f 5197 13547 13548
f 13549 13550 5190
f 13551 13552 13553
f 13554 13555 13556
f 13557 13558 13559
f 12900 13560 12901
f 13561 13562 13563
f 13564 5160 5159
f 13565 13566 13567
f 13568 13569 13570
f 13571 13572 13573
f 13574 13575 13576
f 13577 5124 13578
f 13579 5118 13580
f 13581 13582 13583
f 13584 13585 13586
f 13587 13588 13589
f 5102 13590 13591
f 13592 13593 5094
f 13594 13595 13596
f 5081 5083 13597
f 13598 13588 13599
f 13600 13601 13602
f 5067 13603 13604
f 13605 13606 13607
f 13608 13609 13610
f 13611 13612 13613
f 13614 13615 13616
f 13617 13618 13619
f 13620 13621 13622
f 13623 13624 13625
f 13626 13627 13628
f 13629 13630 13631
f 13632 13633 13634
f 13635 13636 13637
f 13638 13639 13640
f 13641 13642 13643
f 13639 13644 13645
f 13627 13646 13647
f 13648 13649 13623
f 13650 13651 13652
f 13653 13654 13655
f 13656 13657 13658
f 13659 13660 13661
f 13662 13663 13664
f 13665 13666 13667
f 13668 13669 13670
f 13671 13672 13673
f 13674 13675 13676
f 13677 13678 13679
f 13680 13681 13682
f 13683 13684 13685
f 13686 13687 13688
f 13689 13690 13691
f 13692 13693 13694
f 13695 13696 13697
f 13698 13699 13700
f 13701 13702 13703
f 13704 13705 13706
f 13707 13708 13709
f 13710 13711 13712
f 13713 13714 13715
f 13716 13717 13718
f 13719 13720 13721
f 13722 13723 13724
f 13725 13726 13727
f 13728 13729 13730
f 13731 13732 13733
f 13734 13683 13735
f 13736 13737 13738
f 13739 5051 13740
f 13741 5047 13633
f 13742 5052 13743
f 13744 13745 13746
f 13747 13748 13749
f 5029 13750 13751
f 13752 13753 5035
f 13754 13755 13756
f 13757 13758 13759
f 13760 13761 13762
f 13763 13764 13765
f 13766 13767 13768
f 13769 13770 13771
f 4997 4996 13772
f 5005 13773 13774
f 13775 13776 13777
f 13778 13779 13780
f 13781 13782 13783
f 13784 4972 4971
f 13785 13786 13787
f 13788 13789 4959
f 13790 13791 13792
f 13793 13794 13795
f 13796 13797 13798
f 4932 13799 13800
f 4926 13801 13802
f 13803 13804 13805
f 13806 13807 13808
f 13809 13810 13811
f 13812 13813 13814
f 13815 4896 13816
f 13817 13818 13819
f 13820 13821 13822
f 13823 13824 13825
f 4882 4873 13826
f 13827 13828 13829
f 13819 13818 13830
f 13831 13832 4841
f 13833 13834 13835
f 4837 4836 4830
f 13836 4825 4860
f 4829 4831 13837
f 13838 13839 13840
f 13841 4813 13842
f 13843 13844 13845
f 13846 13847 13848
f 13849 13850 4797
f 13851 13852 13853
f 13854 4792 4794
f 4919 13855 13856
f 4781 13857 13858
f 4751 13859 13860
f 13861 13862 13863
f 13864 13865 13866
f 13867 13868 13869
f 13870 13871 13872
f 13873 13874 13875
f 4743 4742 13876
f 13877 13878 13879
f 13880 13881 13882
f 13883 13884 13885
f 13886 4710 4712
f 13887 13888 13889
f 13890 13891 13892
f 13893 13894 13895
f 13896 13897 13898
f 13899 13900 13901
f 4872 13902 13903
f 4584 13904 13905
f 13906 13907 13908
f 4579 4575 4574
f 4575 13909 13910
f 13911 13912 13913
f 13914 13915 13916
f 4555 13917 13918
f 13919 13920 13921
f 13922 13923 13924
f 13925 13926 13927
f 13928 13929 13930
f 13931 4542 13932
f 4539 13933 4540
f 13934 13935 13936
f 4513 13937 13938
f 13939 13940 13941
f 13920 4561 13942
f 13943 13944 13945
f 13946 13947 13948
f 13949 13950 13951
f 13952 13953 4479
f 13954 4478 13955
f 13956 13957 13958
f 13959 13960 13961
f 13962 13963 13964
f 13965 4455 13966
f 4446 4448 13967
f 13968 13969 4440
f 13970 13971 13972
f 4430 13973 13974
f 13975 13976 4424
f 13977 13978 13979
f 13980 13981 13982
f 13983 13984 13985
f 13986 13987 13988
f 13989 13990 13991
f 13992 4324 13993
f 13994 13995 13996
f 13997 4135 4137
f 13998 13999 14000
f 14001 14002 14003
f 14004 14005 14006
f 4119 14007 14008
f 4697 14009 14010
f 14011 14012 4096
f 4093 4104 4094
f 14013 14014 14015
f 14013 14016 14014
f 4733 4735 4084
f 14017 14018 14019
f 14020 14021 14013
f 14022 14023 4072
f 14024 14025 14026
f 4265 14027 14028
f 14029 14030 14031
f 14032 14033 14034
f 14035 14036 14037
f 14038 14039 14040
f 14041 14042 14043
f 14044 14045 14046
f 14047 14048 14049
f 14050 14051 4036
f 4024 14052 14053
f 14054 14055 14056
f 14057 14058 14059
f 14060 14061 14062
f 14063 14064 14065
f 14066 13855 4918
f 14067 14068 14069
f 14070 6668 6667
f 14071 14072 14073
f 14074 6583 14075
f 14076 14077 14078
f 14079 14076 14080
f 14081 14082 14083
f 14084 14085 14086
f 14087 14088 14089
f 3942 14090 14091
f 14092 14093 14094
f 14095 14096 14097
f 14098 3924 14099
f 14100 14101 14102
f 14103 14104 14105
f 14103 14106 14104
f 14107 3898 14108
f 14109 14110 14111
f 14112 14113 14114
f 13154 14115 13155
f 14116 14117 14118
f 6438 6437 14119
f 14120 14121 3863
f 14122 14123 14124
f 14125 14126 14127
f 14128 14129 14130
f 14131 14132 14133
f 3856 3858 14134
f 14135 14136 14137
f 14138 3848 14139
f 14140 14141 3845
f 14142 14143 5970
f 14144 14145 14146
f 14147 14148 3832
f 3828 3827 14149
f 3827 3830 3829
f 14150 14151 14152
f 14153 14154 14155
f 14156 14157 14158
f 14159 14160 14161
f 14162 14163 14164
f 14165 14166 14167
f 14168 3769 14169
f 14170 3754 3756
f 14171 14172 14173
f 14174 14175 14176
f 14177 3737 3736
f 14178 14179 14180
f 14181 14182 14183
f 14184 14185 14186
f 14187 14188 14189
f 3724 14190 3725
f 14191 14192 3717
f 3709 14193 3714
f 14194 14195 14196
f 3698 3700 14197
f 14198 14199 14200
f 14201 14202 14203
f 3688 14204 14205
f 14206 14207 14208
f 14209 3672 14210
f 3697 14211 14212
f 14213 14214 14215
f 3652 14216 14217
f 3686 14218 14219
f 14220 14221 14222
f 14223 14224 14225
f 14226 14227 14228
f 14229 3617 14230
f 3652 14217 3653
f 14231 14232 14233
f 14234 14235 14236
f 3593 14237 14238
f 3584 14236 14239
f 14240 14241 14242
f 14243 14244 3571
f 3573 14245 14246
f 14247 14248 14249
f 14250 14251 14252
f 14253 14254 14255
f 14256 3542 14257
f 14258 3534 3536
f 14259 14260 14261
f 14262 14263 14264
f 3523 14265 14266
f 14267 3519 14268
f 14269 14270 14271
f 14272 14273 14274
f 14275 3503 14276
f 14277 14278 14279
f 14280 14281 14282
f 14283 14284 14285
f 14286 14287 5828
f 14288 14289 14290
f 14291 3459 3461
f 14292 14293 14294
f 14295 14296 14297
f 14298 3416 14299
f 3414 14300 14301
f 14302 14303 14304
f 14305 14306 14307
f 14308 14309 14310
f 14311 14312 14313
f 3498 14314 3499
f 14315 3484 14316
f 14317 3371 3373
f 14318 14319 14320
f 3472 14321 14322
f 14323 14324 14325
f 174 14326 14327
f 14328 14329 14330
f 14331 14332 14333
f 14334 14335 14336
f 14337 3332 3334
f 3452 14338 14339
f 14340 14341 14342
f 14343 3316 14344
f 14345 3311 14346
f 14347 14348 14349
f 14350 14351 14352
f 14353 14354 14355
f 14356 14357 3285
f 14358 14359 14360
f 14361 14362 3280
f 3265 14363 14364
f 14365 14366 14367
f 3261 3263 14368
f 14369 3255 3257
f 14370 14371 14372
f 14373 14374 3243
f 14375 14376 3238
f 14377 14378 14379
f 14380 3217 14381
f 14382 14383 14384
f 14385 14386 14387
f 14388 14389 14390
f 14391 14392 14393
f 3180 14394 14395
f 14396 14397 14398
f 14399 14400 14401
f 14402 3166 14403
f 14404 14405 14406
f 2853 2852 14407
f 3175 14408 14409
f 14410 14411 14412
f 14413 2834 14414
f 14415 2833 14416
f 14417 2824 14418
f 2825 14419 14420
f 14421 14422 14423
f 2811 14424 14425
f 14426 14427 14428
f 14429 14430 14431
f 14432 14433 14434
f 14435 14436 14437
f 14438 14439 14440
f 14441 14442 14443
f 14444 2785 14445
f 14446 14447 14448
f 14449 14450 14451
f 14452 14453 14454
f 14455 14456 14457
f 636 14458 14459
f 14460 14457 14461
f 14462 14463 14464
f 14465 14466 14467
f 14468 14469 14470
f 14471 14472 14473
f 14474 14475 14476
f 14477 14478 14479
f 14480 14481 14482
f 14483 14484 14485
f 14486 14487 14488
f 14489 14490 14491
f 14492 14493 14494
f 14495 14496 14497
f 1311 14498 14499
f 14500 14501 14502
f 14503 14504 14505
f 14506 14507 14508
f 14509 14510 14511
f 14512 14513 14514
f 14515 14516 14517
f 14518 14519 14520
f 14518 14521 14522
f 14523 14524 14525
f 14526 14527 14528
f 14529 14530 14531
f 14532 14533 14534
f 14490 14535 14536
f 14537 14538 14539
f 14540 14541 14542
f 14543 14544 14545
f 14546 14547 14548
f 14477 14548 14478
f 14549 14550 14551
f 14552 14553 14554
f 14555 14556 14557
f 14556 14558 14559
f 14560 14561 14562
f 14563 14564 14565
f 14566 14567 14568
f 14569 14570 14571
f 14572 14573 14574
f 14575 14576 14577
f 14578 14579 14580
f 14581 14582 14583
f 14584 14585 14586
f 14587 14588 14589
f 14590 14591 14592
f 14593 14594 14595
f 14596 14597 14598
f 14599 14600 14601
f 14602 14603 14604
f 14605 14606 14607
f 14608 14609 14610
f 14611 660 14612
f 14613 14614 14615
f 14616 14617 14618
f 14619 14616 14620
f 14621 1181 14622
f 14623 14624 14625
f 14626 14627 14628
f 14629 14630 14631
f 14632 14633 14634
f 14635 14636 14637
f 14638 14639 14640
f 14641 14642 14643
f 14644 14565 14645
f 14646 14647 14561
f 14648 14649 14650
f 14651 14652 14653
f 14654 14655 14656
f 14657 14658 14659
f 14660 14661 14662
f 14663 14664 14463
f 14665 14666 14458
f 14667 14668 14669
f 2766 2765 14670
f 14671 14672 14673
f 14674 14675 14676
f 14677 14678 14508
f 14679 14680 14681
f 14682 14683 14684
f 14685 14686 14687
f 14688 14689 14690
f 14691 14692 14693
f 14694 2725 14695
f 14696 14697 14698
f 14699 14700 14701
f 14702 14703 14704
f 14705 14706 14707
f 14708 14709 14710
f 14711 14712 14713
f 14714 14715 14716
f 14717 14718 14719
f 14720 14721 14722
f 14723 14724 14725
f 14726 14723 14727
f 14728 14729 14730
f 14731 14732 14733
f 14734 14735 14702
f 14736 14737 14738
f 14739 14740 14741
f 14742 14743 14744
f 14745 14746 14747
f 14748 14749 14750
f 14751 14752 14753
f 14754 14755 14756
f 14757 14758 14759
f 14760 14761 14762
f 14763 14764 14765
f 14766 14767 14768
f 14769 14770 14771
f 14772 14773 14774
f 14775 14776 14777
f 14778 14779 14780
f 14781 14782 14783
f 14784 14785 14786
f 14787 14788 14789
f 14790 14791 2684
f 14792 14793 14794
f 14795 14796 14797
f 14798 14799 14800
f 14801 1668 14802
f 14803 14804 14805
f 14806 14807 14808
f 14809 14810 14811
f 14812 14813 14814
f 14815 14816 14817
f 14818 14819 14820
f 14821 14822 14823
f 14824 14825 14826
f 14827 14828 14829
f 14830 14831 14832
f 14833 14834 14835
f 14836 14837 14838
f 14839 14840 14841
f 14842 14843 14844
f 14845 14846 14847
f 14848 14849 14850
f 14851 14852 14853
f 14854 14855 14856
f 14857 14858 14859
f 14860 14861 14862
f 14863 14864 14865
f 14866 14867 14868
f 14869 14870 14871
f 14872 14873 14874
f 14875 14876 14877
f 14878 14879 14880
f 14881 14882 14883
f 14884 14885 14886
f 14887 14888 14889
f 14890 14891 14892
f 14893 14894 14895
f 14896 14897 14898
f 14899 14900 14901
f 14902 14903 14904
f 14905 14906 14907
f 14908 14909 14910
f 14911 14912 14913
f 14914 14915 14916
f 14917 14918 14919
f 14920 14921 14922
f 14923 14924 14925
f 14926 14927 14928
f 14929 14930 14931
f 14932 14933 14934
f 14935 14936 14937
f 14938 14939 14940
f 14941 14942 14943
f 14944 14945 14946
f 14947 14948 14949
f 14950 14951 14952
f 14953 14954 14955
f 14956 14957 14958
f 14959 14960 14961
f 14962 14963 14964
f 14965 14966 14967
f 14968 14969 14970
f 14971 14972 14973
f 14974 14975 14976
f 14977 14978 14979
f 14980 14981 14982
f 14983 14984 14985
f 14986 14987 14988
f 14989 14990 14991
f 14992 14993 14994
f 14995 14996 14997
f 14998 14999 15000
f 15001 15002 15003
f 15004 14986 15005
f 15006 15007 15008
f 15009 15010 15011
f 15012 15013 15014
f 15015 15016 15017
f 15018 15019 15020
f 15021 15022 15023
f 15024 15025 15026
f 15027 15028 15029
f 15030 15031 15032
f 15033 15034 15035
f 15036 15037 15038
f 15039 15040 15041
f 15042 15043 15044
f 15045 15046 15047
f 15048 15049 15050
f 15051 15052 15053
f 15054 15055 15056
f 15057 15058 15059
f 15060 15061 15062
f 15063 15064 15065
f 15066 15067 15068
f 15069 15070 15071
f 15072 15073 15057
f 15074 15075 15076
f 15077 15078 15079
f 15080 15044 15081
f 15082 15083 15084
f 15085 15086 15087
f 15088 15089 15045
f 15090 15091 15092
f 15093 15094 15095
f 15096 15097 15049
f 15098 15099 15100
f 15101 15102 15103
f 14994 15104 15105
f 14987 15106 15107
f 15108 15109 15110
f 15024 15111 15025
f 15112 15113 14968
f 15114 15115 15116
f 14958 15117 15118
f 15119 15120 15121
f 14943 15122 15123
f 14933 15124 15125
f 15126 15127 15128
f 15129 14919 15130
f 14916 15131 15132
f 15133 14916 15134
f 15135 15136 15137
f 15138 14902 15139
f 15140 15141 14888
f 14894 15142 14895
f 15143 15144 15145
f 15146 15147 15148
f 15149 14889 15150
f 14869 15151 14870
f 15152 15153 15154
f 15155 15156 15157
f 15158 15159 15160
f 15161 15162 15163
f 15164 15165 15166
f 15167 15168 15169
f 15170 15171 15172
f 15173 15174 15175
f 15176 15177 15178
f 15171 14823 15179
f 14803 15180 14804
f 15180 15181 15182
f 14794 14793 15183
f 15184 15185 15186
f 14754 15187 14755
f 15188 15189 15190
f 15191 15192 15193
f 15194 15195 15196
f 15197 15198 15199
f 15200 15201 15202
f 15203 15204 15197
f 15205 15206 15207
f 15208 15209 15210
f 15211 15212 15213
f 15214 15215 15216
f 15217 15218 14686
f 15219 15220 14684
f 15221 15201 15222
f 2743 15223 15224
f 15225 15226 15227
f 15228 15229 15230
f 14429 14431 2732
f 15231 15232 15233
f 14695 2725 15234
f 15235 15236 15237
f 15238 15239 15240
f 15235 15241 15242
f 15243 2723 2722
f 15244 15245 15246
f 15247 15248 15249
f 15250 15251 15252
f 15253 2706 15254
f 15255 15245 15244
f 2698 15256 2699
f 15257 15258 15259
f 15184 15186 15260
f 2681 15261 15262
f 15263 15264 2678
f 15265 2676 15266
f 15267 2673 3316
f 15268 2668 15269
f 15270 15271 15272
f 15273 15274 3408
f 2658 2657 15273
f 15275 15276 2653
f 15277 15278 2649
f 3588 15279 15280
f 15281 15282 15283
f 15284 15285 15286
f 2628 15287 15288
f 15289 15290 15291
f 15292 2611 15293
f 2605 15294 15295
f 2603 15296 15297
f 15298 2595 15299
f 15300 15301 15302
f 2584 2586 15303
f 15304 15305 15306
f 2567 2599 2601
f 2570 2560 15307
f 15308 15309 2553
f 15310 2545 15311
f 2544 15312 15313
f 2537 15314 2538
f 15315 15316 2536
f 15317 15318 15319
f 2524 15320 15321
f 15322 2516 15323
f 15324 15325 15326
f 15327 15328 2505
f 2499 15329 2500
f 2492 2491 15330
f 15331 15332 15333
f 15334 15335 15336
f 15337 15338 15339
f 15340 15341 2517
f 2466 15342 15343
f 15344 15345 15346
f 15347 15348 15349
f 15350 15351 15352
f 15353 2100 15354
f 15355 2435 15356
f 15357 15358 15359
f 15360 2426 2428
f 15361 15362 15363
f 15364 15365 15366
f 15367 4377 15368
f 15369 15370 15371
f 15372 15373 15374
f 15375 15376 15377
f 2401 2400 15378
f 2392 2391 15379
f 15380 15381 2385
f 15382 15383 15384
f 2377 2372 15385
f 15386 15387 15388
f 15389 15390 15391
f 15392 15393 15394
f 15395 15396 2358
f 15397 15398 15399
f 15400 15401 2358
f 2359 15402 15403
f 2386 15404 15405
f 15406 15407 15408
f 15409 15410 15411
f 15412 15413 15414
f 15415 15416 15412
f 2329 15417 2330
f 2330 15418 15419
f 15420 15421 15422
f 15423 15424 15425
f 15426 15427 15428
f 15429 15430 15431
f 15432 15433 15434
f 15435 15436 15437
f 15438 15439 15440
f 15441 15442 15443
f 15444 15445 15446
f 15447 15448 15449
f 15450 15451 15452
f 15453 15454 15455
f 15456 15457 15458
f 15459 15460 15461
f 15462 15463 15464
f 15465 15466 15467
f 15468 15469 15470
f 15471 15472 15473
f 15474 15475 15476
f 15477 15478 15479
f 15480 15481 15482
f 15483 15484 15485
f 15486 15487 15488
f 15489 15490 15491
f 15492 15493 15494
f 15495 15496 15497
f 15498 15499 15500
f 15501 15502 15503
f 15504 15505 15506
f 15507 15508 15509
f 15510 15511 15512
f 15513 15514 15515
f 15516 15517 15518
f 15519 15520 15521
f 15522 15523 15524
f 15525 15526 15527
f 15528 15529 15530
f 15531 15532 15533
f 15534 15535 15514
f 15507 15536 15511
f 15537 15538 15539
f 15540 15541 15542
f 15500 15543 15544
f 15545 15546 15547
f 15548 15549 15468
f 15550 15551 15475
f 15552 15553 15554
f 15444 15446 15555
f 15556 15557 15558
f 15559 15560 15427
f 15561 2307 2309
f 15562 15563 15564
f 2300 15565 15566
f 15567 2292 2294
f 15568 15569 15570
f 2279 2278 15571
f 2282 15572 15573
f 2268 15574 15575
f 2261 2258 15576
f 15577 15578 15579
f 15580 15581 15582
f 15583 15584 15585
f 15586 15587 15588
f 15589 15590 15591
f 15592 15593 15587
f 15594 15595 15596
f 15597 2216 2218
f 15598 15599 2214
f 15600 15601 15602
f 15603 15604 15605
f 15606 2195 2197
f 15607 2155 15608
f 15609 2182 15610
f 15611 15612 15613
f 2180 15614 15615
f 15616 15617 15618
f 2162 15619 15620
f 2169 15621 2170
f 15622 15623 15624
f 2152 2151 15625
f 15626 15627 15628
f 15629 15630 15631
f 15632 2125 2124
f 15633 2118 15634
f 15635 15636 15637
f 15638 15639 15640
f 15641 15642 15643
f 2109 15644 15645
f 15646 15647 15648
f 15649 15650 15651
f 15652 2091 15653
f 15654 15655 15656
f 15657 15658 15659
f 15660 15661 15662
f 15663 15664 15665
f 15666 15667 15668
f 1686 15669 15670
f 15671 15672 15673
f 1677 15674 15675
f 15676 15677 15678
f 14801 1666 1668
f 15679 15680 15681
f 15675 15682 15683
f 15684 15685 15686
f 15687 15688 15689
f 15690 15691 15692
f 15693 15690 15694
f 15695 15696 15697
f 15698 15699 1641
f 1640 15700 15701
f 1632 1631 15702
f 15703 15704 15705
f 15706 15707 15708
f 15709 15710 15711
f 1611 15712 15713
f 1605 15714 15715
f 1598 15716 15717
f 15718 15719 15720
f 15721 15722 15723
f 15724 15725 15726
f 15727 15725 15724
f 15728 15729 15730
f 15731 15732 1563
f 15733 15734 15735
f 15736 15737 15738
f 15739 15740 15741
f 4222 15742 15743
f 15744 15745 15746
f 15747 15748 15749
f 15750 15751 15752
f 15753 1517 1513
f 15754 15755 15756
f 1502 15757 15758
f 15759 15760 15761
f 15762 15763 15764
f 15765 15766 15767
f 1479 15768 1476
f 15769 15770 15771
f 15772 1327 15773
f 14680 15774 15775
f 15776 15777 15778
f 15779 15780 15781
f 15782 15783 15784
f 15785 15786 14654
f 15787 1298 1300
f 15788 15789 15790
f 15791 15792 15793
f 1282 15794 15795
f 1275 1286 1288
f 15796 15797 15798
f 15799 15800 15801
f 15802 15803 15804
f 15805 15806 1257
f 1266 15807 15808
f 15809 15810 1248
f 15811 15812 15813
f 15814 15815 15816
f 15817 15818 15819
f 15820 15821 15822
f 15823 15824 15825
f 1228 15826 15827
f 15828 15829 15830
f 15831 15832 15833
f 15834 15835 15836
f 15837 15834 15838
f 15839 15840 15841
f 15842 15843 15844
f 15840 15845 15846
f 15847 15848 15828
f 15849 15850 15851
f 15852 15853 15854
f 15855 15856 1202
f 15857 15858 15859
f 15856 15860 1203
f 1201 15861 15862
f 15863 15864 15865
f 15866 15867 15868
f 1186 15869 15870
f 1166 15871 1178
f 15872 15873 15874
f 15875 15876 15877
f 15878 15879 15880
f 15881 15878 15882
f 15883 15884 15885
f 15886 15887 15888
f 15889 15890 15891
f 15892 15893 15894
f 15895 15896 1152
f 15897 15898 15899
f 1194 1145 15900
f 1139 1141 15901
f 15902 15903 15904
f 15905 15906 1215
f 15907 15908 15909
f 15910 1123 1122
f 15911 15912 15913
f 1111 15914 15915
f 15916 15917 15918
f 15919 15920 15921
f 15922 15923 15924
f 15925 15926 15927
f 15928 15925 15929
f 3894 15930 787
f 778 15931 15932
f 771 15933 15934
f 15935 15936 15937
f 15938 15939 15940
f 15941 15942 757
f 15943 15944 15945
f 15946 15947 15948
f 15949 15950 742
f 15951 15952 15953
f 729 731 15954
f 15955 728 15956
f 15957 15958 15959
f 15960 15961 15962
f 15963 15964 15965
f 702 15966 15967
f 697 15968 698
f 691 15969 692
f 15970 15902 15904
f 15971 15972 15973
f 15974 15975 15976
f 1143 15977 15978
f 674 673 15979
f 15895 664 15980
f 15981 656 15982
f 15983 655 15984
f 14594 15985 15986
f 15987 15988 15989
f 15990 640 15991
f 15992 15993 15994
f 15995 15996 15997
f 15998 15999 16000
f 16001 16002 16003
f 617 629 16004
f 16005 16006 614
f 16007 16008 16009
f 16010 16011 602
f 16012 16013 14442
f 718 594 16014
f 16015 724 563
f 584 583 16016
f 16017 16018 577
f 16019 565 16020
f 16021 558 16022
f 16023 551 16024
f 16025 16026 16027
f 16028 16029 16030
f 16031 16032 16033
f 16034 16035 16036
f 16037 16038 16039
f 16040 16041 459
f 16042 16043 16044
f 16045 16046 16047
f 447 16048 16049
f 16050 16051 16052
f 16053 16054 16055
f 16056 16057 16058
f 16059 16060 16061
f 16062 16063 409
f 440 16064 16065
f 16066 16067 435
f 16068 16069 16070
f 16071 16072 423
f 16073 16074 417
f 16075 415 414
f 16076 16077 16078
f 16079 16080 16081
f 16082 16083 16084
f 16085 16086 16087
f 16088 16089 16090
f 395 394 3880
f 16091 16092 16093
f 16094 16095 16096
f 16097 16098 379
f 16099 16100 16101
f 370 16102 16103
f 16104 16105 16106
f 16107 16108 16109
f 16110 16111 16112
f 16113 16114 16115
f 16116 16117 16118
f 16119 16120 16121
f 16122 530 532
f 16123 16124 339
f 16125 16126 331
f 16127 16128 16129
f 16130 16131 16132
f 16133 16134 16135
f 16136 16137 16138
f 16139 16140 16141
f 3852 16142 16143
f 16144 14328 16145
f 3845 16146 3846
f 16147 16148 16149
f 16150 16151 291
f 16152 16153 16154
f 16155 16156 16157
f 16158 280 279
f 16159 274 16160
f 16161 16162 16163
f 16162 16164 16165
f 16166 16167 259
f 272 271 16168
f 251 16169 16170
f 16171 243 245
f 16172 16173 262
f 16174 233 16175
f 225 16176 226
f 220 224 221
f 16177 214 216
f 16178 16179 16180
f 207 206 16181
f 16182 16183 16184
f 16185 16186 16187
f 16188 16189 16190
f 16191 16192 16193
f 16194 16195 16196
f 16197 16198 16199
f 16200 16201 16202
f 16203 16204 16205
f 16206 16207 16208
f 16209 16210 16211
f 198 16212 16213
f 16214 16215 16216
f 16217 16218 16219
f 182 16220 16221
f 304 16222 16223
f 16224 16148 16147
f 16225 16226 16227
f 16228 16229 288
f 130 16230 131
f 16231 124 16232
f 16233 16234 16235
f 92 94 16236
f 16237 16238 16239
f 16240 16241 16242
f 16243 61 16244
f 16245 16246 16247
f 16248 16249 16250
f 16251 16250 16252
f 16253 74 16254
f 16255 73 68
f 16256 32 16257
f 16258 16259 57
f 16260 16261 16262
f 16263 16264 16265
f 16266 16267 16268
f 16269 16270 16271
f 16272 16273 16274
f 16275 16276 16277
f 16278 16279 16280
f 16281 16282 16283
f 16284 16285 16286
f 50 16287 51
f 16288 16289 16290
f 16291 16292 16293
f 16294 16295 16296
f 16297 16298 16299
f 16300 16301 16302
f 16303 16304 16305
f 16306 16288 16290
f 16307 16308 16309
f 16310 16242 16311
f 16312 16313 16314
f 16315 16316 48
f 16317 16318 16319
f 16320 6110 6113
f 16321 16322 16323
f 16324 16325 16326
f 16295 16327 16328
