# Tarmin2 Converted Camp Model
mtllib weapon_rack.mtl
usemtl weapon_rack

v -0.1900 0.0600 0.2865
v -0.1855 0.0643 0.2903
v -0.1838 0.0612 0.2877
v -0.1926 0.0630 0.2835
v -0.1889 0.0661 0.2872
v -0.1826 0.0638 0.2846
v -0.1883 0.0679 0.2737
v -0.1859 0.0633 0.2710
v -0.1896 0.0566 0.2700
v -0.1895 0.0548 0.2644
v -0.1934 0.0552 0.2766
v -0.1965 0.0575 0.2761
v -0.1940 0.0651 0.2797
v -0.1923 0.0672 0.2732
v -0.1929 0.0685 0.2661
v -0.1871 0.0672 0.2525
v -0.1885 0.0695 0.2438
v -0.1857 0.0670 0.2378
v -0.1876 0.0583 0.2623
v -0.2014 0.0556 0.2658
v -0.2016 0.0562 0.2611
v -0.2060 0.0585 0.2547
v -0.1990 0.0657 0.2629
v -0.2043 0.0680 0.2531
v -0.1964 0.0710 0.2590
v -0.1964 0.0723 0.2440
v -0.1946 0.0732 0.2354
v -0.1914 0.0713 0.2461
v -0.1882 0.0693 0.2340
v -0.1895 0.0738 0.2267
v -0.1881 0.0693 0.2271
v -0.1800 0.0527 0.2477
v -0.1860 0.0585 0.2416
v -0.1799 0.0539 0.2410
v -0.1648 0.0448 0.2482
v -0.1678 0.0491 0.2403
v -0.1628 0.0458 0.2417
v -0.1614 0.0391 0.2615
v -0.1604 0.0405 0.2559
v -0.1592 0.0345 0.2616
v -0.1676 0.0287 0.2706
v -0.1655 0.0260 0.2685
v -0.1696 0.0264 0.2677
v -0.1649 0.0350 0.2693
v -0.1707 0.0404 0.2620
v -0.1652 0.0381 0.2664
v -0.1720 0.0438 0.2585
v -0.1761 0.0483 0.2521
v -0.1726 0.0485 0.2478
v -0.1805 0.0366 0.2463
v -0.1787 0.0366 0.2549
v -0.1760 0.0318 0.2488
v -0.1879 0.0421 0.2433
v -0.1846 0.0346 0.2324
v -0.1903 0.0401 0.2338
v -0.1960 0.0506 0.2493
v -0.2025 0.0562 0.2468
v -0.2106 0.0602 0.2517
v -0.2094 0.0662 0.2504
v -0.2067 0.0629 0.2550
v -0.2136 0.0743 0.2202
v -0.2085 0.0766 0.2128
v -0.2053 0.0727 0.2368
v -0.1941 0.0754 0.2267
v -0.1909 0.0721 0.2348
v -0.1846 0.0745 0.2164
v -0.1838 0.0726 0.2125
v -0.1871 0.0701 0.2194
v -0.1878 0.0571 0.2276
v -0.1894 0.0636 0.2275
v -0.1916 0.0599 0.2252
v -0.1733 0.0521 0.2337
v -0.1799 0.0535 0.2274
v -0.1732 0.0534 0.2261
v -0.1617 0.0478 0.2346
v -0.1599 0.0422 0.2419
v -0.1577 0.0385 0.2541
v -0.1580 0.0349 0.2568
v -0.1635 0.0274 0.2605
v -0.1660 0.0281 0.2552
v -0.1713 0.0277 0.2560
v -0.1724 0.0271 0.2653
v -0.1736 0.0293 0.2626
v -0.1718 0.0314 0.2419
v -0.1673 0.0392 0.2356
v -0.1719 0.0354 0.2351
v -0.1797 0.0335 0.2366
v -0.1763 0.0305 0.2308
v -0.1784 0.0286 0.2276
v -0.1737 0.0209 0.2279
v -0.1790 0.0276 0.2202
v -0.1767 0.0203 0.2160
v -0.1721 0.0144 0.2343
v -0.1781 0.0208 0.2286
v -0.1726 0.0184 0.2317
v -0.1672 0.0012 0.2377
v -0.1671 0.0051 0.2375
v -0.1674 0.0085 0.2326
v -0.1672 0.0017 0.2212
v -0.1697 0.0057 0.2124
v -0.1715 0.0000 0.2137
v -0.1775 0.0021 0.2331
v -0.1813 0.0069 0.2305
v -0.1787 0.0063 0.2335
v -0.1781 0.0132 0.2311
v -0.1920 0.0365 0.2270
v -0.1980 0.0429 0.2264
v -0.1953 0.0441 0.2322
v -0.2178 0.0596 0.2406
v -0.2066 0.0565 0.2346
v -0.2133 0.0582 0.2329
v -0.2165 0.0678 0.2388
v -0.2177 0.0674 0.2338
v -0.2156 0.0712 0.2362
v -0.2200 0.0702 0.2201
v -0.2193 0.0712 0.2134
v -0.2178 0.0733 0.2196
v -0.2172 0.0730 0.1966
v -0.2185 0.0767 0.1918
v -0.2192 0.0767 0.1989
v -0.2060 0.0759 0.2043
v -0.2008 0.0744 0.1977
v -0.2014 0.0742 0.2062
v -0.1939 0.0752 0.2057
v -0.1935 0.0745 0.1997
v -0.1876 0.0764 0.2057
v -0.1856 0.0693 0.1998
v -0.1843 0.0749 0.2031
v -0.1891 0.0739 0.1982
v -0.1928 0.0588 0.2203
v -0.1891 0.0656 0.2131
v -0.1944 0.0641 0.2133
v -0.1936 0.0587 0.2131
v -0.1940 0.0589 0.2058
v -0.1868 0.0570 0.2133
v -0.1800 0.0565 0.2125
v -0.1865 0.0590 0.2081
v -0.1793 0.0606 0.2065
v -0.1629 0.0494 0.2246
v -0.1593 0.0526 0.2258
v -0.1557 0.0526 0.2233
v -0.1616 0.0435 0.2356
v -0.1661 0.0457 0.2283
v -0.1725 0.0452 0.2244
v -0.1726 0.0501 0.2204
v -0.1799 0.0426 0.2213
v -0.1805 0.0356 0.2205
v -0.1838 0.0426 0.2138
v -0.1840 0.0348 0.2139
v -0.1811 0.0261 0.2144
v -0.1849 0.0238 0.1988
v -0.1741 0.0113 0.2007
v -0.1707 0.0046 0.1986
v -0.1697 0.0014 0.2024
v -0.1809 0.0057 0.2254
v -0.1883 0.0118 0.2197
v -0.1841 0.0086 0.2260
v -0.1915 0.0158 0.2185
v -0.1940 0.0208 0.2161
v -0.1900 0.0208 0.2210
v -0.1958 0.0352 0.2218
v -0.1953 0.0280 0.2180
v -0.2009 0.0379 0.2165
v -0.2030 0.0497 0.2266
v -0.2081 0.0569 0.2274
v -0.2141 0.0607 0.2229
v -0.2146 0.0634 0.2188
v -0.2188 0.0611 0.2237
v -0.2078 0.0635 0.2126
v -0.2002 0.0646 0.2054
v -0.2077 0.0646 0.2065
v -0.2148 0.0703 0.1988
v -0.2122 0.0647 0.1906
v -0.2154 0.0685 0.1912
v -0.2145 0.0764 0.1878
v -0.2173 0.0733 0.1802
v -0.2139 0.0729 0.1781
v -0.2061 0.0731 0.1857
v -0.1964 0.0724 0.1923
v -0.1841 0.0649 0.1990
v -0.1847 0.0647 0.1900
v -0.1783 0.0620 0.1973
v -0.1650 0.0542 0.2137
v -0.1593 0.0558 0.1993
v -0.1668 0.0586 0.1934
v -0.1723 0.0534 0.2135
v -0.1857 0.0428 0.2054
v -0.1812 0.0497 0.2062
v -0.1849 0.0475 0.2039
v -0.1885 0.0435 0.1703
v -0.1892 0.0431 0.1638
v -0.1909 0.0346 0.1740
v -0.1854 0.0224 0.1835
v -0.1821 0.0216 0.1629
v -0.1719 0.0093 0.1700
v -0.1709 0.0031 0.1813
v -0.1736 0.0055 0.1644
v -0.1737 0.0043 0.1739
v -0.1933 0.0183 0.1897
v -0.1876 0.0139 0.1649
v -0.1968 0.0221 0.1595
v -0.2024 0.0288 0.2073
v -0.2048 0.0312 0.1974
v -0.2064 0.0362 0.2040
v -0.2038 0.0494 0.2124
v -0.2063 0.0451 0.2055
v -0.2053 0.0511 0.2073
v -0.2003 0.0587 0.2121
v -0.2003 0.0641 0.2122
v -0.2048 0.0577 0.2127
v -0.2006 0.0593 0.2021
v -0.1966 0.0597 0.2017
v -0.2075 0.0497 0.2005
v -0.2093 0.0522 0.1942
v -0.2061 0.0562 0.1987
v -0.2066 0.0625 0.1989
v -0.2084 0.0580 0.1925
v -0.2086 0.0619 0.1926
v -0.2186 0.0632 0.1820
v -0.2243 0.0583 0.1791
v -0.2221 0.0621 0.1770
v -0.2151 0.0681 0.1695
v -0.2212 0.0635 0.1632
v -0.2138 0.0668 0.1628
v -0.1887 0.0650 0.1789
v -0.1955 0.0662 0.1676
v -0.1857 0.0640 0.1718
v -0.1698 0.0559 0.1849
v -0.1769 0.0613 0.1767
v -0.1723 0.0587 0.1747
v -0.1700 0.0557 0.1692
v -0.1692 0.0524 0.1622
v -0.1731 0.0512 0.1643
v -0.1840 0.0486 0.1632
v -0.1845 0.0480 0.1569
v -0.1926 0.0397 0.1619
v -0.1928 0.0414 0.1564
v -0.1935 0.0341 0.1524
v -0.1869 0.0265 0.1556
v -0.1861 0.0258 0.1460
v -0.1788 0.0210 0.1500
v -0.1778 0.0071 0.1577
v -0.1720 0.0102 0.1584
v -0.1783 0.0108 0.1480
v -0.1870 0.0143 0.1423
v -0.1856 0.0159 0.1329
v -0.1917 0.0179 0.1382
v -0.1951 0.0207 0.1182
v -0.2044 0.0297 0.1192
v -0.2084 0.0333 0.1430
v -0.2233 0.0395 0.1843
v -0.2210 0.0404 0.1740
v -0.2295 0.0406 0.1844
v -0.2451 0.0287 0.2071
v -0.2373 0.0359 0.1929
v -0.2450 0.0299 0.1938
v -0.2501 0.0235 0.2282
v -0.2493 0.0229 0.2207
v -0.2542 0.0160 0.2302
v -0.2560 0.0081 0.2489
v -0.2567 0.0111 0.2402
v -0.2597 0.0040 0.2489
v -0.2703 0.0064 0.2608
v -0.2710 0.0025 0.2540
v -0.2744 0.0041 0.2541
v -0.2714 0.0153 0.2696
v -0.2744 0.0183 0.2646
v -0.2724 0.0186 0.2711
v -0.2651 0.0104 0.2670
v -0.2607 0.0093 0.2629
v -0.2650 0.0072 0.2634
v -0.2563 0.0051 0.2511
v -0.2534 0.0214 0.2356
v -0.2505 0.0278 0.2307
v -0.2568 0.0311 0.2545
v -0.2556 0.0277 0.2416
v -0.2568 0.0244 0.2443
v -0.2508 0.0414 0.2477
v -0.2465 0.0414 0.2413
v -0.2521 0.0377 0.2473
v -0.2397 0.0442 0.2266
v -0.2391 0.0443 0.2196
v -0.2423 0.0361 0.2244
v -0.2361 0.0506 0.2202
v -0.2373 0.0498 0.2130
v -0.2379 0.0426 0.2038
v -0.2357 0.0436 0.1984
v -0.2373 0.0383 0.1991
v -0.2219 0.0402 0.1887
v -0.2217 0.0438 0.1907
v -0.2137 0.0388 0.1906
v -0.2087 0.0363 0.1962
v -0.2217 0.0483 0.1892
v -0.2156 0.0449 0.1925
v -0.2217 0.0564 0.1831
v -0.2227 0.0635 0.1703
v -0.2292 0.0618 0.1633
v -0.2211 0.0635 0.1488
v -0.2236 0.0643 0.1430
v -0.2154 0.0662 0.1502
v -0.1966 0.0668 0.1563
v -0.2038 0.0701 0.1388
v -0.1922 0.0669 0.1490
v -0.1704 0.0575 0.1637
v -0.1785 0.0609 0.1565
v -0.1748 0.0580 0.1564
v -0.1689 0.0488 0.1583
v -0.1641 0.0470 0.1530
v -0.1698 0.0485 0.1530
v -0.1795 0.0516 0.1516
v -0.1809 0.0554 0.1502
v -0.1873 0.0505 0.1497
v -0.1893 0.0531 0.1427
v -0.1909 0.0567 0.1312
v -0.1920 0.0479 0.1480
v -0.1896 0.0450 0.1569
v -0.1908 0.0471 0.1526
v -0.1921 0.0285 0.1381
v -0.1906 0.0285 0.1231
v -0.1855 0.0263 0.1352
v -0.1739 0.0134 0.1493
v -0.1756 0.0148 0.1424
v -0.1798 0.0150 0.1307
v -0.1767 0.0179 0.1244
v -0.1808 0.0183 0.1192
v -0.1937 0.0229 0.1022
v -0.1907 0.0236 0.0883
v -0.1958 0.0263 0.0861
v -0.2030 0.0318 0.1031
v -0.2057 0.0353 0.1067
v -0.2070 0.0359 0.1142
v -0.2163 0.0425 0.1395
v -0.2139 0.0436 0.1283
v -0.2220 0.0446 0.1386
v -0.2420 0.0424 0.1618
v -0.2357 0.0442 0.1473
v -0.2464 0.0418 0.1540
v -0.2373 0.0397 0.1780
v -0.2433 0.0371 0.1748
v -0.2498 0.0304 0.1841
v -0.2656 0.0144 0.2096
v -0.2573 0.0203 0.1985
v -0.2636 0.0228 0.1940
v -0.2683 0.0106 0.2204
v -0.2720 0.0129 0.2187
v -0.2723 0.0118 0.2252
v -0.2788 0.0258 0.2468
v -0.2759 0.0249 0.2366
v -0.2779 0.0340 0.2434
v -0.2848 0.0430 0.2633
v -0.2809 0.0361 0.2535
v -0.2842 0.0435 0.2558
v -0.2921 0.0510 0.2724
v -0.2964 0.0561 0.2712
v -0.2866 0.0492 0.2729
v -0.2768 0.0276 0.2658
v -0.2790 0.0320 0.2596
v -0.2792 0.0344 0.2669
v -0.2776 0.0076 0.2488
v -0.2746 0.0032 0.2423
v -0.2734 0.0052 0.2313
v -0.2676 0.0067 0.2253
v -0.2605 0.0113 0.2223
v -0.2647 0.0097 0.2213
v -0.2603 0.0082 0.2354
v -0.2543 0.0168 0.2200
v -0.2739 0.0248 0.2696
v -0.2741 0.0355 0.2719
v -0.2780 0.0461 0.2711
v -0.2658 0.0341 0.2716
v -0.2595 0.0151 0.2668
v -0.2579 0.0286 0.2621
v -0.2580 0.0122 0.2641
v -0.2546 0.0447 0.2517
v -0.2506 0.0474 0.2454
v -0.2546 0.0414 0.2541
v -0.2397 0.0485 0.2401
v -0.2363 0.0531 0.2273
v -0.2364 0.0499 0.2338
v -0.2418 0.0570 0.2130
v -0.2397 0.0547 0.2081
v -0.2385 0.0533 0.2148
v -0.2431 0.0651 0.1940
v -0.2405 0.0616 0.1915
v -0.2397 0.0566 0.1990
v -0.2285 0.0483 0.1910
v -0.2290 0.0528 0.1876
v -0.2400 0.0654 0.1771
v -0.2467 0.0663 0.1699
v -0.2396 0.0657 0.1667
v -0.2353 0.0634 0.1558
v -0.2349 0.0640 0.1483
v -0.2294 0.0610 0.1560
v -0.2295 0.0643 0.1428
v -0.2363 0.0689 0.1410
v -0.2296 0.0685 0.1366
v -0.2145 0.0705 0.1370
v -0.2209 0.0735 0.1309
v -0.2154 0.0730 0.1315
v -0.1894 0.0676 0.1345
v -0.1942 0.0724 0.1266
v -0.1891 0.0692 0.1271
v -0.1870 0.0572 0.1421
v -0.1869 0.0637 0.1354
v -0.1972 0.0422 0.1347
v -0.1963 0.0503 0.1206
v -0.1946 0.0331 0.1272
v -0.1810 0.0254 0.1323
v -0.1850 0.0279 0.1260
v -0.1790 0.0283 0.1212
v -0.1761 0.0198 0.1339
v -0.1751 0.0208 0.1272
v -0.1762 0.0153 0.1351
v -0.1798 0.0209 0.1084
v -0.1759 0.0238 0.1059
v -0.1777 0.0212 0.1038
v -0.1817 0.0242 0.0829
v -0.1824 0.0255 0.0669
v -0.1863 0.0243 0.0768
v -0.1911 0.0255 0.0709
v -0.1953 0.0278 0.0657
v -0.2030 0.0350 0.0976
v -0.2098 0.0538 0.1175
v -0.2043 0.0480 0.1073
v -0.2058 0.0583 0.1058
v -0.2180 0.0666 0.1105
v -0.2236 0.0720 0.1086
v -0.2318 0.0700 0.1184
v -0.2371 0.0485 0.1335
v -0.2307 0.0581 0.1256
v -0.2391 0.0592 0.1311
v -0.2435 0.0570 0.1364
v -0.2445 0.0631 0.1340
v -0.2490 0.0594 0.1375
v -0.2512 0.0618 0.1587
v -0.2565 0.0546 0.1492
v -0.2538 0.0620 0.1490
v -0.2490 0.0599 0.1769
v -0.2491 0.0616 0.1686
v -0.2473 0.0643 0.1761
v -0.2496 0.0680 0.1923
v -0.2497 0.0590 0.1844
v -0.2475 0.0668 0.1852
v -0.2527 0.0673 0.2111
v -0.2553 0.0704 0.2090
v -0.2483 0.0660 0.2071
v -0.2490 0.0513 0.2395
v -0.2527 0.0552 0.2334
v -0.2441 0.0507 0.2387
v -0.2653 0.0604 0.2393
v -0.2675 0.0644 0.2323
v -0.2602 0.0595 0.2332
v -0.2623 0.0637 0.2263
v -0.2671 0.0664 0.2258
v -0.2661 0.0666 0.2193
v -0.2588 0.0640 0.2078
v -0.2587 0.0681 0.2031
v -0.2603 0.0687 0.2072
v -0.2508 0.0591 0.1904
v -0.2555 0.0579 0.2071
v -0.2527 0.0549 0.2010
v -0.2543 0.0600 0.2010
v -0.2703 0.0646 0.2241
v -0.2636 0.0639 0.2165
v -0.2795 0.0680 0.2414
v -0.2782 0.0677 0.2351
v -0.2730 0.0652 0.2390
v -0.2636 0.0476 0.2566
v -0.2718 0.0582 0.2516
v -0.2621 0.0539 0.2469
v -0.2861 0.0585 0.2654
v -0.2878 0.0650 0.2602
v -0.2761 0.0541 0.2613
v -0.2812 0.0654 0.2537
v -0.2803 0.0672 0.2480
v -0.2762 0.0647 0.2463
v -0.2932 0.0628 0.2509
v -0.2890 0.0635 0.2445
v -0.2910 0.0664 0.2501
v -0.2956 0.0621 0.2566
v -0.2940 0.0647 0.2545
v -0.2958 0.0529 0.2637
v -0.2981 0.0569 0.2635
v -0.2901 0.0520 0.2553
v -0.2852 0.0512 0.2501
v -0.2914 0.0575 0.2504
v -0.2748 0.0562 0.2354
v -0.2654 0.0558 0.2273
v -0.2796 0.0631 0.2336
v -0.2717 0.0416 0.2356
v -0.2697 0.0476 0.2342
v -0.2749 0.0451 0.2391
v -0.2812 0.0430 0.2500
v -0.2790 0.0433 0.2443
v -0.2663 0.0459 0.2330
v -0.2631 0.0429 0.2287
v -0.2638 0.0493 0.2281
v -0.2618 0.0538 0.2235
v -0.2583 0.0553 0.2190
v -0.2643 0.0592 0.2214
v -0.2517 0.0518 0.2064
v -0.2515 0.0496 0.1970
v -0.2531 0.0459 0.1768
v -0.2549 0.0476 0.1697
v -0.2507 0.0503 0.1769
v -0.2509 0.0510 0.1719
v -0.2519 0.0546 0.1656
v -0.2504 0.0563 0.1699
v -0.2607 0.0474 0.1549
v -0.2552 0.0513 0.1618
v -0.2630 0.0378 0.1582
v -0.2645 0.0419 0.1568
v -0.2663 0.0395 0.1596
v -0.2584 0.0409 0.1810
v -0.2672 0.0364 0.1767
v -0.2590 0.0426 0.1689
v -0.2534 0.0397 0.1984
v -0.2565 0.0395 0.1909
v -0.2510 0.0443 0.1988
v -0.2536 0.0421 0.2134
v -0.2513 0.0461 0.2108
v -0.2532 0.0499 0.2136
v -0.2662 0.0304 0.1946
v -0.2711 0.0292 0.1851
v -0.2673 0.0328 0.1851
v -0.2718 0.0257 0.1936
v -0.2649 0.0283 0.1816
v -0.2682 0.0269 0.1840
v -0.2636 0.0297 0.2130
v -0.2657 0.0288 0.2063
v -0.2577 0.0352 0.2135
v -0.2733 0.0216 0.2254
v -0.2717 0.0246 0.2214
v -0.2725 0.0270 0.2285
v -0.2572 0.0344 0.1666
v -0.2494 0.0380 0.1642
v -0.2552 0.0382 0.1588
v -0.2532 0.0417 0.1522
v -0.2505 0.0461 0.1460
v -0.2610 0.0403 0.1537
v -0.2135 0.0505 0.1227
v -0.2226 0.0585 0.1207
v -0.2226 0.0507 0.1266
v -0.2070 0.0497 0.1140
v -0.2092 0.0496 0.1187
v -0.2577 0.0425 0.2215
v -0.2867 0.0672 0.2546
v -0.2631 0.0685 0.2143
v -0.2452 0.0723 0.1478
v -0.2500 0.0736 0.1462
v -0.2511 0.0763 0.1420
v -0.2378 0.0754 0.1345
v -0.2304 0.0814 0.1237
v -0.2300 0.0858 0.1209
v -0.2268 0.0816 0.1222
v -0.2156 0.0770 0.1200
v -0.2240 0.0829 0.1187
v -0.2158 0.0792 0.1165
v -0.1879 0.0752 0.1188
v -0.1925 0.0772 0.1161
v -0.1865 0.0780 0.1137
v -0.1879 0.0726 0.1117
v -0.1858 0.0790 0.1065
v -0.1900 0.0714 0.1037
v -0.1983 0.0501 0.1084
v -0.1962 0.0580 0.1036
v -0.2008 0.0480 0.1062
v -0.1966 0.0410 0.1127
v -0.1960 0.0395 0.1053
v -0.1932 0.0347 0.1126
v -0.1817 0.0342 0.1004
v -0.1763 0.0297 0.1127
v -0.1726 0.0281 0.0991
v -0.1747 0.0262 0.0934
v -0.1781 0.0267 0.0704
v -0.1865 0.0269 0.0389
v -0.1870 0.0272 0.0197
v -0.1913 0.0273 0.0365
v -0.1987 0.0310 0.0607
v -0.2009 0.0331 0.0421
v -0.2006 0.0342 0.0577
v -0.2020 0.0363 0.0899
v -0.2007 0.0343 0.0746
v -0.2019 0.0380 0.0848
v -0.1950 0.0390 0.0976
v -0.1939 0.0392 0.0894
v -0.1895 0.0375 0.0949
v -0.1742 0.0364 0.0832
v -0.1812 0.0408 0.0727
v -0.1762 0.0408 0.0653
v -0.1711 0.0351 0.0711
v -0.1699 0.0390 0.0627
v -0.1690 0.0362 0.0491
v -0.1741 0.0328 0.0343
v -0.1753 0.0322 0.0249
v -0.1769 0.0300 0.0360
v -0.1771 0.0277 0.0026
v -0.1752 0.0325 -0.0128
v -0.1769 0.0274 -0.0080
v -0.2039 0.0433 0.0287
v -0.2008 0.0364 0.0219
v -0.2070 0.0452 0.0191
v -0.2004 0.0447 0.0494
v -0.2018 0.0470 0.0422
v -0.1993 0.0482 0.0476
v -0.1985 0.0409 0.0764
v -0.1988 0.0428 0.0617
v -0.1965 0.0427 0.0733
v -0.2013 0.0376 0.0494
v -0.2034 0.0424 0.0381
v -0.2010 0.0414 0.0519
v -0.1713 0.0418 0.0555
v -0.1692 0.0409 0.0492
v -0.1706 0.0363 0.0415
v -0.1693 0.0416 0.0338
v -0.1733 0.0325 0.0416
v -0.1738 0.0361 0.0207
v -0.1763 0.0299 0.0102
v -0.1727 0.0415 -0.0234
v -0.1727 0.0411 -0.0362
v -0.1739 0.0358 -0.0279
v -0.1964 0.0276 -0.0144
v -0.1895 0.0288 -0.0248
v -0.1964 0.0301 -0.0242
v -0.1960 0.0268 0.0062
v -0.2006 0.0360 0.0048
v -0.2011 0.0387 0.0136
v -0.2142 0.0507 0.0191
v -0.2087 0.0488 0.0208
v -0.2029 0.0549 0.0328
v -0.2077 0.0507 0.0260
v -0.2070 0.0560 0.0266
v -0.1979 0.0530 0.0401
v -0.1935 0.0498 0.0481
v -0.1696 0.0440 0.0417
v -0.1780 0.0523 0.0334
v -0.1680 0.0482 0.0327
v -0.1646 0.0504 0.0267
v -0.1637 0.0499 0.0204
v -0.1568 0.0510 0.0058
v -0.1635 0.0495 -0.0003
v -0.1708 0.0454 -0.0185
v -0.1712 0.0472 -0.0257
v -0.1735 0.0346 -0.0365
v -0.1813 0.0294 -0.0309
v -0.1935 0.0295 -0.0348
v -0.2006 0.0381 -0.0296
v -0.1993 0.0339 -0.0385
v -0.2000 0.0400 -0.0423
v -0.2064 0.0456 -0.0073
v -0.2040 0.0442 -0.0145
v -0.2101 0.0499 -0.0093
v -0.2257 0.0507 -0.0062
v -0.2349 0.0525 -0.0123
v -0.2525 0.0505 -0.0023
v -0.2835 0.0532 0.0216
v -0.2964 0.0518 0.0192
v -0.3090 0.0522 0.0197
v -0.2234 0.0530 0.0202
v -0.2222 0.0498 0.0162
v -0.2660 0.0698 0.0228
v -0.2577 0.1065 0.0230
v -0.2308 0.0749 0.0226
v -0.2059 0.0623 0.0260
v -0.2069 0.0706 0.0237
v -0.2000 0.0646 0.0276
v -0.1937 0.0596 0.0307
v -0.1939 0.0643 0.0280
v -0.1902 0.0580 0.0296
v -0.1797 0.0571 0.0278
v -0.1795 0.0626 0.0259
v -0.1732 0.0562 0.0280
v -0.1432 0.0601 0.0243
v -0.1490 0.0660 0.0246
v -0.1362 0.0675 0.0236
v -0.1275 0.0517 0.0178
v -0.1385 0.0513 0.0127
v -0.1468 0.0520 0.0194
v -0.1245 0.0524 -0.0079
v -0.1573 0.0522 -0.0125
v -0.1501 0.0553 -0.0175
v -0.1559 0.0579 -0.0198
v -0.1588 0.0534 -0.0169
v -0.1715 0.0519 -0.0238
v -0.1751 0.0535 -0.0295
v -0.1725 0.0499 -0.0284
v -0.1792 0.0588 -0.0434
v -0.1901 0.0630 -0.0439
v -0.1752 0.0622 -0.0436
v -0.1707 0.0497 -0.0632
v -0.1658 0.0575 -0.0757
v -0.1704 0.0500 -0.0854
v -0.1789 0.0297 -0.0381
v -0.1740 0.0303 -0.0631
v -0.1841 0.0300 -0.0693
v -0.1960 0.0283 -0.0547
v -0.1984 0.0327 -0.0569
v -0.1999 0.0325 -0.0472
v -0.1997 0.0459 -0.0464
v -0.2005 0.0464 -0.0579
v -0.1998 0.0500 -0.0514
v -0.2063 0.0507 -0.0205
v -0.2005 0.0425 -0.0288
v -0.2015 0.0499 -0.0252
v -0.2160 0.0513 -0.0133
v -0.2160 0.0541 -0.0176
v -0.3139 0.0529 -0.0133
v -0.2838 0.0545 -0.0183
v -0.3003 0.0544 -0.0182
v -0.2988 0.0507 0.0065
v -0.3396 0.0501 0.0169
v -0.3714 0.0540 0.0217
v -0.3659 0.0521 0.0195
v -0.3878 0.0530 0.0225
v -0.3236 0.0881 0.0241
v -0.2655 0.1023 0.0236
v -0.2505 0.1068 0.0230
v -0.2145 0.0922 0.0221
v -0.2149 0.0707 0.0225
v -0.2066 0.0817 0.0236
v -0.1995 0.0717 0.0260
v -0.1915 0.0708 0.0267
v -0.1904 0.0825 0.0293
v -0.1823 0.0840 0.0277
v -0.1847 0.0796 0.0273
v -0.1437 0.0776 0.0234
v -0.1514 0.0876 0.0278
v -0.1403 0.0862 0.0250
v -0.0868 0.0513 0.0186
v -0.1226 0.0598 0.0229
v -0.0981 0.0595 0.0226
v -0.0794 0.0508 0.0161
v -0.0656 0.0504 0.0169
v -0.0675 0.0507 0.0095
v -0.0225 0.0515 -0.0017
v -0.0501 0.0531 -0.0131
v -0.0938 0.0518 -0.0069
v -0.0912 0.0551 -0.0175
v -0.0998 0.0580 -0.0202
v -0.1078 0.0544 -0.0185
v -0.1471 0.0649 -0.0210
v -0.1591 0.0645 -0.0211
v -0.1727 0.0571 -0.0223
v -0.1755 0.0641 -0.0227
v -0.1793 0.0595 -0.0219
v -0.1844 0.0509 -0.0369
v -0.1892 0.0497 -0.0407
v -0.1866 0.0555 -0.0429
v -0.1928 0.0494 -0.0365
v -0.1929 0.0501 -0.0410
v -0.1880 0.0495 -0.0367
v -0.1993 0.0489 -0.0290
v -0.1966 0.0484 -0.0355
v -0.1926 0.0505 -0.0311
v -0.1998 0.0556 -0.0452
v -0.2001 0.0545 -0.0511
v -0.2059 0.0588 -0.0474
v -0.2233 0.0636 -0.0428
v -0.2399 0.0658 -0.0394
v -0.2184 0.0660 -0.0400
v -0.2007 0.0716 -0.0370
v -0.1937 0.1028 -0.0333
v -0.1938 0.0717 -0.0370
v -0.1800 0.0735 -0.0390
v -0.1789 0.0941 -0.0370
v -0.1681 0.0774 -0.0400
v -0.1403 0.0634 -0.0473
v -0.1517 0.0653 -0.0442
v -0.1329 0.0649 -0.0443
v -0.1580 0.0619 -0.0514
v -0.1583 0.0599 -0.0703
v -0.1666 0.0572 -0.0512
v -0.1678 0.0568 -0.1208
v -0.1583 0.0623 -0.1168
v -0.1685 0.0635 -0.1207
v -0.1717 0.0321 -0.0756
v -0.1717 0.0326 -0.0898
v -0.1751 0.0315 -0.0801
v -0.1888 0.0302 -0.0856
v -0.1932 0.0299 -0.0951
v -0.1970 0.0299 -0.0793
v -0.1985 0.0356 -0.0698
v -0.1993 0.0423 -0.0808
v -0.2010 0.0548 -0.0652
v -0.2011 0.0558 -0.0830
v -0.2072 0.0574 -0.0689
v -0.2364 0.0631 -0.0414
v -0.2301 0.0615 -0.0533
v -0.2499 0.0617 -0.0537
v -0.2735 0.0629 -0.0416
v -0.2624 0.0666 -0.0403
v -0.2523 0.0629 -0.0413
v -0.2669 0.0738 -0.0393
v -0.2345 0.0729 -0.0390
v -0.2151 0.0935 -0.0367
v -0.2120 0.1132 -0.0356
v -0.1866 0.1063 -0.0339
v -0.1866 0.1135 -0.0311
v -0.1435 0.0717 -0.0410
v -0.1377 0.0959 -0.0400
v -0.1147 0.0726 -0.0407
v -0.1224 0.0628 -0.0469
v -0.1141 0.0644 -0.0437
v -0.0413 0.0619 -0.0514
v -0.0754 0.0612 -0.0704
v -0.0884 0.0621 -0.0532
v -0.1009 0.0628 -0.0447
v -0.1008 0.0656 -0.0419
v -0.0923 0.0676 -0.0419
v -0.0367 0.0633 -0.0427
v -0.0202 0.0630 -0.0467
v -0.0001 0.0631 -0.0471
v 0.0111 0.0644 -0.0438
v 0.0226 0.0630 -0.0476
v 0.0692 0.0617 -0.0536
v 0.0556 0.0609 -0.0670
v 0.0424 0.0620 -0.0529
v -0.1067 0.0610 -0.0925
v -0.0640 0.0612 -0.1073
v -0.1283 0.0619 -0.1116
v -0.1429 0.0669 -0.1178
v -0.1298 0.0752 -0.1184
v -0.1555 0.0709 -0.1192
v -0.1931 0.0592 -0.1226
v -0.1900 0.0671 -0.1221
v -0.2008 0.0633 -0.1205
v -0.1734 0.0547 -0.1287
v -0.1709 0.0521 -0.1292
v -0.1695 0.0447 -0.1289
v -0.1679 0.0434 -0.1360
v -0.1707 0.0383 -0.1290
v -0.1751 0.0337 -0.1162
v -0.1981 0.0372 -0.1132
v -0.1994 0.0404 -0.1289
v -0.1992 0.0439 -0.1197
v -0.2019 0.0564 -0.1077
v -0.2012 0.0561 -0.1146
v -0.2074 0.0577 -0.0981
v -0.2820 0.0610 -0.0680
v -0.2336 0.0605 -0.0707
v -0.2491 0.0606 -0.0862
v -0.3432 0.0607 -0.0777
v -0.3800 0.0604 -0.0909
v -0.4081 0.0602 -0.0675
v -0.3681 0.0626 -0.0413
v -0.3843 0.0627 -0.0411
v -0.3631 0.0662 -0.0401
v -0.3242 0.0627 -0.0417
v -0.3194 0.0679 -0.0402
v -0.2998 0.0681 -0.0404
v -0.2730 0.0914 -0.0385
v -0.3202 0.0970 -0.0387
v -0.2793 0.1150 -0.0385
v -0.2293 0.1280 -0.0373
v -0.2151 0.1344 -0.0333
v -0.2078 0.1280 -0.0351
v -0.1937 0.1135 -0.0306
v -0.1936 0.1345 -0.0317
v -0.1622 0.1142 -0.0390
v -0.1613 0.1319 -0.0395
v -0.1437 0.1312 -0.0398
v -0.0661 0.1115 -0.0399
v -0.0300 0.1231 -0.0401
v -0.0082 0.0989 -0.0398
v -0.0261 0.0678 -0.0419
v -0.0319 0.0728 -0.0407
v -0.0158 0.0719 -0.0409
v 0.0193 0.0681 -0.0419
v -0.0027 0.0678 -0.0420
v 0.0613 0.0667 -0.0423
v 0.0573 0.0729 -0.0409
v 0.0792 0.0658 -0.0413
v 0.1016 0.0618 -0.0485
v 0.0975 0.0609 -0.0531
v 0.0820 0.0625 -0.0482
v 0.1120 0.0585 -0.0869
v 0.1025 0.0596 -0.0945
v 0.0933 0.0599 -0.0765
v -0.0054 0.0606 -0.1105
v -0.0526 0.0620 -0.1172
v -0.0971 0.0620 -0.1172
v -0.0829 0.0650 -0.1189
v -0.1078 0.0674 -0.1179
v -0.1323 0.1130 -0.1184
v -0.1600 0.0851 -0.1191
v -0.2414 0.0712 -0.1188
v -0.2144 0.0733 -0.1192
v -0.2055 0.0926 -0.1190
v -0.2252 0.0634 -0.1165
v -0.2280 0.0668 -0.1182
v -0.2414 0.0622 -0.1172
v -0.2862 0.0610 -0.0907
v -0.2601 0.0616 -0.1085
v -0.2974 0.0617 -0.1069
v -0.3406 0.0610 -0.0955
v -0.4206 0.0610 -0.0448
v -0.4346 0.0574 -0.0710
v -0.4354 0.0576 -0.0599
v -0.4461 0.0545 -0.0345
v -0.4416 0.0573 -0.0510
v -0.4509 0.0521 -0.0414
v -0.4502 0.0519 -0.0125
v -0.4506 0.0524 -0.0269
v -0.4572 0.0506 -0.0249
v -0.4534 0.0502 0.0276
v -0.4431 0.0525 0.0202
v -0.4501 0.0512 0.0088
v -0.4842 0.0466 0.0769
v -0.4338 0.0477 0.0518
v -0.5044 0.0481 0.0533
v -0.5343 0.0459 0.0911
v -0.5318 0.0479 0.0656
v -0.5409 0.0472 0.0863
v -0.5460 0.0429 0.1381
v -0.5516 0.0459 0.1345
v -0.5507 0.0470 0.1425
v -0.5190 0.0463 0.1411
v -0.5278 0.0445 0.1403
v -0.5323 0.0454 0.1427
v -0.4883 0.0454 0.1382
v -0.5088 0.0429 0.1321
v -0.5122 0.0449 0.1394
v -0.4850 0.0424 0.1267
v -0.4567 0.0429 0.1249
v -0.4960 0.0448 0.1017
v -0.4500 0.0432 0.1300
v -0.4483 0.0442 0.1336
v -0.4314 0.0428 0.1303
v -0.4256 0.0474 0.1348
v -0.4474 0.0519 0.1373
v -0.4292 0.0570 0.1377
v -0.4239 0.0444 0.1265
v -0.4241 0.0456 0.1115
v -0.4285 0.0450 0.1082
v -0.4342 0.0463 0.0881
v -0.4265 0.0478 0.0711
v -0.4244 0.0496 0.0387
v -0.4354 0.0506 0.0326
v -0.4453 0.0491 0.0399
v -0.4367 0.0517 0.0138
v -0.4369 0.0517 0.0041
v -0.4341 0.0563 -0.0241
v -0.4404 0.0574 -0.0320
v -0.4438 0.0542 -0.0240
v -0.4222 0.0623 -0.0370
v -0.4120 0.0628 -0.0413
v -0.4148 0.0652 -0.0364
v -0.4127 0.0706 -0.0368
v -0.4076 0.0652 -0.0383
v -0.3938 0.0795 -0.0388
v -0.3932 0.1146 -0.0384
v -0.3718 0.0750 -0.0391
v -0.2882 0.1324 -0.0396
v -0.2863 0.1386 -0.0410
v -0.2752 0.1327 -0.0392
v -0.2590 0.1251 -0.0377
v -0.2641 0.1351 -0.0370
v -0.2590 0.1316 -0.0353
v -0.2724 0.1296 -0.0316
v -0.2715 0.1345 -0.0285
v -0.2798 0.1296 -0.0294
v -0.2831 0.1138 -0.0328
v -0.2850 0.1230 -0.0314
v -0.2999 0.1130 -0.0315
v -0.3290 0.0908 -0.0285
v -0.3360 0.1066 -0.0313
v -0.3485 0.1058 -0.0309
v -0.3699 0.0781 -0.0264
v -0.3578 0.0870 -0.0280
v -0.3694 0.0964 -0.0296
v -0.4088 0.0609 -0.0259
v -0.3931 0.0644 -0.0280
v -0.4075 0.0646 -0.0299
v -0.4212 0.0538 -0.0131
v -0.4063 0.0563 -0.0191
v -0.4225 0.0566 -0.0209
v -0.4106 0.0522 -0.0055
v -0.4473 0.0519 -0.0045
v -0.4155 0.0533 0.0266
v -0.4044 0.0524 0.0207
v -0.4148 0.0515 0.0206
v -0.4077 0.0583 0.0265
v -0.4098 0.0645 0.0281
v -0.3996 0.0576 0.0243
v -0.3764 0.0513 0.0172
v -0.3662 0.0507 0.0130
v -0.3891 0.0504 0.0157
v -0.4075 0.0744 0.0274
v -0.4001 0.0762 0.0256
v -0.4005 0.1018 0.0259
v -0.4060 0.1170 0.0268
v -0.4003 0.1153 0.0253
v -0.2945 0.1117 0.0246
v -0.3156 0.1238 0.0244
v -0.2898 0.1253 0.0254
v -0.2646 0.1142 0.0244
v -0.2713 0.1229 0.0275
v -0.2639 0.1213 0.0282
v -0.2656 0.1300 0.0434
v -0.2700 0.1287 0.0348
v -0.2705 0.1326 0.0344
v -0.2576 0.1340 0.0395
v -0.2516 0.1347 0.0366
v -0.2446 0.1274 0.0513
v -0.2292 0.1065 0.0821
v -0.2346 0.1149 0.0711
v -0.2230 0.1115 0.0716
v -0.2236 0.0972 0.0989
v -0.2293 0.0996 0.0913
v -0.2242 0.1018 0.0868
v -0.2081 0.0822 0.1048
v -0.2081 0.0862 0.0977
v -0.2003 0.0849 0.0991
v -0.1930 0.0811 0.1110
v -0.1719 0.0875 0.1189
v -0.1725 0.0870 0.1137
v -0.1776 0.0877 0.1181
v -0.1780 0.0917 0.0997
v -0.1793 0.0927 0.0919
v -0.1856 0.0843 0.0991
v -0.1920 0.0721 0.0924
v -0.1914 0.0762 0.0882
v -0.1951 0.0661 0.0935
v -0.2021 0.0625 0.0974
v -0.1978 0.0615 0.0965
v -0.2000 0.0649 0.0941
v -0.2105 0.0637 0.1067
v -0.2095 0.0683 0.1036
v -0.2333 0.0735 0.1109
v -0.2429 0.0692 0.1242
v -0.2583 0.0624 0.1350
v -0.2580 0.0672 0.1224
v -0.2616 0.0618 0.1326
v -0.2602 0.0803 0.1362
v -0.2648 0.0727 0.1343
v -0.2641 0.0775 0.1334
v -0.2566 0.0801 0.1374
v -0.2491 0.0791 0.1381
v -0.2468 0.0821 0.1265
v -0.2425 0.0795 0.1313
v -0.2427 0.0858 0.1074
v -0.2385 0.0869 0.1090
v -0.2381 0.0867 0.1128
v -0.2248 0.0940 0.1196
v -0.2225 0.0981 0.1145
v -0.2238 0.0925 0.1128
v -0.2230 0.0980 0.1083
v -0.2214 0.0918 0.1066
v -0.2195 0.1052 0.1150
v -0.2229 0.1026 0.1104
v -0.2205 0.1016 0.1163
v -0.2235 0.0985 0.1253
v -0.2304 0.0958 0.1270
v -0.2302 0.1015 0.1534
v -0.2296 0.0992 0.1432
v -0.2269 0.1047 0.1411
v -0.2040 0.1059 0.1663
v -0.2098 0.1057 0.1547
v -0.1975 0.1068 0.1593
v -0.1968 0.0990 0.1831
v -0.2047 0.0977 0.1792
v -0.1927 0.1014 0.1822
v -0.1893 0.1000 0.1852
v -0.1908 0.0983 0.1765
v -0.1874 0.0962 0.1871
v -0.1996 0.0971 0.1812
v -0.2005 0.0966 0.1770
v -0.2078 0.0966 0.1703
v -0.2002 0.1000 0.1628
v -0.2089 0.0998 0.1589
v -0.2215 0.0968 0.1629
v -0.2162 0.0994 0.1541
v -0.2228 0.0986 0.1537
v -0.2194 0.1006 0.1423
v -0.2194 0.1015 0.1306
v -0.2287 0.0982 0.1336
v -0.2123 0.1041 0.1354
v -0.2134 0.1080 0.1283
v -0.2147 0.1047 0.1248
v -0.2101 0.1070 0.1421
v -0.2158 0.1071 0.1358
v -0.1954 0.1027 0.1639
v -0.1973 0.1030 0.1593
v -0.1951 0.1057 0.1688
v -0.1915 0.1013 0.1714
v -0.2369 0.0904 0.1063
v -0.2371 0.0922 0.0978
v -0.2329 0.0974 0.1083
v -0.2340 0.1022 0.0853
v -0.2291 0.1022 0.0867
v -0.2435 0.1113 0.0719
v -0.2475 0.1166 0.0666
v -0.2422 0.1164 0.0691
v -0.2543 0.1235 0.0570
v -0.2540 0.1270 0.0522
v -0.2476 0.1218 0.0645
v -0.2618 0.1248 0.0477
v -0.2577 0.1223 0.0369
v -0.2630 0.1246 0.0346
v -0.2528 0.1205 0.0318
v -0.2502 0.1198 0.0348
v -0.2505 0.1163 0.0280
v -0.2544 0.1207 0.0493
v -0.2480 0.1192 0.0421
v -0.2542 0.1212 0.0405
v -0.2503 0.1120 0.0631
v -0.2490 0.1133 0.0570
v -0.2513 0.1158 0.0605
v -0.2493 0.1074 0.0639
v -0.2464 0.1036 0.0615
v -0.2475 0.1084 0.0595
v -0.2369 0.1152 0.0504
v -0.2219 0.1176 0.0431
v -0.2369 0.1178 0.0427
v -0.2219 0.1072 0.0228
v -0.2219 0.1154 0.0274
v -0.2139 0.1074 0.0240
v -0.2025 0.1076 0.0318
v -0.2057 0.1140 0.0347
v -0.2005 0.1078 0.0357
v -0.2057 0.1111 0.0503
v -0.1998 0.1089 0.0414
v -0.2023 0.1122 0.0444
v -0.2223 0.1092 0.0583
v -0.2146 0.1128 0.0533
v -0.2221 0.1131 0.0543
v -0.2361 0.0917 0.0750
v -0.2365 0.0998 0.0638
v -0.2439 0.0947 0.0740
v -0.2446 0.0834 0.0914
v -0.2476 0.0887 0.0841
v -0.2553 0.0837 0.0931
v -0.2827 0.0689 0.1136
v -0.2725 0.0705 0.1115
v -0.2762 0.0761 0.1054
v -0.2894 0.0628 0.1194
v -0.3030 0.0647 0.1289
v -0.3017 0.0543 0.1406
v -0.3023 0.0548 0.1465
v -0.3019 0.0579 0.1428
v -0.2838 0.0461 0.1521
v -0.2851 0.0483 0.1446
v -0.2931 0.0452 0.1500
v -0.2689 0.0657 0.1195
v -0.2570 0.0736 0.1080
v -0.2266 0.0794 0.0986
v -0.2260 0.0854 0.0883
v -0.2406 0.0785 0.1004
v -0.2144 0.0912 0.0791
v -0.2148 0.0957 0.0736
v -0.2223 0.0913 0.0786
v -0.2150 0.0989 0.0700
v -0.2062 0.1070 0.0566
v -0.2147 0.1089 0.0584
v -0.1955 0.1010 0.0406
v -0.1933 0.0990 0.0432
v -0.1913 0.0941 0.0405
v -0.1947 0.0842 0.0294
v -0.1926 0.0870 0.0329
v -0.1904 0.0901 0.0376
v -0.1844 0.0931 0.0494
v -0.1827 0.0924 0.0422
v -0.1893 0.0944 0.0478
v -0.1939 0.0848 0.0696
v -0.1922 0.0890 0.0645
v -0.2008 0.0847 0.0746
v -0.2090 0.0837 0.0869
v -0.2095 0.0875 0.0805
v -0.2148 0.0865 0.0852
v -0.1994 0.0795 0.0804
v -0.1868 0.0855 0.0781
v -0.1840 0.0900 0.0712
v -0.1895 0.0851 0.0737
v -0.1687 0.0922 0.0520
v -0.1747 0.0923 0.0442
v -0.1790 0.0938 0.0487
v -0.1502 0.0949 0.0575
v -0.1404 0.0941 0.0554
v -0.1456 0.0923 0.0533
v -0.1515 0.0918 0.0351
v -0.1582 0.0907 0.0343
v -0.1294 0.0853 0.0233
v -0.1305 0.0947 0.0274
v -0.1222 0.0852 0.0232
v -0.0214 0.0693 0.0229
v -0.1169 0.0944 0.0247
v -0.0439 0.1014 0.0239
v -0.0498 0.0528 0.0219
v -0.0595 0.0515 0.0195
v -0.0723 0.0527 0.0219
v -0.0039 0.0504 0.0166
v -0.0152 0.0515 0.0193
v 0.0067 0.0516 0.0191
v 0.0293 0.0529 0.0217
v 0.0410 0.0516 0.0190
v 0.0254 0.0516 0.0189
v 0.0827 0.0530 0.0215
v 0.0723 0.0509 0.0176
v 0.0533 0.0529 0.0216
v 0.0674 0.0504 0.0110
v 0.0772 0.0506 0.0010
v 0.0298 0.0506 0.0086
v 0.0398 0.0531 -0.0140
v 0.0429 0.0545 -0.0180
v 0.0312 0.0541 -0.0189
v -0.0704 0.0543 -0.0189
v -0.0456 0.0643 -0.0247
v -0.0851 0.0620 -0.0220
v -0.0535 0.1057 -0.0311
v -0.1020 0.0907 -0.0266
v -0.0824 0.0710 -0.0247
v -0.1579 0.0738 -0.0216
v -0.1584 0.0861 -0.0258
v -0.1680 0.0778 -0.0254
v -0.1814 0.0652 -0.0235
v -0.1761 0.0707 -0.0249
v -0.1849 0.0708 -0.0268
v -0.1862 0.0587 -0.0221
v -0.1926 0.0541 -0.0264
v -0.1857 0.0530 -0.0277
v -0.2003 0.0613 -0.0220
v -0.2006 0.0715 -0.0300
v -0.2074 0.0621 -0.0216
v -0.2227 0.0602 -0.0217
v -0.2370 0.0601 -0.0226
v -0.2677 0.0608 -0.0236
v -0.2570 0.0654 -0.0277
v -0.2717 0.0648 -0.0276
v -0.3090 0.0593 -0.0213
v -0.3912 0.0547 -0.0188
v -0.3508 0.0549 -0.0181
v -0.3592 0.0644 -0.0267
v -0.3199 0.0714 -0.0263
v -0.3039 0.0781 -0.0267
v -0.3279 0.0777 -0.0269
v -0.2860 0.0713 -0.0298
v -0.2930 0.0852 -0.0288
v -0.2968 0.0742 -0.0274
v -0.2816 0.0927 -0.0324
v -0.2788 0.1065 -0.0346
v -0.2901 0.0986 -0.0312
v -0.2533 0.1318 -0.0366
v -0.2507 0.1285 -0.0360
v -0.2433 0.1281 -0.0365
v -0.2221 0.1335 -0.0340
v -0.2359 0.1324 -0.0359
v -0.2076 0.0851 -0.0338
v -0.1954 0.0911 -0.0321
v -0.2095 0.1073 -0.0328
v -0.2434 0.0715 -0.0329
v -0.2582 0.0767 -0.0330
v -0.2604 0.0700 -0.0307
v -0.2802 0.0648 -0.0261
v -0.2717 0.0714 -0.0322
v -0.2112 0.0715 -0.0303
v -0.2112 0.0782 -0.0334
v -0.2214 0.0730 -0.0310
v -0.2147 0.1254 -0.0331
v -0.2009 0.1340 -0.0315
v -0.2088 0.1360 -0.0344
v -0.2025 0.1467 -0.0367
v -0.2035 0.1531 -0.0456
v -0.2000 0.1461 -0.0419
v -0.1863 0.1385 -0.0391
v -0.1866 0.1401 -0.0445
v -0.1721 0.1387 -0.0400
v -0.1329 0.1408 -0.0688
v -0.0601 0.1408 -0.0666
v -0.0857 0.1405 -0.0544
v -0.0438 0.1389 -0.0412
v -0.0150 0.1313 -0.0410
v 0.0261 0.1092 -0.0394
v 0.0064 0.1229 -0.0399
v 0.0258 0.1274 -0.0386
v 0.0329 0.0755 -0.0407
v 0.0503 0.0923 -0.0396
v 0.0773 0.0748 -0.0399
v 0.0952 0.0658 -0.0413
v 0.1168 0.0604 -0.0489
v 0.1178 0.0630 -0.0445
v 0.1273 0.0601 -0.0455
v 0.1215 0.0579 -0.0555
v 0.1278 0.0555 -0.0578
v 0.1219 0.0574 -0.0652
v 0.1214 0.0572 -0.1075
v 0.1126 0.0588 -0.1045
v 0.0899 0.0622 -0.1180
v 0.0839 0.0668 -0.1205
v 0.0686 0.0622 -0.1179
v 0.0009 0.0619 -0.1172
v -0.0155 0.0659 -0.1183
v -0.0258 0.0620 -0.1173
v -0.0676 0.0750 -0.1188
v -0.0420 0.0725 -0.1194
v -0.0596 0.1009 -0.1183
v -0.0361 0.1192 -0.1188
v -0.0588 0.1223 -0.1185
v -0.1434 0.1323 -0.1181
v -0.1526 0.1371 -0.1172
v -0.1616 0.1345 -0.1196
v -0.1829 0.1134 -0.1191
v -0.2032 0.1146 -0.1189
v -0.2947 0.0680 -0.1173
v -0.2719 0.0770 -0.1180
v -0.3236 0.0731 -0.1176
v -0.2610 0.0624 -0.1171
v -0.2746 0.0622 -0.1131
v -0.3537 0.0627 -0.1162
v -0.3633 0.0672 -0.1166
v -0.3667 0.0634 -0.1153
v -0.4081 0.0596 -0.1052
v -0.3901 0.0614 -0.1111
v -0.4037 0.0612 -0.1119
v -0.4372 0.0545 -0.0761
v -0.4266 0.0566 -0.0867
v -0.4368 0.0527 -0.0893
v -0.4483 0.0494 -0.0636
v -0.4511 0.0481 -0.0768
v -0.4609 0.0481 -0.0673
v -0.4914 0.0487 -0.0058
v -0.5210 0.0475 -0.0402
v -0.5188 0.0486 -0.0141
v -0.5298 0.0507 0.0261
v -0.5249 0.0496 0.0100
v -0.5300 0.0514 0.0174
v -0.5446 0.0496 0.0691
v -0.5391 0.0489 0.0606
v -0.5438 0.0503 0.0484
v -0.5492 0.0488 0.1034
v -0.5466 0.0488 0.0884
v -0.5494 0.0506 0.0915
v -0.5529 0.0581 0.1148
v -0.5515 0.0520 0.1068
v -0.5533 0.0570 0.0955
v -0.5485 0.0565 0.1439
v -0.5507 0.0683 0.1424
v -0.5420 0.0798 0.1423
v -0.4847 0.0896 0.1387
v -0.4665 0.0745 0.1392
v -0.5065 0.0640 0.1413
v -0.4197 0.0675 0.1355
v -0.4239 0.0523 0.1349
v -0.4166 0.0574 0.1266
v -0.4146 0.0656 0.1159
v -0.4166 0.0589 0.0853
v -0.4202 0.0494 0.0450
v -0.4179 0.0536 0.0353
v -0.4208 0.0499 0.0410
v -0.4141 0.0835 0.1161
v -0.4136 0.0734 0.0983
v -0.4193 0.0991 0.1350
v -0.4151 0.0800 0.1295
v -0.4196 0.0837 0.1354
v -0.4167 0.1266 0.1302
v -0.4155 0.1026 0.1285
v -0.4136 0.1050 0.1173
v -0.4130 0.1062 0.1011
v -0.4132 0.0937 0.1047
v -0.4126 0.0925 0.0460
v -0.4120 0.0780 0.0341
v -0.4136 0.0781 0.0421
v -0.4096 0.1198 0.0326
v -0.4108 0.1029 0.0336
v -0.4069 0.1341 0.0271
v -0.4087 0.1389 0.0260
v -0.4010 0.1342 0.0249
v -0.3525 0.1227 0.0242
v -0.3864 0.1312 0.0238
v -0.3477 0.1322 0.0232
v -0.3111 0.1378 0.0225
v -0.2938 0.1379 0.0214
v -0.2978 0.1361 0.0229
v -0.2893 0.1348 0.0244
v -0.2817 0.1326 0.0267
v -0.2852 0.1403 0.0160
v -0.2397 0.1415 0.0069
v -0.2430 0.1381 0.0210
v -0.2261 0.1254 0.0507
v -0.2178 0.1284 0.0397
v -0.2112 0.1250 0.0425
v -0.2130 0.1138 0.0628
v -0.2088 0.1162 0.0546
v -0.2022 0.1120 0.0620
v -0.1936 0.1008 0.0774
v -0.1903 0.1087 0.0684
v -0.1851 0.1050 0.0775
v -0.1753 0.1059 0.0942
v -0.1758 0.1061 0.0842
v -0.1692 0.1059 0.0937
v -0.1492 0.1056 0.1057
v -0.1531 0.1061 0.1014
v -0.1478 0.1043 0.0998
v -0.1506 0.0934 0.1169
v -0.1525 0.0985 0.1184
v -0.1449 0.0987 0.1140
v -0.1548 0.0965 0.1208
v -0.1586 0.0890 0.1190
v -0.1748 0.0892 0.1212
v -0.1792 0.0923 0.1166
v -0.1748 0.0969 0.1210
v -0.1718 0.1030 0.1175
v -0.1720 0.1057 0.1135
v -0.1584 0.1025 0.1173
v -0.1769 0.0987 0.1184
v -0.1797 0.1015 0.1146
v -0.1716 0.1003 0.1204
v -0.1817 0.1035 0.1058
v -0.1869 0.0932 0.0985
v -0.1834 0.1005 0.0989
v -0.1929 0.0917 0.0914
v -0.1926 0.0974 0.0828
v -0.1862 0.0975 0.0912
v -0.1891 0.0882 0.1057
v -0.1950 0.0858 0.1000
v -0.1926 0.0884 0.0978
v -0.2007 0.0990 0.0781
v -0.2092 0.1067 0.0720
v -0.1993 0.1059 0.0708
v -0.1595 0.0925 0.1064
v -0.1581 0.0985 0.0966
v -0.1654 0.0932 0.1062
v -0.1655 0.0985 0.0944
v -0.1672 0.1010 0.0874
v -0.1728 0.0968 0.0924
v -0.1798 0.0927 0.0765
v -0.1801 0.0936 0.0706
v -0.1668 0.0971 0.0629
v -0.1655 0.1032 0.0617
v -0.1602 0.0968 0.0594
v -0.1469 0.0976 0.0581
v -0.1524 0.0998 0.0568
v -0.1406 0.0975 0.0591
v -0.1385 0.0938 0.0507
v -0.1311 0.0976 0.0351
v -0.1289 0.0993 0.0291
v -0.1153 0.1056 0.0257
v -0.0981 0.1055 0.0247
v 0.0611 0.1002 0.0232
v 0.0109 0.1259 0.0228
v 0.0641 0.1230 0.0224
v 0.0132 0.0528 0.0217
v 0.1117 0.0541 0.0225
v 0.1125 0.0602 0.0240
v 0.1214 0.0504 0.0265
v 0.1015 0.0540 0.0212
v 0.0983 0.0501 0.0169
v 0.1119 0.0506 -0.0072
v 0.1113 0.0520 -0.0136
v 0.0979 0.0526 -0.0131
v 0.0447 0.0572 -0.0207
v -0.0193 0.0664 -0.0246
v -0.0033 0.0733 -0.0269
v -0.0227 0.0728 -0.0264
v -0.0757 0.1207 -0.0319
v -0.1045 0.1093 -0.0288
v -0.1404 0.1076 -0.0282
v -0.1572 0.1009 -0.0287
v -0.1796 0.0782 -0.0303
v -0.1689 0.1012 -0.0306
v -0.1833 0.0977 -0.0318
v -0.1796 0.1279 -0.0326
v -0.1795 0.1346 -0.0314
v -0.1944 0.1256 -0.0318
v -0.1802 0.1405 -0.0234
v -0.1869 0.1419 -0.0228
v -0.1857 0.1386 -0.0274
v -0.1651 0.1375 -0.0244
v -0.1506 0.1360 -0.0236
v -0.1497 0.1388 -0.0171
v -0.1558 0.1392 0.0115
v -0.1474 0.1403 0.0039
v -0.1472 0.1393 0.0125
v -0.1398 0.1384 0.0173
v -0.1398 0.1405 0.0127
v -0.1275 0.1390 0.0167
v -0.1080 0.1165 0.0244
v -0.1171 0.1243 0.0235
v -0.0990 0.1379 0.0209
v -0.0624 0.1308 0.0223
v -0.0602 0.1370 0.0212
v -0.0509 0.1387 0.0215
v -0.0295 0.1389 0.0215
v -0.0217 0.1400 0.0195
v -0.0116 0.1381 0.0207
v 0.0451 0.1328 0.0216
v 0.0736 0.1400 0.0207
v 0.1037 0.0730 0.0233
v 0.1090 0.0862 0.0236
v 0.1213 0.0562 0.0251
v 0.1300 0.0522 0.0306
v 0.1281 0.0461 0.0413
v 0.1344 0.0471 0.0341
v 0.1337 0.0413 0.0416
v 0.1342 0.0344 0.0640
v 0.1341 0.0363 0.0560
v 0.1410 0.0346 0.0644
v 0.1428 0.0366 0.0802
v 0.1380 0.0336 0.0766
v 0.1405 0.0338 0.0701
v 0.1378 0.0352 0.0991
v 0.1415 0.0369 0.0912
v 0.1438 0.0394 0.1027
v 0.1521 0.0413 0.1259
v 0.1497 0.0435 0.1201
v 0.1539 0.0414 0.1176
v 0.1540 0.0339 0.1477
v 0.1517 0.0390 0.1448
v 0.1532 0.0394 0.1337
v 0.1455 0.0270 0.1582
v 0.1508 0.0285 0.1453
v 0.1454 0.0272 0.1406
v 0.1347 0.0263 0.1922
v 0.1408 0.0249 0.1881
v 0.1327 0.0271 0.1847
v 0.1176 0.0356 0.2086
v 0.1191 0.0341 0.1995
v 0.1159 0.0379 0.2063
v 0.1176 0.0333 0.2523
v 0.1156 0.0378 0.2351
v 0.1153 0.0375 0.2567
v 0.1200 0.0327 0.2607
v 0.1190 0.0323 0.2694
v 0.1203 0.0382 0.2668
v 0.1252 0.0307 0.2491
v 0.1268 0.0385 0.2403
v 0.1319 0.0276 0.2404
v 0.1333 0.0182 0.2388
v 0.1404 0.0275 0.2239
v 0.1351 0.0172 0.2342
v 0.1283 0.0275 0.2415
v 0.1315 0.0239 0.2298
v 0.1284 0.0297 0.2205
v 0.1417 0.0255 0.2032
v 0.1395 0.0249 0.1991
v 0.1477 0.0349 0.1742
v 0.1500 0.0323 0.1621
v 0.1455 0.0260 0.1769
v 0.1460 0.0435 0.1575
v 0.1476 0.0425 0.1462
v 0.1492 0.0391 0.1549
v 0.1476 0.0424 0.1270
v 0.1412 0.0424 0.1204
v 0.1461 0.0423 0.1212
v 0.1356 0.0406 0.1139
v 0.1311 0.0447 0.0989
v 0.1336 0.0403 0.0983
v 0.1373 0.0294 0.0844
v 0.1383 0.0332 0.0838
v 0.1347 0.0341 0.0845
v 0.1348 0.0278 0.1029
v 0.1334 0.0281 0.0936
v 0.1254 0.0284 0.1181
v 0.1255 0.0274 0.1062
v 0.1246 0.0309 0.1101
v 0.1263 0.0527 0.1490
v 0.1224 0.0352 0.1274
v 0.1254 0.0470 0.1346
v 0.1240 0.0597 0.1793
v 0.1265 0.0616 0.1715
v 0.1244 0.0655 0.1785
v 0.1296 0.0641 0.1872
v 0.1339 0.0651 0.1836
v 0.1312 0.0610 0.1894
v 0.1280 0.0464 0.2019
v 0.1260 0.0530 0.2028
v 0.1294 0.0490 0.1979
v 0.1314 0.0404 0.2049
v 0.1362 0.0388 0.1980
v 0.1346 0.0369 0.2102
v 0.1392 0.0318 0.2195
v 0.1413 0.0250 0.2179
v 0.1381 0.0208 0.2151
v 0.1376 0.0209 0.2097
v 0.1364 0.0203 0.2195
v 0.1279 0.0401 0.2304
v 0.1265 0.0435 0.2224
v 0.1321 0.0367 0.2225
v 0.1244 0.0479 0.2124
v 0.1264 0.0488 0.2044
v 0.1269 0.0426 0.2127
v 0.1193 0.0568 0.2139
v 0.1173 0.0601 0.2069
v 0.1216 0.0557 0.2094
v 0.1217 0.0639 0.2004
v 0.1193 0.0656 0.1978
v 0.1204 0.0663 0.1920
v 0.1174 0.0578 0.1967
v 0.1247 0.0494 0.1851
v 0.1224 0.0581 0.1864
v 0.1131 0.0486 0.2137
v 0.1124 0.0496 0.2095
v 0.1118 0.0611 0.2063
v 0.1214 0.0355 0.1904
v 0.1213 0.0431 0.1922
v 0.1197 0.0394 0.1962
v 0.1153 0.0416 0.2055
v 0.1179 0.0382 0.2006
v 0.1175 0.0436 0.2013
v 0.1147 0.0471 0.2247
v 0.1144 0.0527 0.2157
v 0.1175 0.0501 0.2444
v 0.1175 0.0519 0.2270
v 0.1192 0.0506 0.2371
v 0.1206 0.0436 0.2583
v 0.1162 0.0466 0.2543
v 0.1176 0.0494 0.2515
v 0.1167 0.0425 0.2653
v 0.1187 0.0424 0.2613
v 0.1138 0.0422 0.2485
v 0.1147 0.0434 0.2372
v 0.1236 0.0310 0.1833
v 0.1212 0.0349 0.1849
v 0.1413 0.0254 0.1721
v 0.1394 0.0266 0.1483
v 0.1234 0.0297 0.1311
v 0.1400 0.0267 0.1215
v 0.1387 0.0276 0.1108
v 0.1278 0.0266 0.1275
v 0.1406 0.0281 0.0717
v 0.1398 0.0275 0.0548
v 0.1365 0.0292 0.0640
v 0.1295 0.0276 0.0944
v 0.1299 0.0275 0.0790
v 0.1271 0.0282 0.0764
v 0.1249 0.0432 0.1187
v 0.1243 0.0361 0.1040
v 0.1246 0.0410 0.0979
v 0.1266 0.0479 0.1219
v 0.1289 0.0499 0.1244
v 0.1283 0.0517 0.1282
v 0.1355 0.0562 0.1464
v 0.1373 0.0517 0.1390
v 0.1410 0.0509 0.1470
v 0.1428 0.0574 0.1582
v 0.1467 0.0641 0.1568
v 0.1417 0.0588 0.1536
v 0.1416 0.0639 0.1542
v 0.1461 0.0685 0.1451
v 0.1418 0.0691 0.1533
v 0.1407 0.0671 0.1755
v 0.1364 0.0668 0.1707
v 0.1431 0.0709 0.1685
v 0.1359 0.0597 0.1863
v 0.1397 0.0630 0.1839
v 0.1396 0.0571 0.1826
v 0.1343 0.0473 0.1911
v 0.1349 0.0529 0.1861
v 0.1372 0.0491 0.1837
v 0.1345 0.0433 0.1924
v 0.1376 0.0404 0.1903
v 0.1412 0.0479 0.1768
v 0.1418 0.0533 0.1697
v 0.1429 0.0475 0.1703
v 0.1431 0.0501 0.1546
v 0.1440 0.0466 0.1473
v 0.1331 0.0514 0.1285
v 0.1360 0.0508 0.1307
v 0.1283 0.0456 0.1041
v 0.1322 0.0448 0.1128
v 0.1306 0.0447 0.0882
v 0.1258 0.0446 0.0815
v 0.1273 0.0460 0.0774
v 0.1254 0.0449 0.0669
v 0.1256 0.0386 0.0544
v 0.1260 0.0449 0.0526
v 0.1265 0.0306 0.0690
v 0.1265 0.0321 0.0532
v 0.1251 0.0357 0.0787
v 0.1256 0.0424 0.0365
v 0.1240 0.0430 0.0282
v 0.1258 0.0457 0.0348
v 0.1218 0.0442 -0.0005
v 0.1271 0.0349 -0.0149
v 0.1219 0.0454 -0.0072
v 0.1201 0.0494 -0.0136
v 0.1184 0.0532 -0.0174
v 0.1154 0.0649 -0.0241
v 0.0988 0.0714 -0.0288
v 0.0899 0.0542 -0.0185
v 0.0668 0.0713 -0.0288
v 0.0780 0.0777 -0.0298
v 0.0335 0.0887 -0.0301
v 0.0175 0.1076 -0.0314
v -0.0127 0.1039 -0.0314
v -0.0153 0.1205 -0.0315
v -0.0153 0.1273 -0.0291
v -0.0302 0.1206 -0.0311
v -0.0587 0.1275 -0.0297
v -0.0439 0.1341 -0.0266
v -0.0580 0.1342 -0.0271
v -0.0761 0.1328 -0.0263
v -0.0767 0.1360 -0.0228
v -0.0977 0.1331 -0.0248
v -0.1328 0.1215 -0.0286
v -0.1436 0.1278 -0.0287
v -0.1530 0.1160 -0.0298
v -0.1724 0.1279 -0.0319
v -0.1640 0.1337 -0.0275
v -0.1723 0.1346 -0.0298
v -0.1226 0.1397 -0.0121
v -0.1352 0.1380 -0.0191
v -0.1136 0.1387 -0.0189
v -0.0765 0.1411 0.0074
v -0.0907 0.1406 -0.0060
v -0.0595 0.1411 -0.0026
v -0.1115 0.1394 0.0181
v -0.1086 0.1409 0.0162
v -0.0412 0.1417 0.0084
v -0.0529 0.1409 0.0149
v 0.0034 0.1426 0.0157
v -0.0119 0.1427 0.0099
v 0.0099 0.1442 0.0104
v 0.0238 0.1363 0.0209
v 0.0167 0.1411 0.0189
v 0.0453 0.1429 0.0194
v 0.0819 0.1426 0.0191
v 0.0949 0.1457 0.0167
v 0.1016 0.1433 0.0194
v 0.1306 0.1297 0.0222
v 0.1441 0.1217 0.0244
v 0.1424 0.1101 0.0249
v 0.1306 0.0995 0.0240
v 0.1312 0.0786 0.0245
v 0.1604 0.0622 0.0272
v 0.1710 0.0661 0.0249
v 0.1711 0.0587 0.0248
v 0.1529 0.0517 0.0389
v 0.1582 0.0550 0.0331
v 0.1553 0.0495 0.0440
v 0.1500 0.0486 0.0344
v 0.1477 0.0493 0.0292
v 0.1509 0.0551 0.0320
v 0.1419 0.0600 0.0272
v 0.1340 0.0671 0.0254
v 0.1479 0.0685 0.0261
v 0.1204 0.0637 0.0239
v 0.1492 0.0415 0.0418
v 0.1484 0.0432 0.0342
v 0.1519 0.0468 0.0420
v 0.1541 0.0448 0.0633
v 0.1521 0.0454 0.0523
v 0.1543 0.0458 0.0554
v 0.1552 0.0414 0.0932
v 0.1554 0.0420 0.0794
v 0.1554 0.0378 0.0872
v 0.1533 0.0302 0.1297
v 0.1544 0.0321 0.1161
v 0.1530 0.0297 0.1126
v 0.1377 0.0267 0.1333
v 0.1460 0.0268 0.1243
v 0.1490 0.0256 0.0899
v 0.1492 0.0257 0.0740
v 0.1416 0.0275 0.0893
v 0.1296 0.0268 0.0304
v 0.1292 0.0265 0.0419
v 0.1356 0.0278 0.0592
v 0.1281 0.0285 -0.0001
v 0.1289 0.0266 -0.0079
v 0.1274 0.0312 -0.0054
v 0.1279 0.0327 -0.0241
v 0.1286 0.0373 -0.0314
v 0.1275 0.0378 -0.0212
v 0.1288 0.0488 -0.0201
v 0.1306 0.0418 -0.0297
v 0.1357 0.0436 -0.0287
v 0.1362 0.0558 -0.0211
v 0.1458 0.0615 -0.0214
v 0.1346 0.0620 -0.0213
v 0.1308 0.0714 -0.0282
v 0.1215 0.0777 -0.0284
v 0.1143 0.0734 -0.0276
v 0.1042 0.0849 -0.0285
v 0.1159 0.1086 -0.0272
v 0.0932 0.1029 -0.0283
v 0.0574 0.1101 -0.0301
v 0.0447 0.1166 -0.0301
v 0.0204 0.1345 -0.0215
v 0.0134 0.1274 -0.0290
v 0.0240 0.1272 -0.0286
v 0.0208 0.1444 -0.0149
v 0.0143 0.1396 -0.0172
v 0.0198 0.1403 -0.0188
v 0.0137 0.1422 -0.0084
v 0.0138 0.1413 -0.0133
v 0.0207 0.1438 -0.0089
v 0.0052 0.1433 -0.0023
v -0.0063 0.1402 -0.0105
v 0.0060 0.1408 -0.0079
v -0.0019 0.1433 0.0038
v 0.0430 0.1465 0.0151
v 0.0505 0.1507 0.0062
v 0.0712 0.1475 0.0125
v 0.0962 0.1476 0.0134
v 0.1065 0.1486 0.0104
v 0.1145 0.1483 0.0147
v 0.1361 0.1445 0.0199
v 0.1413 0.1518 0.0158
v 0.1484 0.1401 0.0201
v 0.1609 0.1230 0.0290
v 0.1557 0.1263 0.0258
v 0.1619 0.1277 0.0259
v 0.1813 0.1209 0.0311
v 0.1725 0.1277 0.0259
v 0.1876 0.1253 0.0257
v 0.1830 0.1070 0.0470
v 0.1869 0.1097 0.0400
v 0.1872 0.1039 0.0460
v 0.1866 0.0920 0.0705
v 0.1866 0.0985 0.0550
v 0.1879 0.0884 0.0621
v 0.1779 0.0817 0.0760
v 0.1870 0.0849 0.0672
v 0.1780 0.0860 0.0645
v 0.1719 0.0753 0.0920
v 0.1711 0.0785 0.0843
v 0.1682 0.0769 0.0890
v 0.1547 0.0838 0.1108
v 0.1596 0.0812 0.1075
v 0.1581 0.0862 0.1006
v 0.1508 0.0868 0.1138
v 0.1490 0.0904 0.1148
v 0.1477 0.0893 0.1207
v 0.1490 0.0849 0.1360
v 0.1526 0.0864 0.1321
v 0.1600 0.0797 0.1394
v 0.1686 0.0668 0.1555
v 0.1646 0.0725 0.1486
v 0.1703 0.0672 0.1475
v 0.1669 0.0628 0.1769
v 0.1682 0.0629 0.1631
v 0.1605 0.0635 0.1752
v 0.1573 0.0705 0.1654
v 0.1651 0.0711 0.1570
v 0.1631 0.0678 0.1693
v 0.1606 0.0638 0.1676
v 0.1641 0.0654 0.1568
v 0.1555 0.0642 0.1676
v 0.1447 0.0572 0.1639
v 0.1429 0.0491 0.1634
v 0.1637 0.0682 0.1457
v 0.1608 0.0709 0.1372
v 0.1558 0.0703 0.1438
v 0.1457 0.0721 0.1427
v 0.1510 0.0719 0.1379
v 0.1475 0.0757 0.1340
v 0.1434 0.0754 0.1549
v 0.1453 0.0784 0.1524
v 0.1486 0.0761 0.1558
v 0.1458 0.0825 0.1402
v 0.1454 0.0790 0.1355
v 0.1456 0.0837 0.1343
v 0.1474 0.0812 0.1288
v 0.1509 0.0806 0.1219
v 0.1486 0.0837 0.1188
v 0.1633 0.0735 0.1145
v 0.1681 0.0698 0.1036
v 0.1632 0.0785 0.1071
v 0.1819 0.0683 0.1072
v 0.1810 0.0772 0.0871
v 0.1711 0.0714 0.0992
v 0.1771 0.0601 0.1303
v 0.1770 0.0632 0.1205
v 0.1739 0.0616 0.1280
v 0.1709 0.0628 0.1556
v 0.1743 0.0603 0.1425
v 0.1706 0.0649 0.1381
v 0.1816 0.0570 0.1326
v 0.1775 0.0583 0.1371
v 0.1781 0.0559 0.1476
v 0.1797 0.0556 0.1422
v 0.1757 0.0584 0.1485
v 0.1873 0.0534 0.1628
v 0.1793 0.0559 0.1552
v 0.1850 0.0557 0.1556
v 0.1998 0.0489 0.1899
v 0.1952 0.0512 0.1745
v 0.2030 0.0499 0.1875
v 0.1970 0.0336 0.2082
v 0.1953 0.0386 0.1905
v 0.1847 0.0280 0.2035
v 0.1858 0.0222 0.2210
v 0.1851 0.0244 0.2142
v 0.1829 0.0245 0.2200
v 0.1902 0.0235 0.2202
v 0.1874 0.0205 0.2237
v 0.1896 0.0187 0.2466
v 0.1884 0.0154 0.2418
v 0.1876 0.0197 0.2404
v 0.2101 0.0258 0.2618
v 0.2152 0.0320 0.2612
v 0.2175 0.0293 0.2626
v 0.2072 0.0191 0.2677
v 0.2058 0.0213 0.2621
v 0.2095 0.0228 0.2651
v 0.2059 0.0155 0.2677
v 0.2056 0.0143 0.2632
v 0.2020 0.0140 0.2652
v 0.1932 0.0130 0.2547
v 0.1949 0.0146 0.2493
v 0.1904 0.0140 0.2520
v 0.2057 0.0206 0.2480
v 0.1983 0.0241 0.2311
v 0.1969 0.0185 0.2411
v 0.2125 0.0409 0.2284
v 0.2114 0.0429 0.2216
v 0.2064 0.0400 0.2140
v 0.2088 0.0175 0.2633
v 0.2038 0.0161 0.2568
v 0.2094 0.0431 0.2307
v 0.2127 0.0406 0.2346
v 0.2085 0.0440 0.2124
v 0.2076 0.0435 0.2062
v 0.1983 0.0469 0.1966
v 0.2054 0.0488 0.2055
v 0.2060 0.0479 0.2124
v 0.1817 0.0477 0.1690
v 0.1877 0.0504 0.1700
v 0.1912 0.0478 0.1806
v 0.1818 0.0459 0.1639
v 0.1819 0.0489 0.1552
v 0.1810 0.0504 0.1596
v 0.1821 0.0394 0.1782
v 0.1819 0.0434 0.1705
v 0.1823 0.0445 0.1764
v 0.1943 0.0392 0.2128
v 0.1881 0.0387 0.2033
v 0.1957 0.0430 0.2038
v 0.2047 0.0289 0.2436
v 0.1985 0.0333 0.2306
v 0.2073 0.0369 0.2372
v 0.1827 0.0312 0.2207
v 0.1812 0.0290 0.2130
v 0.1816 0.0340 0.2121
v 0.1825 0.0340 0.2024
v 0.1827 0.0315 0.1976
v 0.1836 0.0362 0.1917
v 0.1907 0.0389 0.1818
v 0.1856 0.0323 0.1945
v 0.1888 0.0431 0.1667
v 0.1888 0.0482 0.1570
v 0.1844 0.0430 0.1670
v 0.1954 0.0598 0.1335
v 0.1962 0.0634 0.1277
v 0.1934 0.0635 0.1181
v 0.1917 0.0781 0.1008
v 0.1901 0.0747 0.0926
v 0.1923 0.0734 0.1007
v 0.1975 0.0599 0.1373
v 0.1909 0.0687 0.1247
v 0.1944 0.0692 0.1199
v 0.1933 0.0556 0.1581
v 0.1897 0.0616 0.1416
v 0.1956 0.0583 0.1482
v 0.1832 0.0651 0.1341
v 0.1766 0.0704 0.1217
v 0.1706 0.0779 0.1118
v 0.1778 0.0759 0.1122
v 0.1883 0.0807 0.0972
v 0.1908 0.0797 0.0925
v 0.1883 0.0780 0.0868
v 0.1724 0.0993 0.0747
v 0.1692 0.1105 0.0543
v 0.1791 0.0933 0.0787
v 0.1755 0.1110 0.0474
v 0.1732 0.1156 0.0412
v 0.1808 0.1145 0.0388
v 0.1575 0.1175 0.0340
v 0.1569 0.1196 0.0289
v 0.1622 0.1196 0.0337
v 0.1561 0.1086 0.0442
v 0.1556 0.1130 0.0357
v 0.1567 0.1111 0.0484
v 0.1569 0.1029 0.0677
v 0.1562 0.1087 0.0599
v 0.1574 0.1069 0.0681
v 0.1590 0.1064 0.0805
v 0.1633 0.1067 0.0749
v 0.1612 0.1038 0.0836
v 0.1614 0.0953 0.1027
v 0.1618 0.1011 0.0907
v 0.1634 0.0987 0.0938
v 0.1627 0.0845 0.1249
v 0.1604 0.0881 0.1205
v 0.1643 0.0857 0.1161
v 0.1762 0.0666 0.1339
v 0.1706 0.0710 0.1269
v 0.1781 0.0688 0.1273
v 0.1656 0.0734 0.1429
v 0.1698 0.0684 0.1413
v 0.1771 0.0620 0.1479
v 0.1769 0.0631 0.1405
v 0.1847 0.0590 0.1472
v 0.1665 0.0873 0.1069
v 0.1689 0.0891 0.0972
v 0.1713 0.0826 0.1048
v 0.1760 0.0842 0.0977
v 0.1806 0.0865 0.0908
v 0.1820 0.0821 0.0992
v 0.1671 0.1044 0.0721
v 0.1696 0.0975 0.0829
v 0.1665 0.0966 0.0900
v 0.1705 0.0931 0.0860
v 0.1515 0.0921 0.1228
v 0.1512 0.0930 0.1192
v 0.1548 0.0954 0.1090
v 0.1537 0.0984 0.0970
v 0.1561 0.0986 0.1002
v 0.1559 0.0988 0.0832
v 0.1588 0.0965 0.0720
v 0.1613 0.0979 0.0424
v 0.1602 0.0963 0.0349
v 0.1569 0.1002 0.0350
v 0.1599 0.0875 0.0259
v 0.1485 0.0956 0.0255
v 0.1561 0.0931 0.0267
v 0.1835 0.0692 0.0239
v 0.1699 0.0777 0.0242
v 0.1860 0.0778 0.0239
v 0.1931 0.0541 0.0222
v 0.1975 0.0622 0.0229
v 0.2163 0.0536 0.0211
v 0.2110 0.0525 0.0172
v 0.1807 0.0552 0.0219
v 0.1789 0.0530 0.0190
v 0.1711 0.0542 0.0232
v 0.1581 0.0430 0.0346
v 0.1632 0.0509 0.0265
v 0.1607 0.0450 0.0235
v 0.1554 0.0336 0.0753
v 0.1561 0.0459 0.0509
v 0.1562 0.0363 0.0491
v 0.1461 0.0267 0.0342
v 0.1527 0.0263 0.0044
v 0.1414 0.0271 -0.0030
v 0.1338 0.0272 -0.0082
v 0.1326 0.0279 -0.0340
v 0.1299 0.0269 -0.0469
v 0.1302 0.0277 -0.0278
v 0.1281 0.0321 -0.0439
v 0.1278 0.0410 -0.0585
v 0.1287 0.0378 -0.0431
v 0.1420 0.0425 -0.0363
v 0.1316 0.0451 -0.0443
v 0.1415 0.0450 -0.0440
v 0.1475 0.0505 -0.0222
v 0.1470 0.0565 -0.0216
v 0.1421 0.0495 -0.0220
v 0.1574 0.0634 -0.0264
v 0.1559 0.0711 -0.0290
v 0.1495 0.0636 -0.0251
v 0.1487 0.0929 -0.0292
v 0.1419 0.1090 -0.0278
v 0.0996 0.1267 -0.0258
v 0.1033 0.1361 -0.0191
v 0.0895 0.1309 -0.0231
v 0.1154 0.1335 -0.0221
v 0.0852 0.1455 -0.0015
v 0.0834 0.1420 -0.0091
v 0.1061 0.1449 -0.0043
v 0.0972 0.1474 0.0045
v 0.1141 0.1486 0.0054
v 0.0822 0.1474 0.0036
v 0.0705 0.1485 0.0035
v 0.0723 0.1465 -0.0011
v 0.0716 0.1435 -0.0069
v 0.0697 0.1403 -0.0124
v 0.0623 0.1419 -0.0146
v 0.0561 0.1430 -0.0217
v 0.0625 0.1391 -0.0188
v 0.0718 0.1326 -0.0216
v 0.0561 0.1301 -0.0229
v 0.0668 0.1269 -0.0267
v 0.0398 0.1229 -0.0291
v 0.0512 0.1263 -0.0267
v 0.0381 0.1271 -0.0281
v 0.0417 0.1355 -0.0222
v 0.0488 0.1400 -0.0233
v 0.0347 0.1393 -0.0231
v 0.0261 0.1427 -0.0219
v 0.0354 0.1404 -0.0285
v 0.0275 0.1411 -0.0306
v 0.0274 0.1466 -0.0158
v 0.0215 0.1504 -0.0015
v 0.0205 0.1490 -0.0086
v 0.0219 0.1557 -0.0047
v 0.0266 0.1496 0.0031
v 0.0314 0.1506 0.0019
v 0.0355 0.1507 0.0049
v 0.0560 0.1514 0.0031
v 0.0659 0.1493 0.0069
v 0.0559 0.1543 -0.0072
v 0.0582 0.1544 -0.0154
v 0.0581 0.1503 -0.0097
v 0.0490 0.1456 -0.0102
v 0.0454 0.1452 -0.0097
v 0.0556 0.1437 -0.0098
v 0.0605 0.1456 -0.0315
v 0.0593 0.1477 -0.0256
v 0.0636 0.1510 -0.0313
v 0.0452 0.1416 -0.0288
v 0.0440 0.1389 -0.0330
v 0.0632 0.1130 -0.0384
v 0.0487 0.1280 -0.0388
v 0.0617 0.1276 -0.0389
v 0.0988 0.0852 -0.0361
v 0.0793 0.1061 -0.0368
v 0.0988 0.1063 -0.0342
v 0.1363 0.0703 -0.0407
v 0.1261 0.0821 -0.0371
v 0.1489 0.0767 -0.0388
v 0.1277 0.0643 -0.0434
v 0.1411 0.0595 -0.0471
v 0.1339 0.0598 -0.0456
v 0.1338 0.0558 -0.0517
v 0.1341 0.0552 -0.0556
v 0.1283 0.0564 -0.0517
v 0.1338 0.0516 -0.0516
v 0.1583 0.0482 -0.0287
v 0.1545 0.0482 -0.0368
v 0.1572 0.0420 -0.0316
v 0.1611 0.0444 0.0078
v 0.1601 0.0433 -0.0092
v 0.1572 0.0365 0.0075
v 0.1528 0.0262 -0.0221
v 0.1527 0.0267 -0.0381
v 0.1494 0.0269 -0.0239
v 0.1414 0.0287 -0.0213
v 0.1415 0.0303 -0.0292
v 0.1372 0.0287 -0.0222
v 0.1304 0.0275 -0.0609
v 0.1354 0.0289 -0.0643
v 0.1307 0.0277 -0.0719
v 0.1280 0.0316 -0.0623
v 0.1313 0.0469 -0.0514
v 0.1253 0.0509 -0.0935
v 0.1272 0.0416 -0.1086
v 0.1267 0.0494 -0.1140
v 0.1283 0.0561 -0.1212
v 0.1258 0.0624 -0.1218
v 0.1205 0.0595 -0.1177
v 0.1205 0.0670 -0.1248
v 0.1203 0.0711 -0.1278
v 0.1096 0.0712 -0.1254
v 0.0740 0.0656 -0.1200
v 0.0110 0.0671 -0.1185
v 0.0288 0.0734 -0.1195
v -0.0198 0.0731 -0.1193
v -0.0086 0.1053 -0.1190
v 0.0195 0.1248 -0.1184
v -0.0137 0.1262 -0.1188
v -0.0320 0.1286 -0.1195
v -0.0812 0.1394 -0.1175
v -0.1024 0.1335 -0.1179
v -0.0601 0.1324 -0.1184
v -0.0264 0.1409 -0.0595
v -0.0524 0.1413 -0.0962
v -0.0067 0.1423 -0.1017
v -0.0014 0.1407 -0.0517
v -0.0047 0.1415 -0.0613
v 0.0066 0.1412 -0.0566
v 0.0133 0.1336 -0.0398
v 0.0044 0.1376 -0.0424
v 0.0151 0.1423 -0.0388
v 0.0272 0.1368 -0.0367
v 0.0293 0.1402 -0.0345
v 0.0344 0.1361 -0.0357
v 0.0178 0.1484 -0.0245
v 0.0181 0.1451 -0.0319
v 0.0151 0.1505 -0.0299
v 0.0195 0.1577 -0.0069
v 0.0137 0.1586 -0.0197
v 0.0176 0.1599 -0.0142
v 0.0264 0.1671 -0.0226
v 0.0275 0.1709 -0.0314
v 0.0327 0.1708 -0.0271
v 0.0514 0.1580 -0.0063
v 0.0529 0.1584 -0.0100
v 0.0551 0.1527 -0.0021
v 0.0563 0.1602 -0.0199
v 0.0571 0.1670 -0.0335
v 0.0627 0.1582 -0.0278
v 0.0648 0.1505 -0.0382
v 0.0635 0.1479 -0.0350
v 0.0704 0.1341 -0.0425
v 0.0698 0.1425 -0.0452
v 0.0820 0.1378 -0.0454
v 0.0747 0.1221 -0.0383
v 0.0818 0.1274 -0.0395
v 0.0953 0.1204 -0.0359
v 0.1360 0.1054 -0.0338
v 0.1340 0.1164 -0.0341
v 0.1524 0.1128 -0.0334
v 0.1451 0.0924 -0.0339
v 0.1559 0.0781 -0.0392
v 0.1752 0.0661 -0.0416
v 0.1701 0.0748 -0.0396
v 0.1897 0.0654 -0.0397
v 0.1730 0.0631 -0.0441
v 0.1734 0.0608 -0.0482
v 0.1640 0.0610 -0.0449
v 0.1564 0.0582 -0.0451
v 0.1556 0.0504 -0.0440
v 0.1502 0.0574 -0.0465
v 0.1411 0.0488 -0.0512
v 0.1407 0.0529 -0.0583
v 0.1497 0.0498 -0.0511
v 0.1592 0.0475 -0.0607
v 0.1569 0.0391 -0.0471
v 0.1559 0.0316 -0.0684
v 0.1558 0.0329 -0.0804
v 0.1544 0.0307 -0.0749
v 0.1504 0.0283 -0.0599
v 0.1504 0.0287 -0.0766
v 0.1461 0.0292 -0.0551
v 0.1415 0.0304 -0.0738
v 0.1336 0.0292 -0.0845
v 0.1280 0.0389 -0.0891
v 0.1294 0.0312 -0.1079
v 0.1280 0.0360 -0.1053
v 0.1277 0.0457 -0.1190
v 0.1282 0.0441 -0.1271
v 0.1296 0.0510 -0.1220
v 0.1347 0.0523 -0.1235
v 0.1400 0.0575 -0.1187
v 0.1341 0.0575 -0.1223
v 0.1278 0.0643 -0.1256
v 0.1345 0.0710 -0.1259
v 0.1274 0.0709 -0.1297
v 0.1202 0.0779 -0.1267
v 0.1131 0.0779 -0.1261
v 0.1113 0.0855 -0.1208
v 0.1100 0.0797 -0.1238
v 0.1199 0.0810 -0.1237
v 0.0929 0.0889 -0.1209
v 0.1062 0.1029 -0.1199
v 0.0821 0.1005 -0.1201
v 0.0846 0.1343 -0.1186
v 0.0549 0.1422 -0.1112
v 0.0821 0.1411 -0.1123
v 0.0731 0.1430 -0.1069
v 0.0114 0.1382 -0.1163
v 0.0043 0.1324 -0.1175
v 0.0264 0.1341 -0.1170
v 0.0273 0.1447 -0.1010
v 0.0182 0.1417 -0.1093
v 0.0382 0.1423 -0.1113
v 0.0321 0.1514 -0.0866
v 0.0344 0.1490 -0.0908
v 0.0327 0.1591 -0.0860
v 0.0125 0.1442 -0.0934
v 0.0197 0.1447 -0.0972
v 0.0209 0.1450 -0.0928
v 0.0226 0.1667 -0.0710
v 0.0233 0.1551 -0.0775
v 0.0256 0.1674 -0.0772
v 0.0167 0.1623 -0.0536
v 0.0207 0.1716 -0.0563
v 0.0206 0.1703 -0.0479
v 0.0252 0.1720 -0.0372
v 0.0221 0.1704 -0.0404
v 0.0242 0.1742 -0.0440
v 0.0397 0.1733 -0.0301
v 0.0352 0.1774 -0.0368
v 0.0413 0.1777 -0.0365
v 0.0526 0.1676 -0.0269
v 0.0510 0.1754 -0.0377
v 0.0592 0.1693 -0.0428
v 0.0596 0.1707 -0.0498
v 0.0624 0.1648 -0.0438
v 0.0651 0.1557 -0.0435
v 0.0662 0.1482 -0.0432
v 0.0711 0.1428 -0.0501
v 0.0774 0.1452 -0.0607
v 0.0951 0.1453 -0.0585
v 0.0982 0.1391 -0.0469
v 0.0818 0.1411 -0.0489
v 0.0917 0.1423 -0.0488
v 0.1278 0.1317 -0.0404
v 0.1265 0.1391 -0.0473
v 0.1384 0.1350 -0.0428
v 0.1537 0.1223 -0.0343
v 0.1488 0.1274 -0.0353
v 0.1539 0.1290 -0.0363
v 0.1809 0.1086 -0.0349
v 0.1701 0.1206 -0.0328
v 0.1843 0.1206 -0.0334
v 0.2085 0.0843 -0.0386
v 0.2108 0.1076 -0.0374
v 0.2344 0.0960 -0.0386
v 0.2820 0.0675 -0.0405
v 0.2687 0.0747 -0.0393
v 0.2901 0.0728 -0.0392
v 0.2724 0.0639 -0.0426
v 0.2638 0.0626 -0.0460
v 0.2505 0.0632 -0.0419
v 0.2244 0.0666 -0.0405
v 0.2346 0.0742 -0.0395
v 0.2402 0.0666 -0.0406
v 0.1925 0.0608 -0.0557
v 0.2287 0.0613 -0.0570
v 0.2076 0.0603 -0.0713
v 0.1722 0.0590 -0.0555
v 0.1697 0.0581 -0.0665
v 0.1618 0.0564 -0.0513
v 0.1600 0.0509 -0.0810
v 0.1589 0.0445 -0.0886
v 0.1559 0.0322 -0.0917
v 0.1528 0.0297 -0.0799
v 0.1537 0.0306 -0.1112
v 0.1527 0.0322 -0.1265
v 0.1485 0.0301 -0.1182
v 0.1343 0.0299 -0.1094
v 0.1294 0.0311 -0.1218
v 0.1279 0.0343 -0.1289
v 0.1270 0.0387 -0.1338
v 0.1275 0.0391 -0.1224
v 0.1222 0.0501 -0.1401
v 0.1215 0.0555 -0.1384
v 0.1286 0.0486 -0.1358
v 0.1399 0.0512 -0.1204
v 0.1409 0.0478 -0.1293
v 0.1486 0.0491 -0.1210
v 0.1424 0.0537 -0.1157
v 0.1520 0.0580 -0.1177
v 0.1340 0.0643 -0.1251
v 0.1395 0.0639 -0.1213
v 0.1379 0.0687 -0.1227
v 0.1277 0.0809 -0.1227
v 0.1273 0.0782 -0.1254
v 0.1605 0.0975 -0.1183
v 0.1686 0.1211 -0.1187
v 0.1407 0.1135 -0.1187
v 0.1189 0.1315 -0.1180
v 0.1077 0.1389 -0.1170
v 0.1063 0.1410 -0.1133
v 0.1312 0.1432 -0.1101
v 0.1022 0.1431 -0.1069
v 0.0984 0.1451 -0.0916
v 0.0905 0.1441 -0.0992
v 0.1093 0.1451 -0.0984
v 0.1159 0.1458 -0.0879
v 0.1238 0.1444 -0.0648
v 0.1418 0.1414 -0.0500
v 0.1396 0.1437 -0.0581
v 0.1497 0.1427 -0.0478
v 0.1653 0.1342 -0.0350
v 0.1573 0.1421 -0.0377
v 0.1635 0.1410 -0.0310
v 0.1790 0.1314 -0.0343
v 0.1957 0.1292 -0.0356
v 0.2297 0.1270 -0.0382
v 0.2511 0.1271 -0.0390
v 0.2538 0.1341 -0.0397
v 0.2862 0.1340 -0.0391
v 0.3309 0.1153 -0.0390
v 0.3630 0.1170 -0.0386
v 0.3379 0.0878 -0.0390
v 0.3070 0.0658 -0.0399
v 0.3287 0.0659 -0.0396
v 0.3323 0.0626 -0.0413
v 0.3156 0.0617 -0.0511
v 0.3108 0.0628 -0.0415
v 0.3044 0.0608 -0.0690
v 0.3516 0.0599 -0.0813
v 0.2940 0.0606 -0.0925
v 0.1819 0.0595 -0.0699
v 0.1933 0.0596 -0.0872
v 0.1733 0.0584 -0.0850
v 0.1630 0.0569 -0.1076
v 0.1614 0.0564 -0.1136
v 0.1591 0.0472 -0.1025
v 0.1576 0.0391 -0.1256
v 0.1559 0.0347 -0.1328
v 0.1485 0.0326 -0.1409
v 0.1543 0.0345 -0.1638
v 0.1517 0.0351 -0.1724
v 0.1264 0.0335 -0.1468
v 0.1289 0.0351 -0.1670
v 0.1258 0.0347 -0.1621
v 0.1118 0.0479 -0.1475
v 0.0980 0.0508 -0.1460
v 0.1130 0.0537 -0.1422
v 0.1118 0.0577 -0.1400
v 0.1345 0.0500 -0.1351
v 0.1271 0.0577 -0.1371
v 0.1362 0.0589 -0.1370
v 0.1554 0.0492 -0.1358
v 0.1572 0.0550 -0.1379
v 0.1619 0.0493 -0.1373
v 0.1596 0.0428 -0.1371
v 0.1649 0.0487 -0.1425
v 0.1625 0.0444 -0.1443
v 0.1569 0.0337 -0.1503
v 0.1568 0.0347 -0.1611
v 0.1555 0.0382 -0.1840
v 0.1569 0.0400 -0.1913
v 0.1480 0.0353 -0.1838
v 0.1414 0.0364 -0.1902
v 0.1448 0.0414 -0.2015
v 0.1347 0.0364 -0.1902
v 0.1237 0.0384 -0.1646
v 0.1235 0.0402 -0.1926
v 0.1197 0.0431 -0.1922
v 0.0925 0.0461 -0.1649
v 0.1099 0.0446 -0.1726
v 0.0989 0.0455 -0.1802
v 0.0605 0.0505 -0.1464
v 0.0811 0.0517 -0.1454
v 0.0857 0.0494 -0.1492
v 0.0707 0.0542 -0.1427
v 0.0699 0.0617 -0.1401
v 0.0940 0.0578 -0.1412
v 0.1240 0.0764 -0.1380
v 0.1002 0.0987 -0.1383
v 0.1271 0.1335 -0.1387
v 0.1605 0.0658 -0.1389
v 0.1646 0.0562 -0.1391
v 0.1710 0.0471 -0.1467
v 0.1697 0.0450 -0.1507
v 0.1743 0.0444 -0.1584
v 0.1628 0.0427 -0.1515
v 0.1678 0.0416 -0.1744
v 0.1765 0.0432 -0.1886
v 0.1647 0.0413 -0.1872
v 0.1544 0.0420 -0.1993
v 0.1586 0.0454 -0.2026
v 0.1498 0.0421 -0.1992
v 0.1436 0.0526 -0.2074
v 0.1367 0.0502 -0.2065
v 0.1271 0.0421 -0.2010
v 0.1309 0.0413 -0.2017
v 0.1212 0.0444 -0.1976
v 0.1112 0.0452 -0.1902
v 0.0997 0.0466 -0.1900
v 0.0578 0.0464 -0.1655
v 0.0418 0.0452 -0.1886
v 0.0128 0.0453 -0.1705
v -0.0167 0.0496 -0.1487
v 0.0141 0.0496 -0.1475
v 0.0100 0.0475 -0.1577
v 0.0065 0.0541 -0.1431
v 0.0156 0.0521 -0.1447
v -0.0045 0.0518 -0.1453
v 0.0128 0.0582 -0.1412
v 0.0274 0.0547 -0.1427
v 0.0348 0.0644 -0.1392
v -0.0239 0.0738 -0.1392
v 0.0449 0.0775 -0.1388
v -0.0394 0.0839 -0.1392
v -0.0479 0.1129 -0.1399
v -0.0299 0.1099 -0.1389
v 0.0254 0.1261 -0.1394
v 0.0168 0.1317 -0.1403
v 0.0439 0.1296 -0.1392
v 0.0863 0.1335 -0.1388
v 0.0952 0.1369 -0.1403
v 0.1061 0.1324 -0.1393
v 0.1484 0.1221 -0.1393
v 0.1454 0.1312 -0.1402
v 0.1634 0.1254 -0.1400
v 0.2084 0.0652 -0.1397
v 0.2450 0.0948 -0.1401
v 0.2392 0.0685 -0.1403
v 0.2618 0.0553 -0.1424
v 0.2513 0.0597 -0.1410
v 0.2729 0.0580 -0.1411
v 0.2100 0.0497 -0.1471
v 0.1996 0.0541 -0.1427
v 0.2198 0.0517 -0.1453
v 0.1833 0.0513 -0.1438
v 0.1799 0.0542 -0.1418
v 0.1952 0.0491 -0.1474
v 0.1937 0.0459 -0.1621
v 0.1799 0.0466 -0.1521
v 0.2127 0.0451 -0.1980
v 0.1934 0.0442 -0.1996
v 0.1724 0.0508 -0.2047
v 0.1750 0.0608 -0.2063
v 0.1601 0.0524 -0.2051
v 0.1527 0.0637 -0.2108
v 0.1589 0.0697 -0.2099
v 0.1512 0.0679 -0.2150
v 0.1372 0.0749 -0.2149
v 0.1374 0.0709 -0.2144
v 0.1421 0.0706 -0.2146
v 0.1215 0.0524 -0.2023
v 0.1267 0.0580 -0.2057
v 0.1210 0.0620 -0.2032
v 0.1121 0.0471 -0.1955
v 0.1143 0.0497 -0.1988
v 0.1029 0.0493 -0.1960
v 0.0522 0.0453 -0.1923
v 0.0700 0.0464 -0.1910
v 0.0521 0.0467 -0.1959
v 0.0238 0.0446 -0.1927
v 0.0113 0.0460 -0.1970
v -0.0051 0.0451 -0.1927
v -0.0403 0.0445 -0.1928
v -0.0474 0.0463 -0.1978
v -0.0596 0.0450 -0.1928
v -0.1377 0.0455 -0.1589
v -0.1049 0.0459 -0.1618
v -0.1318 0.0442 -0.1694
v -0.1461 0.0484 -0.1482
v -0.1489 0.0463 -0.1526
v -0.1574 0.0470 -0.1469
v -0.1569 0.0531 -0.1415
v -0.1459 0.0511 -0.1450
v -0.1568 0.0495 -0.1437
v -0.1081 0.0496 -0.1494
v -0.1158 0.0520 -0.1459
v -0.0940 0.0521 -0.1461
v -0.0595 0.0546 -0.1432
v -0.0505 0.0520 -0.1460
v -0.0723 0.0521 -0.1461
v -0.0414 0.0587 -0.1418
v -0.0386 0.0543 -0.1435
v -0.0732 0.0603 -0.1420
v -0.1005 0.0714 -0.1412
v -0.0612 0.0660 -0.1405
v -0.0851 0.1091 -0.1408
v -0.0813 0.1263 -0.1415
v -0.0628 0.1238 -0.1409
v -0.0285 0.1226 -0.1379
v -0.0313 0.1279 -0.1360
v -0.0259 0.1291 -0.1364
v -0.0170 0.1438 -0.1368
v -0.0086 0.1349 -0.1392
v -0.0169 0.1356 -0.1380
v 0.0222 0.1366 -0.1412
v 0.0915 0.1380 -0.1466
v 0.1112 0.1370 -0.1403
v 0.1506 0.1391 -0.1514
v 0.1470 0.1400 -0.1599
v 0.1642 0.1407 -0.1530
v 0.1566 0.1321 -0.1411
v 0.1583 0.1355 -0.1429
v 0.1683 0.1318 -0.1409
v 0.2001 0.1236 -0.1394
v 0.1905 0.1310 -0.1386
v 0.2032 0.1307 -0.1378
v 0.2312 0.1148 -0.1403
v 0.2474 0.1227 -0.1406
v 0.2581 0.0649 -0.1401
v 0.2948 0.0538 -0.1421
v 0.2946 0.0500 -0.1478
v 0.2812 0.0516 -0.1459
v 0.2729 0.0501 -0.1481
v 0.2836 0.0487 -0.1581
v 0.2542 0.0488 -0.1558
v 0.3022 0.0471 -0.1761
v 0.2600 0.0459 -0.1877
v 0.2574 0.0472 -0.1685
v 0.2502 0.0454 -0.2000
v 0.2534 0.0473 -0.2041
v 0.2341 0.0450 -0.1999
v 0.2236 0.0464 -0.2045
v 0.2224 0.0512 -0.2064
v 0.2075 0.0460 -0.2043
v 0.2241 0.0597 -0.2074
v 0.2377 0.0999 -0.2085
v 0.1879 0.0992 -0.2064
v 0.1643 0.0771 -0.2086
v 0.1601 0.0788 -0.2105
v 0.1454 0.0802 -0.2134
v 0.1520 0.0875 -0.2122
v 0.1464 0.0935 -0.2111
v 0.1319 0.0739 -0.2104
v 0.1328 0.0788 -0.2098
v 0.1313 0.0843 -0.2073
v 0.1380 0.0904 -0.2093
v 0.1305 0.0957 -0.2049
v 0.0779 0.0624 -0.1983
v 0.0920 0.0848 -0.2001
v 0.0739 0.0799 -0.1995
v 0.0393 0.0678 -0.1996
v 0.0172 0.0820 -0.2005
v -0.0140 0.0720 -0.2015
v -0.0359 0.0463 -0.1968
v -0.0582 0.0474 -0.1981
v -0.0857 0.0464 -0.1970
v -0.1008 0.0474 -0.1999
v -0.1113 0.0456 -0.1969
v -0.1580 0.0427 -0.1710
v -0.1497 0.0431 -0.1879
v -0.1651 0.0404 -0.1758
v -0.1753 0.0367 -0.1516
v -0.1720 0.0382 -0.1638
v -0.1769 0.0358 -0.1623
v -0.1966 0.0341 -0.1342
v -0.1961 0.0352 -0.1556
v -0.2005 0.0398 -0.1420
v -0.2023 0.0443 -0.1361
v -0.1993 0.0571 -0.1213
v -0.2000 0.0450 -0.1281
v -0.1969 0.0534 -0.1288
v -0.2153 0.0605 -0.1129
v -0.2084 0.0611 -0.1173
v -0.2173 0.0622 -0.1157
v -0.1998 0.0498 -0.1351
v -0.2068 0.0569 -0.1400
v -0.1991 0.0549 -0.1367
v -0.1819 0.0567 -0.1288
v -0.1931 0.0563 -0.1355
v -0.1793 0.0566 -0.1352
v -0.1660 0.0555 -0.1375
v -0.1662 0.0494 -0.1383
v -0.1267 0.0545 -0.1436
v -0.1333 0.0521 -0.1451
v -0.1347 0.0634 -0.1417
v -0.1592 0.0724 -0.1401
v -0.1363 0.0777 -0.1409
v -0.1200 0.1154 -0.1414
v -0.0786 0.1299 -0.1427
v -0.0651 0.1344 -0.1438
v -0.0657 0.1303 -0.1422
v -0.0453 0.1394 -0.1369
v -0.0423 0.1361 -0.1338
v -0.0431 0.1312 -0.1371
v -0.0365 0.1353 -0.1299
v -0.0423 0.1417 -0.1329
v -0.0365 0.1416 -0.1299
v -0.0260 0.1330 -0.1344
v -0.0308 0.1317 -0.1337
v -0.0237 0.1533 -0.1338
v -0.0184 0.1579 -0.1363
v -0.0091 0.1492 -0.1437
v -0.0065 0.1488 -0.1508
v -0.0035 0.1415 -0.1450
v 0.0073 0.1396 -0.1515
v 0.0067 0.1396 -0.1580
v 0.0256 0.1381 -0.1481
v 0.0070 0.1403 -0.1695
v 0.0273 0.1397 -0.1809
v 0.0564 0.1397 -0.1672
v 0.1032 0.1399 -0.1814
v 0.1177 0.1385 -0.1926
v 0.1526 0.1396 -0.1818
v 0.1756 0.1421 -0.1453
v 0.1729 0.1421 -0.1509
v 0.1819 0.1492 -0.1275
v 0.1827 0.1487 -0.1362
v 0.1828 0.1527 -0.1294
v 0.1907 0.1547 -0.1021
v 0.1827 0.1535 -0.1076
v 0.1835 0.1557 -0.1150
v 0.1895 0.1544 -0.0941
v 0.1839 0.1534 -0.1009
v 0.1870 0.1554 -0.0876
v 0.1846 0.1576 -0.0820
v 0.1777 0.1550 -0.0873
v 0.1640 0.1501 -0.0915
v 0.1679 0.1498 -0.0999
v 0.1719 0.1524 -0.0919
v 0.1613 0.1411 -0.1153
v 0.1700 0.1463 -0.1133
v 0.1622 0.1443 -0.1122
v 0.1808 0.1330 -0.1203
v 0.1791 0.1423 -0.1211
v 0.1706 0.1346 -0.1190
v 0.1776 0.1472 -0.1200
v 0.1786 0.1523 -0.1140
v 0.1924 0.1372 -0.1363
v 0.1857 0.1422 -0.1351
v 0.1907 0.1409 -0.1350
v 0.2161 0.1226 -0.1395
v 0.2171 0.1313 -0.1379
v 0.2336 0.1356 -0.1393
v 0.2273 0.1413 -0.1353
v 0.2325 0.1424 -0.1368
v 0.2482 0.1388 -0.1430
v 0.2493 0.1422 -0.1466
v 0.2561 0.1384 -0.1432
v 0.2869 0.1188 -0.1393
v 0.2847 0.1314 -0.1378
v 0.2945 0.1298 -0.1388
v 0.3254 0.1114 -0.1399
v 0.3473 0.1230 -0.1405
v 0.3874 0.1070 -0.1380
v 0.3863 0.0739 -0.1380
v 0.3913 0.0939 -0.1376
v 0.4041 0.0968 -0.1367
v 0.3947 0.0542 -0.1407
v 0.3970 0.0606 -0.1378
v 0.4045 0.0535 -0.1363
v 0.4054 0.0640 -0.1229
v 0.4053 0.0982 -0.1228
v 0.3981 0.0782 -0.1202
v 0.3911 0.0699 -0.1181
v 0.3896 0.0804 -0.1184
v 0.3804 0.0693 -0.1171
v 0.3450 0.0612 -0.1096
v 0.3411 0.0623 -0.1162
v 0.3227 0.0623 -0.1161
v 0.3886 0.0591 -0.0954
v 0.3469 0.0603 -0.0990
v 0.4001 0.0610 -0.0460
v 0.4079 0.0589 -0.0591
v 0.3840 0.0612 -0.0487
v 0.3750 0.0625 -0.0407
v 0.3912 0.0656 -0.0379
v 0.3897 0.0627 -0.0423
v 0.4056 0.0605 -0.0283
v 0.4055 0.0620 -0.0369
v 0.4031 0.0634 -0.0321
v 0.3848 0.0568 -0.0212
v 0.3840 0.0649 -0.0310
v 0.3661 0.0648 -0.0296
v 0.3448 0.0545 -0.0188
v 0.3548 0.0557 -0.0192
v 0.3414 0.0590 -0.0225
v 0.3209 0.0516 -0.0069
v 0.2879 0.0527 -0.0111
v 0.2451 0.0511 0.0023
v 0.2368 0.0502 0.0165
v 0.2245 0.0514 0.0111
v 0.2324 0.0519 0.0173
v 0.2834 0.0530 0.0191
v 0.3090 0.0501 0.0168
v 0.2876 0.0501 0.0167
v 0.3295 0.0508 0.0072
v 0.3447 0.0509 0.0166
v 0.3505 0.0518 0.0187
v 0.3604 0.0502 0.0169
v 0.3295 0.0579 0.0214
v 0.3430 0.0693 0.0230
v 0.3554 0.0530 0.0213
v 0.3924 0.0537 0.0264
v 0.3944 0.0514 0.0196
v 0.3842 0.0531 0.0230
v 0.4173 0.0532 -0.0142
v 0.4183 0.0544 -0.0200
v 0.4085 0.0526 -0.0143
v 0.3767 0.0517 -0.0074
v 0.3827 0.0541 -0.0160
v 0.3507 0.0528 -0.0133
v 0.4259 0.0557 -0.0451
v 0.4143 0.0582 -0.0509
v 0.4150 0.0564 -0.0679
v 0.4115 0.0577 -0.0725
v 0.4062 0.0572 -0.0867
v 0.4046 0.0566 -0.0947
v 0.3988 0.0579 -0.0937
v 0.3969 0.0583 -0.1046
v 0.4055 0.0566 -0.1144
v 0.3974 0.0592 -0.1131
v 0.4080 0.0533 -0.1156
v 0.4073 0.0537 -0.1274
v 0.4061 0.0576 -0.1213
v 0.4172 0.0493 -0.0887
v 0.4140 0.0529 -0.0860
v 0.4187 0.0495 -0.0841
v 0.4107 0.0519 -0.1037
v 0.4144 0.0493 -0.1060
v 0.4115 0.0488 -0.1108
v 0.4036 0.0493 -0.1456
v 0.3322 0.0536 -0.1421
v 0.3470 0.0584 -0.1406
v 0.3697 0.0533 -0.1413
v 0.3254 0.0515 -0.1459
v 0.3107 0.0539 -0.1423
v 0.3162 0.0488 -0.1581
v 0.3509 0.0475 -0.1676
v 0.3864 0.0466 -0.1688
v 0.4003 0.0447 -0.1866
v 0.3735 0.0461 -0.1805
v 0.3758 0.0456 -0.1952
v 0.3706 0.0466 -0.2051
v 0.3452 0.0464 -0.1989
v 0.3135 0.0472 -0.2046
v 0.3157 0.0498 -0.2086
v 0.2995 0.0491 -0.2079
v 0.2693 0.0485 -0.2077
v 0.2751 0.0535 -0.2087
v 0.2529 0.0522 -0.2076
v 0.3160 0.0931 -0.2135
v 0.2877 0.1065 -0.2115
v 0.2738 0.0773 -0.2104
v 0.2290 0.1195 -0.2078
v 0.2141 0.1263 -0.2071
v 0.1909 0.1275 -0.2064
v 0.1647 0.1068 -0.2080
v 0.1648 0.0875 -0.2087
v 0.1719 0.0877 -0.2073
v 0.1494 0.1079 -0.2103
v 0.1416 0.1034 -0.2090
v 0.1349 0.1132 -0.2069
v 0.1486 0.1204 -0.2106
v 0.1319 0.1301 -0.2072
v 0.1288 0.1323 -0.2049
v 0.1256 0.1343 -0.2019
v 0.1206 0.1314 -0.2023
v 0.1489 0.1377 -0.1922
v 0.1524 0.1348 -0.2027
v 0.1662 0.1367 -0.1952
v 0.2015 0.1443 -0.1792
v 0.1849 0.1403 -0.1869
v 0.2017 0.1408 -0.1887
v 0.1974 0.1552 -0.1483
v 0.1977 0.1505 -0.1589
v 0.2065 0.1519 -0.1588
v 0.1860 0.1564 -0.1220
v 0.1864 0.1549 -0.1427
v 0.2027 0.1554 -0.1356
v 0.1922 0.1547 -0.1490
v 0.1919 0.1501 -0.1566
v 0.1719 0.1429 -0.1585
v 0.1712 0.1423 -0.1698
v 0.1784 0.1444 -0.1614
v 0.1706 0.1405 -0.1822
v 0.2286 0.1510 -0.1039
v 0.2255 0.1538 -0.1081
v 0.2293 0.1502 -0.1162
v 0.2408 0.1424 -0.0939
v 0.2390 0.1446 -0.1031
v 0.2475 0.1425 -0.1023
v 0.2429 0.1413 -0.0597
v 0.2601 0.1413 -0.0968
v 0.2932 0.1410 -0.0709
v 0.3526 0.1394 -0.0400
v 0.3376 0.1407 -0.0443
v 0.3565 0.1404 -0.0473
v 0.3893 0.1232 -0.0368
v 0.3847 0.1337 -0.0383
v 0.3906 0.1330 -0.0373
v 0.3964 0.1205 -0.0329
v 0.3972 0.1339 -0.0320
v 0.3840 0.1136 -0.0343
v 0.3617 0.0711 -0.0327
v 0.3703 0.0896 -0.0325
v 0.3512 0.0810 -0.0311
v 0.3323 0.0646 -0.0270
v 0.3251 0.0594 -0.0223
v 0.3061 0.0618 -0.0237
v 0.3019 0.0646 -0.0269
v 0.2860 0.0544 -0.0191
v 0.2279 0.0527 -0.0099
v 0.2329 0.0549 -0.0184
v 0.2026 0.0535 -0.0099
v 0.1838 0.0520 0.0132
v 0.2058 0.0515 0.0130
v 0.1881 0.0522 0.0017
v 0.1643 0.0499 0.0202
v 0.1645 0.0501 -0.0006
v 0.1636 0.0504 -0.0197
v 0.1717 0.0579 -0.0232
v 0.1624 0.0569 -0.0242
v 0.1559 0.0559 -0.0253
v 0.1506 0.0559 -0.0239
v 0.1678 0.0959 -0.0304
v 0.1827 0.0956 -0.0322
v 0.1847 0.1098 -0.0315
v 0.1699 0.1156 -0.0291
v 0.1844 0.1349 -0.0296
v 0.1700 0.1294 -0.0290
v 0.1580 0.1357 -0.0282
v 0.1569 0.1430 -0.0277
v 0.1501 0.1347 -0.0260
v 0.1498 0.1411 -0.0227
v 0.1545 0.1458 -0.0237
v 0.1514 0.1474 -0.0209
v 0.1358 0.1521 0.0011
v 0.1248 0.1457 -0.0073
v 0.1349 0.1427 -0.0168
v 0.1475 0.1532 0.0118
v 0.1480 0.1549 0.0061
v 0.1501 0.1505 0.0142
v 0.1509 0.1437 0.0178
v 0.1589 0.1355 0.0213
v 0.1942 0.1333 0.0203
v 0.2003 0.1255 0.0233
v 0.1937 0.1133 0.0310
v 0.1885 0.1164 0.0325
v 0.1957 0.1187 0.0271
v 0.1893 0.0992 0.0475
v 0.1900 0.1050 0.0406
v 0.1918 0.0969 0.0397
v 0.1790 0.0898 0.0510
v 0.1720 0.0894 0.0573
v 0.1626 0.0912 0.0721
v 0.1657 0.0894 0.0642
v 0.1603 0.0959 0.0567
v 0.1591 0.0886 0.0931
v 0.1638 0.0867 0.0824
v 0.1612 0.0903 0.0856
v 0.1675 0.0941 0.0420
v 0.1655 0.0944 0.0354
v 0.1808 0.0913 0.0423
v 0.1839 0.0921 0.0310
v 0.1741 0.0919 0.0445
v 0.1903 0.0858 0.0263
v 0.1902 0.0920 0.0296
v 0.1981 0.0853 0.0239
v 0.2056 0.0850 0.0230
v 0.2043 0.1037 0.0248
v 0.2127 0.1015 0.0235
v 0.2531 0.0719 0.0224
v 0.3022 0.0831 0.0232
v 0.3015 0.0655 0.0221
v 0.2687 0.0518 0.0183
v 0.2574 0.0533 0.0205
v 0.3854 0.0778 0.0275
v 0.3768 0.0929 0.0260
v 0.3833 0.0852 0.0268
v 0.3890 0.0774 0.0356
v 0.3901 0.0753 0.0292
v 0.3862 0.0756 0.0975
v 0.3883 0.0662 0.0734
v 0.3887 0.0788 0.0635
v 0.3881 0.0915 0.1374
v 0.3856 0.0812 0.1339
v 0.3871 0.0951 0.1335
v 0.3919 0.0950 0.1382
v 0.4198 0.1083 0.1344
v 0.4287 0.0927 0.1361
v 0.4090 0.0461 0.1408
v 0.3913 0.0496 0.1421
v 0.4154 0.0583 0.1396
v 0.3883 0.0417 0.1380
v 0.3979 0.0429 0.1406
v 0.4157 0.0415 0.1375
v 0.3881 0.0459 0.1417
v 0.3884 0.0684 0.1413
v 0.3940 0.0585 0.1413
v 0.3852 0.0673 0.1272
v 0.3846 0.0465 0.1234
v 0.3880 0.0569 0.0816
v 0.3907 0.0533 0.0567
v 0.3888 0.0428 0.1174
v 0.3921 0.0444 0.1063
v 0.3876 0.0453 0.1140
v 0.4067 0.0479 0.0636
v 0.3966 0.0503 0.0473
v 0.3983 0.0484 0.0647
v 0.3934 0.0564 0.0397
v 0.3959 0.0545 0.0339
v 0.3924 0.0582 0.0342
v 0.4036 0.0502 0.0408
v 0.4016 0.0527 0.0340
v 0.3963 0.0533 0.0408
v 0.4281 0.0506 0.0374
v 0.4406 0.0514 0.0287
v 0.4159 0.0529 0.0283
v 0.4014 0.0528 0.0257
v 0.4174 0.0521 0.0117
v 0.4216 0.0557 -0.0268
v 0.4310 0.0543 -0.0334
v 0.4206 0.0570 -0.0343
v 0.4320 0.0502 -0.0688
v 0.4266 0.0527 -0.0658
v 0.4336 0.0525 -0.0580
v 0.4235 0.0497 -0.0756
v 0.4201 0.0510 -0.0791
v 0.4166 0.0538 -0.0770
v 0.4633 0.0506 -0.0506
v 0.4614 0.0484 -0.0923
v 0.4452 0.0505 -0.0642
v 0.4881 0.0454 -0.1469
v 0.5040 0.0440 -0.1706
v 0.4867 0.0433 -0.1721
v 0.4181 0.0460 -0.1494
v 0.4250 0.0434 -0.1759
v 0.4066 0.0457 -0.1661
v 0.3887 0.0493 -0.1501
v 0.3968 0.0476 -0.1570
v 0.3763 0.0485 -0.1564
v 0.4271 0.0418 -0.2351
v 0.4106 0.0428 -0.2290
v 0.4114 0.0436 -0.2197
v 0.3970 0.0462 -0.2137
v 0.3974 0.0485 -0.2173
v 0.3853 0.0477 -0.2119
v 0.3487 0.0473 -0.2065
v 0.3671 0.0483 -0.2102
v 0.3502 0.0479 -0.2104
v 0.3266 0.0525 -0.2111
v 0.3210 0.0613 -0.2125
v 0.3027 0.0524 -0.2098
v 0.3910 0.0722 -0.2198
v 0.3979 0.0780 -0.2212
v 0.3895 0.0857 -0.2201
v 0.3180 0.1275 -0.2136
v 0.3354 0.1318 -0.2150
v 0.3237 0.1331 -0.2128
v 0.2612 0.1202 -0.2093
v 0.2807 0.1306 -0.2097
v 0.2561 0.1332 -0.2080
v 0.2248 0.1330 -0.2061
v 0.2130 0.1364 -0.2034
v 0.1953 0.1280 -0.2065
v 0.1768 0.1317 -0.2033
v 0.1792 0.1349 -0.2020
v 0.1760 0.1357 -0.1996
v 0.1626 0.1246 -0.2066
v 0.1598 0.1312 -0.2046
v 0.1578 0.1295 -0.2077
v 0.1615 0.1342 -0.2010
v 0.2014 0.1380 -0.1969
v 0.2238 0.1420 -0.1881
v 0.2284 0.1487 -0.1739
v 0.2389 0.1448 -0.1785
v 0.2406 0.1477 -0.1696
v 0.2400 0.1484 -0.1578
v 0.2425 0.1483 -0.1629
v 0.2475 0.1467 -0.1573
v 0.2616 0.1567 -0.1450
v 0.2558 0.1490 -0.1513
v 0.2580 0.1562 -0.1518
v 0.2674 0.1781 -0.1341
v 0.2639 0.1705 -0.1404
v 0.2646 0.1877 -0.1349
v 0.2711 0.1426 -0.1381
v 0.2729 0.1497 -0.1349
v 0.2771 0.1422 -0.1347
v 0.2841 0.1367 -0.1350
v 0.2903 0.1361 -0.1370
v 0.3173 0.1253 -0.1409
v 0.3044 0.1322 -0.1403
v 0.3128 0.1349 -0.1423
v 0.3446 0.1357 -0.1426
v 0.3668 0.1351 -0.1440
v 0.3668 0.1303 -0.1411
v 0.4049 0.1139 -0.1305
v 0.4042 0.1166 -0.1365
v 0.4052 0.1249 -0.1293
v 0.4049 0.1239 -0.1218
v 0.3982 0.0989 -0.1201
v 0.3747 0.0781 -0.1173
v 0.3646 0.1129 -0.1172
v 0.3256 0.1218 -0.1171
v 0.3547 0.0659 -0.1168
v 0.3287 0.0660 -0.1167
v 0.3086 0.0613 -0.1085
v 0.2900 0.0623 -0.1165
v 0.2702 0.0613 -0.1093
v 0.2108 0.0610 -0.1129
v 0.2053 0.0627 -0.1153
v 0.1947 0.0608 -0.1110
v 0.1709 0.0610 -0.1154
v 0.1825 0.0645 -0.1170
v 0.1704 0.0654 -0.1175
v 0.1879 0.1006 -0.1180
v 0.1877 0.1390 -0.1240
v 0.1857 0.1431 -0.1284
v 0.2039 0.1296 -0.1209
v 0.1989 0.1332 -0.1218
v 0.1919 0.1341 -0.1214
v 0.2195 0.1336 -0.1217
v 0.2241 0.1390 -0.1284
v 0.2194 0.1368 -0.1283
v 0.2265 0.1359 -0.1212
v 0.2326 0.1411 -0.1218
v 0.2286 0.1402 -0.1223
v 0.2406 0.1439 -0.1100
v 0.2403 0.1406 -0.1174
v 0.2461 0.1418 -0.1117
v 0.2710 0.1401 -0.1078
v 0.2644 0.1379 -0.1159
v 0.2948 0.1407 -0.1071
v 0.3210 0.1401 -0.1040
v 0.3122 0.1390 -0.1110
v 0.3322 0.1391 -0.1130
v 0.4191 0.1416 -0.0726
v 0.4189 0.1412 -0.0788
v 0.4267 0.1467 -0.0721
v 0.4269 0.1475 -0.0258
v 0.4221 0.1417 -0.0366
v 0.4267 0.1468 -0.0366
v 0.4241 0.1637 0.0142
v 0.4278 0.1558 0.0082
v 0.4284 0.1634 0.0086
v 0.4204 0.1504 0.0138
v 0.4208 0.1562 0.0151
v 0.4137 0.1475 0.0149
v 0.4254 0.1501 0.0078
v 0.4205 0.1444 -0.0007
v 0.4272 0.1485 -0.0009
v 0.4058 0.1399 -0.0303
v 0.4059 0.1408 -0.0403
v 0.4199 0.1418 -0.0290
v 0.3808 0.1407 -0.0498
v 0.3539 0.1410 -0.0637
v 0.3998 0.1413 -0.0550
v 0.4054 0.1410 -0.0178
v 0.3882 0.1260 -0.0330
v 0.3915 0.1341 -0.0311
v 0.3839 0.1277 -0.0335
v 0.3586 0.1174 -0.0330
v 0.3411 0.1067 -0.0318
v 0.2944 0.0705 -0.0287
v 0.3160 0.0881 -0.0293
v 0.2805 0.0795 -0.0299
v 0.2414 0.0590 -0.0228
v 0.2698 0.0646 -0.0276
v 0.2305 0.0646 -0.0288
v 0.1782 0.0545 -0.0170
v 0.1842 0.0583 -0.0223
v 0.1712 0.0537 -0.0182
v 0.1813 0.0644 -0.0271
v 0.2057 0.0711 -0.0323
v 0.1915 0.0646 -0.0293
v 0.2086 0.0998 -0.0349
v 0.2198 0.1205 -0.0341
v 0.1985 0.1064 -0.0345
v 0.2086 0.1310 -0.0317
v 0.2006 0.1366 -0.0321
v 0.1921 0.1249 -0.0310
v 0.1918 0.1410 -0.0324
v 0.1845 0.1410 -0.0318
v 0.2248 0.1412 -0.0281
v 0.2233 0.1483 -0.0355
v 0.2262 0.1408 -0.0374
v 0.2362 0.1336 -0.0389
v 0.2351 0.1385 -0.0414
v 0.2810 0.1402 -0.0465
v 0.2983 0.1407 -0.0536
v 0.3115 0.1401 -0.0454
v 0.2628 0.1408 -0.0545
v 0.2322 0.1426 -0.0599
v 0.2356 0.1412 -0.0663
v 0.2256 0.1437 -0.0724
v 0.2198 0.1483 -0.0819
v 0.2256 0.1443 -0.0797
v 0.2395 0.1423 -0.0861
v 0.2330 0.1447 -0.0944
v 0.2166 0.1487 -0.0722
v 0.2117 0.1518 -0.0802
v 0.2187 0.1496 -0.0573
v 0.2152 0.1522 -0.0651
v 0.2182 0.1481 -0.0648
v 0.2196 0.1599 -0.0476
v 0.2158 0.1616 -0.0561
v 0.2193 0.1513 -0.0518
v 0.2206 0.1519 -0.0235
v 0.2199 0.1572 -0.0279
v 0.2223 0.1479 -0.0229
v 0.2287 0.1410 -0.0087
v 0.2338 0.1400 -0.0145
v 0.2417 0.1406 -0.0070
v 0.2443 0.1417 0.0101
v 0.2323 0.1426 0.0032
v 0.2470 0.1415 0.0025
v 0.2500 0.1392 0.0179
v 0.2576 0.1405 0.0154
v 0.2647 0.1390 0.0184
v 0.3239 0.1150 0.0237
v 0.2676 0.1316 0.0215
v 0.3340 0.1276 0.0230
v 0.3646 0.1138 0.0250
v 0.3712 0.1308 0.0243
v 0.3782 0.1215 0.0262
v 0.3889 0.1202 0.0309
v 0.3824 0.1134 0.0267
v 0.3850 0.1212 0.0280
v 0.3889 0.1020 0.0934
v 0.3912 0.1137 0.0416
v 0.3914 0.1200 0.0659
v 0.3909 0.1225 0.1198
v 0.3921 0.1274 0.0980
v 0.3947 0.1329 0.1197
v 0.3954 0.1293 0.1285
v 0.4055 0.1357 0.1227
v 0.4233 0.1302 0.1282
v 0.3947 0.1167 0.1343
v 0.3983 0.1207 0.1331
v 0.4815 0.0787 0.1344
v 0.4628 0.0926 0.1343
v 0.4943 0.0973 0.1331
v 0.4725 0.0570 0.1351
v 0.4968 0.0662 0.1341
v 0.4955 0.0462 0.1338
v 0.4785 0.0472 0.1340
v 0.4851 0.0442 0.1324
v 0.4443 0.0533 0.1371
v 0.4500 0.0683 0.1364
v 0.4363 0.0418 0.1321
v 0.3986 0.0414 0.1335
v 0.3880 0.0416 0.1343
v 0.3959 0.0432 0.1144
v 0.5170 0.0445 0.1260
v 0.5022 0.0472 0.0845
v 0.4978 0.0434 0.1145
v 0.4976 0.0421 0.1303
v 0.4819 0.0492 0.0570
v 0.4314 0.0490 0.0474
v 0.4552 0.0517 0.0148
v 0.4306 0.0521 0.0182
v 0.4751 0.0517 0.0238
v 0.5047 0.0512 -0.0143
v 0.4712 0.0513 -0.0142
v 0.5029 0.0534 0.0266
v 0.5072 0.0546 0.0180
v 0.4997 0.0527 0.0210
v 0.5122 0.0539 -0.0259
v 0.5087 0.0524 -0.0347
v 0.5094 0.0533 -0.0219
v 0.5083 0.0503 -0.0536
v 0.5130 0.0528 -0.0615
v 0.5093 0.0501 -0.0734
v 0.5098 0.0486 -0.1161
v 0.5104 0.0476 -0.1386
v 0.5028 0.0473 -0.1266
v 0.5172 0.0456 -0.1727
v 0.5157 0.0422 -0.1806
v 0.4823 0.0416 -0.1867
v 0.5022 0.0397 -0.1972
v 0.4883 0.0397 -0.2050
v 0.5048 0.0371 -0.2469
v 0.4934 0.0375 -0.2745
v 0.4823 0.0390 -0.2295
v 0.4803 0.0379 -0.2853
v 0.4559 0.0395 -0.2833
v 0.4052 0.0460 -0.2206
v 0.4075 0.0479 -0.2295
v 0.4058 0.0500 -0.2230
v 0.3984 0.0597 -0.2206
v 0.4002 0.0705 -0.2218
v 0.3907 0.0635 -0.2190
v 0.3998 0.0912 -0.2221
v 0.4031 0.1266 -0.2215
v 0.3871 0.1106 -0.2200
v 0.4002 0.1327 -0.2206
v 0.3770 0.1367 -0.2170
v 0.3674 0.1313 -0.2172
v 0.3372 0.1391 -0.1966
v 0.3464 0.1379 -0.2070
v 0.3746 0.1399 -0.1967
v 0.4132 0.1472 -0.1728
v 0.4051 0.1415 -0.1794
v 0.4122 0.1457 -0.1935
v 0.4263 0.1646 -0.1608
v 0.4221 0.1569 -0.1632
v 0.4215 0.1659 -0.1679
v 0.4276 0.1478 -0.1514
v 0.4260 0.1497 -0.1571
v 0.4319 0.1554 -0.1514
v 0.4338 0.1617 -0.1260
v 0.4346 0.1652 -0.1507
v 0.4344 0.1732 -0.0929
v 0.4324 0.1631 -0.0007
v 0.4332 0.1705 -0.0485
v 0.4340 0.1990 -0.0078
v 0.4243 0.2064 0.0070
v 0.4308 0.2064 0.0008
v 0.4277 0.2152 0.0020
v 0.4200 0.2202 0.0100
v 0.4224 0.2353 0.0071
v 0.4198 0.2365 0.0108
v 0.4149 0.2129 0.0492
v 0.4176 0.2329 0.0259
v 0.4174 0.2523 0.0442
v 0.4188 0.2762 0.0698
v 0.4179 0.2739 0.0611
v 0.4195 0.2912 0.0686
v 0.4185 0.2370 0.0846
v 0.4188 0.2471 0.0805
v 0.4212 0.2499 0.0819
v 0.4585 0.1695 0.1006
v 0.4364 0.2497 0.0847
v 0.4576 0.2624 0.0832
v 0.4711 0.1505 0.1050
v 0.4826 0.1622 0.1025
v 0.5025 0.1422 0.1157
v 0.4864 0.1416 0.1151
v 0.4897 0.1459 0.1103
v 0.5226 0.1344 0.1231
v 0.5237 0.1376 0.1184
v 0.5262 0.1308 0.1228
v 0.5189 0.1060 0.1323
v 0.5189 0.1200 0.1308
v 0.5241 0.1061 0.1305
v 0.5253 0.0642 0.1277
v 0.5238 0.0782 0.1306
v 0.5260 0.0780 0.1261
v 0.5254 0.0546 0.1101
v 0.5271 0.0674 0.0989
v 0.5252 0.0589 0.0829
v 0.5158 0.0570 0.1335
v 0.5224 0.0572 0.1305
v 0.5213 0.0484 0.0933
v 0.5210 0.0496 0.0734
v 0.5160 0.0472 0.0925
v 0.5220 0.0538 0.0569
v 0.5220 0.0541 0.0424
v 0.5188 0.0519 0.0538
v 0.5052 0.0526 0.0344
v 0.5120 0.0557 0.0291
v 0.5104 0.0573 0.0091
v 0.5102 0.0555 -0.0014
v 0.5093 0.0533 0.0060
v 0.5123 0.0613 -0.0208
v 0.5127 0.0599 -0.0418
v 0.5133 0.0522 -0.0811
v 0.5128 0.0486 -0.1280
v 0.5141 0.0522 -0.1421
v 0.5131 0.0478 -0.1436
v 0.5169 0.0544 -0.1630
v 0.5193 0.0503 -0.1718
v 0.5156 0.0486 -0.1656
v 0.5274 0.0460 -0.1772
v 0.5380 0.0459 -0.1803
v 0.5371 0.0399 -0.1838
v 0.5275 0.0397 -0.1852
v 0.5339 0.0371 -0.1881
v 0.5318 0.0360 -0.1922
v 0.5345 0.0355 -0.1953
v 0.5253 0.0350 -0.2248
v 0.5097 0.0374 -0.2174
v 0.5337 0.0327 -0.2783
v 0.5336 0.0357 -0.2861
v 0.5139 0.0362 -0.2772
v 0.5122 0.0390 -0.2884
v 0.5142 0.0435 -0.2892
v 0.4908 0.0389 -0.2891
v 0.4612 0.0523 -0.2901
v 0.4592 0.0653 -0.2897
v 0.4274 0.0490 -0.2903
v 0.4216 0.0419 -0.2879
v 0.4199 0.0494 -0.2902
v 0.4139 0.0451 -0.2881
v 0.4091 0.0461 -0.2631
v 0.4098 0.0443 -0.2787
v 0.4074 0.0498 -0.2715
v 0.4061 0.0780 -0.2318
v 0.4065 0.0861 -0.2474
v 0.4054 0.0900 -0.2323
v 0.4049 0.0950 -0.2234
v 0.4054 0.1146 -0.2286
v 0.4067 0.1346 -0.2223
v 0.4058 0.1371 -0.2190
v 0.4150 0.1481 -0.2141
v 0.4130 0.1399 -0.2213
v 0.4167 0.1486 -0.2217
v 0.4183 0.1561 -0.2077
v 0.4187 0.1751 -0.2124
v 0.4203 0.1977 -0.1915
v 0.4234 0.2043 -0.1646
v 0.4214 0.1930 -0.1756
v 0.4223 0.2168 -0.1678
v 0.4297 0.1999 -0.1549
v 0.4299 0.2133 -0.1525
v 0.4345 0.1992 -0.1479
v 0.4342 0.1926 -0.1465
v 0.4346 0.2073 -0.1299
v 0.4343 0.2429 -0.0792
v 0.4344 0.2689 -0.1192
v 0.4341 0.3194 -0.0994
v 0.4342 0.2121 -0.0447
v 0.4340 0.2395 -0.0345
v 0.4275 0.2600 0.0004
v 0.4305 0.2706 -0.0059
v 0.4255 0.2734 0.0000
v 0.4201 0.2655 0.0106
v 0.4217 0.2859 0.0041
v 0.4206 0.3038 0.0161
v 0.4192 0.2778 0.0269
v 0.4196 0.3034 0.0601
v 0.4204 0.3291 0.0514
v 0.4204 0.3185 0.0621
v 0.4246 0.3241 0.0702
v 0.4237 0.3296 0.0671
v 0.4280 0.3267 0.0702
v 0.4419 0.3117 0.0737
v 0.4623 0.3115 0.0747
v 0.4764 0.2809 0.0802
v 0.4902 0.2886 0.0785
v 0.4968 0.2624 0.0829
v 0.4933 0.1782 0.0993
v 0.4983 0.1912 0.0964
v 0.5022 0.1701 0.1003
v 0.5171 0.1452 0.1061
v 0.5125 0.1519 0.1007
v 0.5165 0.1470 0.0930
v 0.5257 0.1339 0.1170
v 0.5265 0.1370 0.1006
v 0.5269 0.1301 0.1094
v 0.5271 0.1333 0.0758
v 0.5272 0.1261 0.0529
v 0.5284 0.1174 0.1098
v 0.5275 0.0949 0.0352
v 0.5263 0.0904 0.0302
v 0.5265 0.0750 0.0318
v 0.5265 0.0692 0.0545
v 0.5239 0.0654 0.0317
v 0.5246 0.0585 0.0416
v 0.5208 0.0557 0.0340
v 0.5173 0.0603 0.0296
v 0.5159 0.0743 0.0211
v 0.5133 0.0818 0.0138
v 0.5135 0.0729 0.0145
v 0.5131 0.1257 -0.0205
v 0.5130 0.1330 -0.0465
v 0.5142 0.1119 -0.0673
v 0.5149 0.0807 -0.1366
v 0.5159 0.0726 -0.1580
v 0.5206 0.0610 -0.1711
v 0.5259 0.0638 -0.1724
v 0.5343 0.0541 -0.1763
v 0.5454 0.0483 -0.1808
v 0.5504 0.0442 -0.1835
v 0.5464 0.0402 -0.1846
v 0.5502 0.0390 -0.1936
v 0.5447 0.0366 -0.2133
v 0.5439 0.0356 -0.1903
v 0.5393 0.0349 -0.2303
v 0.5392 0.0343 -0.2557
v 0.5333 0.0324 -0.2468
v 0.5442 0.0365 -0.2629
v 0.5486 0.0401 -0.2715
v 0.5455 0.0380 -0.2764
v 0.5434 0.0395 -0.2871
v 0.5455 0.0437 -0.2876
v 0.5396 0.0361 -0.2855
v 0.5508 0.0450 -0.2606
v 0.5499 0.0438 -0.2783
v 0.5503 0.0390 -0.2235
v 0.5522 0.0437 -0.2396
v 0.5497 0.0391 -0.2391
v 0.5526 0.0526 -0.2566
v 0.5516 0.0508 -0.2788
v 0.5401 0.0497 -0.2893
v 0.5314 0.0671 -0.2882
v 0.4995 0.0504 -0.2902
v 0.5519 0.0830 -0.2786
v 0.5510 0.0846 -0.2825
v 0.5508 0.0777 -0.2837
v 0.5419 0.1142 -0.2784
v 0.5486 0.1232 -0.2731
v 0.5456 0.1255 -0.2733
v 0.4778 0.1115 -0.2804
v 0.5102 0.1040 -0.2825
v 0.4159 0.0867 -0.2855
v 0.4521 0.0758 -0.2883
v 0.4097 0.0782 -0.2825
v 0.4120 0.0852 -0.2837
v 0.4098 0.0880 -0.2822
v 0.4072 0.1040 -0.2635
v 0.4079 0.0918 -0.2775
v 0.4098 0.1088 -0.2706
v 0.4116 0.1264 -0.2633
v 0.4147 0.1260 -0.2694
v 0.4152 0.1321 -0.2630
v 0.4123 0.1352 -0.2285
v 0.4149 0.1364 -0.2474
v 0.4164 0.1461 -0.2355
v 0.4195 0.1857 -0.2328
v 0.4188 0.1590 -0.2386
v 0.4198 0.1732 -0.2384
v 0.4208 0.2343 -0.2095
v 0.4210 0.2379 -0.2189
v 0.4230 0.2812 -0.2123
v 0.4238 0.2985 -0.1671
v 0.4229 0.2482 -0.1732
v 0.4223 0.2728 -0.1873
v 0.4264 0.4090 -0.1291
v 0.4242 0.4013 -0.1368
v 0.4250 0.4145 -0.1396
v 0.4276 0.4059 -0.1161
v 0.4298 0.3991 -0.1241
v 0.4289 0.4061 -0.1227
v 0.4069 0.4010 -0.1112
v 0.4122 0.4165 -0.1110
v 0.3687 0.3881 -0.1095
v 0.3373 0.3495 -0.1063
v 0.3431 0.3525 -0.1079
v 0.3278 0.3524 -0.1072
v 0.3415 0.3467 -0.0983
v 0.3306 0.3479 -0.1034
v 0.3126 0.3465 -0.1000
v 0.2999 0.3444 -0.0892
v 0.3047 0.3446 -0.0946
v 0.2973 0.3419 -0.0950
v 0.3116 0.3460 -0.0778
v 0.2981 0.3454 -0.0814
v 0.2946 0.3463 -0.0695
v 0.2376 0.3485 -0.0476
v 0.2548 0.3472 -0.0638
v 0.2356 0.3473 -0.0644
v 0.2004 0.3494 -0.0479
v 0.1869 0.3508 -0.0450
v 0.2051 0.3503 -0.0447
v 0.2133 0.3585 -0.0411
v 0.2439 0.3627 -0.0395
v 0.2337 0.3568 -0.0410
v 0.2273 0.3500 -0.0446
v 0.2453 0.3503 -0.0443
v 0.3105 0.3480 -0.0469
v 0.2844 0.3473 -0.0520
v 0.2839 0.3486 -0.0459
v 0.3318 0.3488 -0.0421
v 0.3188 0.3523 -0.0402
v 0.3413 0.3516 -0.0395
v 0.3846 0.3480 -0.0415
v 0.3722 0.3469 -0.0456
v 0.3573 0.3477 -0.0409
v 0.3624 0.3462 -0.0558
v 0.3226 0.3467 -0.0569
v 0.3628 0.3459 -0.0891
v 0.3635 0.3468 -0.1022
v 0.3698 0.3476 -0.1085
v 0.3874 0.3535 -0.1095
v 0.3628 0.3520 -0.1088
v 0.4196 0.3457 -0.1065
v 0.4217 0.3474 -0.1105
v 0.4123 0.3470 -0.1094
v 0.4195 0.3561 -0.1112
v 0.4271 0.3863 -0.1177
v 0.4285 0.3509 -0.1348
v 0.4262 0.3686 -0.1341
v 0.4308 0.3628 -0.1305
v 0.4342 0.3226 -0.1337
v 0.4262 0.3362 -0.1402
v 0.4310 0.3371 -0.1335
v 0.4340 0.2920 -0.1373
v 0.4279 0.2894 -0.1494
v 0.4290 0.3098 -0.1426
v 0.4279 0.2676 -0.1521
v 0.4251 0.2673 -0.1599
v 0.4246 0.3431 -0.1449
v 0.4246 0.3199 -0.1550
v 0.4241 0.3503 -0.1549
v 0.4245 0.2404 -0.1611
v 0.4341 0.2136 -0.1476
v 0.4301 0.2342 -0.1510
v 0.4333 0.2297 -0.1491
v 0.4334 0.2392 -0.1443
v 0.4310 0.2544 -0.1475
v 0.4347 0.2599 -0.1406
v 0.4344 0.2686 -0.1329
v 0.4343 0.2811 -0.1370
v 0.4336 0.3286 -0.0884
v 0.4338 0.3349 -0.1072
v 0.4329 0.3350 -0.0437
v 0.4322 0.3357 -0.0651
v 0.4261 0.3424 -0.0617
v 0.4276 0.3498 -0.0317
v 0.4279 0.3439 -0.0373
v 0.4189 0.3491 -0.0370
v 0.4272 0.3562 -0.0308
v 0.4191 0.3740 -0.0332
v 0.4264 0.3722 -0.0303
v 0.4276 0.3827 -0.0141
v 0.4262 0.4064 -0.0145
v 0.4227 0.3952 -0.0073
v 0.4231 0.3382 -0.0063
v 0.4256 0.3644 -0.0101
v 0.4231 0.3600 -0.0048
v 0.4215 0.3555 0.0161
v 0.4222 0.3928 0.0053
v 0.4222 0.4161 0.0211
v 0.4214 0.3703 0.0380
v 0.4210 0.3611 0.0556
v 0.4247 0.3623 0.0637
v 0.4238 0.3730 0.0602
v 0.4281 0.3805 0.0608
v 0.4347 0.3694 0.0639
v 0.4415 0.3991 0.0606
v 0.4506 0.3465 0.0688
v 0.4870 0.3178 0.0740
v 0.4735 0.3446 0.0699
v 0.4933 0.3457 0.0699
v 0.4988 0.2896 0.0775
v 0.4951 0.3058 0.0747
v 0.4991 0.3012 0.0731
v 0.4996 0.2528 0.0847
v 0.5019 0.2405 0.0831
v 0.5011 0.2376 0.0868
v 0.5036 0.1895 0.0958
v 0.5009 0.2015 0.0940
v 0.5048 0.2036 0.0922
v 0.5088 0.1700 0.0947
v 0.5106 0.1603 0.0942
v 0.5205 0.1414 0.0824
v 0.5119 0.1543 0.0777
v 0.5194 0.1448 0.0627
v 0.5255 0.1372 0.0697
v 0.5260 0.1374 0.0371
v 0.5265 0.1331 0.0520
v 0.5239 0.1341 0.0250
v 0.5219 0.1387 0.0252
v 0.5191 0.1346 0.0215
v 0.5234 0.0999 0.0255
v 0.5221 0.0889 0.0261
v 0.5201 0.0754 0.0268
v 0.5166 0.0660 0.0262
v 0.5147 0.1325 0.0117
v 0.5134 0.1335 0.0044
v 0.5148 0.1206 0.0145
v 0.5093 0.1404 0.0124
v 0.5040 0.1405 0.0004
v 0.5098 0.1387 0.0049
v 0.5123 0.1369 -0.0150
v 0.5084 0.1385 -0.0312
v 0.5122 0.1367 -0.0310
v 0.5127 0.1323 -0.0710
v 0.5130 0.1327 -0.0907
v 0.5136 0.1231 -0.0833
v 0.5136 0.1339 -0.1508
v 0.5155 0.1313 -0.1589
v 0.5149 0.1169 -0.1532
v 0.5181 0.1100 -0.1647
v 0.5183 0.1348 -0.1658
v 0.5248 0.1036 -0.1689
v 0.5257 0.0708 -0.1709
v 0.5231 0.0657 -0.1707
v 0.5525 0.0607 -0.1806
v 0.5534 0.0570 -0.1863
v 0.5513 0.0508 -0.1812
v 0.5535 0.0818 -0.2154
v 0.5530 0.0780 -0.2677
v 0.5530 0.0709 -0.2782
v 0.5520 0.1129 -0.2710
v 0.5502 0.1118 -0.2764
v 0.5528 0.1060 -0.2713
v 0.5524 0.1025 -0.1799
v 0.5507 0.1194 -0.1863
v 0.5530 0.1035 -0.2198
v 0.5352 0.0959 -0.1720
v 0.5440 0.1040 -0.1739
v 0.5466 0.0765 -0.1745
v 0.5480 0.1230 -0.1767
v 0.5488 0.1241 -0.1862
v 0.5515 0.1129 -0.1799
v 0.5502 0.1198 -0.2105
v 0.5508 0.1190 -0.2465
v 0.5515 0.1143 -0.2219
v 0.5490 0.1242 -0.2605
v 0.5367 0.1325 -0.2122
v 0.5429 0.1297 -0.2306
v 0.5420 0.1299 -0.2043
v 0.5449 0.1256 -0.1754
v 0.5387 0.1309 -0.1740
v 0.5427 0.1293 -0.1757
v 0.5265 0.1366 -0.1743
v 0.5247 0.1393 -0.1835
v 0.5317 0.1324 -0.1723
v 0.5300 0.1348 -0.2128
v 0.5297 0.1351 -0.2291
v 0.5235 0.1399 -0.2492
v 0.5241 0.1367 -0.2575
v 0.5305 0.1358 -0.2509
v 0.5026 0.1327 -0.2696
v 0.5119 0.1305 -0.2718
v 0.5262 0.1347 -0.2681
v 0.4724 0.1210 -0.2765
v 0.4926 0.1305 -0.2729
v 0.4769 0.1292 -0.2731
v 0.4196 0.1164 -0.2774
v 0.4234 0.1292 -0.2715
v 0.4181 0.1261 -0.2714
v 0.4197 0.1311 -0.2678
v 0.4224 0.1350 -0.2663
v 0.4555 0.1423 -0.2534
v 0.4378 0.1365 -0.2626
v 0.4598 0.1323 -0.2696
v 0.4229 0.1497 -0.2472
v 0.4313 0.1492 -0.2487
v 0.4235 0.1578 -0.2453
v 0.4188 0.1382 -0.2548
v 0.4234 0.1819 -0.2397
v 0.4275 0.1945 -0.2384
v 0.4214 0.1932 -0.2359
v 0.4220 0.2247 -0.2274
v 0.4238 0.2304 -0.2305
v 0.4236 0.2451 -0.2263
v 0.4261 0.2743 -0.2208
v 0.4289 0.2901 -0.2192
v 0.4251 0.2859 -0.2168
v 0.4238 0.3122 -0.2058
v 0.4257 0.3296 -0.2100
v 0.4248 0.3474 -0.2025
v 0.4247 0.4069 -0.1858
v 0.4239 0.3751 -0.1913
v 0.4254 0.3993 -0.1937
v 0.4259 0.4496 -0.1413
v 0.4261 0.4706 -0.1540
v 0.4273 0.4950 -0.1364
v 0.4344 0.4812 -0.1145
v 0.4289 0.4635 -0.1250
v 0.4279 0.4784 -0.1267
v 0.4357 0.4811 -0.1050
v 0.4348 0.4556 -0.1145
v 0.4359 0.4807 -0.0690
v 0.4362 0.4889 -0.0882
v 0.4361 0.5059 -0.0544
v 0.4352 0.4897 -0.0403
v 0.4320 0.5271 -0.0343
v 0.4268 0.5191 -0.0208
v 0.4280 0.5244 -0.0242
v 0.4255 0.5300 -0.0147
v 0.4233 0.4717 0.0071
v 0.4236 0.4578 -0.0069
v 0.4245 0.4991 -0.0121
v 0.4255 0.5414 0.0334
v 0.4253 0.5588 0.0264
v 0.4261 0.5581 0.0308
v 0.4413 0.5568 0.0368
v 0.4318 0.5723 0.0341
v 0.4357 0.6152 0.0282
v 0.4357 0.4860 0.0464
v 0.4303 0.5045 0.0425
v 0.4340 0.5088 0.0429
v 0.4294 0.4344 0.0528
v 0.4286 0.4577 0.0488
v 0.4354 0.4471 0.0521
v 0.4246 0.4117 0.0540
v 0.4224 0.3918 0.0478
v 0.4235 0.4218 0.0467
v 0.4307 0.4737 0.0471
v 0.4274 0.5110 0.0401
v 0.4251 0.5193 0.0345
v 0.4314 0.5225 0.0411
v 0.4230 0.4591 0.0412
v 0.4234 0.4752 0.0254
v 0.4246 0.4949 0.0362
v 0.4245 0.4424 -0.0129
v 0.4262 0.4535 -0.0183
v 0.4248 0.4716 -0.0140
v 0.4317 0.4556 -0.0267
v 0.4346 0.4735 -0.0315
v 0.4254 0.4778 -0.0189
v 0.4290 0.4459 -0.0373
v 0.4257 0.4472 -0.0470
v 0.4347 0.4507 -0.0358
v 0.4334 0.4499 -0.0755
v 0.4346 0.4498 -0.1004
v 0.4351 0.4637 -0.0556
v 0.4333 0.4426 -0.1092
v 0.4326 0.4482 -0.1187
v 0.4342 0.4477 -0.1132
v 0.4181 0.4414 -0.1073
v 0.4201 0.4386 -0.1106
v 0.4278 0.4419 -0.1086
v 0.4122 0.4338 -0.1104
v 0.3848 0.4305 -0.1093
v 0.3038 0.3754 -0.1104
v 0.3126 0.3934 -0.1080
v 0.3039 0.4181 -0.1100
v 0.2976 0.3418 -0.1167
v 0.2928 0.3676 -0.1243
v 0.2932 0.3419 -0.1232
v 0.2981 0.3352 -0.1097
v 0.2976 0.3296 -0.1142
v 0.2975 0.3151 -0.1105
v 0.2921 0.2908 -0.1000
v 0.2945 0.3094 -0.1038
v 0.2952 0.2866 -0.1073
v 0.2880 0.3321 -0.0956
v 0.2854 0.3389 -0.0940
v 0.2897 0.3403 -0.0939
v 0.2848 0.3411 -0.0891
v 0.2708 0.3425 -0.0888
v 0.2733 0.3350 -0.0933
v 0.2693 0.3396 -0.0938
v 0.2749 0.2977 -0.0943
v 0.2789 0.3086 -0.0943
v 0.2806 0.2888 -0.0945
v 0.2646 0.2858 -0.1020
v 0.2674 0.3105 -0.0982
v 0.2724 0.2920 -0.0957
v 0.2623 0.2910 -0.1051
v 0.2619 0.3132 -0.1044
v 0.2641 0.3026 -0.1011
v 0.2656 0.3335 -0.0977
v 0.2613 0.3344 -0.1033
v 0.2641 0.3413 -0.0951
v 0.2557 0.3468 -0.0862
v 0.2565 0.3458 -0.0936
v 0.2486 0.3469 -0.0859
v 0.2167 0.3468 -0.0669
v 0.2190 0.3443 -0.0789
v 0.2120 0.3442 -0.0733
v 0.1843 0.3480 -0.0653
v 0.1787 0.3476 -0.0685
v 0.1680 0.3485 -0.0640
v 0.1737 0.3525 -0.0427
v 0.1679 0.3510 -0.0453
v 0.1573 0.3532 -0.0436
v 0.2013 0.3656 -0.0402
v 0.3461 0.3826 -0.0356
v 0.2766 0.3984 -0.0371
v 0.3429 0.4053 -0.0355
v 0.2942 0.3529 -0.0406
v 0.2717 0.3567 -0.0390
v 0.2878 0.3566 -0.0385
v 0.3251 0.3596 -0.0373
v 0.3677 0.3656 -0.0360
v 0.3522 0.3534 -0.0373
v 0.3797 0.3533 -0.0371
v 0.3956 0.3501 -0.0385
v 0.3752 0.3502 -0.0391
v 0.4324 0.3357 -0.0811
v 0.4264 0.3424 -0.0776
v 0.3984 0.3452 -0.0885
v 0.3939 0.3461 -0.1015
v 0.4343 0.3428 -0.1196
v 0.4345 0.3410 -0.1149
v 0.4280 0.3559 -0.1138
v 0.4332 0.3558 -0.1190
v 0.4279 0.3629 -0.1139
v 0.3926 0.3938 -0.0340
v 0.3944 0.3725 -0.0346
v 0.4275 0.4062 -0.0198
v 0.4258 0.3934 -0.0297
v 0.4259 0.4094 -0.0291
v 0.4273 0.4202 -0.0222
v 0.4252 0.4240 -0.0149
v 0.4267 0.4401 -0.0306
v 0.4192 0.4370 -0.0365
v 0.4252 0.4408 -0.0366
v 0.4193 0.4444 -0.0448
v 0.3969 0.4449 -0.0581
v 0.4171 0.4463 -0.0561
v 0.4238 0.4474 -0.0842
v 0.4177 0.4454 -0.0954
v 0.4241 0.4462 -0.0981
v 0.3565 0.4434 -0.0991
v 0.3864 0.4440 -0.0994
v 0.3975 0.4453 -0.0843
v 0.4097 0.4462 -0.0712
v 0.3873 0.4412 -0.0414
v 0.3836 0.4431 -0.0477
v 0.4047 0.4418 -0.0417
v 0.3813 0.4365 -0.0369
v 0.3989 0.4368 -0.0372
v 0.4096 0.4317 -0.0351
v 0.3849 0.4147 -0.0347
v 0.4060 0.4063 -0.0333
v 0.2195 0.4098 -0.0385
v 0.2708 0.4205 -0.0375
v 0.2841 0.4347 -0.0396
v 0.2931 0.4382 -0.0405
v 0.3087 0.4351 -0.0390
v 0.3514 0.4367 -0.0371
v 0.3261 0.4372 -0.0396
v 0.3320 0.4410 -0.0416
v 0.2649 0.4414 -0.0527
v 0.3050 0.4423 -0.0593
v 0.2899 0.4406 -0.0477
v 0.2788 0.4373 -0.0411
v 0.2109 0.4335 -0.0415
v 0.2288 0.4371 -0.0421
v 0.2229 0.4293 -0.0403
v 0.2402 0.4416 -0.0635
v 0.2483 0.4419 -0.0763
v 0.2708 0.4428 -0.0754
v 0.2703 0.4457 -0.0868
v 0.2770 0.4424 -0.0794
v 0.3144 0.4432 -0.0728
v 0.3055 0.4432 -0.0865
v 0.3298 0.4438 -0.0836
v 0.3741 0.4447 -0.0758
v 0.3437 0.4439 -0.0923
v 0.3903 0.4408 -0.1070
v 0.3845 0.4422 -0.1043
v 0.3739 0.4409 -0.1068
v 0.3357 0.4407 -0.1065
v 0.3458 0.4380 -0.1077
v 0.3571 0.4410 -0.1067
v 0.3126 0.4235 -0.1077
v 0.3114 0.4303 -0.1086
v 0.2973 0.4410 -0.1141
v 0.2925 0.4546 -0.1218
v 0.2931 0.4261 -0.1216
v 0.2899 0.3573 -0.1270
v 0.2867 0.3705 -0.1296
v 0.2863 0.3449 -0.1293
v 0.2903 0.3095 -0.1277
v 0.2864 0.3217 -0.1297
v 0.2866 0.3046 -0.1305
v 0.2952 0.2904 -0.1228
v 0.2926 0.2901 -0.1275
v 0.2948 0.2703 -0.1280
v 0.2976 0.2607 -0.1130
v 0.2969 0.2721 -0.1207
v 0.2978 0.2497 -0.1243
v 0.2925 0.2750 -0.1043
v 0.2880 0.2773 -0.1001
v 0.2789 0.2572 -0.1019
v 0.2835 0.2445 -0.1058
v 0.2747 0.2327 -0.1083
v 0.2711 0.2351 -0.1096
v 0.2686 0.2448 -0.1078
v 0.2627 0.2478 -0.1154
v 0.2619 0.2390 -0.1233
v 0.2613 0.2624 -0.1177
v 0.2596 0.3096 -0.1085
v 0.2594 0.3185 -0.1145
v 0.2603 0.3216 -0.1077
v 0.2624 0.3392 -0.0996
v 0.2332 0.3476 -0.0918
v 0.2419 0.3488 -0.0953
v 0.2342 0.3498 -0.0978
v 0.2121 0.3404 -0.0802
v 0.2186 0.3417 -0.0865
v 0.2132 0.3384 -0.0856
v 0.2119 0.3221 -0.0846
v 0.2148 0.3164 -0.0896
v 0.2130 0.3010 -0.0847
v 0.2031 0.3133 -0.0783
v 0.2031 0.3345 -0.0789
v 0.2075 0.3210 -0.0807
v 0.2057 0.3472 -0.0653
v 0.1986 0.3426 -0.0738
v 0.1923 0.3426 -0.0750
v 0.1937 0.2981 -0.0767
v 0.1899 0.3179 -0.0794
v 0.1984 0.3039 -0.0768
v 0.2035 0.2560 -0.0694
v 0.1988 0.2649 -0.0708
v 0.2036 0.2730 -0.0732
v 0.2087 0.2256 -0.0628
v 0.2078 0.2453 -0.0685
v 0.2115 0.2356 -0.0694
v 0.2075 0.2170 -0.0569
v 0.2126 0.2019 -0.0564
v 0.2092 0.1993 -0.0522
v 0.2122 0.1908 -0.0530
v 0.2111 0.1829 -0.0460
v 0.2160 0.1616 -0.0313
v 0.2167 0.1651 -0.0406
v 0.2200 0.1582 -0.0322
v 0.2052 0.1588 -0.0194
v 0.2065 0.1655 -0.0277
v 0.2148 0.1566 -0.0206
v 0.2179 0.1488 -0.0161
v 0.2136 0.1505 -0.0156
v 0.2179 0.1523 -0.0203
v 0.1916 0.1448 -0.0016
v 0.2013 0.1493 -0.0102
v 0.2181 0.1442 -0.0016
v 0.1929 0.1834 -0.0403
v 0.1928 0.1950 -0.0465
v 0.1978 0.1925 -0.0440
v 0.2077 0.1853 -0.0422
v 0.2072 0.1944 -0.0479
v 0.1987 0.2263 -0.0582
v 0.2037 0.2381 -0.0642
v 0.2047 0.2266 -0.0604
v 0.1937 0.2389 -0.0644
v 0.1886 0.2401 -0.0679
v 0.1932 0.2609 -0.0708
v 0.1926 0.2801 -0.0748
v 0.1895 0.2941 -0.0784
v 0.1875 0.3182 -0.0825
v 0.1844 0.3181 -0.0850
v 0.1846 0.3230 -0.0854
v 0.1850 0.3460 -0.0732
v 0.1861 0.3413 -0.0810
v 0.1775 0.3477 -0.0724
v 0.1702 0.3483 -0.0793
v 0.1474 0.3486 -0.0728
v 0.1138 0.3512 -0.0468
v 0.1041 0.3499 -0.0527
v 0.0918 0.3520 -0.0465
v 0.0755 0.3594 -0.0423
v 0.0790 0.3733 -0.0408
v 0.1230 0.3586 -0.0419
v 0.1393 0.3496 -0.0478
v 0.1485 0.3514 -0.0456
v 0.1597 0.3496 -0.0481
v 0.0300 0.4043 -0.0400
v 0.0326 0.4219 -0.0410
v 0.0857 0.4119 -0.0403
v 0.2108 0.4206 -0.0393
v 0.1781 0.4289 -0.0410
v 0.1910 0.4397 -0.0485
v 0.1920 0.4415 -0.0591
v 0.2121 0.4403 -0.0483
v 0.2199 0.4418 -0.0652
v 0.2193 0.4432 -0.0728
v 0.2255 0.4419 -0.0644
v 0.2265 0.4422 -0.0793
v 0.2190 0.4489 -0.0874
v 0.2258 0.4438 -0.0865
v 0.2292 0.4409 -0.0948
v 0.2274 0.4406 -0.0982
v 0.2337 0.4389 -0.0981
v 0.2564 0.4423 -0.0934
v 0.2573 0.4449 -0.1001
v 0.2640 0.4474 -0.0943
v 0.2712 0.4503 -0.0938
v 0.2769 0.4480 -0.0894
v 0.2912 0.4425 -0.0793
v 0.2837 0.4477 -0.0893
v 0.2907 0.4451 -0.0876
v 0.2965 0.4469 -0.0952
v 0.3051 0.4436 -0.0939
v 0.3054 0.4457 -0.1004
v 0.3076 0.4427 -0.1074
v 0.3179 0.4440 -0.0987
v 0.3039 0.4341 -0.1099
v 0.3120 0.4370 -0.1083
v 0.3036 0.4403 -0.1091
v 0.2944 0.4826 -0.1178
v 0.2918 0.4873 -0.1233
v 0.2949 0.4626 -0.1169
v 0.2893 0.4401 -0.1268
v 0.2868 0.4254 -0.1287
v 0.2897 0.4075 -0.1273
v 0.2866 0.3919 -0.1297
v 0.2822 0.3777 -0.1305
v 0.2724 0.3494 -0.1298
v 0.2735 0.3785 -0.1299
v 0.2678 0.3601 -0.1272
v 0.2629 0.3197 -0.1235
v 0.2604 0.3354 -0.1169
v 0.2558 0.3497 -0.1061
v 0.2549 0.3561 -0.1073
v 0.2483 0.3530 -0.1035
v 0.2402 0.3536 -0.1022
v 0.2298 0.3523 -0.1021
v 0.2161 0.3345 -0.0939
v 0.2192 0.3424 -0.0994
v 0.2147 0.3332 -0.1031
v 0.2154 0.2901 -0.0891
v 0.2165 0.3077 -0.0936
v 0.2156 0.2932 -0.0942
v 0.2146 0.2569 -0.0813
v 0.2165 0.2597 -0.0865
v 0.2160 0.2492 -0.0859
v 0.2148 0.2245 -0.0785
v 0.2138 0.2368 -0.0854
v 0.2130 0.2192 -0.0818
v 0.2135 0.1924 -0.0593
v 0.2134 0.2044 -0.0700
v 0.2130 0.1847 -0.0630
v 0.2152 0.1705 -0.0555
v 0.2120 0.1710 -0.0622
v 0.2156 0.1557 -0.0593
v 0.2049 0.1547 -0.0793
v 0.1968 0.1552 -0.0858
v 0.2053 0.1537 -0.0873
v 0.2053 0.1576 -0.0724
v 0.1986 0.1597 -0.0752
v 0.1997 0.1567 -0.0788
v 0.1978 0.1635 -0.0721
v 0.2025 0.1710 -0.0706
v 0.1978 0.1735 -0.0723
v 0.1916 0.1644 -0.0724
v 0.1851 0.1606 -0.0772
v 0.1917 0.1604 -0.0768
v 0.1742 0.1635 -0.0666
v 0.1683 0.1577 -0.0760
v 0.1778 0.1626 -0.0726
v 0.1780 0.1691 -0.0508
v 0.1718 0.1651 -0.0571
v 0.1785 0.1693 -0.0572
v 0.1830 0.1691 -0.0387
v 0.1845 0.1729 -0.0419
v 0.1882 0.1747 -0.0381
v 0.1779 0.1627 -0.0319
v 0.1770 0.1655 -0.0385
v 0.1825 0.1641 -0.0354
v 0.1910 0.1503 -0.0156
v 0.1909 0.1580 -0.0205
v 0.1980 0.1542 -0.0160
v 0.1772 0.1431 -0.0008
v 0.1768 0.1443 -0.0085
v 0.1765 0.1546 -0.0217
v 0.1716 0.1564 -0.0212
v 0.1763 0.1587 -0.0262
v 0.1710 0.1644 -0.0402
v 0.1661 0.1640 -0.0505
v 0.1729 0.1658 -0.0447
v 0.1616 0.1600 -0.0466
v 0.1618 0.1550 -0.0571
v 0.1652 0.1613 -0.0574
v 0.1663 0.1538 -0.0786
v 0.1665 0.1527 -0.0844
v 0.1693 0.1566 -0.0804
v 0.1491 0.1457 -0.0756
v 0.1562 0.1476 -0.0860
v 0.1581 0.1481 -0.0722
v 0.1596 0.1543 -0.0497
v 0.1570 0.1483 -0.0579
v 0.1560 0.1541 -0.0286
v 0.1580 0.1539 -0.0350
v 0.1596 0.1589 -0.0297
v 0.1639 0.1547 -0.0179
v 0.1702 0.1524 -0.0171
v 0.1687 0.1453 -0.0014
v 0.1625 0.1506 -0.0088
v 0.1683 0.1478 -0.0090
v 0.2216 0.1429 0.0085
v 0.2134 0.1245 0.0223
v 0.2090 0.1328 0.0201
v 0.2226 0.1313 0.0207
v 0.2601 0.1211 0.0227
v 0.2413 0.1375 0.0203
v 0.2058 0.1156 0.0243
v 0.2182 0.1152 0.0230
v 0.1615 0.1417 0.0134
v 0.1596 0.1474 0.0064
v 0.1700 0.1420 0.0098
v 0.1553 0.1534 -0.0078
v 0.1577 0.1530 -0.0159
v 0.1554 0.1475 -0.0286
v 0.1544 0.1502 -0.0249
v 0.1492 0.1528 -0.0068
v 0.1508 0.1506 -0.0139
v 0.1539 0.1521 0.0054
v 0.1561 0.1467 0.0113
v 0.1442 0.1459 -0.0943
v 0.1200 0.1472 -0.0937
v 0.1269 0.1460 -0.0912
v 0.1370 0.1453 -0.0743
v 0.1900 0.2015 -0.0504
v 0.1930 0.2057 -0.0516
v 0.2031 0.1972 -0.0467
v 0.1987 0.2088 -0.0508
v 0.2037 0.2098 -0.0528
v 0.1842 0.2324 -0.0701
v 0.1838 0.2396 -0.0755
v 0.1866 0.2490 -0.0730
v 0.1885 0.2751 -0.0767
v 0.1858 0.2908 -0.0821
v 0.1834 0.3012 -0.0881
v 0.1821 0.2884 -0.0933
v 0.1817 0.3095 -0.0938
v 0.1850 0.3343 -0.0860
v 0.1799 0.3426 -0.0871
v 0.1706 0.3481 -0.0862
v 0.1363 0.3482 -0.0821
v 0.1522 0.3487 -0.0847
v 0.1385 0.3483 -0.0879
v 0.1200 0.3483 -0.0797
v 0.1129 0.3480 -0.0800
v 0.0987 0.3489 -0.0696
v 0.0730 0.3494 -0.0618
v 0.0705 0.3484 -0.0776
v 0.0541 0.3486 -0.0671
v 0.0281 0.3522 -0.0474
v 0.0396 0.3500 -0.0524
v 0.0194 0.3507 -0.0506
v 0.0382 0.3543 -0.0440
v 0.0382 0.3598 -0.0423
v 0.0615 0.3535 -0.0434
v -0.0511 0.3612 -0.0406
v -0.0234 0.3755 -0.0401
v -0.0019 0.3639 -0.0413
v -0.0714 0.3530 -0.0426
v -0.0741 0.3567 -0.0414
v -0.0563 0.3525 -0.0424
v -0.0378 0.3498 -0.0494
v -0.0498 0.3510 -0.0454
v -0.0304 0.3513 -0.0460
v -0.1023 0.3491 -0.0488
v -0.1156 0.3503 -0.0448
v -0.0944 0.3506 -0.0450
v -0.1259 0.3518 -0.0419
v -0.1530 0.3575 -0.0403
v -0.1050 0.3576 -0.0411
v -0.1463 0.3523 -0.0423
v -0.1534 0.3504 -0.0437
v -0.1632 0.3515 -0.0416
v -0.2080 0.3526 -0.0419
v -0.1931 0.3495 -0.0440
v -0.2237 0.3491 -0.0433
v -0.2203 0.3566 -0.0397
v -0.2442 0.3701 -0.0387
v -0.1921 0.3640 -0.0393
v -0.1152 0.3706 -0.0398
v -0.1280 0.3884 -0.0392
v -0.0480 0.3950 -0.0393
v -0.0178 0.4301 -0.0414
v 0.0131 0.4310 -0.0423
v 0.0714 0.4241 -0.0413
v 0.1165 0.4263 -0.0414
v 0.1607 0.4365 -0.0427
v 0.1657 0.4401 -0.0548
v 0.1700 0.4414 -0.0659
v 0.1922 0.4478 -0.0731
v 0.1927 0.4553 -0.0759
v 0.1986 0.4487 -0.0729
v 0.2114 0.4472 -0.0744
v 0.2046 0.4559 -0.0752
v 0.2091 0.4565 -0.0768
v 0.2121 0.4553 -0.0799
v 0.2114 0.4776 -0.0808
v 0.2146 0.4554 -0.0827
v 0.2190 0.4509 -0.0939
v 0.2188 0.4488 -0.0994
v 0.2267 0.4448 -0.0926
v 0.2217 0.4458 -0.0971
v 0.2216 0.4232 -0.1055
v 0.2173 0.4345 -0.1058
v 0.2141 0.4204 -0.1083
v 0.2205 0.4063 -0.1070
v 0.2137 0.3840 -0.1091
v 0.2258 0.3850 -0.1066
v 0.2449 0.3717 -0.1058
v 0.2473 0.3902 -0.1061
v 0.2378 0.3869 -0.1058
v 0.2487 0.4206 -0.1051
v 0.2565 0.4337 -0.1064
v 0.2493 0.4332 -0.1030
v 0.2489 0.4392 -0.0988
v 0.2475 0.4368 -0.1016
v 0.2548 0.4408 -0.1007
v 0.2639 0.4558 -0.1015
v 0.2612 0.4644 -0.1086
v 0.2625 0.4711 -0.1042
v 0.2666 0.4939 -0.0980
v 0.2698 0.5161 -0.0960
v 0.2721 0.4851 -0.0955
v 0.2833 0.4562 -0.0938
v 0.2832 0.4852 -0.0942
v 0.2863 0.4740 -0.0947
v 0.2892 0.4557 -0.0950
v 0.2929 0.4552 -0.0986
v 0.2955 0.4774 -0.1083
v 0.2961 0.4877 -0.1143
v 0.2956 0.4707 -0.1131
v 0.2939 0.5071 -0.1188
v 0.2884 0.4938 -0.1260
v 0.2845 0.4725 -0.1282
v 0.2888 0.4665 -0.1260
v 0.2775 0.4323 -0.1313
v 0.2739 0.4461 -0.1291
v 0.2736 0.4233 -0.1296
v 0.2697 0.4128 -0.1278
v 0.2701 0.4348 -0.1275
v 0.2668 0.4260 -0.1248
v 0.2618 0.4379 -0.1165
v 0.2644 0.4416 -0.1213
v 0.2625 0.4581 -0.1176
v 0.2540 0.3808 -0.1069
v 0.2592 0.4159 -0.1133
v 0.2545 0.4092 -0.1068
v 0.2471 0.3588 -0.1051
v 0.2390 0.3581 -0.1044
v 0.2610 0.4535 -0.1128
v 0.2606 0.4753 -0.1142
v 0.2629 0.4902 -0.1023
v 0.2612 0.4851 -0.1081
v 0.2625 0.5126 -0.1039
v 0.2641 0.5119 -0.1001
v 0.2667 0.5280 -0.0979
v 0.2778 0.5476 -0.0937
v 0.2739 0.5635 -0.0942
v 0.2782 0.5719 -0.0937
v 0.2851 0.5195 -0.0948
v 0.2818 0.5320 -0.0940
v 0.2856 0.5404 -0.0950
v 0.2924 0.4965 -0.0989
v 0.2942 0.4860 -0.1036
v 0.2921 0.4752 -0.0997
v 0.2953 0.5146 -0.1088
v 0.2961 0.4949 -0.1082
v 0.2917 0.5569 -0.0999
v 0.2942 0.5663 -0.1032
v 0.2938 0.5344 -0.1039
v 0.2819 0.5587 -0.0940
v 0.2816 0.5850 -0.0940
v 0.2856 0.5687 -0.0950
v 0.2889 0.5794 -0.0970
v 0.2918 0.5904 -0.0999
v 0.2952 0.5630 -0.1096
v 0.2950 0.5509 -0.1140
v 0.2951 0.5417 -0.1088
v 0.2937 0.5367 -0.1189
v 0.2918 0.5461 -0.1230
v 0.2910 0.5190 -0.1233
v 0.2876 0.5194 -0.1268
v 0.2806 0.5314 -0.1284
v 0.2828 0.5157 -0.1283
v 0.2704 0.4792 -0.1268
v 0.2740 0.4694 -0.1285
v 0.2739 0.4921 -0.1282
v 0.2646 0.4630 -0.1214
v 0.2673 0.4699 -0.1245
v 0.2648 0.4845 -0.1215
v 0.2631 0.5039 -0.1183
v 0.2645 0.5307 -0.1204
v 0.2622 0.5313 -0.1144
v 0.2616 0.5829 -0.1142
v 0.2622 0.6157 -0.1180
v 0.2610 0.6075 -0.1110
v 0.2663 0.5873 -0.0980
v 0.2641 0.5771 -0.1006
v 0.2642 0.6015 -0.1004
v 0.2661 0.5459 -0.0983
v 0.2641 0.5547 -0.1007
v 0.2665 0.5656 -0.0979
v 0.2698 0.5811 -0.0951
v 0.2762 0.5934 -0.0940
v 0.2811 0.6094 -0.0940
v 0.2798 0.6345 -0.0938
v 0.2859 0.6247 -0.0946
v 0.2894 0.6096 -0.0973
v 0.2923 0.6390 -0.0989
v 0.2924 0.6170 -0.1004
v 0.2955 0.6111 -0.1095
v 0.2956 0.6231 -0.1130
v 0.2963 0.6107 -0.1143
v 0.2961 0.5923 -0.1146
v 0.2921 0.5893 -0.1237
v 0.2937 0.5659 -0.1188
v 0.2776 0.5791 -0.1286
v 0.2806 0.6037 -0.1285
v 0.2747 0.5999 -0.1282
v 0.2706 0.5571 -0.1265
v 0.2741 0.5680 -0.1280
v 0.2704 0.5868 -0.1266
v 0.2642 0.5873 -0.1203
v 0.2672 0.5742 -0.1241
v 0.2670 0.6026 -0.1242
v 0.2614 0.6402 -0.1132
v 0.2618 0.6805 -0.1046
v 0.2610 0.6809 -0.1092
v 0.2610 0.6991 -0.1077
v 0.2666 0.6575 -0.0976
v 0.2637 0.6708 -0.1001
v 0.2668 0.6844 -0.0969
v 0.2725 0.6818 -0.0940
v 0.2732 0.7041 -0.0943
v 0.2767 0.6895 -0.0937
v 0.2822 0.6855 -0.0940
v 0.2843 0.7195 -0.0950
v 0.2882 0.7001 -0.0969
v 0.2914 0.6650 -0.0995
v 0.2940 0.6552 -0.1037
v 0.2953 0.6618 -0.1138
v 0.2943 0.6841 -0.1178
v 0.2938 0.6506 -0.1198
v 0.2919 0.6058 -0.1232
v 0.2921 0.6214 -0.1238
v 0.2856 0.6213 -0.1281
v 0.2819 0.6294 -0.1286
v 0.2816 0.6502 -0.1286
v 0.2781 0.6274 -0.1288
v 0.2668 0.6314 -0.1243
v 0.2698 0.6400 -0.1268
v 0.2668 0.6578 -0.1250
v 0.2647 0.6749 -0.1224
v 0.2644 0.6981 -0.1223
v 0.2626 0.6842 -0.1184
v 0.2611 0.7004 -0.1129
v 0.2597 0.7248 -0.1081
v 0.2626 0.7306 -0.1005
v 0.2609 0.7446 -0.1048
v 0.2631 0.7515 -0.1005
v 0.2663 0.7110 -0.0976
v 0.2661 0.7356 -0.0977
v 0.2696 0.7189 -0.0956
v 0.2758 0.7425 -0.0940
v 0.2782 0.7606 -0.0938
v 0.2815 0.7433 -0.0937
v 0.2889 0.7246 -0.0970
v 0.2923 0.7415 -0.0988
v 0.2919 0.7119 -0.0997
v 0.2962 0.7247 -0.1083
v 0.2960 0.7090 -0.1148
v 0.2951 0.6986 -0.1078
v 0.2936 0.7100 -0.1207
v 0.2895 0.7075 -0.1257
v 0.2919 0.6838 -0.1233
v 0.2815 0.6760 -0.1287
v 0.2854 0.6947 -0.1277
v 0.2812 0.7069 -0.1289
v 0.2735 0.6286 -0.1287
v 0.2773 0.6550 -0.1289
v 0.2721 0.6613 -0.1282
v 0.2667 0.7101 -0.1252
v 0.2639 0.7227 -0.1223
v 0.2603 0.7664 -0.1127
v 0.2620 0.7475 -0.1205
v 0.2613 0.7714 -0.1176
v 0.2610 0.7907 -0.1029
v 0.2580 0.7980 -0.1007
v 0.2623 0.7945 -0.0994
v 0.2731 0.7913 -0.0931
v 0.2641 0.7965 -0.0952
v 0.2691 0.7955 -0.0936
v 0.2776 0.7778 -0.0934
v 0.2827 0.7663 -0.0943
v 0.2877 0.7675 -0.0963
v 0.2861 0.7513 -0.0946
v 0.2945 0.7561 -0.1042
v 0.2961 0.7782 -0.1082
v 0.2957 0.7618 -0.1086
v 0.2957 0.7369 -0.1130
v 0.2940 0.7407 -0.1184
v 0.2888 0.7505 -0.1263
v 0.2854 0.7257 -0.1278
v 0.2768 0.6845 -0.1289
v 0.2776 0.7139 -0.1292
v 0.2739 0.7069 -0.1286
v 0.2692 0.7452 -0.1272
v 0.2689 0.7689 -0.1271
v 0.2652 0.7478 -0.1250
v 0.2632 0.7668 -0.1220
v 0.2565 0.7995 -0.1065
v 0.2617 0.7983 -0.1205
v 0.2553 0.8061 -0.1078
v 0.2415 0.8040 -0.0953
v 0.2499 0.8038 -0.0992
v 0.2415 0.8064 -0.1001
v 0.2353 0.8020 -0.0854
v 0.2329 0.8025 -0.0911
v 0.2259 0.8003 -0.0854
v 0.2122 0.7982 -0.0733
v 0.2180 0.7972 -0.0804
v 0.2133 0.7961 -0.0788
v 0.2022 0.7999 -0.0674
v 0.1985 0.7980 -0.0720
v 0.1879 0.8014 -0.0656
v 0.1485 0.8032 -0.0469
v 0.1782 0.8015 -0.0642
v 0.1620 0.8019 -0.0635
v 0.1611 0.8051 -0.0435
v 0.1707 0.8080 -0.0419
v 0.1789 0.8049 -0.0426
v 0.1950 0.8046 -0.0425
v 0.2127 0.8075 -0.0417
v 0.2143 0.8047 -0.0436
v 0.2369 0.8019 -0.0611
v 0.2266 0.8016 -0.0715
v 0.2158 0.8013 -0.0626
v 0.2467 0.8017 -0.0843
v 0.2488 0.8028 -0.0928
v 0.2632 0.8002 -0.0871
v 0.2557 0.8016 -0.0862
v 0.2748 0.8013 -0.0692
v 0.2830 0.8001 -0.0801
v 0.2733 0.8012 -0.0792
v 0.2520 0.8039 -0.0423
v 0.2607 0.8091 -0.0415
v 0.2671 0.8051 -0.0430
v 0.3063 0.8052 -0.0435
v 0.3103 0.8034 -0.0495
v 0.2840 0.8042 -0.0424
v 0.3233 0.8028 -0.0802
v 0.3365 0.8043 -0.0938
v 0.3128 0.8028 -0.0904
v 0.2829 0.7975 -0.0876
v 0.2895 0.7965 -0.0936
v 0.2854 0.7952 -0.0937
v 0.2910 0.7797 -0.0985
v 0.2949 0.7894 -0.1025
v 0.2942 0.7761 -0.1033
v 0.2952 0.7844 -0.1132
v 0.2960 0.7657 -0.1143
v 0.2914 0.7601 -0.1228
v 0.2911 0.7863 -0.1229
v 0.2884 0.7770 -0.1260
v 0.2813 0.7583 -0.1291
v 0.2842 0.7755 -0.1288
v 0.2782 0.7757 -0.1294
v 0.2729 0.7856 -0.1288
v 0.2681 0.7955 -0.1266
v 0.2637 0.7933 -0.1225
v 0.2649 0.8118 -0.1243
v 0.2607 0.8148 -0.1190
v 0.2561 0.8139 -0.1121
v 0.2501 0.8123 -0.1069
v 0.2430 0.8094 -0.1032
v 0.2402 0.8129 -0.1040
v 0.2340 0.8081 -0.1008
v 0.2209 0.8044 -0.1008
v 0.2202 0.8064 -0.1039
v 0.2199 0.7990 -0.0992
v 0.2162 0.7739 -0.0895
v 0.2176 0.7840 -0.0939
v 0.2173 0.7578 -0.0937
v 0.2078 0.7645 -0.0792
v 0.2113 0.7744 -0.0814
v 0.2115 0.7536 -0.0824
v 0.2042 0.7830 -0.0771
v 0.1982 0.7908 -0.0747
v 0.2041 0.7912 -0.0752
v 0.1927 0.7829 -0.0770
v 0.1878 0.7916 -0.0775
v 0.1924 0.7909 -0.0753
v 0.1976 0.7187 -0.0767
v 0.1985 0.7390 -0.0758
v 0.2027 0.7203 -0.0773
v 0.1986 0.6534 -0.0760
v 0.1986 0.6780 -0.0770
v 0.2035 0.6572 -0.0773
v 0.2079 0.6471 -0.0792
v 0.2116 0.6345 -0.0830
v 0.2087 0.6090 -0.0798
v 0.2115 0.5647 -0.0822
v 0.2124 0.6004 -0.0834
v 0.2145 0.5893 -0.0867
v 0.2076 0.5315 -0.0791
v 0.2106 0.5083 -0.0812
v 0.2069 0.5096 -0.0784
v 0.2037 0.4744 -0.0761
v 0.2082 0.4679 -0.0778
v 0.2152 0.5153 -0.0889
v 0.2171 0.4990 -0.0936
v 0.2142 0.4921 -0.0856
v 0.2173 0.4616 -0.0989
v 0.2146 0.4713 -0.1032
v 0.2164 0.4485 -0.1035
v 0.2042 0.4325 -0.1125
v 0.2104 0.4463 -0.1086
v 0.2043 0.4594 -0.1110
v 0.2002 0.3973 -0.1119
v 0.1985 0.4112 -0.1134
v 0.1931 0.4039 -0.1112
v 0.1851 0.3854 -0.1083
v 0.1762 0.4053 -0.1058
v 0.1741 0.3888 -0.1057
v 0.1760 0.3583 -0.1046
v 0.1765 0.3718 -0.1056
v 0.1580 0.3586 -0.1032
v 0.1340 0.3484 -0.0936
v 0.1368 0.3495 -0.1000
v 0.1303 0.3442 -0.1008
v 0.1229 0.3346 -0.0974
v 0.1199 0.3324 -0.0947
v 0.1203 0.3400 -0.0937
v 0.1126 0.3429 -0.0878
v 0.1061 0.3431 -0.0877
v 0.1167 0.2896 -0.0915
v 0.1120 0.3059 -0.0915
v 0.1163 0.3123 -0.0928
v 0.1232 0.2864 -0.0967
v 0.1250 0.2926 -0.1004
v 0.1261 0.2635 -0.0993
v 0.1163 0.2217 -0.0870
v 0.1187 0.2410 -0.0888
v 0.1192 0.2143 -0.0889
v 0.1163 0.1938 -0.0868
v 0.1189 0.1786 -0.0901
v 0.1134 0.1901 -0.0871
v 0.1117 0.2476 -0.0874
v 0.1149 0.2506 -0.0879
v 0.1067 0.2860 -0.0894
v 0.1072 0.3005 -0.0912
v 0.1127 0.2880 -0.0895
v 0.1025 0.3107 -0.0932
v 0.0972 0.2982 -0.0965
v 0.0995 0.3196 -0.0949
v 0.0998 0.3434 -0.0889
v 0.0995 0.3346 -0.0944
v 0.0985 0.3400 -0.0936
v 0.0922 0.3472 -0.0870
v 0.0933 0.3432 -0.0946
v 0.0846 0.3485 -0.0862
v 0.0574 0.3471 -0.0757
v 0.0628 0.3471 -0.0814
v 0.0545 0.3437 -0.0814
v 0.0310 0.3489 -0.0655
v 0.0405 0.3435 -0.0741
v 0.0347 0.3435 -0.0743
v 0.0207 0.3495 -0.0573
v 0.0018 0.3505 -0.0504
v -0.0232 0.3533 -0.0439
v -0.0117 0.3517 -0.0465
v -0.0179 0.3502 -0.0498
v -0.0236 0.3493 -0.0551
v -0.0443 0.3488 -0.0538
v -0.0510 0.3476 -0.0777
v -0.0665 0.3481 -0.0717
v -0.1083 0.3482 -0.0532
v -0.0921 0.3480 -0.0727
v -0.1205 0.3475 -0.0795
v -0.1513 0.3479 -0.0543
v -0.1775 0.3486 -0.0479
v -0.2096 0.3466 -0.0665
v -0.1927 0.3465 -0.0753
v -0.2066 0.3464 -0.0818
v -0.2547 0.3485 -0.0477
v -0.2476 0.3470 -0.0568
v -0.2708 0.3481 -0.0468
v -0.2847 0.3535 -0.0412
v -0.2845 0.3569 -0.0391
v -0.2682 0.3570 -0.0401
v -0.3128 0.3526 -0.0409
v -0.3353 0.3557 -0.0382
v -0.3052 0.3563 -0.0394
v -0.3519 0.3738 -0.0362
v -0.3460 0.3949 -0.0360
v -0.2832 0.3851 -0.0373
v -0.2055 0.4148 -0.0393
v -0.1856 0.4297 -0.0407
v -0.1537 0.4209 -0.0397
v -0.0588 0.4267 -0.0400
v -0.0742 0.4377 -0.0419
v -0.0496 0.4335 -0.0415
v -0.0244 0.4371 -0.0424
v -0.0345 0.4389 -0.0459
v -0.0095 0.4392 -0.0475
v 0.0339 0.4308 -0.0427
v 0.0187 0.4349 -0.0442
v 0.0370 0.4349 -0.0444
v 0.0645 0.4315 -0.0426
v 0.0712 0.4348 -0.0442
v 0.0837 0.4311 -0.0423
v 0.0951 0.4392 -0.0521
v 0.0632 0.4404 -0.0607
v 0.0845 0.4405 -0.0639
v 0.1343 0.4407 -0.0709
v 0.1201 0.4409 -0.0722
v 0.1273 0.4409 -0.0723
v 0.1489 0.4408 -0.0764
v 0.1439 0.4402 -0.0873
v 0.1565 0.4403 -0.0827
v 0.1765 0.4432 -0.0731
v 0.1796 0.4461 -0.0806
v 0.1855 0.4465 -0.0737
v 0.1879 0.4537 -0.0774
v 0.1832 0.4551 -0.0835
v 0.1890 0.4684 -0.0787
v 0.1907 0.4860 -0.0782
v 0.1942 0.4920 -0.0767
v 0.1939 0.4735 -0.0764
v 0.1977 0.5090 -0.0764
v 0.1986 0.5360 -0.0756
v 0.2032 0.5225 -0.0771
v 0.1939 0.6064 -0.0776
v 0.1945 0.6360 -0.0776
v 0.1986 0.6160 -0.0760
v 0.1897 0.6496 -0.0797
v 0.1934 0.6663 -0.0780
v 0.1938 0.7003 -0.0773
v 0.1893 0.7178 -0.0793
v 0.1852 0.7442 -0.0837
v 0.1892 0.7465 -0.0797
v 0.1856 0.7823 -0.0808
v 0.1823 0.7873 -0.0834
v 0.1853 0.7983 -0.0739
v 0.1778 0.8008 -0.0727
v 0.1421 0.8019 -0.0568
v 0.1378 0.8030 -0.0470
v 0.1305 0.8041 -0.0433
v 0.1238 0.8092 -0.0407
v 0.1358 0.8078 -0.0413
v 0.1718 0.8133 -0.0404
v 0.1802 0.8334 -0.0397
v 0.2126 0.8131 -0.0402
v 0.2734 0.8143 -0.0403
v 0.2522 0.8338 -0.0394
v 0.2997 0.8296 -0.0391
v 0.3324 0.8091 -0.0422
v 0.3442 0.8135 -0.0403
v 0.3482 0.8085 -0.0424
v 0.3354 0.8043 -0.0474
v 0.3439 0.8061 -0.0446
v 0.3545 0.8040 -0.0478
v 0.3679 0.8011 -0.0657
v 0.3737 0.8016 -0.0895
v 0.3566 0.8023 -0.0764
v 0.3541 0.8043 -0.0955
v 0.3558 0.8064 -0.1015
v 0.3111 0.8038 -0.0984
v 0.3046 0.8015 -0.0940
v 0.2907 0.7992 -0.0868
v 0.2968 0.7985 -0.0943
v 0.2981 0.8337 -0.1095
v 0.2948 0.8213 -0.1165
v 0.2981 0.8055 -0.1080
v 0.2892 0.8249 -0.1255
v 0.2861 0.8382 -0.1274
v 0.2859 0.8109 -0.1280
v 0.2817 0.8192 -0.1291
v 0.2815 0.8410 -0.1289
v 0.2772 0.8273 -0.1294
v 0.2684 0.8428 -0.1272
v 0.2716 0.8609 -0.1287
v 0.2662 0.8582 -0.1261
v 0.2453 0.8540 -0.1067
v 0.2538 0.8386 -0.1085
v 0.2529 0.8600 -0.1082
v 0.2466 0.8307 -0.1070
v 0.2360 0.8405 -0.1056
v 0.2215 0.8254 -0.1066
v 0.2199 0.8416 -0.1073
v 0.2156 0.8200 -0.1088
v 0.2065 0.8006 -0.1117
v 0.2130 0.8062 -0.1087
v 0.2062 0.8123 -0.1140
v 0.2109 0.7638 -0.1077
v 0.2095 0.7880 -0.1091
v 0.2040 0.7674 -0.1120
v 0.2163 0.7827 -0.1001
v 0.2131 0.7800 -0.1053
v 0.2136 0.7581 -0.1037
v 0.2157 0.7096 -0.0902
v 0.2170 0.7280 -0.0938
v 0.2164 0.7118 -0.0940
v 0.2152 0.6861 -0.0888
v 0.2173 0.6801 -0.0936
v 0.2153 0.6575 -0.0894
v 0.2174 0.6160 -0.0936
v 0.2170 0.5917 -0.0939
v 0.2134 0.5182 -0.0848
v 0.2149 0.5403 -0.0874
v 0.2156 0.5439 -0.0985
v 0.2139 0.5337 -0.1022
v 0.2155 0.5221 -0.0980
v 0.2087 0.5023 -0.1077
v 0.2078 0.5346 -0.1081
v 0.2029 0.5199 -0.1103
v 0.2037 0.4898 -0.1104
v 0.1984 0.4757 -0.1127
v 0.1850 0.4237 -0.1081
v 0.1928 0.4413 -0.1129
v 0.1886 0.4504 -0.1093
v 0.1669 0.4115 -0.1038
v 0.1751 0.4203 -0.1046
v 0.1678 0.4242 -0.1023
v 0.1606 0.3826 -0.1044
v 0.1562 0.3998 -0.1037
v 0.1414 0.3808 -0.1037
v 0.1339 0.3564 -0.1062
v 0.1281 0.3587 -0.1132
v 0.1337 0.3509 -0.1055
v 0.1289 0.3404 -0.1069
v 0.1274 0.3347 -0.1038
v 0.1263 0.3204 -0.1044
v 0.1265 0.3049 -0.1073
v 0.1260 0.3032 -0.1037
v 0.1241 0.2399 -0.0957
v 0.1256 0.2368 -0.1005
v 0.1253 0.1981 -0.0969
v 0.1261 0.1923 -0.1003
v 0.1265 0.1812 -0.0975
v 0.1228 0.1717 -0.0948
v 0.1239 0.1725 -0.0997
v 0.1221 0.1681 -0.0959
v 0.1136 0.1705 -0.0943
v 0.1165 0.1692 -0.0987
v 0.1116 0.1741 -0.0978
v 0.1062 0.1894 -0.0916
v 0.1104 0.1948 -0.0867
v 0.1085 0.1866 -0.0903
v 0.1004 0.2139 -0.0949
v 0.0988 0.2403 -0.0969
v 0.1015 0.2291 -0.0922
v 0.1088 0.2402 -0.0870
v 0.1080 0.2616 -0.0886
v 0.0975 0.2674 -0.0972
v 0.0960 0.2493 -0.1011
v 0.0940 0.2812 -0.1017
v 0.0955 0.3315 -0.0980
v 0.0945 0.3237 -0.1014
v 0.0935 0.3339 -0.1016
v 0.0776 0.3497 -0.0960
v 0.0847 0.3497 -0.0995
v 0.0795 0.3508 -0.0993
v 0.0629 0.3466 -0.0921
v 0.0711 0.3485 -0.0919
v 0.0626 0.3510 -0.0986
v 0.0547 0.3418 -0.0878
v 0.0497 0.3337 -0.0853
v 0.0474 0.3416 -0.0804
v 0.0324 0.3141 -0.0795
v 0.0288 0.3345 -0.0810
v 0.0355 0.3203 -0.0794
v 0.0341 0.2847 -0.0769
v 0.0361 0.3012 -0.0785
v 0.0398 0.2770 -0.0762
v 0.0488 0.2667 -0.0792
v 0.0522 0.2606 -0.0820
v 0.0499 0.2491 -0.0765
v 0.0471 0.2232 -0.0660
v 0.0440 0.2406 -0.0700
v 0.0488 0.2355 -0.0716
v 0.0368 0.2205 -0.0621
v 0.0350 0.2375 -0.0678
v 0.0414 0.2274 -0.0649
v 0.0500 0.2015 -0.0571
v 0.0459 0.2112 -0.0600
v 0.0496 0.2095 -0.0619
v 0.0540 0.1855 -0.0529
v 0.0556 0.1890 -0.0605
v 0.0571 0.1775 -0.0514
v 0.0613 0.1648 -0.0527
v 0.0580 0.1734 -0.0617
v 0.0598 0.1625 -0.0614
v 0.0644 0.1485 -0.0586
v 0.0630 0.1519 -0.0573
v 0.0607 0.1555 -0.0639
v 0.0610 0.1489 -0.0714
v 0.0620 0.1461 -0.0787
v 0.0702 0.1450 -0.0719
v 0.0541 0.1479 -0.0847
v 0.0485 0.1477 -0.0910
v 0.0553 0.1451 -0.0948
v 0.0443 0.1516 -0.0866
v 0.0429 0.1499 -0.0902
v 0.0477 0.1502 -0.0860
v 0.0404 0.1558 -0.0876
v 0.0405 0.1659 -0.0862
v 0.0271 0.1584 -0.0821
v 0.0225 0.1919 -0.0651
v 0.0241 0.1807 -0.0721
v 0.0228 0.1958 -0.0715
v 0.0268 0.2101 -0.0636
v 0.0309 0.2197 -0.0638
v 0.0307 0.2053 -0.0579
v 0.0367 0.1847 -0.0437
v 0.0349 0.1960 -0.0516
v 0.0412 0.1897 -0.0471
v 0.0465 0.1838 -0.0438
v 0.0460 0.1960 -0.0522
v 0.0289 0.1755 -0.0385
v 0.0262 0.1797 -0.0473
v 0.0268 0.1865 -0.0516
v 0.0230 0.1878 -0.0588
v 0.0263 0.1963 -0.0561
v 0.0276 0.2210 -0.0653
v 0.0251 0.2402 -0.0744
v 0.0295 0.2367 -0.0695
v 0.0350 0.2640 -0.0732
v 0.0289 0.3172 -0.0808
v 0.0288 0.3438 -0.0751
v 0.0275 0.3404 -0.0798
v 0.0133 0.3485 -0.0723
v 0.0033 0.3484 -0.0712
v -0.0056 0.3494 -0.0531
v -0.0225 0.3483 -0.0795
v -0.0158 0.3472 -0.0868
v -0.0232 0.3433 -0.0892
v -0.0373 0.3347 -0.0945
v -0.0379 0.3394 -0.0940
v -0.0362 0.3428 -0.0895
v -0.0491 0.3438 -0.0950
v -0.0502 0.3428 -0.1015
v -0.0579 0.3478 -0.0934
v -0.0729 0.3487 -0.0968
v -0.0805 0.3500 -0.1014
v -0.0926 0.3491 -0.0983
v -0.1376 0.3469 -0.0905
v -0.1424 0.3465 -0.0983
v -0.1515 0.3449 -0.0924
v -0.1727 0.3420 -0.0893
v -0.1661 0.3403 -0.0939
v -0.1709 0.3390 -0.0942
v -0.1864 0.3464 -0.0792
v -0.1917 0.3459 -0.0828
v -0.2166 0.3455 -0.0843
v -0.2076 0.3472 -0.0930
v -0.2154 0.3465 -0.0933
v -0.2431 0.3453 -0.0665
v -0.2359 0.3437 -0.0736
v -0.2449 0.3433 -0.0728
v -0.2886 0.3485 -0.0464
v -0.2945 0.3468 -0.0511
v -0.3192 0.3493 -0.0429
v -0.3348 0.3516 -0.0406
v -0.3743 0.3485 -0.0416
v -0.3833 0.3505 -0.0394
v -0.3616 0.3519 -0.0389
v -0.4129 0.3664 -0.0356
v -0.3897 0.3578 -0.0363
v -0.4068 0.3548 -0.0371
v -0.4360 0.3520 -0.0350
v -0.4359 0.3988 -0.0332
v -0.4274 0.3700 -0.0349
v -0.3967 0.3836 -0.0352
v -0.3938 0.4038 -0.0352
v -0.2899 0.4177 -0.0379
v -0.2670 0.4260 -0.0394
v -0.2387 0.4197 -0.0393
v -0.2089 0.4330 -0.0407
v -0.2204 0.4372 -0.0425
v -0.2000 0.4376 -0.0422
v -0.1597 0.4387 -0.0417
v -0.1528 0.4404 -0.0440
v -0.1369 0.4379 -0.0424
v -0.0923 0.4324 -0.0406
v -0.1170 0.4382 -0.0418
v -0.0968 0.4375 -0.0428
v -0.0539 0.4401 -0.0494
v -0.0207 0.4404 -0.0500
v 0.0241 0.4388 -0.0506
v 0.0293 0.4404 -0.0580
v 0.0568 0.4388 -0.0526
v 0.0630 0.4409 -0.0721
v 0.0778 0.4409 -0.0736
v 0.0918 0.4438 -0.0801
v 0.0860 0.4432 -0.0868
v 0.0928 0.4489 -0.0874
v 0.1009 0.4552 -0.0862
v 0.1061 0.4661 -0.0862
v 0.1061 0.4552 -0.0852
v 0.1301 0.4405 -0.0816
v 0.1313 0.4409 -0.0766
v 0.1282 0.4436 -0.0911
v 0.1272 0.4477 -0.0926
v 0.1326 0.4415 -0.0928
v 0.1405 0.4392 -0.0933
v 0.1619 0.4402 -0.0859
v 0.1615 0.4388 -0.0910
v 0.1705 0.4424 -0.0860
v 0.1783 0.4472 -0.0870
v 0.1803 0.4556 -0.0891
v 0.1872 0.4879 -0.0807
v 0.1897 0.5615 -0.0795
v 0.1938 0.5786 -0.0775
v 0.1941 0.5508 -0.0772
v 0.1846 0.5726 -0.0851
v 0.1847 0.6019 -0.0850
v 0.1869 0.5813 -0.0819
v 0.1868 0.6506 -0.0822
v 0.1852 0.6691 -0.0845
v 0.1878 0.6675 -0.0812
v 0.1853 0.7064 -0.0843
v 0.1833 0.6862 -0.0890
v 0.1826 0.7218 -0.0887
v 0.1831 0.7827 -0.0840
v 0.1814 0.7772 -0.0884
v 0.1790 0.7983 -0.0802
v 0.1777 0.7976 -0.0868
v 0.1708 0.8016 -0.0827
v 0.1627 0.8031 -0.0917
v 0.1645 0.8049 -0.0984
v 0.1531 0.8048 -0.0944
v 0.1264 0.8010 -0.0789
v 0.1341 0.8014 -0.0848
v 0.1252 0.7988 -0.0872
v 0.1220 0.7996 -0.0473
v 0.1205 0.7987 -0.0505
v 0.1150 0.7972 -0.0424
v 0.1059 0.8051 -0.0388
v 0.0859 0.8346 -0.0394
v 0.1141 0.8260 -0.0394
v 0.1363 0.8518 -0.0395
v 0.1775 0.8573 -0.0395
v 0.3335 0.8379 -0.0378
v 0.2943 0.8498 -0.0384
v 0.3337 0.8601 -0.0374
v 0.3642 0.8287 -0.0359
v 0.3670 0.8241 -0.0367
v 0.3553 0.8317 -0.0370
v 0.3718 0.8184 -0.0328
v 0.3704 0.8262 -0.0324
v 0.3809 0.8337 -0.0135
v 0.3800 0.8727 -0.0129
v 0.3860 0.8466 -0.0121
v 0.4178 0.8146 -0.0107
v 0.4063 0.8261 -0.0113
v 0.4178 0.8269 -0.0097
v 0.4317 0.8088 0.0037
v 0.4276 0.8052 -0.0078
v 0.4307 0.8266 0.0010
v 0.4530 0.8263 0.0127
v 0.4330 0.8447 0.0068
v 0.4537 0.8410 0.0105
v 0.4746 0.8163 0.0125
v 0.4730 0.8252 0.0127
v 0.4870 0.8161 0.0129
v 0.4455 0.8134 0.0087
v 0.4456 0.8195 0.0099
v 0.4580 0.8161 0.0130
v 0.4404 0.8048 0.0061
v 0.4605 0.7965 0.0057
v 0.4361 0.7975 0.0048
v 0.4324 0.7726 0.0060
v 0.4330 0.7773 0.0057
v 0.4364 0.7836 0.0055
v 0.4314 0.7177 0.0133
v 0.4442 0.7480 0.0102
v 0.4662 0.7314 0.0130
v 0.4749 0.6885 0.0187
v 0.4828 0.6889 0.0175
v 0.4818 0.6650 0.0214
v 0.4902 0.6263 0.0235
v 0.4873 0.6374 0.0242
v 0.4907 0.6370 0.0226
v 0.4877 0.5964 0.0308
v 0.4895 0.6055 0.0277
v 0.4907 0.5932 0.0296
v 0.4860 0.5637 0.0360
v 0.4889 0.5767 0.0323
v 0.4896 0.5540 0.0350
v 0.4826 0.5212 0.0436
v 0.4873 0.5373 0.0395
v 0.4879 0.5125 0.0436
v 0.4828 0.4642 0.0521
v 0.4695 0.4853 0.0489
v 0.4837 0.4934 0.0473
v 0.4903 0.4157 0.0606
v 0.4882 0.4375 0.0562
v 0.4947 0.4229 0.0580
v 0.4959 0.3913 0.0618
v 0.4937 0.4065 0.0606
v 0.4981 0.4019 0.0588
v 0.4966 0.3761 0.0637
v 0.4979 0.3833 0.0606
v 0.4987 0.3626 0.0655
v 0.4995 0.3144 0.0724
v 0.4967 0.3327 0.0701
v 0.5001 0.3121 0.0681
v 0.5007 0.2872 0.0723
v 0.5023 0.2792 0.0685
v 0.5019 0.2595 0.0763
v 0.5064 0.2052 0.0810
v 0.5056 0.2189 0.0658
v 0.5100 0.1682 0.0858
v 0.5065 0.2059 0.0511
v 0.5083 0.1818 0.0457
v 0.5113 0.1601 0.0855
v 0.5084 0.1729 0.0332
v 0.5106 0.1633 0.0469
v 0.5177 0.1471 0.0427
v 0.5174 0.1463 0.0315
v 0.5046 0.1432 0.0198
v 0.5091 0.1485 0.0224
v 0.5024 0.1494 0.0209
v 0.4984 0.1415 -0.0063
v 0.5022 0.1411 -0.0210
v 0.5073 0.1388 -0.0544
v 0.5108 0.1367 -0.0452
v 0.5079 0.1384 -0.0744
v 0.5036 0.1399 -0.0852
v 0.5080 0.1384 -0.0938
v 0.5082 0.1385 -0.1285
v 0.5075 0.1392 -0.1421
v 0.5127 0.1340 -0.1344
v 0.5102 0.1419 -0.1569
v 0.5087 0.1502 -0.1591
v 0.5135 0.1424 -0.1589
v 0.5176 0.1421 -0.1668
v 0.5174 0.1611 -0.1924
v 0.5181 0.1491 -0.2001
v 0.5183 0.1450 -0.1994
v 0.5206 0.1485 -0.2293
v 0.5212 0.1506 -0.2351
v 0.5242 0.1401 -0.2184
v 0.5246 0.1415 -0.2432
v 0.5195 0.1473 -0.2455
v 0.5045 0.1398 -0.2561
v 0.4850 0.1360 -0.2633
v 0.4978 0.1354 -0.2635
v 0.4601 0.1453 -0.2501
v 0.4973 0.1628 -0.2458
v 0.5018 0.2010 -0.2377
v 0.4553 0.3077 -0.2188
v 0.4391 0.2581 -0.2269
v 0.4785 0.2693 -0.2254
v 0.4243 0.2059 -0.2363
v 0.4369 0.2926 -0.2204
v 0.4294 0.2740 -0.2229
v 0.4307 0.3743 -0.2070
v 0.4351 0.3502 -0.2107
v 0.4510 0.3624 -0.2098
v 0.4276 0.3532 -0.2076
v 0.4258 0.3438 -0.2092
v 0.4290 0.3411 -0.2105
v 0.4275 0.3662 -0.2051
v 0.4257 0.3804 -0.2028
v 0.4259 0.4124 -0.1962
v 0.4259 0.4263 -0.1894
v 0.4262 0.4509 -0.1843
v 0.4266 0.4552 -0.1889
v 0.4275 0.4713 -0.1833
v 0.4272 0.4990 -0.1652
v 0.4252 0.4502 -0.1778
v 0.4270 0.4806 -0.1763
v 0.4290 0.5566 -0.1509
v 0.4298 0.5609 -0.1614
v 0.4299 0.5831 -0.1485
v 0.4319 0.5920 -0.1169
v 0.4311 0.6117 -0.1175
v 0.4333 0.6114 -0.1125
v 0.4359 0.5737 -0.1071
v 0.4338 0.5501 -0.1154
v 0.4334 0.5804 -0.1154
v 0.4376 0.6232 -0.0830
v 0.4382 0.5963 -0.1008
v 0.4380 0.6178 -0.1014
v 0.4333 0.6000 -0.0378
v 0.4349 0.6079 -0.0441
v 0.4339 0.6163 -0.0374
v 0.4282 0.6206 -0.0298
v 0.4271 0.6436 -0.0313
v 0.4270 0.6387 -0.0308
v 0.4252 0.5671 -0.0080
v 0.4259 0.5992 -0.0200
v 0.4250 0.6006 0.0019
v 0.4264 0.6133 0.0237
v 0.4257 0.6064 0.0143
v 0.4266 0.6322 0.0189
v 0.4263 0.6002 0.0239
v 0.4277 0.6030 0.0267
v 0.4262 0.5894 0.0290
v 0.4265 0.5940 0.0285
v 0.4571 0.6114 0.0302
v 0.4499 0.6550 0.0234
v 0.4760 0.6129 0.0306
v 0.4610 0.6812 0.0200
v 0.4304 0.6922 0.0156
v 0.4358 0.6985 0.0160
v 0.4339 0.6841 0.0174
v 0.4264 0.6396 0.0107
v 0.4274 0.6707 0.0148
v 0.4272 0.6661 0.0156
v 0.4272 0.6449 0.0172
v 0.4280 0.7281 0.0030
v 0.4277 0.7626 -0.0076
v 0.4294 0.7568 0.0017
v 0.4276 0.7866 -0.0082
v 0.4290 0.7780 -0.0027
v 0.4058 0.8088 -0.0138
v 0.4122 0.8044 -0.0159
v 0.3906 0.8079 -0.0151
v 0.3825 0.8037 -0.0208
v 0.3854 0.8070 -0.0169
v 0.3914 0.8025 -0.0189
v 0.3757 0.8129 -0.0287
v 0.3771 0.8059 -0.0312
v 0.3712 0.8087 -0.0368
v 0.3776 0.8005 -0.0410
v 0.3753 0.8002 -0.0518
v 0.3677 0.8039 -0.0444
v 0.3835 0.7986 -0.0288
v 0.3807 0.8004 -0.0306
v 0.4225 0.7914 -0.0297
v 0.4272 0.7889 -0.0356
v 0.4207 0.7933 -0.0364
v 0.3814 0.7990 -0.0672
v 0.3949 0.7970 -0.0690
v 0.3862 0.7988 -0.0879
v 0.3777 0.8035 -0.1068
v 0.3705 0.8044 -0.1032
v 0.3692 0.8080 -0.1058
v 0.3622 0.8095 -0.1049
v 0.3477 0.8132 -0.1047
v 0.3542 0.8232 -0.1060
v 0.3328 0.8150 -0.1045
v 0.3390 0.8346 -0.1058
v 0.3070 0.8354 -0.1069
v 0.3071 0.8504 -0.1073
v 0.2921 0.8830 -0.1244
v 0.2914 0.8658 -0.1236
v 0.2949 0.8596 -0.1174
v 0.2859 0.8885 -0.1289
v 0.2770 0.8798 -0.1306
v 0.2830 0.8617 -0.1287
v 0.2681 0.8735 -0.1286
v 0.2707 0.8768 -0.1289
v 0.2665 0.8772 -0.1268
v 0.2569 0.8796 -0.1135
v 0.2598 0.8851 -0.1181
v 0.2576 0.8911 -0.1127
v 0.2582 0.9058 -0.1020
v 0.2569 0.8977 -0.1073
v 0.2562 0.9068 -0.1088
v 0.2670 0.9058 -0.0924
v 0.2632 0.8989 -0.0936
v 0.2638 0.9055 -0.0943
v 0.2770 0.8979 -0.0871
v 0.2710 0.9057 -0.0903
v 0.2769 0.9054 -0.0882
v 0.2930 0.8912 -0.0713
v 0.2910 0.8916 -0.0796
v 0.2982 0.8911 -0.0793
v 0.3230 0.8898 -0.0492
v 0.3204 0.8908 -0.0600
v 0.3479 0.8912 -0.0507
v 0.3369 0.8836 -0.0386
v 0.3146 0.8867 -0.0407
v 0.3414 0.8871 -0.0402
v 0.3497 0.8615 -0.0364
v 0.3489 0.8777 -0.0367
v 0.3616 0.8670 -0.0343
v 0.3749 0.8725 -0.0230
v 0.3744 0.8863 -0.0243
v 0.3779 0.8901 -0.0156
v 0.3971 0.8619 -0.0115
v 0.3987 0.8827 -0.0119
v 0.4092 0.8632 -0.0111
v 0.4168 0.8457 -0.0099
v 0.4210 0.8654 -0.0100
v 0.4262 0.8335 -0.0077
v 0.4303 0.8901 -0.0000
v 0.4277 0.8843 -0.0034
v 0.4254 0.8911 -0.0050
v 0.4407 0.8717 0.0071
v 0.4433 0.8902 0.0089
v 0.4518 0.8819 0.0106
v 0.4584 0.8553 0.0087
v 0.4709 0.8648 0.0095
v 0.4783 0.8534 0.0086
v 0.4897 0.8361 0.0116
v 0.4908 0.8534 0.0060
v 0.4936 0.8424 0.0081
v 0.4913 0.8262 0.0125
v 0.4910 0.8197 0.0124
v 0.4899 0.8138 0.0096
v 0.4950 0.8145 0.0051
v 0.4921 0.8109 0.0079
v 0.4672 0.8026 0.0065
v 0.4828 0.7982 0.0052
v 0.4865 0.7842 0.0034
v 0.4834 0.7884 0.0046
v 0.4866 0.7920 0.0023
v 0.4858 0.7672 0.0065
v 0.4888 0.7656 0.0027
v 0.4869 0.7541 0.0071
v 0.4897 0.7239 0.0065
v 0.4905 0.7470 0.0032
v 0.4909 0.7238 0.0006
v 0.4904 0.6840 0.0150
v 0.4909 0.7033 0.0056
v 0.4916 0.6655 0.0119
v 0.4899 0.6656 0.0166
v 0.4891 0.6551 0.0197
v 0.4921 0.5782 0.0261
v 0.4929 0.5877 0.0095
v 0.4931 0.5475 0.0277
v 0.4916 0.5372 0.0376
v 0.4941 0.4804 0.0466
v 0.4946 0.4926 0.0395
v 0.4962 0.4693 0.0426
v 0.4942 0.4567 0.0514
v 0.4960 0.4541 0.0486
v 0.4943 0.4438 0.0526
v 0.4959 0.4264 0.0549
v 0.4969 0.4389 0.0515
v 0.4977 0.4164 0.0526
v 0.4969 0.4517 0.0420
v 0.4981 0.4313 0.0336
v 0.4979 0.4267 0.0453
v 0.5004 0.3415 0.0372
v 0.5004 0.3154 0.0200
v 0.5016 0.2804 0.0257
v 0.5019 0.2223 0.0169
v 0.5011 0.2377 0.0170
v 0.4982 0.2322 0.0140
v 0.4931 0.2176 0.0141
v 0.4947 0.2262 0.0121
v 0.4912 0.2255 0.0074
v 0.5055 0.1614 0.0217
v 0.4992 0.1777 0.0180
v 0.4964 0.1658 0.0171
v 0.4930 0.1442 0.0193
v 0.4968 0.1506 0.0198
v 0.4915 0.1480 0.0153
v 0.4927 0.1424 0.0145
v 0.4908 0.1465 0.0059
v 0.4928 0.1414 0.0079
v 0.4904 0.1482 -0.0117
v 0.4962 0.1422 -0.0152
v 0.4950 0.1419 -0.0082
v 0.4929 0.1417 -0.0256
v 0.4908 0.1469 -0.0227
v 0.4928 0.1412 -0.0580
v 0.4929 0.1412 -0.0802
v 0.4923 0.1416 -0.1256
v 0.5043 0.1406 -0.1078
v 0.5011 0.1405 -0.1335
v 0.4922 0.1423 -0.1506
v 0.5022 0.1411 -0.1489
v 0.4979 0.1424 -0.1558
v 0.4974 0.1480 -0.1577
v 0.5049 0.1420 -0.1561
v 0.5039 0.1779 -0.1575
v 0.5094 0.1683 -0.1598
v 0.5063 0.1619 -0.1594
v 0.5093 0.1808 -0.1588
v 0.5133 0.1725 -0.1614
v 0.5146 0.1764 -0.1704
v 0.5151 0.1556 -0.1658
v 0.5150 0.2020 -0.2039
v 0.5177 0.1690 -0.2122
v 0.5157 0.1837 -0.2344
v 0.5144 0.1875 -0.2383
v 0.5148 0.1771 -0.2390
v 0.5114 0.1813 -0.2405
v 0.5133 0.1965 -0.2369
v 0.5035 0.1841 -0.2410
v 0.5132 0.2126 -0.2322
v 0.5101 0.2266 -0.2313
v 0.5101 0.2150 -0.2334
v 0.5064 0.2517 -0.2274
v 0.5085 0.2554 -0.2255
v 0.5029 0.2828 -0.2224
v 0.5037 0.2468 -0.2285
v 0.4937 0.2748 -0.2243
v 0.4768 0.3630 -0.2104
v 0.4970 0.3832 -0.2074
v 0.4910 0.3935 -0.2057
v 0.4458 0.4265 -0.1989
v 0.4305 0.3935 -0.2027
v 0.4386 0.3904 -0.2046
v 0.4294 0.4187 -0.1968
v 0.4351 0.4359 -0.1960
v 0.4308 0.4398 -0.1939
v 0.4286 0.4677 -0.1869
v 0.4306 0.4734 -0.1877
v 0.4290 0.5011 -0.1783
v 0.4317 0.5210 -0.1808
v 0.4290 0.5374 -0.1712
v 0.4311 0.5803 -0.1626
v 0.4314 0.6058 -0.1569
v 0.4304 0.6686 -0.1307
v 0.4315 0.6642 -0.1497
v 0.4312 0.6883 -0.1415
v 0.4305 0.7163 -0.1087
v 0.4298 0.7104 -0.1178
v 0.4290 0.7417 -0.1082
v 0.4273 0.7910 -0.1011
v 0.4291 0.7835 -0.1081
v 0.4269 0.7908 -0.1076
v 0.4366 0.7692 -0.0856
v 0.4356 0.7640 -0.0942
v 0.4368 0.7836 -0.0868
v 0.4281 0.7933 -0.0504
v 0.4344 0.7891 -0.0503
v 0.4278 0.7939 -0.0577
v 0.4213 0.7949 -0.0849
v 0.4197 0.7959 -0.0935
v 0.4116 0.7961 -0.0735
v 0.4205 0.7958 -0.1073
v 0.4199 0.7975 -0.1119
v 0.4100 0.7978 -0.1089
v 0.3914 0.8000 -0.1139
v 0.3914 0.8022 -0.1198
v 0.3850 0.8012 -0.1139
v 0.3764 0.8099 -0.1089
v 0.3769 0.8121 -0.1128
v 0.3700 0.8120 -0.1078
v 0.3674 0.8265 -0.1068
v 0.3672 0.8481 -0.1069
v 0.3502 0.8731 -0.1059
v 0.3418 0.8815 -0.1046
v 0.3293 0.8755 -0.1058
v 0.3073 0.8798 -0.1061
v 0.3162 0.8848 -0.1032
v 0.3061 0.8858 -0.1042
v 0.2927 0.8942 -0.1197
v 0.2888 0.8966 -0.1253
v 0.2914 0.8917 -0.1236
v 0.2869 0.9054 -0.1278
v 0.2831 0.9035 -0.1297
v 0.2851 0.8950 -0.1287
v 0.2731 0.8895 -0.1297
v 0.2786 0.9012 -0.1305
v 0.2719 0.9031 -0.1305
v 0.2592 0.8958 -0.1171
v 0.2624 0.8902 -0.1228
v 0.2591 0.9034 -0.1196
v 0.2545 0.9126 -0.1148
v 0.2487 0.9235 -0.1174
v 0.2479 0.9223 -0.1079
v 0.2577 0.8991 -0.1124
v 0.2575 0.9037 -0.1148
v 0.2614 0.9129 -0.0925
v 0.2586 0.9122 -0.0961
v 0.2583 0.9211 -0.0894
v 0.2606 0.9235 -0.0861
v 0.2640 0.9268 -0.0837
v 0.2705 0.9204 -0.0839
v 0.2896 0.8960 -0.0886
v 0.2829 0.9055 -0.0898
v 0.2871 0.9055 -0.0921
v 0.2978 0.8917 -0.0866
v 0.2962 0.8955 -0.0945
v 0.3053 0.8909 -0.0861
v 0.3626 0.8924 -0.0755
v 0.3458 0.8911 -0.0864
v 0.3628 0.8916 -0.0931
v 0.3699 0.8948 -0.0413
v 0.3628 0.8928 -0.0511
v 0.3706 0.8965 -0.0541
v 0.3764 0.8995 -0.0275
v 0.3763 0.9001 -0.0459
v 0.3804 0.9015 -0.0323
v 0.3815 0.8985 -0.0142
v 0.3773 0.8981 -0.0209
v 0.3846 0.9020 -0.0231
v 0.3992 0.8951 -0.0127
v 0.4029 0.8985 -0.0139
v 0.4130 0.8968 -0.0121
v 0.4194 0.8957 -0.0094
v 0.4253 0.9003 -0.0058
v 0.4315 0.9005 0.0013
v 0.4289 0.9015 -0.0044
v 0.4358 0.9012 0.0037
v 0.4383 0.8999 0.0067
v 0.4554 0.8966 0.0106
v 0.4694 0.8764 0.0123
v 0.4828 0.8768 0.0114
v 0.4897 0.8684 0.0056
v 0.4945 0.8629 0.0004
v 0.4908 0.8605 0.0044
v 0.4964 0.8417 0.0039
v 0.4997 0.8491 -0.0035
v 0.5002 0.8395 -0.0013
v 0.4981 0.8305 0.0081
v 0.4988 0.8309 0.0037
v 0.4955 0.8201 0.0099
v 0.4972 0.8183 0.0069
v 0.5005 0.8213 -0.0001
v 0.4998 0.8167 -0.0013
v 0.4929 0.8065 -0.0006
v 0.4966 0.8073 -0.0091
v 0.4908 0.7962 -0.0024
v 0.4908 0.7839 -0.0034
v 0.4915 0.7200 -0.0064
v 0.4924 0.6720 -0.0059
v 0.4920 0.6569 -0.0195
v 0.4928 0.6103 -0.0195
v 0.4940 0.5385 0.0071
v 0.4930 0.5788 -0.0091
v 0.4932 0.5448 -0.0122
v 0.4951 0.5046 0.0332
v 0.4961 0.4765 0.0327
v 0.4955 0.4936 0.0082
v 0.4951 0.4912 -0.0143
v 0.4962 0.4648 0.0006
v 0.4992 0.3646 0.0117
v 0.4978 0.4009 -0.0041
v 0.4978 0.3855 -0.0036
v 0.4997 0.2990 0.0125
v 0.4990 0.2871 0.0097
v 0.5007 0.2774 0.0151
v 0.4903 0.2509 0.0060
v 0.4956 0.2691 0.0078
v 0.4929 0.2742 0.0064
v 0.4879 0.2418 -0.0010
v 0.4881 0.2536 -0.0087
v 0.4879 0.2223 -0.0194
v 0.4882 0.1659 -0.0214
v 0.4879 0.1832 -0.0504
v 0.4882 0.1567 -0.0383
v 0.4878 0.1905 -0.1066
v 0.4879 0.1565 -0.1132
v 0.4878 0.1567 -0.0838
v 0.4882 0.1566 -0.1304
v 0.4877 0.1563 -0.1429
v 0.4895 0.1508 -0.1186
v 0.4905 0.1478 -0.1511
v 0.4925 0.1483 -0.1568
v 0.4911 0.1709 -0.1528
v 0.4900 0.1778 -0.1504
v 0.4979 0.1689 -0.1587
v 0.4881 0.2134 -0.1268
v 0.4881 0.2007 -0.1333
v 0.4988 0.2046 -0.1528
v 0.4935 0.2191 -0.1510
v 0.5023 0.2144 -0.1528
v 0.5105 0.2062 -0.1585
v 0.5099 0.2249 -0.1574
v 0.5125 0.1927 -0.1635
v 0.5013 0.2481 -0.1468
v 0.5017 0.2622 -0.1450
v 0.5075 0.2635 -0.1475
v 0.4902 0.2314 -0.1426
v 0.4908 0.2456 -0.1418
v 0.4964 0.2392 -0.1457
v 0.4881 0.2423 -0.1177
v 0.4881 0.2241 -0.1359
v 0.4879 0.2627 -0.0526
v 0.4887 0.3597 -0.0234
v 0.4881 0.3467 -0.0410
v 0.4881 0.3220 -0.0152
v 0.4933 0.2921 0.0019
v 0.4968 0.2992 0.0052
v 0.4921 0.3151 -0.0029
v 0.4889 0.2558 -0.0021
v 0.4879 0.2650 -0.0081
v 0.4954 0.3375 -0.0017
v 0.4977 0.3570 -0.0020
v 0.4899 0.3331 -0.0087
v 0.4901 0.3660 -0.0148
v 0.4921 0.3846 -0.0116
v 0.4896 0.3879 -0.0161
v 0.4879 0.3763 -0.0549
v 0.4880 0.4182 -0.0791
v 0.4881 0.3341 -0.0808
v 0.4888 0.3239 -0.1092
v 0.4896 0.3065 -0.1232
v 0.4885 0.2835 -0.1154
v 0.4883 0.2668 -0.1289
v 0.4899 0.2705 -0.1352
v 0.4909 0.2628 -0.1379
v 0.4959 0.2505 -0.1444
v 0.4965 0.2646 -0.1424
v 0.4946 0.2756 -0.1385
v 0.4972 0.2941 -0.1384
v 0.4983 0.3146 -0.1368
v 0.5058 0.2805 -0.1431
v 0.5069 0.3271 -0.1570
v 0.5094 0.2829 -0.1651
v 0.5090 0.2845 -0.1513
v 0.5051 0.2757 -0.1437
v 0.5092 0.2886 -0.1848
v 0.5091 0.2878 -0.2140
v 0.5114 0.2513 -0.2009
v 0.5121 0.2387 -0.2126
v 0.5102 0.2558 -0.2196
v 0.5114 0.2447 -0.2244
v 0.5138 0.1986 -0.2333
v 0.5125 0.2014 -0.2359
v 0.5100 0.2663 -0.2134
v 0.5075 0.2839 -0.2198
v 0.5033 0.3308 -0.2132
v 0.4974 0.3388 -0.2140
v 0.5032 0.3188 -0.2160
v 0.5017 0.3397 -0.2123
v 0.5041 0.3497 -0.2086
v 0.5027 0.3847 -0.2007
v 0.5012 0.3910 -0.2040
v 0.5012 0.3838 -0.2053
v 0.5038 0.4043 -0.1795
v 0.5030 0.4084 -0.1922
v 0.5038 0.3844 -0.1924
v 0.5031 0.3948 -0.1994
v 0.4864 0.4151 -0.2027
v 0.4955 0.4275 -0.2003
v 0.4901 0.4461 -0.1988
v 0.4895 0.4730 -0.1946
v 0.4436 0.4757 -0.1912
v 0.4543 0.5250 -0.1840
v 0.4723 0.4979 -0.1896
v 0.4758 0.5394 -0.1832
v 0.4906 0.5808 -0.1775
v 0.4763 0.5973 -0.1741
v 0.4684 0.5644 -0.1788
v 0.4736 0.6314 -0.1685
v 0.4870 0.6448 -0.1670
v 0.4903 0.6746 -0.1628
v 0.4737 0.7248 -0.1543
v 0.4716 0.7664 -0.1484
v 0.4591 0.7564 -0.1489
v 0.4363 0.7308 -0.1483
v 0.4427 0.7304 -0.1504
v 0.4381 0.7503 -0.1465
v 0.4305 0.7164 -0.1327
v 0.4321 0.7080 -0.1450
v 0.4314 0.7306 -0.1420
v 0.4292 0.7552 -0.1193
v 0.4287 0.7794 -0.1274
v 0.4280 0.7825 -0.1184
v 0.4263 0.7928 -0.1143
v 0.4266 0.7969 -0.1216
v 0.4252 0.7971 -0.1162
v 0.4131 0.8011 -0.1203
v 0.4190 0.8015 -0.1244
v 0.4123 0.8034 -0.1232
v 0.3911 0.8124 -0.1245
v 0.3969 0.8312 -0.1242
v 0.3852 0.8126 -0.1238
v 0.3772 0.8380 -0.1155
v 0.3806 0.8125 -0.1198
v 0.3809 0.8343 -0.1204
v 0.3758 0.8217 -0.1128
v 0.3722 0.8345 -0.1103
v 0.3672 0.8872 -0.1051
v 0.3726 0.8758 -0.1105
v 0.3749 0.8897 -0.1107
v 0.3432 0.8884 -0.0998
v 0.3286 0.8865 -0.1034
v 0.3430 0.8860 -0.1028
v 0.3503 0.8903 -0.0947
v 0.3689 0.8957 -0.0693
v 0.3745 0.8993 -0.0630
v 0.3813 0.9039 -0.0426
v 0.3854 0.9031 -0.0319
v 0.3994 0.9009 -0.0176
v 0.4099 0.9023 -0.0180
v 0.4340 0.9058 -0.0050
v 0.4265 0.9046 -0.0115
v 0.4310 0.9100 -0.0111
v 0.4409 0.9079 -0.0044
v 0.4413 0.9119 -0.0090
v 0.4543 0.9065 -0.0009
v 0.4795 0.9004 0.0086
v 0.4825 0.9054 -0.0011
v 0.4863 0.8994 0.0080
v 0.4908 0.8930 0.0077
v 0.4926 0.8989 -0.0037
v 0.4942 0.8911 -0.0006
v 0.4946 0.8698 0.0008
v 0.4982 0.8665 -0.0045
v 0.5131 0.8737 -0.0124
v 0.5210 0.8901 -0.0150
v 0.5214 0.8692 -0.0161
v 0.5174 0.8152 -0.0148
v 0.5149 0.8286 -0.0128
v 0.5215 0.8264 -0.0148
v 0.5036 0.8139 -0.0089
v 0.5053 0.8196 -0.0086
v 0.5145 0.8114 -0.0149
v 0.5057 0.8106 -0.0125
v 0.5058 0.8075 -0.0198
v 0.4982 0.8057 -0.0159
v 0.4941 0.7990 -0.0154
v 0.5012 0.8055 -0.0267
v 0.4958 0.7998 -0.0225
v 0.4904 0.7733 -0.0315
v 0.4885 0.7672 -0.0392
v 0.4911 0.7500 -0.0287
v 0.4879 0.6902 -0.0363
v 0.4858 0.7087 -0.0429
v 0.4862 0.6970 -0.0434
v 0.4882 0.6603 -0.0348
v 0.4855 0.6502 -0.0428
v 0.4873 0.6320 -0.0347
v 0.4882 0.6066 -0.0338
v 0.4854 0.6176 -0.0431
v 0.4870 0.5968 -0.0369
v 0.4880 0.5460 -0.0312
v 0.4859 0.5590 -0.0358
v 0.4864 0.5503 -0.0372
v 0.4922 0.4991 -0.0197
v 0.4883 0.5098 -0.0292
v 0.4891 0.4897 -0.0271
v 0.4949 0.4675 -0.0104
v 0.4925 0.4745 -0.0177
v 0.4943 0.4479 -0.0127
v 0.4910 0.4151 -0.0154
v 0.4926 0.4288 -0.0154
v 0.4896 0.4262 -0.0225
v 0.4983 0.3739 -0.0036
v 0.4954 0.3767 -0.0064
v 0.4874 0.4431 -0.0289
v 0.4883 0.4166 -0.0307
v 0.4896 0.4682 -0.0217
v 0.4879 0.4770 -0.0299
v 0.4873 0.4592 -0.0285
v 0.4865 0.4912 -0.0366
v 0.4872 0.4733 -0.0360
v 0.4874 0.4749 -0.0765
v 0.4880 0.5032 -0.0955
v 0.4885 0.4515 -0.0970
v 0.4908 0.4132 -0.1212
v 0.4898 0.3987 -0.1205
v 0.4884 0.3896 -0.1145
v 0.4888 0.3659 -0.1084
v 0.4902 0.3727 -0.1204
v 0.4980 0.3338 -0.1344
v 0.4904 0.3487 -0.1276
v 0.4963 0.3562 -0.1318
v 0.4909 0.3059 -0.1312
v 0.4914 0.3114 -0.1298
v 0.4933 0.3084 -0.1353
v 0.4899 0.2813 -0.1347
v 0.4906 0.2922 -0.1355
v 0.4948 0.2842 -0.1379
v 0.5040 0.3365 -0.1401
v 0.5052 0.3368 -0.1450
v 0.5054 0.3202 -0.1408
v 0.4963 0.3731 -0.1309
v 0.5010 0.3668 -0.1339
v 0.5045 0.3612 -0.1453
v 0.5028 0.3773 -0.1376
v 0.5040 0.3920 -0.1408
v 0.5067 0.3303 -0.1864
v 0.5042 0.3573 -0.2040
v 0.5043 0.3672 -0.2033
v 0.5041 0.3720 -0.2020
v 0.5030 0.4577 -0.1710
v 0.5014 0.4857 -0.1853
v 0.5023 0.4576 -0.1839
v 0.4992 0.4297 -0.1999
v 0.5006 0.4408 -0.1967
v 0.4968 0.4414 -0.1981
v 0.4955 0.4919 -0.1908
v 0.4991 0.5032 -0.1881
v 0.4940 0.5082 -0.1884
v 0.4996 0.5251 -0.1789
v 0.4966 0.5188 -0.1861
v 0.5007 0.5215 -0.1386
v 0.4998 0.5640 -0.1451
v 0.5017 0.4955 -0.1560
v 0.4986 0.4888 -0.1213
v 0.5001 0.5029 -0.1280
v 0.4997 0.4785 -0.1249
v 0.4892 0.4876 -0.1058
v 0.4908 0.5090 -0.1143
v 0.4898 0.4769 -0.1133
v 0.4928 0.5669 -0.1157
v 0.4987 0.5591 -0.1188
v 0.4925 0.5519 -0.1156
v 0.4879 0.5305 -0.0993
v 0.4896 0.5425 -0.1082
v 0.4895 0.5180 -0.1068
v 0.4872 0.5053 -0.0357
v 0.4858 0.6160 -0.0934
v 0.4883 0.6143 -0.1023
v 0.4866 0.5962 -0.0952
v 0.4909 0.6019 -0.1085
v 0.4976 0.5719 -0.1184
v 0.4989 0.5877 -0.1284
v 0.4985 0.6221 -0.1362
v 0.4989 0.5933 -0.1578
v 0.4982 0.5913 -0.1703
v 0.4995 0.5548 -0.1725
v 0.4909 0.5311 -0.1855
v 0.4976 0.5577 -0.1795
v 0.4896 0.5556 -0.1811
v 0.4985 0.5729 -0.1753
v 0.4980 0.5892 -0.1738
v 0.4948 0.5755 -0.1771
v 0.4980 0.6067 -0.1689
v 0.4975 0.6246 -0.1671
v 0.4948 0.6173 -0.1699
v 0.4913 0.6358 -0.1679
v 0.4911 0.6509 -0.1659
v 0.4972 0.6592 -0.1602
v 0.4959 0.6449 -0.1638
v 0.4973 0.6402 -0.1605
v 0.4955 0.6858 -0.1568
v 0.4945 0.6682 -0.1622
v 0.4966 0.6688 -0.1588
v 0.4938 0.7136 -0.1541
v 0.4932 0.7086 -0.1572
v 0.4950 0.7028 -0.1543
v 0.4899 0.7281 -0.1537
v 0.4834 0.7571 -0.1496
v 0.4606 0.7757 -0.1467
v 0.4352 0.7808 -0.1422
v 0.4417 0.7849 -0.1441
v 0.4367 0.7967 -0.1429
v 0.4278 0.8055 -0.1349
v 0.4318 0.7920 -0.1389
v 0.4308 0.8019 -0.1401
v 0.4210 0.8130 -0.1294
v 0.4128 0.8122 -0.1249
v 0.4126 0.8333 -0.1248
v 0.4200 0.8452 -0.1279
v 0.4124 0.8476 -0.1243
v 0.3866 0.8348 -0.1235
v 0.3913 0.8606 -0.1240
v 0.3823 0.8475 -0.1230
v 0.3878 0.8938 -0.1216
v 0.3854 0.9002 -0.1175
v 0.3814 0.8963 -0.1172
v 0.3771 0.8993 -0.1098
v 0.3795 0.9018 -0.1070
v 0.3745 0.8963 -0.1070
v 0.3818 0.9044 -0.1040
v 0.3866 0.9047 -0.1060
v 0.3970 0.9072 -0.1001
v 0.4193 0.9087 -0.0651
v 0.4092 0.9084 -0.0695
v 0.4207 0.9105 -0.0760
v 0.4275 0.9141 -0.0366
v 0.4267 0.9121 -0.0503
v 0.4281 0.9196 -0.0418
v 0.4274 0.9131 -0.0227
v 0.4283 0.9222 -0.0313
v 0.4291 0.9243 -0.0225
v 0.4323 0.9721 -0.0199
v 0.4338 0.9837 -0.0211
v 0.4359 0.9600 -0.0174
v 0.4425 0.9787 -0.0169
v 0.4484 1.0144 -0.0190
v 0.4495 0.9638 -0.0146
v 0.4319 0.9172 -0.0137
v 0.4312 0.9333 -0.0172
v 0.4352 0.9182 -0.0124
v 0.4235 0.9071 -0.0169
v 0.4216 0.9083 -0.0218
v 0.4273 0.9115 -0.0166
v 0.4587 0.9129 -0.0089
v 0.4709 0.9212 -0.0106
v 0.4829 0.9124 -0.0091
v 0.4882 0.9014 -0.0000
v 0.5061 0.8957 -0.0121
v 0.5118 0.8969 -0.0139
v 0.5219 0.8957 -0.0176
v 0.5265 0.8762 -0.0199
v 0.5256 0.8486 -0.0209
v 0.5241 0.8580 -0.0182
v 0.5257 0.8622 -0.0205
v 0.5262 0.8224 -0.0201
v 0.5259 0.8182 -0.0236
v 0.5237 0.8194 -0.0188
v 0.5259 0.8112 -0.0280
v 0.5201 0.8059 -0.0440
v 0.5124 0.8063 -0.0337
v 0.4974 0.8009 -0.0290
v 0.5046 0.8041 -0.0439
v 0.4950 0.7990 -0.0361
v 0.4902 0.7970 -0.0430
v 0.4902 0.7979 -0.0507
v 0.4881 0.7910 -0.0428
v 0.4867 0.7607 -0.0494
v 0.4862 0.7453 -0.0641
v 0.4862 0.7324 -0.0501
v 0.4861 0.7088 -0.0763
v 0.4871 0.7006 -0.0880
v 0.4857 0.6837 -0.0863
v 0.4860 0.6007 -0.0469
v 0.4857 0.5984 -0.0616
v 0.4863 0.6570 -0.0941
v 0.4897 0.6691 -0.0997
v 0.4892 0.6495 -0.1013
v 0.4929 0.6293 -0.1073
v 0.4975 0.6234 -0.1130
v 0.4954 0.6157 -0.1118
v 0.4972 0.6863 -0.1109
v 0.4976 0.6890 -0.1279
v 0.4977 0.6502 -0.1191
v 0.4961 0.7185 -0.1060
v 0.4969 0.7298 -0.1131
v 0.4896 0.7299 -0.0921
v 0.4930 0.7334 -0.0991
v 0.4898 0.7090 -0.0950
v 0.4875 0.6820 -0.0929
v 0.4864 0.6711 -0.0885
v 0.4956 0.6786 -0.1074
v 0.4968 0.6962 -0.1069
v 0.4867 0.7447 -0.0772
v 0.4879 0.7374 -0.0853
v 0.4865 0.7267 -0.0781
v 0.4946 0.7901 -0.0960
v 0.4963 0.7902 -0.0999
v 0.4936 0.7790 -0.0963
v 0.4976 0.7785 -0.1180
v 0.4977 0.7825 -0.1316
v 0.4973 0.7600 -0.1346
v 0.4955 0.7379 -0.1481
v 0.4936 0.7437 -0.1510
v 0.4943 0.7277 -0.1528
v 0.4939 0.7971 -0.1438
v 0.4900 0.7977 -0.1450
v 0.4892 0.7776 -0.1465
v 0.4730 0.7984 -0.1461
v 0.4781 0.8065 -0.1496
v 0.4634 0.8041 -0.1485
v 0.4412 0.7984 -0.1443
v 0.4432 0.8065 -0.1472
v 0.4305 0.8121 -0.1396
v 0.4324 0.8156 -0.1435
v 0.4266 0.8212 -0.1354
v 0.4261 0.8366 -0.1340
v 0.4325 0.8368 -0.1436
v 0.4273 0.8581 -0.1303
v 0.4188 0.8836 -0.1262
v 0.4214 0.8969 -0.1267
v 0.4119 0.8960 -0.1239
v 0.3996 0.8948 -0.1220
v 0.3964 0.8991 -0.1215
v 0.3847 0.9034 -0.1106
v 0.3986 0.9052 -0.1136
v 0.4093 0.9088 -0.1000
v 0.4089 0.9078 -0.1081
v 0.4277 0.9213 -0.0891
v 0.4275 0.9194 -0.0988
v 0.4289 0.9280 -0.0893
v 0.4312 0.9316 -0.0768
v 0.4298 0.9439 -0.0801
v 0.4321 0.9454 -0.0739
v 0.4338 0.9132 -0.0651
v 0.4286 0.9129 -0.0720
v 0.4337 0.9138 -0.0706
v 0.4290 0.9197 -0.0493
v 0.4284 0.9115 -0.0573
v 0.4318 0.9182 -0.0552
v 0.4295 0.9370 -0.0496
v 0.4316 0.9515 -0.0537
v 0.4298 0.9652 -0.0500
v 0.4305 0.9775 -0.0292
v 0.4304 1.0012 -0.0379
v 0.4316 1.0136 -0.0303
v 0.4371 1.0184 -0.0217
v 0.4338 1.0057 -0.0220
v 0.4354 1.0296 -0.0241
v 0.4463 1.0417 -0.0218
v 0.4562 1.0405 -0.0207
v 0.4811 0.9733 -0.0160
v 0.4829 1.0094 -0.0180
v 0.4864 0.9791 -0.0180
v 0.4857 0.9384 -0.0145
v 0.4881 0.9554 -0.0174
v 0.4892 0.9331 -0.0162
v 0.4950 0.9092 -0.0167
v 0.4907 0.9167 -0.0147
v 0.4917 0.9186 -0.0181
v 0.5032 0.9040 -0.0156
v 0.5073 0.9047 -0.0186
v 0.5222 0.9004 -0.0234
v 0.5248 0.8961 -0.0233
v 0.5261 0.8872 -0.0203
v 0.5275 0.8826 -0.0437
v 0.5284 0.8210 -0.0546
v 0.5292 0.8291 -0.0778
v 0.5284 0.8155 -0.0742
v 0.5277 0.8108 -0.0858
v 0.5281 0.8093 -0.0971
v 0.5253 0.8081 -0.0868
v 0.5048 0.8033 -0.0519
v 0.4965 0.8014 -0.0435
v 0.4870 0.7912 -0.0505
v 0.4861 0.7621 -0.0793
v 0.4915 0.7967 -0.0861
v 0.4917 0.7912 -0.0923
v 0.4898 0.7914 -0.0878
v 0.4975 0.7913 -0.1038
v 0.4976 0.7957 -0.0996
v 0.5027 0.7981 -0.1017
v 0.4979 0.7909 -0.1149
v 0.4984 0.7898 -0.1231
v 0.4963 0.7703 -0.1411
v 0.4968 0.8082 -0.1443
v 0.4960 0.8134 -0.1477
v 0.4937 0.8038 -0.1451
v 0.4895 0.8152 -0.1518
v 0.4931 0.8161 -0.1503
v 0.4830 0.8194 -0.1546
v 0.4693 0.8096 -0.1528
v 0.4477 0.8120 -0.1516
v 0.4458 0.8356 -0.1508
v 0.4396 0.8213 -0.1472
v 0.4389 0.8423 -0.1445
v 0.4372 0.8565 -0.1425
v 0.4318 0.8643 -0.1377
v 0.4322 0.8800 -0.1382
v 0.4271 0.8852 -0.1302
v 0.4287 0.9034 -0.1279
v 0.4323 0.8969 -0.1390
v 0.4335 0.9024 -0.1372
v 0.4296 0.9193 -0.1135
v 0.4291 0.9095 -0.1204
v 0.4326 0.9187 -0.1184
v 0.4312 0.9824 -0.1068
v 0.4316 0.9599 -0.1128
v 0.4332 0.9734 -0.1156
v 0.4345 1.0237 -0.0685
v 0.4306 1.0107 -0.0935
v 0.4329 1.0316 -0.0780
v 0.4312 1.0175 -0.0478
v 0.4309 1.0397 -0.0368
v 0.4363 1.0468 -0.0252
v 0.4329 1.0471 -0.0301
v 0.4387 1.0580 -0.0272
v 0.4465 1.0561 -0.0230
v 0.4442 1.0640 -0.0276
v 0.4493 1.0663 -0.0272
v 0.4864 1.0395 -0.0221
v 0.4779 1.0560 -0.0231
v 0.4824 1.0535 -0.0237
v 0.4905 0.9996 -0.0212
v 0.4916 0.9912 -0.0247
v 0.4908 0.9782 -0.0203
v 0.4907 0.9495 -0.0202
v 0.4991 0.9118 -0.0251
v 0.4986 0.9112 -0.0333
v 0.5047 0.9079 -0.0254
v 0.5139 0.9038 -0.0205
v 0.5195 0.9037 -0.0298
v 0.5232 0.9011 -0.0682
v 0.5259 0.8992 -0.0980
v 0.5254 0.8963 -0.0678
v 0.5269 0.8897 -0.1138
v 0.5270 0.8795 -0.1167
v 0.5283 0.8614 -0.1104
v 0.5299 0.8132 -0.1076
v 0.5299 0.8193 -0.1137
v 0.5278 0.8103 -0.1122
v 0.5161 0.8050 -0.1069
v 0.5129 0.8046 -0.1115
v 0.5116 0.8059 -0.1154
v 0.5232 0.8102 -0.1171
v 0.5123 0.8087 -0.1187
v 0.4997 0.7989 -0.1215
v 0.5022 0.8065 -0.1272
v 0.4992 0.7993 -0.1312
v 0.5042 0.8367 -0.1291
v 0.5024 0.8247 -0.1345
v 0.5042 0.8193 -0.1292
v 0.5116 0.8778 -0.1211
v 0.5052 0.8765 -0.1260
v 0.5036 0.8903 -0.1281
v 0.5011 0.8774 -0.1365
v 0.5002 0.8448 -0.1404
v 0.4982 0.8513 -0.1436
v 0.4985 0.8409 -0.1446
v 0.4912 0.8268 -0.1512
v 0.4824 0.8316 -0.1531
v 0.4829 0.8258 -0.1545
v 0.4659 0.8132 -0.1545
v 0.4763 0.8260 -0.1551
v 0.4556 0.8227 -0.1541
v 0.4448 0.8400 -0.1469
v 0.4538 0.8446 -0.1467
v 0.4467 0.8470 -0.1454
v 0.4453 0.8555 -0.1444
v 0.4441 0.8725 -0.1444
v 0.4422 0.8904 -0.1457
v 0.4488 0.8902 -0.1474
v 0.4389 0.8998 -0.1433
v 0.4356 0.9063 -0.1345
v 0.4373 0.9056 -0.1384
v 0.4413 0.9081 -0.1344
v 0.4692 0.9173 -0.1249
v 0.4693 0.9256 -0.1223
v 0.4525 0.9194 -0.1252
v 0.4398 0.9331 -0.1215
v 0.4368 0.9451 -0.1188
v 0.4372 0.9924 -0.1145
v 0.4374 0.9673 -0.1172
v 0.4415 0.9809 -0.1179
v 0.4318 1.0012 -0.1067
v 0.4319 1.0362 -0.1002
v 0.4342 1.0506 -0.0599
v 0.4339 1.0462 -0.0768
v 0.4357 1.0561 -0.0685
v 0.4392 1.0638 -0.0348
v 0.4343 1.0561 -0.0342
v 0.4356 1.0600 -0.0437
v 0.4403 1.0621 -0.0287
v 0.4457 1.0688 -0.0333
v 0.4622 1.0701 -0.0279
v 0.4622 1.0724 -0.0313
v 0.4726 1.0693 -0.0285
v 0.4824 1.0603 -0.0266
v 0.4844 1.0626 -0.0288
v 0.4905 1.0497 -0.0278
v 0.4919 1.0440 -0.0421
v 0.4924 1.0361 -0.0306
v 0.4914 1.0143 -0.0261
v 0.4924 1.0069 -0.0492
v 0.4911 0.9614 -0.0525
v 0.4925 0.9556 -0.0431
v 0.4946 0.9194 -0.0248
v 0.4939 0.9277 -0.0314
v 0.4957 0.9190 -0.0328
v 0.4990 0.9111 -0.0508
v 0.5007 0.9102 -0.0622
v 0.5176 0.9056 -0.0512
v 0.5202 0.9043 -0.0551
v 0.5208 0.9048 -0.0829
v 0.5223 0.9004 -0.1131
v 0.5227 0.8963 -0.1167
v 0.5147 0.8956 -0.1188
v 0.5123 0.9005 -0.1179
v 0.5062 0.8972 -0.1214
v 0.5002 0.8943 -0.1371
v 0.4966 0.8975 -0.1452
v 0.4647 0.8802 -0.1501
v 0.4733 0.8799 -0.1501
v 0.4604 0.8835 -0.1498
v 0.4483 0.9061 -0.1400
v 0.4485 0.9014 -0.1447
v 0.4729 0.9039 -0.1433
v 0.4892 0.9178 -0.1231
v 0.4861 0.9255 -0.1222
v 0.4807 0.9178 -0.1250
v 0.4879 0.9414 -0.1197
v 0.4823 0.9415 -0.1210
v 0.4868 0.9378 -0.1213
v 0.4885 0.9527 -0.1182
v 0.4908 0.9613 -0.1162
v 0.4914 0.9738 -0.1155
v 0.4462 0.9355 -0.1219
v 0.4419 0.9542 -0.1196
v 0.4554 1.0317 -0.1131
v 0.4692 1.0468 -0.1118
v 0.4484 1.0532 -0.1105
v 0.4390 1.0163 -0.1139
v 0.4424 1.0256 -0.1127
v 0.4373 1.0261 -0.1111
v 0.4368 1.0532 -0.1054
v 0.4421 1.0595 -0.1064
v 0.4397 1.0626 -0.1025
v 0.4496 1.0723 -0.0861
v 0.4455 1.0689 -0.0971
v 0.4558 1.0734 -0.0926
v 0.4572 1.0747 -0.0387
v 0.4497 1.0730 -0.0437
v 0.4547 1.0746 -0.0438
v 0.4655 1.0748 -0.0413
v 0.4646 1.0744 -0.0655
v 0.4700 1.0736 -0.0633
v 0.4815 1.0687 -0.0371
v 0.4760 1.0717 -0.0590
v 0.4800 1.0698 -0.0665
v 0.4859 1.0647 -0.0369
v 0.4872 1.0616 -0.0560
v 0.4902 1.0566 -0.0334
v 0.4913 1.0352 -0.0525
v 0.4927 1.0162 -0.0411
v 0.4895 0.9726 -0.0582
v 0.4896 0.9474 -0.0588
v 0.4950 0.9180 -0.0491
v 0.4915 0.9237 -0.0538
v 0.4924 0.9175 -0.0543
v 0.4923 0.9114 -0.0595
v 0.4923 0.9113 -0.0652
v 0.4968 0.9111 -0.0574
v 0.4934 0.9200 -0.0748
v 0.4931 0.9272 -0.0787
v 0.4958 0.9189 -0.0803
v 0.4995 0.9114 -0.0916
v 0.4956 0.9186 -0.1100
v 0.4973 0.9117 -0.1148
v 0.5090 0.9065 -0.1122
v 0.5082 0.9046 -0.1170
v 0.5180 0.9030 -0.1130
v 0.5015 0.9068 -0.1217
v 0.5002 0.9042 -0.1281
v 0.5051 0.9024 -0.1220
v 0.4797 0.9068 -0.1366
v 0.4948 0.9050 -0.1394
v 0.4914 0.9074 -0.1336
v 0.5028 0.9081 -0.1168
v 0.4973 0.9111 -0.1204
v 0.4936 0.9474 -0.1087
v 0.4923 0.9436 -0.1176
v 0.4942 0.9259 -0.1145
v 0.4941 0.9262 -0.0868
v 0.4899 0.9851 -0.0668
v 0.4904 0.9902 -0.0717
v 0.4897 0.9795 -0.0715
v 0.4940 1.0005 -0.0934
v 0.4930 1.0145 -0.1007
v 0.4941 0.9823 -0.1001
v 0.4919 0.9909 -0.1108
v 0.4912 0.9785 -0.1151
v 0.4816 1.0084 -0.1140
v 0.4871 1.0259 -0.1109
v 0.4828 1.0360 -0.1122
v 0.4793 1.0688 -0.1020
v 0.4666 1.0631 -0.1073
v 0.4860 1.0566 -0.1075
v 0.4900 1.0621 -0.0935
v 0.4869 1.0647 -0.0994
v 0.4897 1.0613 -0.0997
v 0.4901 1.0496 -0.0634
v 0.4887 1.0583 -0.0697
v 0.4907 1.0527 -0.0796
v 0.4930 1.0405 -0.0937
v 0.4909 1.0572 -0.1031
v 0.4918 1.0393 -0.1062
v 0.4904 0.9976 -0.1123
v 0.4913 1.0147 -0.1101
v 0.4880 1.0060 -0.1126
v 0.4752 1.0731 -0.0862
v 0.4845 1.0685 -0.0897
v 0.4593 1.0634 -0.1069
v 0.4658 1.0699 -0.1023
v 0.4517 1.0689 -0.1019
v 0.4883 0.9263 -0.0657
v 0.4888 0.9263 -0.0577
v 0.4384 1.0618 -0.0767
v 0.4345 1.0563 -0.0934
v 0.4389 1.0645 -0.0932
v 0.4914 0.8755 -0.1461
v 0.4785 0.8788 -0.1482
v 0.4698 0.8733 -0.1475
v 0.4908 0.8474 -0.1453
v 0.4753 0.8607 -0.1457
v 0.4599 0.8528 -0.1454
v 0.4675 0.8469 -0.1454
v 0.5280 0.8422 -0.1172
v 0.5187 0.8133 -0.1207
v 0.5229 0.8194 -0.1203
v 0.5132 0.8156 -0.1231
v 0.5278 0.8146 -0.1167
v 0.4326 0.9900 -0.0635
v 0.4327 0.9870 -0.0717
v 0.4343 0.9929 -0.0699
v 0.4326 0.9765 -0.0663
v 0.4350 0.9261 -0.0581
v 0.4342 0.9593 -0.0578
v 0.4321 0.9359 -0.0541
v 0.4302 0.9799 -0.0484
v 0.4317 0.9762 -0.0572
v 0.4303 0.9973 -0.0504
v 0.4269 0.9111 -0.1137
v 0.4201 0.9058 -0.1184
v 0.4082 0.9025 -0.1199
v 0.4005 0.9045 -0.1168
v 0.3983 0.9013 -0.1187
v 0.4971 0.8006 -0.0796
v 0.4957 0.7983 -0.0881
v 0.4280 0.9106 -0.0651
v 0.4335 0.9133 -0.0593
v 0.4302 0.9185 -0.0754
v 0.4250 0.9117 -0.0799
v 0.4281 0.9202 -0.0827
v 0.4939 0.6404 -0.1663
v 0.4971 0.6280 -0.1639
v 0.4908 0.4277 -0.1173
v 0.4912 0.4367 -0.1158
v 0.4929 0.4306 -0.1217
v 0.5002 0.4257 -0.1268
v 0.5017 0.4349 -0.1315
v 0.5020 0.4166 -0.1309
v 0.4989 0.4572 -0.1220
v 0.5021 0.4575 -0.1297
v 0.4943 0.3942 -0.1260
v 0.4998 0.4046 -0.1299
v 0.3913 0.8993 -0.0135
v 0.2999 0.8905 -0.1013
v 0.2981 0.8891 -0.1065
v 0.3063 0.8889 -0.1008
v 0.2955 0.9059 -0.1078
v 0.2970 0.9158 -0.1172
v 0.2950 0.9052 -0.1142
v 0.2911 0.9043 -0.1231
v 0.2923 0.9219 -0.1301
v 0.2808 0.9222 -0.1361
v 0.2892 0.9201 -0.1316
v 0.2987 0.9333 -0.1240
v 0.2901 0.9409 -0.1312
v 0.2858 0.9382 -0.1359
v 0.2673 0.9229 -0.1358
v 0.2768 0.9265 -0.1372
v 0.2549 0.9152 -0.1206
v 0.2590 0.9126 -0.1245
v 0.2546 0.9165 -0.1243
v 0.2485 0.9419 -0.1054
v 0.2461 0.9329 -0.1081
v 0.2467 0.9331 -0.1140
v 0.2556 0.9404 -0.0939
v 0.2537 0.9454 -0.0987
v 0.2580 0.9539 -0.0955
v 0.2600 0.9327 -0.0853
v 0.2640 0.9392 -0.0849
v 0.2640 0.9328 -0.0834
v 0.2703 0.9267 -0.0822
v 0.2702 0.9330 -0.0819
v 0.2766 0.9266 -0.0822
v 0.2867 0.9265 -0.0856
v 0.2869 0.9330 -0.0854
v 0.2931 0.9265 -0.0914
v 0.2948 0.9056 -0.1018
v 0.2977 0.8950 -0.1002
v 0.3009 0.9234 -0.1083
v 0.3024 0.9333 -0.1144
v 0.3016 0.9267 -0.1144
v 0.2986 0.9394 -0.0983
v 0.3020 0.9395 -0.1084
v 0.3024 0.9333 -0.1084
v 0.2842 0.9402 -0.0852
v 0.2932 0.9396 -0.0916
v 0.2766 0.9330 -0.0819
v 0.2703 0.9392 -0.0830
v 0.2766 0.9393 -0.0828
v 0.2829 0.9481 -0.0877
v 0.2869 0.9483 -0.0897
v 0.2948 0.9481 -0.0977
v 0.2981 0.9476 -0.1098
v 0.3002 0.9449 -0.1148
v 0.2945 0.9465 -0.1262
v 0.2899 0.9453 -0.1306
v 0.2993 0.9445 -0.1206
v 0.2895 0.9520 -0.1278
v 0.2880 0.9553 -0.1241
v 0.2834 0.9557 -0.1269
v 0.2956 0.9548 -0.1080
v 0.2933 0.9649 -0.1119
v 0.2949 0.9530 -0.1146
v 0.2814 0.9693 -0.1194
v 0.2883 0.9690 -0.1164
v 0.2827 0.9846 -0.1178
v 0.2707 0.9519 -0.1332
v 0.2785 0.9547 -0.1311
v 0.2722 0.9546 -0.1312
v 0.2539 0.9442 -0.1251
v 0.2612 0.9492 -0.1302
v 0.2603 0.9514 -0.1254
v 0.2498 0.9395 -0.1209
v 0.2531 0.9398 -0.1255
v 0.2521 0.9442 -0.1201
v 0.2733 0.9495 -0.1360
v 0.2798 0.9492 -0.1360
v 0.2475 0.9392 -0.1142
v 0.2544 0.9536 -0.1024
v 0.2554 0.9635 -0.1041
v 0.2565 0.9682 -0.0996
v 0.2623 0.9768 -0.0934
v 0.2591 0.9726 -0.0957
v 0.2595 0.9939 -0.0950
v 0.2656 0.9459 -0.0875
v 0.2623 0.9517 -0.0912
v 0.2661 0.9553 -0.0898
v 0.2777 0.9674 -0.0895
v 0.2831 0.9776 -0.0901
v 0.2834 0.9649 -0.0904
v 0.2902 0.9803 -0.0949
v 0.2928 0.9925 -0.0979
v 0.2925 0.9733 -0.0981
v 0.2950 0.9777 -0.1073
v 0.2946 0.9635 -0.1063
v 0.2932 1.0127 -0.0973
v 0.2953 1.0062 -0.1012
v 0.2870 0.9882 -0.0926
v 0.2833 0.9964 -0.0915
v 0.2877 1.0080 -0.0928
v 0.2916 1.0230 -0.0937
v 0.2931 1.0262 -0.0960
v 0.2952 1.0267 -0.1010
v 0.2951 1.0203 -0.1066
v 0.2887 0.9905 -0.1160
v 0.2908 1.0046 -0.1151
v 0.2873 1.0056 -0.1165
v 0.2806 1.0109 -0.1175
v 0.2756 0.9782 -0.1189
v 0.2640 0.9610 -0.1210
v 0.2700 0.9711 -0.1196
v 0.2647 0.9730 -0.1183
v 0.2583 0.9757 -0.1135
v 0.2604 0.9902 -0.1155
v 0.2573 0.9964 -0.1131
v 0.2546 0.9915 -0.1058
v 0.2554 0.9824 -0.1020
v 0.2534 1.0209 -0.0973
v 0.2601 1.0139 -0.0934
v 0.2668 1.0173 -0.0922
v 0.2618 1.0411 -0.0926
v 0.2768 1.0343 -0.0919
v 0.2931 1.0423 -0.0942
v 0.2969 1.0476 -0.0965
v 0.2953 1.0376 -0.0976
v 0.3052 1.0573 -0.0969
v 0.3126 1.0583 -0.1010
v 0.3042 1.0556 -0.1010
v 0.2993 1.0481 -0.1009
v 0.2988 1.0465 -0.1050
v 0.2971 1.0401 -0.1021
v 0.2926 1.0403 -0.1142
v 0.2946 1.0505 -0.1141
v 0.2903 1.0485 -0.1157
v 0.2879 1.0286 -0.1161
v 0.2794 1.0437 -0.1168
v 0.2681 0.9879 -0.1182
v 0.2702 1.0217 -0.1178
v 0.2584 1.0212 -0.1154
v 0.2600 1.0341 -0.1160
v 0.2548 1.0309 -0.1148
v 0.2497 1.0330 -0.1019
v 0.2509 1.0228 -0.1070
v 0.2503 1.0351 -0.1070
v 0.2469 1.0526 -0.0984
v 0.2473 1.0489 -0.1021
v 0.2446 1.0552 -0.1016
v 0.2504 1.0591 -0.0930
v 0.2631 1.0581 -0.0919
v 0.2492 1.0722 -0.0919
v 0.2847 1.0900 -0.0915
v 0.3027 1.0595 -0.0939
v 0.3082 1.0600 -0.0951
v 0.3171 1.0626 -0.0939
v 0.3073 1.0686 -0.0922
v 0.3261 1.0632 -0.0929
v 0.3353 1.0484 -0.1057
v 0.3362 1.0500 -0.1110
v 0.3287 1.0527 -0.1052
v 0.3227 1.0559 -0.1067
v 0.3283 1.0563 -0.1115
v 0.3195 1.0585 -0.1099
v 0.3050 1.0575 -0.1111
v 0.3129 1.0606 -0.1109
v 0.3069 1.0603 -0.1133
v 0.2971 1.0587 -0.1152
v 0.2427 1.0699 -0.1155
v 0.2487 1.0875 -0.1165
v 0.2263 1.0785 -0.1162
v 0.2451 1.0570 -0.1102
v 0.2486 1.0567 -0.1134
v 0.2413 1.0612 -0.1112
v 0.2286 1.0620 -0.1011
v 0.2344 1.0621 -0.1066
v 0.2285 1.0620 -0.1071
v 0.2196 1.0643 -0.0943
v 0.2165 1.0595 -0.0959
v 0.2100 1.0598 -0.0945
v 0.2316 1.0657 -0.0946
v 0.2359 1.0736 -0.0923
v 0.2416 1.0638 -0.0940
v 0.2474 1.0495 -0.1064
v 0.2440 1.0562 -0.1060
v 0.2472 1.0526 -0.1094
v 0.2531 1.0477 -0.1141
v 0.2392 1.1164 -0.0912
v 0.2422 1.1492 -0.0915
v 0.2648 1.1391 -0.0911
v 0.3329 1.0940 -0.0927
v 0.3389 1.0957 -0.0954
v 0.3435 1.0622 -0.0930
v 0.3523 1.0416 -0.0937
v 0.3605 1.0399 -0.0972
v 0.3611 1.0330 -0.0960
v 0.3525 1.0373 -0.0940
v 0.3527 1.0308 -0.0977
v 0.3474 1.0358 -0.1009
v 0.3508 1.0352 -0.1065
v 0.3430 1.0420 -0.1061
v 0.3483 1.0380 -0.1092
v 0.3435 1.0430 -0.1101
v 0.3414 1.0526 -0.1140
v 0.3361 1.0550 -0.1131
v 0.3208 1.0604 -0.1129
v 0.3242 1.0642 -0.1149
v 0.3393 1.0871 -0.1134
v 0.3427 1.0904 -0.1102
v 0.3348 1.1034 -0.1146
v 0.3446 1.0699 -0.1123
v 0.3394 1.0677 -0.1144
v 0.3433 1.0657 -0.1143
v 0.3478 1.0479 -0.1130
v 0.3420 1.0488 -0.1126
v 0.3583 1.0381 -0.1093
v 0.3568 1.0488 -0.1091
v 0.3546 1.0404 -0.1111
v 0.3646 1.0245 -0.0986
v 0.3647 1.0276 -0.1056
v 0.3595 1.0252 -0.1041
v 0.3610 1.0454 -0.1010
v 0.3646 1.0323 -0.0979
v 0.3558 1.0582 -0.0988
v 0.3551 1.0641 -0.1036
v 0.3579 1.0520 -0.1012
v 0.3474 1.0855 -0.1010
v 0.3498 1.0782 -0.1027
v 0.3503 1.0710 -0.0982
v 0.3406 1.1075 -0.0991
v 0.3443 1.0991 -0.1024
v 0.3444 1.0885 -0.0984
v 0.3416 1.1092 -0.1087
v 0.3031 1.1058 -0.1164
v 0.3183 1.1311 -0.1157
v 0.3082 1.1600 -0.1164
v 0.3362 1.1543 -0.1092
v 0.3372 1.1728 -0.1089
v 0.3299 1.1623 -0.1122
v 0.3260 1.1727 -0.1133
v 0.3117 1.1770 -0.1131
v 0.3014 1.1714 -0.1152
v 0.2669 1.1849 -0.1161
v 0.2532 1.1806 -0.1160
v 0.2494 1.1568 -0.1165
v 0.2224 1.1293 -0.1145
v 0.2287 1.1475 -0.1161
v 0.2215 1.1524 -0.1134
v 0.2045 1.0798 -0.1111
v 0.2127 1.0899 -0.1136
v 0.2111 1.1089 -0.1106
v 0.2054 1.0967 -0.1081
v 0.2061 1.1151 -0.1040
v 0.2051 1.1036 -0.1053
v 0.2100 1.1218 -0.1000
v 0.2083 1.1195 -0.1029
v 0.2104 1.1308 -0.1022
v 0.2207 1.1204 -0.0931
v 0.2170 1.1275 -0.0948
v 0.2218 1.1344 -0.0931
v 0.2207 1.1530 -0.0931
v 0.2205 1.1683 -0.0923
v 0.2285 1.1400 -0.0920
v 0.2739 1.1817 -0.0907
v 0.2583 1.1910 -0.0916
v 0.2699 1.2012 -0.0908
v 0.3077 1.1617 -0.0915
v 0.2972 1.1825 -0.0924
v 0.3073 1.1750 -0.0931
v 0.3254 1.1555 -0.0924
v 0.3305 1.1629 -0.0937
v 0.3307 1.1413 -0.0942
v 0.3357 1.1250 -0.0967
v 0.3368 1.1406 -0.0999
v 0.3389 1.1252 -0.1006
v 0.3378 1.1309 -0.1078
v 0.3386 1.1345 -0.1054
v 0.3375 1.1419 -0.1062
v 0.3362 1.1544 -0.0988
v 0.3378 1.1526 -0.1023
v 0.3337 1.1579 -0.0957
v 0.3330 1.1761 -0.0931
v 0.3370 1.1661 -0.0978
v 0.3426 1.1813 -0.1051
v 0.3429 1.1936 -0.1081
v 0.3407 1.1748 -0.1065
v 0.3336 1.1893 -0.1114
v 0.3370 1.2014 -0.1085
v 0.3303 1.1930 -0.1091
v 0.3298 1.1969 -0.0979
v 0.3331 1.2064 -0.0988
v 0.3362 1.2093 -0.0977
v 0.3356 1.1788 -0.0937
v 0.3403 1.2036 -0.0949
v 0.3446 1.1975 -0.0974
v 0.3457 1.1946 -0.1014
v 0.3478 1.1998 -0.1034
v 0.3411 1.1730 -0.0999
v 0.3462 1.2111 -0.0972
v 0.3422 1.2174 -0.0979
v 0.3469 1.2178 -0.0976
v 0.3365 1.2097 -0.1057
v 0.3429 1.2170 -0.1051
v 0.3423 1.2194 -0.1019
v 0.3387 1.2156 -0.1010
v 0.3255 1.1699 -0.0932
v 0.3192 1.1760 -0.0943
v 0.3122 1.1806 -0.0966
v 0.3199 1.1821 -0.0959
v 0.3212 1.1881 -0.1015
v 0.3221 1.1878 -0.1066
v 0.3255 1.1930 -0.1011
v 0.3062 1.1835 -0.1085
v 0.3131 1.1860 -0.1055
v 0.3041 1.1875 -0.1068
v 0.3021 1.1873 -0.1101
v 0.2980 1.1944 -0.1110
v 0.2983 1.1884 -0.1126
v 0.2981 1.1799 -0.1146
v 0.2934 1.1888 -0.1145
v 0.2849 1.1885 -0.1156
v 0.2715 1.2163 -0.1158
v 0.2613 1.2025 -0.1152
v 0.2461 1.1808 -0.1137
v 0.2479 1.1883 -0.1120
v 0.2416 1.1824 -0.1107
v 0.2355 1.1767 -0.1123
v 0.2343 1.1807 -0.1102
v 0.2299 1.1765 -0.1124
v 0.2159 1.1520 -0.1107
v 0.2158 1.1665 -0.1111
v 0.2089 1.1670 -0.1056
v 0.2122 1.1608 -0.1083
v 0.2097 1.1756 -0.1081
v 0.2108 1.1577 -0.0993
v 0.2051 1.1842 -0.0991
v 0.2122 1.1677 -0.0962
v 0.2162 1.1495 -0.0953
v 0.2288 1.1762 -0.0935
v 0.2293 1.1823 -0.0954
v 0.2361 1.1772 -0.0941
v 0.2471 1.1857 -0.0940
v 0.2397 1.1766 -0.0941
v 0.2413 1.1833 -0.0962
v 0.2624 1.2124 -0.0922
v 0.2605 1.2227 -0.0931
v 0.2638 1.2395 -0.0929
v 0.2867 1.2321 -0.0930
v 0.2809 1.2487 -0.0935
v 0.2848 1.2472 -0.0953
v 0.2915 1.2135 -0.0950
v 0.2923 1.2233 -0.0985
v 0.2942 1.2115 -0.0973
v 0.2957 1.1948 -0.0938
v 0.3011 1.1858 -0.0943
v 0.3123 1.1843 -0.0990
v 0.2839 1.2289 -0.1142
v 0.2909 1.2239 -0.1109
v 0.2875 1.2326 -0.1122
v 0.2856 1.2600 -0.1057
v 0.2824 1.2613 -0.1098
v 0.2849 1.2585 -0.1094
v 0.2904 1.2412 -0.0997
v 0.2912 1.2383 -0.1066
v 0.2928 1.2266 -0.1023
v 0.2849 1.2593 -0.0983
v 0.2887 1.2373 -0.0972
v 0.2827 1.2815 -0.1011
v 0.2813 1.2851 -0.1052
v 0.2836 1.2791 -0.1040
v 0.2763 1.2764 -0.1117
v 0.2763 1.2957 -0.1084
v 0.2720 1.2895 -0.1090
v 0.2621 1.2476 -0.1091
v 0.2657 1.2563 -0.1108
v 0.2642 1.2635 -0.1075
v 0.2629 1.2663 -0.1013
v 0.2633 1.2715 -0.1035
v 0.2657 1.2788 -0.1011
v 0.2699 1.2609 -0.0939
v 0.2661 1.2641 -0.0960
v 0.2744 1.2863 -0.0945
v 0.2810 1.2746 -0.0968
v 0.2760 1.2785 -0.0939
v 0.2801 1.2852 -0.0970
v 0.2787 1.3000 -0.1049
v 0.2736 1.2991 -0.1079
v 0.2689 1.2942 -0.0985
v 0.2699 1.2987 -0.1037
v 0.2724 1.2997 -0.0983
v 0.2621 1.2531 -0.0978
v 0.2599 1.2388 -0.0966
v 0.2555 1.2321 -0.1010
v 0.2589 1.2439 -0.1011
v 0.2485 1.1963 -0.0983
v 0.2503 1.2025 -0.1006
v 0.2537 1.2084 -0.0967
v 0.2536 1.2177 -0.1053
v 0.2563 1.2283 -0.1087
v 0.2560 1.2360 -0.1041
v 0.2498 1.2012 -0.1051
v 0.2466 1.1945 -0.1027
v 0.2467 1.1912 -0.1087
v 0.2533 1.1983 -0.0932
v 0.2453 1.1889 -0.0969
v 0.2272 1.1886 -0.0978
v 0.2349 1.1824 -0.0968
v 0.2267 1.1809 -0.1113
v 0.2309 1.1838 -0.1089
v 0.2249 1.1878 -0.1099
v 0.2200 1.1821 -0.1128
v 0.2192 1.1889 -0.1115
v 0.2139 1.1827 -0.1117
v 0.2028 1.2053 -0.1057
v 0.2031 1.2148 -0.1075
v 0.2018 1.2175 -0.1055
v 0.2099 1.2161 -0.0980
v 0.2025 1.2259 -0.0996
v 0.2077 1.2218 -0.1011
v 0.2215 1.1973 -0.0980
v 0.2177 1.2022 -0.0972
v 0.2183 1.2025 -0.1015
v 0.2220 1.1955 -0.1055
v 0.2184 1.1956 -0.1097
v 0.2220 1.1931 -0.1091
v 0.2100 1.2170 -0.1017
v 0.2130 1.2130 -0.1035
v 0.2128 1.2131 -0.0987
v 0.2029 1.1905 -0.1014
v 0.2039 1.1905 -0.1060
v 0.2005 1.2114 -0.1013
v 0.2110 1.1440 -0.1021
v 0.2110 1.1368 -0.1052
v 0.2109 1.1477 -0.1048
v 0.2097 1.1263 -0.1049
v 0.2225 1.0837 -0.0920
v 0.2146 1.0905 -0.0934
v 0.2243 1.1133 -0.0923
v 0.2033 1.0871 -0.0995
v 0.1989 1.0858 -0.1041
v 0.2059 1.0975 -0.0995
v 0.1994 1.0720 -0.0986
v 0.1948 1.0671 -0.1018
v 0.1966 1.0749 -0.1018
v 0.1953 1.0442 -0.0943
v 0.1974 1.0540 -0.0955
v 0.1982 1.0475 -0.0946
v 0.1862 1.0393 -0.0981
v 0.1830 1.0387 -0.1017
v 0.1895 1.0450 -0.0984
v 0.1989 1.0381 -0.1018
v 0.2035 1.0435 -0.1066
v 0.1933 1.0313 -0.1055
v 0.1809 1.0322 -0.1061
v 0.1844 1.0270 -0.1068
v 0.1830 1.0345 -0.1088
v 0.1878 1.0481 -0.1020
v 0.1879 1.0481 -0.1058
v 0.1892 1.0439 -0.1094
v 0.1915 1.0545 -0.1082
v 0.1920 1.0404 -0.1120
v 0.1998 1.0490 -0.1124
v 0.1968 1.0555 -0.1110
v 0.1912 1.0340 -0.1104
v 0.1897 1.0290 -0.1065
v 0.2125 1.0517 -0.1066
v 0.2171 1.0570 -0.1105
v 0.2097 1.0510 -0.1095
v 0.2038 1.0475 -0.1110
v 0.2120 1.0558 -0.1125
v 0.2054 1.0534 -0.1140
v 0.2395 1.0645 -0.1136
v 0.2318 1.0655 -0.1139
v 0.2178 1.0553 -0.1031
v 0.2203 1.0576 -0.1077
v 0.2090 1.0527 -0.0967
v 0.2180 1.0572 -0.0986
v 0.2105 1.0505 -0.0996
v 0.3335 1.1372 -0.1111
v 0.3265 1.1400 -0.1142
v 0.3286 1.1358 -0.1145
v 0.2524 1.0329 -0.0976
v 0.2513 1.0474 -0.0963
v 0.2703 0.9619 -0.1213
v 0.2716 0.9568 -0.1272
v 0.2768 0.9621 -0.1213
v 0.2507 0.9270 -0.0960
v 0.2513 0.9209 -0.1017
v 0.2476 0.9268 -0.1015
v 0.4322 0.6843 -0.1494
v 0.4339 0.6813 -0.1539
v 0.4329 0.6941 -0.1532
v 0.4322 0.6382 -0.1554
v 0.4331 0.6527 -0.1596
v 0.4328 0.6664 -0.1541
v 0.4329 0.6014 -0.1674
v 0.4350 0.6288 -0.1639
v 0.4329 0.6217 -0.1610
v 0.4385 0.6422 -0.1638
v 0.4547 0.6027 -0.1717
v 0.4428 0.6444 -0.1639
v 0.4317 0.5473 -0.1745
v 0.4345 0.5481 -0.1771
v 0.4324 0.5691 -0.1734
v 0.4337 0.4702 -0.1899
v 0.4312 0.4870 -0.1870
v 0.4930 0.5157 0.0380
v 0.4931 0.5304 0.0322
v 0.4277 0.7940 -0.0865
v 0.4287 0.7919 -0.0945
v 0.4345 0.7833 -0.0447
v 0.4339 0.7881 -0.0455
v 0.4306 0.7854 -0.0402
v 0.4331 0.7524 -0.0437
v 0.4349 0.7431 -0.0505
v 0.4346 0.7658 -0.0451
v 0.4312 0.7446 -0.0395
v 0.4340 0.7118 -0.0441
v 0.4339 0.7333 -0.0460
v 0.4370 0.6843 -0.0632
v 0.4374 0.7120 -0.0825
v 0.4364 0.7473 -0.0648
v 0.4358 0.7833 -0.0500
v 0.4364 0.7833 -0.0576
v 0.4319 0.7285 -0.1041
v 0.4327 0.7510 -0.1006
v 0.4371 0.7177 -0.0947
v 0.4340 0.7179 -0.1012
v 0.4336 0.7374 -0.1011
v 0.4375 0.6370 -0.0955
v 0.4361 0.6724 -0.1002
v 0.4330 0.6573 -0.1090
v 0.4329 0.6828 -0.1060
v 0.4298 0.6945 -0.1090
v 0.4351 0.5992 -0.1090
v 0.4353 0.6215 -0.1087
v 0.4309 0.6866 -0.0377
v 0.4336 0.6942 -0.0442
v 0.4309 0.7096 -0.0385
v 0.4263 0.6471 -0.0091
v 0.4270 0.6423 -0.0269
v 0.4271 0.6713 -0.0321
v 0.4271 0.7077 -0.0077
v 0.4273 0.7553 -0.0191
v 0.4247 0.7917 -0.0170
v 0.4268 0.7840 -0.0223
v 0.4215 0.7935 -0.0231
v 0.4269 0.7838 -0.0279
v 0.4271 0.7875 -0.0315
v 0.4282 0.7381 -0.0335
v 0.4273 0.7229 -0.0327
v 0.5160 0.1471 -0.2478
v 0.5153 0.1538 -0.2456
v 0.5118 0.1441 -0.2496
v 0.5101 0.1608 0.0284
v 0.5075 0.1685 0.0254
v 0.5100 0.1553 0.0239
v 0.5044 0.2115 0.0223
v 0.5047 0.1969 0.0219
v 0.4796 0.7142 0.0147
v 0.4855 0.7277 0.0128
v 0.4855 0.7064 0.0142
v 0.4828 0.7562 0.0096
v 0.4798 0.7348 0.0122
v 0.4325 0.8479 0.0045
v 0.4266 0.8584 -0.0075
v 0.4320 0.8595 0.0022
v 0.2508 0.8740 -0.0396
v 0.2289 0.8856 -0.0417
v 0.2503 0.8860 -0.0412
v 0.2644 0.8879 -0.0475
v 0.2340 0.8894 -0.0577
v 0.2829 0.8896 -0.0530
v 0.2523 0.8908 -0.0775
v 0.2558 0.8927 -0.0868
v 0.2628 0.8926 -0.0809
v 0.2478 0.8906 -0.0867
v 0.2496 0.8908 -0.0938
v 0.2492 0.8794 -0.1065
v 0.2544 0.8880 -0.1069
v 0.2489 0.8861 -0.1035
v 0.2341 0.8817 -0.1033
v 0.2338 0.8867 -0.1022
v 0.2263 0.8828 -0.1047
v 0.2192 0.8761 -0.1062
v 0.2117 0.8744 -0.1124
v 0.2158 0.8641 -0.1093
v 0.2009 0.8433 -0.1144
v 0.1977 0.8212 -0.1141
v 0.1825 0.8172 -0.1099
v 0.1902 0.8207 -0.1138
v 0.1837 0.8332 -0.1109
v 0.1774 0.8045 -0.1054
v 0.1751 0.8128 -0.1068
v 0.1707 0.8078 -0.1038
v 0.1539 0.8094 -0.1029
v 0.1514 0.8142 -0.1049
v 0.1430 0.8092 -0.1036
v 0.1272 0.7907 -0.0985
v 0.1311 0.7980 -0.1069
v 0.1294 0.7899 -0.1088
v 0.1190 0.7988 -0.0793
v 0.1194 0.7976 -0.0850
v 0.1055 0.7942 -0.0726
v 0.1111 0.7937 -0.0798
v 0.1049 0.7931 -0.0800
v 0.0994 0.7941 -0.0510
v 0.0895 0.7979 -0.0656
v 0.0875 0.7987 -0.0529
v 0.0741 0.8078 -0.0425
v 0.0782 0.8025 -0.0472
v 0.0660 0.8055 -0.0446
v 0.1058 0.7962 -0.0418
v 0.0992 0.7993 -0.0403
v 0.1123 0.7995 -0.0404
v 0.1173 0.7967 -0.0510
v 0.1119 0.7944 -0.0613
v 0.0815 0.8151 -0.0404
v 0.0635 0.8248 -0.0401
v 0.0740 0.8809 -0.0403
v 0.0847 0.8920 -0.0416
v 0.0988 0.8899 -0.0390
v 0.1253 0.8789 -0.0395
v 0.1127 0.8898 -0.0394
v 0.1199 0.8891 -0.0411
v 0.1687 0.8731 -0.0402
v 0.2161 0.8678 -0.0391
v 0.2131 0.8890 -0.0478
v 0.2198 0.8898 -0.0522
v 0.2252 0.8886 -0.0502
v 0.2265 0.8897 -0.0572
v 0.2255 0.8949 -0.0607
v 0.2321 0.8945 -0.0661
v 0.2334 0.8956 -0.0727
v 0.2414 0.8899 -0.0653
v 0.2381 0.8896 -0.0825
v 0.2423 0.8892 -0.0925
v 0.2344 0.8905 -0.0988
v 0.2417 0.8878 -0.0990
v 0.2333 0.8961 -0.0862
v 0.2309 0.9041 -0.0919
v 0.2316 0.8968 -0.0931
v 0.2295 0.9116 -0.0997
v 0.2294 0.9031 -0.0987
v 0.2201 0.9140 -0.1157
v 0.2146 0.9049 -0.1227
v 0.2198 0.9012 -0.1160
v 0.2144 0.8847 -0.1134
v 0.2037 0.8600 -0.1144
v 0.1984 0.8692 -0.1154
v 0.1749 0.8578 -0.1072
v 0.1799 0.8658 -0.1103
v 0.1708 0.8758 -0.1067
v 0.1599 0.8198 -0.1058
v 0.1572 0.8490 -0.1054
v 0.1494 0.8343 -0.1062
v 0.1352 0.8128 -0.1081
v 0.1417 0.8245 -0.1071
v 0.1346 0.8280 -0.1092
v 0.1298 0.7958 -0.1121
v 0.1259 0.7512 -0.0983
v 0.1281 0.7664 -0.1032
v 0.1287 0.7323 -0.1031
v 0.1209 0.7257 -0.0929
v 0.1171 0.7487 -0.0909
v 0.1216 0.7550 -0.0936
v 0.1123 0.7446 -0.0897
v 0.1125 0.7674 -0.0886
v 0.1204 0.7843 -0.0911
v 0.1229 0.7916 -0.0911
v 0.1239 0.7776 -0.0949
v 0.1120 0.7801 -0.0885
v 0.1068 0.7892 -0.0870
v 0.1119 0.7901 -0.0868
v 0.0945 0.7965 -0.0740
v 0.0913 0.7986 -0.0862
v 0.0407 0.8024 -0.0562
v 0.0636 0.8020 -0.0640
v 0.0514 0.8018 -0.0645
v 0.0543 0.8090 -0.0425
v 0.0498 0.8058 -0.0445
v 0.0363 0.8082 -0.0426
v 0.0171 0.8087 -0.0423
v 0.0095 0.8058 -0.0444
v -0.0006 0.8082 -0.0426
v -0.0395 0.8048 -0.0443
v -0.0429 0.8075 -0.0423
v -0.0276 0.8060 -0.0436
v -0.0581 0.8039 -0.0426
v -0.0440 0.8032 -0.0477
v -0.0676 0.8031 -0.0468
v -0.0902 0.8123 -0.0403
v -0.0911 0.8301 -0.0393
v -0.0679 0.8165 -0.0403
v 0.0015 0.8232 -0.0402
v 0.0390 0.8412 -0.0397
v 0.0262 0.8131 -0.0406
v -0.0160 0.8613 -0.0395
v 0.0135 0.8770 -0.0405
v 0.0430 0.8672 -0.0398
v 0.0703 0.8860 -0.0417
v 0.0440 0.8876 -0.0475
v 0.0669 0.8882 -0.0471
v 0.0890 0.8963 -0.0441
v 0.0786 0.8934 -0.0663
v 0.0850 0.8968 -0.0659
v 0.0989 0.8999 -0.0453
v 0.0934 0.9021 -0.0648
v 0.0953 0.9043 -0.0710
v 0.1122 0.8988 -0.0452
v 0.1140 0.9012 -0.0573
v 0.1172 0.8976 -0.0470
v 0.1307 0.8831 -0.0406
v 0.1244 0.8898 -0.0434
v 0.1332 0.8857 -0.0426
v 0.1608 0.8835 -0.0426
v 0.1643 0.8857 -0.0471
v 0.1807 0.8848 -0.0420
v 0.1870 0.8883 -0.0478
v 0.1780 0.8895 -0.0529
v 0.1844 0.8921 -0.0531
v 0.2000 0.9024 -0.0514
v 0.2063 0.8985 -0.0513
v 0.2021 0.8919 -0.0501
v 0.1987 0.9129 -0.0518
v 0.1985 0.9193 -0.0563
v 0.2056 0.9113 -0.0519
v 0.2173 0.8965 -0.0553
v 0.2113 0.9112 -0.0537
v 0.2162 0.9112 -0.0565
v 0.2206 0.9113 -0.0604
v 0.2271 0.9153 -0.0701
v 0.2239 0.9057 -0.0631
v 0.2276 0.9170 -0.0747
v 0.2299 0.9174 -0.0866
v 0.2304 0.9114 -0.0798
v 0.2191 0.9241 -0.1004
v 0.2231 0.9213 -0.1064
v 0.2282 0.9204 -0.0933
v 0.2189 0.9207 -0.0661
v 0.2191 0.9226 -0.0729
v 0.2241 0.9173 -0.0672
v 0.1819 0.9224 -0.0664
v 0.2054 0.9229 -0.0660
v 0.1708 0.9240 -0.0900
v 0.1768 0.9238 -0.1021
v 0.1915 0.9248 -0.1073
v 0.2187 0.9233 -0.1070
v 0.2168 0.9165 -0.1171
v 0.2164 0.9125 -0.1194
v 0.2106 0.8901 -0.1189
v 0.2167 0.8989 -0.1190
v 0.2123 0.8984 -0.1229
v 0.1975 0.8763 -0.1169
v 0.2036 0.8838 -0.1191
v 0.1969 0.8827 -0.1195
v 0.1818 0.8768 -0.1130
v 0.1786 0.8838 -0.1138
v 0.1753 0.8811 -0.1104
v 0.1636 0.8759 -0.1046
v 0.1644 0.8831 -0.1048
v 0.1564 0.8694 -0.1045
v 0.1415 0.8403 -0.1073
v 0.1488 0.8538 -0.1057
v 0.1413 0.8593 -0.1066
v 0.1304 0.8487 -0.1169
v 0.1275 0.8375 -0.1219
v 0.1309 0.8261 -0.1159
v 0.1253 0.7849 -0.1201
v 0.1279 0.7917 -0.1166
v 0.1264 0.8036 -0.1209
v 0.1263 0.7444 -0.1168
v 0.1270 0.7711 -0.1166
v 0.1249 0.7666 -0.1195
v 0.1239 0.7270 -0.1196
v 0.1211 0.7137 -0.1218
v 0.1239 0.7053 -0.1196
v 0.1284 0.6838 -0.1118
v 0.1266 0.6730 -0.1157
v 0.1280 0.6558 -0.1118
v 0.1280 0.6125 -0.1030
v 0.1285 0.6338 -0.1075
v 0.1293 0.6054 -0.1076
v 0.1268 0.5896 -0.0996
v 0.1275 0.5662 -0.1022
v 0.1257 0.5598 -0.0966
v 0.1265 0.5248 -0.0984
v 0.1276 0.5367 -0.1025
v 0.1275 0.5141 -0.1014
v 0.1271 0.4769 -0.0978
v 0.1250 0.4807 -0.0941
v 0.1263 0.5003 -0.0975
v 0.1280 0.4617 -0.0979
v 0.1289 0.4580 -0.1014
v 0.1291 0.4486 -0.1071
v 0.1277 0.4500 -0.1111
v 0.1297 0.4411 -0.1067
v 0.1326 0.4268 -0.1058
v 0.1388 0.4301 -0.1009
v 0.1325 0.4333 -0.1050
v 0.1492 0.4288 -0.0995
v 0.1413 0.4265 -0.1010
v 0.1550 0.4179 -0.1020
v 0.1766 0.4420 -0.0947
v 0.1762 0.4407 -0.0984
v 0.1776 0.4474 -0.0933
v 0.1819 0.4741 -0.0886
v 0.1804 0.4562 -0.0935
v 0.1815 0.4836 -0.0935
v 0.1845 0.5481 -0.0850
v 0.1826 0.5331 -0.0890
v 0.1827 0.5612 -0.0897
v 0.1830 0.5912 -0.0890
v 0.1823 0.6032 -0.0940
v 0.1832 0.6208 -0.0891
v 0.1833 0.6527 -0.0891
v 0.1825 0.6665 -0.0940
v 0.1805 0.7444 -0.0938
v 0.1819 0.7305 -0.0990
v 0.1808 0.7515 -0.0998
v 0.1811 0.7698 -0.0991
v 0.1825 0.7579 -0.1029
v 0.1825 0.7742 -0.1037
v 0.1780 0.7964 -0.0934
v 0.1707 0.8009 -0.0916
v 0.1788 0.7995 -0.1039
v 0.1815 0.7982 -0.1066
v 0.1851 0.7541 -0.1066
v 0.1889 0.7673 -0.1101
v 0.1848 0.7768 -0.1071
v 0.1985 0.7676 -0.1137
v 0.1982 0.7832 -0.1129
v 0.1938 0.7706 -0.1123
v 0.1854 0.7181 -0.1070
v 0.1898 0.7185 -0.1099
v 0.1890 0.7397 -0.1098
v 0.1829 0.6785 -0.0995
v 0.1843 0.6760 -0.1039
v 0.1839 0.6976 -0.1033
v 0.1893 0.6962 -0.1094
v 0.1937 0.7095 -0.1116
v 0.2034 0.7128 -0.1115
v 0.2035 0.7374 -0.1116
v 0.1985 0.7230 -0.1134
v 0.1985 0.6784 -0.1130
v 0.1985 0.7052 -0.1133
v 0.1937 0.6852 -0.1114
v 0.1926 0.6178 -0.1117
v 0.1935 0.6398 -0.1111
v 0.1893 0.6265 -0.1091
v 0.1827 0.6451 -0.0989
v 0.1836 0.6257 -0.1035
v 0.1840 0.6548 -0.1032
v 0.1863 0.5834 -0.1064
v 0.1862 0.6107 -0.1065
v 0.1840 0.5983 -0.1030
v 0.1813 0.5791 -0.0935
v 0.1826 0.5868 -0.0986
v 0.1826 0.5278 -0.0991
v 0.1840 0.5060 -0.1030
v 0.1844 0.5265 -0.1036
v 0.1862 0.5592 -0.1062
v 0.1892 0.5665 -0.1088
v 0.1935 0.5738 -0.1107
v 0.1976 0.5840 -0.1114
v 0.1942 0.5947 -0.1111
v 0.1983 0.6277 -0.1117
v 0.2077 0.6016 -0.1086
v 0.2081 0.6410 -0.1092
v 0.2033 0.6172 -0.1107
v 0.1983 0.5372 -0.1112
v 0.2033 0.5516 -0.1103
v 0.1984 0.5608 -0.1120
v 0.1943 0.5263 -0.1109
v 0.1926 0.5430 -0.1112
v 0.1898 0.5252 -0.1091
v 0.1862 0.4912 -0.1064
v 0.1837 0.4795 -0.1029
v 0.1799 0.4501 -0.0983
v 0.1802 0.4445 -0.1019
v 0.1826 0.4569 -0.1026
v 0.2112 0.5491 -0.1057
v 0.2076 0.5672 -0.1084
v 0.2159 0.6042 -0.0986
v 0.2146 0.6119 -0.1019
v 0.2139 0.5940 -0.1026
v 0.2154 0.6502 -0.0992
v 0.2142 0.6722 -0.1023
v 0.2119 0.6467 -0.1060
v 0.2079 0.6684 -0.1089
v 0.2078 0.6967 -0.1091
v 0.2034 0.6870 -0.1112
v 0.2158 0.7142 -0.0982
v 0.2139 0.6986 -0.1029
v 0.2163 0.6926 -0.0995
v 0.2158 0.5789 -0.0987
v 0.2077 0.7237 -0.1093
v 0.2076 0.7463 -0.1096
v 0.1696 0.4327 -0.0999
v 0.1701 0.4375 -0.0965
v 0.1330 0.4163 -0.1060
v 0.1277 0.4022 -0.1116
v 0.1339 0.4015 -0.1067
v 0.1242 0.3760 -0.1186
v 0.1287 0.3792 -0.1123
v 0.1246 0.3977 -0.1177
v 0.1254 0.3410 -0.1158
v 0.1216 0.3571 -0.1228
v 0.1222 0.3256 -0.1198
v 0.1265 0.2827 -0.1103
v 0.1263 0.3113 -0.1113
v 0.1252 0.2956 -0.1139
v 0.1254 0.2039 -0.1041
v 0.1256 0.2259 -0.1049
v 0.1243 0.2156 -0.1079
v 0.1266 0.1848 -0.1026
v 0.1229 0.1874 -0.1078
v 0.1202 0.1815 -0.1061
v 0.1114 0.1808 -0.1019
v 0.1053 0.1932 -0.0994
v 0.1024 0.2036 -0.0999
v 0.1040 0.2074 -0.1044
v 0.1011 0.2119 -0.0999
v 0.0949 0.2686 -0.1059
v 0.0934 0.2813 -0.1075
v 0.0935 0.3097 -0.1137
v 0.0968 0.3128 -0.1201
v 0.0940 0.3239 -0.1136
v 0.0925 0.3391 -0.1061
v 0.0872 0.3506 -0.1057
v 0.0713 0.3612 -0.1024
v 0.0780 0.3704 -0.1044
v 0.0704 0.3750 -0.1035
v 0.0561 0.3418 -0.0989
v 0.0564 0.3480 -0.1004
v 0.0540 0.3324 -0.0941
v 0.0540 0.3132 -0.0997
v 0.0533 0.3032 -0.0939
v 0.0528 0.2860 -0.0886
v 0.0553 0.2690 -0.0896
v 0.0525 0.2321 -0.0750
v 0.0543 0.2431 -0.0825
v 0.0546 0.2196 -0.0763
v 0.0526 0.1990 -0.0600
v 0.0506 0.1744 -0.0791
v 0.0502 0.1901 -0.0824
v 0.0455 0.1786 -0.0848
v 0.0585 0.1544 -0.0702
v 0.0561 0.1522 -0.0734
v 0.0483 0.1966 -0.0860
v 0.0455 0.2020 -0.0896
v 0.0440 0.1882 -0.0872
v 0.0322 0.1770 -0.0837
v 0.0364 0.1773 -0.0862
v 0.0348 0.1868 -0.0864
v 0.0261 0.1896 -0.0775
v 0.0277 0.1973 -0.0826
v 0.0241 0.2031 -0.0770
v 0.0253 0.2175 -0.0686
v 0.0220 0.2133 -0.0727
v 0.0222 0.2202 -0.0734
v 0.0210 0.2347 -0.0800
v 0.0196 0.2508 -0.0868
v 0.0219 0.2568 -0.0821
v 0.0240 0.2891 -0.0828
v 0.0207 0.2815 -0.0852
v 0.0226 0.3062 -0.0853
v 0.0210 0.3345 -0.0867
v 0.0189 0.3199 -0.0940
v 0.0177 0.3348 -0.0944
v 0.0139 0.3444 -0.0928
v 0.0119 0.3485 -0.0943
v 0.0064 0.3490 -0.0892
v -0.0094 0.3453 -0.0950
v -0.0014 0.3501 -0.0927
v -0.0068 0.3490 -0.0948
v -0.0145 0.3344 -0.0998
v -0.0120 0.3337 -0.1042
v -0.0130 0.3205 -0.1039
v -0.0184 0.3346 -0.0963
v -0.0218 0.3400 -0.0939
v -0.0169 0.3420 -0.0941
v -0.0261 0.3018 -0.0943
v -0.0317 0.3184 -0.0944
v -0.0261 0.3212 -0.0945
v -0.0340 0.3005 -0.0948
v -0.0296 0.2783 -0.0974
v -0.0355 0.2888 -0.0965
v -0.0416 0.3348 -0.0966
v -0.0422 0.3410 -0.0942
v -0.0454 0.3343 -0.0991
v -0.0477 0.3233 -0.1073
v -0.0485 0.3349 -0.1058
v -0.0580 0.3479 -0.1004
v -0.0504 0.3428 -0.1078
v -0.0557 0.3470 -0.1054
v -0.0758 0.3518 -0.1040
v -0.0937 0.3509 -0.1038
v -0.1083 0.3531 -0.1047
v -0.1225 0.3552 -0.1058
v -0.1288 0.3508 -0.1043
v -0.1532 0.3429 -0.1020
v -0.1505 0.3448 -0.1072
v -0.1576 0.3349 -0.1051
v -0.1675 0.3333 -0.0958
v -0.1619 0.3331 -0.0987
v -0.1642 0.3201 -0.0985
v -0.1585 0.2816 -0.1059
v -0.1607 0.3004 -0.1025
v -0.1585 0.3092 -0.1057
v -0.1671 0.2624 -0.1019
v -0.1632 0.2618 -0.1048
v -0.1639 0.2456 -0.1074
v -0.1797 0.2524 -0.1018
v -0.1786 0.2694 -0.0975
v -0.1716 0.2555 -0.1009
v -0.1842 0.3035 -0.0968
v -0.1848 0.3225 -0.0963
v -0.1805 0.3111 -0.0952
v -0.1750 0.3349 -0.0939
v -0.1863 0.3345 -0.0955
v -0.1851 0.3402 -0.0940
v -0.1802 0.3349 -0.0944
v -0.1886 0.3170 -0.0988
v -0.1889 0.3308 -0.0975
v -0.1932 0.3042 -0.1075
v -0.1941 0.3349 -0.1043
v -0.1915 0.3116 -0.1024
v -0.1939 0.2932 -0.1155
v -0.1930 0.3027 -0.1200
v -0.1942 0.3205 -0.1147
v -0.1922 0.3421 -0.0952
v -0.1938 0.3401 -0.1002
v -0.1999 0.3458 -0.0937
v -0.2229 0.3424 -0.0941
v -0.2158 0.3465 -0.0989
v -0.2227 0.3429 -0.0999
v -0.2311 0.3414 -0.0812
v -0.2293 0.3402 -0.0868
v -0.2331 0.3361 -0.0843
v -0.2541 0.3464 -0.0649
v -0.2543 0.3434 -0.0723
v -0.2718 0.3463 -0.0722
v -0.2705 0.3434 -0.0810
v -0.2780 0.3454 -0.0755
v -0.2920 0.3459 -0.0711
v -0.3301 0.3453 -0.0715
v -0.3337 0.3473 -0.0466
v -0.3442 0.3488 -0.0426
v -0.4116 0.3484 -0.0405
v -0.4200 0.3504 -0.0382
v -0.4006 0.3507 -0.0388
v -0.4440 0.3500 -0.0313
v -0.4402 0.3492 -0.0359
v -0.4474 0.3295 -0.0133
v -0.4501 0.3347 -0.0218
v -0.4497 0.3181 -0.0226
v -0.4383 0.2874 0.0058
v -0.4402 0.3080 -0.0003
v -0.4429 0.2889 -0.0005
v -0.4396 0.2707 0.0066
v -0.4418 0.2774 0.0031
v -0.4439 0.2668 0.0019
v -0.4358 0.2671 0.0171
v -0.4355 0.2497 0.0167
v -0.4351 0.2655 0.0256
v -0.4325 0.2127 0.0604
v -0.4333 0.2170 0.0365
v -0.4313 0.1824 0.0489
v -0.4323 0.1864 0.0892
v -0.4333 0.2101 0.0837
v -0.4318 0.1935 0.0785
v -0.4346 0.1749 0.0992
v -0.4326 0.1709 0.0957
v -0.4342 0.1625 0.1006
v -0.4319 0.1425 0.1133
v -0.4357 0.1480 0.1088
v -0.4297 0.1446 0.1100
v -0.4184 0.1360 0.1241
v -0.4178 0.1371 0.1194
v -0.4167 0.1329 0.1260
v -0.4151 0.1261 0.1261
v -0.4146 0.1144 0.1249
v -0.4533 0.1207 0.1337
v -0.4251 0.1238 0.1336
v -0.4350 0.1108 0.1353
v -0.5170 0.1281 0.1309
v -0.5114 0.1337 0.1270
v -0.4790 0.1297 0.1300
v -0.4556 0.1343 0.1268
v -0.4694 0.1375 0.1217
v -0.4434 0.1369 0.1236
v -0.5211 0.1398 0.1185
v -0.5108 0.1411 0.1147
v -0.5030 0.1377 0.1214
v -0.4910 0.1537 0.1056
v -0.4688 0.1679 0.1029
v -0.4585 0.1550 0.1060
v -0.4499 0.1632 0.1034
v -0.4471 0.1995 0.0963
v -0.4382 0.1961 0.0959
v -0.4337 0.1896 0.0953
v -0.4340 0.2041 0.0894
v -0.4406 0.2550 0.0846
v -0.4391 0.2668 0.0807
v -0.4368 0.2458 0.0846
v -0.4383 0.2817 0.0770
v -0.4361 0.2844 0.0739
v -0.4365 0.2696 0.0784
v -0.4398 0.3113 0.0719
v -0.4390 0.3257 0.0683
v -0.4362 0.2992 0.0724
v -0.4367 0.3799 0.0493
v -0.4373 0.4261 0.0279
v -0.4362 0.3643 0.0425
v -0.4374 0.3891 0.0041
v -0.4384 0.3898 -0.0045
v -0.4379 0.3651 0.0007
v -0.4385 0.3255 0.0007
v -0.4417 0.3388 -0.0060
v -0.4423 0.3616 -0.0099
v -0.4438 0.3875 -0.0143
v -0.4450 0.3652 -0.0135
v -0.4443 0.4165 -0.0204
v -0.4432 0.4130 -0.0283
v -0.4460 0.3901 -0.0209
v -0.4302 0.4222 -0.0340
v -0.4357 0.4333 -0.0348
v -0.4265 0.4313 -0.0358
v -0.3659 0.4366 -0.0371
v -0.3612 0.4364 -0.0373
v -0.3462 0.4312 -0.0372
v -0.3231 0.4340 -0.0392
v -0.3135 0.4393 -0.0413
v -0.2921 0.4326 -0.0401
v -0.2616 0.4338 -0.0412
v -0.2422 0.4373 -0.0426
v -0.2292 0.4334 -0.0410
v -0.2112 0.4406 -0.0442
v -0.2275 0.4424 -0.0474
v -0.2056 0.4423 -0.0472
v -0.1555 0.4429 -0.0516
v -0.1435 0.4413 -0.0471
v -0.1148 0.4424 -0.0581
v -0.1099 0.4430 -0.0750
v -0.0592 0.4415 -0.0607
v -0.0119 0.4412 -0.0663
v 0.0060 0.4413 -0.0789
v 0.0145 0.4464 -0.0819
v 0.0205 0.4462 -0.0748
v 0.0346 0.4426 -0.0663
v 0.0347 0.4480 -0.0730
v 0.0410 0.4473 -0.0732
v 0.0485 0.4497 -0.0792
v 0.0450 0.4556 -0.0782
v 0.0546 0.4451 -0.0802
v 0.0528 0.4575 -0.0871
v 0.0548 0.4497 -0.0868
v 0.0689 0.4405 -0.0822
v 0.0628 0.4401 -0.0914
v 0.0701 0.4391 -0.0906
v 0.0845 0.4408 -0.0928
v 0.0886 0.4467 -0.0937
v 0.0922 0.4516 -0.0923
v 0.0978 0.4804 -0.0908
v 0.1007 0.5019 -0.0903
v 0.1033 0.4897 -0.0886
v 0.1124 0.4552 -0.0855
v 0.1132 0.4856 -0.0878
v 0.1168 0.4553 -0.0866
v 0.1226 0.4686 -0.0909
v 0.1264 0.4540 -0.0933
v 0.1125 0.5146 -0.0887
v 0.1175 0.5255 -0.0902
v 0.1177 0.5016 -0.0897
v 0.1215 0.5646 -0.0923
v 0.1225 0.5484 -0.0934
v 0.1168 0.6321 -0.0907
v 0.1166 0.6575 -0.0907
v 0.1221 0.6521 -0.0930
v 0.1272 0.6600 -0.0997
v 0.1284 0.6813 -0.1030
v 0.1284 0.6616 -0.1030
v 0.1228 0.6782 -0.0942
v 0.1246 0.6986 -0.0952
v 0.1263 0.6858 -0.0983
v 0.1298 0.7425 -0.1078
v 0.1283 0.7544 -0.1124
v 0.1286 0.7299 -0.1115
v 0.1127 0.6552 -0.0888
v 0.1118 0.6724 -0.0898
v 0.1031 0.6492 -0.0918
v 0.1079 0.6561 -0.0901
v 0.1067 0.6302 -0.0893
v 0.1075 0.5758 -0.0901
v 0.1074 0.6037 -0.0900
v 0.1128 0.5786 -0.0887
v 0.1127 0.5429 -0.0883
v 0.1180 0.5486 -0.0908
v 0.0962 0.5059 -0.0948
v 0.0986 0.5286 -0.0930
v 0.0969 0.5763 -0.0976
v 0.0978 0.5943 -0.0955
v 0.0996 0.5739 -0.0942
v 0.0998 0.6882 -0.0936
v 0.1003 0.6659 -0.0936
v 0.0969 0.6704 -0.0970
v 0.1074 0.6738 -0.0901
v 0.1074 0.7339 -0.0901
v 0.1065 0.7611 -0.0901
v 0.1019 0.7658 -0.0919
v 0.0993 0.7539 -0.0945
v 0.0990 0.7849 -0.0931
v 0.1067 0.7794 -0.0888
v 0.0961 0.7919 -0.0946
v 0.0936 0.7893 -0.1009
v 0.0921 0.7977 -0.0940
v 0.0794 0.8006 -0.0759
v 0.0781 0.8018 -0.0896
v 0.0689 0.8018 -0.0800
v 0.0594 0.8020 -0.0751
v 0.0545 0.7993 -0.0806
v 0.0488 0.7992 -0.0759
v 0.0235 0.8010 -0.0652
v 0.0286 0.7981 -0.0747
v 0.0208 0.8003 -0.0728
v -0.0017 0.8040 -0.0477
v 0.0120 0.8026 -0.0543
v -0.0244 0.8025 -0.0511
v -0.0394 0.8022 -0.0519
v -0.0552 0.8023 -0.0522
v -0.0726 0.8021 -0.0505
v -0.0635 0.8017 -0.0731
v -0.0963 0.8021 -0.0668
v -0.0830 0.8035 -0.0424
v -0.0945 0.8028 -0.0502
v -0.1204 0.8038 -0.0425
v -0.1524 0.8152 -0.0394
v -0.1550 0.8251 -0.0384
v -0.1357 0.8203 -0.0395
v -0.1518 0.8536 -0.0380
v -0.1416 0.8702 -0.0386
v -0.1109 0.8639 -0.0389
v -0.1009 0.8859 -0.0416
v -0.1059 0.8878 -0.0472
v -0.0679 0.8874 -0.0464
v 0.0314 0.8858 -0.0417
v 0.0101 0.8874 -0.0459
v 0.0451 0.8906 -0.0727
v 0.0478 0.8953 -0.0819
v 0.0559 0.8900 -0.0724
v 0.0707 0.8910 -0.0831
v 0.0707 0.8915 -0.0934
v 0.0776 0.8940 -0.0910
v 0.0852 0.8989 -0.0816
v 0.0840 0.8979 -0.0942
v 0.0903 0.9055 -0.0892
v 0.0931 0.9092 -0.1011
v 0.0981 0.9108 -0.1069
v 0.1058 0.9015 -0.0515
v 0.1084 0.9052 -0.0752
v 0.1229 0.8957 -0.0543
v 0.1254 0.8957 -0.0656
v 0.1274 0.8900 -0.0548
v 0.1413 0.8848 -0.0417
v 0.1427 0.8863 -0.0527
v 0.1704 0.8880 -0.0536
v 0.1712 0.8901 -0.0591
v 0.1850 0.8968 -0.0548
v 0.1782 0.9007 -0.0584
v 0.1771 0.9116 -0.0587
v 0.1728 0.9116 -0.0617
v 0.1747 0.9199 -0.0635
v 0.1799 0.9163 -0.0582
v 0.1705 0.9029 -0.0640
v 0.1677 0.8975 -0.0682
v 0.1695 0.9148 -0.0643
v 0.1651 0.8914 -0.0663
v 0.1578 0.8891 -0.0714
v 0.1627 0.8918 -0.0732
v 0.1627 0.9047 -0.0767
v 0.1618 0.8979 -0.0801
v 0.1614 0.9117 -0.0801
v 0.1630 0.9200 -0.0905
v 0.1642 0.9177 -0.0996
v 0.1666 0.9215 -0.0999
v 0.1776 0.9240 -0.1072
v 0.1846 0.9232 -0.1135
v 0.2055 0.9237 -0.1137
v 0.1952 0.9211 -0.1183
v 0.2054 0.9211 -0.1185
v 0.1986 0.9104 -0.1263
v 0.2141 0.9142 -0.1222
v 0.2052 0.9153 -0.1234
v 0.1819 0.8945 -0.1223
v 0.1858 0.8980 -0.1245
v 0.1798 0.8980 -0.1216
v 0.1669 0.9005 -0.1070
v 0.1712 0.8981 -0.1141
v 0.1686 0.9116 -0.1109
v 0.1637 0.9117 -0.1016
v 0.1631 0.9158 -0.0940
v 0.1629 0.8924 -0.1011
v 0.1627 0.8989 -0.0999
v 0.1580 0.8883 -0.0990
v 0.1485 0.8697 -0.1045
v 0.1472 0.8779 -0.1032
v 0.1421 0.8728 -0.1051
v 0.1341 0.8759 -0.1076
v 0.1310 0.8693 -0.1148
v 0.1343 0.8439 -0.1095
v 0.1245 0.8204 -0.1256
v 0.1246 0.8503 -0.1250
v 0.1170 0.7992 -0.1260
v 0.1096 0.8085 -0.1284
v 0.1104 0.7974 -0.1265
v 0.0982 0.7795 -0.1222
v 0.1063 0.7896 -0.1254
v 0.1012 0.7961 -0.1241
v 0.0989 0.7347 -0.1211
v 0.0991 0.7589 -0.1210
v 0.0965 0.7491 -0.1178
v 0.0948 0.7757 -0.1012
v 0.0928 0.7639 -0.1079
v 0.0936 0.7801 -0.1073
v 0.0967 0.7649 -0.0978
v 0.0944 0.7544 -0.1035
v 0.0929 0.7318 -0.1078
v 0.0941 0.7208 -0.1121
v 0.0938 0.7459 -0.1137
v 0.0995 0.6759 -0.1205
v 0.0992 0.6969 -0.1210
v 0.0966 0.6892 -0.1174
v 0.0946 0.6906 -0.1023
v 0.0940 0.6679 -0.1081
v 0.0930 0.6944 -0.1078
v 0.0966 0.7038 -0.0975
v 0.0940 0.6570 -0.1137
v 0.0966 0.6361 -0.1168
v 0.0967 0.6646 -0.1173
v 0.1023 0.6651 -0.1222
v 0.1070 0.6670 -0.1235
v 0.1025 0.6903 -0.1229
v 0.1028 0.7153 -0.1230
v 0.1034 0.7340 -0.1234
v 0.1174 0.7450 -0.1236
v 0.1182 0.7728 -0.1240
v 0.1123 0.7546 -0.1248
v 0.1125 0.6843 -0.1240
v 0.1128 0.7034 -0.1252
v 0.1083 0.6913 -0.1241
v 0.1030 0.6423 -0.1228
v 0.1000 0.5943 -0.1200
v 0.1034 0.6105 -0.1220
v 0.0998 0.6225 -0.1201
v 0.0943 0.6132 -0.1078
v 0.0944 0.5871 -0.1135
v 0.0942 0.6178 -0.1137
v 0.0970 0.6268 -0.0975
v 0.0954 0.6003 -0.1013
v 0.0946 0.6471 -0.1022
v 0.0934 0.5428 -0.1015
v 0.0935 0.5276 -0.1067
v 0.0940 0.5584 -0.1073
v 0.0987 0.5036 -0.1196
v 0.0998 0.5356 -0.1199
v 0.0967 0.5278 -0.1165
v 0.1070 0.5151 -0.1231
v 0.1082 0.5413 -0.1232
v 0.1030 0.5286 -0.1218
v 0.0950 0.4603 -0.1186
v 0.0983 0.4767 -0.1212
v 0.0960 0.4813 -0.1182
v 0.0886 0.4448 -0.1055
v 0.0915 0.4509 -0.1120
v 0.0901 0.4555 -0.1065
v 0.0922 0.4778 -0.0980
v 0.0923 0.4973 -0.1026
v 0.0924 0.5001 -0.0989
v 0.0940 0.5120 -0.0990
v 0.0924 0.5024 -0.1089
v 0.0947 0.4959 -0.1149
v 0.0945 0.5211 -0.1122
v 0.0823 0.4294 -0.1003
v 0.0845 0.4391 -0.0995
v 0.0773 0.4327 -0.0991
v 0.0761 0.4058 -0.1036
v 0.0842 0.4161 -0.1061
v 0.0775 0.4245 -0.1014
v 0.0621 0.3795 -0.1042
v 0.0616 0.4001 -0.1041
v 0.0497 0.3848 -0.1074
v 0.0451 0.3143 -0.1089
v 0.0458 0.3513 -0.1091
v 0.0346 0.3443 -0.1124
v 0.0530 0.2746 -0.0984
v 0.0511 0.2989 -0.1033
v 0.0500 0.2566 -0.1016
v 0.0547 0.2280 -0.0876
v 0.0500 0.2339 -0.0951
v 0.0547 0.2072 -0.0773
v 0.0547 0.2296 -0.0836
v 0.0542 0.2136 -0.0836
v 0.0531 0.2949 -0.0979
v 0.0368 0.1971 -0.0899
v 0.0411 0.2067 -0.0935
v 0.0359 0.2078 -0.0938
v 0.0269 0.2093 -0.0878
v 0.0302 0.2210 -0.0940
v 0.0250 0.2249 -0.0901
v 0.0210 0.2356 -0.0862
v 0.0201 0.2703 -0.0879
v 0.0185 0.2812 -0.0934
v 0.0183 0.3025 -0.0937
v 0.0196 0.3107 -0.0979
v 0.0156 0.3418 -0.0982
v 0.0179 0.3413 -0.1026
v 0.0136 0.3501 -0.0993
v 0.0127 0.3547 -0.1009
v 0.0124 0.3582 -0.1028
v 0.0061 0.3553 -0.1004
v -0.0071 0.3485 -0.1001
v -0.0051 0.3518 -0.1025
v -0.0083 0.3494 -0.1063
v -0.0108 0.3404 -0.1114
v -0.0125 0.3456 -0.1172
v -0.0112 0.3187 -0.1143
v -0.0150 0.2664 -0.1068
v -0.0161 0.2876 -0.1024
v -0.0118 0.2848 -0.1089
v -0.0237 0.2676 -0.1007
v -0.0203 0.2731 -0.1007
v -0.0189 0.2573 -0.1068
v -0.0348 0.2559 -0.1044
v -0.0298 0.2620 -0.1021
v -0.0296 0.2466 -0.1050
v -0.0444 0.2599 -0.1072
v -0.0465 0.2762 -0.1097
v -0.0440 0.2770 -0.1054
v -0.0456 0.2940 -0.1046
v -0.0474 0.2943 -0.1095
v -0.0460 0.3130 -0.1042
v -0.0482 0.3129 -0.1127
v -0.0475 0.3058 -0.1185
v -0.0487 0.3289 -0.1117
v -0.0508 0.3460 -0.1095
v -0.0480 0.3339 -0.1167
v -0.0499 0.3484 -0.1132
v -0.0611 0.3535 -0.1077
v -0.0568 0.3565 -0.1097
v -0.0722 0.3565 -0.1064
v -0.1062 0.3603 -0.1066
v -0.0754 0.3606 -0.1069
v -0.0616 0.3954 -0.1071
v -0.1435 0.3512 -0.1061
v -0.1439 0.3560 -0.1073
v -0.1571 0.3189 -0.1096
v -0.1566 0.3245 -0.1138
v -0.1570 0.3080 -0.1134
v -0.1606 0.2688 -0.1068
v -0.1578 0.2780 -0.1107
v -0.1567 0.2582 -0.1164
v -0.1577 0.2759 -0.1217
v -0.1562 0.2526 -0.1219
v -0.1583 0.2311 -0.1198
v -0.1587 0.2265 -0.1214
v -0.1614 0.2257 -0.1189
v -0.1720 0.2184 -0.1149
v -0.1680 0.2148 -0.1175
v -0.1727 0.2106 -0.1173
v -0.1776 0.2211 -0.1140
v -0.1850 0.2288 -0.1134
v -0.1812 0.2342 -0.1083
v -0.1882 0.2477 -0.1070
v -0.1923 0.2529 -0.1110
v -0.1891 0.2672 -0.1045
v -0.1939 0.2629 -0.1109
v -0.1915 0.2837 -0.1040
v -0.1942 0.2626 -0.1232
v -0.1927 0.2604 -0.1295
v -0.1929 0.2819 -0.1235
v -0.1921 0.3191 -0.1212
v -0.1881 0.3228 -0.1270
v -0.1913 0.3356 -0.1225
v -0.2024 0.3551 -0.1074
v -0.1993 0.3566 -0.1113
v -0.2082 0.3570 -0.1070
v -0.1991 0.3439 -0.1063
v -0.2013 0.3503 -0.1068
v -0.2052 0.3486 -0.1039
v -0.2202 0.3526 -0.1065
v -0.2240 0.3571 -0.1083
v -0.2275 0.3467 -0.1084
v -0.2323 0.2997 -0.1058
v -0.2297 0.3109 -0.1026
v -0.2303 0.3248 -0.1067
v -0.2313 0.2785 -0.1009
v -0.2360 0.2709 -0.1073
v -0.2352 0.2559 -0.1023
v -0.2313 0.2317 -0.0857
v -0.2367 0.2422 -0.1002
v -0.2345 0.2282 -0.0905
v -0.2358 0.2120 -0.0639
v -0.2337 0.2285 -0.0736
v -0.2333 0.2079 -0.0690
v -0.2378 0.1814 -0.0498
v -0.2402 0.1969 -0.0537
v -0.2363 0.1934 -0.0579
v -0.2323 0.1599 -0.0386
v -0.2362 0.1642 -0.0391
v -0.2306 0.1627 -0.0453
v -0.2319 0.1521 -0.0225
v -0.2303 0.1550 -0.0308
v -0.2151 0.1500 -0.0186
v -0.1800 0.1426 0.0126
v -0.2008 0.1449 -0.0084
v -0.1909 0.1444 -0.0057
v -0.1654 0.1380 0.0190
v -0.1703 0.1414 0.0150
v -0.1632 0.1395 0.0136
v -0.1703 0.1266 0.0293
v -0.1665 0.1330 0.0244
v -0.1658 0.1263 0.0264
v -0.1663 0.1184 0.0330
v -0.1640 0.1217 0.0276
v -0.1586 0.1205 0.0267
v -0.1512 0.1053 0.0457
v -0.1375 0.1059 0.0429
v -0.1381 0.1024 0.0518
v -0.1297 0.1000 0.0595
v -0.1266 0.1006 0.0554
v -0.1264 0.0985 0.0602
v -0.1273 0.1020 0.0443
v -0.1266 0.1011 0.0342
v -0.1296 0.0977 0.0434
v -0.1255 0.1052 0.0321
v -0.1219 0.1129 0.0264
v -0.1211 0.1067 0.0268
v -0.1334 0.1094 0.0329
v -0.1408 0.1148 0.0279
v -0.1305 0.1135 0.0272
v -0.1570 0.1375 0.0166
v -0.1593 0.1039 0.0534
v -0.1644 0.1097 0.0484
v -0.1580 0.1063 0.0482
v -0.1736 0.1192 0.0408
v -0.1733 0.1249 0.0343
v -0.1723 0.1208 0.0353
v -0.1814 0.1189 0.0491
v -0.1819 0.1239 0.0413
v -0.1762 0.1186 0.0469
v -0.1705 0.1076 0.0715
v -0.1697 0.1104 0.0562
v -0.1689 0.1046 0.0693
v -0.1698 0.1056 0.0867
v -0.1732 0.1063 0.0788
v -0.1504 0.0978 0.0969
v -0.1514 0.1032 0.0952
v -0.1585 0.1009 0.0939
v -0.1396 0.1010 0.1092
v -0.1374 0.1014 0.1056
v -0.1333 0.0987 0.1056
v -0.1256 0.0775 0.1132
v -0.1276 0.0824 0.1095
v -0.1183 0.0758 0.1113
v -0.1199 0.0626 0.1237
v -0.1156 0.0693 0.1104
v -0.1214 0.0587 0.1276
v -0.1251 0.0482 0.1321
v -0.1222 0.0433 0.1269
v -0.1248 0.0415 0.1312
v -0.1304 0.0456 0.1354
v -0.1347 0.0566 0.1282
v -0.1290 0.0546 0.1302
v -0.1293 0.0696 0.1224
v -0.1233 0.0722 0.1185
v -0.1233 0.0623 0.1264
v -0.1361 0.0849 0.1093
v -0.1383 0.0663 0.1220
v -0.1386 0.0715 0.1167
v -0.1359 0.0774 0.1128
v -0.1449 0.0496 0.1134
v -0.1442 0.0581 0.1080
v -0.1440 0.0606 0.1129
v -0.1444 0.0757 0.1063
v -0.1411 0.0773 0.0997
v -0.1448 0.0849 0.1053
v -0.1454 0.0905 0.1043
v -0.1410 0.0927 0.0968
v -0.1347 0.0923 0.0930
v -0.1365 0.0773 0.0921
v -0.1316 0.0942 0.0918
v -0.1356 0.0577 0.0982
v -0.1291 0.0640 0.0954
v -0.1328 0.0683 0.0921
v -0.1420 0.0425 0.1169
v -0.1406 0.0449 0.1102
v -0.1443 0.0457 0.1139
v -0.1448 0.0387 0.1315
v -0.1405 0.0390 0.1199
v -0.1449 0.0440 0.1265
v -0.1374 0.0404 0.1398
v -0.1477 0.0435 0.1390
v -0.1421 0.0435 0.1370
v -0.1328 0.0324 0.1372
v -0.1309 0.0319 0.1335
v -0.1365 0.0322 0.1386
v -0.1420 0.0336 0.1388
v -0.1376 0.0348 0.1187
v -0.1550 0.0448 0.1508
v -0.1535 0.0406 0.1459
v -0.1604 0.0469 0.1511
v -0.1277 0.0345 0.1182
v -0.1304 0.0431 0.1072
v -0.1257 0.0633 0.0971
v -0.1303 0.0520 0.1005
v -0.1238 0.0715 0.0927
v -0.1213 0.0786 0.0925
v -0.1291 0.0780 0.0894
v -0.1293 0.0914 0.0910
v -0.1299 0.0967 0.0940
v -0.1218 0.0939 0.0959
v -0.1222 0.0897 0.0940
v -0.1190 0.0842 0.0991
v -0.1182 0.0778 0.0998
v -0.1209 0.0719 0.0955
v -0.1220 0.0548 0.1045
v -0.1250 0.0565 0.1016
v -0.1243 0.0490 0.1079
v -0.1278 0.0365 0.1328
v -0.1271 0.0334 0.1276
v -0.1365 0.0442 0.1359
v -0.1419 0.0457 0.1331
v -0.1365 0.0486 0.1325
v -0.1447 0.0436 0.1306
v -0.1441 0.0514 0.1224
v -0.1422 0.0494 0.1270
v -0.1854 0.1131 0.0612
v -0.1798 0.1093 0.0699
v -0.1971 0.1210 0.0429
v -0.1877 0.1219 0.0441
v -0.1876 0.1177 0.0514
v -0.1875 0.1363 0.0286
v -0.1953 0.1370 0.0253
v -0.1792 0.1414 0.0221
v -0.1726 0.1411 0.0199
v -0.1735 0.1385 0.0255
v -0.2175 0.1426 0.0040
v -0.2290 0.1438 -0.0087
v -0.2116 0.1447 -0.0046
v -0.2230 0.1476 -0.0141
v -0.2384 0.1603 -0.0333
v -0.2399 0.1750 -0.0430
v -0.2447 0.2108 -0.0564
v -0.2410 0.2270 -0.0646
v -0.2397 0.2546 -0.0737
v -0.2408 0.2812 -0.0780
v -0.2362 0.2735 -0.0797
v -0.2300 0.2437 -0.0877
v -0.2308 0.2630 -0.0865
v -0.2300 0.2757 -0.0917
v -0.2301 0.3115 -0.0905
v -0.2280 0.3246 -0.0953
v -0.2293 0.3039 -0.0942
v -0.2333 0.2949 -0.0851
v -0.2374 0.2966 -0.0816
v -0.2349 0.3101 -0.0844
v -0.2423 0.3057 -0.0802
v -0.2445 0.3338 -0.0808
v -0.2385 0.3177 -0.0824
v -0.2518 0.2346 -0.0649
v -0.2506 0.2481 -0.0696
v -0.2469 0.2309 -0.0636
v -0.2610 0.2289 -0.0672
v -0.2595 0.2459 -0.0715
v -0.2561 0.2315 -0.0648
v -0.2551 0.2619 -0.0745
v -0.2592 0.2749 -0.0790
v -0.2555 0.2772 -0.0780
v -0.2508 0.2940 -0.0785
v -0.2589 0.2897 -0.0816
v -0.2567 0.3082 -0.0816
v -0.2573 0.3350 -0.0812
v -0.2638 0.3419 -0.0799
v -0.2536 0.3399 -0.0797
v -0.2644 0.2810 -0.0852
v -0.2625 0.3000 -0.0851
v -0.2651 0.2455 -0.0805
v -0.2647 0.2598 -0.0834
v -0.2625 0.2580 -0.0794
v -0.2674 0.2382 -0.0859
v -0.2672 0.2488 -0.0865
v -0.2664 0.2591 -0.0880
v -0.2686 0.2635 -0.0938
v -0.2647 0.2715 -0.0843
v -0.2710 0.2777 -0.0949
v -0.2717 0.2778 -0.1009
v -0.2751 0.2869 -0.0964
v -0.2617 0.3179 -0.0846
v -0.2673 0.3098 -0.0893
v -0.2664 0.3266 -0.0877
v -0.2788 0.3459 -0.0795
v -0.2718 0.3415 -0.0881
v -0.2796 0.3418 -0.0890
v -0.3015 0.3456 -0.0796
v -0.2933 0.3423 -0.0869
v -0.3145 0.3446 -0.0867
v -0.3222 0.3453 -0.0862
v -0.3965 0.3446 -0.0739
v -0.3498 0.3451 -0.0802
v -0.3680 0.3450 -0.0892
v -0.3544 0.3455 -0.0598
v -0.4002 0.3455 -0.0545
v -0.4496 0.3355 -0.0613
v -0.4502 0.3352 -0.0890
v -0.4503 0.3264 -0.0656
v -0.4502 0.2919 -0.0148
v -0.4503 0.2775 -0.0260
v -0.4497 0.2816 -0.0145
v -0.4478 0.2384 0.0006
v -0.4504 0.2490 -0.0078
v -0.4495 0.2318 -0.0063
v -0.4351 0.2261 0.0157
v -0.4378 0.2113 0.0128
v -0.4343 0.1973 0.0161
v -0.4328 0.1886 0.0267
v -0.4306 0.1651 0.0365
v -0.4232 0.1470 0.0592
v -0.4290 0.1541 0.0475
v -0.4240 0.1473 0.0425
v -0.4191 0.1402 0.0754
v -0.4146 0.1373 0.0430
v -0.4154 0.1330 0.0703
v -0.4149 0.1294 0.0889
v -0.4141 0.1233 0.0778
v -0.4142 0.1213 0.1030
v -0.4134 0.1180 0.0620
v -0.4134 0.1337 0.0420
v -0.4131 0.1117 0.0420
v -0.4134 0.1408 0.0232
v -0.4033 0.1400 0.0211
v -0.3824 0.1387 0.0223
v -0.3894 0.1399 0.0200
v -0.3733 0.1399 0.0196
v -0.3525 0.1371 0.0219
v -0.3396 0.1382 0.0222
v -0.3164 0.1414 0.0163
v -0.2565 0.1427 -0.0008
v -0.2475 0.1449 -0.0099
v -0.2643 0.1451 -0.0164
v -0.2609 0.1504 -0.0208
v -0.2547 0.1464 -0.0145
v -0.2651 0.1538 -0.0326
v -0.2621 0.1622 -0.0346
v -0.2614 0.1542 -0.0277
v -0.2518 0.1753 -0.0390
v -0.2578 0.1847 -0.0434
v -0.2531 0.1934 -0.0474
v -0.2590 0.2010 -0.0515
v -0.2619 0.2069 -0.0573
v -0.2565 0.2045 -0.0531
v -0.2655 0.1882 -0.0495
v -0.2667 0.1907 -0.0527
v -0.2621 0.1905 -0.0490
v -0.2657 0.1999 -0.0559
v -0.2666 0.2038 -0.0614
v -0.2625 0.2207 -0.0646
v -0.2656 0.2211 -0.0695
v -0.2681 0.2199 -0.0729
v -0.2683 0.2204 -0.0790
v -0.2668 0.2255 -0.0749
v -0.2622 0.2116 -0.0875
v -0.2607 0.2357 -0.0973
v -0.2655 0.2158 -0.0861
v -0.2606 0.2633 -0.1051
v -0.2601 0.2707 -0.1084
v -0.2643 0.2706 -0.1014
v -0.2718 0.2706 -0.1074
v -0.2742 0.2708 -0.1037
v -0.2687 0.2783 -0.1059
v -0.2933 0.2801 -0.0940
v -0.2807 0.2988 -0.0958
v -0.2877 0.2771 -0.0962
v -0.2932 0.3026 -0.0920
v -0.2998 0.3172 -0.0932
v -0.2947 0.3224 -0.0919
v -0.2789 0.3347 -0.0945
v -0.2769 0.3397 -0.0932
v -0.2730 0.3349 -0.0939
v -0.3064 0.3351 -0.0944
v -0.3103 0.3307 -0.0981
v -0.3130 0.3419 -0.0946
v -0.3215 0.3448 -0.0936
v -0.3438 0.3464 -0.1005
v -0.3313 0.3468 -0.1044
v -0.3409 0.3478 -0.1045
v -0.3716 0.3467 -0.1059
v -0.3779 0.3561 -0.1087
v -0.3966 0.3468 -0.1087
v -0.4352 0.3452 -0.1003
v -0.4364 0.3457 -0.1055
v -0.4439 0.3424 -0.1004
v -0.4510 0.3347 -0.0954
v -0.4455 0.3416 -0.0935
v -0.4508 0.3385 -0.0960
v -0.4504 0.3085 -0.0490
v -0.4508 0.3275 -0.1031
v -0.4508 0.3058 -0.1240
v -0.4496 0.1937 -0.0004
v -0.4502 0.2136 -0.0365
v -0.4495 0.1762 -0.0276
v -0.4399 0.1905 0.0118
v -0.4448 0.1815 0.0066
v -0.4415 0.1762 0.0113
v -0.4410 0.1661 0.0143
v -0.4443 0.1714 0.0082
v -0.4456 0.1634 0.0084
v -0.4315 0.1581 0.0224
v -0.4343 0.1550 0.0171
v -0.4291 0.1491 0.0213
v -0.4192 0.1426 0.0425
v -0.4190 0.1419 0.0327
v -0.4153 0.1399 0.0320
v -0.4217 0.1417 0.0135
v -0.4307 0.1425 -0.0010
v -0.4233 0.1416 -0.0015
v -0.3644 0.1412 0.0163
v -0.3665 0.1413 0.0035
v -0.3485 0.1416 0.0105
v -0.2991 0.1416 -0.0014
v -0.3009 0.1411 -0.0102
v -0.2800 0.1418 -0.0095
v -0.2734 0.1418 -0.0154
v -0.2793 0.1380 -0.0205
v -0.2713 0.1417 -0.0206
v -0.2671 0.1465 -0.0327
v -0.2649 0.1478 -0.0237
v -0.2662 0.1619 -0.0385
v -0.2662 0.1743 -0.0454
v -0.2626 0.1758 -0.0423
v -0.2682 0.1840 -0.0523
v -0.2691 0.1783 -0.0580
v -0.2696 0.1846 -0.0582
v -0.2676 0.1847 -0.0700
v -0.2660 0.1914 -0.0761
v -0.2691 0.1957 -0.0714
v -0.2676 0.2119 -0.0685
v -0.2693 0.2060 -0.0719
v -0.2688 0.2129 -0.0724
v -0.2622 0.1936 -0.0814
v -0.2651 0.1753 -0.0729
v -0.2557 0.1642 -0.0769
v -0.2568 0.1723 -0.0771
v -0.2606 0.1671 -0.0738
v -0.2505 0.1946 -0.0847
v -0.2507 0.2091 -0.0903
v -0.2552 0.1987 -0.0857
v -0.2549 0.2303 -0.0998
v -0.2550 0.2380 -0.1020
v -0.2551 0.2437 -0.1048
v -0.2527 0.2465 -0.1073
v -0.2582 0.2616 -0.1074
v -0.2501 0.2743 -0.1119
v -0.2501 0.2955 -0.1130
v -0.2615 0.2778 -0.1091
v -0.2679 0.2914 -0.1085
v -0.2696 0.3025 -0.1091
v -0.2701 0.2960 -0.1095
v -0.2744 0.2706 -0.1128
v -0.2761 0.2634 -0.1084
v -0.2846 0.2623 -0.1004
v -0.2790 0.2636 -0.1053
v -0.2777 0.2568 -0.1103
v -0.2935 0.2455 -0.1024
v -0.2882 0.2398 -0.1070
v -0.2938 0.2312 -0.1076
v -0.3024 0.2677 -0.0995
v -0.3032 0.2550 -0.1021
v -0.3082 0.2840 -0.0999
v -0.3002 0.2877 -0.0955
v -0.3024 0.3069 -0.0942
v -0.2972 0.2954 -0.0938
v -0.3131 0.2975 -0.1140
v -0.3133 0.3205 -0.1078
v -0.3126 0.2920 -0.1078
v -0.3152 0.3358 -0.1105
v -0.3138 0.3333 -0.1157
v -0.3184 0.3434 -0.1112
v -0.3326 0.3499 -0.1074
v -0.3386 0.3539 -0.1081
v -0.3459 0.3499 -0.1065
v -0.3548 0.3533 -0.1078
v -0.3461 0.3630 -0.1086
v -0.4312 0.3512 -0.1105
v -0.4090 0.3670 -0.1101
v -0.4367 0.3560 -0.1117
v -0.4509 0.3387 -0.1004
v -0.4445 0.3447 -0.1066
v -0.4507 0.3403 -0.1073
v -0.4506 0.3483 -0.1217
v -0.4503 0.3457 -0.1263
v -0.4508 0.3363 -0.1150
v -0.4470 0.3241 -0.1310
v -0.4402 0.3247 -0.1369
v -0.4488 0.3146 -0.1327
v -0.4505 0.3125 -0.1295
v -0.4502 0.3060 -0.1329
v -0.4447 0.2491 -0.1395
v -0.4446 0.2708 -0.1375
v -0.4381 0.2466 -0.1442
v -0.4502 0.2224 -0.1314
v -0.4492 0.2349 -0.1372
v -0.4501 0.2117 -0.1364
v -0.4493 0.1762 -0.0818
v -0.4492 0.1632 -0.0561
v -0.4489 0.1631 -0.0007
v -0.4482 0.1614 -0.0262
v -0.4476 0.1552 -0.0116
v -0.4368 0.1455 0.0073
v -0.4440 0.1481 -0.0010
v -0.4372 0.1439 -0.0008
v -0.4381 0.1444 -0.0080
v -0.4346 0.1412 -0.0151
v -0.4029 0.1410 -0.0015
v -0.3965 0.1401 -0.0147
v -0.3729 0.1409 -0.0087
v -0.3209 0.1399 -0.0147
v -0.3372 0.1379 -0.0190
v -0.3095 0.1366 -0.0202
v -0.3145 0.1311 -0.0259
v -0.3173 0.1258 -0.0291
v -0.3075 0.1276 -0.0293
v -0.3071 0.1215 -0.0303
v -0.3278 0.1203 -0.0304
v -0.3616 0.1108 -0.0313
v -0.4076 0.0778 -0.0280
v -0.4076 0.0851 -0.0282
v -0.4129 0.0778 -0.0319
v -0.4132 0.0658 -0.0319
v -0.4049 0.1195 -0.0323
v -0.4002 0.1279 -0.0321
v -0.4052 0.1289 -0.0322
v -0.4154 0.1379 -0.0291
v -0.4153 0.1389 -0.0374
v -0.4129 0.1350 -0.0337
v -0.3279 0.1185 -0.0389
v -0.3898 0.1342 -0.0389
v -0.3384 0.1310 -0.0393
v -0.2968 0.1405 -0.0448
v -0.2873 0.1399 -0.0462
v -0.2712 0.1410 -0.0389
v -0.2806 0.1406 -0.0479
v -0.2735 0.1416 -0.0442
v -0.2693 0.1555 -0.0479
v -0.2684 0.1632 -0.0445
v -0.2682 0.1566 -0.0573
v -0.2710 0.1467 -0.0646
v -0.2667 0.1565 -0.0638
v -0.2625 0.1559 -0.0707
v -0.2642 0.1631 -0.0692
v -0.2650 0.1563 -0.0675
v -0.2789 0.1412 -0.0613
v -0.2720 0.1458 -0.0585
v -0.2625 0.1473 -0.0777
v -0.2597 0.1556 -0.0742
v -0.2503 0.1633 -0.0795
v -0.2472 0.1693 -0.0795
v -0.2517 0.1729 -0.0791
v -0.2379 0.1941 -0.0774
v -0.2393 0.2044 -0.0836
v -0.2424 0.1859 -0.0795
v -0.2466 0.2048 -0.0880
v -0.2456 0.2177 -0.0933
v -0.2502 0.2336 -0.1021
v -0.2444 0.2410 -0.1031
v -0.2473 0.2464 -0.1073
v -0.2442 0.2743 -0.1115
v -0.2442 0.2957 -0.1119
v -0.2615 0.3192 -0.1109
v -0.2707 0.3060 -0.1093
v -0.2726 0.3170 -0.1143
v -0.2725 0.2969 -0.1131
v -0.2814 0.2842 -0.1293
v -0.2820 0.2639 -0.1332
v -0.2781 0.2686 -0.1268
v -0.2749 0.2635 -0.1150
v -0.2765 0.2495 -0.1159
v -0.2837 0.2457 -0.1086
v -0.2788 0.2410 -0.1166
v -0.2847 0.2243 -0.1146
v -0.2937 0.2182 -0.1137
v -0.2989 0.2251 -0.1114
v -0.3089 0.2282 -0.1164
v -0.3107 0.2461 -0.1141
v -0.3070 0.2448 -0.1094
v -0.3123 0.2692 -0.1091
v -0.3128 0.2572 -0.1166
v -0.3126 0.3139 -0.1170
v -0.3137 0.3210 -0.1130
v -0.3113 0.3427 -0.1205
v -0.3068 0.3470 -0.1266
v -0.3065 0.3799 -0.1273
v -0.3287 0.3562 -0.1089
v -0.3288 0.3737 -0.1085
v -0.3886 0.3954 -0.1095
v -0.4223 0.4164 -0.1108
v -0.4217 0.4007 -0.1109
v -0.4431 0.3845 -0.1135
v -0.4437 0.3845 -0.1214
v -0.4449 0.3770 -0.1142
v -0.4496 0.3746 -0.1167
v -0.4473 0.3631 -0.1253
v -0.4502 0.3557 -0.1163
v -0.4355 0.3444 -0.1359
v -0.4431 0.3597 -0.1303
v -0.4411 0.3724 -0.1301
v -0.4421 0.3036 -0.1371
v -0.4449 0.3127 -0.1360
v -0.4386 0.3146 -0.1381
v -0.4328 0.2458 -0.1468
v -0.4350 0.2684 -0.1441
v -0.4327 0.2801 -0.1470
v -0.4450 0.2066 -0.1448
v -0.4445 0.2244 -0.1440
v -0.4361 0.2060 -0.1502
v -0.4504 0.1917 -0.1363
v -0.4442 0.1989 -0.1464
v -0.4504 0.2080 -0.1230
v -0.4482 0.1647 -0.0963
v -0.4502 0.1845 -0.1362
v -0.4476 0.1557 -0.1132
v -0.4432 0.1478 -0.0685
v -0.4432 0.1473 -0.0917
v -0.4368 0.1424 -0.0877
v -0.4432 0.1477 -0.0293
v -0.4432 0.1481 -0.0455
v -0.4339 0.1413 -0.0283
v -0.3938 0.1389 -0.0208
v -0.3870 0.1366 -0.0254
v -0.3608 0.1366 -0.0221
v -0.3717 0.1342 -0.0270
v -0.3552 0.1323 -0.0266
v -0.3896 0.1204 -0.0318
v -0.3717 0.1279 -0.0316
v -0.3823 0.1278 -0.0317
v -0.4003 0.1347 -0.0310
v -0.4181 0.1404 -0.0467
v -0.3991 0.1409 -0.0674
v -0.3949 0.1406 -0.0518
v -0.3610 0.1407 -0.0443
v -0.3351 0.1408 -0.0597
v -0.3444 0.1405 -0.0444
v -0.2955 0.1408 -0.0576
v -0.3071 0.1409 -0.0801
v -0.2773 0.1412 -0.0722
v -0.2861 0.1413 -0.0918
v -0.2798 0.1413 -0.1007
v -0.2733 0.1423 -0.0924
v -0.2472 0.1501 -0.0868
v -0.2491 0.1557 -0.0826
v -0.2560 0.1476 -0.0846
v -0.2428 0.1549 -0.0858
v -0.2424 0.1490 -0.0913
v -0.2399 0.1520 -0.0885
v -0.2346 0.1633 -0.0801
v -0.2371 0.1685 -0.0763
v -0.2427 0.1631 -0.0808
v -0.2310 0.1699 -0.0648
v -0.2311 0.1688 -0.0706
v -0.2242 0.1657 -0.0657
v -0.2056 0.1563 -0.0487
v -0.2124 0.1626 -0.0691
v -0.2038 0.1576 -0.0585
v -0.1999 0.1514 -0.0472
v -0.1988 0.1479 -0.0462
v -0.1944 0.1458 -0.0590
v -0.1940 0.1479 -0.0670
v -0.1904 0.1417 -0.0618
v -0.1935 0.1489 -0.0770
v -0.1874 0.1450 -0.0812
v -0.1866 0.1439 -0.0728
v -0.1657 0.1415 -0.0871
v -0.1758 0.1419 -0.1019
v -0.1529 0.1412 -0.1021
v -0.1214 0.1400 -0.1135
v -0.1132 0.1392 -0.1172
v -0.0899 0.1414 -0.1115
v -0.1466 0.1397 -0.1125
v -0.1719 0.1405 -0.1108
v -0.1723 0.1387 -0.1188
v -0.1931 0.1420 -0.1093
v -0.2390 0.1025 -0.1184
v -0.2621 0.1152 -0.1179
v -0.3767 0.0782 -0.1172
v -0.3925 0.0657 -0.1166
v -0.4133 0.0600 -0.1118
v -0.4053 0.0627 -0.1152
v -0.4159 0.0620 -0.1185
v -0.4202 0.0584 -0.1142
v -0.4218 0.0586 -0.1203
v -0.4256 0.0556 -0.1159
v -0.4329 0.0525 -0.1088
v -0.4420 0.0499 -0.0989
v -0.4624 0.0471 -0.0927
v -0.4719 0.0448 -0.1316
v -0.4831 0.0474 -0.0615
v -0.5069 0.0463 -0.0859
v -0.5199 0.0474 -0.0633
v -0.5285 0.0509 -0.0119
v -0.5249 0.0494 -0.0237
v -0.5284 0.0509 -0.0265
v -0.5324 0.0580 -0.0062
v -0.5332 0.0682 -0.0025
v -0.5335 0.0582 0.0162
v -0.5346 0.0536 0.0273
v -0.5346 0.0569 0.0238
v -0.5377 0.0583 0.0299
v -0.5461 0.0532 0.0432
v -0.5450 0.0539 0.0392
v -0.5500 0.0641 0.0426
v -0.5519 0.0654 0.0696
v -0.5530 0.0717 0.0828
v -0.5535 0.0567 0.1342
v -0.5530 0.0761 0.1026
v -0.5511 0.0887 0.1284
v -0.5472 0.0885 0.1397
v -0.5496 0.1034 0.1364
v -0.5414 0.0937 0.1397
v -0.5252 0.0924 0.1396
v -0.5003 0.1078 0.1366
v -0.5201 0.1191 0.1346
v -0.4960 0.1229 0.1338
v -0.5390 0.1336 0.1264
v -0.5352 0.1372 0.1244
v -0.5353 0.1348 0.1272
v -0.5262 0.1414 0.1147
v -0.5266 0.1576 0.1058
v -0.5210 0.1668 0.1038
v -0.5165 0.1557 0.1070
v -0.5183 0.1814 0.1010
v -0.5239 0.1958 0.0988
v -0.4926 0.1843 0.1001
v -0.4461 0.2335 0.0898
v -0.4391 0.2326 0.0882
v -0.4396 0.2247 0.0914
v -0.4511 0.2650 0.0839
v -0.4510 0.2921 0.0779
v -0.4444 0.2685 0.0826
v -0.4392 0.2957 0.0745
v -0.4430 0.3334 0.0690
v -0.4399 0.3459 0.0649
v -0.4399 0.3718 0.0593
v -0.4393 0.3837 0.0579
v -0.4375 0.3752 0.0565
v -0.4386 0.4172 0.0473
v -0.4373 0.4337 0.0404
v -0.4372 0.4097 0.0434
v -0.4375 0.4235 -0.0074
v -0.4376 0.4094 -0.0072
v -0.4410 0.4195 -0.0138
v -0.4430 0.4028 -0.0145
v -0.4364 0.4154 -0.0316
v -0.4432 0.4271 -0.0278
v -0.4375 0.4277 -0.0319
v -0.4126 0.4367 -0.0370
v -0.4360 0.4425 -0.0403
v -0.4171 0.4416 -0.0416
v -0.3867 0.4299 -0.0367
v -0.3954 0.4362 -0.0379
v -0.3790 0.4358 -0.0378
v -0.3433 0.4418 -0.0417
v -0.3605 0.4425 -0.0458
v -0.3385 0.4425 -0.0467
v -0.3166 0.4415 -0.0422
v -0.3017 0.4420 -0.0468
v -0.2732 0.4407 -0.0442
v -0.2843 0.4421 -0.0470
v -0.2680 0.4425 -0.0474
v -0.2527 0.4438 -0.0529
v -0.2195 0.4436 -0.0542
v -0.1850 0.4418 -0.0471
v -0.1892 0.4433 -0.0525
v -0.1579 0.4443 -0.0792
v -0.1585 0.4454 -0.0870
v -0.1479 0.4442 -0.0802
v -0.0818 0.4423 -0.0863
v -0.0774 0.4414 -0.0986
v -0.0576 0.4420 -0.0934
v -0.0313 0.4421 -0.0797
v -0.0419 0.4463 -0.0879
v -0.0361 0.4465 -0.0878
v -0.0237 0.4554 -0.0923
v -0.0179 0.4556 -0.0963
v -0.0170 0.4461 -0.0883
v -0.0006 0.4410 -0.0864
v -0.0103 0.4451 -0.0944
v -0.0029 0.4410 -0.0903
v 0.0198 0.4559 -0.0841
v 0.0134 0.4456 -0.0862
v 0.0182 0.4558 -0.0878
v 0.0284 0.4475 -0.0733
v 0.0254 0.4554 -0.0785
v 0.0298 0.4552 -0.0761
v 0.0406 0.4553 -0.0763
v 0.0397 0.4859 -0.0773
v 0.0440 0.4713 -0.0787
v 0.0492 0.4693 -0.0834
v 0.0512 0.4725 -0.0874
v 0.0504 0.4555 -0.0831
v 0.0518 0.4870 -0.0930
v 0.0515 0.4749 -0.0971
v 0.0522 0.4693 -0.0918
v 0.0567 0.4421 -0.0931
v 0.0542 0.4473 -0.0968
v 0.0557 0.4405 -0.0990
v 0.0627 0.4184 -0.1027
v 0.0645 0.4284 -0.1007
v 0.0572 0.4309 -0.1022
v 0.0772 0.4391 -0.0915
v 0.0774 0.4368 -0.0962
v 0.0343 0.4270 -0.1118
v 0.0436 0.4464 -0.1077
v 0.0372 0.4467 -0.1098
v 0.0403 0.3689 -0.1105
v 0.0349 0.3697 -0.1116
v 0.0258 0.2992 -0.1082
v 0.0290 0.3459 -0.1110
v 0.0243 0.3340 -0.1080
v 0.0217 0.2684 -0.1002
v 0.0243 0.2870 -0.1040
v 0.0209 0.2882 -0.1013
v 0.0324 0.2318 -0.1004
v 0.0273 0.2412 -0.1002
v 0.0263 0.2348 -0.0955
v 0.0324 0.2602 -0.1072
v 0.0353 0.2698 -0.1080
v 0.0312 0.2741 -0.1073
v 0.0444 0.2874 -0.1079
v 0.0348 0.3045 -0.1114
v 0.0399 0.2526 -0.1050
v 0.0385 0.2589 -0.1072
v 0.0354 0.2544 -0.1058
v 0.0407 0.2353 -0.1013
v 0.0454 0.2416 -0.1015
v 0.0409 0.2428 -0.1036
v 0.0182 0.3602 -0.1058
v 0.0239 0.3561 -0.1086
v 0.0223 0.3798 -0.1086
v -0.0030 0.3635 -0.1055
v 0.0066 0.3704 -0.1033
v -0.0013 0.3787 -0.1060
v -0.0104 0.3541 -0.1126
v -0.0114 0.3712 -0.1154
v -0.0135 0.2991 -0.1209
v -0.0112 0.2810 -0.1149
v -0.0145 0.2589 -0.1113
v -0.0116 0.2670 -0.1154
v -0.0141 0.2421 -0.1162
v -0.0232 0.2440 -0.1075
v -0.0241 0.2221 -0.1142
v -0.0241 0.2005 -0.1236
v -0.0184 0.1998 -0.1274
v -0.0188 0.1862 -0.1317
v -0.0299 0.1988 -0.1230
v -0.0307 0.1868 -0.1271
v -0.0354 0.1961 -0.1244
v -0.0399 0.2229 -0.1167
v -0.0424 0.2111 -0.1228
v -0.0445 0.2322 -0.1165
v -0.0491 0.2733 -0.1157
v -0.0468 0.2631 -0.1273
v -0.0463 0.2464 -0.1345
v -0.0434 0.2687 -0.1317
v -0.0419 0.3170 -0.1270
v -0.0382 0.3233 -0.1293
v -0.0409 0.3380 -0.1270
v -0.0391 0.3806 -0.1278
v -0.0395 0.3977 -0.1272
v -0.0437 0.3964 -0.1236
v -0.0497 0.3986 -0.1132
v -0.0571 0.3909 -0.1080
v -0.0875 0.4153 -0.1064
v -0.1138 0.4016 -0.1067
v -0.0681 0.4038 -0.1067
v -0.1521 0.3665 -0.1122
v -0.1568 0.4065 -0.1187
v -0.1571 0.3649 -0.1189
v -0.1620 0.3581 -0.1258
v -0.1653 0.3531 -0.1292
v -0.1646 0.3376 -0.1279
v -0.1578 0.3070 -0.1183
v -0.1595 0.2963 -0.1234
v -0.1571 0.2431 -0.1261
v -0.1584 0.2493 -0.1299
v -0.1566 0.2313 -0.1291
v -0.1594 0.2160 -0.1258
v -0.1583 0.2159 -0.1295
v -0.1586 0.2120 -0.1282
v -0.1730 0.1995 -0.1230
v -0.1728 0.1840 -0.1290
v -0.1783 0.1934 -0.1254
v -0.1892 0.1943 -0.1292
v -0.1909 0.2084 -0.1251
v -0.1843 0.2060 -0.1217
v -0.1932 0.2297 -0.1205
v -0.1949 0.2186 -0.1292
v -0.1955 0.2395 -0.1227
v -0.1919 0.2433 -0.1369
v -0.1897 0.2636 -0.1335
v -0.1882 0.2836 -0.1307
v -0.1838 0.2950 -0.1322
v -0.1871 0.3022 -0.1293
v -0.1837 0.3412 -0.1300
v -0.1785 0.3594 -0.1327
v -0.1844 0.3709 -0.1300
v -0.1989 0.3631 -0.1123
v -0.1936 0.3657 -0.1196
v -0.1936 0.3756 -0.1191
v -0.2139 0.3642 -0.1073
v -0.2075 0.3791 -0.1075
v -0.2152 0.3858 -0.1077
v -0.2350 0.3905 -0.1136
v -0.2229 0.3920 -0.1093
v -0.2257 0.4148 -0.1103
v -0.2385 0.3160 -0.1114
v -0.2340 0.3277 -0.1101
v -0.2375 0.3430 -0.1130
v -0.2500 0.3352 -0.1135
v -0.2535 0.3719 -0.1134
v -0.2583 0.3499 -0.1123
v -0.2680 0.3384 -0.1090
v -0.2710 0.3411 -0.1124
v -0.2683 0.3310 -0.1090
v -0.2759 0.3612 -0.1187
v -0.2820 0.3943 -0.1262
v -0.2813 0.3572 -0.1252
v -0.2894 0.3105 -0.1312
v -0.2850 0.3201 -0.1291
v -0.2892 0.3340 -0.1304
v -0.2890 0.2794 -0.1344
v -0.2938 0.2664 -0.1380
v -0.2881 0.2627 -0.1375
v -0.2780 0.2422 -0.1338
v -0.2846 0.2600 -0.1367
v -0.2823 0.2407 -0.1404
v -0.2750 0.2346 -0.1292
v -0.2763 0.2341 -0.1332
v -0.2748 0.2276 -0.1296
v -0.2778 0.2169 -0.1264
v -0.2765 0.2097 -0.1313
v -0.2787 0.2020 -0.1277
v -0.2922 0.2085 -0.1167
v -0.2993 0.2081 -0.1168
v -0.3029 0.1924 -0.1257
v -0.3070 0.1818 -0.1318
v -0.3080 0.2018 -0.1259
v -0.3118 0.2274 -0.1216
v -0.3135 0.2413 -0.1247
v -0.3132 0.2407 -0.1312
v -0.3131 0.2670 -0.1206
v -0.3117 0.2898 -0.1217
v -0.3097 0.2773 -0.1281
v -0.3093 0.2962 -0.1254
v -0.3060 0.3235 -0.1271
v -0.3031 0.3138 -0.1297
v -0.3029 0.3356 -0.1292
v -0.3106 0.3962 -0.1217
v -0.3063 0.4115 -0.1276
v -0.3101 0.4267 -0.1222
v -0.3139 0.4023 -0.1164
v -0.3196 0.4093 -0.1120
v -0.3205 0.3962 -0.1122
v -0.3287 0.3904 -0.1086
v -0.3288 0.4181 -0.1081
v -0.3523 0.4060 -0.1084
v -0.3453 0.4397 -0.1052
v -0.3506 0.4420 -0.1025
v -0.3605 0.4402 -0.1049
v -0.3671 0.4288 -0.1078
v -0.3862 0.4341 -0.1078
v -0.3944 0.4234 -0.1090
v -0.4340 0.4032 -0.1121
v -0.4336 0.4190 -0.1123
v -0.4428 0.4092 -0.1187
v -0.4387 0.4164 -0.1254
v -0.4349 0.3739 -0.1342
v -0.4380 0.3840 -0.1306
v -0.4348 0.3897 -0.1333
v -0.4341 0.3623 -0.1398
v -0.4333 0.3564 -0.1455
v -0.4344 0.3411 -0.1385
v -0.4327 0.3100 -0.1467
v -0.4319 0.2947 -0.1530
v -0.4308 0.2330 -0.1520
v -0.4332 0.2174 -0.1497
v -0.4323 0.2000 -0.1534
v -0.4308 0.1821 -0.1583
v -0.4321 0.1752 -0.1560
v -0.4342 0.1517 -0.1540
v -0.4303 0.1610 -0.1586
v -0.4289 0.1486 -0.1579
v -0.4296 0.1419 -0.1514
v -0.4279 0.1439 -0.1566
v -0.4232 0.1402 -0.1509
v -0.4071 0.1323 -0.1407
v -0.4148 0.1352 -0.1414
v -0.4026 0.1350 -0.1425
v -0.4069 0.1173 -0.1383
v -0.3759 0.1279 -0.1399
v -0.3666 0.1172 -0.1388
v -0.4026 0.0774 -0.1386
v -0.3665 0.1022 -0.1385
v -0.3333 0.0859 -0.1388
v -0.3032 0.0587 -0.1414
v -0.3098 0.0650 -0.1398
v -0.2745 0.0591 -0.1411
v -0.3152 0.0546 -0.1430
v -0.3212 0.0516 -0.1461
v -0.3340 0.0543 -0.1436
v -0.3526 0.0547 -0.1430
v -0.3603 0.0520 -0.1453
v -0.3700 0.0535 -0.1420
v -0.4080 0.0547 -0.1411
v -0.3610 0.0674 -0.1398
v -0.3698 0.0579 -0.1412
v -0.4139 0.0700 -0.1373
v -0.4213 0.0815 -0.1353
v -0.4213 0.1117 -0.1346
v -0.4142 0.1018 -0.1369
v -0.4290 0.1391 -0.1293
v -0.4224 0.1353 -0.1353
v -0.4234 0.1356 -0.1277
v -0.4229 0.1401 -0.1109
v -0.4209 0.1375 -0.1209
v -0.4118 0.1390 -0.1138
v -0.4015 0.1404 -0.0998
v -0.3932 0.1398 -0.1071
v -0.3646 0.1404 -0.1056
v -0.3467 0.1397 -0.1134
v -0.3324 0.1378 -0.1168
v -0.3194 0.1392 -0.1116
v -0.2636 0.1433 -0.0924
v -0.2354 0.1472 -0.0986
v -0.2363 0.1531 -0.0907
v -0.2190 0.1620 -0.0797
v -0.2292 0.1638 -0.0768
v -0.2274 0.1613 -0.0825
v -0.2039 0.1580 -0.0728
v -0.2001 0.1564 -0.0808
v -0.1983 0.1536 -0.0722
v -0.2033 0.1557 -0.0908
v -0.1980 0.1522 -0.0859
v -0.1891 0.1452 -0.0905
v -0.1870 0.1440 -0.0951
v -0.1825 0.1431 -0.0865
v -0.2062 0.1506 -0.0975
v -0.2010 0.1452 -0.1033
v -0.1951 0.1466 -0.0971
v -0.2150 0.1580 -0.0910
v -0.2087 0.1564 -0.0918
v -0.2157 0.1501 -0.0995
v -0.2419 0.1424 -0.1073
v -0.2463 0.1369 -0.1161
v -0.2290 0.1388 -0.1167
v -0.2612 0.1378 -0.1163
v -0.2812 0.1371 -0.1158
v -0.2756 0.1297 -0.1173
v -0.3092 0.1342 -0.1185
v -0.3039 0.1376 -0.1166
v -0.3266 0.1324 -0.1176
v -0.4076 0.1048 -0.1181
v -0.3758 0.1179 -0.1182
v -0.4030 0.1197 -0.1191
v -0.4172 0.0706 -0.1208
v -0.4163 0.0779 -0.1197
v -0.4215 0.0728 -0.1231
v -0.4214 0.0640 -0.1249
v -0.4217 0.0636 -0.1340
v -0.4225 0.0600 -0.1272
v -0.4290 0.0528 -0.1240
v -0.4232 0.0530 -0.1373
v -0.4305 0.0504 -0.1318
v -0.4533 0.0449 -0.1431
v -0.4371 0.0461 -0.1480
v -0.4512 0.0428 -0.1638
v -0.4873 0.0421 -0.1603
v -0.5194 0.0427 -0.1512
v -0.4960 0.0442 -0.1316
v -0.5244 0.0427 -0.1525
v -0.5237 0.0436 -0.1470
v -0.5304 0.0548 -0.1190
v -0.5291 0.0467 -0.1435
v -0.5302 0.0521 -0.1463
v -0.5314 0.0568 -0.0499
v -0.5316 0.0585 -0.0699
v -0.5320 0.0631 -0.0495
v -0.5326 0.0571 -0.0293
v -0.5349 0.0958 0.0194
v -0.5356 0.1066 0.0204
v -0.5402 0.1000 0.0236
v -0.5437 0.0770 0.0306
v -0.5395 0.0840 0.0246
v -0.5445 0.0875 0.0280
v -0.5478 0.0746 0.0364
v -0.5497 0.0789 0.0384
v -0.5514 0.0994 0.0710
v -0.5489 0.1228 0.0326
v -0.5482 0.1284 0.0751
v -0.5415 0.1310 0.1292
v -0.5493 0.1179 0.1271
v -0.5447 0.1323 0.1253
v -0.5405 0.1383 0.1193
v -0.5390 0.1398 0.1121
v -0.5350 0.1406 0.1185
v -0.5340 0.1486 0.1042
v -0.5381 0.1439 0.0860
v -0.5361 0.1481 0.0821
v -0.5306 0.1625 0.1026
v -0.5270 0.1674 0.1029
v -0.5284 0.1802 0.0997
v -0.5280 0.1958 0.0942
v -0.5257 0.1981 0.0961
v -0.5235 0.2266 0.0897
v -0.5231 0.2339 0.0880
v -0.5226 0.2240 0.0922
v -0.5136 0.2464 0.0883
v -0.5175 0.2573 0.0853
v -0.5138 0.2675 0.0843
v -0.5046 0.3186 0.0731
v -0.4912 0.3366 0.0698
v -0.5000 0.2955 0.0780
v -0.4637 0.3512 0.0667
v -0.4526 0.3920 0.0585
v -0.4480 0.3724 0.0621
v -0.4416 0.4005 0.0555
v -0.4512 0.4168 0.0534
v -0.4441 0.4078 0.0540
v -0.4418 0.4710 0.0422
v -0.4377 0.4447 0.0409
v -0.4396 0.4375 0.0463
v -0.4491 0.4910 0.0396
v -0.4438 0.4852 0.0391
v -0.4452 0.5130 0.0339
v -0.4402 0.4993 0.0261
v -0.4420 0.4977 0.0363
v -0.4415 0.5306 0.0088
v -0.4427 0.5513 -0.0085
v -0.4385 0.4773 0.0073
v -0.4399 0.4618 -0.0136
v -0.4418 0.4783 -0.0185
v -0.4407 0.4594 -0.0191
v -0.4466 0.4574 -0.0263
v -0.4511 0.4697 -0.0321
v -0.4510 0.4517 -0.0321
v -0.4433 0.4450 -0.0370
v -0.4408 0.4459 -0.0456
v -0.4019 0.4412 -0.0422
v -0.4178 0.4430 -0.0455
v -0.3875 0.4427 -0.0467
v -0.3580 0.4435 -0.0521
v -0.3229 0.4438 -0.0534
v -0.2921 0.4450 -0.0705
v -0.2790 0.4449 -0.0792
v -0.2699 0.4448 -0.0655
v -0.2399 0.4448 -0.0652
v -0.2436 0.4476 -0.0725
v -0.2370 0.4482 -0.0744
v -0.2222 0.4450 -0.0723
v -0.2228 0.4463 -0.0802
v -0.2144 0.4450 -0.0718
v -0.2078 0.4446 -0.0934
v -0.2161 0.4466 -0.0938
v -0.2149 0.4466 -0.0993
v -0.1877 0.4466 -0.0880
v -0.1849 0.4494 -0.0936
v -0.1789 0.4480 -0.0884
v -0.1658 0.4477 -0.0884
v -0.1723 0.4555 -0.0913
v -0.1680 0.4549 -0.0927
v -0.1510 0.4443 -0.0865
v -0.1132 0.4428 -0.0933
v -0.1440 0.4438 -0.1000
v -0.1242 0.4425 -0.1001
v -0.0742 0.4401 -0.1010
v -0.0904 0.4415 -0.1026
v -0.0815 0.4374 -0.1034
v -0.0593 0.4408 -0.1007
v -0.0494 0.4465 -0.0944
v -0.0455 0.4544 -0.0974
v -0.0435 0.4712 -0.0983
v -0.0387 0.4553 -0.0933
v -0.0347 0.4556 -0.0913
v -0.0296 0.4550 -0.0913
v -0.0225 0.4892 -0.0940
v -0.0185 0.4891 -0.0968
v -0.0193 0.4689 -0.0958
v -0.0149 0.4553 -0.0993
v -0.0130 0.4660 -0.1069
v -0.0119 0.4473 -0.1016
v 0.0051 0.4397 -0.0928
v -0.0013 0.4380 -0.0977
v 0.0052 0.4381 -0.0970
v 0.0147 0.4482 -0.0930
v 0.0171 0.4591 -0.0936
v 0.0202 0.5107 -0.0857
v 0.0184 0.4989 -0.0892
v 0.0186 0.5240 -0.0892
v 0.0302 0.4792 -0.0774
v 0.0261 0.5035 -0.0792
v 0.0309 0.4985 -0.0775
v 0.0435 0.5151 -0.0797
v 0.0396 0.5332 -0.0782
v 0.0441 0.5392 -0.0800
v 0.0493 0.5121 -0.0855
v 0.0510 0.4965 -0.0888
v 0.0493 0.4875 -0.0846
v 0.0510 0.4997 -0.0980
v 0.0470 0.4888 -0.1047
v 0.0443 0.5166 -0.1071
v 0.0432 0.4821 -0.1074
v 0.0328 0.4418 -0.1106
v 0.0340 0.4581 -0.1097
v 0.0287 0.4484 -0.1096
v 0.0158 0.4151 -0.1060
v 0.0228 0.4331 -0.1081
v 0.0155 0.4297 -0.1047
v -0.0012 0.4017 -0.1054
v -0.0084 0.3790 -0.1092
v -0.0127 0.4252 -0.1151
v -0.0162 0.4468 -0.1208
v -0.0178 0.4232 -0.1245
v -0.0179 0.3500 -0.1265
v -0.0226 0.3723 -0.1291
v -0.0213 0.3318 -0.1289
v -0.0175 0.2851 -0.1292
v -0.0203 0.2933 -0.1304
v -0.0185 0.2704 -0.1325
v -0.0119 0.2596 -0.1218
v -0.0133 0.2548 -0.1276
v -0.0120 0.2491 -0.1222
v -0.0159 0.2196 -0.1216
v -0.0121 0.2241 -0.1298
v -0.0132 0.2130 -0.1311
v -0.0140 0.2004 -0.1312
v -0.0125 0.1941 -0.1379
v -0.0153 0.1910 -0.1336
v -0.0249 0.1827 -0.1293
v -0.0187 0.1718 -0.1350
v -0.0241 0.1665 -0.1329
v -0.0387 0.1884 -0.1282
v -0.0342 0.1838 -0.1281
v -0.0357 0.1735 -0.1309
v -0.0433 0.1950 -0.1295
v -0.0462 0.2110 -0.1284
v -0.0485 0.2457 -0.1231
v -0.0486 0.2306 -0.1306
v -0.0483 0.2445 -0.1289
v -0.0434 0.2304 -0.1433
v -0.0415 0.2501 -0.1386
v -0.0353 0.2718 -0.1361
v -0.0298 0.2790 -0.1352
v -0.0345 0.2902 -0.1329
v -0.0341 0.3104 -0.1312
v -0.0341 0.3340 -0.1304
v -0.0352 0.3966 -0.1297
v -0.0296 0.3940 -0.1308
v -0.0343 0.4144 -0.1297
v -0.0406 0.4146 -0.1263
v -0.0438 0.4297 -0.1232
v -0.0502 0.4479 -0.1081
v -0.0490 0.4572 -0.1119
v -0.0485 0.4660 -0.1082
v -0.0664 0.4208 -0.1067
v -0.0652 0.4334 -0.1044
v -0.0843 0.4252 -0.1058
v -0.1171 0.4316 -0.1060
v -0.1187 0.4394 -0.1049
v -0.1322 0.4340 -0.1059
v -0.1522 0.4198 -0.1120
v -0.1462 0.4248 -0.1069
v -0.1512 0.4271 -0.1109
v -0.1626 0.4332 -0.1270
v -0.1643 0.4141 -0.1288
v -0.1615 0.4063 -0.1258
v -0.1638 0.3737 -0.1299
v -0.1731 0.3245 -0.1319
v -0.1727 0.3435 -0.1329
v -0.1786 0.3323 -0.1318
v -0.1819 0.2643 -0.1388
v -0.1789 0.2862 -0.1350
v -0.1852 0.2733 -0.1350
v -0.1781 0.2564 -0.1419
v -0.1770 0.2718 -0.1380
v -0.1691 0.2404 -0.1457
v -0.1735 0.2491 -0.1440
v -0.1747 0.2328 -0.1499
v -0.1605 0.2326 -0.1399
v -0.1584 0.2216 -0.1378
v -0.1586 0.2047 -0.1376
v -0.1588 0.2055 -0.1440
v -0.1590 0.1886 -0.1491
v -0.1637 0.1807 -0.1349
v -0.1609 0.1745 -0.1405
v -0.1627 0.1674 -0.1384
v -0.1649 0.1609 -0.1359
v -0.1613 0.1578 -0.1389
v -0.1622 0.1486 -0.1348
v -0.1690 0.1650 -0.1340
v -0.1730 0.1726 -0.1321
v -0.1674 0.1733 -0.1337
v -0.1780 0.1445 -0.1309
v -0.1787 0.1548 -0.1326
v -0.1725 0.1481 -0.1319
v -0.1618 0.1421 -0.1341
v -0.1602 0.1353 -0.1382
v -0.1658 0.1353 -0.1330
v -0.1723 0.1353 -0.1295
v -0.1724 0.1419 -0.1303
v -0.1791 0.1295 -0.1329
v -0.1725 0.1266 -0.1375
v -0.1792 0.1261 -0.1374
v -0.1929 0.1353 -0.1336
v -0.1916 0.1282 -0.1366
v -0.1995 0.1344 -0.1367
v -0.1930 0.1420 -0.1311
v -0.1917 0.1521 -0.1343
v -0.1860 0.1420 -0.1302
v -0.1890 0.1602 -0.1349
v -0.1899 0.1685 -0.1355
v -0.1845 0.1623 -0.1338
v -0.1937 0.1723 -0.1377
v -0.1953 0.1813 -0.1393
v -0.1935 0.1804 -0.1358
v -0.1971 0.1835 -0.1456
v -0.1975 0.1815 -0.1544
v -0.1966 0.1958 -0.1446
v -0.1939 0.2217 -0.1420
v -0.1929 0.2075 -0.1517
v -0.1914 0.2288 -0.1439
v -0.1854 0.2308 -0.1486
v -0.1835 0.2192 -0.1544
v -0.1795 0.2365 -0.1483
v -0.1738 0.2194 -0.1554
v -0.1697 0.1988 -0.1627
v -0.1743 0.1848 -0.1713
v -0.1688 0.1828 -0.1695
v -0.1601 0.1756 -0.1604
v -0.1603 0.1613 -0.1704
v -0.1570 0.1582 -0.1622
v -0.1564 0.1526 -0.1483
v -0.1563 0.1560 -0.1542
v -0.1540 0.1478 -0.1506
v -0.1441 0.1357 -0.1448
v -0.1427 0.1377 -0.1481
v -0.1339 0.1342 -0.1454
v -0.1514 0.1276 -0.1416
v -0.1514 0.1348 -0.1417
v -0.1372 0.1261 -0.1420
v -0.1689 0.1064 -0.1399
v -0.1821 0.1130 -0.1389
v -0.1728 0.1172 -0.1391
v -0.1890 0.1014 -0.1390
v -0.1586 0.0589 -0.1409
v -0.2186 0.0668 -0.1400
v -0.2059 0.0705 -0.1391
v -0.2074 0.0641 -0.1399
v -0.2059 0.0500 -0.1383
v -0.2069 0.0458 -0.1450
v -0.2087 0.0493 -0.1436
v -0.2473 0.0593 -0.1416
v -0.2679 0.0678 -0.1395
v -0.2391 0.0664 -0.1403
v -0.2639 0.1039 -0.1387
v -0.2723 0.1282 -0.1384
v -0.2469 0.1228 -0.1391
v -0.2064 0.1414 -0.1388
v -0.2010 0.1428 -0.1367
v -0.1975 0.1545 -0.1387
v -0.1975 0.1609 -0.1413
v -0.1936 0.1628 -0.1376
v -0.2014 0.1540 -0.1452
v -0.2011 0.1602 -0.1528
v -0.1987 0.1632 -0.1450
v -0.2008 0.1570 -0.1740
v -0.1966 0.1635 -0.1768
v -0.1971 0.1724 -0.1664
v -0.1891 0.1857 -0.1686
v -0.1840 0.2035 -0.1617
v -0.1886 0.2077 -0.1569
v -0.1752 0.1950 -0.1666
v -0.1796 0.1864 -0.1713
v -0.1737 0.1728 -0.1777
v -0.1668 0.1542 -0.1878
v -0.1690 0.1608 -0.1835
v -0.1726 0.1567 -0.1894
v -0.1534 0.1479 -0.1642
v -0.1569 0.1524 -0.1709
v -0.1530 0.1461 -0.1709
v -0.1510 0.1412 -0.1512
v -0.1501 0.1415 -0.1580
v -0.1422 0.1391 -0.1533
v -0.1185 0.1337 -0.1451
v -0.1098 0.1363 -0.1491
v -0.0960 0.1343 -0.1451
v -0.0651 0.1389 -0.1518
v -0.0576 0.1404 -0.1462
v -0.0502 0.1435 -0.1414
v -0.0515 0.1489 -0.1465
v -0.0486 0.1560 -0.1421
v -0.0428 0.1691 -0.1349
v -0.0453 0.1634 -0.1379
v -0.0450 0.1786 -0.1354
v -0.0355 0.1495 -0.1322
v -0.0408 0.1576 -0.1346
v -0.0353 0.1596 -0.1327
v -0.0297 0.1353 -0.1302
v -0.0298 0.1418 -0.1301
v -0.0232 0.1357 -0.1341
v -0.0466 0.1905 -0.1352
v -0.0484 0.1931 -0.1393
v -0.0478 0.2114 -0.1422
v -0.0453 0.2111 -0.1484
v -0.0468 0.2287 -0.1383
v -0.0388 0.2350 -0.1457
v -0.0350 0.2225 -0.1519
v -0.0343 0.2411 -0.1453
v -0.0247 0.2687 -0.1365
v -0.0243 0.2853 -0.1331
v -0.0171 0.2544 -0.1355
v -0.0197 0.2508 -0.1389
v -0.0154 0.2445 -0.1372
v -0.0122 0.2399 -0.1289
v -0.0142 0.2415 -0.1349
v -0.0133 0.2317 -0.1348
v -0.0134 0.2125 -0.1426
v -0.0145 0.2048 -0.1505
v -0.0109 0.1987 -0.1433
v -0.0102 0.1881 -0.1439
v -0.0106 0.1877 -0.1498
v -0.0097 0.1771 -0.1449
v -0.0092 0.1691 -0.1507
v -0.0094 0.1684 -0.1576
v -0.0012 0.1419 -0.1508
v -0.0046 0.1481 -0.1566
v -0.0004 0.1417 -0.1579
v -0.0075 0.1420 -0.1783
v -0.0102 0.1420 -0.1846
v 0.0014 0.1407 -0.1811
v 0.0096 0.1391 -0.1908
v 0.0029 0.1374 -0.1969
v 0.0247 0.1377 -0.1973
v 0.0805 0.1387 -0.1911
v 0.1061 0.1376 -0.1977
v 0.0726 0.1238 -0.1993
v 0.0770 0.1324 -0.1984
v 0.0631 0.1339 -0.1987
v 0.0399 0.1039 -0.1999
v 0.0189 0.1289 -0.1997
v 0.0049 0.1039 -0.2012
v -0.0768 0.0769 -0.2051
v -0.0371 0.0988 -0.2044
v -0.0935 0.0880 -0.2058
v -0.1283 0.0621 -0.2054
v -0.1048 0.0706 -0.2054
v -0.1390 0.0723 -0.2066
v -0.1550 0.0467 -0.2023
v -0.1573 0.0513 -0.2061
v -0.1657 0.0458 -0.2054
v -0.1862 0.0395 -0.1987
v -0.1702 0.0427 -0.2022
v -0.1829 0.0471 -0.2091
v -0.1934 0.0360 -0.1857
v -0.1989 0.0404 -0.1920
v -0.2021 0.0404 -0.1809
v -0.2012 0.0392 -0.1622
v -0.1988 0.0382 -0.1741
v -0.2072 0.0422 -0.1676
v -0.2143 0.0454 -0.1582
v -0.2166 0.0447 -0.1655
v -0.2280 0.0474 -0.1563
v -0.2644 0.0548 -0.1431
v -0.2579 0.0522 -0.1459
v -0.2745 0.0520 -0.1462
v -0.2866 0.0502 -0.1498
v -0.2720 0.0498 -0.1481
v -0.2993 0.0518 -0.1458
v -0.3662 0.0503 -0.1490
v -0.3502 0.0502 -0.1477
v -0.3527 0.0484 -0.1568
v -0.4023 0.0474 -0.1574
v -0.4195 0.0456 -0.1615
v -0.4194 0.0477 -0.1509
v -0.4189 0.0430 -0.1831
v -0.4389 0.0435 -0.1611
v -0.4471 0.0411 -0.1822
v -0.4355 0.0386 -0.2106
v -0.4646 0.0381 -0.2019
v -0.5048 0.0398 -0.1772
v -0.5243 0.0359 -0.2044
v -0.5274 0.0387 -0.1959
v -0.5313 0.0395 -0.2073
v -0.5352 0.0422 -0.1932
v -0.5291 0.0419 -0.1758
v -0.5334 0.0459 -0.1803
v -0.5301 0.0447 -0.1728
v -0.5311 0.0597 -0.1517
v -0.5333 0.0624 -0.1660
v -0.5330 0.0787 -0.1635
v -0.5319 0.0776 -0.0521
v -0.5311 0.0681 -0.1080
v -0.5298 0.1335 0.0065
v -0.5292 0.1324 -0.0195
v -0.5274 0.1364 -0.0073
v -0.5405 0.1326 0.0224
v -0.5400 0.1398 0.0233
v -0.5447 0.1343 0.0250
v -0.5431 0.1381 0.0490
v -0.5472 0.1334 0.0349
v -0.5439 0.1378 0.0251
v -0.5458 0.1329 0.0987
v -0.5467 0.1329 0.0673
v -0.5436 0.1373 0.0785
v -0.5351 0.1524 0.0664
v -0.5349 0.1520 0.0804
v -0.5275 0.1984 0.0881
v -0.5225 0.2495 0.0830
v -0.5225 0.2590 0.0763
v -0.5213 0.2598 0.0813
v -0.5193 0.2631 0.0829
v -0.5173 0.2700 0.0821
v -0.5132 0.2979 0.0776
v -0.5100 0.3083 0.0747
v -0.5102 0.3374 0.0697
v -0.5112 0.3436 0.0672
v -0.5054 0.3510 0.0665
v -0.4877 0.4536 0.0479
v -0.4770 0.4922 0.0410
v -0.4647 0.4410 0.0498
v -0.4717 0.5277 0.0348
v -0.4603 0.4998 0.0391
v -0.4495 0.5224 0.0337
v -0.4462 0.5293 0.0311
v -0.4460 0.5547 0.0252
v -0.4458 0.5717 0.0197
v -0.4437 0.5421 0.0228
v -0.4475 0.5693 0.0242
v -0.4503 0.5770 0.0250
v -0.4476 0.5798 0.0235
v -0.4497 0.5995 0.0205
v -0.4504 0.6146 0.0188
v -0.4481 0.6109 0.0164
v -0.4461 0.6009 0.0114
v -0.4464 0.6444 -0.0016
v -0.4443 0.5871 0.0018
v -0.4447 0.5886 -0.0198
v -0.4436 0.5577 -0.0248
v -0.4426 0.5210 -0.0202
v -0.4450 0.5223 -0.0262
v -0.4429 0.5163 -0.0239
v -0.4457 0.4760 -0.0255
v -0.4507 0.4768 -0.0328
v -0.4510 0.4509 -0.0429
v -0.4510 0.4512 -0.0685
v -0.4444 0.4480 -0.0569
v -0.4352 0.4445 -0.0509
v -0.4305 0.4443 -0.0757
v -0.4129 0.4440 -0.0717
v -0.3831 0.4433 -0.0988
v -0.3806 0.4424 -0.1044
v -0.3584 0.4433 -0.0957
v -0.3190 0.4451 -0.0796
v -0.3126 0.4465 -0.0863
v -0.3060 0.4459 -0.0786
v -0.2961 0.4464 -0.0814
v -0.2999 0.4475 -0.0864
v -0.2934 0.4474 -0.0859
v -0.2666 0.4460 -0.0741
v -0.2564 0.4506 -0.0792
v -0.2566 0.4563 -0.0814
v -0.2527 0.4520 -0.0793
v -0.2432 0.4555 -0.0772
v -0.2439 0.4630 -0.0788
v -0.2353 0.4543 -0.0796
v -0.2285 0.4514 -0.0861
v -0.2239 0.4488 -0.0874
v -0.2221 0.4499 -0.0943
v -0.2220 0.4506 -0.1006
v -0.2139 0.4399 -0.1056
v -0.2069 0.4436 -0.1039
v -0.2141 0.4444 -0.1033
v -0.1891 0.4538 -0.0975
v -0.1912 0.4608 -0.1013
v -0.1874 0.4632 -0.0982
v -0.1772 0.4681 -0.0936
v -0.1830 0.4717 -0.0958
v -0.1806 0.4922 -0.0946
v -0.1713 0.4678 -0.0931
v -0.1575 0.4501 -0.1005
v -0.1585 0.4550 -0.1011
v -0.1529 0.4476 -0.1014
v -0.1492 0.4404 -0.1071
v -0.1535 0.4473 -0.1114
v -0.1527 0.4405 -0.1121
v -0.1479 0.4336 -0.1069
v -0.1423 0.4393 -0.1052
v -0.1593 0.4677 -0.1210
v -0.1619 0.4578 -0.1248
v -0.1574 0.4414 -0.1189
v -0.1650 0.4501 -0.1279
v -0.1686 0.4588 -0.1295
v -0.1674 0.4350 -0.1295
v -0.1724 0.3897 -0.1325
v -0.1677 0.4023 -0.1306
v -0.1720 0.4162 -0.1310
v -0.1780 0.3819 -0.1315
v -0.1938 0.3920 -0.1197
v -0.1896 0.4028 -0.1254
v -0.1936 0.4215 -0.1198
v -0.2012 0.4405 -0.1071
v -0.1986 0.4285 -0.1124
v -0.1979 0.4413 -0.1111
v -0.2154 0.4327 -0.1069
v -0.2077 0.4385 -0.1062
v -0.2193 0.4363 -0.1072
v -0.2344 0.4388 -0.1138
v -0.2226 0.4295 -0.1089
v -0.2490 0.4413 -0.1143
v -0.2414 0.4617 -0.1136
v -0.2482 0.4778 -0.1133
v -0.2553 0.4038 -0.1133
v -0.2467 0.3969 -0.1140
v -0.2724 0.3941 -0.1141
v -0.2793 0.4226 -0.1227
v -0.2896 0.3634 -0.1302
v -0.2885 0.3904 -0.1297
v -0.2935 0.3888 -0.1316
v -0.2947 0.3225 -0.1315
v -0.2981 0.3461 -0.1307
v -0.2996 0.3230 -0.1308
v -0.3068 0.2889 -0.1292
v -0.3033 0.2978 -0.1307
v -0.3066 0.3062 -0.1274
v -0.3045 0.2564 -0.1385
v -0.2990 0.2526 -0.1417
v -0.2990 0.2706 -0.1367
v -0.2982 0.2384 -0.1470
v -0.2938 0.2499 -0.1428
v -0.2892 0.2418 -0.1445
v -0.2938 0.2212 -0.1541
v -0.2880 0.2214 -0.1519
v -0.2779 0.2180 -0.1431
v -0.2824 0.2166 -0.1498
v -0.2794 0.2077 -0.1514
v -0.2748 0.2028 -0.1368
v -0.2791 0.1973 -0.1286
v -0.2878 0.1766 -0.1294
v -0.2830 0.1850 -0.1295
v -0.2823 0.1675 -0.1336
v -0.3002 0.1743 -0.1305
v -0.2935 0.1616 -0.1317
v -0.3000 0.1602 -0.1328
v -0.3062 0.1677 -0.1344
v -0.3112 0.1715 -0.1377
v -0.3211 0.1469 -0.1401
v -0.3186 0.1529 -0.1429
v -0.3149 0.1521 -0.1385
v -0.3298 0.1324 -0.1393
v -0.3416 0.1362 -0.1418
v -0.3268 0.1401 -0.1405
v -0.2995 0.1321 -0.1351
v -0.3072 0.1351 -0.1332
v -0.3003 0.1352 -0.1330
v -0.2866 0.1200 -0.1377
v -0.2597 0.1336 -0.1399
v -0.2417 0.1335 -0.1399
v -0.2279 0.1363 -0.1408
v -0.2261 0.1380 -0.1447
v -0.2141 0.1387 -0.1399
v -0.2084 0.1430 -0.1455
v -0.2075 0.1426 -0.1542
v -0.2051 0.1469 -0.1459
v -0.2088 0.1419 -0.1737
v -0.2083 0.1412 -0.1893
v -0.2050 0.1481 -0.1771
v -0.1993 0.1533 -0.1851
v -0.1999 0.1483 -0.1932
v -0.1957 0.1531 -0.1909
v -0.1910 0.1646 -0.1824
v -0.1859 0.1635 -0.1851
v -0.1861 0.1754 -0.1765
v -0.1811 0.1554 -0.1930
v -0.1726 0.1514 -0.1962
v -0.1605 0.1530 -0.1795
v -0.1621 0.1489 -0.1882
v -0.1560 0.1436 -0.1831
v -0.1359 0.1408 -0.1781
v -0.1482 0.1417 -0.1851
v -0.1388 0.1405 -0.1883
v -0.1165 0.1394 -0.1607
v -0.1155 0.1402 -0.1701
v -0.0915 0.1396 -0.1611
v -0.0584 0.1414 -0.1516
v -0.0608 0.1411 -0.1720
v -0.0557 0.1493 -0.1585
v -0.0510 0.1608 -0.1478
v -0.0515 0.1644 -0.1523
v -0.0499 0.1760 -0.1475
v -0.0483 0.1775 -0.1594
v -0.0491 0.1592 -0.1697
v -0.0444 0.1800 -0.1658
v -0.0381 0.1780 -0.1714
v -0.0346 0.1638 -0.1790
v -0.0298 0.1872 -0.1692
v -0.0238 0.2242 -0.1503
v -0.0232 0.2396 -0.1445
v -0.0291 0.2358 -0.1473
v -0.0175 0.2159 -0.1484
v -0.0213 0.2139 -0.1529
v -0.0180 0.1938 -0.1594
v -0.0147 0.1884 -0.1593
v -0.0138 0.1912 -0.1548
v -0.0180 0.1794 -0.1668
v -0.0237 0.1785 -0.1711
v -0.0204 0.1737 -0.1727
v -0.0080 0.1480 -0.1681
v -0.0144 0.1607 -0.1740
v -0.0127 0.1507 -0.1754
v -0.0124 0.1442 -0.1818
v -0.0158 0.1435 -0.1855
v -0.0295 0.1408 -0.1938
v -0.0119 0.1390 -0.1951
v -0.0174 0.1416 -0.1896
v 0.0104 0.1342 -0.1991
v -0.0111 0.1367 -0.2007
v -0.0025 0.1314 -0.2009
v -0.0727 0.1170 -0.2058
v -0.0600 0.1264 -0.2050
v -0.0920 0.1335 -0.2052
v -0.1381 0.0906 -0.2069
v -0.1656 0.0571 -0.2100
v -0.1580 0.0638 -0.2090
v -0.1662 0.0677 -0.2131
v -0.1805 0.0625 -0.2147
v -0.1815 0.0687 -0.2156
v -0.1871 0.0626 -0.2147
v -0.2074 0.0470 -0.2043
v -0.1965 0.0479 -0.2098
v -0.2060 0.0506 -0.2090
v -0.2398 0.0451 -0.1998
v -0.2291 0.0473 -0.2041
v -0.2471 0.0471 -0.2042
v -0.2598 0.0452 -0.1855
v -0.2788 0.0459 -0.1979
v -0.3037 0.0455 -0.1908
v -0.3701 0.0469 -0.1652
v -0.3417 0.0454 -0.1827
v -0.3935 0.0454 -0.1730
v -0.3824 0.0452 -0.2060
v -0.3930 0.0459 -0.2127
v -0.4037 0.0447 -0.2130
v -0.4233 0.0401 -0.2165
v -0.4245 0.0381 -0.2264
v -0.4296 0.0377 -0.2204
v -0.4270 0.0352 -0.2267
v -0.4353 0.0346 -0.2305
v -0.4473 0.0355 -0.2237
v -0.4837 0.0349 -0.2467
v -0.4570 0.0346 -0.2633
v -0.4890 0.0352 -0.2597
v -0.5265 0.0406 -0.2449
v -0.5220 0.0359 -0.2570
v -0.5242 0.0386 -0.2635
v -0.5302 0.0397 -0.2178
v -0.5347 0.0480 -0.2069
v -0.5375 0.0518 -0.1815
v -0.5404 0.0538 -0.1867
v -0.5421 0.0606 -0.1833
v -0.5358 0.0594 -0.1748
v -0.5361 0.0740 -0.1726
v -0.5323 0.0989 -0.1600
v -0.5337 0.1031 -0.1656
v -0.5304 0.1170 -0.1583
v -0.5308 0.0920 -0.1118
v -0.5300 0.1179 -0.1501
v -0.5298 0.1144 -0.1214
v -0.5281 0.1314 -0.0932
v -0.5276 0.1343 -0.1187
v -0.5265 0.1352 -0.0994
v -0.5241 0.1375 -0.0859
v -0.5188 0.1400 -0.0870
v -0.5204 0.1394 -0.0670
v -0.5203 0.1404 -0.0419
v -0.5098 0.1415 -0.0391
v -0.5140 0.1412 -0.0367
v -0.5233 0.1391 -0.0130
v -0.5193 0.1406 -0.0239
v -0.5170 0.1421 -0.0070
v -0.5070 0.1515 0.0121
v -0.5062 0.1500 0.0063
v -0.5066 0.1566 0.0125
v -0.5127 0.1488 0.0142
v -0.5207 0.1408 0.0059
v -0.5122 0.1445 0.0062
v -0.5319 0.1436 0.0212
v -0.5267 0.1472 0.0214
v -0.5317 0.1494 0.0252
v -0.5315 0.1547 0.0307
v -0.5288 0.1601 0.0262
v -0.5288 0.1715 0.0301
v -0.5298 0.1745 0.0425
v -0.5270 0.1932 0.0314
v -0.5277 0.2012 0.0500
v -0.5218 0.2703 0.0333
v -0.5196 0.3137 0.0304
v -0.5209 0.2925 0.0539
v -0.5192 0.3068 0.0684
v -0.5200 0.3079 0.0595
v -0.5183 0.3197 0.0685
v -0.5119 0.3548 0.0642
v -0.5062 0.3843 0.0598
v -0.5112 0.3843 0.0584
v -0.5062 0.4044 0.0562
v -0.5085 0.4079 0.0556
v -0.5089 0.4206 0.0515
v -0.5052 0.4147 0.0540
v -0.5048 0.4554 0.0466
v -0.4995 0.4725 0.0443
v -0.5000 0.4426 0.0495
v -0.5087 0.5245 0.0348
v -0.5090 0.5279 0.0328
v -0.5031 0.5334 0.0344
v -0.4872 0.5663 0.0290
v -0.4483 0.5637 0.0276
v -0.4467 0.5440 0.0298
v -0.4586 0.5982 0.0235
v -0.4607 0.6162 0.0213
v -0.4538 0.6082 0.0212
v -0.4571 0.6592 0.0160
v -0.4608 0.6800 0.0142
v -0.4544 0.6751 0.0137
v -0.4501 0.7014 0.0042
v -0.4488 0.7023 -0.0038
v -0.4491 0.6785 0.0069
v -0.4518 0.7530 0.0013
v -0.4499 0.7475 -0.0039
v -0.4507 0.7245 0.0018
v -0.4487 0.7268 -0.0166
v -0.4477 0.6668 -0.0273
v -0.4489 0.6753 -0.0331
v -0.4480 0.6534 -0.0341
v -0.4473 0.5893 -0.0325
v -0.4490 0.6059 -0.0343
v -0.4511 0.5945 -0.0371
v -0.4481 0.5471 -0.0316
v -0.4474 0.5630 -0.0306
v -0.4516 0.5482 -0.0361
v -0.4460 0.4988 -0.0269
v -0.4480 0.5114 -0.0307
v -0.4534 0.5258 -0.0594
v -0.4542 0.5411 -0.0816
v -0.4523 0.4889 -0.0742
v -0.4509 0.4632 -0.1083
v -0.4503 0.4486 -0.1206
v -0.4508 0.4482 -0.1080
v -0.4428 0.4432 -0.1066
v -0.4433 0.4381 -0.1119
v -0.4365 0.4409 -0.1076
v -0.3946 0.4400 -0.1064
v -0.3991 0.4418 -0.1034
v -0.4137 0.4398 -0.1065
v -0.4445 0.4200 -0.1148
v -0.4432 0.4312 -0.1138
v -0.4498 0.4269 -0.1164
v -0.4443 0.4269 -0.1195
v -0.4453 0.4366 -0.1219
v -0.4385 0.4306 -0.1255
v -0.4383 0.3985 -0.1287
v -0.4377 0.4207 -0.1288
v -0.4362 0.4092 -0.1324
v -0.4340 0.4087 -0.1493
v -0.4336 0.4023 -0.1753
v -0.4334 0.3779 -0.1500
v -0.4326 0.3397 -0.1437
v -0.4328 0.3578 -0.1611
v -0.4322 0.3194 -0.1575
v -0.4322 0.2764 -0.2039
v -0.4333 0.2815 -0.2129
v -0.4322 0.2509 -0.2143
v -0.4301 0.2061 -0.2100
v -0.4290 0.1829 -0.2194
v -0.4292 0.1893 -0.1923
v -0.4269 0.1549 -0.1727
v -0.4275 0.1558 -0.1898
v -0.4246 0.1491 -0.1813
v -0.4132 0.1390 -0.1553
v -0.4209 0.1414 -0.1652
v -0.4142 0.1399 -0.1713
v -0.3556 0.1375 -0.1459
v -0.3630 0.1388 -0.1568
v -0.3355 0.1383 -0.1445
v -0.3473 0.1315 -0.1401
v -0.3413 0.1216 -0.1388
v -0.3196 0.1561 -0.1496
v -0.3248 0.1485 -0.1596
v -0.3208 0.1566 -0.1629
v -0.3153 0.1613 -0.1420
v -0.3150 0.1734 -0.1436
v -0.3140 0.1914 -0.1386
v -0.3139 0.2074 -0.1343
v -0.3119 0.2083 -0.1286
v -0.3130 0.2172 -0.1428
v -0.3103 0.2156 -0.1485
v -0.3113 0.2360 -0.1383
v -0.3043 0.2032 -0.1602
v -0.3035 0.1900 -0.1684
v -0.2987 0.2053 -0.1614
v -0.2876 0.2039 -0.1597
v -0.2927 0.1910 -0.1694
v -0.2865 0.1914 -0.1660
v -0.2794 0.1934 -0.1585
v -0.2822 0.2008 -0.1570
v -0.2821 0.1886 -0.1636
v -0.2779 0.1716 -0.1382
v -0.2749 0.1813 -0.1438
v -0.2766 0.1625 -0.1429
v -0.2882 0.1430 -0.1344
v -0.2933 0.1496 -0.1323
v -0.2870 0.1496 -0.1328
v -0.3002 0.1424 -0.1325
v -0.2999 0.1500 -0.1331
v -0.2933 0.1427 -0.1325
v -0.3071 0.1422 -0.1330
v -0.2729 0.1415 -0.1439
v -0.2694 0.1417 -0.1770
v -0.2644 0.1388 -0.1479
v -0.2402 0.1381 -0.1521
v -0.2409 0.1392 -0.1687
v -0.2222 0.1377 -0.1506
v -0.2163 0.1403 -0.1695
v -0.2276 0.1392 -0.1846
v -0.2168 0.1399 -0.1854
v -0.2029 0.1448 -0.1926
v -0.2084 0.1409 -0.1981
v -0.2030 0.1440 -0.1981
v -0.1990 0.1466 -0.1986
v -0.1919 0.1505 -0.1969
v -0.1826 0.1419 -0.2149
v -0.1724 0.1419 -0.2150
v -0.1779 0.1475 -0.2045
v -0.1660 0.1431 -0.2110
v -0.1677 0.1385 -0.2166
v -0.1623 0.1425 -0.2099
v -0.1380 0.1393 -0.1971
v -0.1503 0.1392 -0.2035
v -0.1413 0.1378 -0.2034
v -0.1111 0.1387 -0.1955
v -0.0955 0.1368 -0.2035
v -0.0798 0.1391 -0.1922
v -0.0502 0.1500 -0.1727
v -0.0552 0.1431 -0.1764
v -0.0493 0.1469 -0.1776
v -0.0460 0.1495 -0.1789
v -0.0424 0.1472 -0.1822
v -0.0449 0.1600 -0.1743
v -0.0296 0.1663 -0.1789
v -0.0302 0.1543 -0.1832
v -0.0247 0.1639 -0.1795
v -0.0171 0.1476 -0.1829
v -0.0200 0.1598 -0.1797
v -0.0238 0.1509 -0.1843
v -0.0356 0.1468 -0.1853
v -0.0379 0.1422 -0.1872
v -0.0335 0.1438 -0.1873
v -0.0421 0.1368 -0.2023
v -0.0665 0.1333 -0.2039
v -0.1050 0.1261 -0.2057
v -0.1090 0.1331 -0.2049
v -0.1245 0.1315 -0.2058
v -0.1599 0.1136 -0.2111
v -0.1513 0.1243 -0.2077
v -0.1593 0.1270 -0.2124
v -0.1669 0.0805 -0.2153
v -0.1734 0.0725 -0.2196
v -0.1774 0.0673 -0.2166
v -0.1966 0.0540 -0.2144
v -0.1932 0.0637 -0.2156
v -0.1996 0.0643 -0.2161
v -0.2069 0.0745 -0.2132
v -0.2073 0.0899 -0.2139
v -0.2159 0.0765 -0.2110
v -0.2353 0.0496 -0.2071
v -0.2541 0.0483 -0.2085
v -0.2675 0.0472 -0.2049
v -0.2798 0.0482 -0.2093
v -0.2969 0.0476 -0.2102
v -0.3505 0.0463 -0.2071
v -0.3499 0.0476 -0.2110
v -0.3652 0.0472 -0.2127
v -0.3984 0.0477 -0.2162
v -0.4098 0.0516 -0.2300
v -0.4109 0.0504 -0.2387
v -0.4119 0.0466 -0.2296
v -0.4266 0.0352 -0.2383
v -0.4204 0.0386 -0.2459
v -0.4276 0.0357 -0.2478
v -0.4371 0.0348 -0.2510
v -0.4434 0.0351 -0.2625
v -0.4555 0.0346 -0.2456
v -0.4817 0.0382 -0.2689
v -0.4932 0.0406 -0.2711
v -0.5027 0.0355 -0.2664
v -0.5187 0.0354 -0.2618
v -0.5282 0.0512 -0.2612
v -0.5278 0.0527 -0.2673
v -0.5355 0.0660 -0.2167
v -0.5401 0.0942 -0.1975
v -0.5420 0.0682 -0.1952
v -0.5396 0.0790 -0.2007
v -0.5387 0.1203 -0.1741
v -0.5419 0.1159 -0.1829
v -0.5396 0.1267 -0.1795
v -0.5300 0.1361 -0.1656
v -0.5338 0.1332 -0.1722
v -0.5318 0.1375 -0.1744
v -0.5184 0.1399 -0.1423
v -0.5237 0.1380 -0.1481
v -0.5185 0.1409 -0.1502
v -0.5137 0.1410 -0.1365
v -0.5073 0.1468 -0.1363
v -0.5108 0.1424 -0.1341
v -0.5044 0.1567 -0.0918
v -0.5064 0.1490 -0.0971
v -0.5045 0.1567 -0.1114
v -0.5046 0.1568 -0.0614
v -0.5051 0.1567 -0.0765
v -0.5045 0.1646 -0.0806
v -0.5062 0.2277 0.0051
v -0.5052 0.2234 -0.0125
v -0.5058 0.2499 -0.0081
v -0.5106 0.2225 0.0121
v -0.5124 0.2312 0.0106
v -0.5238 0.2229 0.0225
v -0.5228 0.2049 0.0196
v -0.5225 0.2277 0.0177
v -0.5196 0.2586 0.0130
v -0.5203 0.2774 0.0127
v -0.5213 0.2581 0.0202
v -0.5186 0.3217 0.0068
v -0.5170 0.3485 0.0039
v -0.5182 0.3419 0.0154
v -0.5173 0.3482 0.0617
v -0.5182 0.3485 0.0561
v -0.5155 0.3553 0.0613
v -0.5140 0.4034 0.0513
v -0.5137 0.4319 0.0446
v -0.5097 0.4434 0.0465
v -0.5100 0.4551 0.0449
v -0.5098 0.4980 0.0374
v -0.5118 0.4857 0.0345
v -0.5134 0.5029 0.0303
v -0.5132 0.5354 0.0238
v -0.5133 0.5550 0.0224
v -0.5117 0.5438 0.0269
v -0.5115 0.5620 0.0255
v -0.5136 0.5731 0.0223
v -0.5108 0.5755 0.0242
v -0.5091 0.6057 0.0216
v -0.5097 0.6301 0.0199
v -0.5042 0.6088 0.0226
v -0.4886 0.6498 0.0179
v -0.4681 0.6566 0.0171
v -0.4752 0.6251 0.0209
v -0.4574 0.7052 0.0123
v -0.4546 0.7090 0.0103
v -0.4542 0.6935 0.0123
v -0.4567 0.7326 0.0084
v -0.4525 0.7303 0.0057
v -0.4530 0.7189 0.0090
v -0.4554 0.7818 0.0012
v -0.4498 0.7891 -0.0042
v -0.4517 0.7735 -0.0019
v -0.4540 0.7930 0.0013
v -0.4484 0.7998 -0.0023
v -0.4503 0.7652 -0.0045
v -0.4486 0.7812 -0.0087
v -0.4486 0.7626 -0.0190
v -0.4468 0.7842 -0.0272
v -0.4488 0.7679 -0.0294
v -0.4513 0.7406 -0.0377
v -0.4533 0.7279 -0.0411
v -0.4501 0.7262 -0.0358
v -0.4548 0.6828 -0.0435
v -0.4543 0.6980 -0.0423
v -0.4580 0.6858 -0.0468
v -0.4475 0.6285 -0.0334
v -0.4533 0.6465 -0.0423
v -0.4541 0.6160 -0.0417
v -0.4573 0.6301 -0.0670
v -0.4576 0.6337 -0.0935
v -0.4570 0.6088 -0.0506
v -0.4562 0.5934 -0.0792
v -0.4550 0.5624 -0.1006
v -0.4528 0.5109 -0.0945
v -0.4520 0.5184 -0.1067
v -0.4522 0.4964 -0.1076
v -0.4511 0.4794 -0.1094
v -0.4499 0.4682 -0.1207
v -0.4503 0.4444 -0.1102
v -0.4502 0.4418 -0.1153
v -0.4500 0.4848 -0.1174
v -0.4454 0.4854 -0.1228
v -0.4490 0.4830 -0.1214
v -0.4374 0.4578 -0.1328
v -0.4380 0.4861 -0.1348
v -0.4378 0.4988 -0.1405
v -0.4370 0.4996 -0.1704
v -0.4362 0.4744 -0.1882
v -0.4349 0.4471 -0.1852
v -0.4346 0.4191 -0.1914
v -0.4331 0.3985 -0.1930
v -0.4337 0.3766 -0.1989
v -0.4330 0.3664 -0.1833
v -0.4343 0.3287 -0.2073
v -0.4363 0.3246 -0.2119
v -0.4347 0.3124 -0.2124
v -0.4349 0.2805 -0.2183
v -0.4350 0.2728 -0.2217
v -0.4345 0.2301 -0.2287
v -0.4334 0.2414 -0.2258
v -0.4384 0.2516 -0.2254
v -0.4366 0.2089 -0.2334
v -0.4366 0.1977 -0.2363
v -0.4341 0.2013 -0.2354
v -0.4642 0.2012 -0.2359
v -0.4852 0.1821 -0.2400
v -0.4514 0.1786 -0.2409
v -0.4326 0.1680 -0.2423
v -0.4309 0.1765 -0.2394
v -0.4372 0.1729 -0.2417
v -0.4263 0.1584 -0.2329
v -0.4277 0.1622 -0.2416
v -0.4252 0.1503 -0.2396
v -0.4171 0.1363 -0.2198
v -0.4230 0.1411 -0.2290
v -0.4214 0.1366 -0.2289
v -0.3953 0.1386 -0.2063
v -0.3826 0.1374 -0.2113
v -0.3683 0.1390 -0.2067
v -0.3761 0.1395 -0.1764
v -0.3671 0.1398 -0.1949
v -0.3401 0.1404 -0.1722
v -0.3322 0.1412 -0.1844
v -0.3272 0.1470 -0.1891
v -0.3253 0.1489 -0.1744
v -0.3181 0.1626 -0.1719
v -0.3143 0.1704 -0.1719
v -0.3157 0.1729 -0.1636
v -0.3132 0.1779 -0.1656
v -0.3079 0.1912 -0.1641
v -0.3040 0.1726 -0.1854
v -0.3068 0.1684 -0.1937
v -0.2999 0.1718 -0.1889
v -0.2862 0.1777 -0.1759
v -0.2910 0.1789 -0.1797
v -0.2893 0.1737 -0.1832
v -0.2792 0.1848 -0.1612
v -0.2814 0.1783 -0.1693
v -0.2779 0.1761 -0.1635
v -0.2761 0.1717 -0.1574
v -0.2753 0.1619 -0.1515
v -0.2716 0.1465 -0.1794
v -0.2653 0.1412 -0.1792
v -0.2642 0.1411 -0.1988
v -0.2558 0.1393 -0.2002
v -0.2535 0.1399 -0.1941
v -0.2272 0.1382 -0.1957
v -0.2375 0.1369 -0.2018
v -0.2265 0.1366 -0.2019
v -0.2251 0.1348 -0.2053
v -0.2276 0.1312 -0.2078
v -0.2173 0.1348 -0.2065
v -0.2055 0.1396 -0.2074
v -0.2036 0.1385 -0.2130
v -0.2017 0.1421 -0.2098
v -0.1981 0.1257 -0.2214
v -0.1884 0.1324 -0.2193
v -0.1997 0.1334 -0.2190
v -0.1910 0.0974 -0.2210
v -0.1979 0.1111 -0.2213
v -0.1981 0.0959 -0.2219
v -0.1869 0.0800 -0.2193
v -0.1923 0.0824 -0.2197
v -0.1700 0.1339 -0.2187
v -0.1724 0.1275 -0.2212
v -0.1518 0.1376 -0.2084
v -0.1802 0.0784 -0.2210
v -0.1758 0.0748 -0.2214
v -0.1771 0.0913 -0.2209
v -0.2140 0.1099 -0.2109
v -0.2324 0.0840 -0.2109
v -0.2410 0.0681 -0.2110
v -0.2739 0.0884 -0.2134
v -0.2835 0.0655 -0.2135
v -0.3239 0.0512 -0.2124
v -0.3251 0.0552 -0.2137
v -0.3470 0.0496 -0.2128
v -0.3677 0.0518 -0.2150
v -0.3457 0.0599 -0.2152
v -0.3925 0.0592 -0.2178
v -0.4076 0.0501 -0.2215
v -0.4002 0.0648 -0.2196
v -0.4079 0.0672 -0.2225
v -0.4096 0.0592 -0.2435
v -0.4081 0.0465 -0.2703
v -0.4105 0.0493 -0.2504
v -0.4116 0.0405 -0.2717
v -0.4119 0.0419 -0.2798
v -0.4223 0.0367 -0.2706
v -0.4298 0.0452 -0.2783
v -0.4344 0.0514 -0.2784
v -0.4450 0.0457 -0.2753
v -0.4826 0.0470 -0.2725
v -0.5235 0.0466 -0.2710
v -0.5275 0.0481 -0.2655
v -0.5257 0.0496 -0.2692
v -0.5326 0.0975 -0.2537
v -0.5328 0.1166 -0.2557
v -0.5354 0.1170 -0.2274
v -0.5386 0.1244 -0.1914
v -0.5367 0.1259 -0.2095
v -0.5364 0.1316 -0.1994
v -0.5272 0.1437 -0.1662
v -0.5275 0.1437 -0.1720
v -0.5250 0.1580 -0.1663
v -0.5247 0.1406 -0.1579
v -0.5235 0.1491 -0.1611
v -0.5202 0.1432 -0.1568
v -0.5091 0.1414 -0.1431
v -0.5088 0.1419 -0.1473
v -0.5049 0.1858 -0.1244
v -0.5054 0.1704 -0.1396
v -0.5059 0.1932 -0.1398
v -0.5050 0.2388 -0.1239
v -0.5052 0.2604 -0.1280
v -0.5045 0.2643 -0.1122
v -0.5046 0.3346 -0.0225
v -0.5043 0.2870 -0.0864
v -0.5044 0.3431 -0.0855
v -0.5075 0.3350 -0.0079
v -0.5073 0.3497 -0.0123
v -0.5156 0.3600 -0.0044
v -0.5109 0.3587 -0.0087
v -0.5105 0.3711 -0.0111
v -0.5158 0.3697 -0.0009
v -0.5151 0.3838 -0.0065
v -0.5167 0.3738 0.0070
v -0.5140 0.4418 0.0333
v -0.5146 0.4537 0.0190
v -0.5134 0.4763 0.0286
v -0.5142 0.4976 0.0181
v -0.5143 0.5401 0.0165
v -0.5154 0.5811 0.0072
v -0.5135 0.5779 0.0219
v -0.5100 0.5874 0.0233
v -0.5121 0.5987 0.0197
v -0.5129 0.6310 0.0155
v -0.5120 0.6399 0.0166
v -0.5067 0.6426 0.0185
v -0.5110 0.6584 0.0154
v -0.5038 0.6594 0.0162
v -0.4993 0.6761 0.0147
v -0.5065 0.6906 0.0130
v -0.4949 0.6979 0.0124
v -0.4870 0.7506 0.0071
v -0.4902 0.7721 0.0050
v -0.4791 0.7705 0.0057
v -0.4644 0.7971 0.0058
v -0.4594 0.7902 0.0035
v -0.4653 0.7888 0.0043
v -0.5056 0.8000 0.0058
v -0.5087 0.8042 0.0076
v -0.5058 0.8066 0.0106
v -0.4861 0.8288 0.0126
v -0.4579 0.8436 0.0126
v -0.4668 0.8237 0.0129
v -0.4580 0.8016 0.0089
v -0.4581 0.8065 0.0116
v -0.4537 0.8026 0.0084
v -0.4494 0.8055 0.0033
v -0.4535 0.7998 0.0041
v -0.4329 0.8075 -0.0152
v -0.4304 0.8049 -0.0160
v -0.4389 0.8090 -0.0096
v -0.4261 0.7999 -0.0196
v -0.4101 0.7991 -0.0228
v -0.4233 0.7974 -0.0241
v -0.4366 0.7948 -0.0298
v -0.4360 0.7946 -0.0437
v -0.4436 0.7915 -0.0294
v -0.4528 0.7615 -0.0402
v -0.4500 0.7709 -0.0348
v -0.4504 0.7838 -0.0378
v -0.4573 0.7533 -0.0474
v -0.4566 0.7351 -0.0474
v -0.4580 0.7469 -0.0769
v -0.4579 0.7043 -0.0745
v -0.4579 0.6641 -0.0507
v -0.4578 0.6774 -0.0777
v -0.4578 0.6700 -0.0937
v -0.4580 0.6620 -0.0935
v -0.4518 0.6415 -0.1039
v -0.4571 0.6159 -0.0936
v -0.4540 0.6303 -0.1025
v -0.4550 0.6125 -0.1018
v -0.4525 0.5590 -0.1094
v -0.4482 0.5684 -0.1155
v -0.4500 0.5519 -0.1151
v -0.4462 0.5190 -0.1200
v -0.4411 0.5261 -0.1255
v -0.4421 0.5078 -0.1251
v -0.4484 0.4878 -0.1217
v -0.4397 0.5724 -0.1395
v -0.4407 0.6320 -0.1481
v -0.4396 0.5796 -0.1546
v -0.4376 0.5159 -0.1783
v -0.4415 0.5150 -0.1854
v -0.4379 0.5040 -0.1796
v -0.4379 0.4873 -0.1861
v -0.4397 0.4943 -0.1878
v -0.4431 0.4395 -0.1972
v -0.4399 0.4528 -0.1940
v -0.4406 0.4671 -0.1930
v -0.4873 0.4340 -0.1989
v -0.4460 0.4315 -0.1984
v -0.4525 0.4575 -0.1948
v -0.4399 0.5228 -0.1826
v -0.4456 0.5225 -0.1847
v -0.4670 0.5154 -0.1861
v -0.4510 0.5413 -0.1821
v -0.4517 0.5733 -0.1776
v -0.4826 0.6614 -0.1635
v -0.4642 0.6051 -0.1726
v -0.4609 0.6561 -0.1648
v -0.4939 0.5820 -0.1757
v -0.5038 0.5674 -0.1776
v -0.4995 0.5414 -0.1816
v -0.5114 0.5301 -0.1819
v -0.5107 0.5513 -0.1796
v -0.5130 0.5546 -0.1757
v -0.5146 0.5252 -0.1712
v -0.5135 0.5338 -0.1764
v -0.5143 0.5576 -0.1675
v -0.5145 0.5938 -0.1315
v -0.5147 0.6331 -0.1308
v -0.5139 0.6381 -0.1196
v -0.5063 0.6092 -0.1042
v -0.5112 0.6392 -0.1108
v -0.5084 0.6714 -0.1021
v -0.5065 0.6125 -0.0433
v -0.5071 0.6408 -0.0726
v -0.5078 0.6518 -0.0426
v -0.5131 0.6017 -0.0283
v -0.5098 0.6111 -0.0357
v -0.5145 0.6278 -0.0292
v -0.5147 0.6769 -0.0035
v -0.5150 0.6595 -0.0196
v -0.5149 0.7244 -0.0125
v -0.5134 0.6436 0.0124
v -0.5124 0.6692 0.0106
v -0.5046 0.7060 0.0106
v -0.5111 0.7083 0.0091
v -0.5056 0.7217 0.0086
v -0.5005 0.7498 0.0061
v -0.5087 0.7498 0.0055
v -0.5068 0.7578 0.0040
v -0.5016 0.7713 0.0038
v -0.5078 0.7852 0.0016
v -0.5044 0.7889 0.0032
v -0.5094 0.8101 0.0094
v -0.5101 0.8333 0.0099
v -0.5115 0.8476 0.0060
v -0.5101 0.8438 0.0093
v -0.4757 0.8530 0.0121
v -0.4639 0.8710 0.0121
v -0.4480 0.8196 0.0091
v -0.4474 0.8370 0.0097
v -0.4428 0.8354 -0.0006
v -0.4377 0.8557 -0.0102
v -0.4370 0.8254 -0.0094
v -0.4219 0.8059 -0.0183
v -0.4267 0.8142 -0.0162
v -0.4170 0.8161 -0.0173
v -0.3937 0.8012 -0.0206
v -0.3882 0.8004 -0.0242
v -0.3900 0.7978 -0.0264
v -0.3892 0.7975 -0.0302
v -0.3855 0.7979 -0.0793
v -0.3958 0.7959 -0.0536
v -0.4439 0.7930 -0.0433
v -0.4347 0.7943 -0.0525
v -0.4432 0.7942 -0.0507
v -0.4532 0.7839 -0.0419
v -0.4526 0.7904 -0.0506
v -0.4566 0.7839 -0.0485
v -0.4575 0.7638 -0.0521
v -0.4581 0.7763 -0.0528
v -0.4578 0.7580 -0.0629
v -0.4577 0.7342 -0.0878
v -0.4572 0.7537 -0.0842
v -0.4560 0.7458 -0.0893
v -0.4581 0.6993 -0.0895
v -0.4574 0.6974 -0.0859
v -0.4572 0.6845 -0.0895
v -0.4577 0.6762 -0.0944
v -0.4536 0.6622 -0.1009
v -0.4538 0.6702 -0.1008
v -0.4441 0.6617 -0.1090
v -0.4434 0.6143 -0.1139
v -0.4421 0.6273 -0.1165
v -0.4422 0.6062 -0.1165
v -0.4454 0.5948 -0.1146
v -0.4420 0.5792 -0.1190
v -0.4409 0.6404 -0.1306
v -0.4416 0.7061 -0.1316
v -0.4413 0.6465 -0.1560
v -0.4422 0.6369 -0.1667
v -0.4414 0.6191 -0.1686
v -0.4406 0.6086 -0.1631
v -0.4406 0.5748 -0.1714
v -0.4395 0.5583 -0.1673
v -0.4416 0.5726 -0.1749
v -0.4450 0.5941 -0.1745
v -0.4457 0.6581 -0.1648
v -0.4472 0.6647 -0.1640
v -0.4625 0.7211 -0.1546
v -0.4865 0.7337 -0.1522
v -0.5111 0.6498 -0.1623
v -0.4984 0.6506 -0.1646
v -0.5074 0.6564 -0.1628
v -0.5145 0.6540 -0.1420
v -0.5140 0.6407 -0.1613
v -0.5139 0.6767 -0.1483
v -0.5129 0.6834 -0.1104
v -0.5146 0.6884 -0.1184
v -0.5144 0.7018 -0.1106
v -0.5091 0.7289 -0.0869
v -0.5089 0.7267 -0.0943
v -0.5107 0.7419 -0.0951
v -0.5102 0.7678 -0.0608
v -0.5100 0.7913 -0.0794
v -0.5101 0.7912 -0.0632
v -0.5141 0.7467 -0.0330
v -0.5119 0.7371 -0.0421
v -0.5144 0.7907 -0.0345
v -0.5164 0.7888 -0.0207
v -0.5156 0.7908 -0.0289
v -0.5178 0.7965 -0.0229
v -0.5130 0.7938 -0.0032
v -0.5161 0.7965 -0.0097
v -0.5151 0.8058 -0.0037
v -0.5131 0.8176 0.0027
v -0.5181 0.8239 -0.0035
v -0.5137 0.8316 0.0013
v -0.5091 0.8522 0.0083
v -0.4912 0.8477 0.0116
v -0.5058 0.8575 0.0097
v -0.4895 0.8606 0.0111
v -0.4853 0.8837 0.0130
v -0.5064 0.8904 0.0118
v -0.4961 0.8977 0.0122
v -0.4541 0.8791 0.0112
v -0.4513 0.8654 0.0116
v -0.4434 0.8669 0.0007
v -0.4314 0.8397 -0.0135
v -0.4261 0.8491 -0.0160
v -0.4265 0.8283 -0.0155
v -0.3936 0.8057 -0.0190
v -0.3842 0.8079 -0.0254
v -0.3790 0.8127 -0.0321
v -0.3812 0.8069 -0.0312
v -0.3807 0.8013 -0.0380
v -0.3777 0.8063 -0.0370
v -0.3705 0.8040 -0.0412
v -0.3718 0.8018 -0.0453
v -0.3647 0.8011 -0.0575
v -0.3777 0.8002 -0.0460
v -0.3784 0.8005 -0.0980
v -0.3842 0.7979 -0.1104
v -0.4289 0.7953 -0.1002
v -0.4290 0.7962 -0.1068
v -0.4374 0.7913 -0.1006
v -0.4433 0.7943 -0.0793
v -0.4439 0.7929 -0.0871
v -0.4512 0.7912 -0.0795
v -0.4572 0.7881 -0.0538
v -0.4574 0.7880 -0.0696
v -0.4577 0.7840 -0.0531
v -0.4551 0.7582 -0.0887
v -0.4581 0.7680 -0.0834
v -0.4554 0.7700 -0.0875
v -0.4571 0.7371 -0.0914
v -0.4528 0.7461 -0.0936
v -0.4499 0.7300 -0.0983
v -0.4515 0.7094 -0.0979
v -0.4463 0.7048 -0.1036
v -0.4503 0.6959 -0.1017
v -0.4537 0.6763 -0.1008
v -0.4533 0.6845 -0.1000
v -0.4486 0.6875 -0.1036
v -0.4429 0.7059 -0.1093
v -0.4422 0.7185 -0.1157
v -0.4430 0.6902 -0.1107
v -0.4422 0.7236 -0.1417
v -0.4426 0.7190 -0.1496
v -0.4421 0.6986 -0.1487
v -0.4420 0.6689 -0.1608
v -0.4426 0.6818 -0.1592
v -0.4458 0.6715 -0.1618
v -0.4430 0.6500 -0.1649
v -0.4425 0.6990 -0.1548
v -0.4450 0.7187 -0.1534
v -0.4453 0.7066 -0.1555
v -0.4570 0.7542 -0.1495
v -0.4512 0.7888 -0.1437
v -0.4602 0.7777 -0.1462
v -0.4980 0.7642 -0.1469
v -0.4871 0.7742 -0.1465
v -0.4983 0.7850 -0.1446
v -0.5105 0.7365 -0.1474
v -0.5066 0.7406 -0.1488
v -0.5108 0.7509 -0.1464
v -0.5144 0.7570 -0.1285
v -0.5139 0.7432 -0.1408
v -0.5134 0.7636 -0.1388
v -0.5137 0.7422 -0.1073
v -0.5150 0.7508 -0.1141
v -0.5147 0.7663 -0.1094
v -0.5099 0.7835 -0.0869
v -0.5132 0.7909 -0.1003
v -0.5112 0.7912 -0.0907
v -0.5135 0.7985 -0.0505
v -0.5134 0.7991 -0.0668
v -0.5201 0.8041 -0.0615
v -0.5188 0.8004 -0.0369
v -0.5272 0.8068 -0.0386
v -0.5231 0.8055 -0.0355
v -0.5208 0.8057 -0.0194
v -0.5225 0.8055 -0.0297
v -0.5309 0.8118 -0.0187
v -0.5203 0.8077 -0.0112
v -0.5272 0.8149 -0.0124
v -0.5223 0.8168 -0.0083
v -0.5184 0.8420 -0.0034
v -0.5228 0.8654 -0.0088
v -0.5139 0.8653 0.0022
v -0.5145 0.8817 0.0076
v -0.5149 0.8904 0.0081
v -0.5121 0.8837 0.0096
v -0.5063 0.8967 0.0113
v -0.5086 0.9009 0.0089
v -0.4857 0.9054 0.0086
v -0.4862 0.9081 0.0022
v -0.4716 0.9053 0.0087
v -0.4608 0.9046 0.0081
v -0.4530 0.9006 0.0088
v -0.4515 0.8969 0.0094
v -0.4475 0.8968 0.0050
v -0.4411 0.8952 -0.0076
v -0.4439 0.8900 0.0004
v -0.4364 0.8893 -0.0112
v -0.4349 0.8960 -0.0153
v -0.4326 0.8899 -0.0141
v -0.4011 0.8894 -0.0163
v -0.3939 0.8832 -0.0167
v -0.4221 0.8699 -0.0159
v -0.3893 0.8484 -0.0198
v -0.3933 0.8587 -0.0179
v -0.3889 0.8637 -0.0190
v -0.3854 0.8194 -0.0205
v -0.3830 0.8261 -0.0259
v -0.3830 0.8157 -0.0260
v -0.3653 0.8327 -0.0365
v -0.3724 0.8129 -0.0375
v -0.3728 0.8196 -0.0361
v -0.3541 0.8439 -0.0370
v -0.3340 0.8324 -0.0382
v -0.3545 0.8250 -0.0378
v -0.3432 0.8039 -0.0417
v -0.3448 0.8099 -0.0395
v -0.3176 0.8101 -0.0405
v -0.3216 0.8020 -0.0538
v -0.3358 0.8016 -0.0634
v -0.3611 0.8025 -0.0468
v -0.3531 0.8023 -0.0867
v -0.3599 0.8034 -0.0961
v -0.3669 0.8017 -0.0883
v -0.3712 0.8040 -0.1027
v -0.3782 0.8029 -0.1072
v -0.3819 0.8029 -0.1129
v -0.3835 0.8059 -0.1184
v -0.3840 0.8021 -0.1175
v -0.4132 0.7995 -0.1156
v -0.4001 0.8031 -0.1223
v -0.4170 0.8014 -0.1185
v -0.4370 0.7922 -0.1074
v -0.4438 0.7835 -0.1005
v -0.4502 0.7897 -0.0876
v -0.4439 0.7896 -0.0938
v -0.4491 0.7880 -0.0923
v -0.4438 0.7568 -0.1050
v -0.4423 0.7597 -0.1116
v -0.4430 0.7341 -0.1094
v -0.4414 0.7838 -0.1150
v -0.4388 0.7911 -0.1219
v -0.4410 0.7800 -0.1244
v -0.4347 0.8075 -0.1275
v -0.4397 0.8049 -0.1339
v -0.4386 0.7986 -0.1287
v -0.4428 0.7980 -0.1388
v -0.4467 0.7899 -0.1418
v -0.4438 0.7826 -0.1391
v -0.4427 0.7611 -0.1423
v -0.4452 0.7609 -0.1460
v -0.4434 0.7418 -0.1458
v -0.4457 0.7479 -0.1483
v -0.4482 0.7502 -0.1499
v -0.4510 0.7966 -0.1443
v -0.4583 0.7978 -0.1465
v -0.4569 0.7904 -0.1450
v -0.4670 0.7981 -0.1475
v -0.4683 0.8053 -0.1520
v -0.4770 0.7998 -0.1481
v -0.4923 0.7991 -0.1458
v -0.4918 0.8061 -0.1500
v -0.5035 0.7974 -0.1429
v -0.5075 0.7948 -0.1417
v -0.5076 0.8006 -0.1422
v -0.5103 0.7978 -0.1400
v -0.5164 0.7987 -0.1214
v -0.5141 0.7867 -0.1328
v -0.5139 0.7978 -0.1334
v -0.5337 0.8087 -0.1075
v -0.5284 0.8084 -0.1154
v -0.5369 0.8113 -0.1175
v -0.5365 0.8109 -0.0634
v -0.5367 0.8105 -0.0857
v -0.5389 0.8170 -0.0837
v -0.5362 0.8117 -0.0339
v -0.5357 0.8183 -0.0146
v -0.5395 0.8204 -0.0230
v -0.5389 0.8267 -0.0170
v -0.5336 0.8266 -0.0117
v -0.5373 0.8441 -0.0136
v -0.5305 0.8410 -0.0111
v -0.5369 0.8883 -0.0147
v -0.5214 0.8968 -0.0083
v -0.5219 0.8903 -0.0081
v -0.5181 0.8951 -0.0013
v -0.5172 0.8994 -0.0027
v -0.5064 0.9062 -0.0021
v -0.5043 0.9120 -0.0081
v -0.4972 0.9095 -0.0027
v -0.4822 0.9148 -0.0082
v -0.4802 0.9233 -0.0097
v -0.4667 0.9147 -0.0085
v -0.4578 0.9089 -0.0023
v -0.4620 0.9141 -0.0087
v -0.4577 0.9138 -0.0086
v -0.4475 0.9034 -0.0046
v -0.4365 0.9001 -0.0167
v -0.4352 0.9039 -0.0232
v -0.4258 0.9003 -0.0202
v -0.4006 0.8956 -0.0178
v -0.3940 0.8899 -0.0170
v -0.3846 0.8897 -0.0256
v -0.3802 0.8790 -0.0293
v -0.3854 0.8677 -0.0236
v -0.3795 0.8673 -0.0306
v -0.3727 0.8824 -0.0344
v -0.3727 0.8626 -0.0338
v -0.3420 0.8559 -0.0375
v -0.3520 0.8749 -0.0374
v -0.3310 0.8667 -0.0380
v -0.2962 0.8308 -0.0388
v -0.2757 0.8536 -0.0384
v -0.2423 0.8356 -0.0385
v -0.2526 0.8091 -0.0413
v -0.2708 0.8140 -0.0399
v -0.2426 0.8136 -0.0397
v -0.2577 0.8043 -0.0424
v -0.2705 0.8033 -0.0472
v -0.2823 0.8047 -0.0430
v -0.2578 0.8022 -0.0535
v -0.2483 0.8013 -0.0607
v -0.2668 0.8011 -0.0643
v -0.2970 0.8014 -0.0653
v -0.3147 0.8012 -0.0790
v -0.3321 0.8023 -0.0922
v -0.3484 0.8045 -0.0989
v -0.3467 0.8075 -0.1029
v -0.3288 0.8127 -0.1059
v -0.3495 0.8123 -0.1052
v -0.3735 0.8126 -0.1077
v -0.3722 0.8350 -0.1074
v -0.3766 0.8302 -0.1078
v -0.3897 0.8032 -0.1219
v -0.3858 0.8123 -0.1213
v -0.4162 0.8092 -0.1227
v -0.4053 0.8145 -0.1233
v -0.4159 0.8177 -0.1238
v -0.4337 0.7981 -0.1154
v -0.4262 0.8012 -0.1187
v -0.4337 0.7998 -0.1212
v -0.4258 0.8045 -0.1216
v -0.4263 0.8096 -0.1239
v -0.4328 0.8044 -0.1222
v -0.4364 0.8135 -0.1297
v -0.4408 0.8282 -0.1373
v -0.4396 0.8125 -0.1352
v -0.4435 0.8126 -0.1438
v -0.4493 0.8190 -0.1503
v -0.4494 0.8129 -0.1503
v -0.4584 0.8088 -0.1538
v -0.4537 0.8096 -0.1522
v -0.4593 0.8132 -0.1560
v -0.4717 0.8099 -0.1582
v -0.4854 0.8192 -0.1593
v -0.4784 0.8099 -0.1585
v -0.4985 0.8070 -0.1497
v -0.5110 0.8061 -0.1410
v -0.5098 0.8089 -0.1446
v -0.5137 0.8143 -0.1423
v -0.5216 0.8258 -0.1299
v -0.5178 0.8207 -0.1370
v -0.5175 0.8341 -0.1382
v -0.5369 0.8168 -0.1222
v -0.5420 0.8231 -0.1118
v -0.5419 0.8640 -0.1055
v -0.5414 0.8576 -0.1097
v -0.5415 0.8798 -0.0972
v -0.5419 0.8297 -0.0262
v -0.5414 0.8492 -0.0626
v -0.5410 0.8601 -0.0354
v -0.5404 0.8899 -0.0231
v -0.5368 0.9006 -0.0195
v -0.5310 0.9005 -0.0147
v -0.5126 0.9028 -0.0014
v -0.5198 0.9019 -0.0100
v -0.5146 0.9041 -0.0094
v -0.5032 0.9178 -0.0110
v -0.4991 0.9130 -0.0085
v -0.4972 0.9284 -0.0113
v -0.4786 0.9613 -0.0133
v -0.4890 0.9384 -0.0114
v -0.4530 0.9125 -0.0077
v -0.4523 0.9184 -0.0105
v -0.4484 0.9132 -0.0115
v -0.4452 0.9116 -0.0171
v -0.4421 0.8990 -0.0116
v -0.4388 0.9051 -0.0263
v -0.4440 0.9110 -0.0297
v -0.4363 0.9054 -0.0295
v -0.4178 0.9043 -0.0354
v -0.4214 0.9058 -0.0486
v -0.3905 0.9040 -0.0474
v -0.3882 0.8959 -0.0236
v -0.3834 0.8931 -0.0298
v -0.3620 0.8851 -0.0372
v -0.3715 0.8917 -0.0411
v -0.3616 0.8904 -0.0438
v -0.3372 0.8783 -0.0387
v -0.3513 0.8882 -0.0406
v -0.3207 0.8821 -0.0398
v -0.2370 0.8738 -0.0387
v -0.2386 0.8606 -0.0382
v -0.2073 0.8201 -0.0385
v -0.1921 0.8195 -0.0322
v -0.1922 0.8353 -0.0315
v -0.1861 0.8125 -0.0318
v -0.1942 0.8024 -0.0361
v -0.1919 0.7987 -0.0375
v -0.1974 0.8008 -0.0407
v -0.2074 0.8059 -0.0422
v -0.2090 0.8022 -0.0472
v -0.2205 0.8052 -0.0442
v -0.2391 0.8056 -0.0437
v -0.2298 0.8090 -0.0415
v -0.2282 0.8022 -0.0513
v -0.2540 0.8003 -0.0673
v -0.2504 0.7980 -0.0745
v -0.2571 0.7995 -0.0731
v -0.2636 0.7985 -0.0805
v -0.2626 0.7915 -0.0882
v -0.2647 0.7966 -0.0877
v -0.2892 0.7913 -0.0922
v -0.2935 0.7986 -0.0862
v -0.2858 0.7973 -0.0888
v -0.2906 0.7812 -0.0925
v -0.2843 0.7798 -0.0965
v -0.2852 0.7572 -0.0957
v -0.2999 0.7760 -0.0927
v -0.2994 0.7913 -0.0915
v -0.2956 0.7824 -0.0916
v -0.3061 0.7981 -0.0886
v -0.3071 0.7962 -0.0933
v -0.3144 0.8007 -0.0864
v -0.3214 0.8016 -0.0930
v -0.3137 0.7968 -0.1018
v -0.3201 0.8011 -0.1003
v -0.3288 0.8039 -0.0991
v -0.3217 0.8064 -0.1066
v -0.3283 0.8079 -0.1043
v -0.3305 0.8218 -0.1065
v -0.3438 0.8197 -0.1062
v -0.3288 0.8477 -0.1073
v -0.3202 0.8512 -0.1122
v -0.3290 0.8668 -0.1071
v -0.3770 0.8477 -0.1107
v -0.3818 0.8467 -0.1153
v -0.3789 0.8328 -0.1115
v -0.3948 0.8268 -0.1234
v -0.3887 0.8375 -0.1226
v -0.3951 0.8496 -0.1224
v -0.4278 0.8179 -0.1258
v -0.4204 0.8319 -0.1238
v -0.4303 0.8310 -0.1264
v -0.4377 0.8724 -0.1274
v -0.4426 0.8688 -0.1335
v -0.4367 0.8420 -0.1288
v -0.4445 0.8513 -0.1410
v -0.4465 0.8474 -0.1450
v -0.4438 0.8402 -0.1432
v -0.4577 0.8293 -0.1522
v -0.4693 0.8282 -0.1573
v -0.4624 0.8208 -0.1570
v -0.4719 0.8402 -0.1500
v -0.4853 0.8289 -0.1578
v -0.4787 0.8291 -0.1578
v -0.4698 0.8453 -0.1484
v -0.4656 0.8578 -0.1474
v -0.4855 0.8474 -0.1476
v -0.4918 0.8327 -0.1532
v -0.4970 0.8245 -0.1568
v -0.5044 0.8112 -0.1490
v -0.5089 0.8180 -0.1509
v -0.5106 0.8150 -0.1468
v -0.5142 0.8477 -0.1447
v -0.5170 0.8528 -0.1352
v -0.5371 0.8448 -0.1215
v -0.5272 0.8583 -0.1243
v -0.5338 0.8696 -0.1212
v -0.5415 0.8847 -0.1117
v -0.5371 0.9044 -0.0565
v -0.5385 0.8998 -0.0857
v -0.5367 0.9042 -0.0719
v -0.5367 0.9046 -0.0321
v -0.5272 0.9080 -0.0450
v -0.5214 0.9107 -0.0296
v -0.5179 0.9182 -0.0353
v -0.5174 0.9180 -0.0300
v -0.5100 0.9283 -0.0188
v -0.5131 0.9274 -0.0241
v -0.5096 0.9481 -0.0199
v -0.5141 0.9103 -0.0165
v -0.5142 0.9136 -0.0214
v -0.5124 0.9175 -0.0192
v -0.5317 0.9052 -0.0195
v -0.5274 0.9072 -0.0252
v -0.5218 0.9072 -0.0188
v -0.5409 0.8968 -0.0473
v -0.4900 0.9719 -0.0146
v -0.4801 0.9976 -0.0160
v -0.4677 0.9360 -0.0112
v -0.4573 0.9414 -0.0125
v -0.4509 0.9400 -0.0154
v -0.4492 0.9468 -0.0195
v -0.4482 0.9262 -0.0172
v -0.4464 0.9186 -0.0330
v -0.4470 0.9322 -0.0390
v -0.4462 0.9190 -0.0414
v -0.4370 0.9069 -0.0369
v -0.3902 0.9036 -0.0605
v -0.3816 0.8985 -0.0596
v -0.3713 0.8937 -0.0490
v -0.3603 0.8918 -0.0519
v -0.3285 0.8887 -0.0439
v -0.3272 0.8872 -0.0407
v -0.2579 0.8815 -0.0396
v -0.2630 0.8868 -0.0411
v -0.2390 0.8865 -0.0412
v -0.2086 0.8725 -0.0379
v -0.2106 0.8810 -0.0391
v -0.2039 0.8759 -0.0370
v -0.1923 0.8828 -0.0314
v -0.1968 0.8887 -0.0347
v -0.1924 0.8888 -0.0328
v -0.2008 0.8432 -0.0352
v -0.1923 0.8513 -0.0312
v -0.1821 0.8534 -0.0309
v -0.1711 0.8569 -0.0347
v -0.1722 0.8378 -0.0345
v -0.1737 0.8233 -0.0345
v -0.1708 0.8119 -0.0368
v -0.1803 0.8125 -0.0323
v -0.1736 0.8010 -0.0403
v -0.1711 0.7993 -0.0460
v -0.1774 0.7967 -0.0410
v -0.1863 0.7978 -0.0369
v -0.1865 0.7935 -0.0445
v -0.1953 0.7963 -0.0413
v -0.1965 0.7959 -0.0449
v -0.1975 0.7955 -0.0511
v -0.2015 0.7999 -0.0460
v -0.2086 0.8006 -0.0539
v -0.2065 0.7996 -0.0661
v -0.2171 0.8017 -0.0552
v -0.2147 0.8020 -0.0790
v -0.2222 0.7998 -0.0814
v -0.2276 0.7998 -0.0744
v -0.2396 0.7913 -0.0791
v -0.2435 0.7984 -0.0730
v -0.2371 0.7978 -0.0737
v -0.2460 0.7731 -0.0796
v -0.2436 0.7915 -0.0784
v -0.2363 0.7275 -0.0819
v -0.2347 0.7470 -0.0832
v -0.2331 0.7261 -0.0841
v -0.2397 0.6919 -0.0799
v -0.2341 0.7019 -0.0827
v -0.2362 0.6673 -0.0817
v -0.2441 0.6252 -0.0797
v -0.2485 0.6402 -0.0800
v -0.2442 0.6560 -0.0797
v -0.2443 0.5948 -0.0797
v -0.2398 0.6055 -0.0798
v -0.2397 0.5722 -0.0798
v -0.2388 0.4925 -0.0800
v -0.2452 0.5089 -0.0795
v -0.2396 0.5282 -0.0797
v -0.2368 0.4686 -0.0808
v -0.2245 0.4788 -0.0944
v -0.2238 0.4734 -0.1001
v -0.2248 0.4656 -0.0951
v -0.2251 0.4671 -0.1033
v -0.2276 0.4761 -0.1072
v -0.2260 0.4591 -0.1071
v -0.2186 0.4432 -0.1058
v -0.2379 0.4940 -0.1126
v -0.2444 0.5240 -0.1132
v -0.2452 0.4985 -0.1133
v -0.2563 0.4779 -0.1116
v -0.2617 0.5180 -0.1098
v -0.2623 0.4935 -0.1087
v -0.2679 0.4876 -0.1070
v -0.2656 0.4974 -0.1071
v -0.2685 0.5126 -0.1067
v -0.2676 0.4517 -0.1083
v -0.2643 0.4414 -0.1102
v -0.2618 0.4587 -0.1101
v -0.2713 0.4414 -0.1121
v -0.2739 0.4679 -0.1154
v -0.2897 0.4143 -0.1301
v -0.2885 0.4491 -0.1297
v -0.2936 0.4289 -0.1317
v -0.2978 0.3723 -0.1307
v -0.2991 0.3967 -0.1304
v -0.2980 0.4206 -0.1307
v -0.2989 0.4478 -0.1304
v -0.3062 0.4366 -0.1267
v -0.3086 0.4527 -0.1239
v -0.3134 0.4737 -0.1115
v -0.3132 0.4689 -0.1145
v -0.3131 0.4930 -0.1123
v -0.3119 0.4672 -0.1040
v -0.3131 0.4765 -0.1082
v -0.3112 0.4898 -0.1030
v -0.3024 0.4623 -0.0929
v -0.3051 0.4661 -0.0948
v -0.3057 0.4851 -0.0954
v -0.2982 0.4554 -0.0897
v -0.2927 0.4571 -0.0897
v -0.2839 0.4668 -0.0951
v -0.2820 0.4546 -0.0952
v -0.2873 0.4599 -0.0921
v -0.2612 0.4537 -0.0837
v -0.2656 0.4486 -0.0861
v -0.2656 0.4545 -0.0909
v -0.2537 0.4618 -0.0807
v -0.2492 0.4663 -0.0794
v -0.2579 0.4910 -0.0842
v -0.2587 0.5069 -0.0853
v -0.2528 0.5044 -0.0801
v -0.2640 0.4815 -0.0915
v -0.2702 0.4840 -0.0944
v -0.2639 0.4863 -0.0916
v -0.2638 0.5064 -0.0918
v -0.2717 0.5091 -0.0952
v -0.2638 0.5251 -0.0919
v -0.2501 0.5626 -0.0804
v -0.2541 0.5572 -0.0819
v -0.2541 0.5767 -0.0822
v -0.2484 0.6108 -0.0800
v -0.2486 0.6696 -0.0800
v -0.2532 0.6807 -0.0816
v -0.2487 0.6977 -0.0799
v -0.2574 0.7288 -0.0845
v -0.2639 0.7376 -0.0918
v -0.2594 0.7585 -0.0848
v -0.2557 0.7817 -0.0821
v -0.2559 0.7915 -0.0813
v -0.2489 0.7914 -0.0789
v -0.2614 0.7762 -0.0877
v -0.2636 0.7835 -0.0931
v -0.2682 0.7910 -0.0964
v -0.2755 0.7907 -0.1001
v -0.2713 0.7966 -0.0943
v -0.2856 0.7956 -0.0933
v -0.2829 0.7916 -0.0962
v -0.2817 0.7637 -0.0987
v -0.2801 0.7725 -0.1003
v -0.2800 0.7476 -0.1002
v -0.2800 0.6907 -0.0999
v -0.2800 0.7334 -0.1000
v -0.2753 0.7123 -0.0985
v -0.2937 0.7247 -0.0904
v -0.2930 0.7456 -0.0917
v -0.2899 0.7303 -0.0924
v -0.2985 0.6665 -0.0913
v -0.2994 0.6930 -0.0916
v -0.2937 0.6899 -0.0900
v -0.2888 0.6182 -0.0921
v -0.2886 0.6402 -0.0922
v -0.2856 0.6238 -0.0943
v -0.2870 0.5885 -0.0927
v -0.2817 0.5916 -0.0968
v -0.2821 0.5839 -0.0960
v -0.2820 0.5554 -0.0960
v -0.2732 0.5475 -0.0967
v -0.2816 0.5476 -0.0968
v -0.2869 0.4994 -0.0928
v -0.2818 0.5073 -0.0957
v -0.2819 0.4877 -0.0959
v -0.2986 0.5736 -0.0910
v -0.2984 0.6030 -0.0911
v -0.2938 0.5795 -0.0897
v -0.3027 0.6539 -0.0930
v -0.3027 0.6809 -0.0930
v -0.3028 0.7041 -0.0932
v -0.3062 0.7127 -0.0956
v -0.3035 0.7230 -0.0937
v -0.3027 0.7415 -0.0936
v -0.3029 0.7635 -0.0940
v -0.2980 0.7491 -0.0921
v -0.3115 0.7400 -0.1033
v -0.3131 0.7610 -0.1066
v -0.3097 0.7558 -0.0995
v -0.3136 0.7909 -0.1066
v -0.3183 0.7996 -0.1064
v -0.3138 0.7952 -0.1062
v -0.3182 0.8076 -0.1121
v -0.3234 0.8126 -0.1069
v -0.3216 0.8403 -0.1118
v -0.3167 0.8440 -0.1170
v -0.3247 0.8704 -0.1072
v -0.3330 0.8742 -0.1067
v -0.3446 0.8766 -0.1056
v -0.3541 0.8808 -0.1041
v -0.3633 0.8743 -0.1061
v -0.3783 0.8830 -0.1073
v -0.3853 0.8830 -0.1170
v -0.3792 0.8682 -0.1112
v -0.3901 0.8590 -0.1214
v -0.3929 0.8760 -0.1215
v -0.4292 0.8831 -0.1218
v -0.4314 0.8875 -0.1216
v -0.4357 0.8829 -0.1260
v -0.4429 0.8813 -0.1336
v -0.4455 0.8971 -0.1416
v -0.4467 0.8903 -0.1457
v -0.4520 0.8466 -0.1465
v -0.4471 0.8620 -0.1452
v -0.4518 0.8830 -0.1469
v -0.4835 0.8641 -0.1480
v -0.4963 0.8477 -0.1468
v -0.5076 0.8337 -0.1487
v -0.5046 0.8421 -0.1476
v -0.5100 0.8419 -0.1467
v -0.4932 0.8394 -0.1497
v -0.5011 0.8383 -0.1489
v -0.5137 0.8902 -0.1442
v -0.5134 0.8968 -0.1433
v -0.5160 0.8886 -0.1381
v -0.5209 0.8956 -0.1288
v -0.5198 0.9004 -0.1268
v -0.5265 0.8945 -0.1239
v -0.5385 0.8829 -0.1182
v -0.5323 0.8890 -0.1209
v -0.5363 0.8990 -0.1170
v -0.5397 0.8953 -0.1079
v -0.5377 0.9002 -0.1071
v -0.5142 0.9121 -0.0727
v -0.5184 0.9116 -0.0876
v -0.5142 0.9133 -0.0798
v -0.5070 0.9186 -0.0598
v -0.5073 0.9264 -0.0674
v -0.5067 0.9306 -0.0584
v -0.5152 0.9180 -0.0477
v -0.5116 0.9261 -0.0527
v -0.5141 0.9520 -0.0371
v -0.5149 0.9260 -0.0430
v -0.5134 0.9531 -0.0451
v -0.5126 1.0065 -0.0317
v -0.5127 1.0145 -0.0368
v -0.5110 1.0326 -0.0303
v -0.5143 0.9379 -0.0311
v -0.5154 0.9261 -0.0364
v -0.5052 0.9757 -0.0178
v -0.5089 0.9953 -0.0205
v -0.5037 0.9988 -0.0189
v -0.5076 1.0235 -0.0218
v -0.5021 1.0502 -0.0226
v -0.4922 1.0289 -0.0186
v -0.4640 1.0140 -0.0165
v -0.4592 1.0365 -0.0189
v -0.4587 1.0007 -0.0164
v -0.4518 0.9614 -0.0170
v -0.4524 0.9875 -0.0177
v -0.4494 0.9706 -0.0203
v -0.4475 0.9908 -0.0352
v -0.4476 0.9739 -0.0428
v -0.4475 0.9546 -0.0352
v -0.4490 0.9179 -0.0571
v -0.4494 0.9280 -0.0539
v -0.4512 0.9207 -0.0597
v -0.4466 0.9201 -0.0489
v -0.4431 0.9108 -0.0506
v -0.4440 0.9116 -0.0798
v -0.4363 0.9084 -0.0894
v -0.4359 0.9073 -0.0686
v -0.4258 0.9063 -0.0785
v -0.3911 0.9038 -0.0719
v -0.3837 0.8994 -0.0787
v -0.3794 0.8961 -0.0754
v -0.3707 0.8941 -0.0607
v -0.3692 0.8930 -0.0725
v -0.3591 0.8920 -0.0642
v -0.3126 0.8909 -0.0606
v -0.3241 0.8908 -0.0685
v -0.3142 0.8917 -0.0723
v -0.2959 0.8913 -0.0601
v -0.2862 0.8922 -0.0657
v -0.2789 0.8920 -0.0655
v -0.2682 0.8900 -0.0475
v -0.2393 0.8913 -0.0539
v -0.2372 0.8892 -0.0467
v -0.2107 0.8871 -0.0419
v -0.2068 0.8917 -0.0456
v -0.2013 0.8894 -0.0391
v -0.1924 0.8924 -0.0349
v -0.1864 0.8887 -0.0321
v -0.1812 0.8814 -0.0320
v -0.1741 0.8829 -0.0338
v -0.1791 0.8651 -0.0313
v -0.1700 0.8839 -0.0363
v -0.1612 0.8640 -0.0372
v -0.1376 0.8817 -0.0402
v -0.1331 0.8864 -0.0413
v -0.0640 0.8888 -0.0548
v -0.0234 0.8877 -0.0459
v -0.0006 0.8896 -0.0707
v 0.0057 0.8893 -0.0782
v 0.0165 0.8899 -0.0699
v 0.0276 0.8908 -0.0727
v 0.0214 0.8939 -0.0809
v 0.0280 0.8960 -0.0810
v 0.0410 0.9043 -0.0854
v 0.0445 0.9178 -0.0874
v 0.0449 0.9045 -0.0865
v 0.0542 0.8961 -0.0879
v 0.0531 0.9050 -0.0946
v 0.0552 0.8980 -0.0943
v 0.0560 0.8959 -0.1002
v 0.0532 0.8950 -0.1048
v 0.0584 0.8906 -0.1019
v 0.0634 0.8899 -0.1015
v 0.0706 0.8906 -0.0983
v 0.0637 0.8920 -0.0980
v 0.0702 0.8730 -0.1065
v 0.0699 0.8812 -0.1056
v 0.0611 0.8717 -0.1070
v 0.0543 0.8210 -0.1077
v 0.0616 0.8381 -0.1069
v 0.0502 0.8303 -0.1079
v 0.0507 0.8160 -0.1082
v 0.0548 0.8133 -0.1071
v 0.0709 0.8090 -0.1035
v 0.0718 0.8156 -0.1056
v 0.0638 0.8087 -0.1038
v 0.0553 0.7972 -0.0937
v 0.0615 0.8014 -0.0974
v 0.0565 0.7992 -0.1000
v 0.0456 0.7810 -0.0839
v 0.0485 0.7886 -0.0857
v 0.0497 0.7854 -0.0876
v 0.0375 0.7911 -0.0796
v 0.0417 0.7958 -0.0796
v 0.0421 0.7871 -0.0814
v 0.0402 0.7717 -0.0813
v 0.0412 0.7447 -0.0816
v 0.0361 0.7476 -0.0804
v 0.0316 0.7911 -0.0797
v 0.0216 0.7968 -0.0808
v 0.0272 0.7958 -0.0794
v 0.0054 0.8018 -0.0623
v 0.0133 0.8015 -0.0720
v -0.0003 0.8018 -0.0708
v -0.0138 0.8014 -0.0809
v -0.0163 0.7997 -0.0870
v -0.0244 0.8009 -0.0787
v -0.0304 0.7906 -0.0902
v -0.0365 0.7989 -0.0866
v -0.0298 0.7987 -0.0864
v -0.0259 0.7685 -0.0934
v -0.0305 0.7795 -0.0920
v -0.0254 0.7837 -0.0929
v -0.0339 0.7512 -0.0930
v -0.0306 0.7650 -0.0927
v -0.0271 0.7471 -0.0928
v -0.0254 0.7063 -0.0936
v -0.0295 0.7252 -0.0929
v -0.0249 0.7287 -0.0937
v -0.0297 0.6218 -0.0926
v -0.0293 0.6546 -0.0929
v -0.0253 0.6319 -0.0934
v -0.0216 0.6190 -0.0947
v -0.0185 0.6339 -0.0974
v -0.0185 0.6112 -0.0969
v -0.0295 0.5572 -0.0914
v -0.0254 0.5747 -0.0929
v -0.0228 0.5584 -0.0934
v -0.0295 0.5215 -0.0914
v -0.0296 0.5393 -0.0920
v -0.0257 0.5389 -0.0927
v -0.0187 0.5076 -0.0965
v -0.0164 0.4999 -0.0990
v -0.0142 0.4734 -0.1032
v -0.0097 0.4407 -0.1057
v -0.0125 0.4459 -0.1125
v -0.0089 0.4339 -0.1060
v -0.0016 0.4350 -0.1006
v -0.0023 0.4267 -0.1031
v 0.0071 0.4316 -0.1010
v 0.0120 0.4396 -0.0987
v 0.0165 0.4490 -0.0986
v 0.0182 0.4732 -0.0896
v 0.0173 0.4696 -0.0948
v 0.0163 0.4878 -0.0936
v 0.0165 0.5145 -0.0936
v 0.0175 0.5163 -0.0993
v 0.0178 0.5326 -0.0938
v 0.0208 0.5408 -0.0850
v 0.0244 0.5650 -0.0826
v 0.0261 0.5411 -0.0810
v 0.0297 0.5676 -0.0791
v 0.0307 0.5924 -0.0797
v 0.0356 0.5805 -0.0787
v 0.0464 0.5641 -0.0821
v 0.0488 0.5378 -0.0845
v 0.0507 0.5318 -0.0889
v 0.0526 0.5412 -0.0936
v 0.0517 0.5269 -0.0937
v 0.0510 0.5213 -0.0982
v 0.0486 0.5124 -0.1028
v 0.0393 0.5069 -0.1091
v 0.0301 0.4741 -0.1092
v 0.0297 0.5018 -0.1093
v 0.0253 0.4844 -0.1075
v 0.0173 0.5003 -0.0993
v 0.0190 0.4782 -0.1018
v 0.0215 0.4954 -0.1045
v 0.0208 0.5328 -0.1032
v 0.0185 0.5413 -0.0984
v 0.0187 0.5506 -0.0889
v 0.0184 0.5669 -0.0934
v 0.0194 0.5752 -0.0890
v 0.0204 0.5891 -0.0854
v 0.0177 0.6161 -0.0939
v 0.0197 0.6206 -0.0896
v 0.0269 0.5833 -0.0812
v 0.0344 0.6042 -0.0791
v 0.0349 0.6261 -0.0795
v 0.0393 0.6062 -0.0792
v 0.0440 0.6095 -0.0817
v 0.0429 0.6284 -0.0816
v 0.0480 0.6296 -0.0852
v 0.0528 0.5786 -0.0938
v 0.0523 0.5680 -0.0997
v 0.0519 0.5591 -0.0944
v 0.0472 0.5294 -0.1059
v 0.0499 0.5533 -0.1027
v 0.0479 0.5676 -0.1067
v 0.0350 0.5609 -0.1122
v 0.0400 0.5902 -0.1111
v 0.0347 0.5823 -0.1128
v 0.0255 0.5109 -0.1076
v 0.0298 0.5284 -0.1098
v 0.0250 0.5372 -0.1074
v 0.0226 0.5524 -0.1055
v 0.0251 0.5606 -0.1078
v 0.0226 0.5728 -0.1057
v 0.0189 0.6024 -0.0985
v 0.0204 0.6091 -0.1028
v 0.0188 0.6232 -0.0988
v 0.0185 0.6340 -0.0943
v 0.0197 0.6403 -0.0900
v 0.0243 0.6503 -0.0838
v 0.0252 0.6734 -0.0834
v 0.0275 0.6535 -0.0818
v 0.0308 0.6163 -0.0800
v 0.0309 0.6415 -0.0803
v 0.0458 0.6467 -0.0840
v 0.0495 0.6429 -0.0888
v 0.0502 0.6923 -0.0900
v 0.0515 0.6889 -0.0948
v 0.0503 0.6672 -0.0904
v 0.0511 0.6352 -0.0942
v 0.0505 0.6144 -0.0893
v 0.0515 0.5837 -0.1001
v 0.0482 0.6128 -0.1070
v 0.0448 0.6178 -0.1098
v 0.0451 0.5971 -0.1089
v 0.0289 0.6073 -0.1120
v 0.0347 0.6250 -0.1133
v 0.0289 0.6311 -0.1112
v 0.0227 0.5956 -0.1062
v 0.0254 0.6049 -0.1095
v 0.0224 0.6182 -0.1063
v 0.0180 0.6500 -0.0998
v 0.0196 0.6695 -0.1026
v 0.0184 0.6688 -0.0982
v 0.0194 0.7061 -0.0907
v 0.0175 0.7017 -0.0941
v 0.0179 0.7246 -0.0948
v 0.0218 0.6896 -0.0867
v 0.0247 0.6995 -0.0837
v 0.0304 0.6690 -0.0807
v 0.0277 0.6887 -0.0817
v 0.0312 0.6929 -0.0804
v 0.0388 0.6867 -0.0803
v 0.0421 0.6988 -0.0815
v 0.0423 0.6796 -0.0815
v 0.0453 0.7116 -0.0835
v 0.0451 0.7371 -0.0835
v 0.0486 0.7272 -0.0859
v 0.0515 0.7122 -0.0946
v 0.0517 0.7303 -0.0995
v 0.0524 0.7123 -0.1000
v 0.0512 0.6640 -0.0993
v 0.0501 0.6772 -0.1038
v 0.0501 0.6478 -0.1031
v 0.0480 0.6634 -0.1076
v 0.0482 0.6966 -0.1077
v 0.0398 0.6888 -0.1120
v 0.0341 0.6995 -0.1129
v 0.0347 0.6678 -0.1136
v 0.0247 0.6291 -0.1087
v 0.0252 0.6504 -0.1093
v 0.0219 0.6744 -0.1071
v 0.0220 0.7037 -0.1072
v 0.0197 0.6942 -0.1035
v 0.0172 0.7303 -0.1000
v 0.0170 0.7497 -0.0943
v 0.0244 0.7597 -0.0839
v 0.0219 0.7470 -0.0863
v 0.0211 0.7657 -0.0873
v 0.0278 0.7277 -0.0817
v 0.0245 0.7382 -0.0838
v 0.0278 0.7496 -0.0818
v 0.0351 0.7215 -0.0800
v 0.0386 0.7279 -0.0805
v 0.0386 0.7087 -0.0803
v 0.0313 0.7140 -0.0804
v 0.0278 0.7070 -0.0816
v 0.0206 0.7908 -0.0860
v 0.0168 0.7918 -0.0924
v 0.0156 0.7979 -0.0869
v 0.0067 0.8027 -0.0860
v 0.0071 0.8029 -0.0934
v -0.0024 0.8024 -0.0825
v -0.0178 0.7908 -0.0968
v -0.0173 0.7966 -0.0940
v -0.0147 0.7906 -0.0997
v -0.0119 0.7746 -0.1082
v -0.0141 0.7600 -0.1034
v -0.0213 0.7417 -0.0943
v -0.0226 0.7586 -0.0946
v -0.0193 0.7588 -0.0967
v -0.0213 0.6938 -0.0949
v -0.0155 0.7225 -0.0998
v -0.0180 0.6891 -0.0981
v -0.0221 0.6402 -0.0946
v -0.0214 0.6636 -0.0946
v -0.0148 0.6144 -0.1032
v -0.0139 0.6091 -0.1082
v -0.0145 0.5908 -0.1036
v -0.0213 0.5401 -0.0945
v -0.0182 0.5547 -0.0965
v -0.0184 0.5301 -0.0966
v -0.0126 0.5233 -0.1080
v -0.0132 0.5394 -0.1141
v -0.0140 0.5174 -0.1135
v -0.0166 0.5033 -0.1203
v -0.0195 0.5099 -0.1242
v -0.0174 0.4785 -0.1219
v -0.0148 0.4641 -0.1175
v -0.0209 0.4199 -0.1290
v -0.0235 0.4345 -0.1297
v -0.0297 0.4305 -0.1310
v -0.0296 0.3718 -0.1313
v -0.0338 0.3659 -0.1300
v -0.0297 0.4544 -0.1295
v -0.0299 0.4830 -0.1287
v -0.0341 0.4701 -0.1286
v -0.0465 0.4871 -0.1183
v -0.0436 0.4603 -0.1225
v -0.0425 0.4842 -0.1236
v -0.0485 0.5240 -0.1087
v -0.0494 0.5073 -0.1141
v -0.0494 0.5332 -0.1142
v -0.0442 0.5243 -0.0987
v -0.0468 0.5416 -0.1036
v -0.0446 0.5611 -0.0995
v -0.0388 0.5604 -0.0939
v -0.0419 0.5720 -0.0966
v -0.0393 0.5938 -0.0949
v -0.0336 0.5064 -0.0927
v -0.0336 0.5401 -0.0926
v -0.0418 0.5480 -0.0965
v -0.0391 0.5256 -0.0944
v -0.0471 0.4926 -0.1042
v -0.0483 0.4834 -0.1084
v -0.0494 0.5020 -0.1084
v -0.0468 0.4757 -0.1035
v -0.0296 0.5928 -0.0916
v -0.0344 0.6079 -0.0930
v -0.0387 0.6566 -0.0945
v -0.0426 0.6781 -0.0966
v -0.0389 0.6818 -0.0946
v -0.0403 0.7213 -0.0945
v -0.0425 0.7423 -0.0960
v -0.0390 0.7457 -0.0942
v -0.0352 0.7759 -0.0924
v -0.0403 0.7914 -0.0928
v -0.0359 0.7897 -0.0905
v -0.0429 0.7983 -0.0885
v -0.0443 0.7957 -0.0935
v -0.0575 0.8011 -0.0936
v -0.0553 0.7987 -0.1014
v -0.0643 0.8019 -0.0937
v -0.1536 0.8014 -0.0538
v -0.1526 0.8012 -0.0695
v -0.1644 0.7998 -0.0615
v -0.1736 0.7974 -0.0650
v -0.1774 0.7976 -0.0826
v -0.1804 0.7940 -0.0648
v -0.1924 0.7929 -0.0612
v -0.1924 0.7938 -0.0716
v -0.1973 0.7962 -0.0668
v -0.1857 0.7934 -0.0882
v -0.1880 0.7967 -0.0899
v -0.1909 0.7959 -0.0841
v -0.2151 0.8021 -0.0862
v -0.2074 0.8026 -0.0929
v -0.2155 0.8021 -0.0932
v -0.2297 0.7970 -0.0805
v -0.2287 0.7954 -0.0860
v -0.2322 0.7916 -0.0827
v -0.2365 0.7719 -0.0818
v -0.2327 0.7822 -0.0841
v -0.2323 0.7661 -0.0852
v -0.2305 0.7144 -0.0867
v -0.2309 0.7421 -0.0865
v -0.2279 0.7287 -0.0908
v -0.2322 0.6525 -0.0844
v -0.2301 0.6651 -0.0867
v -0.2299 0.6489 -0.0867
v -0.2279 0.6165 -0.0898
v -0.2259 0.6036 -0.0937
v -0.2291 0.5856 -0.0857
v -0.2291 0.5440 -0.0858
v -0.2333 0.5667 -0.0832
v -0.2297 0.5608 -0.0863
v -0.2279 0.5458 -0.0891
v -0.2249 0.5322 -0.0942
v -0.2275 0.5230 -0.0897
v -0.2241 0.5090 -0.1000
v -0.2263 0.4944 -0.1047
v -0.2327 0.5591 -0.1099
v -0.2342 0.5857 -0.1106
v -0.2374 0.5768 -0.1130
v -0.2617 0.5341 -0.1098
v -0.2551 0.5522 -0.1114
v -0.2607 0.5486 -0.1093
v -0.2646 0.5625 -0.1020
v -0.2644 0.5625 -0.1061
v -0.2645 0.5675 -0.1022
v -0.2640 0.5410 -0.1018
v -0.2642 0.5500 -0.1061
v -0.2648 0.5482 -0.1018
v -0.2645 0.5261 -0.1053
v -0.2747 0.5305 -0.1137
v -0.2651 0.5196 -0.1056
v -0.2734 0.4972 -0.1139
v -0.2849 0.4935 -0.1286
v -0.2848 0.4887 -0.1287
v -0.2819 0.4933 -0.1253
v -0.2852 0.5308 -0.1272
v -0.2894 0.5412 -0.1293
v -0.2890 0.5168 -0.1294
v -0.2936 0.4663 -0.1317
v -0.2978 0.4828 -0.1305
v -0.3089 0.4824 -0.1231
v -0.3056 0.4853 -0.1269
v -0.3067 0.5107 -0.1257
v -0.3123 0.5428 -0.1164
v -0.3103 0.5559 -0.1210
v -0.3121 0.5764 -0.1169
v -0.3113 0.5220 -0.1030
v -0.3128 0.5080 -0.1075
v -0.3131 0.5482 -0.1069
v -0.3089 0.5595 -0.0985
v -0.3109 0.5463 -0.1018
v -0.3111 0.5710 -0.1025
v -0.3026 0.5327 -0.0928
v -0.3028 0.5633 -0.0928
v -0.2993 0.5476 -0.0912
v -0.2930 0.4714 -0.0910
v -0.2979 0.4842 -0.0914
v -0.2934 0.4932 -0.0897
v -0.2797 0.4739 -0.0995
v -0.2818 0.4628 -0.0971
v -0.2642 0.4626 -0.0915
v -0.2728 0.4628 -0.0961
v -0.2627 0.4707 -0.0890
v -0.2704 0.4696 -0.0946
v -0.2785 0.4698 -0.0995
v -0.2716 0.4761 -0.0952
v -0.3023 0.5000 -0.0930
v -0.3060 0.5167 -0.0954
v -0.3089 0.5891 -0.0986
v -0.3089 0.6206 -0.0986
v -0.3061 0.6078 -0.0954
v -0.3092 0.6927 -0.0983
v -0.3112 0.6661 -0.1025
v -0.3117 0.6904 -0.1036
v -0.3092 0.7259 -0.0992
v -0.3063 0.7359 -0.0959
v -0.3137 0.7336 -0.1129
v -0.3127 0.7451 -0.1163
v -0.3134 0.7538 -0.1118
v -0.3110 0.7753 -0.1212
v -0.3104 0.8000 -0.1242
v -0.3130 0.7893 -0.1177
v -0.3174 0.8169 -0.1146
v -0.3140 0.8061 -0.1181
v -0.3102 0.8271 -0.1254
v -0.3106 0.8497 -0.1254
v -0.3111 0.8797 -0.1248
v -0.3156 0.8763 -0.1190
v -0.3219 0.8913 -0.1070
v -0.3192 0.8902 -0.1139
v -0.3217 0.8995 -0.1080
v -0.3244 0.9057 -0.1081
v -0.3249 0.9120 -0.1140
v -0.3256 0.9122 -0.1079
v -0.3151 0.9054 -0.0878
v -0.3197 0.8984 -0.0949
v -0.3202 0.9056 -0.0956
v -0.3203 0.8912 -0.0872
v -0.3222 0.8911 -0.0938
v -0.3167 0.8970 -0.0898
v -0.3312 0.8824 -0.1057
v -0.3296 0.8873 -0.1030
v -0.3597 0.8850 -0.1017
v -0.3680 0.8810 -0.1051
v -0.3848 0.8979 -0.1105
v -0.3853 0.8931 -0.1154
v -0.3792 0.8903 -0.1064
v -0.3618 0.8901 -0.0908
v -0.3701 0.8913 -0.0939
v -0.3629 0.8886 -0.0972
v -0.3420 0.8908 -0.0706
v -0.3486 0.8896 -0.0873
v -0.3215 0.8902 -0.0783
v -0.3146 0.8946 -0.0799
v -0.3060 0.8925 -0.0664
v -0.2872 0.9062 -0.0766
v -0.2847 0.9012 -0.0786
v -0.2867 0.8981 -0.0745
v -0.2622 0.9039 -0.0795
v -0.2575 0.8999 -0.0795
v -0.2716 0.8990 -0.0793
v -0.2339 0.8931 -0.0638
v -0.2260 0.8930 -0.0676
v -0.2145 0.8927 -0.0617
v -0.2142 0.8922 -0.0526
v -0.2067 0.8942 -0.0529
v -0.1965 0.8988 -0.0468
v -0.1924 0.9029 -0.0527
v -0.1878 0.8994 -0.0474
v -0.1760 0.8915 -0.0356
v -0.1728 0.8912 -0.0389
v -0.1732 0.8878 -0.0361
v -0.1650 0.8922 -0.0463
v -0.1668 0.8952 -0.0528
v -0.1585 0.8917 -0.0499
v -0.1485 0.8899 -0.0473
v -0.1518 0.8911 -0.0596
v -0.1418 0.8904 -0.0619
v -0.1365 0.8895 -0.0836
v -0.1021 0.8892 -0.0832
v -0.1365 0.8896 -0.0791
v -0.0530 0.8895 -0.0744
v -0.0490 0.8958 -0.0802
v -0.0444 0.8956 -0.0740
v -0.0154 0.8898 -0.0652
v -0.0159 0.8940 -0.0736
v -0.0097 0.8900 -0.0647
v -0.0091 0.8902 -0.0796
v -0.0011 0.8888 -0.0790
v 0.0066 0.8884 -0.0861
v -0.0023 0.8907 -0.0936
v 0.0068 0.8886 -0.0933
v 0.0181 0.8952 -0.0879
v 0.0246 0.9047 -0.0865
v 0.0250 0.9250 -0.0869
v 0.0295 0.9177 -0.0858
v 0.0402 0.9278 -0.0860
v 0.0510 0.9059 -0.0907
v 0.0515 0.9052 -0.1038
v 0.0506 0.9215 -0.1028
v 0.0484 0.9150 -0.1069
v 0.0497 0.8906 -0.1086
v 0.0471 0.8979 -0.1088
v 0.0422 0.8865 -0.1141
v 0.0423 0.8742 -0.1145
v 0.0378 0.8508 -0.1151
v 0.0432 0.8604 -0.1143
v 0.0284 0.8125 -0.1148
v 0.0346 0.8228 -0.1162
v 0.0237 0.8132 -0.1127
v 0.0130 0.8116 -0.1064
v 0.0185 0.8041 -0.1089
v 0.0169 0.8228 -0.1092
v -0.0008 0.8083 -0.1038
v 0.0046 0.8130 -0.1051
v -0.0014 0.8129 -0.1058
v 0.0047 0.8050 -0.1004
v 0.0065 0.8074 -0.1033
v -0.0012 0.8053 -0.0972
v 0.0116 0.8034 -0.1021
v 0.0129 0.8052 -0.1050
v 0.0172 0.7889 -0.1045
v 0.0204 0.7777 -0.1081
v 0.0200 0.7942 -0.1086
v 0.0176 0.7816 -0.0946
v 0.0176 0.7695 -0.0998
v 0.0160 0.7911 -0.1004
v 0.0269 0.7512 -0.1118
v 0.0234 0.7673 -0.1105
v 0.0224 0.7546 -0.1095
v 0.0313 0.7309 -0.1136
v 0.0288 0.7038 -0.1119
v 0.0370 0.7531 -0.1133
v 0.0316 0.7633 -0.1135
v 0.0305 0.7907 -0.1141
v 0.0337 0.8024 -0.1148
v 0.0452 0.7583 -0.1103
v 0.0473 0.7840 -0.1090
v 0.0415 0.7783 -0.1124
v 0.0523 0.7764 -0.0998
v 0.0512 0.7980 -0.1061
v 0.0504 0.7698 -0.1046
v 0.0510 0.7655 -0.0898
v 0.0532 0.7909 -0.0941
v 0.0530 0.7604 -0.0940
v 0.0504 0.7463 -0.1041
v 0.0483 0.7624 -0.1083
v 0.0483 0.7181 -0.1078
v 0.0444 0.7049 -0.1103
v 0.0480 0.7400 -0.1076
v 0.0139 0.7984 -0.1002
v 0.0080 0.8036 -0.0991
v -0.0116 0.8003 -0.1125
v -0.0150 0.8048 -0.1196
v -0.0138 0.7832 -0.1163
v -0.0144 0.7263 -0.1020
v -0.0121 0.7506 -0.1082
v -0.0124 0.7212 -0.1083
v -0.0144 0.6860 -0.1048
v -0.0138 0.6719 -0.1091
v -0.0149 0.6560 -0.1035
v -0.0137 0.6370 -0.1076
v -0.0138 0.6225 -0.1138
v -0.0136 0.5649 -0.1087
v -0.0140 0.5751 -0.1131
v -0.0138 0.5560 -0.1123
v -0.0177 0.5533 -0.1214
v -0.0152 0.5582 -0.1173
v -0.0169 0.5724 -0.1215
v -0.0230 0.5030 -0.1265
v -0.0260 0.4955 -0.1278
v -0.0217 0.4803 -0.1261
v -0.0338 0.4939 -0.1282
v -0.0305 0.5141 -0.1281
v -0.0364 0.5147 -0.1272
v -0.0408 0.5254 -0.1253
v -0.0415 0.5458 -0.1250
v -0.0449 0.5358 -0.1234
v -0.0470 0.5512 -0.1188
v -0.0492 0.5635 -0.1145
v -0.0475 0.6158 -0.1029
v -0.0487 0.5944 -0.1083
v -0.0489 0.6131 -0.1082
v -0.0448 0.6585 -0.0993
v -0.0473 0.6496 -0.1032
v -0.0467 0.6824 -0.1021
v -0.0421 0.6444 -0.0965
v -0.0491 0.7290 -0.1058
v -0.0493 0.7645 -0.1060
v -0.0474 0.7540 -0.1015
v -0.0499 0.7503 -0.1110
v -0.0502 0.7778 -0.1101
v -0.0561 0.7995 -0.1065
v -0.0520 0.7913 -0.1101
v -0.0535 0.8000 -0.1114
v -0.0973 0.8045 -0.1033
v -0.0980 0.8086 -0.1049
v -0.1091 0.8062 -0.1032
v -0.1011 0.8029 -0.0883
v -0.1273 0.8041 -0.0963
v -0.1301 0.8028 -0.0865
v -0.1474 0.8018 -0.0813
v -0.1660 0.8010 -0.0788
v -0.1729 0.7837 -0.0928
v -0.1793 0.7934 -0.0863
v -0.1733 0.7920 -0.0899
v -0.1789 0.7841 -0.0923
v -0.1690 0.7402 -0.0939
v -0.1660 0.7536 -0.0959
v -0.1657 0.7245 -0.0959
v -0.1731 0.6923 -0.0935
v -0.1778 0.7107 -0.0937
v -0.1733 0.7208 -0.0935
v -0.1731 0.6306 -0.0934
v -0.1731 0.6603 -0.0935
v -0.1689 0.6441 -0.0941
v -0.1689 0.5963 -0.0939
v -0.1652 0.5953 -0.0952
v -0.1687 0.5786 -0.0940
v -0.1689 0.5549 -0.0940
v -0.1648 0.5609 -0.0954
v -0.1660 0.5399 -0.0952
v -0.1728 0.4872 -0.0935
v -0.1738 0.5158 -0.0934
v -0.1691 0.5034 -0.0942
v -0.1623 0.4977 -0.0985
v -0.1590 0.4981 -0.1026
v -0.1600 0.4812 -0.1015
v -0.1596 0.5262 -0.1021
v -0.1583 0.5149 -0.1050
v -0.1626 0.5761 -0.0978
v -0.1607 0.5886 -0.1005
v -0.1602 0.5558 -0.1003
v -0.1585 0.5691 -0.1049
v -0.1576 0.5560 -0.1095
v -0.1578 0.5354 -0.1057
v -0.1586 0.5030 -0.1184
v -0.1584 0.5306 -0.1192
v -0.1614 0.5236 -0.1236
v -0.1652 0.5127 -0.1275
v -0.1684 0.4897 -0.1295
v -0.1648 0.4918 -0.1274
v -0.1784 0.4926 -0.1308
v -0.1742 0.5127 -0.1307
v -0.1792 0.5117 -0.1308
v -0.1787 0.4275 -0.1307
v -0.1784 0.4575 -0.1307
v -0.1831 0.4467 -0.1295
v -0.1867 0.4617 -0.1278
v -0.1866 0.4878 -0.1279
v -0.1896 0.4763 -0.1254
v -0.1946 0.4772 -0.1142
v -0.1938 0.4619 -0.1181
v -0.1937 0.4845 -0.1186
v -0.1930 0.4734 -0.1054
v -0.1943 0.4933 -0.1094
v -0.1932 0.5151 -0.1055
v -0.1872 0.5157 -0.0981
v -0.1913 0.5371 -0.1014
v -0.1874 0.5529 -0.0980
v -0.1787 0.5129 -0.0938
v -0.1807 0.5258 -0.0941
v -0.1779 0.5343 -0.0936
v -0.1775 0.5645 -0.0936
v -0.1825 0.5723 -0.0945
v -0.1790 0.5944 -0.0939
v -0.1832 0.6415 -0.0948
v -0.1817 0.6583 -0.0940
v -0.1778 0.6479 -0.0936
v -0.1821 0.7279 -0.0947
v -0.1865 0.7177 -0.0970
v -0.1854 0.7418 -0.0960
v -0.1894 0.7825 -0.0975
v -0.1855 0.7839 -0.0949
v -0.1858 0.7653 -0.0957
v -0.1902 0.7918 -0.0963
v -0.1934 0.7770 -0.1026
v -0.1932 0.7912 -0.1005
v -0.1981 0.7982 -0.1013
v -0.1937 0.7954 -0.0996
v -0.2066 0.8039 -0.1050
v -0.2225 0.7987 -0.1000
v -0.2152 0.8047 -0.1031
v -0.2250 0.7992 -0.1059
v -0.2294 0.7799 -0.0887
v -0.2302 0.7885 -0.0862
v -0.2280 0.7908 -0.0897
v -0.2259 0.7462 -0.0943
v -0.2265 0.7431 -0.0996
v -0.2264 0.7296 -0.0956
v -0.2305 0.6892 -0.0865
v -0.2281 0.7007 -0.0902
v -0.2281 0.6766 -0.0901
v -0.2257 0.6446 -0.0941
v -0.2255 0.6320 -0.0998
v -0.2264 0.6256 -0.0945
v -0.2254 0.5803 -0.0941
v -0.2248 0.5436 -0.0998
v -0.2273 0.5664 -0.1039
v -0.2273 0.5500 -0.1044
v -0.2297 0.5873 -0.1077
v -0.2273 0.5945 -0.1033
v -0.2297 0.6164 -0.1076
v -0.2430 0.5785 -0.1131
v -0.2384 0.5926 -0.1121
v -0.2444 0.5969 -0.1129
v -0.2489 0.5783 -0.1134
v -0.2616 0.5590 -0.1098
v -0.2729 0.5843 -0.1123
v -0.2775 0.5641 -0.1184
v -0.2746 0.5715 -0.1137
v -0.2812 0.5343 -0.1243
v -0.2939 0.5254 -0.1304
v -0.3054 0.5394 -0.1271
v -0.3031 0.5150 -0.1291
v -0.3020 0.5448 -0.1293
v -0.3060 0.5848 -0.1268
v -0.3062 0.6132 -0.1273
v -0.3096 0.5908 -0.1230
v -0.3122 0.6094 -0.1165
v -0.3111 0.6226 -0.1197
v -0.3125 0.6405 -0.1154
v -0.3131 0.6297 -0.1114
v -0.3131 0.6582 -0.1108
v -0.3126 0.6476 -0.1067
v -0.3132 0.6825 -0.1108
v -0.3127 0.6711 -0.1150
v -0.3134 0.7075 -0.1139
v -0.3088 0.6978 -0.1236
v -0.3058 0.7121 -0.1273
v -0.3087 0.7241 -0.1240
v -0.2987 0.7420 -0.1307
v -0.2989 0.7637 -0.1307
v -0.3035 0.7486 -0.1298
v -0.3074 0.8158 -0.1279
v -0.3034 0.8030 -0.1296
v -0.3033 0.8324 -0.1293
v -0.3069 0.8677 -0.1278
v -0.3028 0.8775 -0.1297
v -0.3054 0.8878 -0.1293
v -0.3158 0.8913 -0.1204
v -0.3120 0.8956 -0.1261
v -0.3214 0.9119 -0.1227
v -0.3246 0.9183 -0.1138
v -0.3243 0.9249 -0.1011
v -0.3242 0.9247 -0.1073
v -0.3215 0.9305 -0.1009
v -0.3099 0.9366 -0.0897
v -0.3167 0.9348 -0.0945
v -0.3080 0.9396 -0.0926
v -0.2961 0.9279 -0.0725
v -0.2994 0.9337 -0.0787
v -0.2927 0.9344 -0.0776
v -0.2810 0.9252 -0.0739
v -0.2712 0.9256 -0.0781
v -0.2736 0.9195 -0.0765
v -0.2909 0.9097 -0.0727
v -0.2932 0.9069 -0.0743
v -0.2999 0.8982 -0.0733
v -0.3052 0.9065 -0.0774
v -0.2984 0.9063 -0.0739
v -0.3096 0.9190 -0.0779
v -0.3088 0.9283 -0.0788
v -0.2990 0.9189 -0.0720
v -0.3159 0.9253 -0.0846
v -0.3192 0.9242 -0.0899
v -0.3179 0.9289 -0.0899
v -0.2657 0.9117 -0.0786
v -0.2438 0.9045 -0.0807
v -0.2330 0.8939 -0.0728
v -0.2299 0.8973 -0.0813
v -0.2223 0.8924 -0.0719
v -0.2057 0.8960 -0.0592
v -0.2069 0.8957 -0.0663
v -0.2001 0.8996 -0.0621
v -0.1959 0.9022 -0.0578
v -0.1954 0.9041 -0.0642
v -0.1922 0.9046 -0.0597
v -0.1805 0.9028 -0.0558
v -0.1789 0.9077 -0.0656
v -0.1752 0.9022 -0.0596
v -0.1710 0.8988 -0.0586
v -0.1711 0.8988 -0.0640
v -0.1668 0.8951 -0.0580
v -0.1588 0.8928 -0.0655
v -0.1655 0.8991 -0.0716
v -0.1595 0.8972 -0.0741
v -0.1515 0.8920 -0.0726
v -0.1577 0.8998 -0.0791
v -0.1523 0.8960 -0.0805
v -0.1409 0.8897 -0.0885
v -0.1417 0.8901 -0.0935
v -0.0954 0.8881 -0.0958
v -0.0750 0.8891 -0.0886
v -0.0582 0.8896 -0.0860
v -0.0537 0.8898 -0.0836
v -0.0428 0.9049 -0.0783
v -0.0458 0.9094 -0.0791
v -0.0361 0.9117 -0.0766
v -0.0375 0.9055 -0.0769
v -0.0232 0.9116 -0.0768
v -0.0192 0.9217 -0.0793
v -0.0137 0.9124 -0.0795
v -0.0115 0.8974 -0.0824
v -0.0086 0.8976 -0.0873
v -0.0070 0.8964 -0.0984
v -0.0035 0.8997 -0.1010
v -0.0029 0.8932 -0.1005
v 0.0067 0.8888 -0.0997
v 0.0162 0.8965 -0.0945
v 0.0161 0.8973 -0.0999
v 0.0174 0.9042 -0.0953
v 0.0169 0.9119 -0.0946
v 0.0162 0.9186 -0.1002
v 0.0181 0.9239 -0.0954
v 0.0234 0.9421 -0.0860
v 0.0211 0.9319 -0.0891
v 0.0196 0.9428 -0.0885
v 0.0295 0.9326 -0.0855
v 0.0447 0.9352 -0.0879
v 0.0456 0.9491 -0.0872
v 0.0487 0.9422 -0.0910
v 0.0507 0.9379 -0.0952
v 0.0511 0.9340 -0.0999
v 0.0511 0.9224 -0.0950
v 0.0485 0.9421 -0.1059
v 0.0448 0.9465 -0.1082
v 0.0478 0.9311 -0.1061
v 0.0342 0.8953 -0.1148
v 0.0398 0.9101 -0.1110
v 0.0345 0.9116 -0.1112
v 0.0184 0.8696 -0.1106
v 0.0250 0.8898 -0.1147
v 0.0186 0.8840 -0.1095
v 0.0161 0.9050 -0.1004
v 0.0194 0.9099 -0.1042
v 0.0154 0.9118 -0.1003
v 0.0183 0.9326 -0.0953
v 0.0182 0.9258 -0.0995
v 0.0183 0.9341 -0.0992
v 0.0150 0.9480 -0.0958
v 0.0138 0.9516 -0.1004
v 0.0109 0.9564 -0.0943
v 0.0128 0.9599 -0.0860
v 0.0124 0.9777 -0.0857
v 0.0150 0.9689 -0.0837
v 0.0311 0.9769 -0.0821
v 0.0412 0.9872 -0.0838
v 0.0425 0.9724 -0.0828
v 0.0521 0.9591 -0.0892
v 0.0548 0.9603 -0.0940
v 0.0503 0.9528 -0.0904
v 0.0520 0.9498 -0.0949
v 0.0544 0.9568 -0.0988
v 0.0521 0.9473 -0.0996
v 0.0507 0.9450 -0.1035
v 0.0492 0.9507 -0.1066
v 0.0295 0.9286 -0.1086
v 0.0355 0.9388 -0.1091
v 0.0299 0.9409 -0.1086
v 0.0239 0.9337 -0.1065
v 0.0207 0.9432 -0.1058
v 0.0195 0.9370 -0.1030
v 0.0168 0.9506 -0.1053
v 0.0116 0.9570 -0.1052
v 0.0084 0.9628 -0.0944
v 0.0077 0.9630 -0.1005
v 0.0074 0.9687 -0.0949
v 0.0160 0.9826 -0.0854
v 0.0123 0.9824 -0.0886
v 0.0134 0.9868 -0.0867
v 0.0180 1.0161 -0.0868
v 0.0325 1.0058 -0.0854
v 0.0480 0.9756 -0.0828
v 0.0475 0.9888 -0.0847
v 0.0515 0.9818 -0.0854
v 0.0509 0.9609 -0.0856
v 0.0529 0.9693 -0.0846
v 0.0563 0.9648 -0.0900
v 0.0591 0.9754 -0.1005
v 0.0557 0.9843 -0.1051
v 0.0581 0.9755 -0.1061
v 0.0207 0.9689 -0.1117
v 0.0484 0.9755 -0.1114
v 0.0287 0.9934 -0.1092
v 0.0220 0.9524 -0.1085
v 0.0154 0.9566 -0.1085
v 0.0143 0.9756 -0.1105
v 0.0067 0.9715 -0.1040
v 0.0079 0.9752 -0.1058
v 0.0100 0.9880 -0.1003
v 0.0138 1.0154 -0.0913
v 0.0136 1.0178 -0.0943
v 0.0213 1.0346 -0.0888
v 0.0217 1.0447 -0.0899
v 0.0254 1.0421 -0.0887
v 0.0363 1.0321 -0.0874
v 0.0421 1.0399 -0.0880
v 0.0448 1.0361 -0.0874
v 0.0514 0.9934 -0.0857
v 0.0448 1.0067 -0.0859
v 0.0504 1.0083 -0.0873
v 0.0548 0.9951 -0.0935
v 0.0540 1.0065 -0.0995
v 0.0560 0.9888 -0.0989
v 0.0524 0.9895 -0.1085
v 0.0434 0.9952 -0.1091
v 0.0183 1.0179 -0.1067
v 0.0254 1.0435 -0.1052
v 0.0172 1.0306 -0.1042
v 0.0175 1.0397 -0.0951
v 0.0186 1.0465 -0.0994
v 0.0202 1.0556 -0.0919
v 0.0241 1.0679 -0.0911
v 0.0226 1.0607 -0.0909
v 0.0239 1.0718 -0.0942
v 0.0345 1.0821 -0.0903
v 0.0345 1.0920 -0.0928
v 0.0372 1.0886 -0.0921
v 0.0497 1.0370 -0.0903
v 0.0458 1.0564 -0.0952
v 0.0487 1.0464 -0.0999
v 0.0521 1.0286 -0.0940
v 0.0487 1.0441 -0.1029
v 0.0520 1.0182 -0.1056
v 0.0453 1.0296 -0.1069
v 0.0482 1.0182 -0.1075
v 0.0455 1.0537 -0.1038
v 0.0445 1.0607 -0.1034
v 0.0412 1.0470 -0.1050
v 0.0279 1.0647 -0.1050
v 0.0342 1.0785 -0.1031
v 0.0300 1.0844 -0.1015
v 0.0217 1.0673 -0.0997
v 0.0261 1.0815 -0.0994
v 0.0265 1.0798 -0.0923
v 0.0375 1.0884 -0.0988
v 0.0367 1.0924 -0.0976
v 0.0342 1.0903 -0.1001
v 0.0407 1.0610 -0.1049
v 0.0422 1.0716 -0.1020
v 0.0392 1.0743 -0.1020
v 0.0297 1.0883 -0.0993
v 0.0385 0.9529 -0.1098
v 0.0481 0.9625 -0.1108
v 0.0483 0.9690 -0.1117
v 0.0139 0.8756 -0.1076
v 0.0144 0.8882 -0.1050
v 0.0066 0.8760 -0.1056
v 0.0055 0.8255 -0.1063
v 0.0057 0.8471 -0.1066
v -0.0006 0.8351 -0.1065
v -0.0152 0.8471 -0.1222
v -0.0185 0.8207 -0.1250
v -0.0148 0.7308 -0.1179
v -0.0146 0.7576 -0.1176
v -0.0168 0.7458 -0.1216
v -0.0170 0.6969 -0.1214
v -0.0149 0.7073 -0.1180
v -0.0169 0.7207 -0.1216
v -0.0140 0.6730 -0.1142
v -0.0149 0.6855 -0.1178
v -0.0152 0.6631 -0.1177
v -0.0196 0.6213 -0.1245
v -0.0200 0.6459 -0.1244
v -0.0229 0.6248 -0.1263
v -0.0153 0.5850 -0.1178
v -0.0240 0.5665 -0.1264
v -0.0281 0.5758 -0.1276
v -0.0288 0.5468 -0.1277
v -0.0373 0.5478 -0.1268
v -0.0325 0.5652 -0.1277
v -0.0367 0.5786 -0.1269
v -0.0407 0.5861 -0.1252
v -0.0408 0.6073 -0.1251
v -0.0441 0.5912 -0.1223
v -0.0484 0.6140 -0.1151
v -0.0468 0.6230 -0.1188
v -0.0485 0.6342 -0.1149
v -0.0493 0.6503 -0.1109
v -0.0492 0.6821 -0.1111
v -0.0488 0.6652 -0.1071
v -0.0493 0.7138 -0.1111
v -0.0490 0.7620 -0.1151
v -0.0468 0.7436 -0.1198
v -0.0475 0.7738 -0.1190
v -0.0594 0.8060 -0.1069
v -0.0545 0.8135 -0.1121
v -0.0606 0.8123 -0.1069
v -0.0751 0.8160 -0.1062
v -0.0742 0.8322 -0.1066
v -0.0888 0.8247 -0.1065
v -0.1239 0.8050 -0.1030
v -0.1163 0.8091 -0.1052
v -0.1332 0.8085 -0.1054
v -0.1525 0.8000 -0.1017
v -0.1487 0.8045 -0.1064
v -0.1541 0.7984 -0.1079
v -0.1623 0.7925 -0.0977
v -0.1585 0.7962 -0.1010
v -0.1581 0.7908 -0.1051
v -0.1668 0.7749 -0.0954
v -0.1631 0.7638 -0.0985
v -0.1627 0.7376 -0.0985
v -0.1602 0.7188 -0.1015
v -0.1626 0.7062 -0.0983
v -0.1625 0.6749 -0.0982
v -0.1601 0.6572 -0.1011
v -0.1625 0.6495 -0.0980
v -0.1585 0.6370 -0.1047
v -0.1575 0.6493 -0.1092
v -0.1576 0.6153 -0.1091
v -0.1575 0.5962 -0.1139
v -0.1581 0.6095 -0.1188
v -0.1579 0.5858 -0.1180
v -0.1629 0.5569 -0.1262
v -0.1654 0.5345 -0.1284
v -0.1786 0.5608 -0.1319
v -0.1734 0.5691 -0.1310
v -0.1775 0.5790 -0.1312
v -0.1787 0.5287 -0.1317
v -0.1900 0.5017 -0.1248
v -0.1870 0.5185 -0.1281
v -0.1912 0.5352 -0.1238
v -0.1955 0.5359 -0.1145
v -0.1938 0.5407 -0.1186
v -0.1956 0.5537 -0.1146
v -0.1936 0.6024 -0.1060
v -0.1948 0.5783 -0.1104
v -0.1950 0.6021 -0.1106
v -0.1867 0.6398 -0.0974
v -0.1911 0.6203 -0.1014
v -0.1912 0.6672 -0.1007
v -0.1938 0.6644 -0.1058
v -0.1951 0.6786 -0.1102
v -0.1936 0.6904 -0.1052
v -0.1940 0.7153 -0.1053
v -0.1953 0.7056 -0.1096
v -0.1961 0.7319 -0.1087
v -0.1966 0.7640 -0.1087
v -0.1970 0.7730 -0.1146
v -0.1959 0.7792 -0.1077
v -0.1957 0.7825 -0.1181
v -0.1919 0.7720 -0.1240
v -0.1952 0.7968 -0.1208
v -0.2072 0.8091 -0.1109
v -0.2068 0.8158 -0.1120
v -0.2146 0.8088 -0.1089
v -0.2257 0.7905 -0.1002
v -0.2269 0.7910 -0.1052
v -0.2302 0.7227 -0.1073
v -0.2279 0.7354 -0.1038
v -0.2296 0.7575 -0.1077
v -0.2274 0.6698 -0.1033
v -0.2278 0.7071 -0.1037
v -0.2297 0.6905 -0.1075
v -0.2273 0.6430 -0.1032
v -0.2374 0.6392 -0.1128
v -0.2342 0.6613 -0.1105
v -0.2374 0.6552 -0.1128
v -0.2524 0.6035 -0.1121
v -0.2463 0.6237 -0.1136
v -0.2499 0.6421 -0.1129
v -0.2641 0.6249 -0.1062
v -0.2615 0.6374 -0.1099
v -0.2640 0.6516 -0.1063
v -0.2657 0.6377 -0.0967
v -0.2673 0.6338 -0.0989
v -0.2643 0.6427 -0.0953
v -0.2664 0.6050 -0.0962
v -0.2663 0.6078 -0.0985
v -0.2663 0.6161 -0.0971
v -0.2728 0.5925 -0.0972
v -0.2690 0.5981 -0.0969
v -0.2636 0.5946 -0.0930
v -0.2717 0.5553 -0.0961
v -0.2590 0.6145 -0.0857
v -0.2639 0.6159 -0.0928
v -0.2623 0.6400 -0.0913
v -0.2581 0.5863 -0.0852
v -0.2553 0.6044 -0.0828
v -0.2583 0.6722 -0.0851
v -0.2607 0.6995 -0.0884
v -0.2562 0.7037 -0.0829
v -0.2641 0.6790 -0.0933
v -0.2682 0.6837 -0.0966
v -0.2637 0.7007 -0.0926
v -0.2692 0.7231 -0.0953
v -0.2777 0.7370 -0.0998
v -0.2639 0.7531 -0.0918
v -0.2696 0.7700 -0.0961
v -0.2742 0.6954 -0.0990
v -0.2853 0.6477 -0.0936
v -0.2801 0.6452 -0.0999
v -0.2800 0.6051 -0.0999
v -0.2798 0.5943 -0.0994
v -0.2726 0.5980 -0.1015
v -0.2709 0.5924 -0.1007
v -0.2645 0.5838 -0.1023
v -0.2642 0.6008 -0.1062
v -0.2641 0.5909 -0.1017
v -0.2826 0.6166 -0.1261
v -0.2858 0.6277 -0.1285
v -0.2842 0.5996 -0.1272
v -0.2938 0.5724 -0.1304
v -0.2889 0.5866 -0.1292
v -0.2937 0.5893 -0.1316
v -0.2985 0.6020 -0.1305
v -0.2976 0.6273 -0.1308
v -0.3023 0.6205 -0.1294
v -0.3058 0.6465 -0.1276
v -0.3059 0.6799 -0.1271
v -0.3088 0.6649 -0.1237
v -0.3027 0.7273 -0.1295
v -0.3062 0.7409 -0.1279
v -0.2937 0.7569 -0.1306
v -0.2938 0.7772 -0.1305
v -0.2940 0.8041 -0.1304
v -0.2891 0.8208 -0.1290
v -0.2930 0.8440 -0.1299
v -0.2708 0.8263 -0.1140
v -0.2817 0.8390 -0.1248
v -0.2793 0.8144 -0.1220
v -0.2723 0.8054 -0.1136
v -0.2784 0.7875 -0.1209
v -0.2712 0.7984 -0.1123
v -0.2631 0.8330 -0.1136
v -0.2646 0.8513 -0.1139
v -0.2798 0.8702 -0.1214
v -0.2859 0.8726 -0.1279
v -0.2774 0.8554 -0.1200
v -0.2806 0.8825 -0.1197
v -0.2821 0.8885 -0.1254
v -0.2824 0.8790 -0.1239
v -0.2627 0.8831 -0.1126
v -0.2593 0.8955 -0.1163
v -0.2634 0.8913 -0.1141
v -0.2794 0.8914 -0.1212
v -0.2855 0.8838 -0.1280
v -0.2887 0.8881 -0.1307
v -0.2894 0.8777 -0.1295
v -0.2931 0.8818 -0.1306
v -0.2932 0.8889 -0.1319
v -0.2984 0.8760 -0.1306
v -0.2866 0.9022 -0.1380
v -0.2815 0.9029 -0.1377
v -0.2864 0.9060 -0.1398
v -0.3129 0.9059 -0.1299
v -0.3072 0.9119 -0.1351
v -0.3139 0.9109 -0.1303
v -0.3210 0.9180 -0.1220
v -0.3128 0.9187 -0.1300
v -0.3155 0.9274 -0.1235
v -0.3171 0.9349 -0.1071
v -0.3151 0.9333 -0.1162
v -0.3129 0.9357 -0.1139
v -0.3097 0.9396 -0.0970
v -0.2998 0.9423 -0.0941
v -0.2790 0.9380 -0.0868
v -0.2846 0.9410 -0.0937
v -0.2738 0.9410 -0.0945
v -0.2641 0.9284 -0.0804
v -0.2630 0.9239 -0.0791
v -0.2475 0.9323 -0.0826
v -0.2436 0.9441 -0.0845
v -0.2384 0.9220 -0.0835
v -0.2283 0.9253 -0.0862
v -0.2236 0.9248 -0.0942
v -0.2247 0.9186 -0.0888
v -0.2229 0.8941 -0.0800
v -0.2239 0.8977 -0.0875
v -0.2149 0.8924 -0.0793
v -0.2060 0.8951 -0.0717
v -0.2010 0.8981 -0.0716
v -0.1914 0.9069 -0.0656
v -0.1959 0.9081 -0.0734
v -0.1912 0.9114 -0.0721
v -0.1854 0.9128 -0.0720
v -0.1903 0.9217 -0.0782
v -0.1792 0.9185 -0.0739
v -0.1693 0.9123 -0.0719
v -0.1729 0.9157 -0.0720
v -0.1659 0.9189 -0.0732
v -0.1600 0.9075 -0.0768
v -0.1641 0.9121 -0.0742
v -0.1567 0.9221 -0.0785
v -0.1518 0.9055 -0.0870
v -0.1506 0.8982 -0.0861
v -0.1452 0.8962 -0.0944
v -0.1434 0.8979 -0.1013
v -0.1415 0.8850 -0.1081
v -0.1356 0.8871 -0.1046
v -0.1425 0.8905 -0.1075
v -0.1009 0.8866 -0.1039
v -0.0798 0.8867 -0.1038
v -0.1190 0.8745 -0.1068
v -0.1339 0.8707 -0.1081
v -0.1155 0.8544 -0.1071
v -0.0654 0.8818 -0.1056
v -0.0578 0.8900 -0.1063
v -0.0662 0.8863 -0.1033
v -0.0573 0.8974 -0.0947
v -0.0591 0.8908 -0.1001
v -0.0576 0.8977 -0.1012
v -0.0581 0.9100 -0.0966
v -0.0568 0.9046 -0.0958
v -0.0580 0.9054 -0.1028
v -0.0406 0.9222 -0.0790
v -0.0473 0.9218 -0.0835
v -0.0463 0.9266 -0.0847
v -0.0297 0.9230 -0.0781
v -0.0239 0.9252 -0.0815
v -0.0080 0.9204 -0.0859
v -0.0056 0.9181 -0.0883
v -0.0076 0.9076 -0.0853
v 0.0018 0.9119 -0.0956
v 0.0043 0.9118 -0.1009
v 0.0005 0.9075 -0.0967
v -0.0005 0.9024 -0.1030
v -0.0003 0.9022 -0.1076
v -0.0134 0.8921 -0.1257
v -0.0102 0.8985 -0.1267
v -0.0150 0.8941 -0.1295
v -0.0076 0.8836 -0.1075
v -0.0104 0.8658 -0.1136
v -0.0065 0.8600 -0.1071
v -0.0077 0.8895 -0.1083
v -0.0065 0.8958 -0.1121
v -0.0089 0.8928 -0.1141
v -0.0210 0.8335 -0.1282
v -0.0214 0.8523 -0.1285
v -0.0251 0.8417 -0.1294
v -0.0225 0.7747 -0.1271
v -0.0190 0.7901 -0.1246
v -0.0221 0.8051 -0.1274
v -0.0197 0.7090 -0.1245
v -0.0196 0.7340 -0.1246
v -0.0235 0.7207 -0.1270
v -0.0239 0.6547 -0.1267
v -0.0199 0.6777 -0.1244
v -0.0236 0.6777 -0.1269
v -0.0366 0.6034 -0.1269
v -0.0443 0.6379 -0.1224
v -0.0468 0.6496 -0.1188
v -0.0486 0.6970 -0.1151
v -0.0469 0.7110 -0.1192
v -0.0487 0.7306 -0.1153
v -0.0447 0.7614 -0.1228
v -0.0450 0.7832 -0.1226
v -0.0485 0.8253 -0.1195
v -0.0458 0.8139 -0.1241
v -0.0459 0.8359 -0.1242
v -0.0534 0.8396 -0.1138
v -0.0612 0.8396 -0.1068
v -0.0593 0.8794 -0.1069
v -0.0535 0.8608 -0.1141
v -0.0551 0.8810 -0.1121
v -0.0569 0.8979 -0.1081
v -0.0597 0.9121 -0.1077
v -0.0594 0.9121 -0.1013
v -0.0535 0.9273 -0.1010
v -0.0583 0.9218 -0.1077
v -0.0534 0.9271 -0.1144
v -0.0429 0.9289 -0.0878
v -0.0430 0.9307 -0.0942
v -0.0296 0.9296 -0.0875
v -0.0239 0.9314 -0.1013
v -0.0227 0.9340 -0.1148
v -0.0124 0.9326 -0.1109
v -0.0067 0.9270 -0.0963
v -0.0052 0.9286 -0.1082
v -0.0021 0.9229 -0.1008
v 0.0027 0.9117 -0.1073
v 0.0012 0.9057 -0.1011
v -0.0066 0.9073 -0.1334
v -0.0077 0.9093 -0.1366
v -0.0155 0.8998 -0.1338
v -0.0188 0.8845 -0.1287
v -0.0302 0.8505 -0.1299
v -0.0287 0.8688 -0.1304
v -0.0347 0.8590 -0.1295
v -0.0396 0.8038 -0.1269
v -0.0390 0.8437 -0.1288
v -0.0261 0.7591 -0.1283
v -0.0269 0.7894 -0.1286
v -0.0300 0.7677 -0.1288
v -0.0414 0.7312 -0.1256
v -0.0379 0.7447 -0.1274
v -0.0416 0.7540 -0.1256
v -0.0413 0.6792 -0.1252
v -0.0378 0.6917 -0.1271
v -0.0413 0.7063 -0.1254
v -0.0340 0.6520 -0.1279
v -0.0298 0.6723 -0.1283
v -0.0339 0.6799 -0.1281
v -0.0338 0.7048 -0.1282
v -0.0289 0.7185 -0.1283
v -0.0338 0.7311 -0.1283
v -0.0255 0.8199 -0.1291
v -0.0296 0.8317 -0.1306
v -0.0516 0.8819 -0.1179
v -0.0495 0.8910 -0.1225
v -0.0541 0.8916 -0.1148
v -0.0573 0.9120 -0.1201
v -0.0529 0.9058 -0.1273
v -0.0539 0.9118 -0.1270
v -0.0547 0.9237 -0.1202
v -0.0528 0.9268 -0.1191
v -0.0493 0.9295 -0.1043
v -0.0393 0.9327 -0.1041
v -0.0128 0.9328 -0.1181
v -0.0073 0.9272 -0.1236
v -0.0136 0.9266 -0.1299
v -0.0135 0.9212 -0.1332
v -0.0101 0.9116 -0.1388
v -0.0162 0.9064 -0.1390
v -0.0289 0.8931 -0.1346
v -0.0291 0.9058 -0.1403
v -0.0346 0.8944 -0.1346
v -0.0410 0.8619 -0.1272
v -0.0393 0.8833 -0.1299
v -0.0461 0.8842 -0.1249
v -0.0434 0.8997 -0.1323
v -0.0356 0.9057 -0.1391
v -0.0419 0.9061 -0.1371
v -0.0494 0.9238 -0.1270
v -0.0427 0.9178 -0.1353
v -0.0419 0.9236 -0.1311
v -0.0350 0.9219 -0.1355
v -0.0291 0.9275 -0.1313
v -0.0399 0.9268 -0.1304
v -0.0165 0.9171 -0.1384
v -0.0228 0.9209 -0.1370
v -0.0291 0.9173 -0.1392
v -0.0225 0.9115 -0.1415
v -0.0290 0.9115 -0.1410
v -0.0239 0.8821 -0.1309
v -0.0234 0.8914 -0.1331
v -0.0291 0.8824 -0.1318
v -0.1437 0.8205 -0.1096
v -0.1336 0.8292 -0.1079
v -0.1446 0.8315 -0.1092
v -0.1525 0.8062 -0.1125
v -0.1550 0.8140 -0.1181
v -0.1574 0.8031 -0.1197
v -0.1560 0.7965 -0.1134
v -0.1578 0.7913 -0.1177
v -0.1572 0.7838 -0.1137
v -0.1603 0.7498 -0.1017
v -0.1583 0.7671 -0.1059
v -0.1584 0.7338 -0.1053
v -0.1574 0.6846 -0.1101
v -0.1574 0.6614 -0.1140
v -0.1578 0.6434 -0.1182
v -0.1610 0.6288 -0.1234
v -0.1654 0.5899 -0.1280
v -0.1685 0.6022 -0.1298
v -0.1687 0.5796 -0.1299
v -0.1828 0.5743 -0.1299
v -0.1781 0.5961 -0.1311
v -0.1830 0.6022 -0.1300
v -0.1873 0.5509 -0.1279
v -0.1908 0.5721 -0.1245
v -0.1958 0.5929 -0.1146
v -0.1948 0.6500 -0.1098
v -0.1959 0.6606 -0.1146
v -0.1961 0.6963 -0.1146
v -0.1935 0.7033 -0.1214
v -0.1963 0.7159 -0.1146
v -0.1926 0.7429 -0.1234
v -0.1948 0.7325 -0.1180
v -0.1916 0.6900 -0.1243
v -0.1877 0.6984 -0.1276
v -0.1897 0.7144 -0.1258
v -0.1931 0.6446 -0.1233
v -0.1890 0.6576 -0.1268
v -0.1918 0.6689 -0.1235
v -0.1874 0.6856 -0.1289
v -0.1786 0.7034 -0.1320
v -0.1847 0.7115 -0.1292
v -0.1875 0.7356 -0.1289
v -0.1827 0.7615 -0.1307
v -0.1871 0.7714 -0.1286
v -0.1884 0.7938 -0.1289
v -0.1840 0.8035 -0.1338
v -0.1886 0.8067 -0.1323
v -0.2060 0.8334 -0.1114
v -0.1998 0.8460 -0.1163
v -0.2058 0.8692 -0.1123
v -0.2403 0.8395 -0.1151
v -0.2278 0.8435 -0.1116
v -0.2338 0.8611 -0.1129
v -0.2345 0.7888 -0.1120
v -0.2376 0.8010 -0.1139
v -0.2404 0.7778 -0.1139
v -0.2380 0.7118 -0.1120
v -0.2389 0.7487 -0.1125
v -0.2431 0.7243 -0.1131
v -0.2468 0.6602 -0.1139
v -0.2389 0.6759 -0.1122
v -0.2438 0.6883 -0.1131
v -0.2671 0.6842 -0.1059
v -0.2613 0.6659 -0.1100
v -0.2614 0.6838 -0.1101
v -0.2683 0.6766 -0.1067
v -0.2735 0.7006 -0.1143
v -0.2806 0.6887 -0.1235
v -0.2783 0.6589 -0.1200
v -0.2843 0.6484 -0.1268
v -0.2946 0.6114 -0.1309
v -0.2937 0.6321 -0.1317
v -0.2937 0.6748 -0.1317
v -0.2898 0.6936 -0.1301
v -0.2937 0.6908 -0.1312
v -0.2930 0.7216 -0.1311
v -0.2892 0.7316 -0.1301
v -0.2937 0.7390 -0.1319
v -0.2808 0.7759 -0.1243
v -0.2843 0.7724 -0.1273
v -0.2844 0.7614 -0.1273
v -0.2646 0.6944 -0.1066
v -0.2648 0.7158 -0.1069
v -0.2676 0.7069 -0.1070
v -0.2650 0.7514 -0.1073
v -0.2651 0.7693 -0.1075
v -0.2673 0.7585 -0.1075
v -0.2655 0.7908 -0.1077
v -0.2617 0.7757 -0.1097
v -0.2605 0.7893 -0.1111
v -0.2595 0.8032 -0.1128
v -0.2542 0.7960 -0.1138
v -0.2564 0.8193 -0.1145
v -0.2543 0.8435 -0.1155
v -0.2572 0.8590 -0.1150
v -0.2621 0.8755 -0.1131
v -0.2554 0.8750 -0.1155
v -0.2566 0.8854 -0.1161
v -0.2637 0.8984 -0.1199
v -0.2508 0.8992 -0.1227
v -0.2641 0.9017 -0.1239
v -0.2657 0.9070 -0.1270
v -0.2730 0.9017 -0.1278
v -0.2776 0.9036 -0.1369
v -0.2800 0.9017 -0.1341
v -0.2762 0.9188 -0.1378
v -0.2801 0.9186 -0.1395
v -0.2803 0.9120 -0.1397
v -0.3033 0.9077 -0.1365
v -0.2926 0.9118 -0.1402
v -0.3015 0.9118 -0.1377
v -0.2946 0.9341 -0.1310
v -0.2793 0.9345 -0.1319
v -0.2838 0.9368 -0.1269
v -0.2726 0.9394 -0.1155
v -0.2790 0.9387 -0.1207
v -0.2722 0.9384 -0.1201
v -0.2691 0.9542 -0.1002
v -0.2671 0.9542 -0.1057
v -0.2680 0.9740 -0.1002
v -0.2641 0.9878 -0.0912
v -0.2666 0.9793 -0.0953
v -0.2657 1.0004 -0.0956
v -0.2556 0.9725 -0.0859
v -0.2595 0.9798 -0.0871
v -0.2567 0.9964 -0.0866
v -0.2590 0.9324 -0.0820
v -0.2569 0.9402 -0.0837
v -0.2532 0.9334 -0.0822
v -0.2623 0.9380 -0.0843
v -0.2668 0.9345 -0.0856
v -0.2657 0.9428 -0.0870
v -0.2709 0.9467 -0.0952
v -0.2725 0.9448 -0.1008
v -0.2687 0.9547 -0.0947
v -0.2865 0.9415 -0.1143
v -0.2802 0.9404 -0.1144
v -0.2801 0.9413 -0.1077
v -0.2928 0.9391 -0.1225
v -0.2992 0.9352 -0.1274
v -0.2711 0.9390 -0.0877
v -0.2689 0.9460 -0.0906
v -0.2389 0.9757 -0.0873
v -0.2353 0.9561 -0.0881
v -0.2394 0.9549 -0.0862
v -0.2318 0.9419 -0.0889
v -0.2287 0.9351 -0.0909
v -0.2263 0.9326 -0.0993
v -0.2229 0.9247 -0.1005
v -0.2225 0.9066 -0.0942
v -0.2204 0.9122 -0.1006
v -0.2213 0.9050 -0.1006
v -0.2149 0.8948 -0.0871
v -0.2218 0.8981 -0.0938
v -0.2147 0.8983 -0.0936
v -0.2027 0.9107 -0.0848
v -0.2064 0.9060 -0.0890
v -0.2078 0.9167 -0.0905
v -0.2017 0.9206 -0.0853
v -0.2030 0.9205 -0.0888
v -0.1969 0.9198 -0.0826
v -0.1768 0.9265 -0.0777
v -0.1897 0.9264 -0.0837
v -0.1851 0.9294 -0.0946
v -0.1719 0.9208 -0.0727
v -0.1620 0.9267 -0.0781
v -0.1596 0.9274 -0.0813
v -0.1550 0.9083 -0.0814
v -0.1418 0.9185 -0.1081
v -0.1421 0.9127 -0.1147
v -0.1416 0.9121 -0.1082
v -0.1432 0.8941 -0.1113
v -0.1444 0.9039 -0.1198
v -0.1452 0.8932 -0.1156
v -0.1453 0.8841 -0.1120
v -0.1370 0.8807 -0.1077
v -0.1449 0.8762 -0.1102
v -0.1513 0.8766 -0.1146
v -0.1580 0.8488 -0.1246
v -0.1627 0.8193 -0.1317
v -0.1578 0.8144 -0.1245
v -0.1583 0.7763 -0.1181
v -0.1604 0.7879 -0.1228
v -0.1599 0.7384 -0.1217
v -0.1623 0.7485 -0.1252
v -0.1621 0.7227 -0.1251
v -0.1595 0.7113 -0.1210
v -0.1620 0.6977 -0.1250
v -0.1598 0.6897 -0.1218
v -0.1616 0.6730 -0.1243
v -0.1650 0.6834 -0.1277
v -0.1650 0.6606 -0.1277
v -0.1675 0.6316 -0.1298
v -0.1732 0.6112 -0.1310
v -0.1872 0.5896 -0.1286
v -0.1871 0.6128 -0.1277
v -0.1906 0.6029 -0.1243
v -0.1933 0.6201 -0.1203
v -0.1935 0.5955 -0.1195
v -0.1794 0.6315 -0.1310
v -0.1786 0.6464 -0.1318
v -0.1834 0.6409 -0.1299
v -0.1740 0.6840 -0.1310
v -0.1686 0.6953 -0.1297
v -0.1728 0.7154 -0.1309
v -0.1685 0.7418 -0.1303
v -0.1682 0.7650 -0.1297
v -0.1737 0.7648 -0.1314
v -0.1766 0.7842 -0.1322
v -0.1733 0.7954 -0.1327
v -0.1784 0.7958 -0.1331
v -0.1791 0.8078 -0.1373
v -0.1791 0.8129 -0.1394
v -0.1876 0.8101 -0.1365
v -0.1884 0.8193 -0.1372
v -0.1874 0.8448 -0.1365
v -0.1915 0.8416 -0.1325
v -0.1964 0.8450 -0.1246
v -0.1973 0.8685 -0.1254
v -0.1991 0.8693 -0.1202
v -0.2113 0.8715 -0.1076
v -0.2094 0.8816 -0.1087
v -0.2151 0.8763 -0.1079
v -0.2211 0.8745 -0.1084
v -0.2150 0.8689 -0.1079
v -0.2238 0.8616 -0.1101
v -0.2436 0.8637 -0.1155
v -0.2444 0.8809 -0.1162
v -0.2502 0.8709 -0.1161
v -0.2319 0.8936 -0.1114
v -0.2349 0.9088 -0.1151
v -0.2401 0.8930 -0.1162
v -0.2583 0.9107 -0.1244
v -0.2560 0.9053 -0.1238
v -0.2475 0.9084 -0.1221
v -0.2705 0.9199 -0.1318
v -0.2766 0.9096 -0.1376
v -0.2706 0.9104 -0.1313
v -0.2760 0.9287 -0.1364
v -0.2654 0.9363 -0.1213
v -0.2661 0.9322 -0.1270
v -0.2579 0.9342 -0.1195
v -0.2570 0.9557 -0.1127
v -0.2521 0.9496 -0.1142
v -0.2506 0.9694 -0.1129
v -0.2562 0.9741 -0.1119
v -0.2641 0.9701 -0.1079
v -0.2659 0.9813 -0.1043
v -0.2660 1.0192 -0.0958
v -0.2663 1.0110 -0.1003
v -0.2675 1.0225 -0.1004
v -0.2594 1.0003 -0.0871
v -0.2638 1.0119 -0.0915
v -0.2605 1.0152 -0.0884
v -0.2424 1.0102 -0.0867
v -0.2463 1.0270 -0.0863
v -0.2371 1.0327 -0.0869
v -0.2340 0.9798 -0.0901
v -0.2364 0.9947 -0.0885
v -0.2334 1.0058 -0.0904
v -0.2301 0.9708 -0.0988
v -0.2301 0.9572 -0.1028
v -0.2292 0.9500 -0.0989
v -0.2308 0.9474 -0.1062
v -0.2318 0.9362 -0.1094
v -0.2275 0.9329 -0.1050
v -0.2377 0.9379 -0.1132
v -0.2510 0.9254 -0.1170
v -0.2414 0.9213 -0.1162
v -0.2251 0.8959 -0.1059
v -0.2237 0.9038 -0.1049
v -0.2293 0.9087 -0.1105
v -0.2207 0.8964 -0.0998
v -0.2191 0.8918 -0.1013
v -0.2128 0.9034 -0.0950
v -0.2165 0.9050 -0.1007
v -0.2156 0.9123 -0.0945
v -0.2136 0.9182 -0.0942
v -0.2132 0.9221 -0.1011
v -0.2061 0.9223 -0.0949
v -0.2013 0.9256 -0.0926
v -0.1991 0.9279 -0.1103
v -0.1514 0.9286 -0.1147
v -0.1724 0.9300 -0.1286
v -0.1655 0.9293 -0.1285
v -0.1552 0.9244 -0.0831
v -0.1586 0.9288 -0.0870
v -0.1536 0.9264 -0.0869
v -0.1441 0.9256 -0.1080
v -0.1487 0.9265 -0.1244
v -0.1443 0.9255 -0.1144
v -0.1503 0.9216 -0.1305
v -0.1533 0.9200 -0.1333
v -0.1522 0.9140 -0.1328
v -0.1549 0.8910 -0.1289
v -0.1609 0.8906 -0.1352
v -0.1597 0.8810 -0.1309
v -0.1508 0.8824 -0.1158
v -0.1497 0.8900 -0.1206
v -0.1531 0.8831 -0.1219
v -0.1694 0.8130 -0.1369
v -0.1687 0.8403 -0.1365
v -0.1738 0.8526 -0.1390
v -0.1694 0.7923 -0.1310
v -0.1689 0.8014 -0.1321
v -0.1656 0.7745 -0.1284
v -0.1688 0.7803 -0.1302
v -0.1649 0.7079 -0.1278
v -0.1650 0.7328 -0.1279
v -0.1838 0.8392 -0.1385
v -0.1838 0.8584 -0.1382
v -0.1890 0.8767 -0.1365
v -0.1863 0.8848 -0.1399
v -0.1925 0.8841 -0.1357
v -0.2087 0.8872 -0.1115
v -0.2012 0.8771 -0.1189
v -0.1995 0.8803 -0.1256
v -0.2130 0.8998 -0.1114
v -0.2070 0.9049 -0.1301
v -0.2165 0.9184 -0.1074
v -0.2134 0.9183 -0.1140
v -0.2124 0.9232 -0.1079
v -0.2051 0.9266 -0.1149
v -0.2046 0.9274 -0.1214
v -0.1982 0.9239 -0.1333
v -0.1918 0.9278 -0.1342
v -0.1992 0.9280 -0.1279
v -0.1725 0.9270 -0.1390
v -0.1790 0.9272 -0.1391
v -0.1788 0.9217 -0.1437
v -0.1574 0.9262 -0.1299
v -0.1598 0.9225 -0.1384
v -0.1642 0.9056 -0.1431
v -0.1633 0.9148 -0.1431
v -0.1729 0.9052 -0.1462
v -0.1726 0.8822 -0.1400
v -0.1708 0.8956 -0.1436
v -0.1796 0.8851 -0.1423
v -0.1926 0.8917 -0.1387
v -0.1982 0.8991 -0.1381
v -0.2007 0.8967 -0.1361
v -0.2070 0.9114 -0.1297
v -0.2028 0.9000 -0.1340
v -0.2019 0.9091 -0.1367
v -0.1866 0.9163 -0.1432
v -0.1826 0.9213 -0.1434
v -0.1923 0.9246 -0.1370
v -0.1708 0.9213 -0.1436
v -0.1653 0.9232 -0.1395
v -0.1790 0.9048 -0.1466
v -0.1788 0.9113 -0.1464
v -0.1883 0.9112 -0.1434
v -0.1665 0.8896 -0.1389
v -0.1665 0.8781 -0.1362
v -0.2465 0.9424 -0.1143
v -0.2506 0.9399 -0.1147
v -0.2508 0.9328 -0.1155
v -0.2508 0.9963 -0.1124
v -0.2636 0.9938 -0.1075
v -0.2607 1.0046 -0.1099
v -0.2643 1.0226 -0.1080
v -0.2673 1.0391 -0.1046
v -0.2667 1.0454 -0.1080
v -0.2690 1.0477 -0.1041
v -0.2714 1.0536 -0.1007
v -0.2747 1.0583 -0.1059
v -0.2798 1.0617 -0.1006
v -0.2758 1.0628 -0.0843
v -0.2683 1.0560 -0.0861
v -0.2808 1.0667 -0.0847
v -0.2669 1.0437 -0.0916
v -0.2687 1.0457 -0.0950
v -0.2659 1.0274 -0.1059
v -0.2471 1.0461 -0.0853
v -0.2343 1.0358 -0.0868
v -0.2295 1.0405 -0.0918
v -0.2294 1.0275 -0.0956
v -0.2320 1.0332 -0.0899
v -0.2306 0.9737 -0.1034
v -0.2401 0.9536 -0.1123
v -0.2348 0.9550 -0.1097
v -0.2383 0.9743 -0.1110
v -0.2377 1.0294 -0.1115
v -0.2350 1.0448 -0.1118
v -0.2419 1.0379 -0.1126
v -0.2563 1.0340 -0.1118
v -0.2582 1.0499 -0.1124
v -0.2621 1.0398 -0.1104
v -0.2695 1.0562 -0.1100
v -0.2747 1.0602 -0.1103
v -0.2843 1.0704 -0.0873
v -0.2850 1.0682 -0.1007
v -0.2861 1.0717 -0.1069
v -0.2783 1.0695 -0.0822
v -0.2840 1.0829 -0.0825
v -0.2786 1.0897 -0.0812
v -0.2347 1.0667 -0.0830
v -0.2458 1.0769 -0.0819
v -0.2223 1.0692 -0.0821
v -0.2379 1.0511 -0.0854
v -0.2331 1.0470 -0.0867
v -0.2275 1.0409 -0.0967
v -0.2254 1.0475 -0.1008
v -0.2277 1.0372 -0.1006
v -0.2315 1.0041 -0.1065
v -0.2299 1.0160 -0.1042
v -0.2310 1.0227 -0.1072
v -0.2301 1.0383 -0.1081
v -0.2334 1.0382 -0.1104
v -0.2338 1.0258 -0.1098
v -0.2360 1.0565 -0.1134
v -0.2360 1.0747 -0.1149
v -0.2471 1.0946 -0.1159
v -0.2586 1.0775 -0.1156
v -0.2773 1.0642 -0.1123
v -0.2796 1.0680 -0.1142
v -0.2814 1.0659 -0.1111
v -0.2863 1.0765 -0.0980
v -0.2875 1.0827 -0.1005
v -0.2820 1.0953 -0.0836
v -0.2857 1.0928 -0.0892
v -0.2815 1.0999 -0.0939
v -0.2719 1.0964 -0.0816
v -0.2774 1.0998 -0.0839
v -0.2710 1.1022 -0.0840
v -0.2157 1.0760 -0.0823
v -0.2222 1.0900 -0.0812
v -0.2159 1.0897 -0.0821
v -0.2171 1.0629 -0.0876
v -0.2186 1.0598 -0.0943
v -0.2226 1.0572 -0.0897
v -0.2227 1.0544 -0.1005
v -0.2222 1.0550 -0.1060
v -0.2127 1.0667 -0.1078
v -0.2130 1.0659 -0.1116
v -0.2166 1.0620 -0.1065
v -0.2127 1.0653 -0.0939
v -0.2085 1.0729 -0.0984
v -0.2126 1.0652 -0.1006
v -0.2112 1.0829 -0.0839
v -0.2094 1.0892 -0.0881
v -0.2088 1.0771 -0.0890
v -0.2084 1.0921 -0.0966
v -0.2086 1.0913 -0.1089
v -0.2086 1.0876 -0.1077
v -0.2165 1.0705 -0.1146
v -0.2118 1.0698 -0.1128
v -0.2117 1.0830 -0.1151
v -0.2411 1.1053 -0.1127
v -0.2505 1.1006 -0.1146
v -0.2281 1.1001 -0.1149
v -0.2816 1.0828 -0.1154
v -0.2776 1.0958 -0.1160
v -0.2818 1.0956 -0.1128
v -0.2819 1.1002 -0.1005
v -0.2771 1.1028 -0.1066
v -0.2742 1.1071 -0.1002
v -0.2698 1.1091 -0.0898
v -0.2669 1.1178 -0.0911
v -0.2633 1.1163 -0.0885
v -0.2566 1.1154 -0.0869
v -0.2481 1.1310 -0.0880
v -0.2471 1.1120 -0.0862
v -0.2225 1.0961 -0.0819
v -0.2258 1.1020 -0.0850
v -0.2163 1.0958 -0.0834
v -0.2117 1.0893 -0.0839
v -0.2129 1.0939 -0.0843
v -0.2213 1.1048 -0.0937
v -0.2248 1.1111 -0.0998
v -0.2211 1.1038 -0.1006
v -0.2234 1.1022 -0.1124
v -0.2190 1.0982 -0.1152
v -0.2324 1.1111 -0.1099
v -0.2422 1.1123 -0.1112
v -0.2700 1.1110 -0.1056
v -0.2708 1.1042 -0.1117
v -0.2637 1.1135 -0.1097
v -0.2656 1.1180 -0.1075
v -0.2627 1.1221 -0.1086
v -0.2666 1.1323 -0.0943
v -0.2681 1.1181 -0.1002
v -0.2637 1.1527 -0.1003
v -0.2659 1.1288 -0.0906
v -0.2635 1.1241 -0.0894
v -0.2568 1.1502 -0.0891
v -0.2558 1.1752 -0.0916
v -0.2507 1.1572 -0.0897
v -0.2350 1.1140 -0.0876
v -0.2321 1.1225 -0.0895
v -0.2288 1.1163 -0.0911
v -0.2256 1.1129 -0.0946
v -0.2269 1.1203 -0.0989
v -0.2305 1.1282 -0.1069
v -0.2323 1.1395 -0.1086
v -0.2333 1.1216 -0.1089
v -0.2313 1.1394 -0.0904
v -0.2319 1.1606 -0.0949
v -0.2304 1.1470 -0.0946
v -0.2334 1.1572 -0.0913
v -0.2312 1.1540 -0.1007
v -0.2470 1.1329 -0.1093
v -0.2583 1.1256 -0.1092
v -0.2617 1.1316 -0.1080
v -0.2613 1.1564 -0.1039
v -0.2613 1.1677 -0.1004
v -0.2543 1.1892 -0.0920
v -0.2569 1.1887 -0.0962
v -0.2543 1.2033 -0.0955
v -0.2437 1.1539 -0.0891
v -0.2442 1.1839 -0.0915
v -0.2389 1.1679 -0.0910
v -0.2382 1.1958 -0.0957
v -0.2363 1.1877 -0.1033
v -0.2346 1.1745 -0.0961
v -0.2424 1.1815 -0.1058
v -0.2438 1.1964 -0.1056
v -0.2521 1.1732 -0.1067
v -0.2473 1.1529 -0.1079
v -0.2349 1.1634 -0.1071
v -0.2497 1.1998 -0.1048
v -0.2539 1.1996 -0.1032
v -0.2578 1.1870 -0.1031
v -0.2490 1.2198 -0.0973
v -0.2515 1.2162 -0.0991
v -0.2475 1.2195 -0.1009
v -0.2409 1.1988 -0.0928
v -0.2430 1.2149 -0.0972
v -0.2444 1.2068 -0.1039
v -0.2446 1.2175 -0.0996
v -0.2588 1.1682 -0.0923
v -0.2098 1.0895 -0.1123
v -0.2128 1.0932 -0.1150
v -0.2599 1.0329 -0.0874
v -0.2627 1.0281 -0.0893
v -0.2637 1.0478 -0.0879
v -0.1999 0.8668 -0.1171
v -0.1740 0.6340 -0.1310
v -0.1736 0.6577 -0.1309
v -0.1576 0.7503 -0.1097
v -0.1575 0.7646 -0.1139
v -0.1575 0.7387 -0.1140
v -0.2483 0.7352 -0.1134
v -0.2458 0.7573 -0.1137
v -0.2515 0.7487 -0.1134
v -0.2485 0.7056 -0.1131
v -0.2544 0.7255 -0.1123
v -0.2858 0.7114 -0.1282
v -0.2853 0.6871 -0.1276
v -0.2813 0.7942 -0.1242
v -0.2849 0.7801 -0.1284
v -0.2637 0.6555 -0.0956
v -0.2617 0.6664 -0.0905
v -0.2651 0.6332 -0.0947
v -0.1951 0.5733 -0.1145
v -0.2868 0.9306 -0.0743
v -0.2865 0.9346 -0.0773
v -0.2804 0.9314 -0.0763
v -0.2265 0.7205 -0.0995
v -0.2256 0.6962 -0.0999
v -0.1691 0.6778 -0.0942
v -0.1657 0.6916 -0.0957
v -0.1655 0.6600 -0.0957
v -0.0141 0.6504 -0.1134
v 0.0240 0.8631 -0.1139
v -0.3111 0.6513 -0.1196
v -0.1915 0.4950 -0.1020
v -0.1886 0.4799 -0.0998
v -0.1946 0.4699 -0.1103
v -0.1950 0.4584 -0.1135
v -0.0154 0.7002 -0.1020
v -0.3887 0.8766 -0.1201
v -0.4271 0.8935 -0.1203
v -0.4333 0.8922 -0.1214
v -0.4344 0.9017 -0.1199
v -0.4423 0.9039 -0.1274
v -0.4388 0.8998 -0.1260
v -0.4180 0.9027 -0.1093
v -0.4247 0.9017 -0.1148
v -0.4114 0.9005 -0.1136
v -0.3872 0.9015 -0.0933
v -0.3887 0.8994 -0.1063
v -0.3832 0.8991 -0.1004
v -0.4463 0.9163 -0.1186
v -0.4490 0.9163 -0.1235
v -0.4443 0.9110 -0.1193
v -0.4511 0.9037 -0.1429
v -0.4478 0.9007 -0.1442
v -0.4472 0.9055 -0.1391
v -0.4508 0.8903 -0.1469
v -0.4510 0.8969 -0.1462
v -0.4618 0.8909 -0.1480
v -0.4656 0.8956 -0.1479
v -0.4575 0.9019 -0.1454
v -0.4814 0.8941 -0.1497
v -0.5065 0.8969 -0.1464
v -0.4978 0.9005 -0.1453
v -0.5104 0.9011 -0.1445
v -0.5042 0.9084 -0.1352
v -0.5100 0.9056 -0.1397
v -0.5064 0.9059 -0.1404
v -0.4911 0.9118 -0.1299
v -0.4797 0.9212 -0.1266
v -0.4941 0.9200 -0.1270
v -0.5064 0.9357 -0.1210
v -0.5073 0.9222 -0.1237
v -0.5032 0.9306 -0.1233
v -0.5119 0.9464 -0.1146
v -0.5114 0.9724 -0.1123
v -0.5128 0.9622 -0.1108
v -0.5133 0.9295 -0.0883
v -0.5140 0.9581 -0.1067
v -0.5128 0.9523 -0.0866
v -0.5102 0.9548 -0.0710
v -0.5111 0.9491 -0.0777
v -0.5110 0.9699 -0.0738
v -0.5123 0.9397 -0.0507
v -0.5100 0.9467 -0.0595
v -0.5119 0.9633 -0.0530
v -0.5075 0.9331 -0.0645
v -0.5127 1.0097 -0.0437
v -0.5105 1.0072 -0.0620
v -0.5094 1.0368 -0.0623
v -0.5073 1.0281 -0.0222
v -0.5060 1.0387 -0.0238
v -0.5101 1.0117 -0.0258
v -0.4925 1.0475 -0.0206
v -0.4849 1.0607 -0.0233
v -0.4650 1.0455 -0.0192
v -0.4589 1.0542 -0.0226
v -0.4550 1.0551 -0.0265
v -0.4531 1.0470 -0.0245
v -0.4500 1.0388 -0.0255
v -0.4505 1.0495 -0.0275
v -0.4486 1.0386 -0.0301
v -0.4488 0.9935 -0.0500
v -0.4491 1.0186 -0.0532
v -0.4499 1.0076 -0.0623
v -0.4517 0.9643 -0.0582
v -0.4510 0.9954 -0.0669
v -0.4511 0.9589 -0.0654
v -0.4509 0.9188 -0.0711
v -0.4475 0.9185 -0.0802
v -0.4455 0.9116 -0.0726
v -0.4458 0.9186 -0.1147
v -0.4438 0.9115 -0.1146
v -0.4534 0.9166 -0.1263
v -0.4522 0.9246 -0.1233
v -0.4728 0.9043 -0.1435
v -0.4576 0.9115 -0.1298
v -0.4571 0.9182 -0.1264
v -0.4592 0.9285 -0.1241
v -0.4688 0.9307 -0.1244
v -0.4988 0.9538 -0.1205
v -0.5101 0.9936 -0.1108
v -0.5074 1.0004 -0.1128
v -0.5091 1.0118 -0.1098
v -0.5110 1.0361 -0.1002
v -0.5120 1.0060 -0.1065
v -0.5112 1.0219 -0.1062
v -0.5075 1.0519 -0.0712
v -0.5085 1.0524 -0.0931
v -0.5063 1.0571 -0.0781
v -0.5061 1.0616 -0.0436
v -0.5055 1.0586 -0.0625
v -0.5031 1.0637 -0.0568
v -0.5042 1.0525 -0.0254
v -0.5012 1.0627 -0.0282
v -0.4955 1.0566 -0.0228
v -0.4717 1.0625 -0.0232
v -0.4785 1.0701 -0.0277
v -0.4719 1.0699 -0.0278
v -0.4568 1.0626 -0.0285
v -0.4591 1.0661 -0.0307
v -0.4550 1.0593 -0.0307
v -0.4509 1.0552 -0.0339
v -0.4507 1.0570 -0.0448
v -0.4497 1.0401 -0.0541
v -0.4482 1.0376 -0.0405
v -0.4493 1.0082 -0.0737
v -0.4472 1.0078 -0.0905
v -0.4485 0.9890 -0.0813
v -0.4471 0.9746 -0.0940
v -0.4475 0.9530 -0.1113
v -0.4493 0.9667 -0.1163
v -0.4482 0.9364 -0.1186
v -0.4530 0.9489 -0.1197
v -0.4595 0.9656 -0.1190
v -0.4603 0.9412 -0.1221
v -0.4717 0.9539 -0.1213
v -0.4766 0.9926 -0.1172
v -0.4852 0.9596 -0.1208
v -0.4695 1.0314 -0.1132
v -0.4715 1.0495 -0.1101
v -0.4925 1.0533 -0.1102
v -0.5084 1.0324 -0.1093
v -0.5047 1.0428 -0.1092
v -0.5057 1.0484 -0.1063
v -0.5085 1.0492 -0.0987
v -0.5086 1.0411 -0.1040
v -0.5070 1.0570 -0.1028
v -0.5072 1.0584 -0.0935
v -0.5034 1.0626 -0.0742
v -0.5005 1.0683 -0.0436
v -0.4954 1.0696 -0.0602
v -0.4914 1.0724 -0.0435
v -0.4872 1.0693 -0.0282
v -0.4914 1.0720 -0.0372
v -0.4842 1.0740 -0.0379
v -0.4658 1.0727 -0.0436
v -0.4699 1.0728 -0.0613
v -0.4625 1.0694 -0.0560
v -0.4634 1.0701 -0.0686
v -0.4594 1.0673 -0.0653
v -0.4574 1.0678 -0.0794
v -0.4548 1.0645 -0.0930
v -0.4546 1.0648 -0.0794
v -0.4468 1.0327 -0.1002
v -0.4503 1.0416 -0.1080
v -0.4482 1.0224 -0.1052
v -0.4481 0.9998 -0.1065
v -0.4494 0.9957 -0.1114
v -0.4485 0.9790 -0.1109
v -0.4497 0.9794 -0.1155
v -0.4556 0.9928 -0.1158
v -0.4524 1.0221 -0.1119
v -0.4498 1.0370 -0.1089
v -0.4625 1.0581 -0.1082
v -0.4560 1.0626 -0.1021
v -0.4646 1.0647 -0.1034
v -0.4790 1.0557 -0.1090
v -0.4880 1.0593 -0.1077
v -0.5038 1.0590 -0.1046
v -0.4985 1.0647 -0.1038
v -0.5023 1.0636 -0.1030
v -0.5031 1.0652 -0.0933
v -0.5029 1.0645 -0.0994
v -0.5001 1.0680 -0.0933
v -0.4790 1.0739 -0.0598
v -0.4854 1.0728 -0.0735
v -0.4754 1.0748 -0.0820
v -0.4658 1.0725 -0.0826
v -0.4720 1.0729 -0.0925
v -0.4656 1.0715 -0.0927
v -0.4598 1.0684 -0.0929
v -0.4786 1.0691 -0.1021
v -0.4727 1.0627 -0.1072
v -0.4699 1.0688 -0.1019
v -0.4497 1.0532 -0.0995
v -0.4528 1.0533 -0.1054
v -0.4499 1.0510 -0.1033
v -0.5108 1.0020 -0.0753
v -0.5119 1.0150 -0.0904
v -0.5142 0.9141 -0.0844
v -0.5125 0.9204 -0.0803
v -0.5181 0.9106 -0.1139
v -0.5201 0.9051 -0.1202
v -0.5131 0.9103 -0.1211
v -0.5148 0.9046 -0.1242
v -0.5147 0.9043 -0.1289
v -0.5321 0.8976 -0.1197
v -0.5279 0.9013 -0.1203
v -0.2345 0.5453 -0.0825
v -0.1645 0.8037 -0.0423
v -0.1705 0.8052 -0.0390
v -0.1638 0.8076 -0.0401
v -0.1328 0.8042 -0.0442
v -0.1373 0.8029 -0.0479
v -0.1471 0.8038 -0.0426
v -0.0203 0.7768 -0.0958
v -0.0213 0.7951 -0.0935
v 0.0258 0.5807 -0.1087
v 0.0071 0.4265 -0.1018
v 0.0495 0.7747 -0.0856
v 0.0784 0.8055 -0.1019
v 0.0791 0.8133 -0.1067
v 0.0854 0.8138 -0.1101
v 0.0871 0.8207 -0.1115
v 0.0834 0.8170 -0.1088
v 0.0726 0.8576 -0.1067
v 0.0820 0.8674 -0.1070
v 0.0777 0.8828 -0.1066
v 0.0762 0.8923 -0.0991
v 0.0698 0.8872 -0.1034
v 0.0781 0.8896 -0.1042
v 0.0898 0.9077 -0.1076
v 0.0894 0.9037 -0.1141
v 0.0907 0.9075 -0.1142
v 0.0978 0.9109 -0.1213
v 0.1059 0.9113 -0.1249
v 0.1096 0.9112 -0.1249
v 0.1287 0.8979 -0.0845
v 0.1279 0.9067 -0.1009
v 0.1307 0.8966 -0.0941
v 0.1327 0.8881 -0.0617
v 0.1316 0.8899 -0.0722
v 0.1410 0.8856 -0.0650
v 0.1493 0.8866 -0.0863
v 0.1404 0.8866 -0.0932
v 0.1491 0.8860 -0.0929
v 0.1570 0.8908 -0.0792
v 0.1567 0.8903 -0.0864
v 0.1403 0.8857 -0.0994
v 0.1489 0.8844 -0.0978
v 0.1299 0.8992 -0.1033
v 0.1300 0.8953 -0.1100
v 0.1337 0.8904 -0.1003
v 0.1281 0.8945 -0.1187
v 0.1273 0.8955 -0.1241
v 0.1289 0.8846 -0.1188
v 0.1151 0.8537 -0.1282
v 0.1145 0.8832 -0.1287
v 0.1082 0.8712 -0.1285
v 0.1053 0.8067 -0.1262
v 0.1056 0.8272 -0.1280
v 0.0971 0.8194 -0.1238
v 0.0929 0.7960 -0.1111
v 0.0955 0.7905 -0.1172
v 0.0931 0.8024 -0.1147
v 0.0830 0.8098 -0.1076
v 0.0884 0.8081 -0.1107
v 0.0900 0.8015 -0.1069
v 0.0921 0.8019 -0.1103
v 0.0917 0.8147 -0.1156
v 0.0923 0.8373 -0.1159
v 0.0927 0.8620 -0.1158
v 0.0882 0.8746 -0.1134
v 0.0838 0.8896 -0.1072
v 0.0879 0.8906 -0.1129
v 0.0858 0.8961 -0.1070
v 0.0923 0.9038 -0.1225
v 0.0950 0.9039 -0.1256
v 0.0940 0.9085 -0.1207
v 0.1086 0.9072 -0.1291
v 0.1208 0.9093 -0.1114
v 0.1188 0.9096 -0.1211
v 0.1275 0.9067 -0.1119
v 0.1065 0.8977 -0.1298
v 0.1132 0.8998 -0.1288
v 0.0920 0.8976 -0.1231
v 0.0981 0.8976 -0.1285
v 0.1024 0.8598 -0.1270
v 0.1025 0.8857 -0.1283
v -0.5173 0.9183 -0.0427
v -0.5194 0.9109 -0.0502
v -0.2820 0.5339 -0.0959
v -0.2726 0.5273 -0.0949
v -0.3130 0.4483 -0.0938
v -0.3141 0.4494 -0.1015
v -0.3098 0.4534 -0.0969
v -0.3197 0.4457 -0.1062
v -0.3194 0.4401 -0.1107
v -0.3152 0.4478 -0.1120
v -0.3207 0.4459 -0.0993
v -0.3280 0.4430 -0.1034
v -0.4930 0.8124 -0.1570
v -0.5401 0.8234 -0.0597
v -0.5405 0.8254 -0.0819
v -0.5256 0.8052 -0.0962
v -0.5181 0.7994 -0.1013
v -0.5217 0.8021 -0.1039
v -0.5184 0.7996 -0.1144
v -0.5158 0.7903 -0.1204
v -0.3800 0.8195 -0.0313
v -0.3800 0.8371 -0.0306
v -0.5144 0.7313 -0.1102
v -0.5115 0.7191 -0.1491
v -0.5130 0.7308 -0.1453
v -0.5101 0.6866 -0.1580
v -0.5067 0.7057 -0.1548
v -0.5103 0.6964 -0.1549
v -0.5068 0.6770 -0.1596
v -0.4977 0.6910 -0.1582
v -0.4436 0.7034 -0.1064
v -0.5094 0.7769 0.0011
v -0.5113 0.7856 -0.0008
v -0.5137 0.7530 0.0012
v -0.5141 0.7544 -0.0022
v -0.5138 0.7578 0.0008
v -0.5095 0.7285 0.0067
v -0.5116 0.7363 0.0043
v -0.5064 0.7461 0.0061
v -0.5149 0.7362 -0.0258
v -0.5154 0.7678 -0.0191
v -0.5144 0.7140 -0.0331
v -0.5113 0.6970 -0.0407
v -0.5077 0.6635 -0.0589
v -0.5085 0.6678 -0.0423
v -0.5146 0.6762 -0.0276
v -0.5148 0.7028 -0.0254
v -0.5114 0.6697 -0.1076
v -0.5100 0.6886 -0.1017
v -0.5140 0.7688 -0.0042
v -0.5147 0.7605 -0.0097
v -0.5147 0.7809 -0.0093
v -0.5143 0.6077 -0.1634
v -0.5139 0.6052 -0.1676
v -0.5130 0.6173 -0.1650
v -0.5100 0.6030 -0.1716
v -0.4991 0.6134 -0.1704
v -0.5069 0.6127 -0.1694
v -0.5143 0.5842 -0.1638
v -0.5138 0.5759 -0.1692
v -0.5133 0.5925 -0.1680
v -0.5097 0.5664 -0.1765
v -0.5066 0.5797 -0.1760
v -0.5099 0.5827 -0.1736
v -0.5151 0.5712 -0.0084
v -0.5152 0.6182 -0.0057
v -0.5145 0.5734 -0.0258
v -0.5102 0.5773 -0.0328
v -0.5109 0.5938 -0.0323
v -0.5065 0.5747 -0.0469
v -0.5060 0.5590 -0.0692
v -0.5112 0.5337 -0.0265
v -0.5071 0.5343 -0.0319
v -0.5134 0.5554 -0.0248
v -0.5142 0.5052 -0.0192
v -0.5141 0.5358 -0.0209
v -0.5146 0.5407 -0.0141
v -0.5139 0.4636 -0.0145
v -0.5107 0.4711 -0.0209
v -0.5141 0.4879 -0.0186
v -0.5063 0.4922 -0.0358
v -0.5062 0.5198 -0.0354
v -0.5067 0.5173 -0.0303
v -0.5060 0.5442 -0.0465
v -0.5052 0.4818 -0.0740
v -0.5061 0.5542 -0.0955
v -0.5064 0.5473 -0.1073
v -0.5067 0.5615 -0.1064
v -0.5082 0.5771 -0.1103
v -0.5117 0.5869 -0.1168
v -0.5097 0.6032 -0.1110
v -0.5139 0.5444 -0.1249
v -0.5141 0.5637 -0.1240
v -0.5122 0.5561 -0.1203
v -0.5112 0.5106 -0.1226
v -0.5131 0.5219 -0.1269
v -0.5112 0.5332 -0.1209
v -0.5070 0.4903 -0.1150
v -0.5088 0.4988 -0.1191
v -0.5073 0.5067 -0.1142
v -0.5047 0.4504 -0.1147
v -0.5066 0.4522 -0.1209
v -0.5061 0.4728 -0.1135
v -0.5067 0.4361 -0.1212
v -0.5097 0.4452 -0.1258
v -0.5137 0.4560 -0.1290
v -0.5148 0.4440 -0.1374
v -0.5138 0.4808 -0.1273
v -0.5157 0.4630 -0.1625
v -0.5150 0.4930 -0.1736
v -0.5150 0.5279 -0.1562
v -0.5141 0.4940 -0.1831
v -0.5122 0.4981 -0.1848
v -0.5140 0.5089 -0.1820
v -0.5101 0.5192 -0.1831
v -0.5066 0.5299 -0.1835
v -0.5098 0.4402 -0.1952
v -0.5052 0.4555 -0.1943
v -0.5096 0.4599 -0.1928
v -0.5054 0.3981 -0.2029
v -0.4965 0.3723 -0.2068
v -0.4436 0.3733 -0.2070
v -0.4530 0.3389 -0.2125
v -0.4436 0.3494 -0.2105
v -0.4359 0.3639 -0.2071
v -0.4353 0.3745 -0.2038
v -0.4378 0.3804 -0.2049
v -0.4348 0.3413 -0.2097
v -0.4400 0.3304 -0.2138
v -0.4385 0.2832 -0.2199
v -0.4379 0.3116 -0.2153
v -0.4457 0.2902 -0.2199
v -0.4922 0.2184 -0.2322
v -0.4693 0.2411 -0.2282
v -0.4458 0.2623 -0.2242
v -0.4372 0.2692 -0.2225
v -0.5174 0.2293 -0.2287
v -0.5129 0.2400 -0.2269
v -0.5175 0.2416 -0.2252
v -0.5188 0.2957 -0.1983
v -0.5193 0.2644 -0.2149
v -0.5179 0.2940 -0.2102
v -0.5180 0.3262 -0.1786
v -0.5172 0.3532 -0.1887
v -0.5168 0.3882 -0.1729
v -0.5151 0.4503 -0.1865
v -0.5143 0.4450 -0.1904
v -0.5147 0.4590 -0.1898
v -0.5068 0.4884 -0.1884
v -0.5111 0.4726 -0.1895
v -0.5133 0.3960 -0.1999
v -0.5107 0.4137 -0.1992
v -0.5147 0.4118 -0.1967
v -0.5161 0.3636 -0.1984
v -0.5157 0.3458 -0.2041
v -0.5147 0.3593 -0.2035
v -0.5084 0.3657 -0.2068
v -0.5064 0.3789 -0.2048
v -0.5119 0.3176 -0.2138
v -0.5063 0.3028 -0.2164
v -0.4941 0.3141 -0.2155
v -0.5177 0.2698 -0.2196
v -0.5170 0.3292 -0.2024
v -0.5157 0.3340 -0.2094
v -0.5148 0.3835 -0.1401
v -0.5161 0.3623 -0.1474
v -0.5158 0.3883 -0.1453
v -0.5059 0.3880 -0.1280
v -0.5139 0.3965 -0.1356
v -0.5074 0.4096 -0.1289
v -0.5047 0.3735 -0.1167
v -0.5045 0.3931 -0.1006
v -0.5101 0.3610 -0.1348
v -0.5154 0.3702 -0.1394
v -0.5112 0.3777 -0.1346
v -0.5046 0.3139 -0.1200
v -0.5057 0.3194 -0.1286
v -0.5050 0.3341 -0.1216
v -0.5152 0.3187 -0.1423
v -0.5165 0.3160 -0.1492
v -0.5153 0.3462 -0.1408
v -0.5164 0.2741 -0.1476
v -0.5179 0.2839 -0.1530
v -0.5157 0.2961 -0.1468
v -0.5163 0.2473 -0.1506
v -0.5121 0.2470 -0.1467
v -0.5061 0.2172 -0.1390
v -0.5061 0.2383 -0.1423
v -0.5045 0.2971 -0.1290
v -0.5060 0.2920 -0.1349
v -0.5063 0.3061 -0.1350
v -0.5090 0.2106 -0.1510
v -0.5131 0.2138 -0.1515
v -0.5104 0.2198 -0.1482
v -0.5161 0.2299 -0.1507
v -0.5191 0.2321 -0.1555
v -0.5207 0.2285 -0.1629
v -0.5186 0.2549 -0.1561
v -0.5225 0.2115 -0.1800
v -0.5257 0.1618 -0.1780
v -0.5234 0.2055 -0.2043
v -0.5281 0.1477 -0.2135
v -0.5297 0.1432 -0.2277
v -0.5279 0.1480 -0.2425
v -0.5232 0.2020 -0.2255
v -0.5210 0.2417 -0.2123
v -0.5200 0.2004 -0.2341
v -0.5074 0.2013 -0.2352
v -0.5253 0.1606 -0.2407
v -0.5237 0.1659 -0.2431
v -0.5244 0.1691 -0.2407
v -0.5197 0.1716 -0.2416
v -0.4909 0.1552 -0.2463
v -0.5002 0.1403 -0.2591
v -0.4843 0.1446 -0.2539
v -0.5071 0.1427 -0.2550
v -0.4670 0.1485 -0.2507
v -0.4642 0.1446 -0.2531
v -0.4455 0.1497 -0.2500
v -0.4370 0.1526 -0.2496
v -0.4314 0.1599 -0.2449
v -0.4362 0.1617 -0.2456
v -0.4206 0.1364 -0.2394
v -0.4237 0.1405 -0.2499
v -0.4214 0.1361 -0.2527
v -0.4141 0.1220 -0.2286
v -0.4154 0.1270 -0.2282
v -0.4159 0.1253 -0.2374
v -0.4005 0.1099 -0.2184
v -0.3986 0.1198 -0.2187
v -0.4083 0.1204 -0.2214
v -0.4143 0.1279 -0.2230
v -0.4099 0.1266 -0.2214
v -0.4152 0.1325 -0.2213
v -0.4082 0.1352 -0.2164
v -0.3477 0.1330 -0.2154
v -0.3540 0.1370 -0.2155
v -0.3715 0.1300 -0.2164
v -0.3355 0.1408 -0.2067
v -0.3395 0.1394 -0.2111
v -0.3284 0.1406 -0.2124
v -0.3220 0.1528 -0.2056
v -0.3201 0.1549 -0.2135
v -0.3181 0.1595 -0.1982
v -0.3163 0.1638 -0.1823
v -0.3149 0.1645 -0.1901
v -0.3119 0.1694 -0.1783
v -0.3080 0.1707 -0.1850
v -0.2942 0.1709 -0.1909
v -0.2939 0.1675 -0.2015
v -0.2883 0.1693 -0.1908
v -0.2796 0.1663 -0.1820
v -0.2837 0.1667 -0.1920
v -0.2806 0.1635 -0.1984
v -0.2744 0.1557 -0.2075
v -0.2767 0.1594 -0.2141
v -0.2751 0.1560 -0.2141
v -0.2732 0.1491 -0.2072
v -0.2762 0.1507 -0.2128
v -0.2717 0.1427 -0.2057
v -0.2519 0.1373 -0.2039
v -0.2630 0.1373 -0.2069
v -0.2552 0.1348 -0.2071
v -0.2712 0.1230 -0.2117
v -0.2648 0.1324 -0.2095
v -0.2778 0.1338 -0.2118
v -0.2947 0.1267 -0.2141
v -0.3041 0.1362 -0.2163
v -0.3111 0.1233 -0.2151
v -0.4011 0.0832 -0.2191
v -0.3804 0.0950 -0.2177
v -0.3419 0.1377 -0.2136
v -0.3321 0.1378 -0.2146
v -0.3174 0.1595 -0.2140
v -0.3172 0.1558 -0.2204
v -0.3104 0.1632 -0.2174
v -0.3002 0.1656 -0.2136
v -0.3001 0.1639 -0.2186
v -0.2856 0.1647 -0.2047
v -0.2775 0.1590 -0.2188
v -0.2807 0.1438 -0.2131
v -0.2807 0.1512 -0.2193
v -0.2838 0.1481 -0.2179
v -0.2843 0.1269 -0.2131
v -0.2873 0.1347 -0.2135
v -0.2919 0.1320 -0.2138
v -0.3005 0.1430 -0.2216
v -0.3070 0.1431 -0.2209
v -0.3082 0.1490 -0.2290
v -0.3058 0.1459 -0.2266
v -0.3042 0.1472 -0.2312
v -0.3123 0.1550 -0.2256
v -0.3139 0.1582 -0.2215
v -0.3030 0.1571 -0.2295
v -0.3001 0.1544 -0.2317
v -0.2886 0.1550 -0.2291
v -0.2875 0.1445 -0.2197
v -0.2948 0.1474 -0.2311
v -0.2940 0.1432 -0.2213
v -0.2824 0.1588 -0.2238
v -0.2872 0.1593 -0.2253
v -0.2251 0.1147 -0.2104
v -0.2243 0.1248 -0.2091
v -0.2394 0.1178 -0.2102
v -0.2077 0.1150 -0.2149
v -0.2003 0.1056 -0.2206
v -0.2031 0.1200 -0.2183
v -0.4106 0.0966 -0.2323
v -0.4107 0.0883 -0.2452
v -0.4098 0.0725 -0.2286
v -0.4080 0.0613 -0.2738
v -0.4078 0.0463 -0.2763
v -0.4145 0.0441 -0.2813
v -0.4208 0.0496 -0.2819
v -0.4497 0.0527 -0.2758
v -0.4609 0.0462 -0.2736
v -0.4911 0.0553 -0.2728
v -0.5177 0.0645 -0.2718
v -0.5291 0.0771 -0.2679
v -0.5264 0.0987 -0.2699
v -0.5299 0.0922 -0.2679
v -0.5337 0.1336 -0.2377
v -0.5315 0.1341 -0.2566
v -0.5286 0.1437 -0.2057
v -0.5317 0.1399 -0.2224
v -0.5276 0.1431 -0.2505
v -0.5263 0.1467 -0.2488
v -0.5212 0.1415 -0.2592
v -0.5232 0.1361 -0.2637
v -0.5142 0.1368 -0.2642
v -0.4792 0.1400 -0.2591
v -0.4290 0.1345 -0.2636
v -0.4447 0.1296 -0.2657
v -0.4227 0.1306 -0.2655
v -0.4241 0.1397 -0.2556
v -0.4209 0.1356 -0.2596
v -0.4179 0.1124 -0.2702
v -0.4149 0.1162 -0.2644
v -0.4170 0.1188 -0.2677
v -0.4103 0.0865 -0.2608
v -0.4134 0.0991 -0.2701
v -0.4104 0.0798 -0.2690
v -0.4146 0.0595 -0.2820
v -0.4128 0.0744 -0.2788
v -0.4162 0.0783 -0.2779
v -0.4218 0.0914 -0.2769
v -0.4499 0.1038 -0.2724
v -0.4512 0.0885 -0.2745
v -0.4803 0.0950 -0.2722
v -0.4823 0.1099 -0.2701
v -0.5307 0.1177 -0.2621
v -0.5296 0.1250 -0.2651
v -0.5297 0.1297 -0.2612
v -0.4535 0.1196 -0.2688
v -0.4304 0.1131 -0.2711
v -0.4201 0.1152 -0.2710
v -0.4229 0.1121 -0.2718
v -0.5230 0.1598 -0.2442
v -0.5178 0.2033 -0.1546
v -0.5199 0.1972 -0.1572
v -0.5205 0.2169 -0.1564
v -0.5064 0.1743 -0.1483
v -0.5070 0.1886 -0.1493
v -0.5131 0.1485 -0.1549
v -0.5122 0.1567 -0.1550
v -0.5074 0.1480 -0.1492
v -0.5215 0.1725 -0.1583
v -0.5229 0.1697 -0.1604
v -0.5210 0.1842 -0.1584
v -0.5148 0.4309 -0.1330
v -0.5140 0.4438 -0.1328
v -0.5122 0.4405 -0.1300
v -0.4505 0.3976 -0.2042
v -0.4392 0.4140 -0.2010
v -0.5089 0.5181 -0.1177
v -0.5085 0.5343 -0.1164
v -0.5062 0.5249 -0.1129
v -0.5071 0.5531 -0.1111
v -0.5091 0.5503 -0.1158
v -0.5069 0.5626 -0.1115
v -0.5113 0.4613 -0.0187
v -0.5084 0.4687 -0.0225
v -0.5151 0.4253 0.0027
v -0.5144 0.4746 -0.0081
v -0.5147 0.4732 0.0065
v -0.5053 0.4043 -0.0293
v -0.5051 0.4314 -0.0382
v -0.5060 0.4314 -0.0285
v -0.5104 0.3929 -0.0129
v -0.5106 0.4042 -0.0138
v -0.5081 0.3604 -0.0133
v -0.5188 0.3024 0.0077
v -0.5163 0.3158 0.0015
v -0.5064 0.3205 -0.0091
v -0.5056 0.3205 -0.0155
v -0.5070 0.2999 -0.0053
v -0.5055 0.2796 -0.0142
v -0.5046 0.3025 -0.0155
v -0.5126 0.3039 0.0009
v -0.5089 0.3029 -0.0003
v -0.5095 0.3064 -0.0015
v -0.5192 0.2997 0.0141
v -0.5179 0.2888 0.0090
v -0.5176 0.2755 0.0094
v -0.5125 0.2786 0.0035
v -0.5155 0.2776 0.0055
v -0.5078 0.2634 -0.0002
v -0.5063 0.2677 -0.0055
v -0.5062 0.2704 -0.0027
v -0.5121 0.2559 0.0068
v -0.5094 0.2581 0.0044
v -0.5179 0.2636 0.0095
v -0.5062 0.3133 -0.0087
v -0.5096 0.3141 -0.0044
v -0.2759 0.0515 -0.2103
v -0.2998 0.0523 -0.2117
v -0.4129 0.1404 -0.1921
v -0.4105 0.1396 -0.2048
v -0.3968 0.1395 -0.1940
v -0.4267 0.1624 -0.2203
v -0.4243 0.1486 -0.2225
v -0.4249 0.1481 -0.2148
v -0.4309 0.1975 -0.2272
v -0.4328 0.1973 -0.2337
v -0.4304 0.1859 -0.2338
v -0.5251 0.1878 0.0237
v -0.5257 0.1651 0.0234
v -0.5272 0.1706 0.0257
v -0.5197 0.1770 0.0199
v -0.5139 0.1839 0.0163
v -0.5232 0.1799 0.0210
v -0.5089 0.2177 0.0137
v -0.5066 0.2046 0.0066
v -0.5071 0.2203 0.0081
v -0.5057 0.1735 0.0024
v -0.5054 0.1966 -0.0053
v -0.5064 0.1849 0.0110
v -0.5052 0.1561 0.0062
v -0.5057 0.1586 -0.0399
v -0.5050 0.1748 -0.0359
v -0.5095 0.1415 -0.0624
v -0.5073 0.1489 -0.0478
v -0.5150 0.1414 -0.0731
v -0.5108 0.1426 -0.0792
v -0.5106 0.1437 -0.0693
v -0.5253 0.1379 -0.1114
v -0.5238 0.1380 -0.1372
v -0.5370 0.0958 -0.1728
v -0.5339 0.1150 -0.1659
v -0.0509 0.1412 -0.1851
v -0.0431 0.1416 -0.1869
v -0.5268 0.1361 -0.0449
v -0.5280 0.1362 -0.0619
v -0.5243 0.1379 -0.0525
v -0.5371 0.0460 -0.1871
v -0.2123 0.0432 -0.1776
v -0.2043 0.0421 -0.1875
v -0.2014 0.0427 -0.1953
v -0.2110 0.0436 -0.1893
v -0.1680 0.0473 -0.2082
v -0.1487 0.1413 -0.1720
v -0.1481 0.1420 -0.1767
v -0.1438 0.1402 -0.1651
v -0.2880 0.2004 -0.1216
v -0.2818 0.1995 -0.1257
v -0.2879 0.1909 -0.1252
v -0.2949 0.2989 -0.1327
v -0.2078 0.4100 -0.1070
v -0.2003 0.4124 -0.1111
v -0.2042 0.4144 -0.1070
v -0.1729 0.3694 -0.1320
v -0.1674 0.3819 -0.1308
v -0.5343 0.1504 0.0965
v -0.5318 0.1684 0.0920
v -0.5295 0.1775 0.0973
v -0.5493 0.1028 0.0362
v -0.5481 0.1074 0.0316
v -0.5340 0.0973 0.0121
v -0.5328 0.1085 0.0056
v -0.5334 0.1064 0.0145
v -0.1716 0.0385 -0.1812
v -0.1710 0.0397 -0.1912
v -0.1789 0.0360 -0.1859
v -0.1775 0.0357 -0.1717
v -0.1330 0.0446 -0.1989
v -0.1170 0.0469 -0.2020
v -0.1402 0.0466 -0.2025
v -0.0732 0.0488 -0.1996
v -0.0852 0.0476 -0.2006
v 0.1102 0.1354 -0.2002
v 0.0775 0.1003 -0.1999
v 0.1079 0.0973 -0.2007
v -0.2997 0.1067 -0.1381
v -0.1579 0.1505 -0.1409
v -0.1579 0.1611 -0.1484
v -0.1725 0.2839 -0.1354
v -0.1722 0.3032 -0.1327
v -0.1686 0.3393 -0.1307
v -0.1681 0.3208 -0.1303
v -0.0557 0.4401 -0.1056
v -0.0517 0.4451 -0.1060
v 0.0335 0.4072 -0.1115
v 0.0284 0.4146 -0.1118
v -0.5491 0.1081 0.1355
v -0.5493 0.1169 0.1307
v -0.5459 0.1178 0.1351
v -0.5353 0.0618 0.0261
v -0.5346 0.0639 0.0214
v -0.5393 0.0656 0.0289
v -0.4213 0.0976 -0.1228
v -0.4139 0.1077 -0.1204
v -0.4127 0.1208 -0.1204
v -0.4206 0.1240 -0.1224
v -0.3857 0.1388 -0.1119
v -0.3769 0.1377 -0.1167
v -0.3619 0.1391 -0.1118
v -0.4128 0.1409 -0.0908
v -0.4376 0.1420 -0.1041
v -0.4392 0.1418 -0.1204
v -0.4306 0.1415 -0.0970
v -0.4409 0.1421 -0.1434
v -0.4418 0.1477 -0.1490
v -0.4407 0.1424 -0.1473
v -0.4353 0.1800 -0.1538
v -0.4376 0.1907 -0.1521
v -0.4467 0.1559 -0.1441
v -0.4431 0.1562 -0.1506
v -0.4436 0.1474 -0.1438
v -0.1561 0.2882 -0.1148
v -0.5505 0.0917 0.1378
v -0.5501 0.0730 0.1417
v -0.1886 0.1255 -0.1197
v -0.1791 0.1348 -0.1219
v -0.1996 0.1338 -0.1190
v -0.2151 0.1523 -0.0318
v -0.2067 0.1504 -0.0354
v -0.2054 0.1488 -0.0271
v -0.1917 0.1448 -0.0137
v -0.1849 0.1432 -0.0156
v -0.1784 0.1425 -0.0039
v -0.2338 0.1693 -0.0518
v -0.2304 0.1682 -0.0585
v -0.2274 0.1633 -0.0565
v -0.2362 0.1781 -0.0683
v -0.2363 0.1895 -0.0723
v -0.2346 0.2042 -0.0750
v -0.4483 0.1641 -0.0783
v -0.4465 0.1557 -0.0622
v -0.2752 0.2596 -0.1218
v -0.2765 0.2495 -0.1271
v -0.2751 0.2491 -0.1224
v -0.2347 0.2150 -0.0822
v -0.4492 0.1704 -0.0005
v -0.4337 0.1671 0.0171
v -0.4340 0.1814 0.0166
v -0.4384 0.1729 0.0143
v -0.4265 0.1475 0.0914
v -0.4245 0.1472 0.0803
v -0.4218 0.1427 0.0892
v -0.4295 0.1502 0.0980
v -0.4300 0.1598 0.0910
v -0.4295 0.1515 0.0937
v -0.4411 0.2607 0.0068
v -0.4361 0.2597 0.0107
v -0.2263 0.3333 -0.0998
v -0.2278 0.3284 -0.1030
v -0.2283 0.3190 -0.0991
v 0.0774 0.3897 -0.1045
v 0.0700 0.3925 -0.1035
v 0.0917 0.3850 -0.1150
v 0.0974 0.3612 -0.1229
v 0.0970 0.3786 -0.1213
v 0.0974 0.4093 -0.1226
v 0.0982 0.4317 -0.1217
v 0.0942 0.4361 -0.1178
v 0.1017 0.4351 -0.1235
v 0.1071 0.4548 -0.1245
v 0.1025 0.4667 -0.1230
v 0.1073 0.4837 -0.1237
v 0.1125 0.5003 -0.1235
v 0.1171 0.5466 -0.1225
v 0.1175 0.5715 -0.1225
v 0.1128 0.5537 -0.1242
v 0.1171 0.5977 -0.1226
v 0.1172 0.6256 -0.1227
v 0.1125 0.6103 -0.1233
v 0.1209 0.6425 -0.1212
v 0.1210 0.6691 -0.1214
v 0.1171 0.6535 -0.1229
v 0.1240 0.6578 -0.1189
v 0.1239 0.6264 -0.1188
v 0.1259 0.5793 -0.1155
v 0.1235 0.5928 -0.1190
v 0.1236 0.5649 -0.1185
v 0.1281 0.5921 -0.1037
v 0.1271 0.5112 -0.1113
v 0.1271 0.5368 -0.1113
v 0.1256 0.5279 -0.1152
v 0.1273 0.4668 -0.1117
v 0.1272 0.4890 -0.1114
v 0.1259 0.4865 -0.1161
v 0.1213 0.4554 -0.1221
v 0.1208 0.4765 -0.1214
v 0.1177 0.4591 -0.1235
v 0.1212 0.4151 -0.1226
v 0.1212 0.4394 -0.1222
v 0.1175 0.4216 -0.1249
v 0.1075 0.3886 -0.1258
v 0.1127 0.4004 -0.1269
v 0.1051 0.4142 -0.1248
v 0.1018 0.3307 -0.1243
v 0.1025 0.3545 -0.1248
v 0.0976 0.3452 -0.1228
v 0.0998 0.2870 -0.1205
v 0.1037 0.2871 -0.1225
v 0.1004 0.3131 -0.1233
v 0.1010 0.2589 -0.1171
v 0.1043 0.2688 -0.1217
v 0.0979 0.2570 -0.1133
v 0.1012 0.2219 -0.1062
v 0.1044 0.2235 -0.1108
v 0.1006 0.2358 -0.1100
v 0.1133 0.2320 -0.1174
v 0.1132 0.2479 -0.1196
v 0.1092 0.2444 -0.1185
v 0.1081 0.2716 -0.1221
v 0.1066 0.2956 -0.1252
v 0.1119 0.3372 -0.1255
v 0.1113 0.3602 -0.1258
v 0.1065 0.3399 -0.1266
v 0.1175 0.3773 -0.1248
v 0.1122 0.3825 -0.1259
v 0.1175 0.2721 -0.1209
v 0.1211 0.2713 -0.1184
v 0.1201 0.2858 -0.1208
v 0.1207 0.2328 -0.1146
v 0.1223 0.2511 -0.1170
v 0.1184 0.2511 -0.1195
v 0.1195 0.1999 -0.1110
v 0.1174 0.2161 -0.1145
v 0.1144 0.2065 -0.1113
v 0.1145 0.1934 -0.1085
v 0.1210 0.4936 -0.1220
v 0.1126 0.4727 -0.1242
v 0.1234 0.5425 -0.1184
v 0.1207 0.5559 -0.1208
v 0.1257 0.5518 -0.1153
v 0.0960 0.5295 -0.0971
v 0.0967 0.5536 -0.0974
v 0.1001 0.5427 -0.0933
v 0.1689 0.9206 -0.1099
v 0.1725 0.9209 -0.1122
v 0.1714 0.9227 -0.1069
v 0.1921 0.8920 -0.1249
v 0.1983 0.8920 -0.1255
v 0.2045 0.8982 -0.1262
v 0.1984 0.8980 -0.1273
v 0.0461 0.2998 -0.0816
v 0.0496 0.2883 -0.0835
v 0.0454 0.2809 -0.0790
v 0.1276 0.4374 -0.1121
v 0.1268 0.7755 -0.0993
v 0.2574 0.8666 -0.1152
v 0.2530 0.8735 -0.1097
v 0.3559 0.8060 -0.0440
v 0.4279 0.5582 -0.0255
v 0.4291 0.5761 -0.0280
v 0.4265 0.5662 -0.0248
v 0.4328 0.5627 -0.0310
v 0.4342 0.5813 -0.0402
v 0.4316 0.5873 -0.0332
v 0.4259 0.5542 -0.0211
v 0.4329 0.5038 -0.1168
v 0.4312 0.5203 -0.1193
v 0.4345 0.5126 -0.1146
v 0.4283 0.5149 -0.1258
v 0.4285 0.5270 -0.1229
v 0.4301 0.3581 -0.2082
v 0.4842 0.1327 -0.2690
v 0.4836 0.6074 0.0306
v 0.4818 0.6326 0.0275
v 0.4877 0.6102 0.0295
v 0.1201 0.2980 -0.0942
v 0.1198 0.3202 -0.0949
v 0.1227 0.3083 -0.0974
v 0.2131 0.7023 -0.0832
v 0.2108 0.7258 -0.0815
v 0.2132 0.7358 -0.0845
v 0.2153 0.7326 -0.0887
v 0.1470 0.3495 -0.0924
v 0.1449 0.3509 -0.0979
v 0.1755 0.3493 -0.1001
v 0.1828 0.3587 -0.1066
v 0.1783 0.3433 -0.0935
v 0.1805 0.3356 -0.0972
v 0.1774 0.3435 -0.0980
v 0.1827 0.3470 -0.1054
v 0.1844 0.3359 -0.1052
v 0.1882 0.3258 -0.1090
v 0.1876 0.3433 -0.1081
v 0.1843 0.2860 -0.0994
v 0.1835 0.3021 -0.0991
v 0.1984 0.3117 -0.1106
v 0.1979 0.3387 -0.1110
v 0.1931 0.3161 -0.1094
v 0.1987 0.3631 -0.1128
v 0.1987 0.3791 -0.1128
v 0.1937 0.3529 -0.1111
v 0.2109 0.3132 -0.1052
v 0.2092 0.3272 -0.1077
v 0.2075 0.3048 -0.1073
v 0.2149 0.3068 -0.0984
v 0.2134 0.2568 -0.0956
v 0.2086 0.2640 -0.1019
v 0.2074 0.2531 -0.1005
v 0.2076 0.2190 -0.0874
v 0.2097 0.2309 -0.0903
v 0.2032 0.2244 -0.0918
v 0.2000 0.1840 -0.0748
v 0.1954 0.1788 -0.0732
v 0.1912 0.1709 -0.0717
v 0.1910 0.1761 -0.0714
v 0.1859 0.1690 -0.0689
v 0.1830 0.1884 -0.0580
v 0.1845 0.1893 -0.0659
v 0.1836 0.1976 -0.0638
v 0.1838 0.2047 -0.0596
v 0.1827 0.2061 -0.0654
v 0.1844 0.2164 -0.0635
v 0.1841 0.2196 -0.0678
v 0.1825 0.2135 -0.0718
v 0.1826 0.2238 -0.0726
v 0.1848 0.2608 -0.0794
v 0.1825 0.2417 -0.0796
v 0.1831 0.2511 -0.0827
v 0.1831 0.2706 -0.0922
v 0.1840 0.2749 -0.0967
v 0.1940 0.2664 -0.1039
v 0.1988 0.2763 -0.1059
v 0.1937 0.2790 -0.1068
v 0.1836 0.2331 -0.0830
v 0.1856 0.2336 -0.0890
v 0.1829 0.2421 -0.0856
v 0.1894 0.2062 -0.0817
v 0.1917 0.2126 -0.0857
v 0.1873 0.2132 -0.0824
v 0.1903 0.2320 -0.0936
v 0.1939 0.2440 -0.0979
v 0.1892 0.2435 -0.0955
v 0.2044 0.2676 -0.1045
v 0.2087 0.2879 -0.1041
v 0.2037 0.2867 -0.1064
v 0.1984 0.2034 -0.0842
v 0.1965 0.2149 -0.0882
v 0.1900 0.1966 -0.0796
v 0.1928 0.1825 -0.0735
v 0.1934 0.1896 -0.0766
v 0.1898 0.1849 -0.0734
v 0.1842 0.1998 -0.0699
v 0.1831 0.1841 -0.0533
v 0.1844 0.2016 -0.0564
v 0.1855 0.1853 -0.0481
v 0.1827 0.1776 -0.0572
v 0.1798 0.1685 -0.0634
v 0.1840 0.1784 -0.0617
v 0.2093 0.1640 -0.0652
v 0.2072 0.1725 -0.0678
v 0.2041 0.1636 -0.0698
v 0.2325 0.3696 -0.1057
v 0.2280 0.3581 -0.1048
v 0.2617 0.7076 -0.1041
v 0.2696 0.6661 -0.0955
v 0.2641 0.6429 -0.1004
v 0.2621 0.6509 -0.1040
v 0.2704 0.5022 -0.1266
v 0.2735 0.5129 -0.1279
v 0.2706 0.5279 -0.1265
v 0.2704 0.4570 -0.1271
v 0.2828 0.4259 -0.1305
v 0.2858 0.4468 -0.1285
v 0.2820 0.4484 -0.1297
v 0.2584 0.3422 -0.1076
v 0.2593 0.3343 -0.1120
v 0.2586 0.3432 -0.1117
v 0.2644 0.2687 -0.1303
v 0.2650 0.2872 -0.1281
v 0.2626 0.2807 -0.1248
v 0.2654 0.2471 -0.1367
v 0.2697 0.2536 -0.1391
v 0.2679 0.2726 -0.1333
v 0.2656 0.3075 -0.1269
v 0.2685 0.2955 -0.1303
v 0.2689 0.3132 -0.1293
v 0.2820 0.3303 -0.1310
v 0.2821 0.3540 -0.1307
v 0.2773 0.3327 -0.1321
v 0.2757 0.2788 -0.1359
v 0.2785 0.2923 -0.1338
v 0.2728 0.2882 -0.1333
v 0.2847 0.2907 -0.1329
v 0.2800 0.2876 -0.1355
v 0.2827 0.2776 -0.1361
v 0.2789 0.2219 -0.1531
v 0.2833 0.2375 -0.1481
v 0.2781 0.2390 -0.1467
v 0.2920 0.2375 -0.1439
v 0.2891 0.2224 -0.1507
v 0.2932 0.2214 -0.1475
v 0.2988 0.2202 -0.1343
v 0.2980 0.2287 -0.1354
v 0.2982 0.2156 -0.1401
v 0.2885 0.2486 -0.1415
v 0.2920 0.2591 -0.1368
v 0.2882 0.2607 -0.1379
v 0.2910 0.2639 -0.1360
v 0.2948 0.2523 -0.1339
v 0.2951 0.2401 -0.1155
v 0.2976 0.2419 -0.1209
v 0.2975 0.2330 -0.1205
v 0.2881 0.2367 -0.1086
v 0.2922 0.2405 -0.1112
v 0.2925 0.2303 -0.1137
v 0.2844 0.2302 -0.1097
v 0.2770 0.2298 -0.1103
v 0.2687 0.1961 -0.1268
v 0.2646 0.2075 -0.1284
v 0.2672 0.2165 -0.1212
v 0.2624 0.2174 -0.1300
v 0.2615 0.2091 -0.1367
v 0.2617 0.2272 -0.1316
v 0.2619 0.2127 -0.1404
v 0.2621 0.1955 -0.1494
v 0.2641 0.2188 -0.1439
v 0.2684 0.2275 -0.1461
v 0.2695 0.2096 -0.1539
v 0.2733 0.2245 -0.1504
v 0.2839 0.2164 -0.1552
v 0.2838 0.2276 -0.1511
v 0.2961 0.2060 -0.1496
v 0.2920 0.2118 -0.1526
v 0.2922 0.2019 -0.1582
v 0.3000 0.2063 -0.1367
v 0.3000 0.2023 -0.1429
v 0.2987 0.1986 -0.1367
v 0.2892 0.2031 -0.1227
v 0.2936 0.2120 -0.1232
v 0.2934 0.1922 -0.1299
v 0.2798 0.1943 -0.1232
v 0.2838 0.1833 -0.1271
v 0.2790 0.1845 -0.1265
v 0.2756 0.1794 -0.1286
v 0.2777 0.1585 -0.1326
v 0.2717 0.1726 -0.1321
v 0.2920 0.1678 -0.1334
v 0.2945 0.1774 -0.1345
v 0.2959 0.1647 -0.1369
v 0.3065 0.1520 -0.1499
v 0.3090 0.1484 -0.1522
v 0.3109 0.1418 -0.1458
v 0.3327 0.1375 -0.1476
v 0.3191 0.1392 -0.1478
v 0.3400 0.1387 -0.1542
v 0.3909 0.1355 -0.1428
v 0.4046 0.1272 -0.1365
v 0.4074 0.1336 -0.1291
v 0.3866 0.1397 -0.1082
v 0.3982 0.1388 -0.1141
v 0.4083 0.1395 -0.1125
v 0.4278 0.1476 -0.0938
v 0.4241 0.1412 -0.1113
v 0.4290 0.1470 -0.1113
v 0.4238 0.1413 -0.1222
v 0.4284 0.1480 -0.1304
v 0.4182 0.1417 -0.1559
v 0.4210 0.1471 -0.1592
v 0.4233 0.1428 -0.1511
v 0.4024 0.1402 -0.1569
v 0.4116 0.1417 -0.1594
v 0.4087 0.1368 -0.1269
v 0.4078 0.1373 -0.1370
v 0.4149 0.1392 -0.1226
v 0.3883 0.1385 -0.1509
v 0.3795 0.1396 -0.1606
v 0.3316 0.1401 -0.1826
v 0.3154 0.1400 -0.1923
v 0.3267 0.1375 -0.2059
v 0.3117 0.1362 -0.2103
v 0.3268 0.1359 -0.2114
v 0.2988 0.1407 -0.1971
v 0.2922 0.1434 -0.1940
v 0.2848 0.1426 -0.1965
v 0.3038 0.1438 -0.1852
v 0.2975 0.1437 -0.1910
v 0.3052 0.1416 -0.1901
v 0.3241 0.1405 -0.1723
v 0.3132 0.1410 -0.1818
v 0.3142 0.1413 -0.1579
v 0.3144 0.1412 -0.1648
v 0.3196 0.1400 -0.1595
v 0.3087 0.1453 -0.1719
v 0.3025 0.1477 -0.1794
v 0.3083 0.1437 -0.1783
v 0.2942 0.1707 -0.1691
v 0.2887 0.1667 -0.1756
v 0.2936 0.1611 -0.1760
v 0.2762 0.1516 -0.1872
v 0.2730 0.1420 -0.1952
v 0.2828 0.1496 -0.1890
v 0.2641 0.1470 -0.1839
v 0.2632 0.1413 -0.1928
v 0.2661 0.1440 -0.1898
v 0.2572 0.1470 -0.1780
v 0.2554 0.1416 -0.1850
v 0.2589 0.1440 -0.1815
v 0.2570 0.1571 -0.1641
v 0.2580 0.1563 -0.1695
v 0.2603 0.1679 -0.1626
v 0.2607 0.1850 -0.1489
v 0.2606 0.1776 -0.1549
v 0.2621 0.1968 -0.1372
v 0.2608 0.1641 -0.1467
v 0.2593 0.1647 -0.1515
v 0.2616 0.1767 -0.1438
v 0.2685 0.1925 -0.1606
v 0.2732 0.2062 -0.1577
v 0.2757 0.1812 -0.1699
v 0.2820 0.1863 -0.1682
v 0.2777 0.2010 -0.1622
v 0.2773 0.1618 -0.1803
v 0.2704 0.1533 -0.1838
v 0.2918 0.1867 -0.1650
v 0.2948 0.1825 -0.1626
v 0.3014 0.1652 -0.1451
v 0.3011 0.1727 -0.1501
v 0.3035 0.1611 -0.1503
v 0.3004 0.1919 -0.1436
v 0.3001 0.1814 -0.1487
v 0.2999 0.1781 -0.1443
v 0.2707 0.1738 -0.1714
v 0.2654 0.1586 -0.1768
v 0.2730 0.1665 -0.1764
v 0.2546 0.1510 -0.1645
v 0.2487 0.1458 -0.1719
v 0.2540 0.1488 -0.1717
v 0.2430 0.1418 -0.1869
v 0.2325 0.1393 -0.1971
v 0.2502 0.1397 -0.1994
v 0.2702 0.1402 -0.1995
v 0.2736 0.1364 -0.2083
v 0.2893 0.1365 -0.2089
v 0.3951 0.1369 -0.1440
v 0.3997 0.1346 -0.1401
v 0.3844 0.1203 -0.1179
v 0.3839 0.1316 -0.1174
v 0.3665 0.1289 -0.1169
v 0.3410 0.1330 -0.1166
v 0.3180 0.1337 -0.1164
v 0.2635 0.1327 -0.1169
v 0.2443 0.1299 -0.1175
v 0.2715 0.1043 -0.1172
v 0.2272 0.1205 -0.1185
v 0.2324 0.1328 -0.1194
v 0.2233 0.1291 -0.1200
v 0.2549 0.1398 -0.1126
v 0.2530 0.1363 -0.1161
v 0.4052 0.1339 -0.1215
v 0.4067 0.1380 -0.1203
v 0.3965 0.1305 -0.1189
v 0.2983 0.2203 -0.1287
v 0.2889 0.2921 -0.0972
v 0.4183 0.4215 -0.0321
v 0.4195 0.4334 -0.0346
v 0.4264 0.4271 -0.0281
v 0.2627 0.3465 -0.0790
v 0.2633 0.3453 -0.0870
v 0.4197 0.4165 -0.1126
v 0.4200 0.4265 -0.1136
v 0.4279 0.4341 -0.1221
v 0.4266 0.4448 -0.1266
v 0.4286 0.4412 -0.1231
v 0.4269 0.4630 -0.1298
v 0.5456 0.1272 -0.2092
v 0.5466 0.1267 -0.2309
v 0.5228 0.1404 0.0751
v 0.4204 0.3225 0.0651
v 0.4212 0.3417 0.0587
v 0.4284 0.2970 -0.0068
v 0.4271 0.3136 -0.0069
v 0.4239 0.3063 -0.0037
v 0.4289 0.3286 -0.0127
v 0.4336 0.3382 -0.0218
v 0.4288 0.3523 -0.0139
v 0.4337 0.3348 -0.0365
v 0.4338 0.3212 -0.0481
v 0.4285 0.2807 -0.0058
v 0.4250 0.2922 -0.0019
v 0.4103 0.0452 -0.2844
v 0.4104 0.0564 -0.2874
v 0.4198 0.2721 0.0745
v 0.4197 0.2893 0.0724
v 0.4224 0.2819 0.0752
v 0.4202 0.3031 0.0673
v 0.4202 0.3178 0.0658
v 0.4217 0.3101 0.0691
v 0.4342 0.1703 -0.1559
v 0.4289 0.1875 -0.1587
v 0.4331 0.1891 -0.1573
v 0.4048 0.1411 -0.1957
v 0.4099 0.1413 -0.2071
v 0.4126 0.1458 -0.2052
v 0.4076 0.0502 -0.2549
v 0.4894 0.1117 0.1317
v 0.5074 0.1266 0.1291
v 0.5121 0.1347 0.1266
v 0.5221 0.1306 0.1277
v 0.4810 0.1381 0.1194
v 0.4978 0.1385 0.1205
v 0.4517 0.1459 0.1088
v 0.4432 0.1518 0.1047
v 0.4180 0.1451 0.1076
v 0.4275 0.1493 0.1053
v 0.4324 0.1442 0.1098
v 0.4334 0.1339 0.1237
v 0.4340 0.1377 0.1186
v 0.4602 0.1363 0.1207
v 0.4056 0.1383 0.1184
v 0.4026 0.1414 0.1092
v 0.4094 0.1423 0.1096
v 0.4034 0.1437 0.0965
v 0.4074 0.1505 0.0913
v 0.4080 0.1491 0.0979
v 0.4164 0.1674 0.0986
v 0.4213 0.1722 0.0977
v 0.4300 0.1728 0.0985
v 0.4187 0.2077 0.0911
v 0.4162 0.2055 0.0896
v 0.4208 0.2189 0.0885
v 0.4123 0.1850 0.0820
v 0.4135 0.2000 0.0696
v 0.4137 0.2001 0.0809
v 0.4109 0.1554 0.0973
v 0.4109 0.1679 0.0871
v 0.4123 0.1750 0.0936
v 0.4093 0.1594 0.0795
v 0.4096 0.1555 0.0669
v 0.4112 0.1728 0.0744
v 0.4140 0.1857 0.0345
v 0.4138 0.1686 0.0250
v 0.4147 0.1810 0.0213
v 0.4208 0.1680 0.0143
v 0.4272 0.1703 0.0095
v 0.4227 0.1725 0.0135
v 0.4268 0.1994 0.0071
v 0.4325 0.1830 -0.0002
v 0.4318 0.1991 0.0004
v 0.4120 0.1495 0.0199
v 0.4054 0.1427 0.0135
v 0.3586 0.1412 0.0113
v 0.3426 0.1411 0.0002
v 0.4054 0.1425 0.0063
v 0.4073 0.1472 0.0281
v 0.3985 0.1419 0.0203
v 0.4076 0.1463 0.0214
v 0.4003 0.1421 0.0651
v 0.3959 0.1384 0.0405
v 0.4024 0.1440 0.0431
v 0.3960 0.1376 0.1059
v 0.3995 0.1401 0.1058
v 0.3926 0.1323 0.0375
v 0.3904 0.1337 0.0285
v 0.3828 0.1369 0.0245
v 0.3716 0.1389 0.0209
v 0.3844 0.1396 0.0225
v 0.3376 0.1381 0.0215
v 0.3570 0.1383 0.0216
v 0.3928 0.1302 0.0464
v 0.3912 0.1263 0.0331
v 0.3171 0.1413 0.0161
v 0.3317 0.1409 0.0113
v 0.3296 0.1399 0.0169
v 0.3094 0.1408 -0.0073
v 0.2993 0.1398 -0.0138
v 0.3264 0.1397 -0.0126
v 0.3811 0.1412 -0.0078
v 0.3601 0.1405 -0.0141
v 0.3825 0.1403 -0.0159
v 0.3854 0.1384 -0.0226
v 0.3393 0.1285 -0.0317
v 0.3054 0.1340 -0.0277
v 0.2894 0.1278 -0.0325
v 0.2548 0.1074 -0.0329
v 0.2493 0.1201 -0.0329
v 0.2334 0.1085 -0.0336
v 0.2271 0.1275 -0.0328
v 0.2268 0.1335 -0.0290
v 0.2215 0.1287 -0.0317
v 0.2435 0.1324 -0.0271
v 0.2547 0.1332 -0.0265
v 0.2497 0.1360 -0.0215
v 0.2600 0.1405 -0.0049
v 0.2776 0.1399 -0.0107
v 0.2853 0.1411 -0.0014
v 0.2715 0.1281 -0.0321
v 0.2840 0.1342 -0.0291
v 0.2627 0.1341 -0.0282
v 0.3055 0.1380 0.0211
v 0.2912 0.1412 0.0162
v 0.4298 0.0765 0.1375
v 0.3908 0.1177 0.1305
v 0.3907 0.1199 0.1270
v 0.3877 0.0910 0.0344
v 0.3148 0.0712 -0.0279
v 0.2256 0.1526 -0.1273
v 0.2300 0.1497 -0.1361
v 0.2297 0.1493 -0.1261
v 0.2337 0.1489 -0.1441
v 0.2373 0.1497 -0.1511
v 0.2410 0.1447 -0.1449
v 0.2557 0.1424 -0.1458
v 0.2512 0.1430 -0.1515
v 0.2589 0.1470 -0.1461
v 0.2647 0.1329 -0.1409
v 0.2633 0.1413 -0.1420
v 0.2702 0.1365 -0.1394
v 0.2264 0.1532 -0.1571
v 0.2260 0.1508 -0.1642
v 0.2330 0.1504 -0.1590
v 0.2130 0.1487 -0.1737
v 0.4041 0.0985 -0.1314
v 0.4043 0.1090 -0.1294
v 0.1971 0.0931 0.0265
v 0.1982 0.0998 0.0268
v 0.1677 0.0838 0.0760
v 0.1660 0.0875 0.0724
v 0.1228 0.1503 0.0112
v 0.1275 0.1511 0.0065
v 0.3840 0.0711 -0.0341
v 0.3920 0.0775 -0.0346
v 0.3839 0.0778 -0.0329
v 0.3967 0.0921 -0.0344
v 0.3966 0.1063 -0.0338
v 0.3924 0.1009 -0.0332
v 0.3920 0.1076 -0.0364
v 0.3840 0.1206 -0.0385
v 0.3918 0.0709 -0.0355
v 0.4107 0.0564 -0.0846
v 0.2874 0.0667 -0.1401
v 0.3252 0.0918 -0.1393
v 0.3415 0.0703 -0.1396
v -0.0364 0.1307 -0.1343
v -0.0362 0.1267 -0.1370
v -0.0132 0.0501 -0.1987
v -0.0207 0.0460 -0.1976
v -0.0169 0.0540 -0.1423
v 0.1022 0.0483 -0.1496
v 0.1115 0.0459 -0.1531
v 0.0977 0.0472 -0.1545
v 0.2056 0.0655 -0.0394
v 0.1095 0.1272 -0.0375
v 0.1049 0.1327 -0.0420
v 0.1187 0.1283 -0.0384
v 0.0137 0.1562 -0.0249
v 0.0134 0.1595 -0.0364
v 0.0132 0.1467 -0.0578
v 0.0067 0.1428 -0.0687
v 0.0139 0.1479 -0.0646
v 0.0208 0.1510 -0.0742
v 0.0149 0.1455 -0.0787
v 0.0211 0.1496 -0.0780
v 0.0063 0.1427 -0.0601
v 0.0114 0.1416 -0.0559
v 0.0147 0.1495 -0.0367
v 0.0138 0.1524 -0.0334
v -0.0189 0.1386 -0.1170
v -0.0115 0.1410 -0.1116
v -0.0332 0.1390 -0.1183
v 0.0625 0.1352 -0.0403
v 0.0697 0.1292 -0.0399
v -0.0278 0.1385 -0.0417
v -0.0349 0.1399 -0.0452
v -0.0189 0.1399 -0.0454
v 0.1543 0.0286 0.0296
v 0.1546 0.0304 0.0072
v 0.1527 0.0263 0.0240
v 0.0152 0.1463 0.0002
v 0.0139 0.1453 -0.0047
v 0.0275 0.1444 -0.0091
v 0.1559 0.0414 0.0668
v 0.1813 0.0296 0.2066
v 0.1607 0.0711 0.1304
v 0.1566 0.0716 0.1351
v 0.1732 0.0677 0.1098
v 0.1683 0.0683 0.1134
v -0.0396 0.1361 -0.0227
v -0.0226 0.1381 -0.0195
v -0.0433 0.1384 -0.0182
v -0.0561 0.1370 -0.0235
v -0.0687 0.1406 -0.0146
v -0.0504 0.1402 -0.0128
v 0.1489 0.0370 0.0668
v 0.1473 0.0375 0.0581
v 0.1495 0.0399 0.0559
v 0.1415 0.0379 0.0469
v 0.1414 0.0387 0.0417
v 0.1493 0.0401 0.0494
v 0.1306 0.0645 0.1717
v 0.1334 0.0651 0.1678
v 0.1277 0.0524 0.1422
v 0.1418 0.0285 0.2082
v 0.1404 0.0335 0.2004
v 0.1428 0.0299 0.1944
v -0.2212 0.1182 0.0600
v -0.1989 0.0737 0.0861
v -0.2022 0.0692 0.0901
v -0.2678 0.0595 0.1360
v -0.2666 0.0618 0.1286
v -0.2740 0.0561 0.1392
v -0.2882 0.0452 0.1541
v -0.2867 0.0694 0.1327
v -0.2767 0.0696 0.1319
v -0.2733 0.0662 0.1337
v -0.2682 0.0759 0.1314
v -0.2687 0.0877 0.1226
v -0.2792 0.0932 0.1172
v -0.2662 0.0893 0.1193
v -0.2508 0.0841 0.1127
v -0.2508 0.0857 0.1048
v -0.2336 0.0988 0.1202
v -0.2354 0.0928 0.1148
v -0.2316 0.1024 0.1203
v -0.2479 0.0924 0.0917
v -0.2476 0.0955 0.0851
v -0.2425 0.0951 0.0892
v -0.2494 0.0976 0.0780
v -0.2463 0.0975 0.0700
v -0.2488 0.1000 0.0710
v -0.2469 0.1013 0.0653
v -0.2538 0.0916 0.0863
v -0.2603 0.0920 0.0953
v -0.2712 0.0928 0.0974
v -0.2640 0.0904 0.0933
v -0.2802 0.0764 0.1068
v -0.2698 0.0857 0.0978
v -0.2746 0.0881 0.0983
v -0.3019 0.0670 0.1255
v -0.2992 0.0772 0.1188
v -0.3045 0.0709 0.1283
v -0.3035 0.0670 0.1367
v -0.3047 0.0640 0.1346
v -0.3043 0.0698 0.1333
v -0.2896 0.0615 0.1389
v -0.3035 0.0617 0.1397
v -0.2898 0.0647 0.1353
v -0.2889 0.0795 0.1272
v -0.2859 0.0859 0.1234
v -0.2795 0.0815 0.1260
v -0.2853 0.0941 0.1132
v -0.2791 0.0945 0.1126
v -0.2625 0.0896 0.1071
v -0.2561 0.0857 0.1081
v -0.2840 0.0936 0.1082
v -0.2786 0.0946 0.1067
v -0.2933 0.0880 0.1229
v -0.2985 0.0884 0.1204
v -0.2918 0.0918 0.1181
v -0.2978 0.0846 0.1167
v -0.3007 0.0815 0.1193
v -0.2307 0.1086 0.0579
v -0.2143 0.1169 0.0428
v -0.2143 0.1181 0.0349
v -0.2503 0.0637 0.1347
v -0.2541 0.0613 0.1379
v -0.1961 0.0595 0.1001
v -0.2003 0.0589 0.0999
v -0.4207 0.0489 0.0735
v -0.4186 0.0515 0.0632
v -0.4197 0.0490 0.0563
v -0.0860 0.0729 -0.0409
v -0.0969 0.0897 -0.0402
v -0.0580 0.0712 -0.0401
v -0.2008 0.0632 -0.0429
v -0.1932 0.0562 -0.0428
v -0.2060 0.0445 0.0099
v -0.2007 0.0377 -0.0007
v -0.2058 0.0445 -0.0006
v -0.2009 0.0424 0.1004
v -0.2290 0.0412 0.1777
v -0.2293 0.0418 0.1705
v -0.1683 0.0542 0.1575
v -0.1738 0.0548 0.1531
v -0.2040 0.0551 0.2061
v -0.1716 0.0009 0.2385
v -0.1757 0.0058 0.2363
v -0.1716 0.0054 0.2382

f 1 2 3
f 1 4 5
f 6 7 8
f 9 10 11
f 12 13 4
f 14 15 7
f 16 17 18
f 9 19 10
f 20 21 22
f 23 24 25
f 26 27 28
f 29 30 31
f 32 33 34
f 35 36 37
f 38 39 40
f 41 42 43
f 44 45 46
f 47 48 49
f 50 51 52
f 53 54 55
f 21 56 57
f 58 59 60
f 61 62 63
f 27 64 65
f 66 67 68
f 69 70 71
f 72 73 74
f 37 75 76
f 39 77 78
f 79 80 81
f 82 81 83
f 84 85 86
f 87 88 89
f 90 91 92
f 93 94 95
f 96 97 98
f 99 100 101
f 102 103 104
f 105 94 93
f 106 107 108
f 109 110 111
f 112 113 114
f 115 116 117
f 118 119 120
f 121 122 123
f 124 125 126
f 127 128 129
f 130 131 132
f 133 134 135
f 136 137 138
f 139 140 141
f 142 139 143
f 144 145 146
f 147 148 149
f 150 149 151
f 100 152 153
f 101 153 154
f 155 156 157
f 158 159 160
f 161 162 163
f 110 164 165
f 166 167 168
f 169 170 171
f 172 173 174
f 175 176 177
f 122 178 179
f 180 181 182
f 183 184 185
f 145 183 186
f 187 188 189
f 190 191 192
f 193 194 195
f 196 197 198
f 199 200 201
f 202 203 204
f 205 206 207
f 208 209 210
f 134 211 212
f 213 214 215
f 216 217 218
f 219 220 221
f 222 223 224
f 225 226 227
f 228 229 230
f 231 232 233
f 234 235 191
f 236 237 238
f 239 240 241
f 242 243 244
f 245 246 247
f 248 249 250
f 251 252 253
f 254 255 256
f 257 258 259
f 260 261 262
f 263 264 265
f 266 267 268
f 269 270 271
f 272 260 262
f 273 274 257
f 275 276 277
f 278 279 280
f 281 282 283
f 284 285 282
f 286 287 288
f 289 290 291
f 204 203 292
f 290 293 294
f 295 220 219
f 296 297 223
f 298 299 300
f 301 302 303
f 304 305 306
f 307 308 309
f 310 311 312
f 313 314 315
f 316 317 237
f 318 319 320
f 321 322 243
f 323 324 325
f 326 327 328
f 329 330 331
f 332 333 334
f 335 336 337
f 338 339 340
f 341 342 343
f 344 345 346
f 347 348 349
f 350 351 352
f 353 354 355
f 356 357 358
f 359 360 361
f 362 363 364
f 365 366 363
f 367 268 267
f 368 369 370
f 371 372 373
f 374 375 376
f 377 378 379
f 380 381 382
f 383 384 385
f 386 387 293
f 388 389 390
f 391 392 393
f 394 395 396
f 397 398 399
f 400 401 402
f 403 404 314
f 405 314 406
f 318 407 319
f 408 409 410
f 411 412 413
f 414 415 416
f 417 418 419
f 328 420 421
f 329 422 330
f 423 424 425
f 426 427 428
f 429 430 431
f 432 433 434
f 435 436 437
f 438 439 440
f 441 442 443
f 444 445 446
f 447 448 449
f 450 451 452
f 453 454 455
f 456 457 458
f 459 442 441
f 460 461 462
f 463 464 455
f 465 466 467
f 468 469 470
f 471 472 473
f 474 475 476
f 477 478 479
f 480 477 481
f 354 482 483
f 484 485 486
f 487 488 489
f 490 491 492
f 493 494 485
f 495 496 497
f 498 499 500
f 501 502 461
f 503 504 505
f 506 507 508
f 509 436 510
f 511 512 513
f 514 515 516
f 517 518 519
f 520 521 522
f 523 524 525
f 526 527 528
f 529 530 531
f 532 533 534
f 343 527 526
f 535 536 537
f 538 539 540
f 541 542 543
f 331 544 545
f 546 531 520
f 481 479 547
f 464 456 548
f 549 550 551
f 395 552 396
f 553 554 555
f 556 557 558
f 559 560 561
f 562 563 564
f 565 566 567
f 568 569 570
f 410 571 572
f 415 573 574
f 417 575 418
f 576 577 578
f 579 580 581
f 582 583 584
f 585 586 587
f 588 589 590
f 591 592 593
f 594 595 596
f 597 598 599
f 600 601 602
f 603 604 605
f 606 607 608
f 609 610 611
f 592 612 613
f 614 615 616
f 617 618 595
f 619 620 621
f 622 623 624
f 625 626 627
f 602 628 629
f 630 631 632
f 605 633 634
f 635 636 637
f 637 638 615
f 639 640 641
f 642 643 619
f 621 620 644
f 623 645 646
f 647 648 649
f 650 651 652
f 653 654 655
f 656 657 658
f 659 628 660
f 661 662 663
f 664 665 666
f 667 668 669
f 670 671 672
f 673 674 675
f 676 677 678
f 640 679 680
f 681 682 683
f 684 685 686
f 687 688 689
f 690 691 692
f 693 694 695
f 696 697 698
f 699 700 701
f 702 703 704
f 705 706 654
f 707 708 709
f 658 710 711
f 712 713 714
f 661 715 716
f 662 717 718
f 719 718 720
f 668 721 722
f 723 724 725
f 726 727 728
f 729 730 731
f 732 733 734
f 735 736 737
f 738 739 740
f 682 741 742
f 743 744 745
f 746 747 748
f 749 750 751
f 752 753 754
f 755 756 757
f 758 759 760
f 761 762 763
f 764 765 766
f 767 768 769
f 770 771 772
f 773 774 775
f 776 777 778
f 779 780 781
f 782 783 700
f 784 785 786
f 787 788 789
f 790 791 792
f 759 793 794
f 795 796 762
f 765 797 798
f 799 800 801
f 802 769 803
f 804 805 806
f 807 808 809
f 810 811 804
f 812 813 814
f 815 816 817
f 818 819 820
f 821 822 823
f 824 825 826
f 773 827 828
f 829 830 831
f 779 832 780
f 833 834 835
f 836 837 838
f 839 840 841
f 842 843 844
f 845 846 847
f 848 849 850
f 851 852 853
f 854 855 856
f 857 858 798
f 859 860 861
f 862 863 864
f 865 866 867
f 868 813 869
f 870 871 872
f 873 874 875
f 876 877 878
f 879 880 819
f 881 882 883
f 822 884 885
f 886 887 888
f 889 890 891
f 892 893 894
f 842 895 843
f 896 897 898
f 899 900 901
f 902 903 904
f 905 906 907
f 908 909 910
f 911 912 913
f 914 915 916
f 917 918 919
f 920 921 922
f 923 924 925
f 926 927 928
f 929 930 931
f 932 933 934
f 935 936 909
f 937 938 939
f 940 941 907
f 942 943 944
f 945 946 896
f 947 948 949
f 950 951 952
f 953 954 955
f 956 957 958
f 959 960 961
f 962 963 964
f 965 966 967
f 968 969 970
f 971 972 973
f 974 975 976
f 977 974 978
f 979 980 981
f 982 983 984
f 985 986 987
f 984 988 989
f 990 991 992
f 993 994 995
f 996 997 998
f 999 1000 1001
f 1002 1003 1004
f 1005 1006 1007
f 1008 1009 1010
f 1011 1012 1013
f 560 1014 561
f 1015 1016 1017
f 1018 1019 1020
f 1021 1022 1023
f 1024 1025 1026
f 426 1027 1028
f 428 1029 1030
f 1031 1032 1033
f 1034 1035 1036
f 1034 1036 1037
f 1038 1039 1040
f 1041 1042 1043
f 1044 1045 1046
f 1046 1047 1048
f 1049 1050 1051
f 1052 1044 1053
f 1054 1055 1056
f 1057 1058 1059
f 1060 1061 1062
f 1063 1064 1065
f 1066 1067 1061
f 1068 1069 1070
f 1071 1072 1073
f 1074 1075 1076
f 1077 1078 1079
f 1080 1081 1077
f 1082 1059 1083
f 1084 1082 1085
f 1057 1059 1084
f 1086 1087 1088
f 1009 1089 1090
f 1091 1092 1093
f 1094 1095 1096
f 1097 1098 1099
f 1100 1101 1102
f 1103 1104 1105
f 1106 1107 1108
f 1109 1110 1111
f 1112 1113 1114
f 1115 1116 1117
f 1118 1119 1120
f 1121 1122 1123
f 1124 1125 1126
f 1127 1128 1129
f 1130 1131 1132
f 1133 1134 1135
f 1136 1137 1138
f 1139 1138 1140
f 1141 1142 1143
f 1144 1145 1134
f 1146 1147 1148
f 1149 1150 1151
f 1152 1153 1154
f 1155 1156 1157
f 1158 1159 723
f 1160 1159 1157
f 1161 1162 1163
f 1164 1165 1166
f 1167 1168 1169
f 1147 1149 1151
f 1170 1164 1166
f 1171 1172 1173
f 1174 1175 1176
f 1177 1178 1179
f 1180 727 1181
f 1182 1183 1184
f 1185 1186 1187
f 1188 1189 1190
f 1191 1192 1193
f 1194 1195 1196
f 1197 1198 1199
f 1200 1201 1202
f 1203 1204 1205
f 1206 1207 1208
f 1209 1210 1211
f 1212 1213 1214
f 1215 1216 1217
f 1218 1219 1220
f 1221 1222 1223
f 706 1224 1225
f 1226 1227 1228
f 709 708 1229
f 1230 1231 1232
f 1233 1234 1235
f 1236 1237 1238
f 1239 1240 1241
f 1242 1243 958
f 1244 1245 1246
f 1247 1248 1249
f 1250 1251 1252
f 1253 1254 1236
f 1255 1256 1257
f 1248 798 857
f 1258 1259 1260
f 1261 1262 1263
f 1264 1265 1266
f 1267 1268 1269
f 863 1270 1271
f 1272 1273 1274
f 1275 1276 871
f 872 1277 1278
f 1279 1280 1281
f 1282 1283 1284
f 876 1285 1286
f 1287 1288 1289
f 1290 1291 1292
f 1293 1294 1295
f 1295 1296 1297
f 1298 1299 1300
f 1301 1302 888
f 1303 1304 1305
f 893 1306 1307
f 1308 1309 1310
f 1311 1312 1313
f 1314 1315 1316
f 1317 1318 1319
f 1320 1321 1322
f 1323 1324 1325
f 1326 1327 1328
f 1329 1330 1331
f 1332 1333 1334
f 1335 1336 1337
f 1338 1339 1340
f 931 1341 1342
f 1343 1344 1345
f 1346 1347 1348
f 1349 1350 1344
f 1351 1352 1353
f 1351 1354 1355
f 1356 1357 1358
f 1359 1360 1361
f 1362 991 1363
f 1364 1365 1366
f 1367 1368 1369
f 1370 1371 1372
f 1373 1371 1374
f 1375 1376 1377
f 1378 1379 1380
f 1381 1382 1383
f 1384 1385 1386
f 1387 1388 1389
f 1390 1391 1392
f 1393 1394 1395
f 1396 1393 1397
f 1398 1399 1400
f 1401 1402 1403
f 1404 1405 1406
f 1407 1408 1409
f 1410 1411 1412
f 1413 1414 1415
f 1416 1417 1418
f 1419 1420 1421
f 1422 1423 1424
f 1425 1426 1172
f 1427 1428 1429
f 1430 1431 1432
f 1178 1433 1179
f 1434 1435 1183
f 1186 1436 1437
f 1438 1439 1440
f 1441 1196 1193
f 1442 1443 1444
f 1445 1446 1197
f 1447 1448 1449
f 1204 1450 1205
f 1451 1452 1453
f 1207 1209 1211
f 1210 1454 1455
f 1213 1456 1457
f 1458 1459 1460
f 1461 1462 1463
f 1464 1465 1466
f 1467 1468 1469
f 1470 1471 1472
f 1473 1474 1475
f 1476 1477 1478
f 1479 1480 1481
f 1482 1483 1484
f 1440 1485 1486
f 1487 1438 1488
f 1444 1489 1490
f 1491 1492 1493
f 1494 1495 1496
f 1497 1498 1499
f 1500 1501 1502
f 1503 1504 1505
f 1506 1507 1508
f 1509 1510 1511
f 1512 1513 1514
f 1515 1516 1517
f 1518 1519 1520
f 1521 1522 1523
f 1524 1525 1526
f 1527 1528 1529
f 1530 1531 1532
f 1533 1513 1534
f 1535 1536 1537
f 1538 1539 1540
f 1541 1542 1543
f 1544 1545 1546
f 1547 1548 1549
f 1550 1547 1551
f 1552 1553 1554
f 1555 1556 1557
f 1558 1559 1560
f 1561 1562 1563
f 1564 1565 1566
f 1567 1568 1569
f 1528 1570 1571
f 1572 1573 1574
f 1575 1576 1577
f 1578 1579 1580
f 1581 1582 1583
f 1584 1585 1586
f 1587 1588 1589
f 1590 1591 1592
f 1593 1594 1595
f 1596 1597 1598
f 1599 1590 1600
f 1601 1602 1603
f 1604 1605 1606
f 1607 1608 1523
f 1609 1519 1610
f 1593 1611 1612
f 1594 1612 1588
f 1613 1614 1615
f 1616 1617 1618
f 1619 1620 1621
f 1622 1623 1624
f 1625 1626 1627
f 1628 1629 1630
f 1631 1632 1633
f 1634 1635 1636
f 1637 1638 1639
f 1640 1641 1642
f 1643 1644 1645
f 1646 1647 1648
f 1568 1649 1650
f 1651 1652 1653
f 1654 1655 1538
f 1656 1629 1657
f 1628 1658 1659
f 1660 1661 1662
f 1663 1664 1665
f 1666 1667 1668
f 1669 1670 1671
f 1672 1673 1674
f 1675 1676 1448
f 1677 1678 1679
f 1680 1681 1682
f 1682 1683 1684
f 1685 1686 1687
f 1688 1689 1690
f 1691 1692 1693
f 1694 1695 1696
f 1697 1698 1699
f 1700 1701 1702
f 1703 1704 1705
f 1706 1707 1478
f 1703 1708 1709
f 1710 1711 1712
f 1713 1714 1715
f 1716 1717 1718
f 1719 1720 1721
f 1488 1722 1723
f 1724 1725 1726
f 1727 1728 1729
f 1730 1731 1732
f 1733 1734 1735
f 1736 1723 1734
f 1737 1738 1739
f 1740 1741 1742
f 1743 1744 1745
f 1746 1747 1748
f 1749 1750 1616
f 1751 1752 1753
f 1620 1754 1755
f 1620 1756 1621
f 1757 1758 1759
f 1760 1761 1762
f 1763 1764 1765
f 1766 1767 1768
f 1769 1770 1771
f 1772 1773 1774
f 1775 1776 1683
f 1777 1778 1779
f 1780 1781 1782
f 1783 1784 1785
f 1786 1787 1788
f 1711 1789 1712
f 1790 1791 1792
f 1793 1794 1795
f 1796 1797 1798
f 1799 1800 1801
f 1802 1803 1804
f 1805 1806 1807
f 1808 1809 1810
f 1811 1812 1813
f 1814 1815 1816
f 1817 1818 1819
f 1820 1821 1822
f 1823 1824 1825
f 1826 1827 1828
f 1829 1830 1831
f 1832 1833 1834
f 1835 1836 1837
f 1652 1838 1839
f 1840 1841 1842
f 1843 1844 1845
f 1846 1847 1848
f 1849 1850 1851
f 1852 1853 1854
f 1855 1856 1857
f 1858 1859 1860
f 1861 1862 1863
f 1864 1865 1866
f 1867 1861 1868
f 1869 1870 1871
f 1872 1873 1874
f 1875 1876 1877
f 1878 1879 1880
f 1881 1882 1883
f 1884 1881 1885
f 1886 1887 1888
f 1889 1890 1891
f 1892 1893 1894
f 1895 1896 1897
f 1898 1899 1900
f 1901 1902 1903
f 1904 1905 1906
f 1896 1907 1908
f 1909 1904 1910
f 1911 1912 1906
f 1913 1914 1915
f 1916 1917 1918
f 1919 1920 1921
f 1922 1923 1924
f 1925 1926 1927
f 1928 1929 1930
f 1931 1932 1933
f 1934 1935 1936
f 1879 1937 1938
f 1939 1940 1941
f 1942 1943 1944
f 1945 1946 1947
f 1948 1949 1950
f 1951 1952 1953
f 1954 1949 1952
f 1955 1956 1957
f 1945 1958 1959
f 1946 1960 1859
f 1961 1962 1963
f 1964 1965 1966
f 1967 1968 1969
f 1970 1971 1972
f 1973 1974 1975
f 1976 1977 1978
f 1979 1980 1981
f 1982 1983 1984
f 1985 1986 1987
f 1828 1988 1989
f 1990 1991 1992
f 1993 1994 1995
f 1996 1997 1998
f 1980 1999 2000
f 2001 2000 2002
f 1825 2003 2004
f 2005 2006 2007
f 2008 2009 1973
f 2010 2011 2012
f 2013 2014 2015
f 2016 2017 2018
f 2019 2020 2021
f 2021 2022 2019
f 2023 2024 2025
f 2026 2027 2028
f 2029 2030 2031
f 2032 2033 2034
f 2034 2035 1757
f 2036 2037 2038
f 2039 2040 2041
f 2042 2043 2044
f 2045 2046 2047
f 2048 2049 2050
f 2051 2052 1770
f 1773 2053 1774
f 2054 2055 2056
f 2057 2058 2059
f 1794 2060 2061
f 2062 2063 2064
f 2065 2066 2058
f 2067 2068 2069
f 2070 2071 2072
f 2073 2074 2075
f 2076 2077 2078
f 2079 2080 2081
f 2082 1782 2079
f 2083 2084 2085
f 2086 2087 2088
f 1791 2089 2090
f 2091 2092 2093
f 2094 2095 2096
f 2097 2098 2099
f 2100 2101 2080
f 2102 2103 2104
f 2105 2106 2107
f 2108 2109 2110
f 2111 2112 2113
f 2114 2115 2116
f 2043 2117 2044
f 2118 2119 2120
f 2121 2122 2123
f 2124 2125 2126
f 2127 2128 2129
f 2130 2131 2132
f 2039 2133 2040
f 2043 2134 2117
f 2135 2136 2137
f 2138 2139 2140
f 2141 2142 2143
f 1289 1288 2144
f 2145 2146 2147
f 2148 2149 2150
f 1296 2150 2151
f 2152 2153 2154
f 2155 2156 2157
f 2158 2159 2160
f 2161 2162 2163
f 2164 2165 2166
f 2167 2168 2169
f 2170 2171 2172
f 2173 2174 2175
f 2176 2177 2178
f 2179 2180 2181
f 2099 2182 2183
f 2184 2185 2186
f 2187 2188 2189
f 2190 2191 2192
f 2110 2193 2194
f 2195 2196 2197
f 2198 2199 2200
f 2201 2202 2203
f 2204 2205 2206
f 2202 2207 2208
f 2209 2210 2211
f 2212 2213 2214
f 2131 2215 2216
f 2217 2218 2219
f 2220 2221 2222
f 2223 2224 2225
f 2226 2227 2228
f 2143 2229 2230
f 2231 2232 2233
f 2234 2235 2236
f 2235 2237 2236
f 2238 2239 2240
f 2241 2242 2243
f 2244 2245 2246
f 2247 2248 2249
f 2250 2251 2252
f 2253 2254 2255
f 2256 2257 2258
f 2259 2260 2261
f 2262 2263 2264
f 2265 2266 2180
f 2267 2268 2269
f 2182 2270 2271
f 2272 2273 2274
f 2275 2276 2277
f 2278 2279 2280
f 2281 2282 2283
f 2284 2285 2286
f 2287 2288 2289
f 2290 2291 2292
f 2293 2294 2295
f 2296 2297 2298
f 2299 2300 2301
f 2302 2303 2304
f 2305 2306 2209
f 2211 2307 2308
f 2309 2310 2311
f 2312 2313 2218
f 2314 2315 2316
f 2317 2318 2319
f 2320 2321 2322
f 2323 2324 2224
f 2325 2326 2327
f 2328 2233 2329
f 2330 2331 2332
f 2333 2334 2237
f 2335 2336 2337
f 2338 2339 2340
f 2274 2341 2342
f 2343 2344 2345
f 2346 2347 2348
f 2286 2349 2350
f 2288 2350 2351
f 2352 2353 2354
f 2355 2356 2357
f 2358 2357 2359
f 2360 2361 2362
f 2363 2364 2365
f 2366 2367 2368
f 2369 2370 2371
f 2309 2372 2373
f 2374 2375 2376
f 2377 2378 2379
f 2380 2381 2382
f 2317 2383 2318
f 2384 2385 2386
f 2387 2388 2389
f 2390 2391 2392
f 2393 2394 2375
f 2395 2396 2397
f 2398 2399 2400
f 2401 2402 2403
f 2404 2405 2406
f 2407 2408 2409
f 2410 2411 2412
f 2413 2414 2415
f 2388 2416 2417
f 2392 2391 2418
f 2419 2420 2421
f 2422 2423 2424
f 2425 2426 2427
f 2399 2428 2429
f 2430 2431 2432
f 2406 2433 2434
f 2435 2436 2437
f 2438 2439 2440
f 2441 2442 2443
f 2441 2444 2445
f 2446 2447 2448
f 2449 2450 2451
f 2452 2453 2454
f 2455 2456 2457
f 2458 2459 2460
f 2461 2462 2463
f 2464 2465 2466
f 2467 2468 2469
f 2468 2470 2471
f 2472 2473 2474
f 2423 2475 2476
f 2477 2478 2479
f 2480 2481 2482
f 2483 2484 2485
f 2486 2487 2488
f 2489 2490 2491
f 2492 2493 2494
f 2495 2496 2497
f 2498 2499 2500
f 2501 2502 2503
f 2504 2505 2506
f 2507 2508 2509
f 2510 2511 2512
f 2513 2514 2515
f 2513 2516 2517
f 2518 2519 2520
f 2521 2522 2523
f 2524 2525 2526
f 2527 2528 2529
f 2453 2530 2454
f 2456 2531 2532
f 2533 2534 2535
f 2536 2537 2538
f 2539 2540 2541
f 2542 2543 2462
f 2465 2544 2466
f 2545 2546 2547
f 2548 2549 2550
f 2551 2552 2553
f 2554 2555 2556
f 2557 2558 2559
f 2560 2561 2562
f 2563 2564 2481
f 2565 2566 2567
f 2568 2483 2569
f 2570 2571 2572
f 2573 2574 2575
f 2576 2577 2578
f 2499 2579 2580
f 2581 2582 2583
f 2584 2585 2586
f 2587 2588 2589
f 2590 2589 2591
f 834 2592 2593
f 2594 2595 2596
f 2597 2598 2599
f 2600 2601 2602
f 2603 2604 2605
f 828 2606 2607
f 2608 2511 2609
f 2610 2611 2612
f 2613 2522 2521
f 2614 2615 2616
f 2617 2618 2619
f 2620 2621 2622
f 2623 2526 2624
f 2527 2625 2626
f 2627 2628 2629
f 2630 2631 2632
f 2633 2634 2635
f 2636 2637 2638
f 2639 2535 2640
f 2641 2642 2643
f 2644 2645 2646
f 2647 2648 2644
f 2649 2650 2651
f 2652 2653 2654
f 2655 2656 2657
f 2658 2659 2660
f 2661 2662 2656
f 2663 2664 2665
f 2666 2541 2667
f 2668 2669 2670
f 2671 2672 2673
f 2674 2675 2676
f 2677 2678 2679
f 2680 2681 2682
f 2683 2684 2685
f 2686 2687 2688
f 2689 2690 2691
f 2692 2693 2694
f 2695 2696 2364
f 2697 2698 2699
f 2700 2701 2702
f 2703 2704 2705
f 2706 2707 2708
f 2709 2710 2711
f 2712 2713 2714
f 2715 2716 2717
f 2718 2719 2720
f 2719 2721 2712
f 2722 2723 2724
f 2725 2726 2727
f 2728 2729 2730
f 2731 2732 2733
f 2734 2735 2736
f 2704 2737 2738
f 2739 2740 2698
f 2741 2742 2743
f 2744 2745 2746
f 2747 2748 2749
f 2750 2751 2752
f 2753 2754 2755
f 2683 2685 2756
f 2757 2758 2759
f 2757 2760 2761
f 2762 2763 2551
f 2764 2765 2766
f 2767 2768 2769
f 2770 2771 2772
f 2773 2774 2775
f 2776 2777 2778
f 2779 2780 2781
f 2782 2783 2784
f 2567 2785 2786
f 2787 2788 2789
f 2790 2791 2792
f 2793 2794 2795
f 2796 2797 2798
f 2799 2800 2801
f 2802 2803 2804
f 2805 2806 2799
f 2807 2808 2809
f 2808 2638 2810
f 2811 2812 2813
f 2814 2815 2816
f 2817 2818 2819
f 2820 2821 2822
f 2823 2824 2825
f 2826 2827 2828
f 2829 2830 2831
f 2711 2832 2833
f 2834 2835 2836
f 2837 2838 2839
f 2840 2841 2842
f 2843 2844 2121
f 2845 2846 2847
f 2848 2048 2849
f 2850 2851 2852
f 2853 2854 2855
f 2856 2857 2858
f 2859 2860 2861
f 2862 2863 2864
f 2865 2866 2867
f 1798 2868 2869
f 1804 2870 2871
f 2872 2873 2874
f 2875 2876 2877
f 1813 2878 2879
f 2880 2881 2882
f 2883 2884 2885
f 2886 2887 2010
f 2888 2889 2890
f 2891 2892 2893
f 2894 2895 2896
f 2897 2898 2899
f 2718 2900 2901
f 2902 2903 2904
f 2905 2906 2902
f 2907 2908 2909
f 2910 2911 2912
f 2913 2914 2915
f 2916 2917 2918
f 2919 2920 2921
f 2922 2923 2924
f 2925 2926 2907
f 2927 2928 2908
f 2929 2930 2931
f 2932 2933 2934
f 2935 2936 2937
f 2938 2939 2940
f 2941 2942 2943
f 2944 2945 2729
f 2946 2947 2948
f 2949 2950 2951
f 2952 2953 2954
f 2955 2956 2957
f 2958 2959 2960
f 2961 2962 2963
f 2964 2965 2966
f 2967 2968 2969
f 2970 2971 2972
f 2973 2974 2975
f 2976 2977 2978
f 2979 2980 2981
f 2982 2983 2984
f 2985 2986 2987
f 2988 2989 2990
f 2991 2992 2993
f 2994 2995 2996
f 2997 2794 2995
f 2798 2998 2999
f 3000 3001 3002
f 3003 3004 3005
f 3006 3007 3008
f 3009 3010 3011
f 3012 3013 3014
f 3015 3016 2675
f 3017 3018 3019
f 3020 3021 3022
f 3023 3024 3025
f 2687 3026 3027
f 3028 3029 3030
f 2693 3031 3032
f 3033 3034 3035
f 3036 3037 3038
f 3039 3040 3041
f 3041 3042 2330
f 2331 2658 2660
f 3043 2665 3044
f 3045 3046 3047
f 3048 3049 3050
f 3051 3052 3053
f 3054 3055 3056
f 3057 3058 3059
f 3060 3061 3062
f 3063 3064 3065
f 3066 3067 3068
f 3069 3070 3071
f 3072 3073 3074
f 3075 3076 3077
f 3078 3079 3080
f 3081 3082 3083
f 3084 3078 3080
f 3085 3086 3087
f 2828 3088 3089
f 3090 3091 3092
f 3093 3094 3095
f 3096 3097 3098
f 3097 3099 2846
f 3095 3100 3101
f 3102 3103 3104
f 3105 3106 3107
f 2854 3108 3109
f 3110 3111 3112
f 3113 3112 3114
f 3115 3116 3117
f 3115 3118 3116
f 2817 3119 3120
f 3121 3122 3123
f 3124 3125 2814
f 3126 3127 3122
f 3128 3129 3130
f 3131 3132 3133
f 3134 3135 3136
f 3137 3138 3139
f 3140 3141 3142
f 3143 3144 3145
f 3146 3147 3148
f 3149 3150 3151
f 3152 3153 3154
f 3155 3156 3157
f 3158 3159 3160
f 3161 3162 3163
f 3164 3165 2914
f 3166 3167 3168
f 3169 3170 3171
f 3172 3171 3173
f 3174 3175 3169
f 2921 3176 3177
f 3178 3179 2929
f 3180 3181 3182
f 3180 3182 3183
f 3181 3184 3185
f 2942 3186 3187
f 3188 3189 3190
f 3191 3192 3193
f 3194 3195 3196
f 3197 3198 3199
f 3200 3201 3202
f 3203 3204 2959
f 3205 3206 3207
f 3208 3209 3210
f 3211 3212 2967
f 3213 3214 3215
f 3216 3217 3218
f 3217 2980 2979
f 3219 3220 3221
f 3222 3223 3224
f 3225 3226 3227
f 3228 3229 3230
f 3231 3232 3233
f 3234 3235 3236
f 3237 3238 3239
f 3240 3241 3242
f 3243 3244 3245
f 3246 3247 3248
f 3249 3250 3251
f 3252 3253 3254
f 3255 3256 3257
f 3258 3259 3260
f 3261 3258 3262
f 3263 3264 3265
f 3266 3267 3268
f 3269 3270 3271
f 3272 3273 3274
f 3275 3276 3277
f 3278 3273 3279
f 3280 3281 3282
f 3283 3284 3285
f 3286 3287 3191
f 3288 3289 3290
f 3291 3292 3194
f 3198 3293 3199
f 3294 3295 3296
f 3297 3298 3299
f 3300 3301 3302
f 3303 3304 3305
f 3306 3307 3308
f 3309 3310 3311
f 3312 3313 3314
f 3315 3316 3317
f 3318 3319 3320
f 3321 3322 3323
f 3324 3325 3326
f 3327 3328 3220
f 3329 3330 3222
f 3331 3332 3333
f 3334 3335 3336
f 3337 3338 3339
f 3340 3341 3342
f 3238 3343 3344
f 3345 3346 3347
f 3348 3345 3349
f 3350 3351 3352
f 3353 3354 3355
f 3250 3353 3356
f 3357 3358 3359
f 3360 3361 3362
f 3260 3363 3364
f 3365 3366 3367
f 3368 3369 3370
f 3371 3372 3373
f 3374 3375 3376
f 3377 3378 3379
f 3380 3381 3382
f 3383 3384 3385
f 3386 3384 3387
f 3388 3389 3390
f 3391 3392 3393
f 3394 3395 3295
f 3396 3397 3398
f 3399 3400 3401
f 3402 3403 3404
f 3405 3406 3407
f 3408 3409 3410
f 3411 3412 3413
f 3414 3415 3409
f 3416 3417 3418
f 3419 3420 3414
f 3421 3422 3423
f 3424 3425 3426
f 3427 3428 3429
f 3427 3430 3431
f 3432 3319 3433
f 3434 3435 3436
f 3437 3438 3439
f 3440 3441 3442
f 3443 3444 3445
f 3446 3447 3448
f 3449 3450 3451
f 3452 3453 3454
f 3455 3456 3457
f 3458 3459 3460
f 3461 3462 3463
f 3464 3465 3466
f 3467 3468 3469
f 3470 3471 3472
f 3473 3474 3475
f 3476 3477 3478
f 3479 3480 3481
f 3482 3483 3484
f 3476 3485 3486
f 3487 3488 3489
f 3490 3491 3492
f 3493 3494 3495
f 3496 3473 3497
f 3498 3499 3467
f 3500 3501 3502
f 3503 3504 3505
f 3504 3506 3501
f 3458 3507 3459
f 3508 3509 3510
f 3511 3512 3513
f 3514 3515 3516
f 3517 3518 3515
f 3519 3520 3521
f 3522 3339 3453
f 3523 3524 3525
f 3526 3527 3528
f 3346 3529 3530
f 3531 3347 3532
f 3533 3534 3535
f 3536 3537 3538
f 3539 3540 3541
f 3542 3543 3544
f 3545 3546 3547
f 3548 3549 3550
f 3358 3551 3552
f 3553 3554 3555
f 3556 3557 3558
f 3559 3560 3561
f 3562 3563 3564
f 3565 3566 3567
f 3568 3569 3570
f 3372 3571 3572
f 3573 3574 3575
f 3576 3577 3578
f 3579 3580 3581
f 3381 3582 3583
f 3584 3388 3585
f 3586 3587 3588
f 3589 3590 3591
f 3592 3593 3594
f 3595 3596 3597
f 3598 3599 3600
f 3601 3602 3603
f 3604 3397 3605
f 3606 3607 3608
f 3609 3610 3611
f 3612 3613 3614
f 3615 3616 3617
f 3618 3619 3620
f 3621 3622 3623
f 3624 3625 3626
f 3627 3428 3612
f 3628 3629 3630
f 3631 3632 3633
f 3634 3635 3636
f 3637 3638 3628
f 3639 3640 3641
f 3642 3643 3644
f 3645 3646 3647
f 3648 3649 3650
f 3651 3649 3652
f 3653 3654 3655
f 3656 3657 3658
f 3444 3442 3659
f 3660 3661 3662
f 3663 3664 3665
f 3666 3667 3668
f 3669 3670 3671
f 3672 3673 3674
f 3675 3676 3677
f 3678 3679 3680
f 3681 3682 3678
f 3683 3684 3685
f 3686 3685 3687
f 3688 3689 3690
f 3691 3692 3693
f 3694 3695 3696
f 3697 3698 3699
f 3700 3701 3702
f 3703 3704 3705
f 3706 3707 3708
f 3704 3709 3705
f 3710 3711 3712
f 3713 3714 3715
f 3716 3717 3718
f 3719 3720 3721
f 3722 3723 3724
f 3725 3726 3727
f 3728 3729 3730
f 3731 3732 3733
f 3462 3734 3735
f 3736 3737 3738
f 3739 3740 3741
f 3742 3743 3744
f 3745 3746 3747
f 3748 3749 3750
f 3751 3750 3749
f 3752 3753 3754
f 3755 3756 3757
f 3758 3759 3760
f 3761 3762 3763
f 3764 3765 3766
f 3767 3768 3769
f 3770 3771 3772
f 3773 3774 3775
f 3776 3777 3778
f 3779 3483 3482
f 3780 3781 3782
f 3783 3784 3785
f 3786 3787 3788
f 3789 3790 3791
f 3535 3792 3793
f 3794 3795 3498
f 3532 3796 3797
f 3798 3799 3800
f 3780 3801 3802
f 3803 3804 3805
f 3543 3806 3807
f 3808 3809 3810
f 3811 3812 3813
f 3814 3815 3816
f 3817 3818 3819
f 3812 3820 3813
f 3821 3822 3823
f 3824 3825 3826
f 3801 3827 3828
f 3781 3829 3830
f 3831 3832 3833
f 3834 3835 3836
f 3837 3838 3839
f 3831 3840 3832
f 3841 3842 3843
f 3844 3845 3837
f 3846 3847 3848
f 3849 3850 3851
f 3852 3853 3817
f 3854 3855 3856
f 3857 3858 3859
f 3860 3861 3738
f 3862 3863 3864
f 3865 3866 3867
f 3868 3869 3870
f 3871 3872 3873
f 3874 3875 3876
f 3745 3877 3878
f 3879 3880 3881
f 3881 3882 3883
f 3884 3885 3886
f 3887 3888 3889
f 3766 3765 3890
f 3891 3892 3893
f 3894 3895 3896
f 3897 3898 3899
f 3900 3901 3902
f 3903 3904 3905
f 3906 3907 3908
f 3909 3910 3911
f 3912 3913 3914
f 3915 3912 3916
f 3917 3918 3919
f 3920 3921 3922
f 3923 3924 3925
f 3926 3927 3928
f 3929 3930 3931
f 3927 3923 3925
f 3932 3933 3934
f 3935 3936 3919
f 3937 3938 3939
f 3940 3941 3942
f 3943 3944 3906
f 3945 3946 3947
f 3948 3949 3950
f 3775 3951 3952
f 3953 3954 3955
f 3956 3957 3958
f 3959 3960 3961
f 3962 3963 3964
f 3965 3966 3843
f 3967 3968 3969
f 3970 3971 3972
f 3973 3974 3975
f 3976 3977 3978
f 3979 3980 3981
f 3847 3982 3983
f 3984 3985 3986
f 3850 3987 3988
f 3989 3990 3991
f 3992 3993 3994
f 3995 3996 3997
f 3998 3999 4000
f 3866 4001 4002
f 4003 4004 4005
f 3888 4006 4007
f 4008 4009 4010
f 3893 4011 4012
f 4013 4014 4015
f 4016 4017 4018
f 4019 4020 4021
f 4022 4023 4024
f 4025 4026 4027
f 4028 4029 3132
f 4030 3129 3128
f 4031 4032 4033
f 4034 4035 4036
f 4037 4038 4039
f 4040 4041 4042
f 4043 4044 4045
f 4046 4047 4048
f 4049 4050 4051
f 4052 4053 4054
f 4055 4056 4057
f 4058 4059 3929
f 4060 4061 4062
f 4063 4064 4065
f 4066 4067 4068
f 4069 4070 4071
f 4072 4073 4074
f 4075 4076 4067
f 4077 4078 4079
f 4080 4061 4081
f 4082 4083 4084
f 3929 3931 4085
f 4086 4087 4088
f 4089 4090 3147
f 2896 4091 4092
f 4093 4094 4095
f 4083 4096 4097
f 4098 4077 4099
f 4100 4101 4096
f 2867 4102 4103
f 4072 4104 4073
f 2341 4105 4106
f 2341 4106 4107
f 3933 4108 4109
f 4110 4111 4112
f 4113 4114 4115
f 4116 4117 3944
f 4118 4119 4120
f 3947 3946 4121
f 3951 4122 4123
f 4124 4125 4126
f 4127 4128 4129
f 4130 4131 4132
f 4133 4134 4135
f 4136 4137 4138
f 4139 4140 4141
f 4142 4143 4144
f 4145 4146 4147
f 4148 4149 4150
f 4151 4152 4153
f 4154 4155 4156
f 4157 4158 4159
f 4160 4161 4162
f 4163 4164 4165
f 4166 4167 3963
f 3964 4168 4169
f 4169 4170 3966
f 4171 4172 3968
f 4173 4174 4175
f 4176 4177 4178
f 4179 4180 4181
f 4182 4183 4184
f 3976 4185 3977
f 4186 4187 4188
f 4189 4190 4191
f 4192 4193 4194
f 4195 4196 4197
f 4198 4199 4200
f 4201 4202 4203
f 4204 4205 4206
f 4207 4208 4209
f 4210 4211 3987
f 4212 4213 4214
f 4215 3996 3995
f 4216 4217 4218
f 4219 4220 4221
f 4222 4223 4224
f 4225 4226 4227
f 4228 4229 4230
f 4231 4192 4232
f 4233 4227 4234
f 4235 4236 4237
f 4204 4238 4239
f 4240 4241 4242
f 4243 4244 4245
f 4246 4247 4248
f 4249 4213 4250
f 4251 4252 4253
f 4254 4255 4256
f 4257 4258 4251
f 4259 4260 4261
f 4262 4263 4264
f 4265 4266 4267
f 4268 4269 4270
f 4271 4272 4273
f 4274 4275 4276
f 4277 4278 4279
f 4280 4281 4282
f 4283 4284 4285
f 4241 4286 4287
f 4288 4289 4290
f 4291 4292 4293
f 4294 4295 4296
f 4297 4298 4299
f 4300 4301 4302
f 4303 4304 4305
f 4306 4307 4308
f 4279 4278 4309
f 4310 4311 4312
f 4313 4314 4315
f 4316 4317 4318
f 4319 4320 4321
f 4322 4323 4292
f 4324 4325 4326
f 4327 4328 4329
f 4330 4331 4332
f 4333 4334 4335
f 4336 4337 4338
f 4312 4339 4340
f 4341 4342 4343
f 4344 4345 4346
f 4347 4348 4349
f 4350 4351 4352
f 4353 4354 4355
f 4356 4357 4358
f 4359 4360 4361
f 4362 4363 4364
f 4337 4365 4366
f 4367 4368 4369
f 4370 4371 4372
f 4373 4374 4375
f 4348 4376 4377
f 4377 4378 4379
f 4380 4381 4382
f 4383 4384 4354
f 4385 4386 4357
f 4387 4388 4389
f 4390 4391 4392
f 4368 4393 4369
f 4394 4395 4396
f 4397 4398 4399
f 4400 4401 4402
f 4403 4404 4405
f 4406 4407 4408
f 4409 4410 4411
f 4412 4413 4414
f 4415 4416 4417
f 4418 4419 4420
f 4421 4422 4400
f 4423 4374 4424
f 4425 4426 4427
f 4428 4429 4430
f 4431 4432 4433
f 4434 4435 4436
f 4426 4437 4427
f 4437 4438 4439
f 4440 4441 4442
f 4381 4443 4444
f 4445 4446 4447
f 4448 4449 4450
f 4391 4451 4452
f 4453 4454 4455
f 4396 4456 4457
f 4458 4459 4460
f 4461 4462 4463
f 4464 4465 4466
f 4467 4468 4469
f 4470 4471 4472
f 4473 4474 4475
f 4476 4477 4478
f 4479 4480 4481
f 4482 4483 4484
f 4485 4486 4487
f 4488 4489 4490
f 4177 4491 4492
f 4493 4494 4495
f 4496 4497 4498
f 4499 4500 4501
f 4502 4503 4504
f 4505 4506 4507
f 4508 4509 4510
f 4511 4512 4513
f 4514 4515 4516
f 4128 4517 4518
f 4519 4520 4521
f 4522 4523 4524
f 4525 4526 4527
f 4528 4529 4530
f 4531 4532 4525
f 4533 4534 4535
f 4536 4537 4538
f 4539 4540 4541
f 4542 4543 4544
f 4545 4546 4547
f 4548 4549 4550
f 4551 4552 4135
f 4553 4554 4147
f 4555 4556 4145
f 4557 4558 4559
f 4560 4561 4562
f 4155 4563 4564
f 4565 4566 4567
f 4568 4569 4570
f 4571 4572 4573
f 4574 4575 4576
f 4577 4578 4579
f 4580 4581 4582
f 4583 4584 4585
f 4586 4587 4588
f 4589 4590 4591
f 4592 4593 4594
f 4595 4596 4597
f 4598 4599 4600
f 4601 4602 4603
f 4604 4605 4606
f 4607 4608 4609
f 4610 4611 4612
f 4613 4614 4615
f 4616 4617 4618
f 4617 4619 4620
f 4620 4621 4480
f 4622 4623 4624
f 4625 4626 4474
f 4410 4627 4628
f 4409 4629 4630
f 4631 4632 4633
f 4634 4635 4636
f 4637 4638 4639
f 4640 4641 4642
f 4643 4644 4645
f 4646 4647 4648
f 4649 4650 4435
f 4436 4651 4652
f 4653 4654 4438
f 4655 4656 4657
f 4658 4659 4660
f 4661 4662 4663
f 4664 4665 4666
f 4667 4668 4669
f 4670 4667 4671
f 4672 4673 4674
f 4675 4676 4677
f 4678 4679 4680
f 4681 4682 4683
f 4684 4685 4686
f 4687 4688 4689
f 4487 4690 4691
f 4692 4693 4493
f 4694 4695 4696
f 4697 4698 4699
f 4501 4700 4701
f 4702 4703 4704
f 4705 4706 4707
f 4708 4709 4710
f 4711 4712 4713
f 4513 4714 4715
f 4716 4717 4718
f 4719 4524 4720
f 4721 4722 4723
f 4724 4725 4726
f 4727 4728 4729
f 4730 4731 4732
f 4733 4734 4735
f 4736 4737 4531
f 4738 4739 4740
f 4741 4742 4743
f 4744 4745 4746
f 4747 4748 4749
f 4547 4750 4751
f 4751 4752 4547
f 4753 4754 4755
f 4756 4757 4758
f 4759 4760 4761
f 4762 4763 4764
f 4765 4766 4767
f 4768 4769 4770
f 4771 4772 4773
f 4774 4775 4776
f 4777 4778 4779
f 4780 4781 4782
f 4783 4784 4785
f 4786 4787 4788
f 4789 4790 2249
f 2254 4791 2255
f 4792 4793 4794
f 4795 4796 4797
f 4798 4799 4800
f 4801 4800 4802
f 4803 2261 4804
f 4805 4806 4807
f 4808 4809 4810
f 4811 4756 4758
f 4753 4812 4754
f 4813 4754 4814
f 4815 4816 4817
f 4818 4819 4820
f 4821 4822 4823
f 4824 4825 4826
f 4827 4828 4829
f 4830 4831 4832
f 4833 4834 4835
f 4566 4836 4837
f 4838 4839 4840
f 4841 4842 4843
f 4844 4570 4845
f 4846 4847 4574
f 4848 4849 4850
f 4851 4852 4853
f 4854 4855 4856
f 4857 4858 4578
f 4859 4860 4861
f 4862 4863 4864
f 4865 4866 4867
f 4868 4869 4870
f 4587 4871 4872
f 4873 4874 4875
f 4875 4596 4595
f 4597 4876 4877
f 4878 4879 4880
f 4881 4882 4883
f 4600 4884 4885
f 4886 4887 4888
f 4602 4888 4889
f 4890 4891 4892
f 4608 4893 4894
f 4609 4895 4610
f 4896 4897 4898
f 4899 4900 4901
f 4902 4903 4904
f 4905 4906 4907
f 4908 4909 4626
f 4910 4911 4912
f 4913 4914 4915
f 4916 4917 4918
f 4919 4920 4921
f 4922 4923 4924
f 4635 4925 4926
f 4927 4928 4929
f 4930 4931 4932
f 4933 4931 4934
f 4935 4936 4937
f 4938 4939 4940
f 4941 4942 4943
f 4944 4945 4946
f 4947 4948 4949
f 4950 4951 4952
f 4953 4954 4955
f 4956 4957 4958
f 4959 4960 4961
f 4962 4963 4964
f 4965 4966 4967
f 4968 4969 4970
f 4971 4972 4973
f 4974 4975 4976
f 4977 4978 4979
f 4980 4981 4982
f 4983 4984 4985
f 4986 4987 4988
f 4989 4990 4991
f 4992 4993 4994
f 4995 4996 4997
f 4998 4999 5000
f 4999 5001 5002
f 5003 5004 3577
f 5005 5006 5007
f 3590 5008 5009
f 3593 5010 5011
f 5012 5013 5014
f 5015 5016 5017
f 5018 5019 5020
f 3599 5021 3602
f 5022 5023 5024
f 5025 5026 5027
f 5028 5029 3639
f 5030 5031 5032
f 5033 5034 5035
f 5036 5037 5038
f 3662 3661 5039
f 5040 5041 5037
f 5042 5043 5044
f 5045 5046 5047
f 5048 5042 5049
f 3674 5050 5051
f 5052 5053 5054
f 5055 5056 5057
f 5058 5059 5060
f 5061 5062 5063
f 5064 5065 5066
f 5067 5068 5069
f 5070 5071 5072
f 5073 5074 5075
f 5076 5077 5078
f 5079 5080 5081
f 5082 5079 5083
f 5084 5082 5085
f 5086 5087 5088
f 5088 5087 5089
f 5090 5091 5092
f 5093 5094 5095
f 5096 5093 5095
f 5097 5098 5099
f 5098 5100 5101
f 5102 5103 5104
f 5105 5106 5107
f 5108 5109 5110
f 5111 5112 5113
f 5105 5114 5115
f 5116 5117 5118
f 5119 5120 5121
f 4647 5122 5123
f 4650 5124 5125
f 5126 5127 5128
f 5128 5127 5129
f 5130 5131 4655
f 5132 5133 5134
f 5135 5136 5137
f 5138 5139 5140
f 5141 5142 5143
f 5144 5145 5146
f 5147 5148 5149
f 5150 5151 5152
f 5153 5154 5155
f 5156 5157 5158
f 5159 5160 5161
f 5162 5163 5164
f 5165 5166 5167
f 5168 5169 5170
f 5171 5172 5173
f 5174 5175 5176
f 5177 5178 5179
f 5180 5181 5182
f 5183 5184 5185
f 4949 5186 5187
f 5188 5189 5190
f 5191 5192 4954
f 5193 5194 5195
f 5196 5197 5198
f 5199 5200 5201
f 5202 5203 5204
f 5205 5204 5206
f 5207 5208 5209
f 4975 4973 5210
f 5211 5212 5213
f 5214 5215 5216
f 5217 5218 5219
f 5220 5221 5222
f 5223 5224 5225
f 5226 5227 5228
f 5229 5230 5231
f 5232 5233 5234
f 5235 5236 5237
f 5238 5239 5240
f 5241 5242 5243
f 5244 5245 5246
f 5247 5248 5249
f 5250 5251 5252
f 5253 5254 5255
f 5256 5257 5258
f 5256 5259 5257
f 5260 5261 5262
f 5263 5264 5022
f 5265 5266 5267
f 5268 5269 5270
f 5271 5272 5273
f 5274 5275 5276
f 5277 5278 5038
f 5279 5280 5281
f 5282 5283 5284
f 5285 5286 5287
f 5288 5053 5289
f 5290 5291 5292
f 5060 5293 5294
f 5295 5296 5297
f 5298 5299 5300
f 5301 5302 5303
f 5304 5305 5306
f 5307 5308 5309
f 5310 5311 5312
f 5313 5314 5315
f 5316 5317 5318
f 5319 5320 5321
f 5322 5323 5127
f 5324 5325 5326
f 5327 5328 5329
f 5330 5331 5332
f 5333 5334 5335
f 5336 5337 5338
f 5339 5340 5341
f 5342 5343 5344
f 5345 5339 5346
f 5347 5348 5349
f 5350 5351 5352
f 5353 5354 5355
f 5356 5357 5358
f 5359 5360 5361
f 5362 5363 5364
f 5365 5366 5367
f 5368 5369 5370
f 5371 5372 5373
f 5176 5374 5375
f 5376 5377 5378
f 5178 5379 5380
f 5181 5381 5382
f 5383 5384 5385
f 5386 5387 5388
f 5389 5390 5391
f 5392 5393 5394
f 5395 5396 5397
f 5197 5193 5398
f 5200 5399 5201
f 5400 5401 5402
f 5403 5404 5405
f 5212 5406 5407
f 5408 5409 5410
f 5411 5412 5413
f 5414 5415 5416
f 5417 5418 5419
f 5420 5421 5422
f 5423 5424 5425
f 5426 5427 5428
f 5429 5430 5431
f 5432 5433 5251
f 5434 5435 5436
f 5437 5438 5426
f 5439 5440 5441
f 5442 5443 5444
f 5445 5446 5447
f 5448 5449 5450
f 5451 5452 5437
f 5421 5453 5422
f 5454 5455 5456
f 5457 5458 5459
f 5460 5461 5421
f 5460 5421 5420
f 5462 5463 5464
f 5465 5466 5467
f 5468 5469 5470
f 5471 5472 5473
f 5474 5475 5476
f 5450 5449 5477
f 5478 5475 5479
f 5480 5481 5482
f 5483 5484 5485
f 5446 5486 5447
f 5487 5488 5489
f 5490 5491 5492
f 5493 5271 5494
f 5495 5496 5491
f 5497 5498 5499
f 5500 5501 5498
f 5502 5503 5504
f 5505 5506 5507
f 5508 5503 5502
f 5509 5510 5511
f 5511 5512 5513
f 5514 5515 5516
f 5517 5518 5519
f 5520 5521 5522
f 5523 5524 5525
f 5526 5527 5528
f 5529 5530 5531
f 5532 5533 5534
f 5535 5536 5537
f 5538 5539 5540
f 5541 5542 5543
f 5544 5545 5546
f 5547 5544 5548
f 5549 5550 5551
f 5552 5553 5554
f 5360 5555 5361
f 5364 5556 5557
f 5367 5558 5559
f 5373 5560 5561
f 5562 5563 5564
f 5565 5566 5567
f 5568 5569 5570
f 5571 5572 5573
f 5574 5575 5384
f 5576 5577 5578
f 5579 5580 5581
f 5582 5583 5584
f 5585 5586 5587
f 5588 5589 5590
f 5591 5592 5593
f 5594 5595 5596
f 5597 5598 5599
f 5600 5601 5602
f 5603 5604 5605
f 5606 5607 5608
f 5609 5610 5611
f 5612 5613 5614
f 5463 5615 5616
f 5614 5617 5618
f 5619 5620 5621
f 5620 5622 5623
f 5624 5625 5626
f 5627 5628 5629
f 5630 5629 5631
f 5632 5633 5634
f 5635 5636 5637
f 5638 5639 5640
f 5641 5642 5643
f 5634 5644 5645
f 5646 5647 5648
f 5483 5649 5487
f 5650 5651 5652
f 5653 5654 5655
f 5656 5657 5658
f 5659 5660 5661
f 5662 5663 5654
f 5664 5665 5666
f 5667 5668 5669
f 5670 5671 5672
f 5673 5674 5675
f 5676 5677 5678
f 5607 5679 5608
f 5680 5681 5682
f 5683 5684 5673
f 5685 5686 5665
f 5687 5688 5689
f 5690 5691 5692
f 5693 5694 5695
f 5696 5697 5698
f 5699 5700 5521
f 5701 5702 5703
f 5704 5705 5706
f 5707 5708 5709
f 5523 5710 5711
f 5525 5524 5712
f 5713 5714 5715
f 5716 5717 5718
f 5540 5719 5720
f 5721 5722 5723
f 5724 5725 5726
f 5727 5728 5729
f 5730 5731 5732
f 5733 5734 5735
f 5736 5737 5738
f 5739 5740 5741
f 5742 5743 5744
f 5745 5746 5747
f 5748 5749 5750
f 5751 5752 5753
f 5754 5755 5756
f 5757 5758 5759
f 5571 5760 5572
f 5577 5761 5762
f 5577 5763 5764
f 5765 5766 5767
f 5768 5769 5770
f 5771 5772 5773
f 5774 5775 5776
f 5777 5778 5779
f 5780 5781 5782
f 5783 5784 5785
f 5786 5601 5787
f 5788 5789 5790
f 5791 5792 5793
f 5794 5795 5796
f 5794 5797 5798
f 5799 5800 5801
f 5785 5802 5803
f 5804 5805 5794
f 5806 5807 5808
f 5809 5810 5811
f 5812 5813 5814
f 5815 5816 5817
f 5818 5819 5820
f 5821 5822 5823
f 5715 5824 5825
f 5826 5827 5828
f 5829 5830 5831
f 5832 5833 5834
f 5727 5835 5836
f 5837 5838 5734
f 5839 5734 5840
f 5841 5842 5843
f 5844 5845 5846
f 5847 5848 5849
f 5850 5851 5852
f 5853 5854 5855
f 5856 5857 5858
f 5859 5860 5861
f 5749 5862 5863
f 5864 5865 5866
f 5867 5868 5869
f 5870 5871 5872
f 5873 5870 5874
f 5763 5875 5876
f 5877 5876 5878
f 5879 5880 5881
f 5882 5883 5884
f 5775 5885 5886
f 5779 5778 5887
f 5781 5888 5806
f 5889 5890 5891
f 5892 5893 5894
f 5895 5896 5812
f 5813 5897 5814
f 5898 5899 5900
f 5901 5902 5903
f 5823 5822 5904
f 5905 5906 5907
f 5830 5908 5909
f 5910 5911 5912
f 5913 5914 5915
f 5916 5917 5918
f 5919 5920 5921
f 5922 5923 5924
f 5857 5925 5926
f 5927 5928 5929
f 5930 5931 5932
f 5933 5934 5935
f 5936 5937 5938
f 5869 5939 5872
f 5940 5941 5942
f 5943 5944 5875
f 5945 5946 5947
f 5948 5949 5950
f 5951 5952 5953
f 5954 5953 5955
f 5956 5957 5958
f 5959 5960 5961
f 5962 5963 5964
f 5965 5966 5962
f 5967 5968 5966
f 5969 5970 5971
f 5972 5973 5974
f 5975 5976 5977
f 5978 5979 5980
f 5909 5981 5982
f 5983 5984 5985
f 5986 5987 5988
f 5989 5990 5991
f 5918 5992 5993
f 5994 5995 5996
f 5923 5997 5998
f 5999 6000 6001
f 6002 6003 6004
f 5931 6005 6006
f 6007 6008 6009
f 5935 6010 6011
f 6012 6013 6014
f 5936 6015 5937
f 6016 6017 6018
f 6019 6020 6021
f 6022 6023 6024
f 6025 6026 5945
f 6027 6028 5948
f 6029 6030 6031
f 6032 6033 5968
f 6034 6035 6036
f 6037 6038 6039
f 6040 6041 6042
f 6043 6044 6045
f 6046 6047 6048
f 5992 6049 6050
f 6051 6052 6053
f 6054 6055 6056
f 6057 6058 6059
f 6060 6061 6062
f 6063 6064 6065
f 6066 6067 6068
f 6069 6070 6071
f 6072 6073 6074
f 6013 6075 6076
f 6017 6077 6078
f 6079 6080 6081
f 6082 6083 6084
f 6085 6086 6087
f 6088 6089 6090
f 6091 6092 6093
f 6094 6095 6096
f 6097 6098 6099
f 6100 6101 6094
f 6102 6103 6104
f 6086 6105 6087
f 6106 6107 6108
f 6109 6110 6111
f 6048 6112 6113
f 6114 6115 6116
f 6117 6118 6119
f 6120 6121 6122
f 6123 6124 6125
f 6126 6127 6128
f 6129 6130 6131
f 6071 6132 6133
f 6134 6135 6136
f 6134 6053 6118
f 6078 6137 6138
f 6139 6140 6141
f 6142 6143 6144
f 6145 6146 6147
f 6148 6145 6147
f 5950 5949 6149
f 6150 6151 6152
f 5952 6153 5953
f 6154 6155 6156
f 6157 6155 6154
f 6158 6159 6160
f 6161 6162 6163
f 6164 6165 5917
f 6166 6167 6168
f 6169 6170 5889
f 5851 6171 6172
f 6173 6174 6175
f 5724 5726 5546
f 5702 6176 6177
f 5625 5670 5626
f 6178 6179 6180
f 6181 6182 6183
f 6184 6185 6182
f 6186 5628 6187
f 5393 5583 5394
f 6188 5560 5372
f 6189 6190 6191
f 6192 6193 6194
f 5330 6195 5331
f 6196 6197 6198
f 6199 6200 6201
f 6202 6197 6203
f 6204 6205 6206
f 6207 6208 6209
f 6210 6211 6212
f 6213 6214 6215
f 6216 6217 6218
f 6219 6220 6221
f 5357 6222 6223
f 6224 6225 6226
f 6227 6228 6229
f 6230 6231 6220
f 6232 6233 6234
f 6230 6235 6236
f 6231 6237 6227
f 6238 6239 6228
f 6240 6241 6242
f 6243 6244 6245
f 6246 6247 6248
f 6249 6250 6251
f 6252 6253 6254
f 6255 6256 6257
f 6258 6259 6260
f 6252 6261 6262
f 6207 6209 6263
f 6264 6265 6266
f 6267 6268 6269
f 6270 6271 6272
f 6273 6274 6275
f 6276 6277 6278
f 6279 6247 6280
f 6281 6282 6277
f 6283 6284 6285
f 6281 6286 6287
f 6288 6289 6282
f 6290 6291 6292
f 6251 6293 6294
f 6295 6296 6297
f 6298 6299 6300
f 6265 6301 6302
f 6269 6303 6304
f 6305 6306 6307
f 6308 6309 6310
f 6311 6312 6313
f 6314 6315 6316
f 6317 6318 6319
f 6293 6320 6321
f 6322 6294 6323
f 6324 6325 6326
f 6327 6328 6329
f 6330 6331 6332
f 6306 6333 6334
f 6334 6335 6336
f 6337 6338 6311
f 6339 6340 6341
f 6342 6343 6344
f 6345 6346 6347
f 6348 6349 6350
f 6318 6351 6319
f 6352 6353 6354
f 6355 6356 6357
f 6358 6359 6360
f 6361 6362 6363
f 6364 6365 6366
f 6332 6367 6368
f 6369 6370 6356
f 6371 6372 6373
f 6374 6375 6376
f 6377 6378 6379
f 6380 6381 6382
f 6382 6383 6384
f 6384 6385 6386
f 6343 6387 6388
f 6389 6388 6390
f 6391 6392 6393
f 6394 6395 6396
f 6386 6397 6398
f 6399 6400 6401
f 6402 6403 6404
f 6378 6405 6406
f 6407 6408 6409
f 6410 6411 6412
f 6413 6414 6415
f 6392 6416 6393
f 6417 6418 6419
f 6420 6421 6422
f 6423 6424 6425
f 6426 6427 6428
f 6429 6430 6431
f 6432 6433 6434
f 6435 6436 6437
f 6438 6439 6440
f 6441 6442 6443
f 6444 6445 6446
f 6447 6448 6449
f 6450 6451 6452
f 6453 6454 6455
f 6456 6457 6458
f 6459 6460 6461
f 6462 6463 6457
f 6464 6465 6466
f 6467 6468 6469
f 6470 6471 6472
f 6473 6474 6475
f 6476 6477 6478
f 6479 6480 6481
f 6482 6483 6484
f 6485 6486 6487
f 6488 6485 6487
f 6454 6489 6465
f 6490 6491 6492
f 6493 6494 6495
f 6496 6497 6498
f 6499 6500 6501
f 6502 6503 6504
f 6426 6505 6506
f 6507 6508 6509
f 6510 6511 6512
f 6513 6431 6514
f 6515 6516 6517
f 6518 6519 6520
f 6442 6521 6443
f 6522 6523 6524
f 6525 6526 6527
f 6528 6529 6530
f 6531 6532 6533
f 6534 6535 6536
f 6451 6537 6538
f 6539 6498 6497
f 6540 6541 6542
f 6543 6544 6545
f 6546 6547 6548
f 6533 6549 6550
f 6551 6552 6553
f 6554 6555 6556
f 6557 6558 6559
f 6560 6561 6562
f 6563 6564 6565
f 6566 6567 6568
f 6569 6570 6555
f 6571 6572 6573
f 6530 6574 6564
f 6575 6576 6577
f 6578 6579 6580
f 6581 6582 6583
f 6584 6585 6586
f 6587 6588 6578
f 6523 6589 6590
f 6591 6592 6593
f 6594 6593 6595
f 6514 6596 6517
f 6597 6598 6599
f 6600 6601 6602
f 6603 6604 6605
f 6606 6607 6608
f 6609 6610 6611
f 6600 6609 6611
f 6612 6613 6614
f 6615 6616 6617
f 6440 6618 6616
f 6619 6620 6621
f 6622 6623 6624
f 6625 6626 6627
f 6628 6629 6630
f 6631 6632 6633
f 6634 6635 6636
f 6637 6638 6639
f 6633 6632 6640
f 6641 6642 6643
f 6644 6645 6646
f 6636 6647 6648
f 6649 6650 6651
f 6652 6653 6654
f 6655 6352 6656
f 6657 6360 6658
f 6659 6660 6661
f 6662 6663 6664
f 6665 6327 6666
f 6667 6668 6669
f 6670 6671 6672
f 6673 6674 6675
f 6676 6677 6678
f 6679 6680 6681
f 6682 6683 6684
f 6685 6686 6687
f 6688 5513 6689
f 5296 6678 6673
f 6690 6691 5406
f 6692 6693 5310
f 6694 6695 6696
f 6697 6698 6699
f 6700 6701 6702
f 6703 6704 6705
f 6706 6705 6707
f 6708 5300 6709
f 6710 6711 6712
f 5069 6713 5067
f 6714 6715 6716
f 6717 5299 5298
f 5069 6718 6719
f 6720 6721 6722
f 6723 6724 6725
f 6726 6727 5098
f 6728 6729 6730
f 6731 6732 5116
f 6722 6733 6734
f 6735 6736 6737
f 6738 6739 6740
f 6741 5226 6742
f 6743 6744 6745
f 4961 6746 6747
f 6748 6749 6750
f 6751 6752 6753
f 6754 6755 6756
f 6757 6758 6759
f 6760 6761 6758
f 6762 6763 6764
f 6765 6766 6767
f 6768 6769 6770
f 4677 6771 6772
f 6773 6774 6775
f 6776 6777 6778
f 6779 6780 6781
f 6782 6783 6784
f 6785 4918 6786
f 6787 6788 6789
f 6790 6791 6792
f 6793 6794 6795
f 6796 6797 6798
f 6799 4920 6800
f 6801 6802 4923
f 6803 6804 6805
f 6806 6807 6808
f 4926 6809 6810
f 6811 6812 6813
f 6814 6815 6755
f 6816 6817 6818
f 6819 6820 6760
f 6821 6766 6822
f 6823 6824 6825
f 6824 6826 6827
f 6828 6829 6830
f 6768 6831 6769
f 6771 6832 6833
f 6834 6835 6836
f 6837 6838 6839
f 6840 6841 6842
f 6783 6843 6784
f 6844 6845 6846
f 6847 6848 6849
f 6850 6851 6848
f 6852 6853 6854
f 6855 6856 6857
f 6858 6859 6791
f 6860 6861 6862
f 6863 6864 6865
f 6866 6867 6868
f 6869 6870 6871
f 6872 6873 6874
f 6875 6876 6877
f 6878 6879 6880
f 6881 6882 6883
f 6884 6885 6886
f 6887 6888 6889
f 6890 6891 6892
f 6893 6894 6895
f 6896 6897 6898
f 6899 6900 6901
f 6902 6903 6904
f 6905 6906 6907
f 6908 6909 6910
f 6911 6912 6913
f 6914 6915 6916
f 6917 6918 6919
f 6920 6921 6922
f 6923 6924 6925
f 6909 6926 6927
f 6928 6929 6930
f 6920 6931 6921
f 6828 6932 6933
f 6934 6935 6936
f 6937 6938 6939
f 6940 6941 6942
f 6943 6944 6945
f 6946 6947 6948
f 6949 6950 6951
f 6952 6953 6954
f 6955 6956 6957
f 6958 6959 6960
f 6961 6962 6963
f 6964 6965 6966
f 6967 6968 6969
f 6970 6971 6972
f 6973 6974 6975
f 6976 6977 4887
f 6978 6979 6980
f 6981 6982 6983
f 6984 6985 6986
f 6987 6988 6989
f 6990 6991 6992
f 6993 6994 6995
f 6996 6997 6998
f 6999 7000 4906
f 7001 7002 7003
f 7004 7005 7006
f 4912 7007 7008
f 7009 7010 6776
f 7011 7012 7013
f 7014 7015 7016
f 7017 7018 7019
f 7020 7021 7022
f 7023 7024 7018
f 7025 7026 7027
f 7028 7029 7030
f 7031 7032 7033
f 7034 7035 7036
f 7037 7038 7039
f 7040 7041 6997
f 7042 7043 7044
f 7045 7046 7037
f 7047 7048 7049
f 7031 7050 7032
f 7051 7052 7053
f 7054 7055 7056
f 7057 7058 7059
f 7060 7043 7061
f 7062 7063 7064
f 7065 7066 4698
f 7067 7068 7069
f 7070 7071 7072
f 7073 7074 7075
f 7076 7077 7078
f 7067 7069 7079
f 7080 7081 7026
f 7082 6988 7083
f 7084 7085 7086
f 7087 7088 7089
f 7090 7091 7092
f 7093 7094 7095
f 7096 7097 7098
f 7099 7100 7101
f 4729 7102 7103
f 7104 7105 7106
f 4734 4739 4738
f 4740 7107 7108
f 7109 7110 7111
f 4745 7112 7113
f 7114 7115 7116
f 7117 4749 7118
f 7119 7120 7121
f 4760 7122 7123
f 7124 7125 7126
f 4768 4770 7127
f 7128 7129 7130
f 4780 7131 7132
f 7133 7134 7135
f 7136 7137 7138
f 7139 7140 7141
f 7142 7143 7144
f 7145 7146 7147
f 7148 7149 7150
f 7151 7152 7153
f 7154 7155 7156
f 7157 7158 7159
f 7160 7161 7162
f 7163 7164 7165
f 7166 7167 7168
f 7169 7170 7171
f 7172 7173 4821
f 7174 7175 7176
f 7177 7178 7179
f 4828 7180 7181
f 7182 7183 7184
f 7185 7186 7187
f 7188 7189 7190
f 7191 7192 7193
f 7194 7195 7196
f 7197 7198 7199
f 7200 7201 7202
f 7203 4835 7188
f 7204 7205 7206
f 7207 7208 7201
f 7209 7210 7211
f 7212 7213 7214
f 7215 7216 7217
f 7218 7219 7220
f 7221 7222 7223
f 7224 4843 7225
f 7226 7227 7228
f 4845 7229 7230
f 4846 7231 7232
f 7233 7234 7235
f 7236 4854 7237
f 7238 7239 7240
f 7241 7242 7243
f 7244 7245 7246
f 7247 7248 7249
f 7250 7251 7252
f 7253 7254 7255
f 7256 7257 7258
f 7259 7260 7261
f 7262 7263 7264
f 7265 7264 7266
f 7267 7268 7269
f 7270 7271 7272
f 7273 7274 7275
f 7276 7277 7278
f 7279 7280 7281
f 7282 7283 7284
f 7285 7286 7253
f 7287 7288 7289
f 7290 7291 7292
f 7293 7294 7295
f 7296 7297 7298
f 7299 7300 7301
f 7302 7303 7242
f 7304 7305 7306
f 7307 7308 7309
f 7310 7311 7312
f 7313 7314 7315
f 7316 7317 7318
f 7319 7320 7321
f 7322 7323 7324
f 4866 7325 7326
f 7327 7328 7329
f 7329 7330 4872
f 7331 7332 7333
f 7334 7335 7336
f 7337 7338 7339
f 7339 7340 7341
f 7342 7343 7344
f 4879 7345 7346
f 4880 7346 7347
f 7348 7349 7350
f 7351 7352 7353
f 7354 6974 7355
f 7356 7357 7358
f 7359 6969 7360
f 7361 7362 7363
f 7364 7365 7366
f 7367 7368 7369
f 7370 7371 7372
f 7373 7374 7362
f 7375 7376 7377
f 7378 7379 7380
f 7357 7381 7382
f 7383 7384 7349
f 7385 7386 7387
f 7388 7389 7390
f 7376 7391 7374
f 7392 7393 6850
f 7394 7395 7396
f 7397 6856 6855
f 7398 7399 7400
f 7401 7402 7403
f 7404 7405 7406
f 7407 7408 7409
f 7410 7411 7412
f 6873 7413 7414
f 7415 7416 7417
f 7418 7419 7420
f 7421 7422 7423
f 7424 7425 7426
f 7427 7428 7429
f 7430 7431 6885
f 7432 7433 7434
f 7435 7436 7437
f 7438 7439 7440
f 6892 7441 7442
f 7443 7444 6894
f 7445 7446 7447
f 7448 7449 6900
f 7450 7451 6903
f 7452 7453 7454
f 7455 7456 7457
f 7458 7459 7460
f 7461 7462 7463
f 7464 7465 7466
f 7467 7468 7469
f 7470 7471 6930
f 7472 7473 7474
f 7475 7476 7477
f 7478 7479 7480
f 7481 7482 7483
f 7484 7468 7485
f 7486 7487 7488
f 7489 7490 7491
f 7492 7493 7494
f 7495 6950 7496
f 7497 7498 7499
f 7500 7501 7502
f 7503 7504 7505
f 7506 7507 7508
f 7509 7510 7506
f 7511 7512 7513
f 7514 7515 7516
f 7517 7518 7519
f 7390 7520 7388
f 7521 7522 7523
f 7524 7525 7526
f 7503 7527 7528
f 7529 7530 7531
f 7532 7533 7534
f 7535 7525 7524
f 7536 7537 7538
f 7539 7540 7541
f 7542 7543 7544
f 7545 7546 7547
f 7548 7549 7550
f 7551 7552 7553
f 7554 7555 7556
f 7557 7558 7559
f 7560 7561 7562
f 7383 7562 7563
f 7564 7565 7566
f 7567 7568 7569
f 7570 7571 7572
f 7573 7574 7575
f 7576 7577 7578
f 7579 7580 7581
f 7582 7581 7583
f 7584 7585 7586
f 7587 7580 7579
f 7588 7589 7590
f 7591 7592 7593
f 7145 7594 7146
f 7595 7596 7149
f 7597 7598 7152
f 7599 7600 7601
f 7602 7603 7604
f 7605 7606 7607
f 7608 7609 7610
f 7611 7612 7613
f 7614 7615 7616
f 7617 7618 7619
f 7620 7621 7622
f 7623 7624 7625
f 7626 7627 7628
f 7629 7630 7631
f 7632 7633 7634
f 7635 7636 7637
f 7186 7638 7639
f 7640 7641 7642
f 7643 7644 7645
f 7645 7646 7647
f 7648 7649 7650
f 7651 7652 7653
f 7654 7655 7656
f 7657 7658 7659
f 7658 7660 7661
f 7662 7663 7664
f 7665 7666 7667
f 7668 7669 7670
f 7671 7672 7673
f 7674 7675 7676
f 7677 7678 7679
f 7680 7681 7682
f 7683 7684 7685
f 7686 7687 7688
f 7689 7690 7691
f 7692 7693 7694
f 7695 7696 7697
f 7698 7699 7700
f 7701 7702 7703
f 7704 7705 7706
f 7707 7708 7709
f 7710 7711 7712
f 7713 7714 7715
f 7716 7717 7718
f 7719 7720 7721
f 7722 7723 7724
f 7725 7703 1470
f 7726 7727 7728
f 7729 7730 7731
f 7732 7733 7734
f 7735 7736 7737
f 7738 7739 1423
f 7740 7741 7742
f 7743 7744 7745
f 7746 7747 7748
f 7749 7750 7751
f 7752 7753 7754
f 7755 7756 7757
f 7758 7759 7760
f 7746 7761 7747
f 7762 7763 7764
f 7765 7766 7767
f 7768 7769 7770
f 7771 7772 7740
f 7773 7774 7775
f 7776 7777 7778
f 7779 7780 7781
f 7782 7783 7784
f 7785 7786 7787
f 7788 7789 7790
f 7791 7792 7782
f 7793 7794 7795
f 7796 7797 7792
f 7798 7777 7799
f 7800 7801 7802
f 7775 7803 7804
f 7805 7806 7807
f 7750 7808 7809
f 7810 7811 7812
f 7813 7754 7814
f 7815 7816 7817
f 7818 7819 7820
f 1420 7740 7742
f 1385 7821 7822
f 7823 7824 7825
f 7826 7827 7828
f 7828 7829 7830
f 7831 7832 7833
f 7834 7695 7697
f 7835 7836 7693
f 7837 7838 7690
f 7839 7840 7841
f 7842 7843 7844
f 7845 7846 7847
f 7848 7849 7850
f 7851 7852 7853
f 7840 7849 7841
f 7854 7855 7856
f 7857 7858 7859
f 7860 7861 7862
f 7863 7864 7865
f 7866 7867 7868
f 7869 7870 7864
f 7871 7872 7873
f 7871 7874 7875
f 7876 7877 7878
f 7879 7880 7881
f 7882 7883 7884
f 7885 7886 7887
f 7888 7887 7889
f 7890 7891 7230
f 7892 7893 7894
f 7895 7892 7896
f 7897 7898 7899
f 7900 7901 7902
f 7903 7904 7905
f 7906 7907 7908
f 7252 7909 7910
f 7911 7912 7913
f 7914 7915 7916
f 7917 7918 7919
f 7920 7921 7922
f 1365 7923 7924
f 7925 7926 7927
f 1369 7928 7929
f 7930 1375 1371
f 7931 7932 7832
f 7933 7934 7935
f 7936 7937 7938
f 7939 7940 7941
f 7942 7943 7944
f 7945 7946 7947
f 7948 7949 7943
f 7950 7951 7857
f 7952 7953 7954
f 7955 7956 7957
f 7958 7959 7960
f 7961 7962 7963
f 7964 7965 7966
f 7967 7968 7969
f 7970 7971 7972
f 7973 7974 7975
f 7891 7975 7976
f 7977 7978 7979
f 7980 7981 7982
f 7983 7984 7985
f 7986 7987 7988
f 7989 7990 7991
f 7992 7993 7994
f 7995 7996 7997
f 7998 7999 8000
f 8001 8002 8003
f 8004 8005 8006
f 8007 8008 8009
f 8010 8011 8012
f 8013 8014 8015
f 8016 8017 8018
f 8019 7936 8020
f 8021 8022 8023
f 8024 8025 8026
f 8027 8028 8029
f 8030 8031 8032
f 8033 8028 8034
f 8035 8036 8037
f 8038 8039 8040
f 8041 8042 7956
f 8043 8044 8045
f 8046 8047 8048
f 8049 8050 8051
f 7961 8052 8053
f 8054 8055 8056
f 8057 8058 8059
f 8060 8061 8062
f 8063 8064 8065
f 8066 8067 8068
f 8069 8070 8071
f 8072 8073 8074
f 8075 8076 7981
f 8077 8078 8079
f 8080 8081 8082
f 8083 8084 8085
f 8086 8087 8088
f 7991 8089 8090
f 8091 8092 8093
f 8094 8095 8096
f 7994 8097 8098
f 8099 8100 8101
f 8102 8103 8104
f 8008 8105 8106
f 8107 8108 8109
f 8110 8111 8112
f 8113 8114 8115
f 8116 8114 8117
f 970 967 8118
f 8119 8120 8121
f 8122 948 947
f 8123 8124 8125
f 8126 8127 8128
f 8129 8130 8131
f 954 8132 8133
f 8134 8135 8136
f 8021 8137 8138
f 8139 8140 8141
f 8142 8143 8144
f 8145 8140 8146
f 8142 8147 8148
f 8149 8150 8151
f 8152 8153 8154
f 8155 8156 8039
f 8157 8158 8159
f 8160 8161 8046
f 8047 8162 8050
f 8163 8164 8165
f 8166 8167 8168
f 8056 8169 8170
f 8171 8172 8173
f 8059 8174 8175
f 8176 8177 8178
f 8068 8179 8180
f 8181 8070 8182
f 8183 8184 8185
f 8076 8186 8187
f 8188 8189 8190
f 8191 8192 8193
f 8194 8195 8196
f 8197 8198 8199
f 8200 8201 8202
f 8203 8204 8205
f 8206 8207 8208
f 8209 8206 8210
f 8211 8096 8209
f 8212 8213 8214
f 8215 8216 8217
f 8218 8219 8220
f 8221 8126 8222
f 8223 8224 8225
f 8226 8227 8228
f 8124 8229 8125
f 8230 8231 8232
f 8233 8234 8235
f 8236 8237 8238
f 8239 8240 8241
f 8242 8243 8244
f 8245 8246 8247
f 8248 8249 8250
f 8251 8252 8253
f 8254 8255 8256
f 1262 8257 8258
f 8259 8260 8261
f 8262 8263 8264
f 8265 8266 8267
f 8268 8269 8270
f 8271 8272 8273
f 8266 8274 8272
f 1305 8275 8276
f 1309 8277 8278
f 8279 8280 8281
f 8282 8283 8284
f 1316 8285 8286
f 8287 8288 8289
f 1321 8290 8291
f 8292 8293 8294
f 8295 8296 8297
f 8298 8299 8300
f 8301 8302 8303
f 1334 8304 8305
f 8306 8307 8308
f 8309 8310 8311
f 8312 8313 1338
f 8313 8314 8315
f 8316 8317 8318
f 7276 8319 7277
f 8320 8321 8322
f 8323 8324 8325
f 8326 8327 8328
f 8329 8330 8331
f 7290 8332 7291
f 8333 8334 7294
f 8335 8336 8337
f 8338 8339 8340
f 7297 8341 7298
f 7299 8342 7300
f 8343 7307 8344
f 8345 8346 8347
f 8348 8349 8350
f 8351 8352 8353
f 8354 8355 8356
f 7317 8357 8358
f 8359 8360 8361
f 7323 8362 8363
f 8364 8365 7325
f 8366 8367 8368
f 8369 8370 8371
f 8372 8373 8374
f 8375 8376 8377
f 8378 8379 8380
f 8381 8382 8383
f 8384 8385 8386
f 8387 8388 8389
f 8390 8391 8392
f 8393 8394 8395
f 8396 8397 8398
f 8399 8400 8401
f 8402 8403 7345
f 8404 8405 8406
f 7578 8407 8408
f 8409 8410 8411
f 8412 8413 8414
f 8415 8416 8417
f 8418 8419 8420
f 8421 7576 8422
f 8423 8424 8425
f 8426 8427 8428
f 8429 8430 8431
f 8432 8433 8434
f 8435 8436 7609
f 7610 8437 8438
f 8439 8440 8441
f 7619 8442 8443
f 8444 8445 8446
f 8447 8448 8449
f 8450 8451 8452
f 7621 8453 7624
f 8454 8455 8456
f 8457 8458 8459
f 8460 8461 8462
f 7633 8463 8464
f 8465 8466 8467
f 8468 8469 8470
f 8471 8472 8473
f 7646 8474 8475
f 8476 8477 8478
f 8479 8480 8481
f 8482 8483 8484
f 8485 8486 8487
f 8488 8489 8490
f 8491 8492 7663
f 8493 8494 8495
f 8496 8497 8498
f 8499 8500 8501
f 8502 8503 8504
f 8505 8506 8507
f 8508 8509 8510
f 8511 8512 8513
f 8514 8515 8516
f 8517 8518 8519
f 8520 8521 8522
f 8523 8524 8525
f 8526 8527 8528
f 8529 8530 8531
f 8532 8533 8534
f 8174 8535 8536
f 8537 8538 8539
f 8176 8540 8177
f 8541 8542 8543
f 8544 8545 8546
f 8547 8548 8549
f 8550 8551 8552
f 8553 8554 8555
f 8556 8557 8558
f 8559 8560 8561
f 8562 8563 8564
f 8565 8189 8566
f 8192 8567 8568
f 8569 8570 8571
f 8572 8573 8574
f 8575 8576 8205
f 8203 8577 8578
f 8579 8580 8581
f 8582 8583 8584
f 8585 8586 8587
f 8588 8589 8590
f 8591 8592 8593
f 8594 8595 8596
f 8597 8598 8599
f 8600 8601 8602
f 8603 8604 8605
f 8606 8607 8608
f 8606 8609 8594
f 8610 8611 8612
f 8613 8614 8615
f 8616 8617 8618
f 8619 8620 8621
f 8622 8623 8624
f 8241 8240 8625
f 8246 8626 8627
f 8628 8629 8630
f 8631 8632 8633
f 8632 8634 8635
f 8636 8637 8638
f 8639 8640 8641
f 8642 8639 8643
f 8644 8639 8642
f 8645 8646 8647
f 8648 8649 8650
f 8651 8652 8653
f 8654 8655 8656
f 8657 8658 8659
f 8660 8661 8662
f 8663 8664 8665
f 8666 8667 8668
f 8669 8670 8671
f 8670 8672 8673
f 8674 8675 8676
f 8677 8678 8679
f 8295 8680 8296
f 8681 8682 8683
f 8684 8685 8686
f 8303 8687 8688
f 8689 8690 8691
f 8692 8693 8694
f 8695 8696 8697
f 8698 8699 8700
f 8320 8701 8702
f 8703 8704 8705
f 8706 8707 8708
f 8709 8710 8711
f 8712 8713 8714
f 8715 8716 8717
f 8718 8719 8720
f 8721 8722 8723
f 8724 8725 8721
f 8726 8727 8728
f 8729 8730 8731
f 8732 8733 8734
f 8735 8736 8737
f 8738 8739 8349
f 8740 8741 8742
f 8356 8743 8744
f 8745 8746 8747
f 8748 8749 8750
f 8751 8752 8753
f 8754 8755 8756
f 8757 8758 8759
f 8760 8761 8762
f 8368 8367 8763
f 8764 8765 8766
f 8767 8768 8769
f 8371 8770 8771
f 8772 8773 8774
f 8374 8775 8776
f 8777 8778 8779
f 8780 8781 8782
f 8783 8784 8785
f 8383 8786 8787
f 8788 8789 8790
f 8791 8792 8793
f 8794 8795 8796
f 8797 8798 8799
f 8393 8800 8394
f 8801 8802 8803
f 8804 8805 8806
f 8807 8808 8809
f 8434 8810 8811
f 8812 8813 8814
f 8815 8816 8817
f 8818 8819 8820
f 8821 8822 8823
f 8824 8825 8826
f 8827 8828 8829
f 8830 8831 8832
f 8833 8834 8835
f 8451 8836 8837
f 8838 8839 8840
f 8455 8841 8842
f 8843 8844 8845
f 8846 8847 8458
f 8848 8849 8850
f 8462 8851 8852
f 8853 8854 8855
f 8856 8857 8858
f 8859 8860 8861
f 8862 8863 8864
f 8865 8866 8867
f 8471 8868 8472
f 8869 8870 8871
f 8872 8873 8874
f 8875 8876 8872
f 8877 8878 8879
f 8880 8881 8477
f 8882 8883 8884
f 8885 8886 8887
f 8888 8889 8890
f 8891 8892 8893
f 8894 8895 8896
f 8897 8898 8899
f 8900 8894 8901
f 8902 8903 8904
f 8905 8906 8907
f 8908 8909 8910
f 8911 8912 8913
f 8914 8915 8916
f 8917 8918 8919
f 8920 8921 8922
f 8923 8924 8925
f 8877 8879 8926
f 8927 8928 8929
f 8930 8931 8932
f 8933 8934 8935
f 8936 8937 8938
f 8939 8940 8941
f 8942 8943 8944
f 8945 8943 8942
f 8946 2611 2610
f 8947 8948 8949
f 8950 8951 8952
f 8953 8954 8955
f 8956 8957 8958
f 8907 8959 8960
f 8961 8962 8963
f 8964 8965 8966
f 8967 8968 8969
f 8970 8971 8972
f 8928 8973 8974
f 8928 8975 8929
f 8976 8977 8978
f 8979 8980 8981
f 8982 8983 8984
f 8985 8986 8987
f 2615 8988 8989
f 8990 8991 8992
f 8993 8994 8995
f 8996 8997 8998
f 8999 9000 9001
f 8837 9002 9003
f 9004 9005 9006
f 9007 9008 9009
f 9010 9011 8844
f 9012 9013 9014
f 9015 9016 9017
f 9018 9019 9020
f 9021 9022 9023
f 9024 9025 2628
f 9026 9027 9028
f 9029 9030 9031
f 9032 9033 9034
f 9035 9036 2637
f 9037 9038 9039
f 9040 9041 9042
f 9043 9044 9045
f 9046 9047 9048
f 9049 9050 9051
f 9052 9053 9054
f 9055 9056 9057
f 9058 9059 9060
f 9061 9062 9063
f 9064 9065 9066
f 9067 9066 9068
f 9067 9069 9066
f 9070 9071 9072
f 9073 9074 9075
f 9074 9076 9077
f 9078 9079 9080
f 9081 9080 9082
f 9083 9084 9085
f 9086 9087 9088
f 9089 9090 9091
f 9092 8678 9093
f 9094 9095 9096
f 9097 9098 9099
f 9100 9101 9102
f 9103 9104 9105
f 8700 9106 9107
f 8704 9108 8705
f 9109 9110 9111
f 8711 9112 9113
f 9114 9115 8714
f 9116 9117 9118
f 9119 9120 9121
f 9120 9122 9123
f 9124 9125 8726
f 9126 9127 9128
f 9129 9130 9131
f 9132 9133 9134
f 9135 9136 9137
f 9138 9139 8730
f 9140 9141 9142
f 9143 9144 8736
f 9145 9146 9147
f 9148 9149 9150
f 9151 9152 9153
f 9154 9155 9156
f 9157 9158 9159
f 8747 8746 9160
f 9161 9162 9163
f 9164 9165 9166
f 8752 9167 9168
f 9169 9170 8755
f 9171 9172 9173
f 9174 9175 9176
f 9177 9178 9179
f 8761 9180 8762
f 9181 9182 9183
f 9184 9185 9186
f 9187 9188 9184
f 9189 9190 9191
f 9192 9193 9194
f 9195 9196 9197
f 8497 9198 8498
f 9199 9200 9201
f 9202 9203 9204
f 9205 9206 9171
f 9207 9208 9209
f 9210 9211 9212
f 9213 9214 9210
f 9215 9216 8518
f 9217 9218 9219
f 9220 9221 9222
f 9223 9224 9225
f 9226 9227 9228
f 9227 9229 9230
f 9231 9232 9233
f 9234 9235 9236
f 8533 9237 9238
f 9239 9240 9241
f 9242 9243 9244
f 9245 9246 8538
f 9247 9248 9249
f 9250 9251 9252
f 9253 9254 9255
f 8956 9256 8957
f 8958 9257 9258
f 9259 9260 9261
f 9262 9263 9264
f 9265 9266 9267
f 9268 9269 9270
f 9271 9272 9273
f 9274 9275 8978
f 9276 9277 9278
f 9279 9280 9281
f 9282 9283 9284
f 9285 9286 9287
f 9288 9289 9290
f 9291 9292 9293
f 9294 9295 9296
f 9297 9298 9299
f 9300 9297 9301
f 9302 9303 9304
f 9305 9306 9307
f 9308 9309 9310
f 9030 9311 9312
f 9313 9314 9315
f 9316 9317 9318
f 9319 9320 9321
f 9045 9322 9048
f 9323 9324 9325
f 9326 9327 9328
f 9329 9330 9331
f 9332 9333 9334
f 9335 9336 9337
f 9338 9339 9340
f 9341 9342 9343
f 9344 9345 9346
f 9347 9348 9349
f 9350 9351 9352
f 9353 9354 9355
f 9084 9356 9357
f 9358 9359 9360
f 9361 9360 9362
f 9363 9364 9365
f 9366 9367 9368
f 9369 9370 9371
f 9372 9373 9374
f 9375 9376 9377
f 9378 9379 9380
f 9381 9382 9383
f 9384 9385 9386
f 9387 9388 9389
f 9390 9391 9392
f 9393 9394 9395
f 9396 9397 9398
f 9399 9400 9401
f 9117 9402 9118
f 9403 9404 9405
f 9406 9407 9408
f 9409 9410 9411
f 9412 9413 9414
f 9414 9415 9122
f 9416 9126 9417
f 9418 9419 9420
f 9421 9422 9423
f 9424 9425 9426
f 9427 9428 9429
f 9425 9428 9430
f 9431 9432 9433
f 9434 9435 9436
f 9437 9438 9439
f 9440 9141 9441
f 9442 9443 9444
f 9445 9446 9447
f 9448 9449 9450
f 9451 9452 9453
f 9454 9455 9456
f 9457 9458 9459
f 9460 9461 9462
f 9463 9464 9465
f 9466 9467 9468
f 9469 9470 9471
f 9472 9473 9474
f 9475 9476 9477
f 9478 9479 9480
f 9481 9482 9483
f 8592 9484 9485
f 9486 9487 9488
f 9489 9490 9246
f 9491 9492 9493
f 9494 9495 9496
f 9497 9498 9499
f 9500 9501 9502
f 9503 9504 9505
f 9506 9507 9508
f 9509 9510 9511
f 9512 9513 9514
f 9254 9515 9255
f 9516 9517 9518
f 9519 9520 9521
f 9522 9523 9524
f 9525 9526 9527
f 9270 9528 9529
f 9530 9531 9532
f 9533 9534 9535
f 9536 9537 9538
f 9539 9540 9541
f 9542 9543 9544
f 9545 9546 9547
f 9548 9549 9550
f 9551 9552 9553
f 9554 9555 9556
f 9320 9557 9558
f 9559 9560 9561
f 9562 9563 9564
f 9565 9566 9325
f 9326 9567 9327
f 9568 9569 9570
f 9571 9572 9573
f 9334 9574 9575
f 9576 9577 9578
f 9579 9580 9581
f 9342 9582 9343
f 9583 9584 9585
f 9586 9587 9588
f 9589 9590 9591
f 9592 9593 9594
f 9354 9595 9355
f 9596 9597 9598
f 9599 9600 9601
f 9602 9603 9604
f 9605 9606 9607
f 9608 9609 9610
f 9611 9612 9613
f 9614 9615 9616
f 9617 9618 9619
f 9620 9621 9622
f 9623 9620 9624
f 9625 9626 9627
f 9628 9629 9630
f 9631 9632 9633
f 9634 9635 9636
f 9637 9638 9407
f 9639 9640 9409
f 9641 9642 9643
f 9644 9645 9646
f 9647 9648 9649
f 9650 9651 9652
f 9653 9654 9655
f 9656 9657 9658
f 9659 9660 9661
f 9662 9663 9664
f 9665 9666 9663
f 9667 9664 9668
f 9669 9670 9671
f 9672 9673 9674
f 9675 9676 9677
f 9678 9679 9680
f 9435 9680 9436
f 9681 9682 9683
f 9684 9685 9443
f 9686 9687 9688
f 9689 9690 9445
f 9691 9446 9692
f 9693 9694 9695
f 9696 9697 9698
f 9699 9700 9701
f 9464 9702 9703
f 9703 9704 9705
f 9706 9707 9708
f 9470 9709 9710
f 9711 9712 9713
f 9714 9715 9716
f 9717 9718 9719
f 9720 9721 9722
f 9723 9724 9725
f 9726 9727 9728
f 9729 9730 9731
f 9732 9733 9734
f 9735 9736 9737
f 9738 9739 9740
f 9739 9741 9740
f 9497 9742 9498
f 9743 9744 9745
f 9746 9747 9748
f 9749 9750 9751
f 9507 9752 9753
f 9517 9754 9755
f 9756 9757 9758
f 9759 9760 9761
f 9762 9763 9764
f 9765 9766 9767
f 9768 9769 9770
f 9771 9772 9773
f 9570 9774 9775
f 9776 9531 9777
f 9563 9778 9564
f 9779 9780 9781
f 9573 9782 9783
f 9784 9785 9786
f 9787 9788 9789
f 9790 9791 9792
f 9793 9794 9795
f 9796 9797 9798
f 9799 9800 9801
f 9802 9803 9804
f 9593 9805 9806
f 9807 9808 9596
f 9809 9810 9811
f 9812 9813 9814
f 9815 9816 9817
f 9818 9819 9820
f 9612 9821 9822
f 9823 9824 9825
f 9826 9827 9828
f 9829 9830 9831
f 9832 9829 9833
f 9834 9835 9836
f 9837 9838 9839
f 9840 9841 9842
f 9841 9843 9842
f 9844 9845 9846
f 9847 9846 9848
f 9849 9850 9651
f 9851 9852 9853
f 9854 9855 9856
f 9857 9858 9859
f 9860 9861 9862
f 9863 9864 9865
f 9866 9867 9868
f 9869 9870 9871
f 9872 9666 9873
f 9874 9875 9876
f 9877 9878 9879
f 9880 9881 9882
f 9883 9884 9885
f 9673 9886 9887
f 9677 9888 9889
f 9890 9891 9892
f 9893 9894 9682
f 9895 9896 9897
f 9898 9899 9900
f 9901 9902 9903
f 9904 9694 9693
f 9905 9906 9907
f 9908 9909 9910
f 9911 9912 9700
f 9913 9914 9915
f 9916 9917 9918
f 9909 9919 9920
f 9921 9922 9923
f 9924 9925 9926
f 9927 9928 9929
f 9930 9931 9932
f 9933 9934 9935
f 9936 9937 9938
f 9939 9940 9941
f 9942 9943 9944
f 9945 9946 9947
f 9948 9949 9950
f 9852 9951 9952
f 9953 9954 9955
f 9956 9957 9958
f 9959 9960 9961
f 9865 9864 9962
f 9963 9964 9965
f 9867 9966 9967
f 9968 9969 9970
f 9970 9971 9972
f 9973 9974 9975
f 9976 9977 9978
f 9979 9980 9981
f 9982 9983 9984
f 9985 9986 9987
f 9988 9989 9990
f 9991 9992 9993
f 9889 9994 9995
f 9891 9996 9997
f 9998 9999 10000
f 10001 10002 10003
f 9899 10004 10005
f 10006 10007 9906
f 10008 10009 10010
f 10011 10012 10013
f 10014 10015 9923
f 10016 10017 9926
f 9924 10018 10019
f 10020 10021 10022
f 10023 10024 10025
f 10026 10027 10028
f 10029 10030 10031
f 10032 10033 10034
f 10035 10036 10037
f 10038 10039 10040
f 10041 10042 10043
f 10044 10045 10046
f 9965 9964 10047
f 10048 10049 10050
f 10051 10052 10053
f 9967 10054 10055
f 10056 9971 9970
f 10057 10058 10059
f 9973 9975 10060
f 10061 10062 10063
f 10064 10065 10066
f 10067 10068 10069
f 10070 10071 9980
f 10072 10073 10074
f 10075 10076 10077
f 10078 10079 10080
f 10081 10082 10083
f 10084 10085 10086
f 10087 10088 10089
f 10090 10091 10092
f 10093 10094 10095
f 10096 10097 10098
f 10099 10100 10101
f 10102 10009 10008
f 10103 10104 10105
f 10106 10107 10108
f 10109 10110 10111
f 10112 10113 10114
f 10115 10116 10117
f 10118 10119 10120
f 10121 10122 10123
f 10124 10125 10126
f 10127 10128 10129
f 10130 10131 10132
f 10133 10134 10135
f 10136 10137 10138
f 10139 10140 10141
f 10142 10143 10053
f 10144 10145 10146
f 10147 10148 10149
f 10150 10151 10152
f 10153 10154 10155
f 10156 10157 10158
f 10159 10160 10161
f 10162 10163 10164
f 10165 10166 10167
f 10168 10169 10170
f 10171 10172 10173
f 10174 10175 10176
f 10177 10178 10179
f 10070 10180 10181
f 10182 10183 10184
f 10185 10186 10187
f 10074 10188 10189
f 10190 10191 10192
f 10193 10194 10195
f 10196 10197 10198
f 10199 10200 10201
f 10202 10203 10204
f 10205 10206 10207
f 10208 10206 10209
f 10210 10211 10212
f 10213 10214 10215
f 10216 10217 10218
f 10219 10220 10221
f 10222 10223 10224
f 10225 10226 10227
f 10228 10229 10230
f 10231 10129 10128
f 10232 10233 10234
f 10235 10236 10237
f 10238 10239 10240
f 10241 10239 10242
f 10243 10244 10245
f 10246 10247 10248
f 10249 10250 10251
f 10150 10252 10151
f 10253 10254 10255
f 10156 10256 10257
f 10258 10259 10260
f 10261 10262 10263
f 10264 10265 10266
f 10267 10268 10269
f 10270 10271 10272
f 10273 10274 10275
f 10276 10277 10278
f 10279 10280 10175
f 10281 10282 10177
f 10283 10284 10285
f 10286 10287 10288
f 10289 10183 10290
f 10291 10292 10293
f 10294 10295 10296
f 10297 10298 10299
f 10300 10301 10302
f 10303 10304 10305
f 10306 10307 10308
f 10309 10310 10311
f 10218 10217 10312
f 10313 10314 10315
f 10316 10317 10318
f 10227 10319 10320
f 10321 10322 10323
f 10324 10325 10326
f 10238 10327 10328
f 10238 10329 10239
f 10330 10331 10332
f 10244 10333 10334
f 10335 10336 10337
f 10338 10339 10340
f 10340 10341 10342
f 10343 10344 10345
f 10346 10347 10348
f 10258 10349 10350
f 10351 10352 10353
f 10354 10355 10356
f 10268 10357 10358
f 10272 10269 10359
f 10360 10361 10362
f 10363 10364 10365
f 10366 10367 10368
f 10369 10370 10368
f 10371 10277 10276
f 10372 10373 10374
f 10375 10376 10377
f 10378 10379 10380
f 10381 10382 10383
f 10384 10385 10386
f 10387 10388 10389
f 10390 10391 10392
f 10393 10394 10395
f 10284 10396 10397
f 10398 10399 10400
f 10401 10402 10403
f 10404 10405 10406
f 10407 10408 10409
f 10410 10411 10412
f 10413 10414 10415
f 10416 10417 10418
f 10419 10420 10421
f 10422 10423 10424
f 10425 10426 10420
f 10427 10428 10429
f 10318 10430 10431
f 10432 10433 10434
f 10323 10322 10435
f 10436 10437 10438
f 10439 10436 10440
f 10441 10442 10443
f 10444 10445 10446
f 10447 10448 10449
f 10450 10451 10452
f 10439 10453 10436
f 10454 10455 10336
f 10339 10456 10457
f 10458 10459 10460
f 10461 10462 10463
f 10345 10344 10464
f 10348 10465 10466
f 10353 10467 10468
f 10355 10469 10470
f 10471 10472 10473
f 10474 10475 10476
f 10477 10478 10479
f 10361 10480 10481
f 10482 10483 10484
f 10485 10486 10487
f 10488 10489 10490
f 10491 10492 10493
f 10494 10495 10496
f 10497 10498 10499
f 10500 10501 10502
f 10503 10504 10505
f 10506 10507 10503
f 10508 10509 10510
f 10511 10512 10513
f 10514 10515 10516
f 10517 10518 10519
f 10520 10521 10522
f 9166 9165 10523
f 10524 10525 10526
f 10527 10528 10529
f 9171 9173 10530
f 10531 10532 10533
f 10534 10535 10536
f 10537 10538 10539
f 10540 10541 10542
f 10543 10544 9216
f 10545 10546 10547
f 10548 9219 10549
f 10550 10547 10551
f 8552 10552 10553
f 10554 10555 10556
f 10557 10558 10559
f 10560 10561 10562
f 9159 10563 10564
f 10565 10566 10567
f 10568 10569 10570
f 9163 9162 10571
f 9164 10572 9165
f 10573 10574 10575
f 10576 10577 10578
f 10579 10580 10581
f 10582 10583 10584
f 10585 10514 10517
f 10586 10587 10588
f 10589 10590 10591
f 10592 10593 10594
f 10595 10596 10376
f 10597 10598 10599
f 10378 10600 10601
f 10602 10603 10604
f 10605 10606 10607
f 10608 10609 10610
f 10611 10612 10613
f 10614 10615 10616
f 10617 10618 10619
f 10620 10621 10622
f 10623 10624 10625
f 10626 10627 10628
f 10629 10630 10611
f 10631 10632 10633
f 10634 10635 10636
f 10637 10638 10639
f 10640 10641 10642
f 10394 10643 10644
f 10645 10646 10399
f 10400 10647 10648
f 10649 10650 10651
f 10652 10653 10654
f 10406 10655 10656
f 10657 10658 10659
f 10660 10661 10662
f 10663 10664 10665
f 10424 10666 10667
f 10668 10669 10670
f 10671 10667 10672
f 10673 10674 10675
f 10676 10677 10678
f 10679 10680 10681
f 10437 10682 10683
f 10684 10685 10686
f 10687 10688 10689
f 10690 10687 10691
f 10692 10693 10694
f 10695 10696 10697
f 10698 10699 10692
f 10700 10701 10702
f 10703 10704 10705
f 10706 10707 10708
f 10709 10710 10711
f 10712 10713 10714
f 10715 10716 10717
f 10718 10715 10719
f 10720 10721 10722
f 10465 10723 10724
f 10466 10725 10726
f 10727 10728 10729
f 10730 10731 10732
f 10733 10734 10735
f 10736 10737 10738
f 10739 10740 10741
f 10479 10742 10743
f 10744 10745 10746
f 10747 10748 10483
f 10749 10750 7427
f 7429 10751 10752
f 10753 10754 10755
f 10756 10757 10758
f 10759 10760 10761
f 10762 10763 10764
f 10765 10766 10767
f 10768 10769 10770
f 10771 10772 10773
f 10774 10775 10776
f 10774 10777 10778
f 10779 10780 10781
f 10782 10783 10784
f 10785 10786 10787
f 10788 10789 10790
f 10791 10792 10793
f 10794 10795 10796
f 10797 10798 10799
f 10800 10801 10802
f 10803 10804 10805
f 10806 10807 10808
f 10809 10810 10811
f 10812 10813 10814
f 10815 10816 10817
f 10818 10819 10820
f 10821 10822 10823
f 10824 10825 10826
f 8778 10827 10828
f 10829 8781 8780
f 10830 10831 10832
f 10833 10834 10835
f 8786 10836 10837
f 10838 10839 10840
f 10841 10842 10843
f 10844 10845 10846
f 10847 10848 10849
f 8796 10850 10851
f 10852 10853 10854
f 10855 10856 8800
f 8803 8802 10857
f 10858 10859 10860
f 10861 10862 10863
f 10842 10864 10865
f 10866 10867 10868
f 10869 10870 10871
f 10845 10869 10872
f 10873 10874 10875
f 10876 10877 10878
f 10879 10880 10881
f 10882 10883 10884
f 10885 10886 10887
f 10888 10889 10890
f 10891 10892 10893
f 10894 10895 10896
f 10871 10897 10898
f 10899 10900 10901
f 10902 10903 10874
f 10904 10905 10878
f 10906 10907 10908
f 10905 10909 10910
f 10879 10911 10880
f 10912 10913 10914
f 10915 10916 10917
f 10918 10919 10920
f 10921 10922 10923
f 10924 10925 10926
f 10900 10927 10928
f 10929 10930 10931
f 10932 10933 10934
f 10935 10936 10937
f 10938 10939 10940
f 10941 10942 10943
f 10944 10942 10945
f 10946 10947 10948
f 10949 10917 10950
f 10951 10952 10953
f 10926 10954 10955
f 10956 10957 10958
f 10959 10960 10961
f 10962 10963 10964
f 10965 10966 10959
f 10967 10968 10969
f 10970 10971 10972
f 10973 10974 10975
f 10975 10976 10977
f 10978 10979 10980
f 10981 10982 10983
f 10984 10985 10819
f 10986 10987 10988
f 10989 10990 10991
f 10992 10993 10994
f 10995 10996 10997
f 10831 10998 8813
f 10999 11000 11001
f 11002 8849 11003
f 11004 11005 11006
f 11007 11008 11009
f 11010 11011 11012
f 11013 11014 11015
f 11016 11017 11018
f 11019 11020 10824
f 11013 11021 11022
f 11023 11024 11025
f 11026 8855 11024
f 11027 11028 10815
f 11029 11030 11031
f 11032 11033 11034
f 11035 11036 11037
f 11038 11036 11039
f 11040 11041 11042
f 11043 11044 11045
f 11046 11047 11048
f 11049 11050 11051
f 11052 11053 11054
f 11055 11056 11057
f 11058 11059 11060
f 11061 11062 11063
f 11064 11065 11066
f 11067 11068 11069
f 11070 11071 11072
f 11073 11074 11075
f 11076 11077 11078
f 11079 11080 10525
f 11080 10528 10527
f 11081 11082 11083
f 11084 11085 11086
f 11087 11088 11089
f 11090 11091 11092
f 11093 11094 11095
f 10539 11096 10537
f 11097 11098 11099
f 11100 11101 11102
f 10551 11103 11104
f 11105 11106 11107
f 11108 11109 11110
f 11111 11112 11113
f 11114 11115 11116
f 11117 11118 11119
f 11120 11121 11122
f 10565 11123 11124
f 11125 11126 11127
f 11128 11129 11130
f 11131 10562 11132
f 11133 11134 11135
f 11136 11137 11138
f 11139 11140 10632
f 11141 11142 11143
f 11144 11145 11146
f 11147 11148 11149
f 11150 11151 11152
f 11153 11154 11155
f 11156 11157 11158
f 11159 11160 11161
f 11162 11163 11164
f 11165 11153 11166
f 10650 11167 11168
f 11169 11170 11171
f 11172 11173 11174
f 11175 11176 11177
f 10732 11177 11178
f 10730 11179 10733
f 11180 11181 11182
f 11183 11184 11185
f 11186 11187 11188
f 10740 11189 11190
f 11191 11192 11193
f 11194 11195 11196
f 11197 11198 11199
f 11200 11201 11202
f 11203 11204 11205
f 11206 11207 11208
f 11209 11210 11211
f 10753 11212 11213
f 11214 11215 11216
f 10757 11217 11218
f 11218 11219 11220
f 10759 11221 10760
f 11222 10763 10762
f 11223 11224 11225
f 11226 11227 11228
f 11229 11230 11231
f 11232 11233 11234
f 11235 11236 11237
f 11238 11239 11240
f 11241 11242 11243
f 11244 11245 11242
f 11246 11247 11248
f 11249 11250 11251
f 11252 11253 11254
f 10947 11255 11256
f 11257 11258 11255
f 11259 11260 11232
f 11261 11262 11263
f 11264 11265 11266
f 11267 11268 11269
f 11270 11266 11271
f 11272 11273 10945
f 11271 11261 11274
f 10971 11275 11276
f 11277 11278 11279
f 11280 11281 11282
f 11283 11284 11285
f 11286 11287 10987
f 11288 11289 11290
f 11291 11292 11293
f 11294 11295 11296
f 11297 11298 11299
f 11300 11301 11302
f 11012 11303 11304
f 11305 11306 11307
f 11308 11309 11310
f 11029 11311 11030
f 11312 11313 11314
f 11315 11316 11313
f 11317 11318 11319
f 11320 11321 11322
f 11323 11324 11325
f 11044 11326 11327
f 11328 11329 11330
f 11331 11329 11328
f 11332 11333 11334
f 11335 11336 11337
f 11338 11339 11340
f 11341 11342 11343
f 11344 11345 11346
f 11347 11348 11349
f 11350 11351 11352
f 11351 11353 11354
f 11355 11356 11357
f 11358 11359 11360
f 11361 11362 11363
f 11364 11365 11366
f 11367 11368 11369
f 11370 11371 11372
f 11373 11374 11375
f 11376 11377 11378
f 11379 11380 11381
f 11382 11383 11384
f 11385 11386 11387
f 11388 11389 11390
f 11391 11392 11393
f 11394 11395 11396
f 11397 11398 11399
f 11400 11401 11402
f 11402 11403 11404
f 11056 11403 11405
f 11406 11407 11408
f 11409 11410 11411
f 11412 11413 11414
f 11415 11416 11417
f 11418 11419 11420
f 11072 11071 11421
f 11422 11423 11424
f 11425 11426 11427
f 11428 11429 11430
f 11085 11431 11432
f 11433 11434 11435
f 11094 11434 11436
f 11102 11101 11437
f 11438 11439 11440
f 11441 11442 11443
f 11444 11445 11446
f 11447 11448 11449
f 11450 11451 11452
f 11453 11454 11455
f 11456 11457 11458
f 11459 11460 11461
f 11462 11463 11464
f 11465 11151 11466
f 11157 11467 11468
f 11469 11470 11471
f 11472 11473 11474
f 11475 11476 11477
f 11478 11479 11480
f 11481 11180 11482
f 11483 11484 11485
f 11486 11487 11488
f 11489 11490 11491
f 11183 11492 11493
f 11494 11495 11496
f 11497 11498 11499
f 11500 11501 11502
f 11503 11504 11505
f 11506 11507 11508
f 11509 11510 11511
f 11512 11513 11514
f 11515 11516 11203
f 11204 11517 11518
f 11206 11519 11520
f 11208 11207 11521
f 11522 11523 11524
f 11525 11526 11527
f 11528 11529 11212
f 11530 11531 11532
f 11216 11532 11533
f 11534 11535 11536
f 11537 11538 11539
f 11540 11541 11542
f 11219 11540 11543
f 11544 11545 11546
f 11547 11548 11549
f 11550 11551 11552
f 11553 11554 11555
f 11556 11557 11558
f 11559 11560 11561
f 11562 11563 11564
f 11565 11566 11567
f 11568 11569 11570
f 11571 11572 11573
f 11574 11575 11576
f 11577 11578 11579
f 11550 11580 11581
f 11582 11583 11584
f 11585 11586 11587
f 11588 11589 11566
f 11590 11591 11592
f 11593 11594 11595
f 11571 11596 11597
f 11598 11599 11600
f 11601 11602 11603
f 11604 11605 11606
f 11607 11608 11609
f 11588 11610 11611
f 11607 11609 11612
f 11613 11614 11615
f 11616 11617 11596
f 11618 11619 11620
f 11621 11622 11623
f 11624 11625 11626
f 11627 11628 11629
f 11608 11630 11631
f 11632 11633 11634
f 11635 11636 11637
f 11638 11639 11640
f 11641 11642 11643
f 11644 11645 11646
f 11647 11646 11648
f 11649 11650 11651
f 11652 11653 11654
f 11655 11656 11657
f 11658 11659 11660
f 11661 11662 11663
f 11664 11665 11666
f 11663 11662 11667
f 11668 11669 11670
f 11671 11672 11673
f 11674 11675 11676
f 11677 11678 11278
f 11679 11680 11681
f 11682 11683 11684
f 11685 11686 11687
f 11688 11689 11690
f 11289 11691 11292
f 11692 11693 11694
f 11695 11696 11697
f 11698 11699 11700
f 11701 11702 11703
f 11704 11705 11706
f 11707 11315 11312
f 11708 11709 11710
f 11711 11712 11713
f 11714 11715 11716
f 11717 11718 11719
f 11720 11721 11722
f 11723 11724 11725
f 11333 11726 11727
f 11728 11729 11730
f 11731 11732 11733
f 11734 11735 11736
f 11737 11738 11739
f 11363 11740 11741
f 11742 11743 11744
f 11369 11368 11745
f 11746 11747 11748
f 11749 11750 11751
f 11752 11753 11754
f 11755 11756 11757
f 11758 11759 11760
f 11761 11762 11763
f 11764 11765 11766
f 11767 11768 11769
f 11770 11771 11772
f 11773 11408 11774
f 11775 11776 11777
f 11778 11779 11780
f 11419 11781 11427
f 11782 11783 11784
f 11785 11786 11787
f 11788 11789 11790
f 11791 11792 11793
f 11794 11795 11796
f 11797 11798 11799
f 10620 11800 10621
f 11801 11802 11803
f 10584 11804 11805
f 11806 11807 11808
f 11809 11810 11811
f 11812 11813 11814
f 11814 11815 10596
f 10605 10607 11816
f 11817 11818 11819
f 11820 11821 11822
f 11823 11824 11825
f 11826 11827 11828
f 11829 11830 11831
f 11832 11833 11834
f 11835 11836 11837
f 11454 11838 11839
f 11840 11841 11457
f 11842 11843 11844
f 11845 11846 11847
f 11848 11849 11850
f 11851 11852 11845
f 11853 11854 11855
f 11856 11857 11858
f 11859 11860 11861
f 11862 11857 11856
f 11863 11864 11865
f 11866 11867 11868
f 11869 11870 11871
f 11872 11873 11874
f 11875 11876 11877
f 11878 11879 11880
f 11474 11881 11882
f 11883 11884 11885
f 11479 11886 11887
f 11888 11889 11890
f 11891 11892 11893
f 11894 11895 11896
f 11498 11897 11898
f 11899 11900 11901
f 11902 11903 11904
f 11905 11906 11907
f 11908 11909 11910
f 11514 11911 11912
f 11913 11914 11516
f 11915 11916 11917
f 11517 11918 11919
f 11920 11921 11922
f 11923 11924 11925
f 11926 11927 11928
f 11929 11930 11931
f 11932 11933 11934
f 11526 11935 11936
f 11937 11938 11939
f 11940 11941 11942
f 11943 11944 11531
f 11945 11946 11947
f 11948 11949 11950
f 11951 11952 11953
f 11954 11955 11956
f 11957 11958 11959
f 11960 11961 11962
f 11963 11964 11965
f 11690 11689 11963
f 11698 11966 11699
f 11702 11967 11968
f 11969 11970 11971
f 11710 11972 11973
f 11974 11975 11976
f 11713 11977 11978
f 11979 11980 11981
f 11928 11924 11982
f 11931 11983 11984
f 11985 11986 11987
f 11988 11989 11990
f 11991 11992 11993
f 11994 11995 11996
f 11941 11997 11998
f 11999 12000 12001
f 11945 11947 12002
f 12003 12004 12005
f 12006 12007 11975
f 12008 12009 12010
f 12011 12012 12013
f 12014 12015 12016
f 12017 12018 12019
f 12020 12021 12022
f 12023 11956 12024
f 12025 12026 12027
f 12028 12029 12030
f 11987 12031 12032
f 11989 12033 12034
f 11993 12035 11995
f 12036 12037 12038
f 12000 12039 12040
f 12041 12042 12043
f 12044 12045 12046
f 12047 12048 12049
f 12050 12051 12052
f 12053 12054 12055
f 12056 12057 12058
f 12042 12059 12060
f 12061 12062 12063
f 12064 12065 12066
f 12067 12068 12069
f 12070 12071 12072
f 12073 12074 12075
f 12076 12077 11735
f 11738 12078 12079
f 12080 12081 12082
f 12083 12084 12085
f 11748 12086 12087
f 11753 12088 11754
f 12089 12090 11759
f 12091 12092 12093
f 12092 12094 12095
f 12096 12097 12098
f 12099 12100 12101
f 12102 12103 12104
f 12105 12106 12107
f 12108 12109 12110
f 12111 12112 12113
f 12114 12115 12116
f 12117 12118 12119
f 12120 12121 12122
f 12123 12124 12125
f 12126 12127 12128
f 12129 12130 12131
f 12132 12133 11826
f 12134 12135 11833
f 12136 12137 12138
f 12139 12140 12141
f 12142 12143 12144
f 12145 12146 12147
f 12148 12149 12150
f 12151 12152 12153
f 12154 12155 12156
f 11851 12157 12158
f 12159 12160 12161
f 12162 12163 12164
f 12164 12165 12166
f 12167 11870 12168
f 12169 12170 12171
f 12172 12173 12174
f 12175 12176 12177
f 12178 12179 12180
f 12181 12182 12183
f 12184 12185 12186
f 12187 12188 12189
f 12190 12191 12192
f 12193 12194 12195
f 12196 12197 12198
f 12199 12200 12201
f 12202 12203 12175
f 12204 11885 12205
f 12206 12207 12208
f 11891 12209 12210
f 11892 12211 12212
f 12213 12214 12215
f 12216 12217 12218
f 12219 12220 12221
f 12222 12223 12224
f 12225 12226 12227
f 11904 12225 12228
f 12229 12230 11910
f 11910 12231 11908
f 12232 12233 12234
f 12235 12236 12237
f 11915 12238 12239
f 12240 12238 12241
f 12242 12243 12244
f 12245 12071 12246
f 12247 12248 12249
f 12250 12251 12252
f 12253 12254 12255
f 12081 12256 12257
f 12258 12085 12259
f 12260 12261 12262
f 12263 12264 12265
f 12266 12267 12268
f 12269 12270 12271
f 12272 12273 12274
f 12275 12276 12277
f 12278 12279 12280
f 12281 12282 12283
f 12284 12113 12285
f 12286 12287 12288
f 12115 12289 12116
f 12290 12291 12292
f 12293 12294 12295
f 12296 12297 12298
f 12299 12300 12301
f 12169 12302 12170
f 12303 12304 12305
f 12306 12307 12308
f 12306 12308 12309
f 12182 12310 12311
f 12312 12313 12314
f 12315 12316 12317
f 12318 12319 12320
f 12321 12322 12323
f 12324 12325 12326
f 12327 12328 12329
f 12330 12331 12332
f 12333 12334 12335
f 12336 12333 12337
f 12338 12339 12340
f 12341 12342 12343
f 12344 12345 12227
f 12346 12347 12348
f 12349 12350 12351
f 12352 12353 12354
f 12355 12356 12357
f 12358 12359 12360
f 12361 12362 12363
f 12364 12365 12366
f 12367 12368 12273
f 12369 12370 12270
f 12371 12249 12372
f 12373 12374 12279
f 12375 12376 12377
f 12378 12379 12380
f 12381 12382 12214
f 12383 12384 12385
f 12345 12386 12387
f 12388 12389 12390
f 12391 12392 12393
f 12356 12394 12395
f 12396 12397 12398
f 12399 12400 12401
f 12402 12403 12404
f 12405 12406 12407
f 12408 12409 12410
f 12391 12411 12412
f 12413 12414 12415
f 12416 12399 12417
f 12355 12353 12356
f 12418 12331 12330
f 12418 12419 12420
f 12308 12421 12309
f 12422 12423 12424
f 12425 12426 12427
f 12428 12429 12430
f 12431 12432 12433
f 12434 12435 12432
f 12313 12436 12314
f 12319 12437 12438
f 12439 12440 12441
f 12324 12442 12325
f 12443 12444 12445
f 12446 12447 12448
f 12449 12450 12451
f 12429 12452 12453
f 12454 12455 12456
f 12457 12458 12459
f 12460 12461 12462
f 12438 12463 12464
f 12465 12466 12467
f 12468 12469 12470
f 12471 12472 12473
f 12447 12474 12448
f 12475 12476 12477
f 12478 12479 12480
f 12481 12456 12482
f 12483 12484 12485
f 12486 12487 12488
f 12489 12490 12491
f 12492 12493 12494
f 12495 12496 12466
f 12497 12498 12499
f 12500 12501 12502
f 12503 12504 12505
f 12506 12507 12508
f 12509 12510 12511
f 12512 12513 12514
f 12515 12516 12517
f 12518 12519 12520
f 12521 12522 12523
f 12524 12525 12526
f 12527 12528 12529
f 12530 12531 12504
f 12532 12533 12534
f 12535 12514 12536
f 12512 12537 12538
f 12539 12540 12541
f 12542 12541 12543
f 12544 12545 12546
f 12522 12547 12548
f 12549 12550 12551
f 12552 12553 12554
f 12555 12556 12533
f 12557 12558 12559
f 12560 12561 12562
f 12563 12561 12560
f 12561 12564 12562
f 12538 12558 12565
f 12543 12566 12567
f 12546 12568 12569
f 12570 12571 12572
f 12573 12574 12575
f 12576 12577 12578
f 12579 12580 12581
f 12582 12583 12581
f 12584 12585 12586
f 12587 12588 12589
f 12590 12591 12576
f 12592 12593 12588
f 12594 12550 12549
f 12595 12596 12511
f 12597 12598 12599
f 12112 12283 12600
f 12601 12602 12264
f 12603 12604 12605
f 12606 12607 12608
f 12609 12606 12610
f 12131 12611 12612
f 12142 12613 12614
f 11803 12615 12616
f 12617 11791 11793
f 11753 12618 12088
f 12619 12620 12621
f 12622 11779 12623
f 12624 12625 12626
f 11685 11687 12627
f 12628 11557 11556
f 11446 12629 11451
f 11379 12630 12631
f 12632 12633 11376
f 10982 11282 12634
f 11170 12635 10653
f 10658 12636 12637
f 12638 12639 12640
f 12641 12642 12643
f 12644 12645 12646
f 12647 12648 12649
f 12650 12651 12652
f 12653 12654 12655
f 12656 12657 12658
f 12659 12660 12661
f 12662 12663 12664
f 12665 12666 12667
f 12668 12669 12670
f 12671 12672 12673
f 12674 12675 12676
f 12677 12678 12679
f 12680 12681 12682
f 10688 12683 10689
f 12684 12685 12686
f 12687 10697 12688
f 12689 10697 12687
f 12690 12691 12692
f 12693 12694 12695
f 12696 12697 12698
f 12699 12700 12701
f 12702 12703 12704
f 12705 12706 12707
f 12708 12647 12709
f 12710 12648 12711
f 12712 12650 12713
f 12714 12715 12716
f 12670 12717 12668
f 12718 12719 12720
f 12721 12722 12723
f 12724 12725 12726
f 12727 12728 12729
f 12730 12731 12732
f 12733 12734 12735
f 12736 12737 12738
f 12739 12740 12698
f 12740 12741 12742
f 12743 12744 12745
f 12744 12746 12745
f 12747 12748 12749
f 12750 12751 12752
f 12753 12754 12755
f 12756 12757 12758
f 12759 12760 12761
f 12762 12763 12764
f 12726 12765 12766
f 12767 12768 12769
f 12770 12771 12772
f 12773 12774 12775
f 12775 12776 12777
f 12778 12779 12780
f 12781 12782 12783
f 12784 12785 12786
f 12751 12787 12788
f 12789 12790 12782
f 12791 12792 12793
f 12794 12795 12758
f 12796 12797 12798
f 12799 12800 12801
f 12802 12803 12804
f 12805 12806 12807
f 12778 12808 12779
f 12809 12810 12811
f 12812 12813 12814
f 12815 12676 12816
f 10686 12817 12818
f 12819 12820 12821
f 12822 10677 12823
f 12824 12825 10681
f 10519 11074 12826
f 12827 12828 12829
f 12830 12831 12832
f 12833 12834 10973
f 10893 10892 12835
f 8807 8809 12836
f 10785 10787 12837
f 12838 12839 10779
f 12840 12841 12842
f 12843 12844 12845
f 12846 12847 12848
f 12849 12850 12851
f 12852 12853 12854
f 12855 12856 12857
f 12858 12859 12860
f 12861 12862 12863
f 12864 12865 7465
f 12863 12866 12867
f 12868 12869 12870
f 12871 12872 12873
f 12874 12875 12876
f 12877 12878 12879
f 12880 12881 12882
f 12883 12884 12840
f 12885 12880 12886
f 12887 12879 12888
f 12844 12889 12890
f 12891 12892 12893
f 12894 12895 12896
f 12853 12897 12854
f 12898 12899 12900
f 12901 12902 12897
f 12903 12904 12895
f 12905 12876 12906
f 12907 12908 10690
f 10580 12909 12910
f 12911 12912 12913
f 12914 12915 12916
f 12917 12918 12914
f 12917 12914 12912
f 10427 12919 10428
f 12920 10230 12921
f 10291 10293 10298
f 12922 12923 12924
f 12925 12926 10222
f 12927 12928 10167
f 10118 12929 10119
f 12930 10112 12931
f 12932 12933 12934
f 12932 12935 12936
f 10088 10093 12937
f 12938 12939 9960
f 12940 12941 12942
f 12943 12944 12945
f 9950 12946 12947
f 12948 12949 10036
f 9944 12950 12951
f 9949 12952 12953
f 9941 12954 12955
f 12956 12957 12958
f 12959 12960 12961
f 12962 12963 12964
f 12965 12966 12967
f 12968 12969 12970
f 9845 12971 12972
f 12973 12974 12975
f 12976 12977 9942
f 12978 12979 12980
f 12981 12982 12983
f 12984 12985 12986
f 12987 12988 12989
f 12990 12991 12977
f 12992 12993 12994
f 12995 12996 12997
f 12998 12999 13000
f 13001 13002 13003
f 13004 13005 13006
f 13007 13008 13009
f 13010 13011 13008
f 13012 13013 13014
f 13015 13016 13017
f 13018 13019 13020
f 13021 13022 9930
f 13023 13024 13025
f 9916 13026 13027
f 13028 13029 13030
f 13031 13032 13033
f 9707 13034 13035
f 13036 13037 13038
f 13039 9717 13040
f 13036 13041 13042
f 13043 13044 13045
f 13046 13047 13048
f 13049 13050 13051
f 13052 13053 13054
f 13025 13055 13056
f 13057 13058 13059
f 13060 13061 13062
f 13063 13027 13064
f 13065 13066 13067
f 13047 13068 13048
f 13069 13070 13061
f 13071 13072 13073
f 13074 13075 13076
f 9831 13077 13078
f 13079 13080 13081
f 13082 13083 13084
f 13085 13086 13087
f 13088 13089 13090
f 13091 13088 13092
f 9826 13093 13094
f 13095 13096 13097
f 13098 13099 13100
f 13100 13099 13101
f 13102 13103 13104
f 13105 13106 13107
f 13108 13109 13110
f 13107 13111 13112
f 13113 13114 13044
f 13115 13116 13117
f 13118 13119 9718
f 13120 13121 13122
f 13123 13124 13125
f 13126 13127 13128
f 13129 13130 13131
f 13132 13133 13134
f 13135 13136 13137
f 13138 13133 13139
f 13140 13141 9726
f 13142 13143 13144
f 13145 13146 13147
f 13148 13149 13150
f 13151 13152 13153
f 13154 9744 9743
f 13155 13156 13157
f 13158 13159 13160
f 13161 13162 13163
f 13164 13165 13166
f 13167 13168 13169
f 13170 13171 13172
f 13173 13174 13175
f 13176 13177 13135
f 13147 13178 13179
f 13180 13181 13182
f 13183 13182 13184
f 13159 13185 13160
f 13162 13186 13163
f 13187 13188 13189
f 13190 13191 13192
f 13174 13193 13194
f 13195 13196 13197
f 13181 13198 13199
f 13200 13201 13202
f 13203 13204 13205
f 13202 13206 13207
f 13208 13209 13210
f 13211 13212 13213
f 13214 13215 13216
f 9797 13217 13218
f 13219 13220 9802
f 9804 13221 13222
f 9806 13223 13224
f 13225 13226 13227
f 13228 9810 13229
f 13230 13231 13109
f 13232 13233 13110
f 13234 13235 13236
f 13124 13121 13237
f 13238 13239 13240
f 13241 13242 13131
f 13243 13244 13245
f 13246 13247 13248
f 13249 13250 13251
f 13252 13253 13254
f 13226 13255 13256
f 13257 13258 13259
f 13260 13253 13261
f 13262 13261 13263
f 13115 13233 13264
f 13265 13266 13267
f 13268 13269 9825
f 13270 13271 13272
f 13273 13274 13275
f 13276 13277 13278
f 13279 13280 9917
f 13281 13282 13283
f 13284 13285 13286
f 13287 13288 12985
f 13289 13290 13291
f 13292 13293 13294
f 13295 13296 9838
f 9835 13297 9836
f 13298 13299 9631
f 13300 13301 9832
f 13302 13303 13304
f 13305 13306 13307
f 13308 13309 13298
f 13310 13311 13312
f 13313 13314 13315
f 13316 13317 13318
f 13319 13300 13320
f 9578 13321 13322
f 13323 13324 13325
f 13326 13327 13328
f 13329 13330 13331
f 9394 13332 9625
f 9391 13333 13334
f 13335 13336 13337
f 13338 13339 13340
f 13341 13342 13343
f 9383 13344 13341
f 13345 9617 13346
f 9376 13347 13348
f 13349 13350 13351
f 9372 13352 9373
f 13352 9370 13353
f 13354 9602 13355
f 9546 13356 13357
f 9385 9378 9380
f 13358 13359 13360
f 9358 13361 9359
f 9060 13362 9062
f 13363 13364 13365
f 13366 9050 9323
f 13367 13368 13369
f 13370 13371 13372
f 13373 8520 9220
f 13374 13375 13376
f 13377 13378 9195
f 13379 13380 13381
f 13382 13383 8690
f 13384 13385 13386
f 8674 8676 9089
f 13387 13388 13389
f 13390 13387 13389
f 13391 13392 13393
f 2581 13394 13395
f 13396 13397 13398
f 8596 13399 8954
f 13400 13401 8933
f 8480 8478 8882
f 13402 13403 8873
f 8473 13404 13405
f 8770 13406 13407
f 13408 8404 13409
f 13410 13411 13412
f 13413 13414 13415
f 13416 8611 8610
f 13417 13418 13419
f 13420 13421 13422
f 13423 8616 8619
f 13424 13425 13426
f 13427 13428 13429
f 8582 8584 8585
f 13430 13431 8579
f 13432 13433 13434
f 13435 7646 7645
f 1336 13436 13437
f 13438 13439 13440
f 13441 13442 13443
f 13444 13445 13446
f 13447 13448 13449
f 8251 13450 8252
f 13451 13452 8152
f 8098 13453 13454
f 13455 13456 13457
f 8153 13458 7685
f 8000 13459 8099
f 13460 13461 13462
f 13463 13464 13465
f 13466 13467 13468
f 13469 13470 7244
f 13471 13472 13473
f 7116 13474 13475
f 13476 13477 13478
f 13479 13480 13481
f 13482 13483 13484
f 13485 13486 7551
f 13487 13488 13489
f 13490 13491 13492
f 13493 13494 13495
f 13496 13493 13497
f 13498 13499 13500
f 6964 6966 13501
f 13502 13503 13504
f 13505 13506 13507
f 13508 13509 13510
f 13511 13512 13513
f 13514 13515 13516
f 13517 13518 13519
f 13520 13521 13522
f 13523 13524 13525
f 13526 13527 13528
f 13529 13530 13531
f 13532 13533 13521
f 13534 13535 13536
f 13535 13537 13538
f 13539 13540 13541
f 13542 13543 13544
f 13545 13546 13547
f 13548 13545 13547
f 13510 13549 13550
f 13551 13500 13552
f 13498 13500 13553
f 13554 13555 13556
f 13557 13558 13559
f 13560 7479 7478
f 13561 13562 13563
f 6861 7404 6862
f 13564 13565 13566
f 6980 13567 6983
f 6844 6854 13568
f 4669 13569 13570
f 4645 13571 5113
f 13572 13573 13574
f 13575 13576 13577
f 13578 13572 13574
f 13579 13580 13581
f 13580 13582 13583
f 13584 5043 5042
f 3655 13585 5031
f 13586 13587 13588
f 4770 4769 4762
f 13589 13590 13591
f 13592 13593 13594
f 13595 4466 4685
f 13596 13597 4511
f 13598 13599 4508
f 13600 13601 13602
f 13603 13599 13598
f 13604 13605 13606
f 4119 13607 13608
f 13609 13610 13611
f 13612 13613 13614
f 13615 13616 13617
f 4017 4015 13618
f 13619 13620 13621
f 13622 13623 13624
f 4039 13625 13626
f 13627 13628 13629
f 13630 13631 13632
f 13633 13634 13635
f 13636 13637 13638
f 13639 13640 13641
f 13642 13643 4119
f 13644 13645 13646
f 13647 13648 13649
f 13650 13651 13652
f 13653 13654 13655
f 13656 13657 13658
f 13620 13657 13656
f 13659 13660 13661
f 13662 13663 13664
f 13632 13665 13634
f 13666 13667 13668
f 13669 13670 13671
f 13672 13673 13674
f 4232 13675 13676
f 4399 4458 4460
f 13677 4340 4341
f 4313 4315 13678
f 13679 13680 4314
f 13681 13682 13683
f 4223 4220 13684
f 13685 13686 13687
f 13688 13689 13690
f 13691 13692 13693
f 13694 13695 13696
f 13697 13698 13699
f 13700 13701 13702
f 13703 13704 13705
f 13706 13707 13708
f 13709 13710 13711
f 13712 13713 13714
f 13715 13716 13717
f 13718 13719 13720
f 3873 13721 13722
f 13723 13724 13725
f 13726 13727 13728
f 13729 13730 3881
f 13731 13732 13733
f 13734 13735 13736
f 13737 13738 13739
f 13740 13741 13742
f 13743 13744 13709
f 13745 13746 13747
f 13748 13749 13750
f 13751 13752 13753
f 13754 13755 13756
f 13757 13758 13759
f 13760 13761 13762
f 13763 13764 13765
f 13766 13767 13768
f 3022 3021 13769
f 3025 13770 13771
f 13772 13773 13774
f 13775 13776 13777
f 13777 13778 13779
f 13780 13781 13782
f 13783 13784 13780
f 13785 13786 13787
f 13788 13789 13783
f 13790 13791 3225
f 13792 13793 13794
f 13795 13796 13797
f 13798 13799 13800
f 13801 13802 13790
f 13803 13804 13805
f 13806 13807 13808
f 13809 13810 13811
f 13812 13813 13814
f 13815 13816 13817
f 13818 13819 13820
f 13821 13822 13823
f 13824 13825 13738
f 13826 13735 13734
f 13827 13828 13829
f 13830 13831 13741
f 13832 13833 13834
f 13812 13835 13836
f 13747 13837 13838
f 13839 13840 13841
f 13842 13843 13844
f 13845 13846 13847
f 13848 13849 13850
f 13851 13852 13853
f 13854 13855 13856
f 13769 13857 13858
f 13859 13860 13861
f 3030 13862 13863
f 13864 13865 13866
f 13867 13868 13869
f 13870 3055 13871
f 13872 13873 13874
f 13875 13715 13748
f 13704 13707 13706
f 3878 13876 3745
f 13877 13878 13879
f 13880 3752 13881
f 13882 13883 3462
f 13884 13885 13886
f 3457 3675 13887
f 13888 3629 13889
f 3573 3575 13890
f 13891 3358 13892
f 13893 13894 13895
f 13896 13897 13898
f 13899 13900 3533
f 3352 13901 13902
f 13903 3319 13904
f 13905 13906 13907
f 13908 13909 13910
f 3238 13911 3343
f 13911 13912 13913
f 13914 13915 13916
f 13917 3321 3323
f 13918 3270 3269
f 13919 13920 13921
f 13922 3264 13923
f 13924 13925 3261
f 13926 13927 13928
f 13929 13930 13931
f 13932 13933 13934
f 13935 13936 13937
f 13938 13939 13940
f 13941 13942 13943
f 13944 13945 13946
f 13947 13948 13949
f 13950 13951 13952
f 13953 13954 13955
f 13956 13957 13958
f 13959 13960 13961
f 13962 13963 3074
f 13964 13965 13966
f 13967 13968 13969
f 13970 13971 13972
f 13933 13973 13974
f 13975 13976 13971
f 13977 13978 13979
f 13980 13981 3150
f 13982 13983 13975
f 13984 13985 13986
f 13987 13988 13989
f 13990 13991 13992
f 13991 13993 13992
f 13994 13995 13996
f 13997 13998 13999
f 14000 14001 14002
f 14003 14004 14005
f 14006 14007 14008
f 14009 14010 14011
f 14012 14013 13984
f 14014 3167 3175
f 14015 14016 3161
f 14017 2902 2904
f 2834 14018 2835
f 14019 14020 14021
f 14022 14023 14024
f 14025 14026 14027
f 14028 14029 14030
f 14031 14032 14033
f 14032 14034 3000
f 2687 14035 14036
f 14037 14038 2894
f 14039 14040 2884
f 14041 2061 14042
f 14043 14044 14045
f 14046 14047 14048
f 14049 14050 2823
f 14051 14044 14043
f 2954 2751 14052
f 14053 14054 14055
f 14056 14057 2619
f 2496 14058 14059
f 2441 2443 14060
f 14061 14062 14063
f 2197 2287 14064
f 14065 14066 14067
f 14068 14069 2171
f 14070 14071 14072
f 14073 14074 14075
f 2160 14076 14077
f 2169 14078 14079
f 14080 14081 14082
f 2104 14083 14084
f 14085 14086 14087
f 14088 14089 14090
f 14091 14092 2083
f 1785 1780 14093
f 1745 14094 2029
f 1933 14095 1934
f 1841 14096 14097
f 14098 1856 14099
f 14100 14101 14102
f 14102 14103 14100
f 14104 14105 1705
f 1703 1705 1708
f 14106 14107 14108
f 1499 1621 1496
f 14109 14110 14111
f 1632 1656 1657
f 14112 14113 1641
f 1555 1557 14114
f 14115 14116 14117
f 1381 14118 1382
f 891 886 1306
f 1026 14119 14120
f 14121 14122 14123
f 14124 1140 1141
f 14125 14126 14127
f 1035 14128 1036
f 14129 14130 14131
f 14132 14133 1041
f 14134 14135 14136
f 14137 14138 14139
f 14140 14141 14142
f 14143 1110 1109
f 14137 14144 14138
f 14145 14146 14147
f 14148 14149 14150
f 14151 14152 14153
f 14154 14155 14156
f 14157 14158 14159
f 14160 14161 14162
f 14130 14163 14164
f 14131 14165 14166
f 14164 14167 14168
f 14169 14170 14171
f 14152 14172 14173
f 1124 1126 14174
f 14175 14176 1113
f 434 14177 14178
f 14179 1025 14180
f 14181 14182 14183
f 14184 14185 14186
f 755 14187 14188
f 14189 14190 14191
f 569 14192 585
f 14193 252 14194
f 14195 306 14196
f 210 14197 208
f 14198 14199 14200
