# Blender 5.1.1
# www.blender.org
mtllib storm_clouds_lower.mtl
o StormCloudsLower
v 125.000000 68.000000 0.000000
v 125.000000 60.225208 -24.373198
v 125.000000 55.774792 -24.373198
v 125.000000 48.000000 0.000000
v 131.630798 67.009689 -8.775483
v 136.948273 64.234901 -15.812874
v 139.899261 60.225208 -19.718330
v 139.899261 55.774792 -19.718330
v 136.948273 51.765102 -15.812874
v 131.630798 48.990311 -8.775483
v 135.728851 67.009689 -3.351937
v 144.332718 64.234901 -6.039981
v 149.107498 60.225208 -7.531733
v 149.107498 55.774792 -7.531733
v 144.332718 51.765102 -6.039981
v 135.728851 48.990311 -3.351937
v 135.728851 67.009689 3.351936
v 144.332718 64.234901 6.039979
v 149.107498 60.225208 7.531733
v 149.107498 55.774792 7.531733
v 144.332718 51.765102 6.039979
v 135.728851 48.990311 3.351936
v 131.630798 67.009689 8.775482
v 136.948273 64.234901 15.812874
v 139.899261 60.225208 19.718330
v 139.899261 55.774792 19.718330
v 136.948273 51.765102 15.812874
v 131.630798 48.990311 8.775482
v 125.000000 67.009689 10.847094
v 125.000000 64.234901 19.545788
v 125.000000 60.225208 24.373198
v 125.000000 55.774792 24.373198
v 125.000000 51.765102 19.545788
v 125.000000 48.990311 10.847094
v 118.369209 67.009689 8.775484
v 113.051727 64.234901 15.812876
v 110.100746 60.225208 19.718330
v 110.100746 55.774792 19.718330
v 113.051727 51.765102 15.812876
v 118.369209 48.990311 8.775484
v 114.271149 67.009689 3.351938
v 105.667282 64.234901 6.039983
v 100.892502 60.225208 7.531733
v 100.892502 55.774792 7.531733
v 105.667282 51.765102 6.039983
v 114.271149 48.990311 3.351938
v 114.271149 67.009689 -3.351935
v 105.667282 64.234901 -6.039978
v 100.892502 60.225208 -7.531733
v 100.892502 55.774792 -7.531733
v 105.667282 51.765102 -6.039978
v 114.271149 48.990311 -3.351935
v 118.369209 67.009689 -8.775482
v 113.051720 64.234901 -15.812874
v 110.100746 60.225208 -19.718330
v 110.100746 55.774792 -19.718330
v 113.051720 51.765102 -15.812874
v 118.369209 48.990311 -8.775482
v 125.000000 67.009689 -10.847094
v 125.000000 64.234901 -19.545790
v 125.000000 51.765102 -19.545790
v 125.000000 48.990311 -10.847094
v 118.750000 77.000008 0.000000
v 118.750000 75.794235 -8.000000
v 118.750000 68.000008 -16.000000
v 118.750000 60.205776 -8.000000
v 118.750000 59.000004 0.000000
v 125.113960 75.794235 -5.656854
v 129.772705 72.500008 -9.797958
v 131.477921 68.000008 -11.313708
v 129.772705 63.500004 -9.797958
v 125.113960 60.205776 -5.656854
v 127.750000 75.794235 0.000000
v 134.338455 72.500008 0.000000
v 136.750000 68.000008 0.000000
v 134.338455 63.500004 0.000000
v 127.750000 60.205776 0.000000
v 125.113960 75.794235 5.656854
v 129.772705 72.500008 9.797958
v 131.477921 68.000008 11.313707
v 129.772705 63.500004 9.797958
v 125.113960 60.205776 5.656854
v 118.750000 75.794235 7.999999
v 118.750000 72.500008 13.856405
v 118.750000 68.000008 15.999998
v 118.750000 63.500004 13.856405
v 118.750000 60.205776 7.999999
v 112.386040 75.794235 5.656854
v 107.727295 72.500008 9.797958
v 106.022079 68.000008 11.313707
v 107.727295 63.500004 9.797958
v 112.386040 60.205776 5.656854
v 109.750000 75.794235 0.000000
v 103.161545 72.500008 0.000000
v 100.750000 68.000008 0.000000
v 103.161545 63.500004 0.000000
v 109.750000 60.205776 0.000000
v 112.386040 75.794235 -5.656854
v 107.727295 72.500008 -9.797958
v 106.022079 68.000008 -11.313707
v 107.727295 63.500004 -9.797958
v 112.386040 60.205776 -5.656854
v 118.750000 72.500008 -13.856405
v 118.750000 63.500004 -13.856405
v 130.273224 58.090836 -47.415573
v 130.273224 47.213921 -69.547913
v 130.273224 40.987793 -69.547913
v 130.273224 30.110874 -47.415573
v 138.191620 56.705391 -55.384243
v 144.541687 52.823463 -61.774616
v 148.065704 47.213921 -65.321007
v 148.065704 40.987793 -65.321007
v 144.541687 35.378242 -61.774616
v 138.191620 31.496319 -55.384243
v 143.085464 56.705391 -50.459332
v 153.360077 52.823463 -52.900242
v 159.062057 47.213921 -54.254841
v 159.062057 40.987793 -54.254841
v 153.360077 35.378242 -52.900242
v 143.085464 31.496319 -50.459332
v 143.085464 56.705391 -44.371815
v 153.360077 52.823463 -41.930904
v 159.062057 47.213921 -40.576302
v 159.062057 40.987793 -40.576302
v 153.360077 35.378242 -41.930904
v 143.085464 31.496319 -44.371815
v 138.191620 56.705391 -39.446903
v 144.541687 52.823463 -33.056526
v 148.065704 47.213921 -29.510134
v 148.065704 40.987793 -29.510134
v 144.541687 35.378242 -33.056526
v 138.191620 31.496319 -39.446903
v 130.273224 56.705391 -37.565758
v 130.273224 52.823463 -29.666817
v 130.273224 47.213921 -25.283236
v 130.273224 40.987793 -25.283236
v 130.273224 35.378242 -29.666817
v 130.273224 31.496319 -37.565758
v 122.354836 56.705391 -39.446903
v 116.004776 52.823463 -33.056526
v 112.480759 47.213921 -29.510134
v 112.480759 40.987793 -29.510134
v 116.004776 35.378242 -33.056526
v 122.354836 31.496319 -39.446903
v 117.460999 56.705391 -44.371811
v 107.186386 52.823463 -41.930901
v 101.484406 47.213921 -40.576302
v 101.484406 40.987793 -40.576302
v 107.186386 35.378242 -41.930901
v 117.460999 31.496319 -44.371811
v 117.460991 56.705391 -50.459332
v 107.186378 52.823463 -52.900238
v 101.484406 47.213921 -54.254841
v 101.484406 40.987793 -54.254841
v 107.186378 35.378242 -52.900238
v 117.460991 31.496319 -50.459332
v 122.354828 56.705391 -55.384243
v 116.004768 52.823463 -61.774616
v 112.480759 47.213921 -65.321007
v 112.480759 40.987793 -65.321007
v 116.004768 35.378242 -61.774616
v 122.354828 31.496319 -55.384243
v 130.273224 56.705391 -57.265388
v 130.273224 52.823463 -65.164330
v 130.273224 35.378242 -65.164330
v 130.273224 31.496319 -57.265388
v 91.009689 61.264473 -76.366196
v 91.009689 53.050812 -93.836182
v 91.009689 48.349178 -93.836182
v 91.009689 40.135513 -76.366196
v 99.031876 60.218262 -82.656197
v 105.465164 57.286842 -87.700394
v 109.035370 53.050812 -90.499710
v 109.035370 48.349178 -90.499710
v 105.465164 44.113148 -87.700394
v 99.031876 41.181725 -82.656197
v 103.989853 60.218262 -78.768761
v 114.399139 57.286842 -80.695473
v 120.175850 53.050812 -81.764717
v 120.175850 48.349178 -81.764717
v 114.399139 44.113148 -80.695473
v 103.989853 41.181725 -78.768761
v 103.989853 60.218262 -73.963623
v 114.399139 57.286842 -72.036911
v 120.175850 53.050812 -70.967667
v 120.175850 48.349178 -70.967667
v 114.399139 44.113148 -72.036911
v 103.989853 41.181725 -73.963623
v 99.031876 60.218262 -70.076187
v 105.465164 57.286842 -65.031990
v 109.035370 53.050812 -62.232674
v 109.035370 48.349178 -62.232674
v 105.465164 44.113148 -65.031990
v 99.031876 41.181725 -70.076187
v 91.009689 60.218262 -68.591316
v 91.009689 57.286842 -62.356346
v 91.009689 53.050812 -58.896202
v 91.009689 48.349178 -58.896202
v 91.009689 44.113148 -62.356346
v 91.009689 41.181725 -68.591316
v 82.987503 60.218262 -70.076187
v 76.554214 57.286842 -65.031990
v 72.984009 53.050812 -62.232674
v 72.984009 48.349178 -62.232674
v 76.554214 44.113148 -65.031990
v 82.987503 41.181725 -70.076187
v 78.029526 60.218262 -73.963623
v 67.620239 57.286842 -72.036911
v 61.843521 53.050812 -70.967667
v 61.843521 48.349178 -70.967667
v 67.620239 44.113148 -72.036911
v 78.029526 41.181725 -73.963623
v 78.029526 60.218262 -78.768761
v 67.620239 57.286842 -80.695465
v 61.843521 53.050812 -81.764717
v 61.843521 48.349178 -81.764717
v 67.620239 44.113148 -80.695465
v 78.029526 41.181725 -78.768761
v 82.987503 60.218262 -82.656197
v 76.554214 57.286842 -87.700394
v 72.984009 53.050812 -90.499710
v 72.984009 48.349178 -90.499710
v 76.554214 44.113148 -87.700394
v 82.987503 41.181725 -82.656197
v 91.009689 60.218262 -84.141068
v 91.009689 57.286842 -90.376038
v 91.009689 44.113148 -90.376038
v 91.009689 41.181725 -84.141068
v 86.459206 69.699997 -72.547890
v 86.459206 68.494225 -80.547890
v 86.459206 60.699997 -88.547882
v 86.459206 52.905766 -80.547890
v 86.459206 51.699993 -72.547890
v 92.823166 68.494225 -78.204742
v 97.481911 65.199997 -82.345848
v 99.187126 60.699997 -83.861595
v 97.481911 56.199993 -82.345848
v 92.823166 52.905766 -78.204742
v 95.459206 68.494225 -72.547890
v 102.047661 65.199997 -72.547890
v 104.459206 60.699997 -72.547890
v 102.047661 56.199993 -72.547890
v 95.459206 52.905766 -72.547890
v 92.823166 68.494225 -66.891029
v 97.481911 65.199997 -62.749928
v 99.187126 60.699997 -61.234180
v 97.481911 56.199993 -62.749928
v 92.823166 52.905766 -66.891029
v 86.459206 68.494225 -64.547890
v 86.459206 65.199997 -58.691483
v 86.459206 60.699997 -56.547894
v 86.459206 56.199993 -58.691483
v 86.459206 52.905766 -64.547890
v 80.095245 68.494225 -66.891029
v 75.436508 65.199997 -62.749928
v 73.731293 60.699997 -61.234180
v 75.436508 56.199993 -62.749928
v 80.095245 52.905766 -66.891029
v 77.459213 68.494225 -72.547890
v 70.870750 65.199997 -72.547890
v 68.459206 60.699997 -72.547890
v 70.870750 56.199993 -72.547890
v 77.459213 52.905766 -72.547890
v 80.095245 68.494225 -78.204742
v 75.436508 65.199997 -82.345848
v 73.731293 60.699997 -83.861595
v 75.436508 56.199993 -82.345848
v 80.095245 52.905766 -78.204742
v 86.459206 65.199997 -86.404297
v 86.459206 56.199993 -86.404297
v 57.090652 60.956692 -98.883904
v 57.090652 56.221939 -113.556602
v 57.090652 53.511688 -113.556602
v 57.090652 48.776932 -98.883904
v 63.937382 60.353603 -104.166756
v 69.428040 58.663792 -108.403275
v 72.475113 56.221939 -110.754372
v 72.475113 53.511688 -110.754372
v 69.428040 51.069836 -108.403275
v 63.937382 49.380020 -104.166756
v 68.168900 60.353603 -100.901772
v 77.052963 58.663792 -102.519974
v 81.983246 56.221939 -103.418015
v 81.983246 53.511688 -103.418015
v 77.052963 51.069836 -102.519974
v 68.168900 49.380020 -100.901772
v 68.168900 60.353603 -96.866035
v 77.052963 58.663792 -95.247826
v 81.983246 56.221939 -94.349792
v 81.983246 53.511688 -94.349792
v 77.052963 51.069836 -95.247826
v 68.168900 49.380020 -96.866035
v 63.937382 60.353603 -93.601051
v 69.428040 58.663792 -89.364532
v 72.475113 56.221939 -87.013435
v 72.475113 53.511688 -87.013435
v 69.428040 51.069836 -89.364532
v 63.937382 49.380020 -93.601051
v 57.090652 60.353603 -92.353943
v 57.090652 58.663792 -87.117310
v 57.090652 56.221939 -84.211197
v 57.090652 53.511688 -84.211197
v 57.090652 51.069836 -87.117310
v 57.090652 49.380020 -92.353943
v 50.243927 60.353603 -93.601051
v 44.753273 58.663792 -89.364532
v 41.706192 56.221939 -87.013435
v 41.706192 53.511688 -87.013435
v 44.753273 51.069836 -89.364532
v 50.243927 49.380020 -93.601051
v 46.012413 60.353603 -96.866028
v 37.128349 58.663792 -95.247826
v 32.198067 56.221939 -94.349792
v 32.198067 53.511688 -94.349792
v 37.128349 51.069836 -95.247826
v 46.012413 49.380020 -96.866028
v 46.012405 60.353603 -100.901772
v 37.128349 58.663792 -102.519974
v 32.198067 56.221939 -103.418015
v 32.198067 53.511688 -103.418015
v 37.128349 51.069836 -102.519974
v 46.012405 49.380020 -100.901772
v 50.243919 60.353603 -104.166756
v 44.753265 58.663792 -108.403275
v 41.706192 56.221939 -110.754372
v 41.706192 53.511688 -110.754372
v 44.753265 51.069836 -108.403275
v 50.243919 49.380020 -104.166756
v 57.090652 60.353603 -105.413864
v 57.090645 58.663792 -110.650490
v 57.090645 51.069836 -110.650490
v 57.090652 49.380020 -105.413864
v 23.635490 51.004837 -134.043518
v 23.635490 44.099007 -150.355789
v 23.635490 40.145996 -150.355789
v 23.635490 33.240166 -134.043518
v 29.108238 50.125210 -139.916687
v 33.497032 47.660549 -144.626617
v 35.932640 44.099007 -147.240417
v 35.932640 40.145996 -147.240417
v 33.497032 36.584450 -144.626617
v 29.108238 34.119789 -139.916687
v 32.490578 50.125210 -136.286865
v 39.591805 47.660549 -138.085907
v 43.532692 44.099007 -139.084290
v 43.532692 40.145996 -139.084290
v 39.591805 36.584450 -138.085907
v 32.490578 34.119789 -136.286865
v 32.490578 50.125210 -131.800156
v 39.591812 47.660549 -130.001129
v 43.532692 44.099007 -129.002731
v 43.532692 40.145996 -129.002731
v 39.591812 36.584450 -130.001129
v 32.490578 34.119789 -131.800156
v 29.108238 50.125210 -128.170334
v 33.497040 47.660549 -123.460411
v 35.932640 44.099007 -120.846603
v 35.932640 40.145996 -120.846603
v 33.497040 36.584450 -123.460411
v 29.108238 34.119789 -128.170334
v 23.635490 50.125210 -126.783875
v 23.635490 47.660549 -120.962082
v 23.635490 44.099007 -117.731239
v 23.635490 40.145996 -117.731239
v 23.635490 36.584450 -120.962082
v 23.635490 34.119789 -126.783875
v 18.162750 50.125210 -128.170334
v 13.773949 47.660549 -123.460411
v 11.338348 44.099007 -120.846603
v 11.338348 40.145996 -120.846603
v 13.773949 36.584450 -123.460411
v 18.162750 34.119789 -128.170334
v 14.780403 50.125210 -131.800156
v 7.679169 47.660549 -130.001129
v 3.738297 44.099007 -129.002731
v 3.738297 40.145996 -129.002731
v 7.679169 36.584450 -130.001129
v 14.780403 34.119789 -131.800156
v 14.780403 50.125210 -136.286865
v 7.679169 47.660549 -138.085907
v 3.738297 44.099007 -139.084290
v 3.738297 40.145996 -139.084290
v 7.679169 36.584450 -138.085907
v 14.780403 34.119789 -136.286865
v 18.162750 50.125210 -139.916687
v 13.773941 47.660549 -144.626617
v 11.338348 44.099007 -147.240417
v 11.338348 40.145996 -147.240417
v 13.773941 36.584450 -144.626617
v 18.162750 34.119789 -139.916687
v 23.635490 50.125210 -141.303162
v 23.635490 47.660549 -147.124939
v 23.635490 36.584450 -147.124939
v 23.635490 34.119789 -141.303162
v 22.453720 61.122501 -127.341339
v 22.453720 59.916729 -135.341339
v 22.453720 52.122501 -143.341339
v 22.453720 44.328270 -135.341339
v 22.453720 43.122498 -127.341339
v 28.817680 59.916729 -132.998199
v 33.476425 56.622501 -137.139297
v 35.181641 52.122501 -138.655060
v 33.476425 47.622498 -137.139297
v 28.817680 44.328270 -132.998199
v 31.453712 59.916729 -127.341339
v 38.042175 56.622501 -127.341339
v 40.453720 52.122501 -127.341339
v 38.042175 47.622498 -127.341339
v 31.453712 44.328270 -127.341339
v 28.817680 59.916729 -121.684494
v 33.476425 56.622501 -117.543388
v 35.181641 52.122501 -116.027626
v 33.476425 47.622498 -117.543388
v 28.817680 44.328270 -121.684494
v 22.453720 59.916729 -119.341339
v 22.453720 56.622501 -113.484932
v 22.453720 52.122501 -111.341347
v 22.453720 47.622498 -113.484932
v 22.453720 44.328270 -119.341339
v 16.089752 59.916729 -121.684494
v 11.431023 56.622501 -117.543388
v 9.725792 52.122501 -116.027626
v 11.431023 47.622498 -117.543388
v 16.089752 44.328270 -121.684494
v 13.453712 59.916729 -127.341339
v 6.865257 56.622501 -127.341339
v 4.453720 52.122501 -127.341339
v 6.865257 47.622498 -127.341339
v 13.453712 44.328270 -127.341339
v 16.089752 59.916729 -132.998199
v 11.431023 56.622501 -137.139297
v 9.725792 52.122501 -138.655060
v 11.431023 47.622498 -137.139297
v 16.089752 44.328270 -132.998199
v 22.453720 56.622501 -141.197754
v 22.453720 47.622498 -141.197754
v -22.707901 70.502838 -128.782974
v -22.707901 59.810944 -149.664276
v -22.707901 53.690727 -149.664276
v -22.707901 42.998833 -128.782974
v -17.544449 69.140961 -136.301224
v -13.403671 65.325066 -142.330368
v -11.105713 59.810944 -145.676300
v -11.105713 53.690727 -145.676300
v -13.403671 48.176601 -142.330368
v -17.544449 44.360710 -136.301224
v -14.353241 69.140961 -131.654694
v -7.653336 65.325066 -133.957626
v -3.935150 59.810944 -135.235657
v -3.935150 53.690727 -135.235657
v -7.653336 48.176601 -133.957626
v -14.353241 44.360710 -131.654694
v -14.353241 69.140961 -125.911263
v -7.653336 65.325066 -123.608330
v -3.935150 59.810944 -122.330299
v -3.935150 53.690727 -122.330299
v -7.653336 48.176601 -123.608330
v -14.353241 44.360710 -125.911263
v -17.544449 69.140961 -121.264732
v -13.403671 65.325066 -115.235580
v -11.105713 59.810944 -111.889648
v -11.105713 53.690727 -111.889648
v -13.403671 48.176601 -115.235580
v -17.544449 44.360710 -121.264732
v -22.707901 69.140961 -119.489922
v -22.707901 65.325066 -112.037468
v -22.707901 59.810944 -107.901672
v -22.707901 53.690727 -107.901672
v -22.707901 48.176601 -112.037468
v -22.707901 44.360710 -119.489922
v -27.871368 69.140961 -121.264732
v -32.012146 65.325066 -115.235565
v -34.310089 59.810944 -111.889648
v -34.310089 53.690727 -111.889648
v -32.012146 48.176601 -115.235565
v -27.871368 44.360710 -121.264732
v -31.062561 69.140961 -125.911263
v -37.762466 65.325066 -123.608330
v -41.480652 59.810944 -122.330299
v -41.480652 53.690727 -122.330299
v -37.762466 48.176601 -123.608330
v -31.062561 44.360710 -125.911263
v -31.062561 69.140961 -131.654694
v -37.762466 65.325066 -133.957626
v -41.480652 59.810944 -135.235657
v -41.480652 53.690727 -135.235657
v -37.762466 48.176601 -133.957626
v -31.062561 44.360710 -131.654694
v -27.871368 69.140961 -136.301224
v -32.012146 65.325066 -142.330368
v -34.310089 59.810944 -145.676300
v -34.310089 53.690727 -145.676300
v -32.012146 48.176601 -142.330368
v -27.871368 44.360710 -136.301224
v -22.707901 69.140961 -138.076035
v -22.707901 65.325066 -145.528488
v -22.707901 48.176601 -145.528488
v -22.707901 44.360710 -138.076035
v -55.633438 59.569939 -96.359947
v -55.633438 50.513496 -120.539001
v -55.633438 45.329437 -120.539001
v -55.633438 36.272991 -96.359947
v -49.430206 58.416378 -105.065521
v -44.455612 55.184170 -112.046860
v -41.694916 50.513496 -115.921211
v -41.694916 45.329437 -115.921211
v -44.455612 40.658760 -112.046860
v -49.430206 37.426552 -105.065521
v -45.596405 58.416378 -99.685188
v -37.547302 55.184170 -102.351822
v -33.080414 50.513496 -103.831688
v -33.080414 45.329437 -103.831688
v -37.547302 40.658760 -102.351822
v -45.596405 37.426552 -99.685188
v -45.596405 58.416378 -93.034714
v -37.547302 55.184170 -90.368088
v -33.080414 50.513496 -88.888214
v -33.080414 45.329437 -88.888214
v -37.547302 40.658760 -90.368088
v -45.596405 37.426552 -93.034714
v -49.430206 58.416378 -87.654373
v -44.455597 55.184170 -80.673042
v -41.694916 50.513496 -76.798698
v -41.694916 45.329437 -76.798698
v -44.455597 40.658760 -80.673042
v -49.430206 37.426552 -87.654373
v -55.633438 58.416378 -85.599266
v -55.633438 55.184170 -76.969864
v -55.633438 50.513496 -72.180908
v -55.633438 45.329437 -72.180908
v -55.633438 40.658760 -76.969864
v -55.633438 37.426552 -85.599266
v -61.836685 58.416378 -87.654373
v -66.811279 55.184170 -80.673042
v -69.571976 50.513496 -76.798698
v -69.571976 45.329437 -76.798698
v -66.811279 40.658760 -80.673042
v -61.836685 37.426552 -87.654373
v -65.670486 58.416378 -93.034714
v -73.719574 55.184170 -90.368080
v -78.186478 50.513496 -88.888214
v -78.186478 45.329437 -88.888214
v -73.719574 40.658760 -90.368080
v -65.670486 37.426552 -93.034714
v -65.670486 58.416378 -99.685188
v -73.719574 55.184170 -102.351807
v -78.186478 50.513496 -103.831688
v -78.186478 45.329437 -103.831688
v -73.719574 40.658760 -102.351807
v -65.670486 37.426552 -99.685188
v -61.836685 58.416378 -105.065521
v -66.811295 55.184170 -112.046860
v -69.571976 50.513496 -115.921211
v -69.571976 45.329437 -115.921211
v -66.811295 40.658760 -112.046860
v -61.836685 37.426552 -105.065521
v -55.633438 58.416378 -107.120636
v -55.633438 55.184170 -115.750038
v -55.633438 40.658760 -115.750038
v -55.633438 37.426552 -107.120636
v -52.851761 66.921463 -91.541962
v -52.851761 65.715691 -99.541954
v -52.851761 57.921463 -107.541954
v -52.851761 50.127235 -99.541954
v -52.851761 48.921463 -91.541962
v -46.487793 65.715691 -97.198814
v -41.829056 62.421463 -101.339912
v -40.123840 57.921463 -102.855667
v -41.829056 53.421463 -101.339912
v -46.487793 50.127235 -97.198814
v -43.851761 65.715691 -91.541962
v -37.263306 62.421463 -91.541962
v -34.851761 57.921463 -91.541962
v -37.263306 53.421463 -91.541962
v -43.851761 50.127235 -91.541962
v -46.487793 65.715691 -85.885101
v -41.829056 62.421463 -81.743996
v -40.123840 57.921463 -80.228249
v -41.829056 53.421463 -81.743996
v -46.487793 50.127235 -85.885101
v -52.851761 65.715691 -83.541962
v -52.851761 62.421463 -77.685555
v -52.851761 57.921463 -75.541962
v -52.851761 53.421463 -77.685555
v -52.851761 50.127235 -83.541962
v -59.215714 65.715691 -85.885101
v -63.874466 62.421463 -81.743996
v -65.579681 57.921463 -80.228249
v -63.874466 53.421463 -81.743996
v -59.215714 50.127235 -85.885101
v -61.851761 65.715691 -91.541962
v -68.440216 62.421463 -91.541962
v -70.851746 57.921463 -91.541962
v -68.440216 53.421463 -91.541962
v -61.851761 50.127235 -91.541962
v -59.215714 65.715691 -97.198814
v -63.874466 62.421463 -101.339912
v -65.579681 57.921463 -102.855667
v -63.874466 53.421463 -101.339912
v -59.215714 50.127235 -97.198814
v -52.851761 62.421463 -105.398369
v -52.851761 53.421463 -105.398369
v -96.116150 52.795792 -80.651024
v -96.116150 47.756783 -103.824577
v -96.116150 44.872368 -103.824577
v -96.116150 39.833359 -80.651024
v -88.480042 52.153950 -88.994583
v -82.356369 50.355549 -95.685593
v -78.957977 47.756783 -99.398827
v -78.957977 44.872368 -99.398827
v -82.356369 42.273605 -95.685593
v -88.480042 40.475204 -88.994583
v -83.760681 52.153950 -83.837975
v -73.852356 50.355549 -86.393715
v -68.353653 47.756783 -87.812042
v -68.353653 44.872368 -87.812042
v -73.852356 42.273605 -86.393715
v -83.760681 40.475204 -83.837975
v -83.760681 52.153950 -77.464066
v -73.852356 50.355549 -74.908325
v -68.353653 47.756783 -73.489998
v -68.353653 44.872368 -73.489998
v -73.852356 42.273605 -74.908325
v -83.760681 40.475204 -77.464066
v -88.480042 52.153950 -72.307465
v -82.356354 50.355549 -65.616455
v -78.957977 47.756783 -61.903214
v -78.957977 44.872368 -61.903214
v -82.356354 42.273605 -65.616455
v -88.480042 40.475204 -72.307465
v -96.116150 52.153950 -70.337822
v -96.116150 50.355549 -62.067268
v -96.116150 47.756783 -57.477463
v -96.116150 44.872368 -57.477463
v -96.116150 42.273605 -62.067268
v -96.116150 40.475204 -70.337822
v -103.752243 52.153950 -72.307465
v -109.875931 50.355549 -65.616447
v -113.274307 47.756783 -61.903214
v -113.274307 44.872368 -61.903214
v -109.875931 42.273605 -65.616447
v -103.752243 40.475204 -72.307465
v -108.471603 52.153950 -77.464066
v -118.379929 50.355549 -74.908325
v -123.878632 47.756783 -73.489998
v -123.878632 44.872368 -73.489998
v -118.379929 42.273605 -74.908325
v -108.471603 40.475204 -77.464066
v -108.471603 52.153950 -83.837975
v -118.379929 50.355549 -86.393715
v -123.878632 47.756783 -87.812042
v -123.878632 44.872368 -87.812042
v -118.379929 42.273605 -86.393715
v -108.471603 40.475204 -83.837975
v -103.752243 52.153950 -88.994583
v -109.875931 50.355549 -95.685593
v -113.274307 47.756783 -99.398827
v -113.274307 44.872368 -99.398827
v -109.875931 42.273605 -95.685593
v -103.752243 40.475204 -88.994583
v -96.116150 52.153950 -90.964226
v -96.116150 50.355549 -99.234772
v -96.116150 42.273605 -99.234772
v -96.116150 40.475204 -90.964226
v -130.165466 65.367477 -47.376354
v -130.165466 59.261383 -66.165649
v -130.165466 55.766155 -66.165649
v -130.165466 49.660061 -47.376354
v -122.020782 64.589714 -54.141373
v -115.489243 62.410477 -59.566498
v -111.864502 59.261383 -62.577217
v -111.864502 55.766155 -62.577217
v -115.489243 52.617062 -59.566498
v -122.020782 50.437824 -54.141373
v -116.987091 64.589714 -49.960361
v -106.418839 62.410477 -52.032578
v -100.553894 59.261383 -53.182568
v -100.553894 55.766155 -53.182568
v -106.418839 52.617062 -52.032578
v -116.987091 50.437824 -49.960361
v -116.987091 64.589714 -44.792347
v -106.418839 62.410477 -42.720135
v -100.553894 59.261383 -41.570145
v -100.553894 55.766155 -41.570145
v -106.418839 52.617062 -42.720135
v -116.987091 50.437824 -44.792347
v -122.020782 64.589714 -40.611336
v -115.489243 62.410477 -35.186214
v -111.864502 59.261383 -32.175491
v -111.864502 55.766155 -32.175491
v -115.489243 52.617062 -35.186214
v -122.020782 50.437824 -40.611336
v -130.165466 64.589714 -39.014332
v -130.165466 62.410477 -32.308506
v -130.165466 59.261383 -28.587059
v -130.165466 55.766155 -28.587059
v -130.165466 52.617062 -32.308506
v -130.165466 50.437824 -39.014332
v -138.310150 64.589714 -40.611336
v -144.841705 62.410477 -35.186211
v -148.466431 59.261383 -32.175491
v -148.466431 55.766155 -32.175491
v -144.841705 52.617062 -35.186211
v -138.310150 50.437824 -40.611336
v -143.343842 64.589714 -44.792347
v -153.912109 62.410477 -42.720135
v -159.777039 59.261383 -41.570145
v -159.777039 55.766155 -41.570145
v -153.912109 52.617062 -42.720135
v -143.343842 50.437824 -44.792347
v -143.343842 64.589714 -49.960361
v -153.912109 62.410477 -52.032574
v -159.777039 59.261383 -53.182568
v -159.777039 55.766155 -53.182568
v -153.912109 52.617062 -52.032574
v -143.343842 50.437824 -49.960361
v -138.310150 64.589714 -54.141373
v -144.841705 62.410477 -59.566498
v -148.466431 59.261383 -62.577217
v -148.466431 55.766155 -62.577217
v -144.841705 52.617062 -59.566498
v -138.310150 50.437824 -54.141373
v -130.165466 64.589714 -55.738377
v -130.165466 62.410477 -62.444202
v -130.165466 52.617062 -62.444202
v -130.165466 50.437824 -55.738377
v -123.657181 76.513771 -45.007542
v -123.657181 75.307999 -53.007542
v -123.657181 67.513771 -61.007542
v -123.657181 59.719540 -53.007542
v -123.657181 58.513767 -45.007542
v -117.293213 75.307999 -50.664394
v -112.634476 72.013771 -54.805500
v -110.929260 67.513771 -56.321251
v -112.634476 63.013767 -54.805500
v -117.293213 59.719540 -50.664394
v -114.657181 75.307999 -45.007542
v -108.068726 72.013771 -45.007542
v -105.657196 67.513771 -45.007542
v -108.068726 63.013767 -45.007542
v -114.657181 59.719540 -45.007542
v -117.293213 75.307999 -39.350689
v -112.634476 72.013771 -35.209583
v -110.929260 67.513771 -33.693836
v -112.634476 63.013767 -35.209583
v -117.293213 59.719540 -39.350689
v -123.657181 75.307999 -37.007542
v -123.657181 72.013771 -31.151136
v -123.657181 67.513771 -29.007542
v -123.657181 63.013767 -31.151136
v -123.657181 59.719540 -37.007542
v -130.021149 75.307999 -39.350689
v -134.679901 72.013771 -35.209583
v -136.385101 67.513771 -33.693836
v -134.679901 63.013767 -35.209583
v -130.021149 59.719540 -39.350689
v -132.657196 75.307999 -45.007542
v -139.245636 72.013771 -45.007542
v -141.657166 67.513771 -45.007542
v -139.245636 63.013767 -45.007542
v -132.657196 59.719540 -45.007542
v -130.021149 75.307999 -50.664394
v -134.679901 72.013771 -54.805500
v -136.385101 67.513771 -56.321251
v -134.679901 63.013767 -54.805500
v -130.021149 59.719540 -50.664394
v -123.657181 72.013771 -58.863949
v -123.657181 63.013767 -58.863949
v -118.386078 55.819366 -0.000000
v -118.386078 45.544876 -15.057126
v -118.386078 39.663586 -15.057126
v -118.386078 29.389093 -0.000000
v -111.124680 54.510658 -5.421265
v -105.301468 50.843735 -9.768781
v -102.069855 45.544876 -12.181470
v -102.069855 39.663586 -12.181470
v -105.301468 34.364727 -9.768781
v -111.124680 30.697802 -5.421265
v -106.636856 54.510658 -2.070739
v -97.214737 50.843735 -3.731342
v -91.985855 45.544876 -4.652908
v -91.985855 39.663586 -4.652908
v -97.214737 34.364727 -3.731342
v -106.636856 30.697802 -2.070739
v -106.636856 54.510658 2.070738
v -97.214737 50.843735 3.731342
v -91.985855 45.544876 4.652908
v -91.985855 39.663586 4.652908
v -97.214737 34.364727 3.731342
v -106.636856 30.697802 2.070738
v -111.124680 54.510658 5.421264
v -105.301468 50.843735 9.768781
v -102.069855 45.544876 12.181470
v -102.069855 39.663586 12.181470
v -105.301468 34.364727 9.768781
v -111.124680 30.697802 5.421264
v -118.386078 54.510658 6.701051
v -118.386078 50.843735 12.074878
v -118.386078 45.544876 15.057126
v -118.386078 39.663586 15.057126
v -118.386078 34.364727 12.074878
v -118.386078 30.697802 6.701051
v -125.647476 54.510658 5.421265
v -131.470673 50.843735 9.768782
v -134.702301 45.544876 12.181470
v -134.702301 39.663586 12.181470
v -131.470673 34.364727 9.768782
v -125.647476 30.697802 5.421265
v -130.135284 54.510658 2.070740
v -139.557434 50.843735 3.731344
v -144.786316 45.544876 4.652908
v -144.786316 39.663586 4.652908
v -139.557434 34.364727 3.731344
v -130.135284 30.697802 2.070740
v -130.135284 54.510658 -2.070738
v -139.557434 50.843735 -3.731341
v -144.786316 45.544876 -4.652908
v -144.786316 39.663586 -4.652908
v -139.557434 34.364727 -3.731341
v -130.135284 30.697802 -2.070738
v -125.647491 54.510658 -5.421264
v -131.470673 50.843735 -9.768781
v -134.702301 45.544876 -12.181470
v -134.702301 39.663586 -12.181470
v -131.470673 34.364727 -9.768781
v -125.647491 30.697802 -5.421264
v -118.386078 54.510658 -6.701051
v -118.386078 50.843735 -12.074878
v -118.386078 34.364727 -12.074878
v -118.386078 30.697802 -6.701051
v -107.581787 65.994591 39.156578
v -107.581787 56.197460 23.748190
v -107.581787 50.589417 23.748190
v -107.581787 40.792286 39.156578
v -101.783463 64.746681 33.608841
v -97.133545 61.250130 29.159904
v -94.553040 56.197460 26.690929
v -94.553040 50.589417 26.690929
v -97.133545 45.536747 29.159904
v -101.783463 42.040192 33.608841
v -98.199890 64.746681 37.037529
v -90.676178 61.250130 35.338188
v -86.500824 56.197460 34.395123
v -86.500824 50.589417 34.395123
v -90.676178 45.536747 35.338188
v -98.199890 42.040192 37.037529
v -98.199890 64.746681 41.275623
v -90.676178 61.250130 42.974968
v -86.500824 56.197460 43.918030
v -86.500824 50.589417 43.918030
v -90.676178 45.536747 42.974968
v -98.199890 42.040192 41.275623
v -101.783463 64.746681 44.704311
v -97.133545 61.250130 49.153252
v -94.553040 56.197460 51.622223
v -94.553040 50.589417 51.622223
v -97.133545 45.536747 49.153252
v -101.783463 42.040192 44.704311
v -107.581787 64.746681 46.013954
v -107.581787 61.250130 51.513145
v -107.581787 56.197460 54.564964
v -107.581787 50.589417 54.564964
v -107.581787 45.536747 51.513145
v -107.581787 42.040192 46.013954
v -113.380127 64.746681 44.704311
v -118.030029 61.250130 49.153252
v -120.610565 56.197460 51.622223
v -120.610565 50.589417 51.622223
v -118.030029 45.536747 49.153252
v -113.380127 42.040192 44.704311
v -116.963699 64.746681 41.275623
v -124.487411 61.250130 42.974968
v -128.662750 56.197460 43.918030
v -128.662750 50.589417 43.918030
v -124.487411 45.536747 42.974968
v -116.963699 42.040192 41.275623
v -116.963699 64.746681 37.037529
v -124.487411 61.250130 35.338192
v -128.662750 56.197460 34.395123
v -128.662750 50.589417 34.395123
v -124.487411 45.536747 35.338192
v -116.963699 42.040192 37.037529
v -113.380127 64.746681 33.608841
v -118.030029 61.250130 29.159904
v -120.610565 56.197460 26.690929
v -120.610565 50.589417 26.690929
v -118.030029 45.536747 29.159904
v -113.380127 42.040192 33.608841
v -107.581787 64.746681 32.299198
v -107.581787 61.250130 26.800009
v -107.581787 45.536747 26.800009
v -107.581787 42.040192 32.299198
v -102.202698 72.393440 37.198750
v -102.202698 71.187668 29.198748
v -102.202698 63.393440 21.198750
v -102.202698 55.599209 29.198748
v -102.202698 54.393436 37.198750
v -95.838730 71.187668 31.541897
v -91.179993 67.893440 27.400791
v -89.474777 63.393440 25.885040
v -91.179993 58.893436 27.400791
v -95.838730 55.599209 31.541897
v -93.202698 71.187668 37.198750
v -86.614243 67.893440 37.198750
v -84.202713 63.393440 37.198750
v -86.614243 58.893436 37.198750
v -93.202698 55.599209 37.198750
v -95.838730 71.187668 42.855602
v -91.179993 67.893440 46.996708
v -89.474777 63.393440 48.512455
v -91.179993 58.893436 46.996708
v -95.838730 55.599209 42.855602
v -102.202698 71.187668 45.198746
v -102.202698 67.893440 51.055157
v -102.202698 63.393440 53.198750
v -102.202698 58.893436 51.055157
v -102.202698 55.599209 45.198746
v -108.566681 71.187668 42.855602
v -113.225403 67.893440 46.996708
v -114.930618 63.393440 48.512455
v -113.225403 58.893436 46.996708
v -108.566681 55.599209 42.855602
v -111.202713 71.187668 37.198750
v -117.791153 67.893440 37.198750
v -120.202698 63.393440 37.198750
v -117.791153 58.893436 37.198750
v -111.202713 55.599209 37.198750
v -108.566681 71.187668 31.541897
v -113.225403 67.893440 27.400791
v -114.930618 63.393440 25.885042
v -113.225403 58.893436 27.400791
v -108.566681 55.599209 31.541897
v -102.202698 67.893440 23.342344
v -102.202698 58.893436 23.342344
v -104.481888 59.544044 87.670723
v -104.481888 53.982845 68.150589
v -104.481888 50.799522 68.150589
v -104.481888 45.238327 87.670723
v -99.381271 58.835686 80.642563
v -95.290878 56.850918 75.006424
v -93.020889 53.982845 71.878601
v -93.020889 50.799522 71.878601
v -95.290878 47.931450 75.006424
v -99.381271 45.946682 80.642563
v -96.228882 58.835686 84.986206
v -89.610519 56.850918 82.833389
v -85.937607 53.982845 81.638672
v -85.937607 50.799522 81.638672
v -89.610519 47.931450 82.833389
v -96.228882 45.946682 84.986206
v -96.228882 58.835686 90.355232
v -89.610519 56.850918 92.508049
v -85.937607 53.982845 93.702766
v -85.937607 50.799522 93.702766
v -89.610519 47.931450 92.508049
v -96.228882 45.946682 90.355232
v -99.381271 58.835686 94.698868
v -95.290878 56.850918 100.335014
v -93.020889 53.982845 103.462837
v -93.020889 50.799522 103.462837
v -95.290878 47.931450 100.335014
v -99.381271 45.946682 94.698868
v -104.481888 58.835686 96.357994
v -104.481888 56.850918 103.324654
v -104.481888 53.982845 107.190849
v -104.481888 50.799522 107.190849
v -104.481888 47.931450 103.324654
v -104.481888 45.946682 96.357994
v -109.582489 58.835686 94.698875
v -113.672897 56.850918 100.335014
v -115.942871 53.982845 103.462837
v -115.942871 50.799522 103.462837
v -113.672897 47.931450 100.335014
v -109.582489 45.946682 94.698875
v -112.734879 58.835686 90.355232
v -119.353256 56.850918 92.508057
v -123.026169 53.982845 93.702766
v -123.026169 50.799522 93.702766
v -119.353256 47.931450 92.508057
v -112.734879 45.946682 90.355232
v -112.734879 58.835686 84.986206
v -119.353256 56.850918 82.833389
v -123.026169 53.982845 81.638672
v -123.026169 50.799522 81.638672
v -119.353256 47.931450 82.833389
v -112.734879 45.946682 84.986206
v -109.582489 58.835686 80.642570
v -113.672897 56.850918 75.006424
v -115.942871 53.982845 71.878601
v -115.942871 50.799522 71.878601
v -113.672897 47.931450 75.006424
v -109.582489 45.946682 80.642570
v -104.481888 58.835686 78.983444
v -104.481888 56.850918 72.016785
v -104.481888 47.931450 72.016785
v -104.481888 45.946682 78.983444
v -65.168732 50.076134 112.875595
v -65.168732 44.636852 89.263550
v -65.168732 41.523315 89.263550
v -65.168732 36.084034 112.875595
v -59.358994 49.383308 104.374161
v -54.699951 47.442051 97.556541
v -52.114380 44.636852 93.773048
v -52.114380 41.523315 93.773048
v -54.699951 38.718117 97.556541
v -59.358994 36.776859 104.374161
v -55.768387 49.383308 109.628334
v -48.229889 47.442051 107.024239
v -44.046341 44.636852 105.579063
v -44.046341 41.523315 105.579063
v -48.229889 38.718117 107.024239
v -55.768387 36.776859 109.628334
v -55.768387 49.383308 116.122856
v -48.229889 47.442051 118.726944
v -44.046341 44.636852 120.172119
v -44.046341 41.523315 120.172119
v -48.229889 38.718117 118.726944
v -55.768387 36.776859 116.122856
v -59.358994 49.383308 121.377029
v -54.699951 47.442051 128.194641
v -52.114380 44.636852 131.978134
v -52.114380 41.523315 131.978134
v -54.699951 38.718117 128.194641
v -59.358994 36.776859 121.377029
v -65.168732 49.383308 123.383942
v -65.168732 47.442051 131.810974
v -65.168732 44.636852 136.487640
v -65.168732 41.523315 136.487640
v -65.168732 38.718117 131.810974
v -65.168732 36.776859 123.383942
v -70.978485 49.383308 121.377029
v -75.637527 47.442051 128.194641
v -78.223099 44.636852 131.978134
v -78.223099 41.523315 131.978134
v -75.637527 38.718117 128.194641
v -70.978485 36.776859 121.377029
v -74.569092 49.383308 116.122856
v -82.107590 47.442051 118.726959
v -86.291138 44.636852 120.172119
v -86.291138 41.523315 120.172119
v -82.107590 38.718117 118.726959
v -74.569092 36.776859 116.122856
v -74.569092 49.383308 109.628334
v -82.107590 47.442051 107.024239
v -86.291138 44.636852 105.579063
v -86.291138 41.523315 105.579063
v -82.107590 38.718117 107.024239
v -74.569092 36.776859 109.628334
v -70.978485 49.383308 104.374161
v -75.637527 47.442051 97.556541
v -78.223099 44.636852 93.773048
v -78.223099 41.523315 93.773048
v -75.637527 38.718117 97.556541
v -70.978485 36.776859 104.374161
v -65.168732 49.383308 102.367249
v -65.168732 47.442051 93.940201
v -65.168732 38.718117 93.940201
v -65.168732 36.776859 102.367249
v -61.910309 62.080086 107.231812
v -61.910309 60.874313 99.231812
v -61.910309 53.080086 91.231812
v -61.910309 45.285858 99.231812
v -61.910309 44.080086 107.231812
v -55.546356 60.874313 101.574959
v -50.887604 57.580086 97.433846
v -49.182388 53.080086 95.918098
v -50.887604 48.580086 97.433846
v -55.546356 45.285858 101.574959
v -52.910309 60.874313 107.231812
v -46.321854 57.580086 107.231812
v -43.910309 53.080086 107.231812
v -46.321854 48.580086 107.231812
v -52.910309 45.285858 107.231812
v -55.546356 60.874313 112.888657
v -50.887604 57.580086 117.029762
v -49.182388 53.080086 118.545517
v -50.887604 48.580086 117.029762
v -55.546356 45.285858 112.888657
v -61.910309 60.874313 115.231812
v -61.910309 57.580086 121.088219
v -61.910309 53.080086 123.231804
v -61.910309 48.580086 121.088219
v -61.910309 45.285858 115.231812
v -68.274261 60.874313 112.888657
v -72.933014 57.580086 117.029762
v -74.638229 53.080086 118.545517
v -72.933014 48.580086 117.029762
v -68.274261 45.285858 112.888657
v -70.910309 60.874313 107.231812
v -77.498764 57.580086 107.231812
v -79.910309 53.080086 107.231812
v -77.498764 48.580086 107.231812
v -70.910309 45.285858 107.231812
v -68.274261 60.874313 101.574959
v -72.933014 57.580086 97.433846
v -74.638229 53.080086 95.918098
v -72.933014 48.580086 97.433846
v -68.274261 45.285858 101.574959
v -61.910309 57.580086 93.375404
v -61.910309 48.580086 93.375404
v -19.306747 70.236397 109.494057
v -19.306747 60.578423 85.572021
v -19.306747 55.050041 85.572021
v -19.306747 45.392075 109.494057
v -12.033035 69.006210 100.881020
v -6.199951 65.559326 93.973885
v -2.962837 60.578423 90.140724
v -2.962837 55.050041 90.140724
v -6.199951 50.069145 93.973885
v -12.033035 46.622253 100.881020
v -7.537613 69.006210 106.204163
v 1.900497 65.559326 103.565887
v 7.138260 60.578423 102.101746
v 7.138260 55.050041 102.101746
v 1.900497 50.069145 103.565887
v -7.537613 46.622253 106.204163
v -7.537613 69.006210 112.783943
v 1.900497 65.559326 115.422226
v 7.138260 60.578423 116.886368
v 7.138260 55.050041 116.886368
v 1.900497 50.069145 115.422226
v -7.537613 46.622253 112.783943
v -12.033035 69.006210 118.107094
v -6.199951 65.559326 125.014221
v -2.962837 60.578423 128.847382
v -2.962837 55.050041 128.847382
v -6.199951 50.069145 125.014221
v -12.033035 46.622253 118.107094
v -19.306747 69.006210 120.140366
v -19.306747 65.559326 128.678040
v -19.306747 60.578423 133.416077
v -19.306747 55.050041 133.416077
v -19.306747 50.069145 128.678040
v -19.306747 46.622253 120.140366
v -26.580475 69.006210 118.107094
v -32.413544 65.559326 125.014221
v -35.650665 60.578423 128.847382
v -35.650665 55.050041 128.847382
v -32.413544 50.069145 125.014221
v -26.580475 46.622253 118.107094
v -31.075882 69.006210 112.783943
v -40.513992 65.559326 115.422234
v -45.751755 60.578423 116.886368
v -45.751755 55.050041 116.886368
v -40.513992 50.069145 115.422234
v -31.075882 46.622253 112.783943
v -31.075882 69.006210 106.204163
v -40.513992 65.559326 103.565887
v -45.751755 60.578423 102.101746
v -45.751755 55.050041 102.101746
v -40.513992 50.069145 103.565887
v -31.075882 46.622253 106.204163
v -26.580475 69.006210 100.881020
v -32.413544 65.559326 93.973885
v -35.650665 60.578423 90.140724
v -35.650665 55.050041 90.140724
v -32.413544 50.069145 93.973885
v -26.580475 46.622253 100.881020
v -19.306747 69.006210 98.847748
v -19.306747 65.559326 90.310074
v -19.306747 50.069145 90.310074
v -19.306747 46.622253 98.847748
v 21.869415 58.742226 124.027588
v 21.869415 48.365505 103.862488
v 21.869415 42.425697 103.862488
v 21.869415 32.048977 124.027588
v 30.016022 57.420494 116.767212
v 36.549088 53.717087 110.944839
v 40.174667 48.365505 107.713676
v 40.174667 42.425697 107.713676
v 36.549088 37.074116 110.944839
v 30.016022 33.370712 116.767212
v 35.050896 57.420494 121.254372
v 45.621620 53.717087 119.030426
v 51.487930 48.365505 117.796234
v 51.487930 42.425697 117.796234
v 45.621620 37.074116 119.030426
v 35.050896 33.370712 121.254372
v 35.050896 57.420494 126.800797
v 45.621620 53.717087 129.024750
v 51.487930 48.365505 130.258942
v 51.487930 42.425697 130.258942
v 45.621620 37.074116 129.024750
v 35.050896 33.370712 126.800797
v 30.016022 57.420494 131.287964
v 36.549095 53.717087 137.110321
v 40.174667 48.365505 140.341492
v 40.174667 42.425697 140.341492
v 36.549095 37.074116 137.110321
v 30.016022 33.370712 131.287964
v 21.869415 57.420494 133.001892
v 21.869415 53.717087 140.198746
v 21.869415 48.365505 144.192688
v 21.869415 42.425697 144.192688
v 21.869415 37.074116 140.198746
v 21.869415 33.370712 133.001892
v 13.722824 57.420494 131.287964
v 7.189758 53.717087 137.110321
v 3.564163 48.365505 140.341492
v 3.564163 42.425697 140.341492
v 7.189758 37.074116 137.110321
v 13.722824 33.370712 131.287964
v 8.687943 57.420494 126.800797
v -1.882782 53.717087 129.024750
v -7.749100 48.365505 130.258942
v -7.749100 42.425697 130.258942
v -1.882782 37.074116 129.024750
v 8.687943 33.370712 126.800797
v 8.687943 57.420494 121.254372
v -1.882790 53.717087 119.030426
v -7.749100 48.365505 117.796234
v -7.749100 42.425697 117.796234
v -1.882790 37.074116 119.030426
v 8.687943 33.370712 121.254372
v 13.722809 57.420494 116.767212
v 7.189743 53.717087 110.944839
v 3.564163 48.365505 107.713676
v 3.564163 42.425697 107.713676
v 7.189743 37.074116 110.944839
v 13.722809 33.370712 116.767212
v 21.869415 57.420494 115.053268
v 21.869415 53.717087 107.856430
v 21.869415 37.074116 107.856430
v 21.869415 33.370712 115.053268
v 20.775948 64.395599 117.826210
v 20.775948 63.189831 109.826210
v 20.775948 55.395599 101.826218
v 20.775948 47.601372 109.826210
v 20.775948 46.395599 117.826210
v 27.139908 63.189831 112.169357
v 31.798653 59.895603 108.028259
v 33.503868 55.395599 106.512497
v 31.798653 50.895599 108.028259
v 27.139908 47.601372 112.169357
v 29.775948 63.189831 117.826210
v 36.364403 59.895603 117.826210
v 38.775940 55.395599 117.826210
v 36.364403 50.895599 117.826210
v 29.775948 47.601372 117.826210
v 27.139908 63.189831 123.483063
v 31.798653 59.895603 127.624168
v 33.503868 55.395599 129.139923
v 31.798653 50.895599 127.624168
v 27.139908 47.601372 123.483063
v 20.775948 63.189831 125.826218
v 20.775948 59.895603 131.682617
v 20.775948 55.395599 133.826202
v 20.775948 50.895599 131.682617
v 20.775948 47.601372 125.826218
v 14.411987 63.189831 123.483063
v 9.753242 59.895603 127.624168
v 8.048027 55.395599 129.139923
v 9.753242 50.895599 127.624168
v 14.411987 47.601372 123.483063
v 11.775948 63.189831 117.826210
v 5.187492 59.895603 117.826210
v 2.775955 55.395599 117.826210
v 5.187492 50.895599 117.826210
v 11.775948 47.601372 117.826210
v 14.411987 63.189831 112.169357
v 9.753242 59.895603 108.028259
v 8.048027 55.395599 106.512497
v 9.753242 50.895599 108.028259
v 14.411987 47.601372 112.169357
v 20.775948 59.895603 103.969810
v 20.775948 50.895599 103.969810
v 69.194641 57.027596 119.848610
v 69.194641 50.767879 104.053261
v 69.194641 47.184711 104.053261
v 69.194641 40.924995 119.848610
v 76.820488 56.230267 114.161552
v 82.935944 53.996201 109.600876
v 86.329773 50.767879 107.069901
v 86.329773 47.184711 107.069901
v 82.935944 43.956390 109.600876
v 76.820488 41.722321 114.161552
v 81.533524 56.230267 117.676338
v 91.428543 53.996201 115.934326
v 96.919861 50.767879 114.967575
v 96.919861 47.184711 114.967575
v 91.428543 43.956390 115.934326
v 81.533524 41.722321 117.676338
v 81.533524 56.230267 122.020874
v 91.428543 53.996201 123.762894
v 96.919861 50.767879 124.729645
v 96.919861 47.184711 124.729645
v 91.428543 43.956390 123.762894
v 81.533524 41.722321 122.020874
v 76.820488 56.230267 125.535667
v 82.935944 53.996201 130.096344
v 86.329773 50.767879 132.627319
v 86.329773 47.184711 132.627319
v 82.935944 43.956390 130.096344
v 76.820488 41.722321 125.535667
v 69.194641 56.230267 126.878204
v 69.194641 53.996201 132.515503
v 69.194641 50.767879 135.643951
v 69.194641 47.184711 135.643951
v 69.194641 43.956390 132.515503
v 69.194641 41.722321 126.878204
v 61.568787 56.230267 125.535667
v 55.453331 53.996201 130.096344
v 52.059502 50.767879 132.627319
v 52.059502 47.184711 132.627319
v 55.453331 43.956390 130.096344
v 61.568787 41.722321 125.535667
v 56.855751 56.230267 122.020874
v 46.960732 53.996201 123.762894
v 41.469414 50.767879 124.729645
v 41.469414 47.184711 124.729645
v 46.960732 43.956390 123.762894
v 56.855751 41.722321 122.020874
v 56.855743 56.230267 117.676338
v 46.960732 53.996201 115.934326
v 41.469414 50.767879 114.967575
v 41.469414 47.184711 114.967575
v 46.960732 43.956390 115.934326
v 56.855743 41.722321 117.676338
v 61.568783 56.230267 114.161552
v 55.453323 53.996201 109.600876
v 52.059502 50.767879 107.069901
v 52.059502 47.184711 107.069901
v 55.453323 43.956390 109.600876
v 61.568783 41.722321 114.161552
v 69.194641 56.230267 112.819016
v 69.194626 53.996201 107.181717
v 69.194626 43.956390 107.181717
v 69.194641 41.722321 112.819016
v 90.374054 62.491848 75.832832
v 90.374054 57.533329 61.002518
v 90.374054 54.694992 61.002518
v 90.374054 49.736473 75.832832
v 96.564301 61.860260 70.493233
v 101.528496 60.090584 66.211205
v 104.283417 57.533329 63.834858
v 104.283417 54.694992 63.834858
v 101.528496 52.137737 66.211205
v 96.564301 50.368065 70.493233
v 100.390083 61.860260 73.793289
v 108.422318 60.090584 72.157700
v 112.879868 57.533329 71.250015
v 112.879868 54.694992 71.250015
v 108.422318 52.137737 72.157700
v 100.390083 50.368065 73.793289
v 100.390083 61.860260 77.872375
v 108.422318 60.090584 79.507965
v 112.879868 57.533329 80.415649
v 112.879868 54.694992 80.415649
v 108.422318 52.137737 79.507965
v 100.390083 50.368065 77.872375
v 96.564301 61.860260 81.172432
v 101.528496 60.090584 85.454460
v 104.283417 57.533329 87.830803
v 104.283417 54.694992 87.830803
v 101.528496 52.137737 85.454460
v 96.564301 50.368065 81.172432
v 90.374054 61.860260 82.432945
v 90.374054 60.090584 87.725815
v 90.374054 57.533329 90.663147
v 90.374054 54.694992 90.663147
v 90.374054 52.137737 87.725815
v 90.374054 50.368065 82.432945
v 84.183807 61.860260 81.172432
v 79.219620 60.090584 85.454468
v 76.464699 57.533329 87.830803
v 76.464699 54.694992 87.830803
v 79.219620 52.137737 85.454468
v 84.183807 50.368065 81.172432
v 80.358025 61.860260 77.872375
v 72.325798 60.090584 79.507973
v 67.868240 57.533329 80.415649
v 67.868240 54.694992 80.415649
v 72.325798 52.137737 79.507973
v 80.358025 50.368065 77.872375
v 80.358025 61.860260 73.793289
v 72.325790 60.090584 72.157700
v 67.868240 57.533329 71.250015
v 67.868240 54.694992 71.250015
v 72.325790 52.137737 72.157700
v 80.358025 50.368065 73.793289
v 84.183807 61.860260 70.493233
v 79.219612 60.090584 66.211205
v 76.464699 57.533329 63.834858
v 76.464699 54.694992 63.834858
v 79.219612 52.137737 66.211205
v 84.183807 50.368065 70.493233
v 90.374054 61.860260 69.232719
v 90.374054 60.090584 63.939846
v 90.374054 52.137737 63.939846
v 90.374054 50.368065 69.232719
v 85.855354 75.114166 72.041191
v 85.855354 73.908386 64.041191
v 85.855354 66.114159 56.041191
v 85.855354 58.319931 64.041191
v 85.855354 57.114162 72.041191
v 92.219315 73.908386 66.384331
v 96.878059 70.614166 62.243229
v 98.583275 66.114159 60.727482
v 96.878059 61.614162 62.243229
v 92.219315 58.319931 66.384331
v 94.855354 73.908386 72.041191
v 101.443810 70.614166 72.041191
v 103.855354 66.114159 72.041191
v 101.443810 61.614162 72.041191
v 94.855354 58.319931 72.041191
v 92.219315 73.908386 77.698044
v 96.878059 70.614166 81.839149
v 98.583275 66.114159 83.354897
v 96.878059 61.614162 81.839149
v 92.219315 58.319931 77.698044
v 85.855354 73.908386 80.041191
v 85.855354 70.614166 85.897598
v 85.855354 66.114159 88.041183
v 85.855354 61.614162 85.897598
v 85.855354 58.319931 80.041191
v 79.491394 73.908386 77.698044
v 74.832657 70.614166 81.839149
v 73.127441 66.114159 83.354897
v 74.832657 61.614162 81.839149
v 79.491394 58.319931 77.698044
v 76.855362 73.908386 72.041191
v 70.266899 70.614166 72.041191
v 67.855362 66.114159 72.041191
v 70.266899 61.614162 72.041191
v 76.855362 58.319931 72.041191
v 79.491394 73.908386 66.384331
v 74.832657 70.614166 62.243229
v 73.127441 66.114159 60.727482
v 74.832657 61.614162 62.243229
v 79.491394 58.319931 66.384331
v 85.855354 70.614166 58.184784
v 85.855354 61.614162 58.184784
v 107.879486 53.442863 39.264915
v 107.879486 44.551430 21.107681
v 107.879486 39.461830 21.107681
v 107.879486 30.570396 39.264915
v 113.039169 52.310318 32.727467
v 117.176910 49.137005 27.484842
v 119.473183 44.551430 24.575405
v 119.473183 39.461830 24.575405
v 117.176910 34.876255 27.484842
v 113.039169 31.702938 32.727467
v 116.228027 52.310318 36.767834
v 122.923027 49.137005 34.765331
v 126.638474 44.551430 33.654022
v 126.638474 39.461830 33.654022
v 122.923027 34.876255 34.765331
v 116.228027 31.702938 36.767834
v 116.228027 52.310318 41.762001
v 122.923027 49.137005 43.764503
v 126.638474 44.551430 44.875813
v 126.638474 39.461830 44.875813
v 122.923027 34.876255 43.764503
v 116.228027 31.702938 41.762001
v 113.039169 52.310318 45.802368
v 117.176910 49.137005 51.044991
v 119.473183 44.551430 53.954430
v 119.473183 39.461830 53.954430
v 117.176910 34.876255 51.044991
v 113.039169 31.702938 45.802368
v 107.879486 52.310318 47.345646
v 107.879494 49.137005 53.825890
v 107.879486 44.551430 57.422153
v 107.879486 39.461830 57.422153
v 107.879494 34.876255 53.825890
v 107.879486 31.702938 47.345646
v 102.719818 52.310318 45.802368
v 98.582077 49.137005 51.044994
v 96.285797 44.551430 53.954430
v 96.285797 39.461830 53.954430
v 98.582077 34.876255 51.044994
v 102.719818 31.702938 45.802368
v 99.530960 52.310318 41.762001
v 92.835953 49.137005 43.764507
v 89.120506 44.551430 44.875813
v 89.120506 39.461830 44.875813
v 92.835953 34.876255 43.764507
v 99.530960 31.702938 41.762001
v 99.530960 52.310318 36.767834
v 92.835953 49.137005 34.765331
v 89.120506 44.551430 33.654022
v 89.120506 39.461830 33.654022
v 92.835953 34.876255 34.765331
v 99.530960 31.702938 36.767834
v 102.719810 52.310318 32.727467
v 98.582069 49.137005 27.484842
v 96.285797 44.551430 24.575405
v 96.285797 39.461830 24.575405
v 98.582069 34.876255 27.484842
v 102.719810 31.702938 32.727467
v 107.879486 52.310318 31.184187
v 107.879486 49.137005 24.703941
v 107.879486 34.876255 24.703941
v 107.879486 31.702938 31.184187
v 97.826103 42.975021 -30.464634
v 93.909653 42.308495 -35.010605
v 89.713715 38.000000 -39.321167
v 93.248383 33.691509 -34.453625
v 97.062538 33.024982 -29.821487
v 100.423004 41.602570 -38.199051
v 102.221771 39.264809 -43.774872
v 102.740417 36.588142 -45.698059
v 101.839981 34.289787 -43.453297
v 99.761734 32.985580 -37.642071
v 105.385170 41.310165 -36.831543
v 110.816483 38.758347 -41.406281
v 112.664742 36.003334 -42.963047
v 110.434700 33.783325 -41.084705
v 104.723900 32.693176 -36.274563
v 105.889374 41.602570 -31.709150
v 111.689796 39.264809 -32.534035
v 113.673157 36.588142 -32.718258
v 111.308014 34.289787 -32.212460
v 105.228104 32.985580 -31.152170
v 101.640259 42.308495 -25.832499
v 104.330116 40.487511 -22.355375
v 105.174934 38.000000 -20.964956
v 103.948334 35.512493 -22.033804
v 100.978989 33.691509 -25.275520
v 95.126907 43.014427 -22.644053
v 93.048660 41.710217 -16.832825
v 92.148224 39.411858 -14.588064
v 92.666878 36.735199 -16.511253
v 94.465637 34.397438 -22.087074
v 90.164749 43.306831 -24.011560
v 84.453941 42.216679 -19.201416
v 82.223900 39.996674 -17.323078
v 84.072159 37.241657 -18.879845
v 89.503479 34.689842 -23.454580
v 89.660538 43.014427 -29.133951
v 83.580627 41.710217 -28.073662
v 81.215492 39.411858 -27.567863
v 83.198853 36.735199 -27.752090
v 88.999275 34.397438 -28.576973
v 90.940308 40.487511 -38.252319
v 90.558525 35.512493 -37.930748
v 69.864517 47.933365 -92.880424
v 64.003883 47.770390 -94.320946
v 57.797318 43.965431 -95.644119
v 63.185402 39.153374 -94.043312
v 68.919426 37.983292 -92.559853
v 67.397224 47.241035 -100.746933
v 65.464432 45.401161 -106.462654
v 64.584007 42.906727 -108.496094
v 64.991875 40.426121 -106.302368
v 66.578751 38.624020 -100.469299
v 72.198792 46.726799 -102.552246
v 73.780983 44.510471 -109.589561
v 74.187134 41.878250 -112.106728
v 73.308434 39.535435 -109.429276
v 71.380310 38.109779 -102.274620
v 75.595886 46.528908 -98.679367
v 79.664917 44.167717 -102.881531
v 80.981323 41.482468 -104.360962
v 79.192368 39.192680 -102.721237
v 74.777405 37.911888 -98.401733
v 75.598541 46.763287 -91.396965
v 79.669510 44.573673 -90.268036
v 80.986626 41.951225 -89.796158
v 79.196960 39.598633 -90.107750
v 74.780060 38.146271 -91.119331
v 72.205193 47.292641 -84.970978
v 73.792068 45.490540 -79.137901
v 74.199936 43.009933 -76.944183
v 73.319519 40.515499 -78.977615
v 71.386719 38.675621 -84.693352
v 67.403625 47.806877 -83.165665
v 65.475510 46.381226 -76.011009
v 64.596802 44.038406 -73.333557
v 65.002960 41.406185 -75.850716
v 66.585144 39.189857 -82.888031
v 64.006538 48.004768 -87.038544
v 59.591568 46.723980 -82.719040
v 57.802620 44.434189 -81.079323
v 59.119019 41.748943 -82.558754
v 63.188053 39.387749 -86.760918
v 59.586983 46.318024 -95.332527
v 59.114426 41.342987 -95.172241
v 1.745354 41.697330 -88.024895
v -3.848846 41.575157 -85.758018
v -9.808044 37.811008 -83.506554
v -4.712448 32.958149 -85.794487
v 0.748154 31.747265 -88.067017
v -4.888718 41.709896 -92.968346
v -9.878799 40.386040 -96.592842
v -11.887787 38.080482 -97.927208
v -10.377396 35.411003 -96.613899
v -5.752319 33.092888 -93.004814
v -2.081566 41.446831 -97.284523
v -5.016678 39.930393 -104.068672
v -6.273499 37.554352 -106.559563
v -5.515274 34.955360 -104.089737
v -2.945168 32.829819 -97.320992
v 2.928207 40.940063 -96.178185
v 3.660507 39.052643 -102.152443
v 3.746056 36.540813 -104.346893
v 3.161911 34.077614 -102.173508
v 2.064590 32.323051 -96.214661
v 7.205948 40.486450 -90.297417
v 11.069786 38.266964 -91.966660
v 12.301544 35.633591 -92.585358
v 10.571182 33.291931 -91.987717
v 6.342346 31.869438 -90.333893
v 8.245819 40.351711 -83.087090
v 12.870895 38.033592 -79.478004
v 14.381294 35.364113 -78.164703
v 12.372299 33.058556 -79.499069
v 7.382217 31.734701 -83.123566
v 5.438675 40.614777 -78.770920
v 8.008774 38.489235 -72.002174
v 8.766998 35.890244 -69.532356
v 7.510178 33.514202 -72.023232
v 4.575066 31.997766 -78.807388
v 0.428909 41.121544 -79.877251
v -0.668404 39.366985 -73.918404
v -1.252548 36.903782 -71.745018
v -1.167007 34.391953 -73.939461
v -0.434708 32.504536 -79.913727
v -8.077682 40.152664 -84.104195
v -8.576279 35.177631 -84.125252
v -58.477905 38.345951 -83.379028
v -61.701675 37.763680 -78.307846
v -65.259888 33.539436 -73.383926
v -62.492920 29.146688 -78.656273
v -59.391541 28.395906 -83.781364
v -66.749588 38.437889 -83.518646
v -72.927292 37.172138 -83.674759
v -75.355682 34.887856 -83.805527
v -73.384109 32.197117 -83.875923
v -67.540817 29.820898 -83.867073
v -66.987900 38.667801 -88.663452
v -73.340042 37.570358 -92.585815
v -75.832306 35.347679 -94.095139
v -73.796860 32.595337 -92.786980
v -67.779129 30.050810 -89.011879
v -62.277023 38.318733 -90.728500
v -65.180573 36.965759 -96.162582
v -66.410553 34.649551 -98.225227
v -65.637390 31.990736 -96.363747
v -63.068268 29.701744 -91.076920
v -55.376526 37.595169 -88.504120
v -53.228561 35.712509 -92.309837
v -52.609558 33.202419 -93.776466
v -53.685379 30.737484 -92.511002
v -56.167755 28.978180 -88.852539
v -50.328629 36.920959 -83.293320
v -44.485336 34.544743 -83.284470
v -42.513763 31.854000 -83.354866
v -44.942154 29.569719 -83.485634
v -51.119858 28.303970 -83.641747
v -50.090317 36.691048 -78.148514
v -44.072571 34.146523 -74.373413
v -42.037140 31.394176 -73.065254
v -44.529404 29.171501 -74.574577
v -50.881546 28.074059 -78.496941
v -54.801178 37.040115 -76.083466
v -52.232056 34.751122 -70.796646
v -51.458893 32.092308 -68.935165
v -52.688873 29.776100 -70.997810
v -55.592422 28.423124 -76.431892
v -64.184052 36.004375 -74.649391
v -64.640884 31.029350 -74.850555
v -109.143066 45.445610 -36.945415
v -108.791290 44.326401 -31.023222
v -108.697098 39.565208 -25.359995
v -109.400772 35.709381 -31.635929
v -109.846863 35.495529 -37.652905
v -115.945969 44.920856 -32.266323
v -121.020325 43.203651 -28.935778
v -123.006470 40.754120 -27.846193
v -121.372223 38.228607 -29.289526
v -116.555466 36.303833 -32.879032
v -119.143234 45.432259 -36.278133
v -126.558167 44.089428 -35.884438
v -129.401001 41.776924 -35.869812
v -126.910065 39.114388 -36.238182
v -119.752731 36.815235 -36.890839
v -116.510147 45.561043 -40.708588
v -121.997528 44.312485 -43.558208
v -124.134842 42.034489 -44.730724
v -122.349426 39.337440 -43.911957
v -117.119644 36.944016 -41.321297
v -109.589172 45.231762 -42.962391
v -110.009995 43.742153 -47.461906
v -110.292847 41.375931 -49.238323
v -110.361893 38.767113 -47.815655
v -110.198639 36.614735 -43.575096
v -102.434464 44.637306 -41.719288
v -97.617706 42.712532 -45.308792
v -95.983459 40.187019 -46.752125
v -97.969604 37.737488 -45.662540
v -103.043961 36.020287 -42.331993
v -99.237213 44.125904 -37.707478
v -92.079880 41.826752 -38.360138
v -89.588943 39.164215 -38.728504
v -92.431778 36.851711 -38.713882
v -99.846710 35.508881 -38.320183
v -101.870300 43.997124 -33.277023
v -96.640518 41.603699 -30.686361
v -94.855087 38.906651 -29.867596
v -96.992416 36.628654 -31.040108
v -102.479797 35.380100 -33.889729
v -108.628036 42.174026 -26.782665
v -108.979935 37.198986 -27.136412
v -83.797379 46.967464 26.440664
v -79.964218 45.726696 30.936899
v -76.277802 40.843956 35.098522
v -80.311401 37.109695 30.145199
v -84.198273 37.017410 25.526485
v -86.500885 45.694336 34.155521
v -88.533661 43.429283 39.680710
v -89.351105 40.779232 41.535767
v -88.734116 38.454258 39.223621
v -86.848038 37.077335 33.363819
v -91.469589 46.017311 32.819008
v -97.139725 43.988701 37.365807
v -99.288513 41.425190 38.862740
v -97.340179 39.013672 36.908714
v -91.816742 37.400314 32.027306
v -91.959747 46.506435 27.710279
v -97.988724 44.835884 28.517225
v -100.268845 42.403435 28.645281
v -98.189178 39.860855 28.060135
v -92.306931 37.889435 26.918579
v -87.684250 46.875179 21.821953
v -90.583344 45.474567 18.318344
v -91.717834 43.140923 16.868628
v -90.783768 40.499542 17.861256
v -88.031403 38.258179 21.030251
v -81.147598 46.907539 18.603333
v -79.261536 45.530617 12.743529
v -78.644547 43.205643 10.431388
v -79.461975 40.555592 12.286440
v -81.494781 38.290543 17.811630
v -76.178894 46.584564 19.939842
v -70.655487 44.971203 15.058433
v -68.707138 42.559685 13.104407
v -70.855911 39.996178 14.601344
v -76.526062 37.967564 19.148142
v -75.688721 46.095440 25.048573
v -69.806488 44.124020 23.907015
v -67.726791 41.581444 23.321871
v -70.006912 39.148991 23.449924
v -76.035889 37.478439 24.256872
v -77.211868 43.485336 34.105892
v -77.412308 38.510307 33.648808
v -61.418243 39.475655 82.591972
v -55.594940 38.642273 83.949654
v -49.786667 34.166916 84.942268
v -55.630524 30.025272 83.085907
v -61.459351 29.525600 81.594612
v -58.991348 38.013245 90.365021
v -57.220261 35.609631 95.921669
v -56.579514 32.908859 97.773010
v -57.240814 30.634602 95.422981
v -59.026947 29.396244 89.501282
v -63.811020 37.850433 92.187912
v -65.568176 35.327633 99.079002
v -66.218857 32.583237 101.418777
v -65.588730 30.352604 98.580315
v -63.846634 29.233433 91.324165
v -67.230652 38.249214 88.350494
v -71.491135 36.018341 92.432396
v -73.058090 33.380798 93.743942
v -71.511688 31.043312 91.933708
v -67.266235 29.632214 87.486740
v -67.247070 38.975983 81.100677
v -71.519562 37.277145 79.875343
v -73.090912 34.834335 79.244316
v -71.540100 32.302116 79.376663
v -67.282654 30.358986 80.236931
v -63.850647 39.605011 74.685303
v -65.636780 38.366653 68.763603
v -66.298080 36.092396 66.413574
v -65.657333 33.391624 68.264915
v -63.886246 30.988014 73.821564
v -59.030960 39.767822 72.862419
v -57.288864 38.648651 65.606270
v -56.658737 36.418018 62.767803
v -57.309418 33.673622 65.107582
v -59.066574 31.150824 71.998672
v -55.611359 39.369041 76.699844
v -51.365906 37.957943 72.252876
v -49.819504 35.620461 70.442642
v -51.386459 32.982918 71.754189
v -55.646942 30.752045 75.836090
v -51.337494 36.699142 84.809921
v -51.358032 31.724113 84.311241
v -1.798500 39.884357 115.992058
v 3.781372 39.610619 113.703194
v 9.480347 35.694893 111.069023
v 4.063179 30.993593 112.886200
v -1.473083 29.934273 115.048683
v 4.807007 38.962986 120.887688
v 9.686157 36.955441 124.345146
v 11.531616 34.399635 125.438019
v 9.848869 31.980398 123.873459
v 5.088821 30.345963 120.070694
v 1.975998 38.464638 125.167374
v 4.782707 36.092278 131.757767
v 5.869591 33.402939 133.997375
v 4.945412 31.117235 131.286087
v 2.257797 29.847614 124.350380
v -3.053284 38.407501 124.035263
v -3.928268 35.993305 129.796906
v -4.188980 33.288658 131.733170
v -3.765564 31.018265 129.325211
v -2.771477 29.790476 123.218277
v -7.334763 38.825039 118.154541
v -11.343994 36.716507 119.611191
v -12.751923 34.123734 119.971718
v -11.181290 31.741465 119.139503
v -7.052948 30.208014 117.337547
v -8.360397 39.472668 110.970047
v -13.120453 37.838234 107.167282
v -14.803192 35.418999 105.602730
v -12.957748 32.863190 106.695595
v -8.078583 30.855644 110.153053
v -5.529388 39.971016 106.690361
v -8.216995 38.701397 99.754654
v -9.141174 36.415691 97.043358
v -8.054291 33.726357 99.282959
v -5.247589 31.353992 105.873367
v -0.500107 40.028156 107.822464
v 0.493980 38.800365 101.715530
v 0.917389 36.529972 99.307579
v 0.656677 33.825325 101.243828
v -0.218292 31.411131 107.005478
v 7.909706 38.077168 111.901237
v 8.072418 33.102127 111.429550
v 50.273643 47.270840 72.135460
v 53.464012 47.196896 67.010536
v 56.890396 43.480984 61.606663
v 54.022415 38.579903 66.350510
v 50.918427 37.320793 71.373322
v 58.545181 47.126213 72.232132
v 64.686768 45.687286 72.200790
v 67.052742 43.339619 72.049843
v 65.009155 40.712265 71.819725
v 59.103584 38.509224 71.572098
v 58.806297 46.749809 77.367188
v 65.139023 45.035332 81.094971
v 67.574966 42.586807 82.319954
v 65.461411 40.060310 80.713898
v 59.364700 38.132816 76.707153
v 54.094398 46.288174 79.407654
v 56.977768 44.235756 84.629173
v 58.151169 41.663536 86.400894
v 57.300171 39.260735 84.248100
v 54.652802 37.671181 78.747627
v 47.169647 46.011726 77.158264
v 44.983765 43.756943 80.733116
v 44.301674 41.110649 81.902115
v 45.306152 38.781921 80.352043
v 47.728050 37.394737 76.498238
v 42.088486 46.082413 71.936676
v 36.182915 43.879368 71.689056
v 34.139336 41.252014 71.458939
v 36.505302 38.904346 71.307983
v 42.646881 37.465420 71.276649
v 41.827370 46.458817 66.801628
v 35.730652 44.531322 62.794884
v 33.617104 42.004826 61.188828
v 36.053047 39.556301 62.413811
v 42.385765 37.841827 66.141594
v 46.539268 46.920452 64.761147
v 43.891899 45.330898 59.260677
v 43.040894 42.928097 57.107883
v 44.214294 40.355877 58.879608
v 47.097672 38.303459 64.101120
v 55.885910 45.809715 63.156734
v 56.208305 40.834690 62.775665
v 96.876801 44.958740 33.388256
v 96.483772 44.538387 27.378468
v 96.411850 40.476059 21.194429
v 97.243500 35.921379 26.966190
v 97.754059 35.008675 32.912201
v 103.639755 45.109657 28.625023
v 108.708115 43.887085 25.074312
v 110.723808 41.618603 23.687540
v 109.146736 38.912052 24.836287
v 104.399483 36.492653 28.212748
v 106.868515 45.202080 32.643135
v 114.300484 44.047165 32.033886
v 117.181320 41.803448 31.723764
v 114.739113 39.072132 31.795862
v 107.628235 36.585072 32.230862
v 104.278687 44.761513 37.079048
v 109.814774 43.284081 39.717117
v 112.001663 40.922310 40.595592
v 110.253395 38.309048 39.479088
v 105.038406 36.144505 36.666775
v 97.387360 44.046036 39.334263
v 97.878639 42.044834 43.623268
v 98.219009 39.491356 45.106026
v 98.317268 37.069801 43.385239
v 98.147079 35.429028 38.921989
v 90.231377 43.474762 38.087711
v 85.484116 41.055359 41.464172
v 83.907051 38.348812 42.612915
v 85.922745 36.080330 41.226147
v 90.991104 34.857758 37.675434
v 87.002625 43.382339 34.069599
v 79.891747 40.895279 34.504597
v 77.449539 38.163967 34.576694
v 80.330376 35.920250 34.266571
v 87.762344 34.765331 33.657326
v 89.592453 43.822906 29.633682
v 84.377457 41.658367 26.821369
v 82.629189 39.045101 25.704866
v 84.816086 36.683334 26.583342
v 90.352173 35.205898 29.221409
v 96.313591 42.897614 22.915216
v 96.752213 37.922581 22.677191
vn 0.0284 -0.9955 -0.0909
vn 0.1958 -0.7544 -0.6266
vn 0.1958 0.7544 -0.6266
vn 0.0284 0.9955 -0.0909
vn 0.0945 -0.9484 -0.3025
vn 0.2982 -0.0000 -0.9545
vn 0.0945 0.9484 -0.3025
vn 0.0744 -0.9956 -0.0562
vn 0.5173 -0.7614 -0.3908
vn 0.5173 0.7614 -0.3908
vn 0.0744 0.9956 -0.0562
vn 0.2480 -0.9505 -0.1874
vn 0.7978 -0.0000 -0.6029
vn 0.2480 0.9505 -0.1874
vn 0.0919 -0.9958 -0.0000
vn 0.6431 -0.7658 -0.0000
vn 0.6431 0.7658 -0.0000
vn 0.0919 0.9958 -0.0000
vn 0.3069 -0.9517 -0.0000
vn 1.0000 -0.0000 -0.0000
vn 0.3069 0.9517 -0.0000
vn 0.5173 0.7614 0.3908
vn 0.0744 0.9956 0.0562
vn 0.2480 -0.9505 0.1874
vn 0.7978 -0.0000 0.6029
vn 0.2480 0.9505 0.1874
vn 0.0744 -0.9956 0.0562
vn 0.5173 -0.7614 0.3908
vn 0.0945 -0.9484 0.3025
vn 0.2982 -0.0000 0.9545
vn 0.0945 0.9484 0.3025
vn 0.0284 -0.9955 0.0909
vn 0.1958 -0.7544 0.6266
vn 0.1958 0.7544 0.6266
vn 0.0284 0.9955 0.0909
vn -0.0945 -0.9484 0.3025
vn -0.2982 -0.0000 0.9545
vn -0.0945 0.9484 0.3025
vn -0.0284 -0.9955 0.0909
vn -0.1958 -0.7544 0.6266
vn -0.1958 0.7544 0.6266
vn -0.0284 0.9955 0.0909
vn -0.2480 0.9505 0.1874
vn -0.0744 -0.9956 0.0562
vn -0.5173 -0.7614 0.3908
vn -0.5173 0.7614 0.3908
vn -0.0744 0.9956 0.0562
vn -0.2480 -0.9505 0.1874
vn -0.7978 -0.0000 0.6029
vn -0.0919 -0.9958 -0.0000
vn -0.6431 -0.7658 -0.0000
vn -0.6431 0.7658 -0.0000
vn -0.0919 0.9958 -0.0000
vn -0.3069 -0.9517 -0.0000
vn -1.0000 -0.0000 -0.0000
vn -0.3069 0.9517 -0.0000
vn -0.5173 -0.7614 -0.3908
vn -0.5173 0.7614 -0.3908
vn -0.0744 0.9956 -0.0562
vn -0.2480 -0.9505 -0.1874
vn -0.7978 -0.0000 -0.6029
vn -0.2480 0.9505 -0.1874
vn -0.0744 -0.9956 -0.0562
vn -0.0284 0.9955 -0.0909
vn -0.0945 -0.9484 -0.3025
vn -0.2982 -0.0000 -0.9545
vn -0.0945 0.9484 -0.3025
vn -0.0284 -0.9955 -0.0909
vn -0.1958 -0.7544 -0.6266
vn -0.1958 0.7544 -0.6266
vn 0.0548 -0.9873 -0.1488
vn 0.3154 -0.4081 -0.8567
vn 0.1776 0.8577 -0.4825
vn 0.1776 -0.8577 -0.4825
vn 0.3154 0.4081 -0.8567
vn 0.0548 0.9873 -0.1488
vn 0.4378 0.8756 -0.2040
vn 0.4378 -0.8756 -0.2040
vn 0.8153 0.4369 -0.3799
vn 0.1325 0.9893 -0.0618
vn 0.1325 -0.9893 -0.0618
vn 0.8153 -0.4369 -0.3799
vn 0.4378 -0.8756 0.2040
vn 0.8153 0.4369 0.3799
vn 0.1325 0.9893 0.0618
vn 0.1325 -0.9893 0.0618
vn 0.8153 -0.4369 0.3799
vn 0.4378 0.8756 0.2040
vn 0.1776 -0.8577 0.4825
vn 0.3154 0.4081 0.8567
vn 0.0548 0.9873 0.1488
vn 0.0548 -0.9873 0.1488
vn 0.3154 -0.4081 0.8567
vn 0.1776 0.8577 0.4825
vn -0.1776 -0.8577 0.4825
vn -0.3154 0.4081 0.8567
vn -0.0548 0.9873 0.1488
vn -0.0548 -0.9873 0.1488
vn -0.3154 -0.4081 0.8567
vn -0.1776 0.8577 0.4825
vn -0.4378 -0.8756 0.2040
vn -0.8153 0.4369 0.3799
vn -0.1325 0.9893 0.0618
vn -0.1325 -0.9893 0.0618
vn -0.8153 -0.4369 0.3799
vn -0.4378 0.8756 0.2040
vn -0.8153 0.4369 -0.3799
vn -0.1325 0.9893 -0.0618
vn -0.1325 -0.9893 -0.0618
vn -0.8153 -0.4369 -0.3799
vn -0.4378 0.8756 -0.2040
vn -0.4378 -0.8756 -0.2040
vn -0.0548 0.9873 -0.1488
vn -0.0548 -0.9873 -0.1488
vn -0.3154 -0.4081 -0.8567
vn -0.1776 0.8577 -0.4825
vn -0.1776 -0.8577 -0.4825
vn -0.3154 0.4081 -0.8567
vn 0.0331 0.9897 -0.1392
vn 0.1042 -0.8926 -0.4387
vn 0.2311 -0.0000 -0.9729
vn 0.1042 0.8926 -0.4387
vn 0.0331 -0.9897 -0.1392
vn 0.1840 -0.6052 -0.7745
vn 0.1840 0.6052 -0.7745
vn 0.5295 -0.6653 -0.5262
vn 0.5295 0.6653 -0.5262
vn 0.0868 0.9925 -0.0863
vn 0.2807 -0.9184 -0.2789
vn 0.7093 -0.0000 -0.7049
vn 0.2807 0.9184 -0.2789
vn 0.0868 -0.9925 -0.0863
vn 0.1075 0.9942 -0.0000
vn 0.3534 -0.9355 -0.0000
vn 0.3534 0.9355 -0.0000
vn 0.1075 -0.9942 -0.0000
vn 0.7013 -0.7129 -0.0000
vn 0.7013 0.7129 -0.0000
vn 0.2807 -0.9184 0.2789
vn 0.7093 -0.0000 0.7049
vn 0.2807 0.9184 0.2789
vn 0.0868 -0.9925 0.0863
vn 0.5295 -0.6653 0.5262
vn 0.5295 0.6653 0.5262
vn 0.0868 0.9925 0.0863
vn 0.2311 -0.0000 0.9729
vn 0.1042 0.8926 0.4387
vn 0.0331 -0.9897 0.1392
vn 0.1840 -0.6052 0.7745
vn 0.1840 0.6052 0.7745
vn 0.0331 0.9897 0.1392
vn 0.1042 -0.8926 0.4387
vn -0.0331 -0.9897 0.1392
vn -0.1840 -0.6052 0.7745
vn -0.1840 0.6052 0.7745
vn -0.0331 0.9897 0.1392
vn -0.1042 -0.8926 0.4387
vn -0.2311 -0.0000 0.9729
vn -0.1042 0.8926 0.4387
vn -0.0868 -0.9925 0.0863
vn -0.5295 -0.6653 0.5262
vn -0.5295 0.6653 0.5262
vn -0.0868 0.9925 0.0863
vn -0.2807 -0.9184 0.2789
vn -0.7093 -0.0000 0.7049
vn -0.2807 0.9184 0.2789
vn -0.7013 0.7129 -0.0000
vn -0.1075 0.9942 -0.0000
vn -0.3534 -0.9355 -0.0000
vn -0.3534 0.9355 -0.0000
vn -0.1075 -0.9942 -0.0000
vn -0.7013 -0.7129 -0.0000
vn -0.2807 -0.9184 -0.2789
vn -0.7093 -0.0000 -0.7049
vn -0.2807 0.9184 -0.2789
vn -0.0868 -0.9925 -0.0863
vn -0.5295 -0.6653 -0.5262
vn -0.5295 0.6653 -0.5262
vn -0.0868 0.9925 -0.0863
vn -0.1042 -0.8926 -0.4387
vn -0.2311 -0.0000 -0.9729
vn -0.1042 0.8926 -0.4387
vn -0.0331 -0.9897 -0.1392
vn -0.1840 -0.6052 -0.7745
vn -0.1840 0.6052 -0.7745
vn -0.0331 0.9897 -0.1392
vn 0.0785 -0.9022 -0.4242
vn 0.1820 -0.0000 -0.9833
vn 0.0785 0.9022 -0.4242
vn 0.0247 -0.9908 -0.1333
vn 0.1419 -0.6262 -0.7666
vn 0.1419 0.6262 -0.7666
vn 0.0247 0.9908 -0.1333
vn 0.2137 -0.9381 -0.2726
vn 0.6170 -0.0000 -0.7869
vn 0.2137 0.9381 -0.2726
vn 0.0648 -0.9945 -0.0827
vn 0.4276 -0.7209 -0.5454
vn 0.4276 0.7209 -0.5454
vn 0.0648 0.9945 -0.0827
vn 0.2711 -0.9626 -0.0000
vn 0.2711 0.9626 -0.0000
vn 0.0803 -0.9968 -0.0000
vn 0.5913 -0.8064 -0.0000
vn 0.5913 0.8064 -0.0000
vn 0.0803 0.9968 -0.0000
vn 0.2137 0.9381 0.2726
vn 0.0648 -0.9945 0.0827
vn 0.4276 -0.7209 0.5454
vn 0.4276 0.7209 0.5454
vn 0.0648 0.9945 0.0827
vn 0.2137 -0.9381 0.2726
vn 0.6170 -0.0000 0.7869
vn 0.0247 -0.9908 0.1333
vn 0.1419 -0.6262 0.7666
vn 0.1419 0.6262 0.7666
vn 0.0247 0.9908 0.1333
vn 0.0785 -0.9022 0.4242
vn 0.1820 -0.0000 0.9833
vn 0.0785 0.9022 0.4242
vn -0.1419 -0.6262 0.7666
vn -0.1419 0.6262 0.7666
vn -0.0247 0.9908 0.1333
vn -0.0785 -0.9022 0.4242
vn -0.1820 -0.0000 0.9833
vn -0.0785 0.9022 0.4242
vn -0.0247 -0.9908 0.1333
vn -0.0648 0.9945 0.0827
vn -0.2137 -0.9381 0.2726
vn -0.6170 -0.0000 0.7869
vn -0.2137 0.9381 0.2726
vn -0.0648 -0.9945 0.0827
vn -0.4276 -0.7209 0.5454
vn -0.4276 0.7209 0.5454
vn -0.2711 -0.9626 -0.0000
vn -0.2711 0.9626 -0.0000
vn -0.0803 -0.9968 -0.0000
vn -0.5913 -0.8064 -0.0000
vn -0.5913 0.8064 -0.0000
vn -0.0803 0.9968 -0.0000
vn -0.6170 -0.0000 -0.7869
vn -0.2137 0.9381 -0.2726
vn -0.0648 -0.9945 -0.0827
vn -0.4276 -0.7209 -0.5454
vn -0.4276 0.7209 -0.5454
vn -0.0648 0.9945 -0.0827
vn -0.2137 -0.9381 -0.2726
vn -0.0247 -0.9908 -0.1333
vn -0.1419 -0.6262 -0.7666
vn -0.1419 0.6262 -0.7666
vn -0.0247 0.9908 -0.1333
vn -0.0785 -0.9022 -0.4242
vn -0.1820 -0.0000 -0.9833
vn -0.0785 0.9022 -0.4242
vn 0.0167 -0.9956 -0.0920
vn 0.1164 -0.7604 -0.6389
vn 0.1164 0.7604 -0.6389
vn 0.0167 0.9956 -0.0920
vn 0.0558 -0.9502 -0.3066
vn 0.1792 -0.0000 -0.9838
vn 0.0558 0.9502 -0.3066
vn 0.6109 -0.0000 -0.7917
vn 0.1492 0.9697 -0.1934
vn 0.0439 -0.9974 -0.0569
vn 0.3350 -0.8362 -0.4342
vn 0.3350 0.8362 -0.4342
vn 0.0439 0.9974 -0.0569
vn 0.1492 -0.9697 -0.1934
vn 0.0544 -0.9985 -0.0000
vn 0.4438 -0.8961 -0.0000
vn 0.4438 0.8961 -0.0000
vn 0.0544 0.9985 -0.0000
vn 0.1869 -0.9824 -0.0000
vn 0.1869 0.9824 -0.0000
vn 0.0439 -0.9974 0.0569
vn 0.3350 -0.8362 0.4342
vn 0.3350 0.8362 0.4342
vn 0.0439 0.9974 0.0569
vn 0.1492 -0.9697 0.1934
vn 0.6109 -0.0000 0.7917
vn 0.1492 0.9697 0.1934
vn 0.1164 0.7604 0.6389
vn 0.0167 0.9956 0.0920
vn 0.0558 -0.9502 0.3066
vn 0.1792 -0.0000 0.9838
vn 0.0558 0.9502 0.3066
vn 0.0167 -0.9956 0.0920
vn 0.1164 -0.7604 0.6389
vn -0.0558 -0.9502 0.3066
vn -0.1792 -0.0000 0.9838
vn -0.0558 0.9502 0.3066
vn -0.0167 -0.9956 0.0920
vn -0.1164 -0.7604 0.6389
vn -0.1164 0.7604 0.6389
vn -0.0167 0.9956 0.0920
vn -0.1492 -0.9697 0.1934
vn -0.6109 -0.0000 0.7917
vn -0.1492 0.9697 0.1934
vn -0.0439 -0.9974 0.0569
vn -0.3350 -0.8362 0.4342
vn -0.3350 0.8362 0.4342
vn -0.0439 0.9974 0.0569
vn -0.1869 0.9824 -0.0000
vn -0.0544 -0.9985 -0.0000
vn -0.4438 -0.8961 -0.0000
vn -0.4438 0.8961 -0.0000
vn -0.0544 0.9985 -0.0000
vn -0.1869 -0.9824 -0.0000
vn -0.0439 -0.9974 -0.0569
vn -0.3350 -0.8362 -0.4342
vn -0.3350 0.8362 -0.4342
vn -0.0439 0.9974 -0.0569
vn -0.1492 -0.9697 -0.1934
vn -0.6109 -0.0000 -0.7917
vn -0.1492 0.9697 -0.1934
vn -0.1164 -0.7604 -0.6389
vn -0.1164 0.7604 -0.6389
vn -0.0167 0.9956 -0.0920
vn -0.0558 -0.9502 -0.3066
vn -0.1792 -0.0000 -0.9838
vn -0.0558 0.9502 -0.3066
vn -0.0167 -0.9956 -0.0920
vn 0.0305 0.9923 -0.1202
vn 0.0983 -0.9164 -0.3880
vn 0.2456 -0.0000 -0.9694
vn 0.0983 0.9164 -0.3880
vn 0.0305 -0.9923 -0.1202
vn 0.1844 -0.6604 -0.7280
vn 0.1844 0.6604 -0.7280
vn 0.5172 -0.7073 -0.4819
vn 0.5172 0.7073 -0.4819
vn 0.0799 0.9940 -0.0744
vn 0.2621 -0.9336 -0.2443
vn 0.7316 -0.0000 -0.6817
vn 0.2621 0.9336 -0.2443
vn 0.0799 -0.9940 -0.0744
vn 0.0988 0.9951 -0.0000
vn 0.3279 -0.9447 -0.0000
vn 0.3279 0.9447 -0.0000
vn 0.0988 -0.9951 -0.0000
vn 0.6705 -0.7419 -0.0000
vn 0.6705 0.7419 -0.0000
vn 0.2621 -0.9336 0.2443
vn 0.7316 -0.0000 0.6817
vn 0.2621 0.9336 0.2443
vn 0.0799 -0.9940 0.0744
vn 0.5172 -0.7073 0.4819
vn 0.5172 0.7073 0.4819
vn 0.0799 0.9940 0.0744
vn 0.2456 -0.0000 0.9694
vn 0.0983 0.9164 0.3880
vn 0.0305 -0.9923 0.1202
vn 0.1844 -0.6604 0.7280
vn 0.1844 0.6604 0.7280
vn 0.0305 0.9923 0.1202
vn 0.0983 -0.9164 0.3880
vn -0.0305 -0.9923 0.1202
vn -0.1844 -0.6604 0.7280
vn -0.1844 0.6604 0.7280
vn -0.0305 0.9923 0.1202
vn -0.0983 -0.9164 0.3880
vn -0.2456 -0.0000 0.9694
vn -0.0983 0.9164 0.3880
vn -0.0799 -0.9940 0.0744
vn -0.5172 -0.7073 0.4819
vn -0.5172 0.7073 0.4819
vn -0.0799 0.9940 0.0744
vn -0.2621 -0.9336 0.2443
vn -0.7316 -0.0000 0.6817
vn -0.2621 0.9336 0.2443
vn -0.6705 0.7419 -0.0000
vn -0.0988 0.9951 -0.0000
vn -0.3279 -0.9447 -0.0000
vn -0.3279 0.9447 -0.0000
vn -0.0988 -0.9951 -0.0000
vn -0.6705 -0.7419 -0.0000
vn -0.2621 -0.9336 -0.2443
vn -0.7316 -0.0000 -0.6817
vn -0.2621 0.9336 -0.2443
vn -0.0799 -0.9940 -0.0744
vn -0.5172 -0.7073 -0.4819
vn -0.5172 0.7073 -0.4819
vn -0.0799 0.9940 -0.0744
vn -0.0983 -0.9164 -0.3880
vn -0.2456 -0.0000 -0.9694
vn -0.0983 0.9164 -0.3880
vn -0.0305 -0.9923 -0.1202
vn -0.1844 -0.6604 -0.7280
vn -0.1844 0.6604 -0.7280
vn -0.0305 0.9923 -0.1202
vn 0.1548 -0.8794 -0.4503
vn 0.3251 -0.0000 -0.9457
vn 0.1548 0.8794 -0.4503
vn 0.0498 -0.9882 -0.1448
vn 0.2651 -0.5785 -0.7714
vn 0.2651 0.5785 -0.7714
vn 0.0498 0.9882 -0.1448
vn 0.6794 0.5663 -0.4666
vn 0.1302 0.9874 -0.0894
vn 0.4022 -0.8729 -0.2762
vn 0.8243 -0.0000 -0.5661
vn 0.4022 0.8729 -0.2762
vn 0.1302 -0.9874 -0.0894
vn 0.6794 -0.5663 -0.4666
vn 0.4949 -0.8689 -0.0000
vn 0.4949 0.8689 -0.0000
vn 0.1609 -0.9870 -0.0000
vn 0.8291 -0.5591 -0.0000
vn 0.8291 0.5591 -0.0000
vn 0.1609 0.9870 -0.0000
vn 0.4022 -0.8729 0.2762
vn 0.8243 -0.0000 0.5661
vn 0.4022 0.8729 0.2762
vn 0.1302 -0.9874 0.0894
vn 0.6794 -0.5663 0.4666
vn 0.6794 0.5663 0.4666
vn 0.1302 0.9874 0.0894
vn 0.1548 0.8794 0.4503
vn 0.0498 -0.9882 0.1448
vn 0.2651 -0.5785 0.7714
vn 0.2651 0.5785 0.7714
vn 0.0498 0.9882 0.1448
vn 0.1548 -0.8794 0.4503
vn 0.3251 -0.0000 0.9457
vn -0.0498 -0.9882 0.1448
vn -0.2651 -0.5785 0.7714
vn -0.2651 0.5785 0.7714
vn -0.0498 0.9882 0.1448
vn -0.1548 -0.8794 0.4503
vn -0.3251 -0.0000 0.9457
vn -0.1548 0.8794 0.4503
vn -0.6794 -0.5663 0.4666
vn -0.6794 0.5663 0.4666
vn -0.1302 0.9874 0.0894
vn -0.4022 -0.8729 0.2762
vn -0.8243 -0.0000 0.5661
vn -0.4022 0.8729 0.2762
vn -0.1302 -0.9874 0.0894
vn -0.1609 0.9870 -0.0000
vn -0.4949 -0.8689 -0.0000
vn -0.4949 0.8689 -0.0000
vn -0.1609 -0.9870 -0.0000
vn -0.8291 -0.5591 -0.0000
vn -0.8291 0.5591 -0.0000
vn -0.4022 -0.8729 -0.2762
vn -0.8243 -0.0000 -0.5661
vn -0.4022 0.8729 -0.2762
vn -0.1302 -0.9874 -0.0894
vn -0.6794 -0.5663 -0.4666
vn -0.6794 0.5663 -0.4666
vn -0.1302 0.9874 -0.0894
vn -0.3251 -0.0000 -0.9457
vn -0.1548 0.8794 -0.4503
vn -0.0498 -0.9882 -0.1448
vn -0.2651 -0.5785 -0.7714
vn -0.2651 0.5785 -0.7714
vn -0.0498 0.9882 -0.1448
vn -0.1548 -0.8794 -0.4503
vn 0.0353 -0.9937 -0.1065
vn 0.2254 -0.6975 -0.6802
vn 0.2254 0.6975 -0.6802
vn 0.0353 0.9937 -0.1065
vn 0.1154 -0.9302 -0.3484
vn 0.3145 -0.0000 -0.9493
vn 0.1154 0.9302 -0.3484
vn 0.8144 -0.0000 -0.5803
vn 0.3017 0.9288 -0.2150
vn 0.0924 -0.9935 -0.0658
vn 0.5867 -0.6936 -0.4181
vn 0.5867 0.6936 -0.4181
vn 0.0924 0.9935 -0.0658
vn 0.3017 -0.9288 -0.2150
vn 0.1142 -0.9935 -0.0000
vn 0.7227 -0.6912 -0.0000
vn 0.7227 0.6912 -0.0000
vn 0.1142 0.9935 -0.0000
vn 0.3726 -0.9280 -0.0000
vn 0.3726 0.9280 -0.0000
vn 0.0924 -0.9935 0.0658
vn 0.5867 -0.6936 0.4181
vn 0.5867 0.6936 0.4181
vn 0.0924 0.9935 0.0658
vn 0.3017 -0.9288 0.2150
vn 0.8144 -0.0000 0.5803
vn 0.3017 0.9288 0.2150
vn 0.2254 0.6975 0.6802
vn 0.0353 0.9937 0.1065
vn 0.1154 -0.9302 0.3484
vn 0.3145 -0.0000 0.9493
vn 0.1154 0.9302 0.3484
vn 0.0353 -0.9937 0.1065
vn 0.2254 -0.6975 0.6803
vn -0.1154 -0.9302 0.3484
vn -0.3145 -0.0000 0.9493
vn -0.1154 0.9302 0.3484
vn -0.0353 -0.9937 0.1065
vn -0.2254 -0.6975 0.6803
vn -0.2254 0.6975 0.6802
vn -0.0353 0.9937 0.1065
vn -0.3017 -0.9288 0.2150
vn -0.8144 -0.0000 0.5803
vn -0.3017 0.9288 0.2150
vn -0.0924 -0.9935 0.0658
vn -0.5867 -0.6936 0.4181
vn -0.5867 0.6936 0.4181
vn -0.0924 0.9935 0.0658
vn -0.3726 0.9280 -0.0000
vn -0.1142 -0.9935 -0.0000
vn -0.7227 -0.6912 -0.0000
vn -0.7227 0.6912 -0.0000
vn -0.1142 0.9935 -0.0000
vn -0.3726 -0.9280 -0.0000
vn -0.0924 -0.9935 -0.0658
vn -0.5867 -0.6936 -0.4181
vn -0.5867 0.6936 -0.4181
vn -0.0924 0.9935 -0.0658
vn -0.3017 -0.9288 -0.2150
vn -0.8144 -0.0000 -0.5803
vn -0.3017 0.9288 -0.2150
vn -0.2254 -0.6975 -0.6802
vn -0.2254 0.6975 -0.6802
vn -0.0353 0.9937 -0.1065
vn -0.1154 -0.9302 -0.3484
vn -0.3145 -0.0000 -0.9493
vn -0.1154 0.9302 -0.3484
vn -0.0353 -0.9937 -0.1065
vn 0.0160 -0.9979 -0.0621
vn 0.1261 -0.8633 -0.4888
vn 0.1261 0.8633 -0.4888
vn 0.0160 0.9979 -0.0621
vn 0.0547 -0.9757 -0.2122
vn 0.2498 -0.0000 -0.9683
vn 0.0547 0.9757 -0.2122
vn 0.1440 0.9808 -0.1318
vn 0.0420 -0.9984 -0.0384
vn 0.3395 -0.8878 -0.3107
vn 0.3395 0.8878 -0.3107
vn 0.0420 0.9984 -0.0384
vn 0.1440 -0.9808 -0.1318
vn 0.7377 -0.0000 -0.6751
vn 0.0519 -0.9987 -0.0000
vn 0.4273 -0.9041 -0.0000
vn 0.4273 0.9041 -0.0000
vn 0.0519 0.9987 -0.0000
vn 0.1786 -0.9839 -0.0000
vn 0.1786 0.9839 -0.0000
vn 0.3395 -0.8878 0.3107
vn 0.3395 0.8878 0.3107
vn 0.0420 0.9984 0.0384
vn 0.1440 -0.9808 0.1318
vn 0.7377 -0.0000 0.6751
vn 0.1440 0.9808 0.1318
vn 0.0420 -0.9984 0.0384
vn 0.0160 0.9979 0.0621
vn 0.0547 -0.9757 0.2122
vn 0.2498 -0.0000 0.9683
vn 0.0547 0.9757 0.2122
vn 0.0160 -0.9979 0.0621
vn 0.1261 -0.8633 0.4888
vn 0.1261 0.8633 0.4888
vn -0.0547 -0.9757 0.2122
vn -0.2498 -0.0000 0.9683
vn -0.0547 0.9757 0.2122
vn -0.0160 -0.9979 0.0621
vn -0.1261 -0.8633 0.4888
vn -0.1261 0.8633 0.4888
vn -0.0160 0.9979 0.0621
vn -0.7377 -0.0000 0.6751
vn -0.1440 0.9808 0.1318
vn -0.0420 -0.9984 0.0384
vn -0.3395 -0.8878 0.3107
vn -0.3395 0.8878 0.3107
vn -0.0420 0.9984 0.0384
vn -0.1440 -0.9808 0.1318
vn -0.0519 -0.9987 -0.0000
vn -0.4273 -0.9041 -0.0000
vn -0.4273 0.9041 -0.0000
vn -0.0519 0.9987 -0.0000
vn -0.1786 -0.9839 -0.0000
vn -0.1786 0.9839 -0.0000
vn -0.0420 -0.9984 -0.0384
vn -0.3395 -0.8878 -0.3107
vn -0.3395 0.8878 -0.3107
vn -0.0420 0.9984 -0.0384
vn -0.1440 -0.9808 -0.1318
vn -0.7377 -0.0000 -0.6751
vn -0.1440 0.9808 -0.1318
vn -0.1261 0.8633 -0.4888
vn -0.0160 0.9979 -0.0621
vn -0.0547 -0.9757 -0.2122
vn -0.2498 -0.0000 -0.9683
vn -0.0547 0.9757 -0.2122
vn -0.0160 -0.9979 -0.0621
vn -0.1261 -0.8633 -0.4888
vn 0.0605 -0.9493 -0.3085
vn 0.1924 -0.0000 -0.9813
vn 0.0605 0.9493 -0.3085
vn 0.0182 -0.9955 -0.0926
vn 0.1257 -0.7573 -0.6408
vn 0.1257 0.7573 -0.6408
vn 0.0182 0.9955 -0.0926
vn 0.3592 0.8270 -0.4325
vn 0.0476 0.9972 -0.0573
vn 0.1614 -0.9676 -0.1943
vn 0.6389 -0.0000 -0.7693
vn 0.1614 0.9676 -0.1943
vn 0.0476 -0.9972 -0.0573
vn 0.3592 -0.8270 -0.4325
vn 0.2020 -0.9794 -0.0000
vn 0.2020 0.9794 -0.0000
vn 0.0589 -0.9983 -0.0000
vn 0.4731 -0.8810 -0.0000
vn 0.4731 0.8810 -0.0000
vn 0.0589 0.9983 -0.0000
vn 0.1614 -0.9676 0.1943
vn 0.6389 -0.0000 0.7693
vn 0.1614 0.9676 0.1943
vn 0.0476 -0.9972 0.0573
vn 0.3592 -0.8270 0.4325
vn 0.3592 0.8270 0.4325
vn 0.0476 0.9972 0.0573
vn 0.0605 0.9493 0.3085
vn 0.0182 -0.9955 0.0926
vn 0.1257 -0.7573 0.6408
vn 0.1257 0.7573 0.6408
vn 0.0182 0.9955 0.0926
vn 0.0605 -0.9493 0.3085
vn 0.1924 -0.0000 0.9813
vn -0.0182 -0.9955 0.0926
vn -0.1257 -0.7573 0.6408
vn -0.1257 0.7573 0.6408
vn -0.0182 0.9955 0.0926
vn -0.0605 -0.9493 0.3085
vn -0.1924 -0.0000 0.9813
vn -0.0605 0.9493 0.3085
vn -0.3592 -0.8270 0.4325
vn -0.3592 0.8270 0.4325
vn -0.0476 0.9972 0.0573
vn -0.1614 -0.9676 0.1943
vn -0.6389 -0.0000 0.7693
vn -0.1614 0.9676 0.1943
vn -0.0476 -0.9972 0.0573
vn -0.0589 0.9983 -0.0000
vn -0.2020 -0.9794 -0.0000
vn -0.2020 0.9794 -0.0000
vn -0.0589 -0.9983 -0.0000
vn -0.4731 -0.8810 -0.0000
vn -0.4731 0.8810 -0.0000
vn -0.1614 -0.9676 -0.1943
vn -0.6389 -0.0000 -0.7693
vn -0.1614 0.9676 -0.1943
vn -0.0476 -0.9972 -0.0573
vn -0.3592 -0.8270 -0.4325
vn -0.3592 0.8270 -0.4325
vn -0.0476 0.9972 -0.0573
vn -0.1924 -0.0000 -0.9813
vn -0.0605 0.9493 -0.3085
vn -0.0182 -0.9955 -0.0926
vn -0.1257 -0.7573 -0.6408
vn -0.1257 0.7573 -0.6408
vn -0.0182 0.9955 -0.0926
vn -0.0605 -0.9493 -0.3085
vn 0.1736 -0.0000 -0.9848
vn 0.0989 0.8220 -0.5609
vn 0.0338 -0.9809 -0.1916
vn 0.1518 -0.4848 -0.8614
vn 0.1518 0.4848 -0.8614
vn 0.0338 0.9809 -0.1916
vn 0.0989 -0.8220 -0.5609
vn 0.2786 -0.8849 -0.3732
vn 0.5982 -0.0000 -0.8013
vn 0.2786 0.8849 -0.3732
vn 0.0891 -0.9888 -0.1194
vn 0.4833 -0.5895 -0.6473
vn 0.4833 0.5895 -0.6473
vn 0.0891 0.9888 -0.1194
vn 0.3627 0.9319 -0.0000
vn 0.1107 -0.9939 -0.0000
vn 0.7118 -0.7024 -0.0000
vn 0.7118 0.7024 -0.0000
vn 0.1107 0.9939 -0.0000
vn 0.3627 -0.9319 -0.0000
vn 0.0891 -0.9888 0.1194
vn 0.4833 -0.5895 0.6473
vn 0.4833 0.5895 0.6473
vn 0.0891 0.9888 0.1194
vn 0.2786 -0.8849 0.3732
vn 0.5982 -0.0000 0.8013
vn 0.2786 0.8849 0.3732
vn 0.0338 -0.9809 0.1916
vn 0.1518 -0.4848 0.8614
vn 0.1518 0.4848 0.8614
vn 0.0338 0.9809 0.1916
vn 0.0989 -0.8220 0.5609
vn 0.1736 -0.0000 0.9848
vn 0.0989 0.8220 0.5609
vn -0.1518 0.4848 0.8614
vn -0.0338 0.9809 0.1916
vn -0.0989 -0.8220 0.5609
vn -0.1736 -0.0000 0.9848
vn -0.0989 0.8220 0.5609
vn -0.0338 -0.9809 0.1916
vn -0.1518 -0.4848 0.8614
vn -0.2786 -0.8849 0.3732
vn -0.5982 -0.0000 0.8013
vn -0.2786 0.8849 0.3732
vn -0.0891 -0.9888 0.1194
vn -0.4833 -0.5895 0.6473
vn -0.4833 0.5895 0.6473
vn -0.0891 0.9888 0.1194
vn -0.3627 -0.9319 -0.0000
vn -0.3627 0.9319 -0.0000
vn -0.1107 -0.9939 -0.0000
vn -0.7118 -0.7024 -0.0000
vn -0.7118 0.7024 -0.0000
vn -0.1107 0.9939 -0.0000
vn -0.2786 0.8849 -0.3732
vn -0.0891 -0.9888 -0.1194
vn -0.4833 -0.5895 -0.6473
vn -0.4833 0.5895 -0.6473
vn -0.0891 0.9888 -0.1194
vn -0.2786 -0.8849 -0.3732
vn -0.5982 -0.0000 -0.8013
vn -0.0338 -0.9809 -0.1916
vn -0.1518 -0.4848 -0.8614
vn -0.1518 0.4848 -0.8614
vn -0.0338 0.9809 -0.1916
vn -0.0989 -0.8220 -0.5609
vn -0.1736 -0.0000 -0.9848
vn -0.0989 0.8220 -0.5609
vn 0.1898 0.5076 -0.8404
vn 0.0404 0.9830 -0.1789
vn 0.1203 -0.8377 -0.5327
vn 0.2203 -0.0000 -0.9754
vn 0.1203 0.8377 -0.5327
vn 0.0404 -0.9830 -0.1789
vn 0.1898 -0.5076 -0.8404
vn 0.1063 -0.9881 -0.1111
vn 0.5647 -0.5768 -0.5902
vn 0.5647 0.5768 -0.5902
vn 0.1063 0.9881 -0.1111
vn 0.3303 -0.8785 -0.3452
vn 0.6913 -0.0000 -0.7225
vn 0.3303 0.8785 -0.3452
vn 0.7709 0.6370 -0.0000
vn 0.1319 0.9913 -0.0000
vn 0.4214 -0.9069 -0.0000
vn 0.4214 0.9069 -0.0000
vn 0.1319 -0.9913 -0.0000
vn 0.7709 -0.6370 -0.0000
vn 0.3303 -0.8785 0.3452
vn 0.6913 -0.0000 0.7225
vn 0.3303 0.8785 0.3452
vn 0.1063 -0.9881 0.1111
vn 0.5647 -0.5768 0.5902
vn 0.5647 0.5768 0.5902
vn 0.1063 0.9881 0.1111
vn 0.1203 -0.8377 0.5327
vn 0.2203 -0.0000 0.9754
vn 0.1203 0.8377 0.5327
vn 0.0404 -0.9830 0.1789
vn 0.1898 -0.5076 0.8404
vn 0.1898 0.5076 0.8404
vn 0.0404 0.9830 0.1789
vn -0.1203 0.8377 0.5327
vn -0.0404 -0.9830 0.1789
vn -0.1898 -0.5076 0.8404
vn -0.1898 0.5076 0.8404
vn -0.0404 0.9830 0.1789
vn -0.1203 -0.8377 0.5327
vn -0.2203 -0.0000 0.9754
vn -0.1063 -0.9881 0.1111
vn -0.5647 -0.5768 0.5902
vn -0.5647 0.5768 0.5902
vn -0.1063 0.9881 0.1111
vn -0.3303 -0.8785 0.3452
vn -0.6913 -0.0000 0.7225
vn -0.3303 0.8785 0.3452
vn -0.7709 -0.6370 -0.0000
vn -0.7709 0.6370 -0.0000
vn -0.1319 0.9913 -0.0000
vn -0.4214 -0.9069 -0.0000
vn -0.4214 0.9069 -0.0000
vn -0.1319 -0.9913 -0.0000
vn -0.1063 0.9881 -0.1111
vn -0.3303 -0.8785 -0.3452
vn -0.6913 -0.0000 -0.7225
vn -0.3303 0.8785 -0.3452
vn -0.1063 -0.9881 -0.1111
vn -0.5647 -0.5768 -0.5902
vn -0.5647 0.5768 -0.5902
vn -0.1203 -0.8377 -0.5327
vn -0.2203 -0.0000 -0.9754
vn -0.1203 0.8377 -0.5327
vn -0.0404 -0.9830 -0.1789
vn -0.1898 -0.5076 -0.8404
vn -0.1898 0.5076 -0.8404
vn -0.0404 0.9830 -0.1789
vn 0.0264 -0.9963 -0.0812
vn 0.1903 -0.7885 -0.5849
vn 0.1903 0.7885 -0.5849
vn 0.0264 0.9963 -0.0812
vn 0.0888 -0.9579 -0.2729
vn 0.3093 -0.0000 -0.9510
vn 0.0888 0.9579 -0.2729
vn 0.0692 -0.9963 -0.0502
vn 0.4980 -0.7883 -0.3614
vn 0.4980 0.7883 -0.3614
vn 0.0692 0.9963 -0.0502
vn 0.2324 -0.9579 -0.1687
vn 0.8093 -0.0000 -0.5874
vn 0.2324 0.9579 -0.1687
vn 0.0855 -0.9963 -0.0000
vn 0.6155 -0.7882 -0.0000
vn 0.6155 0.7882 -0.0000
vn 0.0855 0.9963 -0.0000
vn 0.2872 -0.9579 -0.0000
vn 0.2872 0.9579 -0.0000
vn 0.4980 0.7883 0.3614
vn 0.0692 0.9963 0.0502
vn 0.2324 -0.9579 0.1687
vn 0.8093 -0.0000 0.5874
vn 0.2324 0.9579 0.1687
vn 0.0692 -0.9963 0.0502
vn 0.4980 -0.7883 0.3614
vn 0.0888 -0.9579 0.2729
vn 0.3093 -0.0000 0.9510
vn 0.0888 0.9579 0.2729
vn 0.0264 -0.9963 0.0812
vn 0.1903 -0.7885 0.5849
vn 0.1903 0.7885 0.5849
vn 0.0264 0.9963 0.0812
vn -0.0888 -0.9579 0.2729
vn -0.3093 -0.0000 0.9510
vn -0.0888 0.9579 0.2729
vn -0.0264 -0.9963 0.0812
vn -0.1903 -0.7885 0.5849
vn -0.1903 0.7885 0.5849
vn -0.0264 0.9963 0.0812
vn -0.2324 0.9579 0.1687
vn -0.0692 -0.9963 0.0502
vn -0.4980 -0.7883 0.3614
vn -0.4980 0.7883 0.3614
vn -0.0692 0.9963 0.0502
vn -0.2324 -0.9579 0.1687
vn -0.8093 -0.0000 0.5874
vn -0.0855 -0.9963 -0.0000
vn -0.6155 -0.7882 -0.0000
vn -0.6155 0.7882 -0.0000
vn -0.0855 0.9963 -0.0000
vn -0.2872 -0.9579 -0.0000
vn -0.2872 0.9579 -0.0000
vn -0.4980 -0.7883 -0.3614
vn -0.4980 0.7883 -0.3614
vn -0.0692 0.9963 -0.0502
vn -0.2324 -0.9579 -0.1687
vn -0.8093 -0.0000 -0.5874
vn -0.2324 0.9579 -0.1687
vn -0.0692 -0.9963 -0.0502
vn -0.0264 0.9963 -0.0812
vn -0.0888 -0.9579 -0.2729
vn -0.3093 -0.0000 -0.9510
vn -0.0888 0.9579 -0.2729
vn -0.0264 -0.9963 -0.0812
vn -0.1903 -0.7885 -0.5849
vn -0.1903 0.7885 -0.5849
vn 0.0773 -0.9716 -0.2238
vn 0.3265 -0.0000 -0.9452
vn 0.0773 0.9716 -0.2238
vn 0.0227 -0.9976 -0.0658
vn 0.1749 -0.8443 -0.5065
vn 0.1749 0.8443 -0.5065
vn 0.0227 0.9976 -0.0658
vn 0.2020 -0.9696 -0.1380
vn 0.8256 -0.0000 -0.5642
vn 0.2020 0.9696 -0.1380
vn 0.0595 -0.9974 -0.0406
vn 0.4534 -0.8357 -0.3098
vn 0.4534 0.8357 -0.3098
vn 0.0595 0.9974 -0.0406
vn 0.2494 -0.9684 -0.0000
vn 0.2494 0.9684 -0.0000
vn 0.0735 -0.9973 -0.0000
vn 0.5569 -0.8306 -0.0000
vn 0.5569 0.8306 -0.0000
vn 0.0735 0.9973 -0.0000
vn 0.2020 0.9696 0.1380
vn 0.0595 -0.9974 0.0406
vn 0.4534 -0.8357 0.3098
vn 0.4534 0.8357 0.3098
vn 0.0595 0.9974 0.0406
vn 0.2020 -0.9696 0.1380
vn 0.8256 -0.0000 0.5642
vn 0.0227 -0.9976 0.0658
vn 0.1749 -0.8443 0.5065
vn 0.1750 0.8443 0.5065
vn 0.0227 0.9976 0.0658
vn 0.0773 -0.9716 0.2238
vn 0.3265 -0.0000 0.9452
vn 0.0773 0.9716 0.2238
vn -0.1749 -0.8443 0.5065
vn -0.1750 0.8443 0.5065
vn -0.0227 0.9976 0.0658
vn -0.0773 -0.9716 0.2238
vn -0.3265 -0.0000 0.9452
vn -0.0773 0.9716 0.2238
vn -0.0227 -0.9976 0.0658
vn -0.0595 0.9974 0.0406
vn -0.2020 -0.9696 0.1380
vn -0.8256 -0.0000 0.5642
vn -0.2020 0.9696 0.1380
vn -0.0595 -0.9974 0.0406
vn -0.4534 -0.8357 0.3098
vn -0.4534 0.8357 0.3098
vn -0.2494 -0.9684 -0.0000
vn -0.2494 0.9684 -0.0000
vn -0.0735 -0.9973 -0.0000
vn -0.5569 -0.8306 -0.0000
vn -0.5569 0.8306 -0.0000
vn -0.0735 0.9973 -0.0000
vn -0.8256 -0.0000 -0.5642
vn -0.2020 0.9696 -0.1380
vn -0.0595 -0.9974 -0.0406
vn -0.4534 -0.8357 -0.3098
vn -0.4534 0.8357 -0.3098
vn -0.0595 0.9974 -0.0406
vn -0.2020 -0.9696 -0.1380
vn -0.0227 -0.9976 -0.0658
vn -0.1749 -0.8443 -0.5065
vn -0.1749 0.8443 -0.5065
vn -0.0227 0.9976 -0.0658
vn -0.0773 -0.9716 -0.2238
vn -0.3265 -0.0000 -0.9452
vn -0.0773 0.9716 -0.2238
vn 0.1041 -0.9222 -0.3723
vn 0.2692 -0.0000 -0.9631
vn 0.1041 0.9222 -0.3723
vn 0.0321 -0.9929 -0.1147
vn 0.1985 -0.6755 -0.7101
vn 0.1985 0.6755 -0.7101
vn 0.0321 0.9929 -0.1147
vn 0.5421 0.7046 -0.4578
vn 0.0841 0.9939 -0.0710
vn 0.2756 -0.9327 -0.2327
vn 0.7640 -0.0000 -0.6452
vn 0.2756 0.9327 -0.2327
vn 0.0840 -0.9939 -0.0710
vn 0.5421 -0.7046 -0.4578
vn 0.3430 -0.9393 -0.0000
vn 0.3430 0.9393 -0.0000
vn 0.1040 -0.9946 -0.0000
vn 0.6891 -0.7247 -0.0000
vn 0.6891 0.7247 -0.0000
vn 0.1040 0.9946 -0.0000
vn 0.2756 -0.9327 0.2327
vn 0.7640 -0.0000 0.6452
vn 0.2756 0.9327 0.2327
vn 0.0840 -0.9939 0.0710
vn 0.5421 -0.7046 0.4578
vn 0.5421 0.7046 0.4578
vn 0.0840 0.9939 0.0710
vn 0.1041 0.9222 0.3723
vn 0.0321 -0.9929 0.1147
vn 0.1985 -0.6755 0.7101
vn 0.1985 0.6755 0.7101
vn 0.0321 0.9929 0.1147
vn 0.1041 -0.9222 0.3723
vn 0.2692 -0.0000 0.9631
vn -0.0321 -0.9929 0.1147
vn -0.1985 -0.6755 0.7101
vn -0.1985 0.6755 0.7101
vn -0.0321 0.9929 0.1147
vn -0.1041 -0.9222 0.3723
vn -0.2692 -0.0000 0.9631
vn -0.1041 0.9222 0.3723
vn -0.5421 -0.7046 0.4578
vn -0.5421 0.7046 0.4578
vn -0.0840 0.9939 0.0710
vn -0.2756 -0.9327 0.2327
vn -0.7640 -0.0000 0.6452
vn -0.2756 0.9327 0.2327
vn -0.0840 -0.9939 0.0710
vn -0.1040 0.9946 -0.0000
vn -0.3430 -0.9393 -0.0000
vn -0.3430 0.9393 -0.0000
vn -0.1040 -0.9946 -0.0000
vn -0.6891 -0.7247 -0.0000
vn -0.6891 0.7247 -0.0000
vn -0.2756 -0.9327 -0.2327
vn -0.7640 -0.0000 -0.6452
vn -0.2756 0.9327 -0.2327
vn -0.0840 -0.9939 -0.0710
vn -0.5421 -0.7046 -0.4578
vn -0.5421 0.7046 -0.4578
vn -0.0840 0.9939 -0.0710
vn -0.2692 -0.0000 -0.9631
vn -0.1041 0.9222 -0.3723
vn -0.0321 -0.9929 -0.1147
vn -0.1985 -0.6755 -0.7101
vn -0.1985 0.6755 -0.7101
vn -0.0321 0.9929 -0.1147
vn -0.1041 -0.9222 -0.3723
vn 0.1663 -0.5898 -0.7903
vn 0.1663 0.5898 -0.7903
vn 0.0306 0.9889 -0.1456
vn 0.0958 -0.8851 -0.4555
vn 0.2059 -0.0000 -0.9786
vn 0.0958 0.8851 -0.4555
vn 0.0306 -0.9889 -0.1456
vn 0.0805 -0.9926 -0.0904
vn 0.4942 -0.6696 -0.5545
vn 0.4942 0.6696 -0.5545
vn 0.0805 0.9926 -0.0904
vn 0.2608 -0.9200 -0.2926
vn 0.6653 -0.0000 -0.7465
vn 0.2608 0.9200 -0.2926
vn 0.6740 -0.7388 -0.0000
vn 0.6740 0.7388 -0.0000
vn 0.0998 0.9950 -0.0000
vn 0.3306 -0.9438 -0.0000
vn 0.3306 0.9438 -0.0000
vn 0.0998 -0.9950 -0.0000
vn 0.0805 0.9926 0.0904
vn 0.2608 -0.9200 0.2926
vn 0.6653 -0.0000 0.7465
vn 0.2608 0.9200 0.2926
vn 0.0805 -0.9926 0.0904
vn 0.4942 -0.6696 0.5545
vn 0.4942 0.6696 0.5545
vn 0.0958 -0.8851 0.4555
vn 0.2059 -0.0000 0.9786
vn 0.0958 0.8851 0.4555
vn 0.0306 -0.9889 0.1456
vn 0.1663 -0.5898 0.7903
vn 0.1663 0.5898 0.7903
vn 0.0306 0.9889 0.1456
vn -0.2059 -0.0000 0.9786
vn -0.0958 0.8851 0.4555
vn -0.0306 -0.9889 0.1456
vn -0.1663 -0.5898 0.7903
vn -0.1663 0.5898 0.7903
vn -0.0306 0.9889 0.1456
vn -0.0958 -0.8851 0.4555
vn -0.0805 -0.9926 0.0904
vn -0.4942 -0.6696 0.5545
vn -0.4942 0.6696 0.5545
vn -0.0805 0.9926 0.0904
vn -0.2608 -0.9200 0.2926
vn -0.6653 -0.0000 0.7465
vn -0.2608 0.9200 0.2926
vn -0.0998 -0.9950 -0.0000
vn -0.6740 -0.7388 -0.0000
vn -0.6740 0.7388 -0.0000
vn -0.0998 0.9950 -0.0000
vn -0.3306 -0.9438 -0.0000
vn -0.3306 0.9438 -0.0000
vn -0.4942 0.6696 -0.5545
vn -0.0805 0.9926 -0.0904
vn -0.2608 -0.9200 -0.2926
vn -0.6653 -0.0000 -0.7465
vn -0.2608 0.9200 -0.2926
vn -0.0805 -0.9926 -0.0904
vn -0.4942 -0.6696 -0.5545
vn -0.0958 -0.8851 -0.4555
vn -0.2059 -0.0000 -0.9786
vn -0.0958 0.8851 -0.4555
vn -0.0306 -0.9889 -0.1456
vn -0.1663 -0.5898 -0.7903
vn -0.1663 0.5898 -0.7903
vn -0.0306 0.9889 -0.1456
vn 0.0647 0.9277 -0.3677
vn 0.0198 -0.9934 -0.1127
vn 0.1254 -0.6904 -0.7125
vn 0.1254 0.6904 -0.7125
vn 0.0198 0.9934 -0.1127
vn 0.0647 -0.9277 -0.3677
vn 0.1734 -0.0000 -0.9849
vn 0.1747 -0.9564 -0.2342
vn 0.5978 -0.0000 -0.8016
vn 0.1747 0.9564 -0.2342
vn 0.0521 -0.9962 -0.0698
vn 0.3722 -0.7826 -0.4991
vn 0.3722 0.7826 -0.4991
vn 0.0521 0.9962 -0.0698
vn 0.2202 0.9754 -0.0000
vn 0.0645 -0.9979 -0.0000
vn 0.5068 -0.8621 -0.0000
vn 0.5068 0.8621 -0.0000
vn 0.0645 0.9979 -0.0000
vn 0.2202 -0.9754 -0.0000
vn 0.0521 -0.9962 0.0698
vn 0.3722 -0.7826 0.4991
vn 0.3722 0.7826 0.4991
vn 0.0521 0.9962 0.0698
vn 0.1747 -0.9564 0.2342
vn 0.5978 -0.0000 0.8016
vn 0.1747 0.9564 0.2342
vn 0.1254 -0.6904 0.7125
vn 0.1254 0.6904 0.7125
vn 0.0198 0.9934 0.1127
vn 0.0647 -0.9277 0.3677
vn 0.1734 -0.0000 0.9849
vn 0.0647 0.9277 0.3677
vn 0.0198 -0.9934 0.1127
vn -0.0198 0.9934 0.1127
vn -0.0647 -0.9277 0.3677
vn -0.1734 -0.0000 0.9849
vn -0.0647 0.9277 0.3677
vn -0.0198 -0.9934 0.1127
vn -0.1254 -0.6904 0.7125
vn -0.1254 0.6904 0.7125
vn -0.1747 -0.9564 0.2342
vn -0.5978 -0.0000 0.8016
vn -0.1747 0.9564 0.2342
vn -0.0521 -0.9962 0.0698
vn -0.3722 -0.7826 0.4991
vn -0.3722 0.7826 0.4991
vn -0.0521 0.9962 0.0698
vn -0.2202 0.9754 -0.0000
vn -0.0645 -0.9979 -0.0000
vn -0.5068 -0.8621 -0.0000
vn -0.5068 0.8621 -0.0000
vn -0.0645 0.9979 -0.0000
vn -0.2202 -0.9754 -0.0000
vn -0.0521 -0.9962 -0.0698
vn -0.3722 -0.7826 -0.4991
vn -0.3722 0.7826 -0.4991
vn -0.0521 0.9962 -0.0698
vn -0.1747 -0.9564 -0.2342
vn -0.5978 -0.0000 -0.8016
vn -0.1747 0.9564 -0.2342
vn -0.0198 -0.9934 -0.1127
vn -0.1254 -0.6904 -0.7125
vn -0.1254 0.6904 -0.7125
vn -0.0198 0.9934 -0.1127
vn -0.0647 -0.9277 -0.3677
vn -0.1734 -0.0000 -0.9849
vn -0.0647 0.9277 -0.3677
vn 0.0644 -0.9464 -0.3164
vn 0.1995 -0.0000 -0.9799
vn 0.0644 0.9464 -0.3164
vn 0.0194 -0.9953 -0.0952
vn 0.1325 -0.7476 -0.6508
vn 0.1325 0.7476 -0.6508
vn 0.0194 0.9953 -0.0952
vn 0.0509 0.9970 -0.0590
vn 0.1720 -0.9647 -0.1994
vn 0.6532 -0.0000 -0.7572
vn 0.1720 0.9647 -0.1993
vn 0.0509 -0.9970 -0.0590
vn 0.3783 -0.8152 -0.4386
vn 0.3783 0.8152 -0.4386
vn 0.2152 -0.9766 -0.0000
vn 0.2152 0.9766 -0.0000
vn 0.0629 -0.9980 -0.0000
vn 0.4976 -0.8674 -0.0000
vn 0.4976 0.8674 -0.0000
vn 0.0629 0.9980 -0.0000
vn 0.6532 -0.0000 0.7572
vn 0.1720 0.9647 0.1993
vn 0.0509 -0.9970 0.0590
vn 0.3783 -0.8152 0.4386
vn 0.3783 0.8152 0.4386
vn 0.0509 0.9970 0.0590
vn 0.1720 -0.9647 0.1994
vn 0.0194 -0.9953 0.0952
vn 0.1325 -0.7476 0.6508
vn 0.1325 0.7476 0.6508
vn 0.0194 0.9953 0.0952
vn 0.0644 -0.9464 0.3164
vn 0.1995 -0.0000 0.9799
vn 0.0644 0.9464 0.3164
vn -0.0194 -0.9953 0.0952
vn -0.1325 -0.7476 0.6508
vn -0.1325 0.7476 0.6508
vn -0.0194 0.9953 0.0952
vn -0.0644 -0.9464 0.3164
vn -0.1995 -0.0000 0.9799
vn -0.0644 0.9464 0.3164
vn -0.3783 0.8152 0.4386
vn -0.0509 0.9970 0.0590
vn -0.1720 -0.9647 0.1994
vn -0.6532 -0.0000 0.7572
vn -0.1720 0.9647 0.1994
vn -0.0509 -0.9970 0.0590
vn -0.3783 -0.8152 0.4386
vn -0.2152 -0.9766 -0.0000
vn -0.2152 0.9766 -0.0000
vn -0.0629 -0.9980 -0.0000
vn -0.4976 -0.8674 -0.0000
vn -0.4976 0.8674 -0.0000
vn -0.0629 0.9980 -0.0000
vn -0.1720 -0.9647 -0.1994
vn -0.6532 -0.0000 -0.7572
vn -0.1720 0.9647 -0.1994
vn -0.0509 -0.9970 -0.0590
vn -0.3783 -0.8152 -0.4386
vn -0.3783 0.8152 -0.4386
vn -0.0509 0.9970 -0.0590
vn -0.0644 0.9464 -0.3164
vn -0.0194 -0.9953 -0.0952
vn -0.1325 -0.7476 -0.6508
vn -0.1325 0.7476 -0.6508
vn -0.0194 0.9953 -0.0952
vn -0.0644 -0.9464 -0.3164
vn -0.1995 -0.0000 -0.9799
vn 0.2291 -0.6007 -0.7659
vn 0.2291 0.6007 -0.7659
vn 0.0415 0.9895 -0.1387
vn 0.1304 -0.8904 -0.4360
vn 0.2866 -0.0000 -0.9581
vn 0.1304 0.8904 -0.4360
vn 0.0415 -0.9895 -0.1387
vn 0.1087 -0.9904 -0.0858
vn 0.6171 -0.6180 -0.4870
vn 0.6171 0.6180 -0.4870
vn 0.1087 0.9904 -0.0858
vn 0.3445 -0.8985 -0.2719
vn 0.7850 -0.0000 -0.6195
vn 0.3445 0.8985 -0.2719
vn 0.7770 -0.6295 -0.0000
vn 0.7770 0.6295 -0.0000
vn 0.1344 0.9909 -0.0000
vn 0.4283 -0.9036 -0.0000
vn 0.4283 0.9036 -0.0000
vn 0.1344 -0.9909 -0.0000
vn 0.1087 0.9904 0.0858
vn 0.3445 -0.8985 0.2719
vn 0.7850 -0.0000 0.6195
vn 0.3445 0.8985 0.2719
vn 0.1087 -0.9904 0.0858
vn 0.6171 -0.6180 0.4870
vn 0.6171 0.6180 0.4870
vn 0.1304 -0.8904 0.4360
vn 0.2866 -0.0000 0.9581
vn 0.1304 0.8904 0.4360
vn 0.0415 -0.9895 0.1387
vn 0.2291 -0.6007 0.7659
vn 0.2291 0.6007 0.7659
vn 0.0415 0.9895 0.1387
vn -0.2866 -0.0000 0.9581
vn -0.1304 0.8904 0.4360
vn -0.0415 -0.9895 0.1387
vn -0.2291 -0.6007 0.7659
vn -0.2291 0.6007 0.7659
vn -0.0415 0.9895 0.1387
vn -0.1304 -0.8904 0.4360
vn -0.1087 -0.9904 0.0858
vn -0.6171 -0.6180 0.4870
vn -0.6171 0.6180 0.4870
vn -0.1087 0.9904 0.0858
vn -0.3445 -0.8985 0.2719
vn -0.7850 -0.0000 0.6195
vn -0.3445 0.8985 0.2719
vn -0.1344 -0.9909 -0.0000
vn -0.7770 -0.6295 -0.0000
vn -0.7770 0.6295 -0.0000
vn -0.1344 0.9909 -0.0000
vn -0.4283 -0.9036 -0.0000
vn -0.4283 0.9036 -0.0000
vn -0.6171 0.6180 -0.4870
vn -0.1087 0.9904 -0.0858
vn -0.3445 -0.8985 -0.2719
vn -0.7850 -0.0000 -0.6195
vn -0.3445 0.8985 -0.2719
vn -0.1087 -0.9904 -0.0858
vn -0.6171 -0.6180 -0.4870
vn -0.1304 -0.8904 -0.4360
vn -0.2866 -0.0000 -0.9581
vn -0.1304 0.8904 -0.4360
vn -0.0415 -0.9895 -0.1387
vn -0.2291 -0.6007 -0.7659
vn -0.2291 0.6007 -0.7659
vn -0.0415 0.9895 -0.1387
vn -0.2444 -0.9238 -0.2947
vn -0.3342 0.5064 -0.7949
vn 0.0254 0.9857 -0.1664
vn -0.1263 -0.9912 -0.0386
vn -0.4151 -0.5472 -0.7268
vn -0.1041 0.9048 -0.4129
vn 0.0026 -0.9759 -0.2181
vn 0.2457 0.5966 -0.7640
vn 0.0972 0.9851 -0.1422
vn -0.0550 -0.9984 -0.0139
vn 0.1447 -0.7198 -0.6789
vn 0.1487 0.9282 -0.3412
vn 0.7947 0.5966 -0.1123
vn 0.1566 0.9851 -0.0716
vn 0.0044 -0.9984 0.0566
vn 0.6937 -0.7198 -0.0272
vn 0.3615 0.9282 -0.0886
vn 0.2154 -0.9759 0.0345
vn 0.1683 0.9857 0.0033
vn 0.0166 -0.9912 0.1311
vn 0.6457 -0.5472 0.5326
vn 0.3892 0.9048 0.1727
vn 0.2489 -0.9238 0.2909
vn 0.7265 0.5064 0.4645
vn -0.0254 -0.9857 0.1664
vn 0.3342 -0.5064 0.7949
vn 0.2444 0.9238 0.2947
vn 0.1041 -0.9048 0.4129
vn 0.4151 0.5472 0.7268
vn 0.1263 0.9912 0.0386
vn -0.0972 -0.9851 0.1422
vn -0.2457 -0.5966 0.7640
vn -0.0026 0.9759 0.2181
vn -0.1487 -0.9282 0.3412
vn -0.1447 0.7198 0.6789
vn 0.0550 0.9984 0.0139
vn -0.1566 -0.9851 0.0716
vn -0.7947 -0.5966 0.1123
vn -0.2154 0.9759 -0.0345
vn -0.3615 -0.9282 0.0886
vn -0.6937 0.7198 0.0272
vn -0.0044 0.9984 -0.0566
vn -0.7265 -0.5064 -0.4645
vn -0.2489 0.9238 -0.2909
vn -0.3892 -0.9048 -0.1727
vn -0.6457 0.5472 -0.5326
vn -0.0166 0.9912 -0.1311
vn -0.1683 -0.9857 -0.0033
vn -0.4340 -0.8873 -0.1561
vn -0.6964 0.5848 -0.4159
vn -0.0067 0.9963 -0.0856
vn -0.1945 -0.9807 -0.0219
vn -0.7965 -0.4688 -0.3820
vn -0.2603 0.9413 -0.2150
vn -0.2012 0.6606 -0.7233
vn 0.0657 0.9920 -0.1079
vn -0.1227 -0.9915 -0.0440
vn -0.3262 -0.6558 -0.6809
vn -0.0118 0.9530 -0.3028
vn -0.1926 -0.9511 -0.2414
vn 0.1547 0.9843 -0.0854
vn -0.0337 -0.9992 -0.0215
vn 0.4971 -0.7273 -0.4732
vn 0.3073 0.9253 -0.2223
vn 0.1265 -0.9788 -0.1610
vn 0.6222 0.5891 -0.5156
vn 0.0199 -0.9993 0.0322
vn 0.7945 -0.6069 0.0192
vn 0.4796 0.8770 -0.0284
vn 0.3059 -0.9516 0.0305
vn 0.8946 0.4467 -0.0147
vn 0.2077 0.9777 -0.0315
vn 0.0067 -0.9963 0.0856
vn 0.6964 -0.5848 0.4159
vn 0.4340 0.8873 0.1561
vn 0.2603 -0.9413 0.2150
vn 0.7965 0.4688 0.3820
vn 0.1944 0.9807 0.0219
vn -0.0657 -0.9920 0.1079
vn 0.2012 -0.6606 0.7233
vn 0.1926 0.9511 0.2414
vn 0.0118 -0.9530 0.3028
vn 0.3262 0.6558 0.6809
vn 0.1227 0.9915 0.0440
vn -0.6222 -0.5891 0.5156
vn -0.1265 0.9788 0.1610
vn -0.3073 -0.9253 0.2223
vn -0.4971 0.7273 0.4732
vn 0.0337 0.9992 0.0215
vn -0.1547 -0.9843 0.0854
vn -0.3059 0.9516 -0.0305
vn -0.4796 -0.8770 0.0284
vn -0.7945 0.6069 -0.0192
vn -0.0199 0.9993 -0.0322
vn -0.2077 -0.9777 0.0315
vn -0.8946 -0.4467 0.0147
vn -0.4801 -0.8756 0.0529
vn -0.7826 0.6100 0.1243
vn -0.0135 0.9997 0.0206
vn -0.2116 -0.9773 0.0123
vn -0.8882 -0.4436 0.1198
vn -0.2969 0.9530 0.0606
vn 0.0318 0.9987 -0.0402
vn -0.1670 -0.9848 -0.0486
vn -0.6905 -0.5938 -0.4129
vn -0.1467 0.9770 -0.1549
vn -0.3375 -0.9271 -0.1630
vn -0.5586 0.7225 -0.4073
vn -0.0820 -0.9931 -0.0834
vn 0.0945 -0.6712 -0.7353
vn 0.1576 0.9470 -0.2799
vn -0.0332 -0.9571 -0.2879
vn 0.2264 0.6452 -0.7297
vn 0.1167 0.9903 -0.0750
vn -0.0073 -0.9974 -0.0717
vn 0.6287 -0.5930 -0.5031
vn 0.4086 0.8835 -0.2290
vn 0.2253 -0.9451 -0.2368
vn 0.7343 0.4606 -0.4986
vn 0.1909 0.9796 -0.0633
vn 0.0135 -0.9997 -0.0206
vn 0.7826 -0.6100 -0.1243
vn 0.4801 0.8756 -0.0529
vn 0.2969 -0.9530 -0.0606
vn 0.8882 0.4436 -0.1198
vn 0.2116 0.9773 -0.0123
vn 0.5586 -0.7225 0.4073
vn 0.3375 0.9271 0.1630
vn 0.1467 -0.9770 0.1549
vn 0.6905 0.5938 0.4129
vn 0.1670 0.9848 0.0486
vn -0.0318 -0.9987 0.0402
vn 0.0332 0.9571 0.2879
vn -0.1576 -0.9470 0.2799
vn -0.0945 0.6712 0.7353
vn 0.0820 0.9931 0.0834
vn -0.1167 -0.9903 0.0750
vn -0.2264 -0.6452 0.7297
vn -0.4086 -0.8835 0.2290
vn -0.6287 0.5930 0.5031
vn 0.0073 0.9974 0.0717
vn -0.1909 -0.9796 0.0633
vn -0.7343 -0.4606 0.4986
vn -0.2253 0.9451 0.2368
vn -0.3662 -0.8995 0.2383
vn -0.5585 0.5586 0.6133
vn 0.0090 0.9928 0.1197
vn -0.1725 -0.9842 0.0398
vn -0.6552 -0.4950 0.5707
vn -0.1983 0.9291 0.3123
vn -0.1718 -0.9845 -0.0360
vn -0.8065 -0.5912 0.0109
vn -0.2017 0.9780 0.0530
vn -0.3766 -0.9261 -0.0239
vn -0.6856 0.7252 0.0642
vn 0.0104 0.9990 0.0442
vn -0.1232 -0.9858 -0.1144
vn -0.3573 -0.6032 -0.7131
vn -0.0276 0.9734 -0.2276
vn -0.2025 -0.9307 -0.3046
vn -0.2364 0.7132 -0.6599
vn 0.0589 0.9977 -0.0342
vn -0.0556 -0.9873 -0.1487
vn 0.2127 -0.5181 -0.8284
vn 0.2054 0.9183 -0.3384
vn 0.0375 -0.9103 -0.4123
vn 0.3095 0.5355 -0.7858
vn 0.1259 0.9897 -0.0688
vn 0.5585 -0.5586 -0.6133
vn 0.3662 0.8995 -0.2383
vn 0.1983 -0.9291 -0.3123
vn 0.6552 0.4950 -0.5707
vn 0.1725 0.9842 -0.0398
vn -0.0090 -0.9928 -0.1197
vn 0.3766 0.9261 0.0239
vn 0.2017 -0.9780 -0.0531
vn 0.8065 0.5912 -0.0109
vn 0.1718 0.9845 0.0360
vn -0.0104 -0.9990 -0.0442
vn 0.6856 -0.7252 -0.0642
vn 0.0276 -0.9734 0.2276
vn 0.3573 0.6032 0.7131
vn 0.1232 0.9858 0.1144
vn -0.0589 -0.9977 0.0342
vn 0.2364 -0.7132 0.6599
vn 0.2025 0.9307 0.3046
vn -0.2054 -0.9183 0.3384
vn -0.2127 0.5181 0.8284
vn 0.0556 0.9873 0.1487
vn -0.1259 -0.9897 0.0688
vn -0.3095 -0.5355 0.7858
vn -0.0375 0.9103 0.4123
vn -0.0900 -0.9951 0.0420
vn -0.1862 -0.5756 0.7963
vn -0.0046 0.8916 0.4527
vn -0.1339 -0.9370 0.3227
vn -0.1116 0.4781 0.8712
vn 0.0499 0.9819 0.1826
vn -0.1598 0.9552 0.2491
vn -0.2944 -0.9489 0.1137
vn -0.5394 0.6663 0.5148
vn 0.0068 0.9926 0.1211
vn -0.1335 -0.9908 -0.0199
vn -0.6325 -0.6500 0.4212
vn -0.3164 -0.9240 -0.2149
vn -0.5961 0.7306 -0.3330
vn 0.0006 0.9996 0.0294
vn -0.1397 -0.9839 -0.1116
vn -0.6892 -0.5857 -0.4266
vn -0.1817 0.9801 -0.0795
vn -0.1848 -0.8792 -0.4391
vn -0.2211 0.6023 -0.7670
vn 0.0351 0.9987 -0.0381
vn -0.1047 -0.9783 -0.1787
vn -0.2957 -0.4513 -0.8420
vn -0.0555 0.9494 -0.3091
vn 0.0046 -0.8916 -0.4527
vn 0.1862 0.5756 -0.7963
vn 0.0900 0.9951 -0.0420
vn -0.0499 -0.9819 -0.1826
vn 0.1116 -0.4781 -0.8712
vn 0.1339 0.9370 -0.3227
vn 0.1598 -0.9552 -0.2491
vn 0.6325 0.6500 -0.4212
vn 0.1335 0.9908 0.0199
vn -0.0068 -0.9926 -0.1211
vn 0.5394 -0.6663 -0.5148
vn 0.2944 0.9489 -0.1137
vn 0.6892 0.5857 0.4266
vn 0.1397 0.9839 0.1116
vn -0.0006 -0.9996 -0.0294
vn 0.5960 -0.7306 0.3330
vn 0.3164 0.9240 0.2149
vn 0.1817 -0.9801 0.0795
vn 0.1047 0.9783 0.1787
vn -0.0351 -0.9987 0.0381
vn 0.2211 -0.6023 0.7670
vn 0.1848 0.8792 0.4391
vn 0.0555 -0.9494 0.3091
vn 0.2957 0.4513 0.8420
vn 0.1367 -0.9536 0.2681
vn 0.3944 0.4422 0.8055
vn 0.0901 0.9771 0.1928
vn 0.0105 -0.9999 0.0112
vn 0.3520 -0.6114 0.7087
vn 0.2104 0.8750 0.4361
vn -0.1150 -0.9746 0.1920
vn -0.1712 0.5999 0.7815
vn 0.0186 0.9854 0.1691
vn -0.0613 -0.9980 -0.0131
vn -0.2243 -0.7165 0.6606
vn -0.0383 0.9295 0.3669
vn -0.7194 0.6815 0.1343
vn -0.0407 0.9942 0.0991
vn -0.1207 -0.9892 -0.0831
vn -0.7725 -0.6349 0.0133
vn -0.2508 0.9611 0.1161
vn -0.3275 -0.9430 -0.0589
vn -0.0526 0.9983 0.0243
vn -0.1323 -0.9787 -0.1573
vn -0.7073 -0.4538 -0.5420
vn -0.2822 0.9482 -0.1455
vn -0.3559 -0.8804 -0.3135
vn -0.6649 0.5998 -0.4452
vn -0.0901 -0.9771 -0.1928
vn -0.3944 -0.4422 -0.8055
vn -0.1367 0.9536 -0.2681
vn -0.2104 -0.8750 -0.4361
vn -0.3520 0.6114 -0.7087
vn -0.0105 0.9999 -0.0112
vn -0.0186 -0.9854 -0.1691
vn 0.1712 -0.5999 -0.7815
vn 0.1150 0.9746 -0.1920
vn 0.0383 -0.9295 -0.3669
vn 0.2243 0.7165 -0.6606
vn 0.0613 0.9980 0.0131
vn 0.0407 -0.9942 -0.0991
vn 0.7194 -0.6815 -0.1343
vn 0.3275 0.9430 0.0589
vn 0.2508 -0.9611 -0.1161
vn 0.7725 0.6349 -0.0133
vn 0.1207 0.9892 0.0831
vn 0.6649 -0.5998 0.4452
vn 0.3559 0.8804 0.3135
vn 0.2822 -0.9482 0.1455
vn 0.7073 0.4538 0.5420
vn 0.1323 0.9787 0.1573
vn 0.0526 -0.9983 -0.0243
vn 0.7527 0.4843 0.4460
vn 0.1052 0.9828 0.1521
vn 0.0970 -0.9942 -0.0461
vn 0.7484 -0.5693 0.3404
vn 0.3528 0.8945 0.2745
vn 0.3453 -0.9341 0.0912
vn 0.0247 -0.9994 -0.0239
vn 0.2635 -0.7292 0.6315
vn 0.1071 0.9245 0.3658
vn 0.0992 -0.9796 0.1749
vn 0.2689 0.5872 0.7635
vn 0.0329 0.9840 0.1749
vn -0.0648 -0.9968 -0.0458
vn -0.5639 -0.7055 0.4292
vn -0.2136 0.9337 0.2874
vn -0.2215 -0.9704 0.0965
vn -0.5585 0.6109 0.5612
vn -0.0566 0.9866 0.1530
vn -0.8505 -0.5235 -0.0506
vn -0.3907 0.9158 0.0927
vn -0.3983 -0.9128 -0.0906
vn -0.8462 0.5301 0.0551
vn -0.1102 0.9889 0.0994
vn -0.1184 -0.9880 -0.0988
vn -0.3453 0.9341 -0.0912
vn -0.3528 -0.8945 -0.2745
vn -0.7484 0.5693 -0.3404
vn -0.0970 0.9942 0.0461
vn -0.1052 -0.9828 -0.1521
vn -0.7527 -0.4843 -0.4460
vn -0.1071 -0.9245 -0.3658
vn -0.2635 0.7292 -0.6315
vn -0.0247 0.9994 0.0240
vn -0.0329 -0.9840 -0.1749
vn -0.2689 -0.5872 -0.7635
vn -0.0992 0.9796 -0.1749
vn 0.2136 -0.9337 -0.2874
vn 0.5639 0.7055 -0.4292
vn 0.0648 0.9968 0.0458
vn 0.0566 -0.9866 -0.1530
vn 0.5585 -0.6109 -0.5612
vn 0.2215 0.9704 -0.0965
vn 0.3907 -0.9158 -0.0927
vn 0.8505 0.5235 0.0506
vn 0.1184 0.9880 0.0988
vn 0.1102 -0.9889 -0.0994
vn 0.8462 -0.5301 -0.0551
vn 0.3983 0.9128 0.0906
vn 0.1454 -0.9833 -0.1094
vn 0.8567 -0.4883 -0.1663
vn 0.3605 0.9322 0.0326
vn 0.4203 -0.8964 -0.1408
vn 0.8222 0.5653 -0.0664
vn 0.0808 0.9937 0.0780
vn 0.2739 -0.9593 0.0695
vn 0.6048 0.6396 0.4745
vn 0.0353 0.9897 0.1386
vn 0.1002 -0.9937 -0.0494
vn 0.6478 -0.6768 0.3497
vn 0.2116 0.9448 0.2500
vn -0.0321 -0.9809 0.1920
vn -0.1846 0.5838 0.7906
vn -0.0501 0.9837 0.1728
vn 0.0148 -0.9998 -0.0152
vn -0.1416 -0.7326 0.6658
vn -0.0943 0.9232 0.3725
vn -0.2891 -0.9465 0.1432
vn -0.7031 0.4575 0.5444
vn -0.1247 0.9792 0.1603
vn -0.0601 -0.9978 -0.0271
vn -0.6686 -0.5961 0.4445
vn -0.3489 0.8821 0.3166
vn -0.3605 -0.9322 -0.0326
vn -0.8567 0.4883 0.1663
vn -0.1454 0.9833 0.1094
vn -0.0808 -0.9937 -0.0780
vn -0.8222 -0.5653 0.0664
vn -0.4203 0.8964 0.1408
vn -0.6478 0.6768 -0.3497
vn -0.1002 0.9937 0.0494
vn -0.0353 -0.9897 -0.1386
vn -0.6048 -0.6396 -0.4745
vn -0.2739 0.9593 -0.0695
vn -0.2116 -0.9448 -0.2500
vn -0.0148 0.9998 0.0152
vn 0.0501 -0.9837 -0.1728
vn 0.1846 -0.5838 -0.7906
vn 0.0321 0.9809 -0.1920
vn 0.0943 -0.9232 -0.3725
vn 0.1416 0.7326 -0.6658
vn 0.1247 -0.9792 -0.1603
vn 0.7031 -0.4575 -0.5444
vn 0.2891 0.9465 -0.1432
vn 0.3489 -0.8821 -0.3166
vn 0.6686 0.5961 -0.4445
vn 0.0601 0.9978 0.0271
vn 0.3409 -0.8751 -0.3435
vn 0.5714 0.6111 -0.5478
vn 0.0175 0.9998 -0.0035
vn 0.1456 -0.9771 -0.1549
vn 0.6397 -0.4425 -0.6285
vn 0.2224 0.9535 -0.2035
vn 0.7048 0.7092 0.0162
vn 0.0166 0.9972 0.0723
vn 0.1451 -0.9862 -0.0797
vn 0.7901 -0.6071 -0.0847
vn 0.2280 0.9718 0.0596
vn 0.3514 -0.9323 -0.0862
vn -0.0318 0.9881 0.1502
vn 0.0968 -0.9953 -0.0017
vn 0.3431 -0.6913 0.6359
vn 0.0548 0.9392 0.3389
vn 0.1781 -0.9649 0.1931
vn 0.2578 0.6251 0.7368
vn 0.0293 -0.9990 0.0326
vn -0.2240 -0.6051 0.7640
vn -0.1793 0.8779 0.4441
vn -0.0608 -0.9507 0.3040
vn -0.2923 0.4485 0.8447
vn -0.0988 0.9779 0.1841
vn -0.0175 -0.9998 0.0035
vn -0.5714 -0.6111 0.5478
vn -0.3409 0.8751 0.3435
vn -0.2224 -0.9535 0.2035
vn -0.6397 0.4425 0.6285
vn -0.1456 0.9771 0.1549
vn -0.0166 -0.9972 -0.0723
vn -0.7048 -0.7092 -0.0161
vn -0.3514 0.9323 0.0862
vn -0.2280 -0.9718 -0.0596
vn -0.7901 0.6071 0.0847
vn -0.1451 0.9862 0.0797
vn -0.2578 -0.6251 -0.7368
vn -0.1781 0.9649 -0.1931
vn -0.0548 -0.9392 -0.3389
vn -0.3431 0.6913 -0.6359
vn -0.0968 0.9953 0.0017
vn 0.0318 -0.9881 -0.1502
vn 0.0608 0.9507 -0.3040
vn 0.1793 -0.8779 -0.4441
vn 0.2240 0.6051 -0.7640
vn -0.0293 0.9990 -0.0326
vn 0.0988 -0.9779 -0.1841
vn 0.2923 -0.4485 -0.8447
vn -0.0681 0.9955 -0.0652
vn 0.1062 -0.9814 -0.1598
vn 0.1877 -0.4744 -0.8601
vn -0.0149 0.9387 -0.3445
vn 0.1463 -0.8899 -0.4320
vn 0.0948 0.5792 -0.8097
vn 0.1503 -0.9838 -0.0981
vn 0.6390 -0.5845 -0.5000
vn 0.1412 0.9806 -0.1360
vn 0.3091 -0.9235 -0.2271
vn 0.5229 0.7318 -0.4370
vn -0.0246 0.9997 -0.0032
vn 0.7031 -0.6195 0.3490
vn 0.1661 0.9670 0.1930
vn 0.3340 -0.9371 0.1019
vn 0.5871 0.6969 0.4120
vn -0.0176 0.9959 0.0886
vn 0.1572 -0.9875 -0.0063
vn 0.0427 0.9072 0.4184
vn 0.2040 -0.9214 0.3309
vn 0.2188 0.5116 0.8309
vn -0.0514 0.9864 0.1558
vn 0.1229 -0.9905 0.0612
vn 0.3117 -0.5420 0.7805
vn 0.0149 -0.9387 0.3445
vn -0.1877 0.4744 0.8601
vn -0.1062 0.9814 0.1598
vn 0.0681 -0.9955 0.0652
vn -0.0948 -0.5792 0.8097
vn -0.1463 0.8899 0.4320
vn -0.1412 -0.9806 0.1360
vn -0.6390 0.5845 0.5000
vn -0.1503 0.9838 0.0981
vn 0.0246 -0.9997 0.0032
vn -0.5229 -0.7318 0.4370
vn -0.3091 0.9235 0.2271
vn -0.1661 -0.9670 -0.1930
vn -0.7031 0.6195 -0.3490
vn -0.1572 0.9875 0.0063
vn 0.0176 -0.9959 -0.0886
vn -0.5871 -0.6969 -0.4120
vn -0.3340 0.9371 -0.1019
vn -0.0427 -0.9072 -0.4184
vn -0.3117 0.5420 -0.7805
vn -0.1229 0.9905 -0.0612
vn 0.0514 -0.9864 -0.1558
vn -0.2188 -0.5116 -0.8309
vn -0.2040 0.9214 -0.3309
vn 0.2254 0.6975 0.6803
vn 0.2254 -0.6975 0.6802
vn -0.2254 -0.6975 0.6802
vn -0.2254 0.6975 0.6803
vn 0.1750 -0.8443 0.5065
vn 0.1749 0.8443 0.5065
vn -0.1750 -0.8443 0.5065
vn -0.1749 0.8443 0.5065
vn 0.1720 -0.9647 -0.1993
vn 0.1720 0.9647 -0.1994
vn 0.1720 0.9647 0.1994
vn 0.1720 -0.9647 0.1993
vn -0.6905 -0.5939 -0.4129
vn -0.1982 0.9291 0.3123
vn -0.2017 0.9780 0.0531
vn 0.1982 -0.9291 -0.3123
vn 0.2017 -0.9780 -0.0530
vn -0.5960 0.7306 -0.3330
vn 0.5961 -0.7306 0.3330
vn -0.3559 -0.8804 -0.3136
vn -0.7048 -0.7092 -0.0162
vt 0.650000 0.000000
vt 0.700000 0.142857
vt 0.600000 0.142857
vt 0.700000 0.428571
vt 0.600000 0.285714
vt 0.700000 0.285714
vt 0.700000 0.571429
vt 0.600000 0.714286
vt 0.600000 0.571429
vt 0.700000 0.857143
vt 0.650000 1.000000
vt 0.600000 0.857143
vt 0.600000 0.428571
vt 0.700000 0.714286
vt 0.550000 0.000000
vt 0.500000 0.142857
vt 0.500000 0.285714
vt 0.500000 0.571429
vt 0.550000 1.000000
vt 0.500000 0.857143
vt 0.500000 0.428571
vt 0.500000 0.714286
vt 0.450000 0.000000
vt 0.400000 0.142857
vt 0.400000 0.428571
vt 0.400000 0.285714
vt 0.400000 0.571429
vt 0.450000 1.000000
vt 0.400000 0.857143
vt 0.400000 0.714286
vt 0.300000 0.714286
vt 0.300000 0.571429
vt 0.350000 1.000000
vt 0.300000 0.857143
vt 0.300000 0.285714
vt 0.300000 0.142857
vt 0.300000 0.428571
vt 0.350000 0.000000
vt 0.200000 0.142857
vt 0.200000 0.428571
vt 0.200000 0.714286
vt 0.250000 0.000000
vt 0.200000 0.285714
vt 0.200000 0.571429
vt 0.250000 1.000000
vt 0.200000 0.857143
vt 0.100000 0.142857
vt 0.100000 0.428571
vt 0.100000 0.714286
vt 0.150000 0.000000
vt 0.100000 0.285714
vt 0.100000 0.571429
vt 0.150000 1.000000
vt 0.100000 0.857143
vt 0.000000 0.714286
vt 0.050000 0.000000
vt 0.000000 0.142857
vt 0.000000 0.285714
vt 0.000000 0.571429
vt 0.050000 1.000000
vt 0.000000 0.857143
vt 0.000000 0.428571
vt 0.950000 0.000000
vt 1.000000 0.142857
vt 0.900000 0.142857
vt 1.000000 0.428571
vt 0.900000 0.285714
vt 1.000000 0.285714
vt 1.000000 0.571429
vt 0.900000 0.714286
vt 0.900000 0.571429
vt 1.000000 0.857143
vt 0.950000 1.000000
vt 0.900000 0.857143
vt 0.900000 0.428571
vt 1.000000 0.714286
vt 0.800000 0.285714
vt 0.800000 0.714286
vt 0.800000 0.571429
vt 0.850000 1.000000
vt 0.800000 0.857143
vt 0.800000 0.142857
vt 0.800000 0.428571
vt 0.850000 0.000000
vt 0.750000 1.000000
vt 0.750000 0.000000
vt 0.687500 0.000000
vt 0.750000 0.166667
vt 0.625000 0.166667
vt 0.750000 0.500000
vt 0.625000 0.333333
vt 0.750000 0.333333
vt 0.750000 0.666667
vt 0.625000 0.833333
vt 0.625000 0.666667
vt 0.625000 0.500000
vt 0.750000 0.833333
vt 0.687500 1.000000
vt 0.500000 0.833333
vt 0.500000 0.666667
vt 0.500000 0.166667
vt 0.500000 0.500000
vt 0.562500 1.000000
vt 0.562500 0.000000
vt 0.500000 0.333333
vt 0.375000 0.333333
vt 0.375000 0.166667
vt 0.375000 0.500000
vt 0.437500 1.000000
vt 0.375000 0.833333
vt 0.437500 0.000000
vt 0.375000 0.666667
vt 0.250000 0.333333
vt 0.250000 0.166667
vt 0.250000 0.500000
vt 0.312500 1.000000
vt 0.250000 0.833333
vt 0.312500 0.000000
vt 0.250000 0.666667
vt 0.125000 0.166667
vt 0.125000 0.666667
vt 0.125000 0.500000
vt 0.187500 1.000000
vt 0.125000 0.833333
vt 0.187500 0.000000
vt 0.125000 0.333333
vt 0.000000 0.166667
vt 0.000000 0.666667
vt 0.000000 0.500000
vt 0.062500 1.000000
vt 0.000000 0.833333
vt 0.062500 0.000000
vt 0.000000 0.333333
vt 1.000000 0.666667
vt 0.875000 0.500000
vt 1.000000 0.500000
vt 1.000000 0.833333
vt 0.937500 1.000000
vt 0.875000 0.833333
vt 0.937500 0.000000
vt 1.000000 0.166667
vt 0.875000 0.166667
vt 1.000000 0.333333
vt 0.875000 0.333333
vt 0.875000 0.666667
vt 0.812500 1.000000
vt 0.812500 0.000000
s 0
usemtl MatStormCloudLower
f 4/1/1 62/2/1 10/3/1
f 3/4/2 9/5/2 61/6/2
f 2/7/3 6/8/3 7/9/3
f 59/10/4 1/11/4 5/12/4
f 62/2/5 9/5/5 10/3/5
f 2/7/6 8/13/6 3/4/6
f 59/10/7 6/8/7 60/14/7
f 4/15/8 10/3/8 16/16/8
f 8/13/9 15/17/9 9/5/9
f 6/8/10 13/18/10 7/9/10
f 5/12/11 1/19/11 11/20/11
f 9/5/12 16/16/12 10/3/12
f 7/9/13 14/21/13 8/13/13
f 5/12/14 12/22/14 6/8/14
f 4/23/15 16/16/15 22/24/15
f 15/17/16 20/25/16 21/26/16
f 12/22/17 19/27/17 13/18/17
f 11/20/18 1/28/18 17/29/18
f 15/17/19 22/24/19 16/16/19
f 13/18/20 20/25/20 14/21/20
f 12/22/21 17/29/21 18/30/21
f 19/27/22 24/31/22 25/32/22
f 17/29/23 1/33/23 23/34/23
f 22/24/24 27/35/24 28/36/24
f 19/27/25 26/37/25 20/25/25
f 17/29/26 24/31/26 18/30/26
f 4/38/27 22/24/27 28/36/27
f 20/25/28 27/35/28 21/26/28
f 27/35/29 34/39/29 28/36/29
f 25/32/30 32/40/30 26/37/30
f 23/34/31 30/41/31 24/31/31
f 4/42/32 28/36/32 34/39/32
f 26/37/33 33/43/33 27/35/33
f 24/31/34 31/44/34 25/32/34
f 23/34/35 1/45/35 29/46/35
f 33/43/36 40/47/36 34/39/36
f 31/44/37 38/48/37 32/40/37
f 29/46/38 36/49/38 30/41/38
f 4/50/39 34/39/39 40/47/39
f 32/40/40 39/51/40 33/43/40
f 31/44/41 36/49/41 37/52/41
f 29/46/42 1/53/42 35/54/42
f 35/54/43 42/55/43 36/49/43
f 4/56/44 40/47/44 46/57/44
f 38/48/45 45/58/45 39/51/45
f 36/49/46 43/59/46 37/52/46
f 35/54/47 1/60/47 41/61/47
f 39/51/48 46/57/48 40/47/48
f 37/52/49 44/62/49 38/48/49
f 4/63/50 46/64/50 52/65/50
f 44/66/51 51/67/51 45/68/51
f 43/69/52 48/70/52 49/71/52
f 41/72/53 1/73/53 47/74/53
f 46/64/54 51/67/54 52/65/54
f 43/69/55 50/75/55 44/66/55
f 41/72/56 48/70/56 42/76/56
f 50/75/57 57/77/57 51/67/57
f 49/71/58 54/78/58 55/79/58
f 47/74/59 1/80/59 53/81/59
f 51/67/60 58/82/60 52/65/60
f 49/71/61 56/83/61 50/75/61
f 47/74/62 54/78/62 48/70/62
f 4/84/63 52/65/63 58/82/63
f 53/81/64 1/85/64 59/10/64
f 57/77/65 62/2/65 58/82/65
f 55/79/66 3/4/66 56/83/66
f 53/81/67 60/14/67 54/78/67
f 4/86/68 58/82/68 62/2/68
f 56/83/69 61/6/69 57/77/69
f 55/79/70 60/14/70 2/7/70
f 67/87/71 66/88/71 72/89/71
f 65/90/72 71/91/72 104/92/72
f 103/93/73 68/94/73 69/95/73
f 104/92/74 72/89/74 66/88/74
f 65/90/75 69/95/75 70/96/75
f 64/97/76 63/98/76 68/94/76
f 69/95/77 73/99/77 74/100/77
f 71/91/78 77/101/78 72/89/78
f 70/96/79 74/100/79 75/102/79
f 68/94/80 63/103/80 73/99/80
f 67/104/81 72/89/81 77/101/81
f 70/96/82 76/105/82 71/91/82
f 77/101/83 81/106/83 82/107/83
f 74/100/84 80/108/84 75/102/84
f 73/99/85 63/109/85 78/110/85
f 67/111/86 77/101/86 82/107/86
f 76/105/87 80/108/87 81/106/87
f 73/99/88 79/112/88 74/100/88
f 82/107/89 86/113/89 87/114/89
f 79/112/90 85/115/90 80/108/90
f 78/110/91 63/116/91 83/117/91
f 67/118/92 82/107/92 87/114/92
f 81/106/93 85/115/93 86/113/93
f 78/110/94 84/119/94 79/112/94
f 86/113/95 92/120/95 87/114/95
f 85/115/96 89/121/96 90/122/96
f 83/117/97 63/123/97 88/124/97
f 67/125/98 87/114/98 92/120/98
f 85/115/99 91/126/99 86/113/99
f 84/119/100 88/124/100 89/121/100
f 91/126/101 97/127/101 92/120/101
f 90/122/102 94/128/102 95/129/102
f 88/124/103 63/130/103 93/131/103
f 67/132/104 92/120/104 97/127/104
f 90/122/105 96/133/105 91/126/105
f 89/121/106 93/131/106 94/128/106
f 94/134/107 100/135/107 95/136/107
f 93/137/108 63/138/108 98/139/108
f 67/140/109 97/141/109 102/142/109
f 96/143/110 100/135/110 101/144/110
f 93/137/111 99/145/111 94/134/111
f 97/141/112 101/144/112 102/142/112
f 98/139/113 63/146/113 64/97/113
f 67/147/114 102/142/114 66/88/114
f 101/144/115 65/90/115 104/92/115
f 98/139/116 103/93/116 99/145/116
f 102/142/117 104/92/117 66/88/117
f 99/145/118 65/90/118 100/135/118
f 163/10/119 105/11/119 109/12/119
f 165/6/120 114/3/120 166/2/120
f 106/7/121 112/13/121 107/4/121
f 164/14/122 109/12/122 110/8/122
f 108/1/123 166/2/123 114/3/123
f 107/4/124 113/5/124 165/6/124
f 106/7/125 110/8/125 111/9/125
f 112/13/126 119/17/126 113/5/126
f 111/9/127 116/22/127 117/18/127
f 109/12/128 105/19/128 115/20/128
f 113/5/129 120/16/129 114/3/129
f 111/9/130 118/21/130 112/13/130
f 110/8/131 115/20/131 116/22/131
f 108/15/132 114/3/132 120/16/132
f 115/20/133 105/28/133 121/29/133
f 120/16/134 125/26/134 126/24/134
f 117/18/20 124/25/20 118/21/20
f 115/20/135 122/30/135 116/22/135
f 108/23/136 120/16/136 126/24/136
f 118/21/137 125/26/137 119/17/137
f 116/22/138 123/27/138 117/18/138
f 126/24/139 131/35/139 132/36/139
f 123/27/140 130/37/140 124/25/140
f 121/29/141 128/31/141 122/30/141
f 108/38/142 126/24/142 132/36/142
f 125/26/143 130/37/143 131/35/143
f 122/30/144 129/32/144 123/27/144
f 121/29/145 105/33/145 127/34/145
f 129/32/146 136/40/146 130/37/146
f 127/34/147 134/41/147 128/31/147
f 108/42/148 132/36/148 138/39/148
f 131/35/149 136/40/149 137/43/149
f 128/31/150 135/44/150 129/32/150
f 127/34/151 105/45/151 133/46/151
f 132/36/152 137/43/152 138/39/152
f 108/50/153 138/39/153 144/47/153
f 136/40/154 143/51/154 137/43/154
f 135/44/155 140/49/155 141/52/155
f 133/46/156 105/53/156 139/54/156
f 137/43/157 144/47/157 138/39/157
f 135/44/158 142/48/158 136/40/158
f 134/41/159 139/54/159 140/49/159
f 108/56/160 144/47/160 150/57/160
f 142/48/161 149/58/161 143/51/161
f 141/52/162 146/55/162 147/59/162
f 139/54/163 105/60/163 145/61/163
f 143/51/164 150/57/164 144/47/164
f 141/52/165 148/62/165 142/48/165
f 140/49/166 145/61/166 146/55/166
f 147/69/167 152/70/167 153/71/167
f 145/72/168 105/73/168 151/74/168
f 149/68/169 156/65/169 150/64/169
f 147/69/55 154/75/55 148/66/55
f 146/76/170 151/74/170 152/70/170
f 108/63/171 150/64/171 156/65/171
f 148/66/172 155/67/172 149/68/172
f 156/65/173 161/77/173 162/82/173
f 153/71/174 160/83/174 154/75/174
f 151/74/175 158/78/175 152/70/175
f 108/84/176 156/65/176 162/82/176
f 155/67/177 160/83/177 161/77/177
f 152/70/178 159/79/178 153/71/178
f 151/74/179 105/80/179 157/81/179
f 162/82/180 165/6/180 166/2/180
f 159/79/181 107/4/181 160/83/181
f 157/81/182 164/14/182 158/78/182
f 108/86/183 162/82/183 166/2/183
f 161/77/184 107/4/184 165/6/184
f 158/78/185 106/7/185 159/79/185
f 157/81/186 105/85/186 163/10/186
f 227/6/187 176/3/187 228/2/187
f 168/7/188 174/13/188 169/4/188
f 226/14/189 171/12/189 172/8/189
f 170/1/190 228/2/190 176/3/190
f 169/4/191 175/5/191 227/6/191
f 168/7/192 172/8/192 173/9/192
f 225/10/193 167/11/193 171/12/193
f 175/5/194 182/16/194 176/3/194
f 173/9/195 180/21/195 174/13/195
f 172/8/196 177/20/196 178/22/196
f 170/15/197 176/3/197 182/16/197
f 174/13/198 181/17/198 175/5/198
f 173/9/199 178/22/199 179/18/199
f 171/12/200 167/19/200 177/20/200
f 181/17/201 188/24/201 182/16/201
f 179/18/20 186/25/20 180/21/20
f 178/22/202 183/29/202 184/30/202
f 170/23/203 182/16/203 188/24/203
f 180/21/204 187/26/204 181/17/204
f 178/22/205 185/27/205 179/18/205
f 177/20/206 167/28/206 183/29/206
f 183/29/207 190/31/207 184/30/207
f 170/38/208 188/24/208 194/36/208
f 187/26/209 192/37/209 193/35/209
f 184/30/210 191/32/210 185/27/210
f 183/29/211 167/33/211 189/34/211
f 188/24/212 193/35/212 194/36/212
f 185/27/213 192/37/213 186/25/213
f 170/42/214 194/36/214 200/39/214
f 193/35/215 198/40/215 199/43/215
f 190/31/216 197/44/216 191/32/216
f 189/34/217 167/45/217 195/46/217
f 194/36/218 199/43/218 200/39/218
f 191/32/219 198/40/219 192/37/219
f 189/34/220 196/41/220 190/31/220
f 198/40/221 205/51/221 199/43/221
f 197/44/222 202/49/222 203/52/222
f 195/46/223 167/53/223 201/54/223
f 199/43/224 206/47/224 200/39/224
f 197/44/225 204/48/225 198/40/225
f 196/41/226 201/54/226 202/49/226
f 170/50/227 200/39/227 206/47/227
f 201/54/228 167/60/228 207/61/228
f 205/51/229 212/57/229 206/47/229
f 203/52/230 210/62/230 204/48/230
f 202/49/231 207/61/231 208/55/231
f 170/56/232 206/47/232 212/57/232
f 204/48/233 211/58/233 205/51/233
f 203/52/234 208/55/234 209/59/234
f 211/68/235 218/65/235 212/64/235
f 209/69/55 216/75/55 210/66/55
f 208/76/236 213/74/236 214/70/236
f 170/63/237 212/64/237 218/65/237
f 210/66/238 217/67/238 211/68/238
f 208/76/239 215/71/239 209/69/239
f 207/72/240 167/73/240 213/74/240
f 215/71/241 222/83/241 216/75/241
f 213/74/242 220/78/242 214/70/242
f 170/84/243 218/65/243 224/82/243
f 217/67/244 222/83/244 223/77/244
f 214/70/245 221/79/245 215/71/245
f 213/74/246 167/80/246 219/81/246
f 218/65/247 223/77/247 224/82/247
f 170/86/248 224/82/248 228/2/248
f 223/77/249 169/4/249 227/6/249
f 220/78/250 168/7/250 221/79/250
f 219/81/251 167/85/251 225/10/251
f 224/82/252 227/6/252 228/2/252
f 221/79/253 169/4/253 222/83/253
f 219/81/254 226/14/254 220/78/254
f 270/92/74 238/89/74 232/88/74
f 231/90/75 235/95/75 236/96/75
f 230/97/76 229/98/76 234/94/76
f 233/87/71 232/88/71 238/89/71
f 231/90/72 237/91/72 270/92/72
f 269/93/73 234/94/73 235/95/73
f 234/94/80 229/103/80 239/99/80
f 233/104/81 238/89/81 243/101/81
f 236/96/82 242/105/82 237/91/82
f 235/95/77 239/99/77 240/100/77
f 237/91/78 243/101/78 238/89/78
f 236/96/79 240/100/79 241/102/79
f 233/111/86 243/101/86 248/107/86
f 242/105/87 246/108/87 247/106/87
f 239/99/88 245/112/88 240/100/88
f 243/101/83 247/106/83 248/107/83
f 240/100/84 246/108/84 241/102/84
f 239/99/85 229/109/85 244/110/85
f 233/118/92 248/107/92 253/114/92
f 247/106/93 251/115/93 252/113/93
f 244/110/94 250/119/94 245/112/94
f 248/107/89 252/113/89 253/114/89
f 245/112/90 251/115/90 246/108/90
f 244/110/91 229/116/91 249/117/91
f 233/125/98 253/114/98 258/120/98
f 251/115/99 257/126/99 252/113/99
f 250/119/100 254/124/100 255/121/100
f 252/113/95 258/120/95 253/114/95
f 251/115/96 255/121/96 256/122/96
f 249/117/97 229/123/97 254/124/97
f 256/122/105 262/133/105 257/126/105
f 255/121/106 259/131/106 260/128/106
f 257/126/101 263/127/101 258/120/101
f 256/122/102 260/128/102 261/129/102
f 254/124/103 229/130/103 259/131/103
f 233/132/104 258/120/104 263/127/104
f 259/137/111 265/145/111 260/134/111
f 263/141/112 267/144/112 268/142/112
f 260/134/107 266/135/107 261/136/107
f 259/137/108 229/138/108 264/139/108
f 233/140/109 263/141/109 268/142/109
f 262/143/110 266/135/110 267/144/110
f 268/142/117 270/92/117 232/88/117
f 265/145/118 231/90/118 266/135/118
f 264/139/113 229/146/113 230/97/113
f 233/147/114 268/142/114 232/88/114
f 267/144/115 231/90/115 270/92/115
f 264/139/116 269/93/116 265/145/116
f 274/1/255 332/2/255 280/3/255
f 273/4/256 279/5/256 331/6/256
f 272/7/257 276/8/257 277/9/257
f 329/10/258 271/11/258 275/12/258
f 331/6/259 280/3/259 332/2/259
f 272/7/260 278/13/260 273/4/260
f 330/14/261 275/12/261 276/8/261
f 277/9/262 284/21/262 278/13/262
f 276/8/263 281/20/263 282/22/263
f 274/15/264 280/3/264 286/16/264
f 278/13/265 285/17/265 279/5/265
f 277/9/266 282/22/266 283/18/266
f 275/12/267 271/19/267 281/20/267
f 279/5/268 286/16/268 280/3/268
f 274/23/269 286/16/269 292/24/269
f 284/21/270 291/26/270 285/17/270
f 282/22/271 289/27/271 283/18/271
f 281/20/272 271/28/272 287/29/272
f 285/17/273 292/24/273 286/16/273
f 283/18/20 290/25/20 284/21/20
f 281/20/274 288/30/274 282/22/274
f 274/38/275 292/24/275 298/36/275
f 291/26/276 296/37/276 297/35/276
f 288/30/277 295/32/277 289/27/277
f 287/29/278 271/33/278 293/34/278
f 292/24/279 297/35/279 298/36/279
f 289/27/280 296/37/280 290/25/280
f 287/29/281 294/31/281 288/30/281
f 294/31/282 301/44/282 295/32/282
f 293/34/283 271/45/283 299/46/283
f 298/36/284 303/43/284 304/39/284
f 295/32/285 302/40/285 296/37/285
f 293/34/286 300/41/286 294/31/286
f 274/42/287 298/36/287 304/39/287
f 297/35/288 302/40/288 303/43/288
f 303/43/289 310/47/289 304/39/289
f 301/44/290 308/48/290 302/40/290
f 300/41/291 305/54/291 306/49/291
f 274/50/292 304/39/292 310/47/292
f 302/40/293 309/51/293 303/43/293
f 301/44/294 306/49/294 307/52/294
f 299/46/295 271/53/295 305/54/295
f 309/51/296 316/57/296 310/47/296
f 307/52/297 314/62/297 308/48/297
f 306/49/298 311/61/298 312/55/298
f 274/56/299 310/47/299 316/57/299
f 308/48/300 315/58/300 309/51/300
f 307/52/301 312/55/301 313/59/301
f 305/54/302 271/60/302 311/61/302
f 312/76/303 317/74/303 318/70/303
f 274/63/304 316/64/304 322/65/304
f 314/66/305 321/67/305 315/68/305
f 313/69/306 318/70/306 319/71/306
f 311/72/307 271/73/307 317/74/307
f 315/68/308 322/65/308 316/64/308
f 313/69/55 320/75/55 314/66/55
f 274/84/309 322/65/309 328/82/309
f 321/67/310 326/83/310 327/77/310
f 318/70/311 325/79/311 319/71/311
f 317/74/312 271/80/312 323/81/312
f 322/65/313 327/77/313 328/82/313
f 319/71/314 326/83/314 320/75/314
f 317/74/315 324/78/315 318/70/315
f 327/77/316 273/4/316 331/6/316
f 324/78/317 272/7/317 325/79/317
f 323/81/318 271/85/318 329/10/318
f 328/82/319 331/6/319 332/2/319
f 325/79/320 273/4/320 326/83/320
f 323/81/321 330/14/321 324/78/321
f 274/86/322 328/82/322 332/2/322
f 391/10/323 333/11/323 337/12/323
f 393/6/324 342/3/324 394/2/324
f 334/7/325 340/13/325 335/4/325
f 392/14/326 337/12/326 338/8/326
f 336/1/327 394/2/327 342/3/327
f 335/4/328 341/5/328 393/6/328
f 334/7/329 338/8/329 339/9/329
f 340/13/330 347/17/330 341/5/330
f 339/9/331 344/22/331 345/18/331
f 337/12/332 333/19/332 343/20/332
f 341/5/333 348/16/333 342/3/333
f 339/9/334 346/21/334 340/13/334
f 338/8/335 343/20/335 344/22/335
f 336/15/336 342/3/336 348/16/336
f 343/20/337 333/28/337 349/29/337
f 347/17/338 354/24/338 348/16/338
f 345/18/20 352/25/20 346/21/20
f 344/22/339 349/29/339 350/30/339
f 336/23/340 348/16/340 354/24/340
f 346/21/341 353/26/341 347/17/341
f 345/18/342 350/30/342 351/27/342
f 354/24/343 359/35/343 360/36/343
f 351/27/344 358/37/344 352/25/344
f 349/29/345 356/31/345 350/30/345
f 336/38/346 354/24/346 360/36/346
f 353/26/347 358/37/347 359/35/347
f 350/30/348 357/32/348 351/27/348
f 349/29/349 333/33/349 355/34/349
f 357/32/350 364/40/350 358/37/350
f 355/34/351 362/41/351 356/31/351
f 336/42/352 360/36/352 366/39/352
f 359/35/353 364/40/353 365/43/353
f 356/31/354 363/44/354 357/32/354
f 355/34/355 333/45/355 361/46/355
f 360/36/356 365/43/356 366/39/356
f 336/50/357 366/39/357 372/47/357
f 364/40/358 371/51/358 365/43/358
f 363/44/359 368/49/359 369/52/359
f 361/46/360 333/53/360 367/54/360
f 365/43/361 372/47/361 366/39/361
f 363/44/362 370/48/362 364/40/362
f 362/41/363 367/54/363 368/49/363
f 336/56/364 372/47/364 378/57/364
f 370/48/365 377/58/365 371/51/365
f 369/52/366 374/55/366 375/59/366
f 367/54/367 333/60/367 373/61/367
f 371/51/368 378/57/368 372/47/368
f 369/52/369 376/62/369 370/48/369
f 368/49/370 373/61/370 374/55/370
f 374/76/371 381/71/371 375/69/371
f 373/72/372 333/73/372 379/74/372
f 377/68/373 384/65/373 378/64/373
f 375/69/55 382/75/55 376/66/55
f 373/72/374 380/70/374 374/76/374
f 336/63/375 378/64/375 384/65/375
f 376/66/376 383/67/376 377/68/376
f 384/65/377 389/77/377 390/82/377
f 381/71/378 388/83/378 382/75/378
f 379/74/379 386/78/379 380/70/379
f 336/84/380 384/65/380 390/82/380
f 383/67/381 388/83/381 389/77/381
f 380/70/382 387/79/382 381/71/382
f 379/74/383 333/80/383 385/81/383
f 390/82/384 393/6/384 394/2/384
f 387/79/385 335/4/385 388/83/385
f 385/81/386 392/14/386 386/78/386
f 336/86/387 390/82/387 394/2/387
f 389/77/388 335/4/388 393/6/388
f 386/78/389 334/7/389 387/79/389
f 385/81/390 333/85/390 391/10/390
f 399/87/71 398/88/71 404/89/71
f 397/90/72 403/91/72 436/92/72
f 435/93/73 400/94/73 401/95/73
f 436/92/74 404/89/74 398/88/74
f 397/90/75 401/95/75 402/96/75
f 396/97/76 395/98/76 400/94/76
f 403/91/78 409/101/78 404/89/78
f 402/96/79 406/100/79 407/102/79
f 400/94/80 395/103/80 405/99/80
f 399/104/81 404/89/81 409/101/81
f 402/96/82 408/105/82 403/91/82
f 401/95/77 405/99/77 406/100/77
f 409/101/83 413/106/83 414/107/83
f 406/100/84 412/108/84 407/102/84
f 405/99/85 395/109/85 410/110/85
f 399/111/86 409/101/86 414/107/86
f 408/105/87 412/108/87 413/106/87
f 405/99/88 411/112/88 406/100/88
f 414/107/89 418/113/89 419/114/89
f 411/112/90 417/115/90 412/108/90
f 410/110/91 395/116/91 415/117/91
f 399/118/92 414/107/92 419/114/92
f 413/106/93 417/115/93 418/113/93
f 410/110/94 416/119/94 411/112/94
f 418/113/95 424/120/95 419/114/95
f 417/115/96 421/121/96 422/122/96
f 415/117/97 395/123/97 420/124/97
f 399/125/98 419/114/98 424/120/98
f 417/115/99 423/126/99 418/113/99
f 416/119/100 420/124/100 421/121/100
f 422/122/102 426/128/102 427/129/102
f 420/124/103 395/130/103 425/131/103
f 399/132/104 424/120/104 429/127/104
f 422/122/105 428/133/105 423/126/105
f 421/121/106 425/131/106 426/128/106
f 423/126/101 429/127/101 424/120/101
f 425/137/108 395/138/108 430/139/108
f 399/140/109 429/141/109 434/142/109
f 428/143/110 432/135/110 433/144/110
f 425/137/111 431/145/111 426/134/111
f 429/141/112 433/144/112 434/142/112
f 426/134/107 432/135/107 427/136/107
f 399/147/114 434/142/114 398/88/114
f 433/144/115 397/90/115 436/92/115
f 430/139/116 435/93/116 431/145/116
f 434/142/117 436/92/117 398/88/117
f 431/145/118 397/90/118 432/135/118
f 430/139/113 395/146/113 396/97/113
f 498/2/391 445/5/391 446/3/391
f 438/7/392 444/13/392 439/4/392
f 495/10/393 442/8/393 496/14/393
f 440/1/394 498/2/394 446/3/394
f 497/6/395 444/13/395 445/5/395
f 496/14/396 443/9/396 438/7/396
f 495/10/397 437/11/397 441/12/397
f 442/8/398 449/18/398 443/9/398
f 441/12/399 437/19/399 447/20/399
f 446/3/400 451/17/400 452/16/400
f 443/9/401 450/21/401 444/13/401
f 441/12/402 448/22/402 442/8/402
f 440/15/403 446/3/403 452/16/403
f 445/5/404 450/21/404 451/17/404
f 451/17/405 458/24/405 452/16/405
f 449/18/20 456/25/20 450/21/20
f 447/20/406 454/30/406 448/22/406
f 440/23/407 452/16/407 458/24/407
f 450/21/408 457/26/408 451/17/408
f 448/22/409 455/27/409 449/18/409
f 447/20/410 437/28/410 453/29/410
f 457/26/411 464/36/411 458/24/411
f 455/27/412 462/37/412 456/25/412
f 454/30/413 459/34/413 460/31/413
f 440/38/414 458/24/414 464/36/414
f 456/25/415 463/35/415 457/26/415
f 455/27/416 460/31/416 461/32/416
f 453/29/417 437/33/417 459/34/417
f 460/31/418 465/46/418 466/41/418
f 440/42/419 464/36/419 470/39/419
f 462/37/420 469/43/420 463/35/420
f 461/32/421 466/41/421 467/44/421
f 459/34/422 437/45/422 465/46/422
f 463/35/423 470/39/423 464/36/423
f 461/32/424 468/40/424 462/37/424
f 440/50/425 470/39/425 476/47/425
f 469/43/426 474/48/426 475/51/426
f 466/41/427 473/52/427 467/44/427
f 465/46/428 437/53/428 471/54/428
f 470/39/429 475/51/429 476/47/429
f 467/44/430 474/48/430 468/40/430
f 465/46/431 472/49/431 466/41/431
f 475/51/432 480/62/432 481/58/432
f 472/49/433 479/59/433 473/52/433
f 471/54/434 437/60/434 477/61/434
f 476/47/435 481/58/435 482/57/435
f 473/52/436 480/62/436 474/48/436
f 471/54/437 478/55/437 472/49/437
f 440/56/438 476/47/438 482/57/438
f 477/72/439 437/73/439 483/74/439
f 481/68/440 488/65/440 482/64/440
f 479/69/55 486/75/55 480/66/55
f 477/72/441 484/70/441 478/76/441
f 440/63/442 482/64/442 488/65/442
f 480/66/443 487/67/443 481/68/443
f 479/69/444 484/70/444 485/71/444
f 487/67/445 494/82/445 488/65/445
f 485/71/446 492/83/446 486/75/446
f 484/70/447 489/81/447 490/78/447
f 440/84/448 488/65/448 494/82/448
f 486/75/449 493/77/449 487/67/449
f 485/71/450 490/78/450 491/79/450
f 483/74/451 437/80/451 489/81/451
f 491/79/452 439/4/452 492/83/452
f 490/78/453 495/10/453 496/14/453
f 440/86/454 494/82/454 498/2/454
f 492/83/455 497/6/455 493/77/455
f 491/79/456 496/14/456 438/7/456
f 489/81/457 437/85/457 495/10/457
f 493/77/458 498/2/458 494/82/458
f 502/1/459 560/2/459 508/3/459
f 559/6/460 506/13/460 507/5/460
f 558/14/461 505/9/461 500/7/461
f 557/10/462 499/11/462 503/12/462
f 560/2/463 507/5/463 508/3/463
f 500/7/464 506/13/464 501/4/464
f 557/10/465 504/8/465 558/14/465
f 505/9/466 512/21/466 506/13/466
f 503/12/467 510/22/467 504/8/467
f 502/15/468 508/3/468 514/16/468
f 507/5/469 512/21/469 513/17/469
f 504/8/470 511/18/470 505/9/470
f 503/12/471 499/19/471 509/20/471
f 508/3/472 513/17/472 514/16/472
f 502/23/473 514/16/473 520/24/473
f 512/21/474 519/26/474 513/17/474
f 510/22/475 517/27/475 511/18/475
f 509/20/476 499/28/476 515/29/476
f 513/17/477 520/24/477 514/16/477
f 511/18/20 518/25/20 512/21/20
f 509/20/478 516/30/478 510/22/478
f 502/38/479 520/24/479 526/36/479
f 518/25/480 525/35/480 519/26/480
f 517/27/481 522/31/481 523/32/481
f 515/29/482 499/33/482 521/34/482
f 519/26/483 526/36/483 520/24/483
f 517/27/484 524/37/484 518/25/484
f 516/30/485 521/34/485 522/31/485
f 523/32/486 528/41/486 529/44/486
f 521/34/487 499/45/487 527/46/487
f 525/35/488 532/39/488 526/36/488
f 523/32/489 530/40/489 524/37/489
f 522/31/490 527/46/490 528/41/490
f 502/42/491 526/36/491 532/39/491
f 524/37/492 531/43/492 525/35/492
f 532/39/493 537/51/493 538/47/493
f 529/44/494 536/48/494 530/40/494
f 527/46/495 534/49/495 528/41/495
f 502/50/496 532/39/496 538/47/496
f 531/43/497 536/48/497 537/51/497
f 528/41/498 535/52/498 529/44/498
f 527/46/499 499/53/499 533/54/499
f 538/47/500 543/58/500 544/57/500
f 535/52/501 542/62/501 536/48/501
f 533/54/502 540/55/502 534/49/502
f 502/56/503 538/47/503 544/57/503
f 537/51/504 542/62/504 543/58/504
f 534/49/505 541/59/505 535/52/505
f 533/54/506 499/60/506 539/61/506
f 539/72/507 546/70/507 540/76/507
f 502/63/508 544/64/508 550/65/508
f 542/66/509 549/67/509 543/68/509
f 541/69/510 546/70/510 547/71/510
f 539/72/511 499/73/511 545/74/511
f 544/64/512 549/67/512 550/65/512
f 541/69/55 548/75/55 542/66/55
f 502/84/513 550/65/513 556/82/513
f 548/75/514 555/77/514 549/67/514
f 547/71/515 552/78/515 553/79/515
f 545/74/516 499/80/516 551/81/516
f 549/67/517 556/82/517 550/65/517
f 547/71/518 554/83/518 548/75/518
f 546/70/519 551/81/519 552/78/519
f 554/83/520 559/6/520 555/77/520
f 553/79/521 558/14/521 500/7/521
f 551/81/522 499/85/522 557/10/522
f 555/77/523 560/2/523 556/82/523
f 553/79/524 501/4/524 554/83/524
f 552/78/525 557/10/525 558/14/525
f 502/86/526 556/82/526 560/2/526
f 602/92/74 570/89/74 564/88/74
f 563/90/75 567/95/75 568/96/75
f 562/97/76 561/98/76 566/94/76
f 565/87/71 564/88/71 570/89/71
f 563/90/72 569/91/72 602/92/72
f 601/93/73 566/94/73 567/95/73
f 565/104/81 570/89/81 575/101/81
f 568/96/82 574/105/82 569/91/82
f 567/95/77 571/99/77 572/100/77
f 569/91/78 575/101/78 570/89/78
f 568/96/79 572/100/79 573/102/79
f 566/94/80 561/103/80 571/99/80
f 565/111/86 575/101/86 580/107/86
f 574/105/87 578/108/87 579/106/87
f 571/99/88 577/112/88 572/100/88
f 575/101/83 579/106/83 580/107/83
f 572/100/84 578/108/84 573/102/84
f 571/99/85 561/109/85 576/110/85
f 565/118/92 580/107/92 585/114/92
f 579/106/93 583/115/93 584/113/93
f 576/110/94 582/119/94 577/112/94
f 580/107/89 584/113/89 585/114/89
f 577/112/90 583/115/90 578/108/90
f 576/110/91 561/116/91 581/117/91
f 583/115/99 589/126/99 584/113/99
f 582/119/100 586/124/100 587/121/100
f 584/113/95 590/120/95 585/114/95
f 583/115/96 587/121/96 588/122/96
f 581/117/97 561/123/97 586/124/97
f 565/125/98 585/114/98 590/120/98
f 587/121/106 591/131/106 592/128/106
f 589/126/101 595/127/101 590/120/101
f 588/122/102 592/128/102 593/129/102
f 586/124/103 561/130/103 591/131/103
f 565/132/104 590/120/104 595/127/104
f 588/122/105 594/133/105 589/126/105
f 595/141/112 599/144/112 600/142/112
f 592/134/107 598/135/107 593/136/107
f 591/137/108 561/138/108 596/139/108
f 565/140/109 595/141/109 600/142/109
f 594/143/110 598/135/110 599/144/110
f 591/137/111 597/145/111 592/134/111
f 600/142/117 602/92/117 564/88/117
f 597/145/118 563/90/118 598/135/118
f 596/139/113 561/146/113 562/97/113
f 565/147/114 600/142/114 564/88/114
f 599/144/115 563/90/115 602/92/115
f 596/139/116 601/93/116 597/145/116
f 606/1/527 664/2/527 612/3/527
f 605/4/528 611/5/528 663/6/528
f 604/7/529 608/8/529 609/9/529
f 661/10/530 603/11/530 607/12/530
f 663/6/531 612/3/531 664/2/531
f 604/7/532 610/13/532 605/4/532
f 662/14/533 607/12/533 608/8/533
f 608/8/534 613/20/534 614/22/534
f 606/15/535 612/3/535 618/16/535
f 610/13/536 617/17/536 611/5/536
f 609/9/537 614/22/537 615/18/537
f 607/12/538 603/19/538 613/20/538
f 611/5/539 618/16/539 612/3/539
f 609/9/540 616/21/540 610/13/540
f 606/23/541 618/16/541 624/24/541
f 616/21/542 623/26/542 617/17/542
f 614/22/543 621/27/543 615/18/543
f 613/20/544 603/28/544 619/29/544
f 617/17/545 624/24/545 618/16/545
f 615/18/20 622/25/20 616/21/20
f 613/20/546 620/30/546 614/22/546
f 623/26/547 628/37/547 629/35/547
f 620/30/548 627/32/548 621/27/548
f 619/29/549 603/33/549 625/34/549
f 624/24/550 629/35/550 630/36/550
f 621/27/551 628/37/551 622/25/551
f 619/29/552 626/31/552 620/30/552
f 606/38/553 624/24/553 630/36/553
f 625/34/554 603/45/554 631/46/554
f 630/36/555 635/43/555 636/39/555
f 627/32/556 634/40/556 628/37/556
f 625/34/557 632/41/557 626/31/557
f 606/42/558 630/36/558 636/39/558
f 629/35/559 634/40/559 635/43/559
f 626/31/560 633/44/560 627/32/560
f 635/43/561 642/47/561 636/39/561
f 633/44/562 640/48/562 634/40/562
f 632/41/563 637/54/563 638/49/563
f 606/50/564 636/39/564 642/47/564
f 634/40/565 641/51/565 635/43/565
f 633/44/566 638/49/566 639/52/566
f 631/46/567 603/53/567 637/54/567
f 639/52/568 646/62/568 640/48/568
f 638/49/569 643/61/569 644/55/569
f 606/56/570 642/47/570 648/57/570
f 640/48/571 647/58/571 641/51/571
f 639/52/572 644/55/572 645/59/572
f 637/54/573 603/60/573 643/61/573
f 641/51/574 648/57/574 642/47/574
f 606/63/575 648/64/575 654/65/575
f 646/66/576 653/67/576 647/68/576
f 645/69/577 650/70/577 651/71/577
f 643/72/578 603/73/578 649/74/578
f 647/68/579 654/65/579 648/64/579
f 645/69/55 652/75/55 646/66/55
f 643/72/580 650/70/580 644/76/580
f 606/84/581 654/65/581 660/82/581
f 653/67/582 658/83/582 659/77/582
f 650/70/583 657/79/583 651/71/583
f 649/74/584 603/80/584 655/81/584
f 654/65/585 659/77/585 660/82/585
f 651/71/586 658/83/586 652/75/586
f 649/74/587 656/78/587 650/70/587
f 656/78/588 604/7/588 657/79/588
f 655/81/589 603/85/589 661/10/589
f 660/82/590 663/6/590 664/2/590
f 657/79/591 605/4/591 658/83/591
f 655/81/592 662/14/592 656/78/592
f 606/86/593 660/82/593 664/2/593
f 659/77/594 605/4/594 663/6/594
f 725/6/595 674/3/595 726/2/595
f 666/7/596 672/13/596 667/4/596
f 724/14/597 669/12/597 670/8/597
f 668/1/598 726/2/598 674/3/598
f 667/4/599 673/5/599 725/6/599
f 666/7/600 670/8/600 671/9/600
f 723/10/601 665/11/601 669/12/601
f 671/9/602 676/22/602 677/18/602
f 669/12/603 665/19/603 675/20/603
f 673/5/604 680/16/604 674/3/604
f 671/9/605 678/21/605 672/13/605
f 670/8/606 675/20/606 676/22/606
f 668/15/607 674/3/607 680/16/607
f 672/13/608 679/17/608 673/5/608
f 680/16/609 685/26/609 686/24/609
f 677/18/20 684/25/20 678/21/20
f 675/20/610 682/30/610 676/22/610
f 668/23/611 680/16/611 686/24/611
f 678/21/612 685/26/612 679/17/612
f 676/22/613 683/27/613 677/18/613
f 675/20/614 665/28/614 681/29/614
f 686/24/615 691/35/615 692/36/615
f 683/27/616 690/37/616 684/25/616
f 681/29/617 688/31/617 682/30/617
f 668/38/618 686/24/618 692/36/618
f 685/26/619 690/37/619 691/35/619
f 682/30/620 689/32/620 683/27/620
f 681/29/621 665/33/621 687/34/621
f 687/34/622 694/41/622 688/31/622
f 668/42/623 692/36/623 698/39/623
f 691/35/624 696/40/624 697/43/624
f 688/31/625 695/44/625 689/32/625
f 687/34/626 665/45/626 693/46/626
f 692/36/627 697/43/627 698/39/627
f 689/32/628 696/40/628 690/37/628
f 668/50/629 698/39/629 704/47/629
f 696/40/630 703/51/630 697/43/630
f 695/44/631 700/49/631 701/52/631
f 693/46/632 665/53/632 699/54/632
f 697/43/633 704/47/633 698/39/633
f 695/44/634 702/48/634 696/40/634
f 694/41/635 699/54/635 700/49/635
f 702/48/636 709/58/636 703/51/636
f 701/52/637 706/55/637 707/59/637
f 699/54/638 665/60/638 705/61/638
f 703/51/639 710/57/639 704/47/639
f 701/52/640 708/62/640 702/48/640
f 700/49/641 705/61/641 706/55/641
f 668/56/642 704/47/642 710/57/642
f 705/72/643 665/73/643 711/74/643
f 710/64/644 715/67/644 716/65/644
f 707/69/55 714/75/55 708/66/55
f 705/72/645 712/70/645 706/76/645
f 668/63/646 710/64/646 716/65/646
f 708/66/647 715/67/647 709/68/647
f 707/69/648 712/70/648 713/71/648
f 716/65/649 721/77/649 722/82/649
f 713/71/650 720/83/650 714/75/650
f 711/74/651 718/78/651 712/70/651
f 668/84/652 716/65/652 722/82/652
f 715/67/653 720/83/653 721/77/653
f 712/70/654 719/79/654 713/71/654
f 711/74/655 665/80/655 717/81/655
f 719/79/656 667/4/656 720/83/656
f 717/81/657 724/14/657 718/78/657
f 668/86/658 722/82/658 726/2/658
f 721/77/659 667/4/659 725/6/659
f 718/78/660 666/7/660 719/79/660
f 717/81/661 665/85/661 723/10/661
f 722/82/662 725/6/662 726/2/662
f 768/92/74 736/89/74 730/88/74
f 729/90/75 733/95/75 734/96/75
f 728/97/76 727/98/76 732/94/76
f 731/87/71 730/88/71 736/89/71
f 729/90/72 735/91/72 768/92/72
f 767/93/73 732/94/73 733/95/73
f 735/91/78 741/101/78 736/89/78
f 734/96/79 738/100/79 739/102/79
f 732/94/80 727/103/80 737/99/80
f 731/104/81 736/89/81 741/101/81
f 734/96/82 740/105/82 735/91/82
f 733/95/77 737/99/77 738/100/77
f 738/100/84 744/108/84 739/102/84
f 737/99/85 727/109/85 742/110/85
f 731/111/86 741/101/86 746/107/86
f 740/105/87 744/108/87 745/106/87
f 737/99/88 743/112/88 738/100/88
f 741/101/83 745/106/83 746/107/83
f 742/110/91 727/116/91 747/117/91
f 731/118/92 746/107/92 751/114/92
f 745/106/93 749/115/93 750/113/93
f 742/110/94 748/119/94 743/112/94
f 746/107/89 750/113/89 751/114/89
f 743/112/90 749/115/90 744/108/90
f 731/125/98 751/114/98 756/120/98
f 749/115/99 755/126/99 750/113/99
f 748/119/100 752/124/100 753/121/100
f 750/113/95 756/120/95 751/114/95
f 749/115/96 753/121/96 754/122/96
f 747/117/97 727/123/97 752/124/97
f 731/132/104 756/120/104 761/127/104
f 754/122/105 760/133/105 755/126/105
f 753/121/106 757/131/106 758/128/106
f 755/126/101 761/127/101 756/120/101
f 754/122/102 758/128/102 759/129/102
f 752/124/103 727/130/103 757/131/103
f 731/140/109 761/141/109 766/142/109
f 760/143/110 764/135/110 765/144/110
f 757/137/111 763/145/111 758/134/111
f 761/141/112 765/144/112 766/142/112
f 758/134/107 764/135/107 759/136/107
f 757/137/108 727/138/108 762/139/108
f 765/144/115 729/90/115 768/92/115
f 762/139/116 767/93/116 763/145/116
f 766/142/117 768/92/117 730/88/117
f 763/145/118 729/90/118 764/135/118
f 762/139/113 727/146/113 728/97/113
f 731/147/114 766/142/114 730/88/114
f 770/7/663 776/13/663 771/4/663
f 828/14/664 773/12/664 774/8/664
f 772/1/665 830/2/665 778/3/665
f 771/4/666 777/5/666 829/6/666
f 770/7/667 774/8/667 775/9/667
f 827/10/668 769/11/668 773/12/668
f 829/6/669 778/3/669 830/2/669
f 777/5/670 784/16/670 778/3/670
f 775/9/671 782/21/671 776/13/671
f 774/8/672 779/20/672 780/22/672
f 772/15/673 778/3/673 784/16/673
f 776/13/674 783/17/674 777/5/674
f 775/9/675 780/22/675 781/18/675
f 773/12/676 769/19/676 779/20/676
f 781/18/20 788/25/20 782/21/20
f 779/20/677 786/30/677 780/22/677
f 772/23/678 784/16/678 790/24/678
f 783/17/679 788/25/679 789/26/679
f 780/22/680 787/27/680 781/18/680
f 779/20/681 769/28/681 785/29/681
f 784/16/682 789/26/682 790/24/682
f 772/38/683 790/24/683 796/36/683
f 789/26/684 794/37/684 795/35/684
f 786/30/685 793/32/685 787/27/685
f 785/29/686 769/33/686 791/34/686
f 790/24/687 795/35/687 796/36/687
f 787/27/688 794/37/688 788/25/688
f 785/29/689 792/31/689 786/30/689
f 772/42/690 796/36/690 802/39/690
f 795/35/691 800/40/691 801/43/691
f 792/31/692 799/44/692 793/32/692
f 791/34/693 769/45/693 797/46/693
f 796/36/694 801/43/694 802/39/694
f 793/32/695 800/40/695 794/37/695
f 791/34/696 798/41/696 792/31/696
f 799/44/697 804/49/697 805/52/697
f 797/46/698 769/53/698 803/54/698
f 801/43/699 808/47/699 802/39/699
f 799/44/700 806/48/700 800/40/700
f 798/41/701 803/54/701 804/49/701
f 772/50/702 802/39/702 808/47/702
f 800/40/703 807/51/703 801/43/703
f 807/51/704 814/57/704 808/47/704
f 805/52/705 812/62/705 806/48/705
f 804/49/706 809/61/706 810/55/706
f 772/56/707 808/47/707 814/57/707
f 806/48/708 813/58/708 807/51/708
f 805/52/709 810/55/709 811/59/709
f 803/54/710 769/60/710 809/61/710
f 813/68/711 820/65/711 814/64/711
f 811/69/55 818/75/55 812/66/55
f 809/72/712 816/70/712 810/76/712
f 772/63/713 814/64/713 820/65/713
f 812/66/714 819/67/714 813/68/714
f 811/69/715 816/70/715 817/71/715
f 809/72/716 769/73/716 815/74/716
f 815/74/717 822/78/717 816/70/717
f 772/84/718 820/65/718 826/82/718
f 819/67/719 824/83/719 825/77/719
f 816/70/720 823/79/720 817/71/720
f 815/74/721 769/80/721 821/81/721
f 820/65/722 825/77/722 826/82/722
f 817/71/723 824/83/723 818/75/723
f 772/86/724 826/82/724 830/2/724
f 825/77/725 771/4/725 829/6/725
f 822/78/726 770/7/726 823/79/726
f 821/81/727 769/85/727 827/10/727
f 826/82/728 829/6/728 830/2/728
f 823/79/729 771/4/729 824/83/729
f 821/81/730 828/14/730 822/78/730
f 832/7/731 836/8/731 837/9/731
f 889/10/732 831/11/732 835/12/732
f 891/6/733 840/3/733 892/2/733
f 832/7/734 838/13/734 833/4/734
f 890/14/735 835/12/735 836/8/735
f 834/1/736 892/2/736 840/3/736
f 833/4/737 839/5/737 891/6/737
f 834/15/738 840/3/738 846/16/738
f 838/13/739 845/17/739 839/5/739
f 837/9/740 842/22/740 843/18/740
f 835/12/741 831/19/741 841/20/741
f 839/5/742 846/16/742 840/3/742
f 837/9/743 844/21/743 838/13/743
f 836/8/744 841/20/744 842/22/744
f 842/22/745 849/27/745 843/18/745
f 841/20/746 831/28/746 847/29/746
f 845/17/747 852/24/747 846/16/747
f 843/18/20 850/25/20 844/21/20
f 841/20/748 848/30/748 842/22/748
f 834/23/749 846/16/749 852/24/749
f 844/21/750 851/26/750 845/17/750
f 852/24/751 857/35/751 858/36/751
f 849/27/752 856/37/752 850/25/752
f 847/29/753 854/31/753 848/30/753
f 834/38/754 852/24/754 858/36/754
f 851/26/755 856/37/755 857/35/755
f 848/30/756 855/32/756 849/27/756
f 847/29/757 831/33/757 853/34/757
f 858/36/758 863/43/758 864/39/758
f 855/32/759 862/40/759 856/37/759
f 853/34/760 860/41/760 854/31/760
f 834/42/761 858/36/761 864/39/761
f 857/35/762 862/40/762 863/43/762
f 854/31/763 861/44/763 855/32/763
f 853/34/764 831/45/764 859/46/764
f 860/41/765 865/54/765 866/49/765
f 834/50/766 864/39/766 870/47/766
f 862/40/767 869/51/767 863/43/767
f 861/44/768 866/49/768 867/52/768
f 859/46/769 831/53/769 865/54/769
f 863/43/770 870/47/770 864/39/770
f 861/44/771 868/48/771 862/40/771
f 834/56/772 870/47/772 876/57/772
f 868/48/773 875/58/773 869/51/773
f 867/52/774 872/55/774 873/59/774
f 865/54/775 831/60/775 871/61/775
f 869/51/776 876/57/776 870/47/776
f 867/52/777 874/62/777 868/48/777
f 866/49/778 871/61/778 872/55/778
f 874/66/779 881/67/779 875/68/779
f 873/69/780 878/70/780 879/71/780
f 871/72/781 831/73/781 877/74/781
f 876/64/782 881/67/782 882/65/782
f 873/69/55 880/75/55 874/66/55
f 871/72/783 878/70/783 872/76/783
f 834/63/784 876/64/784 882/65/784
f 877/74/785 831/80/785 883/81/785
f 882/65/786 887/77/786 888/82/786
f 879/71/787 886/83/787 880/75/787
f 877/74/788 884/78/788 878/70/788
f 834/84/789 882/65/789 888/82/789
f 881/67/790 886/83/790 887/77/790
f 878/70/791 885/79/791 879/71/791
f 888/82/792 891/6/792 892/2/792
f 885/79/793 833/4/793 886/83/793
f 883/81/794 890/14/794 884/78/794
f 834/86/795 888/82/795 892/2/795
f 887/77/796 833/4/796 891/6/796
f 884/78/797 832/7/797 885/79/797
f 883/81/798 831/85/798 889/10/798
f 934/92/74 902/89/74 896/88/74
f 895/90/75 899/95/75 900/96/75
f 894/97/76 893/98/76 898/94/76
f 897/87/71 896/88/71 902/89/71
f 895/90/72 901/91/72 934/92/72
f 933/93/73 898/94/73 899/95/73
f 900/96/79 904/100/79 905/102/79
f 898/94/80 893/103/80 903/99/80
f 897/104/81 902/89/81 907/101/81
f 900/96/82 906/105/82 901/91/82
f 899/95/77 903/99/77 904/100/77
f 901/91/78 907/101/78 902/89/78
f 903/99/85 893/109/85 908/110/85
f 897/111/86 907/101/86 912/107/86
f 906/105/87 910/108/87 911/106/87
f 903/99/88 909/112/88 904/100/88
f 907/101/83 911/106/83 912/107/83
f 904/100/84 910/108/84 905/102/84
f 897/118/92 912/107/92 917/114/92
f 911/106/93 915/115/93 916/113/93
f 908/110/94 914/119/94 909/112/94
f 912/107/89 916/113/89 917/114/89
f 909/112/90 915/115/90 910/108/90
f 908/110/91 893/116/91 913/117/91
f 897/125/98 917/114/98 922/120/98
f 915/115/99 921/126/99 916/113/99
f 914/119/100 918/124/100 919/121/100
f 916/113/95 922/120/95 917/114/95
f 915/115/96 919/121/96 920/122/96
f 913/117/97 893/123/97 918/124/97
f 897/132/104 922/120/104 927/127/104
f 920/122/105 926/133/105 921/126/105
f 919/121/106 923/131/106 924/128/106
f 921/126/101 927/127/101 922/120/101
f 920/122/102 924/128/102 925/129/102
f 918/124/103 893/130/103 923/131/103
f 926/143/110 930/135/110 931/144/110
f 923/137/111 929/145/111 924/134/111
f 927/141/112 931/144/112 932/142/112
f 924/134/107 930/135/107 925/136/107
f 923/137/108 893/138/108 928/139/108
f 897/140/109 927/141/109 932/142/109
f 928/139/116 933/93/116 929/145/116
f 932/142/117 934/92/117 896/88/117
f 929/145/118 895/90/118 930/135/118
f 928/139/113 893/146/113 894/97/113
f 897/147/114 932/142/114 896/88/114
f 931/144/115 895/90/115 934/92/115
f 938/1/799 996/2/799 944/3/799
f 995/6/800 942/13/800 943/5/800
f 994/14/801 941/9/801 936/7/801
f 993/10/802 935/11/802 939/12/802
f 996/2/803 943/5/803 944/3/803
f 936/7/804 942/13/804 937/4/804
f 993/10/805 940/8/805 994/14/805
f 938/15/806 944/3/806 950/16/806
f 943/5/807 948/21/807 949/17/807
f 940/8/808 947/18/808 941/9/808
f 939/12/809 935/19/809 945/20/809
f 944/3/810 949/17/810 950/16/810
f 941/9/811 948/21/811 942/13/811
f 939/12/812 946/22/812 940/8/812
f 938/23/813 950/16/813 956/24/813
f 949/17/814 954/25/814 955/26/814
f 946/22/815 953/27/815 947/18/815
f 945/20/816 935/28/816 951/29/816
f 949/17/817 956/24/817 950/16/817
f 947/18/20 954/25/20 948/21/20
f 945/20/818 952/30/818 946/22/818
f 953/27/819 958/31/819 959/32/819
f 951/29/820 935/33/820 957/34/820
f 955/26/821 962/36/821 956/24/821
f 953/27/822 960/37/822 954/25/822
f 952/30/823 957/34/823 958/31/823
f 938/38/824 956/24/824 962/36/824
f 954/25/825 961/35/825 955/26/825
f 961/35/826 968/39/826 962/36/826
f 959/32/827 966/40/827 960/37/827
f 958/31/828 963/46/828 964/41/828
f 938/42/829 962/36/829 968/39/829
f 960/37/830 967/43/830 961/35/830
f 959/32/831 964/41/831 965/44/831
f 957/34/832 935/45/832 963/46/832
f 968/39/833 973/51/833 974/47/833
f 965/44/834 972/48/834 966/40/834
f 963/46/835 970/49/835 964/41/835
f 938/50/836 968/39/836 974/47/836
f 967/43/837 972/48/837 973/51/837
f 964/41/838 971/52/838 965/44/838
f 963/46/839 935/53/839 969/54/839
f 969/54/840 976/55/840 970/49/840
f 938/56/841 974/47/841 980/57/841
f 973/51/842 978/62/842 979/58/842
f 970/49/843 977/59/843 971/52/843
f 969/54/844 935/60/844 975/61/844
f 974/47/845 979/58/845 980/57/845
f 971/52/846 978/62/846 972/48/846
f 938/63/847 980/64/847 986/65/847
f 978/66/848 985/67/848 979/68/848
f 977/69/849 982/70/849 983/71/849
f 975/72/850 935/73/850 981/74/850
f 980/64/851 985/67/851 986/65/851
f 977/69/55 984/75/55 978/66/55
f 975/72/852 982/70/852 976/76/852
f 984/75/853 991/77/853 985/67/853
f 983/71/854 988/78/854 989/79/854
f 981/74/855 935/80/855 987/81/855
f 985/67/856 992/82/856 986/65/856
f 983/71/857 990/83/857 984/75/857
f 982/70/858 987/81/858 988/78/858
f 938/84/859 986/65/859 992/82/859
f 987/81/860 935/85/860 993/10/860
f 991/77/861 996/2/861 992/82/861
f 989/79/862 937/4/862 990/83/862
f 988/78/863 993/10/863 994/14/863
f 938/86/864 992/82/864 996/2/864
f 990/83/865 995/6/865 991/77/865
f 989/79/866 994/14/866 936/7/866
f 1058/2/867 1005/5/867 1006/3/867
f 998/7/868 1004/13/868 999/4/868
f 1055/10/869 1002/8/869 1056/14/869
f 1000/1/870 1058/2/870 1006/3/870
f 1057/6/871 1004/13/871 1005/5/871
f 1056/14/872 1003/9/872 998/7/872
f 1055/10/873 997/11/873 1001/12/873
f 1006/3/874 1011/17/874 1012/16/874
f 1003/9/875 1010/21/875 1004/13/875
f 1001/12/876 1008/22/876 1002/8/876
f 1000/15/877 1006/3/877 1012/16/877
f 1005/5/878 1010/21/878 1011/17/878
f 1002/8/879 1009/18/879 1003/9/879
f 1001/12/880 997/19/880 1007/20/880
f 1011/17/881 1018/24/881 1012/16/881
f 1009/18/20 1016/25/20 1010/21/20
f 1007/20/882 1014/30/882 1008/22/882
f 1000/23/883 1012/16/883 1018/24/883
f 1010/21/884 1017/26/884 1011/17/884
f 1008/22/885 1015/27/885 1009/18/885
f 1007/20/886 997/28/886 1013/29/886
f 1014/30/887 1019/34/887 1020/31/887
f 1000/38/888 1018/24/888 1024/36/888
f 1016/25/889 1023/35/889 1017/26/889
f 1015/27/890 1020/31/890 1021/32/890
f 1013/29/891 997/33/891 1019/34/891
f 1017/26/892 1024/36/892 1018/24/892
f 1015/27/893 1022/37/893 1016/25/893
f 1000/42/894 1024/36/894 1030/39/894
f 1022/37/895 1029/43/895 1023/35/895
f 1021/32/896 1026/41/896 1027/44/896
f 1019/34/897 997/45/897 1025/46/897
f 1023/35/898 1030/39/898 1024/36/898
f 1021/32/899 1028/40/899 1022/37/899
f 1020/31/900 1025/46/900 1026/41/900
f 1029/43/901 1034/48/901 1035/51/901
f 1026/41/902 1033/52/902 1027/44/902
f 1025/46/903 997/53/903 1031/54/903
f 1030/39/904 1035/51/904 1036/47/904
f 1027/44/905 1034/48/905 1028/40/905
f 1025/46/906 1032/49/906 1026/41/906
f 1000/50/907 1030/39/907 1036/47/907
f 1031/54/908 997/60/908 1037/61/908
f 1036/47/909 1041/58/909 1042/57/909
f 1033/52/910 1040/62/910 1034/48/910
f 1031/54/911 1038/55/911 1032/49/911
f 1000/56/912 1036/47/912 1042/57/912
f 1035/51/913 1040/62/913 1041/58/913
f 1032/49/914 1039/59/914 1033/52/914
f 1042/64/915 1047/67/915 1048/65/915
f 1039/69/55 1046/75/55 1040/66/55
f 1037/72/916 1044/70/916 1038/76/916
f 1000/63/917 1042/64/917 1048/65/917
f 1040/66/918 1047/67/918 1041/68/918
f 1039/69/919 1044/70/919 1045/71/919
f 1037/72/920 997/73/920 1043/74/920
f 1045/71/921 1052/83/921 1046/75/921
f 1044/70/922 1049/81/922 1050/78/922
f 1000/84/923 1048/65/923 1054/82/923
f 1046/75/924 1053/77/924 1047/67/924
f 1045/71/925 1050/78/925 1051/79/925
f 1043/74/926 997/80/926 1049/81/926
f 1047/67/927 1054/82/927 1048/65/927
f 1000/86/928 1054/82/928 1058/2/928
f 1052/83/929 1057/6/929 1053/77/929
f 1051/79/930 1056/14/930 998/7/930
f 1049/81/931 997/85/931 1055/10/931
f 1053/77/932 1058/2/932 1054/82/932
f 1051/79/933 999/4/933 1052/83/933
f 1050/78/934 1055/10/934 1056/14/934
f 1060/97/76 1059/98/76 1064/94/76
f 1063/87/71 1062/88/71 1068/89/71
f 1061/90/72 1067/91/72 1100/92/72
f 1099/93/73 1064/94/73 1065/95/73
f 1100/92/74 1068/89/74 1062/88/74
f 1061/90/75 1065/95/75 1066/96/75
f 1063/104/81 1068/89/81 1073/101/81
f 1066/96/82 1072/105/82 1067/91/82
f 1065/95/77 1069/99/77 1070/100/77
f 1067/91/78 1073/101/78 1068/89/78
f 1066/96/79 1070/100/79 1071/102/79
f 1064/94/80 1059/103/80 1069/99/80
f 1072/105/87 1076/108/87 1077/106/87
f 1069/99/88 1075/112/88 1070/100/88
f 1073/101/83 1077/106/83 1078/107/83
f 1070/100/84 1076/108/84 1071/102/84
f 1069/99/85 1059/109/85 1074/110/85
f 1063/111/86 1073/101/86 1078/107/86
f 1074/110/94 1080/119/94 1075/112/94
f 1078/107/89 1082/113/89 1083/114/89
f 1075/112/90 1081/115/90 1076/108/90
f 1074/110/91 1059/116/91 1079/117/91
f 1063/118/92 1078/107/92 1083/114/92
f 1077/106/93 1081/115/93 1082/113/93
f 1082/113/95 1088/120/95 1083/114/95
f 1081/115/96 1085/121/96 1086/122/96
f 1079/117/97 1059/123/97 1084/124/97
f 1063/125/98 1083/114/98 1088/120/98
f 1081/115/99 1087/126/99 1082/113/99
f 1080/119/100 1084/124/100 1085/121/100
f 1087/126/101 1093/127/101 1088/120/101
f 1086/122/102 1090/128/102 1091/129/102
f 1084/124/103 1059/130/103 1089/131/103
f 1063/132/104 1088/120/104 1093/127/104
f 1086/122/105 1092/133/105 1087/126/105
f 1085/121/106 1089/131/106 1090/128/106
f 1093/141/112 1097/144/112 1098/142/112
f 1090/134/107 1096/135/107 1091/136/107
f 1089/137/108 1059/138/108 1094/139/108
f 1063/140/109 1093/141/109 1098/142/109
f 1092/143/110 1096/135/110 1097/144/110
f 1089/137/111 1095/145/111 1090/134/111
f 1098/142/117 1100/92/117 1062/88/117
f 1095/145/118 1061/90/118 1096/135/118
f 1094/139/113 1059/146/113 1060/97/113
f 1063/147/114 1098/142/114 1062/88/114
f 1097/144/115 1061/90/115 1100/92/115
f 1094/139/116 1099/93/116 1095/145/116
f 1161/6/935 1110/3/935 1162/2/935
f 1102/7/936 1108/13/936 1103/4/936
f 1160/14/937 1105/12/937 1106/8/937
f 1104/1/938 1162/2/938 1110/3/938
f 1103/4/939 1109/5/939 1161/6/939
f 1102/7/940 1106/8/940 1107/9/940
f 1159/10/941 1101/11/941 1105/12/941
f 1107/9/942 1112/22/942 1113/18/942
f 1105/12/943 1101/19/943 1111/20/943
f 1109/5/944 1116/16/944 1110/3/944
f 1107/9/945 1114/21/945 1108/13/945
f 1106/8/946 1111/20/946 1112/22/946
f 1104/15/947 1110/3/947 1116/16/947
f 1108/13/948 1115/17/948 1109/5/948
f 1116/16/949 1121/26/949 1122/24/949
f 1113/18/20 1120/25/20 1114/21/20
f 1111/20/950 1118/30/950 1112/22/950
f 1104/23/951 1116/16/951 1122/24/951
f 1114/21/952 1121/26/952 1115/17/952
f 1112/22/953 1119/27/953 1113/18/953
f 1111/20/954 1101/28/954 1117/29/954
f 1122/24/955 1127/35/955 1128/36/955
f 1119/27/956 1126/37/956 1120/25/956
f 1117/29/957 1124/31/957 1118/30/957
f 1104/38/958 1122/24/958 1128/36/958
f 1121/26/959 1126/37/959 1127/35/959
f 1118/30/960 1125/32/960 1119/27/960
f 1117/29/961 1101/33/961 1123/34/961
f 1123/34/962 1130/41/962 1124/31/962
f 1104/42/963 1128/36/963 1134/39/963
f 1127/35/964 1132/40/964 1133/43/964
f 1124/31/965 1131/44/965 1125/32/965
f 1123/34/966 1101/45/966 1129/46/966
f 1128/36/967 1133/43/967 1134/39/967
f 1125/32/968 1132/40/968 1126/37/968
f 1104/50/969 1134/39/969 1140/47/969
f 1132/40/970 1139/51/970 1133/43/970
f 1131/44/971 1136/49/971 1137/52/971
f 1129/46/972 1101/53/972 1135/54/972
f 1133/43/973 1140/47/973 1134/39/973
f 1131/44/974 1138/48/974 1132/40/974
f 1130/41/975 1135/54/975 1136/49/975
f 1138/48/976 1145/58/976 1139/51/976
f 1137/52/977 1142/55/977 1143/59/977
f 1135/54/978 1101/60/978 1141/61/978
f 1139/51/979 1146/57/979 1140/47/979
f 1137/52/980 1144/62/980 1138/48/980
f 1136/49/981 1141/61/981 1142/55/981
f 1104/56/982 1140/47/982 1146/57/982
f 1141/72/983 1101/73/983 1147/74/983
f 1146/64/984 1151/67/984 1152/65/984
f 1143/69/55 1150/75/55 1144/66/55
f 1141/72/985 1148/70/985 1142/76/985
f 1104/63/986 1146/64/986 1152/65/986
f 1144/66/987 1151/67/987 1145/68/987
f 1142/76/988 1149/71/988 1143/69/988
f 1152/65/989 1157/77/989 1158/82/989
f 1149/71/990 1156/83/990 1150/75/990
f 1147/74/991 1154/78/991 1148/70/991
f 1104/84/992 1152/65/992 1158/82/992
f 1151/67/993 1156/83/993 1157/77/993
f 1148/70/994 1155/79/994 1149/71/994
f 1147/74/995 1101/80/995 1153/81/995
f 1155/79/996 1103/4/996 1156/83/996
f 1153/81/997 1160/14/997 1154/78/997
f 1104/86/998 1158/82/998 1162/2/998
f 1157/77/999 1103/4/999 1161/6/999
f 1154/78/1000 1102/7/1000 1155/79/1000
f 1153/81/1001 1101/85/1001 1159/10/1001
f 1158/82/1002 1161/6/1002 1162/2/1002
f 1165/4/1003 1171/5/1003 1223/6/1003
f 1164/7/1004 1168/8/1004 1169/9/1004
f 1221/10/1005 1163/11/1005 1167/12/1005
f 1223/6/1006 1172/3/1006 1224/2/1006
f 1164/7/1007 1170/13/1007 1165/4/1007
f 1222/14/1008 1167/12/1008 1168/8/1008
f 1166/1/1009 1224/2/1009 1172/3/1009
f 1166/15/1010 1172/3/1010 1178/16/1010
f 1170/13/1011 1177/17/1011 1171/5/1011
f 1169/9/1012 1174/22/1012 1175/18/1012
f 1167/12/1013 1163/19/1013 1173/20/1013
f 1171/5/1014 1178/16/1014 1172/3/1014
f 1169/9/1015 1176/21/1015 1170/13/1015
f 1168/8/1016 1173/20/1016 1174/22/1016
f 1176/21/1017 1183/26/1017 1177/17/1017
f 1174/22/1018 1181/27/1018 1175/18/1018
f 1173/20/1019 1163/28/1019 1179/29/1019
f 1177/17/1020 1184/24/1020 1178/16/1020
f 1175/18/20 1182/25/20 1176/21/20
f 1173/20/1021 1180/30/1021 1174/22/1021
f 1166/23/1022 1178/16/1022 1184/24/1022
f 1179/29/1023 1163/33/1023 1185/34/1023
f 1184/24/1024 1189/35/1024 1190/36/1024
f 1181/27/1025 1188/37/1025 1182/25/1025
f 1179/29/1026 1186/31/1026 1180/30/1026
f 1166/38/1027 1184/24/1027 1190/36/1027
f 1183/26/1028 1188/37/1028 1189/35/1028
f 1180/30/1029 1187/32/1029 1181/27/1029
f 1190/36/1030 1195/43/1030 1196/39/1030
f 1187/32/1031 1194/40/1031 1188/37/1031
f 1185/34/1032 1192/41/1032 1186/31/1032
f 1166/42/1033 1190/36/1033 1196/39/1033
f 1189/35/1034 1194/40/1034 1195/43/1034
f 1186/31/1035 1193/44/1035 1187/32/1035
f 1185/34/1036 1163/45/1036 1191/46/1036
f 1193/44/1037 1200/48/1037 1194/40/1037
f 1192/41/1038 1197/54/1038 1198/49/1038
f 1166/50/1039 1196/39/1039 1202/47/1039
f 1194/40/1040 1201/51/1040 1195/43/1040
f 1193/44/1041 1198/49/1041 1199/52/1041
f 1191/46/1042 1163/53/1042 1197/54/1042
f 1195/43/1043 1202/47/1043 1196/39/1043
f 1166/56/1044 1202/47/1044 1208/57/1044
f 1200/48/1045 1207/58/1045 1201/51/1045
f 1199/52/1046 1204/55/1046 1205/59/1046
f 1197/54/1047 1163/60/1047 1203/61/1047
f 1201/51/1048 1208/57/1048 1202/47/1048
f 1199/52/1049 1206/62/1049 1200/48/1049
f 1198/49/1050 1203/61/1050 1204/55/1050
f 1166/63/1051 1208/64/1051 1214/65/1051
f 1206/66/1052 1213/67/1052 1207/68/1052
f 1205/69/1053 1210/70/1053 1211/71/1053
f 1203/72/1054 1163/73/1054 1209/74/1054
f 1207/68/1055 1214/65/1055 1208/64/1055
f 1205/69/55 1212/75/55 1206/66/55
f 1204/76/1056 1209/74/1056 1210/70/1056
f 1210/70/1057 1217/79/1057 1211/71/1057
f 1209/74/1058 1163/80/1058 1215/81/1058
f 1214/65/1059 1219/77/1059 1220/82/1059
f 1211/71/1060 1218/83/1060 1212/75/1060
f 1209/74/1061 1216/78/1061 1210/70/1061
f 1166/84/1062 1214/65/1062 1220/82/1062
f 1213/67/1063 1218/83/1063 1219/77/1063
f 1220/82/1064 1223/6/1064 1224/2/1064
f 1217/79/1065 1165/4/1065 1218/83/1065
f 1215/81/1066 1222/14/1066 1216/78/1066
f 1166/86/1067 1220/82/1067 1224/2/1067
f 1219/77/1068 1165/4/1068 1223/6/1068
f 1216/78/1069 1164/7/1069 1217/79/1069
f 1215/81/1070 1163/85/1070 1221/10/1070
f 1227/90/72 1233/91/72 1266/92/72
f 1265/93/73 1230/94/73 1231/95/73
f 1266/92/74 1234/89/74 1228/88/74
f 1227/90/75 1231/95/75 1232/96/75
f 1226/97/76 1225/98/76 1230/94/76
f 1229/87/71 1228/88/71 1234/89/71
f 1233/91/78 1239/101/78 1234/89/78
f 1232/96/79 1236/100/79 1237/102/79
f 1230/94/80 1225/103/80 1235/99/80
f 1229/104/81 1234/89/81 1239/101/81
f 1232/96/82 1238/105/82 1233/91/82
f 1231/95/77 1235/99/77 1236/100/77
f 1239/101/83 1243/106/83 1244/107/83
f 1236/100/84 1242/108/84 1237/102/84
f 1235/99/85 1225/109/85 1240/110/85
f 1229/111/86 1239/101/86 1244/107/86
f 1238/105/87 1242/108/87 1243/106/87
f 1235/99/88 1241/112/88 1236/100/88
f 1244/107/89 1248/113/89 1249/114/89
f 1241/112/90 1247/115/90 1242/108/90
f 1240/110/91 1225/116/91 1245/117/91
f 1229/118/92 1244/107/92 1249/114/92
f 1243/106/93 1247/115/93 1248/113/93
f 1240/110/94 1246/119/94 1241/112/94
f 1247/115/96 1251/121/96 1252/122/96
f 1245/117/97 1225/123/97 1250/124/97
f 1229/125/98 1249/114/98 1254/120/98
f 1247/115/99 1253/126/99 1248/113/99
f 1246/119/100 1250/124/100 1251/121/100
f 1248/113/95 1254/120/95 1249/114/95
f 1250/124/103 1225/130/103 1255/131/103
f 1229/132/104 1254/120/104 1259/127/104
f 1252/122/105 1258/133/105 1253/126/105
f 1251/121/106 1255/131/106 1256/128/106
f 1253/126/101 1259/127/101 1254/120/101
f 1252/122/102 1256/128/102 1257/129/102
f 1229/140/109 1259/141/109 1264/142/109
f 1258/143/110 1262/135/110 1263/144/110
f 1255/137/111 1261/145/111 1256/134/111
f 1259/141/112 1263/144/112 1264/142/112
f 1256/134/107 1262/135/107 1257/136/107
f 1255/137/108 1225/138/108 1260/139/108
f 1229/147/114 1264/142/114 1228/88/114
f 1263/144/115 1227/90/115 1266/92/115
f 1260/139/116 1265/93/116 1261/145/116
f 1264/142/117 1266/92/117 1228/88/117
f 1261/145/118 1227/90/118 1262/135/118
f 1260/139/113 1225/146/113 1226/97/113
f 1326/14/1071 1271/12/1071 1272/8/1071
f 1270/1/1072 1328/2/1072 1276/3/1072
f 1269/4/1073 1275/5/1073 1327/6/1073
f 1268/7/1074 1272/8/1074 1273/9/1074
f 1325/10/1075 1267/11/1075 1271/12/1075
f 1327/6/1076 1276/3/1076 1328/2/1076
f 1268/7/1077 1274/13/1077 1269/4/1077
f 1275/5/1078 1282/16/1078 1276/3/1078
f 1273/9/1079 1280/21/1079 1274/13/1079
f 1272/8/1080 1277/20/1080 1278/22/1080
f 1270/15/1081 1276/3/1081 1282/16/1081
f 1274/13/1082 1281/17/1082 1275/5/1082
f 1273/9/1083 1278/22/1083 1279/18/1083
f 1271/12/1084 1267/19/1084 1277/20/1084
f 1277/20/1085 1284/30/1085 1278/22/1085
f 1270/23/1086 1282/16/1086 1288/24/1086
f 1280/21/1087 1287/26/1087 1281/17/1087
f 1278/22/1088 1285/27/1088 1279/18/1088
f 1277/20/1089 1267/28/1089 1283/29/1089
f 1281/17/1090 1288/24/1090 1282/16/1090
f 1279/18/20 1286/25/20 1280/21/20
f 1270/38/1091 1288/24/1091 1294/36/1091
f 1287/26/1092 1292/37/1092 1293/35/1092
f 1284/30/1093 1291/32/1093 1285/27/1093
f 1283/29/1094 1267/33/1094 1289/34/1094
f 1288/24/1095 1293/35/1095 1294/36/1095
f 1285/27/1096 1292/37/1096 1286/25/1096
f 1283/29/1097 1290/31/1097 1284/30/1097
f 1293/35/1098 1298/40/1098 1299/43/1098
f 1290/31/1099 1297/44/1099 1291/32/1099
f 1289/34/1100 1267/45/1100 1295/46/1100
f 1294/36/1101 1299/43/1101 1300/39/1101
f 1291/32/1102 1298/40/1102 1292/37/1102
f 1289/34/1103 1296/41/1103 1290/31/1103
f 1270/42/1104 1294/36/1104 1300/39/1104
f 1295/46/1105 1267/53/1105 1301/54/1105
f 1299/43/1106 1306/47/1106 1300/39/1106
f 1297/44/1107 1304/48/1107 1298/40/1107
f 1296/41/1108 1301/54/1108 1302/49/1108
f 1270/50/1109 1300/39/1109 1306/47/1109
f 1298/40/1110 1305/51/1110 1299/43/1110
f 1297/44/1111 1302/49/1111 1303/52/1111
f 1305/51/1112 1312/57/1112 1306/47/1112
f 1303/52/1113 1310/62/1113 1304/48/1113
f 1302/49/1114 1307/61/1114 1308/55/1114
f 1270/56/1115 1306/47/1115 1312/57/1115
f 1304/48/1116 1311/58/1116 1305/51/1116
f 1303/52/1117 1308/55/1117 1309/59/1117
f 1301/54/1118 1267/60/1118 1307/61/1118
f 1309/69/55 1316/75/55 1310/66/55
f 1307/72/1119 1314/70/1119 1308/76/1119
f 1270/63/1120 1312/64/1120 1318/65/1120
f 1310/66/1121 1317/67/1121 1311/68/1121
f 1308/76/1122 1315/71/1122 1309/69/1122
f 1307/72/1123 1267/73/1123 1313/74/1123
f 1312/64/1124 1317/67/1124 1318/65/1124
f 1270/84/1125 1318/65/1125 1324/82/1125
f 1317/67/1126 1322/83/1126 1323/77/1126
f 1314/70/1127 1321/79/1127 1315/71/1127
f 1313/74/1128 1267/80/1128 1319/81/1128
f 1318/65/1129 1323/77/1129 1324/82/1129
f 1315/71/1130 1322/83/1130 1316/75/1130
f 1313/74/1131 1320/78/1131 1314/70/1131
f 1270/86/1132 1324/82/1132 1328/2/1132
f 1323/77/1133 1269/4/1133 1327/6/1133
f 1320/78/1134 1268/7/1134 1321/79/1134
f 1319/81/1135 1267/85/1135 1325/10/1135
f 1324/82/1136 1327/6/1136 1328/2/1136
f 1321/79/1137 1269/4/1137 1322/83/1137
f 1319/81/1138 1326/14/1138 1320/78/1138
f 1389/6/1139 1338/3/1139 1390/2/1139
f 1330/7/1140 1336/13/1140 1331/4/1140
f 1388/14/1141 1333/12/1141 1334/8/1141
f 1332/1/1142 1390/2/1142 1338/3/1142
f 1331/4/1143 1337/5/1143 1389/6/1143
f 1330/7/1144 1334/8/1144 1335/9/1144
f 1387/10/1145 1329/11/1145 1333/12/1145
f 1333/12/1146 1329/19/1146 1339/20/1146
f 1337/5/1147 1344/16/1147 1338/3/1147
f 1335/9/1148 1342/21/1148 1336/13/1148
f 1334/8/1149 1339/20/1149 1340/22/1149
f 1332/15/1150 1338/3/1150 1344/16/1150
f 1336/13/1151 1343/17/1151 1337/5/1151
f 1335/9/1152 1340/22/1152 1341/18/1152
f 1343/17/1153 1350/24/1153 1344/16/1153
f 1341/18/20 1348/25/20 1342/21/20
f 1340/22/1154 1345/29/1154 1346/30/1154
f 1332/23/1155 1344/16/1155 1350/24/1155
f 1342/21/1156 1349/26/1156 1343/17/1156
f 1340/22/1157 1347/27/1157 1341/18/1157
f 1339/20/1158 1329/28/1158 1345/29/1158
f 1347/27/1159 1354/37/1159 1348/25/1159
f 1345/29/1160 1352/31/1160 1346/30/1160
f 1332/38/1161 1350/24/1161 1356/36/1161
f 1349/26/1162 1354/37/1162 1355/35/1162
f 1346/30/1163 1353/32/1163 1347/27/1163
f 1345/29/1164 1329/33/1164 1351/34/1164
f 1350/24/1165 1355/35/1165 1356/36/1165
f 1332/42/1166 1356/36/1166 1362/39/1166
f 1355/35/1167 1360/40/1167 1361/43/1167
f 1352/31/1168 1359/44/1168 1353/32/1168
f 1351/34/1169 1329/45/1169 1357/46/1169
f 1356/36/1170 1361/43/1170 1362/39/1170
f 1353/32/1171 1360/40/1171 1354/37/1171
f 1351/34/1172 1358/41/1172 1352/31/1172
f 1332/50/1173 1362/39/1173 1368/47/1173
f 1360/40/1174 1367/51/1174 1361/43/1174
f 1359/44/1175 1364/49/1175 1365/52/1175
f 1357/46/1176 1329/53/1176 1363/54/1176
f 1361/43/1177 1368/47/1177 1362/39/1177
f 1359/44/1178 1366/48/1178 1360/40/1178
f 1358/41/1179 1363/54/1179 1364/49/1179
f 1365/52/1180 1370/55/1180 1371/59/1180
f 1363/54/1181 1329/60/1181 1369/61/1181
f 1367/51/1182 1374/57/1182 1368/47/1182
f 1365/52/1183 1372/62/1183 1366/48/1183
f 1364/49/1184 1369/61/1184 1370/55/1184
f 1332/56/1185 1368/47/1185 1374/57/1185
f 1366/48/1186 1373/58/1186 1367/51/1186
f 1373/68/1187 1380/65/1187 1374/64/1187
f 1371/69/55 1378/75/55 1372/66/55
f 1369/72/1188 1376/70/1188 1370/76/1188
f 1332/63/1189 1374/64/1189 1380/65/1189
f 1372/66/1190 1379/67/1190 1373/68/1190
f 1371/69/1191 1376/70/1191 1377/71/1191
f 1369/72/1192 1329/73/1192 1375/74/1192
f 1380/65/1193 1385/77/1193 1386/82/1193
f 1377/71/1194 1384/83/1194 1378/75/1194
f 1375/74/1195 1382/78/1195 1376/70/1195
f 1332/84/1196 1380/65/1196 1386/82/1196
f 1379/67/1197 1384/83/1197 1385/77/1197
f 1376/70/1198 1383/79/1198 1377/71/1198
f 1375/74/1199 1329/80/1199 1381/81/1199
f 1381/81/1200 1388/14/1200 1382/78/1200
f 1332/86/1201 1386/82/1201 1390/2/1201
f 1385/77/1202 1331/4/1202 1389/6/1202
f 1382/78/1203 1330/7/1203 1383/79/1203
f 1381/81/1204 1329/85/1204 1387/10/1204
f 1386/82/1205 1389/6/1205 1390/2/1205
f 1383/79/1206 1331/4/1206 1384/83/1206
f 1432/92/74 1400/89/74 1394/88/74
f 1393/90/75 1397/95/75 1398/96/75
f 1392/97/76 1391/98/76 1396/94/76
f 1395/87/71 1394/88/71 1400/89/71
f 1393/90/72 1399/91/72 1432/92/72
f 1431/93/73 1396/94/73 1397/95/73
f 1396/94/80 1391/103/80 1401/99/80
f 1395/104/81 1400/89/81 1405/101/81
f 1398/96/82 1404/105/82 1399/91/82
f 1397/95/77 1401/99/77 1402/100/77
f 1399/91/78 1405/101/78 1400/89/78
f 1398/96/79 1402/100/79 1403/102/79
f 1395/111/86 1405/101/86 1410/107/86
f 1404/105/87 1408/108/87 1409/106/87
f 1401/99/88 1407/112/88 1402/100/88
f 1405/101/83 1409/106/83 1410/107/83
f 1402/100/84 1408/108/84 1403/102/84
f 1401/99/85 1391/109/85 1406/110/85
f 1395/118/92 1410/107/92 1415/114/92
f 1409/106/93 1413/115/93 1414/113/93
f 1406/110/94 1412/119/94 1407/112/94
f 1410/107/89 1414/113/89 1415/114/89
f 1407/112/90 1413/115/90 1408/108/90
f 1406/110/91 1391/116/91 1411/117/91
f 1395/125/98 1415/114/98 1420/120/98
f 1413/115/99 1419/126/99 1414/113/99
f 1412/119/100 1416/124/100 1417/121/100
f 1414/113/95 1420/120/95 1415/114/95
f 1413/115/96 1417/121/96 1418/122/96
f 1411/117/97 1391/123/97 1416/124/97
f 1418/122/105 1424/133/105 1419/126/105
f 1417/121/106 1421/131/106 1422/128/106
f 1419/126/101 1425/127/101 1420/120/101
f 1418/122/102 1422/128/102 1423/129/102
f 1416/124/103 1391/130/103 1421/131/103
f 1395/132/104 1420/120/104 1425/127/104
f 1421/137/111 1427/145/111 1422/134/111
f 1425/141/112 1429/144/112 1430/142/112
f 1422/134/107 1428/135/107 1423/136/107
f 1421/137/108 1391/138/108 1426/139/108
f 1395/140/109 1425/141/109 1430/142/109
f 1424/143/110 1428/135/110 1429/144/110
f 1430/142/117 1432/92/117 1394/88/117
f 1427/145/118 1393/90/118 1428/135/118
f 1426/139/113 1391/146/113 1392/97/113
f 1395/147/114 1430/142/114 1394/88/114
f 1429/144/115 1393/90/115 1432/92/115
f 1426/139/116 1431/93/116 1427/145/116
f 1435/4/1207 1441/5/1207 1493/6/1207
f 1434/7/1208 1438/8/1208 1439/9/1208
f 1491/10/1209 1433/11/1209 1437/12/1209
f 1493/6/1210 1442/3/1210 1494/2/1210
f 1434/7/1211 1440/13/1211 1435/4/1211
f 1492/14/1212 1437/12/1212 1438/8/1212
f 1436/1/1213 1494/2/1213 1442/3/1213
f 1436/15/1214 1442/3/1214 1448/16/1214
f 1440/13/1215 1447/17/1215 1441/5/1215
f 1439/9/1216 1444/22/1216 1445/18/1216
f 1437/12/1217 1433/19/1217 1443/20/1217
f 1441/5/1218 1448/16/1218 1442/3/1218
f 1439/9/1219 1446/21/1219 1440/13/1219
f 1438/8/1220 1443/20/1220 1444/22/1220
f 1446/21/1221 1453/26/1221 1447/17/1221
f 1444/22/1222 1451/27/1222 1445/18/1222
f 1443/20/1223 1433/28/1223 1449/29/1223
f 1447/17/1224 1454/24/1224 1448/16/1224
f 1445/18/20 1452/25/20 1446/21/20
f 1443/20/1225 1450/30/1225 1444/22/1225
f 1436/23/1226 1448/16/1226 1454/24/1226
f 1449/29/1227 1433/33/1227 1455/34/1227
f 1454/24/1228 1459/35/1228 1460/36/1228
f 1451/27/1229 1458/37/1229 1452/25/1229
f 1449/29/1230 1456/31/1230 1450/30/1230
f 1436/38/1231 1454/24/1231 1460/36/1231
f 1453/26/1232 1458/37/1232 1459/35/1232
f 1450/30/1233 1457/32/1233 1451/27/1233
f 1460/36/1234 1465/43/1234 1466/39/1234
f 1457/32/1235 1464/40/1235 1458/37/1235
f 1455/34/1236 1462/41/1236 1456/31/1236
f 1436/42/1237 1460/36/1237 1466/39/1237
f 1459/35/1238 1464/40/1238 1465/43/1238
f 1456/31/1239 1463/44/1239 1457/32/1239
f 1455/34/1240 1433/45/1240 1461/46/1240
f 1463/44/1241 1470/48/1241 1464/40/1241
f 1462/41/1242 1467/54/1242 1468/49/1242
f 1436/50/1243 1466/39/1243 1472/47/1243
f 1464/40/1244 1471/51/1244 1465/43/1244
f 1463/44/1245 1468/49/1245 1469/52/1245
f 1461/46/1246 1433/53/1246 1467/54/1246
f 1465/43/1247 1472/47/1247 1466/39/1247
f 1436/56/1248 1472/47/1248 1478/57/1248
f 1470/48/1249 1477/58/1249 1471/51/1249
f 1469/52/1250 1474/55/1250 1475/59/1250
f 1467/54/1251 1433/60/1251 1473/61/1251
f 1471/51/1252 1478/57/1252 1472/47/1252
f 1469/52/1253 1476/62/1253 1470/48/1253
f 1468/49/1254 1473/61/1254 1474/55/1254
f 1436/63/1255 1478/64/1255 1484/65/1255
f 1476/66/1256 1483/67/1256 1477/68/1256
f 1475/69/1257 1480/70/1257 1481/71/1257
f 1473/72/1258 1433/73/1258 1479/74/1258
f 1478/64/1259 1483/67/1259 1484/65/1259
f 1475/69/55 1482/75/55 1476/66/55
f 1473/72/1260 1480/70/1260 1474/76/1260
f 1480/70/1261 1487/79/1261 1481/71/1261
f 1479/74/1262 1433/80/1262 1485/81/1262
f 1484/65/1263 1489/77/1263 1490/82/1263
f 1481/71/1264 1488/83/1264 1482/75/1264
f 1479/74/1265 1486/78/1265 1480/70/1265
f 1436/84/1266 1484/65/1266 1490/82/1266
f 1483/67/1267 1488/83/1267 1489/77/1267
f 1490/82/1268 1493/6/1268 1494/2/1268
f 1487/79/1269 1435/4/1269 1488/83/1269
f 1485/81/1270 1492/14/1270 1486/78/1270
f 1436/86/1271 1490/82/1271 1494/2/1271
f 1489/77/1272 1435/4/1272 1493/6/1272
f 1486/78/1273 1434/7/1273 1487/79/1273
f 1485/81/1274 1433/85/1274 1491/10/1274
f 1536/92/1275 1504/89/1275 1498/88/1275
f 1497/90/1276 1501/95/1276 1502/96/1276
f 1496/97/1277 1495/98/1277 1500/94/1277
f 1499/87/1278 1498/88/1278 1504/89/1278
f 1536/92/1279 1502/96/1279 1503/91/1279
f 1535/93/1280 1500/94/1280 1501/95/1280
f 1503/91/1281 1509/101/1281 1504/89/1281
f 1502/96/1282 1506/100/1282 1507/102/1282
f 1500/94/1283 1495/103/1283 1505/99/1283
f 1499/104/1284 1504/89/1284 1509/101/1284
f 1502/96/1285 1508/105/1285 1503/91/1285
f 1501/95/1286 1505/99/1286 1506/100/1286
f 1506/100/1287 1512/108/1287 1507/102/1287
f 1505/99/1288 1495/109/1288 1510/110/1288
f 1499/111/1289 1509/101/1289 1514/107/1289
f 1508/105/1290 1512/108/1290 1513/106/1290
f 1505/99/1291 1511/112/1291 1506/100/1291
f 1509/101/1292 1513/106/1292 1514/107/1292
f 1510/110/1293 1495/116/1293 1515/117/1293
f 1499/118/1294 1514/107/1294 1519/114/1294
f 1512/108/1295 1518/113/1295 1513/106/1295
f 1510/110/1296 1516/119/1296 1511/112/1296
f 1514/107/1297 1518/113/1297 1519/114/1297
f 1511/112/1298 1517/115/1298 1512/108/1298
f 1499/125/1299 1519/114/1299 1524/120/1299
f 1517/115/1300 1523/126/1300 1518/113/1300
f 1516/119/1301 1520/124/1301 1521/121/1301
f 1518/113/1302 1524/120/1302 1519/114/1302
f 1516/119/1303 1522/122/1303 1517/115/1303
f 1515/117/1304 1495/123/1304 1520/124/1304
f 1499/132/1305 1524/120/1305 1529/127/1305
f 1522/122/1306 1528/133/1306 1523/126/1306
f 1521/121/1307 1525/131/1307 1526/128/1307
f 1523/126/1308 1529/127/1308 1524/120/1308
f 1522/122/1309 1526/128/1309 1527/129/1309
f 1520/124/1310 1495/130/1310 1525/131/1310
f 1499/140/1311 1529/141/1311 1534/142/1311
f 1528/143/1312 1532/135/1312 1533/144/1312
f 1525/137/1313 1531/145/1313 1526/134/1313
f 1529/141/1314 1533/144/1314 1534/142/1314
f 1526/134/1315 1532/135/1315 1527/136/1315
f 1525/137/1316 1495/138/1316 1530/139/1316
f 1533/144/1317 1497/90/1317 1536/92/1317
f 1530/139/1318 1535/93/1318 1531/145/1318
f 1534/142/1319 1536/92/1319 1498/88/1319
f 1532/135/1320 1535/93/1320 1497/90/1320
f 1530/139/1321 1495/146/1321 1496/97/1321
f 1499/147/1322 1534/142/1322 1498/88/1322
f 1578/92/1323 1546/89/1323 1540/88/1323
f 1539/90/1324 1543/95/1324 1544/96/1324
f 1538/97/1325 1537/98/1325 1542/94/1325
f 1541/87/1326 1540/88/1326 1546/89/1326
f 1578/92/1327 1544/96/1327 1545/91/1327
f 1577/93/1328 1542/94/1328 1543/95/1328
f 1544/96/1329 1548/100/1329 1549/102/1329
f 1542/94/1330 1537/103/1330 1547/99/1330
f 1541/104/1331 1546/89/1331 1551/101/1331
f 1545/91/1332 1549/102/1332 1550/105/1332
f 1543/95/1333 1547/99/1333 1548/100/1333
f 1545/91/1334 1551/101/1334 1546/89/1334
f 1547/99/1335 1537/109/1335 1552/110/1335
f 1541/111/1336 1551/101/1336 1556/107/1336
f 1550/105/1337 1554/108/1337 1555/106/1337
f 1547/99/1338 1553/112/1338 1548/100/1338
f 1551/101/1339 1555/106/1339 1556/107/1339
f 1548/100/1340 1554/108/1340 1549/102/1340
f 1541/118/1341 1556/107/1341 1561/114/1341
f 1555/106/1342 1559/115/1342 1560/113/1342
f 1552/110/1343 1558/119/1343 1553/112/1343
f 1556/107/1344 1560/113/1344 1561/114/1344
f 1553/112/1345 1559/115/1345 1554/108/1345
f 1552/110/1346 1537/116/1346 1557/117/1346
f 1541/125/1347 1561/114/1347 1566/120/1347
f 1559/115/1348 1565/126/1348 1560/113/1348
f 1558/119/1349 1562/124/1349 1563/121/1349
f 1560/113/1350 1566/120/1350 1561/114/1350
f 1558/119/1351 1564/122/1351 1559/115/1351
f 1557/117/1352 1537/123/1352 1562/124/1352
f 1541/132/1353 1566/120/1353 1571/127/1353
f 1564/122/1354 1570/133/1354 1565/126/1354
f 1563/121/1355 1567/131/1355 1568/128/1355
f 1565/126/1356 1571/127/1356 1566/120/1356
f 1563/121/1357 1569/129/1357 1564/122/1357
f 1562/124/1358 1537/130/1358 1567/131/1358
f 1570/143/1359 1574/135/1359 1575/144/1359
f 1567/137/1360 1573/145/1360 1568/134/1360
f 1571/141/1361 1575/144/1361 1576/142/1361
f 1568/134/1362 1574/135/1362 1569/136/1362
f 1567/137/1363 1537/138/1363 1572/139/1363
f 1541/140/1364 1571/141/1364 1576/142/1364
f 1572/139/1365 1577/93/1365 1573/145/1365
f 1576/142/1366 1578/92/1366 1540/88/1366
f 1573/145/1367 1539/90/1367 1574/135/1367
f 1572/139/1368 1537/146/1368 1538/97/1368
f 1541/147/1369 1576/142/1369 1540/88/1369
f 1575/144/1370 1539/90/1370 1578/92/1370
f 1620/92/1371 1588/89/1371 1582/88/1371
f 1581/90/1372 1585/95/1372 1586/96/1372
f 1580/97/1373 1579/98/1373 1584/94/1373
f 1583/87/1374 1582/88/1374 1588/89/1374
f 1581/90/1375 1587/91/1375 1620/92/1375
f 1619/93/1376 1584/94/1376 1585/95/1376
f 1584/94/1377 1579/103/1377 1589/99/1377
f 1583/104/1378 1588/89/1378 1593/101/1378
f 1586/96/1379 1592/105/1379 1587/91/1379
f 1585/95/1380 1589/99/1380 1590/100/1380
f 1587/91/1381 1593/101/1381 1588/89/1381
f 1586/96/1382 1590/100/1382 1591/102/1382
f 1583/111/1383 1593/101/1383 1598/107/1383
f 1592/105/1384 1596/108/1384 1597/106/1384
f 1589/99/1385 1595/112/1385 1590/100/1385
f 1593/101/1386 1597/106/1386 1598/107/1386
f 1591/102/1387 1595/112/1387 1596/108/1387
f 1589/99/1388 1579/109/1388 1594/110/1388
f 1583/118/1389 1598/107/1389 1603/114/1389
f 1597/106/1390 1601/115/1390 1602/113/1390
f 1594/110/1391 1600/119/1391 1595/112/1391
f 1598/107/1392 1602/113/1392 1603/114/1392
f 1596/108/1393 1600/119/1393 1601/115/1393
f 1594/110/1394 1579/116/1394 1599/117/1394
f 1583/125/1395 1603/114/1395 1608/120/1395
f 1601/115/1396 1607/126/1396 1602/113/1396
f 1600/119/1397 1604/124/1397 1605/121/1397
f 1602/113/1398 1608/120/1398 1603/114/1398
f 1601/115/1399 1605/121/1399 1606/122/1399
f 1599/117/1400 1579/123/1400 1604/124/1400
f 1606/122/1401 1612/133/1401 1607/126/1401
f 1605/121/1402 1609/131/1402 1610/128/1402
f 1607/126/1403 1613/127/1403 1608/120/1403
f 1606/122/1404 1610/128/1404 1611/129/1404
f 1604/124/1405 1579/130/1405 1609/131/1405
f 1583/132/1406 1608/120/1406 1613/127/1406
f 1609/137/1407 1615/145/1407 1610/134/1407
f 1613/141/1408 1617/144/1408 1618/142/1408
f 1610/134/1409 1616/135/1409 1611/136/1409
f 1609/137/1410 1579/138/1410 1614/139/1410
f 1583/140/1411 1613/141/1411 1618/142/1411
f 1611/136/1412 1617/144/1412 1612/143/1412
f 1618/142/1413 1620/92/1413 1582/88/1413
f 1615/145/1414 1581/90/1414 1616/135/1414
f 1614/139/1415 1579/146/1415 1580/97/1415
f 1583/147/1416 1618/142/1416 1582/88/1416
f 1616/135/1417 1620/92/1417 1617/144/1417
f 1614/139/1418 1619/93/1418 1615/145/1418
f 1662/92/1419 1630/89/1419 1624/88/1419
f 1661/93/1420 1628/96/1420 1623/90/1420
f 1622/97/1421 1621/98/1421 1626/94/1421
f 1625/87/1422 1624/88/1422 1630/89/1422
f 1623/90/1423 1629/91/1423 1662/92/1423
f 1661/93/1424 1626/94/1424 1627/95/1424
f 1625/104/1425 1630/89/1425 1635/101/1425
f 1628/96/1426 1634/105/1426 1629/91/1426
f 1627/95/1427 1631/99/1427 1632/100/1427
f 1629/91/1428 1635/101/1428 1630/89/1428
f 1628/96/1429 1632/100/1429 1633/102/1429
f 1626/94/1430 1621/103/1430 1631/99/1430
f 1625/111/1431 1635/101/1431 1640/107/1431
f 1634/105/1432 1638/108/1432 1639/106/1432
f 1631/99/1433 1637/112/1433 1632/100/1433
f 1635/101/1434 1639/106/1434 1640/107/1434
f 1633/102/1435 1637/112/1435 1638/108/1435
f 1631/99/1436 1621/109/1436 1636/110/1436
f 1625/118/1437 1640/107/1437 1645/114/1437
f 1639/106/1438 1643/115/1438 1644/113/1438
f 1636/110/1439 1642/119/1439 1637/112/1439
f 1640/107/1440 1644/113/1440 1645/114/1440
f 1638/108/1441 1642/119/1441 1643/115/1441
f 1636/110/1442 1621/116/1442 1641/117/1442
f 1644/113/1443 1648/122/1443 1649/126/1443
f 1642/119/1444 1646/124/1444 1647/121/1444
f 1644/113/1445 1650/120/1445 1645/114/1445
f 1643/115/1446 1647/121/1446 1648/122/1446
f 1641/117/1447 1621/123/1447 1646/124/1447
f 1625/125/1448 1645/114/1448 1650/120/1448
f 1647/121/1449 1651/131/1449 1652/128/1449
f 1649/126/1450 1655/127/1450 1650/120/1450
f 1648/122/1451 1652/128/1451 1653/129/1451
f 1646/124/1452 1621/130/1452 1651/131/1452
f 1625/132/1453 1650/120/1453 1655/127/1453
f 1648/122/1454 1654/133/1454 1649/126/1454
f 1655/141/1455 1659/144/1455 1660/142/1455
f 1652/134/1456 1658/135/1456 1653/136/1456
f 1651/137/1457 1621/138/1457 1656/139/1457
f 1625/140/1458 1655/141/1458 1660/142/1458
f 1653/136/1459 1659/144/1459 1654/143/1459
f 1651/137/1460 1657/145/1460 1652/134/1460
f 1660/142/1461 1662/92/1461 1624/88/1461
f 1657/145/1462 1623/90/1462 1658/135/1462
f 1656/139/1463 1621/146/1463 1622/97/1463
f 1625/147/1464 1660/142/1464 1624/88/1464
f 1658/135/1465 1662/92/1465 1659/144/1465
f 1656/139/1466 1661/93/1466 1657/145/1466
f 1667/87/1467 1666/88/1467 1672/89/1467
f 1665/90/1468 1671/91/1468 1704/92/1468
f 1703/93/1469 1668/94/1469 1669/95/1469
f 1704/92/1470 1672/89/1470 1666/88/1470
f 1703/93/1471 1670/96/1471 1665/90/1471
f 1664/97/1472 1663/98/1472 1668/94/1472
f 1669/95/1473 1673/99/1473 1674/100/1473
f 1671/91/1474 1677/101/1474 1672/89/1474
f 1669/95/1475 1675/102/1475 1670/96/1475
f 1668/94/1476 1663/103/1476 1673/99/1476
f 1667/104/1477 1672/89/1477 1677/101/1477
f 1670/96/1478 1676/105/1478 1671/91/1478
f 1677/101/1479 1681/106/1479 1682/107/1479
f 1674/100/1480 1680/108/1480 1675/102/1480
f 1673/99/1481 1663/109/1481 1678/110/1481
f 1667/111/1482 1677/101/1482 1682/107/1482
f 1676/105/1483 1680/108/1483 1681/106/1483
f 1673/99/1484 1679/112/1484 1674/100/1484
f 1682/107/1485 1686/113/1485 1687/114/1485
f 1680/108/1486 1684/119/1486 1685/115/1486
f 1678/110/1487 1663/116/1487 1683/117/1487
f 1667/118/1488 1682/107/1488 1687/114/1488
f 1681/106/1489 1685/115/1489 1686/113/1489
f 1678/110/1490 1684/119/1490 1679/112/1490
f 1686/113/1491 1692/120/1491 1687/114/1491
f 1685/115/1492 1689/121/1492 1690/122/1492
f 1683/117/1493 1663/123/1493 1688/124/1493
f 1667/125/1494 1687/114/1494 1692/120/1494
f 1686/113/1495 1690/122/1495 1691/126/1495
f 1684/119/1496 1688/124/1496 1689/121/1496
f 1691/126/1497 1697/127/1497 1692/120/1497
f 1690/122/1498 1694/128/1498 1695/129/1498
f 1688/124/1499 1663/130/1499 1693/131/1499
f 1667/132/1500 1692/120/1500 1697/127/1500
f 1691/126/1501 1695/129/1501 1696/133/1501
f 1689/121/1502 1693/131/1502 1694/128/1502
f 1694/134/1503 1700/135/1503 1695/136/1503
f 1693/137/1504 1663/138/1504 1698/139/1504
f 1667/140/1505 1697/141/1505 1702/142/1505
f 1696/143/1506 1700/135/1506 1701/144/1506
f 1693/137/1507 1699/145/1507 1694/134/1507
f 1697/141/1508 1701/144/1508 1702/142/1508
f 1698/139/1509 1663/146/1509 1664/97/1509
f 1667/147/1510 1702/142/1510 1666/88/1510
f 1700/135/1511 1704/92/1511 1701/144/1511
f 1698/139/1512 1703/93/1512 1699/145/1512
f 1702/142/1513 1704/92/1513 1666/88/1513
f 1699/145/1514 1665/90/1514 1700/135/1514
f 1746/92/1515 1714/89/1515 1708/88/1515
f 1707/90/1516 1711/95/1516 1712/96/1516
f 1706/97/1517 1705/98/1517 1710/94/1517
f 1709/87/1518 1708/88/1518 1714/89/1518
f 1707/90/1519 1713/91/1519 1746/92/1519
f 1745/93/1520 1710/94/1520 1711/95/1520
f 1713/91/1521 1719/101/1521 1714/89/1521
f 1711/95/1522 1717/102/1522 1712/96/1522
f 1710/94/1523 1705/103/1523 1715/99/1523
f 1709/104/1524 1714/89/1524 1719/101/1524
f 1712/96/1525 1718/105/1525 1713/91/1525
f 1711/95/1526 1715/99/1526 1716/100/1526
f 1716/100/1527 1722/108/1527 1717/102/1527
f 1715/99/1528 1705/109/1528 1720/110/1528
f 1709/111/1529 1719/101/1529 1724/107/1529
f 1717/102/1530 1723/106/1530 1718/105/1530
f 1715/99/1531 1721/112/1531 1716/100/1531
f 1719/101/1532 1723/106/1532 1724/107/1532
f 1720/110/1533 1705/116/1533 1725/117/1533
f 1709/118/1534 1724/107/1534 1729/114/1534
f 1722/108/1535 1728/113/1535 1723/106/1535
f 1720/110/1536 1726/119/1536 1721/112/1536
f 1724/107/1537 1728/113/1537 1729/114/1537
f 1721/112/1538 1727/115/1538 1722/108/1538
f 1709/125/1539 1729/114/1539 1734/120/1539
f 1727/115/1540 1733/126/1540 1728/113/1540
f 1726/119/1541 1730/124/1541 1731/121/1541
f 1728/113/1542 1734/120/1542 1729/114/1542
f 1727/115/1543 1731/121/1543 1732/122/1543
f 1725/117/1544 1705/123/1544 1730/124/1544
f 1709/132/1545 1734/120/1545 1739/127/1545
f 1733/126/1546 1737/129/1546 1738/133/1546
f 1731/121/1547 1735/131/1547 1736/128/1547
f 1733/126/1548 1739/127/1548 1734/120/1548
f 1732/122/1549 1736/128/1549 1737/129/1549
f 1730/124/1550 1705/130/1550 1735/131/1550
f 1709/140/1551 1739/141/1551 1744/142/1551
f 1738/143/1552 1742/135/1552 1743/144/1552
f 1735/137/1553 1741/145/1553 1736/134/1553
f 1739/141/1554 1743/144/1554 1744/142/1554
f 1737/136/1555 1741/145/1555 1742/135/1555
f 1735/137/1556 1705/138/1556 1740/139/1556
f 1743/144/1557 1707/90/1557 1746/92/1557
f 1740/139/1558 1745/93/1558 1741/145/1558
f 1744/142/1559 1746/92/1559 1708/88/1559
f 1742/135/1560 1745/93/1560 1707/90/1560
f 1740/139/1561 1705/146/1561 1706/97/1561
f 1709/147/1562 1744/142/1562 1708/88/1562
f 1749/90/1563 1753/95/1563 1754/96/1563
f 1748/97/1564 1747/98/1564 1752/94/1564
f 1751/87/1565 1750/88/1565 1756/89/1565
f 1788/92/1566 1754/96/1566 1755/91/1566
f 1787/93/1567 1752/94/1567 1753/95/1567
f 1788/92/1568 1756/89/1568 1750/88/1568
f 1751/104/1569 1756/89/1569 1761/101/1569
f 1754/96/1570 1760/105/1570 1755/91/1570
f 1753/95/1571 1757/99/1571 1758/100/1571
f 1755/91/1572 1761/101/1572 1756/89/1572
f 1754/96/1573 1758/100/1573 1759/102/1573
f 1752/94/1574 1747/103/1574 1757/99/1574
f 1751/111/1575 1761/101/1575 1766/107/1575
f 1759/102/1576 1765/106/1576 1760/105/1576
f 1757/99/1577 1763/112/1577 1758/100/1577
f 1761/101/1578 1765/106/1578 1766/107/1578
f 1758/100/1579 1764/108/1579 1759/102/1579
f 1757/99/1580 1747/109/1580 1762/110/1580
f 1764/108/1581 1770/113/1581 1765/106/1581
f 1762/110/1582 1768/119/1582 1763/112/1582
f 1766/107/1583 1770/113/1583 1771/114/1583
f 1763/112/1584 1769/115/1584 1764/108/1584
f 1762/110/1585 1747/116/1585 1767/117/1585
f 1751/118/1586 1766/107/1586 1771/114/1586
f 1768/119/1587 1772/124/1587 1773/121/1587
f 1770/113/1588 1776/120/1588 1771/114/1588
f 1768/119/1589 1774/122/1589 1769/115/1589
f 1767/117/1590 1747/123/1590 1772/124/1590
f 1751/125/1591 1771/114/1591 1776/120/1591
f 1769/115/1592 1775/126/1592 1770/113/1592
f 1775/126/1593 1781/127/1593 1776/120/1593
f 1774/122/1594 1778/128/1594 1779/129/1594
f 1772/124/1595 1747/130/1595 1777/131/1595
f 1751/132/1596 1776/120/1596 1781/127/1596
f 1774/122/1597 1780/133/1597 1775/126/1597
f 1773/121/1598 1777/131/1598 1778/128/1598
f 1781/141/1599 1785/144/1599 1786/142/1599
f 1779/136/1600 1783/145/1600 1784/135/1600
f 1777/137/1601 1747/138/1601 1782/139/1601
f 1751/140/1602 1781/141/1602 1786/142/1602
f 1780/143/1603 1784/135/1603 1785/144/1603
f 1777/137/1604 1783/145/1604 1778/134/1604
f 1786/142/1605 1788/92/1605 1750/88/1605
f 1784/135/1606 1787/93/1606 1749/90/1606
f 1782/139/1607 1747/146/1607 1748/97/1607
f 1751/147/1608 1786/142/1608 1750/88/1608
f 1785/144/1609 1749/90/1609 1788/92/1609
f 1782/139/1610 1787/93/1610 1783/145/1610
f 1793/87/1611 1792/88/1611 1798/89/1611
f 1830/92/1612 1796/96/1612 1797/91/1612
f 1829/93/1613 1794/94/1613 1795/95/1613
f 1830/92/1614 1798/89/1614 1792/88/1614
f 1791/90/1615 1795/95/1615 1796/96/1615
f 1790/97/1616 1789/98/1616 1794/94/1616
f 1797/91/1617 1803/101/1617 1798/89/1617
f 1796/96/1618 1800/100/1618 1801/102/1618
f 1794/94/1619 1789/103/1619 1799/99/1619
f 1793/104/1620 1798/89/1620 1803/101/1620
f 1797/91/1621 1801/102/1621 1802/105/1621
f 1795/95/1622 1799/99/1622 1800/100/1622
f 1803/101/1623 1807/106/1623 1808/107/1623
f 1800/100/1624 1806/108/1624 1801/102/1624
f 1799/99/1625 1789/109/1625 1804/110/1625
f 1793/111/1626 1803/101/1626 1808/107/1626
f 1802/105/1627 1806/108/1627 1807/106/1627
f 1799/99/1628 1805/112/1628 1800/100/1628
f 1808/107/1629 1812/113/1629 1813/114/1629
f 1805/112/1630 1811/115/1630 1806/108/1630
f 1804/110/1631 1789/116/1631 1809/117/1631
f 1793/118/1632 1808/107/1632 1813/114/1632
f 1806/108/1633 1812/113/1633 1807/106/1633
f 1804/110/1634 1810/119/1634 1805/112/1634
f 1812/113/1635 1818/120/1635 1813/114/1635
f 1810/119/1636 1816/122/1636 1811/115/1636
f 1809/117/1637 1789/123/1637 1814/124/1637
f 1793/125/1638 1813/114/1638 1818/120/1638
f 1811/115/1639 1817/126/1639 1812/113/1639
f 1810/119/1640 1814/124/1640 1815/121/1640
f 1815/121/1641 1821/129/1641 1816/122/1641
f 1814/124/1642 1789/130/1642 1819/131/1642
f 1793/132/1643 1818/120/1643 1823/127/1643
f 1816/122/1644 1822/133/1644 1817/126/1644
f 1815/121/1645 1819/131/1645 1820/128/1645
f 1817/126/1646 1823/127/1646 1818/120/1646
f 1819/137/1647 1789/138/1647 1824/139/1647
f 1793/140/1648 1823/141/1648 1828/142/1648
f 1822/143/1649 1826/135/1649 1827/144/1649
f 1819/137/1650 1825/145/1650 1820/134/1650
f 1823/141/1651 1827/144/1651 1828/142/1651
f 1820/134/1652 1826/135/1652 1821/136/1652
f 1793/147/1653 1828/142/1653 1792/88/1653
f 1827/144/1654 1791/90/1654 1830/92/1654
f 1824/139/1655 1829/93/1655 1825/145/1655
f 1828/142/1656 1830/92/1656 1792/88/1656
f 1826/135/1657 1829/93/1657 1791/90/1657
f 1824/139/1658 1789/146/1658 1790/97/1658
f 1872/92/1659 1840/89/1659 1834/88/1659
f 1833/90/1660 1837/95/1660 1838/96/1660
f 1832/97/1661 1831/98/1661 1836/94/1661
f 1835/87/1662 1834/88/1662 1840/89/1662
f 1833/90/1663 1839/91/1663 1872/92/1663
f 1871/93/1664 1836/94/1664 1837/95/1664
f 1838/96/1665 1842/100/1665 1843/102/1665
f 1836/94/1666 1831/103/1666 1841/99/1666
f 1835/104/1667 1840/89/1667 1845/101/1667
f 1839/91/1668 1843/102/1668 1844/105/1668
f 1837/95/1669 1841/99/1669 1842/100/1669
f 1839/91/1670 1845/101/1670 1840/89/1670
f 1841/99/1671 1831/109/1671 1846/110/1671
f 1835/111/1672 1845/101/1672 1850/107/1672
f 1844/105/1673 1848/108/1673 1849/106/1673
f 1841/99/1674 1847/112/1674 1842/100/1674
f 1845/101/1675 1849/106/1675 1850/107/1675
f 1843/102/1676 1847/112/1676 1848/108/1676
f 1835/118/1677 1850/107/1677 1855/114/1677
f 1849/106/1678 1853/115/1678 1854/113/1678
f 1846/110/1679 1852/119/1679 1847/112/1679
f 1850/107/1680 1854/113/1680 1855/114/1680
f 1847/112/1681 1853/115/1681 1848/108/1681
f 1846/110/1682 1831/116/1682 1851/117/1682
f 1835/125/1683 1855/114/1683 1860/120/1683
f 1853/115/1684 1859/126/1684 1854/113/1684
f 1852/119/1685 1856/124/1685 1857/121/1685
f 1854/113/1686 1860/120/1686 1855/114/1686
f 1853/115/1687 1857/121/1687 1858/122/1687
f 1851/117/1688 1831/123/1688 1856/124/1688
f 1835/132/1689 1860/120/1689 1865/127/1689
f 1858/122/1690 1864/133/1690 1859/126/1690
f 1857/121/1691 1861/131/1691 1862/128/1691
f 1859/126/1692 1865/127/1692 1860/120/1692
f 1857/121/1693 1863/129/1693 1858/122/1693
f 1856/124/1694 1831/130/1694 1861/131/1694
f 1863/136/1695 1869/144/1695 1864/143/1695
f 1861/137/1696 1867/145/1696 1862/134/1696
f 1865/141/1697 1869/144/1697 1870/142/1697
f 1862/134/1698 1868/135/1698 1863/136/1698
f 1861/137/1699 1831/138/1699 1866/139/1699
f 1835/140/1700 1865/141/1700 1870/142/1700
f 1866/139/1701 1871/93/1701 1867/145/1701
f 1870/142/1702 1872/92/1702 1834/88/1702
f 1867/145/1703 1833/90/1703 1868/135/1703
f 1866/139/1704 1831/146/1704 1832/97/1704
f 1835/147/1705 1870/142/1705 1834/88/1705
f 1869/144/1706 1833/90/1706 1872/92/1706
f 1874/97/1707 1873/98/1707 1878/94/1707
f 1877/87/1708 1876/88/1708 1882/89/1708
f 1875/90/1709 1881/91/1709 1914/92/1709
f 1913/93/1710 1878/94/1710 1879/95/1710
f 1914/92/1711 1882/89/1711 1876/88/1711
f 1913/93/1712 1880/96/1712 1875/90/1712
f 1877/104/1713 1882/89/1713 1887/101/1713
f 1880/96/1714 1886/105/1714 1881/91/1714
f 1879/95/1715 1883/99/1715 1884/100/1715
f 1881/91/1716 1887/101/1716 1882/89/1716
f 1880/96/1717 1884/100/1717 1885/102/1717
f 1878/94/1718 1873/103/1718 1883/99/1718
f 1886/105/1719 1890/108/1719 1891/106/1719
f 1883/99/1720 1889/112/1720 1884/100/1720
f 1887/101/1721 1891/106/1721 1892/107/1721
f 1885/102/1722 1889/112/1722 1890/108/1722
f 1883/99/1723 1873/109/1723 1888/110/1723
f 1877/111/1724 1887/101/1724 1892/107/1724
f 1888/110/1725 1894/119/1725 1889/112/1725
f 1892/107/1726 1896/113/1726 1897/114/1726
f 1890/108/1727 1894/119/1727 1895/115/1727
f 1888/110/1728 1873/116/1728 1893/117/1728
f 1877/118/1729 1892/107/1729 1897/114/1729
f 1891/106/1730 1895/115/1730 1896/113/1730
f 1896/113/1731 1902/120/1731 1897/114/1731
f 1895/115/1732 1899/121/1732 1900/122/1732
f 1893/117/1733 1873/123/1733 1898/124/1733
f 1877/125/1734 1897/114/1734 1902/120/1734
f 1896/113/1735 1900/122/1735 1901/126/1735
f 1894/119/1736 1898/124/1736 1899/121/1736
f 1901/126/1737 1907/127/1737 1902/120/1737
f 1900/122/1738 1904/128/1738 1905/129/1738
f 1898/124/1739 1873/130/1739 1903/131/1739
f 1877/132/1740 1902/120/1740 1907/127/1740
f 1900/122/1741 1906/133/1741 1901/126/1741
f 1899/121/1742 1903/131/1742 1904/128/1742
f 1907/141/1743 1911/144/1743 1912/142/1743
f 1904/134/1744 1910/135/1744 1905/136/1744
f 1903/137/1745 1873/138/1745 1908/139/1745
f 1877/140/1746 1907/141/1746 1912/142/1746
f 1905/136/1747 1911/144/1747 1906/143/1747
f 1903/137/1748 1909/145/1748 1904/134/1748
f 1912/142/1749 1914/92/1749 1876/88/1749
f 1909/145/1750 1875/90/1750 1910/135/1750
f 1908/139/1751 1873/146/1751 1874/97/1751
f 1877/147/1752 1912/142/1752 1876/88/1752
f 1910/135/1753 1914/92/1753 1911/144/1753
f 1908/139/1754 1913/93/1754 1909/145/1754
f 3/4/2 8/13/2 9/5/2
f 2/7/3 60/14/3 6/8/3
f 62/2/5 61/6/5 9/5/5
f 2/7/6 7/9/6 8/13/6
f 59/10/7 5/12/7 6/8/7
f 8/13/9 14/21/9 15/17/9
f 6/8/10 12/22/10 13/18/10
f 9/5/12 15/17/12 16/16/12
f 7/9/13 13/18/13 14/21/13
f 5/12/14 11/20/14 12/22/14
f 15/17/16 14/21/16 20/25/16
f 12/22/17 18/30/17 19/27/17
f 15/17/19 21/26/19 22/24/19
f 13/18/20 19/27/20 20/25/20
f 12/22/21 11/20/21 17/29/21
f 19/27/22 18/30/22 24/31/22
f 22/24/24 21/26/24 27/35/24
f 19/27/25 25/32/25 26/37/25
f 17/29/26 23/34/26 24/31/26
f 20/25/28 26/37/28 27/35/28
f 27/35/29 33/43/29 34/39/29
f 25/32/30 31/44/30 32/40/30
f 23/34/31 29/46/31 30/41/31
f 26/37/33 32/40/33 33/43/33
f 24/31/34 30/41/34 31/44/34
f 33/43/36 39/51/36 40/47/36
f 31/44/37 37/52/37 38/48/37
f 29/46/38 35/54/38 36/49/38
f 32/40/40 38/48/40 39/51/40
f 31/44/41 30/41/41 36/49/41
f 35/54/43 41/61/43 42/55/43
f 38/48/45 44/62/45 45/58/45
f 36/49/46 42/55/46 43/59/46
f 39/51/48 45/58/48 46/57/48
f 37/52/49 43/59/49 44/62/49
f 44/66/51 50/75/51 51/67/51
f 43/69/52 42/76/52 48/70/52
f 46/64/54 45/68/54 51/67/54
f 43/69/55 49/71/55 50/75/55
f 41/72/56 47/74/56 48/70/56
f 50/75/57 56/83/57 57/77/57
f 49/71/58 48/70/58 54/78/58
f 51/67/60 57/77/60 58/82/60
f 49/71/61 55/79/61 56/83/61
f 47/74/62 53/81/62 54/78/62
f 57/77/65 61/6/65 62/2/65
f 55/79/66 2/7/66 3/4/66
f 53/81/67 59/10/67 60/14/67
f 56/83/69 3/4/69 61/6/69
f 55/79/70 54/78/70 60/14/70
f 65/90/72 70/96/72 71/91/72
f 103/93/73 64/97/73 68/94/73
f 104/92/74 71/91/74 72/89/74
f 65/90/75 103/93/75 69/95/75
f 69/95/77 68/94/77 73/99/77
f 71/91/78 76/105/78 77/101/78
f 70/96/79 69/95/79 74/100/79
f 70/96/82 75/102/82 76/105/82
f 77/101/83 76/105/83 81/106/83
f 74/100/84 79/112/84 80/108/84
f 76/105/87 75/102/87 80/108/87
f 73/99/88 78/110/88 79/112/88
f 82/107/89 81/106/89 86/113/89
f 79/112/90 84/119/90 85/115/90
f 81/106/93 80/108/93 85/115/93
f 78/110/94 83/117/94 84/119/94
f 86/113/95 91/126/95 92/120/95
f 85/115/96 84/119/96 89/121/96
f 85/115/99 90/122/99 91/126/99
f 84/119/100 83/117/100 88/124/100
f 91/126/101 96/133/101 97/127/101
f 90/122/102 89/121/102 94/128/102
f 90/122/105 95/129/105 96/133/105
f 89/121/106 88/124/106 93/131/106
f 94/134/107 99/145/107 100/135/107
f 96/143/110 95/136/110 100/135/110
f 93/137/111 98/139/111 99/145/111
f 97/141/112 96/143/112 101/144/112
f 101/144/115 100/135/115 65/90/115
f 98/139/116 64/97/116 103/93/116
f 102/142/117 101/144/117 104/92/117
f 99/145/118 103/93/118 65/90/118
f 165/6/120 113/5/120 114/3/120
f 106/7/121 111/9/121 112/13/121
f 164/14/122 163/10/122 109/12/122
f 107/4/124 112/13/124 113/5/124
f 106/7/125 164/14/125 110/8/125
f 112/13/126 118/21/126 119/17/126
f 111/9/127 110/8/127 116/22/127
f 113/5/129 119/17/129 120/16/129
f 111/9/130 117/18/130 118/21/130
f 110/8/131 109/12/131 115/20/131
f 120/16/134 119/17/134 125/26/134
f 117/18/20 123/27/20 124/25/20
f 115/20/135 121/29/135 122/30/135
f 118/21/137 124/25/137 125/26/137
f 116/22/138 122/30/138 123/27/138
f 126/24/139 125/26/139 131/35/139
f 123/27/140 129/32/140 130/37/140
f 121/29/141 127/34/141 128/31/141
f 125/26/143 124/25/143 130/37/143
f 122/30/144 128/31/144 129/32/144
f 129/32/146 135/44/146 136/40/146
f 127/34/147 133/46/147 134/41/147
f 131/35/149 130/37/149 136/40/149
f 128/31/150 134/41/150 135/44/150
f 132/36/152 131/35/152 137/43/152
f 136/40/154 142/48/154 143/51/154
f 135/44/155 134/41/155 140/49/155
f 137/43/157 143/51/157 144/47/157
f 135/44/158 141/52/158 142/48/158
f 134/41/159 133/46/159 139/54/159
f 142/48/161 148/62/161 149/58/161
f 141/52/162 140/49/162 146/55/162
f 143/51/164 149/58/164 150/57/164
f 141/52/165 147/59/165 148/62/165
f 140/49/166 139/54/166 145/61/166
f 147/69/167 146/76/167 152/70/167
f 149/68/169 155/67/169 156/65/169
f 147/69/55 153/71/55 154/75/55
f 146/76/170 145/72/170 151/74/170
f 148/66/172 154/75/172 155/67/172
f 156/65/173 155/67/173 161/77/173
f 153/71/174 159/79/174 160/83/174
f 151/74/175 157/81/175 158/78/175
f 155/67/177 154/75/177 160/83/177
f 152/70/178 158/78/178 159/79/178
f 162/82/180 161/77/180 165/6/180
f 159/79/181 106/7/181 107/4/181
f 157/81/182 163/10/182 164/14/182
f 161/77/184 160/83/184 107/4/184
f 158/78/185 164/14/185 106/7/185
f 227/6/187 175/5/187 176/3/187
f 168/7/188 173/9/188 174/13/188
f 226/14/189 225/10/189 171/12/189
f 169/4/191 174/13/191 175/5/191
f 168/7/192 226/14/192 172/8/192
f 175/5/194 181/17/194 182/16/194
f 173/9/195 179/18/195 180/21/195
f 172/8/196 171/12/196 177/20/196
f 174/13/198 180/21/198 181/17/198
f 173/9/199 172/8/199 178/22/199
f 181/17/201 187/26/201 188/24/201
f 179/18/20 185/27/20 186/25/20
f 178/22/202 177/20/202 183/29/202
f 180/21/204 186/25/204 187/26/204
f 178/22/205 184/30/205 185/27/205
f 183/29/207 189/34/207 190/31/207
f 187/26/209 186/25/209 192/37/209
f 184/30/210 190/31/210 191/32/210
f 188/24/212 187/26/212 193/35/212
f 185/27/213 191/32/213 192/37/213
f 193/35/215 192/37/215 198/40/215
f 190/31/216 196/41/216 197/44/216
f 194/36/218 193/35/218 199/43/218
f 191/32/219 197/44/219 198/40/219
f 189/34/220 195/46/220 196/41/220
f 198/40/221 204/48/221 205/51/221
f 197/44/222 196/41/222 202/49/222
f 199/43/224 205/51/224 206/47/224
f 197/44/225 203/52/225 204/48/225
f 196/41/226 195/46/226 201/54/226
f 205/51/229 211/58/229 212/57/229
f 203/52/230 209/59/230 210/62/230
f 202/49/231 201/54/231 207/61/231
f 204/48/233 210/62/233 211/58/233
f 203/52/234 202/49/234 208/55/234
f 211/68/235 217/67/235 218/65/235
f 209/69/55 215/71/55 216/75/55
f 208/76/236 207/72/236 213/74/236
f 210/66/238 216/75/238 217/67/238
f 208/76/239 214/70/239 215/71/239
f 215/71/241 221/79/241 222/83/241
f 213/74/242 219/81/242 220/78/242
f 217/67/244 216/75/244 222/83/244
f 214/70/245 220/78/245 221/79/245
f 218/65/247 217/67/247 223/77/247
f 223/77/249 222/83/249 169/4/249
f 220/78/250 226/14/250 168/7/250
f 224/82/252 223/77/252 227/6/252
f 221/79/253 168/7/253 169/4/253
f 219/81/254 225/10/254 226/14/254
f 270/92/74 237/91/74 238/89/74
f 231/90/75 269/93/75 235/95/75
f 231/90/72 236/96/72 237/91/72
f 269/93/73 230/97/73 234/94/73
f 236/96/82 241/102/82 242/105/82
f 235/95/77 234/94/77 239/99/77
f 237/91/78 242/105/78 243/101/78
f 236/96/79 235/95/79 240/100/79
f 242/105/87 241/102/87 246/108/87
f 239/99/88 244/110/88 245/112/88
f 243/101/83 242/105/83 247/106/83
f 240/100/84 245/112/84 246/108/84
f 247/106/93 246/108/93 251/115/93
f 244/110/94 249/117/94 250/119/94
f 248/107/89 247/106/89 252/113/89
f 245/112/90 250/119/90 251/115/90
f 251/115/99 256/122/99 257/126/99
f 250/119/100 249/117/100 254/124/100
f 252/113/95 257/126/95 258/120/95
f 251/115/96 250/119/96 255/121/96
f 256/122/105 261/129/105 262/133/105
f 255/121/106 254/124/106 259/131/106
f 257/126/101 262/133/101 263/127/101
f 256/122/102 255/121/102 260/128/102
f 259/137/111 264/139/111 265/145/111
f 263/141/112 262/143/112 267/144/112
f 260/134/107 265/145/107 266/135/107
f 262/143/110 261/136/110 266/135/110
f 268/142/117 267/144/117 270/92/117
f 265/145/118 269/93/118 231/90/118
f 267/144/115 266/135/115 231/90/115
f 264/139/116 230/97/116 269/93/116
f 273/4/256 278/13/256 279/5/256
f 272/7/257 330/14/257 276/8/257
f 331/6/259 279/5/259 280/3/259
f 272/7/260 277/9/260 278/13/260
f 330/14/261 329/10/261 275/12/261
f 277/9/262 283/18/262 284/21/262
f 276/8/263 275/12/263 281/20/263
f 278/13/265 284/21/265 285/17/265
f 277/9/266 276/8/266 282/22/266
f 279/5/268 285/17/268 286/16/268
f 284/21/270 290/25/270 291/26/270
f 282/22/271 288/30/271 289/27/271
f 285/17/273 291/26/273 292/24/273
f 283/18/20 289/27/20 290/25/20
f 281/20/274 287/29/274 288/30/274
f 291/26/276 290/25/276 296/37/276
f 288/30/277 294/31/277 295/32/277
f 292/24/279 291/26/279 297/35/279
f 289/27/280 295/32/280 296/37/280
f 287/29/281 293/34/281 294/31/281
f 294/31/282 300/41/282 301/44/282
f 298/36/284 297/35/284 303/43/284
f 295/32/285 301/44/285 302/40/285
f 293/34/286 299/46/286 300/41/286
f 297/35/288 296/37/288 302/40/288
f 303/43/289 309/51/289 310/47/289
f 301/44/290 307/52/290 308/48/290
f 300/41/291 299/46/291 305/54/291
f 302/40/293 308/48/293 309/51/293
f 301/44/294 300/41/294 306/49/294
f 309/51/296 315/58/296 316/57/296
f 307/52/297 313/59/297 314/62/297
f 306/49/298 305/54/298 311/61/298
f 308/48/300 314/62/300 315/58/300
f 307/52/301 306/49/301 312/55/301
f 312/76/303 311/72/303 317/74/303
f 314/66/305 320/75/305 321/67/305
f 313/69/306 312/76/306 318/70/306
f 315/68/308 321/67/308 322/65/308
f 313/69/55 319/71/55 320/75/55
f 321/67/310 320/75/310 326/83/310
f 318/70/311 324/78/311 325/79/311
f 322/65/313 321/67/313 327/77/313
f 319/71/314 325/79/314 326/83/314
f 317/74/315 323/81/315 324/78/315
f 327/77/316 326/83/316 273/4/316
f 324/78/317 330/14/317 272/7/317
f 328/82/319 327/77/319 331/6/319
f 325/79/320 272/7/320 273/4/320
f 323/81/321 329/10/321 330/14/321
f 393/6/324 341/5/324 342/3/324
f 334/7/325 339/9/325 340/13/325
f 392/14/326 391/10/326 337/12/326
f 335/4/328 340/13/328 341/5/328
f 334/7/329 392/14/329 338/8/329
f 340/13/330 346/21/330 347/17/330
f 339/9/331 338/8/331 344/22/331
f 341/5/333 347/17/333 348/16/333
f 339/9/334 345/18/334 346/21/334
f 338/8/335 337/12/335 343/20/335
f 347/17/338 353/26/338 354/24/338
f 345/18/20 351/27/20 352/25/20
f 344/22/339 343/20/339 349/29/339
f 346/21/341 352/25/341 353/26/341
f 345/18/342 344/22/342 350/30/342
f 354/24/343 353/26/343 359/35/343
f 351/27/344 357/32/344 358/37/344
f 349/29/345 355/34/345 356/31/345
f 353/26/347 352/25/347 358/37/347
f 350/30/348 356/31/348 357/32/348
f 357/32/350 363/44/350 364/40/350
f 355/34/351 361/46/351 362/41/351
f 359/35/353 358/37/353 364/40/353
f 356/31/354 362/41/354 363/44/354
f 360/36/356 359/35/356 365/43/356
f 364/40/358 370/48/358 371/51/358
f 363/44/359 362/41/359 368/49/359
f 365/43/361 371/51/361 372/47/361
f 363/44/362 369/52/362 370/48/362
f 362/41/363 361/46/363 367/54/363
f 370/48/365 376/62/365 377/58/365
f 369/52/366 368/49/366 374/55/366
f 371/51/368 377/58/368 378/57/368
f 369/52/369 375/59/369 376/62/369
f 368/49/370 367/54/370 373/61/370
f 374/76/371 380/70/371 381/71/371
f 377/68/373 383/67/373 384/65/373
f 375/69/55 381/71/55 382/75/55
f 373/72/374 379/74/374 380/70/374
f 376/66/376 382/75/376 383/67/376
f 384/65/377 383/67/377 389/77/377
f 381/71/378 387/79/378 388/83/378
f 379/74/379 385/81/379 386/78/379
f 383/67/381 382/75/381 388/83/381
f 380/70/382 386/78/382 387/79/382
f 390/82/384 389/77/384 393/6/384
f 387/79/385 334/7/385 335/4/385
f 385/81/386 391/10/386 392/14/386
f 389/77/388 388/83/388 335/4/388
f 386/78/389 392/14/389 334/7/389
f 397/90/72 402/96/72 403/91/72
f 435/93/73 396/97/73 400/94/73
f 436/92/74 403/91/74 404/89/74
f 397/90/75 435/93/75 401/95/75
f 403/91/78 408/105/78 409/101/78
f 402/96/79 401/95/79 406/100/79
f 402/96/82 407/102/82 408/105/82
f 401/95/77 400/94/77 405/99/77
f 409/101/83 408/105/83 413/106/83
f 406/100/84 411/112/84 412/108/84
f 408/105/87 407/102/87 412/108/87
f 405/99/88 410/110/88 411/112/88
f 414/107/89 413/106/89 418/113/89
f 411/112/90 416/119/90 417/115/90
f 413/106/93 412/108/93 417/115/93
f 410/110/94 415/117/94 416/119/94
f 418/113/95 423/126/95 424/120/95
f 417/115/96 416/119/96 421/121/96
f 417/115/99 422/122/99 423/126/99
f 416/119/100 415/117/100 420/124/100
f 422/122/102 421/121/102 426/128/102
f 422/122/105 427/129/105 428/133/105
f 421/121/106 420/124/106 425/131/106
f 423/126/101 428/133/101 429/127/101
f 428/143/110 427/136/110 432/135/110
f 425/137/111 430/139/111 431/145/111
f 429/141/112 428/143/112 433/144/112
f 426/134/107 431/145/107 432/135/107
f 433/144/115 432/135/115 397/90/115
f 430/139/116 396/97/116 435/93/116
f 434/142/117 433/144/117 436/92/117
f 431/145/118 435/93/118 397/90/118
f 498/2/391 497/6/391 445/5/391
f 438/7/392 443/9/392 444/13/392
f 495/10/393 441/12/393 442/8/393
f 497/6/395 439/4/395 444/13/395
f 496/14/396 442/8/396 443/9/396
f 442/8/398 448/22/398 449/18/398
f 446/3/400 445/5/400 451/17/400
f 443/9/401 449/18/401 450/21/401
f 441/12/402 447/20/402 448/22/402
f 445/5/404 444/13/404 450/21/404
f 451/17/405 457/26/405 458/24/405
f 449/18/20 455/27/20 456/25/20
f 447/20/406 453/29/406 454/30/406
f 450/21/408 456/25/408 457/26/408
f 448/22/409 454/30/409 455/27/409
f 457/26/411 463/35/411 464/36/411
f 455/27/412 461/32/412 462/37/412
f 454/30/413 453/29/413 459/34/413
f 456/25/415 462/37/415 463/35/415
f 455/27/416 454/30/416 460/31/416
f 460/31/418 459/34/418 465/46/418
f 462/37/420 468/40/420 469/43/420
f 461/32/421 460/31/421 466/41/421
f 463/35/423 469/43/423 470/39/423
f 461/32/424 467/44/424 468/40/424
f 469/43/426 468/40/426 474/48/426
f 466/41/427 472/49/427 473/52/427
f 470/39/429 469/43/429 475/51/429
f 467/44/430 473/52/430 474/48/430
f 465/46/431 471/54/431 472/49/431
f 475/51/432 474/48/432 480/62/432
f 472/49/433 478/55/433 479/59/433
f 476/47/435 475/51/435 481/58/435
f 473/52/436 479/59/436 480/62/436
f 471/54/437 477/61/437 478/55/437
f 481/68/440 487/67/440 488/65/440
f 479/69/55 485/71/55 486/75/55
f 477/72/441 483/74/441 484/70/441
f 480/66/443 486/75/443 487/67/443
f 479/69/444 478/76/444 484/70/444
f 487/67/445 493/77/445 494/82/445
f 485/71/446 491/79/446 492/83/446
f 484/70/447 483/74/447 489/81/447
f 486/75/449 492/83/449 493/77/449
f 485/71/450 484/70/450 490/78/450
f 491/79/452 438/7/452 439/4/452
f 490/78/453 489/81/453 495/10/453
f 492/83/455 439/4/455 497/6/455
f 491/79/456 490/78/456 496/14/456
f 493/77/458 497/6/458 498/2/458
f 559/6/460 501/4/460 506/13/460
f 558/14/461 504/8/461 505/9/461
f 560/2/463 559/6/463 507/5/463
f 500/7/464 505/9/464 506/13/464
f 557/10/465 503/12/465 504/8/465
f 505/9/466 511/18/466 512/21/466
f 503/12/467 509/20/467 510/22/467
f 507/5/469 506/13/469 512/21/469
f 504/8/470 510/22/470 511/18/470
f 508/3/472 507/5/472 513/17/472
f 512/21/474 518/25/474 519/26/474
f 510/22/475 516/30/475 517/27/475
f 513/17/477 519/26/477 520/24/477
f 511/18/20 517/27/20 518/25/20
f 509/20/478 515/29/478 516/30/478
f 518/25/480 524/37/480 525/35/480
f 517/27/481 516/30/481 522/31/481
f 519/26/483 525/35/483 526/36/483
f 517/27/484 523/32/484 524/37/484
f 516/30/485 515/29/485 521/34/485
f 523/32/1755 522/31/1755 528/41/1755
f 525/35/488 531/43/488 532/39/488
f 523/32/489 529/44/489 530/40/489
f 522/31/490 521/34/490 527/46/490
f 524/37/1756 530/40/1756 531/43/1756
f 532/39/493 531/43/493 537/51/493
f 529/44/494 535/52/494 536/48/494
f 527/46/495 533/54/495 534/49/495
f 531/43/1757 530/40/1757 536/48/1757
f 528/41/1758 534/49/1758 535/52/1758
f 538/47/500 537/51/500 543/58/500
f 535/52/501 541/59/501 542/62/501
f 533/54/502 539/61/502 540/55/502
f 537/51/504 536/48/504 542/62/504
f 534/49/505 540/55/505 541/59/505
f 539/72/507 545/74/507 546/70/507
f 542/66/509 548/75/509 549/67/509
f 541/69/510 540/76/510 546/70/510
f 544/64/512 543/68/512 549/67/512
f 541/69/55 547/71/55 548/75/55
f 548/75/514 554/83/514 555/77/514
f 547/71/515 546/70/515 552/78/515
f 549/67/517 555/77/517 556/82/517
f 547/71/518 553/79/518 554/83/518
f 546/70/519 545/74/519 551/81/519
f 554/83/520 501/4/520 559/6/520
f 553/79/521 552/78/521 558/14/521
f 555/77/523 559/6/523 560/2/523
f 553/79/524 500/7/524 501/4/524
f 552/78/525 551/81/525 557/10/525
f 602/92/74 569/91/74 570/89/74
f 563/90/75 601/93/75 567/95/75
f 563/90/72 568/96/72 569/91/72
f 601/93/73 562/97/73 566/94/73
f 568/96/82 573/102/82 574/105/82
f 567/95/77 566/94/77 571/99/77
f 569/91/78 574/105/78 575/101/78
f 568/96/79 567/95/79 572/100/79
f 574/105/87 573/102/87 578/108/87
f 571/99/88 576/110/88 577/112/88
f 575/101/83 574/105/83 579/106/83
f 572/100/84 577/112/84 578/108/84
f 579/106/93 578/108/93 583/115/93
f 576/110/94 581/117/94 582/119/94
f 580/107/89 579/106/89 584/113/89
f 577/112/90 582/119/90 583/115/90
f 583/115/99 588/122/99 589/126/99
f 582/119/100 581/117/100 586/124/100
f 584/113/95 589/126/95 590/120/95
f 583/115/96 582/119/96 587/121/96
f 587/121/106 586/124/106 591/131/106
f 589/126/101 594/133/101 595/127/101
f 588/122/102 587/121/102 592/128/102
f 588/122/105 593/129/105 594/133/105
f 595/141/112 594/143/112 599/144/112
f 592/134/107 597/145/107 598/135/107
f 594/143/110 593/136/110 598/135/110
f 591/137/111 596/139/111 597/145/111
f 600/142/117 599/144/117 602/92/117
f 597/145/118 601/93/118 563/90/118
f 599/144/115 598/135/115 563/90/115
f 596/139/116 562/97/116 601/93/116
f 605/4/528 610/13/528 611/5/528
f 604/7/529 662/14/529 608/8/529
f 663/6/531 611/5/531 612/3/531
f 604/7/532 609/9/532 610/13/532
f 662/14/533 661/10/533 607/12/533
f 608/8/534 607/12/534 613/20/534
f 610/13/536 616/21/536 617/17/536
f 609/9/537 608/8/537 614/22/537
f 611/5/539 617/17/539 618/16/539
f 609/9/540 615/18/540 616/21/540
f 616/21/542 622/25/542 623/26/542
f 614/22/543 620/30/543 621/27/543
f 617/17/545 623/26/545 624/24/545
f 615/18/20 621/27/20 622/25/20
f 613/20/546 619/29/546 620/30/546
f 623/26/547 622/25/547 628/37/547
f 620/30/548 626/31/548 627/32/548
f 624/24/550 623/26/550 629/35/550
f 621/27/551 627/32/551 628/37/551
f 619/29/552 625/34/552 626/31/552
f 630/36/555 629/35/555 635/43/555
f 627/32/556 633/44/556 634/40/556
f 625/34/557 631/46/557 632/41/557
f 629/35/559 628/37/559 634/40/559
f 626/31/560 632/41/560 633/44/560
f 635/43/561 641/51/561 642/47/561
f 633/44/562 639/52/562 640/48/562
f 632/41/563 631/46/563 637/54/563
f 634/40/565 640/48/565 641/51/565
f 633/44/566 632/41/566 638/49/566
f 639/52/568 645/59/568 646/62/568
f 638/49/569 637/54/569 643/61/569
f 640/48/571 646/62/571 647/58/571
f 639/52/572 638/49/572 644/55/572
f 641/51/574 647/58/574 648/57/574
f 646/66/576 652/75/576 653/67/576
f 645/69/577 644/76/577 650/70/577
f 647/68/579 653/67/579 654/65/579
f 645/69/55 651/71/55 652/75/55
f 643/72/580 649/74/580 650/70/580
f 653/67/582 652/75/582 658/83/582
f 650/70/583 656/78/583 657/79/583
f 654/65/585 653/67/585 659/77/585
f 651/71/586 657/79/586 658/83/586
f 649/74/587 655/81/587 656/78/587
f 656/78/588 662/14/588 604/7/588
f 660/82/590 659/77/590 663/6/590
f 657/79/591 604/7/591 605/4/591
f 655/81/592 661/10/592 662/14/592
f 659/77/594 658/83/594 605/4/594
f 725/6/595 673/5/595 674/3/595
f 666/7/596 671/9/596 672/13/596
f 724/14/597 723/10/597 669/12/597
f 667/4/599 672/13/599 673/5/599
f 666/7/600 724/14/600 670/8/600
f 671/9/602 670/8/602 676/22/602
f 673/5/604 679/17/604 680/16/604
f 671/9/605 677/18/605 678/21/605
f 670/8/606 669/12/606 675/20/606
f 672/13/608 678/21/608 679/17/608
f 680/16/609 679/17/609 685/26/609
f 677/18/20 683/27/20 684/25/20
f 675/20/610 681/29/610 682/30/610
f 678/21/612 684/25/612 685/26/612
f 676/22/613 682/30/613 683/27/613
f 686/24/615 685/26/615 691/35/615
f 683/27/616 689/32/616 690/37/616
f 681/29/617 687/34/617 688/31/617
f 685/26/619 684/25/619 690/37/619
f 682/30/620 688/31/620 689/32/620
f 687/34/622 693/46/622 694/41/622
f 691/35/624 690/37/624 696/40/624
f 688/31/625 694/41/625 695/44/625
f 692/36/627 691/35/627 697/43/627
f 689/32/628 695/44/628 696/40/628
f 696/40/630 702/48/630 703/51/630
f 695/44/631 694/41/631 700/49/631
f 697/43/633 703/51/633 704/47/633
f 695/44/634 701/52/634 702/48/634
f 694/41/635 693/46/635 699/54/635
f 702/48/636 708/62/636 709/58/636
f 701/52/637 700/49/637 706/55/637
f 703/51/639 709/58/639 710/57/639
f 701/52/640 707/59/640 708/62/640
f 700/49/641 699/54/641 705/61/641
f 710/64/644 709/68/644 715/67/644
f 707/69/55 713/71/55 714/75/55
f 705/72/645 711/74/645 712/70/645
f 708/66/647 714/75/647 715/67/647
f 707/69/648 706/76/648 712/70/648
f 716/65/649 715/67/649 721/77/649
f 713/71/650 719/79/650 720/83/650
f 711/74/651 717/81/651 718/78/651
f 715/67/653 714/75/653 720/83/653
f 712/70/654 718/78/654 719/79/654
f 719/79/656 666/7/656 667/4/656
f 717/81/657 723/10/657 724/14/657
f 721/77/659 720/83/659 667/4/659
f 718/78/660 724/14/660 666/7/660
f 722/82/662 721/77/662 725/6/662
f 768/92/74 735/91/74 736/89/74
f 729/90/75 767/93/75 733/95/75
f 729/90/72 734/96/72 735/91/72
f 767/93/73 728/97/73 732/94/73
f 735/91/78 740/105/78 741/101/78
f 734/96/79 733/95/79 738/100/79
f 734/96/82 739/102/82 740/105/82
f 733/95/77 732/94/77 737/99/77
f 738/100/84 743/112/84 744/108/84
f 740/105/87 739/102/87 744/108/87
f 737/99/88 742/110/88 743/112/88
f 741/101/83 740/105/83 745/106/83
f 745/106/93 744/108/93 749/115/93
f 742/110/94 747/117/94 748/119/94
f 746/107/89 745/106/89 750/113/89
f 743/112/90 748/119/90 749/115/90
f 749/115/99 754/122/99 755/126/99
f 748/119/100 747/117/100 752/124/100
f 750/113/95 755/126/95 756/120/95
f 749/115/96 748/119/96 753/121/96
f 754/122/105 759/129/105 760/133/105
f 753/121/106 752/124/106 757/131/106
f 755/126/101 760/133/101 761/127/101
f 754/122/102 753/121/102 758/128/102
f 760/143/110 759/136/110 764/135/110
f 757/137/111 762/139/111 763/145/111
f 761/141/112 760/143/112 765/144/112
f 758/134/107 763/145/107 764/135/107
f 765/144/115 764/135/115 729/90/115
f 762/139/116 728/97/116 767/93/116
f 766/142/117 765/144/117 768/92/117
f 763/145/118 767/93/118 729/90/118
f 770/7/663 775/9/663 776/13/663
f 828/14/664 827/10/664 773/12/664
f 771/4/666 776/13/666 777/5/666
f 770/7/667 828/14/667 774/8/667
f 829/6/669 777/5/669 778/3/669
f 777/5/670 783/17/670 784/16/670
f 775/9/671 781/18/671 782/21/671
f 774/8/672 773/12/672 779/20/672
f 776/13/674 782/21/674 783/17/674
f 775/9/675 774/8/675 780/22/675
f 781/18/20 787/27/20 788/25/20
f 779/20/677 785/29/677 786/30/677
f 783/17/679 782/21/679 788/25/679
f 780/22/680 786/30/680 787/27/680
f 784/16/682 783/17/682 789/26/682
f 789/26/684 788/25/684 794/37/684
f 786/30/685 792/31/685 793/32/685
f 790/24/687 789/26/687 795/35/687
f 787/27/688 793/32/688 794/37/688
f 785/29/689 791/34/689 792/31/689
f 795/35/691 794/37/691 800/40/691
f 792/31/692 798/41/692 799/44/692
f 796/36/694 795/35/694 801/43/694
f 793/32/695 799/44/695 800/40/695
f 791/34/696 797/46/696 798/41/696
f 799/44/697 798/41/697 804/49/697
f 801/43/699 807/51/699 808/47/699
f 799/44/700 805/52/700 806/48/700
f 798/41/701 797/46/701 803/54/701
f 800/40/703 806/48/703 807/51/703
f 807/51/704 813/58/704 814/57/704
f 805/52/705 811/59/705 812/62/705
f 804/49/706 803/54/706 809/61/706
f 806/48/708 812/62/708 813/58/708
f 805/52/709 804/49/709 810/55/709
f 813/68/711 819/67/711 820/65/711
f 811/69/55 817/71/55 818/75/55
f 809/72/712 815/74/712 816/70/712
f 812/66/714 818/75/714 819/67/714
f 811/69/715 810/76/715 816/70/715
f 815/74/717 821/81/717 822/78/717
f 819/67/719 818/75/719 824/83/719
f 816/70/720 822/78/720 823/79/720
f 820/65/722 819/67/722 825/77/722
f 817/71/723 823/79/723 824/83/723
f 825/77/725 824/83/725 771/4/725
f 822/78/726 828/14/726 770/7/726
f 826/82/728 825/77/728 829/6/728
f 823/79/729 770/7/729 771/4/729
f 821/81/730 827/10/730 828/14/730
f 832/7/731 890/14/731 836/8/731
f 891/6/733 839/5/733 840/3/733
f 832/7/734 837/9/734 838/13/734
f 890/14/735 889/10/735 835/12/735
f 833/4/737 838/13/737 839/5/737
f 838/13/739 844/21/739 845/17/739
f 837/9/740 836/8/740 842/22/740
f 839/5/742 845/17/742 846/16/742
f 837/9/743 843/18/743 844/21/743
f 836/8/744 835/12/744 841/20/744
f 842/22/745 848/30/745 849/27/745
f 845/17/747 851/26/747 852/24/747
f 843/18/20 849/27/20 850/25/20
f 841/20/748 847/29/748 848/30/748
f 844/21/750 850/25/750 851/26/750
f 852/24/751 851/26/751 857/35/751
f 849/27/752 855/32/752 856/37/752
f 847/29/753 853/34/753 854/31/753
f 851/26/755 850/25/755 856/37/755
f 848/30/756 854/31/756 855/32/756
f 858/36/758 857/35/758 863/43/758
f 855/32/759 861/44/759 862/40/759
f 853/34/760 859/46/760 860/41/760
f 857/35/762 856/37/762 862/40/762
f 854/31/763 860/41/763 861/44/763
f 860/41/765 859/46/765 865/54/765
f 862/40/767 868/48/767 869/51/767
f 861/44/768 860/41/768 866/49/768
f 863/43/770 869/51/770 870/47/770
f 861/44/771 867/52/771 868/48/771
f 868/48/773 874/62/773 875/58/773
f 867/52/774 866/49/774 872/55/774
f 869/51/776 875/58/776 876/57/776
f 867/52/777 873/59/777 874/62/777
f 866/49/778 865/54/778 871/61/778
f 874/66/779 880/75/779 881/67/779
f 873/69/780 872/76/780 878/70/780
f 876/64/782 875/68/782 881/67/782
f 873/69/55 879/71/55 880/75/55
f 871/72/783 877/74/783 878/70/783
f 882/65/786 881/67/786 887/77/786
f 879/71/787 885/79/787 886/83/787
f 877/74/788 883/81/788 884/78/788
f 881/67/790 880/75/790 886/83/790
f 878/70/791 884/78/791 885/79/791
f 888/82/792 887/77/792 891/6/792
f 885/79/793 832/7/793 833/4/793
f 883/81/794 889/10/794 890/14/794
f 887/77/796 886/83/796 833/4/796
f 884/78/797 890/14/797 832/7/797
f 934/92/74 901/91/74 902/89/74
f 895/90/75 933/93/75 899/95/75
f 895/90/72 900/96/72 901/91/72
f 933/93/73 894/97/73 898/94/73
f 900/96/79 899/95/79 904/100/79
f 900/96/82 905/102/82 906/105/82
f 899/95/77 898/94/77 903/99/77
f 901/91/78 906/105/78 907/101/78
f 906/105/87 905/102/87 910/108/87
f 903/99/88 908/110/88 909/112/88
f 907/101/83 906/105/83 911/106/83
f 904/100/84 909/112/84 910/108/84
f 911/106/93 910/108/93 915/115/93
f 908/110/94 913/117/94 914/119/94
f 912/107/89 911/106/89 916/113/89
f 909/112/90 914/119/90 915/115/90
f 915/115/99 920/122/99 921/126/99
f 914/119/100 913/117/100 918/124/100
f 916/113/95 921/126/95 922/120/95
f 915/115/96 914/119/96 919/121/96
f 920/122/105 925/129/105 926/133/105
f 919/121/106 918/124/106 923/131/106
f 921/126/101 926/133/101 927/127/101
f 920/122/102 919/121/102 924/128/102
f 926/143/110 925/136/110 930/135/110
f 923/137/111 928/139/111 929/145/111
f 927/141/112 926/143/112 931/144/112
f 924/134/107 929/145/107 930/135/107
f 928/139/116 894/97/116 933/93/116
f 932/142/117 931/144/117 934/92/117
f 929/145/118 933/93/118 895/90/118
f 931/144/115 930/135/115 895/90/115
f 995/6/800 937/4/800 942/13/800
f 994/14/801 940/8/801 941/9/801
f 996/2/803 995/6/803 943/5/803
f 936/7/804 941/9/804 942/13/804
f 993/10/805 939/12/805 940/8/805
f 943/5/807 942/13/807 948/21/807
f 940/8/808 946/22/808 947/18/808
f 944/3/810 943/5/810 949/17/810
f 941/9/811 947/18/811 948/21/811
f 939/12/812 945/20/812 946/22/812
f 949/17/814 948/21/814 954/25/814
f 946/22/815 952/30/815 953/27/815
f 949/17/817 955/26/817 956/24/817
f 947/18/20 953/27/20 954/25/20
f 945/20/818 951/29/818 952/30/818
f 953/27/819 952/30/819 958/31/819
f 955/26/821 961/35/821 962/36/821
f 953/27/822 959/32/822 960/37/822
f 952/30/823 951/29/823 957/34/823
f 954/25/825 960/37/825 961/35/825
f 961/35/826 967/43/826 968/39/826
f 959/32/827 965/44/827 966/40/827
f 958/31/828 957/34/828 963/46/828
f 960/37/830 966/40/830 967/43/830
f 959/32/831 958/31/831 964/41/831
f 968/39/833 967/43/833 973/51/833
f 965/44/834 971/52/834 972/48/834
f 963/46/835 969/54/835 970/49/835
f 967/43/837 966/40/837 972/48/837
f 964/41/838 970/49/838 971/52/838
f 969/54/840 975/61/840 976/55/840
f 973/51/842 972/48/842 978/62/842
f 970/49/843 976/55/843 977/59/843
f 974/47/845 973/51/845 979/58/845
f 971/52/846 977/59/846 978/62/846
f 978/66/848 984/75/848 985/67/848
f 977/69/849 976/76/849 982/70/849
f 980/64/851 979/68/851 985/67/851
f 977/69/55 983/71/55 984/75/55
f 975/72/852 981/74/852 982/70/852
f 984/75/853 990/83/853 991/77/853
f 983/71/854 982/70/854 988/78/854
f 985/67/856 991/77/856 992/82/856
f 983/71/857 989/79/857 990/83/857
f 982/70/858 981/74/858 987/81/858
f 991/77/861 995/6/861 996/2/861
f 989/79/862 936/7/862 937/4/862
f 988/78/863 987/81/863 993/10/863
f 990/83/865 937/4/865 995/6/865
f 989/79/866 988/78/866 994/14/866
f 1058/2/867 1057/6/867 1005/5/867
f 998/7/868 1003/9/868 1004/13/868
f 1055/10/869 1001/12/869 1002/8/869
f 1057/6/871 999/4/871 1004/13/871
f 1056/14/872 1002/8/872 1003/9/872
f 1006/3/874 1005/5/874 1011/17/874
f 1003/9/875 1009/18/875 1010/21/875
f 1001/12/876 1007/20/876 1008/22/876
f 1005/5/878 1004/13/878 1010/21/878
f 1002/8/879 1008/22/879 1009/18/879
f 1011/17/881 1017/26/881 1018/24/881
f 1009/18/20 1015/27/20 1016/25/20
f 1007/20/882 1013/29/882 1014/30/882
f 1010/21/884 1016/25/884 1017/26/884
f 1008/22/885 1014/30/885 1015/27/885
f 1014/30/887 1013/29/887 1019/34/887
f 1016/25/889 1022/37/889 1023/35/889
f 1015/27/890 1014/30/890 1020/31/890
f 1017/26/892 1023/35/892 1024/36/892
f 1015/27/893 1021/32/893 1022/37/893
f 1022/37/1759 1028/40/1759 1029/43/1759
f 1021/32/1760 1020/31/1760 1026/41/1760
f 1023/35/898 1029/43/898 1030/39/898
f 1021/32/899 1027/44/899 1028/40/899
f 1020/31/900 1019/34/900 1025/46/900
f 1029/43/1761 1028/40/1761 1034/48/1761
f 1026/41/1762 1032/49/1762 1033/52/1762
f 1030/39/904 1029/43/904 1035/51/904
f 1027/44/905 1033/52/905 1034/48/905
f 1025/46/906 1031/54/906 1032/49/906
f 1036/47/909 1035/51/909 1041/58/909
f 1033/52/910 1039/59/910 1040/62/910
f 1031/54/911 1037/61/911 1038/55/911
f 1035/51/913 1034/48/913 1040/62/913
f 1032/49/914 1038/55/914 1039/59/914
f 1042/64/915 1041/68/915 1047/67/915
f 1039/69/55 1045/71/55 1046/75/55
f 1037/72/916 1043/74/916 1044/70/916
f 1040/66/918 1046/75/918 1047/67/918
f 1039/69/919 1038/76/919 1044/70/919
f 1045/71/921 1051/79/921 1052/83/921
f 1044/70/922 1043/74/922 1049/81/922
f 1046/75/924 1052/83/924 1053/77/924
f 1045/71/925 1044/70/925 1050/78/925
f 1047/67/927 1053/77/927 1054/82/927
f 1052/83/929 999/4/929 1057/6/929
f 1051/79/930 1050/78/930 1056/14/930
f 1053/77/932 1057/6/932 1058/2/932
f 1051/79/933 998/7/933 999/4/933
f 1050/78/934 1049/81/934 1055/10/934
f 1061/90/72 1066/96/72 1067/91/72
f 1099/93/73 1060/97/73 1064/94/73
f 1100/92/74 1067/91/74 1068/89/74
f 1061/90/75 1099/93/75 1065/95/75
f 1066/96/82 1071/102/82 1072/105/82
f 1065/95/77 1064/94/77 1069/99/77
f 1067/91/78 1072/105/78 1073/101/78
f 1066/96/79 1065/95/79 1070/100/79
f 1072/105/87 1071/102/87 1076/108/87
f 1069/99/88 1074/110/88 1075/112/88
f 1073/101/83 1072/105/83 1077/106/83
f 1070/100/84 1075/112/84 1076/108/84
f 1074/110/94 1079/117/94 1080/119/94
f 1078/107/89 1077/106/89 1082/113/89
f 1075/112/90 1080/119/90 1081/115/90
f 1077/106/93 1076/108/93 1081/115/93
f 1082/113/95 1087/126/95 1088/120/95
f 1081/115/96 1080/119/96 1085/121/96
f 1081/115/99 1086/122/99 1087/126/99
f 1080/119/100 1079/117/100 1084/124/100
f 1087/126/101 1092/133/101 1093/127/101
f 1086/122/102 1085/121/102 1090/128/102
f 1086/122/105 1091/129/105 1092/133/105
f 1085/121/106 1084/124/106 1089/131/106
f 1093/141/112 1092/143/112 1097/144/112
f 1090/134/107 1095/145/107 1096/135/107
f 1092/143/110 1091/136/110 1096/135/110
f 1089/137/111 1094/139/111 1095/145/111
f 1098/142/117 1097/144/117 1100/92/117
f 1095/145/118 1099/93/118 1061/90/118
f 1097/144/115 1096/135/115 1061/90/115
f 1094/139/116 1060/97/116 1099/93/116
f 1161/6/935 1109/5/935 1110/3/935
f 1102/7/936 1107/9/936 1108/13/936
f 1160/14/937 1159/10/937 1105/12/937
f 1103/4/939 1108/13/939 1109/5/939
f 1102/7/940 1160/14/940 1106/8/940
f 1107/9/942 1106/8/942 1112/22/942
f 1109/5/944 1115/17/944 1116/16/944
f 1107/9/945 1113/18/945 1114/21/945
f 1106/8/946 1105/12/946 1111/20/946
f 1108/13/948 1114/21/948 1115/17/948
f 1116/16/949 1115/17/949 1121/26/949
f 1113/18/20 1119/27/20 1120/25/20
f 1111/20/950 1117/29/950 1118/30/950
f 1114/21/952 1120/25/952 1121/26/952
f 1112/22/953 1118/30/953 1119/27/953
f 1122/24/955 1121/26/955 1127/35/955
f 1119/27/956 1125/32/956 1126/37/956
f 1117/29/957 1123/34/957 1124/31/957
f 1121/26/959 1120/25/959 1126/37/959
f 1118/30/960 1124/31/960 1125/32/960
f 1123/34/962 1129/46/962 1130/41/962
f 1127/35/964 1126/37/964 1132/40/964
f 1124/31/965 1130/41/965 1131/44/965
f 1128/36/967 1127/35/967 1133/43/967
f 1125/32/968 1131/44/968 1132/40/968
f 1132/40/970 1138/48/970 1139/51/970
f 1131/44/971 1130/41/971 1136/49/971
f 1133/43/973 1139/51/973 1140/47/973
f 1131/44/974 1137/52/974 1138/48/974
f 1130/41/975 1129/46/975 1135/54/975
f 1138/48/976 1144/62/976 1145/58/976
f 1137/52/977 1136/49/977 1142/55/977
f 1139/51/979 1145/58/979 1146/57/979
f 1137/52/980 1143/59/980 1144/62/980
f 1136/49/981 1135/54/981 1141/61/981
f 1146/64/984 1145/68/984 1151/67/984
f 1143/69/55 1149/71/55 1150/75/55
f 1141/72/985 1147/74/985 1148/70/985
f 1144/66/987 1150/75/987 1151/67/987
f 1142/76/988 1148/70/988 1149/71/988
f 1152/65/989 1151/67/989 1157/77/989
f 1149/71/990 1155/79/990 1156/83/990
f 1147/74/991 1153/81/991 1154/78/991
f 1151/67/993 1150/75/993 1156/83/993
f 1148/70/994 1154/78/994 1155/79/994
f 1155/79/996 1102/7/996 1103/4/996
f 1153/81/997 1159/10/997 1160/14/997
f 1157/77/999 1156/83/999 1103/4/999
f 1154/78/1000 1160/14/1000 1102/7/1000
f 1158/82/1002 1157/77/1002 1161/6/1002
f 1165/4/1003 1170/13/1003 1171/5/1003
f 1164/7/1004 1222/14/1004 1168/8/1004
f 1223/6/1006 1171/5/1006 1172/3/1006
f 1164/7/1007 1169/9/1007 1170/13/1007
f 1222/14/1008 1221/10/1008 1167/12/1008
f 1170/13/1011 1176/21/1011 1177/17/1011
f 1169/9/1012 1168/8/1012 1174/22/1012
f 1171/5/1014 1177/17/1014 1178/16/1014
f 1169/9/1015 1175/18/1015 1176/21/1015
f 1168/8/1016 1167/12/1016 1173/20/1016
f 1176/21/1017 1182/25/1017 1183/26/1017
f 1174/22/1018 1180/30/1018 1181/27/1018
f 1177/17/1020 1183/26/1020 1184/24/1020
f 1175/18/20 1181/27/20 1182/25/20
f 1173/20/1021 1179/29/1021 1180/30/1021
f 1184/24/1024 1183/26/1024 1189/35/1024
f 1181/27/1025 1187/32/1025 1188/37/1025
f 1179/29/1026 1185/34/1026 1186/31/1026
f 1183/26/1028 1182/25/1028 1188/37/1028
f 1180/30/1029 1186/31/1029 1187/32/1029
f 1190/36/1030 1189/35/1030 1195/43/1030
f 1187/32/1031 1193/44/1031 1194/40/1031
f 1185/34/1032 1191/46/1032 1192/41/1032
f 1189/35/1034 1188/37/1034 1194/40/1034
f 1186/31/1035 1192/41/1035 1193/44/1035
f 1193/44/1037 1199/52/1037 1200/48/1037
f 1192/41/1038 1191/46/1038 1197/54/1038
f 1194/40/1040 1200/48/1040 1201/51/1040
f 1193/44/1041 1192/41/1041 1198/49/1041
f 1195/43/1043 1201/51/1043 1202/47/1043
f 1200/48/1045 1206/62/1045 1207/58/1045
f 1199/52/1046 1198/49/1046 1204/55/1046
f 1201/51/1048 1207/58/1048 1208/57/1048
f 1199/52/1049 1205/59/1049 1206/62/1049
f 1198/49/1050 1197/54/1050 1203/61/1050
f 1206/66/1052 1212/75/1052 1213/67/1052
f 1205/69/1053 1204/76/1053 1210/70/1053
f 1207/68/1055 1213/67/1055 1214/65/1055
f 1205/69/55 1211/71/55 1212/75/55
f 1204/76/1056 1203/72/1056 1209/74/1056
f 1210/70/1057 1216/78/1057 1217/79/1057
f 1214/65/1059 1213/67/1059 1219/77/1059
f 1211/71/1060 1217/79/1060 1218/83/1060
f 1209/74/1061 1215/81/1061 1216/78/1061
f 1213/67/1063 1212/75/1063 1218/83/1063
f 1220/82/1064 1219/77/1064 1223/6/1064
f 1217/79/1065 1164/7/1065 1165/4/1065
f 1215/81/1066 1221/10/1066 1222/14/1066
f 1219/77/1068 1218/83/1068 1165/4/1068
f 1216/78/1069 1222/14/1069 1164/7/1069
f 1227/90/72 1232/96/72 1233/91/72
f 1265/93/73 1226/97/73 1230/94/73
f 1266/92/74 1233/91/74 1234/89/74
f 1227/90/75 1265/93/75 1231/95/75
f 1233/91/78 1238/105/78 1239/101/78
f 1232/96/79 1231/95/79 1236/100/79
f 1232/96/82 1237/102/82 1238/105/82
f 1231/95/77 1230/94/77 1235/99/77
f 1239/101/83 1238/105/83 1243/106/83
f 1236/100/84 1241/112/84 1242/108/84
f 1238/105/87 1237/102/87 1242/108/87
f 1235/99/88 1240/110/88 1241/112/88
f 1244/107/89 1243/106/89 1248/113/89
f 1241/112/90 1246/119/90 1247/115/90
f 1243/106/93 1242/108/93 1247/115/93
f 1240/110/94 1245/117/94 1246/119/94
f 1247/115/96 1246/119/96 1251/121/96
f 1247/115/99 1252/122/99 1253/126/99
f 1246/119/100 1245/117/100 1250/124/100
f 1248/113/95 1253/126/95 1254/120/95
f 1252/122/105 1257/129/105 1258/133/105
f 1251/121/106 1250/124/106 1255/131/106
f 1253/126/101 1258/133/101 1259/127/101
f 1252/122/102 1251/121/102 1256/128/102
f 1258/143/110 1257/136/110 1262/135/110
f 1255/137/111 1260/139/111 1261/145/111
f 1259/141/112 1258/143/112 1263/144/112
f 1256/134/107 1261/145/107 1262/135/107
f 1263/144/115 1262/135/115 1227/90/115
f 1260/139/116 1226/97/116 1265/93/116
f 1264/142/117 1263/144/117 1266/92/117
f 1261/145/118 1265/93/118 1227/90/118
f 1326/14/1071 1325/10/1071 1271/12/1071
f 1269/4/1073 1274/13/1073 1275/5/1073
f 1268/7/1074 1326/14/1074 1272/8/1074
f 1327/6/1076 1275/5/1076 1276/3/1076
f 1268/7/1077 1273/9/1077 1274/13/1077
f 1275/5/1078 1281/17/1078 1282/16/1078
f 1273/9/1079 1279/18/1079 1280/21/1079
f 1272/8/1080 1271/12/1080 1277/20/1080
f 1274/13/1082 1280/21/1082 1281/17/1082
f 1273/9/1083 1272/8/1083 1278/22/1083
f 1277/20/1085 1283/29/1085 1284/30/1085
f 1280/21/1087 1286/25/1087 1287/26/1087
f 1278/22/1088 1284/30/1088 1285/27/1088
f 1281/17/1090 1287/26/1090 1288/24/1090
f 1279/18/20 1285/27/20 1286/25/20
f 1287/26/1092 1286/25/1092 1292/37/1092
f 1284/30/1093 1290/31/1093 1291/32/1093
f 1288/24/1095 1287/26/1095 1293/35/1095
f 1285/27/1096 1291/32/1096 1292/37/1096
f 1283/29/1097 1289/34/1097 1290/31/1097
f 1293/35/1098 1292/37/1098 1298/40/1098
f 1290/31/1099 1296/41/1099 1297/44/1099
f 1294/36/1101 1293/35/1101 1299/43/1101
f 1291/32/1102 1297/44/1102 1298/40/1102
f 1289/34/1103 1295/46/1103 1296/41/1103
f 1299/43/1106 1305/51/1106 1306/47/1106
f 1297/44/1107 1303/52/1107 1304/48/1107
f 1296/41/1108 1295/46/1108 1301/54/1108
f 1298/40/1110 1304/48/1110 1305/51/1110
f 1297/44/1111 1296/41/1111 1302/49/1111
f 1305/51/1112 1311/58/1112 1312/57/1112
f 1303/52/1113 1309/59/1113 1310/62/1113
f 1302/49/1114 1301/54/1114 1307/61/1114
f 1304/48/1116 1310/62/1116 1311/58/1116
f 1303/52/1117 1302/49/1117 1308/55/1117
f 1309/69/55 1315/71/55 1316/75/55
f 1307/72/1119 1313/74/1119 1314/70/1119
f 1310/66/1121 1316/75/1121 1317/67/1121
f 1308/76/1122 1314/70/1122 1315/71/1122
f 1312/64/1124 1311/68/1124 1317/67/1124
f 1317/67/1126 1316/75/1126 1322/83/1126
f 1314/70/1127 1320/78/1127 1321/79/1127
f 1318/65/1129 1317/67/1129 1323/77/1129
f 1315/71/1130 1321/79/1130 1322/83/1130
f 1313/74/1131 1319/81/1131 1320/78/1131
f 1323/77/1133 1322/83/1133 1269/4/1133
f 1320/78/1134 1326/14/1134 1268/7/1134
f 1324/82/1136 1323/77/1136 1327/6/1136
f 1321/79/1137 1268/7/1137 1269/4/1137
f 1319/81/1138 1325/10/1138 1326/14/1138
f 1389/6/1139 1337/5/1139 1338/3/1139
f 1330/7/1140 1335/9/1140 1336/13/1140
f 1388/14/1141 1387/10/1141 1333/12/1141
f 1331/4/1143 1336/13/1143 1337/5/1143
f 1330/7/1144 1388/14/1144 1334/8/1144
f 1337/5/1763 1343/17/1763 1344/16/1763
f 1335/9/1148 1341/18/1148 1342/21/1148
f 1334/8/1764 1333/12/1764 1339/20/1764
f 1336/13/1151 1342/21/1151 1343/17/1151
f 1335/9/1152 1334/8/1152 1340/22/1152
f 1343/17/1153 1349/26/1153 1350/24/1153
f 1341/18/20 1347/27/20 1348/25/20
f 1340/22/1154 1339/20/1154 1345/29/1154
f 1342/21/1156 1348/25/1156 1349/26/1156
f 1340/22/1157 1346/30/1157 1347/27/1157
f 1347/27/1159 1353/32/1159 1354/37/1159
f 1345/29/1765 1351/34/1765 1352/31/1765
f 1349/26/1162 1348/25/1162 1354/37/1162
f 1346/30/1163 1352/31/1163 1353/32/1163
f 1350/24/1766 1349/26/1766 1355/35/1766
f 1355/35/1167 1354/37/1167 1360/40/1167
f 1352/31/1168 1358/41/1168 1359/44/1168
f 1356/36/1170 1355/35/1170 1361/43/1170
f 1353/32/1171 1359/44/1171 1360/40/1171
f 1351/34/1172 1357/46/1172 1358/41/1172
f 1360/40/1174 1366/48/1174 1367/51/1174
f 1359/44/1175 1358/41/1175 1364/49/1175
f 1361/43/1177 1367/51/1177 1368/47/1177
f 1359/44/1178 1365/52/1178 1366/48/1178
f 1358/41/1179 1357/46/1179 1363/54/1179
f 1365/52/1180 1364/49/1180 1370/55/1180
f 1367/51/1182 1373/58/1182 1374/57/1182
f 1365/52/1183 1371/59/1183 1372/62/1183
f 1364/49/1184 1363/54/1184 1369/61/1184
f 1366/48/1186 1372/62/1186 1373/58/1186
f 1373/68/1187 1379/67/1187 1380/65/1187
f 1371/69/55 1377/71/55 1378/75/55
f 1369/72/1188 1375/74/1188 1376/70/1188
f 1372/66/1190 1378/75/1190 1379/67/1190
f 1371/69/1191 1370/76/1191 1376/70/1191
f 1380/65/1193 1379/67/1193 1385/77/1193
f 1377/71/1194 1383/79/1194 1384/83/1194
f 1375/74/1195 1381/81/1195 1382/78/1195
f 1379/67/1197 1378/75/1197 1384/83/1197
f 1376/70/1198 1382/78/1198 1383/79/1198
f 1381/81/1200 1387/10/1200 1388/14/1200
f 1385/77/1202 1384/83/1202 1331/4/1202
f 1382/78/1203 1388/14/1203 1330/7/1203
f 1386/82/1205 1385/77/1205 1389/6/1205
f 1383/79/1206 1330/7/1206 1331/4/1206
f 1432/92/74 1399/91/74 1400/89/74
f 1393/90/75 1431/93/75 1397/95/75
f 1393/90/72 1398/96/72 1399/91/72
f 1431/93/73 1392/97/73 1396/94/73
f 1398/96/82 1403/102/82 1404/105/82
f 1397/95/77 1396/94/77 1401/99/77
f 1399/91/78 1404/105/78 1405/101/78
f 1398/96/79 1397/95/79 1402/100/79
f 1404/105/87 1403/102/87 1408/108/87
f 1401/99/88 1406/110/88 1407/112/88
f 1405/101/83 1404/105/83 1409/106/83
f 1402/100/84 1407/112/84 1408/108/84
f 1409/106/93 1408/108/93 1413/115/93
f 1406/110/94 1411/117/94 1412/119/94
f 1410/107/89 1409/106/89 1414/113/89
f 1407/112/90 1412/119/90 1413/115/90
f 1413/115/99 1418/122/99 1419/126/99
f 1412/119/100 1411/117/100 1416/124/100
f 1414/113/95 1419/126/95 1420/120/95
f 1413/115/96 1412/119/96 1417/121/96
f 1418/122/105 1423/129/105 1424/133/105
f 1417/121/106 1416/124/106 1421/131/106
f 1419/126/101 1424/133/101 1425/127/101
f 1418/122/102 1417/121/102 1422/128/102
f 1421/137/111 1426/139/111 1427/145/111
f 1425/141/112 1424/143/112 1429/144/112
f 1422/134/107 1427/145/107 1428/135/107
f 1424/143/110 1423/136/110 1428/135/110
f 1430/142/117 1429/144/117 1432/92/117
f 1427/145/118 1431/93/118 1393/90/118
f 1429/144/115 1428/135/115 1393/90/115
f 1426/139/116 1392/97/116 1431/93/116
f 1435/4/1207 1440/13/1207 1441/5/1207
f 1434/7/1208 1492/14/1208 1438/8/1208
f 1493/6/1210 1441/5/1210 1442/3/1210
f 1434/7/1211 1439/9/1211 1440/13/1211
f 1492/14/1212 1491/10/1212 1437/12/1212
f 1440/13/1215 1446/21/1215 1447/17/1215
f 1439/9/1216 1438/8/1216 1444/22/1216
f 1441/5/1218 1447/17/1218 1448/16/1218
f 1439/9/1219 1445/18/1219 1446/21/1219
f 1438/8/1220 1437/12/1220 1443/20/1220
f 1446/21/1221 1452/25/1221 1453/26/1221
f 1444/22/1222 1450/30/1222 1451/27/1222
f 1447/17/1224 1453/26/1224 1454/24/1224
f 1445/18/20 1451/27/20 1452/25/20
f 1443/20/1225 1449/29/1225 1450/30/1225
f 1454/24/1228 1453/26/1228 1459/35/1228
f 1451/27/1229 1457/32/1229 1458/37/1229
f 1449/29/1230 1455/34/1230 1456/31/1230
f 1453/26/1232 1452/25/1232 1458/37/1232
f 1450/30/1233 1456/31/1233 1457/32/1233
f 1460/36/1234 1459/35/1234 1465/43/1234
f 1457/32/1235 1463/44/1235 1464/40/1235
f 1455/34/1236 1461/46/1236 1462/41/1236
f 1459/35/1238 1458/37/1238 1464/40/1238
f 1456/31/1239 1462/41/1239 1463/44/1239
f 1463/44/1241 1469/52/1241 1470/48/1241
f 1462/41/1242 1461/46/1242 1467/54/1242
f 1464/40/1244 1470/48/1244 1471/51/1244
f 1463/44/1245 1462/41/1245 1468/49/1245
f 1465/43/1247 1471/51/1247 1472/47/1247
f 1470/48/1249 1476/62/1249 1477/58/1249
f 1469/52/1250 1468/49/1250 1474/55/1250
f 1471/51/1252 1477/58/1252 1478/57/1252
f 1469/52/1253 1475/59/1253 1476/62/1253
f 1468/49/1254 1467/54/1254 1473/61/1254
f 1476/66/1256 1482/75/1256 1483/67/1256
f 1475/69/1257 1474/76/1257 1480/70/1257
f 1478/64/1259 1477/68/1259 1483/67/1259
f 1475/69/55 1481/71/55 1482/75/55
f 1473/72/1260 1479/74/1260 1480/70/1260
f 1480/70/1261 1486/78/1261 1487/79/1261
f 1484/65/1263 1483/67/1263 1489/77/1263
f 1481/71/1264 1487/79/1264 1488/83/1264
f 1479/74/1265 1485/81/1265 1486/78/1265
f 1483/67/1267 1482/75/1267 1488/83/1267
f 1490/82/1268 1489/77/1268 1493/6/1268
f 1487/79/1269 1434/7/1269 1435/4/1269
f 1485/81/1270 1491/10/1270 1492/14/1270
f 1489/77/1272 1488/83/1272 1435/4/1272
f 1486/78/1273 1492/14/1273 1434/7/1273
f 1536/92/1275 1503/91/1275 1504/89/1275
f 1497/90/1276 1535/93/1276 1501/95/1276
f 1536/92/1279 1497/90/1279 1502/96/1279
f 1535/93/1280 1496/97/1280 1500/94/1280
f 1503/91/1281 1508/105/1281 1509/101/1281
f 1502/96/1282 1501/95/1282 1506/100/1282
f 1502/96/1285 1507/102/1285 1508/105/1285
f 1501/95/1286 1500/94/1286 1505/99/1286
f 1506/100/1287 1511/112/1287 1512/108/1287
f 1508/105/1290 1507/102/1290 1512/108/1290
f 1505/99/1291 1510/110/1291 1511/112/1291
f 1509/101/1292 1508/105/1292 1513/106/1292
f 1512/108/1295 1517/115/1295 1518/113/1295
f 1510/110/1296 1515/117/1296 1516/119/1296
f 1514/107/1297 1513/106/1297 1518/113/1297
f 1511/112/1298 1516/119/1298 1517/115/1298
f 1517/115/1300 1522/122/1300 1523/126/1300
f 1516/119/1301 1515/117/1301 1520/124/1301
f 1518/113/1302 1523/126/1302 1524/120/1302
f 1516/119/1303 1521/121/1303 1522/122/1303
f 1522/122/1306 1527/129/1306 1528/133/1306
f 1521/121/1307 1520/124/1307 1525/131/1307
f 1523/126/1308 1528/133/1308 1529/127/1308
f 1522/122/1309 1521/121/1309 1526/128/1309
f 1528/143/1312 1527/136/1312 1532/135/1312
f 1525/137/1313 1530/139/1313 1531/145/1313
f 1529/141/1314 1528/143/1314 1533/144/1314
f 1526/134/1315 1531/145/1315 1532/135/1315
f 1533/144/1317 1532/135/1317 1497/90/1317
f 1530/139/1318 1496/97/1318 1535/93/1318
f 1534/142/1319 1533/144/1319 1536/92/1319
f 1532/135/1320 1531/145/1320 1535/93/1320
f 1578/92/1323 1545/91/1323 1546/89/1323
f 1539/90/1324 1577/93/1324 1543/95/1324
f 1578/92/1327 1539/90/1327 1544/96/1327
f 1577/93/1328 1538/97/1328 1542/94/1328
f 1544/96/1329 1543/95/1329 1548/100/1329
f 1545/91/1332 1544/96/1332 1549/102/1332
f 1543/95/1333 1542/94/1333 1547/99/1333
f 1545/91/1334 1550/105/1334 1551/101/1334
f 1550/105/1337 1549/102/1337 1554/108/1337
f 1547/99/1338 1552/110/1338 1553/112/1338
f 1551/101/1339 1550/105/1339 1555/106/1339
f 1548/100/1340 1553/112/1340 1554/108/1340
f 1555/106/1342 1554/108/1342 1559/115/1342
f 1552/110/1343 1557/117/1343 1558/119/1343
f 1556/107/1344 1555/106/1344 1560/113/1344
f 1553/112/1345 1558/119/1345 1559/115/1345
f 1559/115/1348 1564/122/1348 1565/126/1348
f 1558/119/1349 1557/117/1349 1562/124/1349
f 1560/113/1350 1565/126/1350 1566/120/1350
f 1558/119/1351 1563/121/1351 1564/122/1351
f 1564/122/1354 1569/129/1354 1570/133/1354
f 1563/121/1355 1562/124/1355 1567/131/1355
f 1565/126/1356 1570/133/1356 1571/127/1356
f 1563/121/1357 1568/128/1357 1569/129/1357
f 1570/143/1359 1569/136/1359 1574/135/1359
f 1567/137/1360 1572/139/1360 1573/145/1360
f 1571/141/1361 1570/143/1361 1575/144/1361
f 1568/134/1362 1573/145/1362 1574/135/1362
f 1572/139/1365 1538/97/1365 1577/93/1365
f 1576/142/1366 1575/144/1366 1578/92/1366
f 1573/145/1367 1577/93/1367 1539/90/1367
f 1575/144/1370 1574/135/1370 1539/90/1370
f 1620/92/1371 1587/91/1371 1588/89/1371
f 1581/90/1372 1619/93/1372 1585/95/1372
f 1581/90/1375 1586/96/1375 1587/91/1375
f 1619/93/1376 1580/97/1376 1584/94/1376
f 1586/96/1767 1591/102/1767 1592/105/1767
f 1585/95/1380 1584/94/1380 1589/99/1380
f 1587/91/1381 1592/105/1381 1593/101/1381
f 1586/96/1382 1585/95/1382 1590/100/1382
f 1592/105/1384 1591/102/1384 1596/108/1384
f 1589/99/1385 1594/110/1385 1595/112/1385
f 1593/101/1386 1592/105/1386 1597/106/1386
f 1591/102/1387 1590/100/1387 1595/112/1387
f 1597/106/1390 1596/108/1390 1601/115/1390
f 1594/110/1391 1599/117/1391 1600/119/1391
f 1598/107/1392 1597/106/1392 1602/113/1392
f 1596/108/1393 1595/112/1393 1600/119/1393
f 1601/115/1396 1606/122/1396 1607/126/1396
f 1600/119/1397 1599/117/1397 1604/124/1397
f 1602/113/1398 1607/126/1398 1608/120/1398
f 1601/115/1399 1600/119/1399 1605/121/1399
f 1606/122/1401 1611/129/1401 1612/133/1401
f 1605/121/1402 1604/124/1402 1609/131/1402
f 1607/126/1403 1612/133/1403 1613/127/1403
f 1606/122/1404 1605/121/1404 1610/128/1404
f 1609/137/1407 1614/139/1407 1615/145/1407
f 1613/141/1408 1612/143/1408 1617/144/1408
f 1610/134/1409 1615/145/1409 1616/135/1409
f 1611/136/1412 1616/135/1412 1617/144/1412
f 1618/142/1413 1617/144/1413 1620/92/1413
f 1615/145/1414 1619/93/1414 1581/90/1414
f 1616/135/1417 1581/90/1417 1620/92/1417
f 1614/139/1418 1580/97/1418 1619/93/1418
f 1662/92/1419 1629/91/1419 1630/89/1419
f 1661/93/1420 1627/95/1420 1628/96/1420
f 1623/90/1423 1628/96/1423 1629/91/1423
f 1661/93/1768 1622/97/1768 1626/94/1768
f 1628/96/1426 1633/102/1426 1634/105/1426
f 1627/95/1769 1626/94/1769 1631/99/1769
f 1629/91/1428 1634/105/1428 1635/101/1428
f 1628/96/1429 1627/95/1429 1632/100/1429
f 1634/105/1432 1633/102/1432 1638/108/1432
f 1631/99/1433 1636/110/1433 1637/112/1433
f 1635/101/1434 1634/105/1434 1639/106/1434
f 1633/102/1435 1632/100/1435 1637/112/1435
f 1639/106/1438 1638/108/1438 1643/115/1438
f 1636/110/1439 1641/117/1439 1642/119/1439
f 1640/107/1440 1639/106/1440 1644/113/1440
f 1638/108/1441 1637/112/1441 1642/119/1441
f 1644/113/1443 1643/115/1443 1648/122/1443
f 1642/119/1444 1641/117/1444 1646/124/1444
f 1644/113/1770 1649/126/1770 1650/120/1770
f 1643/115/1446 1642/119/1446 1647/121/1446
f 1647/121/1449 1646/124/1449 1651/131/1449
f 1649/126/1771 1654/133/1771 1655/127/1771
f 1648/122/1451 1647/121/1451 1652/128/1451
f 1648/122/1454 1653/129/1454 1654/133/1454
f 1655/141/1455 1654/143/1455 1659/144/1455
f 1652/134/1456 1657/145/1456 1658/135/1456
f 1653/136/1459 1658/135/1459 1659/144/1459
f 1651/137/1460 1656/139/1460 1657/145/1460
f 1660/142/1461 1659/144/1461 1662/92/1461
f 1657/145/1462 1661/93/1462 1623/90/1462
f 1658/135/1465 1623/90/1465 1662/92/1465
f 1656/139/1466 1622/97/1466 1661/93/1466
f 1665/90/1468 1670/96/1468 1671/91/1468
f 1703/93/1469 1664/97/1469 1668/94/1469
f 1704/92/1470 1671/91/1470 1672/89/1470
f 1703/93/1471 1669/95/1471 1670/96/1471
f 1669/95/1473 1668/94/1473 1673/99/1473
f 1671/91/1474 1676/105/1474 1677/101/1474
f 1669/95/1475 1674/100/1475 1675/102/1475
f 1670/96/1478 1675/102/1478 1676/105/1478
f 1677/101/1479 1676/105/1479 1681/106/1479
f 1674/100/1772 1679/112/1772 1680/108/1772
f 1676/105/1483 1675/102/1483 1680/108/1483
f 1673/99/1484 1678/110/1484 1679/112/1484
f 1682/107/1485 1681/106/1485 1686/113/1485
f 1680/108/1486 1679/112/1486 1684/119/1486
f 1681/106/1489 1680/108/1489 1685/115/1489
f 1678/110/1490 1683/117/1490 1684/119/1490
f 1686/113/1491 1691/126/1491 1692/120/1491
f 1685/115/1492 1684/119/1492 1689/121/1492
f 1686/113/1495 1685/115/1495 1690/122/1495
f 1684/119/1496 1683/117/1496 1688/124/1496
f 1691/126/1497 1696/133/1497 1697/127/1497
f 1690/122/1498 1689/121/1498 1694/128/1498
f 1691/126/1501 1690/122/1501 1695/129/1501
f 1689/121/1502 1688/124/1502 1693/131/1502
f 1694/134/1503 1699/145/1503 1700/135/1503
f 1696/143/1773 1695/136/1773 1700/135/1773
f 1693/137/1507 1698/139/1507 1699/145/1507
f 1697/141/1508 1696/143/1508 1701/144/1508
f 1700/135/1511 1665/90/1511 1704/92/1511
f 1698/139/1512 1664/97/1512 1703/93/1512
f 1702/142/1513 1701/144/1513 1704/92/1513
f 1699/145/1514 1703/93/1514 1665/90/1514
f 1746/92/1515 1713/91/1515 1714/89/1515
f 1707/90/1516 1745/93/1516 1711/95/1516
f 1707/90/1519 1712/96/1519 1713/91/1519
f 1745/93/1520 1706/97/1520 1710/94/1520
f 1713/91/1521 1718/105/1521 1719/101/1521
f 1711/95/1522 1716/100/1522 1717/102/1522
f 1712/96/1525 1717/102/1525 1718/105/1525
f 1711/95/1526 1710/94/1526 1715/99/1526
f 1716/100/1527 1721/112/1527 1722/108/1527
f 1717/102/1530 1722/108/1530 1723/106/1530
f 1715/99/1531 1720/110/1531 1721/112/1531
f 1719/101/1532 1718/105/1532 1723/106/1532
f 1722/108/1535 1727/115/1535 1728/113/1535
f 1720/110/1536 1725/117/1536 1726/119/1536
f 1724/107/1774 1723/106/1774 1728/113/1774
f 1721/112/1538 1726/119/1538 1727/115/1538
f 1727/115/1540 1732/122/1540 1733/126/1540
f 1726/119/1541 1725/117/1541 1730/124/1541
f 1728/113/1542 1733/126/1542 1734/120/1542
f 1727/115/1543 1726/119/1543 1731/121/1543
f 1733/126/1546 1732/122/1546 1737/129/1546
f 1731/121/1547 1730/124/1547 1735/131/1547
f 1733/126/1548 1738/133/1548 1739/127/1548
f 1732/122/1549 1731/121/1549 1736/128/1549
f 1738/143/1552 1737/136/1552 1742/135/1552
f 1735/137/1553 1740/139/1553 1741/145/1553
f 1739/141/1554 1738/143/1554 1743/144/1554
f 1737/136/1555 1736/134/1555 1741/145/1555
f 1743/144/1557 1742/135/1557 1707/90/1557
f 1740/139/1558 1706/97/1558 1745/93/1558
f 1744/142/1559 1743/144/1559 1746/92/1559
f 1742/135/1560 1741/145/1560 1745/93/1560
f 1749/90/1563 1787/93/1563 1753/95/1563
f 1788/92/1566 1749/90/1566 1754/96/1566
f 1787/93/1567 1748/97/1567 1752/94/1567
f 1788/92/1568 1755/91/1568 1756/89/1568
f 1754/96/1570 1759/102/1570 1760/105/1570
f 1753/95/1571 1752/94/1571 1757/99/1571
f 1755/91/1572 1760/105/1572 1761/101/1572
f 1754/96/1573 1753/95/1573 1758/100/1573
f 1759/102/1576 1764/108/1576 1765/106/1576
f 1757/99/1577 1762/110/1577 1763/112/1577
f 1761/101/1578 1760/105/1578 1765/106/1578
f 1758/100/1579 1763/112/1579 1764/108/1579
f 1764/108/1581 1769/115/1581 1770/113/1581
f 1762/110/1582 1767/117/1582 1768/119/1582
f 1766/107/1583 1765/106/1583 1770/113/1583
f 1763/112/1584 1768/119/1584 1769/115/1584
f 1768/119/1587 1767/117/1587 1772/124/1587
f 1770/113/1588 1775/126/1588 1776/120/1588
f 1768/119/1589 1773/121/1589 1774/122/1589
f 1769/115/1592 1774/122/1592 1775/126/1592
f 1775/126/1593 1780/133/1593 1781/127/1593
f 1774/122/1594 1773/121/1594 1778/128/1594
f 1774/122/1597 1779/129/1597 1780/133/1597
f 1773/121/1598 1772/124/1598 1777/131/1598
f 1781/141/1599 1780/143/1599 1785/144/1599
f 1779/136/1600 1778/134/1600 1783/145/1600
f 1780/143/1603 1779/136/1603 1784/135/1603
f 1777/137/1604 1782/139/1604 1783/145/1604
f 1786/142/1605 1785/144/1605 1788/92/1605
f 1784/135/1606 1783/145/1606 1787/93/1606
f 1785/144/1609 1784/135/1609 1749/90/1609
f 1782/139/1610 1748/97/1610 1787/93/1610
f 1830/92/1612 1791/90/1612 1796/96/1612
f 1829/93/1613 1790/97/1613 1794/94/1613
f 1830/92/1614 1797/91/1614 1798/89/1614
f 1791/90/1615 1829/93/1615 1795/95/1615
f 1797/91/1617 1802/105/1617 1803/101/1617
f 1796/96/1618 1795/95/1618 1800/100/1618
f 1797/91/1621 1796/96/1621 1801/102/1621
f 1795/95/1622 1794/94/1622 1799/99/1622
f 1803/101/1623 1802/105/1623 1807/106/1623
f 1800/100/1624 1805/112/1624 1806/108/1624
f 1802/105/1627 1801/102/1627 1806/108/1627
f 1799/99/1628 1804/110/1628 1805/112/1628
f 1808/107/1629 1807/106/1629 1812/113/1629
f 1805/112/1630 1810/119/1630 1811/115/1630
f 1806/108/1633 1811/115/1633 1812/113/1633
f 1804/110/1634 1809/117/1634 1810/119/1634
f 1812/113/1635 1817/126/1635 1818/120/1635
f 1810/119/1636 1815/121/1636 1816/122/1636
f 1811/115/1639 1816/122/1639 1817/126/1639
f 1810/119/1640 1809/117/1640 1814/124/1640
f 1815/121/1641 1820/128/1641 1821/129/1641
f 1816/122/1644 1821/129/1644 1822/133/1644
f 1815/121/1645 1814/124/1645 1819/131/1645
f 1817/126/1646 1822/133/1646 1823/127/1646
f 1822/143/1649 1821/136/1649 1826/135/1649
f 1819/137/1650 1824/139/1650 1825/145/1650
f 1823/141/1651 1822/143/1651 1827/144/1651
f 1820/134/1652 1825/145/1652 1826/135/1652
f 1827/144/1654 1826/135/1654 1791/90/1654
f 1824/139/1655 1790/97/1655 1829/93/1655
f 1828/142/1656 1827/144/1656 1830/92/1656
f 1826/135/1657 1825/145/1657 1829/93/1657
f 1872/92/1659 1839/91/1659 1840/89/1659
f 1833/90/1660 1871/93/1660 1837/95/1660
f 1833/90/1663 1838/96/1663 1839/91/1663
f 1871/93/1664 1832/97/1664 1836/94/1664
f 1838/96/1665 1837/95/1665 1842/100/1665
f 1839/91/1668 1838/96/1668 1843/102/1668
f 1837/95/1669 1836/94/1669 1841/99/1669
f 1839/91/1670 1844/105/1670 1845/101/1670
f 1844/105/1673 1843/102/1673 1848/108/1673
f 1841/99/1674 1846/110/1674 1847/112/1674
f 1845/101/1675 1844/105/1675 1849/106/1675
f 1843/102/1676 1842/100/1676 1847/112/1676
f 1849/106/1678 1848/108/1678 1853/115/1678
f 1846/110/1679 1851/117/1679 1852/119/1679
f 1850/107/1680 1849/106/1680 1854/113/1680
f 1847/112/1681 1852/119/1681 1853/115/1681
f 1853/115/1684 1858/122/1684 1859/126/1684
f 1852/119/1685 1851/117/1685 1856/124/1685
f 1854/113/1686 1859/126/1686 1860/120/1686
f 1853/115/1687 1852/119/1687 1857/121/1687
f 1858/122/1775 1863/129/1775 1864/133/1775
f 1857/121/1691 1856/124/1691 1861/131/1691
f 1859/126/1692 1864/133/1692 1865/127/1692
f 1857/121/1693 1862/128/1693 1863/129/1693
f 1863/136/1695 1868/135/1695 1869/144/1695
f 1861/137/1696 1866/139/1696 1867/145/1696
f 1865/141/1697 1864/143/1697 1869/144/1697
f 1862/134/1698 1867/145/1698 1868/135/1698
f 1866/139/1701 1832/97/1701 1871/93/1701
f 1870/142/1702 1869/144/1702 1872/92/1702
f 1867/145/1703 1871/93/1703 1833/90/1703
f 1869/144/1706 1868/135/1706 1833/90/1706
f 1875/90/1709 1880/96/1709 1881/91/1709
f 1913/93/1710 1874/97/1710 1878/94/1710
f 1914/92/1711 1881/91/1711 1882/89/1711
f 1913/93/1712 1879/95/1712 1880/96/1712
f 1880/96/1714 1885/102/1714 1886/105/1714
f 1879/95/1715 1878/94/1715 1883/99/1715
f 1881/91/1716 1886/105/1716 1887/101/1716
f 1880/96/1717 1879/95/1717 1884/100/1717
f 1886/105/1719 1885/102/1719 1890/108/1719
f 1883/99/1720 1888/110/1720 1889/112/1720
f 1887/101/1721 1886/105/1721 1891/106/1721
f 1885/102/1722 1884/100/1722 1889/112/1722
f 1888/110/1725 1893/117/1725 1894/119/1725
f 1892/107/1726 1891/106/1726 1896/113/1726
f 1890/108/1727 1889/112/1727 1894/119/1727
f 1891/106/1730 1890/108/1730 1895/115/1730
f 1896/113/1731 1901/126/1731 1902/120/1731
f 1895/115/1732 1894/119/1732 1899/121/1732
f 1896/113/1735 1895/115/1735 1900/122/1735
f 1894/119/1736 1893/117/1736 1898/124/1736
f 1901/126/1737 1906/133/1737 1907/127/1737
f 1900/122/1738 1899/121/1738 1904/128/1738
f 1900/122/1741 1905/129/1741 1906/133/1741
f 1899/121/1742 1898/124/1742 1903/131/1742
f 1907/141/1743 1906/143/1743 1911/144/1743
f 1904/134/1744 1909/145/1744 1910/135/1744
f 1905/136/1747 1910/135/1747 1911/144/1747
f 1903/137/1748 1908/139/1748 1909/145/1748
f 1912/142/1749 1911/144/1749 1914/92/1749
f 1909/145/1750 1913/93/1750 1875/90/1750
f 1910/135/1753 1875/90/1753 1914/92/1753
f 1908/139/1754 1874/97/1754 1913/93/1754
