# Blender 5.1.1
# www.blender.org
mtllib storm_clouds_upper.mtl
o StormCloudsUpper
v 11.464038 122.000000 -3.546242
v 11.464038 114.225212 -28.894367
v 11.464038 109.774788 -28.894367
v 11.464038 102.000000 -3.546242
v 18.094830 121.009689 -12.672745
v 23.412312 118.234901 -19.991631
v 26.363293 114.225212 -24.053307
v 26.363293 109.774788 -24.053307
v 23.412312 105.765099 -19.991631
v 18.094830 102.990311 -12.672745
v 22.192886 121.009689 -7.032256
v 30.796753 118.234901 -9.827823
v 35.571537 114.225212 -11.379244
v 35.571537 109.774788 -11.379244
v 30.796753 105.765099 -9.827823
v 22.192886 102.990311 -7.032256
v 22.192886 121.009689 -0.060229
v 30.796753 118.234901 2.735337
v 35.571537 114.225212 4.286759
v 35.571537 109.774788 4.286759
v 30.796753 105.765099 2.735337
v 22.192886 102.990311 -0.060229
v 18.094830 121.009689 5.580259
v 23.412313 118.234901 12.899146
v 26.363293 114.225212 16.960823
v 26.363293 109.774788 16.960823
v 23.412313 105.765099 12.899146
v 18.094830 102.990311 5.580259
v 11.464039 121.009689 7.734735
v 11.464040 118.234901 16.781378
v 11.464038 114.225212 21.801884
v 11.464038 109.774788 21.801884
v 11.464040 105.765099 16.781378
v 11.464039 102.990311 7.734735
v 4.833247 121.009689 5.580260
v -0.484235 118.234901 12.899148
v -3.435216 114.225212 16.960823
v -3.435216 109.774788 16.960823
v -0.484235 105.765099 12.899148
v 4.833247 102.990311 5.580260
v 0.735190 121.009689 -0.060227
v -7.868676 118.234901 2.735340
v -12.643462 114.225212 4.286759
v -12.643462 109.774788 4.286759
v -7.868676 105.765099 2.735340
v 0.735190 102.990311 -0.060227
v 0.735190 121.009689 -7.032254
v -7.868680 118.234901 -9.827820
v -12.643462 114.225212 -11.379244
v -12.643462 109.774788 -11.379244
v -7.868680 105.765099 -9.827820
v 0.735190 102.990311 -7.032254
v 4.833244 121.009689 -12.672745
v -0.484241 118.234901 -19.991631
v -3.435216 114.225212 -24.053307
v -3.435216 109.774788 -24.053307
v -0.484241 105.765099 -19.991631
v 4.833244 102.990311 -12.672745
v 11.464036 121.009689 -14.827220
v 11.464035 118.234901 -23.873863
v 11.464035 105.765099 -23.873863
v 11.464036 102.990311 -14.827220
v -3.546243 125.637199 -11.464039
v -3.546243 117.862411 -36.812164
v -3.546243 113.411987 -36.812164
v -3.546243 105.637199 -11.464039
v 3.084550 124.646889 -20.590540
v 8.402031 121.872101 -27.909428
v 11.353011 117.862411 -31.971102
v 11.353011 113.411987 -31.971102
v 8.402031 109.402298 -27.909428
v 3.084550 106.627510 -20.590540
v 7.182604 124.646889 -14.950053
v 15.786470 121.872101 -17.745617
v 20.561256 117.862411 -19.297039
v 20.561256 113.411987 -19.297039
v 15.786470 109.402298 -17.745617
v 7.182604 106.627510 -14.950053
v 7.182604 124.646889 -7.978025
v 15.786472 121.872101 -5.182460
v 20.561256 117.862411 -3.631037
v 20.561256 113.411987 -3.631037
v 15.786472 109.402298 -5.182460
v 7.182604 106.627510 -7.978025
v 3.084550 124.646889 -2.337537
v 8.402033 121.872101 4.981350
v 11.353011 117.862411 9.043025
v 11.353011 113.411987 9.043025
v 8.402033 109.402298 4.981350
v 3.084550 106.627510 -2.337537
v -3.546241 124.646889 -0.183062
v -3.546241 121.872101 8.863580
v -3.546243 117.862411 13.884086
v -3.546243 113.411987 13.884086
v -3.546241 109.402298 8.863580
v -3.546241 106.627510 -0.183062
v -10.177035 124.646889 -2.337535
v -15.494514 121.872101 4.981352
v -18.445499 117.862411 9.043025
v -18.445499 113.411987 9.043025
v -15.494514 109.402298 4.981352
v -10.177035 106.627510 -2.337535
v -14.275090 124.646889 -7.978024
v -22.878956 121.872101 -5.182456
v -27.653740 117.862411 -3.631037
v -27.653740 113.411987 -3.631037
v -22.878956 109.402298 -5.182456
v -14.275090 106.627510 -7.978024
v -14.275092 124.646889 -14.950050
v -22.878956 121.872101 -17.745615
v -27.653740 117.862411 -19.297039
v -27.653740 113.411987 -19.297039
v -22.878956 109.402298 -17.745615
v -14.275092 106.627510 -14.950050
v -10.177035 124.646889 -20.590538
v -15.494519 121.872101 -27.909428
v -18.445499 117.862411 -31.971102
v -18.445499 113.411987 -31.971102
v -15.494519 109.402298 -27.909428
v -10.177035 106.627510 -20.590538
v -3.546245 124.646889 -22.745016
v -3.546246 121.872101 -31.791656
v -3.546246 109.402298 -31.791656
v -3.546245 106.627510 -22.745016
v -11.464038 118.972801 3.546243
v -11.464038 111.198006 -21.801882
v -11.464038 106.747589 -21.801882
v -11.464038 98.972801 3.546243
v -4.833243 117.982491 -5.580259
v 0.484236 115.207695 -12.899146
v 3.435217 111.198006 -16.960821
v 3.435217 106.747589 -16.960821
v 0.484236 102.737900 -12.899146
v -4.833243 99.963112 -5.580259
v -0.735190 117.982491 0.060229
v 7.868676 115.207695 -2.735337
v 12.643462 111.198006 -4.286759
v 12.643462 106.747589 -4.286759
v 7.868676 102.737900 -2.735337
v -0.735190 99.963112 0.060229
v -0.735190 117.982491 7.032256
v 7.868678 115.207695 9.827821
v 12.643462 111.198006 11.379245
v 12.643462 106.747589 11.379245
v 7.868678 102.737900 9.827821
v -0.735190 99.963112 7.032256
v -4.833243 117.982491 12.672744
v 0.484239 115.207695 19.991632
v 3.435217 111.198006 24.053308
v 3.435217 106.747589 24.053308
v 0.484239 102.737900 19.991632
v -4.833243 99.963112 12.672744
v -11.464038 117.982491 14.827218
v -11.464036 115.207695 23.873863
v -11.464038 111.198006 28.894371
v -11.464038 106.747589 28.894371
v -11.464036 102.737900 23.873863
v -11.464038 99.963112 14.827218
v -18.094826 117.982491 12.672746
v -23.412308 115.207695 19.991632
v -26.363289 111.198006 24.053308
v -26.363289 106.747589 24.053308
v -23.412308 102.737900 19.991632
v -18.094826 99.963112 12.672746
v -22.192883 117.982491 7.032258
v -30.796749 115.207695 9.827826
v -35.571537 111.198006 11.379245
v -35.571537 106.747589 11.379245
v -30.796749 102.737900 9.827826
v -22.192883 99.963112 7.032258
v -22.192883 117.982491 0.060231
v -30.796753 115.207695 -2.735334
v -35.571537 111.198006 -4.286759
v -35.571537 106.747589 -4.286759
v -30.796753 102.737900 -2.735334
v -22.192883 99.963112 0.060231
v -18.094830 117.982491 -5.580258
v -23.412315 115.207695 -12.899146
v -26.363289 111.198006 -16.960821
v -26.363289 106.747589 -16.960821
v -23.412315 102.737900 -12.899146
v -18.094830 99.963112 -5.580258
v -11.464040 117.982491 -7.734735
v -11.464040 115.207695 -16.781378
v -11.464040 102.737900 -16.781378
v -11.464040 99.963112 -7.734735
v 3.546243 120.882339 11.464038
v 3.546243 113.107552 -13.884088
v 3.546243 108.657135 -13.884088
v 3.546243 100.882339 11.464038
v 10.177036 119.892029 2.337536
v 15.494516 117.117241 -4.981350
v 18.445498 113.107552 -9.043026
v 18.445498 108.657135 -9.043026
v 15.494516 104.647446 -4.981350
v 10.177036 101.872650 2.337536
v 14.275090 119.892029 7.978024
v 22.878956 117.117241 5.182458
v 27.653744 113.107552 3.631037
v 27.653744 108.657135 3.631037
v 22.878956 104.647446 5.182458
v 14.275090 101.872650 7.978024
v 14.275090 119.892029 14.950051
v 22.878960 117.117241 17.745619
v 27.653744 113.107552 19.297041
v 27.653744 108.657135 19.297041
v 22.878960 104.647446 17.745619
v 14.275090 101.872650 14.950051
v 10.177036 119.892029 20.590542
v 15.494519 117.117241 27.909426
v 18.445498 113.107552 31.971100
v 18.445498 108.657135 31.971100
v 15.494519 104.647446 27.909426
v 10.177036 101.872650 20.590542
v 3.546244 119.892029 22.745016
v 3.546245 117.117241 31.791656
v 3.546243 113.107552 36.812164
v 3.546243 108.657135 36.812164
v 3.546245 104.647446 31.791656
v 3.546244 101.872650 22.745016
v -3.084548 119.892029 20.590542
v -8.402030 117.117241 27.909430
v -11.353011 113.107552 31.971100
v -11.353011 108.657135 31.971100
v -8.402030 104.647446 27.909430
v -3.084548 101.872650 20.590542
v -7.182603 119.892029 14.950053
v -15.786469 117.117241 17.745621
v -20.561256 113.107552 19.297041
v -20.561256 108.657135 19.297041
v -15.786469 104.647446 17.745621
v -7.182603 101.872650 14.950053
v -7.182605 119.892029 7.978026
v -15.786475 117.117241 5.182461
v -20.561256 113.107552 3.631037
v -20.561256 108.657135 3.631037
v -15.786475 104.647446 5.182461
v -7.182605 101.872650 7.978026
v -3.084550 119.892029 2.337537
v -8.402034 117.117241 -4.981350
v -11.353011 113.107552 -9.043026
v -11.353011 108.657135 -9.043026
v -8.402034 104.647446 -4.981350
v -3.084550 101.872650 2.337537
v 3.546242 119.892029 0.183061
v 3.546240 117.117241 -8.863583
v 3.546240 104.647446 -8.863583
v 3.546242 101.872650 0.183061
v 43.122929 115.000008 -8.741450
v 43.122929 106.447739 -42.863926
v 43.122929 101.552277 -42.863926
v 43.122929 93.000008 -8.741450
v 51.283905 113.910667 -21.027126
v 57.828499 110.858398 -30.879473
v 61.460472 106.447739 -36.347111
v 61.460472 101.552277 -36.347111
v 57.828499 97.141617 -30.879473
v 51.283905 94.089348 -21.027126
v 56.327667 113.910667 -13.434161
v 66.917038 110.858398 -17.197422
v 72.793701 106.447739 -19.285875
v 72.793701 101.552277 -19.285875
v 66.917038 97.141617 -17.197422
v 56.327667 94.089348 -13.434161
v 56.327667 113.910667 -4.048740
v 66.917038 110.858398 -0.285479
v 72.793701 106.447739 1.802975
v 72.793701 101.552277 1.802975
v 66.917038 97.141617 -0.285479
v 56.327667 94.089348 -4.048740
v 51.283905 113.910667 3.544226
v 57.828503 110.858398 13.396573
v 61.460472 106.447739 18.864212
v 61.460472 101.552277 18.864212
v 57.828503 97.141617 13.396573
v 51.283905 94.089348 3.544226
v 43.122929 113.910667 6.444480
v 43.122932 110.858398 18.622652
v 43.122929 106.447739 25.381029
v 43.122929 101.552277 25.381029
v 43.122932 97.141617 18.622652
v 43.122929 94.089348 6.444480
v 34.961956 113.910667 3.544227
v 28.417362 110.858398 13.396575
v 24.785385 106.447739 18.864212
v 24.785385 101.552277 18.864212
v 28.417362 97.141617 13.396575
v 34.961956 94.089348 3.544227
v 29.918194 113.910667 -4.048737
v 19.328819 110.858398 -0.285474
v 13.452159 106.447739 1.802975
v 13.452159 101.552277 1.802975
v 19.328819 97.141617 -0.285474
v 29.918194 94.089348 -4.048737
v 29.918194 113.910667 -13.434158
v 19.328815 110.858398 -17.197420
v 13.452159 106.447739 -19.285875
v 13.452159 101.552277 -19.285875
v 19.328815 97.141617 -17.197420
v 29.918194 94.089348 -13.434158
v 34.961952 113.910667 -21.027124
v 28.417358 110.858398 -30.879473
v 24.785385 106.447739 -36.347111
v 24.785385 101.552277 -36.347111
v 28.417358 97.141617 -30.879473
v 34.961952 94.089348 -21.027124
v 43.122929 113.910667 -23.927382
v 43.122929 110.858398 -36.105553
v 43.122929 97.141617 -36.105553
v 43.122929 94.089348 -23.927382
v 28.494263 107.766342 -42.983528
v 28.494263 97.818176 -71.603294
v 28.494263 92.123672 -71.603294
v 28.494263 82.175507 -42.983528
v 38.129658 106.499199 -53.287971
v 45.856644 102.948738 -61.551498
v 50.144798 97.818176 -66.137405
v 50.144798 92.123672 -66.137405
v 45.856644 86.993111 -61.551498
v 38.129658 83.442650 -53.287971
v 44.084663 106.499199 -46.919472
v 56.587189 102.948738 -50.075859
v 63.525570 97.818176 -51.827518
v 63.525570 92.123672 -51.827518
v 56.587189 86.993111 -50.075859
v 44.084663 83.442650 -46.919472
v 44.084663 106.499199 -39.047581
v 56.587189 102.948738 -35.891197
v 63.525570 97.818176 -34.139534
v 63.525570 92.123672 -34.139534
v 56.587189 86.993111 -35.891197
v 44.084663 83.442650 -39.047581
v 38.129658 106.499199 -32.679085
v 45.856647 102.948738 -24.415558
v 50.144798 97.818176 -19.829649
v 50.144798 92.123672 -19.829649
v 45.856647 86.993111 -24.415558
v 38.129658 83.442650 -32.679085
v 28.494267 106.499199 -30.246532
v 28.494267 102.948738 -20.032255
v 28.494263 97.818176 -14.363762
v 28.494263 92.123672 -14.363762
v 28.494267 86.993111 -20.032255
v 28.494267 83.442650 -30.246532
v 18.858870 106.499199 -32.679081
v 11.131885 102.948738 -24.415556
v 6.843728 97.818176 -19.829649
v 6.843728 92.123672 -19.829649
v 11.131885 86.993111 -24.415556
v 18.858870 83.442650 -32.679081
v 12.903867 106.499199 -39.047577
v 0.401340 102.948738 -35.891190
v -6.537038 97.818176 -34.139534
v -6.537038 92.123672 -34.139534
v 0.401340 86.993111 -35.891190
v 12.903867 83.442650 -39.047577
v 12.903865 106.499199 -46.919472
v 0.401335 102.948738 -50.075859
v -6.537038 97.818176 -51.827518
v -6.537038 92.123672 -51.827518
v 0.401335 86.993111 -50.075859
v 12.903865 83.442650 -46.919472
v 18.858868 106.499199 -53.287971
v 11.131877 102.948738 -61.551498
v 6.843728 97.818176 -66.137405
v 6.843728 92.123672 -66.137405
v 11.131877 86.993111 -61.551498
v 18.858868 83.442650 -53.287971
v 28.494263 106.499199 -55.720524
v 28.494259 102.948738 -65.934799
v 28.494259 86.993111 -65.934799
v 28.494263 83.442650 -55.720524
v -7.768992 103.181664 -38.325638
v -7.768992 96.866020 -62.860687
v -7.768992 93.250847 -62.860687
v -7.768992 86.935211 -38.325638
v 1.180796 102.377213 -47.159393
v 8.357965 100.123184 -54.243519
v 12.340997 96.866020 -58.174908
v 12.340997 93.250847 -58.174908
v 8.357965 89.993683 -54.243519
v 1.180796 87.739655 -47.159393
v 6.712069 102.377213 -41.699833
v 18.324974 100.123184 -44.405727
v 24.769653 96.866020 -45.907383
v 24.769653 93.250847 -45.907383
v 18.324974 89.993683 -44.405727
v 6.712069 87.739655 -41.699833
v 6.712069 102.377213 -34.951447
v 18.324978 100.123184 -32.245552
v 24.769653 96.866020 -30.743895
v 24.769653 93.250847 -30.743895
v 18.324978 89.993683 -32.245552
v 6.712069 87.739655 -34.951447
v 1.180796 102.377213 -29.491884
v 8.357969 100.123184 -22.407761
v 12.340997 96.866020 -18.476370
v 12.340997 93.250847 -18.476370
v 8.357969 89.993683 -22.407761
v 1.180796 87.739655 -29.491884
v -7.768991 102.377213 -27.406517
v -7.768991 100.123184 -18.650059
v -7.768992 96.866020 -13.790593
v -7.768992 93.250847 -13.790593
v -7.768991 89.993683 -18.650059
v -7.768991 87.739655 -27.406517
v -16.718777 102.377213 -29.491882
v -23.895947 100.123184 -22.407759
v -27.878979 96.866020 -18.476370
v -27.878979 93.250847 -18.476370
v -23.895947 89.993683 -22.407759
v -16.718777 87.739655 -29.491882
v -22.250050 102.377213 -34.951443
v -33.862957 100.123184 -32.245548
v -40.307636 96.866020 -30.743895
v -40.307636 93.250847 -30.743895
v -33.862957 89.993683 -32.245548
v -22.250050 87.739655 -34.951443
v -22.250050 102.377213 -41.699833
v -33.862965 100.123184 -44.405727
v -40.307636 96.866020 -45.907383
v -40.307636 93.250847 -45.907383
v -33.862965 89.993683 -44.405727
v -22.250050 87.739655 -41.699833
v -16.718781 102.377213 -47.159393
v -23.895954 100.123184 -54.243519
v -27.878979 96.866020 -58.174908
v -27.878979 93.250847 -58.174908
v -23.895954 89.993683 -54.243519
v -16.718781 87.739655 -47.159393
v -7.768992 102.377213 -49.244762
v -7.768996 100.123184 -58.001221
v -7.768996 89.993683 -58.001221
v -7.768992 87.739655 -49.244762
v -33.001717 117.813156 -21.877209
v -33.001717 107.073059 -52.967548
v -33.001717 100.925255 -52.967548
v -33.001717 90.185158 -21.877209
v -25.893150 116.445145 -33.071175
v -20.192524 112.612045 -42.048042
v -17.028912 107.073059 -47.029827
v -17.028912 100.925255 -47.029827
v -20.192524 95.386269 -42.048042
v -25.893150 91.553177 -33.071175
v -21.499813 116.445145 -26.152924
v -12.276004 112.612045 -29.581779
v -7.157178 107.073059 -31.484653
v -7.157178 100.925255 -31.484653
v -12.276004 95.386269 -29.581779
v -21.499813 91.553177 -26.152924
v -21.499813 116.445145 -17.601494
v -12.276002 112.612045 -14.172638
v -7.157178 107.073059 -12.269764
v -7.157178 100.925255 -12.269764
v -12.276002 95.386269 -14.172638
v -21.499813 91.553177 -17.601494
v -25.893150 116.445145 -10.683242
v -20.192524 112.612045 -1.706377
v -17.028912 107.073059 3.275408
v -17.028912 100.925255 3.275408
v -20.192524 95.386269 -1.706377
v -25.893150 91.553177 -10.683242
v -33.001717 116.445145 -8.040704
v -33.001713 112.612045 3.055312
v -33.001717 107.073059 9.213134
v -33.001717 100.925255 9.213134
v -33.001713 95.386269 3.055312
v -33.001717 91.553177 -8.040704
v -40.110283 116.445145 -10.683241
v -45.810913 112.612045 -1.706375
v -48.974525 107.073059 3.275408
v -48.974525 100.925255 3.275408
v -45.810913 95.386269 -1.706375
v -40.110283 91.553177 -10.683241
v -44.503620 116.445145 -17.601490
v -53.727428 112.612045 -14.172633
v -58.846256 107.073059 -12.269764
v -58.846256 100.925255 -12.269764
v -53.727428 95.386269 -14.172633
v -44.503620 91.553177 -17.601490
v -44.503624 116.445145 -26.152922
v -53.727428 112.612045 -29.581778
v -58.846256 107.073059 -31.484653
v -58.846256 100.925255 -31.484653
v -53.727428 95.386269 -29.581778
v -44.503624 91.553177 -26.152922
v -40.110287 116.445145 -33.071175
v -45.810921 112.612045 -42.048042
v -48.974525 107.073059 -47.029827
v -48.974525 100.925255 -47.029827
v -45.810921 95.386269 -42.048042
v -40.110287 91.553177 -33.071175
v -33.001720 116.445145 -35.713715
v -33.001720 112.612045 -46.809731
v -33.001720 95.386269 -46.809731
v -33.001720 91.553177 -35.713715
v -50.711937 104.252213 10.279819
v -50.711937 96.968834 -23.206020
v -50.711937 92.799713 -23.206020
v -50.711937 85.516335 10.279819
v -43.902809 103.324493 -1.776639
v -38.442314 100.725090 -11.445167
v -35.411964 96.968834 -16.810793
v -35.411964 92.799713 -16.810793
v -38.442314 89.043457 -11.445167
v -43.902809 86.444054 -1.776639
v -39.694534 103.324493 5.674662
v -30.859264 100.725090 1.981612
v -25.956062 96.968834 -0.067875
v -25.956062 92.799713 -0.067875
v -30.859264 89.043457 1.981612
v -39.694534 86.444054 5.674662
v -39.694534 103.324493 14.884974
v -30.859264 100.725090 18.578024
v -25.956062 96.968834 20.627514
v -25.956062 92.799713 20.627514
v -30.859264 89.043457 18.578024
v -39.694534 86.444054 14.884974
v -43.902809 103.324493 22.336277
v -38.442310 100.725090 32.004807
v -35.411964 96.968834 37.370434
v -35.411964 92.799713 37.370434
v -38.442310 89.043457 32.004807
v -43.902809 86.444054 22.336277
v -50.711937 103.324493 25.182419
v -50.711937 100.725090 37.133377
v -50.711937 96.968834 43.765659
v -50.711937 92.799713 43.765659
v -50.711937 89.043457 37.133377
v -50.711937 86.444054 25.182419
v -57.521061 103.324493 22.336279
v -62.981556 100.725090 32.004807
v -66.011909 96.968834 37.370434
v -66.011909 92.799713 37.370434
v -62.981556 89.043457 32.004807
v -57.521061 86.444054 22.336279
v -61.729336 103.324493 14.884978
v -70.564606 100.725090 18.578030
v -75.467812 96.968834 20.627514
v -75.467812 92.799713 20.627514
v -70.564606 89.043457 18.578030
v -61.729336 86.444054 14.884978
v -61.729336 103.324493 5.674664
v -70.564613 100.725090 1.981616
v -75.467812 96.968834 -0.067875
v -75.467812 92.799713 -0.067875
v -70.564613 89.043457 1.981616
v -61.729336 86.444054 5.674664
v -57.521069 103.324493 -1.776637
v -62.981564 100.725090 -11.445167
v -66.011909 96.968834 -16.810793
v -66.011909 92.799713 -16.810793
v -62.981564 89.043457 -11.445167
v -57.521069 86.444054 -1.776637
v -50.711937 103.324493 -4.622782
v -50.711941 100.725090 -16.573742
v -50.711941 89.043457 -16.573742
v -50.711937 86.444054 -4.622782
v -23.979191 105.947815 36.172554
v -23.979191 97.550240 9.859303
v -23.979191 92.743324 9.859303
v -23.979191 84.345749 36.172554
v -15.489043 104.878174 26.698561
v -8.680476 101.881119 19.101009
v -4.902003 97.550240 14.884686
v -4.902003 92.743324 14.884686
v -8.680476 88.412445 19.101009
v -15.489043 85.415390 26.698561
v -10.241843 104.878174 32.553810
v 0.774653 101.881119 29.651802
v 6.888348 97.550240 28.041313
v 6.888348 92.743324 28.041313
v 0.774653 88.412445 29.651802
v -10.241843 85.415390 32.553810
v -10.241843 104.878174 39.791298
v 0.774654 101.881119 42.693302
v 6.888348 97.550240 44.303791
v 6.888348 92.743324 44.303791
v 0.774654 88.412445 42.693302
v -10.241843 85.415390 39.791298
v -15.489043 104.878174 45.646545
v -8.680472 101.881119 53.244095
v -4.902003 97.550240 57.460419
v -4.902003 92.743324 57.460419
v -8.680472 88.412445 53.244095
v -15.489043 85.415390 45.646545
v -23.979191 104.878174 47.883049
v -23.979187 101.881119 57.274143
v -23.979191 97.550240 62.485802
v -23.979191 92.743324 62.485802
v -23.979187 88.412445 57.274143
v -23.979191 85.415390 47.883049
v -32.469337 104.878174 45.646545
v -39.277905 101.881119 53.244095
v -43.056377 97.550240 57.460419
v -43.056377 92.743324 57.460419
v -39.277905 88.412445 53.244095
v -32.469337 85.415390 45.646545
v -37.716537 104.878174 39.791298
v -48.733036 101.881119 42.693302
v -54.846729 97.550240 44.303791
v -54.846729 92.743324 44.303791
v -48.733036 88.412445 42.693302
v -37.716537 85.415390 39.791298
v -37.716541 104.878174 32.553814
v -48.733044 101.881119 29.651810
v -54.846729 97.550240 28.041313
v -54.846729 92.743324 28.041313
v -48.733044 88.412445 29.651810
v -37.716541 85.415390 32.553814
v -32.469337 104.878174 26.698561
v -39.277912 101.881119 19.101009
v -43.056377 97.550240 14.884686
v -43.056377 92.743324 14.884686
v -39.277912 88.412445 19.101009
v -32.469337 85.415390 26.698561
v -23.979195 104.878174 24.462053
v -23.979195 101.881119 15.070962
v -23.979195 88.412445 15.070962
v -23.979195 85.415390 24.462053
v 7.280312 116.947479 35.914906
v 7.280312 106.878448 10.148855
v 7.280312 101.114777 10.148855
v 7.280312 91.045746 35.914906
v 16.969242 115.664940 26.637930
v 24.739157 112.071342 19.198376
v 29.051136 106.878448 15.069734
v 29.051136 101.114777 15.069734
v 24.739157 95.921883 19.198376
v 16.969242 92.328293 26.637930
v 22.957329 115.664940 32.371418
v 35.529320 112.071342 29.529758
v 42.506248 106.878448 27.952759
v 42.506248 101.114777 27.952759
v 35.529320 95.921883 29.529758
v 22.957329 92.328293 32.371418
v 22.957329 115.664940 39.458393
v 35.529324 112.071342 42.300053
v 42.506248 106.878448 43.877052
v 42.506248 101.114777 43.877052
v 35.529324 95.921883 42.300053
v 22.957329 92.328293 39.458393
v 16.969242 115.664940 45.191879
v 24.739159 112.071342 52.631432
v 29.051136 106.878448 56.760075
v 29.051136 101.114777 56.760075
v 24.739159 95.921883 52.631432
v 16.969242 92.328293 45.191879
v 7.280313 115.664940 47.381874
v 7.280314 112.071342 56.577675
v 7.280312 106.878448 61.680954
v 7.280312 101.114777 61.680954
v 7.280314 95.921883 56.577675
v 7.280313 92.328293 47.381874
v -2.408616 115.664940 45.191879
v -10.178533 112.071342 52.631432
v -14.490516 106.878448 56.760075
v -14.490516 101.114777 56.760075
v -10.178533 95.921883 52.631432
v -2.408616 92.328293 45.191879
v -8.396707 115.664940 39.458397
v -20.968693 112.071342 42.300056
v -27.945625 106.878448 43.877052
v -27.945625 101.114777 43.877052
v -20.968693 95.921883 42.300056
v -8.396707 92.328293 39.458397
v -8.396707 115.664940 32.371418
v -20.968697 112.071342 29.529762
v -27.945625 106.878448 27.952759
v -27.945625 101.114777 27.952759
v -20.968697 95.921883 29.529762
v -8.396707 92.328293 32.371418
v -2.408619 115.664940 26.637934
v -10.178540 112.071342 19.198376
v -14.490516 106.878448 15.069734
v -14.490516 101.114777 15.069734
v -10.178540 95.921883 19.198376
v -2.408619 92.328293 26.637934
v 7.280310 115.664940 24.447933
v 7.280307 112.071342 15.252135
v 7.280307 95.921883 15.252135
v 7.280310 92.328293 24.447933
v 41.138309 102.871620 27.271044
v 41.138309 96.594940 -5.808605
v 41.138309 93.002060 -5.808605
v 41.138309 86.725380 27.271044
v 49.787563 102.072128 15.360835
v 56.723728 99.832008 5.809587
v 60.573002 96.594940 0.509045
v 60.573002 93.002060 0.509045
v 56.723728 89.764992 5.809587
v 49.787563 87.524872 15.360835
v 55.133095 102.072128 22.721748
v 66.356041 99.832008 19.073496
v 72.584305 96.594940 17.048872
v 72.584305 93.002060 17.048872
v 66.356041 89.764992 19.073496
v 55.133095 87.524872 22.721748
v 55.133095 102.072128 31.820339
v 66.356049 99.832008 35.468590
v 72.584305 96.594940 37.493217
v 72.584305 93.002060 37.493217
v 66.356049 89.764992 35.468590
v 55.133095 87.524872 31.820339
v 49.787563 102.072128 39.181252
v 56.723728 99.832008 48.732498
v 60.573002 96.594940 54.033039
v 60.573002 93.002060 54.033039
v 56.723728 89.764992 48.732498
v 49.787563 87.524872 39.181252
v 41.138309 102.072128 41.992874
v 41.138309 99.832008 53.798862
v 41.138309 96.594940 60.350693
v 41.138309 93.002060 60.350693
v 41.138309 89.764992 53.798862
v 41.138309 87.524872 41.992874
v 32.489056 102.072128 39.181252
v 25.552895 99.832008 48.732498
v 21.703611 96.594940 54.033039
v 21.703611 93.002060 54.033039
v 25.552895 89.764992 48.732498
v 32.489056 87.524872 39.181252
v 27.143520 102.072128 31.820343
v 15.920574 99.832008 35.468594
v 9.692307 96.594940 37.493217
v 9.692307 93.002060 37.493217
v 15.920574 89.764992 35.468594
v 27.143520 87.524872 31.820343
v 27.143520 102.072128 22.721752
v 15.920570 99.832008 19.073502
v 9.692307 96.594940 17.048872
v 9.692307 93.002060 17.048872
v 15.920570 89.764992 19.073502
v 27.143520 87.524872 22.721752
v 32.489052 102.072128 15.360835
v 25.552887 99.832008 5.809587
v 21.703611 96.594940 0.509045
v 21.703611 93.002060 0.509045
v 25.552887 89.764992 5.809587
v 32.489052 87.524872 15.360835
v 41.138306 102.072128 12.549214
v 41.138306 99.832008 0.743223
v 41.138306 89.764992 0.743223
v 41.138306 87.524872 12.549214
v 95.790344 100.000008 -40.499512
v 95.790344 87.560341 -71.697212
v 95.790344 80.439674 -71.697212
v 95.790344 68.000008 -40.499512
v 106.756653 98.415512 -51.732128
v 115.550941 93.975845 -60.739990
v 120.431427 87.560341 -65.738983
v 120.431427 80.439674 -65.738983
v 115.550941 74.024170 -60.739990
v 106.756653 69.584503 -51.732128
v 113.534203 98.415512 -44.789989
v 127.763687 93.975845 -48.230686
v 135.660446 87.560341 -50.140129
v 135.660446 80.439674 -50.140129
v 127.763687 74.024170 -48.230686
v 113.534203 69.584503 -44.789989
v 113.534203 98.415512 -36.209030
v 127.763687 93.975845 -32.768333
v 135.660446 87.560341 -30.858892
v 135.660446 80.439674 -30.858892
v 127.763687 74.024170 -32.768333
v 113.534203 69.584503 -36.209030
v 106.756653 98.415512 -29.266891
v 115.550957 93.975845 -20.259029
v 120.431427 87.560341 -15.260046
v 120.431427 80.439674 -15.260046
v 115.550957 74.024170 -20.259029
v 106.756653 69.584503 -29.266891
v 95.790344 98.415512 -26.615231
v 95.790344 93.975845 -15.480903
v 95.790344 87.560341 -9.301816
v 95.790344 80.439674 -9.301816
v 95.790344 74.024170 -15.480903
v 95.790344 69.584503 -26.615231
v 84.824036 98.415512 -29.266891
v 76.029732 93.975845 -20.259029
v 71.149269 87.560341 -15.260046
v 71.149269 80.439674 -15.260046
v 76.029732 74.024170 -20.259029
v 84.824036 69.584503 -29.266891
v 78.046478 98.415512 -36.209030
v 63.817009 93.975845 -32.768333
v 55.920250 87.560341 -30.858892
v 55.920250 80.439674 -30.858892
v 63.817009 74.024170 -32.768333
v 78.046478 69.584503 -36.209030
v 78.046478 98.415512 -44.789986
v 63.817005 93.975845 -48.230682
v 55.920250 87.560341 -50.140129
v 55.920250 80.439674 -50.140129
v 63.817005 74.024170 -48.230682
v 78.046478 69.584503 -44.789986
v 84.824028 98.415512 -51.732128
v 76.029732 93.975845 -60.739990
v 71.149269 87.560341 -65.738983
v 71.149269 80.439674 -65.738983
v 76.029732 74.024170 -60.739990
v 84.824028 69.584503 -51.732128
v 95.790344 98.415512 -54.383789
v 95.790337 93.975845 -65.518127
v 95.790337 74.024170 -65.518127
v 95.790344 69.584503 -54.383789
v 55.983498 97.603653 -74.072647
v 55.983498 91.085495 -110.966934
v 55.983498 87.354393 -110.966934
v 55.983498 80.836227 -74.072647
v 65.468018 96.773407 -87.356300
v 73.074013 94.447105 -98.008965
v 77.295029 91.085495 -103.920746
v 77.295029 87.354393 -103.920746
v 73.074013 83.992783 -98.008965
v 65.468018 81.666481 -87.356300
v 71.329773 96.773407 -79.146545
v 83.636536 94.447105 -83.215508
v 90.466278 91.085495 -85.473610
v 90.466278 87.354393 -85.473610
v 83.636536 83.992783 -83.215508
v 71.329773 81.666481 -79.146545
v 71.329773 96.773407 -68.998741
v 83.636536 94.447105 -64.929787
v 90.466278 91.085495 -62.671684
v 90.466278 87.354393 -62.671684
v 83.636536 83.992783 -64.929787
v 71.329773 81.666481 -68.998741
v 65.468018 96.773407 -60.788990
v 73.074013 94.447105 -50.136330
v 77.295029 91.085495 -44.224545
v 77.295029 87.354393 -44.224545
v 73.074013 83.992783 -50.136330
v 65.468018 81.666481 -60.788990
v 55.983498 96.773407 -57.653145
v 55.983501 94.447105 -44.485725
v 55.983498 91.085495 -37.178364
v 55.983498 87.354393 -37.178364
v 55.983501 83.992783 -44.485725
v 55.983498 81.666481 -57.653145
v 46.498974 96.773407 -60.788990
v 38.892975 94.447105 -50.136326
v 34.671963 91.085495 -44.224545
v 34.671963 87.354393 -44.224545
v 38.892975 83.992783 -50.136326
v 46.498974 81.666481 -60.788990
v 40.637211 96.773407 -68.998734
v 28.330448 94.447105 -64.929787
v 21.500711 91.085495 -62.671684
v 21.500711 87.354393 -62.671684
v 28.330448 83.992783 -64.929787
v 40.637211 81.666481 -68.998734
v 40.637211 96.773407 -79.146545
v 28.330444 94.447105 -83.215500
v 21.500711 91.085495 -85.473610
v 21.500711 87.354393 -85.473610
v 28.330444 83.992783 -83.215500
v 40.637211 81.666481 -79.146545
v 46.498970 96.773407 -87.356300
v 38.892967 94.447105 -98.008965
v 34.671963 91.085495 -103.920746
v 34.671963 87.354393 -103.920746
v 38.892967 83.992783 -98.008965
v 46.498970 81.666481 -87.356300
v 55.983494 96.773407 -90.492149
v 55.983494 94.447105 -103.659569
v 55.983494 83.992783 -103.659569
v 55.983494 81.666481 -90.492149
v 9.877552 91.582939 -79.508888
v 9.877552 80.279350 -108.118027
v 9.877552 73.808990 -108.118027
v 9.877552 62.505402 -79.508888
v 17.376581 90.143150 -89.809502
v 23.390335 86.108948 -98.069962
v 26.727716 80.279350 -102.654167
v 26.727716 73.808990 -102.654167
v 23.390335 67.979393 -98.069962
v 17.376581 63.945190 -89.809502
v 22.011236 90.143150 -83.443375
v 31.741695 86.108948 -86.598587
v 37.141693 80.279350 -88.349594
v 37.141693 73.808990 -88.349594
v 31.741695 67.979393 -86.598587
v 22.011236 63.945190 -83.443375
v 22.011236 90.143150 -75.574402
v 31.741695 86.108948 -72.419189
v 37.141693 80.279350 -70.668175
v 37.141693 73.808990 -70.668175
v 31.741695 67.979393 -72.419189
v 22.011236 63.945190 -75.574402
v 17.376581 90.143150 -69.208267
v 23.390337 86.108948 -60.947811
v 26.727716 80.279350 -56.363609
v 26.727716 73.808990 -56.363609
v 23.390337 67.979393 -60.947811
v 17.376581 63.945190 -69.208267
v 9.877552 90.143150 -66.776627
v 9.877553 86.108948 -56.566139
v 9.877552 80.279350 -50.899746
v 9.877552 73.808990 -50.899746
v 9.877553 67.979393 -56.566139
v 9.877552 63.945190 -66.776627
v 2.378523 90.143150 -69.208267
v -3.635231 86.108948 -60.947811
v -6.972613 80.279350 -56.363609
v -6.972613 73.808990 -56.363609
v -3.635231 67.979393 -60.947811
v 2.378523 63.945190 -69.208267
v -2.256133 90.143150 -75.574402
v -11.986592 86.108948 -72.419189
v -17.386589 80.279350 -70.668175
v -17.386589 73.808990 -70.668175
v -11.986592 67.979393 -72.419189
v -2.256133 63.945190 -75.574402
v -2.256133 90.143150 -83.443375
v -11.986596 86.108948 -86.598579
v -17.386589 80.279350 -88.349594
v -17.386589 73.808990 -88.349594
v -11.986596 67.979393 -86.598579
v -2.256133 63.945190 -83.443375
v 2.378521 90.143150 -89.809502
v -3.635237 86.108948 -98.069962
v -6.972613 80.279350 -102.654167
v -6.972613 73.808990 -102.654167
v -3.635237 67.979393 -98.069962
v 2.378521 63.945190 -89.809502
v 9.877550 90.143150 -92.241150
v 9.877548 86.108948 -102.451637
v 9.877548 67.979393 -102.451637
v 9.877550 63.945190 -92.241150
v -34.841434 99.074905 -82.407745
v -34.841434 90.502556 -109.085106
v -34.841434 85.595604 -109.085106
v -34.841434 77.023254 -82.407745
v -26.535557 97.983002 -92.012833
v -19.874767 94.923569 -99.715515
v -16.178299 90.502556 -103.990181
v -16.178299 85.595604 -103.990181
v -19.874767 81.174591 -99.715515
v -26.535557 78.115158 -92.012833
v -21.402248 97.983002 -86.076561
v -10.624852 94.923569 -89.018723
v -4.643849 90.502556 -90.651505
v -4.643849 85.595604 -90.651505
v -10.624852 81.174591 -89.018723
v -21.402248 78.115158 -86.076561
v -21.402248 97.983002 -78.738930
v -10.624852 94.923569 -75.796768
v -4.643849 90.502556 -74.163986
v -4.643849 85.595604 -74.163986
v -10.624852 81.174591 -75.796768
v -21.402248 78.115158 -78.738930
v -26.535557 97.983002 -72.802658
v -19.874763 94.923569 -65.099976
v -16.178299 90.502556 -60.825310
v -16.178299 85.595604 -60.825310
v -19.874763 81.174591 -65.099976
v -26.535557 78.115158 -72.802658
v -34.841434 97.983002 -70.535202
v -34.841431 94.923569 -61.014164
v -34.841434 90.502556 -55.730385
v -34.841434 85.595604 -55.730385
v -34.841431 81.174591 -61.014164
v -34.841434 78.115158 -70.535202
v -43.147308 97.983002 -72.802658
v -49.808102 94.923569 -65.099976
v -53.504574 90.502556 -60.825310
v -53.504574 85.595604 -60.825310
v -49.808102 81.174591 -65.099976
v -43.147308 78.115158 -72.802658
v -48.280621 97.983002 -78.738922
v -59.058018 94.923569 -75.796761
v -65.039024 90.502556 -74.163986
v -65.039024 85.595604 -74.163986
v -59.058018 81.174591 -75.796761
v -48.280621 78.115158 -78.738922
v -48.280621 97.983002 -86.076561
v -59.058018 94.923569 -89.018723
v -65.039024 90.502556 -90.651505
v -65.039024 85.595604 -90.651505
v -59.058018 81.174591 -89.018723
v -48.280621 78.115158 -86.076561
v -43.147316 97.983002 -92.012833
v -49.808113 94.923569 -99.715515
v -53.504574 90.502556 -103.990181
v -53.504574 85.595604 -103.990181
v -49.808113 81.174591 -99.715515
v -43.147316 78.115158 -92.012833
v -34.841438 97.983002 -94.280281
v -34.841438 94.923569 -103.801323
v -34.841438 81.174591 -103.801323
v -34.841438 78.115158 -94.280281
v -82.587479 96.782913 -62.418930
v -82.587479 88.057510 -98.259239
v -82.587479 83.062943 -98.259239
v -82.587479 74.337547 -62.418930
v -72.021828 95.671516 -75.323112
v -63.548832 92.557457 -85.671448
v -58.846684 88.057510 -91.414352
v -58.846684 83.062943 -91.414352
v -63.548832 78.563004 -85.671448
v -72.021828 75.448944 -75.323112
v -65.491898 95.671516 -67.347885
v -51.782310 92.557457 -71.300606
v -44.174061 88.057510 -73.494194
v -44.174061 83.062943 -73.494194
v -51.782310 78.563004 -71.300606
v -65.491898 75.448944 -67.347885
v -65.491898 95.671516 -57.489975
v -51.782303 92.557457 -53.537258
v -44.174061 88.057510 -51.343666
v -44.174061 83.062943 -51.343666
v -51.782303 78.563004 -53.537258
v -65.491898 75.448944 -57.489975
v -72.021828 95.671516 -49.514755
v -63.548832 92.557457 -39.166409
v -58.846684 88.057510 -33.423512
v -58.846684 83.062943 -33.423512
v -63.548832 78.563004 -39.166409
v -72.021828 75.448944 -49.514755
v -82.587479 95.671516 -46.468491
v -82.587479 92.557457 -33.677235
v -82.587479 88.057510 -26.578619
v -82.587479 83.062943 -26.578619
v -82.587479 78.563004 -33.677235
v -82.587479 75.448944 -46.468491
v -93.153122 95.671516 -49.514755
v -101.626122 92.557457 -39.166405
v -106.328270 88.057510 -33.423512
v -106.328270 83.062943 -33.423512
v -101.626122 78.563004 -39.166405
v -93.153122 75.448944 -49.514755
v -99.683052 95.671516 -57.489971
v -113.392639 92.557457 -53.537254
v -121.000885 88.057510 -51.343666
v -121.000885 83.062943 -51.343666
v -113.392639 78.563004 -53.537254
v -99.683052 75.448944 -57.489971
v -99.683052 95.671516 -67.347885
v -113.392654 92.557457 -71.300598
v -121.000885 88.057510 -73.494194
v -121.000885 83.062943 -73.494194
v -113.392654 78.563004 -71.300598
v -99.683052 75.448944 -67.347885
v -93.153122 95.671516 -75.323112
v -101.626122 92.557457 -85.671448
v -106.328270 88.057510 -91.414352
v -106.328270 83.062943 -91.414352
v -101.626122 78.563004 -85.671448
v -93.153122 75.448944 -75.323112
v -82.587479 95.671516 -78.369370
v -82.587486 92.557457 -91.160637
v -82.587486 78.563004 -91.160637
v -82.587479 75.448944 -78.369370
v -95.426056 92.251518 -11.854975
v -95.426056 81.071617 -45.463379
v -95.426056 74.672058 -45.463379
v -95.426056 63.492153 -11.854975
v -84.899086 90.827484 -23.955563
v -76.457108 86.837418 -33.659481
v -71.772163 81.071617 -39.044746
v -71.772163 74.672058 -39.044746
v -76.457108 68.906250 -33.659481
v -84.899086 64.916183 -23.955563
v -78.393059 90.827484 -16.476988
v -64.733650 86.837418 -20.183554
v -57.153248 81.071617 -22.240541
v -57.153248 74.672058 -22.240541
v -64.733650 68.906250 -20.183554
v -78.393059 64.916183 -16.476988
v -78.393059 90.827484 -7.232962
v -64.733650 86.837418 -3.526395
v -57.153248 81.071617 -1.469405
v -57.153248 74.672058 -1.469405
v -64.733650 68.906250 -3.526395
v -78.393059 64.916183 -7.232962
v -84.899086 90.827484 0.245612
v -76.457108 86.837418 9.949530
v -71.772163 81.071617 15.334800
v -71.772163 74.672058 15.334800
v -76.457108 68.906250 9.949530
v -84.899086 64.916183 0.245612
v -95.426056 90.827484 3.102174
v -95.426056 86.837418 15.096877
v -95.426056 81.071617 21.753433
v -95.426056 74.672058 21.753433
v -95.426056 68.906250 15.096877
v -95.426056 64.916183 3.102174
v -105.953026 90.827484 0.245614
v -114.395012 86.837418 9.949533
v -119.079956 81.071617 15.334800
v -119.079956 74.672058 15.334800
v -114.395012 68.906250 9.949533
v -105.953026 64.916183 0.245614
v -112.459061 90.827484 -7.232959
v -126.118469 86.837418 -3.526391
v -133.698868 81.071617 -1.469405
v -133.698868 74.672058 -1.469405
v -126.118469 68.906250 -3.526391
v -112.459061 64.916183 -7.232959
v -112.459061 90.827484 -16.476986
v -126.118469 86.837418 -20.183550
v -133.698868 81.071617 -22.240541
v -133.698868 74.672058 -22.240541
v -126.118469 68.906250 -20.183550
v -112.459061 64.916183 -16.476986
v -105.953041 90.827484 -23.955559
v -114.395012 86.837418 -33.659481
v -119.079956 81.071617 -39.044746
v -119.079956 74.672058 -39.044746
v -114.395012 68.906250 -33.659481
v -105.953041 64.916183 -23.955559
v -95.426056 90.827484 -26.812122
v -95.426056 86.837418 -38.806828
v -95.426056 68.906250 -38.806828
v -95.426056 64.916183 -26.812122
v -74.667137 99.080391 31.568760
v -74.667137 92.491638 6.109120
v -74.667137 88.720123 6.109120
v -74.667137 82.131371 31.568760
v -66.413086 98.241150 22.402107
v -59.793842 95.889648 15.051023
v -56.120441 92.491638 10.971478
v -56.120441 88.720123 10.971478
v -59.793842 85.322113 15.051023
v -66.413086 82.970612 22.402107
v -61.311794 98.241150 28.067411
v -50.601639 95.889648 25.259546
v -44.657959 92.491638 23.701300
v -44.657959 88.720123 23.701300
v -50.601639 85.322113 25.259546
v -61.311794 82.970612 28.067411
v -61.311794 98.241150 35.070110
v -50.601639 95.889648 37.877975
v -44.657959 92.491638 39.436222
v -44.657959 88.720123 39.436222
v -50.601639 85.322113 37.877975
v -61.311794 82.970612 35.070110
v -66.413086 98.241150 40.735413
v -59.793842 95.889648 48.086498
v -56.120441 92.491638 52.166039
v -56.120441 88.720123 52.166039
v -59.793842 85.322113 48.086498
v -66.413086 82.970612 40.735413
v -74.667137 98.241150 42.899368
v -74.667137 95.889648 51.985809
v -74.667137 92.491638 57.028400
v -74.667137 88.720123 57.028400
v -74.667137 85.322113 51.985809
v -74.667137 82.970612 42.899368
v -82.921196 98.241150 40.735413
v -89.540428 95.889648 48.086498
v -93.213837 92.491638 52.166039
v -93.213837 88.720123 52.166039
v -89.540428 85.322113 48.086498
v -82.921196 82.970612 40.735413
v -88.022484 98.241150 35.070114
v -98.732643 95.889648 37.877975
v -104.676315 92.491638 39.436222
v -104.676315 88.720123 39.436222
v -98.732643 85.322113 37.877975
v -88.022484 82.970612 35.070114
v -88.022484 98.241150 28.067411
v -98.732643 95.889648 25.259550
v -104.676315 92.491638 23.701300
v -104.676315 88.720123 23.701300
v -98.732643 85.322113 25.259550
v -88.022484 82.970612 28.067411
v -82.921196 98.241150 22.402109
v -89.540443 95.889648 15.051023
v -93.213837 92.491638 10.971478
v -93.213837 88.720123 10.971478
v -89.540443 85.322113 15.051023
v -82.921196 82.970612 22.402109
v -74.667137 98.241150 20.238153
v -74.667145 95.889648 11.151711
v -74.667145 85.322113 11.151711
v -74.667137 82.970612 20.238153
v -52.030960 97.320419 68.842995
v -52.030960 84.884705 37.448620
v -52.030960 77.766296 37.448620
v -52.030960 65.330597 68.842995
v -44.510872 95.736420 57.539558
v -38.480232 91.298172 48.474915
v -35.133476 84.884705 43.444412
v -35.133476 77.766296 43.444412
v -38.480232 71.352837 48.474915
v -44.510872 66.914589 57.539558
v -39.863201 95.736420 64.525467
v -30.105415 91.298172 61.063080
v -24.690254 84.884705 59.141602
v -24.690254 77.766296 59.141602
v -30.105415 71.352837 61.063080
v -39.863201 66.914589 64.525467
v -39.863201 95.736420 73.160522
v -30.105415 91.298172 76.622910
v -24.690254 84.884705 78.544388
v -24.690254 77.766296 78.544388
v -30.105415 71.352837 76.622910
v -39.863201 66.914589 73.160522
v -44.510872 95.736420 80.146431
v -38.480225 91.298172 89.211075
v -35.133476 84.884705 94.241570
v -35.133476 77.766296 94.241570
v -38.480225 71.352837 89.211075
v -44.510872 66.914589 80.146431
v -52.030960 95.736420 82.814804
v -52.030960 91.298172 94.019333
v -52.030960 84.884705 100.237366
v -52.030960 77.766296 100.237366
v -52.030960 71.352837 94.019333
v -52.030960 66.914589 82.814804
v -59.551044 95.736420 80.146431
v -65.581688 91.298172 89.211082
v -68.928452 84.884705 94.241570
v -68.928452 77.766296 94.241570
v -65.581688 71.352837 89.211082
v -59.551044 66.914589 80.146431
v -64.198723 95.736420 73.160522
v -73.956505 91.298172 76.622917
v -79.371674 84.884705 78.544388
v -79.371674 77.766296 78.544388
v -73.956505 71.352837 76.622917
v -64.198723 66.914589 73.160522
v -64.198723 95.736420 64.525475
v -73.956505 91.298172 61.063080
v -79.371674 84.884705 59.141602
v -79.371674 77.766296 59.141602
v -73.956505 71.352837 61.063080
v -64.198723 66.914589 64.525475
v -59.551044 95.736420 57.539558
v -65.581696 91.298172 48.474915
v -68.928452 84.884705 43.444412
v -68.928452 77.766296 43.444412
v -65.581696 71.352837 48.474915
v -59.551044 66.914589 57.539558
v -52.030960 95.736420 54.871181
v -52.030964 91.298172 43.666656
v -52.030964 71.352837 43.666656
v -52.030960 66.914589 54.871181
v -12.590566 89.260155 101.347168
v -12.590566 82.805435 64.500793
v -12.590566 79.110649 64.500793
v -12.590566 72.655930 101.347168
v -3.047061 88.437988 88.080765
v 4.606234 86.134323 77.441933
v 8.853493 82.805435 71.537827
v 8.853493 79.110649 71.537827
v 4.606234 75.781761 77.441933
v -3.047061 73.478104 88.080765
v 2.851149 88.437988 96.279854
v 15.234442 86.134323 92.216179
v 22.106651 82.805435 89.961006
v 22.106651 79.110649 89.961006
v 15.234442 75.781761 92.216179
v 2.851149 73.478104 96.279854
v 2.851149 88.437988 106.414482
v 15.234446 86.134323 110.478157
v 22.106651 82.805435 112.733322
v 22.106651 79.110649 112.733322
v 15.234446 75.781761 110.478157
v 2.851149 73.478104 106.414482
v -3.047061 88.437988 114.613571
v 4.606237 86.134323 125.252403
v 8.853493 82.805435 131.156494
v 8.853493 79.110649 131.156494
v 4.606237 75.781761 125.252403
v -3.047061 73.478104 114.613571
v -12.590564 88.437988 117.745346
v -12.590564 86.134323 130.895660
v -12.590566 82.805435 138.193527
v -12.590566 79.110649 138.193527
v -12.590564 75.781761 130.895660
v -12.590564 73.478104 117.745346
v -22.134068 88.437988 114.613571
v -29.787361 86.134323 125.252403
v -34.034622 82.805435 131.156494
v -34.034622 79.110649 131.156494
v -29.787361 75.781761 125.252403
v -22.134068 73.478104 114.613571
v -28.032276 88.437988 106.414482
v -40.415573 86.134323 110.478157
v -47.287777 82.805435 112.733322
v -47.287777 79.110649 112.733322
v -40.415573 75.781761 110.478157
v -28.032276 73.478104 106.414482
v -28.032280 88.437988 96.279854
v -40.415573 86.134323 92.216179
v -47.287777 82.805435 89.961006
v -47.287777 79.110649 89.961006
v -40.415573 75.781761 92.216179
v -28.032280 73.478104 96.279854
v -22.134068 88.437988 88.080765
v -29.787373 86.134323 77.441933
v -34.034622 82.805435 71.537827
v -34.034622 79.110649 71.537827
v -29.787373 75.781761 77.441933
v -22.134068 73.478104 88.080765
v -12.590566 88.437988 84.948990
v -12.590569 86.134323 71.798668
v -12.590569 75.781761 71.798668
v -12.590566 73.478104 84.948990
v 38.606567 105.419464 91.313118
v 38.606567 93.997208 62.878883
v 38.606567 87.458923 62.878883
v 38.606567 76.036667 91.313118
v 49.571869 103.964561 81.075470
v 58.365356 99.888000 72.865517
v 63.245373 93.997208 68.309341
v 63.245373 87.458923 68.309341
v 58.365356 81.568130 72.865517
v 49.571869 77.491570 81.075470
v 56.348797 103.964561 87.402679
v 70.576958 99.888000 84.266754
v 78.472984 93.997208 82.526451
v 78.472984 87.458923 82.526451
v 70.576958 81.568130 84.266754
v 56.348797 77.491570 87.402679
v 56.348797 103.964561 95.223541
v 70.576958 99.888000 98.359467
v 78.472984 93.997208 100.099777
v 78.472984 87.458923 100.099777
v 70.576958 81.568130 98.359467
v 56.348797 77.491570 95.223541
v 49.571869 103.964561 101.550758
v 58.365360 99.888000 109.760712
v 63.245373 93.997208 114.316887
v 63.245373 87.458923 114.316887
v 58.365360 81.568130 109.760712
v 49.571869 77.491570 101.550758
v 38.606567 103.964561 103.967537
v 38.606571 99.888000 114.115601
v 38.606567 93.997208 119.747345
v 38.606567 87.458923 119.747345
v 38.606571 81.568130 114.115601
v 38.606567 77.491570 103.967537
v 27.641266 103.964561 101.550758
v 18.847780 99.888000 109.760712
v 13.967760 93.997208 114.316887
v 13.967760 87.458923 114.316887
v 18.847780 81.568130 109.760712
v 27.641266 77.491570 101.550758
v 20.864338 103.964561 95.223549
v 6.636174 99.888000 98.359474
v -1.259858 93.997208 100.099777
v -1.259858 87.458923 100.099777
v 6.636174 81.568130 98.359474
v 20.864338 77.491570 95.223549
v 20.864336 103.964561 87.402687
v 6.636171 99.888000 84.266762
v -1.259858 93.997208 82.526451
v -1.259858 87.458923 82.526451
v 6.636171 81.568130 84.266762
v 20.864336 77.491570 87.402687
v 27.641262 103.964561 81.075470
v 18.847773 99.888000 72.865517
v 13.967760 93.997208 68.309341
v 13.967760 87.458923 68.309341
v 18.847773 81.568130 72.865517
v 27.641262 77.491570 81.075470
v 38.606564 103.964561 78.658691
v 38.606560 99.888000 68.510628
v 38.606560 81.568130 68.510628
v 38.606564 77.491570 78.658691
v 66.122726 88.907898 49.975006
v 66.122726 80.486679 23.170265
v 66.122726 75.666229 23.170265
v 66.122726 67.245010 49.975006
v 75.547928 87.835251 40.324055
v 83.106346 84.829750 32.584595
v 87.300957 80.486679 28.289516
v 87.300957 75.666229 28.289516
v 83.106346 71.323158 32.584595
v 75.547928 68.317657 40.324055
v 81.373016 87.835251 46.288670
v 93.602806 84.829750 43.332458
v 100.389824 80.486679 41.691887
v 100.389824 75.666229 41.691887
v 93.602806 71.323158 43.332458
v 81.373016 68.317657 46.288670
v 81.373016 87.835251 53.661339
v 93.602814 84.829750 56.617550
v 100.389824 80.486679 58.258129
v 100.389824 75.666229 58.258129
v 93.602814 71.323158 56.617550
v 81.373016 68.317657 53.661339
v 75.547928 87.835251 59.625954
v 83.106346 84.829750 67.365425
v 87.300957 80.486679 71.660500
v 87.300957 75.666229 71.660500
v 83.106346 71.323158 67.365425
v 75.547928 68.317657 59.625954
v 66.122726 87.835251 61.904236
v 66.122726 84.829750 71.470741
v 66.122726 80.486679 76.779755
v 66.122726 75.666229 76.779755
v 66.122726 71.323158 71.470741
v 66.122726 68.317657 61.904236
v 56.697529 87.835251 59.625961
v 49.139103 84.829750 67.365425
v 44.944492 80.486679 71.660500
v 44.944492 75.666229 71.660500
v 49.139103 71.323158 67.365425
v 56.697529 68.317657 59.625961
v 50.872429 87.835251 53.661346
v 38.642639 84.829750 56.617558
v 31.855621 80.486679 58.258129
v 31.855621 75.666229 58.258129
v 38.642639 71.323158 56.617558
v 50.872429 68.317657 53.661346
v 50.872429 87.835251 46.288673
v 38.642639 84.829750 43.332466
v 31.855621 80.486679 41.691887
v 31.855621 75.666229 41.691887
v 38.642639 71.323158 43.332466
v 50.872429 68.317657 46.288673
v 56.697525 87.835251 40.324055
v 49.139095 84.829750 32.584595
v 44.944492 80.486679 28.289516
v 44.944492 75.666229 28.289516
v 49.139095 71.323158 32.584595
v 56.697525 68.317657 40.324055
v 66.122726 87.835251 38.045776
v 66.122719 84.829750 28.479271
v 66.122719 71.323158 28.479271
v 66.122726 68.317657 38.045776
v 82.933701 96.586876 10.303024
v 82.933701 87.706886 -25.654308
v 82.933701 82.623833 -25.654308
v 82.933701 73.743851 10.303024
v 90.413567 95.455788 -2.643285
v 96.411957 92.286560 -13.025420
v 99.740814 87.706886 -18.787069
v 99.740814 82.623833 -18.787069
v 96.411957 78.044159 -13.025420
v 90.413567 74.874931 -2.643285
v 95.036385 95.455788 5.357974
v 104.741989 92.286560 1.392351
v 110.128189 87.706886 -0.808403
v 110.128189 82.623833 -0.808403
v 104.741989 78.044159 1.392351
v 95.036385 74.874931 5.357974
v 95.036385 95.455788 15.248073
v 104.741989 92.286560 19.213697
v 110.128189 87.706886 21.414454
v 110.128189 82.623833 21.414454
v 104.741989 78.044159 19.213697
v 95.036385 74.874931 15.248073
v 90.413567 95.455788 23.249336
v 96.411964 92.286560 33.631470
v 99.740814 87.706886 39.393116
v 99.740814 82.623833 39.393116
v 96.411964 78.044159 33.631470
v 90.413567 74.874931 23.249336
v 82.933701 95.455788 26.305546
v 82.933701 92.286560 39.138565
v 82.933701 87.706886 46.260357
v 82.933701 82.623833 46.260357
v 82.933701 78.044159 39.138565
v 82.933701 74.874931 26.305546
v 75.453827 95.455788 23.249336
v 69.455437 92.286560 33.631474
v 66.126579 87.706886 39.393116
v 66.126579 82.623833 39.393116
v 69.455437 78.044159 33.631474
v 75.453827 74.874931 23.249336
v 70.831009 95.455788 15.248076
v 61.125412 92.286560 19.213701
v 55.739208 87.706886 21.414454
v 55.739208 82.623833 21.414454
v 61.125412 78.044159 19.213701
v 70.831009 74.874931 15.248076
v 70.831009 95.455788 5.357977
v 61.125408 92.286560 1.392356
v 55.739208 87.706886 -0.808403
v 55.739208 82.623833 -0.808403
v 61.125408 78.044159 1.392356
v 70.831009 74.874931 5.357977
v 75.453827 95.455788 -2.643284
v 69.455429 92.286560 -13.025420
v 66.126579 87.706886 -18.787069
v 66.126579 82.623833 -18.787069
v 69.455429 78.044159 -13.025420
v 75.453827 74.874931 -2.643284
v 82.933701 95.455788 -5.699494
v 82.933693 92.286560 -18.532520
v 82.933693 78.044159 -18.532520
v 82.933701 74.874931 -5.699494
v 141.290588 89.000000 -14.176345
v 141.290588 78.892776 -56.098248
v 141.290588 73.107224 -56.098248
v 141.290588 63.000000 -14.176345
v 152.001877 87.712593 -29.270176
v 160.591644 84.105370 -41.374489
v 165.358627 78.892776 -48.091873
v 165.358627 73.107224 -48.091873
v 160.591644 67.894630 -41.374489
v 152.001877 64.287407 -29.270176
v 158.621796 87.712593 -19.941675
v 172.520370 84.105370 -24.565111
v 180.233475 78.892776 -27.130924
v 180.233475 73.107224 -27.130924
v 172.520370 67.894630 -24.565111
v 158.621796 64.287407 -19.941675
v 158.621796 87.712593 -8.411015
v 172.520370 84.105370 -3.787579
v 180.233475 78.892776 -1.221764
v 180.233475 73.107224 -1.221764
v 172.520370 67.894630 -3.787579
v 158.621796 64.287407 -8.411015
v 152.001877 87.712593 0.917486
v 160.591660 84.105370 13.021800
v 165.358627 78.892776 19.739187
v 165.358627 73.107224 19.739187
v 160.591660 67.894630 13.021800
v 152.001877 64.287407 0.917486
v 141.290588 87.712593 4.480657
v 141.290588 84.105370 19.442411
v 141.290588 78.892776 27.745560
v 141.290588 73.107224 27.745560
v 141.290588 67.894630 19.442411
v 141.290588 64.287407 4.480657
v 130.579315 87.712593 0.917489
v 121.989540 84.105370 13.021804
v 117.222557 78.892776 19.739187
v 117.222557 73.107224 19.739187
v 121.989540 67.894630 13.021804
v 130.579315 64.287407 0.917489
v 123.959381 87.712593 -8.411011
v 110.060814 84.105370 -3.787573
v 102.347710 78.892776 -1.221764
v 102.347710 73.107224 -1.221764
v 110.060814 67.894630 -3.787573
v 123.959381 64.287407 -8.411011
v 123.959366 87.712593 -19.941671
v 110.060814 84.105370 -24.565105
v 102.347710 78.892776 -27.130924
v 102.347710 73.107224 -27.130924
v 110.060814 67.894630 -24.565105
v 123.959366 64.287407 -19.941671
v 130.579315 87.712593 -29.270174
v 121.989525 84.105370 -41.374489
v 117.222557 78.892776 -48.091873
v 117.222557 73.107224 -48.091873
v 121.989525 67.894630 -41.374489
v 130.579315 64.287407 -29.270174
v 141.290588 87.712593 -32.833347
v 141.290588 84.105370 -47.795101
v 141.290588 67.894630 -47.795101
v 141.290588 64.287407 -32.833347
v 137.428162 81.647675 -73.779701
v 137.428162 69.026085 -108.677834
v 137.428162 61.801277 -108.677834
v 137.428162 49.179695 -73.779701
v 149.957718 80.040001 -86.344650
v 160.005646 75.535408 -96.420959
v 165.581833 69.026085 -102.012886
v 165.581833 61.801277 -102.012886
v 160.005646 55.291954 -96.420959
v 149.957718 50.787365 -86.344650
v 157.701416 80.040001 -78.579086
v 173.959305 75.535408 -82.427887
v 182.981750 69.026085 -84.563812
v 182.981750 61.801277 -84.563812
v 173.959305 55.291954 -82.427887
v 157.701416 50.787365 -78.579086
v 157.701416 80.040001 -68.980309
v 173.959305 75.535408 -65.131516
v 182.981750 69.026085 -62.995583
v 182.981750 61.801277 -62.995583
v 173.959305 55.291954 -65.131516
v 157.701416 50.787365 -68.980309
v 149.957718 80.040001 -61.214748
v 160.005646 75.535408 -51.138443
v 165.581833 69.026085 -45.546513
v 165.581833 61.801277 -45.546513
v 160.005646 55.291954 -51.138443
v 149.957718 50.787365 -61.214748
v 137.428162 80.040001 -58.248569
v 137.428162 75.535408 -45.793568
v 137.428162 69.026085 -38.881565
v 137.428162 61.801277 -38.881565
v 137.428162 55.291954 -45.793568
v 137.428162 50.787365 -58.248569
v 124.898613 80.040001 -61.214748
v 114.850677 75.535408 -51.138439
v 109.274498 69.026085 -45.546513
v 109.274498 61.801277 -45.546513
v 114.850677 55.291954 -51.138439
v 124.898613 50.787365 -61.214748
v 117.154915 80.040001 -68.980309
v 100.897026 75.535408 -65.131508
v 91.874580 69.026085 -62.995583
v 91.874580 61.801277 -62.995583
v 100.897026 55.291954 -65.131508
v 117.154915 50.787365 -68.980309
v 117.154915 80.040001 -78.579079
v 100.897018 75.535408 -82.427887
v 91.874580 69.026085 -84.563812
v 91.874580 61.801277 -84.563812
v 100.897018 55.291954 -82.427887
v 117.154915 50.787365 -78.579079
v 124.898598 80.040001 -86.344650
v 114.850670 75.535408 -96.420959
v 109.274498 69.026085 -102.012886
v 109.274498 61.801277 -102.012886
v 114.850670 55.291954 -96.420959
v 124.898598 50.787365 -86.344650
v 137.428162 80.040001 -89.310829
v 137.428162 75.535408 -101.765831
v 137.428162 55.291954 -101.765831
v 137.428162 50.787365 -89.310829
v 96.296677 70.865852 -117.775536
v 96.296677 63.718025 -146.060089
v 96.296677 59.626495 -146.060089
v 96.296677 52.478668 -117.775536
v 108.657486 69.955399 -127.959290
v 118.570084 67.404373 -136.126022
v 124.071159 63.718025 -140.658234
v 124.071159 59.626495 -140.658234
v 118.570084 55.940147 -136.126022
v 108.657486 53.389122 -127.959290
v 116.296890 69.955399 -121.665390
v 132.335815 67.404373 -124.784805
v 141.236740 63.718025 -126.515938
v 141.236740 59.626495 -126.515938
v 132.335815 55.940147 -124.784805
v 116.296890 53.389122 -121.665390
v 116.296890 69.955399 -113.885689
v 132.335815 67.404373 -110.766273
v 141.236740 63.718025 -109.035141
v 141.236740 59.626495 -109.035141
v 132.335815 55.940147 -110.766273
v 116.296890 53.389122 -113.885689
v 108.657486 69.955399 -107.591789
v 118.570099 67.404373 -99.425056
v 124.071159 63.718025 -94.892860
v 124.071159 59.626495 -94.892860
v 118.570099 55.940147 -99.425056
v 108.657486 53.389122 -107.591789
v 96.296677 69.955399 -105.187737
v 96.296677 67.404373 -95.093094
v 96.296677 63.718025 -89.490990
v 96.296677 59.626495 -89.490990
v 96.296677 55.940147 -95.093094
v 96.296677 53.389122 -105.187737
v 83.935867 69.955399 -107.591789
v 74.023277 67.404373 -99.425056
v 68.522194 63.718025 -94.892860
v 68.522194 59.626495 -94.892860
v 74.023277 55.940147 -99.425056
v 83.935867 53.389122 -107.591789
v 76.296463 69.955399 -113.885689
v 60.257553 67.404373 -110.766273
v 51.356621 63.718025 -109.035141
v 51.356621 59.626495 -109.035141
v 60.257553 55.940147 -110.766273
v 76.296463 53.389122 -113.885689
v 76.296463 69.955399 -121.665390
v 60.257545 67.404373 -124.784805
v 51.356621 63.718025 -126.515938
v 51.356621 59.626495 -126.515938
v 60.257545 55.940147 -124.784805
v 76.296463 53.389122 -121.665390
v 83.935867 69.955399 -127.959290
v 74.023262 67.404373 -136.126022
v 68.522194 63.718025 -140.658234
v 68.522194 59.626495 -140.658234
v 74.023262 55.940147 -136.126022
v 83.935867 53.389122 -127.959290
v 96.296677 69.955399 -130.363358
v 96.296677 67.404373 -140.457993
v 96.296677 55.940147 -140.457993
v 96.296677 53.389122 -130.363358
v 39.057076 88.923874 -129.605042
v 39.057076 77.847778 -165.299591
v 39.057076 71.507637 -165.299591
v 39.057076 60.431541 -129.605042
v 49.446518 87.513062 -142.456741
v 57.778202 83.560043 -152.763000
v 62.401936 77.847778 -158.482544
v 62.401936 71.507637 -158.482544
v 57.778202 65.795364 -152.763000
v 49.446518 61.842358 -142.456741
v 55.867542 87.513062 -134.513962
v 69.348488 83.560043 -138.450592
v 76.829842 77.847778 -140.635269
v 76.829842 71.507637 -140.635269
v 69.348488 65.795364 -138.450592
v 55.867542 61.842358 -134.513962
v 55.867542 87.513062 -124.696136
v 69.348488 83.560043 -120.759499
v 76.829842 77.847778 -118.574821
v 76.829842 71.507637 -118.574821
v 69.348488 65.795364 -120.759499
v 55.867542 61.842358 -124.696136
v 49.446518 87.513062 -116.753342
v 57.778202 83.560043 -106.447090
v 62.401936 77.847778 -100.727554
v 62.401936 71.507637 -100.727554
v 57.778202 65.795364 -106.447090
v 49.446518 61.842358 -116.753342
v 39.057076 87.513062 -113.719475
v 39.057079 83.560043 -100.980232
v 39.057076 77.847778 -93.910500
v 39.057076 71.507637 -93.910500
v 39.057079 65.795364 -100.980232
v 39.057076 61.842358 -113.719475
v 28.667637 87.513062 -116.753342
v 20.335957 83.560043 -106.447090
v 15.712217 77.847778 -100.727554
v 15.712217 71.507637 -100.727554
v 20.335957 65.795364 -106.447090
v 28.667637 61.842358 -116.753342
v 22.246611 87.513062 -124.696136
v 8.765664 83.560043 -120.759483
v 1.284304 77.847778 -118.574821
v 1.284304 71.507637 -118.574821
v 8.765664 65.795364 -120.759483
v 22.246611 61.842358 -124.696136
v 22.246609 87.513062 -134.513962
v 8.765657 83.560043 -138.450592
v 1.284304 77.847778 -140.635269
v 1.284304 71.507637 -140.635269
v 8.765657 65.795364 -138.450592
v 22.246609 61.842358 -134.513962
v 28.667633 87.513062 -142.456741
v 20.335949 83.560043 -152.763000
v 15.712217 77.847778 -158.482544
v 15.712217 71.507637 -158.482544
v 20.335949 65.795364 -152.763000
v 28.667633 61.842358 -142.456741
v 39.057072 87.513062 -145.490616
v 39.057072 83.560043 -158.229858
v 39.057072 65.795364 -158.229858
v 39.057072 61.842358 -145.490616
v -12.684588 85.349754 -126.422783
v -12.684588 73.423477 -168.298172
v -12.684588 66.596687 -168.298172
v -12.684588 54.670410 -126.422783
v -3.914808 83.830643 -141.499878
v 3.118008 79.574211 -153.590759
v 7.020928 73.423477 -160.300690
v 7.020928 66.596687 -160.300690
v 3.118008 60.445953 -153.590759
v -3.914808 56.189522 -141.499878
v 1.505213 83.830643 -132.181732
v 12.884551 79.574211 -136.800034
v 19.199606 73.423477 -139.362991
v 19.199606 66.596687 -139.362991
v 12.884551 60.445953 -136.800034
v 1.505213 56.189522 -132.181732
v 1.505213 83.830643 -120.663849
v 12.884552 79.574211 -116.045540
v 19.199606 73.423477 -113.482574
v 19.199606 66.596687 -113.482574
v 12.884552 60.445953 -116.045540
v 1.505213 56.189522 -120.663849
v -3.914808 83.830643 -111.345695
v 3.118011 79.574211 -99.254814
v 7.020928 73.423477 -92.544884
v 7.020928 66.596687 -92.544884
v 3.118011 60.445953 -99.254814
v -3.914808 56.189522 -111.345695
v -12.684587 83.830643 -107.786484
v -12.684587 79.574211 -92.841324
v -12.684588 73.423477 -84.547394
v -12.684588 66.596687 -84.547394
v -12.684587 60.445953 -92.841324
v -12.684587 56.189522 -107.786484
v -21.454369 83.830643 -111.345695
v -28.487179 79.574211 -99.254814
v -32.390102 73.423477 -92.544884
v -32.390102 66.596687 -92.544884
v -28.487179 60.445953 -99.254814
v -21.454369 56.189522 -111.345695
v -26.874390 83.830643 -120.663849
v -38.253723 79.574211 -116.045540
v -44.568783 73.423477 -113.482574
v -44.568783 66.596687 -113.482574
v -38.253723 60.445953 -116.045540
v -26.874390 56.189522 -120.663849
v -26.874393 83.830643 -132.181732
v -38.253731 79.574211 -136.800034
v -44.568783 73.423477 -139.362991
v -44.568783 66.596687 -139.362991
v -38.253731 60.445953 -136.800034
v -26.874393 56.189522 -132.181732
v -21.454369 83.830643 -141.499878
v -28.487190 79.574211 -153.590759
v -32.390102 73.423477 -160.300690
v -32.390102 66.596687 -160.300690
v -28.487190 60.445953 -153.590759
v -21.454369 56.189522 -141.499878
v -12.684590 83.830643 -145.059082
v -12.684592 79.574211 -160.004242
v -12.684592 60.445953 -160.004242
v -12.684590 56.189522 -145.059082
v -65.184334 69.022659 -121.417702
v -65.184334 62.025322 -155.522156
v -65.184334 58.019928 -155.522156
v -65.184334 51.022583 -121.417702
v -55.912525 68.131378 -133.696899
v -48.477116 65.634056 -143.544037
v -44.350773 62.025322 -149.008774
v -44.350773 58.019928 -149.008774
v -48.477116 54.411190 -143.544037
v -55.912525 51.913868 -133.696899
v -50.182236 68.131378 -126.107941
v -38.151485 65.634056 -129.869217
v -31.474926 62.025322 -131.956573
v -31.474926 58.019928 -131.956573
v -38.151485 54.411190 -129.869217
v -50.182236 51.913868 -126.107941
v -50.182236 68.131378 -116.727486
v -38.151482 65.634056 -112.966194
v -31.474926 62.025322 -110.878845
v -31.474926 58.019928 -110.878845
v -38.151482 54.411190 -112.966194
v -50.182236 51.913868 -116.727486
v -55.912525 68.131378 -109.138527
v -48.477116 65.634056 -99.291389
v -44.350773 62.025322 -93.826637
v -44.350773 58.019928 -93.826637
v -48.477116 54.411190 -99.291389
v -55.912525 51.913868 -109.138527
v -65.184334 68.131378 -106.239799
v -65.184334 65.634056 -94.068069
v -65.184334 62.025322 -87.313263
v -65.184334 58.019928 -87.313263
v -65.184334 54.411190 -94.068069
v -65.184334 51.913868 -106.239799
v -74.456139 68.131378 -109.138527
v -81.891556 65.634056 -99.291382
v -86.017899 62.025322 -93.826637
v -86.017899 58.019928 -93.826637
v -81.891556 54.411190 -99.291382
v -74.456139 51.913868 -109.138527
v -80.186432 68.131378 -116.727470
v -92.217178 65.634056 -112.966194
v -98.893738 62.025322 -110.878845
v -98.893738 58.019928 -110.878845
v -92.217178 54.411190 -112.966194
v -80.186432 51.913868 -116.727470
v -80.186432 68.131378 -126.107933
v -92.217178 65.634056 -129.869202
v -98.893738 62.025322 -131.956573
v -98.893738 58.019928 -131.956573
v -92.217178 54.411190 -129.869202
v -80.186432 51.913868 -126.107933
v -74.456139 68.131378 -133.696899
v -81.891556 65.634056 -143.544037
v -86.017899 62.025322 -149.008774
v -86.017899 58.019928 -149.008774
v -81.891556 54.411190 -143.544037
v -74.456139 51.913868 -133.696899
v -65.184334 68.131378 -136.595612
v -65.184341 65.634056 -148.767365
v -65.184341 54.411190 -148.767365
v -65.184334 51.913868 -136.595612
v -119.148209 86.516220 -97.418999
v -119.148209 74.567696 -125.796410
v -119.148209 67.728165 -125.796410
v -119.148209 55.779636 -97.418999
v -107.801308 84.994286 -107.636185
v -98.701805 80.729904 -115.829735
v -93.651962 74.567696 -120.376816
v -93.651962 67.728165 -120.376816
v -98.701805 61.565956 -115.829735
v -107.801308 57.301575 -107.636185
v -100.788551 84.994286 -101.321617
v -86.065239 80.729904 -104.451279
v -77.894417 74.567696 -106.188103
v -77.894417 67.728165 -106.188103
v -86.065239 61.565956 -104.451279
v -100.788551 57.301575 -101.321617
v -100.788551 84.994286 -93.516380
v -86.065231 80.729904 -90.386726
v -77.894417 74.567696 -88.649902
v -77.894417 67.728165 -88.649902
v -86.065231 61.565956 -90.386726
v -100.788551 57.301575 -93.516380
v -107.801308 84.994286 -87.201820
v -98.701805 80.729904 -79.008270
v -93.651962 74.567696 -74.461197
v -93.651962 67.728165 -74.461197
v -98.701805 61.565956 -79.008270
v -107.801308 57.301575 -87.201820
v -119.148209 84.994286 -84.789871
v -119.148209 80.729904 -74.662086
v -119.148209 74.567696 -69.041595
v -119.148209 67.728165 -69.041595
v -119.148209 61.565956 -74.662086
v -119.148209 57.301575 -84.789871
v -130.495117 84.994286 -87.201820
v -139.594620 80.729904 -79.008270
v -144.644470 74.567696 -74.461197
v -144.644470 67.728165 -74.461197
v -139.594620 61.565956 -79.008270
v -130.495117 57.301575 -87.201820
v -137.507889 84.994286 -93.516380
v -152.231201 80.729904 -90.386726
v -160.402023 74.567696 -88.649902
v -160.402023 67.728165 -88.649902
v -152.231201 61.565956 -90.386726
v -137.507889 57.301575 -93.516380
v -137.507889 84.994286 -101.321617
v -152.231216 80.729904 -104.451279
v -160.402023 74.567696 -106.188103
v -160.402023 67.728165 -106.188103
v -152.231216 61.565956 -104.451279
v -137.507889 57.301575 -101.321617
v -130.495117 84.994286 -107.636185
v -139.594635 80.729904 -115.829735
v -144.644470 74.567696 -120.376816
v -144.644470 67.728165 -120.376816
v -139.594635 61.565956 -115.829735
v -130.495117 57.301575 -107.636185
v -119.148209 84.994286 -110.048134
v -119.148209 80.729904 -120.175919
v -119.148209 61.565956 -120.175919
v -119.148209 57.301575 -110.048134
v -148.234329 88.154472 -44.671097
v -148.234329 77.104568 -81.153908
v -148.234329 70.779419 -81.153908
v -148.234329 59.729523 -44.671097
v -135.506943 86.746994 -57.806602
v -125.300385 82.803329 -68.340454
v -119.636154 77.104568 -74.186310
v -119.636154 70.779419 -74.186310
v -125.300385 65.080666 -68.340454
v -135.506943 61.137001 -57.806602
v -127.640976 86.746994 -49.688412
v -111.126419 82.803329 -53.711990
v -101.961517 77.104568 -55.944904
v -101.961517 70.779419 -55.944904
v -111.126419 65.080666 -53.711990
v -127.640976 61.137001 -49.688412
v -127.640976 86.746994 -39.653778
v -111.126419 82.803329 -35.630203
v -101.961517 77.104568 -33.397285
v -101.961517 70.779419 -33.397285
v -111.126419 65.080666 -35.630203
v -127.640976 61.137001 -39.653778
v -135.506943 86.746994 -31.535587
v -125.300369 82.803329 -21.001730
v -119.636154 77.104568 -15.155880
v -119.636154 70.779419 -15.155880
v -125.300369 65.080666 -21.001730
v -135.506943 61.137001 -31.535587
v -148.234329 86.746994 -28.434717
v -148.234329 82.803329 -15.414150
v -148.234329 77.104568 -8.188282
v -148.234329 70.779419 -8.188282
v -148.234329 65.080666 -15.414150
v -148.234329 61.137001 -28.434717
v -160.961716 86.746994 -31.535587
v -171.168274 82.803329 -21.001728
v -176.832504 77.104568 -15.155880
v -176.832504 70.779419 -15.155880
v -171.168274 65.080666 -21.001728
v -160.961716 61.137001 -31.535587
v -168.827682 86.746994 -39.653774
v -185.342239 82.803329 -35.630196
v -194.507141 77.104568 -33.397285
v -194.507141 70.779419 -33.397285
v -185.342239 65.080666 -35.630196
v -168.827682 61.137001 -39.653774
v -168.827682 86.746994 -49.688408
v -185.342239 82.803329 -53.711983
v -194.507141 77.104568 -55.944904
v -194.507141 70.779419 -55.944904
v -185.342239 65.080666 -53.711983
v -168.827682 61.137001 -49.688408
v -160.961716 86.746994 -57.806602
v -171.168289 82.803329 -68.340454
v -176.832504 77.104568 -74.186310
v -176.832504 70.779419 -74.186310
v -171.168289 65.080666 -68.340454
v -160.961716 61.137001 -57.806602
v -148.234329 86.746994 -60.907475
v -148.234329 82.803329 -73.928040
v -148.234329 65.080666 -73.928040
v -148.234329 61.137001 -60.907475
v -138.688751 70.214729 13.915292
v -138.688751 63.058331 -27.821205
v -138.688751 58.961891 -27.821205
v -138.688751 51.805489 13.915292
v -126.784103 69.303192 -1.111786
v -117.237305 66.749100 -13.162567
v -111.939240 63.058331 -19.850243
v -111.939240 58.961891 -19.850243
v -117.237305 55.271122 -13.162567
v -126.784103 52.717030 -1.111786
v -119.426620 69.303192 8.175459
v -103.979599 66.749100 3.572469
v -95.407135 63.058331 1.018005
v -95.407135 58.961891 1.018005
v -103.979599 55.271122 3.572469
v -119.426620 52.717030 8.175459
v -119.426620 69.303192 19.655125
v -103.979584 66.749100 24.258114
v -95.407135 63.058331 26.812580
v -95.407135 58.961891 26.812580
v -103.979584 55.271122 24.258114
v -119.426620 52.717030 19.655125
v -126.784103 69.303192 28.942371
v -117.237305 66.749100 40.993153
v -111.939240 63.058331 47.680828
v -111.939240 58.961891 47.680828
v -117.237305 55.271122 40.993153
v -126.784103 52.717030 28.942371
v -138.688751 69.303192 32.489780
v -138.688751 66.749100 47.385368
v -138.688751 63.058331 55.651791
v -138.688751 58.961891 55.651791
v -138.688751 55.271122 47.385368
v -138.688751 52.717030 32.489780
v -150.593414 69.303192 28.942371
v -160.140198 66.749100 40.993156
v -165.438278 63.058331 47.680828
v -165.438278 58.961891 47.680828
v -160.140198 55.271122 40.993156
v -150.593414 52.717030 28.942371
v -157.950897 69.303192 19.655128
v -173.397919 66.749100 24.258120
v -181.970383 63.058331 26.812580
v -181.970383 58.961891 26.812580
v -173.397919 55.271122 24.258120
v -157.950897 52.717030 19.655128
v -157.950897 69.303192 8.175462
v -173.397934 66.749100 3.572475
v -181.970383 63.058331 1.018005
v -181.970383 58.961891 1.018005
v -173.397934 55.271122 3.572475
v -157.950897 52.717030 8.175462
v -150.593414 69.303192 -1.111785
v -160.140198 66.749100 -13.162567
v -165.438278 63.058331 -19.850243
v -165.438278 58.961891 -19.850243
v -160.140198 55.271122 -13.162567
v -150.593414 52.717030 -1.111785
v -138.688751 69.303192 -4.659198
v -138.688751 66.749100 -19.554783
v -138.688751 55.271122 -19.554783
v -138.688751 52.717030 -4.659198
v -112.146492 82.832230 60.206982
v -112.146492 70.194542 26.882698
v -112.146492 62.960522 26.882698
v -112.146492 50.322834 60.206982
v -102.368698 81.222504 48.208691
v -94.527519 76.712173 38.586815
v -90.175980 70.194542 33.247070
v -90.175980 62.960522 33.247070
v -94.527519 56.442894 38.586815
v -102.368698 51.932556 48.208691
v -96.325691 81.222504 55.624043
v -83.638382 76.712173 51.948814
v -76.597466 70.194542 49.909214
v -76.597466 62.960522 49.909214
v -83.638382 56.442894 51.948814
v -96.325691 51.932556 55.624043
v -96.325691 81.222504 64.789925
v -83.638382 76.712173 68.465157
v -76.597466 70.194542 70.504753
v -76.597466 62.960522 70.504753
v -83.638382 56.442894 68.465157
v -96.325691 51.932556 64.789925
v -102.368698 81.222504 72.205276
v -94.527504 76.712173 81.827156
v -90.175980 70.194542 87.166901
v -90.175980 62.960522 87.166901
v -94.527504 56.442894 81.827156
v -102.368698 51.932556 72.205276
v -112.146492 81.222504 75.037682
v -112.146492 76.712173 86.930984
v -112.146492 70.194542 93.531265
v -112.146492 62.960522 93.531265
v -112.146492 56.442894 86.930984
v -112.146492 51.932556 75.037682
v -121.924286 81.222504 72.205276
v -129.765457 76.712173 81.827156
v -134.116989 70.194542 87.166901
v -134.116989 62.960522 87.166901
v -129.765457 56.442894 81.827156
v -121.924286 51.932556 72.205276
v -127.967300 81.222504 64.789925
v -140.654602 76.712173 68.465157
v -147.695511 70.194542 70.504753
v -147.695511 62.960522 70.504753
v -140.654602 56.442894 68.465157
v -127.967300 51.932556 64.789925
v -127.967300 81.222504 55.624043
v -140.654602 76.712173 51.948818
v -147.695511 70.194542 49.909214
v -147.695511 62.960522 49.909214
v -140.654602 56.442894 51.948818
v -127.967300 51.932556 55.624043
v -121.924286 81.222504 48.208694
v -129.765472 76.712173 38.586815
v -134.116989 70.194542 33.247070
v -134.116989 62.960522 33.247070
v -129.765472 56.442894 38.586815
v -121.924286 51.932556 48.208694
v -112.146492 81.222504 45.376278
v -112.146492 76.712173 33.482979
v -112.146492 56.442894 33.482979
v -112.146492 51.932556 45.376278
v -84.788734 88.874237 103.700768
v -84.788734 78.794533 75.138908
v -84.788734 73.024750 75.138908
v -84.788734 62.945045 103.700768
v -76.117676 87.590340 93.417168
v -69.164040 83.992935 85.170372
v -65.305054 78.794533 80.593742
v -65.305054 73.024750 80.593742
v -69.164040 67.826340 85.170372
v -76.117676 64.228943 93.417168
v -70.758675 87.590340 99.772789
v -59.507435 83.992935 96.622787
v -53.263470 78.794533 94.874672
v -53.263470 73.024750 94.874672
v -59.507435 67.826340 96.622787
v -70.758675 64.228943 99.772789
v -70.758675 87.590340 107.628754
v -59.507435 83.992935 110.778755
v -53.263470 78.794533 112.526878
v -53.263470 73.024750 112.526878
v -59.507435 67.826340 110.778755
v -70.758675 64.228943 107.628754
v -76.117676 87.590340 113.984367
v -69.164032 83.992935 122.231163
v -65.305054 78.794533 126.807808
v -65.305054 73.024750 126.807808
v -69.164032 67.826340 122.231163
v -76.117676 64.228943 113.984367
v -84.788734 87.590340 116.411987
v -84.788734 83.992935 126.605614
v -84.788734 78.794533 132.262619
v -84.788734 73.024750 132.262619
v -84.788734 67.826340 126.605614
v -84.788734 64.228943 116.411987
v -93.459793 87.590340 113.984367
v -100.413445 83.992935 122.231178
v -104.272423 78.794533 126.807808
v -104.272423 73.024750 126.807808
v -100.413445 67.826340 122.231178
v -93.459793 64.228943 113.984367
v -98.818802 87.590340 107.628754
v -110.070038 83.992935 110.778755
v -116.314003 78.794533 112.526878
v -116.314003 73.024750 112.526878
v -110.070038 67.826340 110.778755
v -98.818802 64.228943 107.628754
v -98.818802 87.590340 99.772789
v -110.070038 83.992935 96.622795
v -116.314003 78.794533 94.874672
v -116.314003 73.024750 94.874672
v -110.070038 67.826340 96.622795
v -98.818802 64.228943 99.772789
v -93.459793 87.590340 93.417175
v -100.413445 83.992935 85.170372
v -104.272423 78.794533 80.593742
v -104.272423 73.024750 80.593742
v -100.413445 67.826340 85.170372
v -93.459793 64.228943 93.417175
v -84.788734 87.590340 90.989548
v -84.788742 83.992935 80.795937
v -84.788742 67.826340 80.795937
v -84.788734 64.228943 90.989548
v -43.534870 74.095245 144.463913
v -43.534870 66.486076 107.211716
v -43.534870 62.130463 107.211716
v -43.534870 54.521290 144.463913
v -33.740978 73.126030 131.051392
v -25.886890 70.410347 120.295387
v -21.528202 66.486076 114.326263
v -21.528202 62.130463 114.326263
v -25.886890 58.206188 120.295387
v -33.740978 55.490505 131.051392
v -27.688023 73.126030 139.340775
v -14.979842 70.410347 135.232361
v -7.927333 66.486076 132.952347
v -7.927333 62.130463 132.952347
v -14.979842 58.206188 135.232361
v -27.688023 55.490505 139.340775
v -27.688023 73.126030 149.587036
v -14.979840 70.410347 153.695465
v -7.927333 66.486076 155.975479
v -7.927333 62.130463 155.975479
v -14.979840 58.206188 153.695465
v -27.688023 55.490505 149.587036
v -33.740978 73.126030 157.876434
v -25.886887 70.410347 168.632431
v -21.528202 66.486076 174.601562
v -21.528202 62.130463 174.601562
v -25.886887 58.206188 168.632431
v -33.740978 55.490505 157.876434
v -43.534870 73.126030 161.042694
v -43.534870 70.410347 174.337860
v -43.534870 66.486076 181.716110
v -43.534870 62.130463 181.716110
v -43.534870 58.206188 174.337860
v -43.534870 55.490505 161.042694
v -53.328754 73.126030 157.876434
v -61.182850 70.410347 168.632431
v -65.541542 66.486076 174.601562
v -65.541542 62.130463 174.601562
v -61.182850 58.206188 168.632431
v -53.328754 55.490505 157.876434
v -59.381718 73.126030 149.587036
v -72.089905 70.410347 153.695480
v -79.142410 66.486076 155.975479
v -79.142410 62.130463 155.975479
v -72.089905 58.206188 153.695480
v -59.381718 55.490505 149.587036
v -59.381718 73.126030 139.340775
v -72.089905 70.410347 135.232361
v -79.142410 66.486076 132.952347
v -79.142410 62.130463 132.952347
v -72.089905 58.206188 135.232361
v -59.381718 55.490505 139.340775
v -53.328754 73.126030 131.051392
v -61.182858 70.410347 120.295387
v -65.541542 66.486076 114.326263
v -65.541542 62.130463 114.326263
v -61.182858 58.206188 120.295387
v -53.328754 55.490505 131.051392
v -43.534870 73.126030 127.885124
v -43.534874 70.410347 114.589973
v -43.534874 58.206188 114.589973
v -43.534870 55.490505 127.885124
v 15.622421 79.294502 155.703094
v 15.622421 66.219528 114.195992
v 15.622421 58.735195 114.195992
v 15.622421 45.660217 155.703094
v 27.541676 77.629082 140.758606
v 37.100174 72.962677 128.774048
v 42.404739 66.219528 122.123146
v 42.404739 58.735195 122.123146
v 37.100174 51.992046 128.774048
v 27.541676 47.325638 140.758606
v 34.908180 77.629082 149.994797
v 50.374157 72.962677 145.417114
v 58.957127 66.219528 142.876694
v 58.957127 58.735195 142.876694
v 50.374157 51.992046 145.417114
v 34.908180 47.325638 149.994797
v 34.908180 77.629082 161.411392
v 50.374161 72.962677 165.989075
v 58.957127 66.219528 168.529495
v 58.957127 58.735195 168.529495
v 50.374161 51.992046 165.989075
v 34.908180 47.325638 161.411392
v 27.541676 77.629082 170.647583
v 37.100178 72.962677 182.632126
v 42.404739 66.219528 189.283051
v 42.404739 58.735195 189.283051
v 37.100178 51.992046 182.632126
v 27.541676 47.325638 170.647583
v 15.622422 77.629082 174.175491
v 15.622423 72.962677 188.989212
v 15.622421 66.219528 197.210205
v 15.622421 58.735195 197.210205
v 15.622423 51.992046 188.989212
v 15.622422 47.325638 174.175491
v 3.703168 77.629082 170.647583
v -5.855330 72.962677 182.632126
v -11.159900 66.219528 189.283051
v -11.159900 58.735195 189.283051
v -5.855330 51.992046 182.632126
v 3.703168 47.325638 170.647583
v -3.663339 77.629082 161.411392
v -19.129314 72.962677 165.989075
v -27.712284 66.219528 168.529495
v -27.712284 58.735195 168.529495
v -19.129314 51.992046 165.989075
v -3.663339 47.325638 161.411392
v -3.663340 77.629082 149.994812
v -19.129322 72.962677 145.417130
v -27.712284 66.219528 142.876694
v -27.712284 58.735195 142.876694
v -19.129322 51.992046 145.417130
v -3.663340 47.325638 149.994812
v 3.703164 77.629082 140.758606
v -5.855340 72.962677 128.774048
v -11.159900 66.219528 122.123146
v -11.159900 58.735195 122.123146
v -5.855340 51.992046 128.774048
v 3.703164 47.325638 140.758606
v 15.622417 77.629082 137.230698
v 15.622416 72.962677 122.416969
v 15.622416 51.992046 122.416969
v 15.622417 47.325638 137.230698
v 67.931320 86.982803 126.534508
v 67.931320 77.870560 93.966217
v 67.931320 72.654564 93.966217
v 67.931320 63.542320 126.534508
v 80.655853 85.822136 114.808411
v 90.860138 82.570015 105.404808
v 96.523094 77.870560 100.186203
v 96.523094 72.654564 100.186203
v 90.860138 67.955109 105.404808
v 80.655853 64.702988 114.808411
v 88.520050 85.822136 122.055542
v 105.030930 82.570015 118.463684
v 114.193779 77.870560 116.470345
v 114.193779 72.654564 116.470345
v 105.030930 67.955109 118.463684
v 88.520050 64.702988 122.055542
v 88.520050 85.822136 131.013458
v 105.030930 82.570015 134.605316
v 114.193779 77.870560 136.598663
v 114.193779 72.654564 136.598663
v 105.030930 67.955109 134.605316
v 88.520050 64.702988 131.013458
v 80.655853 85.822136 138.260590
v 90.860146 82.570015 147.664200
v 96.523094 77.870560 152.882797
v 96.523094 72.654564 152.882797
v 90.860146 67.955109 147.664200
v 80.655853 64.702988 138.260590
v 67.931320 85.822136 141.028748
v 67.931320 82.570015 152.652237
v 67.931320 77.870560 159.102783
v 67.931320 72.654564 159.102783
v 67.931320 67.955109 152.652237
v 67.931320 64.702988 141.028748
v 55.206791 85.822136 138.260590
v 45.002506 82.570015 147.664200
v 39.339554 77.870560 152.882797
v 39.339554 72.654564 152.882797
v 45.002506 67.955109 147.664200
v 55.206791 64.702988 138.260590
v 47.342598 85.822136 131.013474
v 30.831718 82.570015 134.605331
v 21.668869 77.870560 136.598663
v 21.668869 72.654564 136.598663
v 30.831718 67.955109 134.605331
v 47.342598 64.702988 131.013474
v 47.342594 85.822136 122.055542
v 30.831711 82.570015 118.463684
v 21.668869 77.870560 116.470345
v 21.668869 72.654564 116.470345
v 30.831711 67.955109 118.463684
v 47.342594 64.702988 122.055542
v 55.206787 85.822136 114.808411
v 45.002499 82.570015 105.404808
v 39.339554 77.870560 100.186203
v 39.339554 72.654564 100.186203
v 45.002499 67.955109 105.404808
v 55.206787 64.702988 114.808411
v 67.931320 85.822136 112.040253
v 67.931320 82.570015 100.416763
v 67.931320 67.955109 100.416763
v 67.931320 64.702988 112.040253
v 99.624847 79.515961 81.456154
v 99.624847 71.205383 52.620758
v 99.624847 66.448265 52.620758
v 99.624847 58.137688 81.456154
v 110.954567 78.457413 71.074074
v 120.040283 75.491394 62.748291
v 125.082481 71.205383 58.127827
v 125.082481 66.448265 58.127827
v 120.040283 62.162254 62.748291
v 110.954567 59.196243 71.074074
v 117.956703 78.457413 77.490547
v 132.657730 75.491394 74.310387
v 140.816162 71.205383 72.545525
v 140.816162 66.448265 72.545525
v 132.657730 62.162254 74.310387
v 117.956703 59.196243 77.490547
v 117.956703 78.457413 85.421753
v 132.657730 75.491394 88.601921
v 140.816162 71.205383 90.366783
v 140.816162 66.448265 90.366783
v 132.657730 62.162254 88.601921
v 117.956703 59.196243 85.421753
v 110.954567 78.457413 91.838234
v 120.040283 75.491394 100.164017
v 125.082481 71.205383 104.784485
v 125.082481 66.448265 104.784485
v 120.040283 62.162254 100.164017
v 110.954567 59.196243 91.838234
v 99.624847 78.457413 94.289108
v 99.624847 75.491394 104.580345
v 99.624847 71.205383 110.291550
v 99.624847 66.448265 110.291550
v 99.624847 62.162254 104.580345
v 99.624847 59.196243 94.289108
v 88.295135 78.457413 91.838234
v 79.209412 75.491394 100.164024
v 74.167213 71.205383 104.784485
v 74.167213 66.448265 104.784485
v 79.209412 62.162254 100.164024
v 88.295135 59.196243 91.838234
v 81.292984 78.457413 85.421761
v 66.591972 75.491394 88.601929
v 58.433529 71.205383 90.366783
v 58.433529 66.448265 90.366783
v 66.591972 62.162254 88.601929
v 81.292984 59.196243 85.421761
v 81.292984 78.457413 77.490555
v 66.591965 75.491394 74.310387
v 58.433529 71.205383 72.545525
v 58.433529 66.448265 72.545525
v 66.591965 62.162254 74.310387
v 81.292984 59.196243 77.490555
v 88.295128 78.457413 71.074074
v 79.209404 75.491394 62.748291
v 74.167213 71.205383 58.127827
v 74.167213 66.448265 58.127827
v 79.209404 62.162254 62.748291
v 88.295128 59.196243 71.074074
v 99.624847 78.457413 68.623192
v 99.624840 75.491394 58.331959
v 99.624840 62.162254 58.331959
v 99.624847 59.196243 68.623192
v 125.174835 77.202492 37.722012
v 125.174835 63.985622 -0.270201
v 125.174835 56.420067 -0.270201
v 125.174835 43.203194 37.722012
v 134.433899 75.518997 24.043053
v 141.859085 70.801956 13.073377
v 145.979767 63.985622 6.985665
v 145.979767 56.420067 6.985665
v 141.859085 49.603737 13.073377
v 134.433899 44.886688 24.043053
v 140.156326 75.518997 32.497116
v 152.170517 70.801956 28.307072
v 158.837921 63.985622 25.981771
v 158.837921 56.420067 25.981771
v 152.170517 49.603737 28.307072
v 140.156326 44.886688 32.497116
v 140.156326 75.518997 42.946911
v 152.170517 70.801956 47.136955
v 158.837921 63.985622 49.462254
v 158.837921 56.420067 49.462254
v 152.170517 49.603737 47.136955
v 140.156326 44.886688 42.946911
v 134.433899 75.518997 51.400974
v 141.859085 70.801956 62.370644
v 145.979767 63.985622 68.458359
v 145.979767 56.420067 68.458359
v 141.859085 49.603737 62.370644
v 134.433899 44.886688 51.400974
v 125.174835 75.518997 54.630138
v 125.174835 70.801956 68.189400
v 125.174835 63.985622 75.714226
v 125.174835 56.420067 75.714226
v 125.174835 49.603737 68.189400
v 125.174835 44.886688 54.630138
v 115.915771 75.518997 51.400974
v 108.490578 70.801956 62.370644
v 104.369904 63.985622 68.458359
v 104.369904 56.420067 68.458359
v 108.490578 49.603737 62.370644
v 115.915771 44.886688 51.400974
v 110.193352 75.518997 42.946915
v 98.179138 70.801956 47.136959
v 91.511749 63.985622 49.462254
v 91.511749 56.420067 49.462254
v 98.179138 49.603737 47.136959
v 110.193352 44.886688 42.946915
v 110.193352 75.518997 32.497116
v 98.179131 70.801956 28.307076
v 91.511749 63.985622 25.981771
v 91.511749 56.420067 25.981771
v 98.179131 49.603737 28.307076
v 110.193352 44.886688 32.497116
v 115.915771 75.518997 24.043053
v 108.490570 70.801956 13.073377
v 104.369904 63.985622 6.985665
v 104.369904 56.420067 6.985665
v 108.490570 49.603737 13.073377
v 115.915771 44.886688 24.043053
v 125.174835 75.518997 20.813887
v 125.174835 70.801956 7.254620
v 125.174835 49.603737 7.254620
v 125.174835 44.886688 20.813887
v 49.714741 87.000000 -41.874153
v 49.714741 85.928207 -50.874153
v 49.714741 79.000000 -59.874153
v 49.714741 72.071800 -50.874153
v 49.714741 71.000000 -41.874153
v 56.078705 85.928207 -48.238113
v 60.737446 83.000000 -52.896858
v 62.442665 79.000000 -54.602074
v 60.737446 75.000000 -52.896858
v 56.078705 72.071800 -48.238113
v 58.714745 85.928207 -41.874153
v 65.303192 83.000000 -41.874153
v 67.714745 79.000000 -41.874153
v 65.303192 75.000000 -41.874153
v 58.714745 72.071800 -41.874153
v 56.078701 85.928207 -35.510193
v 60.737446 83.000000 -30.851448
v 62.442665 79.000000 -29.146231
v 60.737446 75.000000 -30.851448
v 56.078701 72.071800 -35.510193
v 49.714741 85.928207 -32.874153
v 49.714741 83.000000 -26.285696
v 49.714741 79.000000 -23.874153
v 49.714741 75.000000 -26.285696
v 49.714741 72.071800 -32.874153
v 43.350784 85.928207 -35.510193
v 38.692036 83.000000 -30.851448
v 36.986820 79.000000 -29.146231
v 38.692036 75.000000 -30.851448
v 43.350784 72.071800 -35.510193
v 40.714741 85.928207 -41.874153
v 34.126286 83.000000 -41.874153
v 31.714745 79.000000 -41.874153
v 34.126286 75.000000 -41.874153
v 40.714741 72.071800 -41.874153
v 43.350784 85.928207 -48.238113
v 38.692036 83.000000 -52.896858
v 36.986820 79.000000 -54.602074
v 38.692036 75.000000 -52.896858
v 43.350784 72.071800 -48.238113
v 49.714741 83.000000 -57.462608
v 49.714741 75.000000 -57.462608
v 6.923341 81.355774 -80.874130
v 6.923341 80.283981 -89.874130
v 6.923341 73.355774 -98.874130
v 6.923341 66.427574 -89.874130
v 6.923341 65.355774 -80.874130
v 13.287302 80.283981 -87.238091
v 17.946045 77.355774 -91.896835
v 19.651264 73.355774 -93.602051
v 17.946045 69.355774 -91.896835
v 13.287302 66.427574 -87.238091
v 15.923340 80.283981 -80.874130
v 22.511797 77.355774 -80.874130
v 24.923340 73.355774 -80.874130
v 22.511797 69.355774 -80.874130
v 15.923340 66.427574 -80.874130
v 13.287301 80.283981 -74.510170
v 17.946045 77.355774 -69.851425
v 19.651260 73.355774 -68.146210
v 17.946045 69.355774 -69.851425
v 13.287301 66.427574 -74.510170
v 6.923341 80.283981 -71.874130
v 6.923341 77.355774 -65.285675
v 6.923341 73.355774 -62.874126
v 6.923341 69.355774 -65.285675
v 6.923341 66.427574 -71.874130
v 0.559380 80.283981 -74.510170
v -4.099363 77.355774 -69.851425
v -5.804582 73.355774 -68.146210
v -4.099363 69.355774 -69.851425
v 0.559380 66.427574 -74.510170
v -2.076659 80.283981 -80.874130
v -8.665116 77.355774 -80.874130
v -11.076659 73.355774 -80.874130
v -8.665116 69.355774 -80.874130
v -2.076659 66.427574 -80.874130
v 0.559380 80.283981 -87.238091
v -4.099363 77.355774 -91.896835
v -5.804582 73.355774 -93.602043
v -4.099363 69.355774 -91.896835
v 0.559380 66.427574 -87.238091
v 6.923341 77.355774 -96.462585
v 6.923341 69.355774 -96.462585
v -29.613373 77.166008 -35.158237
v -29.613373 76.094208 -44.158237
v -29.613373 69.166008 -53.158237
v -29.613373 62.237808 -44.158237
v -29.613373 61.166008 -35.158237
v -23.249413 76.094208 -41.522198
v -18.590672 73.166008 -46.180939
v -16.885452 69.166008 -47.886158
v -18.590672 65.166008 -46.180939
v -23.249413 62.237808 -41.522198
v -20.613373 76.094208 -35.158237
v -14.024919 73.166008 -35.158237
v -11.613376 69.166008 -35.158237
v -14.024919 65.166008 -35.158237
v -20.613373 62.237808 -35.158237
v -23.249416 76.094208 -28.794275
v -18.590672 73.166008 -24.135532
v -16.885452 69.166008 -22.430315
v -18.590672 65.166008 -24.135532
v -23.249416 62.237808 -28.794275
v -29.613373 76.094208 -26.158236
v -29.613373 73.166008 -19.569780
v -29.613373 69.166008 -17.158237
v -29.613373 65.166008 -19.569780
v -29.613373 62.237808 -26.158236
v -35.977333 76.094208 -28.794275
v -40.636078 73.166008 -24.135532
v -42.341293 69.166008 -22.430315
v -40.636078 65.166008 -24.135532
v -35.977333 62.237808 -28.794275
v -38.613373 76.094208 -35.158237
v -45.201828 73.166008 -35.158237
v -47.613377 69.166008 -35.158237
v -45.201828 65.166008 -35.158237
v -38.613373 62.237808 -35.158237
v -35.977333 76.094208 -41.522194
v -40.636078 73.166008 -46.180939
v -42.341293 69.166008 -47.886158
v -40.636078 65.166008 -46.180939
v -35.977333 62.237808 -41.522194
v -29.613373 73.166008 -50.746696
v -29.613373 65.166008 -50.746696
v -70.971252 83.889893 -6.075591
v -70.971252 82.818092 -15.075591
v -70.971252 75.889893 -24.075592
v -70.971252 68.961685 -15.075591
v -70.971252 67.889893 -6.075591
v -64.607292 82.818092 -12.439552
v -59.948544 79.889893 -17.098293
v -58.243328 75.889893 -18.803513
v -59.948544 71.889893 -17.098293
v -64.607292 68.961685 -12.439552
v -61.971249 82.818092 -6.075591
v -55.382793 79.889893 -6.075591
v -52.971249 75.889893 -6.075591
v -55.382793 71.889893 -6.075591
v -61.971249 68.961685 -6.075591
v -64.607292 82.818092 0.288370
v -59.948544 79.889893 4.947113
v -58.243328 75.889893 6.652330
v -59.948544 71.889893 4.947113
v -64.607292 68.961685 0.288370
v -70.971252 82.818092 2.924409
v -70.971252 79.889893 9.512867
v -70.971252 75.889893 11.924409
v -70.971252 71.889893 9.512867
v -70.971252 68.961685 2.924409
v -77.335213 82.818092 0.288370
v -81.993958 79.889893 4.947113
v -83.699173 75.889893 6.652330
v -81.993958 71.889893 4.947113
v -77.335213 68.961685 0.288370
v -79.971252 82.818092 -6.075591
v -86.559708 79.889893 -6.075591
v -88.971252 75.889893 -6.075591
v -86.559708 71.889893 -6.075591
v -79.971252 68.961685 -6.075591
v -77.335213 82.818092 -12.439551
v -81.993958 79.889893 -17.098293
v -83.699173 75.889893 -18.803511
v -81.993958 71.889893 -17.098293
v -77.335213 68.961685 -12.439551
v -70.971252 79.889893 -21.664045
v -70.971252 71.889893 -21.664045
v -58.662128 86.346985 49.410431
v -58.662128 85.275192 40.410431
v -58.662128 78.346985 31.410431
v -58.662128 71.418785 40.410431
v -58.662128 70.346985 49.410431
v -52.298168 85.275192 43.046471
v -47.639423 82.346985 38.387726
v -45.934204 78.346985 36.682510
v -47.639423 74.346985 38.387726
v -52.298168 71.418785 43.046471
v -49.662128 85.275192 49.410431
v -43.073673 82.346985 49.410431
v -40.662128 78.346985 49.410431
v -43.073673 74.346985 49.410431
v -49.662128 71.418785 49.410431
v -52.298168 85.275192 55.774391
v -47.639423 82.346985 60.433136
v -45.934208 78.346985 62.138351
v -47.639423 74.346985 60.433136
v -52.298168 71.418785 55.774391
v -58.662128 85.275192 58.410431
v -58.662128 82.346985 64.998886
v -58.662128 78.346985 67.410431
v -58.662128 74.346985 64.998886
v -58.662128 71.418785 58.410431
v -65.026093 85.275192 55.774391
v -69.684837 82.346985 60.433136
v -71.390053 78.346985 62.138351
v -69.684837 74.346985 60.433136
v -65.026093 71.418785 55.774391
v -67.662125 85.275192 49.410431
v -74.250587 82.346985 49.410431
v -76.662132 78.346985 49.410431
v -74.250587 74.346985 49.410431
v -67.662125 71.418785 49.410431
v -65.026093 85.275192 43.046471
v -69.684837 82.346985 38.387726
v -71.390053 78.346985 36.682510
v -69.684837 74.346985 38.387726
v -65.026093 71.418785 43.046471
v -58.662128 82.346985 33.821976
v -58.662128 74.346985 33.821976
v -3.838264 78.989944 44.836205
v -3.838264 77.918144 35.836205
v -3.838264 70.989944 26.836205
v -3.838264 64.061737 35.836205
v -3.838264 62.989937 44.836205
v 2.525697 77.918144 38.472244
v 7.184439 74.989944 33.813503
v 8.889658 70.989944 32.108284
v 7.184439 66.989937 33.813503
v 2.525697 64.061737 38.472244
v 5.161735 77.918144 44.836205
v 11.750193 74.989944 44.836205
v 14.161735 70.989944 44.836205
v 11.750193 66.989937 44.836205
v 5.161735 64.061737 44.836205
v 2.525697 77.918144 51.200169
v 7.184439 74.989944 55.858906
v 8.889656 70.989944 57.564125
v 7.184439 66.989937 55.858906
v 2.525697 64.061737 51.200169
v -3.838264 77.918144 53.836205
v -3.838264 74.989944 60.424664
v -3.838264 70.989944 62.836205
v -3.838264 66.989937 60.424664
v -3.838264 64.061737 53.836205
v -10.202226 77.918144 51.200169
v -14.860970 74.989944 55.858906
v -16.566185 70.989944 57.564125
v -14.860970 66.989937 55.858906
v -10.202226 64.061737 51.200169
v -12.838265 77.918144 44.836205
v -19.426720 74.989944 44.836205
v -21.838264 70.989944 44.836205
v -19.426720 66.989937 44.836205
v -12.838265 64.061737 44.836205
v -10.202226 77.918144 38.472244
v -14.860970 74.989944 33.813503
v -16.566185 70.989944 32.108284
v -14.860970 66.989937 33.813503
v -10.202226 64.061737 38.472244
v -3.838264 74.989944 29.247746
v -3.838264 66.989937 29.247746
v 49.502640 78.428673 58.771606
v 49.502640 77.356873 49.771603
v 49.502640 70.428673 40.771606
v 49.502640 63.500473 49.771603
v 49.502640 62.428673 58.771606
v 55.866600 77.356873 52.407646
v 60.525341 74.428673 47.748901
v 62.230560 70.428673 46.043686
v 60.525341 66.428673 47.748901
v 55.866600 63.500473 52.407646
v 58.502640 77.356873 58.771606
v 65.091095 74.428673 58.771606
v 67.502632 70.428673 58.771606
v 65.091095 66.428673 58.771606
v 58.502640 63.500473 58.771606
v 55.866596 77.356873 65.135567
v 60.525341 74.428673 69.794312
v 62.230560 70.428673 71.499527
v 60.525341 66.428673 69.794312
v 55.866596 63.500473 65.135567
v 49.502640 77.356873 67.771606
v 49.502640 74.428673 74.360062
v 49.502640 70.428673 76.771606
v 49.502640 66.428673 74.360062
v 49.502640 63.500473 67.771606
v 43.138680 77.356873 65.135567
v 38.479935 74.428673 69.794312
v 36.774715 70.428673 71.499527
v 38.479935 66.428673 69.794312
v 43.138680 63.500473 65.135567
v 40.502636 77.356873 58.771606
v 33.914181 74.428673 58.771606
v 31.502640 70.428673 58.771606
v 33.914181 66.428673 58.771606
v 40.502636 63.500473 58.771606
v 43.138680 77.356873 52.407646
v 38.479935 74.428673 47.748901
v 36.774715 70.428673 46.043686
v 38.479935 66.428673 47.748901
v 43.138680 63.500473 52.407646
v 49.502640 74.428673 43.183151
v 49.502640 66.428673 43.183151
v 70.803406 85.930351 6.061222
v 70.803406 84.858551 -2.938778
v 70.803406 77.930351 -11.938779
v 70.803406 71.002151 -2.938778
v 70.803406 69.930351 6.061222
v 77.167358 84.858551 -0.302739
v 81.826103 81.930351 -4.961482
v 83.531326 77.930351 -6.666700
v 81.826103 73.930351 -4.961482
v 77.167358 71.002151 -0.302739
v 79.803398 84.858551 6.061222
v 86.391853 81.930351 6.061222
v 88.803398 77.930351 6.061222
v 86.391853 73.930351 6.061222
v 79.803398 71.002151 6.061222
v 77.167358 84.858551 12.425182
v 81.826103 81.930351 17.083927
v 83.531319 77.930351 18.789143
v 81.826103 73.930351 17.083927
v 77.167358 71.002151 12.425182
v 70.803406 84.858551 15.061221
v 70.803406 81.930351 21.649679
v 70.803406 77.930351 24.061222
v 70.803406 73.930351 21.649679
v 70.803406 71.002151 15.061221
v 64.439445 84.858551 12.425182
v 59.780701 81.930351 17.083927
v 58.075481 77.930351 18.789143
v 59.780701 73.930351 17.083927
v 64.439445 71.002151 12.425182
v 61.803406 84.858551 6.061222
v 55.214951 81.930351 6.061222
v 52.803406 77.930351 6.061222
v 55.214951 73.930351 6.061222
v 61.803406 71.002151 6.061222
v 64.439445 84.858551 -0.302738
v 59.780701 81.930351 -4.961482
v 58.075481 77.930351 -6.666699
v 59.780701 73.930351 -4.961482
v 64.439445 71.002151 -0.302738
v 70.803406 81.930351 -9.527235
v 70.803406 73.930351 -9.527235
vn 0.0948 -0.9517 -0.2919
vn 0.3090 -0.0000 -0.9511
vn 0.0948 0.9517 -0.2919
vn 0.0284 -0.9958 -0.0874
vn 0.1987 -0.7658 -0.6116
vn 0.1987 0.7658 -0.6116
vn 0.0284 0.9958 -0.0874
vn 0.2483 -0.9517 -0.1804
vn 0.8090 -0.0000 -0.5878
vn 0.2483 0.9517 -0.1804
vn 0.0744 -0.9958 -0.0540
vn 0.5203 -0.7658 -0.3780
vn 0.5203 0.7658 -0.3780
vn 0.0744 0.9958 -0.0540
vn 0.3069 -0.9517 -0.0000
vn 1.0000 -0.0000 -0.0000
vn 0.3069 0.9517 -0.0000
vn 0.0919 -0.9958 -0.0000
vn 0.6431 -0.7658 -0.0000
vn 0.6431 0.7658 -0.0000
vn 0.0919 0.9958 -0.0000
vn 0.2483 0.9517 0.1804
vn 0.0744 -0.9958 0.0540
vn 0.5203 -0.7658 0.3780
vn 0.5203 0.7658 0.3780
vn 0.0744 0.9958 0.0540
vn 0.2483 -0.9517 0.1804
vn 0.8090 -0.0000 0.5878
vn 0.0284 -0.9958 0.0874
vn 0.1987 -0.7658 0.6116
vn 0.1987 0.7658 0.6116
vn 0.0284 0.9958 0.0874
vn 0.0948 -0.9517 0.2919
vn 0.3090 -0.0000 0.9511
vn 0.0948 0.9517 0.2919
vn -0.1987 -0.7658 0.6116
vn -0.1987 0.7658 0.6116
vn -0.0284 0.9958 0.0874
vn -0.0948 -0.9517 0.2919
vn -0.3090 -0.0000 0.9511
vn -0.0948 0.9517 0.2919
vn -0.0284 -0.9958 0.0874
vn -0.0744 0.9958 0.0540
vn -0.2483 -0.9517 0.1804
vn -0.8090 -0.0000 0.5878
vn -0.2483 0.9517 0.1804
vn -0.0744 -0.9958 0.0540
vn -0.5203 -0.7658 0.3780
vn -0.5203 0.7658 0.3780
vn -0.3069 -0.9517 -0.0000
vn -1.0000 -0.0000 -0.0000
vn -0.3069 0.9517 -0.0000
vn -0.0919 -0.9958 -0.0000
vn -0.6431 -0.7658 -0.0000
vn -0.6431 0.7658 -0.0000
vn -0.0919 0.9958 -0.0000
vn -0.8090 -0.0000 -0.5878
vn -0.2483 0.9517 -0.1804
vn -0.0744 -0.9958 -0.0540
vn -0.5203 -0.7658 -0.3780
vn -0.5203 0.7658 -0.3780
vn -0.0744 0.9958 -0.0540
vn -0.2483 -0.9517 -0.1804
vn -0.0284 -0.9958 -0.0874
vn -0.1987 -0.7658 -0.6116
vn -0.1987 0.7658 -0.6116
vn -0.0284 0.9958 -0.0874
vn -0.0948 -0.9517 -0.2919
vn -0.3090 -0.0000 -0.9511
vn -0.0948 0.9517 -0.2919
vn 0.0254 -0.9971 -0.0715
vn 0.1907 -0.8221 -0.5365
vn 0.1907 0.8221 -0.5365
vn 0.0254 0.9971 -0.0715
vn 0.0861 -0.9664 -0.2422
vn 0.3349 -0.0000 -0.9423
vn 0.0861 0.9664 -0.2422
vn 0.0665 -0.9968 -0.0442
vn 0.4907 -0.8081 -0.3259
vn 0.4907 0.8081 -0.3259
vn 0.0665 0.9968 -0.0442
vn 0.2246 -0.9630 -0.1492
vn 0.8330 -0.0000 -0.5533
vn 0.2246 0.9630 -0.1492
vn 0.0822 -0.9966 -0.0000
vn 0.6003 -0.7998 -0.0000
vn 0.6003 0.7998 -0.0000
vn 0.0822 0.9966 -0.0000
vn 0.2770 -0.9609 -0.0000
vn 0.2770 0.9609 -0.0000
vn 0.4907 0.8081 0.3259
vn 0.0665 0.9968 0.0442
vn 0.2246 -0.9630 0.1492
vn 0.8330 -0.0000 0.5533
vn 0.2246 0.9630 0.1492
vn 0.0665 -0.9968 0.0442
vn 0.4907 -0.8081 0.3259
vn 0.0861 -0.9664 0.2422
vn 0.3349 -0.0000 0.9423
vn 0.0861 0.9664 0.2422
vn 0.0254 -0.9971 0.0715
vn 0.1907 -0.8221 0.5365
vn 0.1907 0.8221 0.5365
vn 0.0254 0.9971 0.0715
vn -0.0861 -0.9664 0.2422
vn -0.3349 -0.0000 0.9423
vn -0.0861 0.9664 0.2422
vn -0.0254 -0.9971 0.0715
vn -0.1907 -0.8221 0.5365
vn -0.1907 0.8221 0.5365
vn -0.0254 0.9971 0.0715
vn -0.2246 0.9630 0.1492
vn -0.0665 -0.9968 0.0442
vn -0.4907 -0.8081 0.3259
vn -0.4907 0.8081 0.3259
vn -0.0665 0.9968 0.0442
vn -0.2246 -0.9630 0.1492
vn -0.8330 -0.0000 0.5533
vn -0.0822 -0.9966 -0.0000
vn -0.6003 -0.7998 -0.0000
vn -0.6003 0.7998 -0.0000
vn -0.0822 0.9966 -0.0000
vn -0.2770 -0.9609 -0.0000
vn -0.2770 0.9609 -0.0000
vn -0.4907 -0.8081 -0.3259
vn -0.4907 0.8081 -0.3259
vn -0.0665 0.9968 -0.0442
vn -0.2246 -0.9630 -0.1492
vn -0.8330 -0.0000 -0.5533
vn -0.2246 0.9630 -0.1492
vn -0.0665 -0.9968 -0.0442
vn -0.0254 0.9971 -0.0715
vn -0.0861 -0.9664 -0.2422
vn -0.3349 -0.0000 -0.9423
vn -0.0861 0.9664 -0.2422
vn -0.0254 -0.9971 -0.0715
vn -0.1907 -0.8221 -0.5365
vn -0.1907 0.8221 -0.5365
vn 0.0826 -0.9413 -0.3272
vn 0.2448 -0.0000 -0.9696
vn 0.0826 0.9413 -0.3272
vn 0.0250 -0.9948 -0.0990
vn 0.1670 -0.7310 -0.6616
vn 0.1670 0.7310 -0.6616
vn 0.0250 0.9948 -0.0990
vn 0.0655 0.9960 -0.0612
vn 0.2192 -0.9539 -0.2049
vn 0.7304 -0.0000 -0.6830
vn 0.2192 0.9539 -0.2049
vn 0.0655 -0.9960 -0.0612
vn 0.4628 -0.7736 -0.4328
vn 0.4628 0.7736 -0.4328
vn 0.2732 -0.9620 -0.0000
vn 0.2732 0.9620 -0.0000
vn 0.0810 -0.9967 -0.0000
vn 0.5946 -0.8041 -0.0000
vn 0.5946 0.8041 -0.0000
vn 0.0810 0.9967 -0.0000
vn 0.7304 -0.0000 0.6830
vn 0.2192 0.9539 0.2049
vn 0.0655 -0.9960 0.0612
vn 0.4628 -0.7736 0.4328
vn 0.4628 0.7736 0.4328
vn 0.0655 0.9960 0.0612
vn 0.2192 -0.9539 0.2049
vn 0.0250 -0.9948 0.0990
vn 0.1670 -0.7310 0.6616
vn 0.1670 0.7310 0.6616
vn 0.0250 0.9948 0.0990
vn 0.0826 -0.9413 0.3272
vn 0.2448 -0.0000 0.9696
vn 0.0826 0.9413 0.3272
vn -0.0250 -0.9948 0.0990
vn -0.1670 -0.7310 0.6616
vn -0.1670 0.7310 0.6616
vn -0.0250 0.9948 0.0990
vn -0.0826 -0.9413 0.3272
vn -0.2448 -0.0000 0.9696
vn -0.0826 0.9413 0.3272
vn -0.4628 0.7736 0.4328
vn -0.0655 0.9960 0.0612
vn -0.2192 -0.9539 0.2049
vn -0.7304 -0.0000 0.6830
vn -0.2192 0.9539 0.2049
vn -0.0655 -0.9960 0.0612
vn -0.4628 -0.7736 0.4328
vn -0.2732 -0.9620 -0.0000
vn -0.2732 0.9620 -0.0000
vn -0.0810 -0.9967 -0.0000
vn -0.5946 -0.8041 -0.0000
vn -0.5946 0.8041 -0.0000
vn -0.0810 0.9967 -0.0000
vn -0.2192 -0.9539 -0.2049
vn -0.7304 -0.0000 -0.6830
vn -0.2192 0.9539 -0.2049
vn -0.0655 -0.9960 -0.0612
vn -0.4628 -0.7736 -0.4328
vn -0.4628 0.7736 -0.4328
vn -0.0655 0.9960 -0.0612
vn -0.0826 0.9413 -0.3272
vn -0.0250 -0.9948 -0.0990
vn -0.1670 -0.7310 -0.6616
vn -0.1670 0.7310 -0.6616
vn -0.0250 0.9948 -0.0990
vn -0.0826 -0.9413 -0.3272
vn -0.2448 -0.0000 -0.9696
vn 0.0580 0.9668 -0.2489
vn 0.0171 -0.9972 -0.0735
vn 0.1287 -0.8238 -0.5521
vn 0.1287 0.8238 -0.5521
vn 0.0171 0.9972 -0.0735
vn 0.0580 -0.9668 -0.2489
vn 0.2269 -0.0000 -0.9739
vn 0.1532 -0.9759 -0.1553
vn 0.7025 -0.0000 -0.7117
vn 0.1532 0.9759 -0.1553
vn 0.0449 -0.9980 -0.0454
vn 0.3534 -0.8643 -0.3580
vn 0.3534 0.8643 -0.3580
vn 0.0449 0.9980 -0.0454
vn 0.1905 0.9817 -0.0000
vn 0.0555 -0.9985 -0.0000
vn 0.4511 -0.8925 -0.0000
vn 0.4511 0.8925 -0.0000
vn 0.0555 0.9985 -0.0000
vn 0.1905 -0.9817 -0.0000
vn 0.0449 -0.9980 0.0454
vn 0.3534 -0.8643 0.3580
vn 0.3534 0.8643 0.3580
vn 0.0449 0.9980 0.0454
vn 0.1532 -0.9759 0.1553
vn 0.7025 -0.0000 0.7117
vn 0.1532 0.9759 0.1553
vn 0.1287 -0.8238 0.5521
vn 0.1287 0.8238 0.5521
vn 0.0171 0.9972 0.0735
vn 0.0580 -0.9668 0.2489
vn 0.2269 -0.0000 0.9739
vn 0.0580 0.9668 0.2489
vn 0.0171 -0.9972 0.0735
vn -0.0171 0.9972 0.0735
vn -0.0580 -0.9668 0.2489
vn -0.2269 -0.0000 0.9739
vn -0.0580 0.9668 0.2489
vn -0.0171 -0.9972 0.0735
vn -0.1287 -0.8238 0.5521
vn -0.1287 0.8238 0.5521
vn -0.1532 -0.9759 0.1553
vn -0.7025 -0.0000 0.7117
vn -0.1532 0.9759 0.1553
vn -0.0449 -0.9980 0.0454
vn -0.3534 -0.8643 0.3580
vn -0.3534 0.8643 0.3580
vn -0.0449 0.9980 0.0454
vn -0.1905 0.9817 -0.0000
vn -0.0555 -0.9985 -0.0000
vn -0.4511 -0.8925 -0.0000
vn -0.4511 0.8925 -0.0000
vn -0.0555 0.9985 -0.0000
vn -0.1905 -0.9817 -0.0000
vn -0.0449 -0.9980 -0.0454
vn -0.3534 -0.8643 -0.3580
vn -0.3534 0.8643 -0.3580
vn -0.0449 0.9980 -0.0454
vn -0.1532 -0.9759 -0.1553
vn -0.7025 -0.0000 -0.7117
vn -0.1532 0.9759 -0.1553
vn -0.0171 -0.9972 -0.0735
vn -0.1287 -0.8238 -0.5521
vn -0.1287 0.8238 -0.5521
vn -0.0171 0.9972 -0.0735
vn -0.0580 -0.9668 -0.2489
vn -0.2269 -0.0000 -0.9739
vn -0.0580 0.9668 -0.2489
vn 0.2413 0.7215 -0.6490
vn 0.0366 0.9945 -0.0983
vn 0.1205 -0.9383 -0.3241
vn 0.3484 -0.0000 -0.9373
vn 0.1205 0.9383 -0.3241
vn 0.0366 -0.9945 -0.0983
vn 0.2413 -0.7215 -0.6490
vn 0.0956 -0.9936 -0.0607
vn 0.6077 -0.6941 -0.3859
vn 0.6077 0.6941 -0.3859
vn 0.0956 0.9936 -0.0607
vn 0.3123 -0.9290 -0.1983
vn 0.8442 -0.0000 -0.5361
vn 0.3123 0.9290 -0.1983
vn 0.7344 0.6787 -0.0000
vn 0.1181 0.9930 -0.0000
vn 0.3837 -0.9234 -0.0000
vn 0.3837 0.9234 -0.0000
vn 0.1181 -0.9930 -0.0000
vn 0.7344 -0.6787 -0.0000
vn 0.3123 -0.9290 0.1983
vn 0.8442 -0.0000 0.5361
vn 0.3123 0.9290 0.1983
vn 0.0956 -0.9936 0.0607
vn 0.6077 -0.6941 0.3859
vn 0.6077 0.6941 0.3859
vn 0.0956 0.9936 0.0607
vn 0.1205 -0.9383 0.3241
vn 0.3484 -0.0000 0.9373
vn 0.1205 0.9383 0.3241
vn 0.0366 -0.9945 0.0983
vn 0.2413 -0.7215 0.6490
vn 0.2413 0.7215 0.6490
vn 0.0366 0.9945 0.0983
vn -0.1205 0.9383 0.3241
vn -0.0366 -0.9945 0.0983
vn -0.2413 -0.7215 0.6490
vn -0.2413 0.7215 0.6490
vn -0.0366 0.9945 0.0983
vn -0.1205 -0.9383 0.3241
vn -0.3484 -0.0000 0.9373
vn -0.0956 -0.9936 0.0607
vn -0.6077 -0.6941 0.3859
vn -0.6077 0.6941 0.3859
vn -0.0956 0.9936 0.0607
vn -0.3123 -0.9290 0.1983
vn -0.8442 -0.0000 0.5361
vn -0.3123 0.9290 0.1983
vn -0.7344 -0.6787 -0.0000
vn -0.7344 0.6787 -0.0000
vn -0.1181 0.9930 -0.0000
vn -0.3837 -0.9234 -0.0000
vn -0.3837 0.9234 -0.0000
vn -0.1181 -0.9930 -0.0000
vn -0.0956 0.9936 -0.0607
vn -0.3123 -0.9290 -0.1983
vn -0.8442 -0.0000 -0.5361
vn -0.3123 0.9290 -0.1983
vn -0.0956 -0.9936 -0.0607
vn -0.6077 -0.6941 -0.3859
vn -0.6077 0.6941 -0.3859
vn -0.1205 -0.9383 -0.3241
vn -0.3484 -0.0000 -0.9373
vn -0.1205 0.9383 -0.3241
vn -0.0366 -0.9945 -0.0983
vn -0.2413 -0.7215 -0.6490
vn -0.2413 0.7215 -0.6490
vn -0.0366 0.9945 -0.0983
vn 0.3857 -0.0000 -0.9226
vn 0.0885 0.9733 -0.2117
vn 0.0260 -0.9977 -0.0621
vn 0.2018 -0.8522 -0.4827
vn 0.2018 0.8522 -0.4827
vn 0.0260 0.9977 -0.0621
vn 0.0885 -0.9733 -0.2117
vn 0.2296 -0.9646 -0.1297
vn 0.8707 -0.0000 -0.4918
vn 0.2296 0.9646 -0.1297
vn 0.0679 -0.9970 -0.0384
vn 0.5049 -0.8147 -0.2852
vn 0.5049 0.8147 -0.2852
vn 0.0679 0.9970 -0.0384
vn 0.2822 0.9593 -0.0000
vn 0.0839 -0.9965 -0.0000
vn 0.6081 -0.7938 -0.0000
vn 0.6081 0.7938 -0.0000
vn 0.0839 0.9965 -0.0000
vn 0.2822 -0.9593 -0.0000
vn 0.0679 -0.9970 0.0384
vn 0.5049 -0.8147 0.2852
vn 0.5049 0.8147 0.2852
vn 0.0679 0.9970 0.0384
vn 0.2296 -0.9646 0.1297
vn 0.8707 -0.0000 0.4918
vn 0.2296 0.9646 0.1297
vn 0.0260 -0.9977 0.0621
vn 0.2018 -0.8522 0.4827
vn 0.2018 0.8522 0.4827
vn 0.0260 0.9977 0.0621
vn 0.0885 -0.9733 0.2117
vn 0.3857 -0.0000 0.9226
vn 0.0885 0.9733 0.2117
vn -0.2018 0.8522 0.4827
vn -0.0260 0.9977 0.0621
vn -0.0885 -0.9733 0.2117
vn -0.3857 -0.0000 0.9226
vn -0.0885 0.9733 0.2117
vn -0.0260 -0.9977 0.0621
vn -0.2018 -0.8522 0.4827
vn -0.2296 -0.9646 0.1297
vn -0.8707 -0.0000 0.4918
vn -0.2296 0.9646 0.1297
vn -0.0679 -0.9970 0.0384
vn -0.5049 -0.8147 0.2852
vn -0.5049 0.8147 0.2852
vn -0.0679 0.9970 0.0384
vn -0.2822 -0.9593 -0.0000
vn -0.2822 0.9593 -0.0000
vn -0.0839 -0.9965 -0.0000
vn -0.6081 -0.7938 -0.0000
vn -0.6081 0.7938 -0.0000
vn -0.0839 0.9965 -0.0000
vn -0.2296 0.9646 -0.1297
vn -0.0679 -0.9970 -0.0384
vn -0.5049 -0.8147 -0.2852
vn -0.5049 0.8147 -0.2852
vn -0.0679 0.9970 -0.0384
vn -0.2296 -0.9646 -0.1297
vn -0.8707 -0.0000 -0.4918
vn -0.0260 -0.9977 -0.0621
vn -0.2018 -0.8522 -0.4827
vn -0.2018 0.8522 -0.4827
vn -0.0260 0.9977 -0.0621
vn -0.0885 -0.9733 -0.2117
vn -0.3857 -0.0000 -0.9226
vn -0.0885 0.9733 -0.2117
vn 0.0240 -0.9956 -0.0909
vn 0.1660 -0.7584 -0.6303
vn 0.1660 0.7584 -0.6303
vn 0.0240 0.9956 -0.0909
vn 0.0798 -0.9496 -0.3031
vn 0.2547 -0.0000 -0.9670
vn 0.0798 0.9496 -0.3031
vn 0.2111 0.9590 -0.1892
vn 0.0628 -0.9964 -0.0563
vn 0.4542 -0.7925 -0.4070
vn 0.4542 0.7925 -0.4070
vn 0.0628 0.9964 -0.0563
vn 0.2111 -0.9590 -0.1892
vn 0.7447 -0.0000 -0.6674
vn 0.0776 -0.9970 -0.0000
vn 0.5780 -0.8160 -0.0000
vn 0.5780 0.8160 -0.0000
vn 0.0776 0.9970 -0.0000
vn 0.2625 -0.9649 -0.0000
vn 0.2625 0.9649 -0.0000
vn 0.4542 -0.7925 0.4070
vn 0.4542 0.7925 0.4070
vn 0.0628 0.9964 0.0563
vn 0.2111 -0.9590 0.1892
vn 0.7447 -0.0000 0.6674
vn 0.2111 0.9590 0.1892
vn 0.0628 -0.9964 0.0563
vn 0.0240 0.9956 0.0909
vn 0.0798 -0.9496 0.3031
vn 0.2547 -0.0000 0.9670
vn 0.0798 0.9496 0.3031
vn 0.0240 -0.9956 0.0909
vn 0.1660 -0.7584 0.6303
vn 0.1660 0.7584 0.6303
vn -0.0798 -0.9496 0.3031
vn -0.2547 -0.0000 0.9670
vn -0.0798 0.9496 0.3031
vn -0.0240 -0.9956 0.0909
vn -0.1660 -0.7584 0.6303
vn -0.1660 0.7584 0.6303
vn -0.0240 0.9956 0.0909
vn -0.7447 -0.0000 0.6674
vn -0.2111 0.9590 0.1892
vn -0.0628 -0.9964 0.0563
vn -0.4542 -0.7925 0.4070
vn -0.4542 0.7925 0.4070
vn -0.0628 0.9964 0.0563
vn -0.2111 -0.9590 0.1892
vn -0.0776 -0.9970 -0.0000
vn -0.5780 -0.8160 -0.0000
vn -0.5780 0.8160 -0.0000
vn -0.0776 0.9970 -0.0000
vn -0.2625 -0.9649 -0.0000
vn -0.2625 0.9649 -0.0000
vn -0.0628 -0.9964 -0.0563
vn -0.4542 -0.7925 -0.4070
vn -0.4542 0.7925 -0.4070
vn -0.0628 0.9964 -0.0563
vn -0.2111 -0.9590 -0.1892
vn -0.7447 -0.0000 -0.6674
vn -0.2111 0.9590 -0.1892
vn -0.1660 0.7584 -0.6303
vn -0.0240 0.9956 -0.0909
vn -0.0798 -0.9496 -0.3031
vn -0.2547 -0.0000 -0.9670
vn -0.0798 0.9496 -0.3031
vn -0.0240 -0.9956 -0.0909
vn -0.1660 -0.7584 -0.6303
vn 0.0820 -0.9283 -0.3628
vn 0.2205 -0.0000 -0.9754
vn 0.0820 0.9283 -0.3628
vn 0.0251 -0.9935 -0.1111
vn 0.1592 -0.6920 -0.7041
vn 0.1592 0.6920 -0.7041
vn 0.0251 0.9935 -0.1111
vn 0.4541 0.7542 -0.4743
vn 0.0659 0.9955 -0.0688
vn 0.2193 -0.9484 -0.2291
vn 0.6916 -0.0000 -0.7223
vn 0.2193 0.9484 -0.2291
vn 0.0659 -0.9955 -0.0688
vn 0.4541 -0.7542 -0.4743
vn 0.2748 -0.9615 -0.0000
vn 0.2748 0.9615 -0.0000
vn 0.0815 -0.9967 -0.0000
vn 0.5971 -0.8022 -0.0000
vn 0.5971 0.8022 -0.0000
vn 0.0815 0.9967 -0.0000
vn 0.2193 -0.9484 0.2291
vn 0.6916 -0.0000 0.7223
vn 0.2193 0.9484 0.2291
vn 0.0659 -0.9955 0.0688
vn 0.4541 -0.7542 0.4743
vn 0.4541 0.7542 0.4743
vn 0.0659 0.9955 0.0688
vn 0.0820 0.9283 0.3628
vn 0.0251 -0.9935 0.1111
vn 0.1592 -0.6920 0.7041
vn 0.1592 0.6920 0.7041
vn 0.0251 0.9935 0.1111
vn 0.0820 -0.9283 0.3628
vn 0.2205 -0.0000 0.9754
vn -0.0251 -0.9935 0.1111
vn -0.1592 -0.6920 0.7041
vn -0.1592 0.6920 0.7041
vn -0.0251 0.9935 0.1111
vn -0.0820 -0.9283 0.3628
vn -0.2205 -0.0000 0.9754
vn -0.0820 0.9283 0.3628
vn -0.4541 -0.7542 0.4743
vn -0.4541 0.7542 0.4743
vn -0.0659 0.9955 0.0688
vn -0.2193 -0.9484 0.2291
vn -0.6916 -0.0000 0.7223
vn -0.2193 0.9484 0.2291
vn -0.0659 -0.9955 0.0688
vn -0.0815 0.9967 -0.0000
vn -0.2748 -0.9615 -0.0000
vn -0.2748 0.9615 -0.0000
vn -0.0815 -0.9967 -0.0000
vn -0.5971 -0.8022 -0.0000
vn -0.5971 0.8022 -0.0000
vn -0.2193 -0.9484 -0.2291
vn -0.6916 -0.0000 -0.7223
vn -0.2193 0.9484 -0.2291
vn -0.0659 -0.9955 -0.0688
vn -0.4541 -0.7542 -0.4743
vn -0.4541 0.7542 -0.4743
vn -0.0659 0.9955 -0.0688
vn -0.2205 -0.0000 -0.9754
vn -0.0820 0.9283 -0.3628
vn -0.0251 -0.9935 -0.1111
vn -0.1592 -0.6920 -0.7041
vn -0.1592 0.6920 -0.7041
vn -0.0251 0.9935 -0.1111
vn -0.0820 -0.9283 -0.3628
vn 0.3091 -0.0000 -0.9510
vn 0.0605 0.9807 -0.1861
vn 0.0176 -0.9984 -0.0542
vn 0.1425 -0.8874 -0.4384
vn 0.1425 0.8874 -0.4384
vn 0.0176 0.9984 -0.0542
vn 0.0605 -0.9807 -0.1861
vn 0.1584 -0.9807 -0.1150
vn 0.8091 -0.0000 -0.5876
vn 0.1584 0.9807 -0.1150
vn 0.0461 -0.9984 -0.0335
vn 0.3731 -0.8873 -0.2710
vn 0.3731 0.8873 -0.2710
vn 0.0461 0.9984 -0.0335
vn 0.1957 0.9807 -0.0000
vn 0.0570 -0.9984 -0.0000
vn 0.4612 -0.8873 -0.0000
vn 0.4612 0.8873 -0.0000
vn 0.0570 0.9984 -0.0000
vn 0.1957 -0.9807 -0.0000
vn 0.0461 -0.9984 0.0335
vn 0.3731 -0.8873 0.2710
vn 0.3731 0.8873 0.2710
vn 0.0461 0.9984 0.0335
vn 0.1584 -0.9807 0.1150
vn 0.8091 -0.0000 0.5876
vn 0.1584 0.9807 0.1150
vn 0.0176 -0.9984 0.0542
vn 0.1425 -0.8874 0.4384
vn 0.1425 0.8874 0.4384
vn 0.0176 0.9984 0.0542
vn 0.0605 -0.9807 0.1861
vn 0.3091 -0.0000 0.9510
vn 0.0605 0.9807 0.1861
vn -0.1425 0.8874 0.4384
vn -0.0176 0.9984 0.0542
vn -0.0605 -0.9807 0.1861
vn -0.3091 -0.0000 0.9510
vn -0.0605 0.9807 0.1861
vn -0.0176 -0.9984 0.0542
vn -0.1425 -0.8874 0.4384
vn -0.1584 -0.9807 0.1150
vn -0.8091 -0.0000 0.5876
vn -0.1584 0.9807 0.1150
vn -0.0461 -0.9984 0.0335
vn -0.3731 -0.8873 0.2710
vn -0.3731 0.8873 0.2710
vn -0.0461 0.9984 0.0335
vn -0.1957 -0.9807 -0.0000
vn -0.1957 0.9807 -0.0000
vn -0.0570 -0.9984 -0.0000
vn -0.4612 -0.8873 -0.0000
vn -0.4612 0.8873 -0.0000
vn -0.0570 0.9984 -0.0000
vn -0.1584 0.9807 -0.1150
vn -0.0461 -0.9984 -0.0335
vn -0.3731 -0.8873 -0.2710
vn -0.3731 0.8873 -0.2710
vn -0.0461 0.9984 -0.0335
vn -0.1584 -0.9807 -0.1150
vn -0.8091 -0.0000 -0.5876
vn -0.0176 -0.9984 -0.0542
vn -0.1425 -0.8874 -0.4384
vn -0.1425 0.8874 -0.4384
vn -0.0176 0.9984 -0.0542
vn -0.0605 -0.9807 -0.1861
vn -0.3091 -0.0000 -0.9510
vn -0.0605 0.9807 -0.1861
vn 0.1716 -0.6834 -0.7096
vn 0.1716 0.6834 -0.7096
vn 0.0274 0.9932 -0.1133
vn 0.0892 -0.9252 -0.3689
vn 0.2350 -0.0000 -0.9720
vn 0.0892 0.9252 -0.3689
vn 0.0274 -0.9932 -0.1133
vn 0.0719 -0.9949 -0.0702
vn 0.4840 -0.7365 -0.4726
vn 0.4840 0.7365 -0.4726
vn 0.0719 0.9949 -0.0702
vn 0.2380 -0.9430 -0.2324
vn 0.7155 -0.0000 -0.6986
vn 0.2380 0.9430 -0.2324
vn 0.6306 -0.7761 -0.0000
vn 0.6306 0.7761 -0.0000
vn 0.0889 0.9960 -0.0000
vn 0.2978 -0.9546 -0.0000
vn 0.2978 0.9546 -0.0000
vn 0.0889 -0.9960 -0.0000
vn 0.0719 0.9949 0.0702
vn 0.2380 -0.9430 0.2324
vn 0.7155 -0.0000 0.6986
vn 0.2380 0.9430 0.2324
vn 0.0719 -0.9949 0.0702
vn 0.4840 -0.7365 0.4726
vn 0.4840 0.7365 0.4726
vn 0.0892 -0.9252 0.3689
vn 0.2350 -0.0000 0.9720
vn 0.0892 0.9252 0.3689
vn 0.0274 -0.9932 0.1133
vn 0.1716 -0.6834 0.7096
vn 0.1716 0.6834 0.7096
vn 0.0274 0.9932 0.1133
vn -0.2350 -0.0000 0.9720
vn -0.0892 0.9252 0.3689
vn -0.0274 -0.9932 0.1133
vn -0.1716 -0.6834 0.7096
vn -0.1716 0.6834 0.7096
vn -0.0274 0.9932 0.1133
vn -0.0892 -0.9252 0.3689
vn -0.0719 -0.9949 0.0702
vn -0.4840 -0.7365 0.4726
vn -0.4840 0.7365 0.4726
vn -0.0719 0.9949 0.0702
vn -0.2380 -0.9430 0.2324
vn -0.7155 -0.0000 0.6986
vn -0.2380 0.9430 0.2324
vn -0.0889 -0.9960 -0.0000
vn -0.6306 -0.7761 -0.0000
vn -0.6306 0.7761 -0.0000
vn -0.0889 0.9960 -0.0000
vn -0.2978 -0.9546 -0.0000
vn -0.2978 0.9546 -0.0000
vn -0.4840 0.7365 -0.4726
vn -0.0719 0.9949 -0.0702
vn -0.2380 -0.9430 -0.2324
vn -0.7155 -0.0000 -0.6986
vn -0.2380 0.9430 -0.2324
vn -0.0719 -0.9949 -0.0702
vn -0.4840 -0.7365 -0.4726
vn -0.0892 -0.9252 -0.3689
vn -0.2350 -0.0000 -0.9720
vn -0.0892 0.9252 -0.3689
vn -0.0274 -0.9932 -0.1133
vn -0.1716 -0.6834 -0.7096
vn -0.1716 0.6834 -0.7096
vn -0.0274 0.9932 -0.1133
vn 0.0574 -0.9831 -0.1737
vn 0.3139 -0.0000 -0.9495
vn 0.0574 0.9831 -0.1737
vn 0.0167 -0.9986 -0.0505
vn 0.1369 -0.8999 -0.4140
vn 0.1369 0.8999 -0.4140
vn 0.0167 0.9986 -0.0505
vn 0.1503 -0.9828 -0.1073
vn 0.8138 -0.0000 -0.5811
vn 0.1503 0.9828 -0.1073
vn 0.0437 -0.9986 -0.0312
vn 0.3577 -0.8982 -0.2554
vn 0.3577 0.8982 -0.2554
vn 0.0437 0.9986 -0.0312
vn 0.1857 -0.9826 -0.0000
vn 0.1857 0.9826 -0.0000
vn 0.0540 -0.9985 -0.0000
vn 0.4416 -0.8972 -0.0000
vn 0.4416 0.8972 -0.0000
vn 0.0540 0.9985 -0.0000
vn 0.1503 0.9828 0.1073
vn 0.0437 -0.9986 0.0312
vn 0.3577 -0.8982 0.2554
vn 0.3577 0.8982 0.2554
vn 0.0437 0.9986 0.0312
vn 0.1503 -0.9828 0.1073
vn 0.8138 -0.0000 0.5811
vn 0.0167 -0.9986 0.0505
vn 0.1369 -0.8999 0.4140
vn 0.1369 0.8999 0.4140
vn 0.0167 0.9986 0.0505
vn 0.0574 -0.9831 0.1737
vn 0.3139 -0.0000 0.9495
vn 0.0574 0.9831 0.1737
vn -0.1369 -0.8999 0.4140
vn -0.1369 0.8999 0.4140
vn -0.0167 0.9986 0.0505
vn -0.0574 -0.9831 0.1737
vn -0.3139 -0.0000 0.9495
vn -0.0574 0.9831 0.1737
vn -0.0167 -0.9986 0.0505
vn -0.0437 0.9986 0.0312
vn -0.1503 -0.9828 0.1073
vn -0.8138 -0.0000 0.5811
vn -0.1503 0.9828 0.1073
vn -0.0437 -0.9986 0.0312
vn -0.3577 -0.8982 0.2554
vn -0.3577 0.8982 0.2554
vn -0.1857 -0.9826 -0.0000
vn -0.1857 0.9826 -0.0000
vn -0.0540 -0.9985 -0.0000
vn -0.4416 -0.8972 -0.0000
vn -0.4416 0.8972 -0.0000
vn -0.0540 0.9985 -0.0000
vn -0.8138 -0.0000 -0.5811
vn -0.1503 0.9828 -0.1073
vn -0.0437 -0.9986 -0.0312
vn -0.3577 -0.8982 -0.2554
vn -0.3577 0.8982 -0.2554
vn -0.0437 0.9986 -0.0312
vn -0.1503 -0.9828 -0.1073
vn -0.0167 -0.9986 -0.0505
vn -0.1369 -0.8999 -0.4140
vn -0.1369 0.8999 -0.4140
vn -0.0167 0.9986 -0.0505
vn -0.0574 -0.9831 -0.1737
vn -0.3139 -0.0000 -0.9495
vn -0.0574 0.9831 -0.1737
vn 0.0364 -0.9930 -0.1123
vn 0.2265 -0.6789 -0.6984
vn 0.2265 0.6789 -0.6984
vn 0.0364 0.9930 -0.1123
vn 0.1183 -0.9235 -0.3649
vn 0.3085 -0.0000 -0.9512
vn 0.1183 0.9235 -0.3649
vn 0.8084 -0.0000 -0.5886
vn 0.3098 0.9237 -0.2255
vn 0.0953 -0.9930 -0.0694
vn 0.5933 -0.6793 -0.4319
vn 0.5933 0.6793 -0.4319
vn 0.0953 0.9930 -0.0694
vn 0.3098 -0.9237 -0.2255
vn 0.1178 -0.9930 -0.0000
vn 0.7336 -0.6796 -0.0000
vn 0.7336 0.6796 -0.0000
vn 0.1178 0.9930 -0.0000
vn 0.3830 -0.9238 -0.0000
vn 0.3830 0.9238 -0.0000
vn 0.0953 -0.9930 0.0694
vn 0.5933 -0.6793 0.4319
vn 0.5933 0.6793 0.4319
vn 0.0953 0.9930 0.0694
vn 0.3098 -0.9237 0.2255
vn 0.8084 -0.0000 0.5886
vn 0.3098 0.9237 0.2255
vn 0.2265 0.6789 0.6984
vn 0.0364 0.9930 0.1123
vn 0.1183 -0.9235 0.3649
vn 0.3085 -0.0000 0.9512
vn 0.1183 0.9235 0.3649
vn 0.0364 -0.9930 0.1123
vn 0.2265 -0.6789 0.6984
vn -0.1183 -0.9235 0.3649
vn -0.3085 -0.0000 0.9512
vn -0.1183 0.9235 0.3649
vn -0.0364 -0.9930 0.1123
vn -0.2265 -0.6789 0.6984
vn -0.2265 0.6789 0.6984
vn -0.0364 0.9930 0.1123
vn -0.3098 -0.9237 0.2255
vn -0.8084 -0.0000 0.5886
vn -0.3098 0.9237 0.2255
vn -0.0953 -0.9930 0.0694
vn -0.5933 -0.6793 0.4319
vn -0.5933 0.6793 0.4319
vn -0.0953 0.9930 0.0694
vn -0.3830 0.9238 -0.0000
vn -0.1178 -0.9930 -0.0000
vn -0.7336 -0.6796 -0.0000
vn -0.7336 0.6796 -0.0000
vn -0.1178 0.9930 -0.0000
vn -0.3830 -0.9238 -0.0000
vn -0.0953 -0.9930 -0.0694
vn -0.5933 -0.6793 -0.4319
vn -0.5933 0.6793 -0.4319
vn -0.0953 0.9930 -0.0694
vn -0.3098 -0.9237 -0.2255
vn -0.8084 -0.0000 -0.5886
vn -0.3098 0.9237 -0.2255
vn -0.2265 -0.6789 -0.6984
vn -0.2265 0.6789 -0.6984
vn -0.0364 0.9930 -0.1123
vn -0.1183 -0.9235 -0.3649
vn -0.3085 -0.0000 -0.9512
vn -0.1183 0.9235 -0.3649
vn -0.0364 -0.9930 -0.1123
vn 0.0832 -0.9488 -0.3049
vn 0.2634 -0.0000 -0.9647
vn 0.0832 0.9488 -0.3049
vn 0.0250 -0.9955 -0.0916
vn 0.1726 -0.7554 -0.6321
vn 0.1726 0.7554 -0.6321
vn 0.0250 0.9955 -0.0916
vn 0.2198 -0.9569 -0.1900
vn 0.7564 -0.0000 -0.6541
vn 0.2198 0.9569 -0.1900
vn 0.0655 -0.9962 -0.0566
vn 0.4691 -0.7845 -0.4057
vn 0.4691 0.7845 -0.4057
vn 0.0655 0.9962 -0.0566
vn 0.2731 -0.9620 -0.0000
vn 0.2731 0.9620 -0.0000
vn 0.5944 -0.8042 -0.0000
vn 0.5944 0.8042 -0.0000
vn 0.2198 0.9569 0.1900
vn 0.0655 -0.9962 0.0566
vn 0.4691 -0.7845 0.4057
vn 0.4691 0.7845 0.4057
vn 0.0655 0.9962 0.0566
vn 0.2198 -0.9569 0.1900
vn 0.7564 -0.0000 0.6541
vn 0.0250 -0.9955 0.0916
vn 0.1726 -0.7554 0.6321
vn 0.1726 0.7554 0.6321
vn 0.0250 0.9955 0.0916
vn 0.0832 -0.9488 0.3049
vn 0.2634 -0.0000 0.9647
vn 0.0832 0.9488 0.3049
vn -0.1726 -0.7554 0.6321
vn -0.1726 0.7554 0.6321
vn -0.0250 0.9955 0.0916
vn -0.0832 -0.9488 0.3049
vn -0.2634 -0.0000 0.9647
vn -0.0832 0.9488 0.3049
vn -0.0250 -0.9955 0.0916
vn -0.0655 0.9962 0.0566
vn -0.2198 -0.9569 0.1900
vn -0.7564 -0.0000 0.6541
vn -0.2198 0.9569 0.1900
vn -0.0655 -0.9962 0.0566
vn -0.4691 -0.7845 0.4057
vn -0.4691 0.7845 0.4057
vn -0.2731 -0.9620 -0.0000
vn -0.2731 0.9620 -0.0000
vn -0.5944 -0.8042 -0.0000
vn -0.5944 0.8042 -0.0000
vn -0.7564 -0.0000 -0.6541
vn -0.2198 0.9569 -0.1900
vn -0.0655 -0.9962 -0.0566
vn -0.4691 -0.7845 -0.4057
vn -0.4691 0.7845 -0.4057
vn -0.0655 0.9962 -0.0566
vn -0.2198 -0.9569 -0.1900
vn -0.0250 -0.9955 -0.0916
vn -0.1726 -0.7554 -0.6321
vn -0.1726 0.7554 -0.6321
vn -0.0250 0.9955 -0.0916
vn -0.0832 -0.9488 -0.3049
vn -0.2634 -0.0000 -0.9647
vn -0.0832 0.9488 -0.3049
vn 0.1526 -0.8347 -0.5291
vn 0.1526 0.8347 -0.5291
vn 0.0200 0.9974 -0.0695
vn 0.0680 -0.9694 -0.2360
vn 0.2770 -0.0000 -0.9609
vn 0.0680 0.9694 -0.2360
vn 0.0200 -0.9974 -0.0695
vn 0.0525 -0.9977 -0.0430
vn 0.4070 -0.8505 -0.3332
vn 0.4070 0.8505 -0.3332
vn 0.0525 0.9977 -0.0430
vn 0.1788 -0.9729 -0.1464
vn 0.7737 -0.0000 -0.6335
vn 0.1788 0.9729 -0.1464
vn 0.5091 -0.8607 -0.0000
vn 0.5091 0.8607 -0.0000
vn 0.0649 0.9979 -0.0000
vn 0.2215 -0.9752 -0.0000
vn 0.2215 0.9752 -0.0000
vn 0.0649 -0.9979 -0.0000
vn 0.0525 0.9977 0.0430
vn 0.1788 -0.9729 0.1464
vn 0.7737 -0.0000 0.6335
vn 0.1788 0.9729 0.1464
vn 0.0525 -0.9977 0.0430
vn 0.4070 -0.8505 0.3332
vn 0.4070 0.8505 0.3332
vn 0.0680 -0.9694 0.2360
vn 0.2770 -0.0000 0.9609
vn 0.0680 0.9694 0.2360
vn 0.0200 -0.9974 0.0695
vn 0.1526 -0.8347 0.5291
vn 0.1526 0.8347 0.5291
vn 0.0200 0.9974 0.0695
vn -0.2770 -0.0000 0.9609
vn -0.0680 0.9694 0.2360
vn -0.0200 -0.9974 0.0695
vn -0.1526 -0.8347 0.5291
vn -0.1526 0.8347 0.5291
vn -0.0200 0.9974 0.0695
vn -0.0680 -0.9694 0.2360
vn -0.0525 -0.9977 0.0430
vn -0.4070 -0.8505 0.3332
vn -0.4070 0.8505 0.3332
vn -0.0525 0.9977 0.0430
vn -0.1788 -0.9729 0.1464
vn -0.7737 -0.0000 0.6335
vn -0.1788 0.9729 0.1464
vn -0.0649 -0.9979 -0.0000
vn -0.5091 -0.8607 -0.0000
vn -0.5091 0.8607 -0.0000
vn -0.0649 0.9979 -0.0000
vn -0.2215 -0.9752 -0.0000
vn -0.2215 0.9752 -0.0000
vn -0.4070 0.8505 -0.3332
vn -0.0525 0.9977 -0.0430
vn -0.1788 -0.9729 -0.1464
vn -0.7737 -0.0000 -0.6335
vn -0.1788 0.9729 -0.1464
vn -0.0525 -0.9977 -0.0430
vn -0.4070 -0.8505 -0.3332
vn -0.0680 -0.9694 -0.2360
vn -0.2770 -0.0000 -0.9609
vn -0.0680 0.9694 -0.2360
vn -0.0200 -0.9974 -0.0695
vn -0.1526 -0.8347 -0.5291
vn -0.1526 0.8347 -0.5291
vn -0.0200 0.9974 -0.0695
vn 0.0257 -0.9952 -0.0947
vn 0.1749 -0.7442 -0.6446
vn 0.1749 0.7442 -0.6446
vn 0.0257 0.9952 -0.0947
vn 0.0853 -0.9454 -0.3145
vn 0.2619 -0.0000 -0.9651
vn 0.0853 0.9454 -0.3145
vn 0.7545 -0.0000 -0.6563
vn 0.2255 0.9543 -0.1962
vn 0.0674 -0.9960 -0.0586
vn 0.4769 -0.7749 -0.4148
vn 0.4769 0.7749 -0.4148
vn 0.0674 0.9960 -0.0586
vn 0.2255 -0.9543 -0.1962
vn 0.0833 -0.9965 -0.0000
vn 0.6054 -0.7959 -0.0000
vn 0.6054 0.7959 -0.0000
vn 0.0833 0.9965 -0.0000
vn 0.2804 -0.9599 -0.0000
vn 0.2804 0.9599 -0.0000
vn 0.0674 -0.9960 0.0586
vn 0.4769 -0.7749 0.4148
vn 0.4769 0.7749 0.4148
vn 0.0674 0.9960 0.0586
vn 0.2255 -0.9543 0.1962
vn 0.7545 -0.0000 0.6563
vn 0.2255 0.9543 0.1962
vn 0.1749 0.7442 0.6446
vn 0.0257 0.9952 0.0947
vn 0.0853 -0.9454 0.3145
vn 0.2619 -0.0000 0.9651
vn 0.0853 0.9454 0.3145
vn 0.0257 -0.9952 0.0947
vn 0.1749 -0.7442 0.6446
vn -0.0853 -0.9454 0.3145
vn -0.2619 -0.0000 0.9651
vn -0.0853 0.9454 0.3145
vn -0.0257 -0.9952 0.0947
vn -0.1749 -0.7442 0.6446
vn -0.1749 0.7442 0.6446
vn -0.0257 0.9952 0.0947
vn -0.2255 -0.9543 0.1962
vn -0.7545 -0.0000 0.6563
vn -0.2255 0.9543 0.1962
vn -0.0674 -0.9960 0.0586
vn -0.4769 -0.7749 0.4148
vn -0.4769 0.7749 0.4148
vn -0.0674 0.9960 0.0586
vn -0.2804 0.9599 -0.0000
vn -0.0833 -0.9965 -0.0000
vn -0.6054 -0.7959 -0.0000
vn -0.6054 0.7959 -0.0000
vn -0.0833 0.9965 -0.0000
vn -0.2804 -0.9599 -0.0000
vn -0.0674 -0.9960 -0.0586
vn -0.4769 -0.7749 -0.4148
vn -0.4769 0.7749 -0.4148
vn -0.0674 0.9960 -0.0586
vn -0.2255 -0.9543 -0.1962
vn -0.7545 -0.0000 -0.6563
vn -0.2255 0.9543 -0.1962
vn -0.1749 -0.7442 -0.6446
vn -0.1749 0.7442 -0.6446
vn -0.0257 0.9952 -0.0947
vn -0.0853 -0.9454 -0.3145
vn -0.2619 -0.0000 -0.9651
vn -0.0853 0.9454 -0.3145
vn -0.0257 -0.9952 -0.0947
vn 0.0655 -0.9660 -0.2500
vn 0.2536 -0.0000 -0.9673
vn 0.0655 0.9660 -0.2500
vn 0.0194 -0.9971 -0.0739
vn 0.1450 -0.8205 -0.5529
vn 0.1450 0.8205 -0.5529
vn 0.0194 0.9971 -0.0739
vn 0.3927 0.8490 -0.3536
vn 0.0507 0.9977 -0.0457
vn 0.1728 -0.9726 -0.1556
vn 0.7431 -0.0000 -0.6691
vn 0.1728 0.9726 -0.1556
vn 0.0507 -0.9977 -0.0457
vn 0.3927 -0.8490 -0.3536
vn 0.2144 -0.9767 -0.0000
vn 0.2144 0.9767 -0.0000
vn 0.0627 -0.9980 -0.0000
vn 0.4963 -0.8681 -0.0000
vn 0.4963 0.8681 -0.0000
vn 0.0627 0.9980 -0.0000
vn 0.1728 -0.9726 0.1556
vn 0.7431 -0.0000 0.6691
vn 0.1728 0.9726 0.1556
vn 0.0507 -0.9977 0.0457
vn 0.3927 -0.8490 0.3536
vn 0.3927 0.8490 0.3536
vn 0.0507 0.9977 0.0457
vn 0.0655 0.9660 0.2500
vn 0.0194 -0.9971 0.0739
vn 0.1450 -0.8205 0.5529
vn 0.1450 0.8205 0.5529
vn 0.0194 0.9971 0.0739
vn 0.0655 -0.9660 0.2500
vn 0.2536 -0.0000 0.9673
vn -0.0194 -0.9971 0.0739
vn -0.1450 -0.8205 0.5529
vn -0.1450 0.8205 0.5529
vn -0.0194 0.9971 0.0739
vn -0.0655 -0.9660 0.2500
vn -0.2536 -0.0000 0.9673
vn -0.0655 0.9660 0.2500
vn -0.3927 -0.8490 0.3536
vn -0.3927 0.8490 0.3536
vn -0.0507 0.9977 0.0457
vn -0.1728 -0.9726 0.1556
vn -0.7431 -0.0000 0.6691
vn -0.1728 0.9726 0.1556
vn -0.0507 -0.9977 0.0457
vn -0.0627 0.9980 -0.0000
vn -0.2144 -0.9767 -0.0000
vn -0.2144 0.9767 -0.0000
vn -0.0627 -0.9980 -0.0000
vn -0.4963 -0.8681 -0.0000
vn -0.4963 0.8681 -0.0000
vn -0.1728 -0.9726 -0.1556
vn -0.7431 -0.0000 -0.6691
vn -0.1728 0.9726 -0.1556
vn -0.0507 -0.9977 -0.0457
vn -0.3927 -0.8490 -0.3536
vn -0.3927 0.8490 -0.3536
vn -0.0507 0.9977 -0.0457
vn -0.2536 -0.0000 -0.9673
vn -0.0655 0.9660 -0.2500
vn -0.0194 -0.9971 -0.0739
vn -0.1450 -0.8205 -0.5529
vn -0.1450 0.8205 -0.5529
vn -0.0194 0.9971 -0.0739
vn -0.0655 -0.9660 -0.2500
vn 0.2469 -0.6745 -0.6957
vn 0.2469 0.6745 -0.6957
vn 0.0399 0.9928 -0.1126
vn 0.1296 -0.9219 -0.3652
vn 0.3344 -0.0000 -0.9424
vn 0.1296 0.9219 -0.3652
vn 0.0399 -0.9928 -0.1126
vn 0.1045 -0.9921 -0.0695
vn 0.6285 -0.6559 -0.4181
vn 0.6285 0.6559 -0.4181
vn 0.1045 0.9921 -0.0695
vn 0.3366 -0.9146 -0.2239
vn 0.8326 -0.0000 -0.5539
vn 0.3366 0.9146 -0.2239
vn 0.7641 -0.6451 -0.0000
vn 0.7641 0.6451 -0.0000
vn 0.1291 0.9916 -0.0000
vn 0.4140 -0.9103 -0.0000
vn 0.4140 0.9103 -0.0000
vn 0.1291 -0.9916 -0.0000
vn 0.1045 0.9921 0.0695
vn 0.3366 -0.9146 0.2239
vn 0.8326 -0.0000 0.5539
vn 0.3366 0.9146 0.2239
vn 0.1045 -0.9921 0.0695
vn 0.6285 -0.6559 0.4181
vn 0.6285 0.6559 0.4181
vn 0.1296 -0.9219 0.3652
vn 0.3344 -0.0000 0.9424
vn 0.1296 0.9219 0.3652
vn 0.0399 -0.9928 0.1126
vn 0.2469 -0.6745 0.6957
vn 0.2469 0.6745 0.6957
vn 0.0399 0.9928 0.1126
vn -0.3344 -0.0000 0.9424
vn -0.1296 0.9219 0.3652
vn -0.0399 -0.9928 0.1126
vn -0.2469 -0.6745 0.6957
vn -0.2469 0.6745 0.6957
vn -0.0399 0.9928 0.1126
vn -0.1296 -0.9219 0.3652
vn -0.1045 -0.9921 0.0695
vn -0.6285 -0.6559 0.4181
vn -0.6285 0.6559 0.4181
vn -0.1045 0.9921 0.0695
vn -0.3366 -0.9146 0.2239
vn -0.8326 -0.0000 0.5539
vn -0.3366 0.9146 0.2239
vn -0.1291 -0.9916 -0.0000
vn -0.7641 -0.6451 -0.0000
vn -0.7641 0.6451 -0.0000
vn -0.1291 0.9916 -0.0000
vn -0.4140 -0.9103 -0.0000
vn -0.4140 0.9103 -0.0000
vn -0.6285 0.6559 -0.4181
vn -0.1045 0.9921 -0.0695
vn -0.3366 -0.9146 -0.2239
vn -0.8326 -0.0000 -0.5539
vn -0.3366 0.9146 -0.2239
vn -0.1045 -0.9921 -0.0695
vn -0.6285 -0.6559 -0.4181
vn -0.1296 -0.9219 -0.3652
vn -0.3344 -0.0000 -0.9424
vn -0.1296 0.9219 -0.3652
vn -0.0399 -0.9928 -0.1126
vn -0.2469 -0.6745 -0.6957
vn -0.2469 0.6745 -0.6957
vn -0.0399 0.9928 -0.1126
vn 0.0164 -0.9986 -0.0501
vn 0.1349 -0.9015 -0.4112
vn 0.1349 0.9015 -0.4112
vn 0.0164 0.9986 -0.0501
vn 0.0565 -0.9834 -0.1723
vn 0.3118 -0.0000 -0.9501
vn 0.0565 0.9834 -0.1723
vn 0.8118 -0.0000 -0.5840
vn 0.1480 0.9832 -0.1065
vn 0.0430 -0.9986 -0.0309
vn 0.3529 -0.9006 -0.2539
vn 0.3529 0.9006 -0.2539
vn 0.0430 0.9986 -0.0309
vn 0.1480 -0.9832 -0.1065
vn 0.0532 -0.9986 -0.0000
vn 0.4359 -0.9000 -0.0000
vn 0.4359 0.9000 -0.0000
vn 0.0532 0.9986 -0.0000
vn 0.1829 -0.9831 -0.0000
vn 0.1829 0.9831 -0.0000
vn 0.0430 -0.9986 0.0309
vn 0.3529 -0.9006 0.2539
vn 0.3529 0.9006 0.2539
vn 0.0430 0.9986 0.0309
vn 0.1480 -0.9832 0.1065
vn 0.8118 -0.0000 0.5840
vn 0.1480 0.9832 0.1065
vn 0.1349 0.9015 0.4112
vn 0.0164 0.9986 0.0501
vn 0.0565 -0.9834 0.1723
vn 0.3118 -0.0000 0.9501
vn 0.0565 0.9834 0.1723
vn 0.0164 -0.9986 0.0501
vn 0.1349 -0.9015 0.4112
vn -0.0565 -0.9834 0.1723
vn -0.3118 -0.0000 0.9501
vn -0.0565 0.9834 0.1723
vn -0.0164 -0.9986 0.0501
vn -0.1349 -0.9015 0.4112
vn -0.1349 0.9015 0.4112
vn -0.0164 0.9986 0.0501
vn -0.1480 -0.9832 0.1065
vn -0.8118 -0.0000 0.5840
vn -0.1480 0.9832 0.1065
vn -0.0430 -0.9986 0.0309
vn -0.3529 -0.9006 0.2539
vn -0.3529 0.9006 0.2539
vn -0.0430 0.9986 0.0309
vn -0.1829 0.9831 -0.0000
vn -0.0532 -0.9986 -0.0000
vn -0.4359 -0.9000 -0.0000
vn -0.4359 0.9000 -0.0000
vn -0.0532 0.9986 -0.0000
vn -0.1829 -0.9831 -0.0000
vn -0.0430 -0.9986 -0.0309
vn -0.3529 -0.9006 -0.2539
vn -0.3529 0.9006 -0.2539
vn -0.0430 0.9986 -0.0309
vn -0.1480 -0.9832 -0.1065
vn -0.8118 -0.0000 -0.5840
vn -0.1480 0.9832 -0.1065
vn -0.1349 -0.9015 -0.4112
vn -0.1349 0.9015 -0.4112
vn -0.0164 0.9986 -0.0501
vn -0.0565 -0.9834 -0.1723
vn -0.3118 -0.0000 -0.9501
vn -0.0565 0.9834 -0.1723
vn -0.0164 -0.9986 -0.0501
vn 0.0819 -0.9248 -0.3715
vn 0.2152 -0.0000 -0.9766
vn 0.0819 0.9248 -0.3715
vn 0.0252 -0.9931 -0.1142
vn 0.1573 -0.6824 -0.7138
vn 0.1573 0.6824 -0.7138
vn 0.0252 0.9931 -0.1142
vn 0.4521 0.7491 -0.4842
vn 0.0660 0.9953 -0.0707
vn 0.2195 -0.9469 -0.2351
vn 0.6824 -0.0000 -0.7309
vn 0.2195 0.9469 -0.2351
vn 0.0660 -0.9953 -0.0707
vn 0.4521 -0.7491 -0.4842
vn 0.2754 -0.9613 -0.0000
vn 0.2754 0.9613 -0.0000
vn 0.0817 -0.9967 -0.0000
vn 0.5980 -0.8015 -0.0000
vn 0.5980 0.8015 -0.0000
vn 0.0817 0.9967 -0.0000
vn 0.2195 -0.9469 0.2351
vn 0.6824 -0.0000 0.7309
vn 0.2195 0.9469 0.2351
vn 0.0660 -0.9953 0.0707
vn 0.4521 -0.7491 0.4842
vn 0.4521 0.7491 0.4842
vn 0.0660 0.9953 0.0707
vn 0.0819 0.9248 0.3715
vn 0.0252 -0.9931 0.1142
vn 0.1573 -0.6824 0.7138
vn 0.1573 0.6824 0.7138
vn 0.0252 0.9931 0.1142
vn 0.0819 -0.9248 0.3715
vn 0.2152 -0.0000 0.9766
vn -0.0252 -0.9931 0.1142
vn -0.1573 -0.6824 0.7138
vn -0.1573 0.6824 0.7138
vn -0.0252 0.9931 0.1142
vn -0.0819 -0.9248 0.3715
vn -0.2152 -0.0000 0.9766
vn -0.0819 0.9248 0.3715
vn -0.4521 -0.7491 0.4842
vn -0.4521 0.7491 0.4842
vn -0.0660 0.9953 0.0707
vn -0.2195 -0.9469 0.2351
vn -0.6824 -0.0000 0.7309
vn -0.2195 0.9469 0.2351
vn -0.0660 -0.9953 0.0707
vn -0.0817 0.9967 -0.0000
vn -0.2754 -0.9613 -0.0000
vn -0.2754 0.9613 -0.0000
vn -0.0817 -0.9967 -0.0000
vn -0.5980 -0.8015 -0.0000
vn -0.5980 0.8015 -0.0000
vn -0.2195 -0.9469 -0.2351
vn -0.6824 -0.0000 -0.7309
vn -0.2195 0.9469 -0.2351
vn -0.0660 -0.9953 -0.0707
vn -0.4521 -0.7491 -0.4842
vn -0.4521 0.7491 -0.4842
vn -0.0660 0.9953 -0.0707
vn -0.2152 -0.0000 -0.9766
vn -0.0819 0.9248 -0.3715
vn -0.0252 -0.9931 -0.1142
vn -0.1573 -0.6824 -0.7138
vn -0.1573 0.6824 -0.7138
vn -0.0252 0.9931 -0.1142
vn -0.0819 -0.9248 -0.3715
vn 0.1513 -0.7651 -0.6259
vn 0.1513 0.7651 -0.6259
vn 0.0216 0.9957 -0.0895
vn 0.0723 -0.9515 -0.2989
vn 0.0723 0.9515 -0.2989
vn 0.0216 -0.9957 -0.0895
vn 0.0567 -0.9969 -0.0554
vn 0.4194 -0.8101 -0.4096
vn 0.4194 0.8101 -0.4096
vn 0.0567 0.9969 -0.0554
vn 0.1916 -0.9635 -0.1871
vn 0.7154 -0.0000 -0.6987
vn 0.1916 0.9635 -0.1871
vn 0.5390 -0.8423 -0.0000
vn 0.5390 0.8423 -0.0000
vn 0.0702 0.9975 -0.0000
vn 0.2387 -0.9711 -0.0000
vn 0.2387 0.9711 -0.0000
vn 0.0702 -0.9975 -0.0000
vn 0.0567 0.9969 0.0554
vn 0.1916 -0.9635 0.1871
vn 0.7154 -0.0000 0.6987
vn 0.1916 0.9635 0.1871
vn 0.0567 -0.9969 0.0554
vn 0.4194 -0.8101 0.4096
vn 0.4194 0.8101 0.4096
vn 0.0723 -0.9515 0.2989
vn 0.0723 0.9515 0.2989
vn 0.0216 -0.9957 0.0895
vn 0.1513 -0.7651 0.6259
vn 0.1513 0.7651 0.6259
vn 0.0216 0.9957 0.0895
vn -0.0723 0.9515 0.2989
vn -0.0216 -0.9957 0.0895
vn -0.1513 -0.7651 0.6259
vn -0.1513 0.7651 0.6259
vn -0.0216 0.9957 0.0895
vn -0.0723 -0.9515 0.2989
vn -0.0567 -0.9969 0.0554
vn -0.4194 -0.8101 0.4096
vn -0.4194 0.8101 0.4096
vn -0.0567 0.9969 0.0554
vn -0.1916 -0.9635 0.1871
vn -0.7154 -0.0000 0.6987
vn -0.1916 0.9635 0.1871
vn -0.0702 -0.9975 -0.0000
vn -0.5390 -0.8423 -0.0000
vn -0.5390 0.8423 -0.0000
vn -0.0702 0.9975 -0.0000
vn -0.2387 -0.9711 -0.0000
vn -0.2387 0.9711 -0.0000
vn -0.4194 0.8101 -0.4096
vn -0.0567 0.9969 -0.0554
vn -0.1916 -0.9635 -0.1871
vn -0.7154 -0.0000 -0.6987
vn -0.1916 0.9635 -0.1871
vn -0.0567 -0.9969 -0.0554
vn -0.4194 -0.8101 -0.4096
vn -0.0723 -0.9515 -0.2989
vn -0.0723 0.9515 -0.2989
vn -0.0216 -0.9957 -0.0895
vn -0.1513 -0.7651 -0.6259
vn -0.1513 0.7651 -0.6259
vn -0.0216 0.9957 -0.0895
vn 0.3782 -0.0000 -0.9257
vn 0.0975 0.9662 -0.2386
vn 0.0288 -0.9971 -0.0705
vn 0.2158 -0.8213 -0.5281
vn 0.2158 0.8213 -0.5281
vn 0.0288 0.9971 -0.0705
vn 0.0975 -0.9662 -0.2386
vn 0.2527 -0.9565 -0.1460
vn 0.8659 -0.0000 -0.5003
vn 0.2527 0.9565 -0.1460
vn 0.0753 -0.9962 -0.0435
vn 0.5386 -0.7830 -0.3112
vn 0.5386 0.7830 -0.3112
vn 0.0753 0.9962 -0.0435
vn 0.3104 0.9506 -0.0000
vn 0.0931 -0.9957 -0.0000
vn 0.6478 -0.7618 -0.0000
vn 0.6478 0.7618 -0.0000
vn 0.0931 0.9957 -0.0000
vn 0.3104 -0.9506 -0.0000
vn 0.0753 -0.9962 0.0435
vn 0.5386 -0.7830 0.3112
vn 0.5386 0.7830 0.3112
vn 0.0753 0.9962 0.0435
vn 0.2527 -0.9565 0.1460
vn 0.8659 -0.0000 0.5003
vn 0.2527 0.9565 0.1460
vn 0.0288 -0.9971 0.0705
vn 0.2158 -0.8213 0.5281
vn 0.2158 0.8213 0.5281
vn 0.0288 0.9971 0.0705
vn 0.0975 -0.9662 0.2386
vn 0.3782 -0.0000 0.9257
vn 0.0975 0.9662 0.2386
vn -0.2158 0.8213 0.5281
vn -0.0288 0.9971 0.0705
vn -0.0975 -0.9662 0.2386
vn -0.3782 -0.0000 0.9257
vn -0.0975 0.9662 0.2386
vn -0.0288 -0.9971 0.0705
vn -0.2158 -0.8213 0.5281
vn -0.2527 -0.9565 0.1460
vn -0.8659 -0.0000 0.5003
vn -0.2527 0.9565 0.1460
vn -0.0753 -0.9962 0.0435
vn -0.5386 -0.7830 0.3112
vn -0.5386 0.7830 0.3112
vn -0.0753 0.9962 0.0435
vn -0.3104 -0.9506 -0.0000
vn -0.3104 0.9506 -0.0000
vn -0.0931 -0.9957 -0.0000
vn -0.6478 -0.7618 -0.0000
vn -0.6478 0.7618 -0.0000
vn -0.0931 0.9957 -0.0000
vn -0.2527 0.9565 -0.1460
vn -0.0753 -0.9962 -0.0435
vn -0.5386 -0.7830 -0.3112
vn -0.5386 0.7830 -0.3112
vn -0.0753 0.9962 -0.0435
vn -0.2527 -0.9565 -0.1460
vn -0.8659 -0.0000 -0.5003
vn -0.0288 -0.9971 -0.0705
vn -0.2158 -0.8213 -0.5281
vn -0.2158 0.8213 -0.5281
vn -0.0288 0.9971 -0.0705
vn -0.0975 -0.9662 -0.2386
vn -0.3782 -0.0000 -0.9257
vn -0.0975 0.9662 -0.2386
vn 0.0777 -0.9692 -0.2337
vn 0.3156 -0.0000 -0.9489
vn 0.0777 0.9692 -0.2337
vn 0.0229 -0.9974 -0.0688
vn 0.1742 -0.8340 -0.5236
vn 0.1742 0.8340 -0.5236
vn 0.0229 0.9974 -0.0688
vn 0.4541 0.8306 -0.3223
vn 0.0599 0.9973 -0.0425
vn 0.2033 -0.9684 -0.1443
vn 0.8155 -0.0000 -0.5787
vn 0.2033 0.9684 -0.1443
vn 0.0599 -0.9973 -0.0425
vn 0.4541 -0.8306 -0.3223
vn 0.2512 -0.9679 -0.0000
vn 0.2512 0.9679 -0.0000
vn 0.0741 -0.9973 -0.0000
vn 0.5599 -0.8285 -0.0000
vn 0.5599 0.8285 -0.0000
vn 0.0741 0.9973 -0.0000
vn 0.2033 -0.9684 0.1443
vn 0.8155 -0.0000 0.5787
vn 0.2033 0.9684 0.1443
vn 0.0599 -0.9973 0.0425
vn 0.4541 -0.8306 0.3223
vn 0.4541 0.8306 0.3223
vn 0.0599 0.9973 0.0425
vn 0.0777 0.9692 0.2337
vn 0.0229 -0.9974 0.0688
vn 0.1742 -0.8340 0.5236
vn 0.1742 0.8340 0.5236
vn 0.0229 0.9974 0.0688
vn 0.0777 -0.9692 0.2337
vn 0.3156 -0.0000 0.9489
vn -0.0229 -0.9974 0.0688
vn -0.1742 -0.8340 0.5236
vn -0.1742 0.8340 0.5236
vn -0.0229 0.9974 0.0688
vn -0.0777 -0.9692 0.2337
vn -0.3156 -0.0000 0.9489
vn -0.0777 0.9692 0.2337
vn -0.4541 -0.8306 0.3223
vn -0.4541 0.8306 0.3223
vn -0.0599 0.9973 0.0425
vn -0.2033 -0.9684 0.1443
vn -0.8155 -0.0000 0.5787
vn -0.2033 0.9684 0.1443
vn -0.0599 -0.9973 0.0425
vn -0.0741 0.9973 -0.0000
vn -0.2512 -0.9679 -0.0000
vn -0.2512 0.9679 -0.0000
vn -0.0741 -0.9973 -0.0000
vn -0.5599 -0.8285 -0.0000
vn -0.5599 0.8285 -0.0000
vn -0.2033 -0.9684 -0.1443
vn -0.8155 -0.0000 -0.5787
vn -0.2033 0.9684 -0.1443
vn -0.0599 -0.9973 -0.0425
vn -0.4541 -0.8306 -0.3223
vn -0.4541 0.8306 -0.3223
vn -0.0599 0.9973 -0.0425
vn -0.3156 -0.0000 -0.9489
vn -0.0777 0.9692 -0.2337
vn -0.0229 -0.9974 -0.0688
vn -0.1742 -0.8340 -0.5236
vn -0.1742 0.8340 -0.5236
vn -0.0229 0.9974 -0.0688
vn -0.0777 -0.9692 -0.2337
vn 0.0244 -0.9944 -0.1029
vn 0.1602 -0.7186 -0.6767
vn 0.1602 0.7186 -0.6767
vn 0.0244 0.9944 -0.1029
vn 0.0803 -0.9374 -0.3390
vn 0.2304 -0.0000 -0.9731
vn 0.0803 0.9374 -0.3390
vn 0.2137 0.9534 -0.2131
vn 0.0639 -0.9959 -0.0637
vn 0.4504 -0.7716 -0.4491
vn 0.4504 0.7716 -0.4491
vn 0.0639 0.9959 -0.0637
vn 0.2137 -0.9534 -0.2131
vn 0.7081 -0.0000 -0.7061
vn 0.0791 -0.9969 -0.0000
vn 0.5851 -0.8110 -0.0000
vn 0.5851 0.8110 -0.0000
vn 0.0791 0.9969 -0.0000
vn 0.2670 -0.9637 -0.0000
vn 0.2670 0.9637 -0.0000
vn 0.4504 -0.7716 0.4491
vn 0.4504 0.7716 0.4491
vn 0.0639 0.9959 0.0637
vn 0.2137 -0.9534 0.2131
vn 0.7081 -0.0000 0.7061
vn 0.2137 0.9534 0.2131
vn 0.0639 -0.9959 0.0637
vn 0.0244 0.9944 0.1029
vn 0.0803 -0.9374 0.3390
vn 0.2304 -0.0000 0.9731
vn 0.0803 0.9374 0.3390
vn 0.0244 -0.9944 0.1029
vn 0.1602 -0.7186 0.6767
vn 0.1602 0.7186 0.6767
vn -0.0803 -0.9374 0.3390
vn -0.2304 -0.0000 0.9731
vn -0.0803 0.9374 0.3390
vn -0.0244 -0.9944 0.1029
vn -0.1602 -0.7186 0.6767
vn -0.1602 0.7186 0.6767
vn -0.0244 0.9944 0.1029
vn -0.7081 -0.0000 0.7061
vn -0.2137 0.9534 0.2131
vn -0.0639 -0.9959 0.0637
vn -0.4504 -0.7716 0.4491
vn -0.4504 0.7716 0.4491
vn -0.0639 0.9959 0.0637
vn -0.2137 -0.9534 0.2131
vn -0.0791 -0.9969 -0.0000
vn -0.5851 -0.8110 -0.0000
vn -0.5851 0.8110 -0.0000
vn -0.0791 0.9969 -0.0000
vn -0.2670 -0.9637 -0.0000
vn -0.2670 0.9637 -0.0000
vn -0.0639 -0.9959 -0.0637
vn -0.4504 -0.7716 -0.4491
vn -0.4504 0.7716 -0.4491
vn -0.0639 0.9959 -0.0637
vn -0.2137 -0.9534 -0.2131
vn -0.7081 -0.0000 -0.7061
vn -0.2137 0.9534 -0.2131
vn -0.1602 0.7186 -0.6767
vn -0.0244 0.9944 -0.1029
vn -0.0803 -0.9374 -0.3390
vn -0.2304 -0.0000 -0.9731
vn -0.0803 0.9374 -0.3390
vn -0.0244 -0.9944 -0.1029
vn -0.1602 -0.7186 -0.6767
vn 0.1909 -0.0000 -0.9816
vn 0.0476 0.9684 -0.2447
vn 0.0140 -0.9973 -0.0721
vn 0.1063 -0.8306 -0.5466
vn 0.1063 0.8306 -0.5466
vn 0.0140 0.9973 -0.0721
vn 0.0476 -0.9684 -0.2447
vn 0.1261 -0.9801 -0.1531
vn 0.6359 -0.0000 -0.7718
vn 0.1261 0.9801 -0.1531
vn 0.0368 -0.9983 -0.0446
vn 0.2964 -0.8847 -0.3598
vn 0.2964 0.8847 -0.3598
vn 0.0368 0.9983 -0.0446
vn 0.1571 0.9876 -0.0000
vn 0.0455 -0.9990 -0.0000
vn 0.3826 -0.9239 -0.0000
vn 0.3826 0.9239 -0.0000
vn 0.0455 0.9990 -0.0000
vn 0.1571 -0.9876 -0.0000
vn 0.0368 -0.9983 0.0446
vn 0.2964 -0.8847 0.3598
vn 0.2964 0.8847 0.3598
vn 0.0368 0.9983 0.0446
vn 0.1261 -0.9801 0.1531
vn 0.6359 -0.0000 0.7718
vn 0.1261 0.9801 0.1531
vn 0.0140 -0.9973 0.0721
vn 0.1063 -0.8306 0.5466
vn 0.1063 0.8306 0.5466
vn 0.0140 0.9973 0.0721
vn 0.0476 -0.9684 0.2447
vn 0.1909 -0.0000 0.9816
vn 0.0476 0.9684 0.2447
vn -0.1063 0.8306 0.5466
vn -0.0140 0.9973 0.0721
vn -0.0476 -0.9684 0.2447
vn -0.1909 -0.0000 0.9816
vn -0.0476 0.9684 0.2447
vn -0.0140 -0.9973 0.0721
vn -0.1063 -0.8306 0.5466
vn -0.1261 -0.9801 0.1531
vn -0.6359 -0.0000 0.7718
vn -0.1261 0.9801 0.1531
vn -0.0368 -0.9983 0.0446
vn -0.2964 -0.8847 0.3598
vn -0.2964 0.8847 0.3598
vn -0.0368 0.9983 0.0446
vn -0.1571 -0.9876 -0.0000
vn -0.1571 0.9876 -0.0000
vn -0.0455 -0.9990 -0.0000
vn -0.3826 -0.9239 -0.0000
vn -0.3826 0.9239 -0.0000
vn -0.0455 0.9990 -0.0000
vn -0.1261 0.9801 -0.1531
vn -0.0368 -0.9983 -0.0446
vn -0.2964 -0.8847 -0.3598
vn -0.2964 0.8847 -0.3598
vn -0.0368 0.9983 -0.0446
vn -0.1261 -0.9801 -0.1531
vn -0.6359 -0.0000 -0.7718
vn -0.0140 -0.9973 -0.0721
vn -0.1063 -0.8306 -0.5466
vn -0.1063 0.8306 -0.5466
vn -0.0140 0.9973 -0.0721
vn -0.0476 -0.9684 -0.2447
vn -0.1909 -0.0000 -0.9816
vn -0.0476 0.9684 -0.2447
vn 0.0862 -0.9515 -0.2953
vn 0.2803 -0.0000 -0.9599
vn 0.0862 0.9515 -0.2953
vn 0.0258 -0.9957 -0.0884
vn 0.1805 -0.7651 -0.6182
vn 0.1805 0.7651 -0.6182
vn 0.0258 0.9957 -0.0884
vn 0.4837 0.7830 -0.3910
vn 0.0676 0.9962 -0.0547
vn 0.2269 -0.9565 -0.1834
vn 0.7777 -0.0000 -0.6287
vn 0.2269 0.9565 -0.1834
vn 0.0676 -0.9962 -0.0547
vn 0.4837 -0.7830 -0.3910
vn 0.2814 -0.9596 -0.0000
vn 0.2814 0.9596 -0.0000
vn 0.0836 -0.9965 -0.0000
vn 0.6069 -0.7948 -0.0000
vn 0.6069 0.7948 -0.0000
vn 0.0836 0.9965 -0.0000
vn 0.2269 -0.9565 0.1834
vn 0.7777 -0.0000 0.6287
vn 0.2269 0.9565 0.1834
vn 0.0676 -0.9962 0.0547
vn 0.4837 -0.7830 0.3910
vn 0.4837 0.7830 0.3910
vn 0.0676 0.9962 0.0547
vn 0.0862 0.9515 0.2953
vn 0.0258 -0.9957 0.0884
vn 0.1805 -0.7651 0.6182
vn 0.1805 0.7651 0.6182
vn 0.0258 0.9957 0.0884
vn 0.0862 -0.9515 0.2953
vn 0.2803 -0.0000 0.9599
vn -0.0258 -0.9957 0.0884
vn -0.1805 -0.7651 0.6182
vn -0.1805 0.7651 0.6182
vn -0.0258 0.9957 0.0884
vn -0.0862 -0.9515 0.2953
vn -0.2803 -0.0000 0.9599
vn -0.0862 0.9515 0.2953
vn -0.4837 -0.7830 0.3910
vn -0.4837 0.7830 0.3910
vn -0.0676 0.9962 0.0547
vn -0.2269 -0.9565 0.1834
vn -0.7777 -0.0000 0.6287
vn -0.2269 0.9565 0.1834
vn -0.0676 -0.9962 0.0547
vn -0.0836 0.9965 -0.0000
vn -0.2814 -0.9596 -0.0000
vn -0.2814 0.9596 -0.0000
vn -0.0836 -0.9965 -0.0000
vn -0.6069 -0.7948 -0.0000
vn -0.6069 0.7948 -0.0000
vn -0.2269 -0.9565 -0.1834
vn -0.7777 -0.0000 -0.6287
vn -0.2269 0.9565 -0.1834
vn -0.0676 -0.9962 -0.0547
vn -0.4837 -0.7830 -0.3910
vn -0.4837 0.7830 -0.3910
vn -0.0676 0.9962 -0.0547
vn -0.2803 -0.0000 -0.9599
vn -0.0862 0.9515 -0.2953
vn -0.0258 -0.9957 -0.0884
vn -0.1805 -0.7651 -0.6182
vn -0.1805 0.7651 -0.6182
vn -0.0258 0.9957 -0.0884
vn -0.0862 -0.9515 -0.2953
vn 0.0330 -0.9962 -0.0812
vn 0.2350 -0.7807 -0.5790
vn 0.2350 0.7807 -0.5790
vn 0.0330 0.9962 -0.0812
vn 0.1105 -0.9559 -0.2722
vn 0.3761 -0.0000 -0.9266
vn 0.1105 0.9559 -0.2722
vn 0.2856 0.9438 -0.1661
vn 0.0862 -0.9950 -0.0501
vn 0.5823 -0.7390 -0.3387
vn 0.5823 0.7390 -0.3387
vn 0.0862 0.9950 -0.0501
vn 0.2856 -0.9438 -0.1661
vn 0.8644 -0.0000 -0.5028
vn 0.1064 -0.9943 -0.0000
vn 0.6977 -0.7164 -0.0000
vn 0.6977 0.7164 -0.0000
vn 0.1064 0.9943 -0.0000
vn 0.3503 -0.9366 -0.0000
vn 0.3503 0.9366 -0.0000
vn 0.5823 -0.7390 0.3387
vn 0.5823 0.7390 0.3387
vn 0.0862 0.9950 0.0501
vn 0.2856 -0.9438 0.1661
vn 0.8644 -0.0000 0.5028
vn 0.2856 0.9438 0.1661
vn 0.0862 -0.9950 0.0501
vn 0.0330 0.9962 0.0812
vn 0.1105 -0.9559 0.2722
vn 0.3761 -0.0000 0.9266
vn 0.1105 0.9559 0.2722
vn 0.0330 -0.9962 0.0812
vn 0.2350 -0.7807 0.5790
vn 0.2350 0.7807 0.5790
vn -0.1105 -0.9559 0.2722
vn -0.3761 -0.0000 0.9266
vn -0.1105 0.9559 0.2722
vn -0.0330 -0.9962 0.0812
vn -0.2350 -0.7807 0.5790
vn -0.2350 0.7807 0.5790
vn -0.0330 0.9962 0.0812
vn -0.8644 -0.0000 0.5028
vn -0.2856 0.9438 0.1661
vn -0.0862 -0.9950 0.0501
vn -0.5823 -0.7390 0.3387
vn -0.5823 0.7390 0.3387
vn -0.0862 0.9950 0.0501
vn -0.2856 -0.9438 0.1661
vn -0.1064 -0.9943 -0.0000
vn -0.6977 -0.7164 -0.0000
vn -0.6977 0.7164 -0.0000
vn -0.1064 0.9943 -0.0000
vn -0.3503 -0.9366 -0.0000
vn -0.3503 0.9366 -0.0000
vn -0.0862 -0.9950 -0.0501
vn -0.5823 -0.7390 -0.3387
vn -0.5823 0.7390 -0.3387
vn -0.0862 0.9950 -0.0501
vn -0.2856 -0.9438 -0.1661
vn -0.8644 -0.0000 -0.5028
vn -0.2856 0.9438 -0.1661
vn -0.2350 0.7807 -0.5790
vn -0.0330 0.9962 -0.0812
vn -0.1105 -0.9559 -0.2722
vn -0.3761 -0.0000 -0.9266
vn -0.1105 0.9559 -0.2722
vn -0.0330 -0.9962 -0.0812
vn -0.2350 -0.7807 -0.5790
vn 0.2984 -0.0000 -0.9544
vn 0.0627 0.9777 -0.2006
vn 0.0183 -0.9981 -0.0586
vn 0.1457 -0.8726 -0.4662
vn 0.1457 0.8726 -0.4662
vn 0.0183 0.9981 -0.0586
vn 0.0627 -0.9777 -0.2006
vn 0.1643 -0.9786 -0.1241
vn 0.7980 -0.0000 -0.6026
vn 0.1643 0.9786 -0.1241
vn 0.0480 -0.9982 -0.0362
vn 0.3835 -0.8770 -0.2896
vn 0.3835 0.8770 -0.2896
vn 0.0480 0.9982 -0.0362
vn 0.2032 0.9791 -0.0000
vn 0.0593 -0.9982 -0.0000
vn 0.4755 -0.8797 -0.0000
vn 0.4755 0.8797 -0.0000
vn 0.0593 0.9982 -0.0000
vn 0.2032 -0.9791 -0.0000
vn 0.0480 -0.9982 0.0362
vn 0.3835 -0.8770 0.2896
vn 0.3835 0.8770 0.2896
vn 0.0480 0.9982 0.0362
vn 0.1643 -0.9786 0.1241
vn 0.7980 -0.0000 0.6026
vn 0.1643 0.9786 0.1241
vn 0.0183 -0.9981 0.0586
vn 0.1457 -0.8726 0.4662
vn 0.1457 0.8726 0.4662
vn 0.0183 0.9981 0.0586
vn 0.0627 -0.9777 0.2006
vn 0.2984 -0.0000 0.9544
vn 0.0627 0.9777 0.2006
vn -0.1457 0.8726 0.4662
vn -0.0183 0.9981 0.0586
vn -0.0627 -0.9777 0.2006
vn -0.2984 -0.0000 0.9544
vn -0.0627 0.9777 0.2006
vn -0.0183 -0.9981 0.0586
vn -0.1457 -0.8726 0.4662
vn -0.1643 -0.9786 0.1241
vn -0.7980 -0.0000 0.6026
vn -0.1643 0.9786 0.1241
vn -0.0480 -0.9982 0.0362
vn -0.3835 -0.8770 0.2896
vn -0.3835 0.8770 0.2896
vn -0.0480 0.9982 0.0362
vn -0.2032 -0.9791 -0.0000
vn -0.2032 0.9791 -0.0000
vn -0.0593 -0.9982 -0.0000
vn -0.4755 -0.8797 -0.0000
vn -0.4755 0.8797 -0.0000
vn -0.0593 0.9982 -0.0000
vn -0.1643 0.9786 -0.1241
vn -0.0480 -0.9982 -0.0362
vn -0.3835 -0.8770 -0.2896
vn -0.3835 0.8770 -0.2896
vn -0.0480 0.9982 -0.0362
vn -0.1643 -0.9786 -0.1241
vn -0.7980 -0.0000 -0.6026
vn -0.0183 -0.9981 -0.0586
vn -0.1457 -0.8726 -0.4662
vn -0.1457 0.8726 -0.4662
vn -0.0183 0.9981 -0.0586
vn -0.0627 -0.9777 -0.2006
vn -0.2984 -0.0000 -0.9544
vn -0.0627 0.9777 -0.2006
vn 0.1551 0.6657 -0.7299
vn 0.0254 0.9925 -0.1196
vn 0.0822 -0.9185 -0.3867
vn 0.2079 -0.0000 -0.9781
vn 0.0822 0.9185 -0.3867
vn 0.0254 -0.9925 -0.1196
vn 0.1551 -0.6657 -0.7299
vn 0.0667 -0.9950 -0.0741
vn 0.4509 -0.7389 -0.5007
vn 0.4509 0.7389 -0.5007
vn 0.0667 0.9950 -0.0741
vn 0.2212 -0.9438 -0.2456
vn 0.6691 -0.0000 -0.7431
vn 0.2212 0.9438 -0.2456
vn 0.6021 0.7984 -0.0000
vn 0.0826 0.9966 -0.0000
vn 0.2782 -0.9605 -0.0000
vn 0.2782 0.9605 -0.0000
vn 0.0826 -0.9966 -0.0000
vn 0.6021 -0.7984 -0.0000
vn 0.2212 -0.9438 0.2456
vn 0.6691 -0.0000 0.7431
vn 0.2212 0.9438 0.2456
vn 0.0667 -0.9950 0.0741
vn 0.4509 -0.7389 0.5007
vn 0.4509 0.7389 0.5007
vn 0.0667 0.9950 0.0741
vn 0.0822 -0.9185 0.3867
vn 0.2079 -0.0000 0.9781
vn 0.0822 0.9185 0.3867
vn 0.0254 -0.9925 0.1196
vn 0.1551 -0.6657 0.7299
vn 0.1551 0.6657 0.7299
vn 0.0254 0.9925 0.1196
vn -0.0822 0.9185 0.3867
vn -0.0254 -0.9925 0.1196
vn -0.1551 -0.6657 0.7299
vn -0.1551 0.6657 0.7299
vn -0.0254 0.9925 0.1196
vn -0.0822 -0.9185 0.3867
vn -0.2079 -0.0000 0.9781
vn -0.0667 -0.9950 0.0741
vn -0.4509 -0.7389 0.5007
vn -0.4509 0.7389 0.5007
vn -0.0667 0.9950 0.0741
vn -0.2212 -0.9438 0.2456
vn -0.6691 -0.0000 0.7431
vn -0.2212 0.9438 0.2456
vn -0.6021 -0.7984 -0.0000
vn -0.6021 0.7984 -0.0000
vn -0.0826 0.9966 -0.0000
vn -0.2782 -0.9605 -0.0000
vn -0.2782 0.9605 -0.0000
vn -0.0826 -0.9966 -0.0000
vn -0.0667 0.9950 -0.0741
vn -0.2212 -0.9438 -0.2456
vn -0.6691 -0.0000 -0.7431
vn -0.2212 0.9438 -0.2456
vn -0.0667 -0.9950 -0.0741
vn -0.4509 -0.7389 -0.5007
vn -0.4509 0.7389 -0.5007
vn -0.0822 -0.9185 -0.3867
vn -0.2079 -0.0000 -0.9781
vn -0.0822 0.9185 -0.3867
vn -0.0254 -0.9925 -0.1196
vn -0.1551 -0.6657 -0.7299
vn -0.1551 0.6657 -0.7299
vn -0.0254 0.9925 -0.1196
vn 0.1492 0.7764 -0.6123
vn 0.0210 0.9960 -0.0863
vn 0.0704 -0.9547 -0.2892
vn 0.2367 -0.0000 -0.9716
vn 0.0704 0.9547 -0.2892
vn 0.0210 -0.9960 -0.0863
vn 0.1492 -0.7764 -0.6123
vn 0.0551 -0.9970 -0.0534
vn 0.4120 -0.8191 -0.3992
vn 0.4120 0.8191 -0.3992
vn 0.0551 0.9970 -0.0534
vn 0.1866 -0.9657 -0.1808
vn 0.7182 -0.0000 -0.6959
vn 0.1866 0.9657 -0.1808
vn 0.5280 0.8492 -0.0000
vn 0.0682 0.9977 -0.0000
vn 0.2323 -0.9727 -0.0000
vn 0.2323 0.9727 -0.0000
vn 0.0682 -0.9977 -0.0000
vn 0.5280 -0.8492 -0.0000
vn 0.1866 -0.9657 0.1808
vn 0.7182 -0.0000 0.6959
vn 0.1866 0.9657 0.1808
vn 0.0551 -0.9970 0.0534
vn 0.4120 -0.8191 0.3992
vn 0.4120 0.8191 0.3992
vn 0.0551 0.9970 0.0534
vn 0.0704 -0.9547 0.2892
vn 0.2367 -0.0000 0.9716
vn 0.0704 0.9547 0.2892
vn 0.0210 -0.9960 0.0863
vn 0.1492 -0.7764 0.6123
vn 0.1492 0.7764 0.6123
vn 0.0210 0.9960 0.0863
vn -0.0704 0.9547 0.2892
vn -0.0210 -0.9960 0.0863
vn -0.1492 -0.7764 0.6123
vn -0.1492 0.7764 0.6123
vn -0.0210 0.9960 0.0863
vn -0.0704 -0.9547 0.2892
vn -0.2367 -0.0000 0.9716
vn -0.0551 -0.9970 0.0534
vn -0.4120 -0.8191 0.3992
vn -0.4120 0.8191 0.3992
vn -0.0551 0.9970 0.0534
vn -0.1866 -0.9657 0.1808
vn -0.7182 -0.0000 0.6959
vn -0.1866 0.9657 0.1808
vn -0.5280 -0.8492 -0.0000
vn -0.5280 0.8492 -0.0000
vn -0.0682 0.9977 -0.0000
vn -0.2323 -0.9727 -0.0000
vn -0.2323 0.9727 -0.0000
vn -0.0682 -0.9977 -0.0000
vn -0.0551 0.9970 -0.0534
vn -0.1866 -0.9657 -0.1808
vn -0.7182 -0.0000 -0.6959
vn -0.1866 0.9657 -0.1808
vn -0.0551 -0.9970 -0.0534
vn -0.4120 -0.8191 -0.3992
vn -0.4120 0.8191 -0.3992
vn -0.0704 -0.9547 -0.2892
vn -0.2367 -0.0000 -0.9716
vn -0.0704 0.9547 -0.2892
vn -0.0210 -0.9960 -0.0863
vn -0.1492 -0.7764 -0.6123
vn -0.1492 0.7764 -0.6123
vn -0.0210 0.9960 -0.0863
vn 0.1206 0.9065 -0.4047
vn 0.0146 0.9987 -0.0490
vn 0.0503 -0.9844 -0.1688
vn 0.2856 -0.0000 -0.9584
vn 0.0503 0.9844 -0.1688
vn 0.0146 -0.9987 -0.0490
vn 0.1206 -0.9065 -0.4047
vn 0.0382 -0.9988 -0.0303
vn 0.3183 -0.9138 -0.2522
vn 0.3183 0.9138 -0.2522
vn 0.0382 0.9988 -0.0303
vn 0.1319 -0.9857 -0.1045
vn 0.7838 -0.0000 -0.6210
vn 0.1319 0.9857 -0.1045
vn 0.3954 0.9185 -0.0000
vn 0.0473 0.9989 -0.0000
vn 0.1631 -0.9866 -0.0000
vn 0.1631 0.9866 -0.0000
vn 0.0473 -0.9989 -0.0000
vn 0.3954 -0.9185 -0.0000
vn 0.1319 -0.9857 0.1045
vn 0.7838 -0.0000 0.6210
vn 0.1319 0.9857 0.1045
vn 0.0382 -0.9988 0.0303
vn 0.3183 -0.9138 0.2522
vn 0.3183 0.9138 0.2522
vn 0.0382 0.9988 0.0303
vn 0.0503 -0.9844 0.1688
vn 0.2856 -0.0000 0.9584
vn 0.0503 0.9844 0.1688
vn 0.0146 -0.9987 0.0490
vn 0.1206 -0.9065 0.4047
vn 0.1206 0.9065 0.4047
vn 0.0146 0.9987 0.0490
vn -0.0503 0.9844 0.1688
vn -0.0146 -0.9987 0.0490
vn -0.1206 -0.9065 0.4047
vn -0.1206 0.9065 0.4047
vn -0.0146 0.9987 0.0490
vn -0.0503 -0.9844 0.1688
vn -0.2856 -0.0000 0.9584
vn -0.0382 -0.9988 0.0303
vn -0.3183 -0.9138 0.2522
vn -0.3183 0.9138 0.2522
vn -0.0382 0.9988 0.0303
vn -0.1319 -0.9857 0.1045
vn -0.7838 -0.0000 0.6210
vn -0.1319 0.9857 0.1045
vn -0.3954 -0.9185 -0.0000
vn -0.3954 0.9185 -0.0000
vn -0.0473 0.9989 -0.0000
vn -0.1631 -0.9866 -0.0000
vn -0.1631 0.9866 -0.0000
vn -0.0473 -0.9989 -0.0000
vn -0.0382 0.9988 -0.0303
vn -0.1319 -0.9857 -0.1045
vn -0.7838 -0.0000 -0.6210
vn -0.1319 0.9857 -0.1045
vn -0.0382 -0.9988 -0.0303
vn -0.3183 -0.9138 -0.2522
vn -0.3183 0.9138 -0.2522
vn -0.0503 -0.9844 -0.1688
vn -0.2856 -0.0000 -0.9584
vn -0.0503 0.9844 -0.1688
vn -0.0146 -0.9987 -0.0490
vn -0.1206 -0.9065 -0.4047
vn -0.1206 0.9065 -0.4047
vn -0.0146 0.9987 -0.0490
vn 0.0312 -0.9937 -0.1079
vn 0.1994 -0.6973 -0.6885
vn 0.1994 0.6973 -0.6885
vn 0.0312 0.9937 -0.1079
vn 0.1022 -0.9301 -0.3527
vn 0.2782 -0.0000 -0.9605
vn 0.1022 0.9301 -0.3527
vn 0.0819 -0.9944 -0.0667
vn 0.5386 -0.7192 -0.4389
vn 0.5386 0.7192 -0.4389
vn 0.0819 0.9944 -0.0667
vn 0.2696 -0.9376 -0.2197
vn 0.7752 -0.0000 -0.6317
vn 0.2696 0.9376 -0.2197
vn 0.1012 -0.9949 -0.0000
vn 0.6793 -0.7339 -0.0000
vn 0.6793 0.7339 -0.0000
vn 0.1012 0.9949 -0.0000
vn 0.3350 -0.9422 -0.0000
vn 0.3350 0.9422 -0.0000
vn 0.5386 0.7192 0.4389
vn 0.0819 0.9944 0.0667
vn 0.2696 -0.9376 0.2197
vn 0.7752 -0.0000 0.6317
vn 0.2696 0.9376 0.2197
vn 0.0819 -0.9944 0.0667
vn 0.5386 -0.7192 0.4389
vn 0.1022 -0.9301 0.3527
vn 0.2782 -0.0000 0.9605
vn 0.1022 0.9301 0.3527
vn 0.0312 -0.9937 0.1079
vn 0.1994 -0.6973 0.6885
vn 0.1994 0.6973 0.6885
vn 0.0312 0.9937 0.1079
vn -0.1022 -0.9301 0.3527
vn -0.2782 -0.0000 0.9605
vn -0.1022 0.9301 0.3527
vn -0.0312 -0.9937 0.1079
vn -0.1994 -0.6973 0.6885
vn -0.1994 0.6973 0.6885
vn -0.0312 0.9937 0.1079
vn -0.2696 0.9376 0.2197
vn -0.0819 -0.9944 0.0667
vn -0.5386 -0.7192 0.4389
vn -0.5386 0.7192 0.4389
vn -0.0819 0.9944 0.0667
vn -0.2696 -0.9376 0.2197
vn -0.7752 -0.0000 0.6317
vn -0.1012 -0.9949 -0.0000
vn -0.6793 -0.7339 -0.0000
vn -0.6793 0.7339 -0.0000
vn -0.1012 0.9949 -0.0000
vn -0.3350 -0.9422 -0.0000
vn -0.3350 0.9422 -0.0000
vn -0.5386 -0.7192 -0.4389
vn -0.5386 0.7192 -0.4389
vn -0.0819 0.9944 -0.0667
vn -0.2696 -0.9376 -0.2197
vn -0.7752 -0.0000 -0.6317
vn -0.2696 0.9376 -0.2197
vn -0.0819 -0.9944 -0.0667
vn -0.0312 0.9937 -0.1079
vn -0.1022 -0.9301 -0.3527
vn -0.2782 -0.0000 -0.9605
vn -0.1022 0.9301 -0.3527
vn -0.0312 -0.9937 -0.1079
vn -0.1994 -0.6973 -0.6885
vn -0.1994 0.6973 -0.6885
vn 0.0281 -0.9945 -0.1005
vn 0.1861 -0.7235 -0.6648
vn 0.1861 0.7235 -0.6648
vn 0.0281 0.9945 -0.1005
vn 0.0928 -0.9389 -0.3314
vn 0.2696 -0.0000 -0.9630
vn 0.0928 0.9389 -0.3314
vn 0.0737 -0.9953 -0.0621
vn 0.5054 -0.7503 -0.4261
vn 0.5054 0.7503 -0.4261
vn 0.0737 0.9953 -0.0621
vn 0.2450 -0.9472 -0.2066
vn 0.7645 -0.0000 -0.6446
vn 0.2450 0.9472 -0.2066
vn 0.0911 -0.9958 -0.0000
vn 0.6398 -0.7685 -0.0000
vn 0.6398 0.7685 -0.0000
vn 0.0911 0.9958 -0.0000
vn 0.3045 -0.9525 -0.0000
vn 0.3045 0.9525 -0.0000
vn 0.5054 0.7503 0.4261
vn 0.0737 0.9953 0.0621
vn 0.2450 -0.9472 0.2066
vn 0.7645 -0.0000 0.6446
vn 0.2450 0.9472 0.2066
vn 0.0737 -0.9953 0.0621
vn 0.5054 -0.7503 0.4261
vn 0.0928 -0.9389 0.3314
vn 0.2696 -0.0000 0.9630
vn 0.0928 0.9389 0.3314
vn 0.0281 -0.9945 0.1005
vn 0.1861 -0.7235 0.6648
vn 0.1861 0.7235 0.6648
vn 0.0281 0.9945 0.1005
vn -0.0928 -0.9389 0.3314
vn -0.2696 -0.0000 0.9630
vn -0.0928 0.9389 0.3314
vn -0.0281 -0.9945 0.1005
vn -0.1861 -0.7235 0.6648
vn -0.1861 0.7235 0.6648
vn -0.0281 0.9945 0.1005
vn -0.2450 0.9472 0.2066
vn -0.0737 -0.9953 0.0621
vn -0.5054 -0.7503 0.4261
vn -0.5054 0.7503 0.4261
vn -0.0737 0.9953 0.0621
vn -0.2450 -0.9472 0.2066
vn -0.7645 -0.0000 0.6446
vn -0.0911 -0.9958 -0.0000
vn -0.6398 -0.7685 -0.0000
vn -0.6398 0.7685 -0.0000
vn -0.0911 0.9958 -0.0000
vn -0.3045 -0.9525 -0.0000
vn -0.3045 0.9525 -0.0000
vn -0.5054 -0.7503 -0.4261
vn -0.5054 0.7503 -0.4261
vn -0.0737 0.9953 -0.0621
vn -0.2450 -0.9472 -0.2066
vn -0.7645 -0.0000 -0.6446
vn -0.2450 0.9472 -0.2066
vn -0.0737 -0.9953 -0.0621
vn -0.0281 0.9945 -0.1005
vn -0.0928 -0.9389 -0.3314
vn -0.2696 -0.0000 -0.9630
vn -0.0928 0.9389 -0.3314
vn -0.0281 -0.9945 -0.1005
vn -0.1861 -0.7235 -0.6648
vn -0.1861 0.7235 -0.6648
vn 0.0189 -0.9981 -0.0584
vn 0.1501 -0.8729 -0.4643
vn 0.1501 0.8729 -0.4643
vn 0.0189 0.9981 -0.0584
vn 0.0646 -0.9777 -0.1997
vn 0.3076 -0.0000 -0.9515
vn 0.0646 0.9777 -0.1997
vn 0.8076 -0.0000 -0.5897
vn 0.1691 0.9778 -0.1234
vn 0.0494 -0.9981 -0.0361
vn 0.3932 -0.8735 -0.2871
vn 0.3932 0.8735 -0.2871
vn 0.0494 0.9981 -0.0361
vn 0.1691 -0.9778 -0.1234
vn 0.0610 -0.9981 -0.0000
vn 0.4862 -0.8738 -0.0000
vn 0.4862 0.8738 -0.0000
vn 0.0610 0.9981 -0.0000
vn 0.2090 -0.9779 -0.0000
vn 0.2090 0.9779 -0.0000
vn 0.0494 -0.9981 0.0361
vn 0.3932 -0.8735 0.2871
vn 0.3932 0.8735 0.2871
vn 0.0494 0.9981 0.0361
vn 0.1691 -0.9778 0.1234
vn 0.8076 -0.0000 0.5897
vn 0.1691 0.9778 0.1234
vn 0.1501 0.8729 0.4643
vn 0.0189 0.9981 0.0584
vn 0.0646 -0.9777 0.1997
vn 0.3076 -0.0000 0.9515
vn 0.0646 0.9777 0.1997
vn 0.0189 -0.9981 0.0584
vn 0.1501 -0.8729 0.4643
vn -0.0646 -0.9777 0.1997
vn -0.3076 -0.0000 0.9515
vn -0.0646 0.9777 0.1997
vn -0.0189 -0.9981 0.0584
vn -0.1501 -0.8729 0.4643
vn -0.1501 0.8729 0.4643
vn -0.0189 0.9981 0.0584
vn -0.1691 -0.9778 0.1234
vn -0.8076 -0.0000 0.5897
vn -0.1691 0.9778 0.1234
vn -0.0494 -0.9981 0.0361
vn -0.3932 -0.8735 0.2871
vn -0.3932 0.8735 0.2871
vn -0.0494 0.9981 0.0361
vn -0.2090 0.9779 -0.0000
vn -0.0610 -0.9981 -0.0000
vn -0.4862 -0.8738 -0.0000
vn -0.4862 0.8738 -0.0000
vn -0.0610 0.9981 -0.0000
vn -0.2090 -0.9779 -0.0000
vn -0.0494 -0.9981 -0.0361
vn -0.3932 -0.8735 -0.2871
vn -0.3932 0.8735 -0.2871
vn -0.0494 0.9981 -0.0361
vn -0.1691 -0.9778 -0.1234
vn -0.8076 -0.0000 -0.5897
vn -0.1691 0.9778 -0.1234
vn -0.1501 -0.8729 -0.4643
vn -0.1501 0.8729 -0.4643
vn -0.0189 0.9981 -0.0584
vn -0.0646 -0.9777 -0.1997
vn -0.3076 -0.0000 -0.9515
vn -0.0646 0.9777 -0.1997
vn -0.0189 -0.9981 -0.0584
vn 0.0266 -0.9956 -0.0898
vn 0.1845 -0.7599 -0.6233
vn 0.1845 0.7599 -0.6233
vn 0.0266 0.9956 -0.0898
vn 0.0886 -0.9500 -0.2993
vn 0.2838 -0.0000 -0.9589
vn 0.0886 0.9500 -0.2993
vn 0.7818 -0.0000 -0.6235
vn 0.2330 0.9546 -0.1858
vn 0.0696 -0.9960 -0.0555
vn 0.4932 -0.7759 -0.3933
vn 0.4932 0.7759 -0.3933
vn 0.0696 0.9960 -0.0555
vn 0.2330 -0.9546 -0.1858
vn 0.0860 -0.9963 -0.0000
vn 0.6178 -0.7863 -0.0000
vn 0.6178 0.7863 -0.0000
vn 0.0860 0.9963 -0.0000
vn 0.2889 -0.9574 -0.0000
vn 0.2889 0.9574 -0.0000
vn 0.0696 -0.9960 0.0555
vn 0.4932 -0.7759 0.3933
vn 0.4932 0.7759 0.3933
vn 0.0696 0.9960 0.0555
vn 0.2330 -0.9546 0.1858
vn 0.7818 -0.0000 0.6235
vn 0.2330 0.9546 0.1858
vn 0.1845 0.7599 0.6233
vn 0.0266 0.9956 0.0898
vn 0.0886 -0.9500 0.2993
vn 0.2838 -0.0000 0.9589
vn 0.0886 0.9500 0.2993
vn 0.0266 -0.9956 0.0898
vn 0.1845 -0.7599 0.6233
vn -0.0886 -0.9500 0.2993
vn -0.2838 -0.0000 0.9589
vn -0.0886 0.9500 0.2993
vn -0.0266 -0.9956 0.0898
vn -0.1845 -0.7599 0.6233
vn -0.1845 0.7599 0.6233
vn -0.0266 0.9956 0.0898
vn -0.2330 -0.9546 0.1858
vn -0.7818 -0.0000 0.6235
vn -0.2330 0.9546 0.1858
vn -0.0696 -0.9960 0.0555
vn -0.4932 -0.7759 0.3933
vn -0.4932 0.7759 0.3933
vn -0.0696 0.9960 0.0555
vn -0.2889 0.9574 -0.0000
vn -0.0860 -0.9963 -0.0000
vn -0.6178 -0.7863 -0.0000
vn -0.6178 0.7863 -0.0000
vn -0.0860 0.9963 -0.0000
vn -0.2889 -0.9574 -0.0000
vn -0.0696 -0.9960 -0.0555
vn -0.4932 -0.7759 -0.3933
vn -0.4932 0.7759 -0.3933
vn -0.0696 0.9960 -0.0555
vn -0.2330 -0.9546 -0.1858
vn -0.7818 -0.0000 -0.6235
vn -0.2330 0.9546 -0.1858
vn -0.1845 -0.7599 -0.6233
vn -0.1845 0.7599 -0.6233
vn -0.0266 0.9956 -0.0898
vn -0.0886 -0.9500 -0.2993
vn -0.2838 -0.0000 -0.9589
vn -0.0886 0.9500 -0.2993
vn -0.0266 -0.9956 -0.0898
vn 0.2126 -0.0000 -0.9771
vn 0.0585 0.9614 -0.2690
vn 0.0174 -0.9967 -0.0798
vn 0.1271 -0.8017 -0.5841
vn 0.1271 0.8017 -0.5841
vn 0.0174 0.9967 -0.0798
vn 0.0585 -0.9614 -0.2690
vn 0.1551 -0.9734 -0.1683
vn 0.6777 -0.0000 -0.7354
vn 0.1551 0.9734 -0.1683
vn 0.0455 -0.9977 -0.0494
vn 0.3539 -0.8528 -0.3840
vn 0.3539 0.8528 -0.3840
vn 0.0455 0.9977 -0.0494
vn 0.1933 0.9811 -0.0000
vn 0.0563 -0.9984 -0.0000
vn 0.4564 -0.8898 -0.0000
vn 0.4564 0.8898 -0.0000
vn 0.0563 0.9984 -0.0000
vn 0.1933 -0.9811 -0.0000
vn 0.0455 -0.9977 0.0494
vn 0.3539 -0.8528 0.3840
vn 0.3539 0.8528 0.3840
vn 0.0455 0.9977 0.0494
vn 0.1551 -0.9734 0.1683
vn 0.6777 -0.0000 0.7354
vn 0.1551 0.9734 0.1683
vn 0.0174 -0.9967 0.0798
vn 0.1271 -0.8017 0.5841
vn 0.1271 0.8017 0.5841
vn 0.0174 0.9967 0.0798
vn 0.0585 -0.9614 0.2690
vn 0.2126 -0.0000 0.9771
vn 0.0585 0.9614 0.2690
vn -0.1271 0.8017 0.5841
vn -0.0174 0.9967 0.0798
vn -0.0585 -0.9614 0.2690
vn -0.2126 -0.0000 0.9771
vn -0.0585 0.9614 0.2690
vn -0.0174 -0.9967 0.0798
vn -0.1271 -0.8017 0.5841
vn -0.1551 -0.9734 0.1683
vn -0.6777 -0.0000 0.7354
vn -0.1551 0.9734 0.1683
vn -0.0455 -0.9977 0.0494
vn -0.3539 -0.8528 0.3840
vn -0.3539 0.8528 0.3840
vn -0.0455 0.9977 0.0494
vn -0.1933 -0.9811 -0.0000
vn -0.1933 0.9811 -0.0000
vn -0.0563 -0.9984 -0.0000
vn -0.4564 -0.8898 -0.0000
vn -0.4564 0.8898 -0.0000
vn -0.0563 0.9984 -0.0000
vn -0.1551 0.9734 -0.1683
vn -0.0455 -0.9977 -0.0494
vn -0.3539 -0.8528 -0.3840
vn -0.3539 0.8528 -0.3840
vn -0.0455 0.9977 -0.0494
vn -0.1551 -0.9734 -0.1683
vn -0.6777 -0.0000 -0.7354
vn -0.0174 -0.9967 -0.0798
vn -0.1271 -0.8017 -0.5841
vn -0.1271 0.8017 -0.5841
vn -0.0174 0.9967 -0.0798
vn -0.0585 -0.9614 -0.2690
vn -0.2126 -0.0000 -0.9771
vn -0.0585 0.9614 -0.2690
vn 0.2114 -0.0000 -0.9774
vn 0.0598 0.9592 -0.2764
vn 0.0178 -0.9965 -0.0822
vn 0.1288 -0.7932 -0.5952
vn 0.1288 0.7932 -0.5952
vn 0.0178 0.9965 -0.0822
vn 0.0598 -0.9592 -0.2764
vn 0.1587 -0.9720 -0.1731
vn 0.6756 -0.0000 -0.7373
vn 0.1587 0.9720 -0.1731
vn 0.0466 -0.9976 -0.0509
vn 0.3597 -0.8464 -0.3926
vn 0.3597 0.8464 -0.3926
vn 0.0466 0.9976 -0.0509
vn 0.1978 0.9802 -0.0000
vn 0.0576 -0.9983 -0.0000
vn 0.4651 -0.8853 -0.0000
vn 0.4651 0.8853 -0.0000
vn 0.0576 0.9983 -0.0000
vn 0.1978 -0.9802 -0.0000
vn 0.0466 -0.9976 0.0509
vn 0.3597 -0.8464 0.3926
vn 0.3597 0.8464 0.3926
vn 0.0466 0.9976 0.0509
vn 0.1587 -0.9720 0.1731
vn 0.6756 -0.0000 0.7373
vn 0.1587 0.9720 0.1731
vn 0.0178 -0.9965 0.0822
vn 0.1288 -0.7932 0.5952
vn 0.1288 0.7932 0.5952
vn 0.0178 0.9965 0.0822
vn 0.0598 -0.9592 0.2764
vn 0.2114 -0.0000 0.9774
vn 0.0598 0.9592 0.2764
vn -0.1288 0.7932 0.5952
vn -0.0178 0.9965 0.0822
vn -0.0598 -0.9592 0.2764
vn -0.2114 -0.0000 0.9774
vn -0.0598 0.9592 0.2764
vn -0.0178 -0.9965 0.0822
vn -0.1288 -0.7932 0.5952
vn -0.1587 -0.9720 0.1731
vn -0.6756 -0.0000 0.7373
vn -0.1587 0.9720 0.1731
vn -0.0466 -0.9976 0.0509
vn -0.3597 -0.8464 0.3926
vn -0.3597 0.8464 0.3926
vn -0.0466 0.9976 0.0509
vn -0.1978 -0.9802 -0.0000
vn -0.1978 0.9802 -0.0000
vn -0.0576 -0.9983 -0.0000
vn -0.4651 -0.8853 -0.0000
vn -0.4651 0.8853 -0.0000
vn -0.0576 0.9983 -0.0000
vn -0.1587 0.9720 -0.1731
vn -0.0466 -0.9976 -0.0509
vn -0.3597 -0.8464 -0.3926
vn -0.3597 0.8464 -0.3926
vn -0.0466 0.9976 -0.0509
vn -0.1587 -0.9720 -0.1731
vn -0.6756 -0.0000 -0.7373
vn -0.0178 -0.9965 -0.0822
vn -0.1288 -0.7932 -0.5952
vn -0.1288 0.7932 -0.5952
vn -0.0178 0.9965 -0.0822
vn -0.0598 -0.9592 -0.2764
vn -0.2114 -0.0000 -0.9774
vn -0.0598 0.9592 -0.2764
vn 0.1138 -0.9383 -0.3264
vn 0.3293 -0.0000 -0.9442
vn 0.1138 0.9383 -0.3264
vn 0.0345 -0.9945 -0.0990
vn 0.2280 -0.7216 -0.6537
vn 0.2280 0.7216 -0.6537
vn 0.0345 0.9945 -0.0990
vn 0.0904 0.9940 -0.0612
vn 0.2966 -0.9337 -0.2007
vn 0.8281 -0.0000 -0.5605
vn 0.2966 0.9337 -0.2007
vn 0.0904 -0.9940 -0.0612
vn 0.5852 -0.7075 -0.3961
vn 0.5852 0.7075 -0.3961
vn 0.3655 -0.9308 -0.0000
vn 0.3655 0.9308 -0.0000
vn 0.1117 -0.9937 -0.0000
vn 0.7149 -0.6993 -0.0000
vn 0.7149 0.6993 -0.0000
vn 0.1117 0.9937 -0.0000
vn 0.8281 -0.0000 0.5605
vn 0.2966 0.9337 0.2007
vn 0.0904 -0.9940 0.0612
vn 0.5852 -0.7075 0.3961
vn 0.5852 0.7075 0.3961
vn 0.0904 0.9940 0.0612
vn 0.2966 -0.9337 0.2007
vn 0.0345 -0.9945 0.0990
vn 0.2280 -0.7216 0.6537
vn 0.2280 0.7216 0.6537
vn 0.0345 0.9945 0.0990
vn 0.1138 -0.9383 0.3264
vn 0.3293 -0.0000 0.9442
vn 0.1138 0.9383 0.3264
vn -0.0345 -0.9945 0.0990
vn -0.2280 -0.7216 0.6537
vn -0.2280 0.7216 0.6537
vn -0.0345 0.9945 0.0990
vn -0.1138 -0.9383 0.3264
vn -0.3293 -0.0000 0.9442
vn -0.1138 0.9383 0.3264
vn -0.5852 0.7075 0.3961
vn -0.0904 0.9940 0.0612
vn -0.2966 -0.9337 0.2007
vn -0.8281 -0.0000 0.5605
vn -0.2966 0.9337 0.2007
vn -0.0904 -0.9940 0.0612
vn -0.5852 -0.7075 0.3961
vn -0.3655 -0.9308 -0.0000
vn -0.3655 0.9308 -0.0000
vn -0.1117 -0.9937 -0.0000
vn -0.7149 -0.6993 -0.0000
vn -0.7149 0.6993 -0.0000
vn -0.1117 0.9937 -0.0000
vn -0.2966 -0.9337 -0.2007
vn -0.8281 -0.0000 -0.5605
vn -0.2966 0.9337 -0.2007
vn -0.0904 -0.9940 -0.0612
vn -0.5852 -0.7075 -0.3961
vn -0.5852 0.7075 -0.3961
vn -0.0904 0.9940 -0.0612
vn -0.1138 0.9383 -0.3264
vn -0.0345 -0.9945 -0.0990
vn -0.2280 -0.7216 -0.6537
vn -0.2280 0.7216 -0.6537
vn -0.0345 0.9945 -0.0990
vn -0.1138 -0.9383 -0.3264
vn -0.3293 -0.0000 -0.9442
vn 0.0489 -0.9918 -0.1181
vn 0.3343 -0.4866 -0.8071
vn 0.1659 0.9011 -0.4005
vn 0.1659 -0.9011 -0.4005
vn 0.3343 0.4866 -0.8071
vn 0.0489 0.9918 -0.1181
vn 0.4005 0.9011 -0.1659
vn 0.4005 -0.9011 -0.1659
vn 0.8071 0.4866 -0.3343
vn 0.1181 0.9918 -0.0489
vn 0.1181 -0.9918 -0.0489
vn 0.8071 -0.4866 -0.3343
vn 0.4005 -0.9011 0.1659
vn 0.8071 0.4866 0.3343
vn 0.1181 0.9918 0.0489
vn 0.1181 -0.9918 0.0489
vn 0.8071 -0.4866 0.3343
vn 0.4005 0.9011 0.1659
vn 0.1659 -0.9011 0.4005
vn 0.3343 0.4866 0.8071
vn 0.0489 0.9918 0.1181
vn 0.0489 -0.9918 0.1181
vn 0.3343 -0.4866 0.8071
vn 0.1659 0.9011 0.4005
vn -0.1659 -0.9011 0.4005
vn -0.3343 0.4866 0.8071
vn -0.0489 0.9918 0.1181
vn -0.0489 -0.9918 0.1181
vn -0.3343 -0.4866 0.8071
vn -0.1659 0.9011 0.4005
vn -0.4005 -0.9011 0.1659
vn -0.8071 0.4866 0.3343
vn -0.1181 0.9918 0.0489
vn -0.1181 -0.9918 0.0489
vn -0.8071 -0.4866 0.3343
vn -0.4005 0.9011 0.1659
vn -0.8071 0.4866 -0.3343
vn -0.1181 0.9918 -0.0489
vn -0.1181 -0.9918 -0.0489
vn -0.8071 -0.4866 -0.3343
vn -0.4005 0.9011 -0.1659
vn -0.4005 -0.9011 -0.1659
vn -0.0489 0.9918 -0.1181
vn -0.0489 -0.9918 -0.1181
vn -0.3343 -0.4866 -0.8071
vn -0.1659 0.9011 -0.4005
vn -0.1659 -0.9011 -0.4005
vn -0.3343 0.4866 -0.8071
vn -0.4005 -0.9012 0.1659
vn 0.2145 -0.9767 -0.0000
vt 0.700000 0.142857
vt 0.600000 0.285714
vt 0.600000 0.142857
vt 0.700000 0.571429
vt 0.600000 0.428571
vt 0.700000 0.428571
vt 0.700000 0.857143
vt 0.600000 0.714286
vt 0.700000 0.714286
vt 0.650000 0.000000
vt 0.700000 0.285714
vt 0.600000 0.571429
vt 0.650000 1.000000
vt 0.600000 0.857143
vt 0.500000 0.142857
vt 0.500000 0.428571
vt 0.500000 0.714286
vt 0.550000 0.000000
vt 0.500000 0.285714
vt 0.500000 0.571429
vt 0.550000 1.000000
vt 0.500000 0.857143
vt 0.400000 0.142857
vt 0.400000 0.428571
vt 0.400000 0.857143
vt 0.400000 0.714286
vt 0.450000 0.000000
vt 0.400000 0.285714
vt 0.400000 0.571429
vt 0.450000 1.000000
vt 0.300000 0.714286
vt 0.350000 0.000000
vt 0.300000 0.142857
vt 0.300000 0.285714
vt 0.300000 0.571429
vt 0.350000 1.000000
vt 0.300000 0.857143
vt 0.300000 0.428571
vt 0.250000 0.000000
vt 0.200000 0.142857
vt 0.200000 0.285714
vt 0.200000 0.571429
vt 0.250000 1.000000
vt 0.200000 0.857143
vt 0.200000 0.428571
vt 0.200000 0.714286
vt 0.100000 0.285714
vt 0.100000 0.714286
vt 0.100000 0.571429
vt 0.150000 1.000000
vt 0.100000 0.857143
vt 0.100000 0.142857
vt 0.100000 0.428571
vt 0.150000 0.000000
vt 0.050000 1.000000
vt 0.000000 0.857143
vt 0.000000 0.142857
vt 0.000000 0.428571
vt 0.000000 0.714286
vt 0.050000 0.000000
vt 0.000000 0.285714
vt 0.000000 0.571429
vt 1.000000 0.142857
vt 0.900000 0.285714
vt 0.900000 0.142857
vt 1.000000 0.571429
vt 0.900000 0.428571
vt 1.000000 0.428571
vt 1.000000 0.857143
vt 0.900000 0.714286
vt 1.000000 0.714286
vt 0.950000 0.000000
vt 1.000000 0.285714
vt 0.900000 0.571429
vt 0.950000 1.000000
vt 0.900000 0.857143
vt 0.800000 0.428571
vt 0.800000 0.714286
vt 0.850000 0.000000
vt 0.800000 0.142857
vt 0.800000 0.285714
vt 0.800000 0.571429
vt 0.850000 1.000000
vt 0.800000 0.857143
vt 0.750000 0.000000
vt 0.750000 1.000000
vt 0.687500 0.000000
vt 0.750000 0.166667
vt 0.625000 0.166667
vt 0.750000 0.500000
vt 0.625000 0.333333
vt 0.750000 0.333333
vt 0.750000 0.833333
vt 0.625000 0.666667
vt 0.750000 0.666667
vt 0.625000 0.500000
vt 0.687500 1.000000
vt 0.625000 0.833333
vt 0.500000 0.666667
vt 0.500000 0.333333
vt 0.500000 0.166667
vt 0.500000 0.500000
vt 0.562500 1.000000
vt 0.500000 0.833333
vt 0.562500 0.000000
vt 0.375000 0.166667
vt 0.375000 0.500000
vt 0.437500 1.000000
vt 0.375000 0.833333
vt 0.437500 0.000000
vt 0.375000 0.333333
vt 0.375000 0.666667
vt 0.250000 0.333333
vt 0.250000 0.166667
vt 0.250000 0.666667
vt 0.250000 0.500000
vt 0.312500 1.000000
vt 0.250000 0.833333
vt 0.312500 0.000000
vt 0.125000 0.166667
vt 0.125000 0.500000
vt 0.187500 1.000000
vt 0.125000 0.833333
vt 0.187500 0.000000
vt 0.125000 0.333333
vt 0.125000 0.666667
vt 0.000000 0.333333
vt 0.000000 0.166667
vt 0.000000 0.500000
vt 0.062500 1.000000
vt 0.000000 0.833333
vt 0.062500 0.000000
vt 0.000000 0.666667
vt 1.000000 0.666667
vt 0.875000 0.500000
vt 1.000000 0.500000
vt 1.000000 0.833333
vt 0.937500 1.000000
vt 0.875000 0.833333
vt 0.937500 0.000000
vt 1.000000 0.166667
vt 0.875000 0.166667
vt 0.875000 0.333333
vt 1.000000 0.333333
vt 0.875000 0.666667
vt 0.812500 1.000000
vt 0.812500 0.000000
s 0
usemtl MatStormCloudUpper
f 62/1/1 9/2/1 10/3/1
f 2/4/2 8/5/2 3/6/2
f 59/7/3 6/8/3 60/9/3
f 4/10/4 62/1/4 10/3/4
f 3/6/5 9/2/5 61/11/5
f 2/4/6 6/8/6 7/12/6
f 59/7/7 1/13/7 5/14/7
f 9/2/8 16/15/8 10/3/8
f 7/12/9 14/16/9 8/5/9
f 5/14/10 12/17/10 6/8/10
f 4/18/11 10/3/11 16/15/11
f 8/5/12 15/19/12 9/2/12
f 6/8/13 13/20/13 7/12/13
f 5/14/14 1/21/14 11/22/14
f 15/19/15 22/23/15 16/15/15
f 13/20/16 20/24/16 14/16/16
f 12/17/17 17/25/17 18/26/17
f 4/27/18 16/15/18 22/23/18
f 15/19/19 20/24/19 21/28/19
f 12/17/20 19/29/20 13/20/20
f 11/22/21 1/30/21 17/25/21
f 17/25/22 24/31/22 18/26/22
f 4/32/23 22/23/23 28/33/23
f 20/24/24 27/34/24 21/28/24
f 19/29/25 24/31/25 25/35/25
f 17/25/26 1/36/26 23/37/26
f 22/23/27 27/34/27 28/33/27
f 19/29/28 26/38/28 20/24/28
f 4/39/29 28/33/29 34/40/29
f 26/38/30 33/41/30 27/34/30
f 24/31/31 31/42/31 25/35/31
f 23/37/32 1/43/32 29/44/32
f 27/34/33 34/40/33 28/33/33
f 25/35/34 32/45/34 26/38/34
f 23/37/35 30/46/35 24/31/35
f 32/45/36 39/47/36 33/41/36
f 31/42/37 36/48/37 37/49/37
f 29/44/38 1/50/38 35/51/38
f 33/41/39 40/52/39 34/40/39
f 31/42/40 38/53/40 32/45/40
f 29/44/41 36/48/41 30/46/41
f 4/54/42 34/40/42 40/52/42
f 35/51/43 1/55/43 41/56/43
f 39/47/44 46/57/44 40/52/44
f 37/49/45 44/58/45 38/53/45
f 35/51/46 42/59/46 36/48/46
f 4/60/47 40/52/47 46/57/47
f 38/53/48 45/61/48 39/47/48
f 36/48/49 43/62/49 37/49/49
f 46/63/50 51/64/50 52/65/50
f 43/66/51 50/67/51 44/68/51
f 41/69/52 48/70/52 42/71/52
f 4/72/53 46/63/53 52/65/53
f 44/68/54 51/64/54 45/73/54
f 43/66/55 48/70/55 49/74/55
f 41/69/56 1/75/56 47/76/56
f 49/74/57 56/77/57 50/67/57
f 47/76/58 54/78/58 48/70/58
f 4/79/59 52/65/59 58/80/59
f 50/67/60 57/81/60 51/64/60
f 49/74/61 54/78/61 55/82/61
f 47/76/62 1/83/62 53/84/62
f 51/64/63 58/80/63 52/65/63
f 4/85/64 58/80/64 62/1/64
f 56/77/65 61/11/65 57/81/65
f 55/82/66 60/9/66 2/4/66
f 53/84/67 1/86/67 59/7/67
f 57/81/68 62/1/68 58/80/68
f 55/82/69 3/6/69 56/77/69
f 53/84/70 60/9/70 54/78/70
f 66/10/4 124/1/4 72/3/4
f 65/6/5 71/2/5 123/11/5
f 122/9/6 69/12/6 64/4/6
f 121/7/7 63/13/7 67/14/7
f 123/11/1 72/3/1 124/1/1
f 64/4/2 70/5/2 65/6/2
f 121/7/3 68/8/3 122/9/3
f 69/12/9 76/16/9 70/5/9
f 67/14/10 74/17/10 68/8/10
f 66/18/11 72/3/11 78/15/11
f 70/5/12 77/19/12 71/2/12
f 68/8/13 75/20/13 69/12/13
f 67/14/14 63/21/14 73/22/14
f 71/2/8 78/15/8 72/3/8
f 66/27/18 78/15/18 84/23/18
f 76/16/19 83/28/19 77/19/19
f 74/17/20 81/29/20 75/20/20
f 73/22/21 63/30/21 79/25/21
f 77/19/15 84/23/15 78/15/15
f 75/20/16 82/24/16 76/16/16
f 74/17/17 79/25/17 80/26/17
f 66/32/23 84/23/23 90/33/23
f 82/24/24 89/34/24 83/28/24
f 80/26/25 87/35/25 81/29/25
f 79/25/26 63/36/26 85/37/26
f 83/28/27 90/33/27 84/23/27
f 81/29/28 88/38/28 82/24/28
f 79/25/22 86/31/22 80/26/22
f 86/31/31 93/42/31 87/35/31
f 85/37/32 63/43/32 91/44/32
f 89/34/33 96/40/33 90/33/33
f 87/35/34 94/45/34 88/38/34
f 85/37/35 92/46/35 86/31/35
f 66/39/29 90/33/29 96/40/29
f 88/38/30 95/41/30 89/34/30
f 95/41/39 102/52/39 96/40/39
f 93/42/40 100/53/40 94/45/40
f 91/44/41 98/48/41 92/46/41
f 66/54/42 96/40/42 102/52/42
f 94/45/36 101/47/36 95/41/36
f 93/42/37 98/48/37 99/49/37
f 91/44/38 63/50/38 97/51/38
f 102/52/44 107/61/44 108/57/44
f 99/49/45 106/58/45 100/53/45
f 97/51/46 104/59/46 98/48/46
f 66/60/47 102/52/47 108/57/47
f 100/53/48 107/61/48 101/47/48
f 98/48/49 105/62/49 99/49/49
f 97/51/43 63/55/43 103/56/43
f 103/69/52 110/70/52 104/71/52
f 66/72/53 108/63/53 114/65/53
f 106/68/54 113/64/54 107/73/54
f 105/66/55 110/70/55 111/74/55
f 103/69/56 63/75/56 109/76/56
f 108/63/50 113/64/50 114/65/50
f 105/66/51 112/67/51 106/68/51
f 66/79/59 114/65/59 120/80/59
f 112/67/60 119/81/60 113/64/60
f 111/74/61 116/78/61 117/82/61
f 109/76/62 63/83/62 115/84/62
f 113/64/63 120/80/63 114/65/63
f 111/74/57 118/77/57 112/67/57
f 109/76/58 116/78/58 110/70/58
f 118/77/65 123/11/65 119/81/65
f 117/82/66 122/9/66 64/4/66
f 115/84/67 63/86/67 121/7/67
f 119/81/68 124/1/68 120/80/68
f 117/82/69 65/6/69 118/77/69
f 116/78/70 121/7/70 122/9/70
f 66/85/64 120/80/64 124/1/64
f 183/7/7 125/13/7 129/14/7
f 185/11/1 134/3/1 186/1/1
f 126/4/2 132/5/2 127/6/2
f 184/9/3 129/14/3 130/8/3
f 128/10/4 186/1/4 134/3/4
f 127/6/5 133/2/5 185/11/5
f 184/9/6 131/12/6 126/4/6
f 132/5/12 139/19/12 133/2/12
f 130/8/13 137/20/13 131/12/13
f 129/14/14 125/21/14 135/22/14
f 133/2/8 140/15/8 134/3/8
f 131/12/9 138/16/9 132/5/9
f 129/14/10 136/17/10 130/8/10
f 128/18/11 134/3/11 140/15/11
f 135/22/21 125/30/21 141/25/21
f 139/19/15 146/23/15 140/15/15
f 137/20/16 144/24/16 138/16/16
f 135/22/17 142/26/17 136/17/17
f 128/27/18 140/15/18 146/23/18
f 138/16/19 145/28/19 139/19/19
f 136/17/20 143/29/20 137/20/20
f 145/28/27 152/33/27 146/23/27
f 143/29/28 150/38/28 144/24/28
f 142/26/22 147/37/22 148/31/22
f 128/32/23 146/23/23 152/33/23
f 144/24/24 151/34/24 145/28/24
f 142/26/25 149/35/25 143/29/25
f 141/25/26 125/36/26 147/37/26
f 149/35/34 156/45/34 150/38/34
f 147/37/35 154/46/35 148/31/35
f 128/39/29 152/33/29 158/40/29
f 150/38/30 157/41/30 151/34/30
f 148/31/31 155/42/31 149/35/31
f 147/37/32 125/43/32 153/44/32
f 151/34/33 158/40/33 152/33/33
f 128/54/42 158/40/42 164/52/42
f 156/45/36 163/47/36 157/41/36
f 154/46/37 161/49/37 155/42/37
f 153/44/38 125/50/38 159/51/38
f 157/41/39 164/52/39 158/40/39
f 155/42/40 162/53/40 156/45/40
f 153/44/41 160/48/41 154/46/41
f 128/60/47 164/52/47 170/57/47
f 162/53/48 169/61/48 163/47/48
f 160/48/49 167/62/49 161/49/49
f 159/51/43 125/55/43 165/56/43
f 163/47/44 170/57/44 164/52/44
f 161/49/45 168/58/45 162/53/45
f 160/48/46 165/56/46 166/59/46
f 167/66/55 172/70/55 173/74/55
f 165/69/56 125/75/56 171/76/56
f 170/63/50 175/64/50 176/65/50
f 167/66/51 174/67/51 168/68/51
f 165/69/52 172/70/52 166/71/52
f 128/72/53 170/63/53 176/65/53
f 168/68/54 175/64/54 169/73/54
f 176/65/63 181/81/63 182/80/63
f 173/74/57 180/77/57 174/67/57
f 171/76/58 178/78/58 172/70/58
f 128/79/59 176/65/59 182/80/59
f 174/67/60 181/81/60 175/64/60
f 173/74/61 178/78/61 179/82/61
f 171/76/62 125/83/62 177/84/62
f 181/81/68 186/1/68 182/80/68
f 179/82/69 127/6/69 180/77/69
f 177/84/70 184/9/70 178/78/70
f 128/85/64 182/80/64 186/1/64
f 180/77/65 185/11/65 181/81/65
f 178/78/66 126/4/66 179/82/66
f 177/84/67 125/86/67 183/7/67
f 245/7/3 192/8/3 246/9/3
f 190/10/4 248/1/4 196/3/4
f 189/6/5 195/2/5 247/11/5
f 188/4/6 192/8/6 193/12/6
f 245/7/7 187/13/7 191/14/7
f 248/1/1 195/2/1 196/3/1
f 188/4/2 194/5/2 189/6/2
f 196/3/8 201/19/8 202/15/8
f 193/12/9 200/16/9 194/5/9
f 191/14/10 198/17/10 192/8/10
f 190/18/11 196/3/11 202/15/11
f 194/5/12 201/19/12 195/2/12
f 192/8/13 199/20/13 193/12/13
f 191/14/14 187/21/14 197/22/14
f 197/22/17 204/26/17 198/17/17
f 190/27/18 202/15/18 208/23/18
f 201/19/19 206/24/19 207/28/19
f 198/17/20 205/29/20 199/20/20
f 197/22/21 187/30/21 203/25/21
f 201/19/15 208/23/15 202/15/15
f 199/20/16 206/24/16 200/16/16
f 190/32/23 208/23/23 214/33/23
f 206/24/24 213/34/24 207/28/24
f 205/29/25 210/31/25 211/35/25
f 203/25/26 187/36/26 209/37/26
f 207/28/27 214/33/27 208/23/27
f 205/29/28 212/38/28 206/24/28
f 203/25/22 210/31/22 204/26/22
f 212/38/30 219/41/30 213/34/30
f 210/31/31 217/42/31 211/35/31
f 209/37/32 187/43/32 215/44/32
f 214/33/33 219/41/33 220/40/33
f 211/35/34 218/45/34 212/38/34
f 209/37/35 216/46/35 210/31/35
f 190/39/29 214/33/29 220/40/29
f 215/44/38 187/50/38 221/51/38
f 219/41/39 226/52/39 220/40/39
f 217/42/40 224/53/40 218/45/40
f 215/44/41 222/48/41 216/46/41
f 190/54/42 220/40/42 226/52/42
f 218/45/36 225/47/36 219/41/36
f 216/46/37 223/49/37 217/42/37
f 226/52/44 231/61/44 232/57/44
f 223/49/45 230/58/45 224/53/45
f 221/51/46 228/59/46 222/48/46
f 190/60/47 226/52/47 232/57/47
f 224/53/48 231/61/48 225/47/48
f 222/48/49 229/62/49 223/49/49
f 221/51/43 187/55/43 227/56/43
f 229/66/51 236/67/51 230/68/51
f 228/71/52 233/76/52 234/70/52
f 190/72/53 232/63/53 238/65/53
f 230/68/54 237/64/54 231/73/54
f 229/66/55 234/70/55 235/74/55
f 227/69/56 187/75/56 233/76/56
f 231/73/50 238/65/50 232/63/50
f 190/79/59 238/65/59 244/80/59
f 236/67/60 243/81/60 237/64/60
f 235/74/61 240/78/61 241/82/61
f 233/76/62 187/83/62 239/84/62
f 238/65/63 243/81/63 244/80/63
f 235/74/57 242/77/57 236/67/57
f 233/76/58 240/78/58 234/70/58
f 190/85/64 244/80/64 248/1/64
f 242/77/65 247/11/65 243/81/65
f 241/82/66 246/9/66 188/4/66
f 239/84/67 187/86/67 245/7/67
f 243/81/68 248/1/68 244/80/68
f 241/82/69 189/6/69 242/77/69
f 239/84/70 246/9/70 240/78/70
f 252/10/71 310/1/71 258/3/71
f 309/11/72 256/5/72 257/2/72
f 308/9/73 255/12/73 250/4/73
f 307/7/74 249/13/74 253/14/74
f 310/1/75 257/2/75 258/3/75
f 250/4/76 256/5/76 251/6/76
f 307/7/77 254/8/77 308/9/77
f 252/18/78 258/3/78 264/15/78
f 257/2/79 262/16/79 263/19/79
f 254/8/80 261/20/80 255/12/80
f 253/14/81 249/21/81 259/22/81
f 258/3/82 263/19/82 264/15/82
f 255/12/83 262/16/83 256/5/83
f 253/14/84 260/17/84 254/8/84
f 252/27/85 264/15/85 270/23/85
f 262/16/86 269/28/86 263/19/86
f 260/17/87 267/29/87 261/20/87
f 259/22/88 249/30/88 265/25/88
f 263/19/89 270/23/89 264/15/89
f 261/20/16 268/24/16 262/16/16
f 259/22/90 266/26/90 260/17/90
f 267/29/91 272/31/91 273/35/91
f 265/25/92 249/36/92 271/37/92
f 269/28/93 276/33/93 270/23/93
f 267/29/94 274/38/94 268/24/94
f 266/26/95 271/37/95 272/31/95
f 252/32/96 270/23/96 276/33/96
f 268/24/97 275/34/97 269/28/97
f 275/34/98 282/40/98 276/33/98
f 273/35/99 280/45/99 274/38/99
f 272/31/100 277/44/100 278/46/100
f 252/39/101 276/33/101 282/40/101
f 274/38/102 281/41/102 275/34/102
f 273/35/103 278/46/103 279/42/103
f 271/37/104 249/43/104 277/44/104
f 282/40/105 287/47/105 288/52/105
f 279/42/106 286/53/106 280/45/106
f 277/44/107 284/48/107 278/46/107
f 252/54/108 282/40/108 288/52/108
f 281/41/109 286/53/109 287/47/109
f 278/46/110 285/49/110 279/42/110
f 277/44/111 249/50/111 283/51/111
f 283/51/112 290/59/112 284/48/112
f 252/60/113 288/52/113 294/57/113
f 287/47/114 292/58/114 293/61/114
f 284/48/115 291/62/115 285/49/115
f 283/51/116 249/55/116 289/56/116
f 288/52/117 293/61/117 294/57/117
f 285/49/118 292/58/118 286/53/118
f 252/72/119 294/63/119 300/65/119
f 292/68/120 299/64/120 293/73/120
f 291/66/121 296/70/121 297/74/121
f 289/69/122 249/75/122 295/76/122
f 293/73/123 300/65/123 294/63/123
f 291/66/51 298/67/51 292/68/51
f 289/69/124 296/70/124 290/71/124
f 298/67/125 305/81/125 299/64/125
f 297/74/126 302/78/126 303/82/126
f 295/76/127 249/83/127 301/84/127
f 299/64/128 306/80/128 300/65/128
f 297/74/129 304/77/129 298/67/129
f 296/70/130 301/84/130 302/78/130
f 252/79/131 300/65/131 306/80/131
f 301/84/132 249/86/132 307/7/132
f 305/81/133 310/1/133 306/80/133
f 303/82/134 251/6/134 304/77/134
f 302/78/135 307/7/135 308/9/135
f 252/85/136 306/80/136 310/1/136
f 304/77/137 309/11/137 305/81/137
f 303/82/138 308/9/138 250/4/138
f 371/11/139 320/3/139 372/1/139
f 312/4/140 318/5/140 313/6/140
f 370/9/141 315/14/141 316/8/141
f 314/10/142 372/1/142 320/3/142
f 313/6/143 319/2/143 371/11/143
f 312/4/144 316/8/144 317/12/144
f 369/7/145 311/13/145 315/14/145
f 315/14/146 311/21/146 321/22/146
f 319/2/147 326/15/147 320/3/147
f 317/12/148 324/16/148 318/5/148
f 316/8/149 321/22/149 322/17/149
f 314/18/150 320/3/150 326/15/150
f 318/5/151 325/19/151 319/2/151
f 317/12/152 322/17/152 323/20/152
f 325/19/153 332/23/153 326/15/153
f 323/20/16 330/24/16 324/16/16
f 322/17/154 327/25/154 328/26/154
f 314/27/155 326/15/155 332/23/155
f 324/16/156 331/28/156 325/19/156
f 322/17/157 329/29/157 323/20/157
f 321/22/158 311/30/158 327/25/158
f 329/29/159 336/38/159 330/24/159
f 327/25/160 334/31/160 328/26/160
f 314/32/161 332/23/161 338/33/161
f 331/28/162 336/38/162 337/34/162
f 328/26/163 335/35/163 329/29/163
f 327/25/164 311/36/164 333/37/164
f 332/23/165 337/34/165 338/33/165
f 314/39/166 338/33/166 344/40/166
f 337/34/167 342/45/167 343/41/167
f 334/31/168 341/42/168 335/35/168
f 333/37/169 311/43/169 339/44/169
f 338/33/170 343/41/170 344/40/170
f 335/35/171 342/45/171 336/38/171
f 333/37/172 340/46/172 334/31/172
f 314/54/173 344/40/173 350/52/173
f 342/45/174 349/47/174 343/41/174
f 341/42/175 346/48/175 347/49/175
f 339/44/176 311/50/176 345/51/176
f 343/41/177 350/52/177 344/40/177
f 341/42/178 348/53/178 342/45/178
f 340/46/179 345/51/179 346/48/179
f 347/49/180 352/59/180 353/62/180
f 345/51/181 311/55/181 351/56/181
f 349/47/182 356/57/182 350/52/182
f 347/49/183 354/58/183 348/53/183
f 346/48/184 351/56/184 352/59/184
f 314/60/185 350/52/185 356/57/185
f 348/53/186 355/61/186 349/47/186
f 355/73/187 362/65/187 356/63/187
f 353/66/51 360/67/51 354/68/51
f 352/71/188 357/76/188 358/70/188
f 314/72/189 356/63/189 362/65/189
f 354/68/190 361/64/190 355/73/190
f 353/66/191 358/70/191 359/74/191
f 351/69/192 311/75/192 357/76/192
f 362/65/193 367/81/193 368/80/193
f 359/74/194 366/77/194 360/67/194
f 357/76/195 364/78/195 358/70/195
f 314/79/196 362/65/196 368/80/196
f 361/64/197 366/77/197 367/81/197
f 358/70/198 365/82/198 359/74/198
f 357/76/199 311/83/199 363/84/199
f 363/84/200 370/9/200 364/78/200
f 314/85/201 368/80/201 372/1/201
f 367/81/202 313/6/202 371/11/202
f 364/78/203 312/4/203 365/82/203
f 363/84/204 311/86/204 369/7/204
f 368/80/205 371/11/205 372/1/205
f 365/82/206 313/6/206 366/77/206
f 432/9/207 377/14/207 378/8/207
f 376/10/208 434/1/208 382/3/208
f 375/6/209 381/2/209 433/11/209
f 374/4/210 378/8/210 379/12/210
f 431/7/211 373/13/211 377/14/211
f 433/11/212 382/3/212 434/1/212
f 374/4/213 380/5/213 375/6/213
f 381/2/214 388/15/214 382/3/214
f 379/12/215 386/16/215 380/5/215
f 378/8/216 383/22/216 384/17/216
f 376/18/217 382/3/217 388/15/217
f 380/5/218 387/19/218 381/2/218
f 379/12/219 384/17/219 385/20/219
f 377/14/220 373/21/220 383/22/220
f 384/17/221 389/25/221 390/26/221
f 376/27/222 388/15/222 394/23/222
f 386/16/223 393/28/223 387/19/223
f 385/20/224 390/26/224 391/29/224
f 383/22/225 373/30/225 389/25/225
f 388/15/226 393/28/226 394/23/226
f 385/20/16 392/24/16 386/16/16
f 376/32/227 394/23/227 400/33/227
f 393/28/228 398/38/228 399/34/228
f 390/26/229 397/35/229 391/29/229
f 389/25/230 373/36/230 395/37/230
f 394/23/231 399/34/231 400/33/231
f 391/29/232 398/38/232 392/24/232
f 389/25/233 396/31/233 390/26/233
f 399/34/234 404/45/234 405/41/234
f 396/31/235 403/42/235 397/35/235
f 395/37/236 373/43/236 401/44/236
f 400/33/237 405/41/237 406/40/237
f 397/35/238 404/45/238 398/38/238
f 395/37/239 402/46/239 396/31/239
f 376/39/240 400/33/240 406/40/240
f 401/44/241 373/50/241 407/51/241
f 405/41/242 412/52/242 406/40/242
f 403/42/243 410/53/243 404/45/243
f 402/46/244 407/51/244 408/48/244
f 376/54/245 406/40/245 412/52/245
f 404/45/246 411/47/246 405/41/246
f 403/42/247 408/48/247 409/49/247
f 411/47/248 418/57/248 412/52/248
f 409/49/249 416/58/249 410/53/249
f 408/48/250 413/56/250 414/59/250
f 376/60/251 412/52/251 418/57/251
f 410/53/252 417/61/252 411/47/252
f 409/49/253 414/59/253 415/62/253
f 407/51/254 373/55/254 413/56/254
f 415/66/51 422/67/51 416/68/51
f 413/69/255 420/70/255 414/71/255
f 376/72/256 418/63/256 424/65/256
f 416/68/257 423/64/257 417/73/257
f 414/71/258 421/74/258 415/66/258
f 413/69/259 373/75/259 419/76/259
f 417/73/260 424/65/260 418/63/260
f 376/79/261 424/65/261 430/80/261
f 423/64/262 428/77/262 429/81/262
f 420/70/263 427/82/263 421/74/263
f 419/76/264 373/83/264 425/84/264
f 424/65/265 429/81/265 430/80/265
f 421/74/266 428/77/266 422/67/266
f 419/76/267 426/78/267 420/70/267
f 376/85/268 430/80/268 434/1/268
f 429/81/269 375/6/269 433/11/269
f 426/78/270 374/4/270 427/82/270
f 425/84/271 373/86/271 431/7/271
f 430/80/272 433/11/272 434/1/272
f 427/82/273 375/6/273 428/77/273
f 425/84/274 432/9/274 426/78/274
f 494/9/275 441/12/275 436/4/275
f 493/7/276 435/13/276 439/14/276
f 496/1/277 443/2/277 444/3/277
f 436/4/278 442/5/278 437/6/278
f 493/7/279 440/8/279 494/9/279
f 438/10/280 496/1/280 444/3/280
f 495/11/281 442/5/281 443/2/281
f 438/18/282 444/3/282 450/15/282
f 443/2/283 448/16/283 449/19/283
f 440/8/284 447/20/284 441/12/284
f 439/14/285 435/21/285 445/22/285
f 444/3/286 449/19/286 450/15/286
f 441/12/287 448/16/287 442/5/287
f 439/14/288 446/17/288 440/8/288
f 446/17/289 453/29/289 447/20/289
f 445/22/290 435/30/290 451/25/290
f 449/19/291 456/23/291 450/15/291
f 447/20/16 454/24/16 448/16/16
f 445/22/292 452/26/292 446/17/292
f 438/27/293 450/15/293 456/23/293
f 448/16/294 455/28/294 449/19/294
f 455/28/295 462/33/295 456/23/295
f 453/29/296 460/38/296 454/24/296
f 452/26/297 457/37/297 458/31/297
f 438/32/298 456/23/298 462/33/298
f 454/24/299 461/34/299 455/28/299
f 453/29/300 458/31/300 459/35/300
f 451/25/301 435/36/301 457/37/301
f 461/34/302 468/40/302 462/33/302
f 459/35/303 466/45/303 460/38/303
f 458/31/304 463/44/304 464/46/304
f 438/39/305 462/33/305 468/40/305
f 460/38/306 467/41/306 461/34/306
f 459/35/307 464/46/307 465/42/307
f 457/37/308 435/43/308 463/44/308
f 463/44/309 470/48/309 464/46/309
f 438/54/310 468/40/310 474/52/310
f 467/41/311 472/53/311 473/47/311
f 464/46/312 471/49/312 465/42/312
f 463/44/313 435/50/313 469/51/313
f 468/40/314 473/47/314 474/52/314
f 465/42/315 472/53/315 466/45/315
f 438/60/316 474/52/316 480/57/316
f 473/47/317 478/58/317 479/61/317
f 470/48/318 477/62/318 471/49/318
f 469/51/319 435/55/319 475/56/319
f 474/52/320 479/61/320 480/57/320
f 471/49/321 478/58/321 472/53/321
f 469/51/322 476/59/322 470/48/322
f 478/68/323 485/64/323 479/73/323
f 476/71/324 483/74/324 477/66/324
f 475/69/325 435/75/325 481/76/325
f 479/73/326 486/65/326 480/63/326
f 477/66/51 484/67/51 478/68/51
f 476/71/327 481/76/327 482/70/327
f 438/72/328 480/63/328 486/65/328
f 481/76/329 435/83/329 487/84/329
f 485/64/330 492/80/330 486/65/330
f 483/74/331 490/77/331 484/67/331
f 482/70/332 487/84/332 488/78/332
f 438/79/333 486/65/333 492/80/333
f 484/67/334 491/81/334 485/64/334
f 483/74/335 488/78/335 489/82/335
f 491/81/336 496/1/336 492/80/336
f 489/82/337 437/6/337 490/77/337
f 488/78/338 493/7/338 494/9/338
f 438/85/339 492/80/339 496/1/339
f 490/77/340 495/11/340 491/81/340
f 489/82/341 494/9/341 436/4/341
f 487/84/342 435/86/342 493/7/342
f 498/4/343 504/5/343 499/6/343
f 555/7/344 502/8/344 556/9/344
f 500/10/345 558/1/345 506/3/345
f 557/11/346 504/5/346 505/2/346
f 556/9/347 503/12/347 498/4/347
f 555/7/348 497/13/348 501/14/348
f 558/1/349 505/2/349 506/3/349
f 506/3/350 511/19/350 512/15/350
f 503/12/351 510/16/351 504/5/351
f 501/14/352 508/17/352 502/8/352
f 500/18/353 506/3/353 512/15/353
f 505/2/354 510/16/354 511/19/354
f 502/8/355 509/20/355 503/12/355
f 501/14/356 497/21/356 507/22/356
f 509/20/16 516/24/16 510/16/16
f 507/22/357 514/26/357 508/17/357
f 500/27/358 512/15/358 518/23/358
f 510/16/359 517/28/359 511/19/359
f 508/17/360 515/29/360 509/20/360
f 507/22/361 497/30/361 513/25/361
f 511/19/362 518/23/362 512/15/362
f 500/32/363 518/23/363 524/33/363
f 516/24/364 523/34/364 517/28/364
f 515/29/365 520/31/365 521/35/365
f 513/25/366 497/36/366 519/37/366
f 517/28/367 524/33/367 518/23/367
f 515/29/368 522/38/368 516/24/368
f 514/26/369 519/37/369 520/31/369
f 500/39/370 524/33/370 530/40/370
f 522/38/371 529/41/371 523/34/371
f 521/35/372 526/46/372 527/42/372
f 519/37/373 497/43/373 525/44/373
f 523/34/374 530/40/374 524/33/374
f 521/35/375 528/45/375 522/38/375
f 520/31/376 525/44/376 526/46/376
f 526/46/377 533/49/377 527/42/377
f 525/44/378 497/50/378 531/51/378
f 530/40/379 535/47/379 536/52/379
f 527/42/380 534/53/380 528/45/380
f 525/44/381 532/48/381 526/46/381
f 500/54/382 530/40/382 536/52/382
f 529/41/383 534/53/383 535/47/383
f 536/52/384 541/61/384 542/57/384
f 533/49/385 540/58/385 534/53/385
f 531/51/386 538/59/386 532/48/386
f 500/60/387 536/52/387 542/57/387
f 535/47/388 540/58/388 541/61/388
f 532/48/389 539/62/389 533/49/389
f 531/51/390 497/55/390 537/56/390
f 542/63/391 547/64/391 548/65/391
f 539/66/51 546/67/51 540/68/51
f 537/69/392 544/70/392 538/71/392
f 500/72/393 542/63/393 548/65/393
f 540/68/394 547/64/394 541/73/394
f 538/71/395 545/74/395 539/66/395
f 537/69/396 497/75/396 543/76/396
f 544/70/397 549/84/397 550/78/397
f 500/79/398 548/65/398 554/80/398
f 546/67/399 553/81/399 547/64/399
f 545/74/400 550/78/400 551/82/400
f 543/76/401 497/83/401 549/84/401
f 547/64/402 554/80/402 548/65/402
f 545/74/403 552/77/403 546/67/403
f 500/85/404 554/80/404 558/1/404
f 552/77/405 557/11/405 553/81/405
f 551/82/406 556/9/406 498/4/406
f 549/84/407 497/86/407 555/7/407
f 553/81/408 558/1/408 554/80/408
f 551/82/409 499/6/409 552/77/409
f 550/78/410 555/7/410 556/9/410
f 562/10/411 620/1/411 568/3/411
f 561/6/412 567/2/412 619/11/412
f 560/4/413 564/8/413 565/12/413
f 617/7/414 559/13/414 563/14/414
f 619/11/415 568/3/415 620/1/415
f 560/4/416 566/5/416 561/6/416
f 618/9/417 563/14/417 564/8/417
f 564/8/418 569/22/418 570/17/418
f 562/18/419 568/3/419 574/15/419
f 566/5/420 573/19/420 567/2/420
f 565/12/421 570/17/421 571/20/421
f 563/14/422 559/21/422 569/22/422
f 567/2/423 574/15/423 568/3/423
f 565/12/424 572/16/424 566/5/424
f 562/27/425 574/15/425 580/23/425
f 572/16/426 579/28/426 573/19/426
f 571/20/427 576/26/427 577/29/427
f 569/22/428 559/30/428 575/25/428
f 574/15/429 579/28/429 580/23/429
f 571/20/16 578/24/16 572/16/16
f 569/22/430 576/26/430 570/17/430
f 579/28/431 584/38/431 585/34/431
f 576/26/432 583/35/432 577/29/432
f 575/25/433 559/36/433 581/37/433
f 580/23/434 585/34/434 586/33/434
f 577/29/435 584/38/435 578/24/435
f 575/25/436 582/31/436 576/26/436
f 562/32/437 580/23/437 586/33/437
f 581/37/438 559/43/438 587/44/438
f 586/33/439 591/41/439 592/40/439
f 583/35/440 590/45/440 584/38/440
f 581/37/441 588/46/441 582/31/441
f 562/39/442 586/33/442 592/40/442
f 585/34/443 590/45/443 591/41/443
f 582/31/444 589/42/444 583/35/444
f 591/41/445 598/52/445 592/40/445
f 589/42/446 596/53/446 590/45/446
f 588/46/447 593/51/447 594/48/447
f 562/54/448 592/40/448 598/52/448
f 590/45/449 597/47/449 591/41/449
f 589/42/450 594/48/450 595/49/450
f 587/44/451 559/50/451 593/51/451
f 595/49/452 602/58/452 596/53/452
f 594/48/453 599/56/453 600/59/453
f 562/60/454 598/52/454 604/57/454
f 596/53/455 603/61/455 597/47/455
f 595/49/456 600/59/456 601/62/456
f 593/51/457 559/55/457 599/56/457
f 597/47/458 604/57/458 598/52/458
f 562/72/459 604/63/459 610/65/459
f 602/68/460 609/64/460 603/73/460
f 601/66/461 606/70/461 607/74/461
f 599/69/462 559/75/462 605/76/462
f 603/73/463 610/65/463 604/63/463
f 601/66/51 608/67/51 602/68/51
f 600/71/464 605/76/464 606/70/464
f 562/79/465 610/65/465 616/80/465
f 609/64/466 614/77/466 615/81/466
f 606/70/467 613/82/467 607/74/467
f 605/76/468 559/83/468 611/84/468
f 610/65/469 615/81/469 616/80/469
f 607/74/470 614/77/470 608/67/470
f 605/76/471 612/78/471 606/70/471
f 612/78/472 560/4/472 613/82/472
f 611/84/473 559/86/473 617/7/473
f 616/80/474 619/11/474 620/1/474
f 613/82/475 561/6/475 614/77/475
f 611/84/476 618/9/476 612/78/476
f 562/85/477 616/80/477 620/1/477
f 615/81/478 561/6/478 619/11/478
f 681/11/479 630/3/479 682/1/479
f 622/4/480 628/5/480 623/6/480
f 680/9/481 625/14/481 626/8/481
f 624/10/482 682/1/482 630/3/482
f 623/6/483 629/2/483 681/11/483
f 622/4/484 626/8/484 627/12/484
f 679/7/485 621/13/485 625/14/485
f 627/12/486 632/17/486 633/20/486
f 625/14/487 621/21/487 631/22/487
f 629/2/488 636/15/488 630/3/488
f 627/12/489 634/16/489 628/5/489
f 626/8/490 631/22/490 632/17/490
f 624/18/491 630/3/491 636/15/491
f 628/5/492 635/19/492 629/2/492
f 635/19/493 642/23/493 636/15/493
f 633/20/16 640/24/16 634/16/16
f 631/22/494 638/26/494 632/17/494
f 624/27/495 636/15/495 642/23/495
f 634/16/496 641/28/496 635/19/496
f 633/20/497 638/26/497 639/29/497
f 631/22/498 621/30/498 637/25/498
f 642/23/499 647/34/499 648/33/499
f 639/29/500 646/38/500 640/24/500
f 637/25/501 644/31/501 638/26/501
f 624/32/502 642/23/502 648/33/502
f 641/28/503 646/38/503 647/34/503
f 638/26/504 645/35/504 639/29/504
f 637/25/505 621/36/505 643/37/505
f 643/37/506 650/46/506 644/31/506
f 624/39/507 648/33/507 654/40/507
f 647/34/508 652/45/508 653/41/508
f 644/31/509 651/42/509 645/35/509
f 643/37/510 621/43/510 649/44/510
f 648/33/511 653/41/511 654/40/511
f 645/35/512 652/45/512 646/38/512
f 624/54/513 654/40/513 660/52/513
f 652/45/514 659/47/514 653/41/514
f 651/42/515 656/48/515 657/49/515
f 649/44/516 621/50/516 655/51/516
f 653/41/517 660/52/517 654/40/517
f 651/42/518 658/53/518 652/45/518
f 650/46/519 655/51/519 656/48/519
f 658/53/520 665/61/520 659/47/520
f 657/49/521 662/59/521 663/62/521
f 655/51/522 621/55/522 661/56/522
f 659/47/523 666/57/523 660/52/523
f 657/49/524 664/58/524 658/53/524
f 656/48/525 661/56/525 662/59/525
f 624/60/526 660/52/526 666/57/526
f 661/69/527 621/75/527 667/76/527
f 665/73/528 672/65/528 666/63/528
f 663/66/51 670/67/51 664/68/51
f 661/69/529 668/70/529 662/71/529
f 624/72/530 666/63/530 672/65/530
f 664/68/531 671/64/531 665/73/531
f 662/71/532 669/74/532 663/66/532
f 672/65/533 677/81/533 678/80/533
f 669/74/534 676/77/534 670/67/534
f 667/76/535 674/78/535 668/70/535
f 624/79/536 672/65/536 678/80/536
f 671/64/537 676/77/537 677/81/537
f 668/70/538 675/82/538 669/74/538
f 667/76/539 621/83/539 673/84/539
f 675/82/540 623/6/540 676/77/540
f 673/84/541 680/9/541 674/78/541
f 624/85/542 678/80/542 682/1/542
f 677/81/543 623/6/543 681/11/543
f 674/78/544 622/4/544 675/82/544
f 673/84/545 621/86/545 679/7/545
f 678/80/546 681/11/546 682/1/546
f 684/4/547 690/5/547 685/6/547
f 741/7/548 688/8/548 742/9/548
f 686/10/549 744/1/549 692/3/549
f 743/11/550 690/5/550 691/2/550
f 742/9/551 689/12/551 684/4/551
f 741/7/552 683/13/552 687/14/552
f 744/1/553 691/2/553 692/3/553
f 692/3/554 697/19/554 698/15/554
f 689/12/555 696/16/555 690/5/555
f 687/14/556 694/17/556 688/8/556
f 686/18/557 692/3/557 698/15/557
f 691/2/558 696/16/558 697/19/558
f 688/8/559 695/20/559 689/12/559
f 687/14/560 683/21/560 693/22/560
f 695/20/16 702/24/16 696/16/16
f 693/22/561 700/26/561 694/17/561
f 686/27/562 698/15/562 704/23/562
f 696/16/563 703/28/563 697/19/563
f 695/20/564 700/26/564 701/29/564
f 693/22/565 683/30/565 699/25/565
f 697/19/566 704/23/566 698/15/566
f 686/32/567 704/23/567 710/33/567
f 702/24/568 709/34/568 703/28/568
f 701/29/569 706/31/569 707/35/569
f 699/25/570 683/36/570 705/37/570
f 703/28/571 710/33/571 704/23/571
f 701/29/572 708/38/572 702/24/572
f 700/26/573 705/37/573 706/31/573
f 686/39/574 710/33/574 716/40/574
f 708/38/575 715/41/575 709/34/575
f 707/35/576 712/46/576 713/42/576
f 705/37/577 683/43/577 711/44/577
f 709/34/578 716/40/578 710/33/578
f 707/35/579 714/45/579 708/38/579
f 706/31/580 711/44/580 712/46/580
f 712/46/581 719/49/581 713/42/581
f 711/44/582 683/50/582 717/51/582
f 716/40/583 721/47/583 722/52/583
f 713/42/584 720/53/584 714/45/584
f 711/44/585 718/48/585 712/46/585
f 686/54/586 716/40/586 722/52/586
f 715/41/587 720/53/587 721/47/587
f 722/52/588 727/61/588 728/57/588
f 719/49/589 726/58/589 720/53/589
f 717/51/590 724/59/590 718/48/590
f 686/60/591 722/52/591 728/57/591
f 721/47/592 726/58/592 727/61/592
f 718/48/593 725/62/593 719/49/593
f 717/51/594 683/55/594 723/56/594
f 727/73/595 734/65/595 728/63/595
f 725/66/51 732/67/51 726/68/51
f 723/69/596 730/70/596 724/71/596
f 686/72/597 728/63/597 734/65/597
f 726/68/598 733/64/598 727/73/598
f 724/71/599 731/74/599 725/66/599
f 723/69/600 683/75/600 729/76/600
f 730/70/601 735/84/601 736/78/601
f 686/79/602 734/65/602 740/80/602
f 732/67/603 739/81/603 733/64/603
f 731/74/604 736/78/604 737/82/604
f 729/76/605 683/83/605 735/84/605
f 733/64/606 740/80/606 734/65/606
f 731/74/607 738/77/607 732/67/607
f 686/85/608 740/80/608 744/1/608
f 738/77/609 743/11/609 739/81/609
f 737/82/610 742/9/610 684/4/610
f 735/84/611 683/86/611 741/7/611
f 739/81/612 744/1/612 740/80/612
f 737/82/613 685/6/613 738/77/613
f 736/78/614 741/7/614 742/9/614
f 747/6/615 753/2/615 805/11/615
f 746/4/616 750/8/616 751/12/616
f 803/7/617 745/13/617 749/14/617
f 805/11/618 754/3/618 806/1/618
f 746/4/619 752/5/619 747/6/619
f 804/9/620 749/14/620 750/8/620
f 748/10/621 806/1/621 754/3/621
f 748/18/622 754/3/622 760/15/622
f 752/5/623 759/19/623 753/2/623
f 751/12/624 756/17/624 757/20/624
f 749/14/625 745/21/625 755/22/625
f 753/2/626 760/15/626 754/3/626
f 751/12/627 758/16/627 752/5/627
f 750/8/628 755/22/628 756/17/628
f 758/16/629 765/28/629 759/19/629
f 756/17/630 763/29/630 757/20/630
f 755/22/631 745/30/631 761/25/631
f 759/19/632 766/23/632 760/15/632
f 757/20/16 764/24/16 758/16/16
f 755/22/633 762/26/633 756/17/633
f 748/27/634 760/15/634 766/23/634
f 761/25/635 745/36/635 767/37/635
f 766/23/636 771/34/636 772/33/636
f 763/29/637 770/38/637 764/24/637
f 761/25/638 768/31/638 762/26/638
f 748/32/639 766/23/639 772/33/639
f 765/28/640 770/38/640 771/34/640
f 762/26/641 769/35/641 763/29/641
f 772/33/642 777/41/642 778/40/642
f 769/35/643 776/45/643 770/38/643
f 767/37/644 774/46/644 768/31/644
f 748/39/645 772/33/645 778/40/645
f 771/34/646 776/45/646 777/41/646
f 768/31/647 775/42/647 769/35/647
f 767/37/648 745/43/648 773/44/648
f 775/42/649 782/53/649 776/45/649
f 774/46/650 779/51/650 780/48/650
f 748/54/651 778/40/651 784/52/651
f 776/45/652 783/47/652 777/41/652
f 775/42/653 780/48/653 781/49/653
f 773/44/654 745/50/654 779/51/654
f 777/41/655 784/52/655 778/40/655
f 748/60/656 784/52/656 790/57/656
f 782/53/657 789/61/657 783/47/657
f 781/49/658 786/59/658 787/62/658
f 779/51/659 745/55/659 785/56/659
f 783/47/660 790/57/660 784/52/660
f 781/49/661 788/58/661 782/53/661
f 780/48/662 785/56/662 786/59/662
f 748/72/663 790/63/663 796/65/663
f 789/73/664 794/67/664 795/64/664
f 787/66/665 792/70/665 793/74/665
f 785/69/666 745/75/666 791/76/666
f 789/73/667 796/65/667 790/63/667
f 787/66/51 794/67/51 788/68/51
f 785/69/668 792/70/668 786/71/668
f 792/70/669 799/82/669 793/74/669
f 791/76/670 745/83/670 797/84/670
f 796/65/671 801/81/671 802/80/671
f 793/74/672 800/77/672 794/67/672
f 791/76/673 798/78/673 792/70/673
f 748/79/674 796/65/674 802/80/674
f 795/64/675 800/77/675 801/81/675
f 802/80/676 805/11/676 806/1/676
f 799/82/677 747/6/677 800/77/677
f 797/84/678 804/9/678 798/78/678
f 748/85/679 802/80/679 806/1/679
f 801/81/680 747/6/680 805/11/680
f 798/78/681 746/4/681 799/82/681
f 797/84/682 745/86/682 803/7/682
f 868/1/683 815/2/683 816/3/683
f 808/4/684 814/5/684 809/6/684
f 865/7/685 812/8/685 866/9/685
f 810/10/686 868/1/686 816/3/686
f 867/11/687 814/5/687 815/2/687
f 866/9/688 813/12/688 808/4/688
f 865/7/689 807/13/689 811/14/689
f 816/3/690 821/19/690 822/15/690
f 813/12/691 820/16/691 814/5/691
f 811/14/692 818/17/692 812/8/692
f 810/18/693 816/3/693 822/15/693
f 815/2/694 820/16/694 821/19/694
f 812/8/695 819/20/695 813/12/695
f 811/14/696 807/21/696 817/22/696
f 821/19/697 828/23/697 822/15/697
f 819/20/16 826/24/16 820/16/16
f 817/22/698 824/26/698 818/17/698
f 810/27/699 822/15/699 828/23/699
f 820/16/700 827/28/700 821/19/700
f 819/20/701 824/26/701 825/29/701
f 817/22/702 807/30/702 823/25/702
f 824/26/703 829/37/703 830/31/703
f 810/32/704 828/23/704 834/33/704
f 826/24/705 833/34/705 827/28/705
f 825/29/706 830/31/706 831/35/706
f 823/25/707 807/36/707 829/37/707
f 827/28/708 834/33/708 828/23/708
f 825/29/709 832/38/709 826/24/709
f 810/39/710 834/33/710 840/40/710
f 832/38/711 839/41/711 833/34/711
f 831/35/712 836/46/712 837/42/712
f 829/37/713 807/43/713 835/44/713
f 833/34/714 840/40/714 834/33/714
f 831/35/715 838/45/715 832/38/715
f 830/31/716 835/44/716 836/46/716
f 839/41/717 844/53/717 845/47/717
f 836/46/718 843/49/718 837/42/718
f 835/44/719 807/50/719 841/51/719
f 840/40/720 845/47/720 846/52/720
f 837/42/721 844/53/721 838/45/721
f 835/44/722 842/48/722 836/46/722
f 810/54/723 840/40/723 846/52/723
f 841/51/724 807/55/724 847/56/724
f 846/52/725 851/61/725 852/57/725
f 843/49/726 850/58/726 844/53/726
f 841/51/727 848/59/727 842/48/727
f 810/60/728 846/52/728 852/57/728
f 845/47/729 850/58/729 851/61/729
f 842/48/730 849/62/730 843/49/730
f 851/73/731 858/65/731 852/63/731
f 849/66/51 856/67/51 850/68/51
f 847/69/732 854/70/732 848/71/732
f 810/72/733 852/63/733 858/65/733
f 850/68/734 857/64/734 851/73/734
f 849/66/735 854/70/735 855/74/735
f 847/69/736 807/75/736 853/76/736
f 855/74/737 862/77/737 856/67/737
f 854/70/738 859/84/738 860/78/738
f 810/79/739 858/65/739 864/80/739
f 856/67/740 863/81/740 857/64/740
f 855/74/741 860/78/741 861/82/741
f 853/76/742 807/83/742 859/84/742
f 857/64/743 864/80/743 858/65/743
f 810/85/744 864/80/744 868/1/744
f 862/77/745 867/11/745 863/81/745
f 861/82/746 866/9/746 808/4/746
f 859/84/747 807/86/747 865/7/747
f 863/81/748 868/1/748 864/80/748
f 861/82/749 809/6/749 862/77/749
f 860/78/750 865/7/750 866/9/750
f 872/10/751 930/1/751 878/3/751
f 871/6/752 877/2/752 929/11/752
f 870/4/753 874/8/753 875/12/753
f 927/7/754 869/13/754 873/14/754
f 929/11/755 878/3/755 930/1/755
f 870/4/756 876/5/756 871/6/756
f 928/9/757 873/14/757 874/8/757
f 875/12/758 882/16/758 876/5/758
f 874/8/759 879/22/759 880/17/759
f 872/18/760 878/3/760 884/15/760
f 876/5/761 883/19/761 877/2/761
f 875/12/762 880/17/762 881/20/762
f 873/14/763 869/21/763 879/22/763
f 877/2/764 884/15/764 878/3/764
f 872/27/765 884/15/765 890/23/765
f 882/16/766 889/28/766 883/19/766
f 880/17/767 887/29/767 881/20/767
f 879/22/768 869/30/768 885/25/768
f 883/19/769 890/23/769 884/15/769
f 881/20/16 888/24/16 882/16/16
f 879/22/770 886/26/770 880/17/770
f 872/32/771 890/23/771 896/33/771
f 889/28/772 894/38/772 895/34/772
f 886/26/773 893/35/773 887/29/773
f 885/25/774 869/36/774 891/37/774
f 890/23/775 895/34/775 896/33/775
f 887/29/776 894/38/776 888/24/776
f 885/25/777 892/31/777 886/26/777
f 892/31/778 899/42/778 893/35/778
f 891/37/779 869/43/779 897/44/779
f 896/33/780 901/41/780 902/40/780
f 893/35/781 900/45/781 894/38/781
f 891/37/782 898/46/782 892/31/782
f 872/39/783 896/33/783 902/40/783
f 895/34/784 900/45/784 901/41/784
f 901/41/785 908/52/785 902/40/785
f 899/42/786 906/53/786 900/45/786
f 898/46/787 903/51/787 904/48/787
f 872/54/788 902/40/788 908/52/788
f 900/45/789 907/47/789 901/41/789
f 899/42/790 904/48/790 905/49/790
f 897/44/791 869/50/791 903/51/791
f 907/47/792 914/57/792 908/52/792
f 905/49/793 912/58/793 906/53/793
f 904/48/794 909/56/794 910/59/794
f 872/60/795 908/52/795 914/57/795
f 906/53/796 913/61/796 907/47/796
f 905/49/797 910/59/797 911/62/797
f 903/51/798 869/55/798 909/56/798
f 910/71/799 915/76/799 916/70/799
f 872/72/800 914/63/800 920/65/800
f 912/68/801 919/64/801 913/73/801
f 911/66/802 916/70/802 917/74/802
f 909/69/803 869/75/803 915/76/803
f 914/63/804 919/64/804 920/65/804
f 911/66/51 918/67/51 912/68/51
f 872/79/805 920/65/805 926/80/805
f 919/64/806 924/77/806 925/81/806
f 916/70/807 923/82/807 917/74/807
f 915/76/808 869/83/808 921/84/808
f 920/65/809 925/81/809 926/80/809
f 917/74/810 924/77/810 918/67/810
f 915/76/811 922/78/811 916/70/811
f 925/81/812 871/6/812 929/11/812
f 922/78/813 870/4/813 923/82/813
f 921/84/814 869/86/814 927/7/814
f 926/80/815 929/11/815 930/1/815
f 923/82/816 871/6/816 924/77/816
f 921/84/817 928/9/817 922/78/817
f 872/85/818 926/80/818 930/1/818
f 991/11/819 940/3/819 992/1/819
f 932/4/820 938/5/820 933/6/820
f 990/9/821 935/14/821 936/8/821
f 934/10/822 992/1/822 940/3/822
f 933/6/823 939/2/823 991/11/823
f 932/4/824 936/8/824 937/12/824
f 989/7/825 931/13/825 935/14/825
f 939/2/826 946/15/826 940/3/826
f 937/12/827 944/16/827 938/5/827
f 936/8/828 941/22/828 942/17/828
f 934/18/829 940/3/829 946/15/829
f 938/5/830 945/19/830 939/2/830
f 937/12/831 942/17/831 943/20/831
f 935/14/832 931/21/832 941/22/832
f 945/19/833 952/23/833 946/15/833
f 943/20/16 950/24/16 944/16/16
f 941/22/834 948/26/834 942/17/834
f 934/27/155 946/15/155 952/23/155
f 944/16/835 951/28/835 945/19/835
f 942/17/836 949/29/836 943/20/836
f 941/22/158 931/30/158 947/25/158
f 947/25/837 954/31/837 948/26/837
f 934/32/838 952/23/838 958/33/838
f 951/28/839 956/38/839 957/34/839
f 948/26/840 955/35/840 949/29/840
f 947/25/841 931/36/841 953/37/841
f 952/23/842 957/34/842 958/33/842
f 949/29/843 956/38/843 950/24/843
f 934/39/844 958/33/844 964/40/844
f 957/34/845 962/45/845 963/41/845
f 954/31/846 961/42/846 955/35/846
f 953/37/847 931/43/847 959/44/847
f 958/33/848 963/41/848 964/40/848
f 955/35/849 962/45/849 956/38/849
f 953/37/850 960/46/850 954/31/850
f 962/45/851 969/47/851 963/41/851
f 961/42/852 966/48/852 967/49/852
f 959/44/853 931/50/853 965/51/853
f 963/41/854 970/52/854 964/40/854
f 961/42/855 968/53/855 962/45/855
f 960/46/856 965/51/856 966/48/856
f 934/54/857 964/40/857 970/52/857
f 965/51/858 931/55/858 971/56/858
f 969/47/859 976/57/859 970/52/859
f 967/49/860 974/58/860 968/53/860
f 966/48/861 971/56/861 972/59/861
f 934/60/862 970/52/862 976/57/862
f 968/53/863 975/61/863 969/47/863
f 967/49/864 972/59/864 973/62/864
f 975/73/865 982/65/865 976/63/865
f 973/66/51 980/67/51 974/68/51
f 971/69/866 978/70/866 972/71/866
f 934/72/189 976/63/189 982/65/189
f 974/68/867 981/64/867 975/73/867
f 972/71/868 979/74/868 973/66/868
f 971/69/192 931/75/192 977/76/192
f 979/74/869 986/77/869 980/67/869
f 977/76/870 984/78/870 978/70/870
f 934/79/871 982/65/871 988/80/871
f 981/64/872 986/77/872 987/81/872
f 978/70/873 985/82/873 979/74/873
f 977/76/874 931/83/874 983/84/874
f 982/65/875 987/81/875 988/80/875
f 934/85/876 988/80/876 992/1/876
f 987/81/877 933/6/877 991/11/877
f 984/78/878 932/4/878 985/82/878
f 983/84/879 931/86/879 989/7/879
f 988/80/880 991/11/880 992/1/880
f 985/82/881 933/6/881 986/77/881
f 983/84/882 990/9/882 984/78/882
f 995/6/883 1001/2/883 1053/11/883
f 994/4/884 998/8/884 999/12/884
f 1051/7/885 993/13/885 997/14/885
f 1053/11/886 1002/3/886 1054/1/886
f 994/4/887 1000/5/887 995/6/887
f 1052/9/888 997/14/888 998/8/888
f 996/10/889 1054/1/889 1002/3/889
f 996/18/890 1002/3/890 1008/15/890
f 1000/5/891 1007/19/891 1001/2/891
f 999/12/892 1004/17/892 1005/20/892
f 997/14/893 993/21/893 1003/22/893
f 1001/2/894 1008/15/894 1002/3/894
f 999/12/895 1006/16/895 1000/5/895
f 998/8/896 1003/22/896 1004/17/896
f 1006/16/897 1013/28/897 1007/19/897
f 1005/20/898 1010/26/898 1011/29/898
f 1003/22/899 993/30/899 1009/25/899
f 1007/19/900 1014/23/900 1008/15/900
f 1005/20/16 1012/24/16 1006/16/16
f 1004/17/901 1009/25/901 1010/26/901
f 996/27/902 1008/15/902 1014/23/902
f 1009/25/903 993/36/903 1015/37/903
f 1014/23/904 1019/34/904 1020/33/904
f 1011/29/905 1018/38/905 1012/24/905
f 1009/25/906 1016/31/906 1010/26/906
f 996/32/907 1014/23/907 1020/33/907
f 1013/28/908 1018/38/908 1019/34/908
f 1010/26/909 1017/35/909 1011/29/909
f 1020/33/910 1025/41/910 1026/40/910
f 1017/35/911 1024/45/911 1018/38/911
f 1015/37/912 1022/46/912 1016/31/912
f 996/39/913 1020/33/913 1026/40/913
f 1019/34/914 1024/45/914 1025/41/914
f 1016/31/915 1023/42/915 1017/35/915
f 1015/37/916 993/43/916 1021/44/916
f 1023/42/917 1030/53/917 1024/45/917
f 1022/46/918 1027/51/918 1028/48/918
f 996/54/919 1026/40/919 1032/52/919
f 1024/45/920 1031/47/920 1025/41/920
f 1023/42/921 1028/48/921 1029/49/921
f 1021/44/922 993/50/922 1027/51/922
f 1025/41/923 1032/52/923 1026/40/923
f 996/60/924 1032/52/924 1038/57/924
f 1030/53/925 1037/61/925 1031/47/925
f 1029/49/926 1034/59/926 1035/62/926
f 1027/51/927 993/55/927 1033/56/927
f 1031/47/928 1038/57/928 1032/52/928
f 1029/49/929 1036/58/929 1030/53/929
f 1028/48/930 1033/56/930 1034/59/930
f 996/72/931 1038/63/931 1044/65/931
f 1036/68/932 1043/64/932 1037/73/932
f 1035/66/933 1040/70/933 1041/74/933
f 1033/69/934 993/75/934 1039/76/934
f 1037/73/935 1044/65/935 1038/63/935
f 1035/66/51 1042/67/51 1036/68/51
f 1034/71/936 1039/76/936 1040/70/936
f 1040/70/937 1047/82/937 1041/74/937
f 1039/76/938 993/83/938 1045/84/938
f 1044/65/939 1049/81/939 1050/80/939
f 1041/74/940 1048/77/940 1042/67/940
f 1039/76/941 1046/78/941 1040/70/941
f 996/79/942 1044/65/942 1050/80/942
f 1043/64/943 1048/77/943 1049/81/943
f 1050/80/944 1053/11/944 1054/1/944
f 1047/82/945 995/6/945 1048/77/945
f 1045/84/946 1052/9/946 1046/78/946
f 996/85/947 1050/80/947 1054/1/947
f 1049/81/948 995/6/948 1053/11/948
f 1046/78/949 994/4/949 1047/82/949
f 1045/84/950 993/86/950 1051/7/950
f 1058/10/951 1116/1/951 1064/3/951
f 1057/6/952 1063/2/952 1115/11/952
f 1056/4/953 1060/8/953 1061/12/953
f 1113/7/954 1055/13/954 1059/14/954
f 1115/11/955 1064/3/955 1116/1/955
f 1056/4/956 1062/5/956 1057/6/956
f 1114/9/957 1059/14/957 1060/8/957
f 1061/12/958 1068/16/958 1062/5/958
f 1060/8/959 1065/22/959 1066/17/959
f 1058/18/960 1064/3/960 1070/15/960
f 1062/5/961 1069/19/961 1063/2/961
f 1061/12/962 1066/17/962 1067/20/962
f 1059/14/963 1055/21/963 1065/22/963
f 1063/2/964 1070/15/964 1064/3/964
f 1058/27/965 1070/15/965 1076/23/965
f 1068/16/966 1075/28/966 1069/19/966
f 1066/17/967 1073/29/967 1067/20/967
f 1065/22/968 1055/30/968 1071/25/968
f 1069/19/969 1076/23/969 1070/15/969
f 1067/20/16 1074/24/16 1068/16/16
f 1066/17/970 1071/25/970 1072/26/970
f 1058/32/971 1076/23/971 1082/33/971
f 1075/28/972 1080/38/972 1081/34/972
f 1072/26/973 1079/35/973 1073/29/973
f 1071/25/974 1055/36/974 1077/37/974
f 1076/23/975 1081/34/975 1082/33/975
f 1073/29/976 1080/38/976 1074/24/976
f 1071/25/977 1078/31/977 1072/26/977
f 1078/31/978 1085/42/978 1079/35/978
f 1077/37/979 1055/43/979 1083/44/979
f 1082/33/980 1087/41/980 1088/40/980
f 1079/35/981 1086/45/981 1080/38/981
f 1077/37/982 1084/46/982 1078/31/982
f 1058/39/983 1082/33/983 1088/40/983
f 1081/34/984 1086/45/984 1087/41/984
f 1087/41/985 1094/52/985 1088/40/985
f 1085/42/986 1092/53/986 1086/45/986
f 1084/46/987 1089/51/987 1090/48/987
f 1058/54/988 1088/40/988 1094/52/988
f 1086/45/989 1093/47/989 1087/41/989
f 1085/42/990 1090/48/990 1091/49/990
f 1083/44/991 1055/50/991 1089/51/991
f 1093/47/992 1100/57/992 1094/52/992
f 1091/49/993 1098/58/993 1092/53/993
f 1090/48/994 1095/56/994 1096/59/994
f 1058/60/995 1094/52/995 1100/57/995
f 1092/53/996 1099/61/996 1093/47/996
f 1091/49/997 1096/59/997 1097/62/997
f 1089/51/998 1055/55/998 1095/56/998
f 1095/69/999 1102/70/999 1096/71/999
f 1058/72/1000 1100/63/1000 1106/65/1000
f 1098/68/1001 1105/64/1001 1099/73/1001
f 1097/66/1002 1102/70/1002 1103/74/1002
f 1095/69/1003 1055/75/1003 1101/76/1003
f 1100/63/1004 1105/64/1004 1106/65/1004
f 1097/66/51 1104/67/51 1098/68/51
f 1058/79/1005 1106/65/1005 1112/80/1005
f 1105/64/1006 1110/77/1006 1111/81/1006
f 1102/70/1007 1109/82/1007 1103/74/1007
f 1101/76/1008 1055/83/1008 1107/84/1008
f 1106/65/1009 1111/81/1009 1112/80/1009
f 1103/74/1010 1110/77/1010 1104/67/1010
f 1101/76/1011 1108/78/1011 1102/70/1011
f 1111/81/1012 1057/6/1012 1115/11/1012
f 1108/78/1013 1056/4/1013 1109/82/1013
f 1107/84/1014 1055/86/1014 1113/7/1014
f 1112/80/1015 1115/11/1015 1116/1/1015
f 1109/82/1016 1057/6/1016 1110/77/1016
f 1107/84/1017 1114/9/1017 1108/78/1017
f 1058/85/1018 1112/80/1018 1116/1/1018
f 1177/11/1019 1126/3/1019 1178/1/1019
f 1118/4/1020 1124/5/1020 1119/6/1020
f 1176/9/1021 1121/14/1021 1122/8/1021
f 1120/10/1022 1178/1/1022 1126/3/1022
f 1119/6/1023 1125/2/1023 1177/11/1023
f 1118/4/1024 1122/8/1024 1123/12/1024
f 1175/7/1025 1117/13/1025 1121/14/1025
f 1123/12/1026 1128/17/1026 1129/20/1026
f 1121/14/1027 1117/21/1027 1127/22/1027
f 1125/2/1028 1132/15/1028 1126/3/1028
f 1123/12/1029 1130/16/1029 1124/5/1029
f 1122/8/1030 1127/22/1030 1128/17/1030
f 1120/18/1031 1126/3/1031 1132/15/1031
f 1124/5/1032 1131/19/1032 1125/2/1032
f 1131/19/1033 1138/23/1033 1132/15/1033
f 1129/20/16 1136/24/16 1130/16/16
f 1127/22/1034 1134/26/1034 1128/17/1034
f 1120/27/1035 1132/15/1035 1138/23/1035
f 1130/16/1036 1137/28/1036 1131/19/1036
f 1128/17/1037 1135/29/1037 1129/20/1037
f 1127/22/1038 1117/30/1038 1133/25/1038
f 1138/23/1039 1143/34/1039 1144/33/1039
f 1135/29/1040 1142/38/1040 1136/24/1040
f 1133/25/1041 1140/31/1041 1134/26/1041
f 1120/32/1042 1138/23/1042 1144/33/1042
f 1137/28/1043 1142/38/1043 1143/34/1043
f 1134/26/1044 1141/35/1044 1135/29/1044
f 1133/25/1045 1117/36/1045 1139/37/1045
f 1139/37/1046 1146/46/1046 1140/31/1046
f 1120/39/1047 1144/33/1047 1150/40/1047
f 1143/34/1048 1148/45/1048 1149/41/1048
f 1140/31/1049 1147/42/1049 1141/35/1049
f 1139/37/1050 1117/43/1050 1145/44/1050
f 1144/33/1051 1149/41/1051 1150/40/1051
f 1141/35/1052 1148/45/1052 1142/38/1052
f 1120/54/1053 1150/40/1053 1156/52/1053
f 1148/45/1054 1155/47/1054 1149/41/1054
f 1147/42/1055 1152/48/1055 1153/49/1055
f 1145/44/1056 1117/50/1056 1151/51/1056
f 1149/41/1057 1156/52/1057 1150/40/1057
f 1147/42/1058 1154/53/1058 1148/45/1058
f 1146/46/1059 1151/51/1059 1152/48/1059
f 1154/53/1060 1161/61/1060 1155/47/1060
f 1153/49/1061 1158/59/1061 1159/62/1061
f 1151/51/1062 1117/55/1062 1157/56/1062
f 1155/47/1063 1162/57/1063 1156/52/1063
f 1153/49/1064 1160/58/1064 1154/53/1064
f 1152/48/1065 1157/56/1065 1158/59/1065
f 1120/60/1066 1156/52/1066 1162/57/1066
f 1157/69/1067 1117/75/1067 1163/76/1067
f 1162/63/1068 1167/64/1068 1168/65/1068
f 1159/66/51 1166/67/51 1160/68/51
f 1157/69/1069 1164/70/1069 1158/71/1069
f 1120/72/1070 1162/63/1070 1168/65/1070
f 1160/68/1071 1167/64/1071 1161/73/1071
f 1159/66/1072 1164/70/1072 1165/74/1072
f 1168/65/1073 1173/81/1073 1174/80/1073
f 1165/74/1074 1172/77/1074 1166/67/1074
f 1163/76/1075 1170/78/1075 1164/70/1075
f 1120/79/1076 1168/65/1076 1174/80/1076
f 1167/64/1077 1172/77/1077 1173/81/1077
f 1164/70/1078 1171/82/1078 1165/74/1078
f 1163/76/1079 1117/83/1079 1169/84/1079
f 1171/82/1080 1119/6/1080 1172/77/1080
f 1169/84/1081 1176/9/1081 1170/78/1081
f 1120/85/1082 1174/80/1082 1178/1/1082
f 1173/81/1083 1119/6/1083 1177/11/1083
f 1170/78/1084 1118/4/1084 1171/82/1084
f 1169/84/1085 1117/86/1085 1175/7/1085
f 1174/80/1086 1177/11/1086 1178/1/1086
f 1239/11/1087 1186/5/1087 1187/2/1087
f 1238/9/1088 1185/12/1088 1180/4/1088
f 1237/7/1089 1179/13/1089 1183/14/1089
f 1240/1/1090 1187/2/1090 1188/3/1090
f 1180/4/1091 1186/5/1091 1181/6/1091
f 1237/7/1092 1184/8/1092 1238/9/1092
f 1182/10/1093 1240/1/1093 1188/3/1093
f 1182/18/1094 1188/3/1094 1194/15/1094
f 1187/2/1095 1192/16/1095 1193/19/1095
f 1184/8/1096 1191/20/1096 1185/12/1096
f 1183/14/1097 1179/21/1097 1189/22/1097
f 1188/3/1098 1193/19/1098 1194/15/1098
f 1185/12/1099 1192/16/1099 1186/5/1099
f 1183/14/1100 1190/17/1100 1184/8/1100
f 1192/16/1101 1199/28/1101 1193/19/1101
f 1190/17/1102 1197/29/1102 1191/20/1102
f 1189/22/1103 1179/30/1103 1195/25/1103
f 1193/19/1104 1200/23/1104 1194/15/1104
f 1191/20/16 1198/24/16 1192/16/16
f 1189/22/1105 1196/26/1105 1190/17/1105
f 1182/27/1106 1194/15/1106 1200/23/1106
f 1195/25/1107 1179/36/1107 1201/37/1107
f 1199/28/1108 1206/33/1108 1200/23/1108
f 1197/29/1109 1204/38/1109 1198/24/1109
f 1196/26/1110 1201/37/1110 1202/31/1110
f 1182/32/1111 1200/23/1111 1206/33/1111
f 1198/24/1112 1205/34/1112 1199/28/1112
f 1197/29/1113 1202/31/1113 1203/35/1113
f 1205/34/1114 1212/40/1114 1206/33/1114
f 1203/35/1115 1210/45/1115 1204/38/1115
f 1202/31/1116 1207/44/1116 1208/46/1116
f 1182/39/1117 1206/33/1117 1212/40/1117
f 1204/38/1118 1211/41/1118 1205/34/1118
f 1203/35/1119 1208/46/1119 1209/42/1119
f 1201/37/1120 1179/43/1120 1207/44/1120
f 1209/42/1121 1216/53/1121 1210/45/1121
f 1207/44/1122 1214/48/1122 1208/46/1122
f 1182/54/1123 1212/40/1123 1218/52/1123
f 1211/41/1124 1216/53/1124 1217/47/1124
f 1208/46/1125 1215/49/1125 1209/42/1125
f 1207/44/1126 1179/50/1126 1213/51/1126
f 1212/40/1127 1217/47/1127 1218/52/1127
f 1182/60/1128 1218/52/1128 1224/57/1128
f 1217/47/1129 1222/58/1129 1223/61/1129
f 1214/48/1130 1221/62/1130 1215/49/1130
f 1213/51/1131 1179/55/1131 1219/56/1131
f 1218/52/1132 1223/61/1132 1224/57/1132
f 1215/49/1133 1222/58/1133 1216/53/1133
f 1213/51/1134 1220/59/1134 1214/48/1134
f 1182/72/1135 1224/63/1135 1230/65/1135
f 1222/68/1136 1229/64/1136 1223/73/1136
f 1220/71/1137 1227/74/1137 1221/66/1137
f 1219/69/1138 1179/75/1138 1225/76/1138
f 1223/73/1139 1230/65/1139 1224/63/1139
f 1221/66/51 1228/67/51 1222/68/51
f 1219/69/1140 1226/70/1140 1220/71/1140
f 1227/74/1141 1232/78/1141 1233/82/1141
f 1225/76/1142 1179/83/1142 1231/84/1142
f 1229/64/1143 1236/80/1143 1230/65/1143
f 1227/74/1144 1234/77/1144 1228/67/1144
f 1226/70/1145 1231/84/1145 1232/78/1145
f 1182/79/1146 1230/65/1146 1236/80/1146
f 1228/67/1147 1235/81/1147 1229/64/1147
f 1235/81/1148 1240/1/1148 1236/80/1148
f 1233/82/1149 1181/6/1149 1234/77/1149
f 1232/78/1150 1237/7/1150 1238/9/1150
f 1182/85/1151 1236/80/1151 1240/1/1151
f 1234/77/1152 1239/11/1152 1235/81/1152
f 1233/82/1153 1238/9/1153 1180/4/1153
f 1231/84/1154 1179/86/1154 1237/7/1154
f 1244/10/1155 1302/1/1155 1250/3/1155
f 1301/11/1156 1248/5/1156 1249/2/1156
f 1300/9/1157 1247/12/1157 1242/4/1157
f 1299/7/1158 1241/13/1158 1245/14/1158
f 1302/1/1159 1249/2/1159 1250/3/1159
f 1242/4/1160 1248/5/1160 1243/6/1160
f 1299/7/1161 1246/8/1161 1300/9/1161
f 1247/12/1162 1254/16/1162 1248/5/1162
f 1245/14/1163 1252/17/1163 1246/8/1163
f 1244/18/1164 1250/3/1164 1256/15/1164
f 1249/2/1165 1254/16/1165 1255/19/1165
f 1246/8/1166 1253/20/1166 1247/12/1166
f 1245/14/1167 1241/21/1167 1251/22/1167
f 1250/3/1168 1255/19/1168 1256/15/1168
f 1244/27/1169 1256/15/1169 1262/23/1169
f 1254/16/1170 1261/28/1170 1255/19/1170
f 1252/17/1171 1259/29/1171 1253/20/1171
f 1251/22/1172 1241/30/1172 1257/25/1172
f 1255/19/1173 1262/23/1173 1256/15/1173
f 1253/20/16 1260/24/16 1254/16/16
f 1252/17/1174 1257/25/1174 1258/26/1174
f 1244/32/1175 1262/23/1175 1268/33/1175
f 1260/24/1176 1267/34/1176 1261/28/1176
f 1259/29/1177 1264/31/1177 1265/35/1177
f 1257/25/1178 1241/36/1178 1263/37/1178
f 1261/28/1179 1268/33/1179 1262/23/1179
f 1259/29/1180 1266/38/1180 1260/24/1180
f 1258/26/1181 1263/37/1181 1264/31/1181
f 1265/35/1182 1270/46/1182 1271/42/1182
f 1263/37/1183 1241/43/1183 1269/44/1183
f 1267/34/1184 1274/40/1184 1268/33/1184
f 1265/35/1185 1272/45/1185 1266/38/1185
f 1264/31/1186 1269/44/1186 1270/46/1186
f 1244/39/1187 1268/33/1187 1274/40/1187
f 1266/38/1188 1273/41/1188 1267/34/1188
f 1274/40/1189 1279/47/1189 1280/52/1189
f 1271/42/1190 1278/53/1190 1272/45/1190
f 1269/44/1191 1276/48/1191 1270/46/1191
f 1244/54/1192 1274/40/1192 1280/52/1192
f 1273/41/1193 1278/53/1193 1279/47/1193
f 1270/46/1194 1277/49/1194 1271/42/1194
f 1269/44/1195 1241/50/1195 1275/51/1195
f 1280/52/1196 1285/61/1196 1286/57/1196
f 1277/49/1197 1284/58/1197 1278/53/1197
f 1275/51/1198 1282/59/1198 1276/48/1198
f 1244/60/1199 1280/52/1199 1286/57/1199
f 1279/47/1200 1284/58/1200 1285/61/1200
f 1276/48/1201 1283/62/1201 1277/49/1201
f 1275/51/1202 1241/55/1202 1281/56/1202
f 1281/69/1203 1288/70/1203 1282/71/1203
f 1244/72/1204 1286/63/1204 1292/65/1204
f 1284/68/1205 1291/64/1205 1285/73/1205
f 1282/71/1206 1289/74/1206 1283/66/1206
f 1281/69/1207 1241/75/1207 1287/76/1207
f 1286/63/1208 1291/64/1208 1292/65/1208
f 1283/66/51 1290/67/51 1284/68/51
f 1244/79/1209 1292/65/1209 1298/80/1209
f 1290/67/1210 1297/81/1210 1291/64/1210
f 1289/74/1211 1294/78/1211 1295/82/1211
f 1287/76/1212 1241/83/1212 1293/84/1212
f 1291/64/1213 1298/80/1213 1292/65/1213
f 1289/74/1214 1296/77/1214 1290/67/1214
f 1288/70/1215 1293/84/1215 1294/78/1215
f 1296/77/1216 1301/11/1216 1297/81/1216
f 1295/82/1217 1300/9/1217 1242/4/1217
f 1293/84/1218 1241/86/1218 1299/7/1218
f 1297/81/1219 1302/1/1219 1298/80/1219
f 1295/82/1220 1243/6/1220 1296/77/1220
f 1294/78/1221 1299/7/1221 1300/9/1221
f 1244/85/1222 1298/80/1222 1302/1/1222
f 1363/11/1223 1312/3/1223 1364/1/1223
f 1304/4/1224 1310/5/1224 1305/6/1224
f 1362/9/1225 1307/14/1225 1308/8/1225
f 1306/10/1226 1364/1/1226 1312/3/1226
f 1305/6/1227 1311/2/1227 1363/11/1227
f 1304/4/1228 1308/8/1228 1309/12/1228
f 1361/7/1229 1303/13/1229 1307/14/1229
f 1309/12/1230 1314/17/1230 1315/20/1230
f 1307/14/1231 1303/21/1231 1313/22/1231
f 1311/2/1232 1318/15/1232 1312/3/1232
f 1309/12/1233 1316/16/1233 1310/5/1233
f 1308/8/1234 1313/22/1234 1314/17/1234
f 1306/18/1235 1312/3/1235 1318/15/1235
f 1310/5/1236 1317/19/1236 1311/2/1236
f 1317/19/1237 1324/23/1237 1318/15/1237
f 1315/20/16 1322/24/16 1316/16/16
f 1313/22/1238 1320/26/1238 1314/17/1238
f 1306/27/1239 1318/15/1239 1324/23/1239
f 1316/16/1240 1323/28/1240 1317/19/1240
f 1314/17/1241 1321/29/1241 1315/20/1241
f 1313/22/1242 1303/30/1242 1319/25/1242
f 1324/23/1243 1329/34/1243 1330/33/1243
f 1321/29/1244 1328/38/1244 1322/24/1244
f 1319/25/1245 1326/31/1245 1320/26/1245
f 1306/32/1246 1324/23/1246 1330/33/1246
f 1323/28/1247 1328/38/1247 1329/34/1247
f 1320/26/1248 1327/35/1248 1321/29/1248
f 1319/25/1249 1303/36/1249 1325/37/1249
f 1325/37/1250 1332/46/1250 1326/31/1250
f 1306/39/1251 1330/33/1251 1336/40/1251
f 1329/34/1252 1334/45/1252 1335/41/1252
f 1326/31/1253 1333/42/1253 1327/35/1253
f 1325/37/1254 1303/43/1254 1331/44/1254
f 1330/33/1255 1335/41/1255 1336/40/1255
f 1327/35/1256 1334/45/1256 1328/38/1256
f 1306/54/1257 1336/40/1257 1342/52/1257
f 1334/45/1258 1341/47/1258 1335/41/1258
f 1333/42/1259 1338/48/1259 1339/49/1259
f 1331/44/1260 1303/50/1260 1337/51/1260
f 1335/41/1261 1342/52/1261 1336/40/1261
f 1333/42/1262 1340/53/1262 1334/45/1262
f 1332/46/1263 1337/51/1263 1338/48/1263
f 1340/53/1264 1347/61/1264 1341/47/1264
f 1339/49/1265 1344/59/1265 1345/62/1265
f 1337/51/1266 1303/55/1266 1343/56/1266
f 1341/47/1267 1348/57/1267 1342/52/1267
f 1339/49/1268 1346/58/1268 1340/53/1268
f 1338/48/1269 1343/56/1269 1344/59/1269
f 1306/60/1270 1342/52/1270 1348/57/1270
f 1343/69/1271 1303/75/1271 1349/76/1271
f 1347/73/1272 1354/65/1272 1348/63/1272
f 1345/66/51 1352/67/51 1346/68/51
f 1343/69/1273 1350/70/1273 1344/71/1273
f 1306/72/1274 1348/63/1274 1354/65/1274
f 1346/68/1275 1353/64/1275 1347/73/1275
f 1345/66/1276 1350/70/1276 1351/74/1276
f 1354/65/1277 1359/81/1277 1360/80/1277
f 1351/74/1278 1358/77/1278 1352/67/1278
f 1349/76/1279 1356/78/1279 1350/70/1279
f 1306/79/1280 1354/65/1280 1360/80/1280
f 1353/64/1281 1358/77/1281 1359/81/1281
f 1350/70/1282 1357/82/1282 1351/74/1282
f 1349/76/1283 1303/83/1283 1355/84/1283
f 1357/82/1284 1305/6/1284 1358/77/1284
f 1355/84/1285 1362/9/1285 1356/78/1285
f 1306/85/1286 1360/80/1286 1364/1/1286
f 1359/81/1287 1305/6/1287 1363/11/1287
f 1356/78/1288 1304/4/1288 1357/82/1288
f 1355/84/1289 1303/86/1289 1361/7/1289
f 1360/80/1290 1363/11/1290 1364/1/1290
f 1367/6/1291 1373/2/1291 1425/11/1291
f 1366/4/1292 1370/8/1292 1371/12/1292
f 1423/7/1293 1365/13/1293 1369/14/1293
f 1425/11/1294 1374/3/1294 1426/1/1294
f 1366/4/619 1372/5/619 1367/6/619
f 1424/9/1295 1369/14/1295 1370/8/1295
f 1368/10/1296 1426/1/1296 1374/3/1296
f 1368/18/1297 1374/3/1297 1380/15/1297
f 1372/5/1298 1379/19/1298 1373/2/1298
f 1371/12/1299 1376/17/1299 1377/20/1299
f 1369/14/1300 1365/21/1300 1375/22/1300
f 1373/2/1301 1380/15/1301 1374/3/1301
f 1371/12/1302 1378/16/1302 1372/5/1302
f 1370/8/1303 1375/22/1303 1376/17/1303
f 1378/16/1304 1385/28/1304 1379/19/1304
f 1377/20/1305 1382/26/1305 1383/29/1305
f 1375/22/1306 1365/30/1306 1381/25/1306
f 1379/19/1307 1386/23/1307 1380/15/1307
f 1377/20/16 1384/24/16 1378/16/16
f 1376/17/1308 1381/25/1308 1382/26/1308
f 1368/27/1309 1380/15/1309 1386/23/1309
f 1381/25/1310 1365/36/1310 1387/37/1310
f 1386/23/1311 1391/34/1311 1392/33/1311
f 1383/29/1312 1390/38/1312 1384/24/1312
f 1381/25/1313 1388/31/1313 1382/26/1313
f 1368/32/1314 1386/23/1314 1392/33/1314
f 1385/28/1315 1390/38/1315 1391/34/1315
f 1382/26/1316 1389/35/1316 1383/29/1316
f 1392/33/1317 1397/41/1317 1398/40/1317
f 1389/35/643 1396/45/643 1390/38/643
f 1387/37/1318 1394/46/1318 1388/31/1318
f 1368/39/1319 1392/33/1319 1398/40/1319
f 1391/34/1320 1396/45/1320 1397/41/1320
f 1388/31/1321 1395/42/1321 1389/35/1321
f 1387/37/1322 1365/43/1322 1393/44/1322
f 1395/42/649 1402/53/649 1396/45/649
f 1394/46/1323 1399/51/1323 1400/48/1323
f 1368/54/1324 1398/40/1324 1404/52/1324
f 1396/45/1325 1403/47/1325 1397/41/1325
f 1395/42/1326 1400/48/1326 1401/49/1326
f 1393/44/1327 1365/50/1327 1399/51/1327
f 1397/41/1328 1404/52/1328 1398/40/1328
f 1368/60/1329 1404/52/1329 1410/57/1329
f 1402/53/1330 1409/61/1330 1403/47/1330
f 1401/49/1331 1406/59/1331 1407/62/1331
f 1399/51/1332 1365/55/1332 1405/56/1332
f 1403/47/1333 1410/57/1333 1404/52/1333
f 1401/49/1334 1408/58/1334 1402/53/1334
f 1400/48/1335 1405/56/1335 1406/59/1335
f 1368/72/1336 1410/63/1336 1416/65/1336
f 1408/68/1337 1415/64/1337 1409/73/1337
f 1406/71/1338 1413/74/1338 1407/66/1338
f 1405/69/1339 1365/75/1339 1411/76/1339
f 1409/73/1340 1416/65/1340 1410/63/1340
f 1407/66/51 1414/67/51 1408/68/51
f 1406/71/1341 1411/76/1341 1412/70/1341
f 1412/70/1342 1419/82/1342 1413/74/1342
f 1411/76/1343 1365/83/1343 1417/84/1343
f 1416/65/1344 1421/81/1344 1422/80/1344
f 1413/74/1345 1420/77/1345 1414/67/1345
f 1411/76/1346 1418/78/1346 1412/70/1346
f 1368/79/1347 1416/65/1347 1422/80/1347
f 1415/64/1348 1420/77/1348 1421/81/1348
f 1422/80/1349 1425/11/1349 1426/1/1349
f 1419/82/677 1367/6/677 1420/77/677
f 1417/84/1350 1424/9/1350 1418/78/1350
f 1368/85/1351 1422/80/1351 1426/1/1351
f 1421/81/1352 1367/6/1352 1425/11/1352
f 1418/78/1353 1366/4/1353 1419/82/1353
f 1417/84/1354 1365/86/1354 1423/7/1354
f 1428/4/1355 1434/5/1355 1429/6/1355
f 1485/7/1356 1432/8/1356 1486/9/1356
f 1430/10/1357 1488/1/1357 1436/3/1357
f 1487/11/1358 1434/5/1358 1435/2/1358
f 1486/9/1359 1433/12/1359 1428/4/1359
f 1485/7/1360 1427/13/1360 1431/14/1360
f 1488/1/1361 1435/2/1361 1436/3/1361
f 1436/3/1362 1441/19/1362 1442/15/1362
f 1433/12/1363 1440/16/1363 1434/5/1363
f 1431/14/1364 1438/17/1364 1432/8/1364
f 1430/18/1365 1436/3/1365 1442/15/1365
f 1435/2/1366 1440/16/1366 1441/19/1366
f 1432/8/1367 1439/20/1367 1433/12/1367
f 1431/14/1368 1427/21/1368 1437/22/1368
f 1439/20/16 1446/24/16 1440/16/16
f 1437/22/1369 1444/26/1369 1438/17/1369
f 1430/27/1370 1442/15/1370 1448/23/1370
f 1440/16/1371 1447/28/1371 1441/19/1371
f 1438/17/1372 1445/29/1372 1439/20/1372
f 1437/22/1373 1427/30/1373 1443/25/1373
f 1441/19/1374 1448/23/1374 1442/15/1374
f 1430/32/1375 1448/23/1375 1454/33/1375
f 1446/24/1376 1453/34/1376 1447/28/1376
f 1445/29/1377 1450/31/1377 1451/35/1377
f 1443/25/1378 1427/36/1378 1449/37/1378
f 1447/28/1379 1454/33/1379 1448/23/1379
f 1445/29/1380 1452/38/1380 1446/24/1380
f 1444/26/1381 1449/37/1381 1450/31/1381
f 1430/39/1382 1454/33/1382 1460/40/1382
f 1452/38/1383 1459/41/1383 1453/34/1383
f 1451/35/1384 1456/46/1384 1457/42/1384
f 1449/37/1385 1427/43/1385 1455/44/1385
f 1453/34/1386 1460/40/1386 1454/33/1386
f 1451/35/1387 1458/45/1387 1452/38/1387
f 1450/31/1388 1455/44/1388 1456/46/1388
f 1456/46/1389 1463/49/1389 1457/42/1389
f 1455/44/1390 1427/50/1390 1461/51/1390
f 1460/40/1391 1465/47/1391 1466/52/1391
f 1457/42/1392 1464/53/1392 1458/45/1392
f 1455/44/1393 1462/48/1393 1456/46/1393
f 1430/54/1394 1460/40/1394 1466/52/1394
f 1459/41/1395 1464/53/1395 1465/47/1395
f 1466/52/1396 1471/61/1396 1472/57/1396
f 1463/49/1397 1470/58/1397 1464/53/1397
f 1461/51/1398 1468/59/1398 1462/48/1398
f 1430/60/1399 1466/52/1399 1472/57/1399
f 1465/47/1400 1470/58/1400 1471/61/1400
f 1462/48/1401 1469/62/1401 1463/49/1401
f 1461/51/1402 1427/55/1402 1467/56/1402
f 1472/63/1403 1477/64/1403 1478/65/1403
f 1469/66/51 1476/67/51 1470/68/51
f 1467/69/1404 1474/70/1404 1468/71/1404
f 1430/72/1405 1472/63/1405 1478/65/1405
f 1471/73/1406 1476/67/1406 1477/64/1406
f 1469/66/1407 1474/70/1407 1475/74/1407
f 1467/69/1408 1427/75/1408 1473/76/1408
f 1474/70/1409 1479/84/1409 1480/78/1409
f 1430/79/1410 1478/65/1410 1484/80/1410
f 1476/67/1411 1483/81/1411 1477/64/1411
f 1475/74/1412 1480/78/1412 1481/82/1412
f 1473/76/1413 1427/83/1413 1479/84/1413
f 1477/64/1414 1484/80/1414 1478/65/1414
f 1475/74/1415 1482/77/1415 1476/67/1415
f 1430/85/1416 1484/80/1416 1488/1/1416
f 1482/77/1417 1487/11/1417 1483/81/1417
f 1481/82/1418 1486/9/1418 1428/4/1418
f 1479/84/1419 1427/86/1419 1485/7/1419
f 1483/81/1420 1488/1/1420 1484/80/1420
f 1481/82/1421 1429/6/1421 1482/77/1421
f 1480/78/1422 1485/7/1422 1486/9/1422
f 1550/1/1423 1497/2/1423 1498/3/1423
f 1490/4/1424 1496/5/1424 1491/6/1424
f 1547/7/1425 1494/8/1425 1548/9/1425
f 1492/10/1426 1550/1/1426 1498/3/1426
f 1549/11/1427 1496/5/1427 1497/2/1427
f 1548/9/1428 1495/12/1428 1490/4/1428
f 1547/7/1429 1489/13/1429 1493/14/1429
f 1494/8/1430 1501/20/1430 1495/12/1430
f 1493/14/1431 1489/21/1431 1499/22/1431
f 1498/3/1432 1503/19/1432 1504/15/1432
f 1495/12/1433 1502/16/1433 1496/5/1433
f 1493/14/1434 1500/17/1434 1494/8/1434
f 1492/18/1435 1498/3/1435 1504/15/1435
f 1497/2/1436 1502/16/1436 1503/19/1436
f 1503/19/1437 1510/23/1437 1504/15/1437
f 1501/20/16 1508/24/16 1502/16/16
f 1499/22/1438 1506/26/1438 1500/17/1438
f 1492/27/1439 1504/15/1439 1510/23/1439
f 1502/16/1440 1509/28/1440 1503/19/1440
f 1500/17/1441 1507/29/1441 1501/20/1441
f 1499/22/1442 1489/30/1442 1505/25/1442
f 1509/28/1443 1516/33/1443 1510/23/1443
f 1507/29/1444 1514/38/1444 1508/24/1444
f 1506/26/1445 1511/37/1445 1512/31/1445
f 1492/32/1446 1510/23/1446 1516/33/1446
f 1508/24/1447 1515/34/1447 1509/28/1447
f 1507/29/1448 1512/31/1448 1513/35/1448
f 1505/25/1449 1489/36/1449 1511/37/1449
f 1512/31/1450 1517/44/1450 1518/46/1450
f 1492/39/1451 1516/33/1451 1522/40/1451
f 1514/38/1452 1521/41/1452 1515/34/1452
f 1513/35/1453 1518/46/1453 1519/42/1453
f 1511/37/1454 1489/43/1454 1517/44/1454
f 1515/34/1455 1522/40/1455 1516/33/1455
f 1513/35/1456 1520/45/1456 1514/38/1456
f 1492/54/1457 1522/40/1457 1528/52/1457
f 1521/41/1458 1526/53/1458 1527/47/1458
f 1518/46/1459 1525/49/1459 1519/42/1459
f 1517/44/1460 1489/50/1460 1523/51/1460
f 1522/40/1461 1527/47/1461 1528/52/1461
f 1519/42/1462 1526/53/1462 1520/45/1462
f 1517/44/1463 1524/48/1463 1518/46/1463
f 1527/47/1464 1532/58/1464 1533/61/1464
f 1524/48/1465 1531/62/1465 1525/49/1465
f 1523/51/1466 1489/55/1466 1529/56/1466
f 1528/52/1467 1533/61/1467 1534/57/1467
f 1525/49/1468 1532/58/1468 1526/53/1468
f 1523/51/1469 1530/59/1469 1524/48/1469
f 1492/60/1470 1528/52/1470 1534/57/1470
f 1529/69/1471 1489/75/1471 1535/76/1471
f 1533/73/1472 1540/65/1472 1534/63/1472
f 1531/66/51 1538/67/51 1532/68/51
f 1530/71/1473 1535/76/1473 1536/70/1473
f 1492/72/1474 1534/63/1474 1540/65/1474
f 1532/68/1475 1539/64/1475 1533/73/1475
f 1531/66/1476 1536/70/1476 1537/74/1476
f 1539/64/1477 1546/80/1477 1540/65/1477
f 1537/74/1478 1544/77/1478 1538/67/1478
f 1536/70/1479 1541/84/1479 1542/78/1479
f 1492/79/1480 1540/65/1480 1546/80/1480
f 1538/67/1481 1545/81/1481 1539/64/1481
f 1537/74/1482 1542/78/1482 1543/82/1482
f 1535/76/1483 1489/83/1483 1541/84/1483
f 1543/82/1484 1491/6/1484 1544/77/1484
f 1542/78/1485 1547/7/1485 1548/9/1485
f 1492/85/1486 1546/80/1486 1550/1/1486
f 1544/77/1487 1549/11/1487 1545/81/1487
f 1543/82/1488 1548/9/1488 1490/4/1488
f 1541/84/1489 1489/86/1489 1547/7/1489
f 1545/81/1490 1550/1/1490 1546/80/1490
f 1554/10/1491 1612/1/1491 1560/3/1491
f 1553/6/1492 1559/2/1492 1611/11/1492
f 1552/4/1493 1556/8/1493 1557/12/1493
f 1609/7/1494 1551/13/1494 1555/14/1494
f 1611/11/1495 1560/3/1495 1612/1/1495
f 1552/4/1496 1558/5/1496 1553/6/1496
f 1610/9/1497 1555/14/1497 1556/8/1497
f 1556/8/1498 1561/22/1498 1562/17/1498
f 1554/18/1499 1560/3/1499 1566/15/1499
f 1558/5/1500 1565/19/1500 1559/2/1500
f 1557/12/1501 1562/17/1501 1563/20/1501
f 1555/14/1502 1551/21/1502 1561/22/1502
f 1559/2/1503 1566/15/1503 1560/3/1503
f 1557/12/1504 1564/16/1504 1558/5/1504
f 1554/27/1505 1566/15/1505 1572/23/1505
f 1564/16/1506 1571/28/1506 1565/19/1506
f 1562/17/1507 1569/29/1507 1563/20/1507
f 1561/22/1508 1551/30/1508 1567/25/1508
f 1565/19/1509 1572/23/1509 1566/15/1509
f 1563/20/16 1570/24/16 1564/16/16
f 1562/17/1510 1567/25/1510 1568/26/1510
f 1571/28/1511 1576/38/1511 1577/34/1511
f 1568/26/1512 1575/35/1512 1569/29/1512
f 1567/25/1513 1551/36/1513 1573/37/1513
f 1572/23/1514 1577/34/1514 1578/33/1514
f 1569/29/1515 1576/38/1515 1570/24/1515
f 1567/25/1516 1574/31/1516 1568/26/1516
f 1554/32/1517 1572/23/1517 1578/33/1517
f 1573/37/1518 1551/43/1518 1579/44/1518
f 1578/33/1519 1583/41/1519 1584/40/1519
f 1575/35/1520 1582/45/1520 1576/38/1520
f 1573/37/1521 1580/46/1521 1574/31/1521
f 1554/39/1522 1578/33/1522 1584/40/1522
f 1577/34/1523 1582/45/1523 1583/41/1523
f 1574/31/1524 1581/42/1524 1575/35/1524
f 1583/41/1525 1590/52/1525 1584/40/1525
f 1581/42/1526 1588/53/1526 1582/45/1526
f 1580/46/1527 1585/51/1527 1586/48/1527
f 1554/54/1528 1584/40/1528 1590/52/1528
f 1582/45/1529 1589/47/1529 1583/41/1529
f 1581/42/1530 1586/48/1530 1587/49/1530
f 1579/44/1531 1551/50/1531 1585/51/1531
f 1587/49/1532 1594/58/1532 1588/53/1532
f 1586/48/1533 1591/56/1533 1592/59/1533
f 1554/60/1534 1590/52/1534 1596/57/1534
f 1588/53/1535 1595/61/1535 1589/47/1535
f 1587/49/1536 1592/59/1536 1593/62/1536
f 1585/51/1537 1551/55/1537 1591/56/1537
f 1589/47/1538 1596/57/1538 1590/52/1538
f 1554/72/1539 1596/63/1539 1602/65/1539
f 1594/68/1540 1601/64/1540 1595/73/1540
f 1593/66/1541 1598/70/1541 1599/74/1541
f 1591/69/1542 1551/75/1542 1597/76/1542
f 1595/73/1543 1602/65/1543 1596/63/1543
f 1593/66/51 1600/67/51 1594/68/51
f 1592/71/1544 1597/76/1544 1598/70/1544
f 1554/79/1545 1602/65/1545 1608/80/1545
f 1601/64/1546 1606/77/1546 1607/81/1546
f 1598/70/1547 1605/82/1547 1599/74/1547
f 1597/76/1548 1551/83/1548 1603/84/1548
f 1602/65/1549 1607/81/1549 1608/80/1549
f 1599/74/1550 1606/77/1550 1600/67/1550
f 1597/76/1551 1604/78/1551 1598/70/1551
f 1604/78/1552 1552/4/1552 1605/82/1552
f 1603/84/1553 1551/86/1553 1609/7/1553
f 1608/80/1554 1611/11/1554 1612/1/1554
f 1605/82/1555 1553/6/1555 1606/77/1555
f 1603/84/1556 1610/9/1556 1604/78/1556
f 1554/85/1557 1608/80/1557 1612/1/1557
f 1607/81/1558 1553/6/1558 1611/11/1558
f 1614/4/1559 1620/5/1559 1615/6/1559
f 1672/9/1560 1617/14/1560 1618/8/1560
f 1616/10/1561 1674/1/1561 1622/3/1561
f 1615/6/1562 1621/2/1562 1673/11/1562
f 1614/4/1563 1618/8/1563 1619/12/1563
f 1671/7/1564 1613/13/1564 1617/14/1564
f 1673/11/1565 1622/3/1565 1674/1/1565
f 1621/2/1566 1628/15/1566 1622/3/1566
f 1619/12/1567 1626/16/1567 1620/5/1567
f 1618/8/1568 1623/22/1568 1624/17/1568
f 1616/18/1569 1622/3/1569 1628/15/1569
f 1620/5/1570 1627/19/1570 1621/2/1570
f 1619/12/1571 1624/17/1571 1625/20/1571
f 1617/14/1572 1613/21/1572 1623/22/1572
f 1625/20/16 1632/24/16 1626/16/16
f 1623/22/1573 1630/26/1573 1624/17/1573
f 1616/27/1574 1628/15/1574 1634/23/1574
f 1626/16/1575 1633/28/1575 1627/19/1575
f 1624/17/1576 1631/29/1576 1625/20/1576
f 1623/22/1577 1613/30/1577 1629/25/1577
f 1627/19/1578 1634/23/1578 1628/15/1578
f 1616/32/1579 1634/23/1579 1640/33/1579
f 1633/28/1580 1638/38/1580 1639/34/1580
f 1630/26/1581 1637/35/1581 1631/29/1581
f 1629/25/1582 1613/36/1582 1635/37/1582
f 1634/23/1583 1639/34/1583 1640/33/1583
f 1631/29/1584 1638/38/1584 1632/24/1584
f 1629/25/1585 1636/31/1585 1630/26/1585
f 1616/39/1586 1640/33/1586 1646/40/1586
f 1639/34/1587 1644/45/1587 1645/41/1587
f 1636/31/1588 1643/42/1588 1637/35/1588
f 1635/37/1589 1613/43/1589 1641/44/1589
f 1640/33/1590 1645/41/1590 1646/40/1590
f 1637/35/1591 1644/45/1591 1638/38/1591
f 1635/37/1592 1642/46/1592 1636/31/1592
f 1643/42/1593 1648/48/1593 1649/49/1593
f 1641/44/1594 1613/50/1594 1647/51/1594
f 1645/41/1595 1652/52/1595 1646/40/1595
f 1643/42/1596 1650/53/1596 1644/45/1596
f 1642/46/1597 1647/51/1597 1648/48/1597
f 1616/54/1598 1646/40/1598 1652/52/1598
f 1644/45/1599 1651/47/1599 1645/41/1599
f 1651/47/1600 1658/57/1600 1652/52/1600
f 1649/49/1601 1656/58/1601 1650/53/1601
f 1648/48/1602 1653/56/1602 1654/59/1602
f 1616/60/1603 1652/52/1603 1658/57/1603
f 1650/53/1604 1657/61/1604 1651/47/1604
f 1649/49/1605 1654/59/1605 1655/62/1605
f 1647/51/1606 1613/55/1606 1653/56/1606
f 1657/73/1607 1664/65/1607 1658/63/1607
f 1655/66/51 1662/67/51 1656/68/51
f 1653/69/1608 1660/70/1608 1654/71/1608
f 1616/72/1609 1658/63/1609 1664/65/1609
f 1656/68/1610 1663/64/1610 1657/73/1610
f 1654/71/1611 1661/74/1611 1655/66/1611
f 1653/69/1612 1613/75/1612 1659/76/1612
f 1659/76/1613 1666/78/1613 1660/70/1613
f 1616/79/1614 1664/65/1614 1670/80/1614
f 1663/64/1615 1668/77/1615 1669/81/1615
f 1660/70/1616 1667/82/1616 1661/74/1616
f 1659/76/1617 1613/83/1617 1665/84/1617
f 1664/65/1618 1669/81/1618 1670/80/1618
f 1661/74/1619 1668/77/1619 1662/67/1619
f 1616/85/1620 1670/80/1620 1674/1/1620
f 1669/81/1621 1615/6/1621 1673/11/1621
f 1666/78/1622 1614/4/1622 1667/82/1622
f 1665/84/1623 1613/86/1623 1671/7/1623
f 1670/80/1624 1673/11/1624 1674/1/1624
f 1667/82/1625 1615/6/1625 1668/77/1625
f 1665/84/1626 1672/9/1626 1666/78/1626
f 1735/11/1627 1684/3/1627 1736/1/1627
f 1676/4/1628 1682/5/1628 1677/6/1628
f 1734/9/1629 1679/14/1629 1680/8/1629
f 1678/10/1630 1736/1/1630 1684/3/1630
f 1677/6/1631 1683/2/1631 1735/11/1631
f 1676/4/1632 1680/8/1632 1681/12/1632
f 1733/7/1633 1675/13/1633 1679/14/1633
f 1681/12/1634 1686/17/1634 1687/20/1634
f 1679/14/1635 1675/21/1635 1685/22/1635
f 1683/2/1636 1690/15/1636 1684/3/1636
f 1681/12/1637 1688/16/1637 1682/5/1637
f 1680/8/1638 1685/22/1638 1686/17/1638
f 1678/18/1639 1684/3/1639 1690/15/1639
f 1682/5/1640 1689/19/1640 1683/2/1640
f 1689/19/1641 1696/23/1641 1690/15/1641
f 1687/20/16 1694/24/16 1688/16/16
f 1685/22/1642 1692/26/1642 1686/17/1642
f 1678/27/1643 1690/15/1643 1696/23/1643
f 1689/19/1644 1694/24/1644 1695/28/1644
f 1687/20/1645 1692/26/1645 1693/29/1645
f 1685/22/1646 1675/30/1646 1691/25/1646
f 1696/23/1647 1701/34/1647 1702/33/1647
f 1693/29/1648 1700/38/1648 1694/24/1648
f 1691/25/1649 1698/31/1649 1692/26/1649
f 1678/32/1650 1696/23/1650 1702/33/1650
f 1695/28/1651 1700/38/1651 1701/34/1651
f 1692/26/1652 1699/35/1652 1693/29/1652
f 1691/25/1653 1675/36/1653 1697/37/1653
f 1697/37/1654 1704/46/1654 1698/31/1654
f 1678/39/1655 1702/33/1655 1708/40/1655
f 1701/34/1656 1706/45/1656 1707/41/1656
f 1698/31/1657 1705/42/1657 1699/35/1657
f 1697/37/1658 1675/43/1658 1703/44/1658
f 1702/33/1659 1707/41/1659 1708/40/1659
f 1699/35/1660 1706/45/1660 1700/38/1660
f 1678/54/1661 1708/40/1661 1714/52/1661
f 1706/45/1662 1713/47/1662 1707/41/1662
f 1705/42/1663 1710/48/1663 1711/49/1663
f 1703/44/1664 1675/50/1664 1709/51/1664
f 1707/41/1665 1714/52/1665 1708/40/1665
f 1705/42/1666 1712/53/1666 1706/45/1666
f 1704/46/1667 1709/51/1667 1710/48/1667
f 1712/53/1668 1719/61/1668 1713/47/1668
f 1711/49/1669 1716/59/1669 1717/62/1669
f 1709/51/1670 1675/55/1670 1715/56/1670
f 1713/47/1671 1720/57/1671 1714/52/1671
f 1711/49/1672 1718/58/1672 1712/53/1672
f 1710/48/1673 1715/56/1673 1716/59/1673
f 1678/60/1674 1714/52/1674 1720/57/1674
f 1715/69/1675 1675/75/1675 1721/76/1675
f 1720/63/1676 1725/64/1676 1726/65/1676
f 1717/66/51 1724/67/51 1718/68/51
f 1715/69/1677 1722/70/1677 1716/71/1677
f 1678/72/1678 1720/63/1678 1726/65/1678
f 1718/68/1679 1725/64/1679 1719/73/1679
f 1717/66/1680 1722/70/1680 1723/74/1680
f 1726/65/1681 1731/81/1681 1732/80/1681
f 1723/74/1682 1730/77/1682 1724/67/1682
f 1721/76/1683 1728/78/1683 1722/70/1683
f 1678/79/1684 1726/65/1684 1732/80/1684
f 1725/64/1685 1730/77/1685 1731/81/1685
f 1722/70/1686 1729/82/1686 1723/74/1686
f 1721/76/1687 1675/83/1687 1727/84/1687
f 1729/82/1688 1677/6/1688 1730/77/1688
f 1727/84/1689 1734/9/1689 1728/78/1689
f 1678/85/1690 1732/80/1690 1736/1/1690
f 1731/81/1691 1677/6/1691 1735/11/1691
f 1728/78/1692 1676/4/1692 1729/82/1692
f 1727/84/1693 1675/86/1693 1733/7/1693
f 1732/80/1694 1735/11/1694 1736/1/1694
f 1740/10/1695 1798/1/1695 1746/3/1695
f 1797/11/1696 1744/5/1696 1745/2/1696
f 1796/9/1697 1743/12/1697 1738/4/1697
f 1795/7/1698 1737/13/1698 1741/14/1698
f 1798/1/1699 1745/2/1699 1746/3/1699
f 1738/4/1700 1744/5/1700 1739/6/1700
f 1795/7/1701 1742/8/1701 1796/9/1701
f 1741/14/1702 1748/17/1702 1742/8/1702
f 1740/18/1703 1746/3/1703 1752/15/1703
f 1745/2/1704 1750/16/1704 1751/19/1704
f 1742/8/1705 1749/20/1705 1743/12/1705
f 1741/14/1706 1737/21/1706 1747/22/1706
f 1746/3/1707 1751/19/1707 1752/15/1707
f 1743/12/1708 1750/16/1708 1744/5/1708
f 1740/27/1709 1752/15/1709 1758/23/1709
f 1750/16/1710 1757/28/1710 1751/19/1710
f 1748/17/1711 1755/29/1711 1749/20/1711
f 1747/22/1712 1737/30/1712 1753/25/1712
f 1751/19/1713 1758/23/1713 1752/15/1713
f 1749/20/16 1756/24/16 1750/16/16
f 1747/22/1714 1754/26/1714 1748/17/1714
f 1756/24/1715 1763/34/1715 1757/28/1715
f 1755/29/1716 1760/31/1716 1761/35/1716
f 1753/25/1717 1737/36/1717 1759/37/1717
f 1757/28/1718 1764/33/1718 1758/23/1718
f 1755/29/1719 1762/38/1719 1756/24/1719
f 1754/26/1720 1759/37/1720 1760/31/1720
f 1740/32/1721 1758/23/1721 1764/33/1721
f 1759/37/1722 1737/43/1722 1765/44/1722
f 1763/34/1723 1770/40/1723 1764/33/1723
f 1761/35/1724 1768/45/1724 1762/38/1724
f 1760/31/1725 1765/44/1725 1766/46/1725
f 1740/39/1726 1764/33/1726 1770/40/1726
f 1762/38/1727 1769/41/1727 1763/34/1727
f 1761/35/1728 1766/46/1728 1767/42/1728
f 1770/40/1729 1775/47/1729 1776/52/1729
f 1767/42/1730 1774/53/1730 1768/45/1730
f 1765/44/1731 1772/48/1731 1766/46/1731
f 1740/54/1732 1770/40/1732 1776/52/1732
f 1769/41/1733 1774/53/1733 1775/47/1733
f 1766/46/1734 1773/49/1734 1767/42/1734
f 1765/44/1735 1737/50/1735 1771/51/1735
f 1773/49/1736 1780/58/1736 1774/53/1736
f 1771/51/1737 1778/59/1737 1772/48/1737
f 1740/60/1738 1776/52/1738 1782/57/1738
f 1775/47/1739 1780/58/1739 1781/61/1739
f 1772/48/1740 1779/62/1740 1773/49/1740
f 1771/51/1741 1737/55/1741 1777/56/1741
f 1776/52/1742 1781/61/1742 1782/57/1742
f 1740/72/1743 1782/63/1743 1788/65/1743
f 1780/68/1744 1787/64/1744 1781/73/1744
f 1778/71/1745 1785/74/1745 1779/66/1745
f 1777/69/1746 1737/75/1746 1783/76/1746
f 1781/73/1747 1788/65/1747 1782/63/1747
f 1779/66/51 1786/67/51 1780/68/51
f 1777/69/1748 1784/70/1748 1778/71/1748
f 1740/79/1749 1788/65/1749 1794/80/1749
f 1786/67/1750 1793/81/1750 1787/64/1750
f 1785/74/1751 1790/78/1751 1791/82/1751
f 1783/76/1752 1737/83/1752 1789/84/1752
f 1787/64/1753 1794/80/1753 1788/65/1753
f 1785/74/1754 1792/77/1754 1786/67/1754
f 1784/70/1755 1789/84/1755 1790/78/1755
f 1791/82/1756 1796/9/1756 1738/4/1756
f 1789/84/1757 1737/86/1757 1795/7/1757
f 1793/81/1758 1798/1/1758 1794/80/1758
f 1791/82/1759 1739/6/1759 1792/77/1759
f 1790/78/1760 1795/7/1760 1796/9/1760
f 1740/85/1761 1794/80/1761 1798/1/1761
f 1792/77/1762 1797/11/1762 1793/81/1762
f 1800/4/1763 1806/5/1763 1801/6/1763
f 1858/9/1764 1803/14/1764 1804/8/1764
f 1802/10/1765 1860/1/1765 1808/3/1765
f 1801/6/1766 1807/2/1766 1859/11/1766
f 1800/4/1767 1804/8/1767 1805/12/1767
f 1857/7/1768 1799/13/1768 1803/14/1768
f 1859/11/1769 1808/3/1769 1860/1/1769
f 1807/2/1770 1814/15/1770 1808/3/1770
f 1805/12/1771 1812/16/1771 1806/5/1771
f 1804/8/1772 1809/22/1772 1810/17/1772
f 1802/18/1773 1808/3/1773 1814/15/1773
f 1806/5/1774 1813/19/1774 1807/2/1774
f 1805/12/1775 1810/17/1775 1811/20/1775
f 1803/14/1776 1799/21/1776 1809/22/1776
f 1811/20/16 1818/24/16 1812/16/16
f 1810/17/1777 1815/25/1777 1816/26/1777
f 1802/27/1778 1814/15/1778 1820/23/1778
f 1812/16/1779 1819/28/1779 1813/19/1779
f 1810/17/1780 1817/29/1780 1811/20/1780
f 1809/22/1781 1799/30/1781 1815/25/1781
f 1813/19/1782 1820/23/1782 1814/15/1782
f 1802/32/1783 1820/23/1783 1826/33/1783
f 1819/28/1784 1824/38/1784 1825/34/1784
f 1816/26/1785 1823/35/1785 1817/29/1785
f 1815/25/1786 1799/36/1786 1821/37/1786
f 1820/23/1787 1825/34/1787 1826/33/1787
f 1817/29/1788 1824/38/1788 1818/24/1788
f 1815/25/1789 1822/31/1789 1816/26/1789
f 1802/39/1790 1826/33/1790 1832/40/1790
f 1825/34/1791 1830/45/1791 1831/41/1791
f 1822/31/1792 1829/42/1792 1823/35/1792
f 1821/37/1793 1799/43/1793 1827/44/1793
f 1826/33/1794 1831/41/1794 1832/40/1794
f 1823/35/1795 1830/45/1795 1824/38/1795
f 1821/37/1796 1828/46/1796 1822/31/1796
f 1829/42/1797 1834/48/1797 1835/49/1797
f 1827/44/1798 1799/50/1798 1833/51/1798
f 1831/41/1799 1838/52/1799 1832/40/1799
f 1829/42/1800 1836/53/1800 1830/45/1800
f 1828/46/1801 1833/51/1801 1834/48/1801
f 1802/54/1802 1832/40/1802 1838/52/1802
f 1830/45/1803 1837/47/1803 1831/41/1803
f 1837/47/1804 1844/57/1804 1838/52/1804
f 1835/49/1805 1842/58/1805 1836/53/1805
f 1834/48/1806 1839/56/1806 1840/59/1806
f 1802/60/1807 1838/52/1807 1844/57/1807
f 1836/53/1808 1843/61/1808 1837/47/1808
f 1835/49/1809 1840/59/1809 1841/62/1809
f 1833/51/1810 1799/55/1810 1839/56/1810
f 1843/73/1811 1850/65/1811 1844/63/1811
f 1841/66/51 1848/67/51 1842/68/51
f 1839/69/1812 1846/70/1812 1840/71/1812
f 1802/72/1813 1844/63/1813 1850/65/1813
f 1842/68/1814 1849/64/1814 1843/73/1814
f 1841/66/1815 1846/70/1815 1847/74/1815
f 1839/69/1816 1799/75/1816 1845/76/1816
f 1845/76/1817 1852/78/1817 1846/70/1817
f 1802/79/1818 1850/65/1818 1856/80/1818
f 1849/64/1819 1854/77/1819 1855/81/1819
f 1846/70/1820 1853/82/1820 1847/74/1820
f 1845/76/1821 1799/83/1821 1851/84/1821
f 1850/65/1822 1855/81/1822 1856/80/1822
f 1847/74/1823 1854/77/1823 1848/67/1823
f 1802/85/1824 1856/80/1824 1860/1/1824
f 1855/81/1825 1801/6/1825 1859/11/1825
f 1852/78/1826 1800/4/1826 1853/82/1826
f 1851/84/1827 1799/86/1827 1857/7/1827
f 1856/80/1828 1859/11/1828 1860/1/1828
f 1853/82/1829 1801/6/1829 1854/77/1829
f 1851/84/1830 1858/9/1830 1852/78/1830
f 1862/4/1831 1866/8/1831 1867/12/1831
f 1919/7/1832 1861/13/1832 1865/14/1832
f 1921/11/1833 1870/3/1833 1922/1/1833
f 1862/4/1834 1868/5/1834 1863/6/1834
f 1920/9/1835 1865/14/1835 1866/8/1835
f 1864/10/1836 1922/1/1836 1870/3/1836
f 1863/6/1837 1869/2/1837 1921/11/1837
f 1864/18/1838 1870/3/1838 1876/15/1838
f 1868/5/1839 1875/19/1839 1869/2/1839
f 1867/12/1840 1872/17/1840 1873/20/1840
f 1865/14/1841 1861/21/1841 1871/22/1841
f 1869/2/1842 1876/15/1842 1870/3/1842
f 1867/12/1843 1874/16/1843 1868/5/1843
f 1866/8/1844 1871/22/1844 1872/17/1844
f 1872/17/1845 1879/29/1845 1873/20/1845
f 1871/22/1846 1861/30/1846 1877/25/1846
f 1876/15/1847 1881/28/1847 1882/23/1847
f 1873/20/16 1880/24/16 1874/16/16
f 1871/22/1848 1878/26/1848 1872/17/1848
f 1864/27/1849 1876/15/1849 1882/23/1849
f 1874/16/1850 1881/28/1850 1875/19/1850
f 1882/23/1851 1887/34/1851 1888/33/1851
f 1879/29/1852 1886/38/1852 1880/24/1852
f 1877/25/1853 1884/31/1853 1878/26/1853
f 1864/32/1854 1882/23/1854 1888/33/1854
f 1881/28/1855 1886/38/1855 1887/34/1855
f 1878/26/1856 1885/35/1856 1879/29/1856
f 1877/25/1857 1861/36/1857 1883/37/1857
f 1888/33/1858 1893/41/1858 1894/40/1858
f 1885/35/1859 1892/45/1859 1886/38/1859
f 1883/37/1860 1890/46/1860 1884/31/1860
f 1864/39/1861 1888/33/1861 1894/40/1861
f 1887/34/1862 1892/45/1862 1893/41/1862
f 1884/31/1863 1891/42/1863 1885/35/1863
f 1883/37/1864 1861/43/1864 1889/44/1864
f 1890/46/1865 1895/51/1865 1896/48/1865
f 1864/54/1866 1894/40/1866 1900/52/1866
f 1892/45/1867 1899/47/1867 1893/41/1867
f 1891/42/1868 1896/48/1868 1897/49/1868
f 1889/44/1869 1861/50/1869 1895/51/1869
f 1893/41/1870 1900/52/1870 1894/40/1870
f 1891/42/1871 1898/53/1871 1892/45/1871
f 1864/60/1872 1900/52/1872 1906/57/1872
f 1898/53/1873 1905/61/1873 1899/47/1873
f 1897/49/1874 1902/59/1874 1903/62/1874
f 1895/51/1875 1861/55/1875 1901/56/1875
f 1899/47/1876 1906/57/1876 1900/52/1876
f 1897/49/1877 1904/58/1877 1898/53/1877
f 1896/48/1878 1901/56/1878 1902/59/1878
f 1904/68/1879 1911/64/1879 1905/73/1879
f 1903/66/1880 1908/70/1880 1909/74/1880
f 1901/69/1881 1861/75/1881 1907/76/1881
f 1905/73/1882 1912/65/1882 1906/63/1882
f 1903/66/51 1910/67/51 1904/68/51
f 1902/71/1883 1907/76/1883 1908/70/1883
f 1864/72/1884 1906/63/1884 1912/65/1884
f 1907/76/1885 1861/83/1885 1913/84/1885
f 1912/65/1886 1917/81/1886 1918/80/1886
f 1909/74/1887 1916/77/1887 1910/67/1887
f 1907/76/1888 1914/78/1888 1908/70/1888
f 1864/79/1889 1912/65/1889 1918/80/1889
f 1911/64/1890 1916/77/1890 1917/81/1890
f 1908/70/1891 1915/82/1891 1909/74/1891
f 1918/80/1892 1921/11/1892 1922/1/1892
f 1915/82/1893 1863/6/1893 1916/77/1893
f 1913/84/1894 1920/9/1894 1914/78/1894
f 1864/85/1895 1918/80/1895 1922/1/1895
f 1917/81/1896 1863/6/1896 1921/11/1896
f 1914/78/1897 1862/4/1897 1915/82/1897
f 1913/84/1898 1861/86/1898 1919/7/1898
f 1924/4/1899 1928/8/1899 1929/12/1899
f 1981/7/1900 1923/13/1900 1927/14/1900
f 1983/11/1901 1932/3/1901 1984/1/1901
f 1924/4/1902 1930/5/1902 1925/6/1902
f 1982/9/1903 1927/14/1903 1928/8/1903
f 1926/10/1904 1984/1/1904 1932/3/1904
f 1925/6/1905 1931/2/1905 1983/11/1905
f 1926/18/1906 1932/3/1906 1938/15/1906
f 1930/5/1907 1937/19/1907 1931/2/1907
f 1929/12/1908 1934/17/1908 1935/20/1908
f 1927/14/1909 1923/21/1909 1933/22/1909
f 1931/2/1910 1938/15/1910 1932/3/1910
f 1929/12/1911 1936/16/1911 1930/5/1911
f 1928/8/1912 1933/22/1912 1934/17/1912
f 1934/17/1913 1941/29/1913 1935/20/1913
f 1933/22/1914 1923/30/1914 1939/25/1914
f 1937/19/1915 1944/23/1915 1938/15/1915
f 1935/20/16 1942/24/16 1936/16/16
f 1933/22/1916 1940/26/1916 1934/17/1916
f 1926/27/1917 1938/15/1917 1944/23/1917
f 1936/16/1918 1943/28/1918 1937/19/1918
f 1944/23/1919 1949/34/1919 1950/33/1919
f 1941/29/1920 1948/38/1920 1942/24/1920
f 1939/25/1921 1946/31/1921 1940/26/1921
f 1926/32/1922 1944/23/1922 1950/33/1922
f 1943/28/1923 1948/38/1923 1949/34/1923
f 1940/26/1924 1947/35/1924 1941/29/1924
f 1939/25/1925 1923/36/1925 1945/37/1925
f 1950/33/1926 1955/41/1926 1956/40/1926
f 1947/35/1927 1954/45/1927 1948/38/1927
f 1945/37/1928 1952/46/1928 1946/31/1928
f 1926/39/1929 1950/33/1929 1956/40/1929
f 1949/34/1930 1954/45/1930 1955/41/1930
f 1946/31/1931 1953/42/1931 1947/35/1931
f 1945/37/1932 1923/43/1932 1951/44/1932
f 1952/46/1933 1957/51/1933 1958/48/1933
f 1926/54/1934 1956/40/1934 1962/52/1934
f 1954/45/1935 1961/47/1935 1955/41/1935
f 1953/42/1936 1958/48/1936 1959/49/1936
f 1951/44/1937 1923/50/1937 1957/51/1937
f 1955/41/1938 1962/52/1938 1956/40/1938
f 1953/42/1939 1960/53/1939 1954/45/1939
f 1926/60/1940 1962/52/1940 1968/57/1940
f 1960/53/1941 1967/61/1941 1961/47/1941
f 1959/49/1942 1964/59/1942 1965/62/1942
f 1957/51/1943 1923/55/1943 1963/56/1943
f 1961/47/1944 1968/57/1944 1962/52/1944
f 1959/49/1945 1966/58/1945 1960/53/1945
f 1958/48/1946 1963/56/1946 1964/59/1946
f 1966/68/1947 1973/64/1947 1967/73/1947
f 1965/66/1948 1970/70/1948 1971/74/1948
f 1963/69/1949 1923/75/1949 1969/76/1949
f 1967/73/1950 1974/65/1950 1968/63/1950
f 1965/66/51 1972/67/51 1966/68/51
f 1963/69/1951 1970/70/1951 1964/71/1951
f 1926/72/1952 1968/63/1952 1974/65/1952
f 1969/76/1953 1923/83/1953 1975/84/1953
f 1974/65/1954 1979/81/1954 1980/80/1954
f 1971/74/1955 1978/77/1955 1972/67/1955
f 1969/76/1956 1976/78/1956 1970/70/1956
f 1926/79/1957 1974/65/1957 1980/80/1957
f 1973/64/1958 1978/77/1958 1979/81/1958
f 1970/70/1959 1977/82/1959 1971/74/1959
f 1980/80/1960 1983/11/1960 1984/1/1960
f 1977/82/1961 1925/6/1961 1978/77/1961
f 1975/84/1962 1982/9/1962 1976/78/1962
f 1926/85/1963 1980/80/1963 1984/1/1963
f 1979/81/1964 1925/6/1964 1983/11/1964
f 1976/78/1965 1924/4/1965 1977/82/1965
f 1975/84/1966 1923/86/1966 1981/7/1966
f 1986/4/1967 1990/8/1967 1991/12/1967
f 2043/7/1968 1985/13/1968 1989/14/1968
f 2045/11/1969 1994/3/1969 2046/1/1969
f 1986/4/1970 1992/5/1970 1987/6/1970
f 2044/9/1971 1989/14/1971 1990/8/1971
f 1988/10/1972 2046/1/1972 1994/3/1972
f 1987/6/1973 1993/2/1973 2045/11/1973
f 1988/18/1974 1994/3/1974 2000/15/1974
f 1992/5/1975 1999/19/1975 1993/2/1975
f 1991/12/1976 1996/17/1976 1997/20/1976
f 1989/14/1977 1985/21/1977 1995/22/1977
f 1993/2/1978 2000/15/1978 1994/3/1978
f 1991/12/1979 1998/16/1979 1992/5/1979
f 1990/8/1980 1995/22/1980 1996/17/1980
f 1997/20/1981 2002/26/1981 2003/29/1981
f 1995/22/1982 1985/30/1982 2001/25/1982
f 1999/19/1983 2006/23/1983 2000/15/1983
f 1997/20/16 2004/24/16 1998/16/16
f 1995/22/1984 2002/26/1984 1996/17/1984
f 1988/27/1985 2000/15/1985 2006/23/1985
f 1998/16/1986 2005/28/1986 1999/19/1986
f 2006/23/1987 2011/34/1987 2012/33/1987
f 2003/29/1988 2010/38/1988 2004/24/1988
f 2001/25/1989 2008/31/1989 2002/26/1989
f 1988/32/1990 2006/23/1990 2012/33/1990
f 2005/28/1991 2010/38/1991 2011/34/1991
f 2002/26/1992 2009/35/1992 2003/29/1992
f 2001/25/1993 1985/36/1993 2007/37/1993
f 2012/33/1994 2017/41/1994 2018/40/1994
f 2009/35/1995 2016/45/1995 2010/38/1995
f 2007/37/1996 2014/46/1996 2008/31/1996
f 1988/39/1997 2012/33/1997 2018/40/1997
f 2011/34/1998 2016/45/1998 2017/41/1998
f 2008/31/1999 2015/42/1999 2009/35/1999
f 2007/37/2000 1985/43/2000 2013/44/2000
f 2014/46/2001 2019/51/2001 2020/48/2001
f 1988/54/2002 2018/40/2002 2024/52/2002
f 2016/45/2003 2023/47/2003 2017/41/2003
f 2015/42/2004 2020/48/2004 2021/49/2004
f 2013/44/2005 1985/50/2005 2019/51/2005
f 2017/41/2006 2024/52/2006 2018/40/2006
f 2015/42/2007 2022/53/2007 2016/45/2007
f 1988/60/2008 2024/52/2008 2030/57/2008
f 2022/53/2009 2029/61/2009 2023/47/2009
f 2021/49/2010 2026/59/2010 2027/62/2010
f 2019/51/2011 1985/55/2011 2025/56/2011
f 2023/47/2012 2030/57/2012 2024/52/2012
f 2021/49/2013 2028/58/2013 2022/53/2013
f 2020/48/2014 2025/56/2014 2026/59/2014
f 2028/68/2015 2035/64/2015 2029/73/2015
f 2027/66/2016 2032/70/2016 2033/74/2016
f 2025/69/2017 1985/75/2017 2031/76/2017
f 2030/63/2018 2035/64/2018 2036/65/2018
f 2027/66/51 2034/67/51 2028/68/51
f 2025/69/2019 2032/70/2019 2026/71/2019
f 1988/72/2020 2030/63/2020 2036/65/2020
f 2031/76/2021 1985/83/2021 2037/84/2021
f 2036/65/2022 2041/81/2022 2042/80/2022
f 2033/74/2023 2040/77/2023 2034/67/2023
f 2031/76/2024 2038/78/2024 2032/70/2024
f 1988/79/2025 2036/65/2025 2042/80/2025
f 2035/64/2026 2040/77/2026 2041/81/2026
f 2032/70/2027 2039/82/2027 2033/74/2027
f 2042/80/2028 2045/11/2028 2046/1/2028
f 2039/82/2029 1987/6/2029 2040/77/2029
f 2037/84/2030 2044/9/2030 2038/78/2030
f 1988/85/2031 2042/80/2031 2046/1/2031
f 2041/81/2032 1987/6/2032 2045/11/2032
f 2038/78/2033 1986/4/2033 2039/82/2033
f 2037/84/2034 1985/86/2034 2043/7/2034
f 2050/10/2035 2108/1/2035 2056/3/2035
f 2049/6/2036 2055/2/2036 2107/11/2036
f 2048/4/2037 2052/8/2037 2053/12/2037
f 2105/7/2038 2047/13/2038 2051/14/2038
f 2107/11/2039 2056/3/2039 2108/1/2039
f 2048/4/2040 2054/5/2040 2049/6/2040
f 2106/9/2041 2051/14/2041 2052/8/2041
f 2050/18/2042 2056/3/2042 2062/15/2042
f 2054/5/2043 2061/19/2043 2055/2/2043
f 2053/12/2044 2058/17/2044 2059/20/2044
f 2051/14/2045 2047/21/2045 2057/22/2045
f 2055/2/2046 2062/15/2046 2056/3/2046
f 2053/12/2047 2060/16/2047 2054/5/2047
f 2052/8/2048 2057/22/2048 2058/17/2048
f 2050/27/2049 2062/15/2049 2068/23/2049
f 2060/16/2050 2067/28/2050 2061/19/2050
f 2058/17/2051 2065/29/2051 2059/20/2051
f 2057/22/2052 2047/30/2052 2063/25/2052
f 2061/19/2053 2068/23/2053 2062/15/2053
f 2059/20/16 2066/24/16 2060/16/16
f 2057/22/2054 2064/26/2054 2058/17/2054
f 2064/26/2055 2071/35/2055 2065/29/2055
f 2063/25/2056 2047/36/2056 2069/37/2056
f 2068/23/2057 2073/34/2057 2074/33/2057
f 2065/29/2058 2072/38/2058 2066/24/2058
f 2063/25/2059 2070/31/2059 2064/26/2059
f 2050/32/2060 2068/23/2060 2074/33/2060
f 2067/28/2061 2072/38/2061 2073/34/2061
f 2074/33/2062 2079/41/2062 2080/40/2062
f 2071/35/2063 2078/45/2063 2072/38/2063
f 2069/37/2064 2076/46/2064 2070/31/2064
f 2050/39/2065 2074/33/2065 2080/40/2065
f 2073/34/2066 2078/45/2066 2079/41/2066
f 2070/31/2067 2077/42/2067 2071/35/2067
f 2069/37/2068 2047/43/2068 2075/44/2068
f 2079/41/2069 2086/52/2069 2080/40/2069
f 2077/42/2070 2084/53/2070 2078/45/2070
f 2076/46/2071 2081/51/2071 2082/48/2071
f 2050/54/2072 2080/40/2072 2086/52/2072
f 2078/45/2073 2085/47/2073 2079/41/2073
f 2077/42/2074 2082/48/2074 2083/49/2074
f 2075/44/2075 2047/50/2075 2081/51/2075
f 2082/48/2076 2087/56/2076 2088/59/2076
f 2050/60/2077 2086/52/2077 2092/57/2077
f 2084/53/2078 2091/61/2078 2085/47/2078
f 2083/49/2079 2088/59/2079 2089/62/2079
f 2081/51/2080 2047/55/2080 2087/56/2080
f 2085/47/2081 2092/57/2081 2086/52/2081
f 2083/49/2082 2090/58/2082 2084/53/2082
f 2050/72/2083 2092/63/2083 2098/65/2083
f 2090/68/2084 2097/64/2084 2091/73/2084
f 2089/66/2085 2094/70/2085 2095/74/2085
f 2087/69/2086 2047/75/2086 2093/76/2086
f 2092/63/2087 2097/64/2087 2098/65/2087
f 2089/66/51 2096/67/51 2090/68/51
f 2087/69/2088 2094/70/2088 2088/71/2088
f 2097/64/2089 2102/77/2089 2103/81/2089
f 2094/70/2090 2101/82/2090 2095/74/2090
f 2093/76/2091 2047/83/2091 2099/84/2091
f 2098/65/2092 2103/81/2092 2104/80/2092
f 2095/74/2093 2102/77/2093 2096/67/2093
f 2093/76/2094 2100/78/2094 2094/70/2094
f 2050/79/2095 2098/65/2095 2104/80/2095
f 2099/84/2096 2047/86/2096 2105/7/2096
f 2104/80/2097 2107/11/2097 2108/1/2097
f 2101/82/2098 2049/6/2098 2102/77/2098
f 2099/84/2099 2106/9/2099 2100/78/2099
f 2050/85/2100 2104/80/2100 2108/1/2100
f 2103/81/2101 2049/6/2101 2107/11/2101
f 2100/78/2102 2048/4/2102 2101/82/2102
f 2112/10/2103 2170/1/2103 2118/3/2103
f 2111/6/2104 2117/2/2104 2169/11/2104
f 2110/4/2105 2114/8/2105 2115/12/2105
f 2167/7/2106 2109/13/2106 2113/14/2106
f 2169/11/2107 2118/3/2107 2170/1/2107
f 2110/4/2108 2116/5/2108 2111/6/2108
f 2168/9/2109 2113/14/2109 2114/8/2109
f 2112/18/2110 2118/3/2110 2124/15/2110
f 2116/5/2111 2123/19/2111 2117/2/2111
f 2115/12/2112 2120/17/2112 2121/20/2112
f 2113/14/2113 2109/21/2113 2119/22/2113
f 2117/2/2114 2124/15/2114 2118/3/2114
f 2115/12/2115 2122/16/2115 2116/5/2115
f 2114/8/2116 2119/22/2116 2120/17/2116
f 2112/27/2117 2124/15/2117 2130/23/2117
f 2122/16/2118 2129/28/2118 2123/19/2118
f 2121/20/2119 2126/26/2119 2127/29/2119
f 2119/22/2120 2109/30/2120 2125/25/2120
f 2123/19/2121 2130/23/2121 2124/15/2121
f 2121/20/16 2128/24/16 2122/16/16
f 2119/22/2122 2126/26/2122 2120/17/2122
f 2126/26/2123 2133/35/2123 2127/29/2123
f 2125/25/2124 2109/36/2124 2131/37/2124
f 2130/23/2125 2135/34/2125 2136/33/2125
f 2127/29/2126 2134/38/2126 2128/24/2126
f 2125/25/2127 2132/31/2127 2126/26/2127
f 2112/32/2128 2130/23/2128 2136/33/2128
f 2129/28/2129 2134/38/2129 2135/34/2129
f 2136/33/2130 2141/41/2130 2142/40/2130
f 2133/35/2131 2140/45/2131 2134/38/2131
f 2131/37/2132 2138/46/2132 2132/31/2132
f 2112/39/2133 2136/33/2133 2142/40/2133
f 2135/34/2134 2140/45/2134 2141/41/2134
f 2132/31/2135 2139/42/2135 2133/35/2135
f 2131/37/2136 2109/43/2136 2137/44/2136
f 2141/41/2137 2148/52/2137 2142/40/2137
f 2139/42/2138 2146/53/2138 2140/45/2138
f 2138/46/2139 2143/51/2139 2144/48/2139
f 2112/54/2140 2142/40/2140 2148/52/2140
f 2140/45/2141 2147/47/2141 2141/41/2141
f 2139/42/2142 2144/48/2142 2145/49/2142
f 2137/44/2143 2109/50/2143 2143/51/2143
f 2144/48/2144 2149/56/2144 2150/59/2144
f 2112/60/2145 2148/52/2145 2154/57/2145
f 2146/53/2146 2153/61/2146 2147/47/2146
f 2145/49/2147 2150/59/2147 2151/62/2147
f 2143/51/2148 2109/55/2148 2149/56/2148
f 2147/47/2149 2154/57/2149 2148/52/2149
f 2145/49/2150 2152/58/2150 2146/53/2150
f 2112/72/2151 2154/63/2151 2160/65/2151
f 2152/68/2152 2159/64/2152 2153/73/2152
f 2150/71/2153 2157/74/2153 2151/66/2153
f 2149/69/2154 2109/75/2154 2155/76/2154
f 2153/73/2155 2160/65/2155 2154/63/2155
f 2151/66/51 2158/67/51 2152/68/51
f 2149/69/2156 2156/70/2156 2150/71/2156
f 2159/64/2157 2164/77/2157 2165/81/2157
f 2156/70/2158 2163/82/2158 2157/74/2158
f 2155/76/2159 2109/83/2159 2161/84/2159
f 2160/65/2160 2165/81/2160 2166/80/2160
f 2157/74/2161 2164/77/2161 2158/67/2161
f 2155/76/2162 2162/78/2162 2156/70/2162
f 2112/79/2163 2160/65/2163 2166/80/2163
f 2161/84/2164 2109/86/2164 2167/7/2164
f 2166/80/2165 2169/11/2165 2170/1/2165
f 2163/82/2166 2111/6/2166 2164/77/2166
f 2161/84/2167 2168/9/2167 2162/78/2167
f 2112/85/2168 2166/80/2168 2170/1/2168
f 2165/81/2169 2111/6/2169 2169/11/2169
f 2162/78/2170 2110/4/2170 2163/82/2170
f 2174/10/2171 2232/1/2171 2180/3/2171
f 2173/6/2172 2179/2/2172 2231/11/2172
f 2172/4/2173 2176/8/2173 2177/12/2173
f 2229/7/2174 2171/13/2174 2175/14/2174
f 2231/11/2175 2180/3/2175 2232/1/2175
f 2172/4/2176 2178/5/2176 2173/6/2176
f 2230/9/2177 2175/14/2177 2176/8/2177
f 2177/12/2178 2184/16/2178 2178/5/2178
f 2176/8/2179 2181/22/2179 2182/17/2179
f 2174/18/2180 2180/3/2180 2186/15/2180
f 2178/5/2181 2185/19/2181 2179/2/2181
f 2177/12/2182 2182/17/2182 2183/20/2182
f 2175/14/2183 2171/21/2183 2181/22/2183
f 2179/2/2184 2186/15/2184 2180/3/2184
f 2174/27/2185 2186/15/2185 2192/23/2185
f 2184/16/2186 2191/28/2186 2185/19/2186
f 2182/17/2187 2189/29/2187 2183/20/2187
f 2181/22/2188 2171/30/2188 2187/25/2188
f 2186/15/2189 2191/28/2189 2192/23/2189
f 2183/20/16 2190/24/16 2184/16/16
f 2181/22/2190 2188/26/2190 2182/17/2190
f 2174/32/2191 2192/23/2191 2198/33/2191
f 2191/28/2192 2196/38/2192 2197/34/2192
f 2188/26/2193 2195/35/2193 2189/29/2193
f 2187/25/2194 2171/36/2194 2193/37/2194
f 2192/23/2195 2197/34/2195 2198/33/2195
f 2189/29/2196 2196/38/2196 2190/24/2196
f 2187/25/2197 2194/31/2197 2188/26/2197
f 2194/31/2198 2201/42/2198 2195/35/2198
f 2193/37/2199 2171/43/2199 2199/44/2199
f 2198/33/2200 2203/41/2200 2204/40/2200
f 2195/35/2201 2202/45/2201 2196/38/2201
f 2193/37/2202 2200/46/2202 2194/31/2202
f 2174/39/2203 2198/33/2203 2204/40/2203
f 2197/34/2204 2202/45/2204 2203/41/2204
f 2203/41/2205 2210/52/2205 2204/40/2205
f 2201/42/2206 2208/53/2206 2202/45/2206
f 2200/46/2207 2205/51/2207 2206/48/2207
f 2174/54/2208 2204/40/2208 2210/52/2208
f 2202/45/2209 2209/47/2209 2203/41/2209
f 2201/42/2210 2206/48/2210 2207/49/2210
f 2199/44/2211 2171/50/2211 2205/51/2211
f 2209/47/2212 2216/57/2212 2210/52/2212
f 2207/49/2213 2214/58/2213 2208/53/2213
f 2206/48/2214 2211/56/2214 2212/59/2214
f 2174/60/2215 2210/52/2215 2216/57/2215
f 2208/53/2216 2215/61/2216 2209/47/2216
f 2207/49/2217 2212/59/2217 2213/62/2217
f 2205/51/2218 2171/55/2218 2211/56/2218
f 2211/69/2219 2218/70/2219 2212/71/2219
f 2174/72/2220 2216/63/2220 2222/65/2220
f 2214/68/2221 2221/64/2221 2215/73/2221
f 2213/66/2222 2218/70/2222 2219/74/2222
f 2211/69/2223 2171/75/2223 2217/76/2223
f 2216/63/2224 2221/64/2224 2222/65/2224
f 2213/66/51 2220/67/51 2214/68/51
f 2174/79/2225 2222/65/2225 2228/80/2225
f 2221/64/2226 2226/77/2226 2227/81/2226
f 2218/70/2227 2225/82/2227 2219/74/2227
f 2217/76/2228 2171/83/2228 2223/84/2228
f 2222/65/2229 2227/81/2229 2228/80/2229
f 2219/74/2230 2226/77/2230 2220/67/2230
f 2217/76/2231 2224/78/2231 2218/70/2231
f 2227/81/2232 2173/6/2232 2231/11/2232
f 2224/78/2233 2172/4/2233 2225/82/2233
f 2223/84/2234 2171/86/2234 2229/7/2234
f 2228/80/2235 2231/11/2235 2232/1/2235
f 2225/82/2236 2173/6/2236 2226/77/2236
f 2223/84/2237 2230/9/2237 2224/78/2237
f 2174/85/2238 2228/80/2238 2232/1/2238
f 2236/10/2239 2294/1/2239 2242/3/2239
f 2235/6/2240 2241/2/2240 2293/11/2240
f 2234/4/2241 2238/8/2241 2239/12/2241
f 2291/7/2242 2233/13/2242 2237/14/2242
f 2293/11/2243 2242/3/2243 2294/1/2243
f 2234/4/2244 2240/5/2244 2235/6/2244
f 2292/9/2245 2237/14/2245 2238/8/2245
f 2239/12/2246 2246/16/2246 2240/5/2246
f 2238/8/2247 2243/22/2247 2244/17/2247
f 2236/18/2248 2242/3/2248 2248/15/2248
f 2240/5/2249 2247/19/2249 2241/2/2249
f 2239/12/2250 2244/17/2250 2245/20/2250
f 2237/14/2251 2233/21/2251 2243/22/2251
f 2241/2/2252 2248/15/2252 2242/3/2252
f 2236/27/2253 2248/15/2253 2254/23/2253
f 2246/16/2254 2253/28/2254 2247/19/2254
f 2245/20/2255 2250/26/2255 2251/29/2255
f 2243/22/2256 2233/30/2256 2249/25/2256
f 2247/19/2257 2254/23/2257 2248/15/2257
f 2245/20/16 2252/24/16 2246/16/16
f 2244/17/2258 2249/25/2258 2250/26/2258
f 2236/32/2259 2254/23/2259 2260/33/2259
f 2253/28/2260 2258/38/2260 2259/34/2260
f 2250/26/2261 2257/35/2261 2251/29/2261
f 2249/25/2262 2233/36/2262 2255/37/2262
f 2254/23/2263 2259/34/2263 2260/33/2263
f 2251/29/2264 2258/38/2264 2252/24/2264
f 2249/25/2265 2256/31/2265 2250/26/2265
f 2256/31/2266 2263/42/2266 2257/35/2266
f 2255/37/2267 2233/43/2267 2261/44/2267
f 2260/33/2268 2265/41/2268 2266/40/2268
f 2257/35/2269 2264/45/2269 2258/38/2269
f 2255/37/2270 2262/46/2270 2256/31/2270
f 2236/39/2271 2260/33/2271 2266/40/2271
f 2259/34/2272 2264/45/2272 2265/41/2272
f 2265/41/2273 2272/52/2273 2266/40/2273
f 2263/42/2274 2270/53/2274 2264/45/2274
f 2262/46/2275 2267/51/2275 2268/48/2275
f 2236/54/2276 2266/40/2276 2272/52/2276
f 2264/45/2277 2271/47/2277 2265/41/2277
f 2263/42/2278 2268/48/2278 2269/49/2278
f 2261/44/2279 2233/50/2279 2267/51/2279
f 2271/47/2280 2278/57/2280 2272/52/2280
f 2269/49/2281 2276/58/2281 2270/53/2281
f 2268/48/2282 2273/56/2282 2274/59/2282
f 2236/60/2283 2272/52/2283 2278/57/2283
f 2270/53/2284 2277/61/2284 2271/47/2284
f 2269/49/2285 2274/59/2285 2275/62/2285
f 2267/51/2286 2233/55/2286 2273/56/2286
f 2274/71/2287 2279/76/2287 2280/70/2287
f 2236/72/2288 2278/63/2288 2284/65/2288
f 2276/68/2289 2283/64/2289 2277/73/2289
f 2275/66/2290 2280/70/2290 2281/74/2290
f 2273/69/2291 2233/75/2291 2279/76/2291
f 2277/73/2292 2284/65/2292 2278/63/2292
f 2275/66/51 2282/67/51 2276/68/51
f 2236/79/2293 2284/65/2293 2290/80/2293
f 2283/64/2294 2288/77/2294 2289/81/2294
f 2280/70/2295 2287/82/2295 2281/74/2295
f 2279/76/2296 2233/83/2296 2285/84/2296
f 2284/65/2297 2289/81/2297 2290/80/2297
f 2281/74/2298 2288/77/2298 2282/67/2298
f 2279/76/2299 2286/78/2299 2280/70/2299
f 2289/81/2300 2235/6/2300 2293/11/2300
f 2286/78/2301 2234/4/2301 2287/82/2301
f 2285/84/2302 2233/86/2302 2291/7/2302
f 2290/80/2303 2293/11/2303 2294/1/2303
f 2287/82/2304 2235/6/2304 2288/77/2304
f 2285/84/2305 2292/9/2305 2286/78/2305
f 2236/85/2306 2290/80/2306 2294/1/2306
f 2296/4/2307 2302/5/2307 2297/6/2307
f 2354/9/2308 2299/14/2308 2300/8/2308
f 2298/10/2309 2356/1/2309 2304/3/2309
f 2297/6/2310 2303/2/2310 2355/11/2310
f 2296/4/2311 2300/8/2311 2301/12/2311
f 2353/7/2312 2295/13/2312 2299/14/2312
f 2355/11/2313 2304/3/2313 2356/1/2313
f 2303/2/2314 2310/15/2314 2304/3/2314
f 2301/12/2315 2308/16/2315 2302/5/2315
f 2300/8/2316 2305/22/2316 2306/17/2316
f 2298/18/2317 2304/3/2317 2310/15/2317
f 2302/5/2318 2309/19/2318 2303/2/2318
f 2301/12/2319 2306/17/2319 2307/20/2319
f 2299/14/2320 2295/21/2320 2305/22/2320
f 2307/20/16 2314/24/16 2308/16/16
f 2305/22/2321 2312/26/2321 2306/17/2321
f 2298/27/2322 2310/15/2322 2316/23/2322
f 2308/16/2323 2315/28/2323 2309/19/2323
f 2306/17/2324 2313/29/2324 2307/20/2324
f 2305/22/2325 2295/30/2325 2311/25/2325
f 2309/19/2326 2316/23/2326 2310/15/2326
f 2298/32/2327 2316/23/2327 2322/33/2327
f 2315/28/2328 2320/38/2328 2321/34/2328
f 2312/26/2329 2319/35/2329 2313/29/2329
f 2311/25/2330 2295/36/2330 2317/37/2330
f 2316/23/2331 2321/34/2331 2322/33/2331
f 2313/29/2332 2320/38/2332 2314/24/2332
f 2311/25/2333 2318/31/2333 2312/26/2333
f 2298/39/2334 2322/33/2334 2328/40/2334
f 2321/34/2335 2326/45/2335 2327/41/2335
f 2318/31/2336 2325/42/2336 2319/35/2336
f 2317/37/2337 2295/43/2337 2323/44/2337
f 2322/33/2338 2327/41/2338 2328/40/2338
f 2319/35/2339 2326/45/2339 2320/38/2339
f 2317/37/2340 2324/46/2340 2318/31/2340
f 2325/42/2341 2330/48/2341 2331/49/2341
f 2323/44/2342 2295/50/2342 2329/51/2342
f 2327/41/2343 2334/52/2343 2328/40/2343
f 2325/42/2344 2332/53/2344 2326/45/2344
f 2324/46/2345 2329/51/2345 2330/48/2345
f 2298/54/2346 2328/40/2346 2334/52/2346
f 2326/45/2347 2333/47/2347 2327/41/2347
f 2333/47/2348 2340/57/2348 2334/52/2348
f 2331/49/2349 2338/58/2349 2332/53/2349
f 2330/48/2350 2335/56/2350 2336/59/2350
f 2298/60/2351 2334/52/2351 2340/57/2351
f 2332/53/2352 2339/61/2352 2333/47/2352
f 2331/49/2353 2336/59/2353 2337/62/2353
f 2329/51/2354 2295/55/2354 2335/56/2354
f 2339/73/2355 2346/65/2355 2340/63/2355
f 2337/66/51 2344/67/51 2338/68/51
f 2336/71/2356 2341/76/2356 2342/70/2356
f 2298/72/2357 2340/63/2357 2346/65/2357
f 2338/68/2358 2345/64/2358 2339/73/2358
f 2337/66/2359 2342/70/2359 2343/74/2359
f 2335/69/2360 2295/75/2360 2341/76/2360
f 2341/76/2361 2348/78/2361 2342/70/2361
f 2298/79/2362 2346/65/2362 2352/80/2362
f 2345/64/2363 2350/77/2363 2351/81/2363
f 2342/70/2364 2349/82/2364 2343/74/2364
f 2341/76/2365 2295/83/2365 2347/84/2365
f 2346/65/2366 2351/81/2366 2352/80/2366
f 2343/74/2367 2350/77/2367 2344/67/2367
f 2298/85/2368 2352/80/2368 2356/1/2368
f 2351/81/2369 2297/6/2369 2355/11/2369
f 2348/78/2370 2296/4/2370 2349/82/2370
f 2347/84/2371 2295/86/2371 2353/7/2371
f 2352/80/2372 2355/11/2372 2356/1/2372
f 2349/82/2373 2297/6/2373 2350/77/2373
f 2347/84/2374 2354/9/2374 2348/78/2374
f 2358/4/2375 2364/5/2375 2359/6/2375
f 2416/9/2376 2361/14/2376 2362/8/2376
f 2360/10/2377 2418/1/2377 2366/3/2377
f 2359/6/2378 2365/2/2378 2417/11/2378
f 2358/4/2379 2362/8/2379 2363/12/2379
f 2415/7/2380 2357/13/2380 2361/14/2380
f 2417/11/2381 2366/3/2381 2418/1/2381
f 2365/2/2382 2372/15/2382 2366/3/2382
f 2363/12/2383 2370/16/2383 2364/5/2383
f 2362/8/2384 2367/22/2384 2368/17/2384
f 2360/18/2385 2366/3/2385 2372/15/2385
f 2364/5/2386 2371/19/2386 2365/2/2386
f 2363/12/2387 2368/17/2387 2369/20/2387
f 2361/14/2388 2357/21/2388 2367/22/2388
f 2369/20/16 2376/24/16 2370/16/16
f 2367/22/2389 2374/26/2389 2368/17/2389
f 2360/27/2390 2372/15/2390 2378/23/2390
f 2370/16/2391 2377/28/2391 2371/19/2391
f 2369/20/2392 2374/26/2392 2375/29/2392
f 2367/22/2393 2357/30/2393 2373/25/2393
f 2371/19/2394 2378/23/2394 2372/15/2394
f 2360/32/2395 2378/23/2395 2384/33/2395
f 2377/28/2396 2382/38/2396 2383/34/2396
f 2374/26/2397 2381/35/2397 2375/29/2397
f 2373/25/2398 2357/36/2398 2379/37/2398
f 2378/23/2399 2383/34/2399 2384/33/2399
f 2375/29/2400 2382/38/2400 2376/24/2400
f 2373/25/2401 2380/31/2401 2374/26/2401
f 2360/39/2402 2384/33/2402 2390/40/2402
f 2383/34/2403 2388/45/2403 2389/41/2403
f 2380/31/2404 2387/42/2404 2381/35/2404
f 2379/37/2405 2357/43/2405 2385/44/2405
f 2384/33/2406 2389/41/2406 2390/40/2406
f 2381/35/2407 2388/45/2407 2382/38/2407
f 2379/37/2408 2386/46/2408 2380/31/2408
f 2387/42/2409 2392/48/2409 2393/49/2409
f 2385/44/2410 2357/50/2410 2391/51/2410
f 2389/41/2411 2396/52/2411 2390/40/2411
f 2387/42/2412 2394/53/2412 2388/45/2412
f 2386/46/2413 2391/51/2413 2392/48/2413
f 2360/54/2414 2390/40/2414 2396/52/2414
f 2388/45/2415 2395/47/2415 2389/41/2415
f 2395/47/2416 2402/57/2416 2396/52/2416
f 2393/49/2417 2400/58/2417 2394/53/2417
f 2392/48/2418 2397/56/2418 2398/59/2418
f 2360/60/2419 2396/52/2419 2402/57/2419
f 2394/53/2420 2401/61/2420 2395/47/2420
f 2393/49/2421 2398/59/2421 2399/62/2421
f 2391/51/2422 2357/55/2422 2397/56/2422
f 2401/73/2423 2408/65/2423 2402/63/2423
f 2399/66/51 2406/67/51 2400/68/51
f 2397/69/2424 2404/70/2424 2398/71/2424
f 2360/72/2425 2402/63/2425 2408/65/2425
f 2400/68/2426 2407/64/2426 2401/73/2426
f 2399/66/2427 2404/70/2427 2405/74/2427
f 2397/69/2428 2357/75/2428 2403/76/2428
f 2403/76/2429 2410/78/2429 2404/70/2429
f 2360/79/2430 2408/65/2430 2414/80/2430
f 2407/64/2431 2412/77/2431 2413/81/2431
f 2404/70/2432 2411/82/2432 2405/74/2432
f 2403/76/2433 2357/83/2433 2409/84/2433
f 2408/65/2434 2413/81/2434 2414/80/2434
f 2405/74/2435 2412/77/2435 2406/67/2435
f 2360/85/2436 2414/80/2436 2418/1/2436
f 2413/81/2437 2359/6/2437 2417/11/2437
f 2410/78/2438 2358/4/2438 2411/82/2438
f 2409/84/2439 2357/86/2439 2415/7/2439
f 2414/80/2440 2417/11/2440 2418/1/2440
f 2411/82/2441 2359/6/2441 2412/77/2441
f 2409/84/2442 2416/9/2442 2410/78/2442
f 2480/1/2443 2427/2/2443 2428/3/2443
f 2420/4/2444 2426/5/2444 2421/6/2444
f 2477/7/2445 2424/8/2445 2478/9/2445
f 2422/10/2446 2480/1/2446 2428/3/2446
f 2479/11/2447 2426/5/2447 2427/2/2447
f 2478/9/2448 2425/12/2448 2420/4/2448
f 2477/7/2449 2419/13/2449 2423/14/2449
f 2423/14/2450 2419/21/2450 2429/22/2450
f 2428/3/2451 2433/19/2451 2434/15/2451
f 2425/12/2452 2432/16/2452 2426/5/2452
f 2423/14/2453 2430/17/2453 2424/8/2453
f 2422/18/2454 2428/3/2454 2434/15/2454
f 2427/2/2455 2432/16/2455 2433/19/2455
f 2424/8/2456 2431/20/2456 2425/12/2456
f 2433/19/2457 2440/23/2457 2434/15/2457
f 2431/20/16 2438/24/16 2432/16/16
f 2429/22/2458 2436/26/2458 2430/17/2458
f 2422/27/2459 2434/15/2459 2440/23/2459
f 2432/16/2460 2439/28/2460 2433/19/2460
f 2430/17/2461 2437/29/2461 2431/20/2461
f 2429/22/2462 2419/30/2462 2435/25/2462
f 2437/29/2463 2444/38/2463 2438/24/2463
f 2436/26/2464 2441/37/2464 2442/31/2464
f 2422/32/2465 2440/23/2465 2446/33/2465
f 2438/24/2466 2445/34/2466 2439/28/2466
f 2437/29/2467 2442/31/2467 2443/35/2467
f 2435/25/2468 2419/36/2468 2441/37/2468
f 2439/28/2469 2446/33/2469 2440/23/2469
f 2422/39/2470 2446/33/2470 2452/40/2470
f 2444/38/2471 2451/41/2471 2445/34/2471
f 2443/35/2472 2448/46/2472 2449/42/2472
f 2441/37/2473 2419/43/2473 2447/44/2473
f 2445/34/2474 2452/40/2474 2446/33/2474
f 2443/35/2475 2450/45/2475 2444/38/2475
f 2442/31/2476 2447/44/2476 2448/46/2476
f 2422/54/2477 2452/40/2477 2458/52/2477
f 2451/41/2478 2456/53/2478 2457/47/2478
f 2448/46/2479 2455/49/2479 2449/42/2479
f 2447/44/2480 2419/50/2480 2453/51/2480
f 2452/40/2481 2457/47/2481 2458/52/2481
f 2449/42/2482 2456/53/2482 2450/45/2482
f 2447/44/2483 2454/48/2483 2448/46/2483
f 2454/48/2484 2461/62/2484 2455/49/2484
f 2453/51/2485 2419/55/2485 2459/56/2485
f 2458/52/2486 2463/61/2486 2464/57/2486
f 2455/49/2487 2462/58/2487 2456/53/2487
f 2453/51/2488 2460/59/2488 2454/48/2488
f 2422/60/2489 2458/52/2489 2464/57/2489
f 2457/47/2490 2462/58/2490 2463/61/2490
f 2463/73/2491 2470/65/2491 2464/63/2491
f 2461/66/51 2468/67/51 2462/68/51
f 2460/71/2492 2465/76/2492 2466/70/2492
f 2422/72/2493 2464/63/2493 2470/65/2493
f 2462/68/2494 2469/64/2494 2463/73/2494
f 2461/66/2495 2466/70/2495 2467/74/2495
f 2459/69/2496 2419/75/2496 2465/76/2496
f 2469/64/2497 2476/80/2497 2470/65/2497
f 2467/74/2498 2474/77/2498 2468/67/2498
f 2466/70/2499 2471/84/2499 2472/78/2499
f 2422/79/2500 2470/65/2500 2476/80/2500
f 2468/67/2501 2475/81/2501 2469/64/2501
f 2467/74/2502 2472/78/2502 2473/82/2502
f 2465/76/2503 2419/83/2503 2471/84/2503
f 2472/78/2504 2477/7/2504 2478/9/2504
f 2422/85/2505 2476/80/2505 2480/1/2505
f 2474/77/2506 2479/11/2506 2475/81/2506
f 2473/82/2507 2478/9/2507 2420/4/2507
f 2471/84/2508 2419/86/2508 2477/7/2508
f 2475/81/2509 2480/1/2509 2476/80/2509
f 2473/82/2510 2421/6/2510 2474/77/2510
f 2485/87/2511 2484/88/2511 2490/89/2511
f 2483/90/2512 2489/91/2512 2522/92/2512
f 2482/93/2513 2487/94/2513 2521/95/2513
f 2522/92/2514 2490/89/2514 2484/88/2514
f 2483/90/2515 2487/94/2515 2488/96/2515
f 2482/93/2516 2481/97/2516 2486/98/2516
f 2486/98/2517 2492/99/2517 2487/94/2517
f 2490/89/2518 2494/100/2518 2495/101/2518
f 2487/94/2519 2493/102/2519 2488/96/2519
f 2486/98/2520 2481/103/2520 2491/104/2520
f 2485/105/2521 2490/89/2521 2495/101/2521
f 2488/96/2522 2494/100/2522 2489/91/2522
f 2494/100/2523 2500/106/2523 2495/101/2523
f 2492/99/2524 2498/107/2524 2493/102/2524
f 2491/104/2525 2481/108/2525 2496/109/2525
f 2485/110/2526 2495/101/2526 2500/106/2526
f 2493/102/2527 2499/111/2527 2494/100/2527
f 2492/99/2528 2496/109/2528 2497/112/2528
f 2500/106/2529 2504/113/2529 2505/114/2529
f 2498/107/2530 2502/115/2530 2503/116/2530
f 2496/109/2531 2481/117/2531 2501/118/2531
f 2485/119/2532 2500/106/2532 2505/114/2532
f 2498/107/2533 2504/113/2533 2499/111/2533
f 2497/112/2534 2501/118/2534 2502/115/2534
f 2504/113/2535 2510/120/2535 2505/114/2535
f 2502/115/2536 2508/121/2536 2503/116/2536
f 2501/118/2537 2481/122/2537 2506/123/2537
f 2485/124/2538 2505/114/2538 2510/120/2538
f 2503/116/2539 2509/125/2539 2504/113/2539
f 2502/115/2540 2506/123/2540 2507/126/2540
f 2510/120/2541 2514/127/2541 2515/128/2541
f 2507/126/2542 2513/129/2542 2508/121/2542
f 2506/123/2543 2481/130/2543 2511/131/2543
f 2485/132/2544 2510/120/2544 2515/128/2544
f 2508/121/2545 2514/127/2545 2509/125/2545
f 2506/123/2546 2512/133/2546 2507/126/2546
f 2512/134/2547 2518/135/2547 2513/136/2547
f 2511/137/2548 2481/138/2548 2516/139/2548
f 2485/140/2549 2515/141/2549 2520/142/2549
f 2513/136/2550 2519/143/2550 2514/144/2550
f 2511/137/2551 2517/145/2551 2512/134/2551
f 2515/141/2552 2519/143/2552 2520/142/2552
f 2516/139/2553 2481/146/2553 2482/93/2553
f 2485/147/2554 2520/142/2554 2484/88/2554
f 2518/135/2555 2522/92/2555 2519/143/2555
f 2516/139/2556 2521/95/2556 2517/145/2556
f 2519/143/2557 2484/88/2557 2520/142/2557
f 2517/145/2558 2483/90/2558 2518/135/2558
f 2526/88/2514 2531/91/2514 2532/89/2514
f 2563/95/2515 2530/96/2515 2525/90/2515
f 2524/93/2516 2523/97/2516 2528/98/2516
f 2527/87/2511 2526/88/2511 2532/89/2511
f 2525/90/2512 2531/91/2512 2564/92/2512
f 2563/95/2513 2528/98/2513 2529/94/2513
f 2532/89/2518 2536/100/2518 2537/101/2518
f 2529/94/2519 2535/102/2519 2530/96/2519
f 2528/98/2520 2523/103/2520 2533/104/2520
f 2527/105/2521 2532/89/2521 2537/101/2521
f 2530/96/2522 2536/100/2522 2531/91/2522
f 2528/98/2517 2534/99/2517 2529/94/2517
f 2534/99/2524 2540/107/2524 2535/102/2524
f 2533/104/2525 2523/108/2525 2538/109/2525
f 2527/110/2526 2537/101/2526 2542/106/2526
f 2536/100/2527 2540/107/2527 2541/111/2527
f 2534/99/2528 2538/109/2528 2539/112/2528
f 2536/100/2523 2542/106/2523 2537/101/2523
f 2538/109/2531 2523/117/2531 2543/118/2531
f 2527/119/2532 2542/106/2532 2547/114/2532
f 2540/107/2533 2546/113/2533 2541/111/2533
f 2539/112/2534 2543/118/2534 2544/115/2534
f 2541/111/2529 2547/114/2529 2542/106/2529
f 2539/112/2530 2545/116/2530 2540/107/2530
f 2527/124/2538 2547/114/2538 2552/120/2538
f 2545/116/2539 2551/125/2539 2546/113/2539
f 2543/118/2540 2549/126/2540 2544/115/2540
f 2547/114/2535 2551/125/2535 2552/120/2535
f 2544/115/2536 2550/121/2536 2545/116/2536
f 2543/118/2537 2523/122/2537 2548/123/2537
f 2527/132/2544 2552/120/2544 2557/128/2544
f 2550/121/2545 2556/127/2545 2551/125/2545
f 2548/123/2546 2554/133/2546 2549/126/2546
f 2552/120/2541 2556/127/2541 2557/128/2541
f 2550/121/2542 2554/133/2542 2555/129/2542
f 2548/123/2543 2523/130/2543 2553/131/2543
f 2527/140/2549 2557/141/2549 2562/142/2549
f 2555/136/2550 2561/143/2550 2556/144/2550
f 2554/134/2551 2558/139/2551 2559/145/2551
f 2556/144/2552 2562/142/2552 2557/141/2552
f 2554/134/2547 2560/135/2547 2555/136/2547
f 2553/137/2548 2523/138/2548 2558/139/2548
f 2560/135/2555 2564/92/2555 2561/143/2555
f 2558/139/2556 2563/95/2556 2559/145/2556
f 2561/143/2557 2526/88/2557 2562/142/2557
f 2560/135/2558 2563/95/2558 2525/90/2558
f 2558/139/2553 2523/146/2553 2524/93/2553
f 2527/147/2554 2562/142/2554 2526/88/2554
f 2567/90/2515 2571/94/2515 2572/96/2515
f 2566/93/2516 2565/97/2516 2570/98/2516
f 2569/87/2511 2568/88/2511 2574/89/2511
f 2567/90/2512 2573/91/2512 2606/92/2512
f 2605/95/2513 2570/98/2513 2571/94/2513
f 2606/92/2514 2574/89/2514 2568/88/2514
f 2569/105/2521 2574/89/2521 2579/101/2521
f 2573/91/2522 2577/102/2522 2578/100/2522
f 2570/98/2517 2576/99/2517 2571/94/2517
f 2573/91/2518 2579/101/2518 2574/89/2518
f 2571/94/2519 2577/102/2519 2572/96/2519
f 2570/98/2520 2565/103/2520 2575/104/2520
f 2569/110/2526 2579/101/2526 2584/106/2526
f 2577/102/2527 2583/111/2527 2578/100/2527
f 2575/104/2528 2581/112/2528 2576/99/2528
f 2579/101/2523 2583/111/2523 2584/106/2523
f 2576/99/2524 2582/107/2524 2577/102/2524
f 2575/104/2525 2565/108/2525 2580/109/2525
f 2582/107/2533 2588/113/2533 2583/111/2533
f 2581/112/2534 2585/118/2534 2586/115/2534
f 2584/106/2529 2588/113/2529 2589/114/2529
f 2581/112/2530 2587/116/2530 2582/107/2530
f 2580/109/2531 2565/117/2531 2585/118/2531
f 2569/119/2532 2584/106/2532 2589/114/2532
f 2585/118/2540 2591/126/2540 2586/115/2540
f 2588/113/2535 2594/120/2535 2589/114/2535
f 2586/115/2536 2592/121/2536 2587/116/2536
f 2585/118/2537 2565/122/2537 2590/123/2537
f 2569/124/2538 2589/114/2538 2594/120/2538
f 2588/113/2539 2592/121/2539 2593/125/2539
f 2593/125/2559 2599/128/2559 2594/120/2559
f 2592/121/2542 2596/133/2542 2597/129/2542
f 2590/123/2543 2565/130/2543 2595/131/2543
f 2569/132/2544 2594/120/2544 2599/128/2544
f 2593/125/2545 2597/129/2545 2598/127/2545
f 2591/126/2546 2595/131/2546 2596/133/2546
f 2598/144/2552 2604/142/2552 2599/141/2552
f 2597/136/2547 2601/145/2547 2602/135/2547
f 2595/137/2548 2565/138/2548 2600/139/2548
f 2569/140/2549 2599/141/2549 2604/142/2549
f 2597/136/2550 2603/143/2550 2598/144/2550
f 2595/137/2551 2601/145/2551 2596/134/2551
f 2603/143/2557 2568/88/2557 2604/142/2557
f 2602/135/2558 2605/95/2558 2567/90/2558
f 2600/139/2553 2565/146/2553 2566/93/2553
f 2569/147/2554 2604/142/2554 2568/88/2554
f 2602/135/2555 2606/92/2555 2603/143/2555
f 2600/139/2556 2605/95/2556 2601/145/2556
f 2611/87/2511 2610/88/2511 2616/89/2511
f 2609/90/2512 2615/91/2512 2648/92/2512
f 2647/95/2513 2612/98/2513 2613/94/2513
f 2610/88/2514 2615/91/2514 2616/89/2514
f 2647/95/2515 2614/96/2515 2609/90/2515
f 2608/93/2516 2607/97/2516 2612/98/2516
f 2616/89/2518 2620/100/2518 2621/101/2518
f 2613/94/2519 2619/102/2519 2614/96/2519
f 2612/98/2520 2607/103/2520 2617/104/2520
f 2611/105/2521 2616/89/2521 2621/101/2521
f 2614/96/2522 2620/100/2522 2615/91/2522
f 2613/94/2517 2617/104/2517 2618/99/2517
f 2621/101/2523 2625/111/2523 2626/106/2523
f 2619/102/2524 2623/112/2524 2624/107/2524
f 2617/104/2525 2607/108/2525 2622/109/2525
f 2611/110/2526 2621/101/2526 2626/106/2526
f 2619/102/2527 2625/111/2527 2620/100/2527
f 2617/104/2528 2623/112/2528 2618/99/2528
f 2626/106/2529 2630/113/2529 2631/114/2529
f 2623/112/2530 2629/116/2530 2624/107/2530
f 2622/109/2531 2607/117/2531 2627/118/2531
f 2611/119/2532 2626/106/2532 2631/114/2532
f 2625/111/2533 2629/116/2533 2630/113/2533
f 2622/109/2534 2628/115/2534 2623/112/2534
f 2630/113/2535 2636/120/2535 2631/114/2535
f 2628/115/2536 2634/121/2536 2629/116/2536
f 2627/118/2537 2607/122/2537 2632/123/2537
f 2611/124/2538 2631/114/2538 2636/120/2538
f 2629/116/2539 2635/125/2539 2630/113/2539
f 2628/115/2540 2632/123/2540 2633/126/2540
f 2633/126/2542 2639/129/2542 2634/121/2542
f 2632/123/2543 2607/130/2543 2637/131/2543
f 2611/132/2544 2636/120/2544 2641/128/2544
f 2635/125/2545 2639/129/2545 2640/127/2545
f 2633/126/2546 2637/131/2546 2638/133/2546
f 2635/125/2541 2641/128/2541 2636/120/2541
f 2637/137/2548 2607/138/2548 2642/139/2548
f 2611/140/2549 2641/141/2549 2646/142/2549
f 2639/136/2550 2645/143/2550 2640/144/2550
f 2637/137/2551 2643/145/2551 2638/134/2551
f 2640/144/2552 2646/142/2552 2641/141/2552
f 2639/136/2547 2643/145/2547 2644/135/2547
f 2611/147/2554 2646/142/2554 2610/88/2554
f 2644/135/2555 2648/92/2555 2645/143/2555
f 2642/139/2556 2647/95/2556 2643/145/2556
f 2646/142/2557 2648/92/2557 2610/88/2557
f 2643/145/2558 2609/90/2558 2644/135/2558
f 2642/139/2553 2607/146/2553 2608/93/2553
f 2690/92/2514 2658/89/2514 2652/88/2514
f 2689/95/2515 2656/96/2515 2651/90/2515
f 2650/93/2516 2649/97/2516 2654/98/2516
f 2653/87/2511 2652/88/2511 2658/89/2511
f 2651/90/2512 2657/91/2512 2690/92/2512
f 2689/95/2513 2654/98/2513 2655/94/2513
f 2655/94/2519 2661/102/2519 2656/96/2519
f 2654/98/2520 2649/103/2520 2659/104/2520
f 2653/105/2521 2658/89/2521 2663/101/2521
f 2656/96/2522 2662/100/2522 2657/91/2522
f 2654/98/2517 2660/99/2517 2655/94/2517
f 2658/89/2518 2662/100/2518 2663/101/2518
f 2659/104/2525 2649/108/2525 2664/109/2525
f 2653/110/2526 2663/101/2526 2668/106/2526
f 2661/102/2527 2667/111/2527 2662/100/2527
f 2660/99/2528 2664/109/2528 2665/112/2528
f 2662/100/2523 2668/106/2523 2663/101/2523
f 2660/99/2524 2666/107/2524 2661/102/2524
f 2653/119/2532 2668/106/2532 2673/114/2532
f 2666/107/2533 2672/113/2533 2667/111/2533
f 2664/109/2534 2670/115/2534 2665/112/2534
f 2668/106/2529 2672/113/2529 2673/114/2529
f 2665/112/2530 2671/116/2530 2666/107/2530
f 2664/109/2531 2649/117/2531 2669/118/2531
f 2653/124/2538 2673/114/2538 2678/120/2538
f 2671/116/2539 2677/125/2539 2672/113/2539
f 2669/118/2540 2675/126/2540 2670/115/2540
f 2673/114/2535 2677/125/2535 2678/120/2535
f 2671/116/2536 2675/126/2536 2676/121/2536
f 2669/118/2537 2649/122/2537 2674/123/2537
f 2653/132/2544 2678/120/2544 2683/128/2544
f 2676/121/2545 2682/127/2545 2677/125/2545
f 2674/123/2546 2680/133/2546 2675/126/2546
f 2678/120/2541 2682/127/2541 2683/128/2541
f 2675/126/2542 2681/129/2542 2676/121/2542
f 2674/123/2543 2649/130/2543 2679/131/2543
f 2681/136/2550 2687/143/2550 2682/144/2550
f 2680/134/2551 2684/139/2551 2685/145/2551
f 2682/144/2552 2688/142/2552 2683/141/2552
f 2681/136/2547 2685/145/2547 2686/135/2547
f 2679/137/2548 2649/138/2548 2684/139/2548
f 2653/140/2549 2683/141/2549 2688/142/2549
f 2684/139/2556 2689/95/2556 2685/145/2556
f 2688/142/2557 2690/92/2557 2652/88/2557
f 2685/145/2558 2651/90/2558 2686/135/2558
f 2684/139/2553 2649/146/2553 2650/93/2553
f 2653/147/2554 2688/142/2554 2652/88/2554
f 2686/135/2555 2690/92/2555 2687/143/2555
f 2692/93/2516 2691/97/2516 2696/98/2516
f 2695/87/2511 2694/88/2511 2700/89/2511
f 2693/90/2512 2699/91/2512 2732/92/2512
f 2692/93/2513 2697/94/2513 2731/95/2513
f 2694/88/2514 2699/91/2514 2700/89/2514
f 2731/95/2515 2698/96/2515 2693/90/2515
f 2695/105/2521 2700/89/2521 2705/101/2521
f 2698/96/2522 2704/100/2522 2699/91/2522
f 2697/94/2517 2701/104/2517 2702/99/2517
f 2699/91/2518 2705/101/2518 2700/89/2518
f 2697/94/2519 2703/102/2519 2698/96/2519
f 2696/98/2520 2691/103/2520 2701/104/2520
f 2703/102/2527 2709/111/2527 2704/100/2527
f 2701/104/2528 2707/112/2528 2702/99/2528
f 2705/101/2523 2709/111/2523 2710/106/2523
f 2703/102/2524 2707/112/2524 2708/107/2524
f 2701/104/2525 2691/108/2525 2706/109/2525
f 2695/110/2526 2705/101/2526 2710/106/2526
f 2707/112/2534 2711/118/2534 2712/115/2534
f 2710/106/2529 2714/113/2529 2715/114/2529
f 2707/112/2530 2713/116/2530 2708/107/2530
f 2706/109/2531 2691/117/2531 2711/118/2531
f 2695/119/2532 2710/106/2532 2715/114/2532
f 2709/111/2533 2713/116/2533 2714/113/2533
f 2714/113/2535 2720/120/2535 2715/114/2535
f 2712/115/2536 2718/121/2536 2713/116/2536
f 2711/118/2537 2691/122/2537 2716/123/2537
f 2695/124/2538 2715/114/2538 2720/120/2538
f 2713/116/2539 2719/125/2539 2714/113/2539
f 2711/118/2540 2717/126/2540 2712/115/2540
f 2719/125/2541 2725/128/2541 2720/120/2541
f 2717/126/2542 2723/129/2542 2718/121/2542
f 2716/123/2543 2691/130/2543 2721/131/2543
f 2695/132/2544 2720/120/2544 2725/128/2544
f 2719/125/2545 2723/129/2545 2724/127/2545
f 2717/126/2546 2721/131/2546 2722/133/2546
f 2724/144/2552 2730/142/2552 2725/141/2552
f 2722/134/2547 2728/135/2547 2723/136/2547
f 2721/137/2548 2691/138/2548 2726/139/2548
f 2695/140/2549 2725/141/2549 2730/142/2549
f 2723/136/2550 2729/143/2550 2724/144/2550
f 2721/137/2551 2727/145/2551 2722/134/2551
f 2730/142/2557 2732/92/2557 2694/88/2557
f 2727/145/2558 2693/90/2558 2728/135/2558
f 2726/139/2553 2691/146/2553 2692/93/2553
f 2695/147/2554 2730/142/2554 2694/88/2554
f 2728/135/2555 2732/92/2555 2729/143/2555
f 2726/139/2556 2731/95/2556 2727/145/2556
f 2735/90/2512 2741/91/2512 2774/92/2512
f 2734/93/2513 2739/94/2513 2773/95/2513
f 2774/92/2514 2742/89/2514 2736/88/2514
f 2773/95/2515 2740/96/2515 2735/90/2515
f 2734/93/2516 2733/97/2516 2738/98/2516
f 2737/87/2511 2736/88/2511 2742/89/2511
f 2742/89/2518 2746/100/2518 2747/101/2518
f 2740/96/2519 2744/99/2519 2745/102/2519
f 2738/98/2520 2733/103/2520 2743/104/2520
f 2737/105/2521 2742/89/2521 2747/101/2521
f 2740/96/2522 2746/100/2522 2741/91/2522
f 2738/98/2517 2744/99/2517 2739/94/2517
f 2747/101/2523 2751/111/2523 2752/106/2523
f 2744/99/2524 2750/107/2524 2745/102/2524
f 2743/104/2525 2733/108/2525 2748/109/2525
f 2737/110/2526 2747/101/2526 2752/106/2526
f 2746/100/2527 2750/107/2527 2751/111/2527
f 2743/104/2528 2749/112/2528 2744/99/2528
f 2751/111/2529 2757/114/2529 2752/106/2529
f 2749/112/2530 2755/116/2530 2750/107/2530
f 2748/109/2531 2733/117/2531 2753/118/2531
f 2737/119/2532 2752/106/2532 2757/114/2532
f 2751/111/2533 2755/116/2533 2756/113/2533
f 2749/112/2534 2753/118/2534 2754/115/2534
f 2755/116/2536 2759/126/2536 2760/121/2536
f 2753/118/2537 2733/122/2537 2758/123/2537
f 2737/124/2538 2757/114/2538 2762/120/2538
f 2755/116/2539 2761/125/2539 2756/113/2539
f 2754/115/2540 2758/123/2540 2759/126/2540
f 2756/113/2535 2762/120/2535 2757/114/2535
f 2758/123/2543 2733/130/2543 2763/131/2543
f 2737/132/2544 2762/120/2544 2767/128/2544
f 2760/121/2545 2766/127/2545 2761/125/2545
f 2758/123/2546 2764/133/2546 2759/126/2546
f 2761/125/2541 2767/128/2541 2762/120/2541
f 2760/121/2542 2764/133/2542 2765/129/2542
f 2737/140/2549 2767/141/2549 2772/142/2549
f 2765/136/2550 2771/143/2550 2766/144/2550
f 2764/134/2551 2768/139/2551 2769/145/2551
f 2766/144/2552 2772/142/2552 2767/141/2552
f 2764/134/2547 2770/135/2547 2765/136/2547
f 2763/137/2548 2733/138/2548 2768/139/2548
f 2737/147/2554 2772/142/2554 2736/88/2554
f 2770/135/2555 2774/92/2555 2771/143/2555
f 2769/145/2556 2734/93/2556 2773/95/2556
f 2771/143/2557 2736/88/2557 2772/142/2557
f 2769/145/2558 2735/90/2558 2770/135/2558
f 2768/139/2553 2733/146/2553 2734/93/2553
f 2816/92/2514 2784/89/2514 2778/88/2514
f 2777/90/2515 2781/94/2515 2782/96/2515
f 2776/93/2516 2775/97/2516 2780/98/2516
f 2779/87/2511 2778/88/2511 2784/89/2511
f 2777/90/2512 2783/91/2512 2816/92/2512
f 2815/95/2513 2780/98/2513 2781/94/2513
f 2780/98/2520 2775/103/2520 2785/104/2520
f 2779/105/2521 2784/89/2521 2789/101/2521
f 2782/96/2522 2788/100/2522 2783/91/2522
f 2780/98/2517 2786/99/2517 2781/94/2517
f 2783/91/2518 2789/101/2518 2784/89/2518
f 2781/94/2519 2787/102/2519 2782/96/2519
f 2779/110/2526 2789/101/2526 2794/106/2526
f 2787/102/2527 2793/111/2527 2788/100/2527
f 2785/104/2528 2791/112/2528 2786/99/2528
f 2788/100/2523 2794/106/2523 2789/101/2523
f 2786/99/2524 2792/107/2524 2787/102/2524
f 2785/104/2525 2775/108/2525 2790/109/2525
f 2779/119/2532 2794/106/2532 2799/114/2532
f 2792/107/2533 2798/113/2533 2793/111/2533
f 2790/109/2534 2796/115/2534 2791/112/2534
f 2794/106/2529 2798/113/2529 2799/114/2529
f 2792/107/2530 2796/115/2530 2797/116/2530
f 2790/109/2531 2775/117/2531 2795/118/2531
f 2779/124/2538 2799/114/2538 2804/120/2538
f 2797/116/2539 2803/125/2539 2798/113/2539
f 2795/118/2540 2801/126/2540 2796/115/2540
f 2798/113/2535 2804/120/2535 2799/114/2535
f 2796/115/2536 2802/121/2536 2797/116/2536
f 2795/118/2537 2775/122/2537 2800/123/2537
f 2802/121/2545 2808/127/2545 2803/125/2545
f 2800/123/2546 2806/133/2546 2801/126/2546
f 2803/125/2541 2809/128/2541 2804/120/2541
f 2801/126/2542 2807/129/2542 2802/121/2542
f 2800/123/2543 2775/130/2543 2805/131/2543
f 2779/132/2544 2804/120/2544 2809/128/2544
f 2805/137/2551 2811/145/2551 2806/134/2551
f 2809/141/2552 2813/143/2552 2814/142/2552
f 2806/134/2547 2812/135/2547 2807/136/2547
f 2805/137/2548 2775/138/2548 2810/139/2548
f 2779/140/2549 2809/141/2549 2814/142/2549
f 2807/136/2550 2813/143/2550 2808/144/2550
f 2814/142/2557 2816/92/2557 2778/88/2557
f 2812/135/2558 2815/95/2558 2777/90/2558
f 2810/139/2553 2775/146/2553 2776/93/2553
f 2779/147/2554 2814/142/2554 2778/88/2554
f 2812/135/2555 2816/92/2555 2813/143/2555
f 2810/139/2556 2815/95/2556 2811/145/2556
f 62/1/1 61/11/1 9/2/1
f 2/4/2 7/12/2 8/5/2
f 59/7/3 5/14/3 6/8/3
f 3/6/5 8/5/5 9/2/5
f 2/4/6 60/9/6 6/8/6
f 9/2/8 15/19/8 16/15/8
f 7/12/9 13/20/9 14/16/9
f 5/14/10 11/22/10 12/17/10
f 8/5/12 14/16/12 15/19/12
f 6/8/13 12/17/13 13/20/13
f 15/19/15 21/28/15 22/23/15
f 13/20/16 19/29/16 20/24/16
f 12/17/17 11/22/17 17/25/17
f 15/19/19 14/16/19 20/24/19
f 12/17/20 18/26/20 19/29/20
f 17/25/22 23/37/22 24/31/22
f 20/24/24 26/38/24 27/34/24
f 19/29/25 18/26/25 24/31/25
f 22/23/27 21/28/27 27/34/27
f 19/29/28 25/35/28 26/38/28
f 26/38/30 32/45/30 33/41/30
f 24/31/31 30/46/31 31/42/31
f 27/34/33 33/41/33 34/40/33
f 25/35/34 31/42/34 32/45/34
f 23/37/35 29/44/35 30/46/35
f 32/45/36 38/53/36 39/47/36
f 31/42/37 30/46/37 36/48/37
f 33/41/39 39/47/39 40/52/39
f 31/42/40 37/49/40 38/53/40
f 29/44/41 35/51/41 36/48/41
f 39/47/44 45/61/44 46/57/44
f 37/49/45 43/62/45 44/58/45
f 35/51/46 41/56/46 42/59/46
f 38/53/48 44/58/48 45/61/48
f 36/48/49 42/59/49 43/62/49
f 46/63/50 45/73/50 51/64/50
f 43/66/51 49/74/51 50/67/51
f 41/69/52 47/76/52 48/70/52
f 44/68/54 50/67/54 51/64/54
f 43/66/55 42/71/55 48/70/55
f 49/74/57 55/82/57 56/77/57
f 47/76/58 53/84/58 54/78/58
f 50/67/60 56/77/60 57/81/60
f 49/74/61 48/70/61 54/78/61
f 51/64/63 57/81/63 58/80/63
f 56/77/65 3/6/65 61/11/65
f 55/82/66 54/78/66 60/9/66
f 57/81/68 61/11/68 62/1/68
f 55/82/69 2/4/69 3/6/69
f 53/84/70 59/7/70 60/9/70
f 65/6/5 70/5/5 71/2/5
f 122/9/6 68/8/6 69/12/6
f 123/11/1 71/2/1 72/3/1
f 64/4/2 69/12/2 70/5/2
f 121/7/3 67/14/3 68/8/3
f 69/12/9 75/20/9 76/16/9
f 67/14/10 73/22/10 74/17/10
f 70/5/12 76/16/12 77/19/12
f 68/8/13 74/17/13 75/20/13
f 71/2/8 77/19/8 78/15/8
f 76/16/19 82/24/19 83/28/19
f 74/17/20 80/26/20 81/29/20
f 77/19/15 83/28/15 84/23/15
f 75/20/16 81/29/16 82/24/16
f 74/17/17 73/22/17 79/25/17
f 82/24/24 88/38/24 89/34/24
f 80/26/25 86/31/25 87/35/25
f 83/28/27 89/34/27 90/33/27
f 81/29/28 87/35/28 88/38/28
f 79/25/22 85/37/22 86/31/22
f 86/31/31 92/46/31 93/42/31
f 89/34/33 95/41/33 96/40/33
f 87/35/34 93/42/34 94/45/34
f 85/37/35 91/44/35 92/46/35
f 88/38/30 94/45/30 95/41/30
f 95/41/39 101/47/39 102/52/39
f 93/42/40 99/49/40 100/53/40
f 91/44/41 97/51/41 98/48/41
f 94/45/36 100/53/36 101/47/36
f 93/42/37 92/46/37 98/48/37
f 102/52/44 101/47/44 107/61/44
f 99/49/45 105/62/45 106/58/45
f 97/51/46 103/56/46 104/59/46
f 100/53/48 106/58/48 107/61/48
f 98/48/49 104/59/49 105/62/49
f 103/69/52 109/76/52 110/70/52
f 106/68/54 112/67/54 113/64/54
f 105/66/55 104/71/55 110/70/55
f 108/63/50 107/73/50 113/64/50
f 105/66/51 111/74/51 112/67/51
f 112/67/60 118/77/60 119/81/60
f 111/74/61 110/70/61 116/78/61
f 113/64/63 119/81/63 120/80/63
f 111/74/57 117/82/57 118/77/57
f 109/76/58 115/84/58 116/78/58
f 118/77/65 65/6/65 123/11/65
f 117/82/66 116/78/66 122/9/66
f 119/81/68 123/11/68 124/1/68
f 117/82/69 64/4/69 65/6/69
f 116/78/70 115/84/70 121/7/70
f 185/11/1 133/2/1 134/3/1
f 126/4/2 131/12/2 132/5/2
f 184/9/3 183/7/3 129/14/3
f 127/6/5 132/5/5 133/2/5
f 184/9/6 130/8/6 131/12/6
f 132/5/12 138/16/12 139/19/12
f 130/8/13 136/17/13 137/20/13
f 133/2/8 139/19/8 140/15/8
f 131/12/9 137/20/9 138/16/9
f 129/14/10 135/22/10 136/17/10
f 139/19/15 145/28/15 146/23/15
f 137/20/16 143/29/16 144/24/16
f 135/22/17 141/25/17 142/26/17
f 138/16/19 144/24/19 145/28/19
f 136/17/20 142/26/20 143/29/20
f 145/28/27 151/34/27 152/33/27
f 143/29/28 149/35/28 150/38/28
f 142/26/22 141/25/22 147/37/22
f 144/24/24 150/38/24 151/34/24
f 142/26/25 148/31/25 149/35/25
f 149/35/34 155/42/34 156/45/34
f 147/37/35 153/44/35 154/46/35
f 150/38/30 156/45/30 157/41/30
f 148/31/31 154/46/31 155/42/31
f 151/34/33 157/41/33 158/40/33
f 156/45/36 162/53/36 163/47/36
f 154/46/37 160/48/37 161/49/37
f 157/41/39 163/47/39 164/52/39
f 155/42/40 161/49/40 162/53/40
f 153/44/41 159/51/41 160/48/41
f 162/53/48 168/58/48 169/61/48
f 160/48/49 166/59/49 167/62/49
f 163/47/44 169/61/44 170/57/44
f 161/49/45 167/62/45 168/58/45
f 160/48/46 159/51/46 165/56/46
f 167/66/55 166/71/55 172/70/55
f 170/63/50 169/73/50 175/64/50
f 167/66/51 173/74/51 174/67/51
f 165/69/52 171/76/52 172/70/52
f 168/68/54 174/67/54 175/64/54
f 176/65/63 175/64/63 181/81/63
f 173/74/57 179/82/57 180/77/57
f 171/76/58 177/84/58 178/78/58
f 174/67/60 180/77/60 181/81/60
f 173/74/61 172/70/61 178/78/61
f 181/81/68 185/11/68 186/1/68
f 179/82/69 126/4/69 127/6/69
f 177/84/70 183/7/70 184/9/70
f 180/77/65 127/6/65 185/11/65
f 178/78/66 184/9/66 126/4/66
f 245/7/3 191/14/3 192/8/3
f 189/6/5 194/5/5 195/2/5
f 188/4/6 246/9/6 192/8/6
f 248/1/1 247/11/1 195/2/1
f 188/4/2 193/12/2 194/5/2
f 196/3/8 195/2/8 201/19/8
f 193/12/9 199/20/9 200/16/9
f 191/14/10 197/22/10 198/17/10
f 194/5/12 200/16/12 201/19/12
f 192/8/13 198/17/13 199/20/13
f 197/22/17 203/25/17 204/26/17
f 201/19/19 200/16/19 206/24/19
f 198/17/20 204/26/20 205/29/20
f 201/19/15 207/28/15 208/23/15
f 199/20/16 205/29/16 206/24/16
f 206/24/24 212/38/24 213/34/24
f 205/29/25 204/26/25 210/31/25
f 207/28/27 213/34/27 214/33/27
f 205/29/28 211/35/28 212/38/28
f 203/25/22 209/37/22 210/31/22
f 212/38/30 218/45/30 219/41/30
f 210/31/31 216/46/31 217/42/31
f 214/33/33 213/34/33 219/41/33
f 211/35/34 217/42/34 218/45/34
f 209/37/35 215/44/35 216/46/35
f 219/41/39 225/47/39 226/52/39
f 217/42/40 223/49/40 224/53/40
f 215/44/41 221/51/41 222/48/41
f 218/45/36 224/53/36 225/47/36
f 216/46/37 222/48/37 223/49/37
f 226/52/44 225/47/44 231/61/44
f 223/49/45 229/62/45 230/58/45
f 221/51/46 227/56/46 228/59/46
f 224/53/48 230/58/48 231/61/48
f 222/48/49 228/59/49 229/62/49
f 229/66/51 235/74/51 236/67/51
f 228/71/52 227/69/52 233/76/52
f 230/68/54 236/67/54 237/64/54
f 229/66/55 228/71/55 234/70/55
f 231/73/50 237/64/50 238/65/50
f 236/67/60 242/77/60 243/81/60
f 235/74/61 234/70/61 240/78/61
f 238/65/63 237/64/63 243/81/63
f 235/74/57 241/82/57 242/77/57
f 233/76/58 239/84/58 240/78/58
f 242/77/65 189/6/65 247/11/65
f 241/82/66 240/78/66 246/9/66
f 243/81/68 247/11/68 248/1/68
f 241/82/69 188/4/69 189/6/69
f 239/84/70 245/7/70 246/9/70
f 309/11/72 251/6/72 256/5/72
f 308/9/73 254/8/73 255/12/73
f 310/1/75 309/11/75 257/2/75
f 250/4/76 255/12/76 256/5/76
f 307/7/77 253/14/77 254/8/77
f 257/2/79 256/5/79 262/16/79
f 254/8/80 260/17/80 261/20/80
f 258/3/82 257/2/82 263/19/82
f 255/12/83 261/20/83 262/16/83
f 253/14/84 259/22/84 260/17/84
f 262/16/86 268/24/86 269/28/86
f 260/17/87 266/26/87 267/29/87
f 263/19/89 269/28/89 270/23/89
f 261/20/16 267/29/16 268/24/16
f 259/22/90 265/25/90 266/26/90
f 267/29/91 266/26/91 272/31/91
f 269/28/93 275/34/93 276/33/93
f 267/29/94 273/35/94 274/38/94
f 266/26/95 265/25/95 271/37/95
f 268/24/97 274/38/97 275/34/97
f 275/34/98 281/41/98 282/40/98
f 273/35/99 279/42/99 280/45/99
f 272/31/100 271/37/100 277/44/100
f 274/38/102 280/45/102 281/41/102
f 273/35/103 272/31/103 278/46/103
f 282/40/105 281/41/105 287/47/105
f 279/42/106 285/49/106 286/53/106
f 277/44/107 283/51/107 284/48/107
f 281/41/109 280/45/109 286/53/109
f 278/46/110 284/48/110 285/49/110
f 283/51/112 289/56/112 290/59/112
f 287/47/114 286/53/114 292/58/114
f 284/48/115 290/59/115 291/62/115
f 288/52/117 287/47/117 293/61/117
f 285/49/118 291/62/118 292/58/118
f 292/68/120 298/67/120 299/64/120
f 291/66/121 290/71/121 296/70/121
f 293/73/123 299/64/123 300/65/123
f 291/66/51 297/74/51 298/67/51
f 289/69/124 295/76/124 296/70/124
f 298/67/125 304/77/125 305/81/125
f 297/74/126 296/70/126 302/78/126
f 299/64/128 305/81/128 306/80/128
f 297/74/129 303/82/129 304/77/129
f 296/70/130 295/76/130 301/84/130
f 305/81/133 309/11/133 310/1/133
f 303/82/134 250/4/134 251/6/134
f 302/78/135 301/84/135 307/7/135
f 304/77/137 251/6/137 309/11/137
f 303/82/138 302/78/138 308/9/138
f 371/11/139 319/2/139 320/3/139
f 312/4/140 317/12/140 318/5/140
f 370/9/141 369/7/141 315/14/141
f 313/6/143 318/5/143 319/2/143
f 312/4/144 370/9/144 316/8/144
f 319/2/147 325/19/147 326/15/147
f 317/12/148 323/20/148 324/16/148
f 316/8/149 315/14/149 321/22/149
f 318/5/151 324/16/151 325/19/151
f 317/12/152 316/8/152 322/17/152
f 325/19/153 331/28/153 332/23/153
f 323/20/16 329/29/16 330/24/16
f 322/17/154 321/22/154 327/25/154
f 324/16/156 330/24/156 331/28/156
f 322/17/157 328/26/157 329/29/157
f 329/29/159 335/35/159 336/38/159
f 327/25/160 333/37/160 334/31/160
f 331/28/162 330/24/162 336/38/162
f 328/26/163 334/31/163 335/35/163
f 332/23/165 331/28/165 337/34/165
f 337/34/167 336/38/167 342/45/167
f 334/31/168 340/46/168 341/42/168
f 338/33/170 337/34/170 343/41/170
f 335/35/171 341/42/171 342/45/171
f 333/37/172 339/44/172 340/46/172
f 342/45/174 348/53/174 349/47/174
f 341/42/175 340/46/175 346/48/175
f 343/41/177 349/47/177 350/52/177
f 341/42/178 347/49/178 348/53/178
f 340/46/179 339/44/179 345/51/179
f 347/49/180 346/48/180 352/59/180
f 349/47/182 355/61/182 356/57/182
f 347/49/183 353/62/183 354/58/183
f 346/48/184 345/51/184 351/56/184
f 348/53/186 354/58/186 355/61/186
f 355/73/187 361/64/187 362/65/187
f 353/66/51 359/74/51 360/67/51
f 352/71/188 351/69/188 357/76/188
f 354/68/190 360/67/190 361/64/190
f 353/66/191 352/71/191 358/70/191
f 362/65/193 361/64/193 367/81/193
f 359/74/194 365/82/194 366/77/194
f 357/76/195 363/84/195 364/78/195
f 361/64/197 360/67/197 366/77/197
f 358/70/198 364/78/198 365/82/198
f 363/84/200 369/7/200 370/9/200
f 367/81/202 366/77/202 313/6/202
f 364/78/203 370/9/203 312/4/203
f 368/80/205 367/81/205 371/11/205
f 365/82/206 312/4/206 313/6/206
f 432/9/207 431/7/207 377/14/207
f 375/6/209 380/5/209 381/2/209
f 374/4/210 432/9/210 378/8/210
f 433/11/212 381/2/212 382/3/212
f 374/4/213 379/12/213 380/5/213
f 381/2/214 387/19/214 388/15/214
f 379/12/215 385/20/215 386/16/215
f 378/8/216 377/14/216 383/22/216
f 380/5/218 386/16/218 387/19/218
f 379/12/219 378/8/219 384/17/219
f 384/17/221 383/22/221 389/25/221
f 386/16/223 392/24/223 393/28/223
f 385/20/224 384/17/224 390/26/224
f 388/15/226 387/19/226 393/28/226
f 385/20/16 391/29/16 392/24/16
f 393/28/228 392/24/228 398/38/228
f 390/26/229 396/31/229 397/35/229
f 394/23/231 393/28/231 399/34/231
f 391/29/232 397/35/232 398/38/232
f 389/25/233 395/37/233 396/31/233
f 399/34/234 398/38/234 404/45/234
f 396/31/235 402/46/235 403/42/235
f 400/33/237 399/34/237 405/41/237
f 397/35/238 403/42/238 404/45/238
f 395/37/239 401/44/239 402/46/239
f 405/41/242 411/47/242 412/52/242
f 403/42/243 409/49/243 410/53/243
f 402/46/244 401/44/244 407/51/244
f 404/45/246 410/53/246 411/47/246
f 403/42/247 402/46/247 408/48/247
f 411/47/248 417/61/248 418/57/248
f 409/49/249 415/62/249 416/58/249
f 408/48/250 407/51/250 413/56/250
f 410/53/252 416/58/252 417/61/252
f 409/49/253 408/48/253 414/59/253
f 415/66/51 421/74/51 422/67/51
f 413/69/255 419/76/255 420/70/255
f 416/68/257 422/67/257 423/64/257
f 414/71/258 420/70/258 421/74/258
f 417/73/260 423/64/260 424/65/260
f 423/64/262 422/67/262 428/77/262
f 420/70/263 426/78/263 427/82/263
f 424/65/265 423/64/265 429/81/265
f 421/74/266 427/82/266 428/77/266
f 419/76/267 425/84/267 426/78/267
f 429/81/269 428/77/269 375/6/269
f 426/78/270 432/9/270 374/4/270
f 430/80/272 429/81/272 433/11/272
f 427/82/273 374/4/273 375/6/273
f 425/84/274 431/7/274 432/9/274
f 494/9/275 440/8/275 441/12/275
f 496/1/277 495/11/277 443/2/277
f 436/4/278 441/12/278 442/5/278
f 493/7/279 439/14/279 440/8/279
f 495/11/281 437/6/281 442/5/281
f 443/2/283 442/5/283 448/16/283
f 440/8/284 446/17/284 447/20/284
f 444/3/286 443/2/286 449/19/286
f 441/12/287 447/20/287 448/16/287
f 439/14/288 445/22/288 446/17/288
f 446/17/289 452/26/289 453/29/289
f 449/19/291 455/28/291 456/23/291
f 447/20/16 453/29/16 454/24/16
f 445/22/292 451/25/292 452/26/292
f 448/16/294 454/24/294 455/28/294
f 455/28/295 461/34/295 462/33/295
f 453/29/296 459/35/296 460/38/296
f 452/26/297 451/25/297 457/37/297
f 454/24/299 460/38/299 461/34/299
f 453/29/300 452/26/300 458/31/300
f 461/34/302 467/41/302 468/40/302
f 459/35/303 465/42/303 466/45/303
f 458/31/304 457/37/304 463/44/304
f 460/38/306 466/45/306 467/41/306
f 459/35/307 458/31/307 464/46/307
f 463/44/309 469/51/309 470/48/309
f 467/41/311 466/45/311 472/53/311
f 464/46/312 470/48/312 471/49/312
f 468/40/314 467/41/314 473/47/314
f 465/42/315 471/49/315 472/53/315
f 473/47/317 472/53/317 478/58/317
f 470/48/318 476/59/318 477/62/318
f 474/52/320 473/47/320 479/61/320
f 471/49/321 477/62/321 478/58/321
f 469/51/322 475/56/322 476/59/322
f 478/68/323 484/67/323 485/64/323
f 476/71/324 482/70/324 483/74/324
f 479/73/326 485/64/326 486/65/326
f 477/66/51 483/74/51 484/67/51
f 476/71/327 475/69/327 481/76/327
f 485/64/330 491/81/330 492/80/330
f 483/74/331 489/82/331 490/77/331
f 482/70/332 481/76/332 487/84/332
f 484/67/334 490/77/334 491/81/334
f 483/74/335 482/70/335 488/78/335
f 491/81/336 495/11/336 496/1/336
f 489/82/337 436/4/337 437/6/337
f 488/78/338 487/84/338 493/7/338
f 490/77/340 437/6/340 495/11/340
f 489/82/341 488/78/341 494/9/341
f 498/4/343 503/12/343 504/5/343
f 555/7/344 501/14/344 502/8/344
f 557/11/346 499/6/346 504/5/346
f 556/9/347 502/8/347 503/12/347
f 558/1/349 557/11/349 505/2/349
f 506/3/350 505/2/350 511/19/350
f 503/12/351 509/20/351 510/16/351
f 501/14/352 507/22/352 508/17/352
f 505/2/354 504/5/354 510/16/354
f 502/8/355 508/17/355 509/20/355
f 509/20/16 515/29/16 516/24/16
f 507/22/357 513/25/357 514/26/357
f 510/16/359 516/24/359 517/28/359
f 508/17/360 514/26/360 515/29/360
f 511/19/362 517/28/362 518/23/362
f 516/24/364 522/38/364 523/34/364
f 515/29/365 514/26/365 520/31/365
f 517/28/367 523/34/367 524/33/367
f 515/29/368 521/35/368 522/38/368
f 514/26/369 513/25/369 519/37/369
f 522/38/371 528/45/371 529/41/371
f 521/35/372 520/31/372 526/46/372
f 523/34/374 529/41/374 530/40/374
f 521/35/375 527/42/375 528/45/375
f 520/31/376 519/37/376 525/44/376
f 526/46/377 532/48/377 533/49/377
f 530/40/379 529/41/379 535/47/379
f 527/42/380 533/49/380 534/53/380
f 525/44/381 531/51/381 532/48/381
f 529/41/383 528/45/383 534/53/383
f 536/52/384 535/47/384 541/61/384
f 533/49/385 539/62/385 540/58/385
f 531/51/386 537/56/386 538/59/386
f 535/47/388 534/53/388 540/58/388
f 532/48/389 538/59/389 539/62/389
f 542/63/391 541/73/391 547/64/391
f 539/66/51 545/74/51 546/67/51
f 537/69/392 543/76/392 544/70/392
f 540/68/394 546/67/394 547/64/394
f 538/71/395 544/70/395 545/74/395
f 544/70/397 543/76/397 549/84/397
f 546/67/399 552/77/399 553/81/399
f 545/74/400 544/70/400 550/78/400
f 547/64/402 553/81/402 554/80/402
f 545/74/403 551/82/403 552/77/403
f 552/77/405 499/6/405 557/11/405
f 551/82/406 550/78/406 556/9/406
f 553/81/408 557/11/408 558/1/408
f 551/82/409 498/4/409 499/6/409
f 550/78/410 549/84/410 555/7/410
f 561/6/412 566/5/412 567/2/412
f 560/4/413 618/9/413 564/8/413
f 619/11/415 567/2/415 568/3/415
f 560/4/416 565/12/416 566/5/416
f 618/9/417 617/7/417 563/14/417
f 564/8/418 563/14/418 569/22/418
f 566/5/420 572/16/420 573/19/420
f 565/12/421 564/8/421 570/17/421
f 567/2/423 573/19/423 574/15/423
f 565/12/424 571/20/424 572/16/424
f 572/16/426 578/24/426 579/28/426
f 571/20/427 570/17/427 576/26/427
f 574/15/429 573/19/429 579/28/429
f 571/20/16 577/29/16 578/24/16
f 569/22/430 575/25/430 576/26/430
f 579/28/431 578/24/431 584/38/431
f 576/26/432 582/31/432 583/35/432
f 580/23/434 579/28/434 585/34/434
f 577/29/435 583/35/435 584/38/435
f 575/25/436 581/37/436 582/31/436
f 586/33/439 585/34/439 591/41/439
f 583/35/440 589/42/440 590/45/440
f 581/37/441 587/44/441 588/46/441
f 585/34/443 584/38/443 590/45/443
f 582/31/444 588/46/444 589/42/444
f 591/41/445 597/47/445 598/52/445
f 589/42/446 595/49/446 596/53/446
f 588/46/447 587/44/447 593/51/447
f 590/45/449 596/53/449 597/47/449
f 589/42/450 588/46/450 594/48/450
f 595/49/452 601/62/452 602/58/452
f 594/48/453 593/51/453 599/56/453
f 596/53/455 602/58/455 603/61/455
f 595/49/456 594/48/456 600/59/456
f 597/47/458 603/61/458 604/57/458
f 602/68/460 608/67/460 609/64/460
f 601/66/461 600/71/461 606/70/461
f 603/73/463 609/64/463 610/65/463
f 601/66/51 607/74/51 608/67/51
f 600/71/464 599/69/464 605/76/464
f 609/64/466 608/67/466 614/77/466
f 606/70/467 612/78/467 613/82/467
f 610/65/469 609/64/469 615/81/469
f 607/74/470 613/82/470 614/77/470
f 605/76/471 611/84/471 612/78/471
f 612/78/472 618/9/472 560/4/472
f 616/80/474 615/81/474 619/11/474
f 613/82/475 560/4/475 561/6/475
f 611/84/476 617/7/476 618/9/476
f 615/81/478 614/77/478 561/6/478
f 681/11/479 629/2/479 630/3/479
f 622/4/480 627/12/480 628/5/480
f 680/9/481 679/7/481 625/14/481
f 623/6/483 628/5/483 629/2/483
f 622/4/484 680/9/484 626/8/484
f 627/12/486 626/8/486 632/17/486
f 629/2/488 635/19/488 636/15/488
f 627/12/489 633/20/489 634/16/489
f 626/8/490 625/14/490 631/22/490
f 628/5/492 634/16/492 635/19/492
f 635/19/493 641/28/493 642/23/493
f 633/20/16 639/29/16 640/24/16
f 631/22/494 637/25/494 638/26/494
f 634/16/496 640/24/496 641/28/496
f 633/20/497 632/17/497 638/26/497
f 642/23/499 641/28/499 647/34/499
f 639/29/500 645/35/500 646/38/500
f 637/25/501 643/37/501 644/31/501
f 641/28/503 640/24/503 646/38/503
f 638/26/504 644/31/504 645/35/504
f 643/37/506 649/44/506 650/46/506
f 647/34/508 646/38/508 652/45/508
f 644/31/509 650/46/509 651/42/509
f 648/33/511 647/34/511 653/41/511
f 645/35/512 651/42/512 652/45/512
f 652/45/514 658/53/514 659/47/514
f 651/42/515 650/46/515 656/48/515
f 653/41/517 659/47/517 660/52/517
f 651/42/518 657/49/518 658/53/518
f 650/46/519 649/44/519 655/51/519
f 658/53/520 664/58/520 665/61/520
f 657/49/521 656/48/521 662/59/521
f 659/47/523 665/61/523 666/57/523
f 657/49/524 663/62/524 664/58/524
f 656/48/525 655/51/525 661/56/525
f 665/73/528 671/64/528 672/65/528
f 663/66/51 669/74/51 670/67/51
f 661/69/529 667/76/529 668/70/529
f 664/68/531 670/67/531 671/64/531
f 662/71/532 668/70/532 669/74/532
f 672/65/533 671/64/533 677/81/533
f 669/74/534 675/82/534 676/77/534
f 667/76/535 673/84/535 674/78/535
f 671/64/537 670/67/537 676/77/537
f 668/70/538 674/78/538 675/82/538
f 675/82/540 622/4/540 623/6/540
f 673/84/541 679/7/541 680/9/541
f 677/81/543 676/77/543 623/6/543
f 674/78/544 680/9/544 622/4/544
f 678/80/546 677/81/546 681/11/546
f 684/4/547 689/12/547 690/5/547
f 741/7/548 687/14/548 688/8/548
f 743/11/550 685/6/550 690/5/550
f 742/9/551 688/8/551 689/12/551
f 744/1/553 743/11/553 691/2/553
f 692/3/554 691/2/554 697/19/554
f 689/12/555 695/20/555 696/16/555
f 687/14/556 693/22/556 694/17/556
f 691/2/558 690/5/558 696/16/558
f 688/8/559 694/17/559 695/20/559
f 695/20/16 701/29/16 702/24/16
f 693/22/561 699/25/561 700/26/561
f 696/16/563 702/24/563 703/28/563
f 695/20/564 694/17/564 700/26/564
f 697/19/566 703/28/566 704/23/566
f 702/24/568 708/38/568 709/34/568
f 701/29/569 700/26/569 706/31/569
f 703/28/571 709/34/571 710/33/571
f 701/29/572 707/35/572 708/38/572
f 700/26/573 699/25/573 705/37/573
f 708/38/575 714/45/575 715/41/575
f 707/35/576 706/31/576 712/46/576
f 709/34/578 715/41/578 716/40/578
f 707/35/579 713/42/579 714/45/579
f 706/31/580 705/37/580 711/44/580
f 712/46/581 718/48/581 719/49/581
f 716/40/583 715/41/583 721/47/583
f 713/42/584 719/49/584 720/53/584
f 711/44/585 717/51/585 718/48/585
f 715/41/587 714/45/587 720/53/587
f 722/52/588 721/47/588 727/61/588
f 719/49/589 725/62/589 726/58/589
f 717/51/590 723/56/590 724/59/590
f 721/47/592 720/53/592 726/58/592
f 718/48/593 724/59/593 725/62/593
f 727/73/595 733/64/595 734/65/595
f 725/66/51 731/74/51 732/67/51
f 723/69/596 729/76/596 730/70/596
f 726/68/598 732/67/598 733/64/598
f 724/71/599 730/70/599 731/74/599
f 730/70/601 729/76/601 735/84/601
f 732/67/603 738/77/603 739/81/603
f 731/74/604 730/70/604 736/78/604
f 733/64/606 739/81/606 740/80/606
f 731/74/607 737/82/607 738/77/607
f 738/77/609 685/6/609 743/11/609
f 737/82/610 736/78/610 742/9/610
f 739/81/612 743/11/612 744/1/612
f 737/82/613 684/4/613 685/6/613
f 736/78/614 735/84/614 741/7/614
f 747/6/615 752/5/615 753/2/615
f 746/4/616 804/9/616 750/8/616
f 805/11/618 753/2/618 754/3/618
f 746/4/619 751/12/619 752/5/619
f 804/9/620 803/7/620 749/14/620
f 752/5/623 758/16/623 759/19/623
f 751/12/624 750/8/624 756/17/624
f 753/2/626 759/19/626 760/15/626
f 751/12/627 757/20/627 758/16/627
f 750/8/628 749/14/628 755/22/628
f 758/16/629 764/24/629 765/28/629
f 756/17/630 762/26/630 763/29/630
f 759/19/632 765/28/632 766/23/632
f 757/20/16 763/29/16 764/24/16
f 755/22/633 761/25/633 762/26/633
f 766/23/636 765/28/636 771/34/636
f 763/29/637 769/35/637 770/38/637
f 761/25/638 767/37/638 768/31/638
f 765/28/640 764/24/640 770/38/640
f 762/26/641 768/31/641 769/35/641
f 772/33/642 771/34/642 777/41/642
f 769/35/643 775/42/643 776/45/643
f 767/37/644 773/44/644 774/46/644
f 771/34/646 770/38/646 776/45/646
f 768/31/647 774/46/647 775/42/647
f 775/42/649 781/49/649 782/53/649
f 774/46/650 773/44/650 779/51/650
f 776/45/652 782/53/652 783/47/652
f 775/42/653 774/46/653 780/48/653
f 777/41/655 783/47/655 784/52/655
f 782/53/657 788/58/657 789/61/657
f 781/49/658 780/48/658 786/59/658
f 783/47/660 789/61/660 790/57/660
f 781/49/661 787/62/661 788/58/661
f 780/48/662 779/51/662 785/56/662
f 789/73/664 788/68/664 794/67/664
f 787/66/665 786/71/665 792/70/665
f 789/73/667 795/64/667 796/65/667
f 787/66/51 793/74/51 794/67/51
f 785/69/668 791/76/668 792/70/668
f 792/70/669 798/78/669 799/82/669
f 796/65/671 795/64/671 801/81/671
f 793/74/672 799/82/672 800/77/672
f 791/76/673 797/84/673 798/78/673
f 795/64/675 794/67/675 800/77/675
f 802/80/676 801/81/676 805/11/676
f 799/82/677 746/4/677 747/6/677
f 797/84/678 803/7/678 804/9/678
f 801/81/680 800/77/680 747/6/680
f 798/78/681 804/9/681 746/4/681
f 868/1/683 867/11/683 815/2/683
f 808/4/684 813/12/684 814/5/684
f 865/7/685 811/14/685 812/8/685
f 867/11/687 809/6/687 814/5/687
f 866/9/688 812/8/688 813/12/688
f 816/3/690 815/2/690 821/19/690
f 813/12/691 819/20/691 820/16/691
f 811/14/692 817/22/692 818/17/692
f 815/2/694 814/5/694 820/16/694
f 812/8/695 818/17/695 819/20/695
f 821/19/697 827/28/697 828/23/697
f 819/20/16 825/29/16 826/24/16
f 817/22/698 823/25/698 824/26/698
f 820/16/700 826/24/700 827/28/700
f 819/20/701 818/17/701 824/26/701
f 824/26/703 823/25/703 829/37/703
f 826/24/705 832/38/705 833/34/705
f 825/29/706 824/26/706 830/31/706
f 827/28/708 833/34/708 834/33/708
f 825/29/709 831/35/709 832/38/709
f 832/38/711 838/45/711 839/41/711
f 831/35/712 830/31/712 836/46/712
f 833/34/714 839/41/714 840/40/714
f 831/35/715 837/42/715 838/45/715
f 830/31/716 829/37/716 835/44/716
f 839/41/717 838/45/717 844/53/717
f 836/46/718 842/48/718 843/49/718
f 840/40/720 839/41/720 845/47/720
f 837/42/721 843/49/721 844/53/721
f 835/44/722 841/51/722 842/48/722
f 846/52/725 845/47/725 851/61/725
f 843/49/726 849/62/726 850/58/726
f 841/51/727 847/56/727 848/59/727
f 845/47/729 844/53/729 850/58/729
f 842/48/730 848/59/730 849/62/730
f 851/73/731 857/64/731 858/65/731
f 849/66/51 855/74/51 856/67/51
f 847/69/732 853/76/732 854/70/732
f 850/68/734 856/67/734 857/64/734
f 849/66/735 848/71/735 854/70/735
f 855/74/737 861/82/737 862/77/737
f 854/70/738 853/76/738 859/84/738
f 856/67/740 862/77/740 863/81/740
f 855/74/741 854/70/741 860/78/741
f 857/64/743 863/81/743 864/80/743
f 862/77/745 809/6/745 867/11/745
f 861/82/746 860/78/746 866/9/746
f 863/81/748 867/11/748 868/1/748
f 861/82/749 808/4/749 809/6/749
f 860/78/750 859/84/750 865/7/750
f 871/6/752 876/5/752 877/2/752
f 870/4/753 928/9/753 874/8/753
f 929/11/755 877/2/755 878/3/755
f 870/4/756 875/12/756 876/5/756
f 928/9/757 927/7/757 873/14/757
f 875/12/758 881/20/758 882/16/758
f 874/8/759 873/14/759 879/22/759
f 876/5/761 882/16/761 883/19/761
f 875/12/762 874/8/762 880/17/762
f 877/2/764 883/19/764 884/15/764
f 882/16/766 888/24/766 889/28/766
f 880/17/767 886/26/767 887/29/767
f 883/19/769 889/28/769 890/23/769
f 881/20/16 887/29/16 888/24/16
f 879/22/770 885/25/770 886/26/770
f 889/28/772 888/24/772 894/38/772
f 886/26/773 892/31/773 893/35/773
f 890/23/775 889/28/775 895/34/775
f 887/29/776 893/35/776 894/38/776
f 885/25/777 891/37/777 892/31/777
f 892/31/778 898/46/778 899/42/778
f 896/33/780 895/34/780 901/41/780
f 893/35/781 899/42/781 900/45/781
f 891/37/782 897/44/782 898/46/782
f 895/34/784 894/38/784 900/45/784
f 901/41/785 907/47/785 908/52/785
f 899/42/786 905/49/786 906/53/786
f 898/46/787 897/44/787 903/51/787
f 900/45/789 906/53/789 907/47/789
f 899/42/790 898/46/790 904/48/790
f 907/47/792 913/61/792 914/57/792
f 905/49/793 911/62/793 912/58/793
f 904/48/794 903/51/794 909/56/794
f 906/53/796 912/58/796 913/61/796
f 905/49/797 904/48/797 910/59/797
f 910/71/799 909/69/799 915/76/799
f 912/68/801 918/67/801 919/64/801
f 911/66/802 910/71/802 916/70/802
f 914/63/804 913/73/804 919/64/804
f 911/66/51 917/74/51 918/67/51
f 919/64/806 918/67/806 924/77/806
f 916/70/807 922/78/807 923/82/807
f 920/65/809 919/64/809 925/81/809
f 917/74/810 923/82/810 924/77/810
f 915/76/811 921/84/811 922/78/811
f 925/81/812 924/77/812 871/6/812
f 922/78/813 928/9/813 870/4/813
f 926/80/815 925/81/815 929/11/815
f 923/82/816 870/4/816 871/6/816
f 921/84/817 927/7/817 928/9/817
f 991/11/819 939/2/819 940/3/819
f 932/4/820 937/12/820 938/5/820
f 990/9/821 989/7/821 935/14/821
f 933/6/823 938/5/823 939/2/823
f 932/4/824 990/9/824 936/8/824
f 939/2/826 945/19/826 946/15/826
f 937/12/827 943/20/827 944/16/827
f 936/8/828 935/14/828 941/22/828
f 938/5/830 944/16/830 945/19/830
f 937/12/831 936/8/831 942/17/831
f 945/19/833 951/28/833 952/23/833
f 943/20/16 949/29/16 950/24/16
f 941/22/834 947/25/834 948/26/834
f 944/16/835 950/24/835 951/28/835
f 942/17/836 948/26/836 949/29/836
f 947/25/837 953/37/837 954/31/837
f 951/28/839 950/24/839 956/38/839
f 948/26/840 954/31/840 955/35/840
f 952/23/842 951/28/842 957/34/842
f 949/29/843 955/35/843 956/38/843
f 957/34/845 956/38/845 962/45/845
f 954/31/846 960/46/846 961/42/846
f 958/33/848 957/34/848 963/41/848
f 955/35/849 961/42/849 962/45/849
f 953/37/850 959/44/850 960/46/850
f 962/45/851 968/53/851 969/47/851
f 961/42/852 960/46/852 966/48/852
f 963/41/854 969/47/854 970/52/854
f 961/42/855 967/49/855 968/53/855
f 960/46/856 959/44/856 965/51/856
f 969/47/859 975/61/859 976/57/859
f 967/49/860 973/62/860 974/58/860
f 966/48/861 965/51/861 971/56/861
f 968/53/863 974/58/863 975/61/863
f 967/49/864 966/48/864 972/59/864
f 975/73/865 981/64/865 982/65/865
f 973/66/51 979/74/51 980/67/51
f 971/69/866 977/76/866 978/70/866
f 974/68/867 980/67/867 981/64/867
f 972/71/868 978/70/868 979/74/868
f 979/74/869 985/82/869 986/77/869
f 977/76/870 983/84/870 984/78/870
f 981/64/872 980/67/872 986/77/872
f 978/70/873 984/78/873 985/82/873
f 982/65/875 981/64/875 987/81/875
f 987/81/877 986/77/877 933/6/877
f 984/78/878 990/9/878 932/4/878
f 988/80/880 987/81/880 991/11/880
f 985/82/881 932/4/881 933/6/881
f 983/84/882 989/7/882 990/9/882
f 995/6/883 1000/5/883 1001/2/883
f 994/4/884 1052/9/884 998/8/884
f 1053/11/886 1001/2/886 1002/3/886
f 994/4/887 999/12/887 1000/5/887
f 1052/9/888 1051/7/888 997/14/888
f 1000/5/891 1006/16/891 1007/19/891
f 999/12/892 998/8/892 1004/17/892
f 1001/2/894 1007/19/894 1008/15/894
f 999/12/895 1005/20/895 1006/16/895
f 998/8/896 997/14/896 1003/22/896
f 1006/16/897 1012/24/897 1013/28/897
f 1005/20/898 1004/17/898 1010/26/898
f 1007/19/900 1013/28/900 1014/23/900
f 1005/20/16 1011/29/16 1012/24/16
f 1004/17/901 1003/22/901 1009/25/901
f 1014/23/904 1013/28/904 1019/34/904
f 1011/29/905 1017/35/905 1018/38/905
f 1009/25/906 1015/37/906 1016/31/906
f 1013/28/908 1012/24/908 1018/38/908
f 1010/26/909 1016/31/909 1017/35/909
f 1020/33/910 1019/34/910 1025/41/910
f 1017/35/911 1023/42/911 1024/45/911
f 1015/37/912 1021/44/912 1022/46/912
f 1019/34/914 1018/38/914 1024/45/914
f 1016/31/915 1022/46/915 1023/42/915
f 1023/42/917 1029/49/917 1030/53/917
f 1022/46/918 1021/44/918 1027/51/918
f 1024/45/920 1030/53/920 1031/47/920
f 1023/42/921 1022/46/921 1028/48/921
f 1025/41/923 1031/47/923 1032/52/923
f 1030/53/925 1036/58/925 1037/61/925
f 1029/49/926 1028/48/926 1034/59/926
f 1031/47/928 1037/61/928 1038/57/928
f 1029/49/929 1035/62/929 1036/58/929
f 1028/48/930 1027/51/930 1033/56/930
f 1036/68/932 1042/67/932 1043/64/932
f 1035/66/933 1034/71/933 1040/70/933
f 1037/73/935 1043/64/935 1044/65/935
f 1035/66/51 1041/74/51 1042/67/51
f 1034/71/936 1033/69/936 1039/76/936
f 1040/70/937 1046/78/937 1047/82/937
f 1044/65/939 1043/64/939 1049/81/939
f 1041/74/940 1047/82/940 1048/77/940
f 1039/76/941 1045/84/941 1046/78/941
f 1043/64/943 1042/67/943 1048/77/943
f 1050/80/944 1049/81/944 1053/11/944
f 1047/82/945 994/4/945 995/6/945
f 1045/84/946 1051/7/946 1052/9/946
f 1049/81/948 1048/77/948 995/6/948
f 1046/78/949 1052/9/949 994/4/949
f 1057/6/952 1062/5/952 1063/2/952
f 1056/4/953 1114/9/953 1060/8/953
f 1115/11/955 1063/2/955 1064/3/955
f 1056/4/956 1061/12/956 1062/5/956
f 1114/9/957 1113/7/957 1059/14/957
f 1061/12/958 1067/20/958 1068/16/958
f 1060/8/959 1059/14/959 1065/22/959
f 1062/5/961 1068/16/961 1069/19/961
f 1061/12/962 1060/8/962 1066/17/962
f 1063/2/964 1069/19/964 1070/15/964
f 1068/16/966 1074/24/966 1075/28/966
f 1066/17/967 1072/26/967 1073/29/967
f 1069/19/969 1075/28/969 1076/23/969
f 1067/20/16 1073/29/16 1074/24/16
f 1066/17/970 1065/22/970 1071/25/970
f 1075/28/972 1074/24/972 1080/38/972
f 1072/26/973 1078/31/973 1079/35/973
f 1076/23/975 1075/28/975 1081/34/975
f 1073/29/976 1079/35/976 1080/38/976
f 1071/25/977 1077/37/977 1078/31/977
f 1078/31/978 1084/46/978 1085/42/978
f 1082/33/980 1081/34/980 1087/41/980
f 1079/35/981 1085/42/981 1086/45/981
f 1077/37/982 1083/44/982 1084/46/982
f 1081/34/984 1080/38/984 1086/45/984
f 1087/41/985 1093/47/985 1094/52/985
f 1085/42/986 1091/49/986 1092/53/986
f 1084/46/987 1083/44/987 1089/51/987
f 1086/45/989 1092/53/989 1093/47/989
f 1085/42/990 1084/46/990 1090/48/990
f 1093/47/992 1099/61/992 1100/57/992
f 1091/49/993 1097/62/993 1098/58/993
f 1090/48/994 1089/51/994 1095/56/994
f 1092/53/996 1098/58/996 1099/61/996
f 1091/49/997 1090/48/997 1096/59/997
f 1095/69/999 1101/76/999 1102/70/999
f 1098/68/1001 1104/67/1001 1105/64/1001
f 1097/66/1002 1096/71/1002 1102/70/1002
f 1100/63/1004 1099/73/1004 1105/64/1004
f 1097/66/51 1103/74/51 1104/67/51
f 1105/64/1006 1104/67/1006 1110/77/1006
f 1102/70/1007 1108/78/1007 1109/82/1007
f 1106/65/1009 1105/64/1009 1111/81/1009
f 1103/74/1010 1109/82/1010 1110/77/1010
f 1101/76/1011 1107/84/1011 1108/78/1011
f 1111/81/1012 1110/77/1012 1057/6/1012
f 1108/78/1013 1114/9/1013 1056/4/1013
f 1112/80/1015 1111/81/1015 1115/11/1015
f 1109/82/1016 1056/4/1016 1057/6/1016
f 1107/84/1017 1113/7/1017 1114/9/1017
f 1177/11/1019 1125/2/1019 1126/3/1019
f 1118/4/1020 1123/12/1020 1124/5/1020
f 1176/9/1021 1175/7/1021 1121/14/1021
f 1119/6/1023 1124/5/1023 1125/2/1023
f 1118/4/1024 1176/9/1024 1122/8/1024
f 1123/12/1026 1122/8/1026 1128/17/1026
f 1125/2/1028 1131/19/1028 1132/15/1028
f 1123/12/1029 1129/20/1029 1130/16/1029
f 1122/8/1030 1121/14/1030 1127/22/1030
f 1124/5/1032 1130/16/1032 1131/19/1032
f 1131/19/2560 1137/28/2560 1138/23/2560
f 1129/20/16 1135/29/16 1136/24/16
f 1127/22/1034 1133/25/1034 1134/26/1034
f 1130/16/1036 1136/24/1036 1137/28/1036
f 1128/17/1037 1134/26/1037 1135/29/1037
f 1138/23/1039 1137/28/1039 1143/34/1039
f 1135/29/1040 1141/35/1040 1142/38/1040
f 1133/25/1041 1139/37/1041 1140/31/1041
f 1137/28/1043 1136/24/1043 1142/38/1043
f 1134/26/1044 1140/31/1044 1141/35/1044
f 1139/37/1046 1145/44/1046 1146/46/1046
f 1143/34/1048 1142/38/1048 1148/45/1048
f 1140/31/1049 1146/46/1049 1147/42/1049
f 1144/33/1051 1143/34/1051 1149/41/1051
f 1141/35/1052 1147/42/1052 1148/45/1052
f 1148/45/1054 1154/53/1054 1155/47/1054
f 1147/42/1055 1146/46/1055 1152/48/1055
f 1149/41/1057 1155/47/1057 1156/52/1057
f 1147/42/1058 1153/49/1058 1154/53/1058
f 1146/46/1059 1145/44/1059 1151/51/1059
f 1154/53/1060 1160/58/1060 1161/61/1060
f 1153/49/1061 1152/48/1061 1158/59/1061
f 1155/47/1063 1161/61/1063 1162/57/1063
f 1153/49/1064 1159/62/1064 1160/58/1064
f 1152/48/1065 1151/51/1065 1157/56/1065
f 1162/63/1068 1161/73/1068 1167/64/1068
f 1159/66/51 1165/74/51 1166/67/51
f 1157/69/1069 1163/76/1069 1164/70/1069
f 1160/68/1071 1166/67/1071 1167/64/1071
f 1159/66/1072 1158/71/1072 1164/70/1072
f 1168/65/1073 1167/64/1073 1173/81/1073
f 1165/74/1074 1171/82/1074 1172/77/1074
f 1163/76/1075 1169/84/1075 1170/78/1075
f 1167/64/1077 1166/67/1077 1172/77/1077
f 1164/70/1078 1170/78/1078 1171/82/1078
f 1171/82/1080 1118/4/1080 1119/6/1080
f 1169/84/1081 1175/7/1081 1176/9/1081
f 1173/81/1083 1172/77/1083 1119/6/1083
f 1170/78/1084 1176/9/1084 1118/4/1084
f 1174/80/1086 1173/81/1086 1177/11/1086
f 1239/11/1087 1181/6/1087 1186/5/1087
f 1238/9/1088 1184/8/1088 1185/12/1088
f 1240/1/1090 1239/11/1090 1187/2/1090
f 1180/4/1091 1185/12/1091 1186/5/1091
f 1237/7/1092 1183/14/1092 1184/8/1092
f 1187/2/1095 1186/5/1095 1192/16/1095
f 1184/8/1096 1190/17/1096 1191/20/1096
f 1188/3/1098 1187/2/1098 1193/19/1098
f 1185/12/1099 1191/20/1099 1192/16/1099
f 1183/14/1100 1189/22/1100 1190/17/1100
f 1192/16/1101 1198/24/1101 1199/28/1101
f 1190/17/1102 1196/26/1102 1197/29/1102
f 1193/19/1104 1199/28/1104 1200/23/1104
f 1191/20/16 1197/29/16 1198/24/16
f 1189/22/1105 1195/25/1105 1196/26/1105
f 1199/28/1108 1205/34/1108 1206/33/1108
f 1197/29/1109 1203/35/1109 1204/38/1109
f 1196/26/1110 1195/25/1110 1201/37/1110
f 1198/24/1112 1204/38/1112 1205/34/1112
f 1197/29/1113 1196/26/1113 1202/31/1113
f 1205/34/1114 1211/41/1114 1212/40/1114
f 1203/35/1115 1209/42/1115 1210/45/1115
f 1202/31/1116 1201/37/1116 1207/44/1116
f 1204/38/1118 1210/45/1118 1211/41/1118
f 1203/35/1119 1202/31/1119 1208/46/1119
f 1209/42/1121 1215/49/1121 1216/53/1121
f 1207/44/1122 1213/51/1122 1214/48/1122
f 1211/41/1124 1210/45/1124 1216/53/1124
f 1208/46/1125 1214/48/1125 1215/49/1125
f 1212/40/1127 1211/41/1127 1217/47/1127
f 1217/47/1129 1216/53/1129 1222/58/1129
f 1214/48/1130 1220/59/1130 1221/62/1130
f 1218/52/1132 1217/47/1132 1223/61/1132
f 1215/49/1133 1221/62/1133 1222/58/1133
f 1213/51/1134 1219/56/1134 1220/59/1134
f 1222/68/1136 1228/67/1136 1229/64/1136
f 1220/71/1137 1226/70/1137 1227/74/1137
f 1223/73/1139 1229/64/1139 1230/65/1139
f 1221/66/51 1227/74/51 1228/67/51
f 1219/69/1140 1225/76/1140 1226/70/1140
f 1227/74/1141 1226/70/1141 1232/78/1141
f 1229/64/1143 1235/81/1143 1236/80/1143
f 1227/74/1144 1233/82/1144 1234/77/1144
f 1226/70/1145 1225/76/1145 1231/84/1145
f 1228/67/1147 1234/77/1147 1235/81/1147
f 1235/81/1148 1239/11/1148 1240/1/1148
f 1233/82/1149 1180/4/1149 1181/6/1149
f 1232/78/1150 1231/84/1150 1237/7/1150
f 1234/77/1152 1181/6/1152 1239/11/1152
f 1233/82/1153 1232/78/1153 1238/9/1153
f 1301/11/1156 1243/6/1156 1248/5/1156
f 1300/9/1157 1246/8/1157 1247/12/1157
f 1302/1/1159 1301/11/1159 1249/2/1159
f 1242/4/1160 1247/12/1160 1248/5/1160
f 1299/7/1161 1245/14/1161 1246/8/1161
f 1247/12/1162 1253/20/1162 1254/16/1162
f 1245/14/1163 1251/22/1163 1252/17/1163
f 1249/2/1165 1248/5/1165 1254/16/1165
f 1246/8/1166 1252/17/1166 1253/20/1166
f 1250/3/1168 1249/2/1168 1255/19/1168
f 1254/16/1170 1260/24/1170 1261/28/1170
f 1252/17/1171 1258/26/1171 1259/29/1171
f 1255/19/1173 1261/28/1173 1262/23/1173
f 1253/20/16 1259/29/16 1260/24/16
f 1252/17/1174 1251/22/1174 1257/25/1174
f 1260/24/1176 1266/38/1176 1267/34/1176
f 1259/29/1177 1258/26/1177 1264/31/1177
f 1261/28/1179 1267/34/1179 1268/33/1179
f 1259/29/1180 1265/35/1180 1266/38/1180
f 1258/26/1181 1257/25/1181 1263/37/1181
f 1265/35/1182 1264/31/1182 1270/46/1182
f 1267/34/1184 1273/41/1184 1274/40/1184
f 1265/35/1185 1271/42/1185 1272/45/1185
f 1264/31/1186 1263/37/1186 1269/44/1186
f 1266/38/1188 1272/45/1188 1273/41/1188
f 1274/40/1189 1273/41/1189 1279/47/1189
f 1271/42/1190 1277/49/1190 1278/53/1190
f 1269/44/1191 1275/51/1191 1276/48/1191
f 1273/41/1193 1272/45/1193 1278/53/1193
f 1270/46/1194 1276/48/1194 1277/49/1194
f 1280/52/1196 1279/47/1196 1285/61/1196
f 1277/49/1197 1283/62/1197 1284/58/1197
f 1275/51/1198 1281/56/1198 1282/59/1198
f 1279/47/1200 1278/53/1200 1284/58/1200
f 1276/48/1201 1282/59/1201 1283/62/1201
f 1281/69/1203 1287/76/1203 1288/70/1203
f 1284/68/1205 1290/67/1205 1291/64/1205
f 1282/71/1206 1288/70/1206 1289/74/1206
f 1286/63/1208 1285/73/1208 1291/64/1208
f 1283/66/51 1289/74/51 1290/67/51
f 1290/67/1210 1296/77/1210 1297/81/1210
f 1289/74/1211 1288/70/1211 1294/78/1211
f 1291/64/1213 1297/81/1213 1298/80/1213
f 1289/74/1214 1295/82/1214 1296/77/1214
f 1288/70/1215 1287/76/1215 1293/84/1215
f 1296/77/1216 1243/6/1216 1301/11/1216
f 1295/82/1217 1294/78/1217 1300/9/1217
f 1297/81/1219 1301/11/1219 1302/1/1219
f 1295/82/1220 1242/4/1220 1243/6/1220
f 1294/78/1221 1293/84/1221 1299/7/1221
f 1363/11/1223 1311/2/1223 1312/3/1223
f 1304/4/1224 1309/12/1224 1310/5/1224
f 1362/9/1225 1361/7/1225 1307/14/1225
f 1305/6/1227 1310/5/1227 1311/2/1227
f 1304/4/1228 1362/9/1228 1308/8/1228
f 1309/12/1230 1308/8/1230 1314/17/1230
f 1311/2/1232 1317/19/1232 1318/15/1232
f 1309/12/1233 1315/20/1233 1316/16/1233
f 1308/8/1234 1307/14/1234 1313/22/1234
f 1310/5/1236 1316/16/1236 1317/19/1236
f 1317/19/1237 1323/28/1237 1324/23/1237
f 1315/20/16 1321/29/16 1322/24/16
f 1313/22/1238 1319/25/1238 1320/26/1238
f 1316/16/1240 1322/24/1240 1323/28/1240
f 1314/17/1241 1320/26/1241 1321/29/1241
f 1324/23/1243 1323/28/1243 1329/34/1243
f 1321/29/1244 1327/35/1244 1328/38/1244
f 1319/25/1245 1325/37/1245 1326/31/1245
f 1323/28/1247 1322/24/1247 1328/38/1247
f 1320/26/1248 1326/31/1248 1327/35/1248
f 1325/37/1250 1331/44/1250 1332/46/1250
f 1329/34/1252 1328/38/1252 1334/45/1252
f 1326/31/1253 1332/46/1253 1333/42/1253
f 1330/33/1255 1329/34/1255 1335/41/1255
f 1327/35/1256 1333/42/1256 1334/45/1256
f 1334/45/1258 1340/53/1258 1341/47/1258
f 1333/42/1259 1332/46/1259 1338/48/1259
f 1335/41/1261 1341/47/1261 1342/52/1261
f 1333/42/1262 1339/49/1262 1340/53/1262
f 1332/46/1263 1331/44/1263 1337/51/1263
f 1340/53/1264 1346/58/1264 1347/61/1264
f 1339/49/1265 1338/48/1265 1344/59/1265
f 1341/47/1267 1347/61/1267 1348/57/1267
f 1339/49/1268 1345/62/1268 1346/58/1268
f 1338/48/1269 1337/51/1269 1343/56/1269
f 1347/73/1272 1353/64/1272 1354/65/1272
f 1345/66/51 1351/74/51 1352/67/51
f 1343/69/1273 1349/76/1273 1350/70/1273
f 1346/68/1275 1352/67/1275 1353/64/1275
f 1345/66/1276 1344/71/1276 1350/70/1276
f 1354/65/1277 1353/64/1277 1359/81/1277
f 1351/74/1278 1357/82/1278 1358/77/1278
f 1349/76/1279 1355/84/1279 1356/78/1279
f 1353/64/1281 1352/67/1281 1358/77/1281
f 1350/70/1282 1356/78/1282 1357/82/1282
f 1357/82/1284 1304/4/1284 1305/6/1284
f 1355/84/1285 1361/7/1285 1362/9/1285
f 1359/81/1287 1358/77/1287 1305/6/1287
f 1356/78/1288 1362/9/1288 1304/4/1288
f 1360/80/1290 1359/81/1290 1363/11/1290
f 1367/6/1291 1372/5/1291 1373/2/1291
f 1366/4/1292 1424/9/1292 1370/8/1292
f 1425/11/1294 1373/2/1294 1374/3/1294
f 1366/4/619 1371/12/619 1372/5/619
f 1424/9/1295 1423/7/1295 1369/14/1295
f 1372/5/1298 1378/16/1298 1379/19/1298
f 1371/12/1299 1370/8/1299 1376/17/1299
f 1373/2/1301 1379/19/1301 1380/15/1301
f 1371/12/1302 1377/20/1302 1378/16/1302
f 1370/8/1303 1369/14/1303 1375/22/1303
f 1378/16/1304 1384/24/1304 1385/28/1304
f 1377/20/1305 1376/17/1305 1382/26/1305
f 1379/19/1307 1385/28/1307 1386/23/1307
f 1377/20/16 1383/29/16 1384/24/16
f 1376/17/1308 1375/22/1308 1381/25/1308
f 1386/23/1311 1385/28/1311 1391/34/1311
f 1383/29/1312 1389/35/1312 1390/38/1312
f 1381/25/1313 1387/37/1313 1388/31/1313
f 1385/28/1315 1384/24/1315 1390/38/1315
f 1382/26/1316 1388/31/1316 1389/35/1316
f 1392/33/1317 1391/34/1317 1397/41/1317
f 1389/35/643 1395/42/643 1396/45/643
f 1387/37/1318 1393/44/1318 1394/46/1318
f 1391/34/1320 1390/38/1320 1396/45/1320
f 1388/31/1321 1394/46/1321 1395/42/1321
f 1395/42/649 1401/49/649 1402/53/649
f 1394/46/1323 1393/44/1323 1399/51/1323
f 1396/45/1325 1402/53/1325 1403/47/1325
f 1395/42/1326 1394/46/1326 1400/48/1326
f 1397/41/1328 1403/47/1328 1404/52/1328
f 1402/53/1330 1408/58/1330 1409/61/1330
f 1401/49/1331 1400/48/1331 1406/59/1331
f 1403/47/1333 1409/61/1333 1410/57/1333
f 1401/49/1334 1407/62/1334 1408/58/1334
f 1400/48/1335 1399/51/1335 1405/56/1335
f 1408/68/1337 1414/67/1337 1415/64/1337
f 1406/71/1338 1412/70/1338 1413/74/1338
f 1409/73/1340 1415/64/1340 1416/65/1340
f 1407/66/51 1413/74/51 1414/67/51
f 1406/71/1341 1405/69/1341 1411/76/1341
f 1412/70/1342 1418/78/1342 1419/82/1342
f 1416/65/1344 1415/64/1344 1421/81/1344
f 1413/74/1345 1419/82/1345 1420/77/1345
f 1411/76/1346 1417/84/1346 1418/78/1346
f 1415/64/1348 1414/67/1348 1420/77/1348
f 1422/80/1349 1421/81/1349 1425/11/1349
f 1419/82/677 1366/4/677 1367/6/677
f 1417/84/1350 1423/7/1350 1424/9/1350
f 1421/81/1352 1420/77/1352 1367/6/1352
f 1418/78/1353 1424/9/1353 1366/4/1353
f 1428/4/1355 1433/12/1355 1434/5/1355
f 1485/7/1356 1431/14/1356 1432/8/1356
f 1487/11/1358 1429/6/1358 1434/5/1358
f 1486/9/1359 1432/8/1359 1433/12/1359
f 1488/1/1361 1487/11/1361 1435/2/1361
f 1436/3/1362 1435/2/1362 1441/19/1362
f 1433/12/1363 1439/20/1363 1440/16/1363
f 1431/14/1364 1437/22/1364 1438/17/1364
f 1435/2/1366 1434/5/1366 1440/16/1366
f 1432/8/1367 1438/17/1367 1439/20/1367
f 1439/20/16 1445/29/16 1446/24/16
f 1437/22/1369 1443/25/1369 1444/26/1369
f 1440/16/1371 1446/24/1371 1447/28/1371
f 1438/17/1372 1444/26/1372 1445/29/1372
f 1441/19/1374 1447/28/1374 1448/23/1374
f 1446/24/1376 1452/38/1376 1453/34/1376
f 1445/29/1377 1444/26/1377 1450/31/1377
f 1447/28/1379 1453/34/1379 1454/33/1379
f 1445/29/1380 1451/35/1380 1452/38/1380
f 1444/26/1381 1443/25/1381 1449/37/1381
f 1452/38/1383 1458/45/1383 1459/41/1383
f 1451/35/1384 1450/31/1384 1456/46/1384
f 1453/34/1386 1459/41/1386 1460/40/1386
f 1451/35/1387 1457/42/1387 1458/45/1387
f 1450/31/1388 1449/37/1388 1455/44/1388
f 1456/46/1389 1462/48/1389 1463/49/1389
f 1460/40/1391 1459/41/1391 1465/47/1391
f 1457/42/1392 1463/49/1392 1464/53/1392
f 1455/44/1393 1461/51/1393 1462/48/1393
f 1459/41/1395 1458/45/1395 1464/53/1395
f 1466/52/1396 1465/47/1396 1471/61/1396
f 1463/49/1397 1469/62/1397 1470/58/1397
f 1461/51/1398 1467/56/1398 1468/59/1398
f 1465/47/1400 1464/53/1400 1470/58/1400
f 1462/48/1401 1468/59/1401 1469/62/1401
f 1472/63/1403 1471/73/1403 1477/64/1403
f 1469/66/51 1475/74/51 1476/67/51
f 1467/69/1404 1473/76/1404 1474/70/1404
f 1471/73/1406 1470/68/1406 1476/67/1406
f 1469/66/1407 1468/71/1407 1474/70/1407
f 1474/70/1409 1473/76/1409 1479/84/1409
f 1476/67/1411 1482/77/1411 1483/81/1411
f 1475/74/1412 1474/70/1412 1480/78/1412
f 1477/64/1414 1483/81/1414 1484/80/1414
f 1475/74/1415 1481/82/1415 1482/77/1415
f 1482/77/1417 1429/6/1417 1487/11/1417
f 1481/82/1418 1480/78/1418 1486/9/1418
f 1483/81/1420 1487/11/1420 1488/1/1420
f 1481/82/1421 1428/4/1421 1429/6/1421
f 1480/78/1422 1479/84/1422 1485/7/1422
f 1550/1/1423 1549/11/1423 1497/2/1423
f 1490/4/1424 1495/12/1424 1496/5/1424
f 1547/7/1425 1493/14/1425 1494/8/1425
f 1549/11/1427 1491/6/1427 1496/5/1427
f 1548/9/1428 1494/8/1428 1495/12/1428
f 1494/8/1430 1500/17/1430 1501/20/1430
f 1498/3/1432 1497/2/1432 1503/19/1432
f 1495/12/1433 1501/20/1433 1502/16/1433
f 1493/14/1434 1499/22/1434 1500/17/1434
f 1497/2/1436 1496/5/1436 1502/16/1436
f 1503/19/1437 1509/28/1437 1510/23/1437
f 1501/20/16 1507/29/16 1508/24/16
f 1499/22/1438 1505/25/1438 1506/26/1438
f 1502/16/1440 1508/24/1440 1509/28/1440
f 1500/17/1441 1506/26/1441 1507/29/1441
f 1509/28/1443 1515/34/1443 1516/33/1443
f 1507/29/1444 1513/35/1444 1514/38/1444
f 1506/26/1445 1505/25/1445 1511/37/1445
f 1508/24/1447 1514/38/1447 1515/34/1447
f 1507/29/1448 1506/26/1448 1512/31/1448
f 1512/31/1450 1511/37/1450 1517/44/1450
f 1514/38/1452 1520/45/1452 1521/41/1452
f 1513/35/1453 1512/31/1453 1518/46/1453
f 1515/34/1455 1521/41/1455 1522/40/1455
f 1513/35/1456 1519/42/1456 1520/45/1456
f 1521/41/1458 1520/45/1458 1526/53/1458
f 1518/46/1459 1524/48/1459 1525/49/1459
f 1522/40/1461 1521/41/1461 1527/47/1461
f 1519/42/1462 1525/49/1462 1526/53/1462
f 1517/44/1463 1523/51/1463 1524/48/1463
f 1527/47/1464 1526/53/1464 1532/58/1464
f 1524/48/1465 1530/59/1465 1531/62/1465
f 1528/52/1467 1527/47/1467 1533/61/1467
f 1525/49/1468 1531/62/1468 1532/58/1468
f 1523/51/1469 1529/56/1469 1530/59/1469
f 1533/73/1472 1539/64/1472 1540/65/1472
f 1531/66/51 1537/74/51 1538/67/51
f 1530/71/1473 1529/69/1473 1535/76/1473
f 1532/68/1475 1538/67/1475 1539/64/1475
f 1531/66/1476 1530/71/1476 1536/70/1476
f 1539/64/1477 1545/81/1477 1546/80/1477
f 1537/74/1478 1543/82/1478 1544/77/1478
f 1536/70/1479 1535/76/1479 1541/84/1479
f 1538/67/1481 1544/77/1481 1545/81/1481
f 1537/74/1482 1536/70/1482 1542/78/1482
f 1543/82/1484 1490/4/1484 1491/6/1484
f 1542/78/1485 1541/84/1485 1547/7/1485
f 1544/77/1487 1491/6/1487 1549/11/1487
f 1543/82/1488 1542/78/1488 1548/9/1488
f 1545/81/1490 1549/11/1490 1550/1/1490
f 1553/6/1492 1558/5/1492 1559/2/1492
f 1552/4/1493 1610/9/1493 1556/8/1493
f 1611/11/1495 1559/2/1495 1560/3/1495
f 1552/4/1496 1557/12/1496 1558/5/1496
f 1610/9/1497 1609/7/1497 1555/14/1497
f 1556/8/1498 1555/14/1498 1561/22/1498
f 1558/5/1500 1564/16/1500 1565/19/1500
f 1557/12/1501 1556/8/1501 1562/17/1501
f 1559/2/1503 1565/19/1503 1566/15/1503
f 1557/12/1504 1563/20/1504 1564/16/1504
f 1564/16/1506 1570/24/1506 1571/28/1506
f 1562/17/1507 1568/26/1507 1569/29/1507
f 1565/19/1509 1571/28/1509 1572/23/1509
f 1563/20/16 1569/29/16 1570/24/16
f 1562/17/1510 1561/22/1510 1567/25/1510
f 1571/28/1511 1570/24/1511 1576/38/1511
f 1568/26/1512 1574/31/1512 1575/35/1512
f 1572/23/1514 1571/28/1514 1577/34/1514
f 1569/29/1515 1575/35/1515 1576/38/1515
f 1567/25/1516 1573/37/1516 1574/31/1516
f 1578/33/1519 1577/34/1519 1583/41/1519
f 1575/35/1520 1581/42/1520 1582/45/1520
f 1573/37/1521 1579/44/1521 1580/46/1521
f 1577/34/1523 1576/38/1523 1582/45/1523
f 1574/31/1524 1580/46/1524 1581/42/1524
f 1583/41/1525 1589/47/1525 1590/52/1525
f 1581/42/1526 1587/49/1526 1588/53/1526
f 1580/46/1527 1579/44/1527 1585/51/1527
f 1582/45/1529 1588/53/1529 1589/47/1529
f 1581/42/1530 1580/46/1530 1586/48/1530
f 1587/49/1532 1593/62/1532 1594/58/1532
f 1586/48/1533 1585/51/1533 1591/56/1533
f 1588/53/1535 1594/58/1535 1595/61/1535
f 1587/49/1536 1586/48/1536 1592/59/1536
f 1589/47/1538 1595/61/1538 1596/57/1538
f 1594/68/1540 1600/67/1540 1601/64/1540
f 1593/66/1541 1592/71/1541 1598/70/1541
f 1595/73/1543 1601/64/1543 1602/65/1543
f 1593/66/51 1599/74/51 1600/67/51
f 1592/71/1544 1591/69/1544 1597/76/1544
f 1601/64/1546 1600/67/1546 1606/77/1546
f 1598/70/1547 1604/78/1547 1605/82/1547
f 1602/65/1549 1601/64/1549 1607/81/1549
f 1599/74/1550 1605/82/1550 1606/77/1550
f 1597/76/1551 1603/84/1551 1604/78/1551
f 1604/78/1552 1610/9/1552 1552/4/1552
f 1608/80/1554 1607/81/1554 1611/11/1554
f 1605/82/1555 1552/4/1555 1553/6/1555
f 1603/84/1556 1609/7/1556 1610/9/1556
f 1607/81/1558 1606/77/1558 1553/6/1558
f 1614/4/1559 1619/12/1559 1620/5/1559
f 1672/9/1560 1671/7/1560 1617/14/1560
f 1615/6/1562 1620/5/1562 1621/2/1562
f 1614/4/1563 1672/9/1563 1618/8/1563
f 1673/11/1565 1621/2/1565 1622/3/1565
f 1621/2/1566 1627/19/1566 1628/15/1566
f 1619/12/1567 1625/20/1567 1626/16/1567
f 1618/8/1568 1617/14/1568 1623/22/1568
f 1620/5/1570 1626/16/1570 1627/19/1570
f 1619/12/1571 1618/8/1571 1624/17/1571
f 1625/20/16 1631/29/16 1632/24/16
f 1623/22/1573 1629/25/1573 1630/26/1573
f 1626/16/1575 1632/24/1575 1633/28/1575
f 1624/17/1576 1630/26/1576 1631/29/1576
f 1627/19/1578 1633/28/1578 1634/23/1578
f 1633/28/1580 1632/24/1580 1638/38/1580
f 1630/26/1581 1636/31/1581 1637/35/1581
f 1634/23/1583 1633/28/1583 1639/34/1583
f 1631/29/1584 1637/35/1584 1638/38/1584
f 1629/25/1585 1635/37/1585 1636/31/1585
f 1639/34/1587 1638/38/1587 1644/45/1587
f 1636/31/1588 1642/46/1588 1643/42/1588
f 1640/33/1590 1639/34/1590 1645/41/1590
f 1637/35/1591 1643/42/1591 1644/45/1591
f 1635/37/1592 1641/44/1592 1642/46/1592
f 1643/42/1593 1642/46/1593 1648/48/1593
f 1645/41/1595 1651/47/1595 1652/52/1595
f 1643/42/1596 1649/49/1596 1650/53/1596
f 1642/46/1597 1641/44/1597 1647/51/1597
f 1644/45/1599 1650/53/1599 1651/47/1599
f 1651/47/1600 1657/61/1600 1658/57/1600
f 1649/49/1601 1655/62/1601 1656/58/1601
f 1648/48/1602 1647/51/1602 1653/56/1602
f 1650/53/1604 1656/58/1604 1657/61/1604
f 1649/49/1605 1648/48/1605 1654/59/1605
f 1657/73/1607 1663/64/1607 1664/65/1607
f 1655/66/51 1661/74/51 1662/67/51
f 1653/69/1608 1659/76/1608 1660/70/1608
f 1656/68/1610 1662/67/1610 1663/64/1610
f 1654/71/1611 1660/70/1611 1661/74/1611
f 1659/76/1613 1665/84/1613 1666/78/1613
f 1663/64/1615 1662/67/1615 1668/77/1615
f 1660/70/1616 1666/78/1616 1667/82/1616
f 1664/65/1618 1663/64/1618 1669/81/1618
f 1661/74/1619 1667/82/1619 1668/77/1619
f 1669/81/1621 1668/77/1621 1615/6/1621
f 1666/78/1622 1672/9/1622 1614/4/1622
f 1670/80/1624 1669/81/1624 1673/11/1624
f 1667/82/1625 1614/4/1625 1615/6/1625
f 1665/84/1626 1671/7/1626 1672/9/1626
f 1735/11/1627 1683/2/1627 1684/3/1627
f 1676/4/1628 1681/12/1628 1682/5/1628
f 1734/9/1629 1733/7/1629 1679/14/1629
f 1677/6/1631 1682/5/1631 1683/2/1631
f 1676/4/1632 1734/9/1632 1680/8/1632
f 1681/12/1634 1680/8/1634 1686/17/1634
f 1683/2/1636 1689/19/1636 1690/15/1636
f 1681/12/1637 1687/20/1637 1688/16/1637
f 1680/8/1638 1679/14/1638 1685/22/1638
f 1682/5/1640 1688/16/1640 1689/19/1640
f 1689/19/1641 1695/28/1641 1696/23/1641
f 1687/20/16 1693/29/16 1694/24/16
f 1685/22/1642 1691/25/1642 1692/26/1642
f 1689/19/1644 1688/16/1644 1694/24/1644
f 1687/20/1645 1686/17/1645 1692/26/1645
f 1696/23/1647 1695/28/1647 1701/34/1647
f 1693/29/1648 1699/35/1648 1700/38/1648
f 1691/25/1649 1697/37/1649 1698/31/1649
f 1695/28/1651 1694/24/1651 1700/38/1651
f 1692/26/1652 1698/31/1652 1699/35/1652
f 1697/37/1654 1703/44/1654 1704/46/1654
f 1701/34/1656 1700/38/1656 1706/45/1656
f 1698/31/1657 1704/46/1657 1705/42/1657
f 1702/33/1659 1701/34/1659 1707/41/1659
f 1699/35/1660 1705/42/1660 1706/45/1660
f 1706/45/1662 1712/53/1662 1713/47/1662
f 1705/42/1663 1704/46/1663 1710/48/1663
f 1707/41/1665 1713/47/1665 1714/52/1665
f 1705/42/1666 1711/49/1666 1712/53/1666
f 1704/46/1667 1703/44/1667 1709/51/1667
f 1712/53/1668 1718/58/1668 1719/61/1668
f 1711/49/1669 1710/48/1669 1716/59/1669
f 1713/47/1671 1719/61/1671 1720/57/1671
f 1711/49/1672 1717/62/1672 1718/58/1672
f 1710/48/1673 1709/51/1673 1715/56/1673
f 1720/63/1676 1719/73/1676 1725/64/1676
f 1717/66/51 1723/74/51 1724/67/51
f 1715/69/1677 1721/76/1677 1722/70/1677
f 1718/68/1679 1724/67/1679 1725/64/1679
f 1717/66/1680 1716/71/1680 1722/70/1680
f 1726/65/1681 1725/64/1681 1731/81/1681
f 1723/74/1682 1729/82/1682 1730/77/1682
f 1721/76/1683 1727/84/1683 1728/78/1683
f 1725/64/1685 1724/67/1685 1730/77/1685
f 1722/70/1686 1728/78/1686 1729/82/1686
f 1729/82/1688 1676/4/1688 1677/6/1688
f 1727/84/1689 1733/7/1689 1734/9/1689
f 1731/81/1691 1730/77/1691 1677/6/1691
f 1728/78/1692 1734/9/1692 1676/4/1692
f 1732/80/1694 1731/81/1694 1735/11/1694
f 1797/11/1696 1739/6/1696 1744/5/1696
f 1796/9/1697 1742/8/1697 1743/12/1697
f 1798/1/1699 1797/11/1699 1745/2/1699
f 1738/4/1700 1743/12/1700 1744/5/1700
f 1795/7/1701 1741/14/1701 1742/8/1701
f 1741/14/1702 1747/22/1702 1748/17/1702
f 1745/2/1704 1744/5/1704 1750/16/1704
f 1742/8/1705 1748/17/1705 1749/20/1705
f 1746/3/1707 1745/2/1707 1751/19/1707
f 1743/12/1708 1749/20/1708 1750/16/1708
f 1750/16/1710 1756/24/1710 1757/28/1710
f 1748/17/1711 1754/26/1711 1755/29/1711
f 1751/19/1713 1757/28/1713 1758/23/1713
f 1749/20/16 1755/29/16 1756/24/16
f 1747/22/1714 1753/25/1714 1754/26/1714
f 1756/24/1715 1762/38/1715 1763/34/1715
f 1755/29/1716 1754/26/1716 1760/31/1716
f 1757/28/1718 1763/34/1718 1764/33/1718
f 1755/29/1719 1761/35/1719 1762/38/1719
f 1754/26/1720 1753/25/1720 1759/37/1720
f 1763/34/1723 1769/41/1723 1770/40/1723
f 1761/35/1724 1767/42/1724 1768/45/1724
f 1760/31/1725 1759/37/1725 1765/44/1725
f 1762/38/1727 1768/45/1727 1769/41/1727
f 1761/35/1728 1760/31/1728 1766/46/1728
f 1770/40/1729 1769/41/1729 1775/47/1729
f 1767/42/1730 1773/49/1730 1774/53/1730
f 1765/44/1731 1771/51/1731 1772/48/1731
f 1769/41/1733 1768/45/1733 1774/53/1733
f 1766/46/1734 1772/48/1734 1773/49/1734
f 1773/49/1736 1779/62/1736 1780/58/1736
f 1771/51/1737 1777/56/1737 1778/59/1737
f 1775/47/1739 1774/53/1739 1780/58/1739
f 1772/48/1740 1778/59/1740 1779/62/1740
f 1776/52/1742 1775/47/1742 1781/61/1742
f 1780/68/1744 1786/67/1744 1787/64/1744
f 1778/71/1745 1784/70/1745 1785/74/1745
f 1781/73/1747 1787/64/1747 1788/65/1747
f 1779/66/51 1785/74/51 1786/67/51
f 1777/69/1748 1783/76/1748 1784/70/1748
f 1786/67/1750 1792/77/1750 1793/81/1750
f 1785/74/1751 1784/70/1751 1790/78/1751
f 1787/64/1753 1793/81/1753 1794/80/1753
f 1785/74/1754 1791/82/1754 1792/77/1754
f 1784/70/1755 1783/76/1755 1789/84/1755
f 1791/82/1756 1790/78/1756 1796/9/1756
f 1793/81/1758 1797/11/1758 1798/1/1758
f 1791/82/1759 1738/4/1759 1739/6/1759
f 1790/78/1760 1789/84/1760 1795/7/1760
f 1792/77/1762 1739/6/1762 1797/11/1762
f 1800/4/1763 1805/12/1763 1806/5/1763
f 1858/9/1764 1857/7/1764 1803/14/1764
f 1801/6/1766 1806/5/1766 1807/2/1766
f 1800/4/1767 1858/9/1767 1804/8/1767
f 1859/11/1769 1807/2/1769 1808/3/1769
f 1807/2/1770 1813/19/1770 1814/15/1770
f 1805/12/1771 1811/20/1771 1812/16/1771
f 1804/8/1772 1803/14/1772 1809/22/1772
f 1806/5/1774 1812/16/1774 1813/19/1774
f 1805/12/1775 1804/8/1775 1810/17/1775
f 1811/20/16 1817/29/16 1818/24/16
f 1810/17/1777 1809/22/1777 1815/25/1777
f 1812/16/1779 1818/24/1779 1819/28/1779
f 1810/17/1780 1816/26/1780 1817/29/1780
f 1813/19/1782 1819/28/1782 1820/23/1782
f 1819/28/1784 1818/24/1784 1824/38/1784
f 1816/26/1785 1822/31/1785 1823/35/1785
f 1820/23/1787 1819/28/1787 1825/34/1787
f 1817/29/1788 1823/35/1788 1824/38/1788
f 1815/25/1789 1821/37/1789 1822/31/1789
f 1825/34/1791 1824/38/1791 1830/45/1791
f 1822/31/1792 1828/46/1792 1829/42/1792
f 1826/33/1794 1825/34/1794 1831/41/1794
f 1823/35/1795 1829/42/1795 1830/45/1795
f 1821/37/1796 1827/44/1796 1828/46/1796
f 1829/42/1797 1828/46/1797 1834/48/1797
f 1831/41/1799 1837/47/1799 1838/52/1799
f 1829/42/1800 1835/49/1800 1836/53/1800
f 1828/46/1801 1827/44/1801 1833/51/1801
f 1830/45/1803 1836/53/1803 1837/47/1803
f 1837/47/1804 1843/61/1804 1844/57/1804
f 1835/49/1805 1841/62/1805 1842/58/1805
f 1834/48/1806 1833/51/1806 1839/56/1806
f 1836/53/1808 1842/58/1808 1843/61/1808
f 1835/49/1809 1834/48/1809 1840/59/1809
f 1843/73/1811 1849/64/1811 1850/65/1811
f 1841/66/51 1847/74/51 1848/67/51
f 1839/69/1812 1845/76/1812 1846/70/1812
f 1842/68/1814 1848/67/1814 1849/64/1814
f 1841/66/1815 1840/71/1815 1846/70/1815
f 1845/76/1817 1851/84/1817 1852/78/1817
f 1849/64/1819 1848/67/1819 1854/77/1819
f 1846/70/1820 1852/78/1820 1853/82/1820
f 1850/65/1822 1849/64/1822 1855/81/1822
f 1847/74/1823 1853/82/1823 1854/77/1823
f 1855/81/1825 1854/77/1825 1801/6/1825
f 1852/78/1826 1858/9/1826 1800/4/1826
f 1856/80/1828 1855/81/1828 1859/11/1828
f 1853/82/1829 1800/4/1829 1801/6/1829
f 1851/84/1830 1857/7/1830 1858/9/1830
f 1862/4/1831 1920/9/1831 1866/8/1831
f 1921/11/1833 1869/2/1833 1870/3/1833
f 1862/4/1834 1867/12/1834 1868/5/1834
f 1920/9/1835 1919/7/1835 1865/14/1835
f 1863/6/1837 1868/5/1837 1869/2/1837
f 1868/5/1839 1874/16/1839 1875/19/1839
f 1867/12/1840 1866/8/1840 1872/17/1840
f 1869/2/1842 1875/19/1842 1876/15/1842
f 1867/12/1843 1873/20/1843 1874/16/1843
f 1866/8/1844 1865/14/1844 1871/22/1844
f 1872/17/1845 1878/26/1845 1879/29/1845
f 1876/15/1847 1875/19/1847 1881/28/1847
f 1873/20/16 1879/29/16 1880/24/16
f 1871/22/1848 1877/25/1848 1878/26/1848
f 1874/16/1850 1880/24/1850 1881/28/1850
f 1882/23/1851 1881/28/1851 1887/34/1851
f 1879/29/1852 1885/35/1852 1886/38/1852
f 1877/25/1853 1883/37/1853 1884/31/1853
f 1881/28/1855 1880/24/1855 1886/38/1855
f 1878/26/1856 1884/31/1856 1885/35/1856
f 1888/33/1858 1887/34/1858 1893/41/1858
f 1885/35/1859 1891/42/1859 1892/45/1859
f 1883/37/1860 1889/44/1860 1890/46/1860
f 1887/34/1862 1886/38/1862 1892/45/1862
f 1884/31/1863 1890/46/1863 1891/42/1863
f 1890/46/1865 1889/44/1865 1895/51/1865
f 1892/45/1867 1898/53/1867 1899/47/1867
f 1891/42/1868 1890/46/1868 1896/48/1868
f 1893/41/1870 1899/47/1870 1900/52/1870
f 1891/42/1871 1897/49/1871 1898/53/1871
f 1898/53/1873 1904/58/1873 1905/61/1873
f 1897/49/1874 1896/48/1874 1902/59/1874
f 1899/47/1876 1905/61/1876 1906/57/1876
f 1897/49/1877 1903/62/1877 1904/58/1877
f 1896/48/1878 1895/51/1878 1901/56/1878
f 1904/68/1879 1910/67/1879 1911/64/1879
f 1903/66/1880 1902/71/1880 1908/70/1880
f 1905/73/1882 1911/64/1882 1912/65/1882
f 1903/66/51 1909/74/51 1910/67/51
f 1902/71/1883 1901/69/1883 1907/76/1883
f 1912/65/1886 1911/64/1886 1917/81/1886
f 1909/74/1887 1915/82/1887 1916/77/1887
f 1907/76/1888 1913/84/1888 1914/78/1888
f 1911/64/1890 1910/67/1890 1916/77/1890
f 1908/70/1891 1914/78/1891 1915/82/1891
f 1918/80/1892 1917/81/1892 1921/11/1892
f 1915/82/1893 1862/4/1893 1863/6/1893
f 1913/84/1894 1919/7/1894 1920/9/1894
f 1917/81/1896 1916/77/1896 1863/6/1896
f 1914/78/1897 1920/9/1897 1862/4/1897
f 1924/4/1899 1982/9/1899 1928/8/1899
f 1983/11/1901 1931/2/1901 1932/3/1901
f 1924/4/1902 1929/12/1902 1930/5/1902
f 1982/9/1903 1981/7/1903 1927/14/1903
f 1925/6/1905 1930/5/1905 1931/2/1905
f 1930/5/1907 1936/16/1907 1937/19/1907
f 1929/12/1908 1928/8/1908 1934/17/1908
f 1931/2/1910 1937/19/1910 1938/15/1910
f 1929/12/1911 1935/20/1911 1936/16/1911
f 1928/8/1912 1927/14/1912 1933/22/1912
f 1934/17/1913 1940/26/1913 1941/29/1913
f 1937/19/1915 1943/28/1915 1944/23/1915
f 1935/20/16 1941/29/16 1942/24/16
f 1933/22/1916 1939/25/1916 1940/26/1916
f 1936/16/1918 1942/24/1918 1943/28/1918
f 1944/23/1919 1943/28/1919 1949/34/1919
f 1941/29/1920 1947/35/1920 1948/38/1920
f 1939/25/1921 1945/37/1921 1946/31/1921
f 1943/28/1923 1942/24/1923 1948/38/1923
f 1940/26/1924 1946/31/1924 1947/35/1924
f 1950/33/1926 1949/34/1926 1955/41/1926
f 1947/35/1927 1953/42/1927 1954/45/1927
f 1945/37/1928 1951/44/1928 1952/46/1928
f 1949/34/1930 1948/38/1930 1954/45/1930
f 1946/31/1931 1952/46/1931 1953/42/1931
f 1952/46/1933 1951/44/1933 1957/51/1933
f 1954/45/1935 1960/53/1935 1961/47/1935
f 1953/42/1936 1952/46/1936 1958/48/1936
f 1955/41/1938 1961/47/1938 1962/52/1938
f 1953/42/1939 1959/49/1939 1960/53/1939
f 1960/53/1941 1966/58/1941 1967/61/1941
f 1959/49/1942 1958/48/1942 1964/59/1942
f 1961/47/1944 1967/61/1944 1968/57/1944
f 1959/49/1945 1965/62/1945 1966/58/1945
f 1958/48/1946 1957/51/1946 1963/56/1946
f 1966/68/1947 1972/67/1947 1973/64/1947
f 1965/66/1948 1964/71/1948 1970/70/1948
f 1967/73/1950 1973/64/1950 1974/65/1950
f 1965/66/51 1971/74/51 1972/67/51
f 1963/69/1951 1969/76/1951 1970/70/1951
f 1974/65/1954 1973/64/1954 1979/81/1954
f 1971/74/1955 1977/82/1955 1978/77/1955
f 1969/76/1956 1975/84/1956 1976/78/1956
f 1973/64/1958 1972/67/1958 1978/77/1958
f 1970/70/1959 1976/78/1959 1977/82/1959
f 1980/80/1960 1979/81/1960 1983/11/1960
f 1977/82/1961 1924/4/1961 1925/6/1961
f 1975/84/1962 1981/7/1962 1982/9/1962
f 1979/81/1964 1978/77/1964 1925/6/1964
f 1976/78/1965 1982/9/1965 1924/4/1965
f 1986/4/1967 2044/9/1967 1990/8/1967
f 2045/11/1969 1993/2/1969 1994/3/1969
f 1986/4/1970 1991/12/1970 1992/5/1970
f 2044/9/1971 2043/7/1971 1989/14/1971
f 1987/6/1973 1992/5/1973 1993/2/1973
f 1992/5/1975 1998/16/1975 1999/19/1975
f 1991/12/1976 1990/8/1976 1996/17/1976
f 1993/2/1978 1999/19/1978 2000/15/1978
f 1991/12/1979 1997/20/1979 1998/16/1979
f 1990/8/1980 1989/14/1980 1995/22/1980
f 1997/20/1981 1996/17/1981 2002/26/1981
f 1999/19/1983 2005/28/1983 2006/23/1983
f 1997/20/16 2003/29/16 2004/24/16
f 1995/22/1984 2001/25/1984 2002/26/1984
f 1998/16/1986 2004/24/1986 2005/28/1986
f 2006/23/1987 2005/28/1987 2011/34/1987
f 2003/29/1988 2009/35/1988 2010/38/1988
f 2001/25/1989 2007/37/1989 2008/31/1989
f 2005/28/1991 2004/24/1991 2010/38/1991
f 2002/26/1992 2008/31/1992 2009/35/1992
f 2012/33/1994 2011/34/1994 2017/41/1994
f 2009/35/1995 2015/42/1995 2016/45/1995
f 2007/37/1996 2013/44/1996 2014/46/1996
f 2011/34/1998 2010/38/1998 2016/45/1998
f 2008/31/1999 2014/46/1999 2015/42/1999
f 2014/46/2001 2013/44/2001 2019/51/2001
f 2016/45/2003 2022/53/2003 2023/47/2003
f 2015/42/2004 2014/46/2004 2020/48/2004
f 2017/41/2006 2023/47/2006 2024/52/2006
f 2015/42/2007 2021/49/2007 2022/53/2007
f 2022/53/2009 2028/58/2009 2029/61/2009
f 2021/49/2010 2020/48/2010 2026/59/2010
f 2023/47/2012 2029/61/2012 2030/57/2012
f 2021/49/2013 2027/62/2013 2028/58/2013
f 2020/48/2014 2019/51/2014 2025/56/2014
f 2028/68/2015 2034/67/2015 2035/64/2015
f 2027/66/2016 2026/71/2016 2032/70/2016
f 2030/63/2018 2029/73/2018 2035/64/2018
f 2027/66/51 2033/74/51 2034/67/51
f 2025/69/2019 2031/76/2019 2032/70/2019
f 2036/65/2022 2035/64/2022 2041/81/2022
f 2033/74/2023 2039/82/2023 2040/77/2023
f 2031/76/2024 2037/84/2024 2038/78/2024
f 2035/64/2026 2034/67/2026 2040/77/2026
f 2032/70/2027 2038/78/2027 2039/82/2027
f 2042/80/2028 2041/81/2028 2045/11/2028
f 2039/82/2029 1986/4/2029 1987/6/2029
f 2037/84/2030 2043/7/2030 2044/9/2030
f 2041/81/2032 2040/77/2032 1987/6/2032
f 2038/78/2033 2044/9/2033 1986/4/2033
f 2049/6/2036 2054/5/2036 2055/2/2036
f 2048/4/2037 2106/9/2037 2052/8/2037
f 2107/11/2039 2055/2/2039 2056/3/2039
f 2048/4/2040 2053/12/2040 2054/5/2040
f 2106/9/2041 2105/7/2041 2051/14/2041
f 2054/5/2043 2060/16/2043 2061/19/2043
f 2053/12/2044 2052/8/2044 2058/17/2044
f 2055/2/2046 2061/19/2046 2062/15/2046
f 2053/12/2047 2059/20/2047 2060/16/2047
f 2052/8/2048 2051/14/2048 2057/22/2048
f 2060/16/2050 2066/24/2050 2067/28/2050
f 2058/17/2051 2064/26/2051 2065/29/2051
f 2061/19/2053 2067/28/2053 2068/23/2053
f 2059/20/16 2065/29/16 2066/24/16
f 2057/22/2054 2063/25/2054 2064/26/2054
f 2064/26/2055 2070/31/2055 2071/35/2055
f 2068/23/2057 2067/28/2057 2073/34/2057
f 2065/29/2058 2071/35/2058 2072/38/2058
f 2063/25/2059 2069/37/2059 2070/31/2059
f 2067/28/2061 2066/24/2061 2072/38/2061
f 2074/33/2062 2073/34/2062 2079/41/2062
f 2071/35/2063 2077/42/2063 2078/45/2063
f 2069/37/2064 2075/44/2064 2076/46/2064
f 2073/34/2066 2072/38/2066 2078/45/2066
f 2070/31/2067 2076/46/2067 2077/42/2067
f 2079/41/2069 2085/47/2069 2086/52/2069
f 2077/42/2070 2083/49/2070 2084/53/2070
f 2076/46/2071 2075/44/2071 2081/51/2071
f 2078/45/2073 2084/53/2073 2085/47/2073
f 2077/42/2074 2076/46/2074 2082/48/2074
f 2082/48/2076 2081/51/2076 2087/56/2076
f 2084/53/2078 2090/58/2078 2091/61/2078
f 2083/49/2079 2082/48/2079 2088/59/2079
f 2085/47/2081 2091/61/2081 2092/57/2081
f 2083/49/2082 2089/62/2082 2090/58/2082
f 2090/68/2084 2096/67/2084 2097/64/2084
f 2089/66/2085 2088/71/2085 2094/70/2085
f 2092/63/2087 2091/73/2087 2097/64/2087
f 2089/66/51 2095/74/51 2096/67/51
f 2087/69/2088 2093/76/2088 2094/70/2088
f 2097/64/2089 2096/67/2089 2102/77/2089
f 2094/70/2090 2100/78/2090 2101/82/2090
f 2098/65/2092 2097/64/2092 2103/81/2092
f 2095/74/2093 2101/82/2093 2102/77/2093
f 2093/76/2094 2099/84/2094 2100/78/2094
f 2104/80/2097 2103/81/2097 2107/11/2097
f 2101/82/2098 2048/4/2098 2049/6/2098
f 2099/84/2099 2105/7/2099 2106/9/2099
f 2103/81/2101 2102/77/2101 2049/6/2101
f 2100/78/2102 2106/9/2102 2048/4/2102
f 2111/6/2104 2116/5/2104 2117/2/2104
f 2110/4/2105 2168/9/2105 2114/8/2105
f 2169/11/2107 2117/2/2107 2118/3/2107
f 2110/4/2108 2115/12/2108 2116/5/2108
f 2168/9/2109 2167/7/2109 2113/14/2109
f 2116/5/2111 2122/16/2111 2123/19/2111
f 2115/12/2112 2114/8/2112 2120/17/2112
f 2117/2/2114 2123/19/2114 2124/15/2114
f 2115/12/2115 2121/20/2115 2122/16/2115
f 2114/8/2116 2113/14/2116 2119/22/2116
f 2122/16/2118 2128/24/2118 2129/28/2118
f 2121/20/2119 2120/17/2119 2126/26/2119
f 2123/19/2121 2129/28/2121 2130/23/2121
f 2121/20/16 2127/29/16 2128/24/16
f 2119/22/2122 2125/25/2122 2126/26/2122
f 2126/26/2123 2132/31/2123 2133/35/2123
f 2130/23/2125 2129/28/2125 2135/34/2125
f 2127/29/2126 2133/35/2126 2134/38/2126
f 2125/25/2127 2131/37/2127 2132/31/2127
f 2129/28/2129 2128/24/2129 2134/38/2129
f 2136/33/2130 2135/34/2130 2141/41/2130
f 2133/35/2131 2139/42/2131 2140/45/2131
f 2131/37/2132 2137/44/2132 2138/46/2132
f 2135/34/2134 2134/38/2134 2140/45/2134
f 2132/31/2135 2138/46/2135 2139/42/2135
f 2141/41/2137 2147/47/2137 2148/52/2137
f 2139/42/2138 2145/49/2138 2146/53/2138
f 2138/46/2139 2137/44/2139 2143/51/2139
f 2140/45/2141 2146/53/2141 2147/47/2141
f 2139/42/2142 2138/46/2142 2144/48/2142
f 2144/48/2144 2143/51/2144 2149/56/2144
f 2146/53/2146 2152/58/2146 2153/61/2146
f 2145/49/2147 2144/48/2147 2150/59/2147
f 2147/47/2149 2153/61/2149 2154/57/2149
f 2145/49/2150 2151/62/2150 2152/58/2150
f 2152/68/2152 2158/67/2152 2159/64/2152
f 2150/71/2153 2156/70/2153 2157/74/2153
f 2153/73/2155 2159/64/2155 2160/65/2155
f 2151/66/51 2157/74/51 2158/67/51
f 2149/69/2156 2155/76/2156 2156/70/2156
f 2159/64/2157 2158/67/2157 2164/77/2157
f 2156/70/2158 2162/78/2158 2163/82/2158
f 2160/65/2160 2159/64/2160 2165/81/2160
f 2157/74/2161 2163/82/2161 2164/77/2161
f 2155/76/2162 2161/84/2162 2162/78/2162
f 2166/80/2165 2165/81/2165 2169/11/2165
f 2163/82/2166 2110/4/2166 2111/6/2166
f 2161/84/2167 2167/7/2167 2168/9/2167
f 2165/81/2169 2164/77/2169 2111/6/2169
f 2162/78/2170 2168/9/2170 2110/4/2170
f 2173/6/2172 2178/5/2172 2179/2/2172
f 2172/4/2173 2230/9/2173 2176/8/2173
f 2231/11/2175 2179/2/2175 2180/3/2175
f 2172/4/2176 2177/12/2176 2178/5/2176
f 2230/9/2177 2229/7/2177 2175/14/2177
f 2177/12/2178 2183/20/2178 2184/16/2178
f 2176/8/2179 2175/14/2179 2181/22/2179
f 2178/5/2181 2184/16/2181 2185/19/2181
f 2177/12/2182 2176/8/2182 2182/17/2182
f 2179/2/2184 2185/19/2184 2186/15/2184
f 2184/16/2186 2190/24/2186 2191/28/2186
f 2182/17/2187 2188/26/2187 2189/29/2187
f 2186/15/2189 2185/19/2189 2191/28/2189
f 2183/20/16 2189/29/16 2190/24/16
f 2181/22/2190 2187/25/2190 2188/26/2190
f 2191/28/2192 2190/24/2192 2196/38/2192
f 2188/26/2193 2194/31/2193 2195/35/2193
f 2192/23/2195 2191/28/2195 2197/34/2195
f 2189/29/2196 2195/35/2196 2196/38/2196
f 2187/25/2197 2193/37/2197 2194/31/2197
f 2194/31/2198 2200/46/2198 2201/42/2198
f 2198/33/2200 2197/34/2200 2203/41/2200
f 2195/35/2201 2201/42/2201 2202/45/2201
f 2193/37/2202 2199/44/2202 2200/46/2202
f 2197/34/2204 2196/38/2204 2202/45/2204
f 2203/41/2205 2209/47/2205 2210/52/2205
f 2201/42/2206 2207/49/2206 2208/53/2206
f 2200/46/2207 2199/44/2207 2205/51/2207
f 2202/45/2209 2208/53/2209 2209/47/2209
f 2201/42/2210 2200/46/2210 2206/48/2210
f 2209/47/2212 2215/61/2212 2216/57/2212
f 2207/49/2213 2213/62/2213 2214/58/2213
f 2206/48/2214 2205/51/2214 2211/56/2214
f 2208/53/2216 2214/58/2216 2215/61/2216
f 2207/49/2217 2206/48/2217 2212/59/2217
f 2211/69/2219 2217/76/2219 2218/70/2219
f 2214/68/2221 2220/67/2221 2221/64/2221
f 2213/66/2222 2212/71/2222 2218/70/2222
f 2216/63/2224 2215/73/2224 2221/64/2224
f 2213/66/51 2219/74/51 2220/67/51
f 2221/64/2226 2220/67/2226 2226/77/2226
f 2218/70/2227 2224/78/2227 2225/82/2227
f 2222/65/2229 2221/64/2229 2227/81/2229
f 2219/74/2230 2225/82/2230 2226/77/2230
f 2217/76/2231 2223/84/2231 2224/78/2231
f 2227/81/2232 2226/77/2232 2173/6/2232
f 2224/78/2233 2230/9/2233 2172/4/2233
f 2228/80/2235 2227/81/2235 2231/11/2235
f 2225/82/2236 2172/4/2236 2173/6/2236
f 2223/84/2237 2229/7/2237 2230/9/2237
f 2235/6/2240 2240/5/2240 2241/2/2240
f 2234/4/2241 2292/9/2241 2238/8/2241
f 2293/11/2243 2241/2/2243 2242/3/2243
f 2234/4/2244 2239/12/2244 2240/5/2244
f 2292/9/2245 2291/7/2245 2237/14/2245
f 2239/12/2246 2245/20/2246 2246/16/2246
f 2238/8/2247 2237/14/2247 2243/22/2247
f 2240/5/2249 2246/16/2249 2247/19/2249
f 2239/12/2250 2238/8/2250 2244/17/2250
f 2241/2/2252 2247/19/2252 2248/15/2252
f 2246/16/2254 2252/24/2254 2253/28/2254
f 2245/20/2255 2244/17/2255 2250/26/2255
f 2247/19/2257 2253/28/2257 2254/23/2257
f 2245/20/16 2251/29/16 2252/24/16
f 2244/17/2258 2243/22/2258 2249/25/2258
f 2253/28/2260 2252/24/2260 2258/38/2260
f 2250/26/2261 2256/31/2261 2257/35/2261
f 2254/23/2263 2253/28/2263 2259/34/2263
f 2251/29/2264 2257/35/2264 2258/38/2264
f 2249/25/2265 2255/37/2265 2256/31/2265
f 2256/31/2266 2262/46/2266 2263/42/2266
f 2260/33/2268 2259/34/2268 2265/41/2268
f 2257/35/2269 2263/42/2269 2264/45/2269
f 2255/37/2270 2261/44/2270 2262/46/2270
f 2259/34/2272 2258/38/2272 2264/45/2272
f 2265/41/2273 2271/47/2273 2272/52/2273
f 2263/42/2274 2269/49/2274 2270/53/2274
f 2262/46/2275 2261/44/2275 2267/51/2275
f 2264/45/2277 2270/53/2277 2271/47/2277
f 2263/42/2278 2262/46/2278 2268/48/2278
f 2271/47/2280 2277/61/2280 2278/57/2280
f 2269/49/2281 2275/62/2281 2276/58/2281
f 2268/48/2282 2267/51/2282 2273/56/2282
f 2270/53/2284 2276/58/2284 2277/61/2284
f 2269/49/2285 2268/48/2285 2274/59/2285
f 2274/71/2287 2273/69/2287 2279/76/2287
f 2276/68/2289 2282/67/2289 2283/64/2289
f 2275/66/2290 2274/71/2290 2280/70/2290
f 2277/73/2292 2283/64/2292 2284/65/2292
f 2275/66/51 2281/74/51 2282/67/51
f 2283/64/2294 2282/67/2294 2288/77/2294
f 2280/70/2295 2286/78/2295 2287/82/2295
f 2284/65/2297 2283/64/2297 2289/81/2297
f 2281/74/2298 2287/82/2298 2288/77/2298
f 2279/76/2299 2285/84/2299 2286/78/2299
f 2289/81/2300 2288/77/2300 2235/6/2300
f 2286/78/2301 2292/9/2301 2234/4/2301
f 2290/80/2303 2289/81/2303 2293/11/2303
f 2287/82/2304 2234/4/2304 2235/6/2304
f 2285/84/2305 2291/7/2305 2292/9/2305
f 2296/4/2307 2301/12/2307 2302/5/2307
f 2354/9/2308 2353/7/2308 2299/14/2308
f 2297/6/2310 2302/5/2310 2303/2/2310
f 2296/4/2311 2354/9/2311 2300/8/2311
f 2355/11/2313 2303/2/2313 2304/3/2313
f 2303/2/2314 2309/19/2314 2310/15/2314
f 2301/12/2315 2307/20/2315 2308/16/2315
f 2300/8/2316 2299/14/2316 2305/22/2316
f 2302/5/2318 2308/16/2318 2309/19/2318
f 2301/12/2319 2300/8/2319 2306/17/2319
f 2307/20/16 2313/29/16 2314/24/16
f 2305/22/2321 2311/25/2321 2312/26/2321
f 2308/16/2323 2314/24/2323 2315/28/2323
f 2306/17/2324 2312/26/2324 2313/29/2324
f 2309/19/2326 2315/28/2326 2316/23/2326
f 2315/28/2328 2314/24/2328 2320/38/2328
f 2312/26/2329 2318/31/2329 2319/35/2329
f 2316/23/2331 2315/28/2331 2321/34/2331
f 2313/29/2332 2319/35/2332 2320/38/2332
f 2311/25/2333 2317/37/2333 2318/31/2333
f 2321/34/2335 2320/38/2335 2326/45/2335
f 2318/31/2336 2324/46/2336 2325/42/2336
f 2322/33/2338 2321/34/2338 2327/41/2338
f 2319/35/2339 2325/42/2339 2326/45/2339
f 2317/37/2340 2323/44/2340 2324/46/2340
f 2325/42/2341 2324/46/2341 2330/48/2341
f 2327/41/2343 2333/47/2343 2334/52/2343
f 2325/42/2344 2331/49/2344 2332/53/2344
f 2324/46/2345 2323/44/2345 2329/51/2345
f 2326/45/2347 2332/53/2347 2333/47/2347
f 2333/47/2348 2339/61/2348 2340/57/2348
f 2331/49/2349 2337/62/2349 2338/58/2349
f 2330/48/2350 2329/51/2350 2335/56/2350
f 2332/53/2352 2338/58/2352 2339/61/2352
f 2331/49/2353 2330/48/2353 2336/59/2353
f 2339/73/2355 2345/64/2355 2346/65/2355
f 2337/66/51 2343/74/51 2344/67/51
f 2336/71/2356 2335/69/2356 2341/76/2356
f 2338/68/2358 2344/67/2358 2345/64/2358
f 2337/66/2359 2336/71/2359 2342/70/2359
f 2341/76/2361 2347/84/2361 2348/78/2361
f 2345/64/2363 2344/67/2363 2350/77/2363
f 2342/70/2364 2348/78/2364 2349/82/2364
f 2346/65/2366 2345/64/2366 2351/81/2366
f 2343/74/2367 2349/82/2367 2350/77/2367
f 2351/81/2369 2350/77/2369 2297/6/2369
f 2348/78/2370 2354/9/2370 2296/4/2370
f 2352/80/2372 2351/81/2372 2355/11/2372
f 2349/82/2373 2296/4/2373 2297/6/2373
f 2347/84/2374 2353/7/2374 2354/9/2374
f 2358/4/2375 2363/12/2375 2364/5/2375
f 2416/9/2376 2415/7/2376 2361/14/2376
f 2359/6/2378 2364/5/2378 2365/2/2378
f 2358/4/2379 2416/9/2379 2362/8/2379
f 2417/11/2381 2365/2/2381 2366/3/2381
f 2365/2/2382 2371/19/2382 2372/15/2382
f 2363/12/2383 2369/20/2383 2370/16/2383
f 2362/8/2384 2361/14/2384 2367/22/2384
f 2364/5/2386 2370/16/2386 2371/19/2386
f 2363/12/2387 2362/8/2387 2368/17/2387
f 2369/20/16 2375/29/16 2376/24/16
f 2367/22/2389 2373/25/2389 2374/26/2389
f 2370/16/2391 2376/24/2391 2377/28/2391
f 2369/20/2392 2368/17/2392 2374/26/2392
f 2371/19/2394 2377/28/2394 2378/23/2394
f 2377/28/2396 2376/24/2396 2382/38/2396
f 2374/26/2397 2380/31/2397 2381/35/2397
f 2378/23/2399 2377/28/2399 2383/34/2399
f 2375/29/2400 2381/35/2400 2382/38/2400
f 2373/25/2401 2379/37/2401 2380/31/2401
f 2383/34/2403 2382/38/2403 2388/45/2403
f 2380/31/2404 2386/46/2404 2387/42/2404
f 2384/33/2406 2383/34/2406 2389/41/2406
f 2381/35/2407 2387/42/2407 2388/45/2407
f 2379/37/2408 2385/44/2408 2386/46/2408
f 2387/42/2409 2386/46/2409 2392/48/2409
f 2389/41/2411 2395/47/2411 2396/52/2411
f 2387/42/2412 2393/49/2412 2394/53/2412
f 2386/46/2413 2385/44/2413 2391/51/2413
f 2388/45/2415 2394/53/2415 2395/47/2415
f 2395/47/2416 2401/61/2416 2402/57/2416
f 2393/49/2417 2399/62/2417 2400/58/2417
f 2392/48/2418 2391/51/2418 2397/56/2418
f 2394/53/2420 2400/58/2420 2401/61/2420
f 2393/49/2421 2392/48/2421 2398/59/2421
f 2401/73/2423 2407/64/2423 2408/65/2423
f 2399/66/51 2405/74/51 2406/67/51
f 2397/69/2424 2403/76/2424 2404/70/2424
f 2400/68/2426 2406/67/2426 2407/64/2426
f 2399/66/2427 2398/71/2427 2404/70/2427
f 2403/76/2429 2409/84/2429 2410/78/2429
f 2407/64/2431 2406/67/2431 2412/77/2431
f 2404/70/2432 2410/78/2432 2411/82/2432
f 2408/65/2434 2407/64/2434 2413/81/2434
f 2405/74/2435 2411/82/2435 2412/77/2435
f 2413/81/2437 2412/77/2437 2359/6/2437
f 2410/78/2438 2416/9/2438 2358/4/2438
f 2414/80/2440 2413/81/2440 2417/11/2440
f 2411/82/2441 2358/4/2441 2359/6/2441
f 2409/84/2442 2415/7/2442 2416/9/2442
f 2480/1/2443 2479/11/2443 2427/2/2443
f 2420/4/2444 2425/12/2444 2426/5/2444
f 2477/7/2445 2423/14/2445 2424/8/2445
f 2479/11/2447 2421/6/2447 2426/5/2447
f 2478/9/2448 2424/8/2448 2425/12/2448
f 2428/3/2451 2427/2/2451 2433/19/2451
f 2425/12/2452 2431/20/2452 2432/16/2452
f 2423/14/2453 2429/22/2453 2430/17/2453
f 2427/2/2455 2426/5/2455 2432/16/2455
f 2424/8/2456 2430/17/2456 2431/20/2456
f 2433/19/2457 2439/28/2457 2440/23/2457
f 2431/20/16 2437/29/16 2438/24/16
f 2429/22/2458 2435/25/2458 2436/26/2458
f 2432/16/2460 2438/24/2460 2439/28/2460
f 2430/17/2461 2436/26/2461 2437/29/2461
f 2437/29/2463 2443/35/2463 2444/38/2463
f 2436/26/2464 2435/25/2464 2441/37/2464
f 2438/24/2466 2444/38/2466 2445/34/2466
f 2437/29/2467 2436/26/2467 2442/31/2467
f 2439/28/2469 2445/34/2469 2446/33/2469
f 2444/38/2471 2450/45/2471 2451/41/2471
f 2443/35/2472 2442/31/2472 2448/46/2472
f 2445/34/2474 2451/41/2474 2452/40/2474
f 2443/35/2475 2449/42/2475 2450/45/2475
f 2442/31/2476 2441/37/2476 2447/44/2476
f 2451/41/2478 2450/45/2478 2456/53/2478
f 2448/46/2479 2454/48/2479 2455/49/2479
f 2452/40/2481 2451/41/2481 2457/47/2481
f 2449/42/2482 2455/49/2482 2456/53/2482
f 2447/44/2483 2453/51/2483 2454/48/2483
f 2454/48/2484 2460/59/2484 2461/62/2484
f 2458/52/2486 2457/47/2486 2463/61/2486
f 2455/49/2487 2461/62/2487 2462/58/2487
f 2453/51/2488 2459/56/2488 2460/59/2488
f 2457/47/2490 2456/53/2490 2462/58/2490
f 2463/73/2491 2469/64/2491 2470/65/2491
f 2461/66/51 2467/74/51 2468/67/51
f 2460/71/2492 2459/69/2492 2465/76/2492
f 2462/68/2494 2468/67/2494 2469/64/2494
f 2461/66/2495 2460/71/2495 2466/70/2495
f 2469/64/2497 2475/81/2497 2476/80/2497
f 2467/74/2498 2473/82/2498 2474/77/2498
f 2466/70/2499 2465/76/2499 2471/84/2499
f 2468/67/2501 2474/77/2501 2475/81/2501
f 2467/74/2502 2466/70/2502 2472/78/2502
f 2472/78/2504 2471/84/2504 2477/7/2504
f 2474/77/2506 2421/6/2506 2479/11/2506
f 2473/82/2507 2472/78/2507 2478/9/2507
f 2475/81/2509 2479/11/2509 2480/1/2509
f 2473/82/2510 2420/4/2510 2421/6/2510
f 2483/90/2512 2488/96/2512 2489/91/2512
f 2482/93/2513 2486/98/2513 2487/94/2513
f 2522/92/2514 2489/91/2514 2490/89/2514
f 2483/90/2515 2521/95/2515 2487/94/2515
f 2486/98/2517 2491/104/2517 2492/99/2517
f 2490/89/2518 2489/91/2518 2494/100/2518
f 2487/94/2519 2492/99/2519 2493/102/2519
f 2488/96/2522 2493/102/2522 2494/100/2522
f 2494/100/2523 2499/111/2523 2500/106/2523
f 2492/99/2524 2497/112/2524 2498/107/2524
f 2493/102/2527 2498/107/2527 2499/111/2527
f 2492/99/2528 2491/104/2528 2496/109/2528
f 2500/106/2529 2499/111/2529 2504/113/2529
f 2498/107/2530 2497/112/2530 2502/115/2530
f 2498/107/2533 2503/116/2533 2504/113/2533
f 2497/112/2534 2496/109/2534 2501/118/2534
f 2504/113/2535 2509/125/2535 2510/120/2535
f 2502/115/2536 2507/126/2536 2508/121/2536
f 2503/116/2539 2508/121/2539 2509/125/2539
f 2502/115/2540 2501/118/2540 2506/123/2540
f 2510/120/2541 2509/125/2541 2514/127/2541
f 2507/126/2542 2512/133/2542 2513/129/2542
f 2508/121/2545 2513/129/2545 2514/127/2545
f 2506/123/2546 2511/131/2546 2512/133/2546
f 2512/134/2547 2517/145/2547 2518/135/2547
f 2513/136/2550 2518/135/2550 2519/143/2550
f 2511/137/2551 2516/139/2551 2517/145/2551
f 2515/141/2552 2514/144/2552 2519/143/2552
f 2518/135/2555 2483/90/2555 2522/92/2555
f 2516/139/2556 2482/93/2556 2521/95/2556
f 2519/143/2557 2522/92/2557 2484/88/2557
f 2517/145/2558 2521/95/2558 2483/90/2558
f 2526/88/2514 2564/92/2514 2531/91/2514
f 2563/95/2515 2529/94/2515 2530/96/2515
f 2525/90/2512 2530/96/2512 2531/91/2512
f 2563/95/2513 2524/93/2513 2528/98/2513
f 2532/89/2518 2531/91/2518 2536/100/2518
f 2529/94/2519 2534/99/2519 2535/102/2519
f 2530/96/2522 2535/102/2522 2536/100/2522
f 2528/98/2517 2533/104/2517 2534/99/2517
f 2534/99/2524 2539/112/2524 2540/107/2524
f 2536/100/2527 2535/102/2527 2540/107/2527
f 2534/99/2528 2533/104/2528 2538/109/2528
f 2536/100/2523 2541/111/2523 2542/106/2523
f 2540/107/2533 2545/116/2533 2546/113/2533
f 2539/112/2534 2538/109/2534 2543/118/2534
f 2541/111/2529 2546/113/2529 2547/114/2529
f 2539/112/2530 2544/115/2530 2545/116/2530
f 2545/116/2539 2550/121/2539 2551/125/2539
f 2543/118/2540 2548/123/2540 2549/126/2540
f 2547/114/2535 2546/113/2535 2551/125/2535
f 2544/115/2536 2549/126/2536 2550/121/2536
f 2550/121/2545 2555/129/2545 2556/127/2545
f 2548/123/2546 2553/131/2546 2554/133/2546
f 2552/120/2541 2551/125/2541 2556/127/2541
f 2550/121/2542 2549/126/2542 2554/133/2542
f 2555/136/2550 2560/135/2550 2561/143/2550
f 2554/134/2551 2553/137/2551 2558/139/2551
f 2556/144/2552 2561/143/2552 2562/142/2552
f 2554/134/2547 2559/145/2547 2560/135/2547
f 2560/135/2555 2525/90/2555 2564/92/2555
f 2558/139/2556 2524/93/2556 2563/95/2556
f 2561/143/2557 2564/92/2557 2526/88/2557
f 2560/135/2558 2559/145/2558 2563/95/2558
f 2567/90/2515 2605/95/2515 2571/94/2515
f 2567/90/2512 2572/96/2512 2573/91/2512
f 2605/95/2513 2566/93/2513 2570/98/2513
f 2606/92/2514 2573/91/2514 2574/89/2514
f 2573/91/2522 2572/96/2522 2577/102/2522
f 2570/98/2517 2575/104/2517 2576/99/2517
f 2573/91/2518 2578/100/2518 2579/101/2518
f 2571/94/2519 2576/99/2519 2577/102/2519
f 2577/102/2527 2582/107/2527 2583/111/2527
f 2575/104/2528 2580/109/2528 2581/112/2528
f 2579/101/2523 2578/100/2523 2583/111/2523
f 2576/99/2524 2581/112/2524 2582/107/2524
f 2582/107/2533 2587/116/2533 2588/113/2533
f 2581/112/2534 2580/109/2534 2585/118/2534
f 2584/106/2529 2583/111/2529 2588/113/2529
f 2581/112/2530 2586/115/2530 2587/116/2530
f 2585/118/2540 2590/123/2540 2591/126/2540
f 2588/113/2535 2593/125/2535 2594/120/2535
f 2586/115/2536 2591/126/2536 2592/121/2536
f 2588/113/2539 2587/116/2539 2592/121/2539
f 2593/125/2541 2598/127/2541 2599/128/2541
f 2592/121/2542 2591/126/2542 2596/133/2542
f 2593/125/2545 2592/121/2545 2597/129/2545
f 2591/126/2546 2590/123/2546 2595/131/2546
f 2598/144/2552 2603/143/2552 2604/142/2552
f 2597/136/2547 2596/134/2547 2601/145/2547
f 2597/136/2550 2602/135/2550 2603/143/2550
f 2595/137/2551 2600/139/2551 2601/145/2551
f 2603/143/2557 2606/92/2557 2568/88/2557
f 2602/135/2558 2601/145/2558 2605/95/2558
f 2602/135/2555 2567/90/2555 2606/92/2555
f 2600/139/2556 2566/93/2556 2605/95/2556
f 2609/90/2512 2614/96/2512 2615/91/2512
f 2647/95/2513 2608/93/2513 2612/98/2513
f 2610/88/2514 2648/92/2514 2615/91/2514
f 2647/95/2515 2613/94/2515 2614/96/2515
f 2616/89/2518 2615/91/2518 2620/100/2518
f 2613/94/2519 2618/99/2519 2619/102/2519
f 2614/96/2522 2619/102/2522 2620/100/2522
f 2613/94/2517 2612/98/2517 2617/104/2517
f 2621/101/2523 2620/100/2523 2625/111/2523
f 2619/102/2524 2618/99/2524 2623/112/2524
f 2619/102/2527 2624/107/2527 2625/111/2527
f 2617/104/2528 2622/109/2528 2623/112/2528
f 2626/106/2529 2625/111/2529 2630/113/2529
f 2623/112/2530 2628/115/2530 2629/116/2530
f 2625/111/2533 2624/107/2533 2629/116/2533
f 2622/109/2534 2627/118/2534 2628/115/2534
f 2630/113/2535 2635/125/2535 2636/120/2535
f 2628/115/2536 2633/126/2536 2634/121/2536
f 2629/116/2539 2634/121/2539 2635/125/2539
f 2628/115/2540 2627/118/2540 2632/123/2540
f 2633/126/2542 2638/133/2542 2639/129/2542
f 2635/125/2545 2634/121/2545 2639/129/2545
f 2633/126/2546 2632/123/2546 2637/131/2546
f 2635/125/2541 2640/127/2541 2641/128/2541
f 2639/136/2550 2644/135/2550 2645/143/2550
f 2637/137/2551 2642/139/2551 2643/145/2551
f 2640/144/2552 2645/143/2552 2646/142/2552
f 2639/136/2547 2638/134/2547 2643/145/2547
f 2644/135/2555 2609/90/2555 2648/92/2555
f 2642/139/2556 2608/93/2556 2647/95/2556
f 2646/142/2557 2645/143/2557 2648/92/2557
f 2643/145/2558 2647/95/2558 2609/90/2558
f 2690/92/2514 2657/91/2514 2658/89/2514
f 2689/95/2515 2655/94/2515 2656/96/2515
f 2651/90/2512 2656/96/2512 2657/91/2512
f 2689/95/2513 2650/93/2513 2654/98/2513
f 2655/94/2519 2660/99/2519 2661/102/2519
f 2656/96/2522 2661/102/2522 2662/100/2522
f 2654/98/2517 2659/104/2517 2660/99/2517
f 2658/89/2518 2657/91/2518 2662/100/2518
f 2661/102/2527 2666/107/2527 2667/111/2527
f 2660/99/2528 2659/104/2528 2664/109/2528
f 2662/100/2523 2667/111/2523 2668/106/2523
f 2660/99/2524 2665/112/2524 2666/107/2524
f 2666/107/2533 2671/116/2533 2672/113/2533
f 2664/109/2534 2669/118/2534 2670/115/2534
f 2668/106/2529 2667/111/2529 2672/113/2529
f 2665/112/2530 2670/115/2530 2671/116/2530
f 2671/116/2539 2676/121/2539 2677/125/2539
f 2669/118/2540 2674/123/2540 2675/126/2540
f 2673/114/2535 2672/113/2535 2677/125/2535
f 2671/116/2536 2670/115/2536 2675/126/2536
f 2676/121/2545 2681/129/2545 2682/127/2545
f 2674/123/2546 2679/131/2546 2680/133/2546
f 2678/120/2541 2677/125/2541 2682/127/2541
f 2675/126/2542 2680/133/2542 2681/129/2542
f 2681/136/2550 2686/135/2550 2687/143/2550
f 2680/134/2551 2679/137/2551 2684/139/2551
f 2682/144/2552 2687/143/2552 2688/142/2552
f 2681/136/2547 2680/134/2547 2685/145/2547
f 2684/139/2556 2650/93/2556 2689/95/2556
f 2688/142/2557 2687/143/2557 2690/92/2557
f 2685/145/2558 2689/95/2558 2651/90/2558
f 2686/135/2555 2651/90/2555 2690/92/2555
f 2693/90/2512 2698/96/2512 2699/91/2512
f 2692/93/2513 2696/98/2513 2697/94/2513
f 2694/88/2514 2732/92/2514 2699/91/2514
f 2731/95/2515 2697/94/2515 2698/96/2515
f 2698/96/2522 2703/102/2522 2704/100/2522
f 2697/94/2517 2696/98/2517 2701/104/2517
f 2699/91/2518 2704/100/2518 2705/101/2518
f 2697/94/2519 2702/99/2519 2703/102/2519
f 2703/102/2527 2708/107/2527 2709/111/2527
f 2701/104/2528 2706/109/2528 2707/112/2528
f 2705/101/2523 2704/100/2523 2709/111/2523
f 2703/102/2524 2702/99/2524 2707/112/2524
f 2707/112/2534 2706/109/2534 2711/118/2534
f 2710/106/2529 2709/111/2529 2714/113/2529
f 2707/112/2530 2712/115/2530 2713/116/2530
f 2709/111/2533 2708/107/2533 2713/116/2533
f 2714/113/2535 2719/125/2535 2720/120/2535
f 2712/115/2536 2717/126/2536 2718/121/2536
f 2713/116/2539 2718/121/2539 2719/125/2539
f 2711/118/2540 2716/123/2540 2717/126/2540
f 2719/125/2541 2724/127/2541 2725/128/2541
f 2717/126/2542 2722/133/2542 2723/129/2542
f 2719/125/2545 2718/121/2545 2723/129/2545
f 2717/126/2546 2716/123/2546 2721/131/2546
f 2724/144/2552 2729/143/2552 2730/142/2552
f 2722/134/2547 2727/145/2547 2728/135/2547
f 2723/136/2550 2728/135/2550 2729/143/2550
f 2721/137/2551 2726/139/2551 2727/145/2551
f 2730/142/2557 2729/143/2557 2732/92/2557
f 2727/145/2558 2731/95/2558 2693/90/2558
f 2728/135/2555 2693/90/2555 2732/92/2555
f 2726/139/2556 2692/93/2556 2731/95/2556
f 2735/90/2512 2740/96/2512 2741/91/2512
f 2734/93/2513 2738/98/2513 2739/94/2513
f 2774/92/2514 2741/91/2514 2742/89/2514
f 2773/95/2515 2739/94/2515 2740/96/2515
f 2742/89/2518 2741/91/2518 2746/100/2518
f 2740/96/2519 2739/94/2519 2744/99/2519
f 2740/96/2522 2745/102/2522 2746/100/2522
f 2738/98/2517 2743/104/2517 2744/99/2517
f 2747/101/2523 2746/100/2523 2751/111/2523
f 2744/99/2524 2749/112/2524 2750/107/2524
f 2746/100/2527 2745/102/2527 2750/107/2527
f 2743/104/2528 2748/109/2528 2749/112/2528
f 2751/111/2529 2756/113/2529 2757/114/2529
f 2749/112/2530 2754/115/2530 2755/116/2530
f 2751/111/2533 2750/107/2533 2755/116/2533
f 2749/112/2534 2748/109/2534 2753/118/2534
f 2755/116/2536 2754/115/2536 2759/126/2536
f 2755/116/2539 2760/121/2539 2761/125/2539
f 2754/115/2540 2753/118/2540 2758/123/2540
f 2756/113/2535 2761/125/2535 2762/120/2535
f 2760/121/2545 2765/129/2545 2766/127/2545
f 2758/123/2546 2763/131/2546 2764/133/2546
f 2761/125/2541 2766/127/2541 2767/128/2541
f 2760/121/2542 2759/126/2542 2764/133/2542
f 2765/136/2550 2770/135/2550 2771/143/2550
f 2764/134/2551 2763/137/2551 2768/139/2551
f 2766/144/2552 2771/143/2552 2772/142/2552
f 2764/134/2547 2769/145/2547 2770/135/2547
f 2770/135/2555 2735/90/2555 2774/92/2555
f 2769/145/2556 2768/139/2556 2734/93/2556
f 2771/143/2557 2774/92/2557 2736/88/2557
f 2769/145/2558 2773/95/2558 2735/90/2558
f 2816/92/2514 2783/91/2514 2784/89/2514
f 2777/90/2515 2815/95/2515 2781/94/2515
f 2777/90/2512 2782/96/2512 2783/91/2512
f 2815/95/2513 2776/93/2513 2780/98/2513
f 2782/96/2522 2787/102/2522 2788/100/2522
f 2780/98/2517 2785/104/2517 2786/99/2517
f 2783/91/2518 2788/100/2518 2789/101/2518
f 2781/94/2519 2786/99/2519 2787/102/2519
f 2787/102/2527 2792/107/2527 2793/111/2527
f 2785/104/2528 2790/109/2528 2791/112/2528
f 2788/100/2523 2793/111/2523 2794/106/2523
f 2786/99/2524 2791/112/2524 2792/107/2524
f 2792/107/2533 2797/116/2533 2798/113/2533
f 2790/109/2534 2795/118/2534 2796/115/2534
f 2794/106/2529 2793/111/2529 2798/113/2529
f 2792/107/2530 2791/112/2530 2796/115/2530
f 2797/116/2539 2802/121/2539 2803/125/2539
f 2795/118/2540 2800/123/2540 2801/126/2540
f 2798/113/2535 2803/125/2535 2804/120/2535
f 2796/115/2536 2801/126/2536 2802/121/2536
f 2802/121/2545 2807/129/2545 2808/127/2545
f 2800/123/2546 2805/131/2546 2806/133/2546
f 2803/125/2541 2808/127/2541 2809/128/2541
f 2801/126/2542 2806/133/2542 2807/129/2542
f 2805/137/2551 2810/139/2551 2811/145/2551
f 2809/141/2552 2808/144/2552 2813/143/2552
f 2806/134/2547 2811/145/2547 2812/135/2547
f 2807/136/2550 2812/135/2550 2813/143/2550
f 2814/142/2557 2813/143/2557 2816/92/2557
f 2812/135/2558 2811/145/2558 2815/95/2558
f 2812/135/2555 2777/90/2555 2816/92/2555
f 2810/139/2556 2776/93/2556 2815/95/2556
